date,capacity,turnover,high,low,close,change,transaction_volume,stock_code_id,open
2015-01-05,4276157,133303449,31.35,30.9,31.35,-0.05,2145,1402,31.2
2015-01-06,9041109,277523915,31.1,30.45,30.45,-0.9,4521,1402,31.1
2015-01-07,4344746,133229361,30.9,30.45,30.6,0.15,1911,1402,30.45
2015-01-08,4567582,141126610,31.05,30.7,30.8,0.2,1442,1402,30.9
2015-01-09,3294414,102317944,31.2,30.95,31.0,0.2,1762,1402,31.0
2015-01-12,3084128,95929918,31.4,30.85,31.0,0.0,1199,1402,30.95
2015-01-13,5869772,184185280,31.5,31.1,31.5,0.5,2673,1402,31.1
2015-01-14,4624169,143909141,31.5,31.0,31.1,-0.4,2059,1402,31.0
2015-01-15,3877039,120512009,31.25,30.8,31.1,0.0,1714,1402,31.15
2015-01-16,3482425,107619981,31.15,30.7,30.9,-0.2,1631,1402,31.1
2015-01-19,3568808,111374171,31.3,30.95,31.25,0.35,1573,1402,30.95
2015-01-20,2882710,90158517,31.35,31.15,31.25,0.0,1098,1402,31.25
2015-01-21,3392215,106298411,31.45,31.25,31.45,0.2,1796,1402,31.3
2015-01-22,7423363,235381255,31.9,31.5,31.9,0.45,3066,1402,31.55
2015-01-23,6055951,193369264,32.0,31.85,31.95,0.05,2526,1402,31.9
2015-01-26,2993085,94837512,31.9,31.6,31.7,-0.25,1383,1402,31.9
2015-01-27,3131237,99520768,31.95,31.65,31.95,0.25,1716,1402,31.75
2015-01-28,2525398,80537310,32.0,31.75,32.0,0.05,1334,1402,31.85
2015-01-29,2687759,85318085,31.9,31.65,31.8,-0.2,1187,1402,31.9
2015-01-30,3776353,119918078,31.85,31.65,31.8,0.0,1630,1402,31.85
2015-02-02,1811731,57566043,31.9,31.65,31.75,-0.05,947,1402,31.8
2015-02-03,2550989,81002776,31.8,31.65,31.75,0.0,1754,1402,31.8
2015-02-04,13655504,443411952,32.95,31.85,32.7,0.95,5064,1402,31.85
2015-02-05,13990523,459974466,33.3,32.65,32.8,0.1,4380,1402,32.75
2015-02-06,7302547,236910790,32.8,32.3,32.35,-0.45,2153,1402,32.8
2015-02-09,4629312,148637084,32.5,32.0,32.05,-0.3,1748,1402,32.35
2015-02-10,5273280,169619708,32.45,32.0,32.1,0.05,1543,1402,32.3
2015-02-11,6228818,198528906,32.1,31.7,31.7,-0.4,2508,1402,32.0
2015-02-12,2336050,74520625,32.0,31.65,32.0,0.3,1050,1402,31.7
2015-02-13,7521423,243347109,32.6,32.1,32.5,0.5,2675,1402,32.15
2015-02-24,4635987,150718558,32.75,32.25,32.55,0.05,2345,1402,32.6
2015-02-25,6321057,205874074,32.8,32.4,32.8,0.25,2070,1402,32.6
2015-02-26,6249714,203235488,32.75,32.45,32.6,-0.2,1905,1402,32.75
2015-03-02,5579350,179989411,32.75,32.05,32.3,-0.3,2573,1402,32.7
2015-03-03,5296015,170953166,32.5,32.05,32.45,0.15,1748,1402,32.4
2015-03-04,4266614,139213662,32.7,32.45,32.7,0.25,1527,1402,32.55
2015-03-05,3909707,126938817,32.7,32.3,32.5,-0.2,1923,1402,32.7
2015-03-06,6030654,196563195,32.75,32.35,32.75,0.25,1750,1402,32.5
2015-03-09,3556332,115414945,32.6,32.3,32.45,-0.3,1524,1402,32.6
2015-03-10,4292164,138034047,32.5,32.1,32.1,-0.35,1737,1402,32.5
2015-03-11,3355625,106713710,31.9,31.75,31.75,-0.35,1872,1402,31.9
2015-03-12,2180544,69316729,31.95,31.6,31.95,0.2,1158,1402,31.75
2015-03-13,13827684,437904109,32.0,31.65,31.65,-0.3,978,1402,32.0
2015-03-16,3523264,111753042,31.95,31.6,31.6,-0.05,1186,1402,31.7
2015-03-17,2351772,75018623,32.1,31.75,31.8,0.2,1024,1402,31.85
2015-03-18,3773644,120640558,32.1,31.75,32.1,0.3,1835,1402,31.8
2015-03-19,4125313,133359378,32.45,32.1,32.45,0.35,1876,1402,32.2
2015-03-20,5399164,172789962,32.2,31.8,32.05,-0.4,1374,1402,32.2
2015-03-23,1884922,60581782,32.25,31.9,32.25,0.2,851,1402,32.05
2015-03-24,2335768,74751226,32.2,31.85,32.1,-0.15,1124,1402,32.15
2015-03-25,2726949,86915718,32.0,31.75,32.0,-0.1,1054,1402,32.0
2015-03-26,3029241,96944412,32.1,31.7,32.1,0.1,1127,1402,31.9
2015-03-27,3042155,97056655,32.15,31.75,31.75,-0.35,1086,1402,32.05
2015-03-30,2176818,69621240,32.15,31.65,32.0,0.25,1253,1402,31.95
2015-03-31,4123351,132730206,32.3,31.9,32.3,0.3,1884,1402,32.1
2015-04-01,2253604,71893428,32.2,31.8,31.8,-0.5,1252,1402,32.2
2015-04-02,3555961,113974638,32.2,31.8,31.95,0.15,1573,1402,31.8
2015-04-07,6870879,221549622,32.35,31.95,32.3,0.35,1765,1402,32.2
2015-04-08,8825331,286478918,32.55,32.15,32.4,0.1,2915,1402,32.4
2015-04-09,10647880,347435664,32.9,32.3,32.7,0.3,2505,1402,32.4
2015-04-10,4251068,137968486,32.8,32.3,32.45,-0.25,1500,1402,32.8
2015-04-13,2785811,90031671,32.45,32.2,32.4,-0.05,1505,1402,32.3
2015-04-14,2922771,93937732,32.25,32.05,32.1,-0.3,1218,1402,32.2
2015-04-15,9214559,292565302,32.1,31.55,31.55,-0.55,3001,1402,32.05
2015-04-16,5790017,186414962,32.45,31.6,32.45,0.9,1873,1402,31.6
2015-04-17,4152944,134055241,32.4,32.05,32.05,-0.4,1422,1402,32.4
2015-04-20,4853604,154287813,32.0,31.65,31.75,-0.3,1980,1402,31.95
2015-04-21,4385785,140355244,32.05,31.75,32.0,0.25,1596,1402,31.75
2015-04-22,5536134,177350506,32.15,31.8,32.1,0.1,1603,1402,32.0
2015-04-23,16468581,535268209,32.7,32.1,32.5,0.4,4415,1402,32.15
2015-04-24,30528275,1006660278,33.2,32.5,33.0,0.5,6610,1402,32.55
2015-04-27,16775480,554728608,33.45,32.8,33.2,0.2,5803,1402,33.0
2015-04-28,11240736,375890763,33.7,33.0,33.45,0.25,4067,1402,33.2
2015-04-29,11912539,401688976,33.95,33.4,33.7,0.25,4204,1402,33.45
2015-04-30,10790441,363782712,33.85,33.5,33.7,0.0,2214,1402,33.8
2015-05-04,4967143,165933969,33.75,33.2,33.3,-0.4,1872,1402,33.7
2015-05-05,6871955,227947734,33.4,32.95,33.2,-0.1,2163,1402,33.25
2015-05-06,5165131,171601374,33.4,33.0,33.3,0.1,2007,1402,33.1
2015-05-07,8550021,287867824,34.0,33.1,33.7,0.4,2768,1402,33.2
2015-05-08,6818329,230514744,33.95,33.6,33.8,0.1,2173,1402,33.7
2015-05-11,5412098,182929183,34.0,33.7,33.85,0.05,1628,1402,33.8
2015-05-12,4001077,135502276,34.0,33.75,33.85,0.0,1807,1402,33.85
2015-05-13,3928736,133135919,33.95,33.75,33.9,0.05,1661,1402,33.85
2015-05-14,7519019,250539363,33.9,33.0,33.3,-0.6,2663,1402,33.9
2015-05-15,8331672,274646594,33.5,32.6,32.85,-0.45,2351,1402,33.3
2015-05-18,12201376,416536678,34.65,33.1,34.45,1.6,3958,1402,33.15
2015-05-19,11338762,393225994,34.95,34.3,34.45,0.0,3465,1402,34.5
2015-05-20,4796801,163706737,34.4,33.95,34.0,-0.45,2508,1402,34.2
2015-05-21,6021575,200323053,33.7,32.8,33.4,-0.6,3062,1402,33.7
2015-05-22,4673391,158140756,34.0,33.15,34.0,0.6,1990,1402,33.45
2015-05-25,3438309,116436151,34.0,33.55,34.0,0.0,1582,1402,34.0
2015-05-26,4034069,135507387,34.3,33.3,33.55,-0.45,1924,1402,34.2
2015-05-27,2654950,89774036,33.95,33.3,33.95,0.4,1242,1402,33.55
2015-05-28,7671307,259846901,34.2,33.5,33.75,-0.2,3371,1402,34.0
2015-05-29,5873396,198414518,34.0,33.55,33.85,0.1,1690,1402,33.9
2015-06-01,4330964,143565640,33.8,33.0,33.1,-0.75,2364,1402,33.55
2015-06-02,3923389,129748987,33.25,32.7,33.1,0.0,2008,1402,33.1
2015-06-03,4648635,153874870,33.3,32.8,32.8,-0.3,2125,1402,33.1
2015-06-04,8399502,274962253,33.3,32.3,32.65,-0.15,4013,1402,33.0
2015-06-05,6331370,205958998,33.2,32.2,32.75,0.1,3184,1402,32.6
2015-06-08,6534596,212368335,33.2,32.1,32.3,-0.45,2778,1402,32.65
2015-06-09,4318581,139872151,32.65,32.2,32.4,0.1,1970,1402,32.3
2015-06-10,4573840,148577146,32.7,32.15,32.55,0.15,2516,1402,32.4
2015-06-11,5881972,188947930,32.55,31.8,31.95,-0.6,2897,1402,32.55
2015-06-12,3539844,113304508,32.1,31.8,32.05,0.1,1634,1402,31.8
2015-06-15,4820934,153915608,32.1,31.6,32.1,0.05,2407,1402,31.85
2015-06-16,4521980,144050800,32.15,31.7,31.8,-0.3,1614,1402,32.15
2015-06-17,7106650,225845967,32.1,31.5,31.5,-0.3,3215,1402,31.95
2015-06-18,6549741,206076634,31.7,31.25,31.4,-0.1,2445,1402,31.5
2015-06-22,4677927,150378314,32.4,31.65,32.15,0.75,2131,1402,31.8
2015-06-23,5987182,191201650,32.1,31.7,31.7,-0.45,2246,1402,32.0
2015-06-24,2675361,85851677,32.2,31.7,32.2,0.5,1228,1402,31.95
2015-06-25,6183244,200509513,32.65,31.8,32.65,0.45,2601,1402,31.8
2015-06-26,3171264,103478184,32.75,32.25,32.75,0.1,1965,1402,32.65
2015-06-29,4815219,156405484,32.9,32.2,32.4,-0.35,2165,1402,32.9
2015-06-30,6885802,223677137,32.7,32.2,32.7,0.3,2801,1402,32.4
2015-07-01,3176228,103282851,32.7,32.3,32.5,-0.2,2035,1402,32.7
2015-07-02,3442841,112898590,32.9,32.6,32.85,0.35,1684,1402,32.65
2015-07-03,5401957,173955273,32.65,31.75,32.6,-0.25,2415,1402,32.5
2015-07-06,3729354,121954494,32.95,32.4,32.8,0.2,1807,1402,32.5
2015-07-07,4438214,145581669,33.0,32.6,32.7,-0.1,1978,1402,32.9
2015-07-08,6877352,220247682,32.3,31.8,31.95,-0.75,2786,1402,32.15
2015-07-09,5036787,160243451,32.15,31.4,31.95,0.0,2088,1402,31.8
2015-07-13,3402272,108242703,32.2,31.45,32.0,0.05,1864,1402,31.95
2015-07-14,5137916,165886562,32.55,32.0,32.0,0.0,2600,1402,32.25
2015-07-15,2688854,85871475,32.25,31.75,31.85,-0.15,1329,1402,32.15
2015-07-16,2606939,83118295,32.45,31.65,31.95,0.1,2016,1402,32.45
2015-07-17,2542122,80863331,32.1,31.7,32.0,0.05,1543,1402,31.8
2015-07-20,1814526,57978710,32.3,31.75,31.85,-0.15,1104,1402,32.3
2015-07-21,1964463,62956327,32.2,31.8,32.2,0.35,1089,1402,32.0
2015-07-22,3894644,125734509,32.4,31.9,32.4,0.2,2560,1402,32.0
2015-07-23,2697080,86601010,32.4,31.9,32.0,-0.4,1568,1402,32.3
2015-07-24,2674224,85326016,32.05,31.8,31.95,-0.05,1513,1402,31.9
2015-07-27,4638533,146440828,31.95,31.2,31.75,-0.2,2219,1402,31.9
2015-07-28,6422365,206017086,32.55,31.9,31.9,0.15,3154,1402,32.55
2015-07-29,7706430,244119626,31.9,31.45,31.5,-0.4,3035,1402,31.9
2015-07-30,5654545,169554643,30.15,29.75,30.0,0.0,2526,1402,29.9
2015-07-31,6857523,203864140,29.95,29.55,29.8,-0.2,2709,1402,29.9
2015-08-03,4061844,121639181,30.3,29.55,30.1,0.3,1760,1402,29.7
2015-08-04,4361270,132237890,30.5,30.15,30.5,0.4,2025,1402,30.35
2015-08-05,3572239,109359884,31.0,30.15,30.75,0.25,1520,1402,30.15
2015-08-06,2892211,88575546,30.75,30.5,30.65,-0.1,1466,1402,30.7
2015-08-07,3884844,117296291,30.65,30.05,30.1,-0.55,1651,1402,30.4
2015-08-10,1490551,44923110,30.35,30.0,30.1,0.0,773,1402,30.0
2015-08-11,6579349,195459440,30.2,29.35,29.35,-0.75,3158,1402,30.1
2015-08-12,7506172,219804182,29.75,29.0,29.2,-0.15,2720,1402,29.5
2015-08-13,8415488,246682119,29.7,29.05,29.05,-0.15,3228,1402,29.35
2015-08-14,3951580,115470913,29.4,29.05,29.25,0.2,1498,1402,29.05
2015-08-17,3642393,106465940,29.45,29.0,29.0,-0.25,1402,1402,29.25
2015-08-18,4919821,142861138,29.2,28.95,29.05,0.05,2108,1402,29.05
2015-08-19,7099639,205155181,29.05,28.6,29.0,-0.05,2651,1402,29.05
2015-08-20,5907683,169709810,29.0,28.5,28.5,-0.5,2392,1402,29.0
2015-08-21,8083331,226009068,28.4,27.6,27.6,-0.9,3651,1402,28.2
2015-08-24,9663921,253804892,27.5,25.5,25.65,-1.95,3807,1402,27.0
2015-08-25,6503233,175000931,27.5,25.95,27.25,1.6,2788,1402,26.0
2015-08-26,5915595,161023779,28.0,26.2,27.6,0.35,2043,1402,27.0
2015-08-27,7255863,201482990,28.25,27.25,27.9,0.3,3566,1402,27.6
2015-08-28,5386782,151880531,28.4,28.0,28.25,0.35,2145,1402,28.2
2015-08-31,8583425,245891518,29.5,28.05,29.5,1.25,2928,1402,28.3
2015-09-01,6107582,174439134,29.2,28.25,28.25,-1.25,2852,1402,29.0
2015-09-02,8704135,241867530,28.2,27.55,27.65,-0.6,3618,1402,27.9
2015-09-03,4452037,124538229,28.35,27.65,28.35,0.7,1998,1402,27.8
2015-09-04,6923876,196973265,28.9,28.15,28.3,-0.05,2743,1402,28.4
2015-09-07,3970325,112844133,28.7,28.05,28.3,0.0,1627,1402,28.05
2015-09-08,5762360,163941826,28.7,28.3,28.4,0.1,2372,1402,28.5
2015-09-09,10721009,311645051,29.4,28.8,29.25,0.85,4443,1402,28.8
2015-09-10,9248073,273402701,30.05,29.15,29.75,0.5,3762,1402,29.3
2015-09-11,7087367,211822161,30.15,29.6,30.05,0.3,3315,1402,29.65
2015-09-14,5550512,165843960,30.2,29.65,29.75,-0.3,3261,1402,30.15
2015-09-15,8022194,241390126,30.5,29.9,30.5,0.75,3236,1402,30.0
2015-09-16,7605760,226639000,30.5,29.5,29.7,-0.8,3735,1402,30.5
2015-09-17,6859674,206184193,30.2,29.9,30.15,0.45,3301,1402,30.0
2015-09-18,10185292,303249728,30.2,29.5,29.5,-0.65,3068,1402,30.15
2015-09-21,4856147,143501427,29.85,29.35,29.85,0.35,2567,1402,29.5
2015-09-22,2389660,71431267,30.1,29.7,29.9,0.05,1617,1402,29.85
2015-09-23,4354100,129418329,29.9,29.6,29.75,-0.15,2630,1402,29.6
2015-09-24,3549858,104275272,29.9,29.15,29.15,-0.6,2144,1402,29.9
2015-09-25,4553949,132863029,29.5,28.85,29.4,0.25,2196,1402,29.45
2015-09-30,9703188,281471955,29.3,28.65,29.3,-0.1,4100,1402,28.8
2015-10-01,5047258,148481851,29.65,29.0,29.45,0.15,2297,1402,29.35
2015-10-02,4543304,134768464,29.8,29.45,29.7,0.25,2326,1402,29.6
2015-10-05,3274369,97141560,29.9,29.5,29.7,0.0,1564,1402,29.9
2015-10-06,5703171,171198551,30.3,29.75,29.95,0.25,2983,1402,29.85
2015-10-07,7194870,217280831,30.45,29.8,30.45,0.5,3245,1402,30.0
2015-10-08,6648720,199943515,30.5,29.9,30.0,-0.45,2743,1402,30.5
2015-10-12,6398558,194149354,30.65,29.9,30.65,0.65,3029,1402,29.95
2015-10-13,5028131,152128455,30.6,30.05,30.35,-0.3,2208,1402,30.6
2015-10-14,3543678,106829716,30.3,30.0,30.15,-0.2,1655,1402,30.3
2015-10-15,4954606,150672894,30.55,30.25,30.45,0.3,2971,1402,30.4
2015-10-16,6890097,207276753,30.5,30.0,30.0,-0.45,2303,1402,30.5
2015-10-19,4055505,122193100,30.4,30.0,30.0,0.0,1591,1402,30.3
2015-10-20,5950318,179040925,30.35,30.0,30.15,0.15,2555,1402,30.25
2015-10-21,5977087,179265722,30.3,29.8,29.9,-0.25,2205,1402,30.25
2015-10-22,3661428,110268903,30.25,29.9,30.05,0.15,1437,1402,29.9
2015-10-23,3739258,113058888,30.45,30.05,30.05,0.0,1812,1402,30.35
2015-10-26,5768307,175103055,30.45,30.2,30.4,0.35,2474,1402,30.35
2015-10-27,3958512,120103158,30.5,30.05,30.5,0.1,1461,1402,30.45
2015-10-28,4579667,138661946,30.5,30.15,30.3,-0.2,2002,1402,30.5
2015-10-29,3967278,118897499,30.3,29.9,29.9,-0.4,1949,1402,30.3
2015-10-30,7091857,210359681,30.1,29.35,29.6,-0.3,2536,1402,29.35
2015-11-02,3358339,100563091,30.1,29.5,30.1,0.5,1249,1402,29.6
2015-11-03,4035193,121545097,30.25,30.0,30.2,0.1,1875,1402,30.2
2015-11-04,6547656,199387131,30.55,30.1,30.55,0.35,2715,1402,30.3
2015-11-05,4253194,128559036,30.55,30.1,30.35,-0.2,2023,1402,30.55
2015-11-06,7253419,215426769,30.35,29.5,29.7,-0.65,2366,1402,30.3
2015-11-09,4262400,125458861,29.65,29.35,29.35,-0.35,1635,1402,29.6
2015-11-10,5647501,164405415,29.45,29.0,29.0,-0.35,2197,1402,29.2
2015-11-11,7425516,213213743,29.15,28.45,28.45,-0.55,2852,1402,29.0
2015-11-12,3819636,109014650,28.65,28.4,28.5,0.05,1748,1402,28.45
2015-11-13,7660590,215665928,28.5,27.9,28.1,-0.4,2783,1402,28.35
2015-11-16,5501503,152474066,27.95,27.55,27.7,-0.4,2849,1402,27.8
2015-11-17,8810005,244525871,28.0,27.65,27.65,-0.05,3191,1402,27.85
2015-11-18,9955269,270646393,27.7,26.8,27.1,-0.55,4598,1402,27.7
2015-11-19,8584572,231103200,27.3,26.75,27.2,0.1,3496,1402,27.1
2015-11-20,8128191,218358436,27.15,26.7,26.7,-0.5,3907,1402,27.15
2015-11-23,6606388,175613093,26.95,26.5,26.5,-0.2,2740,1402,26.85
2015-11-24,8406657,221063652,26.75,26.1,26.2,-0.3,2897,1402,26.5
2015-11-25,8978183,233862873,26.35,25.9,26.0,-0.2,3214,1402,26.3
2015-11-26,16019802,425540960,26.8,26.3,26.8,0.8,4731,1402,26.4
2015-11-27,10044801,266524049,27.1,26.3,26.5,-0.3,3355,1402,27.0
2015-11-30,16770943,439868870,26.4,25.9,26.4,-0.1,3471,1402,26.1
2015-12-01,11344493,299977001,26.7,26.25,26.4,0.0,2786,1402,26.3
2015-12-02,10894618,287267548,26.65,26.25,26.3,-0.1,4021,1402,26.6
2015-12-03,7273842,191420416,26.5,26.05,26.3,0.0,2185,1402,26.1
2015-12-04,6723887,176074294,26.3,26.05,26.05,-0.25,3160,1402,26.1
2015-12-07,9117284,239422057,26.65,26.05,26.2,0.15,3661,1402,26.1
2015-12-08,7884991,205010053,26.25,25.85,25.9,-0.3,3457,1402,26.1
2015-12-09,8046237,207669372,25.95,25.6,25.8,-0.1,2618,1402,25.85
2015-12-10,7420866,188707863,25.6,25.25,25.4,-0.4,2653,1402,25.6
2015-12-11,14863956,372927978,25.45,24.9,25.0,-0.4,3925,1402,25.15
2015-12-14,8054311,197758899,24.9,24.25,24.65,-0.35,3286,1402,24.8
2015-12-15,8754417,218372106,25.5,24.5,25.35,0.7,4020,1402,24.65
2015-12-16,4506157,115558971,25.9,25.35,25.6,0.25,2208,1402,25.6
2015-12-17,2760254,70848939,25.75,25.55,25.7,0.1,1279,1402,25.6
2015-12-18,5607511,142431923,25.8,25.25,25.25,-0.45,1086,1402,25.5
2015-12-21,4634652,117995931,25.75,25.1,25.65,0.4,1807,1402,25.1
2015-12-22,1930902,49304227,25.75,25.4,25.5,-0.15,857,1402,25.7
2015-12-23,3675323,94247291,25.9,25.45,25.7,0.2,1538,1402,25.5
2015-12-24,2064812,53857512,26.25,25.95,26.0,0.3,965,1402,26.0
2015-12-25,2495195,64512820,26.15,25.7,25.9,-0.1,1063,1402,26.0
2015-12-28,2870923,74629376,26.15,25.8,26.15,0.25,1224,1402,26.05
2015-12-29,2551963,66549976,26.3,26.0,26.1,-0.05,1165,1402,26.3
2015-12-30,3583490,92061679,26.2,25.55,25.6,-0.5,1640,1402,26.2
2015-12-31,3189496,81783113,25.8,25.4,25.75,0.15,975,1402,25.6
2016-01-04,7303119,182496569,25.7,24.65,25.0,-0.75,3575,1402,25.7
2016-01-05,8905302,224224597,25.6,24.75,25.0,0.0,4005,1402,25.0
2016-01-06,4927648,122999354,25.2,24.8,24.95,-0.05,2013,1402,25.0
2016-01-07,9266006,232667482,25.75,24.5,25.25,0.3,2711,1402,25.1
2016-01-08,6253747,155270096,25.15,24.6,25.0,-0.25,2835,1402,25.15
2016-01-11,8317646,205463950,25.0,24.45,24.85,-0.15,2559,1402,24.7
2016-01-12,3954820,97458389,24.95,24.5,24.7,-0.15,1939,1402,24.95
2016-01-13,3726546,91981371,24.8,24.55,24.8,0.1,1856,1402,24.75
2016-01-14,6535745,161105279,24.95,24.05,24.95,0.15,1862,1402,24.4
2016-01-15,9887342,243788631,24.85,24.4,24.8,-0.15,2762,1402,24.85
2016-01-18,8305027,202590706,24.65,24.2,24.5,-0.3,3203,1402,24.4
2016-01-19,4628614,112478238,24.5,24.15,24.3,-0.2,2029,1402,24.5
2016-01-20,5674222,136763614,24.35,23.95,24.1,-0.2,2635,1402,24.3
2016-01-21,5015519,119556156,24.25,23.65,23.65,-0.45,1693,1402,24.25
2016-01-22,5377230,126803420,23.85,23.4,23.55,-0.1,2211,1402,23.8
2016-01-25,6688381,157963563,23.8,23.5,23.65,0.1,3358,1402,23.65
2016-01-26,13598649,312849427,23.45,22.75,22.95,-0.7,5005,1402,23.4
2016-01-27,5228499,120203537,23.2,22.75,22.95,0.0,2211,1402,23.05
2016-01-28,6264803,145804217,23.4,22.95,23.2,0.25,2219,1402,22.95
2016-01-29,8289155,196281720,24.15,23.15,23.7,0.5,2273,1402,23.3
2016-01-30,2143491,51768495,24.35,23.9,24.25,0.55,879,1402,23.95
2016-02-01,3807148,92320074,24.4,24.05,24.3,0.05,1311,1402,24.35
2016-02-02,4099583,99798856,24.6,24.15,24.25,-0.05,1734,1402,24.3
2016-02-03,7550181,182751542,24.45,23.9,24.3,0.05,2131,1402,24.0
2016-02-15,5786622,139525235,24.25,23.85,24.0,-0.3,3404,1402,24.25
2016-02-16,5515544,136571436,25.1,24.05,25.05,1.05,2508,1402,24.05
2016-02-17,7911734,195584518,25.0,24.6,24.7,-0.35,2659,1402,25.0
2016-02-18,5900946,146961283,25.2,24.8,24.9,0.2,1527,1402,25.0
2016-02-19,3834594,95315501,25.1,24.7,24.9,0.0,1475,1402,24.9
2016-02-22,6962222,175176394,25.45,24.9,25.2,0.3,1938,1402,25.05
2016-02-23,3120278,78596187,25.3,25.05,25.3,0.1,1168,1402,25.2
2016-02-24,3678887,92101927,25.4,24.75,24.8,-0.5,1316,1402,25.25
2016-02-25,5580702,139556566,25.15,24.85,25.0,0.2,1775,1402,25.0
2016-02-26,7227466,181971274,25.4,25.0,25.3,0.3,2152,1402,25.2
2016-03-01,6642762,167998522,25.5,25.05,25.5,0.2,2532,1402,25.3
2016-03-02,9424396,242263996,26.0,25.4,26.0,0.5,3403,1402,25.8
2016-03-03,23284833,627029041,27.5,26.5,26.9,0.9,7000,1402,26.5
2016-03-04,9891633,266700391,27.1,26.75,27.0,0.1,3910,1402,27.1
2016-03-07,17474194,481062484,27.95,27.0,27.9,0.9,6362,1402,27.0
2016-03-08,19617627,542816335,28.5,27.1,27.55,-0.35,6396,1402,28.45
2016-03-09,8153340,220641676,27.4,26.9,27.05,-0.5,2941,1402,27.2
2016-03-10,4552126,123458118,27.3,27.0,27.2,0.15,1729,1402,27.05
2016-03-11,4531889,123833141,27.45,27.0,27.45,0.25,2163,1402,27.2
2016-03-14,7181425,195533675,27.55,27.05,27.05,-0.4,3211,1402,27.5
2016-03-15,5099525,138153764,27.3,26.95,27.05,0.0,2300,1402,27.1
2016-03-16,5079882,137748979,27.25,27.0,27.15,0.1,2320,1402,27.05
2016-03-17,7153099,196097755,27.55,27.2,27.5,0.35,2819,1402,27.35
2016-03-18,10153466,279251962,27.7,27.35,27.55,0.05,3016,1402,27.55
2016-03-21,4487366,122292779,27.65,27.15,27.2,-0.35,1804,1402,27.55
2016-03-22,6241918,169106288,27.5,26.8,27.5,0.3,2649,1402,27.15
2016-03-23,4174214,113183988,27.4,26.95,27.15,-0.35,1634,1402,27.4
2016-03-24,3501913,94910571,27.3,26.9,27.2,0.05,1452,1402,27.0
2016-03-25,2691469,72551753,27.2,26.85,26.9,-0.3,1125,1402,27.2
2016-03-28,5294751,141814285,27.1,26.55,26.75,-0.15,1593,1402,26.8
2016-03-29,5193876,136543837,26.8,26.05,26.3,-0.45,2214,1402,26.65
2016-03-30,8346073,223619242,27.0,26.4,26.95,0.65,2586,1402,26.4
2016-03-31,7294207,192816674,27.15,26.15,26.3,-0.65,2571,1402,27.15
2016-04-01,10537416,270018074,26.2,25.3,25.6,-0.7,4264,1402,26.0
2016-04-06,11371826,282195247,25.25,24.6,24.85,-0.75,4914,1402,25.1
2016-04-07,5769067,141974002,24.95,24.3,24.65,-0.2,2783,1402,24.85
2016-04-08,9919509,242615265,24.65,24.25,24.25,-0.4,3378,1402,24.5
2016-04-11,6632768,164246050,25.1,24.1,25.05,0.8,2394,1402,24.25
2016-04-12,4269760,105934223,25.1,24.6,24.8,-0.25,1822,1402,25.05
2016-04-13,8492953,213335209,25.3,24.6,25.2,0.4,3123,1402,24.85
2016-04-14,3955707,99337929,25.35,25.0,25.1,-0.1,1433,1402,25.3
2016-04-15,6479301,165840890,25.85,25.1,25.75,0.65,2503,1402,25.15
2016-04-18,3280573,83152033,25.75,25.15,25.2,-0.55,1414,1402,25.75
2016-04-19,4223205,106480053,25.6,25.1,25.2,0.0,1673,1402,25.4
2016-04-20,7564915,187472481,25.45,24.4,24.5,-0.7,4453,1402,25.4
2016-04-21,5774975,142478364,25.0,24.4,25.0,0.5,2583,1402,24.6
2016-04-22,4629273,115603539,25.25,24.65,24.85,-0.15,1916,1402,25.25
2016-04-25,2734384,68168677,25.15,24.65,25.1,0.25,1178,1402,24.9
2016-04-26,7614768,189954607,25.15,24.75,24.9,-0.2,3000,1402,25.1
2016-04-27,8523320,209230958,24.85,24.35,24.55,-0.35,3524,1402,24.8
2016-04-28,7492827,180986812,24.7,24.0,24.0,-0.55,3136,1402,24.6
2016-04-29,7863063,189348877,24.2,24.0,24.15,0.15,2467,1402,24.0
2016-05-03,6499562,156316560,24.3,23.9,24.05,-0.1,3772,1402,24.15
2016-05-04,10832254,252916549,23.95,23.05,23.1,-0.95,4793,1402,23.9
2016-05-05,5588288,130682878,23.7,23.1,23.5,0.4,2863,1402,23.2
2016-05-06,8068171,187688591,23.55,23.1,23.2,-0.3,2619,1402,23.25
2016-05-09,3547280,82036113,23.35,23.05,23.1,-0.1,1717,1402,23.3
2016-05-10,4392393,101932613,23.35,23.05,23.35,0.25,2441,1402,23.1
2016-05-11,7126053,164936321,23.4,23.0,23.05,-0.3,2717,1402,23.35
2016-05-12,4145463,95403209,23.2,22.9,22.95,-0.1,1743,1402,23.0
2016-05-13,8218447,186226424,22.95,22.5,22.6,-0.35,3572,1402,22.9
2016-05-16,5084637,113449404,22.45,22.15,22.3,-0.3,2155,1402,22.4
2016-05-17,9836764,217846584,22.3,22.0,22.2,-0.1,3267,1402,22.3
2016-05-18,6514474,143986961,22.2,22.0,22.15,-0.05,2383,1402,22.1
2016-05-19,7334411,161449039,22.1,21.9,22.1,-0.05,3231,1402,22.05
2016-05-20,10012022,225077929,22.75,22.0,22.45,0.35,4617,1402,22.0
2016-05-23,8784573,199680279,23.1,22.15,23.05,0.6,3244,1402,22.3
2016-05-24,5386288,122988435,23.1,22.7,22.75,-0.3,2008,1402,23.05
2016-05-25,4122296,94993957,23.2,22.8,23.05,0.3,1742,1402,22.8
2016-05-26,3916330,89848548,23.0,22.75,23.0,-0.05,1705,1402,23.0
2016-05-27,4627428,106519718,23.1,22.9,23.1,0.1,2309,1402,23.0
2016-05-30,5878878,137269244,23.6,23.05,23.4,0.3,2884,1402,23.2
2016-05-31,12576933,289824759,23.3,23.0,23.0,-0.4,2309,1402,23.3
2016-06-01,4910403,114520992,23.5,23.05,23.35,0.35,2064,1402,23.15
2016-06-02,3435289,79986767,23.5,23.1,23.15,-0.2,1744,1402,23.35
2016-06-03,3704483,86632843,23.5,23.15,23.5,0.35,1833,1402,23.35
2016-06-04,630226,14805532,23.55,23.4,23.45,-0.05,362,1402,23.55
2016-06-06,6613500,152606688,23.55,22.9,23.1,-0.35,1962,1402,23.45
2016-06-07,7824404,181677379,23.5,23.0,23.3,0.2,2455,1402,23.1
2016-06-08,9954073,229115829,23.4,22.8,23.0,-0.3,4007,1402,23.3
2016-06-13,8122731,184511542,23.0,22.55,22.65,-0.35,2928,1402,22.9
2016-06-14,4245680,96977342,23.05,22.6,22.95,0.3,2380,1402,22.65
2016-06-15,5217155,118470687,23.0,22.45,22.95,0.0,2536,1402,22.95
2016-06-16,3577389,81321655,22.95,22.5,22.8,-0.15,1631,1402,22.85
2016-06-17,4085674,92859151,23.0,22.65,22.65,-0.15,1872,1402,22.85
2016-06-20,4927482,113162936,23.1,22.65,23.1,0.45,2246,1402,22.85
2016-06-21,4487925,103551005,23.25,22.85,23.05,-0.05,1867,1402,23.05
2016-06-22,3834870,89209840,23.45,22.95,23.45,0.4,1490,1402,23.05
2016-06-23,3825524,89287907,23.5,23.1,23.5,0.05,1813,1402,23.4
2016-06-24,8168728,189647534,23.75,22.9,23.2,-0.3,3140,1402,23.6
2016-06-27,3495059,80835064,23.3,22.9,23.15,-0.05,1811,1402,23.0
2016-06-28,2144672,49507379,23.2,22.9,23.2,0.05,1302,1402,23.0
2016-06-29,4182598,98160799,23.65,23.2,23.6,0.4,1851,1402,23.25
2016-06-30,6810489,163269136,24.2,23.5,24.0,0.4,2879,1402,23.7
2016-07-01,6863605,167371615,24.6,23.9,24.45,0.45,3298,1402,24.2
2016-07-04,4327605,105759041,24.6,24.15,24.3,-0.15,2062,1402,24.4
2016-07-05,3441710,83042359,24.3,24.05,24.2,-0.1,1362,1402,24.25
2016-07-06,7182462,170241165,24.1,23.45,23.7,-0.5,2693,1402,24.1
2016-07-07,3217640,76176457,23.9,23.55,23.65,-0.05,1125,1402,23.8
2016-07-11,7703159,185820616,24.35,23.85,24.2,0.55,2688,1402,24.0
2016-07-12,5427326,131699988,24.5,24.05,24.3,0.1,2105,1402,24.4
2016-07-13,11605114,285594486,24.8,24.25,24.75,0.45,4071,1402,24.3
2016-07-14,6665199,159269775,24.1,23.55,23.95,0.0,2544,1402,23.8
2016-07-15,4722469,113807988,24.2,23.9,24.2,0.25,2520,1402,24.1
2016-07-18,5453328,132670656,24.45,24.0,24.45,0.25,2544,1402,24.3
2016-07-19,9594960,237319438,24.9,24.35,24.9,0.45,3672,1402,24.6
2016-07-20,5754475,142499544,25.0,24.45,24.85,-0.05,3034,1402,24.85
2016-07-21,6119330,152041061,25.0,24.6,24.75,-0.1,2950,1402,24.8
2016-07-22,3702749,91365523,24.8,24.6,24.65,-0.1,2087,1402,24.65
2016-07-25,4647733,114108057,24.85,24.3,24.65,0.0,1717,1402,24.75
2016-07-26,5109367,126478297,24.85,24.6,24.8,0.15,2275,1402,24.65
2016-07-27,4243217,104962623,24.85,24.65,24.8,0.0,1879,1402,24.8
2016-07-28,6050914,150559704,25.0,24.6,24.9,0.1,2881,1402,24.6
2016-07-29,4674242,115867273,24.95,24.65,24.9,0.0,1706,1402,24.9
2016-08-01,5807108,144309664,24.9,24.7,24.9,0.0,3311,1402,24.9
2016-08-02,3846685,95560008,24.9,24.75,24.8,-0.1,1506,1402,24.85
2016-08-03,4420774,108985016,24.9,24.25,24.75,-0.05,2019,1402,24.55
2016-08-04,4359395,107300423,24.8,24.35,24.75,0.0,2043,1402,24.8
2016-08-05,4397854,109326118,24.95,24.7,24.85,0.1,2365,1402,24.7
2016-08-08,2058184,51296952,25.05,24.8,24.95,0.1,749,1402,25.0
2016-08-09,2399139,59832440,25.0,24.8,24.95,0.0,1118,1402,24.95
2016-08-10,3239980,80890625,25.05,24.75,25.05,0.1,1196,1402,24.9
2016-08-11,3612551,89392498,25.0,24.3,24.85,-0.2,1437,1402,24.85
2016-08-12,2908349,72165869,24.95,24.65,24.85,0.0,1684,1402,24.85
2016-08-15,2331079,57656632,24.9,24.55,24.85,0.0,1147,1402,24.7
2016-08-16,3408900,83670438,24.8,24.3,24.65,-0.2,1618,1402,24.7
2016-08-17,5190484,125547348,24.55,24.1,24.1,-0.55,3034,1402,24.4
2016-08-18,3951375,95630920,24.5,24.05,24.25,0.15,2093,1402,24.05
2016-08-19,5676422,135500231,24.35,23.7,23.75,-0.5,2589,1402,24.2
2016-08-22,4290099,100966826,23.75,23.45,23.55,-0.2,2009,1402,23.6
2016-08-23,4282541,100961203,23.8,23.45,23.6,0.05,1698,1402,23.45
2016-08-24,2987351,70276094,23.65,23.5,23.5,-0.1,1938,1402,23.6
2016-08-25,3345580,79458749,23.85,23.5,23.8,0.3,1964,1402,23.55
2016-08-26,2115887,50278942,23.85,23.7,23.8,0.0,908,1402,23.85
2016-08-29,3291815,77670815,23.8,23.45,23.6,-0.2,1918,1402,23.8
2016-08-30,3724326,88640144,23.95,23.55,23.9,0.3,2139,1402,23.6
2016-08-31,5863620,137902040,23.75,23.4,23.4,-0.5,2061,1402,23.7
2016-09-01,5437234,126718324,23.5,23.2,23.3,-0.1,2628,1402,23.4
2016-09-02,3770289,88629042,23.6,23.3,23.55,0.25,1257,1402,23.4
2016-09-05,4312294,103476763,24.1,23.6,24.05,0.5,2110,1402,23.6
2016-09-06,6910505,169165049,24.8,24.0,24.8,0.75,3258,1402,24.05
2016-09-07,5280426,130547875,24.95,24.5,24.65,-0.15,2725,1402,24.8
2016-09-08,5489962,135051905,24.85,24.45,24.5,-0.15,2829,1402,24.45
2016-09-09,3462479,84102983,24.5,24.2,24.3,-0.2,1269,1402,24.3
2016-09-10,1633129,39178479,24.1,23.9,24.0,-0.3,597,1402,24.0
2016-09-12,4246096,100838527,23.95,23.7,23.75,-0.25,1661,1402,23.8
2016-09-13,5468084,128745167,23.8,23.45,23.5,-0.25,2654,1402,23.65
2016-09-14,5262597,123813260,23.7,23.35,23.55,0.05,1493,1402,23.35
2016-09-19,8537491,199996946,23.65,23.3,23.35,-0.2,2539,1402,23.6
2016-09-20,2252273,52956483,23.6,23.35,23.5,0.15,1222,1402,23.4
2016-09-21,3159890,74523878,23.75,23.4,23.7,0.2,1587,1402,23.45
2016-09-22,1832999,43428913,23.85,23.6,23.7,0.0,726,1402,23.8
2016-09-23,3246469,76982797,23.8,23.6,23.8,0.1,1816,1402,23.7
2016-09-26,1329350,31561650,23.8,23.7,23.75,-0.05,542,1402,23.8
2016-09-29,5022457,119487039,23.95,23.6,23.75,0.0,2114,1402,23.85
2016-09-30,5342475,125644320,23.75,23.45,23.45,-0.3,2043,1402,23.75
2016-10-03,1654848,38907814,23.6,23.45,23.5,0.05,637,1402,23.5
2016-10-04,4004348,93883242,23.55,23.35,23.5,0.0,2115,1402,23.5
2016-10-05,2040370,47830208,23.5,23.35,23.5,0.0,1163,1402,23.4
2016-10-06,2158871,50597519,23.5,23.35,23.45,-0.05,1544,1402,23.5
2016-10-07,2826110,66452629,23.6,23.4,23.6,0.15,1905,1402,23.45
2016-10-11,3978672,93639811,23.7,23.4,23.45,-0.15,1812,1402,23.7
2016-10-12,3556531,83164710,23.45,23.3,23.35,-0.1,1477,1402,23.45
2016-10-13,5726766,133221907,23.45,23.2,23.2,-0.15,2903,1402,23.4
2016-10-14,2724034,63898833,23.55,23.15,23.5,0.3,1335,1402,23.2
2016-10-17,3793714,88160702,23.6,23.15,23.2,-0.3,1937,1402,23.6
2016-10-18,4997943,117171538,23.65,23.25,23.65,0.45,2332,1402,23.3
2016-10-19,16050154,393190724,24.85,23.9,24.35,0.7,5900,1402,23.9
2016-10-20,11761217,288944430,24.7,24.4,24.55,0.2,4667,1402,24.65
2016-10-21,6025359,147188035,24.6,24.3,24.5,-0.05,2242,1402,24.6
2016-10-24,3073239,74713640,24.5,24.25,24.3,-0.2,1236,1402,24.5
2016-10-25,2770013,67169095,24.3,24.2,24.25,-0.05,1143,1402,24.2
2016-10-26,2963412,71710821,24.25,24.15,24.2,-0.05,946,1402,24.25
2016-10-27,3367153,81731177,24.4,24.15,24.25,0.05,1499,1402,24.15
2016-10-28,2274145,55137485,24.35,24.1,24.3,0.05,805,1402,24.25
2016-10-31,3954661,95886902,24.5,23.8,24.45,0.15,1755,1402,24.05
2016-11-01,2976748,72180195,24.3,24.1,24.25,-0.2,1077,1402,24.25
2016-11-02,4066121,97910804,24.2,23.95,24.1,-0.15,2002,1402,24.05
2016-11-03,2701898,64343565,24.1,23.7,23.7,-0.4,1265,1402,23.9
2016-11-04,2548548,60544083,23.9,23.65,23.8,0.1,1250,1402,23.7
2016-11-07,2570277,61118780,24.1,23.7,23.7,-0.1,1359,1402,24.1
2016-11-08,3122959,75077350,24.2,23.8,24.2,0.5,1705,1402,23.8
2016-11-09,7151024,170455209,24.5,23.5,23.65,-0.55,2984,1402,24.4
2016-11-10,2482714,59441801,24.15,23.85,23.95,0.3,1256,1402,24.1
2016-11-11,6169345,144586662,23.65,23.3,23.4,-0.55,2781,1402,23.6
2016-11-14,6912714,159380022,23.4,22.95,22.95,-0.45,2658,1402,23.35
2016-11-15,3965009,91181447,23.15,22.95,22.95,0.0,1873,1402,23.0
2016-11-16,3582020,82407752,23.15,22.95,23.0,0.05,1738,1402,23.05
2016-11-17,6879768,155940050,22.95,22.5,22.65,-0.35,3094,1402,22.95
2016-11-18,5893806,134905198,23.1,22.6,22.85,0.2,3501,1402,22.65
2016-11-21,2276945,52326835,23.1,22.8,23.0,0.15,1396,1402,22.9
2016-11-22,4483292,104350031,23.4,23.05,23.25,0.25,2025,1402,23.05
2016-11-23,3154307,73859235,23.5,23.25,23.5,0.25,1336,1402,23.3
2016-11-24,1880134,43984358,23.5,23.3,23.4,-0.1,737,1402,23.5
2016-11-25,1024873,23969174,23.5,23.35,23.35,-0.05,510,1402,23.4
2016-11-28,2999231,70931742,23.75,23.35,23.65,0.3,1342,1402,23.35
2016-11-29,2733705,64352111,23.65,23.45,23.5,-0.15,1246,1402,23.65
2016-11-30,7365780,173051121,23.65,23.45,23.5,0.0,1617,1402,23.6
2016-12-01,5622166,134265082,24.15,23.65,23.85,0.35,2578,1402,23.65
2016-12-02,4361827,104574663,24.1,23.75,23.95,0.1,2608,1402,23.75
2016-12-05,3729839,88638641,23.95,23.6,23.6,-0.35,1980,1402,23.9
2016-12-06,4755786,114042981,24.1,23.8,24.0,0.4,2022,1402,23.95
2016-12-07,5280149,127514823,24.2,23.95,24.2,0.2,2798,1402,24.1
2016-12-08,12392906,303674797,24.8,24.15,24.8,0.6,3917,1402,24.3
2016-12-09,11608835,288067557,24.95,24.5,24.8,0.0,3406,1402,24.6
2016-12-12,11186386,278359743,25.0,24.7,24.9,0.1,2787,1402,24.8
2016-12-13,12248675,304213177,25.0,24.45,24.9,0.0,3618,1402,24.5
2016-12-14,6925066,170749159,25.0,24.45,24.65,-0.25,2385,1402,25.0
2016-12-15,4485043,109739026,24.55,24.35,24.45,-0.2,1646,1402,24.5
2016-12-16,6276168,153330325,24.55,24.3,24.35,-0.1,1215,1402,24.4
2016-12-19,3653153,88217422,24.35,24.0,24.05,-0.3,1356,1402,24.35
2016-12-20,2569317,62654342,24.75,24.05,24.35,0.3,1144,1402,24.05
2016-12-21,3199484,78142178,24.6,24.35,24.4,0.05,1206,1402,24.35
2016-12-22,4353138,105621923,24.4,24.15,24.15,-0.25,1981,1402,24.4
2016-12-23,3576986,86074814,24.25,24.0,24.0,-0.15,1847,1402,24.05
2016-12-26,2616853,62238140,24.0,23.7,23.8,-0.2,1079,1402,24.0
2016-12-27,1247390,29557064,23.8,23.6,23.75,-0.05,479,1402,23.8
2016-12-28,1628214,39032010,24.05,23.75,24.05,0.3,819,1402,23.9
2016-12-29,2560031,61212681,24.05,23.8,23.9,-0.15,807,1402,23.95
2016-12-30,3281892,79365738,24.3,24.0,24.2,0.3,1129,1402,24.15
2017-01-03,1938722,46920513,24.35,23.8,24.3,0.1,1047,1402,24.2
2017-01-04,2999406,72651525,24.35,24.05,24.25,-0.05,1290,1402,24.1
2017-01-05,4684961,114668787,24.65,24.15,24.65,0.4,1933,1402,24.25
2017-01-06,3325213,82192980,24.85,24.3,24.75,0.1,1542,1402,24.6
2017-01-09,1429493,35067973,24.8,24.4,24.45,-0.3,805,1402,24.75
2017-01-10,3565614,87786263,24.75,24.45,24.65,0.2,1802,1402,24.55
2017-01-11,2851329,70406593,24.75,24.5,24.75,0.1,1555,1402,24.75
2017-01-12,8227387,206033789,25.25,24.8,25.05,0.3,3634,1402,24.85
2017-01-13,4987212,124959623,25.2,24.8,25.0,-0.05,2639,1402,25.1
2017-01-16,2184328,54025023,24.9,24.65,24.8,-0.2,1110,1402,24.9
2017-01-17,3405498,84946688,25.15,24.6,24.8,0.0,1643,1402,24.6
2017-01-18,6387688,160563121,25.35,24.75,25.2,0.4,2973,1402,24.8
2017-01-19,4913136,123566854,25.3,24.9,25.25,0.05,2116,1402,25.1
2017-01-20,2553401,64175725,25.25,25.0,25.1,-0.15,942,1402,25.2
2017-01-23,8950132,229372872,26.0,25.05,25.9,0.8,2832,1402,25.1
2017-01-24,7029735,182866647,26.1,25.7,26.0,0.1,2512,1402,25.9
2017-02-02,17612168,470154696,27.0,26.1,26.8,0.8,5736,1402,26.1
2017-02-03,10499229,281842372,27.05,26.5,26.8,0.0,3949,1402,26.55
2017-02-06,7335488,196599076,27.0,26.65,26.9,0.1,2355,1402,26.85
2017-02-07,9711557,262505978,27.2,26.6,27.1,0.2,3357,1402,26.6
2017-02-08,7107722,190786237,27.1,26.5,26.55,-0.55,2381,1402,26.95
2017-02-09,5062424,136120255,27.05,26.55,27.0,0.45,2149,1402,26.55
2017-02-10,17267595,475295434,27.9,26.8,27.5,0.5,4337,1402,26.95
2017-02-13,5431180,149728513,27.8,27.5,27.55,0.05,2006,1402,27.5
2017-02-14,6811599,187272507,27.65,27.2,27.4,-0.15,3133,1402,27.5
2017-02-15,10013379,276686636,27.95,27.35,27.8,0.4,3658,1402,27.4
2017-02-16,7862204,217657790,27.8,27.4,27.7,-0.1,2972,1402,27.75
2017-02-17,5889606,162011202,27.65,27.4,27.65,-0.05,2065,1402,27.5
2017-02-18,1771255,48811484,27.65,27.5,27.6,-0.05,759,1402,27.65
2017-02-20,1904635,52278167,27.6,27.25,27.25,-0.35,897,1402,27.6
2017-02-21,4254966,116242803,27.5,27.15,27.45,0.2,2051,1402,27.25
2017-02-22,7025898,195285343,28.1,27.35,27.9,0.45,2818,1402,27.5
2017-02-23,4868062,134816187,27.85,27.6,27.7,-0.2,2051,1402,27.8
2017-02-24,5104048,140855001,27.8,27.45,27.5,-0.2,1759,1402,27.6
2017-03-01,8743706,235814474,27.65,26.55,26.7,-0.8,4208,1402,27.3
2017-03-02,10223492,275063114,27.2,26.55,26.8,0.1,2777,1402,27.0
2017-03-03,4275615,114419568,27.05,26.5,26.65,-0.15,1986,1402,26.75
2017-03-06,2353329,63019699,26.95,26.55,26.8,0.15,920,1402,26.55
2017-03-07,1801639,48238310,26.8,26.65,26.8,0.0,763,1402,26.8
2017-03-08,5766746,155080308,27.1,26.6,27.0,0.2,1965,1402,26.6
2017-03-09,5147764,137412340,27.0,26.5,26.5,-0.5,2888,1402,27.0
2017-03-10,3210031,84657550,26.55,26.2,26.4,-0.1,1685,1402,26.5
2017-03-13,2346543,62223217,26.65,26.35,26.6,0.2,1316,1402,26.45
2017-03-14,3618344,96761495,26.95,26.4,26.8,0.2,2053,1402,26.5
2017-03-15,2376471,63335288,26.8,26.5,26.8,0.0,1387,1402,26.8
2017-03-16,6066830,164127710,27.4,26.6,27.1,0.3,2466,1402,26.6
2017-03-17,10923847,295694498,27.4,26.9,27.0,-0.1,2956,1402,27.3
2017-03-20,2189411,58706869,27.05,26.75,26.85,-0.15,1204,1402,27.0
2017-03-21,6250740,170801868,27.5,27.0,27.45,0.6,3384,1402,27.1
2017-03-22,3588768,97753399,27.45,27.0,27.45,0.0,1313,1402,27.2
2017-03-23,2549728,69541546,27.5,27.05,27.3,-0.15,1452,1402,27.5
2017-03-24,3277008,88712116,27.3,26.95,27.1,-0.2,1888,1402,27.05
2017-03-27,4232679,115356322,27.4,26.85,27.4,0.3,1971,1402,26.85
2017-03-28,5111538,138605816,27.4,26.85,27.0,-0.4,2042,1402,27.4
2017-03-29,4000844,107779384,27.2,26.8,27.0,0.0,2148,1402,27.15
2017-03-30,4052210,108484585,27.0,26.55,26.85,-0.15,2050,1402,27.0
2017-03-31,6132811,162159683,26.85,26.3,26.3,-0.55,2524,1402,26.65
2017-04-05,10425568,273770603,26.65,26.05,26.3,0.0,4602,1402,26.5
2017-04-06,5827075,152925255,26.4,26.15,26.3,0.0,2837,1402,26.4
2017-04-07,5705931,148053934,26.15,25.85,26.0,-0.3,2068,1402,26.1
2017-04-10,3497871,90692583,26.1,25.8,25.85,-0.15,1450,1402,26.0
2017-04-11,4768672,122668577,25.85,25.65,25.8,-0.05,2832,1402,25.75
2017-04-12,4464022,113862733,25.8,25.45,25.55,-0.25,1857,1402,25.8
2017-04-13,3581874,91654963,25.75,25.4,25.75,0.2,1745,1402,25.5
2017-04-14,1502679,37993450,25.65,25.15,25.25,-0.5,700,1402,25.65
2017-04-17,3193981,79805263,25.25,24.85,24.9,-0.35,1567,1402,25.25
2017-04-18,3831756,95663727,25.15,24.9,25.0,0.1,1665,1402,25.05
2017-04-19,6083931,150230434,24.9,24.6,24.65,-0.35,2664,1402,24.65
2017-04-20,3659029,90587560,24.9,24.55,24.85,0.2,1599,1402,24.55
2017-04-21,4586603,113475634,25.0,24.65,24.65,-0.2,1562,1402,25.0
2017-04-24,2854666,71426988,25.2,24.65,25.2,0.55,1139,1402,24.7
2017-04-25,3949105,100289209,25.55,25.0,25.55,0.35,1780,1402,25.3
2017-04-26,3235095,82943421,25.75,25.35,25.75,0.2,1540,1402,25.55
2017-04-27,1850256,47162490,25.6,25.4,25.5,-0.25,1251,1402,25.4
2017-04-28,2663619,67415949,25.45,25.2,25.4,-0.1,1301,1402,25.35
2017-05-02,2785889,70384136,25.5,25.15,25.3,-0.1,1459,1402,25.4
2017-05-03,9122609,231788477,25.45,25.15,25.45,0.15,1126,1402,25.3
2017-05-04,2322352,58787145,25.5,25.2,25.4,-0.05,1257,1402,25.45
2017-05-05,9246678,232622085,25.45,25.1,25.15,-0.25,1130,1402,25.4
2017-05-08,3388844,84121812,25.3,24.65,24.8,-0.35,1744,1402,25.3
2017-05-09,4715559,115684836,24.95,24.35,24.5,-0.3,2228,1402,24.8
2017-05-10,7214556,174362694,24.6,24.05,24.1,-0.4,3071,1402,24.5
2017-05-11,7568198,183167108,24.4,24.15,24.2,0.1,3082,1402,24.35
2017-05-12,8130754,196503391,24.5,24.05,24.5,0.3,2806,1402,24.15
2017-05-15,5036035,121790681,24.25,24.1,24.2,-0.3,2656,1402,24.25
2017-05-16,10932428,267290823,25.0,24.15,25.0,0.8,3249,1402,24.25
2017-05-17,7055491,172253686,24.85,24.3,24.35,-0.65,2259,1402,24.65
2017-05-18,6801456,163441594,24.2,23.95,23.95,-0.4,2545,1402,24.1
2017-05-19,4718555,113380223,24.2,23.95,24.0,0.05,1674,1402,23.95
2017-05-22,4717232,112695811,24.0,23.8,23.85,-0.15,1568,1402,24.0
2017-05-23,4427724,106764994,24.3,23.85,24.2,0.35,1553,1402,23.85
2017-05-24,2720686,65736418,24.25,24.05,24.2,0.0,1249,1402,24.2
2017-05-25,3396739,82534891,24.45,24.1,24.3,0.1,1701,1402,24.3
2017-05-26,3837084,93758426,24.5,24.35,24.4,0.1,1453,1402,24.4
2017-05-31,6456140,157316581,24.5,24.25,24.4,0.0,1591,1402,24.5
2017-06-01,2015332,49006140,24.45,24.3,24.3,-0.1,1002,1402,24.4
2017-06-02,2911513,71257300,24.6,24.35,24.5,0.2,1592,1402,24.45
2017-06-03,1146216,28077411,24.55,24.45,24.5,0.0,477,1402,24.55
2017-06-05,2613965,64121331,24.6,24.45,24.55,0.05,1443,1402,24.5
2017-06-06,2919107,71636406,24.6,24.5,24.6,0.05,1509,1402,24.55
2017-06-07,3448147,84473723,24.6,24.45,24.5,-0.1,1923,1402,24.55
2017-06-08,2812882,68765967,24.55,24.4,24.45,-0.05,1882,1402,24.5
2017-06-09,4786918,116623956,24.5,24.25,24.3,-0.15,2587,1402,24.45
2017-06-12,3808415,92006463,24.35,24.05,24.05,-0.25,2035,1402,24.3
2017-06-13,4846107,116718514,24.25,24.0,24.2,0.15,1999,1402,24.2
2017-06-14,4027721,97048383,24.25,24.0,24.15,-0.05,1790,1402,24.2
2017-06-15,4691979,112013585,24.15,23.75,23.9,-0.25,2149,1402,24.05
2017-06-16,8752498,207804855,23.95,23.6,23.8,-0.1,2285,1402,23.9
2017-06-19,4628157,109955964,24.0,23.65,24.0,0.2,1654,1402,23.75
2017-06-20,3208943,76874114,24.1,23.85,24.0,0.0,1126,1402,23.95
2017-06-21,7242661,172017547,23.9,23.65,23.75,-0.25,2535,1402,23.9
2017-06-22,3862833,92907592,24.2,23.8,24.05,0.3,1628,1402,23.85
2017-06-23,4065937,97578621,24.3,23.85,24.05,0.0,1678,1402,24.1
2017-06-26,4780811,116385924,24.55,24.0,24.4,0.35,1990,1402,24.0
2017-06-27,2971766,72419199,24.45,24.25,24.45,0.05,1569,1402,24.4
2017-06-28,5119263,125660037,24.7,24.3,24.7,0.25,2107,1402,24.4
2017-06-29,4093093,101022182,24.85,24.5,24.75,0.05,1365,1402,24.85
2017-06-30,3085142,75992430,24.75,24.5,24.75,0.0,1129,1402,24.6
2017-07-03,4733282,118332144,25.15,24.8,25.1,0.35,1785,1402,24.95
2017-07-04,4331564,108032919,25.15,24.8,24.85,-0.25,1688,1402,25.1
2017-07-05,2923218,73061843,25.15,24.8,25.15,0.3,1552,1402,24.85
2017-07-06,2433356,60786704,25.1,24.9,25.05,-0.1,1058,1402,25.1
2017-07-07,3153130,78319852,24.95,24.8,24.8,-0.25,1486,1402,24.95
2017-07-10,2796056,69424375,24.9,24.75,24.8,0.0,1047,1402,24.85
2017-07-11,2769618,68823131,24.9,24.8,24.85,0.05,942,1402,24.8
2017-07-12,1738605,43273483,25.0,24.8,24.9,0.05,815,1402,24.85
2017-07-13,6100104,153117200,25.25,24.9,25.15,0.25,1964,1402,24.95
2017-07-14,3483248,87310446,25.15,25.0,25.0,-0.15,858,1402,25.15
2017-07-17,5126373,129312944,25.3,25.0,25.2,0.2,2253,1402,25.0
2017-07-18,4384242,110537866,25.3,25.1,25.25,0.05,2184,1402,25.2
2017-07-19,10295771,261149379,25.45,25.1,25.45,0.2,3405,1402,25.2
2017-07-20,6577427,162271692,24.75,24.55,24.6,0.0,1554,1402,24.65
2017-07-21,3425522,84096004,24.7,24.5,24.55,-0.05,1258,1402,24.65
2017-07-24,2932902,72266328,24.75,24.5,24.65,0.1,1470,1402,24.7
2017-07-25,1018922,25010734,24.7,24.5,24.5,-0.15,409,1402,24.7
2017-07-26,3001795,73535284,24.65,24.4,24.4,-0.1,1002,1402,24.6
2017-07-27,3088932,76602979,24.95,24.4,24.95,0.55,1464,1402,24.4
2017-07-28,2362044,58491279,24.9,24.65,24.85,-0.1,717,1402,24.8
2017-07-31,3633833,89881234,24.85,24.6,24.85,0.0,723,1402,24.85
2017-08-01,1826030,45209176,24.85,24.65,24.75,-0.1,871,1402,24.75
2017-08-02,3456917,85216735,24.75,24.55,24.75,0.0,1113,1402,24.75
2017-08-03,3782333,92753563,24.6,24.4,24.55,-0.2,1301,1402,24.55
2017-08-04,3459246,84739648,24.65,24.4,24.55,0.0,1470,1402,24.5
2017-08-07,2165897,53386949,24.75,24.5,24.7,0.15,1253,1402,24.55
2017-08-08,1968343,48426495,24.7,24.55,24.6,-0.1,769,1402,24.55
2017-08-09,2618651,64238304,24.65,24.5,24.55,-0.05,1337,1402,24.5
2017-08-10,3426565,83590238,24.6,24.25,24.35,-0.2,1551,1402,24.5
2017-08-11,2557725,62189887,24.45,24.1,24.45,0.1,948,1402,24.3
2017-08-14,2755368,66940445,24.4,24.2,24.25,-0.2,1292,1402,24.4
2017-08-15,2620693,63581210,24.35,24.2,24.3,0.05,732,1402,24.3
2017-08-16,3376424,81841035,24.35,24.15,24.3,0.0,1964,1402,24.2
2017-08-17,1559763,37816303,24.3,24.2,24.25,-0.05,630,1402,24.25
2017-08-18,2758446,66721129,24.25,24.1,24.2,-0.05,1209,1402,24.2
2017-08-21,2184094,52709404,24.25,24.1,24.15,-0.05,1309,1402,24.2
2017-08-22,2347325,56800079,24.4,24.1,24.25,0.1,1129,1402,24.25
2017-08-23,3033205,73471846,24.35,24.15,24.25,0.0,1895,1402,24.25
2017-08-24,4648279,113974448,24.65,24.2,24.6,0.35,1807,1402,24.25
2017-08-25,3064549,74906673,24.55,24.35,24.45,-0.15,1278,1402,24.55
2017-08-28,3881164,94422973,24.45,24.25,24.35,-0.1,1245,1402,24.4
2017-08-29,1933987,46845118,24.3,24.15,24.2,-0.15,1129,1402,24.3
2017-08-30,3353502,81377881,24.35,24.2,24.3,0.1,1315,1402,24.2
2017-08-31,4214096,101938839,24.35,24.15,24.15,-0.15,1728,1402,24.3
2017-09-01,5502105,133139656,24.35,24.1,24.15,0.0,1759,1402,24.2
2017-09-04,6281644,152735933,24.45,24.1,24.25,0.1,2646,1402,24.15
2017-09-05,5870472,143446902,24.5,24.25,24.5,0.25,1919,1402,24.4
2017-09-06,5441216,133176593,24.55,24.35,24.35,-0.15,1682,1402,24.45
2017-09-07,5822485,142434524,24.6,24.3,24.35,0.0,2032,1402,24.35
2017-09-08,4744984,115806740,24.5,24.3,24.4,0.05,2332,1402,24.45
2017-09-11,3401582,82933606,24.45,24.3,24.35,-0.05,1645,1402,24.4
2017-09-12,2897169,70675147,24.5,24.35,24.4,0.05,1334,1402,24.45
2017-09-13,3337174,81524319,24.55,24.35,24.35,-0.05,1002,1402,24.4
2017-09-14,2083233,50795054,24.45,24.35,24.35,0.0,856,1402,24.35
2017-09-15,9835662,239979756,24.5,24.35,24.4,0.05,2167,1402,24.4
2017-09-18,9864155,245831375,25.2,24.45,25.1,0.7,2657,1402,24.5
2017-09-19,5962184,149963750,25.35,25.0,25.1,0.0,1802,1402,25.3
2017-09-20,4401126,109510261,25.05,24.75,24.9,-0.2,1689,1402,25.0
2017-09-21,3658833,91308873,25.1,24.8,24.95,0.05,1503,1402,24.9
2017-09-22,4289303,105532444,24.9,24.45,24.45,-0.5,1506,1402,24.85
2017-09-25,3833172,93317913,24.55,24.15,24.35,-0.1,1147,1402,24.5
2017-09-26,1528955,37107000,24.4,24.15,24.2,-0.15,555,1402,24.35
2017-09-27,1796668,43584789,24.3,24.2,24.3,0.1,627,1402,24.25
2017-09-28,5700448,137114352,24.3,23.95,24.0,-0.3,1922,1402,24.3
2017-09-29,3220266,77308284,24.1,23.95,24.0,0.0,1376,1402,24.0
2017-09-30,568314,13683808,24.1,24.0,24.1,0.1,268,1402,24.1
2017-10-02,1576760,38048438,24.25,24.05,24.15,0.05,566,1402,24.15
2017-10-03,2815622,67816098,24.2,24.0,24.05,-0.1,1273,1402,24.15
2017-10-05,1939901,46896894,24.25,24.05,24.2,0.15,863,1402,24.05
2017-10-06,2561400,62172170,24.35,24.15,24.35,0.15,1243,1402,24.15
2017-10-11,5950853,145961738,24.6,24.4,24.55,0.2,2104,1402,24.45
2017-10-12,4008035,97808931,24.6,24.3,24.4,-0.15,1985,1402,24.55
2017-10-13,3275258,80661684,24.75,24.35,24.75,0.35,1370,1402,24.4
2017-10-16,3449659,85296610,24.85,24.55,24.8,0.05,1618,1402,24.8
2017-10-17,3873600,96187009,24.9,24.75,24.9,0.1,1839,1402,24.85
2017-10-18,5370739,133721914,25.0,24.8,24.9,0.0,2205,1402,24.9
2017-10-19,1775654,44128309,24.9,24.8,24.85,-0.05,1012,1402,24.9
2017-10-20,6882804,171182275,25.05,24.7,24.8,-0.05,1736,1402,24.85
2017-10-23,3825508,96014932,25.2,24.9,25.05,0.25,1299,1402,24.9
2017-10-24,5113992,129107389,25.4,25.05,25.35,0.3,1552,1402,25.1
2017-10-25,8904561,229721027,26.05,25.4,26.05,0.7,3793,1402,25.4
2017-10-26,4359308,112751019,26.05,25.7,25.75,-0.3,1511,1402,26.0
2017-10-27,3176448,82303201,26.0,25.75,25.95,0.2,1392,1402,25.8
2017-10-30,2441017,63013119,26.0,25.7,25.85,-0.1,1067,1402,25.95
2017-10-31,4202765,108926868,26.05,25.55,25.85,0.0,1754,1402,25.55
2017-11-01,2016279,52260523,26.0,25.85,25.9,0.05,983,1402,25.9
2017-11-02,2956352,76804696,26.05,25.85,26.0,0.1,1383,1402,25.9
2017-11-03,3748528,98086028,26.3,26.05,26.15,0.15,1829,1402,26.05
2017-11-06,2770147,71493014,26.05,25.65,25.8,-0.35,1127,1402,26.0
2017-11-07,2007407,51824573,25.9,25.7,25.85,0.05,1036,1402,25.7
2017-11-08,2943558,75492012,25.85,25.6,25.6,-0.25,1702,1402,25.85
2017-11-09,2440959,62421100,25.8,25.4,25.55,-0.05,998,1402,25.7
2017-11-10,1846178,47143843,25.7,25.45,25.7,0.15,770,1402,25.55
2017-11-13,2413677,61883151,25.8,25.5,25.55,-0.15,852,1402,25.75
2017-11-14,2062318,52693904,25.65,25.4,25.6,0.05,991,1402,25.5
2017-11-15,4449673,114587557,26.0,25.55,25.75,0.15,1958,1402,25.85
2017-11-16,3460441,88378337,25.75,25.45,25.45,-0.3,1914,1402,25.75
2017-11-17,3301489,84185329,25.7,25.4,25.45,0.0,1639,1402,25.65
2017-11-20,3609488,91959803,25.55,25.4,25.5,0.05,2272,1402,25.45
2017-11-21,4661224,119338176,25.75,25.5,25.75,0.25,2445,1402,25.55
2017-11-22,8228986,214515866,26.3,25.85,26.0,0.25,2880,1402,25.85
2017-11-23,2321547,60244448,26.05,25.85,25.9,-0.1,961,1402,26.0
2017-11-24,1927244,49738910,26.0,25.75,25.75,-0.15,907,1402,25.9
2017-11-27,1995822,51218301,25.95,25.5,25.6,-0.15,951,1402,25.95
2017-11-28,2635827,67902800,25.85,25.5,25.85,0.25,1342,1402,25.55
2017-11-29,3225474,82746518,25.85,25.55,25.75,-0.1,1524,1402,25.85
2017-11-30,7955332,202673265,25.65,25.25,25.55,-0.2,1933,1402,25.65
2017-12-01,12925174,329772814,25.65,25.3,25.45,-0.1,1635,1402,25.55
2017-12-04,4546047,116773240,25.9,25.35,25.85,0.4,1576,1402,25.55
2017-12-05,5094902,130886526,25.9,25.5,25.75,-0.1,2852,1402,25.8
2017-12-06,3877148,98987317,25.85,25.35,25.6,-0.15,1228,1402,25.85
2017-12-07,4732313,119812080,25.55,25.15,25.2,-0.4,2019,1402,25.55
2017-12-08,5984099,149433653,25.3,24.8,24.95,-0.25,2462,1402,25.25
2017-12-11,4661216,118707525,25.7,25.0,25.45,0.5,2001,1402,25.0
2017-12-12,3702939,93664054,25.55,25.15,25.3,-0.15,1731,1402,25.5
2017-12-13,2392934,60880947,25.55,25.35,25.45,0.15,1159,1402,25.35
2017-12-14,9345335,241953679,26.15,25.65,25.7,0.25,3078,1402,25.65
2017-12-15,6128417,156712945,25.85,25.4,25.6,-0.1,1229,1402,25.75
2017-12-18,2680566,68407990,25.65,25.45,25.45,-0.15,1214,1402,25.65
2017-12-19,2854420,72604811,25.7,25.35,25.4,-0.05,1076,1402,25.6
2017-12-20,4689803,120762365,25.85,25.5,25.85,0.45,2092,1402,25.6
2017-12-21,4002886,103339172,26.0,25.6,25.65,-0.2,1168,1402,25.8
2017-12-22,4089255,105988580,26.05,25.65,26.05,0.4,1566,1402,25.65
2017-12-25,2686712,69758127,26.05,25.85,26.0,-0.05,1139,1402,26.05
2017-12-26,2205760,56959425,25.95,25.7,25.85,-0.15,1222,1402,25.9
2017-12-27,1779675,46088035,26.05,25.75,25.95,0.1,605,1402,25.85
2017-12-28,12281520,322564907,26.65,25.85,26.3,0.35,3397,1402,26.0
2017-12-29,14732074,394940890,27.1,26.55,26.8,0.5,4342,1402,26.6
2018-01-02,10242170,276136879,27.2,26.8,26.8,0.0,4022,1402,27.0
2018-01-03,9017599,240740164,26.9,26.55,26.6,-0.2,2958,1402,26.85
2018-01-04,11931979,315004637,26.8,26.2,26.35,-0.25,5373,1402,26.7
2018-01-05,8505440,224497896,26.65,26.2,26.65,0.3,4029,1402,26.45
2018-01-08,11787858,313911278,26.9,26.4,26.5,-0.15,4693,1402,26.8
2018-01-09,8499315,226583789,26.8,26.5,26.75,0.25,4160,1402,26.55
2018-01-10,13764040,371258730,27.35,26.6,27.0,0.25,4317,1402,26.85
2018-01-11,9591867,257539027,27.15,26.7,26.75,-0.25,2999,1402,27.1
2018-01-12,8783778,236787898,27.2,26.8,26.9,0.15,3226,1402,26.95
2018-01-15,13505091,367514797,27.4,27.0,27.3,0.4,5576,1402,27.2
2018-01-16,12970225,351809837,27.6,26.85,27.0,-0.3,4770,1402,27.4
2018-01-17,7402828,199258895,27.1,26.8,26.9,-0.1,3326,1402,27.05
2018-01-18,8890632,240146505,27.1,26.9,27.0,0.1,3252,1402,27.1
2018-01-19,9833810,264686054,27.2,26.7,26.9,-0.1,4738,1402,27.1
2018-01-22,10754979,288158526,27.0,26.65,26.7,-0.2,4649,1402,26.9
2018-01-23,8763902,234414267,26.9,26.55,26.9,0.2,3964,1402,26.8
2018-01-24,11834841,313308178,26.85,26.25,26.55,-0.35,4027,1402,26.8
2018-01-25,8244332,217637268,26.6,26.25,26.4,-0.15,4255,1402,26.55
2018-01-26,6517720,171797578,26.6,26.2,26.55,0.15,2951,1402,26.5
2018-01-29,5950555,156983973,26.7,26.25,26.45,-0.1,2279,1402,26.65
2018-01-30,6486636,170199338,26.45,26.1,26.1,-0.35,3363,1402,26.45
2018-01-31,10537171,274336771,26.3,25.9,26.05,-0.05,3103,1402,26.1
2018-02-01,8232261,215276247,26.35,26.05,26.1,0.05,3881,1402,26.25
2018-02-02,10803805,285413453,26.55,26.05,26.35,0.25,3414,1402,26.05
2018-02-05,9658653,251027547,26.15,25.8,26.0,-0.35,2390,1402,26.0
2018-02-06,23802782,582454704,25.4,23.9,24.3,-1.7,9181,1402,25.25
2018-02-07,18960775,463866514,24.75,24.3,24.45,0.15,5619,1402,24.75
2018-02-08,7012350,171825815,24.7,24.35,24.5,0.05,3663,1402,24.55
2018-02-09,9456358,229125118,24.5,23.85,24.35,-0.15,3854,1402,23.95
2018-02-12,8014120,195279685,24.6,24.2,24.4,0.05,2558,1402,24.35
2018-02-21,10055585,252485136,25.4,24.8,25.4,1.0,4194,1402,25.05
2018-02-22,7159168,179696207,25.25,24.9,25.25,-0.15,2530,1402,25.15
2018-02-23,5958671,151510566,25.6,25.3,25.6,0.35,2958,1402,25.3
2018-02-26,6171625,159984759,26.1,25.75,25.95,0.35,2370,1402,25.8
2018-02-27,8664254,225134694,26.1,25.85,25.95,0.0,3177,1402,26.0
2018-03-01,6563237,169277953,26.05,25.3,25.75,-0.2,2609,1402,25.3
2018-03-02,5829132,148248662,25.6,25.25,25.5,-0.25,2162,1402,25.35
2018-03-05,4415454,112666696,25.85,25.4,25.5,0.0,1647,1402,25.4
2018-03-06,3319093,85235467,25.75,25.6,25.7,0.2,1978,1402,25.7
2018-03-07,3380576,86841186,25.75,25.4,25.7,0.0,1333,1402,25.4
2018-03-08,3176226,81725678,25.8,25.65,25.75,0.05,1798,1402,25.75
2018-03-09,2291669,58878649,25.8,25.55,25.65,-0.1,1164,1402,25.75
2018-03-12,3789529,97784079,25.85,25.7,25.85,0.2,1423,1402,25.8
2018-03-13,3756994,97615523,26.05,25.85,26.05,0.2,1652,1402,25.85
2018-03-14,5523843,143255182,26.25,25.75,25.75,-0.3,2189,1402,26.0
2018-03-15,3793593,97868859,25.9,25.75,25.75,0.0,1531,1402,25.75
2018-03-16,21012537,557095616,26.75,25.7,26.75,1.0,3745,1402,25.9
2018-03-19,6501954,170346183,26.45,26.1,26.15,-0.6,2790,1402,26.45
2018-03-20,3184497,82818972,26.1,25.9,26.1,-0.05,1659,1402,26.05
2018-03-21,2062363,53725297,26.15,25.95,26.1,0.0,966,1402,26.0
2018-03-22,2854103,74925536,26.4,26.15,26.3,0.2,1503,1402,26.3
2018-03-23,4544089,117171108,25.95,25.6,25.95,-0.35,1835,1402,25.65
2018-03-26,4482404,115561964,25.95,25.55,25.95,0.0,2364,1402,25.8
2018-03-27,3343774,87095013,26.15,25.95,26.1,0.15,1695,1402,26.05
2018-03-28,3200705,83182030,26.1,25.8,26.1,0.0,1417,1402,26.05
2018-03-29,5489039,143380654,26.3,26.0,26.25,0.15,2255,1402,26.3
2018-03-30,5021842,132187770,26.5,26.15,26.5,0.25,1952,1402,26.25
2018-03-31,1914914,50458866,26.5,26.2,26.45,-0.05,929,1402,26.5
2018-04-02,2861453,75479723,26.55,26.25,26.35,-0.1,1305,1402,26.4
2018-04-03,5038044,133333810,26.6,26.2,26.6,0.25,2539,1402,26.3
2018-04-09,7406116,198835209,27.05,26.6,27.05,0.45,3182,1402,26.8
2018-04-10,8563974,232573980,27.4,26.85,27.2,0.15,2872,1402,26.9
2018-04-11,4199696,113484411,27.2,26.95,27.0,-0.2,1541,1402,27.2
2018-04-12,3263504,87551396,27.05,26.7,26.8,-0.2,1344,1402,27.05
2018-04-13,2242589,59960859,26.95,26.65,26.65,-0.15,1196,1402,26.8
2018-04-16,3427599,91360548,26.9,26.5,26.65,0.0,1371,1402,26.65
2018-04-17,4232900,112208096,26.75,26.4,26.5,-0.15,1618,1402,26.75
2018-04-18,3589670,96293040,26.95,26.65,26.9,0.4,1554,1402,26.75
2018-04-19,4327887,117385782,27.2,26.95,27.2,0.3,1931,1402,26.95
2018-04-20,3171631,85849887,27.2,26.95,27.1,-0.1,1312,1402,27.15
2018-04-23,2885271,78063067,27.15,26.95,27.15,0.05,1048,1402,26.95
2018-04-24,3659176,98210951,27.0,26.7,26.85,-0.3,1746,1402,26.95
2018-04-25,5649807,152448365,27.2,26.6,27.2,0.35,3004,1402,26.65
2018-04-26,8006514,218354878,27.65,26.9,27.1,-0.1,2762,1402,27.35
2018-04-27,3472987,94321935,27.25,27.0,27.2,0.1,1535,1402,27.05
2018-04-30,16873330,471162942,28.4,27.3,28.4,1.2,4267,1402,27.3
2018-05-02,13436694,383082967,28.65,28.15,28.6,0.2,5385,1402,28.5
2018-05-03,6794298,191523044,28.4,27.95,28.15,-0.45,2512,1402,28.35
2018-05-04,4484516,124593629,28.1,27.55,27.7,-0.45,2093,1402,28.0
2018-05-07,6300707,176643396,28.15,27.8,28.1,0.4,2105,1402,27.95
2018-05-08,6556382,184929868,28.4,27.9,28.4,0.3,2126,1402,27.95
2018-05-09,6018581,170644843,28.45,28.25,28.3,-0.1,1966,1402,28.4
2018-05-10,5055325,143326834,28.45,28.2,28.2,-0.1,2038,1402,28.3
2018-05-11,3247878,92173290,28.45,28.25,28.35,0.15,1261,1402,28.4
2018-05-14,3947055,111745839,28.4,28.25,28.25,-0.1,1407,1402,28.35
2018-05-15,4212194,118472080,28.25,28.05,28.15,-0.1,2046,1402,28.25
2018-05-16,5898316,165745949,28.3,27.95,28.2,0.05,2331,1402,28.3
2018-05-17,3969754,111930708,28.3,28.1,28.15,-0.05,1762,1402,28.3
2018-05-18,8294953,237015032,28.75,28.15,28.65,0.5,2691,1402,28.25
2018-05-21,7802394,225782015,29.1,28.75,28.95,0.3,2285,1402,28.75
2018-05-22,7098118,205338879,29.05,28.65,28.9,-0.05,1920,1402,29.0
2018-05-23,8624762,251666269,29.3,28.95,29.2,0.3,3418,1402,29.0
2018-05-24,4347654,126905519,29.35,29.05,29.25,0.05,1868,1402,29.3
2018-05-25,5778817,167147232,29.3,28.65,28.75,-0.5,2197,1402,29.3
2018-05-28,4764789,136439103,29.0,28.5,28.7,-0.05,1687,1402,28.9
2018-05-29,4867172,139041564,28.8,28.4,28.8,0.1,2555,1402,28.7
2018-05-30,8672257,244337194,28.6,28.0,28.05,-0.75,4514,1402,28.55
2018-05-31,13202824,376594636,28.7,28.1,28.55,0.5,4727,1402,28.15
2018-06-01,3597190,103752508,29.0,28.4,28.95,0.4,2070,1402,28.55
2018-06-04,5246126,153469873,29.4,28.95,29.35,0.4,2073,1402,29.0
2018-06-05,4226575,124313341,29.5,29.15,29.5,0.15,1766,1402,29.4
2018-06-06,8113533,241546278,30.0,29.3,29.95,0.45,2683,1402,29.5
2018-06-07,6352349,188860729,29.95,29.5,29.8,-0.15,2350,1402,29.95
2018-06-08,4223401,125087025,29.85,29.45,29.65,-0.15,1795,1402,29.65
2018-06-11,5025440,146250196,29.75,28.95,29.0,-0.65,1987,1402,29.75
2018-06-12,5738925,167046875,29.45,28.8,29.1,0.1,2356,1402,28.8
2018-06-13,6473722,188826670,29.45,28.95,29.15,0.05,2197,1402,29.1
2018-06-14,7817921,224118541,29.1,28.5,28.55,-0.6,3063,1402,29.0
2018-06-15,15348782,449354609,29.6,28.4,29.6,1.05,3326,1402,28.6
2018-06-19,10000389,287366958,29.25,28.5,28.5,-1.1,4531,1402,29.2
2018-06-20,8395608,242031579,29.15,28.3,29.0,0.5,3373,1402,28.5
2018-06-21,4746274,137317153,29.2,28.65,28.8,-0.2,2165,1402,28.95
2018-06-22,5121213,147966668,29.1,28.6,28.85,0.05,2226,1402,28.8
2018-06-25,7938680,232981612,29.6,28.6,29.45,0.6,3769,1402,28.75
2018-06-26,6948768,200200564,29.4,28.55,28.8,-0.65,2889,1402,29.4
2018-06-27,3963541,114464688,29.05,28.75,28.8,0.0,1606,1402,28.8
2018-06-28,9525025,270545549,28.65,28.2,28.5,-0.3,3743,1402,28.65
2018-06-29,6773541,195446319,29.0,28.45,28.9,0.4,2295,1402,28.5
2018-07-02,5664833,164349053,29.2,28.75,28.9,0.0,1599,1402,28.9
2018-07-03,11466994,336201705,29.65,28.85,29.55,0.65,4168,1402,28.9
2018-07-04,19738621,599193315,30.9,29.55,30.8,1.25,6186,1402,29.6
2018-07-05,16451975,512586404,31.5,30.7,30.9,0.1,6790,1402,31.2
2018-07-06,20919530,657762802,31.75,31.0,31.5,0.6,8004,1402,31.15
2018-07-09,19383711,622253854,32.55,31.5,32.35,0.85,6553,1402,31.7
2018-07-10,14649538,472649385,32.95,31.75,32.05,-0.3,6126,1402,32.85
2018-07-11,13957169,443521244,32.2,31.4,31.9,-0.15,5934,1402,31.75
2018-07-12,15493015,491592057,32.0,31.45,32.0,0.1,5526,1402,31.9
2018-07-13,10601923,338888766,32.3,31.8,32.1,0.1,3604,1402,32.3
2018-07-16,6667054,211752192,32.3,31.6,31.7,-0.4,4317,1402,32.15
2018-07-17,9897625,315586379,32.15,31.55,32.0,0.3,3705,1402,31.55
2018-07-18,25192380,825757190,33.3,31.7,33.25,1.25,7299,1402,32.0
2018-07-19,16119554,516726438,32.75,31.6,31.8,0.0,4826,1402,32.3
2018-07-20,18951260,606051157,32.4,31.6,32.2,0.4,5882,1402,32.0
2018-07-23,15547662,503640295,33.2,32.05,32.2,0.0,5233,1402,32.3
2018-07-24,11549522,376733148,32.9,32.2,32.65,0.45,4807,1402,32.9
2018-07-25,8637016,279024300,32.85,32.05,32.2,-0.45,3626,1402,32.65
2018-07-26,12262020,397246473,32.9,32.05,32.85,0.65,4180,1402,32.7
2018-07-27,12441292,401946102,32.8,32.05,32.25,-0.6,4939,1402,32.8
2018-07-30,5246257,168443124,32.35,32.0,32.15,-0.1,2250,1402,32.25
2018-07-31,9152522,295571911,32.6,32.1,32.6,0.45,4107,1402,32.4
2018-08-01,10820688,347558984,32.7,31.8,32.3,-0.3,4896,1402,32.7
2018-08-02,17290680,537079383,32.3,30.6,30.75,-1.55,6814,1402,32.3
2018-08-03,6835979,212573290,31.45,30.8,31.25,0.5,3316,1402,31.4
2018-08-06,8901985,283183592,32.15,31.15,32.1,0.85,3524,1402,31.3
2018-08-07,11995252,385599064,32.55,31.75,32.0,-0.1,4863,1402,32.1
2018-08-08,5738589,183950698,32.3,31.85,32.2,0.2,2987,1402,32.1
2018-08-09,6246549,200797425,32.35,31.85,32.1,-0.1,2282,1402,32.0
2018-08-10,3712245,118655880,32.25,31.8,31.8,-0.3,1547,1402,31.9
2018-08-13,5755406,182506257,31.95,31.55,31.8,0.0,2504,1402,31.8
2018-08-14,14256465,463425137,32.75,31.75,32.75,0.95,4525,1402,31.8
2018-08-15,18614264,603319288,33.2,31.75,32.25,-0.5,5842,1402,33.2
2018-08-16,8914749,284153793,32.25,31.6,32.25,0.0,3304,1402,31.65
2018-08-17,7704145,249284813,32.5,32.1,32.45,0.2,3152,1402,32.4
2018-08-20,7948732,257450653,32.7,32.05,32.5,0.05,2978,1402,32.5
2018-08-21,21889577,732325245,34.1,32.65,34.05,1.55,7769,1402,32.65
2018-08-22,36183013,1270855005,35.65,34.2,35.2,1.15,12644,1402,34.25
2018-08-23,39412093,1440907291,37.25,35.6,37.25,2.05,13257,1402,35.65
2018-08-24,31303480,1128580335,37.2,35.35,36.0,-1.25,11693,1402,37.2
2018-08-27,20781342,739669298,36.75,35.05,35.7,-0.3,8869,1402,36.75
2018-08-28,13019417,466322808,36.2,35.55,35.95,0.25,6715,1402,36.0
2018-08-29,12256458,436917800,36.0,35.35,35.7,-0.25,6121,1402,36.0
2018-08-30,16127879,578868670,36.65,35.3,35.7,0.0,7335,1402,35.9
2018-08-31,12099678,429724678,35.9,35.15,35.75,0.05,4852,1402,35.9
2018-09-03,12001412,418753023,35.7,34.4,34.6,-1.15,4128,1402,35.7
2018-09-04,10805695,375187603,35.0,34.45,34.75,0.15,3515,1402,34.9
2018-09-05,18477397,647364671,35.45,34.7,34.7,-0.05,7929,1402,35.0
2018-09-06,13631555,471671741,35.1,34.2,34.35,-0.35,6082,1402,34.8
2018-09-07,16700730,572469873,34.75,33.95,34.05,-0.3,5823,1402,34.2
2018-09-10,20560515,708410412,35.2,33.95,34.5,0.45,8008,1402,34.6
2018-09-11,26749033,940580144,35.65,34.65,35.45,0.95,8804,1402,34.95
2018-09-12,24110793,863172459,36.25,35.0,35.45,0.0,9006,1402,35.65
2018-09-13,16771370,597533212,35.95,35.25,35.65,0.2,5819,1402,35.75
2018-09-14,18624103,671626608,36.4,35.75,36.05,0.4,5761,1402,36.0
2018-09-17,9558138,343224753,36.25,35.75,35.75,-0.3,3959,1402,36.2
2018-09-18,15160704,547938158,36.4,36.0,36.15,0.4,5839,1402,36.0
2018-09-19,20951811,770303008,37.1,36.1,37.0,0.85,8823,1402,36.2
2018-09-20,29496925,1065335745,37.3,35.25,35.8,-1.2,10060,1402,37.2
2018-09-21,28789816,1064891138,37.4,36.1,37.4,1.6,10525,1402,36.1
2018-09-25,14171385,516107109,37.1,35.95,36.2,-1.2,5730,1402,37.05
2018-09-26,8327157,299398802,36.35,35.8,36.0,-0.2,4337,1402,36.25
2018-09-27,8579525,309900789,36.35,35.85,36.35,0.35,3630,1402,36.2
2018-09-28,14540647,517794623,36.2,35.3,35.7,-0.65,5158,1402,36.15
2018-10-01,13457434,469150275,35.6,34.65,34.8,-0.9,5831,1402,35.5
2018-10-02,11118110,390115214,35.45,34.5,35.4,0.6,5577,1402,34.8
2018-10-03,8042032,285411569,35.7,35.25,35.4,0.0,3145,1402,35.55
2018-10-04,8960452,312967520,35.35,34.7,35.15,-0.25,5004,1402,35.35
2018-10-05,9505108,327654601,35.0,33.95,34.5,-0.65,4454,1402,34.85
2018-10-08,9391926,327722949,35.2,34.3,35.05,0.55,4278,1402,34.3
2018-10-09,17213288,610788284,35.9,34.6,35.85,0.8,5752,1402,35.1
2018-10-11,24936726,814005486,34.1,32.3,32.35,-3.5,8154,1402,33.9
2018-10-12,15522533,505899236,33.35,31.4,33.25,0.9,7053,1402,31.6
2018-10-15,14747515,473246640,33.1,31.65,32.1,-1.15,5539,1402,32.75
2018-10-16,27892698,863203647,31.95,30.25,31.05,-1.05,9307,1402,31.8
2018-10-17,11789620,374029944,32.1,31.35,31.55,0.5,5957,1402,31.7
2018-10-18,10028701,322460352,32.5,31.7,32.05,0.5,4380,1402,32.1
2018-10-19,16693533,520616973,31.8,30.85,31.25,-0.8,5250,1402,31.8
2018-10-22,12103453,385896450,32.3,31.2,32.2,0.95,4675,1402,31.3
2018-10-23,11740993,368393271,32.05,30.95,31.2,-1.0,4843,1402,32.05
2018-10-24,13168341,403585227,31.35,30.3,30.7,-0.5,6578,1402,31.3
2018-10-25,13000193,392290430,30.8,29.35,30.2,-0.5,6274,1402,29.5
2018-10-26,10087262,302828114,30.5,29.7,30.0,-0.2,4474,1402,30.35
2018-10-29,16343916,489351180,30.4,29.15,29.95,-0.05,4492,1402,30.1
2018-10-30,10722989,325807207,31.0,29.95,30.15,0.2,3621,1402,30.15
2018-10-31,8946429,276034599,31.05,30.3,31.05,0.9,3009,1402,30.4
2018-11-01,6028833,184907257,30.95,30.5,30.65,-0.4,2683,1402,30.8
2018-11-02,10996257,344258813,31.7,30.8,31.65,1.0,4420,1402,31.0
2018-11-05,8138462,250269387,31.25,30.45,30.85,-0.8,3353,1402,31.15
2018-11-06,6251112,194459193,31.35,30.85,30.9,0.05,1994,1402,31.35
2018-11-07,4764471,149462431,31.55,30.95,31.45,0.55,1769,1402,30.95
2018-11-08,7384815,234520435,31.95,31.35,31.8,0.35,3185,1402,31.7
2018-11-09,7748949,240185760,31.7,30.7,30.95,-0.85,3205,1402,31.7
2018-11-12,5762397,180233918,31.5,30.6,31.5,0.55,2261,1402,30.7
2018-11-13,4240802,132736735,31.6,30.65,31.5,0.0,2048,1402,30.65
2018-11-14,6071431,191046030,31.7,31.2,31.5,0.0,2388,1402,31.4
2018-11-15,8463643,262711915,31.65,30.75,31.2,-0.3,3548,1402,31.6
2018-11-16,32256296,961022021,30.8,29.35,29.35,-1.85,11111,1402,30.7
2018-11-19,13433042,395142533,29.75,29.2,29.45,0.1,6255,1402,29.35
2018-11-20,10804851,314472223,29.3,28.9,29.25,-0.2,5436,1402,29.3
2018-11-21,9130753,264933267,29.2,28.7,29.2,-0.05,3768,1402,29.05
2018-11-22,5527372,160002890,29.2,28.8,28.85,-0.35,2297,1402,29.2
2018-11-23,10444542,296365390,28.9,28.15,28.45,-0.4,4461,1402,28.9
2018-11-26,8301644,238329434,29.3,28.3,28.75,0.3,3506,1402,28.7
2018-11-27,11547791,325953994,28.75,28.05,28.2,-0.55,4775,1402,28.75
2018-11-28,12201212,347300748,28.7,28.3,28.6,0.4,5273,1402,28.4
2018-11-29,11314536,322446573,28.85,28.3,28.3,-0.3,4649,1402,28.85
2018-11-30,14932245,425577529,28.7,28.3,28.45,0.15,3618,1402,28.5
2018-12-03,13925905,405203902,29.4,28.7,29.3,0.85,4860,1402,28.7
2018-12-04,11924519,343397364,29.3,28.6,28.6,-0.7,4399,1402,29.2
2018-12-05,9752435,275407460,28.4,28.05,28.4,-0.2,3578,1402,28.2
2018-12-06,8104382,228113682,28.3,28.05,28.15,-0.25,3885,1402,28.25
2018-12-07,6186729,176618850,28.8,28.3,28.75,0.6,2590,1402,28.3
2018-12-10,7046625,202057446,28.9,28.25,28.65,-0.1,2961,1402,28.3
2018-12-11,5628177,161838020,29.05,28.6,28.65,0.0,2543,1402,28.75
2018-12-12,10984983,314575947,28.85,28.55,28.6,-0.05,3996,1402,28.85
2018-12-13,8467571,240791690,28.7,28.2,28.45,-0.15,3848,1402,28.65
2018-12-14,13322551,375358659,28.4,28.05,28.15,-0.3,4980,1402,28.3
2018-12-17,7260069,207485289,28.9,28.2,28.8,0.65,2823,1402,28.3
2018-12-18,8457821,239894224,28.65,28.2,28.2,-0.6,3099,1402,28.6
2018-12-19,5821496,165418329,28.55,28.2,28.5,0.3,2975,1402,28.4
2018-12-20,5387709,153092545,28.75,28.2,28.3,-0.2,2760,1402,28.2
2018-12-21,17720690,492188049,28.2,27.5,27.6,-0.7,5178,1402,28.2
2018-12-22,1933433,53299766,27.8,27.5,27.5,-0.1,839,1402,27.6
2018-12-24,5435818,152527188,28.3,27.65,28.25,0.75,2036,1402,27.7
2018-12-25,3093780,86351140,28.1,27.7,27.95,-0.3,1484,1402,27.7
2018-12-26,1787482,49764046,28.1,27.65,27.65,-0.3,971,1402,28.0
2018-12-27,9401501,260055740,28.0,27.45,27.5,-0.15,3515,1402,28.0
2018-12-28,6293171,175280606,28.0,27.55,27.9,0.4,2259,1402,27.55
2019-01-02,7797129,218596816,28.25,27.75,28.05,0.15,2434,1402,28.15
2019-01-03,7292416,204872445,28.25,27.7,28.2,0.15,2595,1402,27.95
2019-01-04,8448409,238132447,28.5,27.7,28.25,0.05,2940,1402,27.85
2019-01-07,9626562,275962519,28.8,28.35,28.7,0.45,2988,1402,28.6
2019-01-08,10008606,289016644,29.0,28.55,28.85,0.15,4074,1402,28.85
2019-01-09,10590482,309403640,29.35,28.85,29.3,0.45,4427,1402,29.05
2019-01-10,7699399,225223243,29.4,28.85,29.35,0.05,3653,1402,29.1
2019-01-11,7858807,230356507,29.5,29.05,29.3,-0.05,3696,1402,29.3
2019-01-14,7260681,210604999,29.25,28.65,29.0,-0.3,3152,1402,29.2
2019-01-15,12001808,353665681,29.75,29.1,29.55,0.55,4230,1402,29.2
2019-01-16,13436322,391468847,29.5,29.0,29.05,-0.5,4568,1402,29.4
2019-01-17,10506489,305727443,29.3,28.85,28.95,-0.1,3906,1402,29.1
2019-01-18,8804195,254607882,29.25,28.75,28.8,-0.15,2989,1402,29.05
2019-01-21,7745039,226011819,29.4,29.0,29.2,0.4,3205,1402,29.1
2019-01-22,9555069,281661272,29.6,29.15,29.4,0.2,2987,1402,29.2
2019-01-23,8120644,238293697,29.55,29.1,29.35,-0.05,2736,1402,29.1
2019-01-24,6170983,181661242,29.6,29.25,29.6,0.25,3273,1402,29.25
2019-01-25,9268159,273638816,29.65,29.3,29.55,-0.05,3153,1402,29.4
2019-01-28,6447585,190997912,29.75,29.4,29.7,0.15,2229,1402,29.6
2019-01-29,10112766,298202215,29.85,29.2,29.4,-0.3,3430,1402,29.5
2019-01-30,10586623,311165436,29.7,28.85,29.7,0.3,3934,1402,29.05
2019-02-11,10343977,306185595,30.1,29.3,29.65,-0.05,4187,1402,30.1
2019-02-12,6608258,195680671,29.85,29.4,29.8,0.15,3337,1402,29.6
2019-02-13,8979669,268802557,30.15,29.75,30.0,0.2,4152,1402,29.8
2019-02-14,7735378,232854790,30.3,29.85,30.0,0.0,2686,1402,29.95
2019-02-15,10350133,312076440,30.3,29.9,30.05,0.05,3469,1402,29.95
2019-02-18,5564065,169190795,30.55,30.15,30.25,0.2,1821,1402,30.15
2019-02-19,4908519,151085040,31.05,30.3,30.7,0.45,2144,1402,30.3
2019-02-20,6839483,211536712,31.15,30.7,31.0,0.3,2853,1402,30.85
2019-02-21,6856986,212812316,31.25,30.9,31.2,0.2,2367,1402,31.0
2019-02-22,5424680,167879451,31.2,30.65,31.2,0.0,2097,1402,31.05
2019-02-25,5277020,165903714,31.6,31.2,31.5,0.3,2145,1402,31.3
2019-02-26,6965446,217696033,31.6,30.85,31.25,-0.25,2528,1402,31.5
2019-02-27,15296195,466237489,31.05,30.25,30.5,-0.75,5595,1402,31.0
2019-03-04,11849098,356309490,30.45,29.95,30.0,-0.5,3883,1402,30.3
2019-03-05,5706287,170989710,30.1,29.85,30.0,0.0,2313,1402,29.9
2019-03-06,8701652,261841250,30.25,30.0,30.15,0.15,3224,1402,30.0
2019-03-07,7001811,210356780,30.15,29.9,30.1,-0.05,1942,1402,29.9
2019-03-08,7697894,229371338,30.0,29.7,29.75,-0.35,2424,1402,29.9
2019-03-11,5819142,173526694,30.0,29.65,29.85,0.1,2885,1402,29.65
2019-03-12,4640349,140120909,30.3,29.95,30.3,0.45,1828,1402,30.0
2019-03-13,6434517,192814570,30.15,29.8,29.95,-0.35,2829,1402,30.15
2019-03-14,7448399,222705029,30.15,29.7,29.95,0.0,2726,1402,29.95
2019-03-15,8746934,261883067,30.15,29.85,29.9,-0.05,2232,1402,29.85
2019-03-18,5692167,171119405,30.2,29.95,30.2,0.3,1880,1402,29.95
2019-03-19,7247745,220961113,30.6,30.15,30.5,0.3,2932,1402,30.25
2019-03-20,6934172,212061914,30.75,30.4,30.5,0.0,3166,1402,30.5
2019-03-21,6944298,214442588,31.05,30.5,31.0,0.5,2816,1402,30.5
2019-03-22,10365276,322811321,31.35,30.85,31.3,0.3,3394,1402,31.0
2019-03-25,8258978,256965452,31.3,30.85,31.3,0.0,2903,1402,30.85
2019-03-26,8840561,274170859,31.4,30.8,30.9,-0.4,3710,1402,31.2
2019-03-27,5715916,177234097,31.1,30.9,31.05,0.15,2309,1402,30.95
2019-03-28,8373524,256869799,31.05,30.5,30.85,-0.2,2765,1402,30.8
2019-03-29,12078646,369281762,30.85,30.45,30.45,-0.4,3808,1402,30.7
2019-04-01,8113201,248546021,30.9,30.45,30.5,0.05,2775,1402,30.55
2019-04-02,6116350,188535416,31.0,30.6,31.0,0.5,2243,1402,30.75
2019-04-03,11625067,367550963,32.05,31.1,31.9,0.9,4589,1402,31.15
2019-04-08,17135952,557081014,32.95,32.05,32.1,0.2,5143,1402,32.55
2019-04-09,15695277,511314244,32.8,32.05,32.5,0.4,6633,1402,32.15
2019-04-10,10508884,341408483,32.6,32.1,32.6,0.1,3156,1402,32.3
2019-04-11,14152744,463211016,33.2,32.2,32.3,-0.3,4220,1402,32.8
2019-04-12,6698531,217295288,32.6,32.15,32.55,0.25,2129,1402,32.55
2019-04-15,6059703,197628732,32.85,32.45,32.6,0.05,2722,1402,32.75
2019-04-16,5072160,165086019,32.65,32.4,32.6,0.0,1681,1402,32.55
2019-04-17,5108891,166652850,32.8,32.4,32.65,0.05,2526,1402,32.7
2019-04-18,14837471,475125709,32.6,31.7,31.8,-0.85,3291,1402,32.6
2019-04-19,4298100,137309265,32.1,31.75,31.95,0.15,1056,1402,31.8
2019-04-22,4220402,136292105,32.45,31.95,32.45,0.5,1399,1402,32.0
2019-04-23,6753038,219225674,32.65,32.1,32.6,0.15,2504,1402,32.5
2019-04-24,6097362,198875334,32.7,32.5,32.7,0.1,2432,1402,32.6
2019-04-25,2888983,94283790,32.7,32.5,32.65,-0.05,1058,1402,32.6
2019-04-26,9529106,313870639,33.25,32.6,33.25,0.6,3204,1402,32.8
2019-04-29,10069353,338663630,33.85,33.4,33.65,0.4,4181,1402,33.5
2019-04-30,8015813,269592708,33.9,33.3,33.7,0.05,2667,1402,33.65
2019-05-02,16555258,547532559,33.85,32.75,32.85,-0.85,4889,1402,33.8
2019-05-03,7861186,261668226,33.5,33.0,33.2,0.35,3027,1402,33.1
2019-05-06,12325264,402858069,32.85,32.55,32.65,-0.55,3460,1402,32.7
2019-05-07,11099574,362920955,32.9,32.4,32.8,0.15,3115,1402,32.75
2019-05-08,9960607,324205827,32.85,32.2,32.85,0.05,3007,1402,32.5
2019-05-09,12820034,416301842,32.65,32.2,32.55,-0.3,4217,1402,32.45
2019-05-10,12541935,401937870,32.65,31.7,31.95,-0.6,4353,1402,32.55
2019-05-13,5575499,177336602,32.15,31.7,31.7,-0.25,1379,1402,31.95
2019-05-14,10007609,315011437,31.7,31.1,31.5,-0.2,4433,1402,31.45
2019-05-15,5688324,180076510,31.9,31.45,31.6,0.1,2232,1402,31.45
2019-05-16,10655892,336556255,32.0,31.0,31.75,0.15,3703,1402,31.15
2019-05-17,10190790,323510973,32.25,31.5,31.75,0.0,4101,1402,32.05
2019-05-20,20902126,684603186,33.15,32.0,32.6,0.85,7912,1402,32.0
2019-05-21,20030459,645323921,33.05,31.8,32.05,-0.55,6743,1402,32.95
2019-05-22,10382761,327493144,31.9,31.35,31.5,-0.55,4054,1402,31.85
2019-05-23,8558875,267573609,31.6,31.0,31.45,-0.05,3588,1402,31.6
2019-05-24,4105177,128650251,31.65,31.2,31.35,-0.1,2131,1402,31.6
2019-05-27,11580663,367746059,32.05,31.35,31.5,0.15,3886,1402,31.5
2019-05-28,12121447,382969922,31.75,31.35,31.6,0.1,1860,1402,31.4
2019-05-29,10782899,344858879,32.3,31.4,32.25,0.65,4079,1402,31.5
2019-05-30,13793721,447465775,32.7,32.1,32.25,0.0,4870,1402,32.15
2019-05-31,8178618,266970259,32.8,32.2,32.8,0.55,3224,1402,32.2
2019-06-03,3762144,122883759,32.9,32.25,32.8,0.0,1901,1402,32.65
2019-06-04,5889803,193469329,33.0,32.65,32.8,0.0,2405,1402,32.7
2019-06-05,5893982,192466352,33.15,32.5,32.6,-0.2,2301,1402,33.1
2019-06-06,5566875,182106665,32.85,32.45,32.75,0.15,1680,1402,32.5
2019-06-10,4582134,150864122,33.05,32.8,32.8,0.05,1783,1402,33.0
2019-06-11,5421093,178555938,33.05,32.8,33.0,0.2,1888,1402,33.0
2019-06-12,4874972,160993265,33.1,32.95,33.1,0.1,1893,1402,33.05
2019-06-13,5523078,180772932,33.15,32.5,32.7,-0.4,1841,1402,33.15
2019-06-14,4324026,141570088,33.0,32.45,32.7,0.0,2094,1402,32.7
2019-06-17,3920483,129401389,33.1,32.8,33.0,0.3,1698,1402,32.95
2019-06-18,5076556,167761698,33.25,32.95,33.1,0.1,2366,1402,33.0
2019-06-19,11449460,379441428,33.4,32.85,33.25,0.15,4093,1402,33.35
2019-06-20,8993918,300210245,33.55,33.15,33.4,0.15,3424,1402,33.5
2019-06-21,12152897,403527101,33.5,33.1,33.1,-0.3,3371,1402,33.4
2019-06-24,6014774,201624938,33.75,33.15,33.75,0.65,2365,1402,33.25
2019-06-25,5640803,188708360,33.85,33.3,33.45,-0.3,2848,1402,33.75
2019-06-26,3068744,102772567,33.6,33.4,33.5,0.05,1458,1402,33.45
2019-06-27,9948512,338850987,34.4,33.6,33.95,0.45,3695,1402,33.6
2019-06-28,7442724,249410795,33.9,33.25,33.5,-0.45,3148,1402,33.75
2019-07-01,5128673,173543981,33.95,33.65,33.85,0.35,2791,1402,33.8
2019-07-02,6801217,231084036,34.1,33.75,34.05,0.2,2189,1402,33.8
2019-07-03,5508298,187618739,34.2,33.95,34.05,0.0,1965,1402,34.0
2019-07-04,5208620,177388380,34.2,33.95,34.0,-0.05,1876,1402,34.15
2019-07-05,4434477,151466750,34.25,34.1,34.2,0.2,1365,1402,34.1
2019-07-08,4912907,167447120,34.3,33.95,34.1,-0.1,1827,1402,34.25
2019-07-09,4887102,165972181,34.15,33.85,33.85,-0.25,1667,1402,34.05
2019-07-10,3444455,116976519,34.1,33.85,33.9,0.05,1600,1402,34.1
2019-07-11,3683455,125029612,34.2,33.9,33.9,0.0,1778,1402,34.1
2019-07-12,5115269,173183934,33.95,33.8,33.8,-0.1,2247,1402,33.85
2019-07-15,5555710,187965485,34.0,33.75,33.8,0.0,2348,1402,34.0
2019-07-16,8126088,274808815,33.9,33.75,33.8,0.0,3331,1402,33.85
2019-07-17,12138340,413858560,34.3,33.95,34.1,0.3,3803,1402,34.3
2019-07-18,11345877,385394456,34.1,33.9,33.9,-0.2,3631,1402,34.1
2019-07-19,15617771,498223054,32.2,31.5,31.5,0.0,4681,1402,32.2
2019-07-22,7871196,247206648,31.7,31.25,31.25,-0.25,3002,1402,31.6
2019-07-23,11920909,368655922,31.35,30.7,30.8,-0.45,3929,1402,31.25
2019-07-24,6216207,190691637,31.05,30.5,30.5,-0.3,2946,1402,30.8
2019-07-25,9009378,274025031,30.65,30.25,30.25,-0.25,3233,1402,30.55
2019-07-26,7735668,233190961,30.4,30.05,30.15,-0.1,4253,1402,30.3
2019-07-29,4799932,145148767,30.35,30.1,30.35,0.2,1822,1402,30.15
2019-07-30,11761388,351981136,30.35,29.75,30.0,-0.35,4172,1402,30.35
2019-07-31,12634446,375493172,30.0,29.6,29.6,-0.4,3352,1402,30.0
2019-08-01,10947002,321251491,29.65,29.2,29.25,-0.35,3626,1402,29.45
2019-08-02,9320146,269233136,29.15,28.75,28.9,-0.35,3430,1402,29.15
2019-08-05,6708149,194299855,29.1,28.75,29.1,0.2,3425,1402,28.9
2019-08-06,8515806,245289994,28.9,28.6,28.9,-0.2,3202,1402,28.8
2019-08-07,7206246,206380172,28.95,28.5,28.55,-0.35,3355,1402,28.95
2019-08-08,3507956,100748360,28.85,28.55,28.75,0.2,1707,1402,28.6
2019-08-12,6276085,178955316,28.65,28.4,28.45,-0.3,3601,1402,28.55
2019-08-13,7533740,212081706,28.45,28.0,28.05,-0.4,3850,1402,28.45
2019-08-14,6454306,182326144,28.5,28.1,28.3,0.25,3958,1402,28.35
2019-08-15,27773056,761964198,28.1,27.0,27.5,-0.8,12424,1402,28.1
2019-08-16,10933354,307487393,28.4,27.65,28.3,0.8,3915,1402,27.7
2019-08-19,8656685,247624772,28.85,28.4,28.55,0.25,3141,1402,28.45
2019-08-20,8901230,253086273,28.65,28.3,28.35,-0.2,3606,1402,28.65
2019-08-21,11413521,323243039,28.65,28.1,28.2,-0.15,5717,1402,28.35
2019-08-22,9314411,261421208,28.4,27.9,27.9,-0.3,3305,1402,28.35
2019-08-23,7301700,205370746,28.25,27.8,28.25,0.35,2107,1402,27.9
2019-08-26,5611986,156877095,28.2,27.7,27.95,-0.3,2886,1402,27.7
2019-08-27,12938599,360083622,28.2,27.75,27.75,-0.2,4403,1402,28.15
2019-08-28,4703384,131220152,28.05,27.8,27.9,0.15,2300,1402,28.0
2019-08-29,5939610,166230752,28.25,27.8,28.2,0.3,2438,1402,28.0
2019-08-30,7503215,213088116,28.5,28.25,28.5,0.3,2672,1402,28.45
2019-09-02,5504702,157281624,28.7,28.45,28.7,0.2,2024,1402,28.5
2019-09-03,8618236,247817599,29.05,28.6,28.7,0.0,3213,1402,28.7
2019-09-04,6483662,186472121,28.9,28.55,28.85,0.15,2147,1402,28.7
2019-09-05,8700363,253047038,29.25,28.85,29.2,0.35,3012,1402,29.0
2019-09-06,6606772,193023900,29.35,29.05,29.3,0.1,2535,1402,29.3
2019-09-09,5855308,171949823,29.45,29.3,29.4,0.1,2809,1402,29.35
2019-09-10,9586102,276982608,29.4,28.75,28.75,-0.65,3561,1402,29.4
2019-09-11,6304053,182255466,29.15,28.75,28.9,0.15,2825,1402,28.85
2019-09-12,5961457,172893768,29.2,28.85,29.0,0.1,2155,1402,29.2
2019-09-16,10692524,315959743,29.9,29.25,29.5,0.5,4336,1402,29.45
2019-09-17,8426975,246085498,29.6,29.05,29.3,-0.2,4118,1402,29.5
2019-09-18,5545629,161728938,29.25,29.05,29.1,-0.2,3216,1402,29.2
2019-09-19,8265639,238529388,29.2,28.65,28.7,-0.4,3495,1402,29.1
2019-09-20,11048473,320469223,29.15,28.7,29.15,0.45,2049,1402,28.75
2019-09-23,6472074,186955376,29.2,28.75,28.8,-0.35,3419,1402,29.2
2019-09-24,4618837,132991637,29.0,28.65,28.8,0.0,1887,1402,28.9
2019-09-25,2922885,83887283,28.8,28.65,28.7,-0.1,1474,1402,28.7
2019-09-26,5441321,155610491,28.9,28.45,28.5,-0.2,2359,1402,28.9
2019-09-27,4603986,131495686,28.65,28.45,28.65,0.15,1720,1402,28.6
2019-10-01,9147623,263208710,29.0,28.55,28.65,0.0,3599,1402,28.7
2019-10-02,8389467,238255954,28.6,28.3,28.3,-0.35,3494,1402,28.5
2019-10-03,4506897,126946116,28.35,28.0,28.2,-0.1,1934,1402,28.1
2019-10-04,4073217,115450183,28.55,28.2,28.2,0.0,1279,1402,28.25
2019-10-07,5531991,158107476,28.75,28.35,28.7,0.5,1867,1402,28.35
2019-10-08,6069293,174383749,28.9,28.55,28.55,-0.15,2249,1402,28.9
2019-10-09,6624819,188668837,28.65,28.35,28.35,-0.2,2236,1402,28.5
2019-10-14,8833717,254108178,28.95,28.65,28.8,0.45,3836,1402,28.65
2019-10-15,9637543,279330700,29.25,28.7,29.25,0.45,3952,1402,28.8
2019-10-16,8837718,258632132,29.4,29.1,29.25,0.0,4213,1402,29.25
2019-10-17,9417136,277110303,29.55,29.25,29.5,0.25,3683,1402,29.3
2019-10-18,18209903,534383196,29.65,29.2,29.2,-0.3,3156,1402,29.5
2019-10-21,5309850,155745033,29.45,29.2,29.4,0.2,2488,1402,29.35
2019-10-22,7456764,220375951,29.7,29.45,29.6,0.2,2692,1402,29.5
2019-10-23,6789946,200101499,29.65,29.3,29.4,-0.2,3040,1402,29.6
2019-10-24,3965709,116322728,29.45,29.25,29.4,0.0,2009,1402,29.4
2019-10-25,4738677,138363310,29.5,29.05,29.15,-0.25,2127,1402,29.5
2019-10-28,4824158,140390236,29.3,29.0,29.05,-0.1,2279,1402,29.25
2019-10-29,4261343,123875851,29.3,28.95,29.05,0.0,1834,1402,29.2
2019-10-30,6664749,195994386,29.55,29.1,29.55,0.5,2825,1402,29.2
2019-10-31,8166557,241393271,29.8,29.35,29.6,0.05,3038,1402,29.7
2019-11-01,12476039,372451197,30.15,29.65,29.7,0.1,4615,1402,29.65
2019-11-04,20014892,607255108,30.5,30.0,30.5,0.8,7633,1402,30.1
2019-11-05,11312189,347498945,30.9,30.6,30.75,0.25,4421,1402,30.75
2019-11-06,11388855,347750763,30.75,30.35,30.65,-0.1,4591,1402,30.7
2019-11-07,8985492,274003063,30.8,30.4,30.55,-0.1,5052,1402,30.75
2019-11-08,7048680,213989038,30.7,30.25,30.25,-0.3,3653,1402,30.7
2019-11-11,14185962,425420090,30.3,29.85,29.9,-0.35,5600,1402,30.3
2019-11-12,7279992,217891260,30.1,29.8,30.0,0.1,2653,1402,30.1
2019-11-13,5186554,155225044,30.2,29.8,29.8,-0.2,2389,1402,30.0
2019-11-14,7102965,211588695,30.0,29.7,29.75,-0.05,3414,1402,29.8
2019-11-15,6417792,191267997,30.0,29.7,29.75,0.0,2989,1402,29.75
2019-11-18,7281541,216794180,29.9,29.6,29.85,0.1,2846,1402,29.9
2019-11-19,7577628,226612605,30.15,29.6,30.05,0.2,2663,1402,29.65
2019-11-20,10298451,307620924,30.05,29.65,29.8,-0.25,4335,1402,30.05
2019-11-21,7589920,225077763,29.75,29.55,29.7,-0.1,2782,1402,29.7
2019-11-22,6145599,181811546,29.8,29.5,29.55,-0.15,2495,1402,29.8
2019-11-25,5611138,166589041,29.75,29.55,29.75,0.2,1425,1402,29.6
2019-11-26,23865793,714712178,30.1,29.65,29.95,0.2,3146,1402,29.8
2019-11-27,6938685,208261600,30.2,29.9,30.1,0.15,2360,1402,29.95
2019-11-28,6542315,196922780,30.2,29.95,30.15,0.05,2512,1402,30.1
2019-11-29,8509945,253346651,30.2,29.55,29.75,-0.4,2657,1402,30.2
2019-12-02,4528452,133877843,29.8,29.5,29.65,-0.1,1968,1402,29.75
2019-12-03,6985194,205688837,29.55,29.35,29.55,-0.1,2876,1402,29.5
2019-12-04,6331841,185359878,29.5,29.2,29.25,-0.3,3413,1402,29.5
2019-12-05,5261746,154362747,29.5,29.15,29.25,0.0,2159,1402,29.3
2019-12-06,3823270,111844262,29.45,29.1,29.35,0.1,2203,1402,29.45
2019-12-09,3329439,97486497,29.35,29.25,29.25,-0.1,1299,1402,29.35
2019-12-10,4403908,128495303,29.25,29.15,29.2,-0.05,2604,1402,29.2
2019-12-11,3739054,109259913,29.3,29.1,29.3,0.1,1481,1402,29.2
2019-12-12,9600985,281158494,29.4,29.2,29.3,0.0,3586,1402,29.25
2019-12-13,9958845,293493479,29.55,29.3,29.5,0.2,3595,1402,29.4
2019-12-16,7042265,209266182,29.95,29.4,29.85,0.35,3254,1402,29.5
2019-12-17,8935326,268635180,30.2,29.9,30.2,0.35,4561,1402,29.9
2019-12-18,7072454,213561873,30.3,30.1,30.15,-0.05,3250,1402,30.2
2019-12-19,7305129,220978537,30.3,30.1,30.3,0.15,3014,1402,30.15
2019-12-20,10585643,322254842,30.55,30.15,30.55,0.25,3382,1402,30.25
2019-12-23,5086926,155150933,30.55,30.4,30.55,0.0,2210,1402,30.55
2019-12-24,6729003,202631520,30.45,29.95,30.05,-0.5,2550,1402,30.45
2019-12-25,4195018,126044890,30.2,29.9,30.1,0.05,1597,1402,30.0
2019-12-26,3067704,92146770,30.15,29.95,30.0,-0.1,1709,1402,30.15
2019-12-27,4052733,121546445,30.05,29.95,30.0,0.0,1439,1402,30.0
2019-12-30,4751057,142265436,30.1,29.85,29.9,-0.1,1698,1402,30.0
2019-12-31,5593800,166944482,29.95,29.75,29.85,-0.05,1626,1402,29.9
2020-01-02,2647417,79160398,29.95,29.8,29.9,0.05,1172,1402,29.9
2020-01-03,5615915,168291500,30.05,29.85,30.0,0.1,2029,1402,29.95
2020-01-06,4872289,144436490,29.95,29.55,29.55,-0.45,1853,1402,29.85
2020-01-07,5105297,150230333,29.6,29.35,29.4,-0.15,1967,1402,29.55
2020-01-08,6738725,196177796,29.3,28.95,29.05,-0.35,2640,1402,29.3
2020-01-09,3999980,117038238,29.45,29.1,29.35,0.3,1699,1402,29.15
2020-01-10,7395719,216755589,29.45,29.2,29.25,-0.1,1358,1402,29.4
2020-01-13,6142393,181135984,29.55,29.25,29.5,0.25,1970,1402,29.25
2020-01-14,3761923,110956870,29.6,29.4,29.5,0.0,1245,1402,29.55
2020-01-15,9172572,270537622,29.7,29.4,29.45,-0.05,3368,1402,29.6
2020-01-16,4490931,132352909,29.6,29.4,29.45,0.0,1672,1402,29.5
2020-01-17,4425790,130401590,29.6,29.35,29.5,0.05,1308,1402,29.5
2020-01-20,7009028,206712571,29.6,29.35,29.4,-0.1,1889,1402,29.55
2020-01-30,17498612,495237244,28.6,28.0,28.0,-1.4,7032,1402,28.55
2020-01-31,9391734,265105335,28.45,28.0,28.2,0.2,2878,1402,28.35
2020-02-03,17449449,495902691,29.25,27.35,28.15,-0.05,6106,1402,27.85
2020-02-04,7203728,204666993,28.7,28.2,28.55,0.4,2414,1402,28.2
2020-02-05,5466386,156680063,28.85,28.5,28.6,0.05,2175,1402,28.8
2020-02-06,5398789,155819989,29.1,28.65,28.85,0.25,1832,1402,28.8
2020-02-07,9971156,283617692,28.7,28.2,28.2,-0.65,3793,1402,28.6
2020-02-10,8174948,232581104,28.6,28.05,28.55,0.35,3840,1402,28.2
2020-02-11,5035954,144152172,28.7,28.5,28.6,0.05,1642,1402,28.55
2020-02-12,6253236,178849930,28.65,28.5,28.6,0.0,2255,1402,28.5
2020-02-13,6043253,174242451,28.95,28.55,28.9,0.3,2676,1402,28.55
2020-02-14,4656198,134474465,29.0,28.75,28.95,0.05,1897,1402,28.85
2020-02-17,4375131,126158669,28.95,28.7,28.85,-0.1,1153,1402,28.9
2020-02-18,8041094,231551950,29.0,28.6,29.0,0.15,2307,1402,28.7
2020-02-19,7369118,213285402,29.15,28.75,28.9,-0.1,1713,1402,28.8
2020-02-20,7302275,210740875,29.05,28.7,28.9,0.0,2498,1402,29.05
2020-02-21,4028330,116659936,29.05,28.7,28.95,0.05,1501,1402,28.95
2020-02-24,8475860,245146471,28.75,28.4,28.65,-0.3,2445,1402,28.7
2020-02-25,5564781,158035253,28.65,28.2,28.6,-0.05,1942,1402,28.35
2020-02-26,7593629,215929758,28.65,28.2,28.65,0.05,2157,1402,28.2
2020-02-27,10192993,288858942,28.55,28.25,28.25,-0.4,2713,1402,28.45
2020-03-02,6768581,188935631,28.25,27.5,28.0,-0.25,3066,1402,27.5
2020-03-03,10329637,289707936,28.25,27.9,28.0,0.0,3868,1402,28.2
2020-03-04,6234590,174895697,28.15,28.0,28.1,0.1,1532,1402,28.0
2020-03-05,3768305,106539596,28.4,28.15,28.4,0.3,1578,1402,28.15
2020-03-06,6500633,182700594,28.35,28.05,28.1,-0.3,2139,1402,28.35
2020-03-09,12415913,342060977,27.8,27.3,27.6,-0.5,4158,1402,27.55
2020-03-10,8150272,221787630,27.5,27.05,27.1,-0.5,2940,1402,27.4
2020-03-11,6366240,172912810,27.35,27.0,27.2,0.1,2751,1402,27.1
2020-03-12,13310396,343280930,26.95,25.2,25.3,-1.9,5648,1402,26.95
2020-03-13,32843425,759827022,24.1,22.8,23.9,-1.4,9354,1402,23.0
2020-03-16,13209678,308200817,23.85,23.05,23.25,-0.65,5425,1402,23.8
2020-03-17,12659953,287919759,23.2,22.5,22.65,-0.6,5133,1402,22.85
2020-03-18,11750252,264417935,22.8,22.1,22.15,-0.5,4268,1402,22.7
2020-03-19,22059945,463205151,21.75,20.25,21.15,-1.0,9250,1402,21.55
2020-03-20,18839058,409131126,22.0,21.35,21.85,0.7,6690,1402,21.4
2020-03-23,12691745,261504385,20.9,20.5,20.5,-1.35,5735,1402,20.6
2020-03-24,15330972,327170081,21.6,20.6,21.35,0.85,7202,1402,20.95
2020-03-25,13467863,303593636,22.75,22.3,22.45,1.1,5877,1402,22.5
2020-03-26,12929543,291560137,22.9,22.35,22.65,0.2,4361,1402,22.85
2020-03-27,12508055,285553244,23.25,22.6,22.65,0.0,4594,1402,23.05
2020-03-30,10583188,238646650,22.8,22.1,22.6,-0.05,3321,1402,22.5
2020-03-31,14561517,329371973,22.85,22.5,22.55,-0.05,3728,1402,22.85
2020-04-01,11022034,248338254,22.6,22.45,22.5,-0.05,3066,1402,22.55
2020-04-06,13496549,307559467,23.05,22.5,23.05,0.55,5217,1402,22.85
2020-04-07,14285417,333882244,23.65,23.1,23.55,0.5,3919,1402,23.4
2020-04-08,11326851,269278824,24.1,23.5,23.85,0.3,3654,1402,23.5
2020-04-09,8320317,199288094,24.15,23.7,24.1,0.25,4578,1402,23.9
2020-04-10,14203806,351828712,25.1,24.55,24.7,0.6,4963,1402,24.9
2020-04-13,22231851,559236655,26.0,24.45,25.2,0.5,8271,1402,24.75
2020-04-14,14279746,359761834,25.4,25.05,25.1,-0.1,5843,1402,25.1
2020-04-15,11275574,284684010,25.3,25.15,25.3,0.2,4508,1402,25.25
2020-04-16,14443570,357719506,25.0,24.6,24.75,-0.55,5840,1402,25.0
2020-04-17,11426786,285704700,25.3,24.85,24.85,0.1,3855,1402,25.0
2020-04-20,13359946,330277249,24.95,24.65,24.65,-0.2,5308,1402,24.85
2020-04-21,17767539,428489299,24.5,23.9,23.95,-0.7,7542,1402,24.5
2020-04-22,9694718,229849319,23.95,23.35,23.85,-0.1,5491,1402,23.5
2020-04-23,10954336,262017987,24.15,23.8,23.9,0.05,4901,1402,23.85
2020-04-24,14640899,349408657,24.05,23.75,23.75,-0.15,6316,1402,23.9
2020-04-27,15175906,373818749,25.0,24.0,24.75,1.0,6545,1402,24.05
2020-04-28,13861260,346753455,25.25,24.85,24.9,0.15,6461,1402,25.1
2020-04-29,10377644,260149028,25.2,24.95,25.1,0.2,5200,1402,25.0
2020-04-30,21055483,546162959,26.2,25.6,26.0,0.9,8937,1402,25.6
2020-05-04,16843336,428438551,25.6,25.2,25.5,-0.5,9095,1402,25.35
2020-05-05,43792065,1174162649,28.05,25.65,28.05,2.55,13737,1402,25.75
2020-05-06,97246968,2854381701,30.15,28.05,28.25,0.2,39122,1402,30.0
2020-05-07,35952571,988751197,28.05,27.1,27.35,-0.9,14654,1402,28.0
2020-05-08,22612683,620282310,28.0,27.2,27.25,-0.1,8526,1402,27.5
2020-05-11,13337089,365915896,27.7,27.25,27.25,0.0,4933,1402,27.7
2020-05-12,17855045,478142949,26.95,26.65,26.85,-0.4,7254,1402,26.8
2020-05-13,11350961,302579991,26.95,26.5,26.6,-0.25,4536,1402,26.6
2020-05-14,10597924,282560008,26.85,26.4,26.65,0.05,4059,1402,26.55
2020-05-15,9781341,259089187,26.85,26.2,26.4,-0.25,3950,1402,26.8
2020-05-18,12846293,345691961,27.2,26.4,26.95,0.55,4833,1402,26.4
2020-05-19,16093476,440026165,27.6,27.1,27.4,0.45,6329,1402,27.55
2020-05-20,24140161,665878745,27.9,27.1,27.6,0.2,9681,1402,27.4
2020-05-21,11924051,328448294,27.75,27.4,27.5,-0.1,4651,1402,27.75
2020-05-22,12408975,335869466,27.5,26.85,26.85,-0.65,5651,1402,27.5
2020-05-25,9482341,253381607,27.15,26.45,26.9,0.05,3718,1402,27.1
2020-05-26,8454054,230408601,27.4,27.05,27.3,0.4,3537,1402,27.15
2020-05-27,7135075,195144784,27.6,27.15,27.3,0.0,3214,1402,27.5
2020-05-28,9839571,267344500,27.45,27.0,27.1,-0.2,3765,1402,27.45
2020-05-29,32021692,862702880,27.4,26.9,26.9,-0.2,4449,1402,27.0
2020-06-01,6583883,179683039,27.4,27.15,27.3,0.4,3332,1402,27.2
2020-06-02,5735698,156842917,27.5,27.25,27.35,0.05,2431,1402,27.45
2020-06-03,11401354,315428526,27.8,27.45,27.8,0.45,5173,1402,27.55
2020-06-04,7980564,221471157,28.0,27.6,27.8,0.0,3416,1402,28.0
2020-06-05,6672424,185343516,27.9,27.6,27.8,0.0,2594,1402,27.75
2020-06-08,11921082,334668282,28.2,27.95,28.15,0.35,4308,1402,28.0
2020-06-09,10612369,300521038,28.5,28.05,28.4,0.25,4518,1402,28.3
2020-06-10,12605798,359597155,28.7,28.2,28.7,0.3,5784,1402,28.4
2020-06-11,16571532,465945116,28.7,27.6,27.7,-1.0,6501,1402,28.7
2020-06-12,11380056,309509980,27.5,26.85,27.45,-0.25,4076,1402,27.0
2020-06-15,8270915,225867512,27.6,27.05,27.2,-0.25,4656,1402,27.3
2020-06-16,8095546,222342257,27.6,27.3,27.5,0.3,3802,1402,27.45
2020-06-17,8318079,231101126,28.0,27.5,27.9,0.4,4600,1402,27.55
2020-06-18,5497388,153101232,28.15,27.7,27.85,-0.05,1779,1402,28.05
2020-06-19,11407963,314250273,27.9,27.4,27.4,-0.45,2296,1402,27.85
2020-06-22,5039014,139202664,27.75,27.4,27.7,0.3,1580,1402,27.5
2020-06-23,7815595,217220428,27.95,27.55,27.85,0.15,3031,1402,27.85
2020-06-24,6130445,170551834,27.9,27.7,27.75,-0.1,2065,1402,27.9
2020-06-29,6455247,177491307,27.65,27.3,27.6,-0.15,2099,1402,27.45
2020-06-30,5860644,163044833,27.9,27.6,27.9,0.3,1831,1402,27.8
2020-07-01,9414578,265873375,28.45,28.05,28.2,0.3,4098,1402,28.1
2020-07-02,14137409,405500311,28.9,28.2,28.9,0.7,4718,1402,28.25
2020-07-03,13289156,385595928,29.25,28.8,28.9,0.0,4722,1402,29.2
2020-07-06,8502804,246528474,29.15,28.9,29.05,0.15,3686,1402,29.15
2020-07-07,10641144,308592578,29.15,28.85,29.05,0.0,3146,1402,29.15
2020-07-08,6682029,193719441,29.1,28.9,29.1,0.05,2307,1402,29.0
2020-07-09,7548668,219372903,29.25,28.95,28.95,-0.15,2313,1402,29.2
2020-07-10,10080551,291015981,29.05,28.5,28.9,-0.05,3452,1402,29.0
2020-07-13,12479870,366311460,29.65,28.9,29.6,0.7,4760,1402,29.0
2020-07-14,9752787,288164054,29.65,29.3,29.5,-0.1,2703,1402,29.6
2020-07-15,19540314,582831622,29.95,29.5,29.8,0.3,5795,1402,29.65
2020-07-16,19465934,588656457,30.5,29.85,30.5,0.7,6636,1402,29.9
2020-07-17,16421062,499948036,30.8,30.05,30.15,-0.35,7646,1402,30.5
2020-07-20,15112113,456356345,30.35,29.8,30.3,0.15,6230,1402,30.05
2020-07-21,14773064,448361307,30.5,30.2,30.3,0.0,4513,1402,30.35
2020-07-22,21146303,639123790,30.35,29.95,30.3,0.0,4699,1402,30.3
2020-07-23,19225233,577319640,30.2,29.8,30.0,-0.3,3250,1402,30.2
2020-07-24,21607653,637222528,29.95,29.1,29.2,-0.8,5366,1402,29.85
2020-07-27,47602048,1256938941,27.0,25.9,26.0,0.0,11318,1402,26.35
2020-07-28,18945987,487115197,26.15,25.3,25.45,-0.55,6568,1402,26.0
2020-07-29,15193402,387390638,25.75,25.3,25.45,0.0,6445,1402,25.45
2020-07-30,11023491,281055747,25.7,25.35,25.7,0.25,4424,1402,25.7
2020-07-31,14807169,377216519,25.7,25.35,25.6,-0.1,5169,1402,25.7
2020-08-03,22606861,584636921,26.6,25.3,26.1,0.5,8851,1402,25.55
2020-08-04,10846811,281956189,26.2,25.8,26.05,-0.05,4452,1402,26.1
2020-08-05,8369001,219005515,26.35,26.0,26.1,0.05,4469,1402,26.05
2020-08-06,7801357,204912410,26.55,26.05,26.2,0.1,2566,1402,26.2
2020-08-07,7827696,206257113,26.5,26.2,26.35,0.15,4535,1402,26.25
2020-08-10,5189446,136861259,26.5,26.3,26.45,0.1,2081,1402,26.4
2020-08-11,5783431,151488377,26.4,26.05,26.05,-0.4,2234,1402,26.4
2020-08-12,7496603,195771987,26.3,25.9,26.3,0.25,2168,1402,26.05
2020-08-13,4283257,112698845,26.5,26.2,26.35,0.05,1354,1402,26.45
2020-08-14,5230265,137182970,26.3,26.15,26.25,-0.1,2129,1402,26.3
2020-08-17,9925480,261300704,26.45,26.15,26.4,0.15,3481,1402,26.25
2020-08-18,9398430,248717435,26.6,26.35,26.5,0.1,2396,1402,26.45
2020-08-19,10318010,273366043,26.65,26.3,26.3,-0.2,3279,1402,26.55
2020-08-20,13552753,348766063,26.4,25.3,25.65,-0.65,5185,1402,26.25
2020-08-21,7017765,183145315,26.3,25.8,26.25,0.6,3035,1402,25.95
2020-08-24,6209269,161676535,26.25,25.9,26.0,-0.25,2597,1402,26.25
2020-08-25,6850732,180011982,26.45,26.05,26.3,0.3,2711,1402,26.1
2020-08-26,4353967,114145513,26.4,26.15,26.25,-0.05,2083,1402,26.35
2020-08-27,4614165,120315361,26.3,26.0,26.2,-0.05,2277,1402,26.2
2020-08-28,6280679,163801522,26.25,26.0,26.2,0.0,2669,1402,26.05
2020-08-31,12836055,338911702,26.5,26.2,26.45,0.25,2786,1402,26.35
2020-09-01,10998718,289071055,26.55,26.15,26.25,-0.2,1972,1402,26.5
2020-09-02,9461682,250398908,26.6,26.3,26.55,0.3,2459,1402,26.4
2020-09-03,17205709,464928616,27.4,26.7,26.8,0.25,6201,1402,26.8
2020-09-04,14309305,384929131,27.2,26.5,26.9,0.1,5128,1402,26.6
2020-09-07,13620513,372511730,27.6,27.0,27.3,0.4,5011,1402,27.05
2020-09-08,12893754,350092467,27.7,26.9,27.0,-0.3,4053,1402,27.55
2020-09-09,9242709,247800158,27.1,26.6,26.9,-0.1,2986,1402,26.85
2020-09-10,4608466,123257674,27.0,26.65,26.65,-0.25,1993,1402,27.0
2020-09-11,6769144,179762870,26.85,26.4,26.45,-0.2,2344,1402,26.65
2020-09-14,5820265,153630307,26.5,26.3,26.5,0.05,1801,1402,26.45
2020-09-15,15839451,412898199,26.5,25.95,26.15,-0.35,5882,1402,26.5
2020-09-16,10154141,263797211,26.2,25.9,26.0,-0.15,3213,1402,26.2
2020-09-17,10566932,273415082,26.1,25.75,25.95,-0.05,3897,1402,26.0
2020-09-18,14605852,377721697,26.1,25.75,25.75,-0.2,3288,1402,26.0
2020-09-21,6250120,161399243,26.0,25.7,25.85,0.1,2186,1402,25.8
2020-09-22,10387055,266525308,25.85,25.55,25.65,-0.2,3474,1402,25.8
2020-09-23,9223808,235457204,25.85,25.35,25.55,-0.1,3050,1402,25.85
2020-09-24,15210522,379632750,25.25,24.7,24.85,-0.7,6229,1402,25.2
2020-09-25,6390217,159798572,25.2,24.85,25.1,0.25,2129,1402,24.85
2020-09-28,3696030,93709106,25.5,25.15,25.4,0.3,1397,1402,25.15
2020-09-29,6948070,175053751,25.5,25.1,25.15,-0.25,2426,1402,25.4
2020-09-30,7008135,178047825,25.55,25.3,25.3,0.15,1925,1402,25.4
2020-10-05,6639805,170152124,25.8,25.45,25.75,0.45,2703,1402,25.6
2020-10-06,6387432,166321360,26.2,25.75,26.1,0.35,3515,1402,25.8
2020-10-07,5015642,131166888,26.25,25.95,26.1,0.0,2447,1402,26.1
2020-10-08,2760044,72070987,26.2,26.05,26.15,0.05,1063,1402,26.1
2020-10-12,5864959,151989162,26.15,25.65,25.9,-0.25,2428,1402,26.15
2020-10-13,2494094,64201869,25.9,25.6,25.7,-0.2,1185,1402,25.85
2020-10-14,4507277,117033954,26.1,25.75,26.0,0.3,1142,1402,25.75
2020-10-15,5074688,132184073,26.2,25.9,26.15,0.15,2001,1402,25.95
2020-10-16,3298837,85834562,26.15,25.95,25.95,-0.2,1307,1402,26.15
2020-10-19,3577707,93532239,26.25,26.0,26.1,0.15,1186,1402,26.0
2020-10-20,3717482,96710596,26.1,25.95,26.05,-0.05,1459,1402,26.05
2020-10-21,6665954,172303704,26.05,25.75,25.75,-0.3,2317,1402,26.0
2020-10-22,7084929,184819818,26.25,25.8,26.25,0.5,2081,1402,25.8
2020-10-23,2025562,52990714,26.25,26.05,26.2,-0.05,753,1402,26.25
2020-10-26,7091506,184653219,26.2,25.95,26.0,-0.2,1432,1402,26.1
2020-10-27,4069100,105501156,26.0,25.85,25.9,-0.1,959,1402,25.9
2020-10-28,3701291,96276401,26.1,25.85,26.1,0.2,1867,1402,25.9
2020-10-29,4116498,106246002,26.0,25.7,25.8,-0.3,1883,1402,25.85
2020-10-30,7117047,182796273,25.8,25.5,25.75,-0.05,1998,1402,25.7
2020-11-02,3667613,95230903,26.1,25.7,26.05,0.3,1435,1402,25.7
2020-11-03,4937516,129203782,26.25,26.05,26.2,0.15,2264,1402,26.1
2020-11-04,2965064,77365018,26.2,25.95,26.1,-0.1,812,1402,26.1
2020-11-05,2827401,74116420,26.3,26.1,26.2,0.1,1157,1402,26.1
2020-11-06,3737870,97861785,26.3,26.05,26.2,0.0,1226,1402,26.2
2020-11-09,7325183,194315952,26.75,26.25,26.6,0.4,2814,1402,26.3
2020-11-10,8356115,224265633,27.0,26.7,26.9,0.3,2951,1402,26.75
2020-11-11,17475871,479473416,27.75,26.9,27.7,0.8,5955,1402,26.9
2020-11-12,11090738,304778690,27.7,27.2,27.6,-0.1,3437,1402,27.7
2020-11-13,7022728,192891085,27.6,27.2,27.6,0.0,2113,1402,27.6
2020-11-16,6087763,167038461,27.55,27.3,27.5,-0.1,2600,1402,27.55
2020-11-17,12481558,349064691,28.25,27.75,28.0,0.5,4816,1402,27.9
2020-11-18,12526468,352463915,28.25,28.0,28.2,0.2,4087,1402,28.05
2020-11-19,7167610,201646101,28.2,27.9,28.2,0.0,2703,1402,28.0
2020-11-20,6314352,176924966,28.15,27.9,28.15,-0.05,2830,1402,28.1
2020-11-23,10023846,283246065,28.4,28.15,28.25,0.1,3082,1402,28.2
2020-11-24,5499757,154212465,28.3,27.9,28.05,-0.2,2371,1402,28.25
2020-11-25,6797233,190305351,28.15,27.9,28.05,0.0,2219,1402,28.0
2020-11-26,4873303,135929518,28.05,27.8,27.9,-0.15,1932,1402,28.0
2020-11-27,7250389,200683103,27.9,27.55,27.7,-0.2,2910,1402,27.8
2020-11-30,21987497,605105625,28.0,27.4,27.4,-0.3,3272,1402,27.7
2020-12-01,6442334,176485644,27.6,27.2,27.5,0.1,2389,1402,27.5
2020-12-02,6909035,189236653,27.5,27.25,27.4,-0.1,1956,1402,27.35
2020-12-03,7242060,199262363,27.75,27.3,27.4,0.0,2677,1402,27.4
2020-12-04,9213585,254718494,27.75,27.45,27.65,0.25,3700,1402,27.55
2020-12-07,6870491,189915249,27.85,27.5,27.6,-0.05,2466,1402,27.7
2020-12-08,6393154,176090287,27.7,27.45,27.5,-0.1,2379,1402,27.55
2020-12-09,4913505,135591345,27.75,27.35,27.75,0.25,2005,1402,27.5
2020-12-10,5789884,160547504,27.8,27.55,27.7,-0.05,2532,1402,27.65
2020-12-11,4707292,130453755,27.85,27.6,27.7,0.0,1791,1402,27.65
2020-12-14,4296268,118969871,27.85,27.6,27.6,-0.1,1657,1402,27.8
2020-12-15,6215757,169900348,27.75,27.0,27.15,-0.45,2350,1402,27.55
2020-12-16,7216674,199998241,27.9,27.35,27.9,0.75,3731,1402,27.4
2020-12-17,3806418,105153552,27.9,27.5,27.55,-0.35,1672,1402,27.9
2020-12-18,6167333,169723434,27.75,27.45,27.45,-0.1,2179,1402,27.6
2020-12-21,5122016,142603164,28.0,27.45,27.95,0.5,2096,1402,27.45
2020-12-22,9297392,259640775,28.15,27.55,27.7,-0.25,2695,1402,27.75
2020-12-23,3370962,93177415,27.8,27.55,27.6,-0.1,1169,1402,27.65
2020-12-24,10358082,292148220,28.5,27.7,28.05,0.45,4021,1402,27.7
2020-12-25,8792251,250245960,28.7,28.2,28.55,0.5,3948,1402,28.25
2020-12-28,9001690,258830959,29.1,28.55,28.6,0.05,3448,1402,28.8
2020-12-29,6688511,190974864,28.8,28.35,28.65,0.05,2283,1402,28.7
2020-12-30,10351805,298709397,29.1,28.55,29.05,0.4,3820,1402,28.65
2020-12-31,6678403,192651349,29.05,28.65,28.95,-0.1,1855,1402,29.05
2021-01-04,8338791,239879079,28.95,28.5,28.85,-0.1,3370,1402,28.9
2021-01-05,5248405,150927113,28.85,28.65,28.85,0.0,1880,1402,28.75
2021-01-06,11008508,313231406,28.85,28.1,28.35,-0.5,3730,1402,28.8
2021-01-07,6175408,175797005,28.7,28.35,28.35,0.0,2785,1402,28.4
2021-01-08,8084785,230248319,28.7,28.25,28.7,0.35,3120,1402,28.4
2021-01-11,5766060,164346370,28.65,28.35,28.6,-0.1,2144,1402,28.55
2021-01-12,5019621,141377730,28.45,28.0,28.05,-0.55,2260,1402,28.45
2021-01-13,7214079,204296445,28.55,28.0,28.4,0.35,2415,1402,28.05
2021-01-14,8234200,231260245,28.4,27.85,28.1,-0.3,4193,1402,28.4
2021-01-15,10288325,284637869,28.05,27.5,27.6,-0.5,4139,1402,28.0
2021-01-18,9335770,253677538,27.55,27.05,27.25,-0.35,3670,1402,27.55
2021-01-19,6233117,170175213,27.45,27.2,27.45,0.2,2720,1402,27.25
2021-01-20,17490072,467039654,27.4,26.3,26.4,-1.05,9014,1402,27.25
2021-01-21,6848766,181531404,26.9,26.3,26.4,0.0,3072,1402,26.5
2021-01-22,7823527,206325810,26.55,26.3,26.4,0.0,3180,1402,26.55
2021-01-25,5671082,151089860,26.8,26.3,26.8,0.4,2469,1402,26.4
2021-01-26,5383526,143165646,26.8,26.5,26.6,-0.2,2112,1402,26.7
2021-01-27,9556752,255221000,27.05,26.5,26.5,-0.1,2824,1402,26.75
2021-01-28,8910890,236675813,26.9,26.35,26.45,-0.05,2933,1402,26.4
2021-01-29,9684484,254454807,26.65,26.0,26.0,-0.45,3650,1402,26.45
2021-02-01,6699360,176871465,26.7,26.1,26.25,0.25,3430,1402,26.1
2021-02-02,8360850,222478004,26.9,26.15,26.75,0.5,5430,1402,26.2
2021-02-03,7296261,194077961,26.75,26.4,26.7,-0.05,3245,1402,26.75
2021-02-04,6085055,162577988,26.95,26.45,26.85,0.15,2731,1402,26.45
2021-02-05,6846074,184130856,27.1,26.5,27.05,0.2,2693,1402,26.7
2021-02-17,12898375,348535464,27.3,26.85,27.1,0.05,4572,1402,27.25
2021-02-18,11187442,306706177,27.7,26.9,27.5,0.4,3739,1402,27.15
2021-02-19,5308619,144977511,27.45,27.15,27.4,-0.1,1949,1402,27.4
2021-02-22,5513786,151458323,27.7,27.3,27.45,0.05,1978,1402,27.45
2021-02-23,10192532,284471629,28.15,27.3,28.1,0.65,4147,1402,27.45
2021-02-24,9613720,268222427,28.3,27.65,27.75,-0.35,3481,1402,28.1
2021-02-25,39233720,1138476797,29.5,28.3,29.5,1.75,14111,1402,28.35
2021-02-26,29055670,840425268,29.25,28.65,28.95,-0.55,6412,1402,29.0
2021-03-02,13483446,391802570,29.3,28.6,28.7,-0.25,4755,1402,29.2
2021-03-03,17838845,521732967,29.45,28.8,29.35,0.65,5343,1402,29.15
2021-03-04,12847465,375772188,29.6,29.0,29.4,0.05,4701,1402,29.3
2021-03-05,8657976,253751177,29.45,28.95,29.35,-0.05,2704,1402,29.2
2021-03-08,6901158,202858524,29.6,29.15,29.3,-0.05,2692,1402,29.4
2021-03-09,16303771,484582577,29.9,29.45,29.9,0.6,5099,1402,29.5
2021-03-10,7657829,227259689,29.85,29.5,29.75,-0.15,2830,1402,29.8
2021-03-11,9371181,278004431,29.95,29.4,29.45,-0.3,3199,1402,29.8
2021-03-12,8759226,259073341,29.8,29.25,29.8,0.35,3089,1402,29.45
2021-03-15,4536378,134250770,29.75,29.4,29.55,-0.25,1861,1402,29.65
2021-03-16,7410580,220772538,29.9,29.5,29.9,0.35,2607,1402,29.55
2021-03-17,7973939,236174717,29.85,29.45,29.45,-0.45,3522,1402,29.85
2021-03-18,6240404,184371707,29.75,29.4,29.5,0.05,2229,1402,29.6
2021-03-19,15801204,460464865,29.4,28.95,29.2,-0.3,4943,1402,29.35
2021-03-22,5265179,153446345,29.4,28.95,29.4,0.2,3348,1402,29.15
2021-03-23,5364930,156415849,29.5,29.0,29.0,-0.4,2792,1402,29.4
2021-03-24,3416194,99304748,29.25,28.85,29.15,0.15,1439,1402,28.95
2021-03-25,32398446,917692786,29.1,28.85,29.1,-0.05,1744,1402,28.9
2021-03-26,13366169,395111732,29.8,29.05,29.75,0.65,4606,1402,29.15
2021-03-29,10866834,324273507,29.95,29.7,29.9,0.15,3453,1402,29.85
2021-03-30,12428385,373367367,30.3,29.95,30.0,0.1,3418,1402,30.0
2021-03-31,13662475,410643728,30.2,29.9,30.2,0.2,2751,1402,30.0
2021-04-01,7057517,211397356,30.2,29.75,29.9,-0.3,2790,1402,30.2
2021-04-06,6569867,196959029,30.15,29.9,29.95,0.05,2127,1402,30.0
2021-04-07,4617351,138358550,30.05,29.9,30.0,0.05,1810,1402,29.9
2021-04-08,20295456,616204408,30.55,29.95,30.5,0.5,4912,1402,30.05
2021-04-09,8293247,252510742,30.75,30.2,30.4,-0.1,2649,1402,30.55
2021-04-12,10692238,327688455,30.95,30.3,30.95,0.55,4096,1402,30.4
2021-04-13,13608502,421669519,31.45,30.55,30.6,-0.35,4375,1402,31.0
2021-04-14,7778395,237734918,31.0,30.15,30.6,0.0,3540,1402,30.6
2021-04-15,7759287,239825412,31.1,30.7,30.95,0.35,3399,1402,30.8
2021-04-16,21120687,666363421,32.0,31.0,31.9,0.95,7113,1402,31.0
2021-04-19,30907179,1009825471,33.5,31.85,33.4,1.5,9392,1402,32.0
2021-04-20,16764086,551175484,33.4,32.4,33.15,-0.25,6341,1402,33.4
2021-04-21,13667849,451640790,33.4,32.7,33.1,-0.05,4946,1402,32.95
2021-04-22,47424456,1615545917,35.55,33.0,33.3,0.2,14182,1402,33.5
2021-04-23,14903179,485343281,33.45,32.1,32.55,-0.75,4934,1402,33.4
2021-04-26,17263075,561585002,32.95,32.1,32.5,-0.05,4949,1402,32.8
2021-04-27,11605908,380733283,33.1,32.35,32.85,0.35,3800,1402,32.6
2021-04-28,12684737,421304391,33.45,32.95,33.4,0.55,4502,1402,33.1
2021-04-29,12214540,408007083,33.9,33.1,33.25,-0.15,3314,1402,33.6
2021-05-03,12441310,407122934,33.5,32.3,32.35,-0.9,4002,1402,33.25
2021-05-04,22777909,732244069,33.45,31.1,31.7,-0.65,7701,1402,32.65
2021-05-05,16138976,527364813,33.1,31.5,32.65,0.95,5641,1402,31.85
2021-05-06,22846852,767449176,34.3,32.85,33.85,1.2,7875,1402,32.85
2021-05-07,17622684,591815365,34.85,32.85,33.25,-0.6,6253,1402,34.6
2021-05-10,17980248,609001252,34.25,33.2,33.9,0.65,6065,1402,33.2
2021-05-11,22501986,752422495,34.35,32.2,32.75,-1.15,9481,1402,33.9
2021-05-12,33976408,1051522871,33.0,29.5,30.65,-2.1,11164,1402,32.75
2021-05-13,19900628,604211385,30.95,29.75,30.0,-0.65,5395,1402,30.5
2021-05-14,15802736,482863944,31.1,30.25,30.75,0.75,4401,1402,30.5
2021-05-17,16068697,478086034,30.35,29.3,29.65,-1.1,4737,1402,29.95
2021-05-18,9848627,301041467,31.0,29.65,30.8,1.15,4078,1402,29.65
2021-05-19,8527929,260598060,31.0,30.0,30.6,-0.2,2897,1402,30.65
2021-05-20,9753123,294635554,30.6,30.0,30.35,-0.25,3048,1402,30.2
2021-05-21,5925383,180828075,30.75,30.3,30.5,0.15,1965,1402,30.55
2021-05-24,8836190,268418567,31.3,30.1,30.55,0.05,3434,1402,30.15
2021-05-25,10131648,315305111,31.45,30.65,31.2,0.65,3730,1402,30.7
2021-05-26,5922005,185139309,31.45,30.95,31.4,0.2,2519,1402,31.2
2021-05-27,15566359,475817987,31.1,30.4,30.4,-1.0,3613,1402,31.0
2021-05-28,8855653,276328316,31.4,30.65,31.25,0.85,2805,1402,30.7
2021-05-31,9179767,290460555,31.95,31.4,31.65,0.4,2959,1402,31.45
2021-06-01,7978209,253245263,32.0,31.45,31.9,0.25,3548,1402,31.7
2021-06-02,9530443,305117258,32.25,31.5,32.05,0.15,3364,1402,31.8
2021-06-03,8149798,263941605,32.8,32.1,32.45,0.4,3403,1402,32.1
2021-06-04,6097280,195769404,32.45,31.85,31.9,-0.55,2862,1402,32.4
2021-06-07,5957568,189514909,32.2,31.3,31.75,-0.15,2633,1402,32.0
2021-06-08,4806030,153406047,32.0,31.65,31.9,0.15,2133,1402,31.75
2021-06-09,4113741,130427793,31.95,31.5,31.5,-0.4,2668,1402,31.8
2021-06-10,6073654,192333242,31.95,31.3,31.95,0.45,2900,1402,31.45
2021-06-11,3679040,117434394,32.05,31.8,31.9,-0.05,1914,1402,31.85
2021-06-15,4700930,149617659,32.05,31.65,31.8,-0.1,2615,1402,32.05
2021-06-16,4828475,153918899,32.0,31.7,31.85,0.05,2776,1402,31.7
2021-06-17,3343469,105918762,31.8,31.4,31.8,-0.05,1911,1402,31.5
2021-06-18,14254219,444597427,31.8,31.05,31.05,-0.75,3793,1402,31.6
2021-06-21,7152520,219518528,31.1,30.5,30.75,-0.3,3290,1402,30.75
2021-06-22,4930178,152743785,31.2,30.85,30.85,0.1,1920,1402,31.05
2021-06-23,10498209,329547266,31.95,30.85,31.65,0.8,3836,1402,30.85
2021-06-24,4620703,145134956,31.55,31.3,31.5,-0.15,1738,1402,31.55
2021-06-25,4707192,149610459,32.0,31.55,31.75,0.25,1788,1402,31.6
2021-06-28,4601947,146821212,32.0,31.8,31.9,0.15,1743,1402,32.0
2021-06-29,6508851,206979639,31.9,31.6,31.9,0.0,2307,1402,31.9
2021-06-30,7376461,236128718,32.3,31.9,32.0,0.1,2355,1402,32.0
2021-07-01,9611004,311610993,32.75,32.1,32.45,0.45,3311,1402,32.3
2021-07-02,6486085,211305557,33.0,32.15,32.2,-0.25,2681,1402,32.5
2021-07-05,5272356,171135312,32.7,32.3,32.45,0.25,1526,1402,32.7
2021-07-06,5639724,183718752,32.8,32.45,32.55,0.1,2377,1402,32.55
2021-07-07,4807484,154935334,32.45,32.1,32.35,-0.2,2046,1402,32.45
2021-07-08,10496719,344656329,33.0,32.3,32.95,0.6,5341,1402,32.35
2021-07-09,9455410,310424940,33.15,32.5,32.95,0.0,3174,1402,32.8
2021-07-12,10438951,345269950,33.5,32.75,32.95,0.0,4333,1402,33.1
2021-07-13,8515809,280374163,33.3,32.75,32.9,-0.05,4456,1402,33.0
2021-07-14,3855109,125765134,32.9,32.45,32.6,-0.3,1760,1402,32.9
2021-07-15,3274680,107149656,32.85,32.5,32.8,0.2,1318,1402,32.5
2021-07-16,11938157,397370256,33.6,32.6,33.6,0.8,4715,1402,32.6
2021-07-19,8823686,295841924,33.75,33.15,33.6,0.0,3559,1402,33.3
2021-07-20,9368987,307440792,33.4,32.5,32.6,-1.0,3869,1402,33.0
2021-07-21,7155978,232251344,32.8,32.15,32.5,-0.1,3263,1402,32.65
2021-07-22,5320725,175386165,33.15,32.45,32.9,0.4,2449,1402,32.5
2021-07-23,4004833,131859107,33.25,32.65,32.75,-0.15,1907,1402,33.15
2021-07-26,13888241,447235612,32.95,31.9,31.9,-0.85,4409,1402,32.75
2021-07-27,10243596,323944984,32.1,31.45,31.5,-0.4,3026,1402,32.0
2021-07-28,12037728,373730167,31.75,30.85,31.0,-0.5,3993,1402,31.5
2021-07-29,23461449,727659681,31.45,30.75,31.15,0.15,5600,1402,31.0
2021-07-30,16699121,497421591,30.15,29.6,29.6,0.0,6326,1402,29.8
2021-08-02,7617793,227804119,30.1,29.7,30.1,0.5,3656,1402,29.8
2021-08-03,5684896,171612968,30.3,29.95,30.3,0.2,2066,1402,30.0
2021-08-04,4598977,139010409,30.4,30.05,30.25,-0.05,1609,1402,30.2
2021-08-05,6622717,199581633,30.35,29.95,30.0,-0.25,2193,1402,30.25
2021-08-06,5992817,180185750,30.25,29.9,30.05,0.05,1933,1402,30.0
2021-08-09,6935153,206589087,30.0,29.5,29.95,-0.1,2378,1402,29.95
2021-08-10,4551122,136037439,30.0,29.75,29.95,0.0,1538,1402,29.9
2021-08-11,4869567,145856219,30.2,29.7,30.0,0.05,2349,1402,29.95
2021-08-12,4890943,147317179,30.4,29.9,30.25,0.25,1915,1402,30.0
2021-08-13,5120250,152581865,30.1,29.65,29.65,-0.6,2108,1402,30.0
2021-08-16,8764422,255459951,29.6,28.85,29.05,-0.6,4257,1402,29.5
2021-08-17,7636988,219246262,29.2,28.5,28.55,-0.5,3294,1402,29.1
2021-08-18,6495365,185505127,28.85,28.25,28.85,0.3,2282,1402,28.3
2021-08-19,8983056,255363582,28.75,28.2,28.3,-0.55,3298,1402,28.6
2021-08-20,5227137,148312116,28.7,28.15,28.3,0.0,2416,1402,28.65
2021-08-23,3314500,95517526,28.95,28.55,28.9,0.6,1161,1402,28.55
2021-08-24,4523877,131998028,29.4,28.85,29.4,0.5,1680,1402,29.0
2021-08-25,3351878,98128821,29.45,29.15,29.35,-0.05,1225,1402,29.4
2021-08-26,4255063,123895772,29.4,28.95,29.2,-0.15,1695,1402,29.4
2021-08-27,4168074,122906568,29.65,29.1,29.65,0.45,1423,1402,29.25
2021-08-30,3466462,103125441,29.9,29.5,29.9,0.25,1370,1402,29.65
2021-08-31,8679482,259220843,30.05,29.55,30.05,0.15,2265,1402,30.0
2021-09-01,4346704,129340953,30.05,29.6,29.6,-0.45,1770,1402,29.8
2021-09-02,2528595,74884031,29.8,29.5,29.6,0.0,1089,1402,29.6
2021-09-03,4185467,124820678,30.0,29.5,30.0,0.4,1394,1402,29.7
2021-09-06,2628996,78306919,30.0,29.6,29.7,-0.3,1158,1402,30.0
2021-09-07,2353266,69804204,29.85,29.55,29.6,-0.1,999,1402,29.7
2021-09-08,5905664,173009930,29.6,29.1,29.25,-0.35,2290,1402,29.45
2021-09-09,7684120,223434194,29.4,28.95,29.05,-0.2,2567,1402,29.1
2021-09-10,4299556,125293661,29.3,29.0,29.2,0.15,1753,1402,29.25
2021-09-13,3803267,111302424,29.45,29.0,29.45,0.25,1948,1402,29.2
2021-09-14,4212289,125244643,29.9,29.5,29.75,0.3,1720,1402,29.55
2021-09-15,5527142,164515001,29.9,29.6,29.8,0.05,1927,1402,29.8
2021-09-16,5299858,157147561,29.85,29.55,29.65,-0.15,1639,1402,29.65
2021-09-17,8141348,240582051,29.8,29.4,29.5,-0.15,1715,1402,29.6
2021-09-22,13629562,390964672,29.05,28.4,28.7,-0.8,5830,1402,29.05
2021-09-23,4148099,121110673,29.35,28.85,29.25,0.55,1420,1402,29.0
2021-09-24,6782122,200270928,29.85,29.3,29.35,0.1,2003,1402,29.3
2021-09-27,7215201,216009430,30.25,29.5,29.85,0.5,2286,1402,29.7
2021-09-28,4548348,135503149,30.0,29.6,30.0,0.15,1224,1402,29.8
2021-09-29,6712916,198380934,29.75,29.4,29.55,-0.45,2903,1402,29.7
2021-09-30,8563347,255957836,30.05,29.45,29.85,0.3,2956,1402,29.5
2021-10-01,11270552,329719853,29.85,28.95,29.15,-0.7,3873,1402,29.7
2021-10-04,4065581,119336119,29.5,29.2,29.35,0.2,1334,1402,29.45
2021-10-05,4510284,131746098,29.4,28.9,29.35,0.0,1821,1402,29.35
2021-10-06,6730316,196889042,29.55,29.1,29.25,-0.1,2616,1402,29.35
2021-10-07,5179898,153030200,29.75,29.4,29.55,0.3,2037,1402,29.55
2021-10-08,2819566,83242650,29.7,29.4,29.45,-0.1,1252,1402,29.5
2021-10-12,7587979,221258160,29.4,29.0,29.25,-0.2,2572,1402,29.35
2021-10-13,2983896,87166331,29.45,29.1,29.25,0.0,1201,1402,29.45
2021-10-14,4790050,139882060,29.5,29.05,29.05,-0.2,1503,1402,29.45
2021-10-15,5597086,163824124,29.4,29.05,29.3,0.25,2166,1402,29.3
2021-10-18,5347904,157534965,29.55,29.3,29.45,0.15,1487,1402,29.5
2021-10-19,5965271,176738253,29.8,29.5,29.7,0.25,2143,1402,29.6
2021-10-20,8948985,267357128,30.15,29.7,29.8,0.1,3564,1402,29.85
2021-10-21,8416416,252334614,30.1,29.8,30.1,0.3,1696,1402,29.95
2021-10-22,14042408,413879476,30.1,29.2,29.4,-0.7,4683,1402,30.1
2021-10-25,4772431,140128410,29.45,29.25,29.35,-0.05,1497,1402,29.4
2021-10-26,8153817,240758021,29.65,29.3,29.55,0.2,2148,1402,29.4
2021-10-27,4093926,120359568,29.55,29.3,29.45,-0.1,1828,1402,29.5
2021-10-28,5500539,161114905,29.55,29.2,29.25,-0.2,1934,1402,29.5
2021-10-29,10577025,307226495,29.35,28.9,29.1,-0.15,4033,1402,29.25
2021-11-01,6545076,190240698,29.25,29.0,29.0,-0.1,2386,1402,29.1
2021-11-02,7969871,234069031,29.6,29.15,29.45,0.45,2315,1402,29.2
2021-11-03,5546514,164020054,29.7,29.45,29.55,0.1,2145,1402,29.5
2021-11-04,5602999,164735872,29.65,29.3,29.35,-0.2,2006,1402,29.65
2021-11-05,7155331,209527383,29.4,29.1,29.4,0.05,3041,1402,29.35
2021-11-08,6357302,187322098,29.55,29.4,29.45,0.05,2027,1402,29.5
2021-11-09,9932324,296066462,30.0,29.55,29.9,0.45,3587,1402,29.65
2021-11-10,6586347,196632559,30.0,29.7,29.9,0.0,2586,1402,29.95
2021-11-11,6698289,200882117,30.1,29.8,30.0,0.1,2468,1402,29.95
2021-11-12,10212866,307244347,30.25,29.9,30.15,0.15,3546,1402,30.15
2021-11-15,5554523,167323236,30.4,30.0,30.0,-0.15,2380,1402,30.2
2021-11-16,16068515,472619283,29.75,29.25,29.5,-0.5,6451,1402,29.75
2021-11-17,9655186,283022625,29.4,29.25,29.35,-0.15,3845,1402,29.35
2021-11-18,5746481,169228769,29.55,29.25,29.5,0.15,2158,1402,29.45
2021-11-19,6778807,199114619,29.55,29.3,29.4,-0.1,2343,1402,29.5
2021-11-22,8328768,243717529,29.45,29.15,29.15,-0.25,3246,1402,29.45
2021-11-23,19434055,558081276,28.9,28.5,28.75,-0.4,7531,1402,28.8
2021-11-24,13529321,387588077,28.8,28.5,28.8,0.05,5048,1402,28.7
2021-11-25,10905044,309984944,28.6,28.25,28.55,-0.25,4926,1402,28.6
2021-11-26,9295748,262747785,28.45,28.2,28.25,-0.3,4832,1402,28.4
2021-11-29,9378396,262788935,28.15,27.8,28.15,-0.1,4392,1402,28.0
2021-11-30,20061725,562781141,28.35,27.9,27.9,-0.25,5064,1402,28.2
2021-12-01,8343896,234293567,28.35,27.75,28.3,0.4,3628,1402,27.85
2021-12-02,6021407,169645670,28.3,28.05,28.3,0.0,2414,1402,28.2
2021-12-03,4536094,128568012,28.45,28.25,28.3,0.0,1921,1402,28.4
2021-12-06,5335632,151294869,28.6,28.15,28.6,0.3,2219,1402,28.2
2021-12-07,6139329,175363480,28.75,28.35,28.75,0.15,2341,1402,28.6
2021-12-08,5685496,163468794,28.95,28.6,28.75,0.0,1973,1402,28.85
2021-12-09,5174914,148466303,28.85,28.55,28.85,0.1,2582,1402,28.75
2021-12-10,3135001,89882451,28.75,28.6,28.75,-0.1,1232,1402,28.7
2021-12-13,7365017,210409505,28.8,28.4,28.45,-0.3,2878,1402,28.8
2021-12-14,4023212,114162656,28.55,28.3,28.45,0.0,1765,1402,28.4
2021-12-15,4434397,125729497,28.5,28.3,28.35,-0.1,1824,1402,28.4
2021-12-16,4850642,137073364,28.45,28.2,28.2,-0.15,2092,1402,28.4
2021-12-17,31500461,886160467,28.5,28.1,28.1,-0.1,4076,1402,28.25
2021-12-20,4092759,116050995,28.45,28.2,28.4,0.3,1848,1402,28.25
2021-12-21,3681343,105104030,28.7,28.35,28.55,0.15,1277,1402,28.5
2021-12-22,2388628,68353697,28.75,28.5,28.6,0.05,1041,1402,28.7
2021-12-23,4126789,118403161,28.8,28.55,28.8,0.2,1789,1402,28.65
2021-12-24,3789164,109391865,28.95,28.8,28.9,0.1,1334,1402,28.9
2021-12-27,3322683,96186155,29.0,28.9,29.0,0.1,1445,1402,29.0
2021-12-28,4075033,118315249,29.15,28.85,29.15,0.15,1592,1402,29.0
2021-12-29,3997687,116787770,29.3,29.1,29.3,0.15,1741,1402,29.15
2021-12-30,4741000,138542564,29.35,29.05,29.3,0.0,1966,1402,29.35
2022-01-03,4404871,128496516,29.5,28.95,29.15,-0.15,1760,1402,29.5
2022-01-04,3396820,98295282,29.15,28.85,29.0,-0.15,1829,1402,29.05
2022-01-05,3143083,91160841,29.15,28.85,29.05,0.05,1383,1402,28.9
2022-01-06,4587317,133790864,29.3,29.0,29.25,0.2,1943,1402,29.0
2022-01-07,3701523,108151571,29.4,29.05,29.15,-0.1,1501,1402,29.3
2022-01-10,1782165,51811153,29.2,29.0,29.1,-0.05,1181,1402,29.2
2022-01-11,4105496,119416966,29.15,28.95,29.15,0.05,1964,1402,29.0
2022-01-12,3538362,103191035,29.3,29.0,29.3,0.15,1435,1402,29.2
2022-01-13,6825171,200678337,29.55,29.25,29.55,0.25,2426,1402,29.35
2022-01-14,4173754,122016329,29.5,29.1,29.2,-0.35,1796,1402,29.5
2022-01-17,2391665,69660145,29.2,29.05,29.15,-0.05,1035,1402,29.1
2022-01-18,3720299,108518123,29.25,29.1,29.1,-0.05,1533,1402,29.25
2022-01-19,4141153,120559105,29.3,29.05,29.15,0.05,2154,1402,29.1
2022-01-20,5027650,148580163,29.35,29.0,29.25,0.1,1739,1402,29.05
2022-01-21,7808917,225237021,29.2,28.7,28.8,-0.45,3426,1402,29.05
2022-01-24,3195412,91655307,28.8,28.5,28.8,0.0,1672,1402,28.65
2022-01-25,7396832,209834417,28.6,28.2,28.6,-0.2,4009,1402,28.45
2022-01-26,3135974,90127132,28.85,28.45,28.8,0.2,2579,1402,28.65
2022-02-07,8177912,237833788,29.35,28.65,29.3,0.5,3695,1402,28.75
2022-02-08,5126585,149937491,29.35,29.15,29.2,-0.1,1855,1402,29.3
2022-02-09,7537670,220688044,29.5,29.05,29.5,0.3,3583,1402,29.1
2022-02-10,4714504,139010070,29.6,29.3,29.6,0.1,1591,1402,29.4
2022-02-11,4575537,134786333,29.6,29.4,29.4,-0.2,1604,1402,29.45
2022-02-14,5315586,156108467,29.6,29.15,29.45,0.05,1811,1402,29.4
2022-02-15,6135179,180451621,29.55,29.25,29.35,-0.1,2451,1402,29.5
2022-02-16,5519955,162847050,29.65,29.4,29.6,0.25,2122,1402,29.5
2022-02-17,9245842,274973710,29.8,29.6,29.8,0.2,3405,1402,29.7
2022-02-18,6126710,183075152,30.0,29.65,30.0,0.2,2666,1402,29.8
2022-02-21,5595503,168085696,30.25,29.75,30.2,0.2,2499,1402,29.8
2022-02-22,9560609,285552914,30.25,29.55,29.95,-0.25,3521,1402,30.2
2022-02-23,4762127,142771417,30.1,29.8,30.0,0.05,2714,1402,29.95
2022-02-24,9297382,275797674,29.9,29.45,29.7,-0.3,3782,1402,29.8
2022-02-25,13264375,392877643,29.9,29.5,29.55,-0.15,3591,1402,29.65
2022-03-01,8264325,248965713,30.3,29.6,30.3,0.75,3020,1402,29.95
2022-03-02,6273653,190044984,30.4,30.05,30.35,0.05,2195,1402,30.25
2022-03-03,5136871,156548417,30.6,30.2,30.6,0.25,2035,1402,30.45
2022-03-04,4811054,145425525,30.5,29.95,30.3,-0.3,2162,1402,30.1
2022-03-07,11371675,336180957,30.05,29.3,29.5,-0.8,5369,1402,30.0
2022-03-08,9414531,277776815,29.75,29.25,29.5,0.0,2965,1402,29.3
2022-03-09,5640452,167270989,29.9,29.55,29.55,0.05,1757,1402,29.65
2022-03-10,6426810,192869642,30.2,29.6,30.2,0.65,2086,1402,29.6
2022-03-11,3484520,105127226,30.4,30.05,30.2,0.0,1471,1402,30.1
2022-03-14,5685525,172715434,30.6,30.1,30.55,0.35,2187,1402,30.2
2022-03-15,6028308,181650139,30.5,29.95,30.2,-0.35,1902,1402,30.5
2022-03-16,7327718,221886449,30.45,30.0,30.45,0.25,2933,1402,30.0
2022-03-17,9027317,275525997,30.8,30.3,30.55,0.1,3121,1402,30.45
2022-03-18,12118124,370709765,30.75,30.3,30.7,0.15,2506,1402,30.6
2022-03-21,4687881,143269539,30.7,30.4,30.65,-0.05,2007,1402,30.6
2022-03-22,4944093,151894867,30.85,30.6,30.8,0.15,1519,1402,30.7
2022-03-23,4639753,142716757,30.9,30.65,30.75,-0.05,1598,1402,30.9
2022-03-24,5399154,166086703,30.85,30.6,30.85,0.1,2480,1402,30.7
2022-03-25,8111504,246943672,30.6,30.25,30.6,-0.25,2491,1402,30.5
2022-03-28,8577477,257979082,30.25,29.95,30.2,-0.4,2768,1402,30.2
2022-03-29,5117901,154741898,30.35,30.05,30.35,0.15,1548,1402,30.25
2022-03-30,6984051,211700635,30.5,30.2,30.3,-0.05,3392,1402,30.45
2022-03-31,7727482,235422378,30.6,30.15,30.4,0.1,2552,1402,30.4
2022-04-01,4118873,124244745,30.3,29.95,30.3,-0.1,1555,1402,30.05
2022-04-06,7541081,227755854,30.45,29.95,30.45,0.15,2511,1402,30.0
2022-04-07,8102929,243830241,30.35,29.95,29.95,-0.5,3267,1402,30.15
2022-04-08,4670417,140346949,30.15,29.95,30.1,0.15,1137,1402,30.0
2022-04-11,4751702,143373630,30.4,30.0,30.2,0.1,2227,1402,30.1
2022-04-12,3943435,119051294,30.3,30.0,30.2,0.0,1668,1402,30.1
2022-04-13,7870599,241128601,30.9,30.3,30.9,0.7,3733,1402,30.35
2022-04-14,3641434,111366518,30.75,30.45,30.6,-0.3,2675,1402,30.65
2022-04-15,4879337,148490621,30.6,30.25,30.4,-0.2,3196,1402,30.5
2022-04-18,7234898,218034896,30.4,29.95,30.2,-0.2,3308,1402,30.15
2022-04-19,5174589,156041391,30.35,30.05,30.1,-0.1,2285,1402,30.2
2022-04-20,6361663,192553860,30.5,30.05,30.5,0.4,3253,1402,30.25
2022-04-21,3875236,117631212,30.5,30.25,30.4,-0.1,2192,1402,30.5
2022-04-22,5783223,174524425,30.4,30.05,30.35,-0.05,3112,1402,30.1
2022-04-25,9689301,289990015,30.1,29.8,30.0,-0.35,3699,1402,30.0
2022-04-26,5302898,159577277,30.25,29.85,30.25,0.25,2261,1402,30.0
2022-04-27,6667267,198862713,29.95,29.7,29.7,-0.55,2791,1402,29.9
2022-04-28,6231338,185582476,29.95,29.65,29.95,0.25,3295,1402,29.7
2022-04-29,4291793,128747193,30.1,29.9,30.05,0.1,1858,1402,29.95
2022-05-03,3864524,115959880,30.15,29.85,29.95,-0.1,2330,1402,30.0
2022-05-04,3891230,117261067,30.25,30.0,30.15,0.2,2269,1402,30.1
2022-05-05,5443288,165436584,30.55,30.1,30.55,0.4,3072,1402,30.3
2022-05-06,5680343,171454676,30.35,30.05,30.2,-0.35,3045,1402,30.1
2022-05-09,7788794,233304630,30.25,29.75,29.8,-0.4,2596,1402,30.0
2022-05-10,7825743,234803549,30.25,29.65,30.15,0.35,3159,1402,29.85
2022-05-11,6810064,204820949,30.25,29.9,30.15,0.0,3418,1402,30.05
2022-05-12,6957718,207524476,30.1,29.65,29.7,-0.45,2244,1402,30.0
2022-05-13,18755725,574239332,31.0,30.15,31.0,1.3,7382,1402,30.25
2022-05-16,10756361,332273634,31.2,30.65,30.9,-0.1,4612,1402,31.0
2022-05-17,9334584,287243589,31.15,30.45,30.9,0.0,3347,1402,30.9
2022-05-18,9059208,281067836,31.25,30.6,31.25,0.35,5250,1402,30.6
2022-05-19,8362285,259349916,31.15,30.65,31.15,-0.1,4914,1402,30.65
2022-05-20,7209950,225898361,31.55,31.0,31.35,0.2,4068,1402,31.2
2022-05-23,5041165,158360876,31.75,31.25,31.4,0.05,2178,1402,31.65
2022-05-24,4837399,151941778,31.5,31.2,31.5,0.1,1844,1402,31.35
2022-05-25,7807707,246683391,31.75,31.35,31.7,0.2,3322,1402,31.55
2022-05-26,7025948,222918252,31.9,31.55,31.75,0.05,2626,1402,31.75
2022-05-27,6885517,218378306,31.85,31.45,31.6,-0.15,2629,1402,31.75
2022-05-30,8730382,276610838,31.8,31.55,31.8,0.2,3380,1402,31.7
2022-05-31,35901726,1101474790,31.6,30.5,30.5,-1.3,4947,1402,31.6
2022-06-01,6459051,199005449,30.95,30.65,30.8,0.3,2623,1402,30.65
2022-06-02,4617204,141383309,30.75,30.5,30.7,-0.1,1753,1402,30.65
2022-06-06,3665974,112724265,30.95,30.5,30.8,0.1,1910,1402,30.95
2022-06-07,4276157,131268354,30.9,30.6,30.7,-0.1,2122,1402,30.75
2022-06-08,6384225,198349034,31.25,30.8,31.25,0.55,2801,1402,30.8
2022-06-09,10179184,317515538,31.5,30.95,31.4,0.15,2722,1402,31.0
2022-06-10,3833570,120027178,31.5,31.05,31.3,-0.1,2399,1402,31.05
2022-06-13,8016621,247221087,31.2,30.6,30.95,-0.35,3458,1402,30.9
2022-06-14,5354046,165626057,31.15,30.65,30.95,0.0,2362,1402,31.15
2022-06-15,4637191,144923825,31.45,30.9,31.3,0.35,2553,1402,30.9
2022-06-16,4638179,145782442,31.65,31.25,31.3,0.0,2427,1402,31.6
2022-06-17,12006825,371187212,31.2,30.8,30.85,-0.45,3390,1402,31.05
2022-06-20,5418648,167618091,31.25,30.7,30.7,-0.15,2816,1402,30.85
2022-06-21,8077586,251536356,31.35,30.85,31.1,0.4,2088,1402,31.1
2022-06-22,7831762,243542335,31.25,30.95,31.05,-0.05,2280,1402,31.1
2022-06-23,7122950,222146061,31.5,30.95,31.15,0.1,2299,1402,31.2
2022-06-24,8462468,265122401,31.55,31.1,31.3,0.15,2416,1402,31.45
2022-06-27,7043386,222345668,31.7,31.4,31.7,0.4,2308,1402,31.5
2022-06-28,6928739,220513663,32.0,31.65,31.85,0.15,2199,1402,31.75
2022-06-29,10310698,329979029,32.15,31.75,32.15,0.3,4849,1402,31.95
2022-06-30,11690710,372600542,32.15,31.65,31.8,-0.35,3408,1402,32.15
2022-07-01,8594519,270344113,31.9,31.15,31.15,-0.65,2816,1402,31.85
2022-07-04,9769544,311116651,32.0,31.4,32.0,0.85,2760,1402,31.5
2022-07-05,7901567,254023128,32.45,31.85,32.25,0.25,3380,1402,32.4
2022-07-06,8949497,284028752,32.4,31.5,31.55,-0.7,3517,1402,32.35
2022-07-07,6480083,203731737,31.65,31.2,31.45,-0.1,2432,1402,31.6
2022-07-08,4707469,147844170,31.55,31.2,31.35,-0.1,1614,1402,31.45
2022-07-11,3649027,114896989,31.75,31.35,31.5,0.15,1133,1402,31.6
2022-07-12,9198706,288072965,31.55,30.9,31.5,0.0,2574,1402,31.2
2022-07-13,11743511,374409882,32.25,31.4,31.9,0.4,4119,1402,31.5
2022-07-14,12780290,407952194,32.3,31.45,31.95,0.05,2767,1402,31.9
2022-07-15,5462197,173139715,31.9,31.5,31.7,-0.25,2116,1402,31.75
2022-07-18,9918587,317743148,32.2,31.45,32.15,0.45,3057,1402,31.6
2022-07-19,16868059,548863648,32.95,32.05,32.5,0.35,4819,1402,32.15
2022-07-20,13526659,438953883,32.85,32.1,32.3,-0.2,3125,1402,32.55
2022-07-21,13550349,438626874,32.55,32.05,32.4,0.1,2611,1402,32.5
2022-07-22,11973895,384932796,32.4,31.9,32.15,-0.25,3459,1402,32.3
2022-07-25,9288643,297782725,32.3,31.75,32.1,-0.05,2370,1402,32.15
2022-07-26,6237921,198425325,32.1,31.6,31.75,-0.35,1859,1402,32.1
2022-07-27,11245927,356111692,32.0,31.5,31.75,0.0,2633,1402,31.75
2022-07-28,8888539,268420033,30.6,29.95,30.1,0.0,3332,1402,30.4
2022-07-29,10220115,310236144,30.65,30.05,30.4,0.3,2939,1402,30.35
2022-08-01,9331587,282116331,30.55,30.0,30.1,-0.3,3237,1402,30.4
2022-08-02,14822346,444827216,30.15,29.8,30.0,-0.1,5169,1402,29.95
2022-08-03,13133179,390164820,30.15,29.3,29.65,-0.35,4419,1402,30.0
2022-08-04,11822228,347292085,29.7,29.05,29.5,-0.15,3667,1402,29.6
2022-08-05,8454895,250442978,29.85,29.45,29.65,0.15,2453,1402,29.75
2022-08-08,7169233,211318033,29.75,29.35,29.45,-0.2,1967,1402,29.75
2022-08-09,7403329,220214657,29.95,29.5,29.9,0.45,3216,1402,29.65
2022-08-10,6639192,198710338,30.15,29.75,29.85,-0.05,1877,1402,29.75
2022-08-11,6505169,195750894,30.2,30.0,30.1,0.25,2175,1402,30.15
2022-08-12,5942777,179614429,30.4,30.1,30.3,0.2,1911,1402,30.2
2022-08-15,4765738,144447979,30.5,30.2,30.25,-0.05,1572,1402,30.25
2022-08-16,8497281,259723181,30.75,30.25,30.6,0.35,3242,1402,30.35
2022-08-17,6886753,212150672,30.95,30.6,30.85,0.25,2912,1402,30.6
2022-08-18,6209399,191379829,30.9,30.7,30.9,0.05,2169,1402,30.8
2022-08-19,3809813,117529013,30.95,30.65,30.9,0.0,1282,1402,30.8
2022-08-22,4209190,129940065,31.0,30.55,30.95,0.05,1621,1402,30.55
2022-08-23,3515265,108450997,30.95,30.7,30.9,-0.05,1343,1402,30.75
2022-08-24,4386817,135986346,31.15,30.7,31.05,0.15,1905,1402,30.95
2022-08-25,8389445,263866189,31.65,31.15,31.65,0.6,2549,1402,31.15
2022-08-26,4798242,152057152,31.8,31.6,31.65,0.0,1593,1402,31.75
2022-08-29,7956733,250061338,31.8,31.05,31.4,-0.25,3099,1402,31.1
2022-08-30,9687541,309559165,32.2,31.25,32.15,0.75,3452,1402,31.25
2022-08-31,14873113,483921135,32.75,31.85,32.75,0.6,2614,1402,32.0
2022-09-01,11307375,359411540,32.1,31.55,31.7,-1.05,5308,1402,32.05
2022-09-02,6833466,217311770,32.15,31.6,31.65,-0.05,3013,1402,32.0
2022-09-05,4322913,137069868,31.95,31.55,31.75,0.1,2578,1402,31.8
2022-09-06,6459217,205042348,32.05,31.55,31.75,0.0,3339,1402,31.85
2022-09-07,8022111,252222732,31.75,31.2,31.5,-0.25,3123,1402,31.5
2022-09-08,5621382,177790909,31.8,31.35,31.8,0.3,2846,1402,31.55
2022-09-12,3996440,127817966,32.2,31.75,31.85,0.05,1796,1402,32.1
2022-09-13,4510578,144304911,32.2,31.85,31.95,0.1,2152,1402,32.05
2022-09-14,10333754,332569167,32.5,31.35,32.15,0.2,4181,1402,31.5
2022-09-15,14998234,492100323,33.15,31.9,33.0,0.85,7235,1402,32.0
2022-09-16,15432569,496387536,32.75,32.0,32.0,-1.0,5463,1402,32.7
2022-09-19,3361294,107851230,32.25,31.9,32.1,0.1,1593,1402,32.0
2022-09-20,9117383,297981983,32.8,32.1,32.8,0.7,4138,1402,32.25
2022-09-21,6267770,205154955,32.9,32.5,32.8,0.0,2761,1402,32.55
2022-09-22,12638004,413863739,33.1,32.1,32.8,0.0,4509,1402,32.3
2022-09-23,9578914,316295107,33.4,32.65,32.9,0.1,5309,1402,32.75
2022-09-26,10683425,344450717,32.7,31.95,32.1,-0.8,4174,1402,32.7
2022-09-27,9363449,305654310,32.9,32.3,32.75,0.65,3197,1402,32.3
2022-09-28,10210858,333067547,33.0,32.3,32.35,-0.4,4777,1402,32.8
2022-09-29,11478745,373578909,32.8,32.3,32.7,0.35,3385,1402,32.5
2022-09-30,10113445,326788303,32.7,32.05,32.35,-0.35,3236,1402,32.65
2022-10-03,5902518,189255241,32.35,31.7,32.15,-0.2,2309,1402,31.9
2022-10-04,3049745,98161489,32.4,32.0,32.15,0.0,1576,1402,32.3
2022-10-05,6863021,218577751,32.2,31.55,31.75,-0.4,3018,1402,32.0
2022-10-06,14531181,465047170,32.35,31.7,32.15,0.4,3183,1402,31.95
2022-10-07,2684215,86146426,32.25,31.9,32.1,-0.05,1658,1402,31.95
2022-10-11,10396180,327524227,31.9,31.3,31.4,-0.7,4279,1402,31.3
2022-10-12,10551146,335294122,32.1,31.25,31.95,0.55,3741,1402,31.7
2022-10-13,9782918,308843715,32.0,31.4,31.4,-0.55,4396,1402,31.8
2022-10-14,10592618,332685791,31.9,31.0,31.35,-0.05,3600,1402,31.7
2022-10-17,6846177,211132681,31.3,30.5,30.95,-0.4,2784,1402,31.3
2022-10-18,5875760,181065916,31.15,30.55,30.85,-0.1,2631,1402,31.0
2022-10-19,8799155,272550840,31.15,30.5,31.0,0.15,2943,1402,30.65
2022-10-20,18091872,556098848,31.0,30.2,31.0,0.0,4252,1402,30.5
2022-10-21,4694345,146727258,31.5,30.9,31.2,0.2,2469,1402,31.0
2022-10-24,6898425,217386280,31.7,31.2,31.55,0.35,2422,1402,31.65
2022-10-25,6695793,211677805,31.8,31.35,31.65,0.1,2675,1402,31.7
2022-10-26,4868041,155301667,32.05,31.55,31.9,0.25,2402,1402,31.6
2022-10-27,6560146,210388363,32.35,31.9,32.05,0.15,2388,1402,32.1
2022-10-28,4284570,137293922,32.25,31.85,32.05,0.0,1646,1402,32.1
2022-10-31,9804850,316074294,32.45,32.0,32.15,0.1,2636,1402,32.25
2022-11-01,5527902,178828356,32.45,32.05,32.45,0.3,2126,1402,32.2
2022-11-02,6272734,201140488,32.65,31.8,32.05,-0.4,3092,1402,32.45
2022-11-03,6623778,212806677,32.45,31.65,32.3,0.25,2761,1402,31.75
2022-11-04,8881923,285745865,32.45,31.85,32.35,0.05,3312,1402,32.4
2022-11-07,6020807,194496513,32.5,32.1,32.45,0.1,2827,1402,32.35
2022-11-08,7601399,247474421,32.8,32.2,32.8,0.35,3616,1402,32.45
2022-11-09,5144338,168018079,32.85,32.45,32.65,-0.15,2811,1402,32.8
2022-11-10,4880111,158156849,32.8,32.25,32.35,-0.3,2300,1402,32.6
2022-11-11,10620248,341113876,32.6,31.85,32.25,-0.1,3997,1402,32.6
2022-11-14,18644607,614484530,33.25,32.2,33.2,0.95,7125,1402,32.45
2022-11-15,18826882,602145708,33.0,31.65,31.65,-1.55,7835,1402,32.75
2022-11-16,12523898,395864330,31.95,31.4,31.5,-0.15,5713,1402,31.55
2022-11-17,6101431,192465226,31.75,31.3,31.55,0.05,2661,1402,31.65
2022-11-18,10018246,313980210,31.85,31.15,31.35,-0.2,5013,1402,31.55
2022-11-21,21102466,645239642,31.45,30.2,30.6,-0.75,10350,1402,31.4
2022-11-22,15098039,462741797,30.95,30.25,30.9,0.3,6898,1402,30.3
2022-11-23,10387527,321263074,31.1,30.65,31.05,0.15,5507,1402,30.9
2022-11-24,10427818,327002862,31.8,31.0,31.8,0.75,4251,1402,31.25
2022-11-25,9121499,287189820,31.65,31.25,31.55,-0.25,3678,1402,31.5
2022-11-28,12499054,393350020,31.75,30.95,31.75,0.2,4050,1402,31.15
2022-11-29,11922610,380013204,32.15,31.4,32.15,0.4,4345,1402,31.65
2022-11-30,30796943,1000932614,32.75,32.1,32.5,0.35,6390,1402,32.25
2022-12-01,13522731,441711613,32.9,32.35,32.65,0.15,5368,1402,32.6
2022-12-02,7147218,231212417,32.6,32.15,32.3,-0.35,3725,1402,32.55
2022-12-05,18745325,616324715,33.1,32.55,32.8,0.5,7373,1402,32.75
2022-12-06,17276312,570187518,33.25,32.65,32.75,-0.05,6045,1402,32.8
2022-12-07,17504796,576181156,33.1,32.65,32.8,0.05,5378,1402,32.85
2022-12-08,14317077,469673934,33.1,32.3,33.0,0.2,6017,1402,32.65
2022-12-09,11269966,373185223,33.2,32.85,33.2,0.2,4560,1402,33.15
2022-12-12,13068485,434253086,33.35,32.9,33.2,0.0,5559,1402,33.15
2022-12-13,15557262,510419291,33.2,32.35,32.65,-0.55,6710,1402,33.05
2022-12-14,11550937,379892932,33.05,32.45,33.0,0.35,3885,1402,32.5
2022-12-15,10691007,352723472,33.25,32.55,32.95,-0.05,5611,1402,32.6
2022-12-16,89218120,2919375871,33.3,32.55,32.6,-0.35,14126,1402,32.6
2022-12-19,46674186,1463420529,32.3,31.05,31.3,-1.3,12616,1402,32.05
2022-12-20,37858357,1177573596,31.45,30.85,31.1,-0.2,7628,1402,31.1
2022-12-21,38351262,1199185600,31.6,31.0,31.3,0.2,7530,1402,31.3
2022-12-22,40345450,1304885267,33.0,31.3,33.0,1.7,7511,1402,31.6
2022-12-23,10631932,336658686,32.3,31.4,31.55,-1.45,4392,1402,32.2
2022-12-26,3685689,116459152,31.75,31.45,31.6,0.05,1414,1402,31.55
2022-12-27,3978646,126609973,31.95,31.7,31.8,0.2,1638,1402,31.75
2022-12-28,6264949,198612347,31.9,31.45,31.85,0.05,2725,1402,31.6
2022-12-29,5217572,165393947,31.9,31.5,31.7,-0.15,1958,1402,31.5
2022-12-30,2855300,91164321,32.0,31.75,31.9,0.2,1364,1402,31.75
2023-01-03,5497126,174077807,31.85,31.4,31.7,-0.2,2323,1402,31.7
2023-01-04,3862693,123156678,32.1,31.75,31.9,0.2,1883,1402,31.75
2023-01-05,4724899,150417969,32.15,31.7,31.7,-0.2,2291,1402,31.9
2023-01-06,3579215,114176710,32.05,31.75,31.8,0.1,1234,1402,31.9
2023-01-09,8067252,260421040,32.5,32.0,32.5,0.7,3399,1402,32.25
2023-01-10,7031149,225967719,32.3,31.95,32.3,-0.2,3100,1402,32.25
2023-01-11,8453012,275098974,32.7,32.1,32.6,0.3,3473,1402,32.15
2023-01-12,6009162,195911935,32.75,32.4,32.5,-0.1,3577,1402,32.5
2023-01-13,3808419,124253116,32.8,32.5,32.6,0.1,2176,1402,32.75
2023-01-16,4930425,160319581,32.8,32.25,32.45,-0.15,2401,1402,32.6
2023-01-17,6364974,205557006,32.5,32.05,32.35,-0.1,3560,1402,32.45
2023-01-30,18901648,625615940,33.3,32.75,33.3,0.95,6729,1402,33.1
2023-01-31,7142105,234511830,33.2,32.6,32.7,-0.6,2759,1402,33.1
2023-02-01,6607744,214744641,32.7,32.2,32.7,0.0,3343,1402,32.55
2023-02-02,7375292,238732348,32.7,32.2,32.4,-0.3,3237,1402,32.7
2023-02-03,4494241,145275885,32.5,32.2,32.35,-0.05,2817,1402,32.3
2023-02-06,6017304,195253064,32.7,32.2,32.4,0.05,2707,1402,32.25
2023-02-07,5775464,187906115,32.65,32.4,32.55,0.15,2346,1402,32.6
2023-02-08,4255047,137592276,32.6,32.25,32.25,-0.3,1711,1402,32.45
2023-02-09,6784242,218194974,32.4,32.0,32.2,-0.05,1978,1402,32.25
2023-02-10,6242676,201287195,32.45,32.05,32.15,-0.05,1924,1402,32.05
2023-02-13,5406149,174500149,32.5,32.05,32.35,0.2,1656,1402,32.15
2023-02-14,7324621,235663305,32.5,32.05,32.1,-0.25,2630,1402,32.5
2023-02-15,7023276,224968146,32.3,31.95,32.0,-0.1,2869,1402,32.2
2023-02-16,9593031,310263478,32.55,32.1,32.25,0.25,2402,1402,32.15
2023-02-17,8634801,276653561,32.25,31.9,32.0,-0.25,3203,1402,32.2
2023-02-20,5523819,176896127,32.15,31.95,32.0,0.0,1996,1402,31.95
2023-02-21,3574666,114760459,32.25,31.95,32.2,0.2,1461,1402,32.0
2023-02-22,7170336,230025345,32.2,31.95,32.15,-0.05,3140,1402,32.05
2023-02-23,4611077,149352816,32.55,32.1,32.45,0.3,1978,1402,32.1
2023-02-24,10588395,342510671,32.5,32.1,32.45,0.0,2388,1402,32.45
2023-03-01,8168764,262199977,32.4,31.95,32.0,-0.45,2970,1402,32.15
2023-03-02,8228940,266136853,32.6,31.85,32.45,0.45,3238,1402,32.0
2023-03-03,3253471,105021138,32.5,32.2,32.2,-0.25,1675,1402,32.45
2023-03-06,3778726,122797744,32.6,32.3,32.45,0.25,1768,1402,32.5
2023-03-07,5305784,172805699,32.7,32.35,32.55,0.1,2040,1402,32.35
2023-03-08,4695074,151804099,32.55,32.25,32.3,-0.25,2457,1402,32.5
2023-03-09,21135912,670346131,32.15,31.5,31.55,-0.75,9014,1402,32.1
2023-03-10,10637324,332310084,31.4,31.15,31.25,-0.3,4469,1402,31.25
2023-03-13,9146793,287016143,31.55,31.15,31.35,0.1,3048,1402,31.15
2023-03-14,8941557,280166721,31.5,31.15,31.3,-0.05,2958,1402,31.2
2023-03-15,7153769,224338027,31.5,31.25,31.25,-0.05,3601,1402,31.3
2023-03-16,5813954,182232006,31.45,31.2,31.3,0.05,1895,1402,31.25
2023-03-17,15590242,484183029,31.35,30.8,31.0,-0.3,3946,1402,31.35
2023-03-20,8712107,268693678,31.25,30.65,30.8,-0.2,3840,1402,31.25
2023-03-21,9001992,277297753,31.0,30.7,30.75,-0.05,3354,1402,31.0
2023-03-22,5127072,158168925,30.95,30.75,30.8,0.05,2715,1402,30.85
2023-03-23,6861282,212328479,31.05,30.75,30.95,0.15,2547,1402,30.8
2023-03-24,5506422,171316048,31.2,31.0,31.1,0.15,2241,1402,31.05
2023-03-27,4865493,151742800,31.3,31.1,31.2,0.1,1814,1402,31.15
2023-03-28,4787962,149028022,31.25,31.05,31.1,-0.1,1905,1402,31.2
2023-03-29,4425756,138509406,31.35,31.1,31.35,0.25,1707,1402,31.2
2023-03-30,5518231,172742082,31.4,31.2,31.3,-0.05,2678,1402,31.35
2023-03-31,5400589,169475034,31.5,31.3,31.3,0.0,2374,1402,31.35
2023-04-06,5518688,172890632,31.5,31.2,31.35,0.05,2888,1402,31.25
2023-04-07,3115173,97736065,31.5,31.25,31.3,-0.05,1859,1402,31.4
2023-04-10,4642915,145743262,31.5,31.15,31.45,0.15,2385,1402,31.25
2023-04-11,6600337,209639510,31.85,31.4,31.8,0.35,2455,1402,31.45
2023-04-12,5700715,181505778,32.0,31.7,31.7,-0.1,2339,1402,31.8
2023-04-13,8062214,256205881,31.9,31.65,31.7,0.0,2486,1402,31.75
2023-04-14,7389607,234763580,31.9,31.65,31.85,0.15,2709,1402,31.65
2023-04-17,5114661,162377107,31.85,31.55,31.85,0.0,2039,1402,31.75
2023-04-18,5986672,189574790,31.75,31.6,31.65,-0.2,2250,1402,31.75
2023-04-19,5478658,173686295,31.8,31.55,31.7,0.05,1981,1402,31.7
2023-04-20,6155357,193664079,31.7,31.25,31.45,-0.25,2304,1402,31.55
2023-04-21,5059130,159298075,31.65,31.4,31.4,-0.05,1762,1402,31.45
2023-04-24,7227463,230169729,32.1,31.5,31.9,0.5,2438,1402,31.5
2023-04-25,5316488,169208463,31.95,31.75,31.75,-0.15,2244,1402,31.95
2023-04-26,8326594,265012240,31.95,31.7,31.9,0.15,3397,1402,31.85
2023-04-27,5057524,161169847,32.05,31.65,31.85,-0.05,2210,1402,31.75
2023-04-28,5182057,165448283,32.05,31.8,31.9,0.05,1959,1402,32.0
2023-05-02,5533852,177966625,32.25,31.95,32.25,0.35,2733,1402,32.0
2023-05-03,3617049,116498153,32.3,32.05,32.2,-0.05,1836,1402,32.2
2023-05-04,4358102,140496693,32.35,32.1,32.25,0.05,1658,1402,32.1
2023-05-05,4057882,131270792,32.45,32.2,32.35,0.1,2450,1402,32.35
2023-05-08,4745892,154490818,32.7,32.35,32.6,0.25,2162,1402,32.4
2023-05-09,3416220,110074828,32.5,32.1,32.25,-0.35,2040,1402,32.5
2023-05-10,4240860,135765755,32.25,31.8,32.1,-0.15,2180,1402,32.15
2023-05-11,3728102,118423404,32.1,31.6,31.8,-0.3,1759,1402,32.1
2023-05-12,5318809,170277928,32.25,31.65,32.1,0.3,2661,1402,31.8
2023-05-15,5184242,164486472,31.9,31.6,31.75,-0.35,2518,1402,31.8
2023-05-16,7471530,237080444,32.05,31.6,31.95,0.2,4171,1402,32.05
2023-05-17,8175155,261226451,32.1,31.75,31.95,0.0,4467,1402,31.95
2023-05-18,5370497,171539546,32.05,31.8,32.0,0.05,2380,1402,31.8
2023-05-19,5629322,180462677,32.25,31.9,32.05,0.05,2702,1402,32.15
2023-05-22,4173745,133713288,32.2,31.85,32.05,0.0,2622,1402,32.05
2023-05-23,4858427,155543811,32.1,31.8,32.05,0.0,3033,1402,32.1
2023-05-24,4444306,141973830,32.05,31.8,32.0,-0.05,2913,1402,32.05
2023-05-25,5927399,188574122,32.0,31.65,32.0,0.0,3014,1402,31.8
2023-05-26,4884372,155349990,31.9,31.7,31.8,-0.2,2755,1402,31.7
2023-05-29,4785995,152731845,32.05,31.75,31.85,0.05,2593,1402,31.8
2023-05-30,6886557,220467884,32.2,31.85,32.1,0.25,3644,1402,32.0
2023-05-31,37272198,1203111844,32.3,31.95,32.3,0.2,3279,1402,32.0
2023-06-01,6030404,192101885,32.2,31.7,31.7,-0.6,3371,1402,32.15
2023-06-02,3993738,127351450,32.0,31.75,31.9,0.2,1997,1402,31.75
2023-06-05,4785507,154070669,32.3,32.05,32.2,0.3,2126,1402,32.05
2023-06-06,5196688,168735122,32.6,32.25,32.5,0.3,2547,1402,32.3
2023-06-07,4785059,155564499,32.6,32.35,32.45,-0.05,3335,1402,32.55
2023-06-08,4561078,148396238,32.6,32.35,32.45,0.0,2592,1402,32.45
2023-06-09,4297747,140210104,32.75,32.5,32.55,0.1,2193,1402,32.55
2023-06-12,5072373,165023271,32.7,32.35,32.4,-0.15,3256,1402,32.6
2023-06-13,5313116,173210011,32.75,32.25,32.6,0.2,2401,1402,32.3
2023-06-14,4136160,135267233,32.8,32.5,32.75,0.15,2153,1402,32.5
2023-06-15,6215931,204590978,33.05,32.6,33.0,0.25,3269,1402,32.65
2023-06-16,11570266,382563865,33.3,32.85,32.95,-0.05,3302,1402,32.9
2023-06-19,4420659,145060493,32.95,32.55,32.95,0.0,2135,1402,32.8
2023-06-20,5328200,174362705,32.95,32.5,32.75,-0.2,1850,1402,32.95
2023-06-21,6344531,208727973,33.05,32.55,33.05,0.3,2608,1402,32.6
2023-06-26,10155069,339763960,33.65,33.1,33.5,0.45,4299,1402,33.1
2023-06-27,4907651,164284582,33.6,33.35,33.5,0.0,2726,1402,33.4
2023-06-28,4114593,137586074,33.6,33.3,33.55,0.05,1767,1402,33.35
2023-06-29,3942975,132088477,33.75,33.35,33.4,-0.15,2157,1402,33.7
2023-06-30,6820362,227861737,33.55,33.15,33.45,0.05,3138,1402,33.2
2023-07-03,4262469,142538306,33.65,33.3,33.45,0.0,2198,1402,33.6
2023-07-04,5227451,173844137,33.4,33.1,33.15,-0.3,2242,1402,33.3
2023-07-05,6496614,217022037,33.6,33.25,33.35,0.2,3322,1402,33.4
2023-07-06,15023234,488055273,33.05,32.15,32.2,-1.15,6762,1402,33.0
2023-07-07,8408335,269005857,32.2,31.8,32.05,-0.15,4006,1402,32.0
2023-07-10,6031760,193480856,32.3,31.9,32.0,-0.05,3139,1402,32.0
2023-07-11,4680958,151725897,32.55,32.1,32.45,0.45,2478,1402,32.1
2023-07-12,4447416,143781277,32.45,32.25,32.3,-0.15,2238,1402,32.25
2023-07-13,6038428,195335456,32.5,32.2,32.2,-0.1,2905,1402,32.4
2023-07-14,8074824,260399383,32.4,32.1,32.3,0.1,4012,1402,32.2
2023-07-17,15668395,477217014,31.0,30.25,30.3,0.0,9595,1402,31.0
2023-07-18,13213953,397233574,30.3,29.9,30.0,-0.3,6517,1402,30.3
2023-07-19,10584610,315503198,30.05,29.55,29.75,-0.25,6255,1402,30.0
2023-07-20,7087730,211699739,30.1,29.65,29.8,0.05,3263,1402,29.75
2023-07-21,8022210,238284235,29.95,29.55,29.6,-0.2,4278,1402,29.95
2023-07-24,9578561,281202708,29.75,29.15,29.15,-0.45,5090,1402,29.6
2023-07-25,7388938,216162836,29.4,29.15,29.25,0.1,3396,1402,29.35
2023-07-26,6339837,186508758,29.55,29.3,29.5,0.25,2908,1402,29.3
2023-07-27,5551156,165603787,29.95,29.45,29.95,0.45,2991,1402,29.55
2023-07-28,6781071,201734803,29.9,29.6,29.7,-0.25,2981,1402,29.85
2023-07-31,6461982,192088109,29.9,29.7,29.7,0.0,2212,1402,29.85
2023-08-01,4324664,128158971,29.8,29.55,29.65,-0.05,3005,1402,29.75
2023-08-02,7752632,229439143,29.8,29.5,29.55,-0.1,4472,1402,29.6
2023-08-04,4716412,139400734,29.65,29.5,29.5,-0.05,2848,1402,29.55
2023-08-07,3773973,112123025,29.8,29.5,29.8,0.3,1955,1402,29.55
2023-08-08,6525642,193137713,29.85,29.5,29.6,-0.2,3113,1402,29.8
2023-08-09,5572266,164356149,29.7,29.4,29.5,-0.1,3016,1402,29.7
2023-08-10,6182415,181636276,29.6,29.25,29.45,-0.05,3656,1402,29.5
2023-08-11,4720131,138801834,29.55,29.3,29.5,0.05,2401,1402,29.5
2023-08-14,5716263,168172074,29.6,29.3,29.3,-0.2,3385,1402,29.55
2023-08-15,5852391,171118712,29.4,29.15,29.15,-0.15,2819,1402,29.35
2023-08-16,11529240,331489846,29.15,28.55,28.6,-0.55,7540,1402,29.1
2023-08-17,6911097,196320081,28.55,28.25,28.5,-0.1,3673,1402,28.5
2023-08-18,5261090,151147836,28.9,28.4,28.75,0.25,2360,1402,28.5
2023-08-21,3871495,111223979,28.85,28.65,28.65,-0.1,1695,1402,28.75
2023-08-22,3983041,113809587,28.75,28.5,28.6,-0.05,1978,1402,28.7
2023-08-23,4808102,136809627,28.6,28.35,28.35,-0.25,2743,1402,28.55
2023-08-24,7883658,223086078,28.45,28.2,28.35,0.0,4247,1402,28.45
2023-08-25,5592625,158499373,28.45,28.3,28.3,-0.05,2913,1402,28.3
2023-08-28,5291103,149240090,28.4,28.05,28.15,-0.15,3558,1402,28.3
2023-08-29,3942095,111267046,28.3,28.15,28.3,0.15,2081,1402,28.2
2023-08-30,5616761,159802825,28.55,28.25,28.55,0.25,2374,1402,28.35
2023-08-31,13765998,388975568,28.6,28.15,28.15,-0.4,3940,1402,28.55
2023-09-01,5861336,168577726,28.95,28.25,28.8,0.65,3165,1402,28.25
2023-09-04,6015812,172248059,28.8,28.55,28.6,-0.2,3751,1402,28.75
2023-09-05,4497534,129348761,28.95,28.55,28.85,0.25,2094,1402,28.6
2023-09-06,5555232,159199066,28.85,28.6,28.6,-0.25,2993,1402,28.75
2023-09-07,6387650,181855101,28.7,28.35,28.4,-0.2,3797,1402,28.5
2023-09-08,3538512,100596258,28.6,28.25,28.5,0.1,2457,1402,28.4
2023-09-11,4640250,133099696,28.9,28.5,28.7,0.2,2478,1402,28.55
2023-09-12,6463271,187303158,29.2,28.65,29.15,0.45,2684,1402,28.7
2023-09-13,5470064,158434906,29.15,28.75,29.15,0.0,3080,1402,29.1
2023-09-14,9848489,287799338,29.45,28.9,29.45,0.3,3616,1402,29.2
2023-09-15,67462973,1961767849,29.3,28.7,29.1,-0.35,8613,1402,29.25
2023-09-18,6065397,178687757,29.6,29.05,29.5,0.4,2574,1402,29.1
2023-09-19,3251226,95680976,29.5,29.35,29.4,-0.1,2157,1402,29.5
2023-09-20,3801240,111586503,29.5,29.2,29.2,-0.2,2236,1402,29.5
2023-09-21,6100713,176493595,29.3,28.8,28.8,-0.4,3552,1402,29.2
2023-09-22,2139602,61610938,28.9,28.65,28.75,-0.05,1493,1402,28.75
2023-09-25,2458977,71069866,29.0,28.75,28.85,0.1,1478,1402,28.9
2023-09-26,3645507,104483246,28.85,28.6,28.6,-0.25,2626,1402,28.7
2023-09-27,2513617,71929207,28.8,28.55,28.6,0.0,2018,1402,28.6
2023-09-28,3504531,100984528,28.95,28.7,28.75,0.15,1829,1402,28.8
2023-10-02,4182802,121633276,29.2,28.9,29.1,0.35,2387,1402,28.9
2023-10-03,3640732,105203868,29.1,28.75,28.85,-0.25,2718,1402,29.1
2023-10-04,7072759,201502254,28.75,28.35,28.35,-0.5,4249,1402,28.5
2023-10-05,4662058,132786826,28.65,28.4,28.4,0.05,2892,1402,28.45
2023-10-06,3181816,90824948,28.65,28.45,28.55,0.15,1932,1402,28.45
2023-10-11,12551611,360670255,29.25,28.7,29.2,0.65,5777,1402,28.8
2023-10-12,8619155,251590954,29.35,28.95,29.25,0.05,5297,1402,29.3
2023-10-13,6448515,188734199,29.4,29.15,29.3,0.05,3925,1402,29.3
2023-10-16,6389683,186816259,29.4,29.1,29.25,-0.05,4053,1402,29.3
2023-10-17,5770425,168509088,29.4,29.1,29.15,-0.1,3428,1402,29.3
2023-10-18,16546969,481359884,29.4,29.0,29.0,-0.15,5444,1402,29.35
2023-10-19,6692218,194001794,29.15,28.85,28.95,-0.05,2907,1402,28.85
2023-10-20,7772399,223673319,29.0,28.55,28.85,-0.1,3868,1402,28.7
2023-10-23,4114058,118231647,28.95,28.65,28.65,-0.2,2006,1402,28.85
2023-10-24,2848993,82353989,29.2,28.65,29.05,0.4,1653,1402,28.9
2023-10-25,4315709,125632283,29.2,29.0,29.1,0.05,2322,1402,29.1
2023-10-26,6108587,177420093,29.25,28.8,29.0,-0.1,2585,1402,28.8
2023-10-27,6073782,177946837,29.45,29.05,29.25,0.25,2423,1402,29.25
2023-10-30,6426753,188344414,29.45,29.1,29.3,0.05,3450,1402,29.25
2023-10-31,7528905,221927151,29.55,29.15,29.5,0.2,3396,1402,29.15
2023-11-01,5561379,163918442,29.7,29.3,29.4,-0.1,3402,1402,29.5
2023-11-02,6003462,178630588,29.85,29.6,29.85,0.45,3614,1402,29.7
2023-11-03,3822956,114053093,29.95,29.65,29.9,0.05,2813,1402,29.75
2023-11-06,8840759,266466824,30.3,29.75,30.25,0.35,4312,1402,29.9
2023-11-07,4805122,144808896,30.25,30.0,30.2,-0.05,2855,1402,30.25
2023-11-08,5241500,158182060,30.35,30.05,30.15,-0.05,2729,1402,30.3
2023-11-09,4688434,141222736,30.25,29.9,30.25,0.1,2430,1402,30.1
2023-11-10,4781237,144350825,30.3,30.0,30.25,0.0,2642,1402,30.0
2023-11-13,5537906,167225614,30.35,30.0,30.35,0.1,2932,1402,30.25
2023-11-14,7982728,242539794,30.5,30.2,30.5,0.15,3658,1402,30.45
2023-11-15,11317168,346134987,30.75,30.4,30.7,0.2,5402,1402,30.6
2023-11-16,7307408,224568647,30.85,30.5,30.85,0.15,3790,1402,30.7
2023-11-17,6462935,199099607,30.9,30.65,30.75,-0.1,3456,1402,30.85
2023-11-20,9976506,300219365,30.75,29.85,29.95,-0.8,6360,1402,30.75
2023-11-21,14475450,438482708,30.45,29.95,30.4,0.45,5843,1402,30.0
2023-11-22,11480854,351287545,30.85,30.4,30.45,0.05,6550,1402,30.4
2023-11-23,9076214,278860950,30.9,30.45,30.65,0.2,4302,1402,30.55
2023-11-24,16749856,512488024,30.9,30.15,30.15,-0.5,5716,1402,30.75
2023-11-27,20881674,640418826,31.0,30.3,30.45,0.3,5705,1402,30.35
2023-11-28,15065199,463634568,31.0,30.6,30.6,0.15,5524,1402,30.9
2023-11-29,13594580,417462200,30.9,30.6,30.6,0.0,5479,1402,30.6
2023-11-30,27888997,857297102,31.0,30.6,30.6,0.0,6550,1402,30.8
2023-12-01,11419803,353021500,31.0,30.6,30.95,0.35,4242,1402,30.6
2023-12-04,15324461,483224745,31.75,31.0,31.6,0.65,6535,1402,31.0
2023-12-05,12885319,405353659,31.7,31.3,31.3,-0.3,6134,1402,31.35
2023-12-06,9212611,292489348,31.9,31.45,31.65,0.35,4298,1402,31.45
2023-12-07,7036607,219533071,31.75,30.95,31.1,-0.55,4750,1402,31.65
2023-12-08,5038362,156059042,31.35,30.85,30.95,-0.15,2918,1402,31.35
2023-12-11,4739523,145878790,30.95,30.65,30.9,-0.05,2507,1402,30.9
2023-12-12,5382405,166442036,31.1,30.8,31.0,0.1,2728,1402,31.05
2023-12-13,6404523,197032175,31.05,30.6,30.7,-0.3,3399,1402,31.0
2023-12-14,8671624,267511638,31.05,30.7,30.95,0.25,4168,1402,31.05
2023-12-15,57226793,1764252460,31.1,30.75,30.8,-0.15,5349,1402,31.0
2023-12-18,15212900,475925243,31.4,30.8,31.4,0.6,3375,1402,30.8
2023-12-19,16290182,511730734,31.55,31.0,31.45,0.05,4790,1402,31.1
2023-12-20,15360819,481142287,31.5,31.25,31.25,-0.2,3495,1402,31.45
2023-12-21,15602038,490619839,31.55,31.0,31.5,0.25,3317,1402,31.0
2023-12-22,4709802,146438303,31.45,30.95,31.1,-0.4,3084,1402,31.4
2023-12-25,1900312,58699131,31.1,30.8,30.95,-0.15,1313,1402,31.1
2023-12-26,1952730,60628873,31.15,30.9,31.1,0.15,1035,1402,31.05
2023-12-27,6416477,200946202,31.5,30.95,31.4,0.3,2456,1402,31.05
2023-12-28,3869214,121113989,31.4,31.2,31.4,0.0,2448,1402,31.35
2023-12-29,6298990,197620302,31.45,31.05,31.2,-0.2,2243,1402,31.45
2024-01-02,6570785,206401970,31.55,31.1,31.55,0.35,2867,1402,31.15
2024-01-03,4254083,133543519,31.5,31.25,31.45,-0.1,1998,1402,31.3
2024-01-04,5458725,172740779,31.75,31.35,31.75,0.3,2168,1402,31.4
2024-01-05,2521597,79951282,31.85,31.55,31.75,0.0,1268,1402,31.75
2024-01-08,3146570,100187085,31.95,31.75,31.8,0.05,1576,1402,31.85
2024-01-09,2873206,91147269,31.9,31.6,31.75,-0.05,1380,1402,31.9
2024-01-10,3284846,102881190,31.6,31.2,31.2,-0.55,1684,1402,31.6
2024-01-11,3865213,121226994,31.45,31.2,31.45,0.25,1773,1402,31.2
2024-01-12,2636538,82470006,31.45,31.15,31.4,-0.05,1309,1402,31.2
2024-01-15,2879559,90355297,31.5,31.25,31.4,0.0,1161,1402,31.4
2024-01-16,7745196,240858635,31.3,30.95,31.05,-0.35,2885,1402,31.05
2024-01-17,9904402,303940368,31.1,30.35,30.4,-0.65,4593,1402,30.9
2024-01-18,3912027,119394498,30.75,30.35,30.5,0.1,1510,1402,30.4
2024-01-19,2196655,66814689,30.55,30.2,30.5,0.0,1226,1402,30.35
2024-01-22,1960474,59538341,30.7,30.25,30.3,-0.2,1499,1402,30.65
2024-01-23,1911704,58237070,30.6,30.3,30.6,0.3,897,1402,30.3
2024-01-24,2029328,61983612,30.65,30.35,30.6,0.0,1128,1402,30.55
2024-01-25,2439585,75043940,30.85,30.55,30.85,0.25,1231,1402,30.65
2024-01-26,1863676,57549303,30.95,30.7,30.95,0.1,1226,1402,30.9
2024-01-29,2336747,72584380,31.15,30.8,31.15,0.2,1134,1402,30.8
2024-01-30,3817795,117482634,31.2,30.65,30.65,-0.5,1838,1402,31.2
2024-01-31,5555814,171949186,31.15,30.65,30.9,0.25,1543,1402,30.7
2024-02-01,3484432,108754175,31.3,31.05,31.3,0.4,1653,1402,31.1
2024-02-02,2380083,73790999,31.3,30.85,31.05,-0.25,1855,1402,31.3
2024-02-05,3232903,99052763,30.8,30.4,30.65,-0.4,2295,1402,30.6
2024-02-15,5057215,154600358,30.8,30.35,30.7,0.05,2794,1402,30.45
2024-02-16,2122105,65333077,30.95,30.65,30.85,0.15,1300,1402,30.8
2024-02-19,3708344,115620754,31.4,30.7,31.35,0.5,1966,1402,30.85
2024-02-20,4377550,137811880,31.6,31.2,31.6,0.25,2380,1402,31.3
2024-02-21,4685018,148256502,31.75,31.45,31.75,0.15,2181,1402,31.6
2024-02-22,3732002,118636736,31.9,31.65,31.9,0.15,2094,1402,31.75
2024-02-23,2393848,75952594,31.85,31.6,31.65,-0.25,1839,1402,31.75
2024-02-26,2429944,76558082,31.65,31.4,31.4,-0.25,1499,1402,31.5
2024-02-27,6018425,190949397,31.9,31.4,31.65,0.25,2497,1402,31.4
2024-02-29,15254158,493931271,32.6,31.65,32.6,0.95,6129,1402,31.65
2024-03-01,4988513,159389475,32.15,31.7,31.9,-0.7,2232,1402,32.15
2024-03-04,3220176,102581442,32.05,31.7,31.85,-0.05,1789,1402,31.7
2024-03-05,4313288,137669138,32.0,31.8,31.85,0.0,2237,1402,31.9
2024-03-06,3921200,125536277,32.2,31.7,32.0,0.15,2253,1402,31.7
2024-03-07,4883832,156097108,32.1,31.65,32.05,0.05,2347,1402,31.7
2024-03-08,6867307,220809100,32.4,31.7,32.4,0.35,3435,1402,31.85
2024-03-11,3552189,114827931,32.5,32.05,32.5,0.1,1854,1402,32.4
2024-03-12,4928250,158946798,32.35,32.1,32.35,-0.15,2566,1402,32.25
2024-03-13,8586024,279021763,32.7,32.1,32.7,0.35,3682,1402,32.1
2024-03-14,5639021,184711963,32.9,32.55,32.9,0.2,3183,1402,32.65
2024-03-15,22998264,758955820,33.3,32.9,32.9,0.0,5457,1402,32.9
2024-03-18,5619519,183489362,32.9,32.4,32.75,-0.15,3430,1402,32.9
2024-03-19,8378063,267314411,32.4,31.7,31.7,-1.05,6356,1402,32.3
2024-03-20,4455174,141975247,32.05,31.7,31.8,0.1,2383,1402,31.7
2024-03-21,7067996,229752187,32.75,31.95,32.7,0.9,3377,1402,32.05
2024-03-22,4756923,154656533,32.75,32.25,32.5,-0.2,2710,1402,32.5
2024-03-25,2700011,87545134,32.6,32.1,32.4,-0.1,1564,1402,32.45
2024-03-26,3744609,122134603,32.8,32.35,32.6,0.2,2319,1402,32.4
2024-03-27,3041288,99893865,32.95,32.65,32.85,0.25,1951,1402,32.7
2024-03-28,3645728,120228570,33.05,32.6,33.05,0.2,2155,1402,32.65
2024-03-29,4792039,158751784,33.25,32.95,33.25,0.2,2178,1402,33.05
2024-04-01,2055115,68310192,33.35,33.1,33.25,0.0,1324,1402,33.25
2024-04-02,2525369,83435682,33.15,32.85,33.15,-0.1,1735,1402,33.15
2024-04-03,4501730,147024194,33.05,32.55,32.6,-0.55,3415,1402,33.05
2024-04-08,4518588,146969859,32.7,32.3,32.65,0.05,3294,1402,32.35
2024-04-09,3245754,106873331,33.05,32.65,32.9,0.25,2021,1402,32.65
2024-04-10,3385444,111020363,33.0,32.6,32.7,-0.2,2625,1402,32.7
2024-04-11,3303744,108292209,32.9,32.5,32.8,0.1,1709,1402,32.5
2024-04-12,3477413,112573117,32.55,32.2,32.35,-0.45,2124,1402,32.5
2024-04-15,4118553,134583344,32.85,32.3,32.65,0.3,2240,1402,32.4
2024-04-16,7402380,237318552,32.8,31.65,31.85,-0.8,4619,1402,32.5
2024-04-17,6033571,192278102,32.1,31.65,31.95,0.1,3588,1402,31.85
2024-04-18,5711426,182088805,32.15,31.7,31.8,-0.15,3204,1402,31.95
2024-04-19,9336581,293299107,31.8,31.15,31.15,-0.65,5025,1402,31.6
2024-04-22,4892402,157583485,32.5,31.6,32.4,1.25,2385,1402,31.7
2024-04-23,4318987,141750458,33.0,32.45,32.85,0.45,2020,1402,32.45
2024-04-24,4234713,137318974,32.95,32.25,32.35,-0.5,3041,1402,32.95
2024-04-25,3378643,108768962,32.45,32.05,32.15,-0.2,2933,1402,32.2
2024-04-26,5106715,164420614,32.45,32.0,32.05,-0.1,2937,1402,32.4
2024-04-29,8138226,268137520,33.1,32.3,33.1,1.05,3795,1402,32.3
2024-04-30,4297515,140670428,33.15,32.5,32.5,-0.6,2042,1402,33.1
2024-05-02,9543939,317019496,33.45,32.6,33.2,0.7,4632,1402,32.7
2024-05-03,5840455,195174784,33.6,33.2,33.2,0.0,2969,1402,33.3
2024-05-06,6021559,201544958,33.7,33.25,33.5,0.3,3041,1402,33.3
2024-05-07,5213623,175095668,33.75,33.3,33.7,0.2,3161,1402,33.5
2024-05-08,5881347,198502270,33.95,33.6,33.75,0.05,3014,1402,33.7
2024-05-09,4489869,150135908,33.7,33.2,33.4,-0.35,2722,1402,33.7
2024-05-10,10734452,365794205,34.45,33.45,34.45,1.05,4481,1402,33.45
2024-05-13,5815413,200517529,34.65,34.3,34.6,0.15,3428,1402,34.5
2024-05-14,3698836,126731362,34.6,34.1,34.25,-0.35,2075,1402,34.6
2024-05-15,5125290,176078561,34.6,34.1,34.35,0.1,3148,1402,34.3
2024-05-16,13308478,466640263,35.4,34.55,35.2,0.85,5189,1402,34.55
2024-05-17,5939479,206880918,35.25,34.6,34.7,-0.5,3490,1402,35.2
2024-05-20,4932186,170127832,34.8,34.2,34.45,-0.25,3351,1402,34.8
2024-05-21,6234004,213566449,34.5,33.9,34.4,-0.05,2810,1402,34.45
2024-05-22,5370586,182289596,34.4,33.8,33.9,-0.5,4180,1402,34.4
2024-05-23,5810190,194887894,33.8,33.35,33.65,-0.25,3294,1402,33.65
2024-05-24,2476429,83126780,33.7,33.3,33.65,0.0,1947,1402,33.65
2024-05-27,4802611,160896474,33.7,33.3,33.45,-0.2,3368,1402,33.6
2024-05-28,5007674,169051350,33.95,33.45,33.7,0.25,2482,1402,33.45
2024-05-29,4545350,152349437,33.85,33.3,33.3,-0.4,2615,1402,33.65
2024-05-30,6361705,213339402,33.8,33.15,33.4,0.1,3384,1402,33.15
2024-05-31,22703323,768362085,34.1,33.6,33.8,0.4,8933,1402,33.8
2024-06-03,13645431,465701901,34.5,33.6,34.3,0.5,7233,1402,33.9
2024-06-04,6153192,209488607,34.3,33.8,34.0,-0.3,4852,1402,33.85
2024-06-05,6145310,208703591,34.2,33.8,33.8,-0.2,4299,1402,33.85
2024-06-06,5011015,169603512,34.05,33.4,33.95,0.15,3552,1402,33.8
2024-06-07,8674499,297387376,34.55,33.85,34.55,0.6,4836,1402,33.85
2024-06-11,8764343,306559763,35.35,34.15,34.9,0.35,5034,1402,34.15
2024-06-12,7938359,277643488,35.15,34.7,34.85,-0.05,3010,1402,34.9
2024-06-13,4517500,157805641,35.1,34.75,34.75,-0.1,2515,1402,34.9
2024-06-14,9032943,320396403,35.6,35.0,35.55,0.8,4368,1402,35.0
2024-06-17,4242015,150509411,35.6,35.25,35.25,-0.3,3058,1402,35.55
2024-06-18,7023361,250942009,35.9,35.4,35.9,0.65,4093,1402,35.4
2024-06-19,5759491,206705634,36.1,35.7,35.8,-0.1,3685,1402,35.9
2024-06-20,4289344,154461235,36.2,35.55,36.2,0.4,2660,1402,35.8
2024-06-21,19432435,705842241,36.65,35.7,36.3,0.1,4377,1402,36.0
2024-06-24,18849633,682656165,36.4,35.8,36.4,0.1,4710,1402,36.1
2024-06-25,103199507,3605325380,36.55,35.55,36.55,0.15,5660,1402,36.45
2024-06-26,22823919,809807809,36.55,35.0,35.25,-1.3,10562,1402,36.55
2024-06-27,24483950,867224656,36.0,34.4,36.0,0.75,8309,1402,34.75
2024-06-28,15597395,555133264,35.9,35.2,35.25,-0.75,6332,1402,35.7
2024-07-01,14584107,524947853,36.3,35.05,36.0,0.75,3495,1402,35.25
2024-07-02,13298037,482055978,36.5,35.5,36.3,0.3,4553,1402,35.6
2024-07-03,11218353,412788018,37.1,36.3,36.75,0.45,4056,1402,36.55
2024-07-04,11720758,441581469,38.0,36.9,38.0,1.25,5820,1402,37.0
2024-07-05,9742735,367062111,38.2,37.25,37.25,-0.75,4962,1402,38.0
2024-07-08,9892596,372396305,37.95,37.0,37.55,0.3,6298,1402,37.2
2024-07-09,7242432,271398992,37.65,37.1,37.55,0.0,3369,1402,37.55
2024-07-10,7701300,286255335,37.55,36.95,36.95,-0.6,4439,1402,37.55
2024-07-11,14610800,550566395,38.2,36.75,38.0,1.05,5235,1402,36.9
2024-07-12,13892968,526842920,38.2,37.5,37.8,-0.2,4193,1402,38.0
2024-07-15,12259938,464073536,38.0,37.55,38.0,0.2,4390,1402,38.0
2024-07-16,24847349,933747935,37.9,37.25,37.5,-0.5,8893,1402,37.5
2024-07-17,26906624,1006906627,37.85,36.85,37.3,-0.2,9894,1402,37.2
2024-07-18,60962525,2034160487,34.8,32.5,32.9,0.0,26216,1402,34.0
2024-07-19,22203083,729925313,33.15,32.6,33.05,0.15,9815,1402,32.95
2024-07-22,18223821,599001403,33.1,32.5,33.0,-0.05,6474,1402,33.0
2024-07-23,17129303,568243999,33.5,32.95,33.4,0.4,5662,1402,33.2
2024-07-26,9343996,310844507,33.45,33.05,33.4,0.0,5073,1402,33.35
2024-07-29,9336220,314549981,33.9,33.55,33.6,0.2,4547,1402,33.7
2024-07-30,7841599,262226788,33.65,33.25,33.65,0.05,3402,1402,33.5
2024-07-31,13139165,446287986,34.2,33.6,34.0,0.35,5049,1402,33.6
2024-08-01,13165904,457909712,35.15,34.05,35.15,1.15,6008,1402,34.1
2024-08-02,13336567,463562421,35.0,34.4,35.0,-0.15,4763,1402,34.5
2024-08-05,17128389,576557112,34.5,33.15,33.2,-1.8,7323,1402,34.4
2024-08-06,19699643,673868394,34.65,33.65,34.1,0.9,7207,1402,34.25
2024-08-07,11481434,390795288,34.8,33.7,34.1,0.0,4586,1402,33.95
2024-08-08,12830771,432839828,34.05,33.25,33.65,-0.45,4056,1402,33.3
2024-08-09,16776167,581108134,34.95,33.9,34.8,1.15,5867,1402,33.9
2024-08-12,6902349,237424401,35.1,34.05,34.45,-0.35,4574,1402,35.1
2024-08-13,18779338,659476928,35.5,34.55,35.5,1.05,4997,1402,34.8
2024-08-14,11156338,400238944,36.2,35.45,36.2,0.7,4612,1402,35.8
2024-08-15,9637460,345816450,36.6,35.45,35.45,-0.75,4468,1402,36.4
2024-08-16,17394227,637102885,37.05,35.75,36.85,1.4,6054,1402,36.2
2024-08-19,4777248,174930798,37.2,36.3,36.35,-0.5,3503,1402,37.1
2024-08-20,6388180,235374023,37.1,36.15,37.1,0.75,3037,1402,36.5
2024-08-21,4802867,176337323,37.15,36.35,36.8,-0.3,3564,1402,37.15
2024-08-22,3018776,110781219,36.85,36.35,36.85,0.05,1812,1402,36.85
2024-08-23,7942221,287007938,36.8,35.75,36.0,-0.85,4111,1402,36.8
2024-08-26,5569516,200617426,36.3,35.7,36.0,0.0,3384,1402,35.8
2024-08-27,6418247,233125005,36.75,35.5,36.7,0.7,3028,1402,35.55
2024-08-28,4694300,170418233,36.6,36.1,36.25,-0.45,2750,1402,36.5
2024-08-29,6729873,245413574,36.7,36.15,36.4,0.15,2560,1402,36.25
2024-08-30,8614253,312133675,36.4,35.95,36.25,-0.15,2278,1402,36.35
2024-09-02,50993764,1800767353,36.25,35.45,36.1,-0.15,2515,1402,36.05
2024-09-03,3508196,126025149,36.15,35.8,35.8,-0.3,1712,1402,36.0
2024-09-04,15689826,550802937,35.65,34.15,35.0,-0.8,7463,1402,34.15
2024-09-05,6989893,249547205,36.0,35.05,35.7,0.7,3106,1402,35.05
2024-09-06,6501464,233446994,36.3,35.1,36.1,0.4,3102,1402,35.45
2024-09-09,10551451,379417032,36.55,35.2,36.1,0.0,4520,1402,35.2
2024-09-10,7578852,276049726,36.7,35.75,36.3,0.2,3864,1402,36.05
2024-09-11,7624024,278670438,36.8,36.2,36.45,0.15,3541,1402,36.3
2024-09-12,7351075,270231987,36.95,36.35,36.9,0.45,3030,1402,36.7
2024-09-13,3403068,125088599,37.1,36.5,36.7,-0.2,2041,1402,37.0
2024-09-16,3414350,125767176,37.0,36.65,36.95,0.25,2252,1402,36.85
2024-09-18,5534068,202797016,37.0,36.45,36.65,-0.3,3269,1402,36.95
2024-09-19,5964298,219825048,37.0,36.55,37.0,0.35,2906,1402,36.8
2024-09-20,14896730,552862876,37.2,36.8,37.15,0.15,3133,1402,36.9
2024-09-23,5271523,193957936,37.15,36.6,36.7,-0.45,2541,1402,36.85
2024-09-24,9933410,367151848,37.15,36.8,37.1,0.4,3617,1402,36.8
2024-09-25,10907955,410866638,37.9,36.95,37.75,0.65,5059,1402,37.2
2024-09-26,14227133,545398448,38.85,37.9,38.2,0.45,5767,1402,38.0
2024-09-27,7641778,291067466,38.55,37.55,38.2,0.0,4269,1402,38.35
2024-09-30,11637906,449588787,39.0,38.1,38.4,0.2,5325,1402,38.25
2024-10-01,13330189,518241063,39.15,38.25,39.0,0.6,5293,1402,38.45
2024-10-04,13533924,511522705,38.75,37.15,37.45,-1.55,6993,1402,38.6
2024-10-07,11287263,419936420,38.05,36.7,37.3,-0.15,8565,1402,37.45
2024-10-08,9862915,371357081,38.0,36.95,37.7,0.4,3761,1402,36.95
2024-10-09,4437156,165836675,37.75,37.15,37.35,-0.35,2751,1402,37.6
2024-10-11,7682802,281022538,37.3,36.2,36.45,-0.9,4039,1402,37.25
2024-10-14,8994551,330116986,37.1,36.1,37.0,0.55,3682,1402,36.15
2024-10-15,6849312,250738927,36.95,36.4,36.45,-0.55,3086,1402,36.8
2024-10-16,15429526,569353937,37.35,36.65,36.85,0.4,4772,1402,36.75
2024-10-17,6849544,254176821,37.55,36.75,37.05,0.2,3010,1402,36.85
2024-10-18,6781418,250512120,37.25,36.65,37.1,0.05,3536,1402,37.15
2024-10-21,6092580,224571519,37.15,36.6,36.85,-0.25,3043,1402,37.0
2024-10-22,4486850,165482027,37.1,36.5,36.9,0.05,2168,1402,36.85
2024-10-23,5395675,199083527,37.15,36.6,36.8,-0.1,2484,1402,36.9
2024-10-24,5526682,204920821,37.3,36.65,37.0,0.2,2151,1402,36.65
2024-10-25,7057669,265648855,37.95,36.95,37.85,0.85,3410,1402,37.15
2024-10-28,6029304,227555863,38.1,37.5,37.6,-0.25,3081,1402,37.8
2024-10-29,9375681,355978206,38.2,37.45,38.05,0.45,3750,1402,37.45
2024-10-30,8562346,322838186,38.2,37.1,37.1,-0.95,3399,1402,37.95
2024-11-01,10098170,373048805,37.55,36.15,37.0,-0.1,4607,1402,36.15
2024-11-04,4831647,180806104,37.7,36.95,37.45,0.45,2392,1402,36.95
2024-11-05,4987994,187068433,37.7,37.25,37.55,0.1,2768,1402,37.4
2024-11-06,4026086,148105324,37.6,36.5,36.5,-1.05,4310,1402,37.35
2024-11-07,5172464,188792630,36.75,36.2,36.55,0.05,2465,1402,36.3
2024-11-08,4380348,159699227,37.0,36.25,36.45,-0.1,2598,1402,37.0
2024-11-11,7994224,286859221,36.45,35.45,35.45,-1.0,3519,1402,36.45
2024-11-12,12157172,430011731,36.0,34.85,34.95,-0.5,3893,1402,35.15
2024-11-13,13178979,466589044,35.9,34.75,35.45,0.5,4190,1402,34.75
2024-11-14,13658853,483209923,35.65,35.15,35.2,-0.25,4171,1402,35.2
2024-11-15,13410698,473688115,36.3,34.75,35.0,-0.2,4454,1402,35.2
2024-11-18,24798133,881782301,36.0,34.7,35.5,0.5,6915,1402,35.0
2024-11-19,39670133,1440182253,37.05,34.65,37.05,1.55,10215,1402,35.55
2024-11-20,33480950,1234813755,38.0,35.5,37.55,0.5,8478,1402,36.9
2024-11-21,29756085,1112917176,37.8,36.2,37.8,0.25,8309,1402,36.9
2024-11-22,25082217,955087069,38.5,37.05,38.2,0.4,9999,1402,37.45
2024-11-25,18348340,679453454,37.75,36.7,36.7,-1.5,7702,1402,37.65
2024-11-26,10039018,362328086,36.6,35.65,35.75,-0.95,4673,1402,36.5
2024-11-27,10567981,375407337,36.3,35.0,35.0,-0.75,3436,1402,35.85
2024-11-28,10357301,358223510,35.3,34.1,34.1,-0.9,4683,1402,35.1
2024-11-29,12627844,424588441,34.0,33.4,33.4,-0.7,5361,1402,33.9
2024-12-02,11115367,374496345,34.15,33.3,34.15,0.75,5051,1402,33.45
2024-12-03,13038445,443420322,34.45,33.7,34.05,-0.1,4913,1402,34.2
2024-12-04,8776628,295859849,34.1,33.6,33.6,-0.45,2311,1402,34.05
2024-12-05,10862771,364824574,33.9,33.25,33.55,-0.05,3471,1402,33.75
2024-12-06,13187577,446995913,34.25,33.65,33.75,0.2,4328,1402,33.75
2024-12-09,15325819,511207056,34.1,33.05,33.05,-0.7,4451,1402,33.45
2024-12-10,13830274,468476625,34.15,33.5,33.75,0.7,4174,1402,33.55
2024-12-11,9079458,304252519,33.85,33.3,33.55,-0.2,3344,1402,33.85
2024-12-12,7184262,239736069,33.75,33.2,33.2,-0.35,2467,1402,33.7
2024-12-13,11631510,386407731,33.55,32.85,33.55,0.35,2702,1402,33.2
2024-12-16,7723880,259401405,33.9,33.4,33.4,-0.15,2824,1402,33.55
2024-12-17,21447193,698121421,33.5,32.2,32.2,-1.2,6156,1402,33.3
2024-12-18,18588851,607288438,33.2,32.1,33.05,0.85,5221,1402,32.35
2024-12-19,24768636,813209607,33.4,32.15,33.2,0.15,7768,1402,32.7
2024-12-20,81492678,2614928840,33.05,31.75,32.05,-1.15,10100,1402,32.75
2024-12-23,81481433,2581046427,32.4,31.4,31.65,-0.4,12899,1402,32.25
2024-12-24,76524443,2422910401,32.1,31.35,31.75,0.1,11549,1402,31.7
2024-12-25,72197146,2265402208,32.05,31.15,31.35,-0.4,10412,1402,31.95
2024-12-26,66449020,2093787100,31.95,31.3,31.55,0.2,13481,1402,31.5
2024-12-27,11751651,372121703,31.85,31.5,31.8,0.25,4012,1402,31.65
2024-12-30,10994062,348080567,31.9,31.45,31.65,-0.15,3961,1402,31.8
2024-12-31,7695449,243000843,31.75,31.35,31.6,-0.05,2180,1402,31.55
2025-01-02,8131704,258462260,32.0,31.45,31.85,0.25,3350,1402,31.45
2025-01-03,6708698,213399706,32.0,31.55,31.65,-0.2,2275,1402,31.95
2025-01-06,7097573,226965859,32.1,31.65,32.1,0.45,3537,1402,31.65
2025-01-07,19705157,611873241,32.15,30.5,30.55,-1.55,7646,1402,32.15
2025-01-08,8390845,257629484,30.95,30.25,30.6,0.05,3313,1402,30.7
2025-01-09,6640728,203123339,30.9,30.35,30.35,-0.25,2664,1402,30.6
2025-01-10,8979550,272745354,30.6,30.25,30.25,-0.1,3008,1402,30.25
2025-01-13,14229852,428304792,30.4,29.8,30.15,-0.1,5043,1402,30.2
2025-01-14,5908656,181153832,30.85,30.2,30.6,0.45,2536,1402,30.2
2025-01-15,6012759,186210734,31.4,30.55,30.75,0.15,2559,1402,30.55
2025-01-16,4530753,140728292,31.3,30.9,30.95,0.2,1859,1402,31.0
2025-01-17,11711481,362394830,31.15,30.7,31.15,0.2,4142,1402,30.95
2025-01-20,3515380,109272869,31.25,30.9,31.0,-0.15,1191,1402,31.2
2025-01-21,2934639,91043822,31.25,30.85,30.85,-0.15,1186,1402,31.0
2025-01-22,4988903,156013115,31.35,31.0,31.35,0.5,1661,1402,31.15
2025-02-03,12292593,377830241,31.3,30.35,30.8,-0.55,4011,1402,31.2
2025-02-04,20826371,647751655,31.7,30.85,30.85,0.05,3693,1402,31.1
2025-02-05,7644701,238792274,31.5,31.05,31.25,0.4,2706,1402,31.1
2025-02-06,9424122,293549112,31.5,30.5,31.5,0.25,3328,1402,30.85
2025-02-07,7545868,237530285,31.6,31.15,31.55,0.05,2371,1402,31.35
2025-02-10,7906418,246047051,31.3,30.8,31.15,-0.4,3304,1402,31.15
2025-02-11,6694783,208287783,31.35,30.9,30.9,-0.25,2823,1402,31.3
2025-02-12,6012471,186860536,31.15,31.0,31.0,0.1,1790,1402,31.0
2025-02-13,7189019,225197125,31.55,31.05,31.4,0.4,1839,1402,31.15
2025-02-14,10928215,349760601,32.35,31.3,31.85,0.45,3432,1402,31.4
2025-02-17,3655617,117104851,32.35,31.8,31.8,-0.05,2999,1402,32.25
2025-02-18,5665803,181996378,32.25,31.8,32.1,0.3,1980,1402,31.8
2025-02-19,9403671,300653392,32.35,31.7,31.7,-0.4,3336,1402,32.1
2025-02-20,8224459,264441564,32.35,31.9,32.3,0.6,2930,1402,31.9
2025-02-21,5299398,170842723,32.4,32.05,32.3,0.0,1922,1402,32.3
2025-02-24,4384103,141335920,32.35,32.1,32.3,0.0,1618,1402,32.2
2025-02-25,7783872,252326663,32.7,32.05,32.4,0.1,3166,1402,32.1
2025-02-26,7115503,229025567,32.55,32.05,32.25,-0.15,3022,1402,32.55
2025-02-27,10420336,336861275,32.6,32.2,32.2,-0.05,2286,1402,32.3
2025-03-03,5490297,177622515,32.55,32.15,32.4,0.2,2528,1402,32.25
2025-03-04,9627901,310388625,32.6,31.95,32.2,-0.2,3564,1402,32.2
2025-03-05,6550790,213976006,32.9,32.2,32.7,0.5,2354,1402,32.2
2025-03-06,4149440,135617802,32.95,32.4,32.65,-0.05,2328,1402,32.95
2025-03-07,8532003,281699271,33.15,32.75,33.1,0.45,2698,1402,32.9
2025-03-10,10138939,339408955,33.7,33.15,33.4,0.3,4114,1402,33.15
2025-03-11,13204400,439784911,33.7,32.8,33.25,-0.15,5164,1402,32.8
2025-03-12,9099050,302773744,33.5,33.0,33.4,0.15,3553,1402,33.4
2025-03-13,6511277,217130785,33.75,33.15,33.15,-0.25,3119,1402,33.6
2025-03-14,7379195,248270446,33.95,33.15,33.85,0.7,2601,1402,33.55
2025-03-17,6102692,204855057,33.8,33.4,33.4,-0.45,3298,1402,33.6
2025-03-18,8226359,280411852,34.3,33.55,34.25,0.85,3186,1402,33.65
2025-03-19,5083151,173075275,34.4,33.8,33.9,-0.35,2229,1402,34.15
2025-03-20,3927505,134614661,34.4,33.95,34.4,0.5,1933,1402,34.05
2025-03-21,11894138,406062287,34.5,33.95,34.1,-0.3,2350,1402,34.3
2025-03-24,2970403,100946005,34.3,33.85,33.95,-0.15,1533,1402,34.05
2025-03-25,3980294,133979590,34.2,33.5,33.6,-0.35,2336,1402,33.95
2025-03-26,7067831,238664217,34.0,33.35,33.95,0.35,2749,1402,33.6
2025-03-27,4682665,159771964,34.3,33.75,34.25,0.3,2087,1402,33.95
2025-03-28,4287453,145055336,34.1,33.6,33.75,-0.5,1958,1402,34.05
2025-03-31,7310301,242302717,33.55,32.9,32.9,-0.85,2443,1402,33.35
2025-04-01,7502159,254972246,34.4,33.1,34.15,1.25,3349,1402,33.1
2025-04-02,5901456,199744356,34.2,33.7,33.8,-0.35,2507,1402,34.1
2025-04-07,1905464,58021194,30.45,30.45,30.45,-3.35,1072,1402,30.45
2025-04-08,16840741,516520072,31.1,29.85,30.95,0.5,6116,1402,30.45
2025-04-09,14665832,450352725,31.4,30.05,30.35,-0.6,4578,1402,30.25
2025-04-10,15272937,488338849,33.05,31.55,31.75,1.4,5400,1402,33.05
2025-04-11,11100851,358618838,32.95,31.5,32.4,0.65,5319,1402,31.85
2025-04-14,12357027,406538048,33.65,31.85,32.9,0.5,4834,1402,32.0
2025-04-15,5680144,187174746,33.2,32.55,32.9,0.0,3119,1402,33.0
2025-04-16,9267019,302519002,33.05,32.3,32.6,-0.3,4746,1402,32.6
2025-04-17,8179215,264404766,32.75,32.1,32.15,-0.45,3086,1402,32.55
2025-04-18,4720826,151137934,32.3,31.85,32.0,-0.15,2289,1402,32.1
2025-04-21,3254447,102873919,31.95,31.4,31.5,-0.5,2091,1402,31.9
2025-04-22,3024347,95620043,31.8,31.05,31.75,0.25,1614,1402,31.4
2025-04-23,4619142,146863922,32.15,31.65,31.7,-0.05,2631,1402,31.7
2025-04-24,4347590,137959871,31.9,31.4,31.8,0.1,2219,1402,31.7
2025-04-25,5252063,169573247,32.6,31.95,32.15,0.35,2499,1402,31.95
2025-04-28,2027590,65888507,32.7,32.25,32.4,0.25,1497,1402,32.3
2025-04-29,4049437,132030709,32.9,32.35,32.45,0.05,2098,1402,32.65
2025-04-30,5308508,174893016,33.25,32.7,32.85,0.4,2266,1402,32.8
2025-05-02,6998264,233220498,33.65,32.8,33.6,0.75,3621,1402,33.0
2025-05-05,18067942,640716754,36.35,34.7,35.3,1.7,7966,1402,34.75
2025-05-06,8581973,301915601,35.7,34.85,35.2,-0.1,4529,1402,35.7
2025-05-07,5336208,185972632,35.55,34.35,34.65,-0.55,3158,1402,35.55
2025-05-08,5223485,179369516,34.85,34.0,34.0,-0.65,3129,1402,34.65
2025-05-09,6303102,216605095,34.75,33.85,34.45,0.45,3033,1402,33.9
2025-05-12,6466020,222580801,35.2,34.0,34.05,-0.4,5072,1402,34.95
2025-05-13,7056823,238674201,34.05,33.25,34.05,0.0,4220,1402,33.85
2025-05-14,6912895,234005964,34.2,33.65,33.8,-0.25,3850,1402,34.2
2025-05-15,18191713,597236584,33.8,32.3,32.3,-1.5,8681,1402,33.7
2025-05-16,17039760,554645725,32.95,32.3,32.55,0.25,6827,1402,32.3
2025-05-19,21178464,686762384,32.95,32.05,32.05,-0.5,6742,1402,32.65
2025-05-20,25303410,808472975,32.45,31.7,31.9,-0.15,8961,1402,32.3
2025-05-21,25306534,812433176,32.4,31.9,32.1,0.2,8599,1402,32.0
2025-05-22,33374593,1062805745,32.35,31.65,31.9,-0.2,9358,1402,32.1
2025-05-23,38110478,1222449761,32.35,31.8,32.0,0.1,9781,1402,31.8
2025-05-26,28761535,926900359,32.6,32.0,32.55,0.55,9016,1402,32.2
2025-05-27,30987563,1012281457,32.9,32.25,32.75,0.2,9789,1402,32.4
2025-05-28,26333528,858524781,33.0,32.3,32.7,-0.05,8041,1402,32.8
2025-05-29,43643622,1425560569,32.9,32.3,32.8,0.1,8290,1402,32.85
2025-06-02,25443059,814870036,32.6,31.8,32.2,-0.6,7957,1402,32.55
2025-06-03,14991915,488549529,32.9,32.05,32.7,0.5,4203,1402,32.2
2025-06-04,14561205,476737859,33.1,32.5,32.65,-0.05,4370,1402,32.85
2025-06-05,4665259,152433247,32.9,32.5,32.65,0.0,2226,1402,32.6
2025-06-06,5827931,192609088,33.3,32.65,33.0,0.35,3063,1402,32.8
2025-06-09,5352221,175715215,33.25,32.6,32.75,-0.25,3142,1402,33.25
2025-06-10,7454016,247279113,33.3,32.8,33.2,0.45,3353,1402,32.85
2025-06-11,7499029,248673584,33.35,32.85,33.2,0.0,2756,1402,33.05
2025-06-12,5131509,170197290,33.45,32.95,33.05,-0.15,2046,1402,33.2
2025-06-13,6105398,202273215,33.4,32.8,33.1,0.05,2414,1402,32.85
2025-06-16,5640460,187791610,33.45,33.1,33.3,0.2,2645,1402,33.2
2025-06-17,7367242,246087412,33.6,33.2,33.35,0.05,3650,1402,33.5
2025-06-18,6731832,224854680,33.6,33.25,33.3,-0.05,3876,1402,33.45
2025-06-19,6224407,207020594,33.45,33.05,33.1,-0.2,3063,1402,33.15
2025-06-20,15146302,501183045,33.55,32.9,32.9,-0.2,3691,1402,33.3
2025-06-23,5832386,190522192,32.85,32.4,32.6,-0.3,4185,1402,32.7
2025-06-24,6609174,218991257,33.35,32.75,33.0,0.4,3230,1402,33.0
2025-06-25,6507637,214506632,33.25,32.75,32.75,-0.25,4388,1402,33.05
2025-06-26,6559173,218697804,33.7,32.9,33.15,0.4,4231,1402,33.0
2025-06-27,9230627,306483983,33.4,32.85,33.15,0.0,4586,1402,33.25
2025-06-30,9807270,325742653,33.6,32.9,32.9,-0.25,4527,1402,33.05
2025-07-01,11397895,382109945,34.0,33.1,33.2,0.3,5878,1402,33.1
2025-07-02,6179030,206115027,33.6,33.05,33.45,0.25,4299,1402,33.05
2025-07-03,10594892,359127875,34.15,33.25,33.9,0.45,5619,1402,33.25
2025-07-04,11731647,399138716,34.3,33.7,33.8,-0.1,5309,1402,33.95
2025-07-07,11087470,370945996,33.9,33.25,33.35,-0.45,8803,1402,33.8
2025-07-08,15370380,503158180,33.55,32.45,32.55,-0.8,8479,1402,33.5
2025-07-09,19806637,640714410,32.7,32.0,32.25,-0.3,6191,1402,32.55
2025-07-10,16662198,547678627,33.2,32.2,32.85,0.6,5836,1402,32.25
2025-07-11,18017851,593661084,33.2,32.6,32.9,0.05,5014,1402,32.8
2025-07-14,25978692,848182248,33.15,32.35,32.35,-0.55,7172,1402,32.9
2025-07-15,53921627,1609586498,30.6,29.05,29.2,0.0,21352,1402,30.55
2025-07-16,28386270,814947251,29.3,28.45,28.55,-0.65,14776,1402,29.25
2025-07-17,20897909,597979581,28.9,28.55,28.85,0.3,10175,1402,28.6
2025-07-18,12997957,378183001,29.25,28.9,29.05,0.2,3894,1402,29.05
2025-07-21,7716030,223282790,29.2,28.85,28.85,-0.2,3630,1402,29.1
2025-07-22,6220671,179297278,29.1,28.65,28.7,-0.15,3335,1402,28.9
2025-07-23,4923765,143329856,29.25,28.85,29.25,0.55,2650,1402,28.95
2025-07-24,4528083,131513790,29.25,28.95,29.0,-0.25,2971,1402,29.25
2025-07-25,4591694,133324027,29.15,28.9,29.05,0.05,2188,1402,28.9
2025-07-28,5408187,157186508,29.25,28.95,29.05,0.0,2498,1402,29.1
2025-07-29,5840978,168644284,29.15,28.8,28.85,-0.2,2760,1402,29.05
2025-07-30,7783604,225436572,29.15,28.75,28.95,0.1,3389,1402,28.95
2025-07-31,26190894,752741142,29.1,28.7,28.7,-0.25,3865,1402,29.0
2025-08-01,5081810,146150438,28.95,28.45,28.8,0.1,2334,1402,28.55
2025-08-04,3461079,99677110,29.0,28.5,29.0,0.2,1875,1402,28.65
2025-08-05,4135453,119783509,29.15,28.9,28.95,-0.05,2860,1402,28.9
2025-08-06,4642254,134727052,29.15,28.9,29.0,0.05,2971,1402,28.95
2025-08-07,5520409,159975138,29.15,28.8,28.95,-0.05,3219,1402,29.1
2025-08-08,7168185,206117841,28.95,28.65,28.8,-0.15,3546,1402,28.8
2025-08-11,21435987,597637906,28.6,27.5,27.75,-1.05,10424,1402,28.6
2025-08-12,18976967,521223281,27.75,27.35,27.45,-0.3,9065,1402,27.5
2025-08-13,10345414,285606053,27.9,27.45,27.5,0.05,4061,1402,27.75
2025-08-14,7568463,210185654,27.9,27.6,27.8,0.3,3404,1402,27.7
2025-08-15,7541763,208494724,27.9,27.5,27.75,-0.05,3169,1402,27.85
2025-08-18,5498766,152498655,27.9,27.6,27.8,0.05,2377,1402,27.7
2025-08-19,2952995,81872780,27.8,27.65,27.7,-0.1,1497,1402,27.7
2025-08-20,6655504,184470596,27.85,27.65,27.7,0.0,2625,1402,27.85
2025-08-21,4349894,121265510,28.05,27.8,27.85,0.15,1886,1402,27.8
2025-08-22,4667368,130132012,28.0,27.7,27.95,0.1,1941,1402,27.85
2025-08-25,5719287,160740987,28.25,28.0,28.05,0.1,2041,1402,28.05
2025-08-26,16433280,454443557,28.0,27.55,27.55,-0.5,3979,1402,28.0
2025-08-27,5935736,163368733,27.75,27.4,27.4,-0.15,3161,1402,27.6
2025-08-28,9074790,247947232,27.55,27.15,27.15,-0.25,4930,1402,27.4
2025-08-29,7237918,199577527,27.75,27.35,27.6,0.45,2661,1402,27.4
2025-09-01,10495719,285877093,27.7,27.05,27.1,-0.5,5217,1402,27.7
2025-09-02,5329250,144690608,27.4,27.05,27.15,0.05,2548,1402,27.15
2025-09-03,3512208,95911233,27.5,27.2,27.3,0.15,2173,1402,27.3
2025-09-04,5874774,162614437,27.8,27.35,27.75,0.45,2569,1402,27.55
2025-09-05,5886578,162271274,27.85,27.45,27.45,-0.3,2908,1402,27.85
2025-09-08,3212019,88705679,27.75,27.4,27.6,0.15,1772,1402,27.45
2025-09-09,6110763,170330971,27.95,27.7,27.95,0.35,2480,1402,27.7
2025-09-10,5142584,142584361,27.85,27.6,27.7,-0.25,2564,1402,27.85
2025-09-11,4321703,119674572,27.8,27.55,27.7,0.0,1922,1402,27.6
2025-09-12,3133715,87239505,27.95,27.65,27.85,0.15,1727,1402,27.65
2025-09-15,5478049,152942561,28.15,27.7,27.8,-0.05,2692,1402,27.9
2025-09-16,3911302,108760523,27.95,27.75,27.75,-0.05,2020,1402,27.95
2025-09-17,4864729,135363771,27.95,27.7,27.85,0.1,2081,1402,27.75
2025-09-18,2959722,82404021,27.95,27.8,27.8,-0.05,1707,1402,27.95
2025-09-19,8318129,232530568,28.1,27.8,28.0,0.2,2748,1402,27.85
2025-09-22,4238614,118265442,28.0,27.8,27.95,-0.05,2211,1402,28.0
2025-09-23,5036635,140518989,28.1,27.8,27.8,-0.15,2461,1402,27.85
2025-09-24,5555808,154156601,28.1,27.65,27.65,-0.15,2778,1402,27.8
2025-09-25,6519248,180751087,27.95,27.65,27.65,0.0,2796,1402,27.75
2025-09-26,7220723,198239102,27.7,27.35,27.5,-0.15,4100,1402,27.65
2025-09-30,8874744,245719955,27.9,27.5,27.8,0.3,4133,1402,27.8
2025-10-01,14936516,412463915,27.9,27.5,27.55,-0.25,5870,1402,27.8
2025-10-02,6467276,178241668,27.7,27.5,27.55,0.0,3043,1402,27.7
2025-10-03,5649418,155195236,27.6,27.4,27.4,-0.15,2727,1402,27.55
2025-10-07,7552047,208936383,27.85,27.45,27.75,0.35,3769,1402,27.45
2025-10-08,5541458,153256609,27.9,27.5,27.7,-0.05,2867,1402,27.75
2025-10-09,7044815,194853010,27.8,27.55,27.55,-0.15,3138,1402,27.7
2025-10-13,10992151,299471170,27.45,27.05,27.2,-0.35,6130,1402,27.45
2025-10-14,8967441,246845754,27.7,27.2,27.4,0.2,3897,1402,27.2
2025-10-15,16930138,461983660,27.55,27.15,27.3,-0.1,4215,1402,27.45
2025-10-16,11466270,310791955,27.35,27.0,27.05,-0.25,5533,1402,27.35
2025-10-17,6340669,172923474,27.5,27.05,27.2,0.15,2701,1402,27.15
2025-10-20,8062994,218121650,27.45,26.95,27.0,-0.2,3817,1402,27.35
2025-10-21,4915425,133028872,27.2,27.0,27.0,0.0,2243,1402,27.2
2025-10-22,8386087,229674159,27.55,26.95,27.55,0.55,2990,1402,27.1
2025-10-23,5615006,154539868,27.65,27.4,27.5,-0.05,2360,1402,27.45
2025-10-27,8515104,234338252,27.8,27.25,27.45,-0.05,3515,1402,27.6
2025-10-28,8944074,242598695,27.5,27.0,27.05,-0.4,4350,1402,27.5
2025-10-29,3803546,103156820,27.2,27.05,27.05,0.0,1939,1402,27.15
2025-10-30,10865266,292559122,27.1,26.8,26.95,-0.1,4981,1402,27.0
2025-10-31,12368408,329614999,27.1,26.5,26.5,-0.45,6171,1402,27.1
2025-11-03,8195199,219118472,26.85,26.45,26.85,0.35,3792,1402,26.6
2025-11-04,8826077,234477025,27.0,26.45,26.6,-0.25,5164,1402,26.8
2025-11-05,7820999,207464902,26.65,26.25,26.65,0.05,4589,1402,26.5
2025-11-06,5354356,143778268,27.0,26.65,27.0,0.35,3193,1402,26.75
2025-11-07,9931329,264317617,26.85,26.45,26.5,-0.5,4997,1402,26.85
2025-11-10,7082870,190026902,27.0,26.55,26.95,0.45,3571,1402,26.65
2025-11-11,5747430,155195127,27.15,26.9,27.0,0.05,3117,1402,27.0
2025-11-12,13292996,365204020,27.65,27.1,27.5,0.5,5053,1402,27.15
2025-11-13,11348694,316058986,28.0,27.5,27.9,0.4,5781,1402,27.5
2025-11-14,8034915,224143536,28.15,27.45,27.75,-0.15,3955,1402,27.7
2025-11-17,14039813,396114952,28.4,27.8,28.25,0.5,5410,1402,27.9
2025-11-18,12245599,342150191,28.25,27.7,27.9,-0.35,5038,1402,28.0
2025-11-19,8002312,222841785,28.1,27.6,27.95,0.05,2793,1402,28.1
2025-11-20,8762901,246912912,28.35,28.0,28.2,0.25,3642,1402,28.1
2025-11-21,11259154,316742630,28.35,27.9,28.25,0.05,4270,1402,28.0
2025-11-24,32244267,904973262,28.35,27.9,28.05,-0.2,4547,1402,28.3
2025-11-25,6455861,180939331,28.3,27.8,27.95,-0.1,3023,1402,28.1
2025-11-26,7764913,216494090,28.2,27.75,27.85,-0.1,3348,1402,28.15
2025-11-27,7185925,200587066,28.15,27.7,28.05,0.2,3461,1402,27.8
2025-11-28,7000541,197812801,28.4,28.1,28.2,0.15,2422,1402,28.15
2025-12-01,8292209,235953807,28.6,28.1,28.6,0.4,2985,1402,28.1
2025-12-02,12572776,363835998,29.1,28.6,29.0,0.4,4837,1402,28.65
2025-12-03,6846137,198238428,29.1,28.8,29.05,0.05,2679,1402,29.1
2025-12-04,11620257,337205709,29.5,28.65,28.9,-0.15,4388,1402,29.05
2025-12-05,9356919,267292286,28.8,28.35,28.8,-0.1,3690,1402,28.7
2025-12-08,7427080,212447862,28.95,28.35,28.5,-0.3,3805,1402,28.8
2025-12-09,8383012,237323081,28.5,28.15,28.5,0.0,3415,1402,28.35
2025-12-10,4129179,116769691,28.45,28.2,28.25,-0.25,1933,1402,28.35
2025-12-11,4216713,119013682,28.45,28.1,28.15,-0.1,1749,1402,28.25
2025-12-12,4868970,137536922,28.55,28.05,28.15,0.0,2111,1402,28.45
2025-12-15,4669221,131467899,28.3,28.0,28.3,0.15,2330,1402,28.05
2025-12-16,6374265,177955924,28.1,27.8,27.9,-0.4,2689,1402,28.05
2025-12-17,5610028,156362104,28.15,27.7,27.9,0.0,2876,1402,28.05
2025-12-18,2846598,79343141,28.05,27.75,27.9,0.0,1597,1402,27.9
2025-12-19,19785916,558457099,28.25,27.8,28.25,0.35,1978,1402,27.8
2025-12-22,4119670,115403729,28.25,27.95,27.95,-0.3,2156,1402,28.25
2025-12-23,4171083,117021372,28.2,27.9,28.2,0.25,1858,1402,28.0
2025-12-24,4362209,121719428,28.2,27.8,27.8,-0.4,2504,1402,28.2
2025-12-26,3002297,83358990,27.9,27.7,27.7,-0.1,1591,1402,27.9
2025-12-29,3894982,108246164,27.95,27.7,27.8,0.1,2538,1402,27.75
2025-12-30,3750071,103673791,27.8,27.5,27.7,-0.1,2329,1402,27.75
2025-12-31,3621056,100283397,27.8,27.55,27.8,0.1,1584,1402,27.7
2026-01-02,3422317,94987596,27.9,27.6,27.8,0.0,1805,1402,27.8
2026-01-05,5155315,142928236,27.95,27.6,27.7,-0.1,2742,1402,27.85
2026-01-06,4731094,131417653,27.95,27.65,27.85,0.15,2222,1402,27.7
2026-01-07,6179539,173136005,28.1,27.8,28.1,0.25,2401,1402,27.9
2026-01-08,5995184,169136220,28.3,28.1,28.25,0.15,2622,1402,28.1
2026-01-09,6293078,177770760,28.5,28.1,28.35,0.1,2764,1402,28.3
2026-01-12,5458500,154889070,28.5,28.25,28.4,0.05,2647,1402,28.35
2026-01-13,7888574,220744789,28.4,27.85,28.05,-0.35,3566,1402,28.25
2026-01-14,6418478,181041341,28.4,28.05,28.3,0.25,2519,1402,28.2
2026-01-15,11209951,318512002,28.5,28.2,28.5,0.2,4587,1402,28.3
2026-01-16,7724128,219570274,28.6,28.25,28.4,-0.1,2926,1402,28.5
2026-01-19,11743447,335478131,28.7,28.25,28.65,0.25,4176,1402,28.35
2026-01-20,7647072,218553325,28.7,28.45,28.7,0.05,3333,1402,28.55
2026-01-21,9334405,265007302,28.75,28.15,28.35,-0.35,4270,1402,28.65
2026-01-22,5376108,152676465,28.55,28.3,28.4,0.05,2287,1402,28.45
2026-01-23,5844134,164769331,28.5,28.1,28.1,-0.3,2966,1402,28.45
2026-01-26,14547602,418584149,29.05,28.25,29.05,0.95,6130,1402,28.25
2026-01-27,12098759,345345653,29.3,28.25,28.3,-0.75,6875,1402,29.05
2026-01-28,9658796,273595113,28.7,28.2,28.3,0.0,3650,1402,28.7
2026-01-29,9169114,259126050,28.5,28.15,28.25,-0.05,3393,1402,28.3
2026-01-30,14415702,400724843,28.3,27.6,27.8,-0.45,5534,1402,28.3
2026-02-02,8765667,241178807,27.8,27.25,27.75,-0.05,3224,1402,27.8
2026-02-03,5266091,146670637,27.95,27.75,27.8,0.05,2534,1402,27.8
2026-02-04,4770546,134046878,28.2,27.7,28.2,0.4,2100,1402,27.7
2026-02-05,9328907,265731466,28.6,28.2,28.6,0.4,3295,1402,28.2
2026-02-06,9881990,276331192,28.4,27.8,28.0,-0.6,4016,1402,28.35
2026-02-09,5682711,160397501,28.4,28.0,28.35,0.35,2815,1402,28.15
2026-02-10,6139198,172379206,28.35,28.0,28.0,-0.35,3235,1402,28.3
2026-02-11,13059217,370463952,28.5,28.2,28.4,0.4,5545,1402,28.3
2026-02-23,16713573,472353883,28.7,27.95,28.2,-0.2,7466,1402,28.65
2026-02-24,11399965,321841554,28.55,28.1,28.2,0.0,5097,1402,28.3
2026-02-25,13662921,387179202,28.55,28.05,28.45,0.25,5514,1402,28.25
2026-02-26,29322297,842001522,28.85,28.45,28.8,0.35,8232,1402,28.45
2026-03-02,77971531,2368845809,31.65,29.05,29.15,0.35,20990,1402,31.35
2026-03-03,33327946,973732442,29.65,28.9,29.1,-0.05,11848,1402,29.1
2026-03-04,17956996,510121439,29.0,28.15,28.3,-0.8,6194,1402,28.8
2026-03-05,18994323,532815308,28.75,27.8,27.9,-0.4,6760,1402,28.4
2026-03-06,18623955,536697252,29.3,27.8,29.25,1.35,7330,1402,27.85
2026-03-09,15941343,457042586,29.7,28.25,28.7,-0.55,6284,1402,28.65
2026-03-10,8233152,235582216,28.85,28.45,28.6,-0.1,3134,1402,28.7
2026-03-11,7990179,228333956,28.85,28.45,28.45,-0.15,3076,1402,28.6
2026-03-12,17770706,498870546,28.6,27.9,27.95,-0.5,6809,1402,28.4
2026-03-13,25829529,710715249,28.05,27.3,27.3,-0.65,10393,1402,27.85
2026-03-16,12959439,353153796,27.55,27.1,27.3,0.0,6482,1402,27.55
2026-03-17,14947321,405435251,27.35,27.0,27.05,-0.25,7063,1402,27.3
2026-03-18,17446316,469511456,27.2,26.75,26.85,-0.2,7619,1402,27.2
2026-03-19,23556953,629341624,27.2,26.4,26.7,-0.15,9517,1402,26.75
2026-03-20,29518019,782082542,26.95,26.35,26.4,-0.3,11694,1402,26.65
2026-03-23,22428846,582237026,26.2,25.8,25.9,-0.5,10771,1402,26.2
2026-03-24,18595397,480585716,26.15,25.7,26.1,0.2,9020,1402,26.15
2026-03-25,16624943,431071973,26.4,25.65,25.95,-0.15,6554,1402,26.4
2026-03-26,14494979,378265635,26.4,25.8,26.4,0.45,6260,1402,26.0
2026-03-27,13797957,362630099,26.55,26.15,26.25,-0.15,5397,1402,26.25
2026-03-30,15506930,408383836,26.5,25.85,26.3,0.05,5982,1402,25.85
2026-03-31,15989667,420716951,26.55,26.15,26.3,0.0,6382,1402,26.15
2026-04-01,26787582,718303264,27.3,26.3,27.15,0.85,10472,1402,26.65
2026-04-02,14238847,379764045,27.0,26.45,26.65,-0.5,6432,1402,27.0
2026-04-07,10005225,266118745,26.75,26.5,26.55,-0.1,4353,1402,26.65
2026-04-08,14453850,382806889,26.8,26.3,26.4,-0.15,6310,1402,26.8
2026-04-09,18191667,482294126,26.9,26.1,26.9,0.5,6849,1402,26.4
2026-04-10,13560941,360770902,26.8,26.5,26.65,-0.25,5424,1402,26.75
2026-04-13,17118885,452124342,26.65,26.25,26.45,-0.2,4784,1402,26.65
2026-04-14,14852822,392473607,26.6,26.3,26.4,-0.05,5574,1402,26.6
2026-04-15,17199458,453051588,26.55,26.2,26.5,0.1,6774,1402,26.45
2026-04-16,16950019,447070183,26.5,26.25,26.45,-0.05,5671,1402,26.5
2026-04-17,15689767,412392116,26.55,26.15,26.3,-0.15,6256,1402,26.5
2026-04-20,13617870,357425951,26.4,26.15,26.15,-0.15,4774,1402,26.4
2026-04-21,20167857,523503220,26.3,25.85,26.0,-0.15,7596,1402,26.3
2026-04-22,14527487,375516866,26.0,25.7,25.95,-0.05,6360,1402,25.9
2026-04-23,14334998,371615516,26.2,25.75,26.15,0.2,5725,1402,25.75
2026-04-24,11164851,290572180,26.15,25.9,26.15,0.0,4981,1402,26.0
2026-04-27,8724601,227498998,26.25,25.95,26.0,-0.15,3652,1402,26.05
2026-04-28,7687104,200415152,26.2,25.9,26.05,0.05,3454,1402,26.0
2026-04-29,9699915,253025642,26.2,26.0,26.05,0.0,4315,1402,26.2
2026-04-30,11788625,305382605,26.15,25.75,25.75,-0.3,5994,1402,26.0
2026-05-04,15624992,398875479,25.8,25.4,25.45,-0.3,7943,1402,25.75
2026-05-05,8951148,230247385,25.9,25.4,25.7,0.25,4023,1402,25.5
2026-05-06,9416608,244883101,26.1,25.65,26.1,0.4,4122,1402,25.9
2026-05-07,12458181,324087278,26.15,25.9,26.0,-0.1,4209,1402,25.9
2026-05-08,10420581,271436716,26.2,25.9,26.1,0.1,4810,1402,26.2
2026-05-11,10765330,283571125,26.5,26.1,26.35,0.25,3037,1402,26.15
2026-05-12,26015663,693412369,26.85,26.35,26.65,0.3,5059,1402,26.35
2026-05-13,7092368,188873340,26.8,26.4,26.75,0.1,2844,1402,26.6
2026-05-14,26610388,710143288,26.9,26.35,26.75,0.0,6224,1402,26.5
2026-05-15,25008466,659713840,26.7,26.0,26.45,-0.3,7045,1402,26.7
2026-05-18,19880751,519440986,26.4,25.95,25.95,-0.5,7091,1402,26.25
2026-05-19,22412426,592335053,26.8,26.1,26.25,0.3,8132,1402,26.1
2026-05-20,15690953,415101654,26.75,26.05,26.75,0.5,6167,1402,26.2
2026-05-21,25120187,677152335,27.2,26.65,27.2,0.45,10303,1402,26.8
2026-05-22,35815467,964449528,27.15,26.75,27.0,-0.2,10882,1402,27.1
2026-05-25,39203721,1054998364,27.2,26.5,27.2,0.2,11639,1402,27.0
2026-05-26,52666174,1383339362,27.2,25.8,26.05,-1.15,19717,1402,26.95
2026-05-27,162133319,3934472987,25.9,23.45,23.45,-2.6,45278,1402,25.9
2026-05-28,105947023,2568500034,24.8,23.3,24.8,1.35,31778,1402,23.8
2026-05-29,330333051,8424924700,25.65,24.55,25.65,0.85,25266,1402,24.75
2026-06-01,78316034,1961636304,25.6,24.65,25.05,-0.6,24093,1402,25.6
2026-06-02,125381435,3288455674,26.8,25.1,26.25,1.2,32835,1402,25.1
2026-06-03,96933858,2641933387,27.7,26.45,27.3,1.05,26879,1402,26.85
2026-06-04,64194291,1785539225,28.2,27.2,27.55,0.25,15554,1402,27.3
2026-06-05,71493771,1979186419,28.1,27.2,27.55,0.0,14102,1402,27.75
2026-06-08,67921480,1821252841,27.05,26.4,26.75,-0.8,13942,1402,26.7
2026-06-09,59386230,1640802852,27.9,26.75,27.7,0.95,12694,1402,26.75
2026-06-10,49549886,1372742746,27.95,27.15,27.65,-0.05,11829,1402,27.55
2026-06-11,38339578,1056919027,27.9,27.35,27.4,-0.25,10635,1402,27.65
2026-06-12,30282505,819341446,27.7,26.7,27.0,-0.4,10237,1402,27.7
2026-06-15,17989540,493953570,27.6,27.0,27.55,0.55,6098,1402,27.25
2026-06-16,40154934,1137156481,28.75,27.5,28.55,1.0,10360,1402,27.6
2026-06-17,30949414,895701929,29.15,28.25,28.8,0.25,8984,1402,28.55
2026-06-18,38500260,1116719760,29.3,28.75,28.85,0.05,8520,1402,28.85
2026-06-22,32428444,933796002,29.1,28.45,28.8,-0.05,7991,1402,28.9
2026-06-23,24518528,705780208,29.0,28.45,28.65,-0.15,7109,1402,28.75
2026-06-24,23793831,679050406,28.85,28.2,28.45,-0.2,13959,1402,28.55
