date,capacity,turnover,high,low,close,change,transaction_volume,stock_code_id,open
2015-01-05,253111,70918080,284.0,278.0,281.0,-5.0,247,1590,284.0
2015-01-06,176297,48607972,280.0,275.0,275.0,-6.0,141,1590,280.0
2015-01-07,298147,81962380,276.5,272.5,275.0,0.0,196,1590,275.5
2015-01-08,275157,75827038,279.5,274.0,275.0,0.0,228,1590,276.0
2015-01-09,491969,133376130,276.5,267.5,268.5,-6.5,431,1590,276.5
2015-01-12,166262,44465192,272.5,266.0,266.0,-2.5,158,1590,268.5
2015-01-13,262864,71077280,272.0,269.0,271.5,5.5,242,1590,270.5
2015-01-14,230147,62182557,272.0,269.0,270.0,-1.5,210,1590,272.0
2015-01-15,96000,25708000,271.0,266.5,267.0,-3.0,93,1590,270.0
2015-01-16,192667,50777587,269.5,261.0,262.0,-5.0,182,1590,269.5
2015-01-19,102940,26858340,265.5,257.0,260.5,-1.5,102,1590,263.0
2015-01-20,155940,41140750,265.5,261.0,264.0,3.5,134,1590,261.0
2015-01-21,364860,98660700,273.0,264.0,271.5,7.5,319,1590,264.0
2015-01-22,190200,51771800,275.0,270.5,273.0,1.5,178,1590,271.5
2015-01-23,111235,30398215,278.0,270.5,271.0,-2.0,105,1590,278.0
2015-01-26,235320,64723520,277.0,267.5,275.0,4.0,226,1590,267.5
2015-01-27,210004,58460600,281.0,275.0,275.0,0.0,168,1590,278.5
2015-01-28,80050,22163300,278.0,276.0,276.0,1.0,81,1590,276.0
2015-01-29,329425,92236061,282.0,273.0,280.0,4.0,276,1590,274.5
2015-01-30,86350,23971050,281.5,275.0,275.0,-5.0,87,1590,278.5
2015-02-02,86920,23676260,275.0,271.0,273.5,-1.5,86,1590,275.0
2015-02-03,460101,126382078,278.0,270.0,277.5,4.0,147,1590,275.0
2015-02-04,289008,80727208,281.5,277.5,277.5,0.0,169,1590,278.0
2015-02-05,150362,41797454,281.5,275.0,279.0,1.5,52,1590,278.0
2015-02-06,55418,15448704,282.0,276.0,279.5,0.5,56,1590,282.0
2015-02-09,61000,17056500,282.0,277.0,277.0,-2.5,65,1590,279.0
2015-02-10,199104,55702016,281.0,277.0,280.0,3.0,201,1590,279.0
2015-02-11,102000,28582000,282.0,279.0,279.0,-1.0,90,1590,282.0
2015-02-12,109880,30094640,276.0,270.5,275.5,-3.5,112,1590,276.0
2015-02-13,130130,36006315,282.0,272.0,273.0,-2.5,114,1590,280.0
2015-02-24,342100,93678350,277.5,271.0,273.0,0.0,308,1590,276.0
2015-02-25,251842,68806892,276.0,272.0,273.0,0.0,210,1590,273.0
2015-02-26,338520,92274020,278.0,269.5,270.0,-3.0,302,1590,273.0
2015-03-02,439355,117084817,273.0,263.5,265.0,-5.0,360,1590,270.5
2015-03-03,1030110,262256160,265.0,248.5,251.0,-14.0,850,1590,265.0
2015-03-04,775800,192572200,257.0,244.0,247.5,-3.5,675,1590,251.0
2015-03-05,981644,248865220,257.0,249.0,252.0,4.5,829,1590,251.0
2015-03-06,892590,230268040,263.0,253.0,253.5,1.5,758,1590,254.0
2015-03-09,405030,104233785,260.0,252.0,257.0,3.5,360,1590,252.0
2015-03-10,403468,103221840,259.5,252.0,252.5,-4.5,343,1590,257.0
2015-03-11,424150,107562200,256.0,250.5,255.0,2.5,361,1590,250.5
2015-03-12,704425,185525625,267.0,257.5,265.0,10.0,508,1590,258.0
2015-03-13,425500,113268248,269.0,264.0,265.0,0.0,342,1590,269.0
2015-03-16,665056,176415725,268.0,262.5,265.0,0.0,440,1590,267.5
2015-03-17,1035780,283927560,282.5,263.5,278.5,13.5,814,1590,265.0
2015-03-18,904368,250980730,280.0,271.0,279.0,0.5,470,1590,279.0
2015-03-19,225330,62659574,281.0,275.0,279.0,0.0,217,1590,280.0
2015-03-20,265162,73566536,279.0,275.0,278.0,-1.0,211,1590,275.5
2015-03-23,138760,38377500,278.5,273.0,277.0,-1.0,126,1590,273.0
2015-03-24,282100,76135300,277.0,267.0,267.0,-10.0,261,1590,275.0
2015-03-25,319218,86071706,272.0,267.0,267.0,0.0,308,1590,267.0
2015-03-26,307110,81580815,270.0,264.0,264.0,-3.0,268,1590,265.0
2015-03-27,381500,98181249,266.5,252.0,257.0,-7.0,331,1590,264.0
2015-03-30,305218,76816841,259.0,249.0,250.5,-6.5,253,1590,258.5
2015-03-31,583684,146561420,254.0,248.5,251.0,0.5,485,1590,252.0
2015-04-01,764755,185689230,252.0,238.0,243.0,-8.0,652,1590,252.0
2015-04-02,453400,110217400,247.0,240.0,241.0,-2.0,401,1590,243.5
2015-04-07,1024172,238987748,243.0,230.5,231.0,-10.0,582,1590,243.0
2015-04-08,884097,201456825,236.0,221.5,222.5,-8.5,763,1590,231.0
2015-04-09,1140972,255023294,228.5,218.0,218.5,-4.0,1014,1590,224.0
2015-04-10,771200,170515900,224.5,219.5,220.0,1.5,598,1590,224.0
2015-04-13,910650,201087600,223.0,219.0,221.0,1.0,669,1590,222.5
2015-04-14,939900,210255047,226.0,220.0,222.5,1.5,764,1590,221.5
2015-04-15,707920,157819160,225.0,221.5,222.0,-0.5,577,1590,224.0
2015-04-16,754587,168659162,226.0,222.0,222.0,0.0,568,1590,224.0
2015-04-17,673201,147522720,222.5,218.0,218.0,-4.0,520,1590,222.0
2015-04-20,713376,157871720,225.5,216.0,221.5,3.5,620,1590,219.0
2015-04-21,1580949,369077913,237.0,225.5,237.0,15.5,1131,1590,225.5
2015-04-22,1625900,402278900,251.5,241.0,250.0,13.0,1417,1590,243.0
2015-04-23,777440,192335740,252.0,243.0,247.0,-3.0,687,1590,250.0
2015-04-24,562200,139355600,255.0,243.5,243.5,-3.5,503,1590,248.0
2015-04-27,473749,114633375,246.5,239.5,244.0,0.5,406,1590,245.0
2015-04-28,658882,164543736,252.0,244.5,248.5,4.5,548,1590,244.5
2015-04-29,554281,138412389,253.5,245.5,252.0,3.5,461,1590,248.5
2015-04-30,450434,112085802,254.5,246.0,251.0,-1.0,429,1590,254.5
2015-05-04,324150,80445000,251.0,246.5,246.5,-4.5,248,1590,251.0
2015-05-05,469040,113905720,246.5,238.5,243.0,-3.5,428,1590,246.5
2015-05-06,638220,158757060,252.5,240.0,249.5,6.5,568,1590,243.0
2015-05-07,701790,171709100,253.5,237.5,238.5,-11.0,598,1590,246.0
2015-05-08,924230,219588160,242.5,230.0,242.5,4.0,714,1590,230.5
2015-05-11,783468,186534181,246.0,233.5,233.5,-9.0,699,1590,245.0
2015-05-12,560600,129692700,237.0,229.0,231.0,-2.5,436,1590,231.5
2015-05-13,207252,47829837,233.5,229.5,229.5,-1.5,183,1590,231.5
2015-05-14,495275,115263850,234.5,231.0,234.0,4.5,373,1590,232.0
2015-05-15,616000,142770000,236.5,229.0,230.0,-4.0,434,1590,234.0
2015-05-18,126309,29071497,231.5,229.0,230.5,0.5,104,1590,230.0
2015-05-19,272014,63123234,234.0,230.5,232.5,2.0,243,1590,230.5
2015-05-20,490145,117444945,243.0,233.0,240.0,7.5,463,1590,235.0
2015-05-21,280140,67188600,242.5,237.0,237.5,-2.5,250,1590,240.0
2015-05-22,133100,31964100,241.5,238.0,238.5,1.0,114,1590,238.0
2015-05-25,242525,58788550,244.0,238.0,243.0,4.5,226,1590,239.0
2015-05-26,285600,70609500,249.5,245.5,246.0,3.0,262,1590,248.0
2015-05-27,264620,65912760,251.0,246.5,249.0,3.0,249,1590,249.0
2015-05-28,279237,68212328,250.0,242.0,244.5,-4.5,230,1590,250.0
2015-05-29,484748,118344877,247.0,241.5,243.5,-1.0,430,1590,247.0
2015-06-01,140945,34384970,246.5,242.0,243.5,0.0,123,1590,242.0
2015-06-02,251024,62274461,250.0,244.0,250.0,6.5,245,1590,246.0
2015-06-03,111200,27414700,252.0,243.5,243.5,-6.5,112,1590,250.0
2015-06-04,188143,45672320,247.0,238.0,239.0,-4.5,183,1590,247.0
2015-06-05,210238,49165454,242.0,230.0,234.5,-4.5,193,1590,240.0
2015-06-08,627100,139343900,233.0,215.5,217.0,-17.5,547,1590,228.0
2015-06-09,581200,122340000,223.0,202.0,208.0,-9.0,505,1590,217.5
2015-06-10,299326,62118971,212.5,205.0,206.5,-1.5,291,1590,208.0
2015-06-11,854470,180546640,215.0,206.5,212.0,5.5,680,1590,207.0
2015-06-12,740805,154678050,214.0,207.0,209.0,-3.0,668,1590,213.0
2015-06-15,722868,135106448,195.0,183.0,185.0,0.0,660,1590,195.0
2015-06-16,815400,145617500,187.0,175.5,178.0,-7.0,689,1590,185.0
2015-06-17,1261349,230832055,185.0,178.0,183.5,5.5,737,1590,178.0
2015-06-18,577250,106918500,193.0,181.0,184.0,0.5,502,1590,193.0
2015-06-22,425560,78292720,187.0,182.0,183.5,-0.5,332,1590,186.5
2015-06-23,488329,90091832,186.5,183.5,183.5,0.0,318,1590,185.5
2015-06-24,218800,40552200,187.5,183.5,185.0,1.5,221,1590,185.0
2015-06-25,217614,40401511,188.0,184.5,184.5,-0.5,219,1590,187.0
2015-06-26,249998,45542630,185.0,180.5,185.0,0.5,220,1590,184.5
2015-06-29,200246,36664764,185.0,181.5,185.0,0.0,200,1590,185.0
2015-06-30,376460,71254460,193.5,183.5,193.5,8.5,343,1590,183.5
2015-07-01,377150,71718200,193.5,187.5,190.5,-3.0,354,1590,193.5
2015-07-02,212500,40264750,192.0,188.5,189.0,-1.5,213,1590,191.0
2015-07-03,350500,65236500,190.5,183.5,187.5,-1.5,321,1590,190.5
2015-07-06,271100,49478200,186.0,180.5,180.5,-7.0,254,1590,185.0
2015-07-07,422119,74855240,182.5,175.0,176.0,-4.5,407,1590,180.0
2015-07-08,969999,157873340,173.0,158.5,158.5,-17.5,781,1590,172.0
2015-07-09,1287191,203199579,164.0,153.5,157.0,-1.5,909,1590,156.0
2015-07-13,1134141,178938469,164.5,155.0,155.0,-2.0,518,1590,164.5
2015-07-14,839550,131995919,160.0,155.0,156.5,1.5,554,1590,156.0
2015-07-15,772789,122906223,162.5,157.0,158.0,1.5,564,1590,159.0
2015-07-16,520908,81487648,159.0,155.0,156.5,-1.5,499,1590,158.5
2015-07-17,566650,90751850,162.0,156.5,160.0,3.5,505,1590,156.5
2015-07-20,597310,96116065,163.5,158.0,161.5,1.5,512,1590,162.5
2015-07-21,416677,67033979,163.0,159.5,159.5,-2.0,402,1590,160.5
2015-07-22,502847,79698326,162.0,156.0,158.5,-1.0,441,1590,162.0
2015-07-23,289947,45404285,159.0,155.5,155.5,-3.0,257,1590,159.0
2015-07-24,988050,152919123,157.5,154.0,154.0,-1.5,313,1590,156.5
2015-07-27,708200,103042000,152.0,140.0,140.0,-14.0,627,1590,150.0
2015-07-28,1508420,199822280,137.5,127.0,133.0,-7.0,1219,1590,133.0
2015-07-29,1524296,208947884,142.0,134.0,140.0,7.0,1008,1590,135.5
2015-07-30,817607,113516067,141.5,136.5,138.5,-1.5,704,1590,138.0
2015-07-31,662077,95264088,148.0,137.5,145.0,6.5,581,1590,137.5
2015-08-03,1041935,143719530,144.5,134.5,137.0,-8.0,711,1590,142.0
2015-08-04,782213,109079107,141.5,137.5,140.0,3.0,682,1590,137.5
2015-08-05,600660,85541060,150.0,139.5,140.0,0.0,487,1590,140.0
2015-08-06,377650,51879400,141.5,136.0,136.5,-3.5,361,1590,141.0
2015-08-07,572305,81795835,147.0,135.5,147.0,10.5,483,1590,136.5
2015-08-10,1032320,158929740,158.0,147.5,157.0,10.0,876,1590,147.5
2015-08-11,1009900,159116900,162.5,154.0,156.5,-0.5,867,1590,162.0
2015-08-12,992240,158521900,164.5,155.0,160.0,3.5,921,1590,156.0
2015-08-13,634406,100889349,163.0,156.0,158.5,-1.5,594,1590,161.0
2015-08-14,420141,65302996,159.0,152.0,157.0,-1.5,367,1590,158.5
2015-08-17,250850,39254450,158.5,154.0,158.0,1.0,244,1590,157.0
2015-08-18,840390,135853815,166.0,158.5,158.5,0.5,775,1590,159.5
2015-08-19,528904,83266852,159.5,155.0,158.5,0.0,518,1590,159.0
2015-08-20,841035,129506836,160.0,148.5,152.5,-6.0,769,1590,158.0
2015-08-21,477159,70655214,150.0,146.5,147.0,-5.5,401,1590,147.0
2015-08-24,767600,104994900,143.5,133.0,135.0,-12.0,674,1590,141.0
2015-08-25,1756641,253912687,148.5,133.5,148.5,13.5,801,1590,135.0
2015-08-26,2394174,362058296,155.5,146.5,150.5,2.0,2052,1590,151.5
2015-08-27,904500,139001500,157.0,151.0,153.0,2.5,739,1590,151.5
2015-08-28,854150,134157250,159.0,155.0,156.0,3.0,767,1590,155.5
2015-08-31,572902,89350310,157.5,153.5,155.0,-1.0,521,1590,156.0
2015-09-01,653098,103190886,160.5,155.5,157.5,2.5,604,1590,156.0
2015-09-02,539860,84748380,158.5,154.0,158.5,1.0,423,1590,156.0
2015-09-03,1097498,178064918,166.5,157.5,166.0,7.5,973,1590,161.5
2015-09-04,1263134,209934672,172.0,159.0,159.0,-7.0,1100,1590,168.0
2015-09-07,718686,112681330,160.0,154.5,155.0,-4.0,617,1590,159.0
2015-09-08,1533264,253141010,170.5,156.0,170.5,15.5,1300,1590,156.0
2015-09-09,1291368,221198105,174.5,167.0,172.0,1.5,1168,1590,173.0
2015-09-10,1350800,238384100,182.5,168.5,173.0,1.0,1172,1590,172.0
2015-09-11,612205,105127055,174.0,169.0,171.5,-1.5,531,1590,172.0
2015-09-14,340145,58175650,173.0,170.0,170.5,-1.0,322,1590,172.0
2015-09-15,950350,164897500,178.5,169.0,170.0,-0.5,861,1590,171.0
2015-09-16,711493,120559324,173.5,165.5,169.5,-0.5,637,1590,173.0
2015-09-17,1828858,326178582,183.0,172.0,180.0,10.5,1625,1590,172.0
2015-09-18,683960,123509300,183.0,178.0,180.0,0.0,619,1590,181.5
2015-09-21,435923,77836640,181.0,175.5,181.0,1.0,391,1590,179.0
2015-09-22,667585,123853843,188.0,183.0,183.5,2.5,635,1590,183.0
2015-09-23,904210,168378140,189.5,181.0,185.0,1.5,819,1590,182.5
2015-09-24,787958,143093440,189.0,177.0,178.5,-6.5,733,1590,189.0
2015-09-25,1067100,186561800,181.0,171.0,177.0,-1.5,910,1590,181.0
2015-09-30,948350,164965450,179.5,171.0,173.5,-3.5,729,1590,174.5
2015-10-01,1522437,266777404,177.5,173.0,174.5,1.0,661,1590,175.5
2015-10-02,605235,105021772,176.0,171.0,174.0,-0.5,534,1590,176.0
2015-10-05,1097710,196074960,182.0,175.5,176.0,2.0,955,1590,175.5
2015-10-06,540417,96122558,181.0,175.5,175.5,-0.5,463,1590,178.0
2015-10-07,283873,50015148,178.0,175.5,176.0,0.5,252,1590,178.0
2015-10-08,818705,146484080,181.5,177.0,177.0,1.0,727,1590,178.0
2015-10-12,1309030,239690900,187.0,179.0,180.0,3.0,1131,1590,181.0
2015-10-13,481150,86355500,183.5,178.0,178.5,-1.5,439,1590,183.5
2015-10-14,670850,118553400,179.5,173.5,174.0,-4.5,404,1590,179.0
2015-10-15,597540,105088620,178.5,172.0,178.0,4.0,537,1590,175.0
2015-10-16,301150,52797023,179.0,173.5,173.5,-4.5,280,1590,178.0
2015-10-19,139500,24245000,175.5,172.5,172.5,-1.0,132,1590,173.5
2015-10-20,512253,87314516,174.0,168.0,170.0,-2.5,443,1590,173.0
2015-10-21,305050,51315950,172.0,166.5,166.5,-3.5,277,1590,172.0
2015-10-22,485712,82864328,173.0,167.5,169.0,2.5,413,1590,168.0
2015-10-23,491600,84935300,174.0,171.0,172.5,3.5,460,1590,171.0
2015-10-26,628799,109790625,178.0,174.0,174.0,1.5,455,1590,175.0
2015-10-27,282396,48711820,176.0,170.5,171.0,-3.0,265,1590,176.0
2015-10-28,230350,39604000,173.0,170.5,171.0,0.0,211,1590,171.5
2015-10-29,383400,66664800,176.0,171.5,173.0,2.0,358,1590,172.5
2015-10-30,260550,44301900,173.5,168.5,169.0,-4.0,248,1590,173.0
2015-11-02,337678,56873904,170.0,167.0,168.5,-0.5,326,1590,170.0
2015-11-03,457021,77169537,171.5,167.5,168.0,-0.5,415,1590,169.5
2015-11-04,1043660,178566180,173.0,167.5,171.5,3.5,875,1590,168.0
2015-11-05,666550,115212650,174.5,170.0,173.0,1.5,604,1590,173.0
2015-11-06,1719332,284815616,169.5,162.0,162.5,-10.5,1320,1590,169.5
2015-11-09,1716200,266558600,163.5,151.0,152.5,-10.0,1351,1590,163.0
2015-11-10,1011661,157120442,158.5,149.0,156.0,3.5,874,1590,150.0
2015-11-11,643534,99621534,157.0,153.0,155.0,-1.0,583,1590,155.5
2015-11-12,434610,67144540,156.5,153.0,155.0,0.0,363,1590,156.0
2015-11-13,311341,48105002,156.5,152.5,152.5,-2.5,299,1590,155.0
2015-11-16,763783,112203535,152.0,143.0,143.5,-9.0,662,1590,150.0
2015-11-17,777547,119504152,157.5,148.0,157.5,14.0,612,1590,148.0
2015-11-18,468430,73666510,160.0,155.0,155.0,-2.5,440,1590,157.5
2015-11-19,651326,101422856,157.5,153.0,156.0,1.0,536,1590,156.5
2015-11-20,640100,96372150,156.5,147.5,150.0,-6.0,509,1590,156.0
2015-11-23,660273,100158905,155.0,147.5,152.5,2.5,565,1590,152.0
2015-11-24,735100,112879500,155.0,150.5,155.0,2.5,618,1590,154.0
2015-11-25,249151,37663301,154.5,150.0,150.0,-5.0,241,1590,153.5
2015-11-26,200260,30343389,152.5,150.5,151.5,1.5,185,1590,151.0
2015-11-27,259300,38413500,152.0,146.5,147.0,-4.5,245,1590,152.0
2015-11-30,357760,52476000,149.0,145.0,146.0,-1.0,311,1590,147.0
2015-12-01,675355,100761395,151.5,147.5,149.5,3.5,426,1590,147.5
2015-12-02,351035,52003660,150.5,146.5,146.5,-3.0,309,1590,149.5
2015-12-03,584352,84295540,146.5,143.0,143.0,-3.5,549,1590,146.0
2015-12-04,457239,65769035,146.0,140.5,143.0,0.0,419,1590,142.5
2015-12-07,800410,119590590,152.0,145.5,150.0,7.0,694,1590,146.0
2015-12-08,409785,60160571,149.5,145.0,145.0,-5.0,319,1590,148.5
2015-12-09,640900,90652500,143.5,140.0,140.0,-5.0,500,1590,142.5
2015-12-10,501636,71304038,146.5,138.5,144.5,4.5,387,1590,140.0
2015-12-11,506395,74243565,148.5,144.0,146.5,2.0,406,1590,145.0
2015-12-14,474185,69997325,151.0,141.5,146.0,-0.5,456,1590,146.5
2015-12-15,335530,49715735,150.0,145.5,149.0,3.0,314,1590,146.0
2015-12-16,808616,124202364,155.5,150.0,155.0,6.0,687,1590,152.5
2015-12-17,398911,62120116,157.5,154.0,157.0,2.0,351,1590,156.0
2015-12-18,400108,62378280,158.5,153.5,158.5,1.5,349,1590,156.5
2015-12-21,159200,24834700,157.5,154.5,154.5,-4.0,140,1590,155.0
2015-12-22,106060,16242240,155.0,152.0,152.5,-2.0,102,1590,154.5
2015-12-23,185500,28876000,158.0,153.5,154.5,2.0,169,1590,154.5
2015-12-24,81300,12503400,157.0,152.5,153.0,-1.5,85,1590,156.5
2015-12-25,51100,7838300,154.5,153.0,153.0,0.0,47,1590,153.0
2015-12-28,58250,8985500,155.0,153.0,155.0,2.0,58,1590,153.0
2015-12-29,192400,30142000,158.0,153.5,155.5,0.5,177,1590,153.5
2015-12-30,138180,21222540,157.0,152.5,152.5,-3.0,120,1590,155.5
2015-12-31,50460,7693920,154.5,152.0,152.0,-0.5,56,1590,152.5
2016-01-04,140300,21266600,154.0,150.5,150.5,-1.5,138,1590,154.0
2016-01-05,194010,29547510,154.0,150.0,151.5,1.0,173,1590,150.5
2016-01-06,207450,31080550,151.0,148.5,150.0,-1.5,198,1590,150.5
2016-01-07,249150,37083500,152.5,146.0,149.0,-1.0,228,1590,149.5
2016-01-08,592000,87987000,150.5,146.5,149.5,0.5,444,1590,149.0
2016-01-11,408523,59810881,149.0,143.5,146.0,-3.5,346,1590,148.0
2016-01-12,507378,74456054,152.0,142.0,142.0,-4.0,461,1590,146.5
2016-01-13,864897,118834198,145.0,133.5,135.0,-7.0,798,1590,144.0
2016-01-14,323208,42167748,132.0,129.0,130.0,-5.0,307,1590,130.5
2016-01-15,440600,57691300,133.5,130.0,130.0,0.0,269,1590,133.0
2016-01-18,671300,91009849,138.5,129.0,135.0,5.0,560,1590,129.0
2016-01-19,420600,57469800,138.0,135.0,137.0,2.0,368,1590,136.5
2016-01-20,372050,49426150,136.5,130.0,130.0,-7.0,341,1590,136.0
2016-01-21,378050,49633600,133.0,129.5,131.0,1.0,302,1590,131.0
2016-01-22,236250,31351250,133.5,132.0,133.5,2.5,185,1590,132.0
2016-01-25,394050,54340500,139.5,135.5,139.0,5.5,325,1590,136.0
2016-01-26,260100,35720300,139.0,134.5,137.0,-2.0,220,1590,139.0
2016-01-27,294450,41062600,142.0,137.5,138.5,1.5,259,1590,139.0
2016-01-28,1072793,159146036,152.0,140.5,152.0,13.5,818,1590,140.5
2016-01-29,1112952,173719464,160.0,152.5,157.5,5.5,932,1590,155.0
2016-01-30,793428,128143408,163.0,158.0,162.0,4.5,589,1590,158.0
2016-02-01,577538,92164244,164.5,158.0,158.5,-3.5,418,1590,164.5
2016-02-02,381401,58949254,156.0,153.5,154.0,-4.5,333,1590,155.5
2016-02-03,316110,48353220,155.0,151.0,152.0,-2.0,294,1590,154.0
2016-02-15,853593,135593194,163.0,150.5,159.0,7.0,688,1590,152.0
2016-02-16,831267,132119999,161.0,156.0,158.0,-1.0,352,1590,161.0
2016-02-17,543009,87582435,164.0,158.5,160.5,2.5,471,1590,159.5
2016-02-18,1858480,316532317,173.0,166.0,172.0,11.5,1454,1590,166.0
2016-02-19,950648,160703185,172.0,165.0,168.5,-3.5,744,1590,172.0
2016-02-22,1843064,321694016,178.0,169.0,175.0,6.5,1366,1590,171.5
2016-02-23,1234870,211688464,178.0,168.5,170.5,-4.5,900,1590,177.0
2016-02-24,1014075,167963450,171.5,161.0,165.5,-5.0,761,1590,170.5
2016-02-25,443208,73732129,168.5,164.5,165.5,0.0,351,1590,168.5
2016-02-26,734722,125481962,172.0,168.0,171.0,5.5,649,1590,168.5
2016-03-01,1216097,216193120,182.0,174.0,177.5,6.5,1042,1590,176.0
2016-03-02,515605,91422770,180.0,175.0,175.5,-2.0,459,1590,179.5
2016-03-03,530400,93120699,179.5,173.5,174.0,-1.5,436,1590,175.5
2016-03-04,285952,50457431,178.5,174.0,177.5,3.5,274,1590,176.0
2016-03-07,829250,150320000,182.5,178.5,182.5,5.0,758,1590,181.0
2016-03-08,757340,136142030,183.5,178.0,178.0,-4.5,603,1590,182.5
2016-03-09,403202,72443658,181.0,178.0,180.0,2.0,335,1590,180.5
2016-03-10,2824720,540945460,197.5,184.0,193.5,13.5,2166,1590,185.0
2016-03-11,1108861,214312590,197.5,190.5,191.5,-2.0,972,1590,194.5
2016-03-14,1839804,360818768,201.0,190.5,193.5,2.0,1314,1590,197.5
2016-03-15,1143700,219764400,196.0,186.0,186.0,-7.5,955,1590,194.5
2016-03-16,602750,112557250,189.0,183.5,188.0,2.0,497,1590,188.0
2016-03-17,990744,185558896,191.5,184.0,185.0,-3.0,841,1590,190.5
2016-03-18,848595,161143050,191.5,185.0,190.0,5.0,725,1590,187.0
2016-03-21,437778,82195986,192.5,186.0,187.0,-3.0,416,1590,191.5
2016-03-22,383390,72077320,189.0,186.5,189.0,2.0,330,1590,186.5
2016-03-23,667680,123259120,189.0,182.5,184.0,-5.0,547,1590,189.0
2016-03-24,546050,98430675,185.0,172.0,182.5,-1.5,499,1590,181.0
2016-03-25,177500,31988000,182.5,178.0,180.0,-2.5,157,1590,182.5
2016-03-28,678120,118095260,179.5,171.0,173.0,-7.0,608,1590,177.0
2016-03-29,607615,107536355,179.5,175.0,178.0,5.0,532,1590,175.0
2016-03-30,654926,121388088,191.0,177.0,189.0,11.0,604,1590,177.0
2016-03-31,860367,164319730,194.0,187.5,190.0,1.0,746,1590,189.0
2016-04-01,971220,188714508,198.0,187.5,195.5,5.5,782,1590,187.5
2016-04-06,1833604,366404434,206.0,194.5,206.0,10.5,1226,1590,196.5
2016-04-07,1264302,251440979,203.5,195.0,197.5,-8.5,889,1590,202.5
2016-04-08,774450,152594523,201.0,194.0,194.0,-3.5,694,1590,197.5
2016-04-11,1062750,206160750,197.5,191.0,194.0,0.0,764,1590,194.0
2016-04-12,865493,170622367,201.0,191.0,196.0,2.0,730,1590,195.5
2016-04-13,2015349,416957092,215.0,195.5,209.0,13.0,1617,1590,196.0
2016-04-14,2416607,521554791,222.5,212.5,214.0,5.0,1807,1590,213.0
2016-04-15,601474,126576774,216.0,208.0,211.0,-3.0,545,1590,215.0
2016-04-18,576600,121312618,214.0,208.0,211.0,0.0,373,1590,208.0
2016-04-19,753610,162932453,220.0,213.0,216.0,5.0,693,1590,213.5
2016-04-20,1175978,262061101,227.0,217.0,223.0,7.0,1068,1590,217.0
2016-04-21,2083396,484942144,244.5,222.0,240.0,17.0,1693,1590,222.0
2016-04-22,1488137,338927777,241.0,219.0,220.5,-19.5,1289,1590,241.0
2016-04-25,1065538,229035594,222.0,212.0,213.0,-7.5,950,1590,221.0
2016-04-26,722609,158065480,221.5,215.0,220.0,7.0,684,1590,215.0
2016-04-27,503527,110188174,220.5,215.0,220.0,0.0,419,1590,217.0
2016-04-28,389937,85109329,223.0,214.0,218.0,-2.0,362,1590,223.0
2016-04-29,785775,169412862,218.5,212.5,214.0,-4.0,403,1590,215.0
2016-05-03,1040940,229802800,226.0,214.5,220.0,6.0,852,1590,216.5
2016-05-04,1000315,213757175,219.5,209.5,211.0,-9.0,720,1590,216.0
2016-05-05,860140,178502600,217.0,201.0,214.5,3.5,778,1590,211.0
2016-05-06,1802093,403332332,229.5,217.0,223.0,8.5,1394,1590,218.0
2016-05-09,1332760,299682700,229.5,218.5,219.5,-3.5,1240,1590,226.5
2016-05-10,1190700,256681949,219.5,212.0,215.5,-4.0,1045,1590,216.0
2016-05-11,1406929,291419516,216.0,203.0,203.5,-12.0,1213,1590,215.0
2016-05-12,1111250,230384500,210.5,203.5,208.0,4.5,896,1590,209.5
2016-05-13,865375,179389250,210.5,204.0,207.0,-1.0,761,1590,210.0
2016-05-16,725450,149075250,207.5,204.0,206.5,-0.5,654,1590,207.0
2016-05-17,625020,128486180,208.5,203.0,207.0,0.5,587,1590,208.0
2016-05-18,1309693,283872653,224.0,205.0,221.0,14.0,1148,1590,206.5
2016-05-19,833170,182330720,220.5,217.0,217.5,-3.5,730,1590,220.0
2016-05-20,1212383,270331596,227.5,217.0,223.5,6.0,994,1590,219.0
2016-05-23,785195,177262776,230.0,220.5,225.5,2.0,741,1590,225.0
2016-05-24,866106,196059312,230.5,223.5,227.0,1.5,635,1590,223.5
2016-05-25,1101370,249189010,231.0,223.0,224.0,-3.0,822,1590,229.0
2016-05-26,568317,125954057,224.5,218.5,221.0,-3.0,418,1590,222.5
2016-05-27,287810,63735700,223.5,220.0,221.5,0.5,265,1590,223.0
2016-05-30,285450,63716800,225.0,220.0,224.0,2.5,270,1590,222.0
2016-05-31,524400,115530300,227.0,217.5,218.5,-5.5,403,1590,224.0
2016-06-01,1055851,236302695,225.0,219.0,225.0,6.5,798,1590,219.0
2016-06-02,1803308,412965262,233.0,224.0,228.0,3.0,1296,1590,225.0
2016-06-03,570755,129721120,230.5,225.0,225.0,-3.0,451,1590,229.0
2016-06-04,216475,48770350,228.0,223.5,227.0,2.0,162,1590,227.0
2016-06-06,538101,123587927,232.5,227.0,228.5,1.5,480,1590,228.5
2016-06-07,1999145,478843510,245.5,232.5,238.0,9.5,1594,1590,234.0
2016-06-08,1225625,293713125,244.5,237.0,238.0,0.0,1099,1590,240.0
2016-06-13,844250,198854000,241.5,230.0,230.0,-8.0,759,1590,240.0
2016-06-14,549215,125012805,230.5,226.0,227.0,-3.0,477,1590,230.0
2016-06-15,1018704,229277196,231.5,222.0,223.0,-4.0,898,1590,229.0
2016-06-16,1019255,230166555,228.5,224.0,225.0,2.0,731,1590,224.0
2016-06-17,1067151,249208683,236.5,227.0,234.0,9.0,985,1590,227.5
2016-06-20,504251,117874983,235.5,231.0,234.5,0.5,435,1590,234.0
2016-06-21,1446913,354164900,252.0,234.0,244.0,9.5,1275,1590,234.0
2016-06-22,638591,154542840,246.5,239.5,240.5,-3.5,569,1590,246.5
2016-06-23,838351,197423336,242.0,232.0,232.5,-8.0,734,1590,241.0
2016-06-24,914257,214456191,240.5,229.5,233.5,1.0,726,1590,235.5
2016-06-27,821210,191646140,237.0,230.0,234.5,1.0,574,1590,236.0
2016-06-28,1175348,282841520,245.5,235.0,241.0,6.5,978,1590,235.0
2016-06-29,587260,141138380,245.5,238.0,238.5,-2.5,552,1590,241.5
2016-06-30,504303,121027462,244.0,237.0,239.0,0.5,460,1590,240.0
2016-07-01,1556302,386790490,252.0,243.0,246.0,7.0,1268,1590,243.0
2016-07-04,845250,210849000,253.0,246.0,250.0,4.0,759,1590,246.5
2016-07-05,449771,111696479,250.0,245.0,250.0,0.0,428,1590,249.0
2016-07-06,1068420,269326820,258.0,247.0,247.0,-3.0,910,1590,252.0
2016-07-07,1078382,272100118,258.0,249.0,250.0,3.0,947,1590,252.5
2016-07-11,893306,220511816,254.5,244.0,245.0,-5.0,770,1590,251.5
2016-07-12,704149,172359876,248.0,242.5,247.5,2.5,546,1590,245.0
2016-07-13,827069,200072267,247.5,240.0,241.0,-6.5,711,1590,245.0
2016-07-14,357633,86620319,244.0,241.0,242.0,1.0,324,1590,242.0
2016-07-15,619158,148332762,244.0,238.0,238.0,-4.0,544,1590,242.5
2016-07-18,935817,218065544,240.5,230.5,232.0,-6.0,790,1590,239.5
2016-07-19,901364,208832720,238.0,228.5,229.5,-2.5,748,1590,233.0
2016-07-20,1200451,269703426,230.5,220.5,226.0,-3.5,1050,1590,229.5
2016-07-21,1320604,309842940,238.0,227.0,236.5,10.5,1070,1590,227.0
2016-07-22,579300,136239600,238.0,233.0,237.5,1.0,486,1590,233.5
2016-07-25,780919,183948681,240.0,232.0,232.5,-5.0,684,1590,239.0
2016-07-26,442259,103648106,236.0,231.0,235.0,2.5,390,1590,233.5
2016-07-27,349105,83033780,240.0,235.0,237.5,2.5,307,1590,236.5
2016-07-28,358522,84182670,238.0,233.0,233.0,-4.5,299,1590,237.0
2016-07-29,666036,159051104,241.0,233.0,239.0,6.0,619,1590,233.0
2016-08-01,1538091,382450612,253.0,239.0,250.0,11.0,1306,1590,239.0
2016-08-02,1109850,279162800,257.0,249.0,249.5,-0.5,960,1590,251.5
2016-08-03,1320550,319323000,247.0,237.0,239.5,-10.0,1034,1590,246.0
2016-08-04,558999,132871263,243.0,234.5,236.5,-3.0,506,1590,241.5
2016-08-05,391299,92249260,238.0,233.5,237.5,1.0,360,1590,235.5
2016-08-08,2108339,472926241,240.0,214.5,218.0,-19.5,1695,1590,239.0
2016-08-09,1696280,370707540,223.5,215.5,217.0,-1.0,1145,1590,218.0
2016-08-10,1342200,295147600,222.5,218.5,218.5,1.5,471,1590,219.5
2016-08-11,602300,130427550,221.0,212.0,216.0,-2.5,532,1590,218.5
2016-08-12,463266,102093152,221.5,216.5,220.0,4.0,401,1590,216.5
2016-08-15,2047620,479361540,242.0,225.0,242.0,22.0,1738,1590,225.0
2016-08-16,1449786,349578461,245.0,238.0,239.5,-2.5,1105,1590,244.0
2016-08-17,742361,175656890,242.0,233.0,236.5,-3.0,491,1590,240.0
2016-08-18,484149,113678589,240.0,232.0,233.5,-3.0,384,1590,238.0
2016-08-19,487341,113294589,236.0,230.0,230.5,-3.0,447,1590,234.0
2016-08-22,671350,156866250,237.0,229.0,235.0,4.5,563,1590,232.0
2016-08-23,1126343,258707390,236.0,226.0,229.5,-5.5,983,1590,235.0
2016-08-24,435295,101018087,234.0,230.0,232.0,2.5,401,1590,231.0
2016-08-25,507984,118039786,234.5,229.5,234.5,2.5,245,1590,234.0
2016-08-26,858466,204394408,240.5,234.5,238.0,3.5,694,1590,235.5
2016-08-29,414175,97937387,238.5,234.0,236.5,0.0,369,1590,234.0
2016-08-30,298100,70563000,238.5,235.0,236.5,0.0,245,1590,238.5
2016-08-31,513100,121464580,238.0,235.0,237.0,0.5,244,1590,237.0
2016-09-01,611300,143162600,242.0,229.0,230.0,-7.0,545,1590,238.0
2016-09-02,349100,79902450,233.0,226.0,227.5,-2.5,316,1590,230.5
2016-09-05,1287343,309421547,248.0,229.5,248.0,20.5,1009,1590,230.0
2016-09-06,756150,184288873,246.5,241.5,242.5,-5.5,526,1590,243.0
2016-09-07,150680,36629899,244.5,242.0,242.5,0.0,153,1590,242.5
2016-09-08,646665,160342425,252.0,243.0,247.0,4.5,502,1590,243.5
2016-09-09,238600,58194900,248.0,241.5,245.5,-1.5,215,1590,245.0
2016-09-10,82000,19754500,243.0,239.0,241.0,-4.5,68,1590,242.5
2016-09-12,182200,43847100,243.0,238.5,239.5,-1.5,175,1590,242.0
2016-09-13,319111,76417529,244.5,234.0,240.5,1.0,282,1590,241.0
2016-09-14,492831,120617434,246.0,241.5,246.0,5.5,345,1590,244.0
2016-09-19,1160226,297989332,259.5,251.0,259.0,13.0,1007,1590,255.0
2016-09-20,422228,109200096,260.5,256.0,259.0,0.0,414,1590,260.0
2016-09-21,330800,85116600,259.5,255.5,259.5,0.5,300,1590,256.5
2016-09-22,426004,110592854,263.0,256.0,258.0,-1.5,320,1590,260.0
2016-09-23,1150675,309033057,273.5,258.5,269.0,11.0,933,1590,258.5
2016-09-26,1044476,287730924,279.0,267.0,276.0,7.0,846,1590,268.0
2016-09-29,1219171,338771375,281.5,274.0,277.5,1.5,816,1590,281.5
2016-09-30,546680,151453193,279.5,272.0,279.0,1.5,509,1590,278.0
2016-10-03,707921,199362959,292.0,276.0,279.5,0.5,661,1590,282.5
2016-10-04,209060,58648180,283.0,279.5,280.0,0.5,207,1590,282.0
2016-10-05,641039,176826897,278.0,271.5,275.5,-4.5,336,1590,275.5
2016-10-06,339863,93056494,277.5,272.5,273.0,-2.5,178,1590,277.0
2016-10-07,222200,60745600,275.0,272.0,273.5,0.5,196,1590,275.0
2016-10-11,270110,72947423,276.5,267.5,267.5,-6.0,234,1590,276.5
2016-10-12,329223,86745649,267.5,259.0,262.5,-5.0,316,1590,265.0
2016-10-13,445360,115661240,263.5,258.0,260.0,-2.5,329,1590,263.0
2016-10-14,487466,126350296,265.5,256.0,256.5,-3.5,420,1590,260.0
2016-10-17,628850,161232074,259.5,255.0,256.0,-0.5,432,1590,255.0
2016-10-18,560524,142313144,258.5,251.0,258.5,2.5,394,1590,256.0
2016-10-19,295731,76389405,263.5,254.0,254.0,-4.5,271,1590,260.5
2016-10-20,370520,94195838,256.0,252.0,254.0,0.0,321,1590,252.0
2016-10-21,430420,109361020,255.0,252.0,254.0,0.0,281,1590,254.0
2016-10-24,675638,177145484,268.0,255.0,268.0,14.0,633,1590,255.0
2016-10-25,619085,160792600,265.5,257.5,258.5,-9.5,578,1590,265.5
2016-10-26,341200,88853900,262.0,257.0,260.0,1.5,324,1590,260.0
2016-10-27,295050,76031100,262.0,255.5,261.0,1.0,271,1590,260.0
2016-10-28,295140,75280560,261.5,252.0,254.0,-7.0,264,1590,261.0
2016-10-31,353100,89119150,255.5,250.5,251.5,-2.5,332,1590,253.0
2016-11-01,174111,44177805,255.5,249.0,254.5,3.0,166,1590,249.0
2016-11-02,350250,86391750,253.5,245.0,245.0,-9.5,333,1590,252.0
2016-11-03,541000,128294000,246.5,233.0,235.0,-10.0,477,1590,243.5
2016-11-04,441116,102939876,236.5,229.0,234.0,-1.0,412,1590,231.0
2016-11-07,1463265,359270160,250.0,237.0,245.5,11.5,527,1590,237.0
2016-11-08,1536438,394834599,262.5,247.5,260.0,14.5,1280,1590,248.0
2016-11-09,723147,182213574,262.0,240.5,240.5,-19.5,649,1590,258.0
2016-11-10,777484,195170016,254.5,249.5,250.0,9.5,596,1590,252.5
2016-11-11,1217750,301643000,255.0,241.0,250.0,0.0,1011,1590,246.0
2016-11-14,1015841,261194834,263.0,247.0,257.0,7.0,739,1590,247.0
2016-11-15,504526,125472448,255.0,246.0,248.0,-9.0,420,1590,254.0
2016-11-16,1558190,369452270,251.0,229.5,231.0,-17.0,1298,1590,251.0
2016-11-17,802245,188755647,238.5,231.0,238.0,7.0,723,1590,231.0
2016-11-18,552255,129866965,238.0,232.0,238.0,0.0,475,1590,236.0
2016-11-21,265158,62512762,239.5,234.0,237.0,-1.0,251,1590,239.5
2016-11-22,329302,78736776,241.5,235.5,238.5,1.5,234,1590,237.0
2016-11-23,181758,43561904,242.0,237.0,239.0,0.5,178,1590,238.5
2016-11-24,296000,69832500,239.0,235.0,235.0,-4.0,247,1590,239.0
2016-11-25,291950,68750300,237.0,235.0,235.0,0.0,266,1590,235.5
2016-11-28,795260,192692420,245.5,236.5,243.0,8.0,699,1590,238.5
2016-11-29,358900,86598400,244.0,239.0,242.5,-0.5,332,1590,244.0
2016-11-30,548921,134617130,249.5,240.5,241.5,-1.0,515,1590,246.0
2016-12-01,278631,67397488,245.0,239.5,240.0,-1.5,271,1590,244.5
2016-12-02,190100,45482000,243.0,237.5,239.0,-1.0,189,1590,239.0
2016-12-05,236565,57331381,244.5,238.0,242.0,3.0,227,1590,238.5
2016-12-06,1266369,321658964,261.5,246.0,258.0,16.0,1070,1590,247.0
2016-12-07,1107600,282196800,259.5,252.0,253.0,-5.0,989,1590,258.5
2016-12-08,1032029,267946496,263.0,255.0,258.0,5.0,886,1590,256.0
2016-12-09,558117,142265157,258.0,253.5,255.0,-3.0,486,1590,258.0
2016-12-12,455055,116968025,264.0,253.0,253.5,-1.5,428,1590,256.5
2016-12-13,291714,74307000,256.5,250.5,254.5,1.0,275,1590,250.5
2016-12-14,469510,122004590,261.5,257.0,260.5,6.0,419,1590,257.0
2016-12-15,305102,78550816,260.0,256.5,257.0,-3.5,266,1590,260.0
2016-12-16,287807,73608574,260.0,254.0,255.0,-2.0,195,1590,258.5
2016-12-19,318380,80728260,256.5,252.0,253.5,-1.5,277,1590,256.5
2016-12-20,328119,82899750,258.0,250.0,251.5,-2.0,307,1590,258.0
2016-12-21,336300,85149300,255.0,250.0,251.5,0.0,304,1590,255.0
2016-12-22,214001,54693255,258.0,251.5,256.0,4.5,199,1590,251.5
2016-12-23,88201,22454550,258.0,253.0,253.0,-3.0,90,1590,254.0
2016-12-26,109058,27344500,253.0,250.0,250.0,-3.0,106,1590,253.0
2016-12-27,165566,40808604,249.0,245.0,245.5,-4.5,164,1590,247.0
2016-12-28,495520,123119710,250.0,246.0,248.5,3.0,333,1590,246.0
2016-12-29,436119,108915757,253.5,245.0,248.5,0.0,337,1590,248.5
2016-12-30,484570,123547990,258.0,249.0,257.0,8.5,364,1590,249.0
2017-01-03,329081,82631871,256.0,248.0,251.0,-6.0,306,1590,252.5
2017-01-04,654564,161892180,250.5,245.5,245.5,-5.5,501,1590,250.5
2017-01-05,1462119,355191714,249.5,238.0,244.5,-1.0,1218,1590,247.5
2017-01-06,518700,129899048,252.5,246.5,252.0,7.5,492,1590,246.5
2017-01-09,245000,61594500,253.0,248.5,250.5,-1.5,228,1590,252.0
2017-01-10,288055,72368805,253.5,248.0,251.0,0.5,262,1590,253.0
2017-01-11,136305,33927292,252.0,248.0,248.0,-3.0,137,1590,252.0
2017-01-12,284410,71543320,252.5,249.5,252.0,4.0,246,1590,250.5
2017-01-13,244000,60896000,253.0,247.5,249.0,-3.0,233,1590,252.5
2017-01-16,144000,35338500,249.5,244.0,246.5,-2.5,137,1590,249.5
2017-01-17,191001,47176246,248.5,245.0,245.0,-1.5,180,1590,246.5
2017-01-18,783610,197830160,255.0,249.0,252.0,7.0,675,1590,250.0
2017-01-19,743003,189471262,259.0,251.5,253.0,1.0,698,1590,253.0
2017-01-20,501012,128428572,258.0,253.5,256.5,3.5,420,1590,255.0
2017-01-23,420991,108469191,260.5,255.0,258.5,2.0,411,1590,260.0
2017-01-24,211545,54886110,261.5,257.5,259.5,1.0,186,1590,258.5
2017-02-02,1288001,346995775,279.5,257.5,277.5,18.0,1140,1590,262.0
2017-02-03,1087588,309206992,288.0,277.5,286.0,8.5,1011,1590,277.5
2017-02-06,648459,183894143,290.5,277.5,279.0,-7.0,603,1590,290.5
2017-02-07,521698,147037679,286.0,274.0,284.5,5.5,457,1590,279.0
2017-02-08,515694,147462134,288.0,282.0,288.0,3.5,437,1590,284.5
2017-02-09,961485,273329246,288.0,279.0,285.0,-3.0,603,1590,284.0
2017-02-10,416895,118402625,286.5,281.0,285.0,0.0,341,1590,284.5
2017-02-13,284130,80256030,287.0,280.0,283.0,-2.0,281,1590,285.5
2017-02-14,561770,163055760,294.0,286.5,289.5,6.5,513,1590,286.5
2017-02-15,347500,100554500,292.0,288.0,289.5,0.0,310,1590,289.0
2017-02-16,688252,194535795,292.5,279.5,281.5,-8.0,465,1590,292.0
2017-02-17,1039371,288285622,284.0,272.0,284.0,2.5,859,1590,283.5
2017-02-18,177383,50003240,285.0,278.5,280.0,-4.0,155,1590,284.5
2017-02-20,375337,105392023,285.5,277.0,279.0,-1.0,331,1590,280.0
2017-02-21,935321,268730144,290.0,280.5,287.5,8.5,728,1590,280.5
2017-02-22,1240765,364610525,311.0,285.0,285.5,-2.0,1047,1590,311.0
2017-02-23,537837,152720534,286.5,280.5,284.0,-1.5,460,1590,285.0
2017-02-24,449446,128144272,291.5,282.0,284.0,0.0,343,1590,284.0
2017-03-01,1144288,338472884,302.0,290.5,293.5,9.5,1017,1590,291.0
2017-03-02,487117,143894604,300.0,292.0,293.0,-0.5,451,1590,296.5
2017-03-03,196503,57678382,296.0,291.5,295.5,2.5,195,1590,293.0
2017-03-06,342361,99758190,295.5,288.5,291.5,-4.0,292,1590,295.5
2017-03-07,553341,165300436,303.0,295.0,297.0,5.5,505,1590,295.0
2017-03-08,430229,128824585,301.0,297.0,301.0,4.0,373,1590,298.0
2017-03-09,778135,237480405,308.0,303.0,304.0,3.0,696,1590,308.0
2017-03-10,530975,159861950,306.0,297.5,303.5,-0.5,502,1590,304.0
2017-03-13,380812,113369476,301.5,295.5,298.0,-5.5,348,1590,301.0
2017-03-14,523356,153378096,301.0,289.0,291.0,-7.0,443,1590,298.5
2017-03-15,381620,113470260,300.0,292.5,300.0,9.0,364,1590,294.5
2017-03-16,249471,73526430,301.0,293.0,293.5,-6.5,246,1590,300.0
2017-03-17,379300,112781048,298.5,294.0,298.5,5.0,336,1590,295.0
2017-03-20,304101,91384300,305.0,296.0,298.0,-0.5,279,1590,297.5
2017-03-21,630344,189464714,302.0,298.5,301.5,3.5,364,1590,300.0
2017-03-22,518369,151969962,298.0,287.0,293.0,-8.5,458,1590,298.0
2017-03-23,645627,188509711,295.0,289.0,294.5,1.5,590,1590,292.0
2017-03-24,340820,99007800,295.5,288.0,289.0,-5.5,293,1590,295.0
2017-03-27,338201,98231792,293.0,287.5,290.0,1.0,309,1590,289.0
2017-03-28,589505,169349435,293.0,283.0,288.5,-1.5,520,1590,290.5
2017-03-29,835060,239233280,291.5,281.5,290.0,1.5,654,1590,288.5
2017-03-30,760180,222649740,296.5,285.0,295.0,5.0,625,1590,285.0
2017-03-31,958677,283552246,301.0,292.0,298.5,3.5,806,1590,294.0
2017-04-05,674417,203481268,305.0,298.5,305.0,6.5,598,1590,302.0
2017-04-06,1337696,420944436,321.0,304.0,317.5,12.5,1039,1590,305.0
2017-04-07,3402999,1141205158,348.0,320.0,344.0,26.5,2583,1590,320.0
2017-04-10,1336117,453683102,345.0,325.0,340.5,-3.5,1087,1590,345.0
2017-04-11,852653,287764813,346.5,330.5,330.5,-10.0,727,1590,343.0
2017-04-12,644510,213719034,337.0,330.0,330.0,-0.5,552,1590,330.0
2017-04-13,992880,319862638,338.5,315.5,315.5,-14.5,851,1590,332.0
2017-04-14,1332840,430477558,328.5,315.5,321.5,6.0,1109,1590,318.0
2017-04-17,636510,204981200,327.5,317.5,320.0,-1.5,571,1590,327.5
2017-04-18,895472,295421732,334.0,322.0,331.5,11.5,736,1590,322.5
2017-04-19,1581786,535692918,350.0,328.0,341.5,10.0,1315,1590,329.0
2017-04-20,1178531,402924509,347.5,337.0,337.0,-4.5,1103,1590,340.5
2017-04-21,1157662,386894960,342.0,328.0,332.0,-5.0,1060,1590,341.0
2017-04-24,2210390,741898135,343.0,330.5,334.0,2.0,1597,1590,335.0
2017-04-25,2149371,768885205,367.0,350.0,356.0,22.0,1483,1590,350.0
2017-04-26,1497047,533675612,362.0,351.0,355.0,-1.0,1264,1590,353.0
2017-04-27,675094,240778729,361.5,352.5,356.0,1.0,559,1590,360.0
2017-04-28,1007629,351373634,360.0,344.0,345.0,-11.0,887,1590,358.0
2017-05-02,601707,209754181,352.0,345.0,346.0,1.0,477,1590,345.0
2017-05-03,556055,191447810,350.0,341.5,341.5,-4.5,478,1590,350.0
2017-05-04,565859,194136137,345.5,338.5,343.0,1.5,431,1590,345.0
2017-05-05,1355451,475659948,355.0,343.5,350.0,7.0,1099,1590,343.5
2017-05-08,1571637,533058124,350.0,334.0,339.0,-11.0,1179,1590,350.0
2017-05-09,625310,213557160,344.5,338.0,338.5,-0.5,549,1590,339.0
2017-05-10,409517,140236001,345.5,339.0,340.5,2.0,396,1590,339.0
2017-05-11,694040,242861500,354.0,343.0,350.5,10.0,649,1590,343.0
2017-05-12,452530,157805910,352.0,346.0,347.0,-3.5,409,1590,347.5
2017-05-15,490159,169714537,351.0,342.5,342.5,-4.5,459,1590,345.0
2017-05-16,1148682,396868265,352.0,340.0,340.0,-2.5,865,1590,343.0
2017-05-17,1022600,352201300,350.0,336.5,345.5,5.5,864,1590,347.0
2017-05-18,882341,298880576,344.0,335.0,335.0,-10.5,759,1590,344.0
2017-05-19,759367,251940957,340.0,325.5,325.5,-9.5,639,1590,338.0
2017-05-22,750351,252909191,343.0,328.0,343.0,17.5,697,1590,328.5
2017-05-23,733118,245629002,340.5,332.0,333.0,-10.0,668,1590,340.0
2017-05-24,583757,193924244,337.5,328.0,330.0,-3.0,525,1590,336.0
2017-05-25,420929,140819073,337.0,332.0,333.5,3.5,394,1590,334.0
2017-05-26,796265,262953910,333.0,328.0,329.0,-4.5,578,1590,330.5
2017-05-31,643750,214821500,338.0,330.0,332.0,3.0,583,1590,330.0
2017-06-01,607329,201606728,337.0,330.0,334.0,2.0,548,1590,335.0
2017-06-02,659180,222472020,340.0,334.0,340.0,6.0,590,1590,338.5
2017-06-03,255191,86964035,344.0,337.0,340.5,0.5,237,1590,340.5
2017-06-05,1013050,349506000,348.5,341.0,347.0,6.5,928,1590,341.5
2017-06-06,799319,272166365,350.0,334.5,335.5,-11.5,754,1590,350.0
2017-06-07,910764,299996856,336.5,327.0,328.5,-7.0,835,1590,336.0
2017-06-08,950280,312725620,332.0,326.0,328.5,0.0,851,1590,326.0
2017-06-09,1236445,397408065,331.5,315.0,319.0,-9.5,1038,1590,330.0
2017-06-12,629264,201496980,322.0,316.0,320.5,1.5,582,1590,317.0
2017-06-13,502401,159067617,324.0,313.0,314.0,-6.5,480,1590,324.0
2017-06-14,670250,210341500,318.0,311.0,315.0,1.0,557,1590,317.5
2017-06-15,475923,146470244,310.0,306.0,308.5,0.0,386,1590,306.5
2017-06-16,1225758,389694818,325.0,306.5,321.5,13.0,1052,1590,307.0
2017-06-19,1229048,404063624,331.5,325.5,327.5,6.0,928,1590,329.0
2017-06-20,623702,205640054,332.0,328.0,328.0,0.5,534,1590,331.5
2017-06-21,616600,203574520,333.0,324.5,332.5,4.5,478,1590,327.5
2017-06-22,1730521,590820538,347.5,333.0,345.0,12.5,1206,1590,334.0
2017-06-23,1201145,420913960,354.5,346.0,349.5,4.5,998,1590,347.0
2017-06-26,600500,210839000,353.0,349.5,353.0,3.5,518,1590,350.5
2017-06-27,1437158,521815271,368.5,350.5,365.0,12.0,1222,1590,354.5
2017-06-28,547867,196183519,365.0,355.0,357.5,-7.5,516,1590,362.0
2017-06-29,516458,186235732,368.0,354.5,359.5,2.0,497,1590,363.0
2017-06-30,527448,189798107,362.5,356.5,359.5,0.0,470,1590,357.0
2017-07-03,378263,136085598,365.0,355.0,365.0,5.5,367,1590,361.0
2017-07-04,350698,126732733,364.5,359.5,361.0,-4.0,305,1590,361.0
2017-07-05,230110,83207930,365.0,358.0,364.5,3.5,207,1590,362.0
2017-07-06,1035599,381076135,374.5,360.0,362.5,-2.0,925,1590,370.0
2017-07-07,406119,146258983,365.0,356.0,358.5,-4.0,391,1590,365.0
2017-07-10,464443,165082379,361.0,352.0,355.0,-3.5,414,1590,360.0
2017-07-11,775749,284683632,370.0,357.0,370.0,15.0,705,1590,357.0
2017-07-12,457060,167768020,373.0,363.0,366.5,-3.5,378,1590,368.5
2017-07-13,388038,142267446,374.0,364.0,366.5,0.0,354,1590,374.0
2017-07-14,698392,258931756,375.0,363.0,370.0,3.5,580,1590,369.5
2017-07-17,1266743,485826298,390.0,372.0,388.0,18.0,1076,1590,375.0
2017-07-18,1047141,410805983,400.0,382.5,394.5,6.5,935,1590,387.0
2017-07-19,905430,362285204,407.5,394.0,395.0,0.5,816,1590,395.0
2017-07-20,1423163,576057200,413.0,398.0,401.0,6.0,1237,1590,404.5
2017-07-21,573732,230389932,408.0,399.5,401.5,0.5,525,1590,408.0
2017-07-24,831342,339018676,416.0,395.5,406.5,0.0,619,1590,400.0
2017-07-25,1292375,536088061,423.0,407.0,410.5,4.0,1078,1590,420.0
2017-07-26,618268,254552880,416.5,410.0,410.0,-0.5,561,1590,410.0
2017-07-27,788727,324052932,417.0,408.0,417.0,7.0,718,1590,413.0
2017-07-28,767070,314892664,417.5,405.5,405.5,-11.5,650,1590,413.0
2017-07-31,635660,257083960,408.5,400.0,408.5,3.0,567,1590,405.5
2017-08-01,627316,253504752,410.0,398.5,404.0,-4.5,491,1590,410.0
2017-08-02,606789,245587123,408.0,401.0,408.0,4.0,498,1590,404.5
2017-08-03,801695,319767025,408.0,393.0,395.0,-13.0,747,1590,408.0
2017-08-04,1630635,675875890,434.5,399.5,416.0,21.0,1267,1590,399.5
2017-08-07,878638,368509684,428.0,414.0,414.0,-2.0,762,1590,428.0
2017-08-08,436432,177575174,414.0,405.0,405.0,-9.0,393,1590,411.0
2017-08-09,817379,326752100,406.5,396.0,397.0,-8.0,752,1590,405.0
2017-08-10,695111,278755067,410.0,396.0,396.0,-1.0,671,1590,397.5
2017-08-11,559305,222756326,404.0,390.0,397.0,1.0,539,1590,396.0
2017-08-14,278346,110936689,403.0,396.0,396.0,-1.0,254,1590,403.0
2017-08-15,590699,234808605,409.0,392.0,395.0,-1.0,563,1590,402.0
2017-08-16,709867,283987699,404.5,394.0,394.0,-1.0,654,1590,400.0
2017-08-17,2404312,936559012,398.0,379.0,397.5,3.5,2171,1590,387.0
2017-08-18,706048,276660268,394.0,389.0,393.0,-4.5,675,1590,393.0
2017-08-21,429976,169473573,399.0,391.0,394.5,1.5,421,1590,393.0
2017-08-22,327763,130146385,399.0,395.0,397.0,2.5,333,1590,398.0
2017-08-23,1189657,483373899,413.0,398.0,409.0,12.0,1041,1590,398.0
2017-08-24,740497,299124794,411.0,398.0,402.5,-6.5,696,1590,410.5
2017-08-25,363623,147600993,410.0,402.5,405.0,2.5,334,1590,403.5
2017-08-28,432253,173177200,405.0,398.5,398.5,-6.5,409,1590,402.5
2017-08-29,689741,278844065,408.0,399.0,406.5,8.0,579,1590,402.0
2017-08-30,1829880,765396220,423.5,414.0,419.5,13.0,1388,1590,418.0
2017-08-31,805098,336414513,421.5,416.0,419.5,0.0,723,1590,417.0
2017-09-01,877079,367213548,428.0,412.0,412.5,-7.0,797,1590,420.0
2017-09-04,477374,196481840,414.5,409.0,409.5,-3.0,439,1590,412.5
2017-09-05,466781,192341100,416.5,409.5,411.5,2.0,441,1590,413.5
2017-09-06,706596,294277231,420.0,410.5,416.5,5.0,646,1590,410.5
2017-09-07,792428,329105624,425.0,409.5,410.5,-6.0,678,1590,419.5
2017-09-08,851161,353129315,415.5,413.0,415.0,4.5,514,1590,415.0
2017-09-11,450499,187305335,420.5,414.0,415.0,0.0,399,1590,418.5
2017-09-12,947300,397330048,427.0,415.5,418.5,3.5,836,1590,420.0
2017-09-13,490656,202401116,421.0,410.0,410.5,-8.0,468,1590,421.0
2017-09-14,591192,244704698,419.0,409.0,415.5,5.0,508,1590,410.0
2017-09-15,1117718,467906278,424.5,413.0,421.0,5.5,774,1590,417.0
2017-09-18,2005461,866405113,438.0,423.0,433.0,12.0,1559,1590,427.0
2017-09-19,1012856,440408292,444.5,428.0,432.0,-1.0,769,1590,439.5
2017-09-20,1065833,469982519,447.5,433.0,444.0,12.0,824,1590,433.0
2017-09-21,909526,405696829,449.5,439.0,445.5,1.5,775,1590,444.0
2017-09-22,484652,214786684,448.5,438.5,446.0,0.5,452,1590,447.0
2017-09-25,1134751,499426781,449.5,432.0,432.0,-14.0,1031,1590,448.0
2017-09-26,649774,277788306,438.0,421.5,421.5,-10.5,610,1590,436.0
2017-09-27,368317,157099176,429.5,423.0,429.5,8.0,355,1590,428.0
2017-09-28,279956,119227388,431.0,423.0,425.0,-4.5,267,1590,430.0
2017-09-29,804880,339883018,430.0,416.0,418.0,-7.0,699,1590,428.0
2017-09-30,120547,50429146,424.0,415.5,417.0,-1.0,125,1590,419.0
2017-10-02,638646,271180050,429.5,418.0,426.0,9.0,529,1590,421.0
2017-10-03,553022,235539218,432.0,419.0,419.0,-7.0,497,1590,428.0
2017-10-05,1137408,490686480,438.5,426.0,436.0,17.0,864,1590,428.0
2017-10-06,1066747,468813298,444.0,433.0,439.0,3.0,783,1590,437.0
2017-10-11,724330,317867013,445.0,433.5,441.0,2.0,671,1590,443.0
2017-10-12,1446633,651199983,455.0,442.0,452.5,11.5,1207,1590,445.0
2017-10-13,909132,409486228,459.0,445.0,446.5,-6.0,862,1590,452.5
2017-10-16,821474,375305144,460.0,449.0,458.5,12.0,773,1590,450.0
2017-10-17,984996,445606696,458.0,448.0,455.0,-3.5,931,1590,455.0
2017-10-18,571034,259002504,458.0,450.0,457.5,2.5,540,1590,455.0
2017-10-19,1632321,766089230,473.5,458.0,470.5,13.0,1283,1590,461.5
2017-10-20,932057,440489404,477.0,464.5,472.0,1.5,530,1590,467.5
2017-10-23,2230062,1010221400,460.0,448.0,450.0,-22.0,1664,1590,455.5
2017-10-24,1527669,670887353,451.5,433.0,437.0,-13.0,1447,1590,444.0
2017-10-25,1045789,464060863,449.5,437.0,448.5,11.5,986,1590,440.0
2017-10-26,783123,353820410,455.0,445.0,453.5,5.0,711,1590,447.0
2017-10-27,1637411,771832403,480.0,448.0,476.0,22.5,1481,1590,453.5
2017-10-30,863981,408225633,484.0,461.0,469.0,-7.0,821,1590,471.5
2017-10-31,1293197,627792742,495.5,468.0,488.5,19.5,1168,1590,476.0
2017-11-01,699364,336911676,488.5,478.0,484.0,-4.5,671,1590,484.0
2017-11-02,592942,288884955,494.0,483.0,483.5,-0.5,499,1590,486.0
2017-11-03,416000,200719999,485.5,478.0,483.0,-0.5,375,1590,480.5
2017-11-06,364981,174523790,483.0,474.0,480.0,-3.0,363,1590,483.0
2017-11-07,382593,183647247,483.5,477.0,481.0,1.0,285,1590,479.5
2017-11-08,605691,287490725,480.0,469.0,475.0,-6.0,586,1590,480.0
2017-11-09,673603,319299101,480.0,468.0,469.0,-6.0,550,1590,479.5
2017-11-10,780968,360170344,469.0,457.0,459.5,-9.5,721,1590,469.0
2017-11-13,968366,449375690,472.0,457.0,468.0,8.5,883,1590,460.0
2017-11-14,2151403,1039795552,489.5,473.0,487.5,19.5,1911,1590,473.0
2017-11-15,1216008,580662792,483.5,473.5,477.0,-10.5,1109,1590,482.5
2017-11-16,728818,343390596,475.0,468.5,468.5,-8.5,698,1590,475.0
2017-11-17,2365823,1151308960,491.5,474.0,482.5,14.0,1680,1590,474.5
2017-11-20,735902,352742960,493.0,474.0,475.5,-7.0,678,1590,484.5
2017-11-21,1159720,568949874,497.0,478.0,495.0,19.5,1030,1590,483.0
2017-11-22,1180120,602047220,520.0,499.5,511.0,16.0,1107,1590,510.0
2017-11-23,349883,178362979,518.0,503.0,516.0,5.0,340,1590,503.0
2017-11-24,874150,458621400,536.0,516.0,519.0,3.0,828,1590,523.0
2017-11-27,989499,519908975,532.0,516.0,530.0,11.0,878,1590,527.0
2017-11-28,2383094,1172205778,506.0,480.0,486.0,-44.0,2136,1590,505.0
2017-11-29,1509605,742536855,498.5,485.0,495.0,9.0,1256,1590,486.0
2017-11-30,10745492,5447524992,511.0,482.5,511.0,16.0,2851,1590,490.0
2017-12-01,1227731,616457731,510.0,496.0,506.0,-5.0,1145,1590,506.0
2017-12-04,731703,366717188,513.0,496.0,500.0,-6.0,629,1590,513.0
2017-12-05,1023615,506778500,505.0,486.0,503.0,3.0,956,1590,497.0
2017-12-06,1023179,502256315,502.0,485.0,485.0,-18.0,931,1590,502.0
2017-12-07,2144935,990134534,483.5,449.0,455.5,-29.5,1654,1590,481.5
2017-12-08,1038371,500232403,493.0,459.5,493.0,37.5,950,1590,460.0
2017-12-11,687693,341489228,505.0,486.0,495.0,2.0,638,1590,493.0
2017-12-12,544849,269504302,499.0,488.0,493.5,-1.5,519,1590,494.0
2017-12-13,558369,271046382,497.5,478.0,478.0,-15.5,557,1590,489.0
2017-12-14,573821,283749290,499.0,484.5,493.5,15.5,557,1590,486.0
2017-12-15,663444,319611061,492.0,476.0,480.0,-13.5,568,1590,487.5
2017-12-18,1011561,501823878,508.0,481.0,500.0,20.0,907,1590,482.0
2017-12-19,504647,251765030,506.0,491.5,493.5,-6.5,479,1590,502.0
2017-12-20,792164,403050476,515.0,489.0,513.0,19.5,695,1590,494.5
2017-12-21,552622,285865330,524.0,506.0,518.0,5.0,523,1590,510.0
2017-12-22,509785,264781845,522.0,514.0,520.0,2.0,463,1590,522.0
2017-12-25,213227,110623905,523.0,512.0,516.0,-4.0,197,1590,519.0
2017-12-26,209447,106285288,516.0,503.0,507.0,-9.0,206,1590,516.0
2017-12-27,179100,91438700,515.0,508.0,510.0,3.0,154,1590,508.0
2017-12-28,289025,147530725,516.0,505.0,510.0,0.0,276,1590,513.0
2017-12-29,751842,396303576,535.0,510.0,535.0,25.0,613,1590,510.0
2018-01-02,450689,236920969,539.0,513.0,523.0,-12.0,430,1590,536.0
2018-01-03,359957,189646511,532.0,523.0,527.0,4.0,354,1590,528.0
2018-01-04,331662,175872536,535.0,525.0,532.0,5.0,315,1590,530.0
2018-01-05,432527,228192148,538.0,521.0,524.0,-8.0,373,1590,538.0
2018-01-08,502545,259190130,527.0,510.0,513.0,-11.0,484,1590,527.0
2018-01-09,1027102,516013694,515.0,495.5,500.0,-13.0,934,1590,506.0
2018-01-10,624573,312435635,513.0,495.0,498.0,-2.0,610,1590,500.0
2018-01-11,1195829,584652463,510.0,481.0,483.0,-15.0,1033,1590,510.0
2018-01-12,1207275,584069875,488.0,480.0,480.0,-3.0,1047,1590,485.5
2018-01-15,898704,443149724,507.0,482.0,506.0,26.0,762,1590,485.5
2018-01-16,917543,449396027,501.0,486.0,487.0,-19.0,803,1590,500.0
2018-01-17,1209648,579717040,487.0,474.0,475.0,-12.0,1102,1590,486.0
2018-01-18,1439723,701493010,492.0,479.0,486.5,11.5,996,1590,479.0
2018-01-19,916339,456676839,503.0,488.0,502.0,15.5,853,1590,492.0
2018-01-22,588822,288803060,501.0,487.0,492.0,-10.0,486,1590,501.0
2018-01-23,983542,481128000,499.0,480.0,498.0,6.0,912,1590,490.0
2018-01-24,1336533,640874840,495.0,470.0,474.5,-23.5,1224,1590,493.0
2018-01-25,1465958,686216386,480.0,457.0,457.0,-17.5,1145,1590,479.0
2018-01-26,2638524,1223791012,480.5,441.0,479.0,22.0,2028,1590,457.0
2018-01-29,997064,462167760,473.0,458.5,461.5,-17.5,920,1590,467.0
2018-01-30,1015143,465530061,468.0,452.5,454.5,-7.0,931,1590,462.0
2018-01-31,656658,302722338,467.5,448.0,463.0,8.5,559,1590,450.5
2018-02-01,929196,436762556,478.0,462.0,474.0,11.0,769,1590,468.0
2018-02-02,761486,364623780,482.0,470.0,480.0,6.0,698,1590,470.0
2018-02-05,600049,283259030,477.5,463.0,473.0,-7.0,574,1590,466.0
2018-02-06,2042541,909416552,468.0,430.0,430.0,-43.0,1524,1590,460.0
2018-02-07,1662130,779021771,473.0,450.0,473.0,43.0,1298,1590,450.0
2018-02-08,1507070,727106620,492.5,466.5,488.0,15.0,1375,1590,471.0
2018-02-09,1181355,555736980,478.0,456.5,473.0,-15.0,1075,1590,469.0
2018-02-12,1671968,824419256,503.0,476.5,492.0,19.0,1385,1590,476.5
2018-02-21,1687846,846148192,508.0,495.0,502.0,10.0,1506,1590,502.0
2018-02-22,1069756,543547042,513.0,496.5,511.0,9.0,877,1590,499.5
2018-02-23,808131,413033417,520.0,507.0,510.0,-1.0,707,1590,511.0
2018-02-26,749396,390062128,524.0,515.0,522.0,12.0,630,1590,518.0
2018-02-27,1653815,885496765,542.0,530.0,535.0,13.0,1245,1590,530.0
2018-03-01,1448686,773440018,546.0,525.0,528.0,-7.0,1056,1590,535.0
2018-03-02,864901,453444223,529.0,520.0,525.0,-3.0,537,1590,520.0
2018-03-05,566745,293593950,533.0,510.0,511.0,-14.0,551,1590,533.0
2018-03-06,1778583,885728334,503.0,492.0,499.0,-12.0,1563,1590,500.0
2018-03-07,2487730,1198022180,489.5,472.5,480.5,-18.5,1760,1590,485.0
2018-03-08,1642679,793251420,491.0,478.5,480.0,-0.5,1404,1590,478.5
2018-03-09,753722,360273641,486.5,474.0,475.0,-5.0,710,1590,483.5
2018-03-12,1905738,940273471,501.0,480.5,497.5,22.5,1404,1590,484.5
2018-03-13,807213,395495518,496.0,484.5,486.0,-11.5,727,1590,489.0
2018-03-14,613070,296634170,496.0,478.0,480.5,-5.5,575,1590,487.0
2018-03-15,354325,171208450,487.0,481.0,481.5,1.0,337,1590,481.0
2018-03-16,739479,363201126,494.0,483.0,492.0,10.5,569,1590,483.0
2018-03-19,381015,187263872,498.0,487.0,487.0,-5.0,338,1590,488.0
2018-03-20,487247,234244054,486.0,476.5,480.0,-7.0,407,1590,485.0
2018-03-21,695694,341292901,497.0,483.0,493.0,13.0,648,1590,489.0
2018-03-22,887106,434629584,496.5,484.0,486.5,-6.5,490,1590,494.0
2018-03-23,819719,390040120,479.0,474.0,475.5,-11.0,666,1590,474.0
2018-03-26,354015,168757125,480.0,470.5,478.0,2.5,324,1590,475.5
2018-03-27,1135313,560547996,497.5,487.5,494.0,16.0,847,1590,490.0
2018-03-28,870838,430079458,497.5,490.0,493.5,-0.5,424,1590,493.0
2018-03-29,881721,447699815,519.0,495.5,519.0,25.5,771,1590,500.0
2018-03-30,533498,272361996,522.0,502.0,502.0,-17.0,502,1590,521.0
2018-03-31,181764,89578297,507.0,488.0,494.5,-7.5,177,1590,507.0
2018-04-02,488054,249186702,515.0,494.5,513.0,18.5,488,1590,494.5
2018-04-03,505438,258658256,519.0,500.0,511.0,-2.0,435,1590,503.0
2018-04-09,2217296,1194985024,557.0,518.0,548.0,37.0,1743,1590,520.0
2018-04-10,1887653,1077543150,581.0,556.0,565.0,17.0,1438,1590,575.0
2018-04-11,1273568,742102760,597.0,568.0,573.0,8.0,1167,1590,573.0
2018-04-12,819328,480468412,590.0,578.0,589.0,16.0,678,1590,578.0
2018-04-13,785459,461115919,591.0,579.0,587.0,-2.0,646,1590,589.0
2018-04-16,1463220,862671303,592.0,584.0,590.0,3.0,611,1590,584.0
2018-04-17,1175467,706053129,621.0,580.0,592.0,2.0,917,1590,582.0
2018-04-18,816423,488830108,609.0,593.0,597.0,5.0,716,1590,603.0
2018-04-19,1141377,650622251,599.0,560.0,562.0,-35.0,1098,1590,598.0
2018-04-20,808780,448040780,568.0,547.0,551.0,-11.0,775,1590,554.0
2018-04-23,1142702,607990464,562.0,517.0,532.0,-19.0,1023,1590,553.0
2018-04-24,864937,450528114,538.0,515.0,519.0,-13.0,732,1590,538.0
2018-04-25,947080,491998600,534.0,512.0,515.0,-4.0,887,1590,513.0
2018-04-26,588020,306952420,529.0,515.0,520.0,5.0,538,1590,520.0
2018-04-27,572452,300987340,535.0,517.0,530.0,10.0,548,1590,525.0
2018-04-30,544233,284176053,539.0,515.0,516.0,-14.0,486,1590,536.0
2018-05-02,818288,410542272,522.0,492.0,493.0,-23.0,782,1590,519.0
2018-05-03,622009,308039045,507.0,488.0,488.0,-5.0,581,1590,490.0
2018-05-04,1765940,855131100,493.5,477.0,490.0,2.0,1521,1590,485.0
2018-05-07,1658719,828257376,513.0,481.5,500.0,10.0,1471,1590,489.0
2018-05-08,1659093,808658570,505.0,479.0,485.0,-15.0,1347,1590,501.0
2018-05-09,730952,363585521,505.0,485.0,503.0,18.0,670,1590,485.0
2018-05-10,791445,407750955,523.0,503.0,520.0,17.0,702,1590,510.0
2018-05-11,1259244,663597880,544.0,509.0,513.0,-7.0,1143,1590,525.0
2018-05-14,1075826,583640300,554.0,520.0,553.0,40.0,975,1590,522.0
2018-05-15,1061335,578410555,563.0,531.0,533.0,-20.0,897,1590,562.0
2018-05-16,1000914,528486764,548.0,518.0,529.0,-4.0,910,1590,531.0
2018-05-17,394096,207091880,539.0,519.0,519.0,-10.0,375,1590,531.0
2018-05-18,578298,297071470,524.0,507.0,511.0,-8.0,546,1590,516.0
2018-05-21,567150,296773500,529.0,514.0,528.0,17.0,485,1590,518.0
2018-05-22,428132,227372356,539.0,523.0,533.0,5.0,405,1590,533.0
2018-05-23,419530,223236720,546.0,523.0,524.0,-9.0,382,1590,535.0
2018-05-24,793915,407292395,524.0,508.0,509.0,-15.0,671,1590,514.0
2018-05-25,629006,320782168,516.0,506.0,509.0,0.0,502,1590,510.0
2018-05-28,465595,238715822,519.0,508.0,512.0,3.0,346,1590,510.0
2018-05-29,626424,328303600,530.0,514.0,529.0,17.0,572,1590,518.0
2018-05-30,971047,493572970,525.0,500.0,502.0,-27.0,841,1590,525.0
2018-05-31,1598543,818768473,520.0,499.0,515.0,13.0,841,1590,510.0
2018-06-01,2992205,1412429745,525.0,506.0,525.0,10.0,424,1590,514.0
2018-06-04,819218,439892938,543.0,525.0,541.0,16.0,707,1590,525.0
2018-06-05,564183,298968807,542.0,524.0,524.0,-17.0,461,1590,535.0
2018-06-06,1711537,967066312,576.0,540.0,576.0,52.0,1372,1590,540.0
2018-06-07,974677,557770505,598.0,559.0,565.0,-11.0,873,1590,593.0
2018-06-08,813357,454481778,568.0,553.0,555.0,-10.0,480,1590,565.0
2018-06-11,834448,455798744,559.0,536.0,555.0,0.0,773,1590,555.0
2018-06-12,487923,268803189,562.0,544.0,547.0,-8.0,404,1590,562.0
2018-06-13,958131,500308775,541.0,510.0,525.0,-22.0,868,1590,541.0
2018-06-14,1123746,572915730,522.0,501.0,503.0,-22.0,1017,1590,520.0
2018-06-15,1600430,780379550,495.5,481.0,481.0,-22.0,1330,1590,490.0
2018-06-19,1568277,743748646,491.5,463.0,463.0,-18.0,1256,1590,489.0
2018-06-20,1819935,812110965,468.0,436.0,438.0,-25.0,1638,1590,465.0
2018-06-21,2489260,1087897508,448.0,430.0,436.0,-2.0,1806,1590,440.0
2018-06-22,1325873,555302287,433.0,408.0,415.0,-21.0,1191,1590,433.0
2018-06-25,1556062,682868156,450.0,420.5,440.0,25.0,1420,1590,422.5
2018-06-26,1004667,439065142,446.5,427.5,436.5,-3.5,915,1590,434.0
2018-06-27,1164284,519380300,458.0,438.0,438.0,1.5,1010,1590,438.0
2018-06-28,945172,404319256,436.0,422.5,422.5,-15.5,843,1590,429.0
2018-06-29,1756154,730114758,433.5,402.5,433.5,11.0,1509,1590,420.0
2018-07-02,1567109,642496600,433.5,400.0,400.0,-33.5,1444,1590,433.5
2018-07-03,2154728,826877816,410.0,369.0,371.0,-29.0,1917,1590,400.0
2018-07-04,2847878,1104157424,403.0,374.0,376.5,5.5,2286,1590,382.0
2018-07-05,2751747,969831415,375.5,342.0,342.0,-34.5,2290,1590,375.0
2018-07-06,2789166,966891809,358.5,328.5,352.5,10.5,2345,1590,350.0
2018-07-09,1466557,515607235,358.5,343.0,353.5,1.0,1291,1590,358.5
2018-07-10,2440305,892725070,374.5,352.5,374.0,20.5,2264,1590,355.0
2018-07-11,1755680,615896960,365.0,341.0,342.0,-32.0,1639,1590,364.0
2018-07-12,2774319,966571236,362.0,341.5,344.0,2.0,2530,1590,343.0
2018-07-13,2892858,1017766016,357.5,343.0,352.5,8.5,2442,1590,346.5
2018-07-16,2753940,995254640,375.0,350.0,351.5,-1.0,2475,1590,356.5
2018-07-17,2567114,857541870,356.0,324.0,325.0,-26.5,2202,1590,352.5
2018-07-18,1959775,661690787,344.0,329.0,336.5,11.5,1722,1590,333.0
2018-07-19,2929740,954954880,345.0,317.5,322.5,-14.0,2463,1590,337.0
2018-07-20,2822953,901969648,332.0,313.0,315.5,-7.0,2470,1590,320.0
2018-07-23,1712331,547521474,323.0,316.5,322.0,6.5,1269,1590,318.5
2018-07-24,2550394,802724922,323.0,308.5,316.0,-6.0,1990,1590,321.0
2018-07-25,2754132,902352840,335.0,317.5,332.0,16.0,2205,1590,317.5
2018-07-26,3286126,1130899444,348.5,337.5,347.0,15.0,2600,1590,338.0
2018-07-27,1847172,630898324,346.0,338.0,344.5,-2.5,1571,1590,342.5
2018-07-30,2824456,944568200,349.0,329.5,330.0,-14.5,2026,1590,345.0
2018-07-31,986042,325987696,334.0,325.5,333.5,3.5,866,1590,334.0
2018-08-01,2188807,756568801,356.0,335.5,344.5,11.0,1972,1590,339.5
2018-08-02,1923221,632764267,340.0,323.0,325.0,-19.5,1707,1590,340.0
2018-08-03,837326,274929102,332.5,324.0,328.0,3.0,751,1590,329.5
2018-08-06,3540571,1088290439,325.0,303.0,308.5,-19.5,3006,1590,325.0
2018-08-07,2515740,768604960,312.0,299.0,304.0,-4.5,2027,1590,309.0
2018-08-08,2437992,735609092,309.5,298.0,298.0,-6.0,1844,1590,307.0
2018-08-09,2371857,687973530,299.5,286.0,286.0,-12.0,1888,1590,298.0
2018-08-10,2881843,830496883,295.0,280.0,280.0,-6.0,2349,1590,288.0
2018-08-13,2386259,677167459,291.0,275.0,289.0,9.0,2003,1590,275.0
2018-08-14,2208065,622813610,294.0,275.0,293.5,4.5,1907,1590,286.0
2018-08-15,1041844,297901040,293.0,280.5,280.5,-13.0,919,1590,291.0
2018-08-16,971565,276693655,289.0,276.5,284.0,3.5,853,1590,278.5
2018-08-17,1401321,405997485,297.0,283.5,285.5,1.5,1230,1590,287.0
2018-08-20,863909,241250020,289.0,275.5,276.5,-9.0,754,1590,287.0
2018-08-21,1430095,406000765,287.5,278.5,287.0,10.5,1283,1590,280.0
2018-08-22,1005070,288486590,292.5,283.0,283.0,-4.0,907,1590,289.5
2018-08-23,1206771,351286090,295.0,284.5,292.0,9.0,1123,1590,286.5
2018-08-24,1256864,353301784,290.5,277.0,278.0,-14.0,1094,1590,290.0
2018-08-27,620603,177359958,290.0,280.0,286.0,8.0,571,1590,283.0
2018-08-28,2275451,684514555,310.5,289.5,302.0,16.0,1916,1590,293.0
2018-08-29,1328740,404573562,310.0,298.5,305.5,3.5,1153,1590,308.0
2018-08-30,819700,245897900,302.5,298.0,298.5,0.0,715,1590,301.0
2018-08-31,621686,182867684,298.0,292.0,295.0,-3.5,487,1590,298.0
2018-09-03,1018047,289653059,298.0,276.0,280.0,-15.0,900,1590,296.5
2018-09-04,688372,195899636,288.0,280.0,286.5,6.5,642,1590,280.0
2018-09-05,1724149,481028667,288.0,274.5,275.0,-11.5,1442,1590,284.0
2018-09-06,1047100,284023800,277.0,268.0,269.5,-5.5,935,1590,276.0
2018-09-07,1440331,375450551,266.5,256.5,260.0,-9.5,1237,1590,265.0
2018-09-10,739074,192466610,264.0,255.0,261.0,1.0,684,1590,263.0
2018-09-11,997779,259783330,266.5,252.5,265.5,4.5,869,1590,262.0
2018-09-12,1729057,428556623,265.5,239.0,239.0,-26.5,1502,1590,265.5
2018-09-13,1603782,401397500,256.0,244.0,248.0,9.0,1444,1590,244.0
2018-09-14,2287147,605880553,272.5,258.0,272.5,24.5,1558,1590,262.0
2018-09-17,4188739,1196072453,294.5,275.0,289.0,16.5,3246,1590,278.5
2018-09-18,4173287,1216384600,303.5,277.0,300.0,11.0,3594,1590,280.5
2018-09-19,2259739,677426700,305.5,295.0,298.5,-1.5,2061,1590,298.0
2018-09-20,3762018,1175257115,324.0,299.0,312.5,14.0,3406,1590,301.5
2018-09-21,4721052,1562980849,343.5,309.5,343.5,31.0,3534,1590,309.5
2018-09-25,4448694,1418956285,329.0,309.5,309.5,-34.0,3782,1590,321.0
2018-09-26,2995483,918132247,313.0,298.5,310.5,1.0,2397,1590,298.5
2018-09-27,2933586,871142628,305.0,289.0,297.0,-13.5,2579,1590,302.0
2018-09-28,1763415,529031915,307.0,293.5,299.0,2.0,1609,1590,303.5
2018-10-01,1622532,488134004,307.0,294.5,296.5,-2.5,1434,1590,299.0
2018-10-02,1032178,309220900,303.0,296.5,296.5,0.0,946,1590,299.0
2018-10-03,2034535,595498115,301.0,284.0,286.0,-10.5,1812,1590,295.0
2018-10-04,2131730,584490770,286.0,262.5,267.0,-19.0,1899,1590,281.0
2018-10-05,3093675,786456928,264.0,242.5,254.0,-13.0,2733,1590,264.0
2018-10-08,2266571,564848818,260.5,240.0,254.0,0.0,2046,1590,254.0
2018-10-09,3034898,746552418,259.0,238.5,240.5,-13.5,2651,1590,255.0
2018-10-11,2878304,647410636,235.5,216.5,233.5,-7.0,2385,1590,216.5
2018-10-12,2988793,738299336,256.5,233.5,250.0,16.5,2417,1590,235.0
2018-10-15,2155645,537762975,254.0,240.0,252.0,2.0,1624,1590,243.5
2018-10-16,2691145,692869250,264.5,249.0,251.0,-1.0,1903,1590,250.0
2018-10-17,1811407,473918727,268.5,256.0,262.0,11.0,1714,1590,260.0
2018-10-18,1528389,395122528,268.5,251.0,252.0,-10.0,1427,1590,268.5
2018-10-19,2119255,540079169,267.0,240.0,266.0,14.0,1713,1590,243.5
2018-10-22,3154100,873128000,285.5,260.5,285.0,19.0,2714,1590,260.5
2018-10-23,1838194,506018586,284.5,264.0,266.0,-19.0,1690,1590,280.0
2018-10-24,2413484,637159081,275.0,255.5,259.5,-6.5,2204,1590,267.0
2018-10-25,1980329,491968040,262.0,240.5,262.0,2.5,1699,1590,242.0
2018-10-26,3309766,817392954,262.0,238.0,239.0,-23.0,2884,1590,261.5
2018-10-29,2672012,650039488,251.0,231.0,251.0,12.0,2374,1590,239.0
2018-10-30,2057290,491359970,246.5,233.5,242.5,-8.5,1863,1590,235.0
2018-10-31,2439099,634207878,266.5,246.5,266.5,24.0,2192,1590,248.0
2018-11-01,3235603,929846179,293.0,267.0,293.0,26.5,2599,1590,267.0
2018-11-02,3121708,966927480,317.0,299.5,308.0,15.0,2695,1590,303.0
2018-11-05,1661172,508152304,312.0,299.0,307.0,-1.0,1449,1590,307.5
2018-11-06,1230172,375337412,314.5,296.5,297.5,-9.5,1159,1590,314.0
2018-11-07,2058195,624323986,307.0,295.5,303.5,6.0,1532,1590,299.5
2018-11-08,2708106,790819655,312.5,280.5,280.5,-23.0,2488,1590,311.0
2018-11-09,2599878,692947182,275.0,260.0,261.0,-19.5,2415,1590,274.0
2018-11-12,2810688,774139768,287.0,261.0,287.0,26.0,2470,1590,261.5
2018-11-13,5401230,1525167430,296.5,262.5,289.0,2.0,4852,1590,269.5
2018-11-14,3193741,946934928,303.0,289.0,300.0,11.0,2848,1590,289.0
2018-11-15,5532841,1699379490,318.0,291.0,292.5,-7.5,4958,1590,300.0
2018-11-16,3716817,1076656299,300.0,281.5,282.5,-10.0,3333,1590,296.5
2018-11-19,3385758,997720642,302.0,282.5,299.5,17.0,2994,1590,286.0
2018-11-20,2920697,849921827,297.5,283.0,286.5,-13.0,2639,1590,295.0
2018-11-21,2663415,781944670,299.5,282.5,298.5,12.0,2328,1590,286.0
2018-11-22,3210500,960500500,312.0,287.0,295.0,-3.5,2916,1590,300.5
2018-11-23,1952113,568299061,300.0,287.0,288.0,-7.0,1758,1590,298.0
2018-11-26,1993408,591194900,300.5,291.0,300.0,12.0,1770,1590,294.0
2018-11-27,2877033,865660546,306.0,293.5,305.0,5.0,2601,1590,297.0
2018-11-28,4685123,1501613777,333.0,308.0,329.0,24.0,4046,1590,310.0
2018-11-29,3712836,1231463250,341.5,325.0,325.5,-3.5,3081,1590,339.0
2018-11-30,1651607,536592668,331.0,321.5,324.0,-1.5,1369,1590,327.0
2018-12-03,3432987,1204683122,356.0,338.0,356.0,32.0,2288,1590,338.0
2018-12-04,5146453,1868712445,380.0,346.0,356.0,0.0,4457,1590,379.0
2018-12-05,2478585,844438031,350.5,333.0,335.5,-20.5,2197,1590,333.0
2018-12-06,3196750,1071557372,342.0,328.0,331.5,-4.0,2775,1590,339.0
2018-12-07,3338378,1098895960,344.0,319.0,319.0,-12.5,2937,1590,336.0
2018-12-10,3640361,1187530085,333.0,314.0,330.0,11.0,3143,1590,314.0
2018-12-11,2003655,658269770,335.0,320.0,335.0,5.0,1757,1590,327.0
2018-12-12,3435673,1150686685,345.0,328.5,330.5,-4.5,2988,1590,337.0
2018-12-13,3123923,1069275473,353.0,332.0,353.0,22.5,2659,1590,337.0
2018-12-14,2157580,747387840,353.0,342.0,349.0,-4.0,1811,1590,353.0
2018-12-17,1898342,661005648,357.0,340.5,340.5,-8.5,1706,1590,347.0
2018-12-18,2766204,966220900,354.0,339.0,350.5,10.0,2402,1590,343.0
2018-12-19,3676953,1226372007,350.0,319.0,319.5,-31.0,3268,1590,346.0
2018-12-20,2791670,871465360,324.5,306.5,308.0,-11.5,2402,1590,322.0
2018-12-21,2871935,869926870,313.0,297.0,300.0,-8.0,2146,1590,309.5
2018-12-22,918410,274281090,303.5,295.0,295.0,-5.0,839,1590,302.0
2018-12-24,1756557,534867389,310.0,294.0,310.0,15.0,1548,1590,296.0
2018-12-25,990460,299372260,306.0,297.5,305.0,-5.0,917,1590,301.0
2018-12-26,1220085,371067830,314.5,295.5,295.5,-9.5,1104,1590,309.0
2018-12-27,1115757,343608413,312.0,303.5,310.0,14.5,1015,1590,307.0
2018-12-28,1357582,412234306,312.5,300.5,300.5,-9.5,1162,1590,310.0
2019-01-02,795445,240106500,306.0,299.0,300.0,-0.5,723,1590,306.0
2019-01-03,1719139,502273005,296.5,288.0,292.0,-8.0,1540,1590,295.0
2019-01-04,1789233,506245070,291.0,276.0,287.5,-4.5,1631,1590,286.0
2019-01-07,1191458,360100774,309.0,293.0,304.5,17.0,1113,1590,297.0
2019-01-08,1579278,466224788,304.0,291.0,292.0,-12.5,1390,1590,304.0
2019-01-09,3417082,1071599076,321.0,296.0,321.0,29.0,2377,1590,296.5
2019-01-10,3846006,1254207390,339.5,315.0,315.0,-6.0,3430,1590,321.0
2019-01-11,3800156,1262810303,343.0,321.5,340.0,25.0,3275,1590,324.0
2019-01-14,1966947,645309063,339.0,322.0,323.0,-17.0,1679,1590,338.0
2019-01-15,2840998,959053820,343.0,328.0,340.5,17.5,2459,1590,329.0
2019-01-16,2946742,1006805374,349.5,332.5,344.0,3.5,2573,1590,340.5
2019-01-17,4764272,1676766244,359.0,345.0,353.0,9.0,4133,1590,348.0
2019-01-18,4868521,1763485511,367.5,355.0,362.0,9.0,3143,1590,355.0
2019-01-21,2447629,870351704,369.0,348.0,348.5,-13.5,2135,1590,363.0
2019-01-22,2113040,731163500,353.0,340.0,350.0,1.5,1777,1590,353.0
2019-01-23,1568205,537088110,347.0,339.0,340.5,-9.5,1362,1590,343.0
2019-01-24,1605216,548477872,348.5,336.5,339.5,-1.0,1447,1590,344.5
2019-01-25,1732535,601228409,350.5,342.5,348.0,8.5,1530,1590,345.0
2019-01-28,5859782,2180682096,381.0,351.0,380.0,32.0,4653,1590,353.0
2019-01-29,2388650,871749773,372.0,361.0,361.0,-19.0,2130,1590,370.0
2019-01-30,2702177,976453804,372.5,352.0,352.0,-9.0,2402,1590,361.0
2019-02-11,4953468,1887792176,387.0,363.0,384.5,32.5,3258,1590,369.5
2019-02-12,2918581,1117534442,389.5,377.0,384.0,-0.5,2332,1590,382.0
2019-02-13,1673420,639361200,387.0,379.0,386.0,2.0,1426,1590,385.0
2019-02-14,2794195,1021549785,373.0,360.0,362.0,-24.0,2472,1590,366.0
2019-02-15,2184378,807175348,375.0,363.0,366.0,4.0,1803,1590,368.5
2019-02-18,1655699,621327873,379.5,370.5,373.5,7.5,1472,1590,373.0
2019-02-19,1312085,494234745,382.0,373.0,374.0,0.5,1195,1590,376.0
2019-02-20,938139,353311125,381.0,374.0,375.0,1.0,862,1590,377.5
2019-02-21,1706608,645488040,383.0,371.0,381.0,6.0,1519,1590,379.0
2019-02-22,1508324,568378159,381.5,372.0,377.0,-4.0,1225,1590,378.5
2019-02-25,961596,363990192,384.0,375.5,378.0,1.0,819,1590,384.0
2019-02-26,3458639,1382370459,414.5,379.0,380.5,2.5,3096,1590,385.0
2019-02-27,1529883,586574806,391.0,377.0,383.0,2.5,1400,1590,385.0
2019-03-04,2476638,982407739,407.0,386.5,398.5,15.5,2283,1590,390.0
2019-03-05,1103246,432233553,395.5,390.0,392.5,-6.0,1026,1590,391.5
2019-03-06,1053719,419438500,402.0,394.0,402.0,9.5,893,1590,395.0
2019-03-07,1636045,647490685,406.0,390.0,395.0,-7.0,1457,1590,402.5
2019-03-08,2206922,827149138,387.0,370.0,371.5,-23.5,1804,1590,381.0
2019-03-11,2083412,748356144,367.0,355.0,358.0,-13.5,1892,1590,367.0
2019-03-12,1512344,556010776,372.5,363.0,364.0,6.0,1382,1590,366.0
2019-03-13,584518,214812196,370.5,365.0,367.0,3.0,539,1590,368.5
2019-03-14,386110,142604590,373.0,365.5,367.5,0.5,354,1590,372.0
2019-03-15,1132203,426384129,382.5,365.0,377.5,10.0,1003,1590,368.5
2019-03-18,570532,216645532,388.0,374.0,375.0,-2.5,537,1590,384.5
2019-03-19,495285,186899230,380.0,374.5,378.5,3.5,436,1590,378.0
2019-03-20,719247,269608257,380.0,370.0,370.0,-8.5,664,1590,377.0
2019-03-21,383685,143932586,377.0,371.0,377.0,7.0,361,1590,372.5
2019-03-22,1037486,401178766,394.0,375.5,393.0,16.0,939,1590,383.0
2019-03-25,585018,224122876,386.0,380.0,382.5,-10.5,529,1590,383.0
2019-03-26,466710,173347850,389.0,384.5,387.0,4.5,298,1590,385.0
2019-03-27,2793120,1131455940,420.0,385.0,410.0,23.0,2351,1590,386.0
2019-03-28,884643,359810915,415.0,401.0,405.0,-5.0,822,1590,408.0
2019-03-29,806102,321931644,409.0,395.5,399.0,-6.0,747,1590,405.0
2019-04-01,2764224,1166127685,429.0,405.5,422.0,23.0,2341,1590,405.5
2019-04-02,3473627,1528536135,457.0,421.0,426.0,4.0,2910,1590,426.0
2019-04-03,1434964,622781376,443.5,428.0,434.0,8.0,1290,1590,438.0
2019-04-08,1854496,816708796,455.0,421.0,427.0,-7.0,1741,1590,445.0
2019-04-09,1552180,648565960,430.0,413.0,420.0,-7.0,1371,1590,429.5
2019-04-10,897080,382831660,432.0,418.0,428.0,8.0,815,1590,420.0
2019-04-11,1055441,443691692,434.0,411.0,411.0,-17.0,987,1590,431.0
2019-04-12,1086505,442538555,416.5,403.0,406.0,-5.0,1001,1590,415.0
2019-04-15,1452292,603702348,421.0,408.5,421.0,15.0,1345,1590,413.0
2019-04-16,1494800,610087000,423.0,400.5,400.5,-20.5,1307,1590,422.0
2019-04-17,2510030,1023654160,411.0,404.0,404.5,4.0,693,1590,405.0
2019-04-18,1178748,477128330,410.0,395.5,398.0,-6.5,683,1590,410.0
2019-04-19,627620,254032580,408.0,398.5,406.0,8.0,544,1590,404.5
2019-04-22,446421,181166742,410.5,401.0,401.0,-5.0,441,1590,410.0
2019-04-23,2588097,1087661770,427.0,398.0,427.0,26.0,2099,1590,405.0
2019-04-24,2218123,950975164,438.0,419.5,419.5,-7.5,1871,1590,425.0
2019-04-25,1789821,770643814,437.0,418.0,437.0,17.5,1631,1590,423.5
2019-04-26,1475610,642173070,439.0,427.0,437.0,0.0,1307,1590,431.0
2019-04-29,2269736,962792620,446.5,414.0,414.0,-23.0,1931,1590,441.0
2019-04-30,2388320,987448300,422.5,402.5,412.0,-2.0,2082,1590,415.0
2019-05-02,2148136,890094532,425.0,407.5,412.0,0.0,1931,1590,415.0
2019-05-03,1261047,523210620,421.5,408.0,419.0,7.0,1166,1590,416.0
2019-05-06,3339017,1310742684,399.5,385.5,390.5,-28.5,3026,1590,397.5
2019-05-07,1910409,757467074,403.0,386.0,397.5,7.0,1666,1590,393.5
2019-05-08,1483607,590227014,408.0,386.0,397.0,-0.5,1304,1590,389.0
2019-05-09,2674397,1034581345,403.5,376.0,381.5,-15.5,1824,1590,397.0
2019-05-10,1619642,613217960,391.0,368.5,376.0,-5.5,1475,1590,387.0
2019-05-13,2186830,782763741,378.0,351.0,351.0,-25.0,2023,1590,369.5
2019-05-14,3282787,1120596663,351.0,326.0,345.0,-6.0,2962,1590,341.0
2019-05-15,1667087,587787950,360.0,347.0,349.5,4.5,1492,1590,350.0
2019-05-16,1700902,578517118,353.0,333.5,333.5,-16.0,1581,1590,349.5
2019-05-17,1462794,484111520,343.0,323.0,328.5,-5.0,1310,1590,338.0
2019-05-20,1925613,615282434,333.0,313.5,317.0,-11.5,1789,1590,333.0
2019-05-21,2215409,724130308,335.5,312.5,335.5,18.5,2030,1590,313.0
2019-05-22,1433847,480445245,345.0,330.0,331.5,-4.0,1276,1590,336.5
2019-05-23,2250590,715900620,327.0,312.5,319.5,-12.0,2023,1590,325.0
2019-05-24,1931080,611199360,324.5,312.0,315.0,-4.5,1700,1590,321.5
2019-05-27,1419497,452466531,323.5,313.5,320.0,5.0,1278,1590,318.5
2019-05-28,2304151,730871417,323.0,312.0,319.5,-0.5,1456,1590,323.0
2019-05-29,862092,275254848,322.5,314.0,321.0,1.5,779,1590,314.5
2019-05-30,1507357,483072203,328.0,315.5,315.5,-5.5,1335,1590,319.0
2019-05-31,1348050,433522700,326.0,316.5,326.0,10.5,1216,1590,318.0
2019-06-03,1135206,360817214,323.5,314.0,316.5,-9.5,981,1590,322.0
2019-06-04,2956521,903821884,319.5,300.0,300.0,-16.5,2596,1590,319.0
2019-06-05,4264355,1346157501,324.5,304.5,315.0,15.0,3698,1590,307.0
2019-06-06,1755170,538252200,316.0,302.5,306.0,-9.0,1490,1590,312.0
2019-06-10,1676671,530009870,320.0,312.0,318.0,12.0,957,1590,312.0
2019-06-11,1221222,392738650,324.5,313.5,323.5,5.5,1064,1590,318.0
2019-06-12,1261514,399678536,322.0,312.5,316.5,-7.0,1143,1590,321.5
2019-06-13,1585483,495987645,321.5,308.0,309.5,-7.0,1317,1590,313.5
2019-06-14,1953268,601301544,316.5,302.5,302.5,-7.0,1764,1590,309.5
2019-06-17,1714760,528997780,313.0,302.5,311.0,8.5,1525,1590,302.5
2019-06-18,1556308,476070899,313.0,303.0,304.0,-7.0,1321,1590,311.0
2019-06-19,5423182,1761777538,334.0,317.5,334.0,30.0,3795,1590,318.0
2019-06-20,5621692,1955897816,353.0,338.0,350.0,16.0,3473,1590,338.0
2019-06-21,2366497,831874938,356.0,346.0,353.0,3.0,1921,1590,350.0
2019-06-24,3425067,1144052543,347.5,323.5,326.0,-27.0,2927,1590,345.0
2019-06-25,2253533,731826858,329.5,319.0,319.0,-7.0,1931,1590,327.0
2019-06-26,1670850,545801575,333.0,320.0,328.5,9.5,1487,1590,321.0
2019-06-27,3082175,1028930470,341.5,330.5,333.0,4.5,2145,1590,334.0
2019-06-28,1970701,671620890,348.0,332.0,348.0,15.0,1677,1590,335.0
2019-07-01,3747962,1388803826,378.0,359.0,375.0,27.0,3018,1590,361.5
2019-07-02,2610018,973993678,377.5,369.5,371.5,-3.5,2059,1590,377.0
2019-07-03,2224929,794839795,370.0,350.5,355.0,-16.5,1919,1590,369.0
2019-07-04,1548957,553719255,364.0,353.0,354.0,-1.0,1318,1590,363.0
2019-07-05,1042318,368070162,356.5,349.0,355.5,1.5,972,1590,356.5
2019-07-08,1593235,558606895,358.0,344.5,350.5,-5.0,1423,1590,353.5
2019-07-09,1229528,423077280,352.0,340.5,343.5,-7.0,1050,1590,350.0
2019-07-10,1001860,344565980,349.0,339.5,342.5,-1.0,927,1590,347.0
2019-07-11,1081170,372110725,349.5,339.0,339.0,-3.5,932,1590,347.5
2019-07-12,2549603,860237111,344.5,331.0,336.5,-2.5,2055,1590,342.0
2019-07-15,2274529,780099995,346.5,339.5,343.0,6.5,1652,1590,341.5
2019-07-16,2688104,916171380,346.5,337.0,337.0,-6.0,1658,1590,345.0
2019-07-17,1037441,347410881,337.5,332.0,336.0,-1.0,909,1590,337.0
2019-07-18,881761,292956935,336.0,330.0,330.0,-6.0,775,1590,336.0
2019-07-19,1379692,464594916,340.0,333.5,333.5,3.5,1137,1590,334.0
2019-07-22,906363,305343557,339.0,334.0,336.5,3.0,798,1590,334.0
2019-07-23,1553137,529232991,343.0,337.0,339.0,2.5,1344,1590,339.5
2019-07-24,3492722,1216206978,353.5,343.0,347.0,8.0,2995,1590,343.0
2019-07-25,1577334,541933564,349.5,341.0,341.5,-5.5,1386,1590,349.5
2019-07-26,2755165,950365425,351.0,340.0,342.0,0.5,2265,1590,345.0
2019-07-29,1188325,403423000,345.5,336.0,338.0,-4.0,1015,1590,343.5
2019-07-30,1126138,378593797,343.0,333.0,333.0,-5.0,1029,1590,339.5
2019-07-31,1811344,588910277,336.5,321.5,323.5,-9.5,1666,1590,333.0
2019-08-01,1438155,469903950,331.0,322.0,327.5,4.0,1120,1590,325.0
2019-08-02,2410544,754655684,318.0,309.5,309.5,-18.0,1935,1590,311.0
2019-08-05,2763581,838593624,313.0,300.0,300.0,-9.5,2080,1590,306.0
2019-08-06,4488667,1294558932,302.0,277.5,294.0,-6.0,3374,1590,277.5
2019-08-07,1929364,577378200,304.0,292.5,302.0,8.0,1703,1590,300.0
2019-08-08,2157446,651398354,306.5,297.0,300.5,-1.5,1783,1590,302.0
2019-08-12,873443,266064001,308.5,299.0,308.0,7.5,742,1590,300.5
2019-08-13,882409,266322902,305.0,299.0,300.5,-7.5,768,1590,303.5
2019-08-14,3193619,1019650199,325.0,311.0,322.5,22.0,2676,1590,315.0
2019-08-15,2343160,759029660,330.0,313.5,326.0,3.5,2015,1590,316.5
2019-08-16,1430180,469989860,331.5,323.5,329.0,3.0,1220,1590,329.0
2019-08-19,1037350,338749100,331.0,323.0,325.0,-4.0,953,1590,331.0
2019-08-20,2479897,832402201,344.0,325.5,332.0,7.0,2162,1590,327.0
2019-08-21,717770,241003329,339.0,332.5,337.0,5.0,684,1590,333.0
2019-08-22,1290631,432736566,341.0,333.5,333.5,-3.5,1020,1590,339.0
2019-08-23,928370,311289970,340.0,332.5,332.5,-1.0,838,1590,334.5
2019-08-26,2905746,902592006,318.5,304.5,308.0,-24.5,2554,1590,318.0
2019-08-27,1811373,573250495,321.0,311.0,317.0,9.0,1422,1590,311.0
2019-08-28,622029,198549706,321.5,315.0,319.5,2.5,577,1590,317.0
2019-08-29,970522,310117974,321.5,316.5,318.5,-1.0,744,1590,318.5
2019-08-30,1885275,618403186,337.5,321.5,323.5,5.0,1521,1590,325.0
2019-09-02,729667,239126606,331.0,324.5,327.5,4.0,612,1590,327.0
2019-09-03,1042728,333333020,325.5,316.0,317.0,0.0,897,1590,323.0
2019-09-04,1194688,380086596,323.0,314.0,315.0,-2.0,981,1590,319.0
2019-09-05,2295564,747861556,331.0,319.0,329.0,14.0,1955,1590,319.5
2019-09-06,1141250,376383500,332.0,327.0,330.0,1.0,1034,1590,328.0
2019-09-09,1454340,469918180,330.0,320.0,325.5,-4.5,1267,1590,330.0
2019-09-10,3709032,1258611348,343.0,332.5,340.0,14.5,2900,1590,336.0
2019-09-11,9483578,3452566360,374.0,344.5,372.0,32.0,6762,1590,347.0
2019-09-12,4382772,1604379096,375.0,359.0,368.5,-3.5,3475,1590,375.0
2019-09-16,1923302,704384418,370.5,361.0,369.0,0.5,1520,1590,370.5
2019-09-17,2946487,1094467677,376.5,366.0,371.0,2.0,2529,1590,368.0
2019-09-18,1132894,421956568,375.5,369.0,372.0,1.0,1005,1590,371.0
2019-09-19,2275505,840280825,379.0,363.5,365.0,-7.0,1807,1590,373.0
2019-09-20,1448083,529735212,371.5,361.5,365.5,0.5,1073,1590,365.0
2019-09-23,2918811,1115235613,386.5,374.5,383.0,17.5,2541,1590,378.0
2019-09-24,2179370,842368320,390.0,383.5,386.5,3.5,1822,1590,384.5
2019-09-25,1149513,437237440,384.0,378.0,382.5,-4.0,1080,1590,382.0
2019-09-26,1272558,489457199,389.0,380.0,380.5,-2.0,1082,1590,383.5
2019-09-27,1333946,497561412,382.5,369.5,369.5,-11.0,1171,1590,381.5
2019-10-01,1314383,487792859,375.0,363.0,374.5,5.0,1138,1590,371.0
2019-10-02,922570,340968970,372.5,365.0,370.0,-4.5,750,1590,368.5
2019-10-03,1835320,678120400,374.5,365.0,371.5,1.5,892,1590,365.0
2019-10-04,1136620,426241900,379.0,370.5,371.5,0.0,982,1590,376.0
2019-10-07,1205415,444763749,375.0,363.0,375.0,3.5,931,1590,370.0
2019-10-08,1878556,704653888,386.5,368.5,370.0,-5.0,1628,1590,382.0
2019-10-09,1464022,549270760,378.0,370.5,377.0,7.0,1220,1590,374.0
2019-10-14,3638590,1489598549,414.5,400.0,414.5,37.5,2340,1590,400.0
2019-10-15,4146439,1732713441,421.0,410.0,420.5,6.0,2943,1590,414.5
2019-10-16,2658461,1137273847,432.0,422.0,428.5,8.0,2276,1590,427.5
2019-10-17,1255210,532110410,430.0,418.0,421.0,-7.5,1153,1590,430.0
2019-10-18,1843692,783848792,428.0,421.0,426.5,5.5,706,1590,423.5
2019-10-21,1575982,651158572,427.0,408.5,410.0,-16.5,1323,1590,427.0
2019-10-22,1265056,517961016,415.0,406.0,409.0,-1.0,1058,1590,415.0
2019-10-23,1262073,513876930,412.0,401.5,410.0,1.0,985,1590,408.0
2019-10-24,1439669,590756616,414.5,406.5,409.5,-0.5,897,1590,412.0
2019-10-25,782650,326255721,420.5,412.0,416.5,7.0,704,1590,412.5
2019-10-28,1148886,484441664,425.0,417.0,423.0,6.5,1079,1590,419.0
2019-10-29,1434702,603704830,430.5,413.0,416.0,-7.0,1264,1590,426.0
2019-10-30,629520,261836800,419.5,410.5,416.0,0.0,578,1590,416.0
2019-10-31,705297,295060349,420.5,416.0,417.5,1.5,644,1590,418.0
2019-11-01,4320687,1889393341,446.0,415.5,444.0,26.5,3673,1590,417.5
2019-11-04,2886205,1240110158,450.0,420.5,428.5,-15.5,2543,1590,450.0
2019-11-05,1300189,566172160,440.5,427.0,440.0,11.5,1107,1590,429.5
2019-11-06,859162,373756414,439.0,430.0,437.0,-3.0,818,1590,439.0
2019-11-07,930298,407537362,445.5,429.0,444.0,7.0,843,1590,436.0
2019-11-08,1241259,547542719,450.0,433.5,437.5,-6.5,1062,1590,446.0
2019-11-11,1633601,730852844,454.5,442.5,444.5,7.0,1395,1590,446.0
2019-11-12,740488,329375903,449.0,442.0,447.0,2.5,681,1590,449.0
2019-11-13,689934,302788998,444.0,435.0,437.5,-9.5,622,1590,442.0
2019-11-14,528610,233846424,445.0,435.5,445.0,7.5,471,1590,444.0
2019-11-15,427455,190750655,449.5,440.5,448.0,3.0,395,1590,445.5
2019-11-18,663300,291862700,449.0,434.0,436.5,-11.5,548,1590,447.5
2019-11-19,699603,308356030,444.5,436.0,444.5,8.0,616,1590,440.0
2019-11-20,783520,339481680,443.5,428.0,434.0,-10.5,728,1590,441.5
2019-11-21,1764944,737929032,422.5,410.5,419.5,-14.5,1545,1590,421.5
2019-11-22,1055955,439724280,426.0,412.0,414.0,-5.5,891,1590,419.5
2019-11-25,1142163,490297644,438.5,417.5,438.5,24.5,976,1590,419.0
2019-11-26,1784361,794937961,449.5,435.5,446.0,7.5,1326,1590,440.0
2019-11-27,710965,315986580,449.5,440.0,443.0,-3.0,661,1590,446.5
2019-11-28,1954876,881479262,458.0,443.0,450.0,7.0,1715,1590,447.0
2019-11-29,552090,244603912,453.0,438.0,441.0,-9.0,493,1590,452.0
2019-12-02,456191,201222804,446.0,433.0,444.0,3.0,403,1590,441.0
2019-12-03,895829,404806524,458.0,439.0,458.0,14.0,821,1590,442.0
2019-12-04,1545545,675464850,453.5,428.5,428.5,-29.5,1322,1590,453.5
2019-12-05,757917,333030351,442.0,433.5,441.5,13.0,714,1590,436.0
2019-12-06,1080141,485224450,451.5,442.0,451.5,10.0,934,1590,444.0
2019-12-09,495156,221368920,454.5,443.0,443.5,-8.0,454,1590,454.5
2019-12-10,656205,288710700,449.0,434.5,437.5,-6.0,612,1590,448.0
2019-12-11,635002,277909877,443.0,435.0,436.0,-1.5,532,1590,439.0
2019-12-12,1145612,509592004,451.5,439.5,441.5,5.5,1010,1590,441.0
2019-12-13,1246566,559215134,452.0,443.5,449.0,7.5,1120,1590,446.0
2019-12-16,886406,389190264,447.5,435.5,439.0,-10.0,781,1590,447.5
2019-12-17,1109228,486154052,443.0,432.0,439.5,0.5,881,1590,439.0
2019-12-18,989295,441118685,450.0,439.0,443.0,3.5,908,1590,443.5
2019-12-19,1556579,697753181,455.5,437.0,441.5,-1.5,1378,1590,449.0
2019-12-20,1309907,572878010,449.5,433.0,433.0,-8.5,908,1590,447.0
2019-12-23,714716,313757260,442.0,432.0,442.0,9.0,600,1590,432.5
2019-12-24,258480,113437660,443.0,435.5,438.0,-4.0,251,1590,442.0
2019-12-25,222150,96954700,441.0,434.5,436.0,-2.0,194,1590,437.5
2019-12-26,546116,238118460,442.0,434.0,435.0,-1.0,473,1590,439.5
2019-12-27,309898,136553804,443.0,437.0,441.5,6.5,300,1590,438.5
2019-12-30,785400,352502400,452.0,444.0,447.0,5.5,655,1590,447.0
2019-12-31,2234796,1031486030,472.0,446.5,466.5,19.5,1861,1590,448.0
2020-01-02,813299,377536736,473.0,458.0,464.5,-2.0,763,1590,470.0
2020-01-03,1266856,582803391,475.5,450.0,450.0,-14.5,1111,1590,468.0
2020-01-06,804271,363185145,458.0,444.0,452.0,2.0,635,1590,450.0
2020-01-07,777993,346181892,457.0,438.5,445.0,-7.0,743,1590,454.5
2020-01-08,1474227,638548926,442.5,421.5,436.0,-9.0,1327,1590,435.0
2020-01-09,2076884,977935875,479.5,458.5,479.5,43.5,1579,1590,460.0
2020-01-10,5034064,2592958536,527.0,490.5,527.0,47.5,3880,1590,490.5
2020-01-13,2091472,1076465136,541.0,500.0,511.0,-16.0,1862,1590,540.0
2020-01-14,1383204,712263695,523.0,509.0,514.0,3.0,1154,1590,510.0
2020-01-15,1451707,740675920,518.0,502.0,511.0,-3.0,1234,1590,518.0
2020-01-16,910259,461006040,516.0,502.0,506.0,-5.0,807,1590,514.0
2020-01-17,1326268,679053092,521.0,505.0,507.0,1.0,1224,1590,513.0
2020-01-20,1807543,954041360,536.0,512.0,520.0,13.0,1660,1590,512.0
2020-01-30,2260955,1103025990,503.0,475.5,478.5,-41.5,2051,1590,500.0
2020-01-31,2076418,978659222,496.5,460.0,469.0,-9.5,1854,1590,491.0
2020-02-03,1525589,719083453,481.5,451.0,479.0,10.0,1399,1590,463.0
2020-02-04,1753930,870187070,504.0,478.0,500.0,21.0,1612,1590,479.0
2020-02-05,1775957,876052430,508.0,484.5,484.5,-15.5,1581,1590,508.0
2020-02-06,3524684,1803560496,521.0,497.5,520.0,35.5,3108,1590,500.0
2020-02-07,1834614,950272368,530.0,511.0,512.0,-8.0,1555,1590,515.0
2020-02-10,1719529,852334855,507.0,487.0,489.5,-22.5,1494,1590,500.0
2020-02-11,1847003,943781114,521.0,497.0,514.0,24.5,1620,1590,500.0
2020-02-12,997092,516343748,524.0,507.0,520.0,6.0,937,1590,507.0
2020-02-13,1092300,569418800,530.0,515.0,519.0,-1.0,1037,1590,522.0
2020-02-14,809254,422994334,526.0,517.0,523.0,4.0,739,1590,524.0
2020-02-17,1596673,850333690,542.0,515.0,530.0,7.0,1348,1590,520.0
2020-02-18,1817967,983318081,549.0,526.0,544.0,14.0,1545,1590,530.0
2020-02-19,1389868,742855512,546.0,530.0,532.0,-12.0,1251,1590,546.0
2020-02-20,1339711,716982807,544.0,530.0,530.0,-2.0,1060,1590,533.0
2020-02-21,802719,421435037,534.0,521.0,523.0,-7.0,701,1590,534.0
2020-02-24,1591841,810153728,526.0,499.0,505.0,-18.0,1365,1590,518.0
2020-02-25,1401511,708442022,512.0,495.0,505.0,0.0,1234,1590,500.0
2020-02-26,1205732,599167160,503.0,493.0,496.0,-9.0,1069,1590,500.0
2020-02-27,1186760,577537600,504.0,480.0,481.5,-14.5,892,1590,498.0
2020-03-02,1289226,625028812,492.0,462.5,489.5,8.0,1083,1590,467.0
2020-03-03,1303790,648986492,506.0,492.5,492.5,3.0,1155,1590,506.0
2020-03-04,907350,442346323,496.0,483.5,487.0,-5.5,722,1590,493.0
2020-03-05,1641687,811850544,502.0,487.0,491.0,4.0,1128,1590,499.0
2020-03-06,1438205,694807330,490.0,479.0,483.0,-8.0,895,1590,488.5
2020-03-09,1697291,797674815,480.0,463.5,463.5,-19.5,1495,1590,470.0
2020-03-10,2273359,1088172358,492.5,450.5,492.0,28.5,1648,1590,452.5
2020-03-11,1452401,699359941,491.5,473.0,473.0,-19.0,1263,1590,486.0
2020-03-12,1210372,535002940,470.0,427.0,429.0,-44.0,1126,1590,468.0
2020-03-13,2230668,872964208,405.0,386.5,404.0,-25.0,1653,1590,397.5
2020-03-16,2808352,1167064052,430.0,399.5,399.5,-4.5,2327,1590,415.5
2020-03-17,3083377,1173228042,403.0,367.5,370.0,-29.5,2691,1590,375.0
2020-03-18,2875736,1074126715,384.5,362.0,365.0,-5.0,2595,1590,376.0
2020-03-19,2930273,995443590,369.0,328.5,330.5,-34.5,2383,1590,358.0
2020-03-20,1771455,635708710,363.5,347.0,360.0,29.5,1465,1590,354.0
2020-03-23,1852553,654961906,364.5,330.0,354.5,-5.5,1414,1590,340.0
2020-03-24,1315098,500293188,389.0,370.0,382.0,27.5,1200,1590,373.0
2020-03-25,2485060,1023496635,419.5,399.0,412.5,30.5,1502,1590,399.0
2020-03-26,3920172,1719549496,453.5,423.0,453.5,41.0,2740,1590,430.0
2020-03-27,2578152,1187101032,486.0,440.0,443.0,-10.5,2324,1590,470.0
2020-03-30,2137752,927042416,455.5,416.0,455.5,12.5,1836,1590,431.0
2020-03-31,1689206,766577906,467.0,446.0,451.0,-4.5,1522,1590,460.5
2020-04-01,1748598,769858414,456.0,432.0,440.0,-11.0,1549,1590,451.0
2020-04-06,2631859,1223637038,484.0,449.5,482.0,42.0,2241,1590,450.5
2020-04-07,2465418,1193456550,503.0,472.5,478.0,-4.0,2219,1590,495.5
2020-04-08,3162781,1503241351,492.0,467.0,470.5,-7.5,2496,1590,482.0
2020-04-09,2432014,1112769328,478.5,446.5,449.0,-21.5,2047,1590,478.0
2020-04-10,3217736,1496079392,475.0,452.0,472.0,23.0,2968,1590,462.0
2020-04-13,1646176,761177488,471.0,456.5,462.5,-9.5,1529,1590,471.0
2020-04-14,2076180,983084900,482.0,464.0,482.0,19.5,1855,1590,465.0
2020-04-15,1565566,750445378,485.0,472.5,483.0,1.0,1457,1590,482.0
2020-04-16,1266902,610123250,489.5,475.5,481.0,-2.0,971,1590,476.5
2020-04-17,2667676,1328309444,507.0,490.0,497.0,16.0,2277,1590,490.0
2020-04-20,1807920,921023520,518.0,496.0,509.0,12.0,1425,1590,503.0
2020-04-21,2096757,1061344944,523.0,491.5,493.5,-15.5,1802,1590,500.0
2020-04-22,691709,342031664,502.0,488.5,495.0,1.5,659,1590,488.5
2020-04-23,1188282,597441447,517.0,493.0,496.0,1.0,1065,1590,499.0
2020-04-24,616930,309216780,509.0,492.0,496.0,0.0,602,1590,492.0
2020-04-27,1378431,708200965,518.0,508.0,517.0,21.0,1236,1590,512.0
2020-04-28,856151,440216161,520.0,511.0,514.0,-3.0,834,1590,520.0
2020-04-29,1752000,929851838,538.0,514.0,538.0,24.0,1477,1590,514.0
2020-04-30,4193265,2357310970,590.0,535.0,579.0,41.0,3214,1590,552.0
2020-05-04,3034799,1661791191,557.0,532.0,552.0,-27.0,2211,1590,545.0
2020-05-05,1279006,707381294,562.0,545.0,551.0,-1.0,1165,1590,558.0
2020-05-06,1639364,908793296,560.0,546.0,559.0,8.0,1460,1590,554.0
2020-05-07,974367,545769902,567.0,552.0,558.0,-1.0,866,1590,562.0
2020-05-08,1197656,678335360,575.0,557.0,561.0,3.0,1106,1590,570.0
2020-05-11,845748,487245612,589.0,566.0,568.0,7.0,786,1590,575.0
2020-05-12,1086343,602337097,564.0,549.0,552.0,-16.0,788,1590,562.0
2020-05-13,1079847,596032391,565.0,541.0,553.0,1.0,969,1590,549.0
2020-05-14,1145900,618184100,555.0,523.0,523.0,-30.0,986,1590,549.0
2020-05-15,1603297,875426023,557.0,532.0,555.0,32.0,1470,1590,532.0
2020-05-18,644165,349266595,553.0,536.0,538.0,-17.0,597,1590,550.0
2020-05-19,724040,396324640,559.0,540.0,541.0,3.0,678,1590,558.0
2020-05-20,1017865,558882350,559.0,543.0,547.0,6.0,892,1590,551.0
2020-05-21,665558,369862132,562.0,548.0,555.0,8.0,614,1590,551.0
2020-05-22,460260,252821220,558.0,542.0,543.0,-12.0,439,1590,553.0
2020-05-25,785429,427607953,557.0,532.0,556.0,13.0,681,1590,547.0
2020-05-26,1383830,779054970,577.0,550.0,553.0,-3.0,1212,1590,562.0
2020-05-27,2415087,1400898634,593.0,560.0,582.0,29.0,2112,1590,560.0
2020-05-28,2371091,1373219325,600.0,560.0,572.0,-10.0,1844,1590,590.0
2020-05-29,4136688,2178587400,550.0,515.0,515.0,-57.0,3416,1590,534.0
2020-06-01,2390278,1206661780,515.0,500.0,501.0,-14.0,2195,1590,500.0
2020-06-02,2157217,1080148904,509.0,495.0,497.0,-4.0,1873,1590,502.0
2020-06-03,1547319,784859475,513.0,501.0,509.0,12.0,1403,1590,506.0
2020-06-04,1366624,704809360,522.0,510.0,515.0,6.0,1237,1590,517.0
2020-06-05,2390588,1190429852,512.0,492.0,493.0,-22.0,2162,1590,508.0
2020-06-08,1077864,537303636,504.0,495.5,497.0,4.0,975,1590,500.0
2020-06-09,2866425,1481225575,530.0,500.0,519.0,22.0,2488,1590,500.0
2020-06-10,1850606,955778968,524.0,508.0,520.0,1.0,1649,1590,520.0
2020-06-11,1457731,737587617,525.0,497.0,499.0,-21.0,1272,1590,520.0
2020-06-12,1468212,716680984,496.5,479.5,496.0,-3.0,1304,1590,485.5
2020-06-15,1919393,971362004,515.0,496.0,503.0,7.0,1728,1590,496.0
2020-06-16,1699903,876381045,520.0,506.0,518.0,15.0,1442,1590,510.0
2020-06-17,1553228,814123016,528.0,518.0,525.0,7.0,1345,1590,521.0
2020-06-18,1163792,604001512,527.0,515.0,519.0,-6.0,1046,1590,523.0
2020-06-19,1502763,772545916,523.0,511.0,513.0,-6.0,1066,1590,523.0
2020-06-22,1562434,813539416,530.0,511.0,517.0,4.0,1320,1590,518.0
2020-06-23,810349,420560480,527.0,512.0,516.0,-1.0,699,1590,527.0
2020-06-24,720386,371618176,522.0,513.0,514.0,-2.0,617,1590,521.0
2020-06-29,917610,474773030,525.0,507.0,518.0,4.0,803,1590,508.0
2020-06-30,789825,409768825,523.0,516.0,516.0,-2.0,590,1590,521.0
2020-07-01,505500,261429500,521.0,512.0,518.0,2.0,460,1590,519.0
2020-07-02,813060,416678900,521.0,507.0,510.0,-8.0,655,1590,521.0
2020-07-03,603712,306773544,515.0,504.0,508.0,-2.0,527,1590,514.0
2020-07-06,4113231,2172045275,549.0,518.0,520.0,12.0,3371,1590,521.0
2020-07-07,3918102,2118310766,553.0,527.0,543.0,23.0,3225,1590,529.0
2020-07-08,1696757,914849294,545.0,531.0,540.0,-3.0,1514,1590,543.0
2020-07-09,1524695,824108300,552.0,535.0,539.0,-1.0,1412,1590,547.0
2020-07-10,1340805,709537795,545.0,521.0,523.0,-16.0,1158,1590,545.0
2020-07-13,997239,537701865,545.0,526.0,538.0,15.0,835,1590,531.0
2020-07-14,546803,294258620,544.0,533.0,538.0,0.0,488,1590,540.0
2020-07-15,3325418,1899162350,589.0,542.0,579.0,41.0,2894,1590,542.0
2020-07-16,1990078,1161240318,596.0,575.0,582.0,3.0,1737,1590,588.0
2020-07-17,915251,523950823,582.0,562.0,576.0,-6.0,855,1590,582.0
2020-07-20,688441,396623600,584.0,568.0,574.0,-2.0,629,1590,576.0
2020-07-21,940844,540193548,590.0,567.0,570.0,-4.0,868,1590,583.0
2020-07-22,2352460,1387835940,605.0,571.0,590.0,20.0,1737,1590,578.0
2020-07-23,1984003,1189045806,612.0,581.0,606.0,16.0,1729,1590,588.0
2020-07-24,1542674,890771114,601.0,555.0,559.0,-47.0,1410,1590,600.0
2020-07-27,1114303,627687286,573.0,553.0,561.0,2.0,965,1590,569.0
2020-07-28,1529428,865525392,579.0,553.0,565.0,4.0,1394,1590,569.0
2020-07-29,6640973,3977146313,621.0,575.0,585.0,20.0,4944,1590,590.0
2020-07-30,3194811,1984022119,640.0,600.0,631.0,46.0,2919,1590,601.0
2020-07-31,2353719,1424191780,622.0,589.0,614.0,-17.0,2155,1590,622.0
2020-08-03,1562870,955519920,622.0,601.0,610.0,-4.0,1417,1590,610.0
2020-08-04,1445780,912093200,643.0,613.0,642.0,32.0,1262,1590,616.0
2020-08-05,1932682,1240684526,655.0,624.0,645.0,3.0,1655,1590,646.0
2020-08-06,1259755,824495790,665.0,648.0,652.0,7.0,1134,1590,660.0
2020-08-07,2194176,1465047984,682.0,656.0,664.0,12.0,1344,1590,659.0
2020-08-10,1207953,786512497,665.0,642.0,643.0,-21.0,1043,1590,661.0
2020-08-11,1251111,829868371,677.0,637.0,665.0,22.0,1147,1590,639.0
2020-08-12,752802,501165538,679.0,652.0,673.0,8.0,670,1590,660.0
2020-08-13,784554,519098856,672.0,657.0,659.0,-14.0,748,1590,670.0
2020-08-14,587152,391293840,673.0,653.0,667.0,8.0,526,1590,664.0
2020-08-17,514354,338908392,667.0,650.0,651.0,-16.0,498,1590,667.0
2020-08-18,1119309,745759794,675.0,653.0,669.0,18.0,1031,1590,653.0
2020-08-19,791754,526213672,676.0,660.0,662.0,-7.0,755,1590,668.0
2020-08-20,1214773,781515855,675.0,624.0,634.0,-28.0,1105,1590,665.0
2020-08-21,885670,578917180,666.0,642.0,651.0,17.0,806,1590,643.0
2020-08-24,1906847,1299685031,702.0,651.0,673.0,22.0,1719,1590,651.0
2020-08-25,1077678,737643684,702.0,672.0,678.0,5.0,1014,1590,685.0
2020-08-26,585444,395052144,689.0,668.0,672.0,-6.0,528,1590,689.0
2020-08-27,1049609,716293947,694.0,674.0,683.0,11.0,962,1590,686.0
2020-08-28,1164806,807769618,700.0,682.0,697.0,14.0,1008,1590,688.0
2020-08-31,1836414,1227884998,718.0,650.0,651.0,-46.0,1640,1590,711.0
2020-09-01,920889,622888187,687.0,654.0,687.0,36.0,799,1590,664.0
2020-09-02,918443,641266885,717.0,681.0,694.0,7.0,832,1590,690.0
2020-09-03,827385,559427415,692.0,670.0,676.0,0.0,706,1590,689.0
2020-09-04,1192732,812970904,699.0,659.0,673.0,-3.0,1094,1590,662.0
2020-09-07,667356,445828672,687.0,660.0,660.0,-13.0,582,1590,673.0
2020-09-08,1045090,688848490,670.0,646.0,665.0,5.0,905,1590,663.0
2020-09-09,1214265,790794225,669.0,632.0,665.0,0.0,1090,1590,666.0
2020-09-10,892073,596673764,682.0,658.0,667.0,2.0,776,1590,666.0
2020-09-11,1149624,778376692,687.0,659.0,687.0,20.0,783,1590,659.0
2020-09-14,1047103,699092319,687.0,660.0,667.0,-20.0,975,1590,687.0
2020-09-15,698218,468562278,677.0,662.0,670.0,3.0,646,1590,669.0
2020-09-16,1291934,891410196,699.0,672.0,699.0,29.0,1213,1590,676.0
2020-09-17,1071961,729222597,692.0,674.0,677.0,-22.0,978,1590,685.0
2020-09-18,2157766,1477277412,695.0,680.0,684.0,7.0,795,1590,682.0
2020-09-21,700928,471880040,689.0,666.0,669.0,-15.0,615,1590,684.0
2020-09-22,810256,531251728,670.0,650.0,651.0,-18.0,709,1590,662.0
2020-09-23,534094,350459476,665.0,649.0,658.0,7.0,484,1590,655.0
2020-09-24,800403,511503293,650.0,634.0,635.0,-23.0,703,1590,645.0
2020-09-25,732995,460382910,649.0,614.0,618.0,-17.0,635,1590,643.0
2020-09-28,490993,308008485,636.0,619.0,636.0,18.0,471,1590,628.0
2020-09-29,970306,602740048,652.0,612.0,612.0,-24.0,810,1590,650.0
2020-09-30,1367309,872940232,651.0,613.0,651.0,39.0,1210,1590,613.0
2020-10-05,1023223,665176058,660.0,640.0,643.0,-8.0,816,1590,651.0
2020-10-06,752665,493831565,661.0,651.0,661.0,18.0,640,1590,654.0
2020-10-07,675993,440895415,666.0,640.0,648.0,-13.0,610,1590,660.0
2020-10-08,417302,270012696,657.0,641.0,648.0,0.0,385,1590,657.0
2020-10-12,692125,451143625,660.0,646.0,651.0,3.0,616,1590,650.0
2020-10-13,1502406,1014048238,687.0,666.0,675.0,24.0,1349,1590,671.0
2020-10-14,777879,516822218,675.0,656.0,667.0,-8.0,642,1590,675.0
2020-10-15,948371,645057796,690.0,665.0,679.0,12.0,882,1590,666.0
2020-10-16,425606,286521020,682.0,666.0,670.0,-9.0,405,1590,679.0
2020-10-19,645956,426112180,671.0,655.0,659.0,-11.0,624,1590,666.0
2020-10-20,1055693,722137170,693.0,661.0,693.0,34.0,942,1590,662.0
2020-10-21,1144266,811714860,718.0,697.0,714.0,21.0,1091,1590,698.0
2020-10-22,654495,468266915,721.0,700.0,720.0,6.0,579,1590,710.0
2020-10-23,519726,368928186,716.0,703.0,708.0,-12.0,492,1590,713.0
2020-10-26,660937,468278920,720.0,701.0,705.0,-3.0,675,1590,712.0
2020-10-27,639243,450462751,714.0,694.0,705.0,0.0,402,1590,699.0
2020-10-28,665514,473923235,716.0,701.0,715.0,10.0,633,1590,713.0
2020-10-29,706608,495250835,708.0,693.0,699.0,-16.0,700,1590,705.0
2020-10-30,4530033,3399860009,768.0,708.0,768.0,69.0,3353,1590,708.0
2020-11-02,1838491,1377977003,789.0,722.0,732.0,-36.0,1718,1590,770.0
2020-11-03,1219787,882820772,749.0,712.0,727.0,-5.0,1081,1590,749.0
2020-11-04,862616,623574582,736.0,712.0,726.0,-1.0,796,1590,733.0
2020-11-05,1131365,841728837,759.0,730.0,740.0,14.0,1103,1590,734.0
2020-11-06,1126673,842459768,763.0,728.0,750.0,10.0,1050,1590,736.0
2020-11-09,817739,631141605,780.0,756.0,780.0,30.0,811,1590,763.0
2020-11-10,1717862,1378446480,831.0,776.0,796.0,16.0,1580,1590,819.0
2020-11-11,1154941,945902059,828.0,796.0,827.0,31.0,1113,1590,796.0
2020-11-12,1243850,1013732723,847.0,801.0,806.0,-21.0,1069,1590,840.0
2020-11-13,848976,679629807,817.0,786.0,807.0,1.0,738,1590,802.0
2020-11-16,723661,576063450,809.0,789.0,797.0,-10.0,693,1590,809.0
2020-11-17,439761,354652215,813.0,796.0,809.0,12.0,459,1590,808.0
2020-11-18,1071437,877811680,838.0,804.0,821.0,12.0,996,1590,822.0
2020-11-19,655859,532438284,818.0,808.0,808.0,-13.0,519,1590,813.0
2020-11-20,342938,281481332,826.0,811.0,824.0,16.0,320,1590,816.0
2020-11-23,862277,695788798,828.0,797.0,806.0,-18.0,806,1590,828.0
2020-11-24,825938,666394288,816.0,800.0,814.0,8.0,803,1590,810.0
2020-11-25,641310,517235093,819.0,800.0,806.0,-8.0,562,1590,814.0
2020-11-26,787614,639357932,819.0,807.0,819.0,13.0,650,1590,810.0
2020-11-27,603257,492553105,822.0,812.0,819.0,0.0,534,1590,814.0
2020-11-30,1385005,1151112561,844.0,810.0,830.0,11.0,938,1590,815.0
2020-12-01,860982,724629143,852.0,828.0,850.0,20.0,764,1590,835.0
2020-12-02,877781,724346097,842.0,816.0,818.0,-32.0,822,1590,842.0
2020-12-03,834974,697604559,848.0,816.0,839.0,21.0,790,1590,816.0
2020-12-04,1540402,1307055862,884.0,826.0,840.0,1.0,1488,1590,842.0
2020-12-07,623620,525799925,854.0,825.0,846.0,6.0,609,1590,841.0
2020-12-08,1313135,1154504493,897.0,860.0,880.0,34.0,1297,1590,879.0
2020-12-09,947679,849514964,912.0,875.0,912.0,32.0,901,1590,875.0
2020-12-10,698479,626596432,920.0,886.0,895.0,-17.0,729,1590,920.0
2020-12-11,852992,771971190,929.0,880.0,891.0,-4.0,769,1590,896.0
2020-12-14,638623,561928315,900.0,870.0,873.0,-18.0,612,1590,886.0
2020-12-15,883197,760421301,873.0,850.0,856.0,-17.0,865,1590,869.0
2020-12-16,1430014,1272129546,900.0,876.0,897.0,41.0,1321,1590,900.0
2020-12-17,1221547,1092495382,925.0,870.0,880.0,-17.0,1224,1590,906.0
2020-12-18,760841,675842627,897.0,870.0,895.0,15.0,676,1590,884.0
2020-12-21,521692,455280651,890.0,860.0,868.0,-27.0,536,1590,887.0
2020-12-22,385469,335976922,883.0,861.0,862.0,-6.0,389,1590,870.0
2020-12-23,280439,246484086,886.0,866.0,883.0,21.0,289,1590,875.0
2020-12-24,179068,157703203,889.0,876.0,878.0,-5.0,177,1590,883.0
2020-12-25,109873,96560599,888.0,872.0,874.0,-4.0,131,1590,888.0
2020-12-28,198560,175091508,890.0,871.0,883.0,9.0,294,1590,885.0
2020-12-29,351926,315191885,904.0,880.0,895.0,12.0,374,1590,884.0
2020-12-30,540266,483022974,916.0,880.0,895.0,0.0,519,1590,899.0
2020-12-31,504692,453670462,908.0,890.0,900.0,5.0,449,1590,899.0
2021-01-04,783062,707360278,917.0,891.0,914.0,14.0,737,1590,891.0
2021-01-05,942061,871607899,943.0,909.0,923.0,9.0,893,1590,920.0
2021-01-06,779928,733293930,950.0,926.0,945.0,22.0,844,1590,950.0
2021-01-07,1351835,1367352407,1035.0,981.0,1035.0,90.0,1253,1590,985.0
2021-01-08,852690,877959760,1050.0,1010.0,1035.0,0.0,797,1590,1040.0
2021-01-11,556398,573375385,1055.0,1010.0,1025.0,-10.0,567,1590,1040.0
2021-01-12,1169485,1253956110,1120.0,1015.0,1095.0,70.0,1133,1590,1015.0
2021-01-13,794858,857961587,1120.0,1055.0,1075.0,-20.0,767,1590,1110.0
2021-01-14,679297,748774625,1130.0,1065.0,1100.0,25.0,652,1590,1080.0
2021-01-15,1902123,2187301895,1195.0,1110.0,1135.0,35.0,1434,1590,1115.0
2021-01-18,1140066,1281053133,1145.0,1090.0,1120.0,-15.0,992,1590,1130.0
2021-01-19,723198,821389825,1160.0,1120.0,1130.0,10.0,675,1590,1120.0
2021-01-20,687132,782474850,1160.0,1115.0,1130.0,0.0,673,1590,1160.0
2021-01-21,802016,923070375,1180.0,1130.0,1135.0,5.0,756,1590,1145.0
2021-01-22,792468,906148670,1160.0,1120.0,1145.0,10.0,715,1590,1155.0
2021-01-25,1155966,1310823268,1170.0,1110.0,1145.0,0.0,765,1590,1145.0
2021-01-26,1094197,1273079960,1205.0,1120.0,1155.0,10.0,1064,1590,1145.0
2021-01-27,844139,996124135,1215.0,1155.0,1180.0,25.0,734,1590,1160.0
2021-01-28,1522558,1680345140,1145.0,1080.0,1085.0,-95.0,1409,1590,1140.0
2021-01-29,2482785,2565715680,1120.0,998.0,1000.0,-85.0,2289,1590,1105.0
2021-02-01,1429023,1418779688,1035.0,971.0,1000.0,0.0,1322,1590,1030.0
2021-02-02,1532138,1576626025,1050.0,1000.0,1050.0,50.0,1086,1590,1005.0
2021-02-03,750236,783662010,1085.0,1035.0,1035.0,-15.0,718,1590,1060.0
2021-02-04,740631,770255517,1060.0,1030.0,1040.0,5.0,733,1590,1040.0
2021-02-05,690283,715274825,1050.0,1020.0,1040.0,0.0,693,1590,1045.0
2021-02-17,2009388,2102065720,1095.0,1020.0,1035.0,-5.0,1718,1590,1090.0
2021-02-18,580903,614177870,1075.0,1045.0,1050.0,15.0,619,1590,1045.0
2021-02-19,738671,750325840,1050.0,993.0,1020.0,-30.0,857,1590,1045.0
2021-02-22,704080,747598620,1080.0,1035.0,1055.0,35.0,780,1590,1055.0
2021-02-23,628680,652051995,1075.0,1010.0,1035.0,-20.0,681,1590,1070.0
2021-02-24,1042866,1037093572,1020.0,974.0,977.0,-58.0,1269,1590,1010.0
2021-02-25,849844,858727250,1025.0,993.0,1025.0,48.0,859,1590,1000.0
2021-02-26,1008923,989275203,993.0,970.0,970.0,-55.0,1255,1590,981.0
2021-03-02,1230266,1232653698,1015.0,985.0,985.0,15.0,936,1590,1010.0
2021-03-03,743350,754250870,1030.0,996.0,1025.0,40.0,676,1590,1020.0
2021-03-04,1146923,1127782395,1010.0,970.0,970.0,-55.0,1350,1590,1010.0
2021-03-05,2131013,1989137661,969.0,893.0,944.0,-26.0,2063,1590,926.0
2021-03-08,731210,700685462,978.0,949.0,950.0,6.0,914,1590,977.0
2021-03-09,1091227,1007012782,963.0,901.0,920.0,-30.0,1176,1590,946.0
2021-03-10,601481,573900982,966.0,937.0,958.0,38.0,638,1590,937.0
2021-03-11,472364,454771666,970.0,946.0,964.0,6.0,563,1590,958.0
2021-03-12,556499,531728945,985.0,939.0,940.0,-24.0,678,1590,973.0
2021-03-15,502417,482801806,975.0,941.0,965.0,25.0,496,1590,946.0
2021-03-16,464281,448400605,973.0,956.0,972.0,7.0,551,1590,958.0
2021-03-17,835898,821375874,999.0,971.0,981.0,9.0,905,1590,973.0
2021-03-18,1072973,1071439945,1025.0,982.0,986.0,5.0,1148,1590,997.0
2021-03-19,1758908,1769690792,1020.0,976.0,1020.0,34.0,1134,1590,981.0
2021-03-22,1188654,1156090238,1015.0,956.0,964.0,-56.0,1288,1590,1015.0
2021-03-23,607833,576914275,984.0,950.0,950.0,-14.0,639,1590,965.0
2021-03-24,388366,376309227,980.0,950.0,966.0,16.0,414,1590,950.0
2021-03-25,609539,602401552,999.0,968.0,981.0,15.0,609,1590,975.0
2021-03-26,403718,403276713,1005.0,988.0,997.0,16.0,563,1590,990.0
2021-03-29,656915,678735045,1050.0,1010.0,1030.0,33.0,813,1590,1020.0
2021-03-30,654654,659710150,1045.0,998.0,1005.0,-25.0,745,1590,1030.0
2021-03-31,566593,571414035,1025.0,995.0,1005.0,0.0,448,1590,995.0
2021-04-01,518496,536360845,1050.0,1015.0,1035.0,30.0,584,1590,1020.0
2021-04-06,506565,529565320,1055.0,1030.0,1050.0,15.0,638,1590,1045.0
2021-04-07,1257512,1379253155,1120.0,1060.0,1115.0,65.0,1349,1590,1070.0
2021-04-08,990644,1144017295,1175.0,1115.0,1175.0,60.0,1084,1590,1120.0
2021-04-09,1027350,1181195295,1200.0,1135.0,1135.0,-40.0,717,1590,1175.0
2021-04-12,490088,562702850,1170.0,1125.0,1145.0,10.0,496,1590,1150.0
2021-04-13,1419531,1558709836,1135.0,1065.0,1075.0,-70.0,952,1590,1130.0
2021-04-14,583551,629020740,1100.0,1050.0,1080.0,5.0,656,1590,1080.0
2021-04-15,343374,364401960,1090.0,1045.0,1070.0,-10.0,394,1590,1080.0
2021-04-16,608910,659222040,1095.0,1065.0,1080.0,10.0,526,1590,1085.0
2021-04-19,218171,236187865,1095.0,1075.0,1080.0,0.0,237,1590,1090.0
2021-04-20,435821,470533025,1100.0,1070.0,1080.0,0.0,420,1590,1090.0
2021-04-21,529214,554268840,1075.0,1035.0,1035.0,-45.0,611,1590,1070.0
2021-04-22,588067,606927480,1060.0,1020.0,1025.0,-10.0,629,1590,1040.0
2021-04-23,831395,885061300,1090.0,1025.0,1080.0,55.0,815,1590,1025.0
2021-04-26,730431,821619860,1160.0,1070.0,1135.0,55.0,962,1590,1095.0
2021-04-27,407445,461110660,1155.0,1105.0,1115.0,-20.0,511,1590,1130.0
2021-04-28,739790,868599630,1200.0,1110.0,1195.0,80.0,849,1590,1120.0
2021-04-29,1246583,1488059400,1240.0,1170.0,1180.0,-15.0,1219,1590,1200.0
2021-05-03,1124931,1335194470,1215.0,1150.0,1175.0,-5.0,1031,1590,1205.0
2021-05-04,492188,564061095,1195.0,1120.0,1125.0,-50.0,547,1590,1195.0
2021-05-05,826310,901170913,1140.0,1055.0,1060.0,-65.0,647,1590,1130.0
2021-05-06,563746,605932420,1105.0,1050.0,1075.0,15.0,620,1590,1080.0
2021-05-07,505984,543781765,1115.0,1050.0,1070.0,-5.0,551,1590,1100.0
2021-05-10,575644,627446405,1115.0,1060.0,1100.0,30.0,584,1590,1100.0
2021-05-11,800195,811719073,1085.0,990.0,990.0,-110.0,992,1590,1060.0
2021-05-12,1923016,1832359043,1005.0,901.0,948.0,-42.0,1880,1590,950.0
2021-05-13,1190248,1144635933,991.0,931.0,960.0,12.0,1146,1590,962.0
2021-05-14,871023,881411162,1045.0,964.0,1000.0,40.0,890,1590,964.0
2021-05-17,643287,625277401,1010.0,951.0,970.0,-30.0,726,1590,970.0
2021-05-18,571778,575138287,1035.0,980.0,1020.0,50.0,618,1590,998.0
2021-05-19,769999,765922380,1035.0,975.0,990.0,-30.0,809,1590,1020.0
2021-05-20,688578,686923897,1015.0,962.0,998.0,8.0,646,1590,964.0
2021-05-21,448743,450209065,1035.0,993.0,998.0,0.0,426,1590,1010.0
2021-05-24,472934,483568192,1055.0,995.0,1045.0,47.0,452,1590,1000.0
2021-05-25,374367,399236055,1085.0,1035.0,1075.0,30.0,428,1590,1045.0
2021-05-26,619118,640570015,1105.0,1010.0,1025.0,-50.0,681,1590,1105.0
2021-05-27,1206100,1218898949,1055.0,994.0,994.0,-31.0,772,1590,1035.0
2021-05-28,707514,717258325,1040.0,996.0,1005.0,11.0,710,1590,1005.0
2021-05-31,744157,741004559,1010.0,988.0,998.0,-7.0,840,1590,1000.0
2021-06-01,388816,386480480,1010.0,988.0,992.0,-6.0,460,1590,995.0
2021-06-02,460923,453182614,999.0,975.0,978.0,-14.0,612,1590,999.0
2021-06-03,355523,347932608,992.0,970.0,971.0,-7.0,482,1590,983.0
2021-06-04,559252,537067054,975.0,953.0,960.0,-11.0,709,1590,963.0
2021-06-07,430287,423495608,1005.0,961.0,994.0,34.0,593,1590,967.0
2021-06-08,369627,365878363,999.0,975.0,992.0,-2.0,400,1590,987.0
2021-06-09,589379,572962234,1005.0,962.0,962.0,-30.0,815,1590,996.0
2021-06-10,761770,764979887,1025.0,972.0,1010.0,48.0,806,1590,973.0
2021-06-11,288943,287197289,1020.0,984.0,988.0,-22.0,350,1590,1020.0
2021-06-15,459318,451549901,1005.0,970.0,983.0,-5.0,550,1590,998.0
2021-06-16,356659,344808305,984.0,962.0,965.0,0.0,543,1590,980.0
2021-06-17,372684,366767731,998.0,965.0,995.0,30.0,443,1590,965.0
2021-06-18,565295,561166669,1020.0,982.0,987.0,-8.0,533,1590,989.0
2021-06-21,517224,518738721,1015.0,978.0,998.0,11.0,623,1590,986.0
2021-06-22,769099,788332060,1040.0,1000.0,1035.0,37.0,839,1590,1010.0
2021-06-23,858412,899826780,1060.0,1015.0,1045.0,10.0,891,1590,1045.0
2021-06-24,967537,1079978700,1145.0,1065.0,1110.0,65.0,1156,1590,1075.0
2021-06-25,873502,993651030,1155.0,1110.0,1120.0,10.0,865,1590,1150.0
2021-06-28,349856,387841160,1135.0,1080.0,1095.0,-25.0,425,1590,1135.0
2021-06-29,482177,528654380,1120.0,1070.0,1105.0,10.0,569,1590,1100.0
2021-06-30,735147,797515565,1125.0,1065.0,1075.0,-30.0,587,1590,1125.0
2021-07-01,764354,848779165,1145.0,1080.0,1100.0,25.0,632,1590,1105.0
2021-07-02,789087,911679140,1180.0,1125.0,1160.0,60.0,921,1590,1125.0
2021-07-05,307480,354283420,1170.0,1130.0,1165.0,5.0,377,1590,1150.0
2021-07-06,754313,869766885,1175.0,1140.0,1150.0,-15.0,534,1590,1170.0
2021-07-07,739513,828134405,1150.0,1105.0,1130.0,-20.0,728,1590,1135.0
2021-07-08,602333,661670193,1140.0,1080.0,1090.0,-40.0,626,1590,1125.0
2021-07-09,514207,550127805,1090.0,1045.0,1080.0,-10.0,541,1590,1080.0
2021-07-12,436425,487590865,1145.0,1095.0,1110.0,30.0,485,1590,1110.0
2021-07-13,622405,682258445,1145.0,1065.0,1110.0,0.0,657,1590,1130.0
2021-07-14,346463,371788955,1115.0,1060.0,1065.0,-45.0,403,1590,1115.0
2021-07-15,346331,376187715,1105.0,1070.0,1090.0,25.0,363,1590,1080.0
2021-07-16,295799,319416330,1110.0,1065.0,1080.0,-10.0,380,1590,1075.0
2021-07-19,571268,628401420,1140.0,1065.0,1115.0,35.0,532,1590,1065.0
2021-07-20,373132,412241880,1135.0,1080.0,1085.0,-30.0,408,1590,1110.0
2021-07-21,833353,953800795,1165.0,1105.0,1160.0,75.0,889,1590,1110.0
2021-07-22,1152320,1280115360,1170.0,1085.0,1095.0,-65.0,1156,1590,1165.0
2021-07-23,1120469,1163212735,1085.0,1010.0,1020.0,-75.0,1380,1590,1085.0
2021-07-26,1368323,1332903370,1015.0,963.0,967.0,-53.0,1819,1590,1015.0
2021-07-27,1232280,1182303262,985.0,933.0,939.0,-28.0,1529,1590,973.0
2021-07-28,1517055,1384032066,940.0,891.0,922.0,-17.0,1539,1590,925.0
2021-07-29,1384836,1298639897,955.0,923.0,937.0,15.0,1143,1590,923.0
2021-07-30,1444315,1309308322,926.0,892.0,899.0,-38.0,1637,1590,914.0
2021-08-02,754336,687878105,935.0,900.0,921.0,22.0,829,1590,905.0
2021-08-03,405627,374171562,948.0,907.0,916.0,-5.0,484,1590,919.0
2021-08-04,1501440,1340464363,933.0,880.0,887.0,-29.0,1975,1590,921.0
2021-08-05,1217431,1112574368,929.0,888.0,928.0,41.0,1298,1590,893.0
2021-08-06,1701114,1601204663,965.0,916.0,931.0,3.0,1797,1590,919.0
2021-08-09,430365,395705533,934.0,910.0,914.0,-17.0,595,1590,928.0
2021-08-10,370848,341365776,932.0,914.0,920.0,6.0,435,1590,914.0
2021-08-11,1331977,1242988297,943.0,920.0,935.0,15.0,851,1590,938.0
2021-08-12,857335,803882266,950.0,930.0,943.0,8.0,916,1590,931.0
2021-08-13,957170,890351842,952.0,919.0,920.0,-23.0,914,1590,950.0
2021-08-16,662903,597056430,930.0,889.0,894.0,-26.0,812,1590,920.0
2021-08-17,1000510,890347932,913.0,876.0,882.0,-12.0,1017,1590,911.0
2021-08-18,1006240,880950527,895.0,859.0,883.0,1.0,972,1590,861.0
2021-08-19,770664,671439723,895.0,861.0,867.0,-16.0,854,1590,885.0
2021-08-20,918379,785762440,872.0,844.0,844.0,-23.0,902,1590,871.0
2021-08-23,1131980,974742736,883.0,848.0,871.0,27.0,1108,1590,850.0
2021-08-24,857961,726948416,874.0,839.0,839.0,-32.0,1071,1590,861.0
2021-08-25,1202502,1027117900,863.0,840.0,862.0,23.0,1087,1590,840.0
2021-08-26,2143405,1825296815,868.0,842.0,855.0,-7.0,1457,1590,853.0
2021-08-27,836367,710521530,860.0,843.0,847.0,-8.0,908,1590,850.0
2021-08-30,613211,523021510,859.0,846.0,853.0,6.0,523,1590,847.0
2021-08-31,899855,759592932,860.0,837.0,845.0,-8.0,684,1590,858.0
2021-09-01,633834,554185243,894.0,845.0,876.0,31.0,754,1590,845.0
2021-09-02,1437249,1312724796,939.0,867.0,904.0,28.0,1580,1590,870.0
2021-09-03,1348782,1190460394,923.0,862.0,862.0,-42.0,1553,1590,920.0
2021-09-06,602265,508277092,862.0,836.0,840.0,-22.0,940,1590,862.0
2021-09-07,626222,546883483,888.0,850.0,882.0,42.0,735,1590,850.0
2021-09-08,862055,769704403,905.0,875.0,896.0,14.0,918,1590,881.0
2021-09-09,2346254,2201212283,970.0,896.0,924.0,28.0,2591,1590,896.0
2021-09-10,941015,880561739,965.0,921.0,927.0,3.0,913,1590,924.0
2021-09-13,618350,569042159,944.0,909.0,914.0,-13.0,599,1590,935.0
2021-09-14,770486,701201378,935.0,883.0,910.0,-4.0,803,1590,925.0
2021-09-15,1254754,1171419148,956.0,884.0,954.0,44.0,1326,1590,888.0
2021-09-16,948655,911223262,975.0,945.0,957.0,3.0,1030,1590,960.0
2021-09-17,1027252,1006739833,992.0,957.0,980.0,23.0,1562,1590,957.0
2021-09-22,1130762,1098460222,988.0,959.0,971.0,-9.0,1251,1590,965.0
2021-09-23,599160,590842595,1000.0,975.0,980.0,0.0,768,1590,975.0
2021-09-24,1344103,1290661987,985.0,943.0,950.0,-30.0,1509,1590,981.0
2021-09-27,2220328,1961676990,937.0,857.0,879.0,-71.0,2486,1590,936.0
2021-09-28,1318719,1179808217,909.0,878.0,905.0,26.0,909,1590,890.0
2021-09-29,1237534,1104151845,914.0,877.0,887.0,-18.0,1163,1590,888.0
2021-09-30,1079153,953019974,910.0,872.0,875.0,-12.0,1025,1590,888.0
2021-10-01,2405536,1951628162,862.0,789.0,790.0,-85.0,2609,1590,862.0
2021-10-04,1163554,919195432,812.0,772.0,783.0,-7.0,1440,1590,800.0
2021-10-05,1367960,1040259814,777.0,749.0,772.0,-11.0,1557,1590,758.0
2021-10-06,1046884,805509190,787.0,760.0,760.0,-12.0,1047,1590,773.0
2021-10-07,1183053,946234734,814.0,783.0,804.0,44.0,1451,1590,790.0
2021-10-08,882832,717668090,829.0,794.0,816.0,12.0,1263,1590,812.0
2021-10-12,1086427,847869311,814.0,765.0,777.0,-39.0,1322,1590,790.0
2021-10-13,1776429,1433457465,825.0,782.0,797.0,20.0,1688,1590,782.0
2021-10-14,692455,566451447,833.0,810.0,814.0,17.0,810,1590,817.0
2021-10-15,624703,524521956,847.0,825.0,845.0,31.0,1730,1590,835.0
2021-10-18,656074,557517114,866.0,837.0,844.0,-1.0,1027,1590,846.0
2021-10-19,612327,525409855,867.0,838.0,865.0,21.0,668,1590,838.0
2021-10-20,1344582,1142399722,868.0,832.0,849.0,-16.0,1524,1590,839.0
2021-10-21,727559,620558253,864.0,842.0,845.0,-4.0,1538,1590,860.0
2021-10-22,1149109,952308895,850.0,819.0,826.0,-19.0,1324,1590,831.0
2021-10-25,1133746,931556361,843.0,814.0,815.0,-11.0,1064,1590,823.0
2021-10-26,963954,801550709,843.0,816.0,836.0,21.0,930,1590,824.0
2021-10-27,877613,756961986,873.0,832.0,869.0,33.0,1036,1590,832.0
2021-10-28,1093594,926173819,869.0,836.0,840.0,-29.0,1971,1590,864.0
2021-10-29,840352,701581670,850.0,824.0,830.0,-10.0,595,1590,840.0
2021-11-01,649128,549919541,857.0,833.0,855.0,25.0,631,1590,833.0
2021-11-02,728038,628674502,879.0,847.0,851.0,-4.0,911,1590,855.0
2021-11-03,817691,687400547,864.0,834.0,840.0,-11.0,384,1590,860.0
2021-11-04,379884,321686214,855.0,841.0,844.0,4.0,491,1590,842.0
2021-11-05,592797,511448669,868.0,854.0,862.0,18.0,565,1590,855.0
2021-11-08,2926583,2306645766,806.0,776.0,799.0,-63.0,2901,1590,786.0
2021-11-09,3259978,2505526020,787.0,755.0,767.0,-32.0,2555,1590,786.0
2021-11-10,1431196,1076502153,761.0,749.0,750.0,-17.0,1696,1590,752.0
2021-11-11,1817912,1403685391,785.0,754.0,782.0,32.0,1458,1590,756.0
2021-11-12,764709,608075002,810.0,785.0,792.0,10.0,1080,1590,794.0
2021-11-15,981942,791607189,818.0,796.0,807.0,15.0,928,1590,800.0
2021-11-16,600922,488464925,818.0,798.0,815.0,8.0,752,1590,807.0
2021-11-17,1246302,1030908207,835.0,806.0,833.0,18.0,1017,1590,806.0
2021-11-18,656860,545320100,836.0,824.0,833.0,0.0,775,1590,833.0
2021-11-19,547825,460752693,854.0,833.0,838.0,5.0,1195,1590,840.0
2021-11-22,488350,420197055,868.0,849.0,860.0,22.0,1477,1590,855.0
2021-11-23,497932,424991841,870.0,844.0,846.0,-14.0,959,1590,869.0
2021-11-24,298954,250467705,859.0,831.0,836.0,-10.0,616,1590,840.0
2021-11-25,306925,256381907,843.0,829.0,833.0,-3.0,396,1590,834.0
2021-11-26,643896,528096811,833.0,817.0,819.0,-14.0,766,1590,825.0
2021-11-29,418142,342435608,830.0,805.0,822.0,3.0,481,1590,805.0
2021-11-30,852042,724042521,855.0,828.0,855.0,33.0,644,1590,830.0
2021-12-01,485315,414220556,862.0,845.0,853.0,-2.0,643,1590,846.0
2021-12-02,387937,325160521,844.0,833.0,840.0,-13.0,925,1590,844.0
2021-12-03,347609,295098244,856.0,840.0,849.0,9.0,414,1590,845.0
2021-12-06,275449,233329942,860.0,840.0,844.0,-5.0,360,1590,856.0
2021-12-07,920002,806157314,885.0,856.0,876.0,32.0,1083,1590,856.0
2021-12-08,1249809,1117358442,905.0,881.0,905.0,29.0,1407,1590,888.0
2021-12-09,337620,302636469,901.0,888.0,897.0,-8.0,825,1590,901.0
2021-12-10,167338,149083574,897.0,884.0,894.0,-3.0,266,1590,897.0
2021-12-13,254292,228469981,905.0,893.0,896.0,2.0,736,1590,899.0
2021-12-14,264161,236048504,900.0,883.0,900.0,4.0,891,1590,890.0
2021-12-15,348338,313713772,905.0,892.0,905.0,5.0,487,1590,900.0
2021-12-16,536229,489103926,922.0,905.0,910.0,5.0,1545,1590,920.0
2021-12-17,775379,717266061,930.0,902.0,930.0,20.0,621,1590,909.0
2021-12-20,653913,609076356,941.0,917.0,935.0,5.0,1041,1590,937.0
2021-12-21,669852,624389958,938.0,926.0,930.0,-5.0,438,1590,931.0
2021-12-22,591240,560827954,956.0,935.0,949.0,19.0,920,1590,940.0
2021-12-23,806541,778789912,974.0,945.0,974.0,25.0,1276,1590,965.0
2021-12-24,420010,411152899,986.0,968.0,984.0,10.0,1206,1590,974.0
2021-12-27,696669,706028191,1030.0,990.0,1025.0,41.0,999,1590,990.0
2021-12-28,466407,477301185,1045.0,1020.0,1025.0,0.0,581,1590,1040.0
2021-12-29,354538,358719743,1035.0,995.0,1015.0,-10.0,470,1590,1035.0
2021-12-30,369162,378421840,1035.0,1010.0,1020.0,5.0,460,1590,1030.0
2022-01-03,339205,343889685,1045.0,999.0,1005.0,-15.0,399,1590,1045.0
2022-01-04,633295,626709257,1025.0,970.0,981.0,-24.0,789,1590,1010.0
2022-01-05,680322,663744708,992.0,965.0,971.0,-10.0,706,1590,982.0
2022-01-06,1029678,1017481501,1015.0,972.0,978.0,7.0,1083,1590,984.0
2022-01-07,746970,739025407,1010.0,978.0,990.0,12.0,973,1590,988.0
2022-01-10,499129,484977786,981.0,958.0,977.0,-13.0,534,1590,965.0
2022-01-11,861990,868002387,1025.0,981.0,1015.0,38.0,944,1590,981.0
2022-01-12,646921,656609665,1040.0,995.0,1000.0,-15.0,672,1590,1040.0
2022-01-13,418860,417420296,1020.0,985.0,988.0,-12.0,492,1590,1000.0
2022-01-14,640263,614465938,986.0,949.0,952.0,-36.0,788,1590,972.0
2022-01-17,566483,535374976,964.0,936.0,947.0,-5.0,659,1590,948.0
2022-01-18,502399,477318768,955.0,942.0,952.0,5.0,468,1590,945.0
2022-01-19,376266,360727319,970.0,944.0,960.0,8.0,371,1590,944.0
2022-01-20,313196,301509431,969.0,950.0,969.0,9.0,286,1590,953.0
2022-01-21,614047,594851195,996.0,952.0,956.0,-13.0,849,1590,960.0
2022-01-24,228633,216320368,956.0,938.0,951.0,-5.0,566,1590,956.0
2022-01-25,696673,640633580,941.0,906.0,914.0,-37.0,807,1590,941.0
2022-01-26,370996,352045340,957.0,921.0,956.0,42.0,498,1590,921.0
2022-02-07,976298,911174762,957.0,901.0,942.0,-14.0,1389,1590,957.0
2022-02-08,621257,583845162,962.0,928.0,928.0,-14.0,981,1590,937.0
2022-02-09,747034,712281792,968.0,940.0,965.0,37.0,683,1590,945.0
2022-02-10,806834,758432419,953.0,928.0,938.0,-27.0,788,1590,945.0
2022-02-11,403348,377256905,950.0,927.0,931.0,-7.0,401,1590,928.0
2022-02-14,436959,412068548,955.0,932.0,940.0,9.0,476,1590,949.0
2022-02-15,456602,424281089,943.0,920.0,926.0,-14.0,602,1590,940.0
2022-02-16,293995,276757356,946.0,936.0,942.0,16.0,364,1590,946.0
2022-02-17,796132,774011051,994.0,944.0,966.0,24.0,1014,1590,950.0
2022-02-18,415317,401963265,979.0,953.0,971.0,5.0,493,1590,967.0
2022-02-21,361394,350329306,988.0,955.0,961.0,-10.0,534,1590,978.0
2022-02-22,729507,674905924,958.0,911.0,921.0,-40.0,922,1590,953.0
2022-02-23,290136,270162518,937.0,922.0,930.0,9.0,360,1590,922.0
2022-02-24,631104,585377010,945.0,911.0,926.0,-4.0,670,1590,921.0
2022-02-25,474149,437934620,944.0,916.0,920.0,-6.0,405,1590,939.0
2022-03-01,592542,571390035,980.0,935.0,974.0,54.0,766,1590,939.0
2022-03-02,318780,304468756,967.0,947.0,953.0,-21.0,388,1590,959.0
2022-03-03,210294,199528317,971.0,939.0,939.0,-14.0,269,1590,957.0
2022-03-04,299745,276751313,933.0,916.0,920.0,-19.0,474,1590,928.0
2022-03-07,548503,491395333,915.0,887.0,890.0,-30.0,791,1590,914.0
2022-03-08,456348,397249263,900.0,862.0,865.0,-25.0,561,1590,862.0
2022-03-09,328672,289371496,893.0,870.0,874.0,9.0,399,1590,892.0
2022-03-10,394691,354823216,908.0,887.0,900.0,26.0,451,1590,887.0
2022-03-11,217845,194199835,902.0,885.0,889.0,-11.0,299,1590,902.0
2022-03-14,688247,589306690,896.0,840.0,842.0,-47.0,982,1590,885.0
2022-03-15,942839,765895638,839.0,799.0,807.0,-35.0,1162,1590,839.0
2022-03-16,724721,594331757,830.0,810.0,820.0,13.0,800,1590,823.0
2022-03-17,868013,763233659,897.0,858.0,897.0,77.0,961,1590,860.0
2022-03-18,1165278,1061292650,918.0,878.0,918.0,21.0,1002,1590,880.0
2022-03-21,390613,356838305,926.0,901.0,915.0,-3.0,505,1590,919.0
2022-03-22,251154,226938850,919.0,900.0,903.0,-12.0,299,1590,919.0
2022-03-23,355255,327670695,935.0,911.0,923.0,20.0,412,1590,911.0
2022-03-24,128572,118572726,928.0,916.0,927.0,4.0,162,1590,923.0
2022-03-25,220617,203856328,934.0,918.0,920.0,-7.0,267,1590,934.0
2022-03-28,189834,172126856,917.0,894.0,916.0,-4.0,257,1590,903.0
2022-03-29,337110,306576456,917.0,905.0,905.0,-11.0,352,1590,911.0
2022-03-30,594012,558445613,951.0,922.0,946.0,41.0,673,1590,922.0
2022-03-31,536334,502209790,947.0,930.0,931.0,-15.0,533,1590,947.0
2022-04-01,607043,564163620,938.0,919.0,924.0,-7.0,512,1590,926.0
2022-04-06,641707,584442659,932.0,905.0,910.0,-14.0,687,1590,907.0
2022-04-07,1142784,1062343786,946.0,918.0,921.0,11.0,987,1590,918.0
2022-04-08,852085,788735507,940.0,911.0,920.0,-1.0,662,1590,923.0
2022-04-11,747512,676325373,925.0,892.0,904.0,-16.0,716,1590,920.0
2022-04-12,363825,325543796,907.0,890.0,891.0,-13.0,369,1590,904.0
2022-04-13,340374,306319554,906.0,893.0,900.0,9.0,391,1590,900.0
2022-04-14,547281,505523092,935.0,910.0,921.0,21.0,440,1590,910.0
2022-04-15,245175,217542910,925.0,870.0,871.0,-50.0,464,1590,916.0
2022-04-18,170556,148460520,880.0,841.0,870.0,-1.0,256,1590,849.0
2022-04-19,294563,258964827,895.0,866.0,875.0,5.0,360,1590,866.0
2022-04-20,547433,477662571,880.0,869.0,869.0,-6.0,506,1590,875.0
2022-04-21,346610,301468673,886.0,863.0,865.0,-4.0,359,1590,876.0
2022-04-22,941187,784109708,855.0,823.0,828.0,-37.0,1064,1590,855.0
2022-04-25,886259,713422134,822.0,801.0,805.0,-23.0,998,1590,801.0
2022-04-26,878145,709224783,835.0,801.0,806.0,1.0,875,1590,820.0
2022-04-27,1279052,1022246675,810.0,787.0,805.0,-1.0,1339,1590,800.0
2022-04-28,917102,741860116,832.0,800.0,806.0,1.0,1054,1590,802.0
2022-04-29,424068,347042675,833.0,806.0,812.0,6.0,469,1590,814.0
2022-05-03,363161,299204693,835.0,812.0,828.0,16.0,422,1590,812.0
2022-05-04,264630,220420572,839.0,823.0,832.0,4.0,304,1590,828.0
2022-05-05,340842,288914017,855.0,838.0,848.0,16.0,340,1590,838.0
2022-05-06,669734,543602171,825.0,801.0,816.0,-32.0,797,1590,825.0
2022-05-09,523631,425660308,820.0,799.0,815.0,-1.0,504,1590,802.0
2022-05-10,662705,525900644,804.0,778.0,801.0,-14.0,648,1590,779.0
2022-05-11,555592,452599634,827.0,796.0,827.0,26.0,520,1590,804.0
2022-05-12,556799,451388132,820.0,803.0,805.0,-22.0,593,1590,815.0
2022-05-13,415549,345668409,839.0,815.0,835.0,30.0,481,1590,825.0
2022-05-16,472487,400539453,854.0,837.0,849.0,14.0,519,1590,850.0
2022-05-17,513795,443819234,874.0,849.0,863.0,14.0,555,1590,849.0
2022-05-18,483732,423386310,895.0,857.0,880.0,17.0,589,1590,859.0
2022-05-19,527855,450916713,872.0,846.0,852.0,-28.0,565,1590,872.0
2022-05-20,436602,377047177,876.0,851.0,856.0,4.0,421,1590,852.0
2022-05-23,474388,405944758,872.0,844.0,849.0,-7.0,431,1590,852.0
2022-05-24,280199,234453129,855.0,825.0,825.0,-24.0,313,1590,851.0
2022-05-25,283265,238778884,856.0,830.0,847.0,22.0,316,1590,835.0
2022-05-26,307438,262327781,858.0,845.0,854.0,7.0,294,1590,845.0
2022-05-27,741813,664551279,908.0,865.0,905.0,51.0,848,1590,870.0
2022-05-30,776012,718798112,938.0,899.0,930.0,25.0,849,1590,919.0
2022-05-31,1675257,1575723427,950.0,913.0,950.0,20.0,1076,1590,915.0
2022-06-01,852692,822026378,975.0,939.0,971.0,21.0,849,1590,949.0
2022-06-02,1818573,1747656655,978.0,945.0,952.0,-19.0,835,1590,960.0
2022-06-06,746830,712464864,967.0,938.0,967.0,15.0,654,1590,966.0
2022-06-07,1446008,1428105083,1000.0,959.0,997.0,30.0,1321,1590,965.0
2022-06-08,2097655,2188615262,1075.0,1005.0,1050.0,53.0,2036,1590,1015.0
2022-06-09,882140,934632410,1075.0,1030.0,1075.0,25.0,970,1590,1055.0
2022-06-10,1111312,1127598890,1040.0,998.0,1015.0,-60.0,889,1590,1040.0
2022-06-13,831882,819642259,996.0,971.0,984.0,-31.0,860,1590,971.0
2022-06-14,496523,493111401,1005.0,981.0,1000.0,16.0,552,1590,984.0
2022-06-15,635638,644044740,1030.0,997.0,1020.0,20.0,634,1590,1005.0
2022-06-16,939455,969788925,1050.0,1015.0,1020.0,0.0,707,1590,1050.0
2022-06-17,1013996,986405515,1010.0,963.0,963.0,-57.0,1383,1590,1000.0
2022-06-20,711094,685365569,988.0,943.0,949.0,-14.0,649,1590,967.0
2022-06-21,838977,838980859,1015.0,970.0,1000.0,51.0,711,1590,980.0
2022-06-22,453062,439105013,1000.0,959.0,959.0,-41.0,563,1590,1000.0
2022-06-23,560610,547407771,988.0,963.0,973.0,14.0,562,1590,984.0
2022-06-24,869375,885129300,1035.0,988.0,1025.0,52.0,952,1590,998.0
2022-06-27,1142122,1202596730,1080.0,1020.0,1060.0,35.0,1080,1590,1045.0
2022-06-28,572354,599389595,1080.0,1030.0,1035.0,-25.0,640,1590,1060.0
2022-06-29,365218,372123810,1035.0,1000.0,1020.0,-15.0,451,1590,1035.0
2022-06-30,414657,415344023,1030.0,991.0,991.0,-29.0,464,1590,1015.0
2022-07-01,500029,486529301,1000.0,958.0,960.0,-31.0,577,1590,991.0
2022-07-04,514542,505013376,1010.0,967.0,975.0,15.0,582,1590,980.0
2022-07-05,825041,794622308,1005.0,939.0,961.0,-14.0,872,1590,1005.0
2022-07-06,897532,853007358,965.0,917.0,957.0,-4.0,893,1590,918.0
2022-07-07,902186,883969095,1000.0,924.0,995.0,38.0,1100,1590,957.0
2022-07-08,406804,401579171,1010.0,971.0,981.0,-14.0,534,1590,1000.0
2022-07-11,410982,398613308,996.0,958.0,964.0,-17.0,444,1590,981.0
2022-07-12,706146,616508803,910.0,868.0,868.0,-96.0,911,1590,899.0
2022-07-13,1307750,1160030997,902.0,864.0,894.0,26.0,1046,1590,872.0
2022-07-14,679237,603460786,904.0,857.0,899.0,5.0,651,1590,865.0
2022-07-15,552813,499983319,914.0,895.0,903.0,4.0,515,1590,897.0
2022-07-18,406143,370950888,925.0,895.0,913.0,10.0,482,1590,898.0
2022-07-19,430881,388644636,923.0,892.0,900.0,-13.0,501,1590,913.0
2022-07-20,485750,437868443,919.0,894.0,894.0,-6.0,450,1590,910.0
2022-07-21,596947,530048352,894.0,878.0,889.0,-5.0,564,1590,893.0
2022-07-22,1090043,938393473,888.0,850.0,856.0,-33.0,1171,1590,888.0
2022-07-25,468935,402039197,864.0,847.0,861.0,5.0,489,1590,856.0
2022-07-26,657776,547807736,854.0,824.0,828.0,-33.0,873,1590,853.0
2022-07-27,596030,494223832,838.0,818.0,832.0,4.0,674,1590,818.0
2022-07-28,441003,376509571,865.0,839.0,854.0,22.0,530,1590,839.0
2022-07-29,1174271,963422327,832.0,807.0,817.0,-37.0,1281,1590,830.0
2022-08-01,652101,534908837,828.0,808.0,828.0,11.0,574,1590,812.0
2022-08-02,515173,425113325,833.0,813.0,825.0,-3.0,554,1590,813.0
2022-08-03,405028,335599327,834.0,820.0,827.0,2.0,445,1590,834.0
2022-08-04,1649219,1252781222,784.0,745.0,749.0,-78.0,1919,1590,771.0
2022-08-05,1347528,1050586706,792.0,756.0,791.0,42.0,1399,1590,758.0
2022-08-08,769463,609099699,800.0,773.0,796.0,5.0,811,1590,773.0
2022-08-09,479108,385176655,812.0,791.0,808.0,12.0,513,1590,791.0
2022-08-10,615013,497686743,825.0,801.0,810.0,2.0,664,1590,807.0
2022-08-11,321294,266808100,842.0,825.0,828.0,18.0,389,1590,841.0
2022-08-12,346239,288077507,839.0,823.0,835.0,7.0,392,1590,828.0
2022-08-15,511886,426033246,837.0,827.0,834.0,-1.0,571,1590,830.0
2022-08-16,281832,235339197,844.0,829.0,834.0,0.0,308,1590,834.0
2022-08-17,532794,448884817,852.0,831.0,845.0,11.0,516,1590,836.0
2022-08-18,247463,208589995,849.0,834.0,849.0,4.0,260,1590,845.0
2022-08-19,925025,778379048,859.0,834.0,841.0,-8.0,400,1590,851.0
2022-08-22,492034,402915142,829.0,813.0,813.0,-28.0,615,1590,827.0
2022-08-23,639853,520989519,820.0,808.0,814.0,1.0,414,1590,813.0
2022-08-24,548195,435474812,828.0,802.0,805.0,-9.0,611,1590,828.0
2022-08-25,475470,397675908,846.0,811.0,840.0,35.0,575,1590,811.0
2022-08-26,246602,206394884,846.0,829.0,830.0,-10.0,299,1590,840.0
2022-08-29,312574,252470281,826.0,802.0,815.0,-15.0,534,1590,803.0
2022-08-30,531396,435067287,835.0,807.0,824.0,9.0,569,1590,815.0
2022-08-31,721608,587639554,828.0,802.0,824.0,0.0,572,1590,812.0
2022-09-01,600643,484622723,815.0,800.0,803.0,-21.0,594,1590,814.0
2022-09-02,314635,251531695,809.0,794.0,794.0,-9.0,342,1590,805.0
2022-09-05,167191,132115483,803.0,785.0,787.0,-7.0,252,1590,794.0
2022-09-06,322635,253742871,796.0,782.0,787.0,0.0,370,1590,788.0
2022-09-07,754359,577918079,778.0,749.0,773.0,0.0,735,1590,760.0
2022-09-08,389749,301170709,784.0,770.0,772.0,-1.0,377,1590,774.0
2022-09-12,459196,353604619,780.0,757.0,772.0,0.0,530,1590,776.0
2022-09-13,521965,413573226,806.0,786.0,789.0,17.0,500,1590,786.0
2022-09-14,286179,222645120,784.0,764.0,780.0,-9.0,356,1590,764.0
2022-09-15,736836,586210310,809.0,773.0,798.0,18.0,782,1590,778.0
2022-09-16,1004236,790343161,810.0,759.0,810.0,12.0,1442,1590,785.0
2022-09-19,682029,533017402,797.0,774.0,789.0,-21.0,743,1590,797.0
2022-09-20,302321,240921776,806.0,792.0,795.0,6.0,337,1590,795.0
2022-09-21,317373,251805219,801.0,782.0,797.0,2.0,372,1590,794.0
2022-09-22,471761,369849109,798.0,771.0,792.0,-5.0,612,1590,789.0
2022-09-23,426111,332976303,799.0,770.0,778.0,-14.0,976,1590,785.0
2022-09-26,1075257,816212169,771.0,751.0,755.0,-23.0,974,1590,767.0
2022-09-27,631396,472761996,758.0,743.0,748.0,-7.0,714,1590,757.0
2022-09-28,799326,588145320,751.0,721.0,730.0,-18.0,888,1590,748.0
2022-09-29,966334,724043727,757.0,741.0,749.0,19.0,815,1590,756.0
2022-09-30,815044,588603835,740.0,704.0,732.0,-17.0,782,1590,727.0
2022-10-03,529292,380996818,732.0,708.0,721.0,-11.0,471,1590,732.0
2022-10-04,392388,301792094,785.0,742.0,782.0,61.0,528,1590,742.0
2022-10-05,585767,446427323,793.0,745.0,750.0,-32.0,1511,1590,790.0
2022-10-06,214485,162885107,764.0,746.0,762.0,12.0,267,1590,746.0
2022-10-07,182678,136509575,753.0,744.0,745.0,-17.0,273,1590,747.0
2022-10-11,1018834,708686160,718.0,679.0,690.0,-55.0,1274,1590,717.0
2022-10-12,478583,333464296,713.0,674.0,707.0,17.0,525,1590,694.0
2022-10-13,498722,347474026,715.0,684.0,689.0,-18.0,530,1590,707.0
2022-10-14,453345,313927057,709.0,682.0,689.0,0.0,449,1590,703.0
2022-10-17,442124,301086002,696.0,667.0,696.0,7.0,477,1590,676.0
2022-10-18,602813,430710838,727.0,686.0,724.0,28.0,586,1590,700.0
2022-10-19,432264,314011167,736.0,716.0,731.0,7.0,422,1590,716.0
2022-10-20,802079,557149378,716.0,681.0,694.0,-37.0,921,1590,713.0
2022-10-21,502154,351065972,711.0,687.0,702.0,8.0,437,1590,694.0
2022-10-24,351354,249072089,724.0,698.0,698.0,-4.0,447,1590,703.0
2022-10-25,748969,499405448,698.0,648.0,653.0,-45.0,1291,1590,698.0
2022-10-26,581216,383528875,669.0,642.0,664.0,11.0,591,1590,669.0
2022-10-27,1194748,832358111,711.0,673.0,708.0,44.0,1139,1590,677.0
2022-10-28,675457,489940443,735.0,703.0,725.0,17.0,782,1590,719.0
2022-10-31,429581,317281843,750.0,727.0,740.0,15.0,452,1590,750.0
2022-11-01,571914,432200071,770.0,739.0,770.0,30.0,620,1590,754.0
2022-11-02,401615,303862997,783.0,745.0,768.0,-2.0,471,1590,783.0
2022-11-03,462002,353182932,772.0,751.0,770.0,2.0,533,1590,757.0
2022-11-04,250920,194545899,788.0,757.0,785.0,15.0,340,1590,759.0
2022-11-07,512515,413343108,817.0,780.0,817.0,32.0,621,1590,795.0
2022-11-08,867078,703667184,840.0,800.0,820.0,3.0,905,1590,840.0
2022-11-09,619111,512820859,841.0,815.0,841.0,21.0,762,1590,815.0
2022-11-10,797913,667680410,845.0,826.0,842.0,1.0,836,1590,838.0
2022-11-11,1330678,1162681297,893.0,857.0,870.0,28.0,2272,1590,860.0
2022-11-14,962147,870669189,921.0,878.0,915.0,45.0,2536,1590,890.0
2022-11-15,729865,662135514,919.0,896.0,911.0,-4.0,882,1590,919.0
2022-11-16,1082863,973154118,910.0,891.0,900.0,-11.0,1011,1590,909.0
2022-11-17,862299,752036577,899.0,863.0,863.0,-37.0,1948,1590,899.0
2022-11-18,803887,681678538,863.0,839.0,845.0,-18.0,1442,1590,863.0
2022-11-21,588793,498042286,851.0,835.0,847.0,2.0,519,1590,842.0
2022-11-22,698164,602243786,875.0,842.0,863.0,16.0,724,1590,858.0
2022-11-23,530382,468835156,894.0,865.0,887.0,24.0,585,1590,865.0
2022-11-24,486536,436850996,905.0,878.0,904.0,17.0,509,1590,893.0
2022-11-25,565718,514087461,917.0,887.0,916.0,12.0,661,1590,904.0
2022-11-28,650739,573687341,900.0,872.0,879.0,-37.0,1221,1590,900.0
2022-11-29,616092,552956325,910.0,868.0,909.0,30.0,657,1590,882.0
2022-11-30,1120187,1044385937,945.0,903.0,945.0,36.0,995,1590,911.0
2022-12-01,1142524,1104709776,978.0,953.0,975.0,30.0,1142,1590,953.0
2022-12-02,1131360,1095996799,984.0,950.0,984.0,9.0,863,1590,975.0
2022-12-05,281339,274937776,989.0,970.0,971.0,-13.0,397,1590,978.0
2022-12-06,388894,375736565,979.0,954.0,964.0,-7.0,472,1590,973.0
2022-12-07,803000,755080733,968.0,916.0,958.0,-6.0,1521,1590,962.0
2022-12-08,1103450,1015560788,937.0,899.0,931.0,-27.0,1416,1590,937.0
2022-12-09,515097,490157822,961.0,940.0,947.0,16.0,530,1590,940.0
2022-12-12,300889,281037801,945.0,925.0,938.0,-9.0,379,1590,945.0
2022-12-13,616014,586777811,970.0,933.0,943.0,5.0,649,1590,935.0
2022-12-14,363761,347140739,969.0,943.0,948.0,5.0,397,1590,945.0
2022-12-15,708124,652731732,939.0,909.0,926.0,-22.0,1233,1590,934.0
2022-12-16,796131,730657651,937.0,890.0,930.0,4.0,908,1590,890.0
2022-12-19,271894,252821151,939.0,921.0,926.0,-4.0,313,1590,930.0
2022-12-20,365193,331071275,932.0,890.0,890.0,-36.0,817,1590,926.0
2022-12-21,416740,381342807,924.0,898.0,916.0,26.0,485,1590,899.0
2022-12-22,243424,223167054,929.0,911.0,911.0,-5.0,261,1590,929.0
2022-12-23,242070,219243144,920.0,887.0,911.0,0.0,270,1590,895.0
2022-12-26,273743,255119237,942.0,910.0,933.0,22.0,356,1590,920.0
2022-12-27,208978,196185006,944.0,932.0,934.0,1.0,328,1590,935.0
2022-12-28,357767,336645492,948.0,926.0,933.0,-1.0,437,1590,934.0
2022-12-29,247356,226731675,925.0,896.0,924.0,-9.0,325,1590,898.0
2022-12-30,204581,190673466,944.0,919.0,931.0,7.0,222,1590,944.0
2023-01-03,579307,538112678,944.0,907.0,930.0,-1.0,555,1590,931.0
2023-01-04,570432,522618595,934.0,909.0,915.0,-15.0,640,1590,930.0
2023-01-05,618443,563917676,922.0,903.0,904.0,-11.0,696,1590,917.0
2023-01-06,1068583,961552060,921.0,869.0,917.0,13.0,1016,1590,881.0
2023-01-09,1161653,1136209306,993.0,934.0,993.0,76.0,1365,1590,934.0
2023-01-10,436718,428283481,990.0,975.0,982.0,-11.0,592,1590,982.0
2023-01-11,433127,420152508,986.0,963.0,963.0,-19.0,636,1590,983.0
2023-01-12,1250577,1240470435,1010.0,969.0,1005.0,42.0,1428,1590,977.0
2023-01-13,1095278,1070334245,1010.0,963.0,971.0,-34.0,1647,1590,1010.0
2023-01-16,667483,651025009,987.0,958.0,981.0,10.0,1854,1590,973.0
2023-01-17,955278,957341915,1010.0,985.0,999.0,18.0,1022,1590,1000.0
2023-01-30,1864827,1912449540,1045.0,1000.0,1020.0,21.0,1866,1590,1025.0
2023-01-31,1065630,1077794239,1030.0,987.0,1020.0,0.0,861,1590,1000.0
2023-02-01,915385,956069910,1060.0,1020.0,1055.0,35.0,1074,1590,1040.0
2023-02-02,890978,929000275,1055.0,1020.0,1055.0,0.0,1025,1590,1055.0
2023-02-03,724015,777087080,1085.0,1050.0,1080.0,25.0,856,1590,1055.0
2023-02-06,1020683,1111001980,1110.0,1065.0,1085.0,5.0,1167,1590,1075.0
2023-02-07,654797,706849751,1095.0,1055.0,1085.0,0.0,636,1590,1085.0
2023-02-08,653289,710010900,1100.0,1070.0,1095.0,10.0,647,1590,1100.0
2023-02-09,2798524,3084975335,1130.0,1080.0,1115.0,20.0,1971,1590,1095.0
2023-02-10,828630,902894875,1110.0,1075.0,1090.0,-25.0,788,1590,1100.0
2023-02-13,582280,623714015,1085.0,1060.0,1070.0,-20.0,654,1590,1080.0
2023-02-14,759277,812842660,1085.0,1045.0,1075.0,5.0,656,1590,1075.0
2023-02-15,573157,607184145,1085.0,1045.0,1060.0,-15.0,655,1590,1075.0
2023-02-16,339350,361179295,1075.0,1050.0,1065.0,5.0,383,1590,1060.0
2023-02-17,407328,431083375,1070.0,1045.0,1060.0,-5.0,455,1590,1050.0
2023-02-20,970029,1019800860,1070.0,1030.0,1055.0,-5.0,960,1590,1060.0
2023-02-21,548937,598007980,1100.0,1065.0,1090.0,35.0,616,1590,1070.0
2023-02-22,601527,660737575,1115.0,1075.0,1110.0,20.0,626,1590,1075.0
2023-02-23,538249,590010655,1115.0,1085.0,1090.0,-20.0,653,1590,1110.0
2023-02-24,680061,732044925,1100.0,1065.0,1075.0,-15.0,712,1590,1090.0
2023-03-01,1245001,1372924500,1120.0,1080.0,1115.0,40.0,1114,1590,1120.0
2023-03-02,428321,474688765,1120.0,1085.0,1110.0,-5.0,540,1590,1115.0
2023-03-03,340594,378312580,1125.0,1100.0,1100.0,-10.0,380,1590,1110.0
2023-03-06,688766,782436410,1150.0,1120.0,1135.0,35.0,810,1590,1130.0
2023-03-07,839312,964274260,1160.0,1125.0,1145.0,10.0,852,1590,1135.0
2023-03-08,483946,550405245,1160.0,1120.0,1125.0,-20.0,987,1590,1160.0
2023-03-09,458705,506856640,1135.0,1095.0,1095.0,-30.0,636,1590,1135.0
2023-03-10,640429,687230905,1095.0,1060.0,1065.0,-30.0,672,1590,1075.0
2023-03-13,435099,466085000,1090.0,1045.0,1080.0,15.0,471,1590,1080.0
2023-03-14,707170,750133175,1075.0,1040.0,1055.0,-25.0,718,1590,1060.0
2023-03-15,956025,1042679870,1110.0,1070.0,1085.0,30.0,584,1590,1080.0
2023-03-16,591201,638369570,1100.0,1065.0,1075.0,-10.0,605,1590,1075.0
2023-03-17,816790,910177650,1130.0,1080.0,1120.0,45.0,843,1590,1090.0
2023-03-20,1155194,1324371015,1160.0,1110.0,1145.0,25.0,868,1590,1130.0
2023-03-21,621951,693106845,1150.0,1100.0,1105.0,-40.0,821,1590,1150.0
2023-03-22,512384,579706465,1140.0,1105.0,1135.0,30.0,412,1590,1130.0
2023-03-23,337897,383792610,1145.0,1120.0,1135.0,0.0,385,1590,1135.0
2023-03-24,629398,723633055,1165.0,1130.0,1150.0,15.0,721,1590,1140.0
2023-03-27,470781,550228025,1180.0,1140.0,1160.0,10.0,564,1590,1150.0
2023-03-28,600972,697876125,1190.0,1140.0,1150.0,-10.0,605,1590,1175.0
2023-03-29,1293984,1534557830,1205.0,1170.0,1190.0,40.0,1042,1590,1175.0
2023-03-30,924354,1114959564,1220.0,1190.0,1205.0,15.0,732,1590,1200.0
2023-03-31,619844,741709745,1220.0,1180.0,1185.0,-20.0,665,1590,1205.0
2023-04-06,844294,968550170,1175.0,1130.0,1150.0,-35.0,1092,1590,1170.0
2023-04-07,675182,775905980,1170.0,1135.0,1145.0,-5.0,647,1590,1165.0
2023-04-10,429282,500666320,1190.0,1145.0,1180.0,35.0,482,1590,1155.0
2023-04-11,442869,529954360,1205.0,1180.0,1200.0,20.0,514,1590,1180.0
2023-04-12,1089093,1340534877,1245.0,1190.0,1240.0,40.0,803,1590,1200.0
2023-04-13,1489833,1775998680,1235.0,1170.0,1180.0,-60.0,1353,1590,1220.0
2023-04-14,613127,731518950,1205.0,1180.0,1190.0,10.0,596,1590,1190.0
2023-04-17,281846,331876030,1205.0,1160.0,1175.0,-15.0,456,1590,1190.0
2023-04-18,364324,426600565,1190.0,1160.0,1165.0,-10.0,415,1590,1190.0
2023-04-19,410037,476801015,1185.0,1150.0,1160.0,-5.0,478,1590,1170.0
2023-04-20,839729,945670915,1155.0,1115.0,1120.0,-40.0,880,1590,1150.0
2023-04-21,778660,865082560,1140.0,1095.0,1115.0,-5.0,770,1590,1130.0
2023-04-24,400631,447871035,1130.0,1100.0,1120.0,5.0,402,1590,1105.0
2023-04-25,853717,929417825,1140.0,1065.0,1080.0,-40.0,843,1590,1125.0
2023-04-26,1526973,1570279105,1050.0,995.0,1030.0,-50.0,1370,1590,998.0
2023-04-27,2606788,2865892045,1125.0,1060.0,1100.0,70.0,2087,1590,1100.0
2023-04-28,1202249,1318727640,1115.0,1075.0,1110.0,10.0,1113,1590,1110.0
2023-05-02,1284083,1407348990,1125.0,1070.0,1080.0,-30.0,1119,1590,1105.0
2023-05-03,607498,649462190,1090.0,1055.0,1065.0,-15.0,685,1590,1090.0
2023-05-04,334482,355999535,1075.0,1050.0,1065.0,0.0,418,1590,1070.0
2023-05-05,480596,510474825,1075.0,1045.0,1070.0,5.0,488,1590,1065.0
2023-05-08,527666,558905455,1085.0,1040.0,1050.0,-20.0,652,1590,1080.0
2023-05-09,736084,764896080,1060.0,1015.0,1045.0,-5.0,741,1590,1055.0
2023-05-10,572289,585088180,1045.0,1010.0,1015.0,-30.0,704,1590,1030.0
2023-05-11,729244,734938815,1020.0,999.0,1005.0,-10.0,615,1590,1015.0
2023-05-12,957529,951498209,1015.0,974.0,1010.0,5.0,889,1590,1000.0
2023-05-15,462936,468750285,1025.0,999.0,1010.0,0.0,495,1590,1000.0
2023-05-16,725696,765586225,1070.0,1020.0,1060.0,50.0,798,1590,1025.0
2023-05-17,536073,572304351,1080.0,1060.0,1065.0,5.0,594,1590,1075.0
2023-05-18,311353,334034655,1080.0,1060.0,1070.0,5.0,362,1590,1070.0
2023-05-19,243009,261722315,1080.0,1065.0,1080.0,10.0,231,1590,1075.0
2023-05-22,340481,366942110,1095.0,1070.0,1075.0,-5.0,376,1590,1075.0
2023-05-23,309945,329412390,1075.0,1050.0,1060.0,-15.0,390,1590,1070.0
2023-05-24,319489,335717275,1065.0,1040.0,1065.0,5.0,404,1590,1060.0
2023-05-25,812438,840685660,1070.0,1015.0,1035.0,-30.0,932,1590,1060.0
2023-05-26,499120,514364220,1050.0,1020.0,1025.0,-10.0,568,1590,1035.0
2023-05-29,338178,355746505,1070.0,1040.0,1040.0,15.0,393,1590,1040.0
2023-05-30,410777,424263300,1050.0,1020.0,1030.0,-10.0,510,1590,1040.0
2023-05-31,1599597,1605206171,1060.0,988.0,992.0,-38.0,1694,1590,1045.0
2023-06-01,1227897,1202570052,992.0,967.0,981.0,-11.0,1409,1590,992.0
2023-06-02,774971,769962687,1005.0,973.0,1000.0,19.0,871,1590,980.0
2023-06-05,755894,781374330,1050.0,1015.0,1035.0,35.0,941,1590,1015.0
2023-06-06,619531,633501010,1040.0,1005.0,1015.0,-20.0,721,1590,1025.0
2023-06-07,398354,402004581,1020.0,1005.0,1005.0,-10.0,569,1590,1020.0
2023-06-08,578675,581790207,1035.0,1000.0,1000.0,-5.0,497,1590,1005.0
2023-06-09,979120,983807620,1020.0,995.0,1000.0,0.0,891,1590,1020.0
2023-06-12,779184,787576365,1030.0,995.0,1020.0,20.0,666,1590,1010.0
2023-06-13,999938,1028081481,1040.0,1005.0,1025.0,5.0,997,1590,1020.0
2023-06-14,650186,677254975,1060.0,1030.0,1050.0,25.0,703,1590,1030.0
2023-06-15,789932,835487290,1065.0,1040.0,1065.0,15.0,900,1590,1050.0
2023-06-16,1311778,1354990305,1070.0,1010.0,1030.0,-35.0,1294,1590,1065.0
2023-06-19,607212,624754689,1040.0,1015.0,1030.0,0.0,614,1590,1030.0
2023-06-20,562454,576718505,1040.0,1015.0,1025.0,-5.0,535,1590,1025.0
2023-06-21,450832,470144045,1055.0,1030.0,1035.0,10.0,510,1590,1030.0
2023-06-26,342815,351120945,1035.0,1005.0,1030.0,-5.0,404,1590,1005.0
2023-06-27,387916,395662970,1040.0,1010.0,1010.0,-20.0,472,1590,1025.0
2023-06-28,372596,377236240,1030.0,1005.0,1005.0,-5.0,403,1590,1015.0
2023-06-29,758335,781652150,1060.0,1010.0,1015.0,10.0,800,1590,1030.0
2023-06-30,442171,453600585,1040.0,1020.0,1025.0,10.0,423,1590,1025.0
2023-07-03,161795,167652665,1045.0,1025.0,1040.0,15.0,214,1590,1040.0
2023-07-04,495530,506212885,1040.0,1010.0,1015.0,-25.0,633,1590,1040.0
2023-07-05,436794,449028910,1035.0,1015.0,1025.0,10.0,459,1590,1015.0
2023-07-06,378575,386184545,1035.0,1010.0,1010.0,-15.0,499,1590,1025.0
2023-07-07,722125,715175339,1005.0,977.0,977.0,-33.0,1270,1590,1000.0
2023-07-10,507099,504496098,1005.0,977.0,990.0,13.0,579,1590,982.0
2023-07-11,294556,295703876,1015.0,994.0,1000.0,10.0,388,1590,1005.0
2023-07-12,294256,294470806,1010.0,996.0,1000.0,0.0,370,1590,1000.0
2023-07-13,517959,514002404,1010.0,979.0,980.0,-20.0,762,1590,1005.0
2023-07-14,260349,257869634,1000.0,983.0,985.0,5.0,447,1590,983.0
2023-07-17,1377871,1328337024,996.0,922.0,966.0,-19.0,1547,1590,940.0
2023-07-18,1120431,1069240198,966.0,949.0,951.0,-15.0,1367,1590,965.0
2023-07-19,528992,509540316,979.0,951.0,961.0,10.0,628,1590,951.0
2023-07-20,593093,573585089,980.0,952.0,965.0,4.0,589,1590,952.0
2023-07-21,455990,438955845,968.0,955.0,960.0,-5.0,456,1590,958.0
2023-07-24,375595,361198187,970.0,958.0,958.0,-2.0,405,1590,965.0
2023-07-25,763464,760607293,1015.0,958.0,1000.0,42.0,773,1590,958.0
2023-07-26,746877,733818107,1005.0,972.0,978.0,-22.0,1078,1590,1000.0
2023-07-27,620702,597922140,991.0,950.0,952.0,-26.0,902,1590,979.0
2023-07-28,1749325,1635972021,952.0,920.0,932.0,-20.0,1673,1590,943.0
2023-07-31,1659675,1534039720,952.0,894.0,932.0,0.0,1811,1590,920.0
2023-08-01,626667,604836850,985.0,935.0,963.0,31.0,897,1590,935.0
2023-08-02,892431,877219478,1000.0,960.0,977.0,14.0,1157,1590,960.0
2023-08-04,1028649,1008446968,995.0,959.0,983.0,6.0,1053,1590,971.0
2023-08-07,767022,735552360,1000.0,948.0,951.0,-32.0,1931,1590,986.0
2023-08-08,746818,707985585,966.0,941.0,948.0,-3.0,822,1590,952.0
2023-08-09,448071,425549214,954.0,944.0,948.0,0.0,427,1590,944.0
2023-08-10,758585,717652410,958.0,921.0,949.0,1.0,835,1590,922.0
2023-08-11,422833,400672554,963.0,943.0,947.0,-2.0,426,1590,949.0
2023-08-14,1188426,1094395497,946.0,902.0,921.0,-26.0,1645,1590,946.0
2023-08-15,811401,732764625,928.0,887.0,887.0,-34.0,1410,1590,921.0
2023-08-16,909669,817629521,910.0,868.0,907.0,20.0,942,1590,875.0
2023-08-17,812494,731085769,910.0,886.0,903.0,-4.0,967,1590,887.0
2023-08-18,259984,234530400,911.0,893.0,897.0,-6.0,385,1590,903.0
2023-08-21,233554,207564775,900.0,882.0,882.0,-15.0,1913,1590,892.0
2023-08-22,607057,530537220,891.0,869.0,873.0,-9.0,767,1590,885.0
2023-08-23,310497,275934908,899.0,883.0,885.0,12.0,394,1590,899.0
2023-08-24,215176,189896013,898.0,874.0,884.0,-1.0,469,1590,885.0
2023-08-25,256923,222253606,884.0,860.0,860.0,-24.0,808,1590,884.0
2023-08-28,175646,153376202,884.0,863.0,877.0,17.0,311,1590,867.0
2023-08-29,228998,202804740,897.0,875.0,889.0,12.0,345,1590,878.0
2023-08-30,614462,561275041,921.0,889.0,913.0,24.0,730,1590,898.0
2023-08-31,534045,490190661,922.0,905.0,920.0,7.0,529,1590,916.0
2023-09-01,149108,136051362,920.0,903.0,903.0,-17.0,313,1590,919.0
2023-09-04,617163,585511528,962.0,909.0,954.0,51.0,961,1590,910.0
2023-09-05,298075,285276096,965.0,945.0,951.0,-3.0,482,1590,952.0
2023-09-06,336989,317664426,950.0,933.0,943.0,-8.0,454,1590,950.0
2023-09-07,429748,395903145,941.0,912.0,920.0,-23.0,1113,1590,941.0
2023-09-08,139001,128275022,929.0,913.0,926.0,6.0,257,1590,919.0
2023-09-11,134778,123070086,933.0,904.0,911.0,-15.0,278,1590,931.0
2023-09-12,317996,292839094,932.0,910.0,922.0,11.0,388,1590,914.0
2023-09-13,630892,599412225,960.0,930.0,956.0,34.0,751,1590,934.0
2023-09-14,348906,336508284,973.0,960.0,964.0,8.0,462,1590,973.0
2023-09-15,562426,538027280,971.0,949.0,958.0,-6.0,518,1590,971.0
2023-09-18,138540,132990650,965.0,949.0,960.0,2.0,250,1590,958.0
2023-09-19,452273,440754349,983.0,960.0,974.0,14.0,657,1590,964.0
2023-09-20,386305,377597086,986.0,969.0,981.0,7.0,519,1590,975.0
2023-09-21,1336867,1336045309,1010.0,971.0,990.0,9.0,1297,1590,988.0
2023-09-22,742193,722005969,995.0,953.0,983.0,-7.0,1001,1590,985.0
2023-09-25,425597,416398502,990.0,960.0,981.0,-2.0,626,1590,960.0
2023-09-26,321488,310372391,975.0,958.0,958.0,0.0,485,1590,970.0
2023-09-27,676577,669645880,999.0,952.0,991.0,33.0,896,1590,952.0
2023-09-28,371681,364457954,1000.0,971.0,979.0,-12.0,499,1590,991.0
2023-10-02,436262,439972854,1020.0,980.0,1005.0,26.0,670,1590,980.0
2023-10-03,402594,401742323,1010.0,981.0,998.0,-7.0,487,1590,986.0
2023-10-04,524223,521853378,1005.0,983.0,1000.0,2.0,563,1590,1000.0
2023-10-05,396520,393368313,1005.0,987.0,987.0,-13.0,617,1590,999.0
2023-10-06,357514,351374321,996.0,976.0,978.0,-9.0,780,1590,989.0
2023-10-11,665961,670093631,1020.0,992.0,1010.0,32.0,850,1590,1000.0
2023-10-12,539747,546426813,1025.0,992.0,1025.0,15.0,638,1590,1015.0
2023-10-13,1294399,1392822410,1095.0,1030.0,1075.0,50.0,1649,1590,1045.0
2023-10-16,560109,599720850,1100.0,1050.0,1070.0,-5.0,793,1590,1100.0
2023-10-17,442189,468802985,1085.0,1045.0,1050.0,-20.0,596,1590,1080.0
2023-10-18,1121452,1230952985,1115.0,1055.0,1105.0,55.0,1429,1590,1075.0
2023-10-19,819772,874193600,1105.0,1050.0,1055.0,-50.0,1254,1590,1105.0
2023-10-20,487890,506215455,1055.0,1020.0,1035.0,-20.0,555,1590,1035.0
2023-10-23,277522,285157095,1040.0,1015.0,1020.0,-15.0,334,1590,1030.0
2023-10-24,555211,571407195,1045.0,1000.0,1035.0,15.0,567,1590,1010.0
2023-10-25,614406,654561180,1080.0,1035.0,1060.0,25.0,728,1590,1040.0
2023-10-26,1273496,1378189991,1100.0,1045.0,1085.0,25.0,1128,1590,1055.0
2023-10-27,728056,799889765,1115.0,1085.0,1100.0,15.0,782,1590,1085.0
2023-10-30,685520,749544174,1105.0,1080.0,1090.0,-10.0,721,1590,1080.0
2023-10-31,1105956,1175159650,1100.0,1050.0,1060.0,-30.0,1152,1590,1085.0
2023-11-01,1028035,1057420395,1060.0,1010.0,1020.0,-40.0,1055,1590,1055.0
2023-11-02,714759,727524020,1040.0,1005.0,1020.0,0.0,729,1590,1035.0
2023-11-03,377963,392918275,1050.0,1020.0,1040.0,20.0,398,1590,1020.0
2023-11-06,743358,806500900,1100.0,1045.0,1095.0,55.0,808,1590,1060.0
2023-11-07,331319,364126135,1115.0,1085.0,1100.0,5.0,415,1590,1095.0
2023-11-08,294536,324527840,1115.0,1085.0,1100.0,0.0,358,1590,1085.0
2023-11-09,453958,497594325,1115.0,1080.0,1095.0,-5.0,484,1590,1100.0
2023-11-10,455106,488781235,1085.0,1055.0,1075.0,-20.0,487,1590,1080.0
2023-11-13,389991,431808600,1125.0,1100.0,1105.0,30.0,504,1590,1100.0
2023-11-14,173543,191791140,1120.0,1095.0,1100.0,-5.0,292,1590,1120.0
2023-11-15,445243,486818266,1110.0,1085.0,1085.0,-15.0,514,1590,1110.0
2023-11-16,359238,396923410,1120.0,1095.0,1105.0,20.0,465,1590,1105.0
2023-11-17,194909,214466620,1105.0,1090.0,1100.0,-5.0,267,1590,1105.0
2023-11-20,331068,362540560,1105.0,1080.0,1100.0,0.0,411,1590,1100.0
2023-11-21,366691,408345410,1125.0,1090.0,1120.0,20.0,463,1590,1100.0
2023-11-22,401441,444138830,1115.0,1095.0,1115.0,-5.0,458,1590,1110.0
2023-11-23,362010,395540998,1115.0,1085.0,1090.0,-25.0,436,1590,1115.0
2023-11-24,572207,616091385,1095.0,1060.0,1085.0,-5.0,638,1590,1090.0
2023-11-27,454689,482447290,1085.0,1045.0,1050.0,-35.0,579,1590,1085.0
2023-11-28,750108,799159775,1080.0,1035.0,1070.0,20.0,711,1590,1055.0
2023-11-29,520486,562551220,1095.0,1060.0,1085.0,15.0,578,1590,1075.0
2023-11-30,869348,949842975,1115.0,1080.0,1085.0,0.0,937,1590,1100.0
2023-12-01,830242,864037390,1085.0,1020.0,1035.0,-50.0,1077,1590,1075.0
2023-12-04,564257,581036248,1045.0,1020.0,1025.0,-10.0,544,1590,1035.0
2023-12-05,1135652,1138495906,1015.0,991.0,998.0,-27.0,1696,1590,1010.0
2023-12-06,540678,547078331,1025.0,992.0,1010.0,12.0,783,1590,992.0
2023-12-07,537280,538588768,1015.0,994.0,1000.0,-10.0,813,1590,1010.0
2023-12-08,495272,501346775,1025.0,1000.0,1010.0,10.0,657,1590,1010.0
2023-12-11,470662,481355330,1040.0,1000.0,1030.0,20.0,690,1590,1015.0
2023-12-12,530839,538829395,1035.0,1005.0,1005.0,-25.0,844,1590,1030.0
2023-12-13,522840,524895130,1015.0,999.0,1000.0,-5.0,741,1590,1010.0
2023-12-14,724135,725568991,1020.0,993.0,1000.0,0.0,1277,1590,1015.0
2023-12-15,2095500,2098412482,1015.0,999.0,1000.0,0.0,1126,1590,1005.0
2023-12-18,881470,869947480,1000.0,975.0,989.0,-11.0,2028,1590,998.0
2023-12-19,511848,509097637,1010.0,985.0,988.0,-1.0,972,1590,987.0
2023-12-20,568574,575198057,1025.0,990.0,1010.0,22.0,877,1590,996.0
2023-12-21,233798,236020727,1015.0,1005.0,1005.0,-5.0,395,1590,1005.0
2023-12-22,334538,341427465,1030.0,1000.0,1025.0,20.0,607,1590,1015.0
2023-12-25,218132,225834865,1045.0,1020.0,1035.0,10.0,453,1590,1025.0
2023-12-26,217466,223304610,1040.0,1015.0,1020.0,-15.0,391,1590,1035.0
2023-12-27,250937,256632555,1030.0,1015.0,1015.0,-5.0,354,1590,1030.0
2023-12-28,236316,240589845,1030.0,1010.0,1020.0,5.0,354,1590,1015.0
2023-12-29,304907,309054567,1020.0,1010.0,1010.0,-10.0,347,1590,1020.0
2024-01-02,257576,257469860,1010.0,993.0,1000.0,-10.0,456,1590,1005.0
2024-01-03,503122,488731909,996.0,963.0,964.0,-36.0,3059,1590,990.0
2024-01-04,468011,444764756,972.0,941.0,946.0,-18.0,1522,1590,964.0
2024-01-05,437060,409447348,948.0,932.0,932.0,-14.0,1188,1590,940.0
2024-01-08,294296,281110425,967.0,947.0,951.0,19.0,609,1590,955.0
2024-01-09,608106,583033123,967.0,956.0,960.0,9.0,331,1590,967.0
2024-01-10,733308,704539304,969.0,950.0,966.0,6.0,384,1590,955.0
2024-01-11,340680,326767611,967.0,952.0,958.0,-8.0,503,1590,966.0
2024-01-12,340681,327202562,970.0,952.0,960.0,2.0,351,1590,958.0
2024-01-15,231941,224057305,972.0,961.0,965.0,5.0,299,1590,961.0
2024-01-16,1006050,950385247,950.0,938.0,946.0,-19.0,910,1590,950.0
2024-01-17,1139885,1077853044,951.0,936.0,945.0,-1.0,885,1590,940.0
2024-01-18,1078592,1035612328,975.0,950.0,950.0,5.0,817,1590,952.0
2024-01-19,670225,651317322,978.0,960.0,970.0,20.0,713,1590,960.0
2024-01-22,338917,329725891,980.0,963.0,967.0,-3.0,429,1590,970.0
2024-01-23,299846,291615489,976.0,967.0,970.0,3.0,371,1590,967.0
2024-01-24,350247,344752689,993.0,966.0,983.0,13.0,551,1590,978.0
2024-01-25,326269,320998887,993.0,974.0,974.0,-9.0,392,1590,992.0
2024-01-26,415388,398144986,970.0,948.0,958.0,-16.0,872,1590,970.0
2024-01-29,414230,405794209,985.0,958.0,983.0,25.0,471,1590,958.0
2024-01-30,1432427,1382034767,985.0,951.0,965.0,-18.0,1875,1590,971.0
2024-01-31,805752,765793257,959.0,940.0,940.0,-25.0,1190,1590,957.0
2024-02-01,2732410,2726782689,1025.0,963.0,1005.0,65.0,3001,1590,963.0
2024-02-02,852560,864942075,1025.0,1005.0,1005.0,0.0,958,1590,1010.0
2024-02-05,1116266,1146027210,1055.0,995.0,1015.0,10.0,1321,1590,1010.0
2024-02-15,1277616,1262192380,1005.0,965.0,998.0,-17.0,1729,1590,979.0
2024-02-16,673819,702151110,1060.0,1005.0,1045.0,47.0,1068,1590,1005.0
2024-02-19,684019,730111625,1080.0,1045.0,1075.0,30.0,1058,1590,1045.0
2024-02-20,1508465,1655777365,1115.0,1060.0,1095.0,20.0,1409,1590,1060.0
2024-02-21,657519,713548110,1100.0,1070.0,1085.0,-10.0,723,1590,1085.0
2024-02-22,530348,579052520,1115.0,1075.0,1085.0,0.0,613,1590,1100.0
2024-02-23,631085,670964240,1090.0,1040.0,1060.0,-25.0,882,1590,1080.0
2024-02-26,588941,639166985,1105.0,1055.0,1085.0,25.0,694,1590,1055.0
2024-02-27,667497,731737295,1110.0,1075.0,1100.0,15.0,864,1590,1080.0
2024-02-29,1470580,1717197430,1210.0,1100.0,1210.0,110.0,1701,1590,1100.0
2024-03-01,2035237,2450234535,1290.0,1160.0,1200.0,-10.0,2188,1590,1270.0
2024-03-04,998172,1158016820,1185.0,1140.0,1160.0,-40.0,2569,1590,1175.0
2024-03-05,1432674,1606491590,1150.0,1100.0,1115.0,-45.0,1555,1590,1150.0
2024-03-06,627325,705892615,1140.0,1110.0,1120.0,5.0,750,1590,1115.0
2024-03-07,714211,790856785,1130.0,1085.0,1105.0,-15.0,931,1590,1105.0
2024-03-08,1081658,1163867810,1095.0,1060.0,1065.0,-40.0,1148,1590,1095.0
2024-03-11,763961,807835085,1080.0,1040.0,1065.0,0.0,818,1590,1055.0
2024-03-12,446271,471444350,1085.0,1040.0,1055.0,-10.0,582,1590,1060.0
2024-03-13,391874,418585135,1085.0,1055.0,1055.0,0.0,458,1590,1055.0
2024-03-14,593619,617761120,1055.0,1030.0,1045.0,-10.0,648,1590,1045.0
2024-03-15,685878,728731150,1070.0,1040.0,1070.0,25.0,545,1590,1040.0
2024-03-18,292755,314027890,1085.0,1060.0,1070.0,0.0,409,1590,1060.0
2024-03-19,404613,428782170,1075.0,1050.0,1050.0,-20.0,570,1590,1060.0
2024-03-20,489163,522648010,1080.0,1045.0,1070.0,20.0,576,1590,1050.0
2024-03-21,381799,408896770,1090.0,1055.0,1070.0,0.0,549,1590,1075.0
2024-03-22,441668,476597685,1090.0,1060.0,1090.0,20.0,575,1590,1065.0
2024-03-25,666380,743619685,1140.0,1075.0,1115.0,25.0,990,1590,1080.0
2024-03-26,786914,874636125,1125.0,1095.0,1110.0,-5.0,907,1590,1115.0
2024-03-27,502458,565628245,1140.0,1110.0,1120.0,10.0,777,1590,1115.0
2024-03-28,619504,691127635,1140.0,1100.0,1110.0,-10.0,847,1590,1115.0
2024-03-29,359647,404492840,1135.0,1115.0,1120.0,10.0,458,1590,1120.0
2024-04-01,664164,761905270,1160.0,1130.0,1150.0,30.0,847,1590,1140.0
2024-04-02,662878,749553605,1155.0,1115.0,1125.0,-25.0,1096,1590,1145.0
2024-04-03,471190,526264105,1135.0,1095.0,1130.0,5.0,646,1590,1120.0
2024-04-08,1200806,1330938835,1130.0,1085.0,1125.0,-5.0,1112,1590,1105.0
2024-04-09,977076,1116558545,1160.0,1110.0,1160.0,35.0,989,1590,1120.0
2024-04-10,1123644,1328830335,1200.0,1155.0,1175.0,15.0,1315,1590,1160.0
2024-04-11,356413,413007420,1175.0,1150.0,1155.0,-20.0,497,1590,1175.0
2024-04-12,642584,738907105,1160.0,1130.0,1150.0,-5.0,506,1590,1155.0
2024-04-15,458708,520275840,1155.0,1125.0,1125.0,-25.0,537,1590,1140.0
2024-04-16,707811,770933125,1125.0,1070.0,1080.0,-45.0,1012,1590,1110.0
2024-04-17,738630,811777820,1125.0,1075.0,1115.0,35.0,780,1590,1085.0
2024-04-18,376466,419054830,1125.0,1105.0,1110.0,-5.0,413,1590,1115.0
2024-04-19,963907,1018023085,1090.0,1030.0,1055.0,-55.0,1156,1590,1090.0
2024-04-22,570453,614200420,1100.0,1055.0,1080.0,25.0,667,1590,1060.0
2024-04-23,344753,373335690,1100.0,1075.0,1080.0,0.0,391,1590,1085.0
2024-04-24,387218,437054190,1140.0,1110.0,1135.0,55.0,518,1590,1115.0
2024-04-25,518037,572231415,1110.0,1095.0,1105.0,-30.0,464,1590,1110.0
2024-04-26,281285,318926135,1155.0,1105.0,1140.0,35.0,450,1590,1105.0
2024-04-29,446503,509655380,1155.0,1125.0,1145.0,5.0,564,1590,1140.0
2024-04-30,554828,648634545,1190.0,1130.0,1160.0,15.0,727,1590,1130.0
2024-05-02,707811,800174095,1165.0,1110.0,1115.0,-45.0,933,1590,1155.0
2024-05-03,581757,647874575,1140.0,1090.0,1095.0,-20.0,706,1590,1130.0
2024-05-06,615129,668955690,1095.0,1075.0,1090.0,-5.0,714,1590,1095.0
2024-05-07,746031,817716424,1105.0,1085.0,1100.0,10.0,691,1590,1100.0
2024-05-08,378653,415646080,1110.0,1075.0,1105.0,5.0,446,1590,1110.0
2024-05-09,694312,793820385,1160.0,1105.0,1145.0,40.0,843,1590,1110.0
2024-05-10,326933,377730050,1165.0,1145.0,1165.0,20.0,487,1590,1150.0
2024-05-13,558935,653729770,1180.0,1150.0,1175.0,10.0,647,1590,1170.0
2024-05-14,412532,482550090,1190.0,1155.0,1175.0,0.0,593,1590,1175.0
2024-05-15,539322,641135940,1215.0,1170.0,1180.0,5.0,938,1590,1175.0
2024-05-16,575207,675218835,1210.0,1150.0,1160.0,-20.0,784,1590,1190.0
2024-05-17,752801,885423625,1195.0,1160.0,1185.0,25.0,741,1590,1160.0
2024-05-20,794301,965385950,1245.0,1190.0,1205.0,20.0,982,1590,1215.0
2024-05-21,509622,586727710,1200.0,1130.0,1135.0,-70.0,952,1590,1200.0
2024-05-22,302031,343768615,1150.0,1130.0,1135.0,0.0,415,1590,1140.0
2024-05-23,320240,359687470,1135.0,1110.0,1120.0,-15.0,447,1590,1125.0
2024-05-24,322189,354213485,1130.0,1090.0,1105.0,-15.0,706,1590,1130.0
2024-05-27,917893,1018342057,1130.0,1085.0,1120.0,15.0,1060,1590,1105.0
2024-05-28,473300,518696210,1110.0,1085.0,1085.0,-35.0,845,1590,1105.0
2024-05-29,1512213,1571689111,1075.0,1025.0,1030.0,-55.0,2327,1590,1065.0
2024-05-30,1780169,1797864826,1020.0,1000.0,1010.0,-20.0,1554,1590,1020.0
2024-05-31,1522266,1552682782,1035.0,1005.0,1020.0,10.0,987,1590,1015.0
2024-06-03,521092,543169800,1055.0,1020.0,1045.0,25.0,678,1590,1040.0
2024-06-04,392993,407512560,1055.0,1025.0,1030.0,-15.0,682,1590,1035.0
2024-06-05,394336,402514130,1030.0,1015.0,1015.0,-15.0,599,1590,1030.0
2024-06-06,397053,400301360,1020.0,1000.0,1000.0,-15.0,871,1590,1020.0
2024-06-07,321814,325231980,1020.0,1000.0,1010.0,10.0,465,1590,1005.0
2024-06-11,847956,836358673,1000.0,980.0,980.0,-30.0,1983,1590,998.0
2024-06-12,434699,430995225,997.0,981.0,991.0,11.0,622,1590,981.0
2024-06-13,857550,881931265,1040.0,1010.0,1025.0,34.0,1058,1590,1020.0
2024-06-14,389157,409173650,1060.0,1030.0,1050.0,25.0,640,1590,1035.0
2024-06-17,194555,202871780,1055.0,1035.0,1035.0,-15.0,425,1590,1050.0
2024-06-18,292815,304538365,1050.0,1030.0,1040.0,5.0,403,1590,1050.0
2024-06-19,387479,406191770,1060.0,1035.0,1040.0,0.0,469,1590,1045.0
2024-06-20,483957,504179280,1050.0,1030.0,1045.0,5.0,407,1590,1050.0
2024-06-21,1452598,1499926760,1045.0,1020.0,1035.0,-10.0,847,1590,1045.0
2024-06-24,302515,312917245,1045.0,1025.0,1030.0,-5.0,424,1590,1035.0
2024-06-25,281220,294829045,1055.0,1040.0,1055.0,25.0,410,1590,1050.0
2024-06-26,320501,336020700,1055.0,1035.0,1050.0,-5.0,363,1590,1050.0
2024-06-27,485748,505211159,1050.0,1030.0,1040.0,-10.0,461,1590,1040.0
2024-06-28,1498529,1501792011,1025.0,988.0,988.0,-52.0,3004,1590,1020.0
2024-07-01,779794,768920701,996.0,973.0,985.0,-3.0,1248,1590,973.0
2024-07-02,1111395,1077767311,982.0,956.0,972.0,-13.0,1673,1590,981.0
2024-07-03,1039047,1017611909,993.0,967.0,993.0,21.0,1042,1590,980.0
2024-07-04,313356,317713935,1020.0,1005.0,1015.0,22.0,644,1590,1005.0
2024-07-05,347386,352805737,1020.0,1010.0,1010.0,-5.0,462,1590,1020.0
2024-07-08,437968,444674345,1020.0,1000.0,1020.0,10.0,553,1590,1010.0
2024-07-09,722082,721336810,1020.0,994.0,995.0,-25.0,1043,1590,1020.0
2024-07-10,433394,427680803,993.0,982.0,985.0,-10.0,1751,1590,990.0
2024-07-11,803723,791444354,996.0,978.0,988.0,3.0,1126,1590,996.0
2024-07-12,193176,189820371,989.0,977.0,980.0,-8.0,600,1590,984.0
2024-07-15,397840,390936721,997.0,978.0,984.0,4.0,330,1590,997.0
2024-07-16,257513,252408502,986.0,976.0,977.0,-7.0,721,1590,984.0
2024-07-17,358822,349479467,983.0,968.0,972.0,-5.0,852,1590,978.0
2024-07-18,359210,351892616,989.0,965.0,976.0,4.0,711,1590,976.0
2024-07-19,278366,270438161,982.0,964.0,970.0,-6.0,591,1590,970.0
2024-07-22,326248,313897204,979.0,951.0,958.0,-12.0,722,1590,979.0
2024-07-23,255477,248176696,986.0,966.0,970.0,12.0,479,1590,967.0
2024-07-26,788211,688928212,891.0,873.0,873.0,-97.0,2617,1590,880.0
2024-07-29,1886403,1644344118,918.0,833.0,860.0,-13.0,2473,1590,835.0
2024-07-30,2250127,1871749728,850.0,824.0,840.0,-20.0,3460,1590,850.0
2024-07-31,664515,552871954,840.0,820.0,837.0,-3.0,1146,1590,836.0
2024-08-01,553388,473988438,876.0,847.0,855.0,18.0,940,1590,847.0
2024-08-02,495085,409772918,849.0,817.0,827.0,-28.0,1259,1590,820.0
2024-08-05,669125,501905937,771.0,745.0,759.0,-68.0,1628,1590,770.0
2024-08-06,594858,455068082,784.0,733.0,775.0,16.0,1034,1590,781.0
2024-08-07,827035,657183820,802.0,775.0,798.0,23.0,1259,1590,775.0
2024-08-08,817433,649794438,805.0,781.0,794.0,-4.0,758,1590,781.0
2024-08-09,1028343,832378588,824.0,796.0,802.0,8.0,1200,1590,803.0
2024-08-12,754892,609737882,823.0,801.0,803.0,1.0,728,1590,803.0
2024-08-13,311859,250207850,810.0,793.0,810.0,7.0,474,1590,807.0
2024-08-14,380744,308763318,830.0,802.0,805.0,-5.0,812,1590,830.0
2024-08-15,367279,295345572,818.0,799.0,802.0,-3.0,555,1590,818.0
2024-08-16,533061,428653551,815.0,800.0,803.0,1.0,699,1590,815.0
2024-08-19,716488,576019135,810.0,798.0,805.0,2.0,933,1590,809.0
2024-08-20,648785,553097600,868.0,813.0,860.0,55.0,1184,1590,813.0
2024-08-21,790066,687399799,888.0,857.0,864.0,4.0,1177,1590,885.0
2024-08-22,894427,768912645,871.0,852.0,852.0,-12.0,676,1590,867.0
2024-08-23,303696,258380772,858.0,839.0,855.0,3.0,414,1590,839.0
2024-08-26,426840,367719953,872.0,855.0,861.0,6.0,728,1590,861.0
2024-08-27,568015,498055464,884.0,862.0,874.0,13.0,902,1590,862.0
2024-08-28,475833,406783057,886.0,846.0,850.0,-24.0,935,1590,875.0
2024-08-29,358034,303847200,853.0,845.0,849.0,-1.0,680,1590,850.0
2024-08-30,558814,482526502,869.0,853.0,865.0,16.0,558,1590,853.0
2024-09-02,280261,243202256,880.0,863.0,864.0,-1.0,446,1590,872.0
2024-09-03,240520,208282625,872.0,856.0,864.0,0.0,405,1590,858.0
2024-09-04,747291,612490208,835.0,808.0,808.0,-56.0,1593,1590,832.0
2024-09-05,696696,568545073,823.0,804.0,810.0,2.0,626,1590,816.0
2024-09-06,220695,179432476,819.0,805.0,816.0,6.0,411,1590,815.0
2024-09-09,880134,685404036,794.0,766.0,776.0,-40.0,2258,1590,792.0
2024-09-10,814757,629793391,799.0,756.0,763.0,-13.0,1432,1590,785.0
2024-09-11,446145,348940483,796.0,767.0,784.0,21.0,756,1590,777.0
2024-09-12,253875,202555514,807.0,790.0,803.0,19.0,525,1590,799.0
2024-09-13,499030,394760313,805.0,783.0,789.0,-14.0,748,1590,803.0
2024-09-16,395663,308392614,790.0,774.0,774.0,-15.0,923,1590,785.0
2024-09-18,531095,406323750,772.0,759.0,761.0,-13.0,1261,1590,771.0
2024-09-19,1023441,778854140,770.0,749.0,769.0,8.0,1493,1590,761.0
2024-09-20,881718,693971448,806.0,780.0,783.0,14.0,1224,1590,780.0
2024-09-23,383809,308373724,813.0,785.0,806.0,23.0,708,1590,794.0
2024-09-24,373959,304270497,819.0,804.0,819.0,13.0,699,1590,804.0
2024-09-25,1545583,1360115331,896.0,846.0,874.0,55.0,2357,1590,896.0
2024-09-26,548524,468637990,869.0,846.0,854.0,0.0,1020,1590,854.0
2024-09-27,1142982,1061355257,939.0,896.0,939.0,85.0,1917,1590,902.0
2024-09-30,1844781,1696364854,942.0,896.0,913.0,-26.0,2248,1590,942.0
2024-10-01,1417676,1319616213,966.0,913.0,915.0,2.0,1812,1590,919.0
2024-10-04,2607570,2543377600,1005.0,916.0,999.0,84.0,3649,1590,916.0
2024-10-07,1593355,1600597323,1025.0,976.0,1015.0,16.0,2527,1590,1000.0
2024-10-08,1489686,1438739429,1015.0,942.0,955.0,-60.0,5931,1590,996.0
2024-10-09,975572,926842520,974.0,923.0,971.0,16.0,1373,1590,923.0
2024-10-11,1046849,976733240,966.0,914.0,923.0,-48.0,3699,1590,965.0
2024-10-14,827924,765845073,947.0,910.0,931.0,8.0,1240,1590,919.0
2024-10-15,781504,739153615,959.0,937.0,940.0,9.0,1092,1590,940.0
2024-10-16,823152,748563991,924.0,898.0,913.0,-27.0,1476,1590,913.0
2024-10-17,788522,717476152,919.0,888.0,913.0,0.0,1070,1590,888.0
2024-10-18,511064,466728070,942.0,901.0,910.0,-3.0,923,1590,930.0
2024-10-21,934733,870358929,946.0,912.0,930.0,20.0,1213,1590,924.0
2024-10-22,709469,648425576,927.0,906.0,914.0,-16.0,773,1590,921.0
2024-10-23,217081,197963719,918.0,906.0,917.0,3.0,484,1590,915.0
2024-10-24,306372,278323133,916.0,902.0,905.0,-12.0,565,1590,911.0
2024-10-25,402564,368040647,918.0,907.0,917.0,12.0,499,1590,914.0
2024-10-28,351313,321432729,928.0,906.0,917.0,0.0,568,1590,922.0
2024-10-29,313243,281409004,912.0,888.0,902.0,-15.0,738,1590,910.0
2024-10-30,512112,456938168,903.0,887.0,894.0,-8.0,881,1590,903.0
2024-11-01,1290580,1177872401,936.0,884.0,908.0,14.0,1520,1590,894.0
2024-11-04,436913,392738881,910.0,893.0,897.0,-11.0,896,1590,908.0
2024-11-05,709467,642352456,915.0,886.0,909.0,12.0,854,1590,897.0
2024-11-06,1100405,1037641971,958.0,906.0,947.0,38.0,1334,1590,908.0
2024-11-07,549681,517622871,954.0,931.0,940.0,-7.0,754,1590,940.0
2024-11-08,553068,517518296,943.0,930.0,931.0,-9.0,724,1590,942.0
2024-11-11,586472,536767585,930.0,908.0,927.0,-4.0,765,1590,930.0
2024-11-12,943613,846309873,933.0,876.0,876.0,-51.0,1826,1590,912.0
2024-11-13,1033049,896672307,894.0,858.0,870.0,-6.0,1476,1590,872.0
2024-11-14,533640,460572570,887.0,853.0,859.0,-11.0,1049,1590,870.0
2024-11-15,762519,648610827,867.0,845.0,847.0,-12.0,1357,1590,859.0
2024-11-18,918323,770981065,849.0,830.0,840.0,-7.0,1199,1590,846.0
2024-11-19,678602,572171458,856.0,831.0,846.0,6.0,1011,1590,842.0
2024-11-20,663594,546607613,846.0,814.0,823.0,-23.0,1869,1590,846.0
2024-11-21,785437,647245778,834.0,809.0,829.0,6.0,1089,1590,814.0
2024-11-22,361616,300969251,844.0,825.0,825.0,-4.0,593,1590,835.0
2024-11-25,682056,568034584,839.0,826.0,834.0,9.0,693,1590,838.0
2024-11-26,461053,379476124,839.0,812.0,812.0,-22.0,836,1590,818.0
2024-11-27,401587,322492807,822.0,795.0,795.0,-17.0,1107,1590,810.0
2024-11-28,403465,323171455,816.0,793.0,801.0,6.0,507,1590,816.0
2024-11-29,517661,409206009,799.0,779.0,790.0,-11.0,890,1590,791.0
2024-12-02,488748,390260821,811.0,791.0,791.0,1.0,795,1590,799.0
2024-12-03,499313,396898661,804.0,790.0,795.0,4.0,866,1590,804.0
2024-12-04,764487,613657890,816.0,795.0,800.0,5.0,1024,1590,799.0
2024-12-05,610561,487044205,807.0,794.0,795.0,-5.0,935,1590,804.0
2024-12-06,297772,240099006,812.0,798.0,804.0,9.0,637,1590,804.0
2024-12-09,648400,532320981,828.0,804.0,825.0,21.0,1100,1590,812.0
2024-12-10,1824573,1595642307,906.0,860.0,867.0,42.0,2515,1590,885.0
2024-12-11,813111,704304607,880.0,855.0,855.0,-12.0,1240,1590,857.0
2024-12-12,664630,560766642,864.0,832.0,833.0,-22.0,1186,1590,864.0
2024-12-13,551314,465122312,853.0,837.0,840.0,7.0,690,1590,849.0
2024-12-16,561039,468578872,856.0,823.0,831.0,-9.0,929,1590,840.0
2024-12-17,669168,566370995,861.0,824.0,846.0,15.0,1059,1590,831.0
2024-12-18,655033,567761707,878.0,846.0,868.0,22.0,1128,1590,846.0
2024-12-19,840641,700309423,846.0,828.0,828.0,-40.0,1993,1590,845.0
2024-12-20,3518113,2786678041,826.0,785.0,788.0,-40.0,2964,1590,820.0
2024-12-23,750800,605795715,820.0,792.0,819.0,31.0,1119,1590,801.0
2024-12-24,442884,369805414,845.0,819.0,836.0,17.0,849,1590,820.0
2024-12-25,246977,207363941,850.0,830.0,839.0,3.0,523,1590,845.0
2024-12-26,129600,108948437,848.0,834.0,840.0,1.0,380,1590,845.0
2024-12-27,198958,166534949,840.0,832.0,839.0,-1.0,374,1590,836.0
2024-12-30,177809,147597332,843.0,826.0,830.0,-9.0,531,1590,843.0
2024-12-31,380630,317914806,848.0,816.0,844.0,14.0,704,1590,826.0
2025-01-02,392337,332115085,855.0,839.0,849.0,5.0,794,1590,841.0
2025-01-03,456764,391779309,872.0,846.0,848.0,-1.0,847,1590,857.0
2025-01-06,223053,190592913,859.0,848.0,856.0,8.0,481,1590,854.0
2025-01-07,752048,658622987,893.0,856.0,867.0,11.0,1380,1590,856.0
2025-01-08,575815,503229499,884.0,865.0,875.0,8.0,945,1590,872.0
2025-01-09,807809,694587705,881.0,847.0,849.0,-26.0,1793,1590,879.0
2025-01-10,389962,334424184,865.0,842.0,855.0,6.0,601,1590,843.0
2025-01-13,653838,545915309,853.0,819.0,836.0,-19.0,1092,1590,849.0
2025-01-14,711016,607771577,875.0,839.0,862.0,26.0,949,1590,849.0
2025-01-15,721409,615418391,877.0,833.0,839.0,-23.0,968,1590,862.0
2025-01-16,715791,617970107,885.0,849.0,850.0,11.0,1048,1590,864.0
2025-01-17,741610,639300142,869.0,856.0,863.0,13.0,456,1590,859.0
2025-01-20,690887,609680775,890.0,868.0,890.0,27.0,1132,1590,879.0
2025-01-21,387446,341704494,892.0,874.0,880.0,-10.0,662,1590,890.0
2025-01-22,414261,361921233,888.0,865.0,871.0,-9.0,685,1590,880.0
2025-02-03,1018799,880683679,882.0,828.0,862.0,-9.0,1566,1590,830.0
2025-02-04,457058,394795782,878.0,852.0,862.0,0.0,690,1590,878.0
2025-02-05,382913,335738132,889.0,870.0,874.0,12.0,677,1590,873.0
2025-02-06,2882554,2673632781,945.0,909.0,940.0,66.0,3380,1590,915.0
2025-02-07,2131598,1988844989,948.0,913.0,934.0,-6.0,2276,1590,940.0
2025-02-10,1241043,1144801151,933.0,887.0,930.0,-4.0,1591,1590,915.0
2025-02-11,1854018,1742579452,960.0,922.0,951.0,21.0,2110,1590,949.0
2025-02-12,673020,631929620,950.0,928.0,932.0,-19.0,1361,1590,950.0
2025-02-13,992404,932077158,953.0,921.0,945.0,13.0,1371,1590,932.0
2025-02-14,953967,906663930,964.0,930.0,951.0,6.0,1447,1590,937.0
2025-02-17,2028705,1969149941,984.0,946.0,983.0,32.0,2784,1590,951.0
2025-02-18,1303809,1265394889,983.0,961.0,970.0,-13.0,1995,1590,983.0
2025-02-19,531132,510064817,970.0,954.0,962.0,-8.0,1061,1590,970.0
2025-02-20,936332,903314187,977.0,952.0,972.0,10.0,1244,1590,977.0
2025-02-21,705031,681636011,975.0,951.0,975.0,3.0,1082,1590,968.0
2025-02-24,1428161,1383847800,980.0,957.0,974.0,-1.0,969,1590,966.0
2025-02-25,674451,646711247,969.0,951.0,951.0,-23.0,1028,1590,958.0
2025-02-26,1069137,1009420124,963.0,938.0,944.0,-7.0,1836,1590,950.0
2025-02-27,2046801,1980870495,981.0,946.0,970.0,26.0,1878,1590,948.0
2025-03-03,1120190,1072622849,983.0,944.0,951.0,-19.0,1485,1590,978.0
2025-03-04,977990,907114875,936.0,914.0,925.0,-26.0,1719,1590,935.0
2025-03-05,956666,901122969,966.0,921.0,949.0,24.0,959,1590,922.0
2025-03-06,472485,444020327,952.0,935.0,936.0,-13.0,767,1590,940.0
2025-03-07,672351,637600887,960.0,930.0,951.0,15.0,882,1590,930.0
2025-03-10,1354428,1316135258,988.0,954.0,964.0,13.0,1971,1590,955.0
2025-03-11,719795,671243207,948.0,910.0,941.0,-23.0,938,1590,910.0
2025-03-12,742068,706700759,960.0,944.0,953.0,12.0,590,1590,950.0
2025-03-13,470887,445895867,965.0,932.0,938.0,-15.0,700,1590,961.0
2025-03-14,530238,495896317,955.0,921.0,929.0,-9.0,704,1590,945.0
2025-03-17,1275844,1243634792,987.0,942.0,967.0,38.0,1745,1590,942.0
2025-03-18,1450397,1428132587,1005.0,964.0,981.0,14.0,2146,1590,968.0
2025-03-19,2650306,2666538943,1040.0,981.0,981.0,0.0,4297,1590,990.0
2025-03-20,1449453,1417682017,1000.0,965.0,975.0,-6.0,2321,1590,1000.0
2025-03-21,1006560,963748720,975.0,943.0,951.0,-24.0,2031,1590,975.0
2025-03-24,646195,599553867,958.0,912.0,913.0,-38.0,2407,1590,955.0
2025-03-25,956135,884915115,939.0,911.0,928.0,15.0,1173,1590,914.0
2025-03-26,426331,398671886,943.0,920.0,943.0,15.0,664,1590,923.0
2025-03-27,439357,412760382,949.0,920.0,942.0,-1.0,533,1590,927.0
2025-03-28,694503,630282489,934.0,891.0,895.0,-47.0,1408,1590,934.0
2025-03-31,950921,800857308,882.0,831.0,831.0,-64.0,1593,1590,869.0
2025-04-01,618257,523414134,860.0,828.0,853.0,22.0,828,1590,831.0
2025-04-02,1306495,1158802401,905.0,854.0,900.0,47.0,1476,1590,856.0
2025-04-07,445804,361101240,810.0,810.0,810.0,-90.0,477,1590,810.0
2025-04-08,1949267,1444250319,763.0,729.0,750.0,-60.0,2284,1590,730.0
2025-04-09,2163476,1516854113,740.0,675.0,675.0,-75.0,2545,1590,730.0
2025-04-10,1936956,1436228352,742.0,725.0,742.0,67.0,993,1590,742.0
2025-04-11,2304964,1711284151,758.0,695.0,750.0,8.0,2232,1590,701.0
2025-04-14,1653792,1324594766,825.0,780.0,802.0,52.0,1736,1590,825.0
2025-04-15,959091,775061265,813.0,802.0,810.0,8.0,1074,1590,804.0
2025-04-16,2554090,2103824226,856.0,810.0,817.0,7.0,2144,1590,856.0
2025-04-17,952695,759128415,809.0,781.0,800.0,-17.0,1249,1590,807.0
2025-04-18,531745,432122205,824.0,801.0,811.0,11.0,635,1590,806.0
2025-04-21,557942,443501460,806.0,787.0,793.0,-18.0,795,1590,806.0
2025-04-22,542394,426319098,806.0,778.0,782.0,-11.0,745,1590,793.0
2025-04-23,783842,636114703,825.0,790.0,808.0,26.0,939,1590,790.0
2025-04-24,822016,651801207,815.0,784.0,792.0,-16.0,1075,1590,815.0
2025-04-25,918199,750348133,826.0,807.0,817.0,25.0,867,1590,817.0
2025-04-28,542713,444783475,823.0,811.0,822.0,5.0,556,1590,819.0
2025-04-29,1183228,981499587,845.0,808.0,839.0,17.0,1317,1590,822.0
2025-04-30,2485429,2212265641,911.0,875.0,880.0,41.0,2748,1590,897.0
2025-05-02,1495846,1358439426,920.0,900.0,905.0,25.0,1670,1590,907.0
2025-05-05,548426,484500877,902.0,867.0,885.0,-20.0,1177,1590,901.0
2025-05-06,1279948,1161217449,915.0,895.0,912.0,27.0,1373,1590,900.0
2025-05-07,823220,749331352,928.0,901.0,901.0,-11.0,1118,1590,915.0
2025-05-08,1009500,896512120,895.0,881.0,888.0,-13.0,778,1590,882.0
2025-05-09,1170857,1036575446,898.0,873.0,887.0,-1.0,1117,1590,894.0
2025-05-12,555621,504687096,920.0,898.0,908.0,21.0,704,1590,900.0
2025-05-13,1332260,1230150212,948.0,908.0,921.0,13.0,1533,1590,948.0
2025-05-14,1502967,1403107436,941.0,921.0,939.0,18.0,1526,1590,927.0
2025-05-15,1078521,1013665665,950.0,930.0,937.0,-2.0,901,1590,944.0
2025-05-16,841867,786193530,940.0,928.0,935.0,-2.0,1027,1590,937.0
2025-05-19,733727,680752800,944.0,917.0,923.0,-12.0,755,1590,940.0
2025-05-20,651987,609427341,943.0,924.0,934.0,11.0,778,1590,931.0
2025-05-21,426496,396453458,940.0,922.0,935.0,1.0,492,1590,934.0
2025-05-22,295982,275741272,940.0,927.0,930.0,-5.0,402,1590,934.0
2025-05-23,907652,860044392,964.0,930.0,930.0,0.0,1140,1590,956.0
2025-05-26,641960,605839516,950.0,938.0,944.0,14.0,846,1590,943.0
2025-05-27,774388,705470434,936.0,895.0,898.0,-46.0,1422,1590,935.0
2025-05-28,583920,531118774,922.0,902.0,911.0,13.0,489,1590,922.0
2025-05-29,1477598,1385878243,947.0,925.0,933.0,22.0,1591,1590,941.0
2025-06-02,977267,913525940,957.0,920.0,924.0,-9.0,1132,1590,949.0
2025-06-03,789345,744193490,948.0,933.0,943.0,19.0,892,1590,933.0
2025-06-04,668083,632375148,958.0,941.0,950.0,7.0,744,1590,950.0
2025-06-05,594230,557234895,956.0,927.0,927.0,-23.0,907,1590,952.0
2025-06-06,596260,549950490,929.0,909.0,923.0,-4.0,419,1590,923.0
2025-06-09,329486,303985798,932.0,916.0,924.0,1.0,409,1590,928.0
2025-06-10,495594,457745342,933.0,919.0,921.0,-3.0,540,1590,933.0
2025-06-11,396582,365980278,925.0,916.0,922.0,1.0,477,1590,916.0
2025-06-12,578811,529016680,921.0,903.0,913.0,-9.0,783,1590,921.0
2025-06-13,973621,853819429,896.0,870.0,872.0,-41.0,1793,1590,896.0
2025-06-16,389030,338450001,879.0,866.0,867.0,-5.0,761,1590,868.0
2025-06-17,500973,437044070,878.0,868.0,872.0,5.0,600,1590,870.0
2025-06-18,896430,802098680,902.0,869.0,902.0,30.0,734,1590,879.0
2025-06-19,447883,392287460,902.0,866.0,866.0,-36.0,957,1590,902.0
2025-06-20,535150,460680146,877.0,853.0,862.0,-4.0,646,1590,877.0
2025-06-23,509479,431761259,858.0,833.0,847.0,-15.0,657,1590,833.0
2025-06-24,378927,326054640,874.0,850.0,862.0,15.0,559,1590,874.0
2025-06-25,571999,495775254,880.0,862.0,865.0,3.0,715,1590,869.0
2025-06-26,403021,350037899,879.0,862.0,863.0,-2.0,553,1590,871.0
2025-06-27,461553,402887417,882.0,864.0,868.0,5.0,649,1590,868.0
2025-06-30,638528,560853320,889.0,871.0,871.0,3.0,610,1590,875.0
2025-07-01,643268,565042037,886.0,868.0,876.0,5.0,682,1590,882.0
2025-07-02,330374,292759817,896.0,876.0,884.0,8.0,449,1590,877.0
2025-07-03,263418,235028215,902.0,885.0,893.0,9.0,402,1590,895.0
2025-07-04,611689,532080504,890.0,858.0,861.0,-32.0,1066,1590,886.0
2025-07-07,425064,358831178,861.0,838.0,845.0,-16.0,649,1590,861.0
2025-07-08,400731,335251429,848.0,831.0,836.0,-9.0,696,1590,848.0
2025-07-09,405098,344131578,860.0,835.0,852.0,16.0,495,1590,835.0
2025-07-10,548597,470559721,863.0,849.0,860.0,8.0,405,1590,856.0
2025-07-11,398161,345614149,876.0,855.0,866.0,6.0,473,1590,863.0
2025-07-14,315456,273578973,881.0,857.0,866.0,0.0,484,1590,868.0
2025-07-15,309465,268356610,875.0,860.0,866.0,0.0,404,1590,866.0
2025-07-16,519892,450305949,874.0,850.0,870.0,4.0,574,1590,851.0
2025-07-17,262143,228964081,879.0,867.0,874.0,4.0,404,1590,878.0
2025-07-18,555706,482415973,882.0,858.0,860.0,-14.0,770,1590,874.0
2025-07-21,549112,475257969,869.0,860.0,865.0,5.0,649,1590,865.0
2025-07-22,496514,422656041,871.0,838.0,838.0,-27.0,883,1590,865.0
2025-07-23,761452,656837237,869.0,841.0,867.0,29.0,894,1590,851.0
2025-07-24,772828,674443820,879.0,862.0,875.0,8.0,794,1590,862.0
2025-07-25,417010,362040578,874.0,862.0,868.0,-7.0,347,1590,864.0
2025-07-28,128650,111560140,875.0,861.0,866.0,-2.0,278,1590,875.0
2025-07-29,362454,310725064,861.0,850.0,859.0,-7.0,578,1590,861.0
2025-07-30,730836,632414806,871.0,855.0,866.0,7.0,512,1590,856.0
2025-07-31,865427,738491085,867.0,849.0,856.0,-10.0,954,1590,858.0
2025-08-01,1430772,1159667301,841.0,793.0,805.0,-51.0,3037,1590,841.0
2025-08-04,1204606,948062525,792.0,776.0,790.0,-15.0,2224,1590,788.0
2025-08-05,779475,632151420,823.0,801.0,805.0,15.0,1259,1590,816.0
2025-08-06,1047488,841836499,814.0,800.0,801.0,-4.0,1049,1590,806.0
2025-08-07,648906,524486015,817.0,803.0,805.0,4.0,996,1590,810.0
2025-08-08,300424,241921968,809.0,797.0,808.0,3.0,596,1590,805.0
2025-08-11,640089,509731627,805.0,791.0,797.0,-11.0,1201,1590,800.0
2025-08-12,545369,432168807,800.0,788.0,795.0,-2.0,1299,1590,797.0
2025-08-13,514059,405453960,802.0,783.0,784.0,-11.0,1313,1590,795.0
2025-08-14,640204,508484372,802.0,781.0,799.0,15.0,945,1590,784.0
2025-08-15,252349,200199529,802.0,786.0,799.0,0.0,661,1590,799.0
2025-08-18,247363,197406945,806.0,786.0,798.0,-1.0,621,1590,793.0
2025-08-19,479007,376369911,792.0,781.0,781.0,-17.0,1642,1590,790.0
2025-08-20,544015,424814279,790.0,776.0,777.0,-4.0,968,1590,788.0
2025-08-21,849034,669530829,796.0,777.0,790.0,13.0,927,1590,777.0
2025-08-22,1372302,1106699720,815.0,791.0,805.0,15.0,2332,1590,791.0
2025-08-25,3313685,2572316802,822.0,808.0,816.0,11.0,1431,1590,812.0
2025-08-26,1183295,969130191,825.0,815.0,816.0,0.0,2067,1590,817.0
2025-08-27,591231,482716395,823.0,810.0,816.0,0.0,1166,1590,818.0
2025-08-28,1258018,1012066737,813.0,800.0,800.0,-16.0,3290,1590,813.0
2025-08-29,1680032,1325927271,797.0,782.0,789.0,-11.0,3236,1590,795.0
2025-09-01,1332894,1039478788,790.0,774.0,777.0,-12.0,2145,1590,784.0
2025-09-02,700685,545807074,789.0,770.0,781.0,4.0,1262,1590,786.0
2025-09-03,751338,594604023,799.0,786.0,794.0,13.0,1124,1590,787.0
2025-09-04,566692,451312208,805.0,791.0,793.0,-1.0,688,1590,805.0
2025-09-05,428657,338043824,799.0,786.0,787.0,-6.0,1047,1590,799.0
2025-09-08,266277,208904056,794.0,781.0,784.0,-3.0,759,1590,788.0
2025-09-09,1155233,917470500,799.0,788.0,792.0,8.0,1483,1590,788.0
2025-09-10,933207,738928174,803.0,787.0,787.0,-5.0,1427,1590,796.0
2025-09-11,712348,554949759,789.0,774.0,776.0,-11.0,2477,1590,788.0
2025-09-12,450947,352333333,786.0,775.0,781.0,5.0,924,1590,780.0
2025-09-15,733424,568750825,781.0,772.0,774.0,-7.0,1601,1590,781.0
2025-09-16,1144115,874502294,773.0,759.0,763.0,-11.0,3079,1590,772.0
2025-09-17,1142568,874279585,775.0,756.0,762.0,-1.0,1714,1590,760.0
2025-09-18,894368,688059479,775.0,757.0,774.0,12.0,1153,1590,761.0
2025-09-19,1190923,918674509,781.0,766.0,770.0,-4.0,1125,1590,778.0
2025-09-22,1177434,913295183,782.0,764.0,782.0,12.0,1815,1590,777.0
2025-09-23,1011436,778697611,777.0,763.0,765.0,0.0,2058,1590,770.0
2025-09-24,781963,595347785,768.0,759.0,760.0,-5.0,1302,1590,768.0
2025-09-25,570018,431184742,766.0,753.0,756.0,-4.0,1376,1590,766.0
2025-09-26,718412,539252112,760.0,746.0,750.0,-6.0,1371,1590,760.0
2025-09-30,1354689,1019105444,761.0,745.0,753.0,3.0,1202,1590,757.0
2025-10-01,632413,473777623,761.0,741.0,741.0,-12.0,1388,1590,757.0
2025-10-02,991484,754348381,770.0,748.0,770.0,29.0,1314,1590,748.0
2025-10-03,3219176,2602785536,821.0,794.0,810.0,40.0,4933,1590,795.0
2025-10-07,3298060,2760797405,844.0,824.0,844.0,34.0,3686,1590,828.0
2025-10-08,3343008,2907214693,883.0,846.0,878.0,34.0,5385,1590,850.0
2025-10-09,1163995,1009202842,878.0,857.0,869.0,-9.0,2154,1590,878.0
2025-10-13,1245905,1070440939,869.0,840.0,861.0,-8.0,1935,1590,847.0
2025-10-14,1570439,1373541027,885.0,862.0,871.0,10.0,2909,1590,867.0
2025-10-15,1896933,1694814810,910.0,866.0,902.0,31.0,3004,1590,874.0
2025-10-16,1941788,1771424495,932.0,898.0,903.0,1.0,2799,1590,918.0
2025-10-17,1061434,936936869,905.0,870.0,874.0,-29.0,6549,1590,903.0
2025-10-20,583434,509984012,883.0,863.0,874.0,0.0,1544,1590,878.0
2025-10-21,716854,637041078,893.0,880.0,893.0,19.0,1204,1590,885.0
2025-10-22,690420,626121207,912.0,901.0,906.0,13.0,1276,1590,901.0
2025-10-23,735320,668768489,918.0,897.0,912.0,6.0,1235,1590,906.0
2025-10-27,554815,507304275,930.0,903.0,914.0,2.0,1238,1590,921.0
2025-10-28,782194,706132616,914.0,890.0,905.0,-9.0,1026,1590,914.0
2025-10-29,857178,768351656,905.0,885.0,900.0,-5.0,1129,1590,905.0
2025-10-30,624477,564032976,911.0,892.0,904.0,4.0,904,1590,892.0
2025-10-31,861850,785892094,920.0,900.0,911.0,7.0,1647,1590,918.0
2025-11-03,764617,710062593,953.0,914.0,920.0,9.0,4036,1590,931.0
2025-11-04,1582544,1499537663,960.0,922.0,943.0,23.0,2423,1590,922.0
2025-11-05,1787358,1710943292,973.0,922.0,970.0,27.0,2491,1590,938.0
2025-11-06,701942,689606733,995.0,975.0,982.0,12.0,1065,1590,988.0
2025-11-07,434698,423342574,991.0,961.0,970.0,-12.0,1696,1590,979.0
2025-11-10,305934,295507310,975.0,956.0,966.0,-4.0,731,1590,960.0
2025-11-11,343526,329823207,972.0,947.0,961.0,-5.0,778,1590,972.0
2025-11-12,1007036,985629912,994.0,966.0,977.0,16.0,1455,1590,970.0
2025-11-13,681955,657007698,967.0,954.0,965.0,-12.0,901,1590,967.0
2025-11-14,531300,512157039,977.0,956.0,956.0,-9.0,951,1590,965.0
2025-11-17,505488,483364433,972.0,948.0,954.0,-2.0,816,1590,957.0
2025-11-18,2563847,2379445258,944.0,910.0,910.0,-44.0,2320,1590,940.0
2025-11-19,644980,580270437,915.0,890.0,894.0,-16.0,2083,1590,912.0
2025-11-20,528155,478036348,922.0,897.0,902.0,8.0,1066,1590,920.0
2025-11-21,735611,647362859,900.0,873.0,878.0,-24.0,1457,1590,894.0
2025-11-24,1241003,1109849036,902.0,882.0,893.0,15.0,757,1590,892.0
2025-11-25,442269,402270273,930.0,897.0,901.0,8.0,741,1590,920.0
2025-11-26,584303,523468884,902.0,888.0,895.0,-6.0,1129,1590,893.0
2025-11-27,805682,721696275,907.0,883.0,897.0,2.0,1162,1590,895.0
2025-11-28,357659,322140618,913.0,893.0,903.0,6.0,1401,1590,903.0
2025-12-01,633925,564686028,911.0,874.0,875.0,-28.0,9813,1590,909.0
2025-12-02,483376,426239214,891.0,866.0,885.0,10.0,1412,1590,881.0
2025-12-03,789485,706855723,912.0,889.0,896.0,11.0,942,1590,908.0
2025-12-04,884548,807227877,924.0,907.0,910.0,14.0,1079,1590,911.0
2025-12-05,801200,735295335,925.0,911.0,915.0,5.0,935,1590,915.0
2025-12-08,563271,515790765,921.0,908.0,917.0,2.0,1101,1590,911.0
2025-12-09,355771,327772001,929.0,917.0,921.0,4.0,525,1590,922.0
2025-12-10,414651,377761276,923.0,904.0,904.0,-17.0,660,1590,912.0
2025-12-11,659672,604990353,925.0,905.0,917.0,13.0,819,1590,908.0
2025-12-12,1306442,1248894248,980.0,925.0,973.0,56.0,2046,1590,925.0
2025-12-15,433276,417469243,970.0,954.0,968.0,-5.0,823,1590,955.0
2025-12-16,700669,660097024,952.0,933.0,940.0,-28.0,920,1590,949.0
2025-12-17,516749,485682983,953.0,927.0,928.0,-12.0,1546,1590,949.0
2025-12-18,578679,524395894,923.0,901.0,905.0,-23.0,979,1590,922.0
2025-12-19,741165,684388574,929.0,913.0,922.0,17.0,604,1590,913.0
2025-12-22,307510,288939988,945.0,922.0,941.0,19.0,558,1590,922.0
2025-12-23,266220,251879560,957.0,940.0,941.0,0.0,416,1590,942.0
2025-12-24,316627,301701530,961.0,944.0,949.0,8.0,557,1590,952.0
2025-12-26,89731,84707703,952.0,938.0,939.0,-10.0,251,1590,938.0
2025-12-29,160186,148910480,943.0,924.0,932.0,-7.0,438,1590,943.0
2025-12-30,251139,236212872,946.0,933.0,942.0,10.0,354,1590,943.0
2025-12-31,167548,156319209,941.0,928.0,930.0,-12.0,357,1590,933.0
2026-01-02,473509,455621520,975.0,940.0,956.0,26.0,1010,1590,940.0
2026-01-05,254746,244301771,965.0,946.0,962.0,6.0,653,1590,955.0
2026-01-06,798564,786412391,1010.0,963.0,970.0,8.0,1578,1590,972.0
2026-01-07,620528,611667517,1000.0,977.0,980.0,10.0,1095,1590,979.0
2026-01-08,464433,455058556,990.0,971.0,982.0,2.0,720,1590,990.0
2026-01-09,838769,836933795,1010.0,982.0,1000.0,18.0,1303,1590,982.0
2026-01-12,692530,674541395,1010.0,961.0,970.0,-30.0,1611,1590,1005.0
2026-01-13,383786,378011621,996.0,966.0,992.0,22.0,800,1590,977.0
2026-01-14,718264,726135266,1040.0,995.0,1000.0,8.0,1386,1590,1000.0
2026-01-15,542278,545562687,1020.0,991.0,1015.0,15.0,772,1590,1000.0
2026-01-16,308749,313528045,1020.0,1005.0,1020.0,5.0,566,1590,1015.0
2026-01-19,283098,286967870,1025.0,1000.0,1015.0,-5.0,615,1590,1005.0
2026-01-20,395509,403662389,1035.0,998.0,1025.0,10.0,594,1590,1005.0
2026-01-21,628820,640231481,1030.0,1000.0,1025.0,0.0,991,1590,1000.0
2026-01-22,1665268,1683307755,1025.0,991.0,1015.0,-10.0,976,1590,1015.0
2026-01-23,754074,770760815,1050.0,1000.0,1020.0,5.0,992,1590,1020.0
2026-01-26,472171,474521895,1030.0,997.0,1005.0,-15.0,778,1590,1030.0
2026-01-27,653181,668795185,1035.0,1015.0,1025.0,20.0,865,1590,1020.0
2026-01-28,596106,604149325,1025.0,1000.0,1025.0,0.0,791,1590,1015.0
2026-01-29,933715,970560640,1065.0,1020.0,1040.0,15.0,1219,1590,1030.0
2026-01-30,2215064,2513966235,1140.0,1105.0,1140.0,100.0,2435,1590,1110.0
2026-02-02,2156560,2502329820,1195.0,1130.0,1170.0,30.0,2600,1590,1135.0
2026-02-03,2720797,3169398955,1185.0,1140.0,1175.0,5.0,1761,1590,1160.0
2026-02-04,1837739,2237692495,1250.0,1175.0,1210.0,35.0,2090,1590,1195.0
2026-02-05,2072497,2575360130,1260.0,1185.0,1245.0,35.0,2212,1590,1200.0
2026-02-06,1327156,1596935288,1250.0,1180.0,1195.0,-50.0,1813,1590,1250.0
2026-02-09,693873,847534045,1245.0,1195.0,1215.0,20.0,1013,1590,1240.0
2026-02-10,831286,1012052325,1230.0,1190.0,1230.0,15.0,961,1590,1200.0
2026-02-11,994396,1200217955,1275.0,1190.0,1200.0,-30.0,1477,1590,1260.0
2026-02-23,1789895,2104353100,1250.0,1150.0,1175.0,-25.0,2211,1590,1220.0
2026-02-24,879829,1036839650,1190.0,1160.0,1185.0,10.0,1027,1590,1180.0
2026-02-25,824962,982241684,1210.0,1180.0,1190.0,5.0,906,1590,1205.0
2026-02-26,1339131,1628267345,1250.0,1195.0,1205.0,15.0,1497,1590,1220.0
2026-03-02,1066789,1314149610,1265.0,1135.0,1245.0,40.0,1403,1590,1135.0
2026-03-03,1078796,1288620900,1240.0,1175.0,1185.0,-60.0,2246,1590,1240.0
2026-03-04,1642822,1820334611,1155.0,1085.0,1105.0,-80.0,2094,1590,1130.0
2026-03-05,922839,1021177255,1150.0,1080.0,1090.0,-15.0,1473,1590,1130.0
2026-03-06,1111123,1155656505,1080.0,1025.0,1040.0,-50.0,1954,1590,1075.0
2026-03-09,1651415,1597389277,998.0,943.0,969.0,-71.0,2358,1590,987.0
2026-03-10,1278328,1240284604,998.0,954.0,970.0,1.0,1980,1590,989.0
2026-03-11,1938322,1976590135,1040.0,976.0,1035.0,65.0,1978,1590,983.0
2026-03-12,1319114,1369201030,1060.0,1010.0,1030.0,-5.0,1512,1590,1030.0
2026-03-13,584909,597424745,1035.0,1005.0,1020.0,-10.0,757,1590,1010.0
2026-03-16,551964,561495040,1030.0,1005.0,1015.0,-5.0,778,1590,1020.0
2026-03-17,530350,549114005,1060.0,1020.0,1025.0,10.0,752,1590,1020.0
2026-03-18,976688,1012325025,1065.0,1015.0,1025.0,0.0,1194,1590,1065.0
2026-03-19,600512,592509811,1010.0,977.0,978.0,-47.0,1939,1590,1010.0
2026-03-20,732992,717398546,984.0,966.0,981.0,3.0,1079,1590,974.0
2026-03-23,312605,300931807,973.0,946.0,963.0,-18.0,790,1590,948.0
2026-03-24,556369,534817738,992.0,952.0,953.0,-10.0,901,1590,975.0
2026-03-25,703055,703413055,1010.0,989.0,1010.0,57.0,1087,1590,990.0
2026-03-26,1018143,1043183883,1070.0,1005.0,1005.0,-5.0,1233,1590,1070.0
2026-03-27,390301,383463653,992.0,973.0,990.0,-15.0,829,1590,980.0
2026-03-30,413083,407238741,1000.0,970.0,987.0,-3.0,705,1590,970.0
2026-03-31,1140983,1145385858,1040.0,977.0,993.0,6.0,1378,1590,977.0
2026-04-01,758692,775746610,1045.0,1005.0,1025.0,32.0,976,1590,1040.0
2026-04-02,780687,784752571,1040.0,991.0,996.0,-29.0,1017,1590,1025.0
2026-04-07,844253,875197440,1050.0,1020.0,1030.0,34.0,1107,1590,1050.0
2026-04-08,974666,1055299465,1110.0,1050.0,1075.0,45.0,1452,1590,1055.0
2026-04-09,736546,794169260,1105.0,1060.0,1075.0,0.0,988,1590,1090.0
2026-04-10,1143757,1266154075,1120.0,1080.0,1115.0,40.0,1351,1590,1080.0
2026-04-13,2154865,2377062550,1125.0,1085.0,1095.0,-20.0,1039,1590,1125.0
2026-04-14,454672,507265230,1130.0,1095.0,1115.0,20.0,807,1590,1115.0
2026-04-15,1148433,1344436855,1210.0,1115.0,1185.0,70.0,1861,1590,1125.0
2026-04-16,1959373,2394622850,1245.0,1180.0,1225.0,40.0,1741,1590,1220.0
2026-04-17,1486379,1820660200,1255.0,1185.0,1255.0,30.0,1826,1590,1215.0
2026-04-20,1866937,2411864855,1365.0,1255.0,1275.0,20.0,2466,1590,1260.0
2026-04-21,1417954,1788179275,1280.0,1240.0,1265.0,-10.0,1685,1590,1250.0
2026-04-22,1974191,2568753840,1355.0,1215.0,1325.0,60.0,2422,1590,1215.0
2026-04-23,3099971,4332117345,1455.0,1330.0,1380.0,55.0,3753,1590,1390.0
2026-04-24,2901321,3902095430,1380.0,1280.0,1360.0,-20.0,3004,1590,1315.0
2026-04-27,1932382,2747238805,1480.0,1385.0,1410.0,50.0,2569,1590,1440.0
2026-04-28,1958675,2748251325,1430.0,1365.0,1405.0,-5.0,2272,1590,1370.0
2026-04-29,2626994,3879857585,1500.0,1405.0,1490.0,85.0,3386,1590,1420.0
2026-04-30,2744949,4125279245,1580.0,1455.0,1455.0,-35.0,4246,1590,1565.0
2026-05-04,1428289,2091771565,1495.0,1440.0,1470.0,15.0,2669,1590,1455.0
2026-05-05,1158509,1665670370,1460.0,1415.0,1440.0,-30.0,2174,1590,1455.0
2026-05-06,1062492,1523087000,1475.0,1405.0,1435.0,-5.0,1953,1590,1435.0
2026-05-07,1338412,1981947355,1510.0,1445.0,1490.0,55.0,2162,1590,1455.0
2026-05-08,1622930,2423518700,1515.0,1470.0,1505.0,15.0,2052,1590,1515.0
2026-05-11,1532167,2371869295,1600.0,1515.0,1550.0,45.0,2185,1590,1540.0
2026-05-12,787360,1210388260,1560.0,1520.0,1535.0,-15.0,1519,1590,1560.0
2026-05-13,942844,1382078710,1485.0,1435.0,1480.0,-55.0,1773,1590,1480.0
2026-05-14,897053,1313168020,1520.0,1440.0,1465.0,-15.0,1504,1590,1470.0
2026-05-15,1939058,2828867459,1475.0,1430.0,1465.0,0.0,1417,1590,1475.0
2026-05-18,761913,1093258075,1475.0,1400.0,1450.0,-15.0,1387,1590,1475.0
2026-05-19,984794,1408101800,1480.0,1410.0,1430.0,-20.0,1275,1590,1475.0
2026-05-20,592255,839341675,1445.0,1395.0,1405.0,-25.0,996,1590,1445.0
2026-05-21,786821,1123771960,1450.0,1390.0,1420.0,15.0,961,1590,1395.0
2026-05-22,1344880,1883790100,1450.0,1375.0,1410.0,-10.0,2030,1590,1430.0
2026-05-25,875271,1253267005,1460.0,1405.0,1450.0,40.0,1287,1590,1440.0
2026-05-26,643290,940965970,1490.0,1430.0,1465.0,15.0,1243,1590,1450.0
2026-05-27,612964,894545465,1500.0,1430.0,1435.0,-30.0,1335,1590,1495.0
2026-05-28,1607554,2220707440,1445.0,1360.0,1390.0,-45.0,2494,1590,1435.0
2026-05-29,1562350,2169077765,1420.0,1345.0,1400.0,10.0,1754,1590,1420.0
2026-06-01,1345051,1819553345,1385.0,1340.0,1350.0,-50.0,2025,1590,1365.0
2026-06-02,1141184,1457323990,1340.0,1245.0,1280.0,-70.0,2862,1590,1330.0
2026-06-03,1346872,1825971802,1380.0,1325.0,1370.0,90.0,2056,1590,1350.0
2026-06-04,643509,845685035,1335.0,1290.0,1310.0,-60.0,1475,1590,1325.0
2026-06-05,469080,611138705,1330.0,1260.0,1320.0,10.0,1037,1590,1280.0
2026-06-08,538630,679166140,1290.0,1225.0,1280.0,-40.0,1226,1590,1240.0
2026-06-09,541719,706918109,1335.0,1275.0,1305.0,25.0,931,1590,1325.0
2026-06-10,562065,733211825,1345.0,1270.0,1285.0,-20.0,1051,1590,1345.0
2026-06-11,741171,933036700,1320.0,1235.0,1265.0,-20.0,1156,1590,1320.0
2026-06-12,633962,826616160,1325.0,1285.0,1290.0,25.0,909,1590,1310.0
