date,capacity,turnover,high,low,close,change,transaction_volume,stock_code_id,open
2015-01-05,3494612,258328796,74.3,73.5,74.2,-0.2,2153,2105,74.2
2015-01-06,5034855,368330439,73.6,72.8,72.8,-1.4,2632,2105,73.5
2015-01-07,5308688,382892594,72.9,71.8,71.8,-1.0,2888,2105,72.7
2015-01-08,4293171,314916372,73.7,72.1,73.7,1.9,1959,2105,72.7
2015-01-09,4983515,368836345,74.4,73.8,74.0,0.3,2009,2105,74.2
2015-01-12,2763102,203796494,74.1,73.3,73.7,-0.3,1365,2105,73.8
2015-01-13,5196129,384887045,74.5,73.1,74.3,0.6,2340,2105,73.7
2015-01-14,3031153,224466683,74.6,73.6,73.6,-0.7,1914,2105,74.4
2015-01-15,3199452,237132548,74.3,73.5,74.0,0.4,1586,2105,74.2
2015-01-16,4054779,296164170,74.0,72.6,73.3,-0.7,2091,2105,74.0
2015-01-19,3210091,235728517,74.2,72.9,73.0,-0.3,1604,2105,73.5
2015-01-20,3121342,230968370,74.2,72.9,74.0,1.0,1775,2105,72.9
2015-01-21,6175344,460444217,74.9,74.0,74.8,0.8,3159,2105,74.0
2015-01-22,5945442,447561523,75.5,74.8,75.5,0.7,2806,2105,74.9
2015-01-23,8150279,620800290,76.5,75.7,76.5,1.0,3990,2105,76.0
2015-01-26,4968177,380090223,76.7,76.0,76.6,0.1,2340,2105,76.5
2015-01-27,4302663,328719771,77.0,75.9,77.0,0.4,1946,2105,76.6
2015-01-28,3156670,241617820,77.0,76.1,76.3,-0.7,1816,2105,76.2
2015-01-29,2815616,212577439,76.3,75.2,75.2,-1.1,1224,2105,76.3
2015-01-30,3896414,296056564,76.4,75.3,76.0,0.8,1976,2105,75.4
2015-02-02,1899635,145111060,76.8,76.0,76.4,0.4,996,2105,76.0
2015-02-03,4604914,354112045,77.2,76.4,76.5,0.1,2471,2105,76.4
2015-02-04,4757105,366424556,77.4,76.7,77.0,0.5,2713,2105,77.0
2015-02-05,3635060,281186726,77.5,76.8,77.5,0.5,2316,2105,77.1
2015-02-06,3882181,300713022,78.0,77.0,77.4,-0.1,2185,2105,77.6
2015-02-09,2602929,199717459,77.3,76.5,76.6,-0.8,1512,2105,77.3
2015-02-10,2327849,177214960,76.9,75.8,76.1,-0.5,1084,2105,76.4
2015-02-11,2118432,160219508,76.7,76.0,76.2,0.1,1073,2105,76.2
2015-02-12,5273490,404603161,77.7,75.8,77.7,1.5,2420,2105,76.7
2015-02-13,3904487,302102281,77.7,77.1,77.5,-0.2,2333,2105,77.7
2015-02-24,5389192,416088953,78.1,76.6,77.4,-0.1,2836,2105,77.5
2015-02-25,4636224,356478499,77.8,76.6,76.9,-0.5,2452,2105,77.7
2015-02-26,4082680,310463896,76.9,75.8,75.8,-1.1,2296,2105,76.9
2015-03-02,4801835,361324312,76.6,74.7,75.6,-0.2,3209,2105,76.3
2015-03-03,6633361,493986252,75.9,74.1,74.5,-1.1,3739,2105,75.9
2015-03-04,5199973,388193875,75.3,74.3,74.7,0.2,2585,2105,74.5
2015-03-05,6732739,497310086,75.4,73.5,73.6,-1.1,3471,2105,75.4
2015-03-06,5964984,444216888,74.8,73.3,74.8,1.2,2419,2105,73.5
2015-03-09,3400466,253190549,74.9,74.0,74.5,-0.3,1502,2105,74.5
2015-03-10,4571427,342908325,75.3,74.4,75.0,0.5,2817,2105,74.6
2015-03-11,5094759,377321466,74.7,73.8,73.8,-1.2,3112,2105,74.4
2015-03-12,4166243,309455544,75.0,73.5,75.0,1.2,1964,2105,73.8
2015-03-13,2333562,174618916,75.1,74.5,74.6,-0.4,1402,2105,75.0
2015-03-16,3852108,284317757,74.5,73.6,73.6,-1.0,1858,2105,74.5
2015-03-17,4143114,304351268,74.5,72.9,73.5,-0.1,2037,2105,73.6
2015-03-18,4368189,323689026,74.7,73.5,74.7,1.2,2459,2105,73.5
2015-03-19,3399886,254951761,75.2,74.6,75.0,0.3,1917,2105,74.9
2015-03-20,3386806,253682720,75.0,74.5,75.0,0.0,1538,2105,75.0
2015-03-23,2697670,201720803,75.2,74.5,74.8,-0.2,1586,2105,75.0
2015-03-24,3219793,239243604,74.8,74.0,74.3,-0.5,1891,2105,74.8
2015-03-25,2662419,196913206,74.5,73.7,73.7,-0.6,1362,2105,74.1
2015-03-26,4300394,315121089,73.6,73.0,73.6,-0.1,2163,2105,73.1
2015-03-27,4839767,352323216,73.2,72.6,72.6,-1.0,2321,2105,73.0
2015-03-30,4746982,343199380,72.8,71.9,72.3,-0.3,2690,2105,72.2
2015-03-31,7960327,570381244,73.0,71.1,71.9,-0.4,3402,2105,72.5
2015-04-01,7172193,508633491,72.0,70.5,71.0,-0.9,3163,2105,71.9
2015-04-02,3893861,278345055,72.0,70.6,71.4,0.4,2138,2105,70.7
2015-04-07,2857199,206914529,72.8,71.7,72.6,1.2,1684,2105,71.7
2015-04-08,6256465,446985680,72.7,71.1,71.3,-1.3,3206,2105,72.6
2015-04-09,5434040,389391382,72.4,71.0,72.4,1.1,2093,2105,71.3
2015-04-10,2640353,189890210,72.5,71.7,72.3,-0.1,1843,2105,72.4
2015-04-13,1537520,110578778,72.1,71.7,72.1,-0.2,1116,2105,72.0
2015-04-14,6212294,443898610,72.1,71.0,71.3,-0.8,2852,2105,72.1
2015-04-15,7807111,551387781,71.0,70.2,70.9,-0.4,3555,2105,71.0
2015-04-16,3033356,216189641,71.5,70.7,71.5,0.6,1508,2105,70.7
2015-04-17,3416727,244614707,71.9,71.0,71.8,0.3,1947,2105,71.2
2015-04-20,2759754,197723048,72.1,71.2,71.2,-0.6,1467,2105,71.7
2015-04-21,2350231,167966487,71.9,71.2,71.6,0.4,1054,2105,71.2
2015-04-22,4639150,329967550,71.7,70.7,71.0,-0.6,2366,2105,71.6
2015-04-23,5746835,412517591,72.0,71.4,71.5,0.5,2552,2105,71.4
2015-04-24,7737882,564070624,73.4,71.7,73.3,1.8,4339,2105,71.9
2015-04-27,2967872,217003463,73.9,72.7,72.7,-0.6,1906,2105,73.7
2015-04-28,4794961,348942538,73.2,72.4,73.2,0.5,1918,2105,72.7
2015-04-29,6126808,452133680,74.3,72.9,73.9,0.7,3164,2105,72.9
2015-04-30,5257942,385275032,74.1,72.7,73.4,-0.5,2240,2105,74.1
2015-05-04,4293013,309525825,73.3,71.7,72.3,-1.1,2178,2105,73.1
2015-05-05,2445284,175247472,72.2,71.4,71.9,-0.4,1696,2105,71.8
2015-05-06,5025501,357287861,71.5,70.8,71.3,-0.6,2120,2105,71.3
2015-05-07,2052704,146099322,71.6,70.8,71.2,-0.1,1052,2105,71.0
2015-05-08,2325090,166072799,71.8,71.1,71.2,0.0,1352,2105,71.2
2015-05-11,2242912,160509526,71.9,71.2,71.5,0.3,1328,2105,71.5
2015-05-12,2705266,193848084,72.2,71.2,71.5,0.0,1625,2105,71.4
2015-05-13,2686859,191702857,71.6,71.0,71.1,-0.4,1411,2105,71.4
2015-05-14,5545192,392765632,71.4,70.5,71.1,0.0,2593,2105,71.0
2015-05-15,1923378,136652838,71.4,70.8,70.9,-0.2,1101,2105,71.4
2015-05-18,1889310,134093662,71.2,70.8,70.8,-0.1,1211,2105,71.2
2015-05-19,3847943,272850246,71.3,70.6,70.8,0.0,2078,2105,71.2
2015-05-20,3430389,241608112,71.3,70.2,70.2,-0.6,2075,2105,71.3
2015-05-21,4586483,319763910,70.1,69.2,69.9,-0.3,2569,2105,70.0
2015-05-22,3118200,217338245,70.0,69.5,69.7,-0.2,1753,2105,69.9
2015-05-25,2705110,188300904,70.0,69.3,69.9,0.2,1427,2105,69.7
2015-05-26,1868748,130997973,70.7,69.8,69.8,-0.1,1143,2105,70.4
2015-05-27,2358839,165413822,70.6,69.7,70.0,0.2,1491,2105,70.6
2015-05-28,3066986,215157620,70.5,69.8,69.9,-0.1,1817,2105,70.0
2015-05-29,4490939,317385868,71.0,69.6,71.0,1.1,1582,2105,70.0
2015-06-01,2174666,152707976,71.3,70.0,70.1,-0.9,1411,2105,70.8
2015-06-02,2644573,184174187,70.0,69.5,69.6,-0.5,1899,2105,69.8
2015-06-03,2601192,180432697,69.9,69.1,69.2,-0.4,1491,2105,69.7
2015-06-04,6932565,468977920,69.1,65.8,67.6,-1.6,3898,2105,69.0
2015-06-05,4734794,317222063,67.6,66.5,67.2,-0.4,3081,2105,66.9
2015-06-08,4677406,311226668,67.1,65.9,67.0,-0.2,2766,2105,67.0
2015-06-09,2876049,190670231,67.4,66.0,66.0,-1.0,1920,2105,67.3
2015-06-10,3268361,217233360,66.8,66.0,66.6,0.6,2392,2105,66.0
2015-06-11,4312155,286771708,67.2,66.0,67.2,0.6,2644,2105,67.1
2015-06-12,2794152,187237198,67.5,66.6,67.5,0.3,1835,2105,67.2
2015-06-15,3508952,234019769,67.5,66.3,66.6,-0.9,1928,2105,67.5
2015-06-16,5329775,352360632,66.5,65.9,66.3,-0.3,2794,2105,66.5
2015-06-17,5270433,347514547,66.3,65.7,65.9,-0.4,3719,2105,66.3
2015-06-18,5465016,358695849,66.0,65.3,66.0,0.1,2431,2105,65.8
2015-06-22,3704788,243738255,66.3,65.4,66.0,0.0,1853,2105,66.0
2015-06-23,2654679,176058278,66.8,66.0,66.2,0.2,1731,2105,66.0
2015-06-24,2683400,178071922,66.6,66.1,66.6,0.4,1645,2105,66.2
2015-06-25,3766273,253413520,67.5,66.6,67.5,0.9,2350,2105,66.6
2015-06-26,3994819,266767973,67.7,66.1,67.0,-0.5,2355,2105,67.6
2015-06-29,2174700,144762900,66.9,66.2,66.9,-0.1,1339,2105,66.8
2015-06-30,7530662,501811400,68.3,65.8,68.3,1.4,2614,2105,66.6
2015-07-01,3577869,239727123,67.6,66.7,66.8,-1.5,1958,2105,67.5
2015-07-02,1726296,114922774,67.0,66.3,66.4,-0.4,1082,2105,66.8
2015-07-03,2788686,184670572,66.8,65.9,66.5,0.1,1324,2105,66.2
2015-07-06,2296509,151797544,66.5,65.9,66.2,-0.3,1114,2105,66.0
2015-07-07,1901646,125810387,66.5,65.9,66.2,0.0,1119,2105,66.0
2015-07-08,4388523,286863953,66.1,65.0,65.0,-1.2,2379,2105,66.0
2015-07-09,4416769,282026028,64.9,62.4,64.9,-0.1,2263,2105,64.6
2015-07-13,3827641,244044624,64.7,63.2,63.7,-1.2,2510,2105,64.5
2015-07-14,3586881,229262126,64.4,63.5,64.2,0.5,2182,2105,64.0
2015-07-15,3471811,223537229,65.5,64.0,64.3,0.1,2174,2105,65.5
2015-07-16,2730047,174990829,64.5,63.9,64.4,0.1,1494,2105,64.3
2015-07-17,4913684,313563376,64.3,63.5,63.6,-0.8,1874,2105,64.3
2015-07-20,6386671,410567868,64.6,64.0,64.0,0.4,2703,2105,64.2
2015-07-21,7465439,478571575,64.6,63.8,64.0,0.0,2505,2105,64.4
2015-07-22,13743086,870075430,64.2,62.8,63.2,-0.8,4663,2105,64.0
2015-07-23,5386777,329447615,61.6,60.5,61.1,0.0,2590,2105,60.5
2015-07-24,3920498,240959117,61.7,61.1,61.6,0.5,1544,2105,61.3
2015-07-27,5655270,342971652,61.5,60.1,60.3,-1.3,2311,2105,61.5
2015-07-28,4197839,255463697,61.6,60.0,61.0,0.7,2395,2105,60.0
2015-07-29,3623419,218645846,61.0,59.9,60.0,-1.0,2061,2105,61.0
2015-07-30,4977866,303276199,61.3,60.0,61.1,1.1,2347,2105,60.0
2015-07-31,4670053,283105433,61.1,60.3,61.0,-0.1,1948,2105,61.1
2015-08-03,6067874,365047793,60.8,59.9,60.1,-0.9,2707,2105,60.8
2015-08-04,6853966,408722460,60.5,58.6,60.0,-0.1,2444,2105,60.2
2015-08-05,4800362,283299778,59.8,58.6,58.8,-1.2,2476,2105,59.5
2015-08-06,3456092,202874394,59.5,58.2,58.8,0.0,2334,2105,59.4
2015-08-07,3185634,184927472,58.6,57.6,57.9,-0.9,1742,2105,58.3
2015-08-10,5772454,333737756,58.5,57.4,58.0,0.1,2746,2105,58.2
2015-08-11,7141453,407593121,58.4,56.3,56.4,-1.6,3203,2105,58.4
2015-08-12,9174922,510411091,56.4,55.0,56.3,-0.1,3446,2105,56.2
2015-08-13,7729311,430740098,56.2,55.2,56.2,-0.1,2516,2105,55.5
2015-08-14,4929043,274667401,56.1,55.3,56.1,-0.1,1950,2105,55.8
2015-08-17,2509742,139683916,55.9,55.5,55.6,-0.5,1298,2105,55.6
2015-08-18,2072647,115197463,55.8,55.5,55.5,-0.1,1092,2105,55.6
2015-08-19,4975444,272367540,55.9,54.1,54.1,-1.4,2509,2105,55.5
2015-08-20,4938845,264353679,54.0,52.9,53.5,-0.6,2373,2105,53.8
2015-08-21,6563251,347121305,53.0,52.2,52.7,-0.8,2256,2105,52.5
2015-08-24,8764449,438729867,51.4,48.8,50.1,-2.6,3608,2105,51.0
2015-08-25,9554055,482384985,52.0,49.0,51.5,1.4,4243,2105,49.0
2015-08-26,6696264,344421820,52.3,50.3,51.8,0.3,2619,2105,51.5
2015-08-27,8207828,425841262,52.4,51.4,52.0,0.2,2780,2105,51.8
2015-08-28,6508562,343376811,53.5,52.0,53.3,1.3,3475,2105,53.0
2015-08-31,5203610,272563002,53.1,52.2,52.2,-1.1,2047,2105,53.0
2015-09-01,4336234,225165846,52.5,51.7,51.7,-0.5,2345,2105,52.2
2015-09-02,4940619,254898736,52.1,51.0,51.7,0.0,2207,2105,51.5
2015-09-03,2872094,149122330,52.3,51.5,52.3,0.6,1564,2105,51.8
2015-09-04,2854130,147912186,52.2,51.5,51.5,-0.8,1373,2105,52.0
2015-09-07,2989941,153982632,51.9,51.3,51.7,0.2,1472,2105,51.5
2015-09-08,2094854,108069429,51.8,51.5,51.5,-0.2,911,2105,51.7
2015-09-09,13215288,700324300,54.3,52.0,54.2,2.7,4030,2105,52.2
2015-09-10,9512574,528756478,56.9,54.0,56.9,2.7,4698,2105,54.1
2015-09-11,4994680,279562250,56.6,55.5,56.0,-0.9,3229,2105,56.6
2015-09-14,3269934,181253614,56.0,55.0,55.7,-0.3,1794,2105,56.0
2015-09-15,1927242,107047682,56.0,55.3,55.7,0.0,1199,2105,55.8
2015-09-16,5092180,286387178,56.6,55.8,56.6,0.9,2458,2105,55.9
2015-09-17,5271716,296854361,57.3,55.8,55.8,-0.8,2941,2105,57.3
2015-09-18,4399151,244759256,56.0,55.3,55.6,-0.2,1734,2105,55.8
2015-09-21,2683342,148073885,56.1,54.3,55.9,0.3,1926,2105,55.0
2015-09-22,2854528,158957005,56.1,54.9,55.9,0.0,2009,2105,54.9
2015-09-23,3403504,187616668,55.8,54.8,55.6,-0.3,2363,2105,55.0
2015-09-24,5635370,306905606,55.4,53.7,54.0,-1.6,2479,2105,55.1
2015-09-25,2898684,156040236,54.4,53.2,53.9,-0.1,1421,2105,54.0
2015-09-30,5566309,301595239,54.6,53.4,54.0,0.1,2547,2105,53.4
2015-10-01,3971319,216854867,55.3,53.4,54.8,0.8,2257,2105,53.9
2015-10-02,5998708,334819648,56.8,54.7,56.0,1.2,2808,2105,54.8
2015-10-05,3654781,207274087,57.2,56.3,56.9,0.9,2318,2105,56.6
2015-10-06,6443551,375690458,58.8,57.2,58.4,1.5,3574,2105,57.2
2015-10-07,8787244,524304094,60.7,58.1,60.7,2.3,4734,2105,59.0
2015-10-08,8175429,496582733,61.4,59.4,61.4,0.7,4716,2105,60.9
2015-10-12,9490350,589118427,62.5,61.4,62.4,1.0,4529,2105,61.9
2015-10-13,5865557,363538934,63.0,61.3,62.0,-0.4,2737,2105,63.0
2015-10-14,4553449,275785059,61.8,60.3,60.5,-1.5,2069,2105,61.8
2015-10-15,3951776,239846716,61.2,60.3,60.6,0.1,2109,2105,60.7
2015-10-16,6570097,388921744,60.9,58.6,58.6,-2.0,3145,2105,60.9
2015-10-19,3814087,228702115,60.4,58.7,60.1,1.5,2431,2105,58.7
2015-10-20,5133670,304379057,60.3,58.8,59.6,-0.5,3011,2105,60.1
2015-10-21,3197199,189892274,59.9,58.9,59.7,0.1,1802,2105,59.8
2015-10-22,2384264,141708852,59.8,59.1,59.7,0.0,1737,2105,59.6
2015-10-23,7944960,482156285,61.4,60.1,60.1,0.4,3812,2105,60.5
2015-10-26,2971729,178449440,61.0,59.8,59.9,-0.2,1894,2105,60.5
2015-10-27,2717738,163068492,60.4,59.4,60.2,0.3,1532,2105,59.9
2015-10-28,2600205,155848574,60.8,59.5,59.8,-0.4,1440,2105,60.3
2015-10-29,2724921,161129210,60.0,58.8,59.1,-0.7,1761,2105,60.0
2015-10-30,2014004,118803833,59.4,58.7,58.9,-0.2,1053,2105,59.1
2015-11-02,2895649,171807640,60.0,58.3,60.0,1.1,1889,2105,58.6
2015-11-03,4083280,247818717,61.1,60.1,60.8,0.8,2301,2105,60.3
2015-11-04,7628698,470417856,62.0,61.0,61.9,1.1,3592,2105,61.4
2015-11-05,3543438,218103826,62.0,61.1,61.5,-0.4,2023,2105,62.0
2015-11-06,4533801,274892832,61.8,59.8,60.0,-1.5,2138,2105,61.8
2015-11-09,2045019,122695140,60.5,59.5,59.7,-0.3,1102,2105,60.0
2015-11-10,3161916,190322732,60.9,59.1,60.1,0.4,1752,2105,59.7
2015-11-11,7023597,408897998,60.0,57.8,57.9,-2.2,3411,2105,60.0
2015-11-12,3576484,207005965,58.4,57.3,57.7,-0.2,1992,2105,57.3
2015-11-13,4782278,271334446,57.9,56.1,56.4,-1.3,2957,2105,57.2
2015-11-16,3654402,204671392,57.2,55.2,57.0,0.6,2396,2105,55.5
2015-11-17,3356097,192880885,58.0,56.9,57.7,0.7,2262,2105,57.4
2015-11-18,4246538,239931095,57.8,56.0,56.1,-1.6,2882,2105,57.5
2015-11-19,3038529,171917853,57.1,56.0,57.0,0.9,1799,2105,56.3
2015-11-20,2992311,168081697,56.8,56.0,56.0,-1.0,2092,2105,56.5
2015-11-23,2870424,161606707,57.3,55.8,56.4,0.4,1885,2105,56.1
2015-11-24,2914170,164057620,57.0,55.7,56.0,-0.4,1772,2105,56.6
2015-11-25,3298182,181938453,56.2,54.8,55.3,-0.7,2108,2105,56.0
2015-11-26,2139164,120064243,56.8,55.7,55.7,0.4,1519,2105,56.0
2015-11-27,2709073,149333374,55.7,55.0,55.0,-0.7,2047,2105,55.7
2015-11-30,11598259,624979443,54.7,53.0,54.7,-0.3,3808,2105,54.2
2015-12-01,4724138,259673008,55.5,54.3,55.2,0.5,2876,2105,55.0
2015-12-02,3254897,180726250,55.9,55.0,55.5,0.3,2001,2105,55.2
2015-12-03,2871689,159876371,56.2,54.5,56.0,0.5,1757,2105,55.0
2015-12-04,3001386,166056419,55.8,54.7,55.2,-0.8,1988,2105,55.2
2015-12-07,1290243,71733800,56.4,55.2,55.3,0.1,767,2105,55.2
2015-12-08,2797016,153048169,55.5,54.4,54.4,-0.9,1613,2105,55.5
2015-12-09,2861088,154023605,54.3,53.5,53.5,-0.9,1676,2105,54.0
2015-12-10,5271687,278412811,53.5,52.5,52.5,-1.0,2718,2105,53.0
2015-12-11,9290310,479519052,53.0,51.1,51.2,-1.3,4782,2105,52.7
2015-12-14,4179704,212120431,51.2,50.3,51.2,0.0,2405,2105,51.0
2015-12-15,5908732,305219183,52.0,51.2,51.6,0.4,1837,2105,52.0
2015-12-16,4935312,258707457,52.9,51.9,52.0,0.4,2114,2105,52.0
2015-12-17,3659673,194133825,53.4,52.5,52.8,0.8,1918,2105,52.9
2015-12-18,3930570,206611688,53.3,52.3,52.3,-0.5,1585,2105,52.8
2015-12-21,3194994,168232265,53.4,51.9,53.2,0.9,1829,2105,52.0
2015-12-22,2580438,135688404,53.6,52.4,52.4,-0.8,1292,2105,53.4
2015-12-23,3947643,211421988,54.1,53.0,53.6,1.2,1992,2105,53.0
2015-12-24,3576215,193770510,54.8,53.6,53.6,0.0,1997,2105,54.2
2015-12-25,2571672,139066514,54.5,53.8,54.2,0.6,1038,2105,54.1
2015-12-28,3151919,173108645,55.1,54.3,55.0,0.8,1627,2105,54.5
2015-12-29,1960344,106111276,55.0,53.7,53.7,-1.3,981,2105,55.0
2015-12-30,1989933,106517410,54.3,53.2,53.5,-0.2,861,2105,54.1
2015-12-31,1901821,101568934,53.8,53.2,53.3,-0.2,873,2105,53.7
2016-01-04,4495685,234289320,53.3,51.3,51.7,-1.6,2771,2105,53.3
2016-01-05,3785788,198462740,53.3,51.8,52.4,0.7,2514,2105,51.8
2016-01-06,5477479,285419885,53.0,51.4,52.9,0.5,3154,2105,53.0
2016-01-07,7185514,369750977,52.9,50.3,52.5,-0.4,3877,2105,52.2
2016-01-08,5173515,267294469,52.4,51.2,51.6,-0.9,3286,2105,52.0
2016-01-11,8751280,445705460,52.0,49.8,52.0,0.4,3722,2105,51.2
2016-01-12,5760550,294602144,51.8,50.6,51.5,-0.5,2955,2105,51.8
2016-01-13,3934049,200296299,51.6,50.6,50.8,-0.7,2177,2105,51.6
2016-01-14,4114960,207994559,51.0,50.0,50.6,-0.2,2194,2105,50.1
2016-01-15,7007863,351337899,50.9,49.9,50.1,-0.5,3188,2105,50.6
2016-01-18,4987607,247449102,50.3,49.2,49.65,-0.45,2771,2105,49.3
2016-01-19,3212620,159784928,50.2,49.5,50.1,0.45,1780,2105,49.65
2016-01-20,5038704,248411100,50.1,49.0,49.5,-0.6,2659,2105,50.0
2016-01-21,5397469,264280811,49.55,48.55,48.9,-0.6,2570,2105,49.55
2016-01-22,3151186,154396663,49.3,48.85,48.95,0.05,1507,2105,49.3
2016-01-25,4209865,210393404,50.6,49.3,49.9,0.95,2315,2105,49.5
2016-01-26,2807665,140327761,50.4,49.55,50.0,0.1,1848,2105,49.7
2016-01-27,3143818,157536700,50.5,49.85,50.0,0.0,1863,2105,50.3
2016-01-28,4819847,243790948,51.0,50.0,50.6,0.6,2018,2105,50.0
2016-01-29,5786188,297202704,52.3,50.4,51.2,0.6,2391,2105,50.4
2016-01-30,2025937,105668098,52.5,51.7,52.4,1.2,876,2105,51.7
2016-02-01,5838743,309394805,53.6,52.0,53.6,1.2,2779,2105,52.4
2016-02-02,3643918,193392717,53.6,52.3,53.0,-0.6,2477,2105,53.2
2016-02-03,4273134,225488702,53.3,52.0,53.0,0.0,2581,2105,52.6
2016-02-15,5587980,296666528,53.5,52.1,53.2,0.2,3338,2105,53.0
2016-02-16,6576243,359109208,55.0,53.4,55.0,1.8,3480,2105,53.4
2016-02-17,2944681,161643655,55.4,54.5,54.8,-0.2,1477,2105,55.0
2016-02-18,4661135,256357374,55.3,54.8,55.0,0.2,2419,2105,55.2
2016-02-19,3145173,173550515,55.5,54.7,55.2,0.2,1452,2105,55.0
2016-02-22,2838035,157444532,55.9,55.2,55.4,0.2,1351,2105,55.4
2016-02-23,3209240,178519405,56.0,55.1,55.9,0.5,1786,2105,55.7
2016-02-24,3369124,188895861,56.5,55.5,56.1,0.2,1833,2105,56.3
2016-02-25,7352970,422853627,58.4,56.1,58.3,2.2,3841,2105,56.5
2016-02-26,6538735,382761737,59.3,58.1,58.3,0.0,2830,2105,58.8
2016-03-01,3452946,200483311,58.6,57.5,58.1,-0.2,2075,2105,58.6
2016-03-02,3444903,199813074,58.5,57.7,58.0,-0.1,1981,2105,58.5
2016-03-03,5053833,291901953,58.3,57.1,57.7,-0.3,3029,2105,58.0
2016-03-04,4358013,252698245,58.4,57.6,58.1,0.4,2210,2105,58.0
2016-03-07,5777805,338221120,59.0,58.0,58.8,0.7,2954,2105,58.1
2016-03-08,4891826,287352059,59.4,58.1,59.4,0.6,2488,2105,59.0
2016-03-09,4818839,284981742,59.5,58.6,59.3,-0.1,2883,2105,59.4
2016-03-10,5669377,337668149,59.9,59.1,59.3,0.0,3319,2105,59.5
2016-03-11,13189636,803118396,61.5,59.3,61.2,1.9,5880,2105,59.4
2016-03-14,6399596,391518505,61.5,60.8,61.4,0.2,3517,2105,61.5
2016-03-15,5028239,303436803,61.3,59.4,60.0,-1.4,2757,2105,61.0
2016-03-16,4848453,293216952,60.8,59.9,60.7,0.7,2463,2105,60.0
2016-03-17,6225020,380611020,61.4,60.8,61.3,0.6,2863,2105,61.0
2016-03-18,9825351,612565752,62.9,61.4,62.9,1.6,4719,2105,61.4
2016-03-21,4356934,269634015,63.1,61.5,61.5,-1.4,2207,2105,62.9
2016-03-22,6041686,374461632,62.5,61.5,62.3,0.8,3300,2105,62.5
2016-03-23,3756131,235133191,62.9,62.1,62.8,0.5,2285,2105,62.5
2016-03-24,3569253,222816829,62.8,61.6,62.6,-0.2,2589,2105,62.8
2016-03-25,5410553,331595686,62.9,60.5,61.0,-1.6,2864,2105,62.9
2016-03-28,11842159,744248317,63.5,61.2,63.3,2.3,5154,2105,61.2
2016-03-29,9466932,604911256,64.4,63.2,64.1,0.8,4552,2105,63.3
2016-03-30,6474823,415212015,64.7,63.7,63.8,-0.3,3509,2105,64.4
2016-03-31,8734598,561357065,64.7,63.6,64.7,0.9,4368,2105,64.5
2016-04-01,4458473,285376785,64.4,63.6,64.0,-0.7,2661,2105,64.2
2016-04-06,6086016,386332203,64.1,62.5,63.8,-0.2,3091,2105,64.0
2016-04-07,4666814,293008644,63.4,62.1,62.9,-0.9,2634,2105,63.3
2016-04-08,4817376,301535638,63.0,62.2,63.0,0.1,2698,2105,62.3
2016-04-11,15803362,1032796042,66.1,64.2,65.0,2.0,7016,2105,64.2
2016-04-12,9334936,615701306,66.5,65.5,65.5,0.5,4251,2105,65.5
2016-04-13,6645113,439203224,66.5,65.8,66.0,0.5,3278,2105,66.1
2016-04-14,13191245,887099015,68.0,66.2,67.3,1.3,6035,2105,66.7
2016-04-15,8991387,610267387,68.1,67.4,67.5,0.2,4895,2105,68.0
2016-04-18,8785638,597881508,68.4,67.6,67.8,0.3,4728,2105,68.3
2016-04-19,8122590,556402719,68.7,68.1,68.5,0.7,4819,2105,68.3
2016-04-20,15116091,1035924717,71.1,66.6,67.5,-1.0,9371,2105,68.8
2016-04-21,14272339,985877343,69.8,67.5,69.8,2.3,7818,2105,68.0
2016-04-22,10299989,716114441,70.7,68.6,69.0,-0.8,6202,2105,69.8
2016-04-25,6739488,465757421,69.7,68.6,68.8,-0.2,3482,2105,69.0
2016-04-26,5106433,353308433,69.8,68.8,68.9,0.1,2387,2105,69.4
2016-04-27,5310216,364788987,69.4,68.5,68.8,-0.1,3803,2105,69.2
2016-04-28,6096328,418852104,69.2,68.0,68.0,-0.8,3859,2105,69.0
2016-04-29,6239724,418638508,67.9,66.7,67.1,-0.9,3422,2105,67.8
2016-05-03,6122348,405217114,67.4,65.6,65.9,-1.2,3509,2105,67.1
2016-05-04,8186717,532854851,66.0,64.4,65.2,-0.7,4268,2105,66.0
2016-05-05,4488534,291815081,65.8,64.3,64.8,-0.4,2494,2105,65.2
2016-05-06,5289002,337083018,64.4,63.5,63.6,-1.2,2565,2105,64.4
2016-05-09,5040914,321698649,64.6,62.9,64.5,0.9,2346,2105,63.8
2016-05-10,3715896,239236140,64.9,64.0,64.2,-0.3,1842,2105,64.4
2016-05-11,4299414,273142107,64.3,63.2,63.6,-0.6,2558,2105,64.2
2016-05-12,12487158,809238698,65.6,63.6,64.8,1.2,5462,2105,63.8
2016-05-13,13664432,903664871,67.0,65.1,66.9,2.1,6819,2105,65.1
2016-05-16,7665804,503091559,66.8,65.1,65.5,-1.4,3731,2105,66.8
2016-05-17,12211170,815837125,67.9,65.4,66.8,1.3,5251,2105,66.0
2016-05-18,12691358,856550038,68.6,66.1,68.6,1.8,5453,2105,66.5
2016-05-19,12477663,829214058,68.6,65.2,66.0,-2.6,6174,2105,68.6
2016-05-20,9056431,604982900,67.4,65.7,67.0,1.0,4412,2105,66.6
2016-05-23,7418796,499260798,68.0,66.1,67.1,0.1,3363,2105,66.5
2016-05-24,13992877,965542025,69.5,67.7,69.2,2.1,7018,2105,67.7
2016-05-25,9746364,672946316,70.0,68.4,69.1,-0.1,4850,2105,69.7
2016-05-26,10385742,699802914,69.0,66.8,66.9,-2.2,3867,2105,69.0
2016-05-27,10080221,685257028,68.6,67.6,68.0,1.1,4657,2105,67.6
2016-05-30,10336126,698551770,68.4,67.0,68.1,0.1,3438,2105,67.7
2016-05-31,26297048,1768871932,68.5,66.9,67.0,-1.1,4236,2105,68.0
2016-06-01,12681935,857427099,68.0,67.1,67.7,0.7,4836,2105,67.1
2016-06-02,5795925,394179008,68.2,67.7,68.1,0.4,3105,2105,68.2
2016-06-03,12665972,851368500,67.8,66.7,67.6,-0.5,3204,2105,67.2
2016-06-04,4732072,319279658,67.9,67.3,67.3,-0.3,739,2105,67.4
2016-06-06,19401157,1274805162,66.9,65.0,65.8,-1.5,4992,2105,66.7
2016-06-07,16500779,1093812304,66.9,65.7,66.9,1.1,6097,2105,65.8
2016-06-08,9823511,664396686,67.9,66.9,67.9,1.0,3666,2105,67.2
2016-06-13,11250716,761026123,68.4,67.0,67.5,-0.4,3797,2105,67.0
2016-06-14,11444998,768011058,67.4,66.5,67.4,-0.1,3175,2105,67.0
2016-06-15,9809737,659706619,68.2,66.5,67.1,-0.3,3520,2105,67.4
2016-06-16,10416916,701443440,68.3,66.8,67.2,0.1,3161,2105,68.3
2016-06-17,12751475,851649625,67.7,66.2,67.0,-0.2,3034,2105,67.6
2016-06-20,5664458,381875506,67.6,67.0,67.5,0.5,1777,2105,67.5
2016-06-21,7452197,504891430,67.9,67.1,67.9,0.4,2520,2105,67.1
2016-06-22,13632465,939477785,69.5,67.9,69.1,1.2,5337,2105,67.9
2016-06-23,5634004,381786372,68.9,67.3,68.0,-1.1,3252,2105,68.9
2016-06-24,5922382,395485949,68.3,66.2,66.9,-1.1,2999,2105,68.0
2016-06-27,4693017,310450618,66.8,66.0,66.1,-0.8,2275,2105,66.8
2016-06-28,8983376,582558730,65.8,63.6,65.8,-0.3,5113,2105,65.0
2016-06-29,4369822,287714879,66.3,65.4,65.8,0.0,2584,2105,65.8
2016-06-30,8400900,563171475,67.6,66.0,67.6,1.8,3550,2105,66.4
2016-07-01,6670151,452252285,68.0,67.1,68.0,0.4,3615,2105,67.8
2016-07-04,4100672,275139356,67.5,66.8,67.1,-0.9,2638,2105,67.2
2016-07-05,3467534,231537115,67.3,66.6,66.8,-0.3,2362,2105,67.1
2016-07-06,6932112,452830631,66.5,65.0,65.0,-1.8,4507,2105,66.5
2016-07-07,2004954,131091580,65.7,65.1,65.4,0.4,1262,2105,65.1
2016-07-11,4132709,274664614,66.8,66.0,66.6,1.2,2112,2105,66.3
2016-07-12,6623831,440052640,66.7,66.0,66.6,0.0,3854,2105,66.6
2016-07-13,6660599,446978633,67.4,66.6,67.3,0.7,3492,2105,67.1
2016-07-14,6178833,414347218,67.2,66.5,66.9,-0.4,2623,2105,67.2
2016-07-15,9230005,620796421,67.5,66.7,67.4,0.5,3657,2105,66.9
2016-07-18,9223456,626054208,68.0,67.4,68.0,0.6,3434,2105,67.5
2016-07-19,12060927,821572604,68.3,67.8,68.3,0.3,4749,2105,68.1
2016-07-20,16327034,1121784312,69.0,67.8,69.0,0.7,6087,2105,68.2
2016-07-21,13671545,911487178,67.0,66.4,66.6,0.0,5328,2105,66.6
2016-07-22,3911987,259455842,66.7,66.1,66.4,-0.2,2017,2105,66.6
2016-07-25,4867209,321052526,66.9,65.5,66.2,-0.2,1743,2105,66.5
2016-07-26,5862051,392543617,67.5,66.2,67.4,1.2,2874,2105,66.3
2016-07-27,3245053,218172851,67.7,66.9,67.4,0.0,1843,2105,67.6
2016-07-28,4246046,283185653,67.3,66.2,67.0,-0.4,2546,2105,67.3
2016-07-29,3394560,226558787,67.2,66.5,66.6,-0.4,1679,2105,67.1
2016-08-01,3493826,235431018,67.7,67.0,67.5,0.9,2241,2105,67.1
2016-08-02,5460549,370685255,68.5,67.5,67.9,0.4,1616,2105,68.5
2016-08-03,3874435,262443592,68.1,67.1,68.1,0.2,1795,2105,67.4
2016-08-04,8694283,597625544,68.9,68.4,68.8,0.7,4408,2105,68.4
2016-08-05,12538940,876451493,70.5,68.9,70.0,1.2,5974,2105,69.0
2016-08-08,13656360,973288526,71.7,70.2,71.7,1.7,5717,2105,70.2
2016-08-09,9282793,669321768,72.7,71.5,72.0,0.3,3960,2105,71.7
2016-08-10,9152821,663015703,72.9,72.0,72.9,0.9,4263,2105,72.1
2016-08-11,12706543,894628799,72.5,69.4,69.6,-3.3,5918,2105,72.5
2016-08-12,6559019,457739816,70.3,68.9,69.8,0.2,2993,2105,68.9
2016-08-15,5042386,352473317,70.5,69.5,69.9,0.1,2118,2105,69.8
2016-08-16,4487400,310612200,69.9,68.6,69.0,-0.9,1739,2105,69.8
2016-08-17,10693205,724588140,68.9,67.0,67.5,-1.5,5915,2105,68.9
2016-08-18,4407096,300599838,68.5,67.8,68.2,0.7,2282,2105,67.8
2016-08-19,5208233,356354629,69.2,67.5,68.4,0.2,2699,2105,68.6
2016-08-22,2478234,168501924,68.4,67.6,68.3,-0.1,1290,2105,68.1
2016-08-23,2401008,163889435,68.5,68.0,68.1,-0.2,1219,2105,68.2
2016-08-24,2257122,153381462,68.3,67.8,67.8,-0.3,896,2105,68.1
2016-08-25,3001676,203804918,68.2,67.4,68.1,0.3,1394,2105,67.5
2016-08-26,2448485,166914911,68.3,67.9,68.2,0.1,1156,2105,68.0
2016-08-29,2490462,169625696,68.6,67.6,68.2,0.0,1383,2105,68.4
2016-08-30,1654545,112690659,68.2,67.9,68.2,0.0,855,2105,68.2
2016-08-31,6638530,446203767,67.9,66.8,67.4,-0.8,2780,2105,67.7
2016-09-01,8679440,573683161,67.1,65.6,66.1,-1.3,4929,2105,66.8
2016-09-02,3573696,237909951,66.9,65.9,66.9,0.8,2375,2105,66.0
2016-09-05,4299049,291595807,68.3,67.4,68.1,1.2,2175,2105,67.5
2016-09-06,3350402,227622677,68.2,67.3,68.0,-0.1,1700,2105,68.1
2016-09-07,3287059,223516012,68.2,67.7,68.0,0.0,1609,2105,68.0
2016-09-08,5496532,372441562,68.0,67.3,68.0,0.0,2717,2105,67.8
2016-09-09,3240060,218408136,67.9,67.1,67.4,-0.6,1631,2105,67.4
2016-09-10,1674595,111645044,66.9,66.5,66.7,-0.7,866,2105,66.6
2016-09-12,6690118,439570738,66.0,65.5,65.5,-1.2,2979,2105,66.0
2016-09-13,5560336,362837740,66.2,64.5,65.0,-0.5,2908,2105,65.7
2016-09-14,3783422,244856430,65.3,64.5,64.5,-0.5,1789,2105,64.5
2016-09-19,4850050,322028232,67.4,64.4,67.4,2.9,2805,2105,64.5
2016-09-20,2540615,168402663,66.8,66.1,66.2,-1.2,1724,2105,66.8
2016-09-21,3547971,234728770,66.6,65.7,66.6,0.4,2281,2105,66.2
2016-09-22,2135917,141904465,67.0,66.1,66.6,0.0,1528,2105,66.8
2016-09-23,4086269,274116023,67.4,66.6,67.4,0.8,2747,2105,67.3
2016-09-26,2153779,143970546,67.4,66.5,67.0,-0.4,1431,2105,67.4
2016-09-29,5644237,378798321,67.5,66.5,67.0,0.0,3035,2105,66.5
2016-09-30,5917300,392545151,66.7,65.9,65.9,-1.1,2801,2105,66.6
2016-10-03,3575323,238059399,67.0,66.0,66.4,0.5,2316,2105,66.0
2016-10-04,3413137,226866086,66.9,66.1,66.4,0.0,1871,2105,66.8
2016-10-05,1554796,103494648,66.8,65.9,66.7,0.3,1107,2105,65.9
2016-10-06,1414536,93665117,66.8,66.1,66.1,-0.6,1167,2105,66.5
2016-10-07,2241770,149404200,66.9,66.1,66.7,0.6,1384,2105,66.1
2016-10-11,5196399,345287839,67.1,66.1,66.3,-0.4,2621,2105,67.0
2016-10-12,4532025,295534433,65.6,64.8,65.2,-1.1,2628,2105,65.0
2016-10-13,7614064,495776581,65.9,64.7,65.4,0.2,4595,2105,65.4
2016-10-14,4738882,306261452,65.0,64.4,64.4,-1.0,2879,2105,64.7
2016-10-17,4920064,314371192,64.4,63.5,63.8,-0.6,2731,2105,64.4
2016-10-18,5569220,355820312,64.2,63.5,64.1,0.3,2927,2105,63.8
2016-10-19,7900606,521031447,66.5,64.0,66.1,2.0,5250,2105,64.1
2016-10-20,6849554,453840534,66.7,65.6,65.6,-0.5,3285,2105,66.0
2016-10-21,6689530,443290018,66.7,65.4,65.9,0.3,3766,2105,65.6
2016-10-24,2279142,150183552,66.2,65.8,65.9,0.0,978,2105,66.0
2016-10-25,2996929,196346256,65.9,65.2,65.2,-0.7,1753,2105,65.7
2016-10-26,3194333,208429945,66.1,64.7,64.7,-0.5,1816,2105,65.2
2016-10-27,5136512,330129923,64.7,64.0,64.0,-0.7,2755,2105,64.6
2016-10-28,4516071,292299490,65.4,64.1,64.8,0.8,2598,2105,64.1
2016-10-31,4090263,264276959,65.0,64.0,64.3,-0.5,2565,2105,64.2
2016-11-01,3401590,221117750,65.4,64.2,65.2,0.9,2266,2105,64.2
2016-11-02,2356685,152252776,65.0,64.5,64.5,-0.7,1381,2105,64.6
2016-11-03,2720493,176132494,65.1,64.5,64.5,0.0,1478,2105,64.5
2016-11-04,2234100,144060742,64.8,64.3,64.5,0.0,1349,2105,64.6
2016-11-07,3046372,198453132,65.5,64.6,64.9,0.4,1683,2105,64.9
2016-11-08,2812003,184161688,65.6,65.2,65.6,0.7,1984,2105,65.2
2016-11-09,5969682,386377116,66.2,64.0,64.4,-1.2,3118,2105,65.9
2016-11-10,3294777,215959767,65.9,64.9,65.8,1.4,1883,2105,65.2
2016-11-11,19884243,1226633558,63.2,60.5,60.6,-5.2,8897,2105,63.0
2016-11-14,8659406,520504894,61.3,59.6,59.6,-1.0,4444,2105,61.3
2016-11-15,7443796,439934513,59.7,58.6,58.6,-1.0,4562,2105,59.2
2016-11-16,9258826,551977515,60.1,58.7,60.0,1.4,4277,2105,58.7
2016-11-17,8411755,495554814,59.5,58.5,58.5,-1.5,4366,2105,59.2
2016-11-18,5161555,302818159,59.1,58.3,58.9,0.4,3033,2105,58.6
2016-11-21,5384286,315489599,58.9,58.5,58.5,-0.4,3147,2105,58.9
2016-11-22,4274518,252323795,59.4,58.5,59.0,0.5,2564,2105,58.6
2016-11-23,2934902,173281582,59.4,58.8,59.0,0.0,2049,2105,59.1
2016-11-24,2195921,130192678,59.5,58.9,59.2,0.2,1470,2105,59.0
2016-11-25,1596946,94795271,59.5,59.1,59.4,0.2,1076,2105,59.2
2016-11-28,3539380,213571849,60.7,59.5,60.6,1.2,2102,2105,59.5
2016-11-29,5665096,341707512,61.0,59.4,59.4,-1.2,2611,2105,60.7
2016-11-30,8644187,515235620,60.0,59.0,60.0,0.6,3331,2105,59.0
2016-12-01,5978638,355357506,60.1,58.9,59.8,-0.2,3776,2105,59.8
2016-12-02,6815413,412089038,60.8,59.5,60.8,1.0,3879,2105,59.8
2016-12-05,4206300,254588599,60.8,60.2,60.5,-0.3,2220,2105,60.7
2016-12-06,4959449,300323600,60.7,60.3,60.7,0.2,2418,2105,60.6
2016-12-07,3364003,203536776,60.7,60.3,60.4,-0.3,1777,2105,60.7
2016-12-08,4626106,281235321,61.0,60.5,61.0,0.6,3082,2105,60.7
2016-12-09,4233428,257084960,61.1,60.5,60.7,-0.3,2117,2105,61.0
2016-12-12,5423796,330167256,61.3,60.4,61.0,0.3,3219,2105,61.2
2016-12-13,4835388,295076839,61.4,60.6,60.8,-0.2,2881,2105,61.0
2016-12-14,4821686,292002530,61.0,60.5,60.5,-0.3,2518,2105,60.7
2016-12-15,3272988,197927868,60.8,60.2,60.5,0.0,1760,2105,60.2
2016-12-16,6631607,396850391,60.5,59.3,59.3,-1.2,2895,2105,60.4
2016-12-19,5020376,302517278,60.6,58.9,60.6,1.3,2337,2105,59.0
2016-12-20,4115655,245948930,60.5,59.5,59.6,-1.0,2480,2105,60.2
2016-12-21,3227218,192776580,60.0,59.5,59.5,-0.1,1439,2105,59.6
2016-12-22,1860016,110370447,59.8,59.2,59.2,-0.3,1018,2105,59.6
2016-12-23,2081307,123107692,59.4,59.0,59.0,-0.2,1243,2105,59.1
2016-12-26,809479,48010135,59.7,59.0,59.4,0.4,605,2105,59.0
2016-12-27,988485,58952446,59.8,59.3,59.6,0.2,645,2105,59.7
2016-12-28,1846713,110672780,60.1,59.6,60.0,0.4,1098,2105,59.6
2016-12-29,2645713,159350581,60.5,59.6,60.3,0.3,1185,2105,59.8
2016-12-30,2681817,162813584,60.9,60.4,60.8,0.5,1441,2105,60.6
2017-01-03,3088894,189219879,61.6,60.6,61.4,0.6,1502,2105,60.8
2017-01-04,4002390,246573193,61.8,61.1,61.7,0.3,1613,2105,61.4
2017-01-05,4113940,253641786,61.8,61.5,61.7,0.0,1553,2105,61.7
2017-01-06,10521248,658842708,63.1,61.7,62.6,0.9,3953,2105,61.7
2017-01-09,6456929,408073706,63.6,62.6,63.2,0.6,2280,2105,62.6
2017-01-10,5109484,317895243,63.0,61.8,62.3,-0.9,2055,2105,62.8
2017-01-11,7303861,464018445,63.9,62.8,63.8,1.5,2855,2105,62.8
2017-01-12,6644880,424398775,64.1,63.4,63.8,0.0,2621,2105,64.1
2017-01-13,3798718,241611756,64.0,63.5,63.6,-0.2,1350,2105,63.8
2017-01-16,4443862,278893206,63.6,62.4,63.0,-0.6,1718,2105,63.6
2017-01-17,4580128,289625982,63.5,62.6,63.3,0.3,1374,2105,63.0
2017-01-18,5559991,349993029,63.9,62.4,62.4,-0.9,2642,2105,63.9
2017-01-19,3850426,240697076,62.7,62.2,62.5,0.1,1674,2105,62.4
2017-01-20,5284192,327763004,62.3,61.8,61.8,-0.7,2654,2105,62.3
2017-01-23,5712790,356062389,62.7,61.9,62.4,0.6,2346,2105,62.1
2017-01-24,6024431,375334698,62.6,62.1,62.2,-0.2,2500,2105,62.1
2017-02-02,8666298,538070602,63.6,61.5,61.5,-0.7,4829,2105,63.4
2017-02-03,4122489,254839359,62.4,61.6,62.1,0.6,2557,2105,62.0
2017-02-06,2529632,157502228,62.5,62.1,62.3,0.2,1618,2105,62.3
2017-02-07,7040715,445697621,64.0,62.1,63.7,1.4,3520,2105,62.1
2017-02-08,6011317,377799183,63.5,62.2,62.8,-0.9,3001,2105,63.5
2017-02-09,3422313,216796889,63.6,62.8,63.6,0.8,1661,2105,62.8
2017-02-10,5471131,351055505,64.4,63.7,64.4,0.8,3133,2105,63.8
2017-02-13,5372619,345197287,64.8,63.4,64.7,0.3,2288,2105,64.0
2017-02-14,8741411,571700812,65.9,64.4,65.9,1.2,5010,2105,64.7
2017-02-15,9881315,658027642,67.1,66.0,66.9,1.0,4386,2105,66.0
2017-02-16,7101776,469639878,67.0,65.6,66.1,-0.8,3061,2105,67.0
2017-02-17,4444337,290550891,66.0,65.0,65.3,-0.8,2184,2105,66.0
2017-02-18,945766,61871085,65.7,65.0,65.5,0.2,584,2105,65.2
2017-02-20,2726465,179209749,66.0,65.5,65.8,0.3,1365,2105,65.7
2017-02-21,2675112,175471137,66.0,65.0,66.0,0.2,1536,2105,65.9
2017-02-22,2728415,179726738,66.1,65.3,66.1,0.1,1709,2105,66.1
2017-02-23,3202610,210440806,66.0,65.4,65.9,-0.2,2033,2105,66.0
2017-02-24,4511285,294977634,65.7,65.1,65.3,-0.6,2614,2105,65.3
2017-03-01,7420312,476751616,64.7,64.0,64.0,-1.3,3890,2105,64.1
2017-03-02,6488711,419454966,65.2,64.1,64.8,0.8,3872,2105,64.7
2017-03-03,2835864,182564033,64.7,64.0,64.3,-0.5,1876,2105,64.7
2017-03-06,1952273,125580638,64.6,64.0,64.5,0.2,1172,2105,64.0
2017-03-07,690154,44565936,64.7,64.2,64.6,0.1,402,2105,64.6
2017-03-08,1841124,118646217,64.7,64.1,64.7,0.1,1298,2105,64.7
2017-03-09,3832989,245890088,64.6,64.0,64.0,-0.7,2480,2105,64.6
2017-03-10,3605783,233340395,65.1,64.1,65.0,1.0,2319,2105,64.1
2017-03-13,3370172,221388322,66.2,65.1,65.5,0.5,1705,2105,65.2
2017-03-14,3492165,228159325,65.9,64.8,65.0,-0.5,1858,2105,65.7
2017-03-15,3629469,239198100,66.3,65.0,66.0,1.0,1732,2105,65.1
2017-03-16,2807135,185722686,66.6,65.9,66.2,0.2,1578,2105,66.0
2017-03-17,4871860,322964560,66.5,65.8,66.4,0.2,1873,2105,66.5
2017-03-20,1849796,122262142,66.4,65.6,66.4,0.0,1063,2105,66.4
2017-03-21,9217855,599640991,65.6,64.2,65.4,-1.0,4237,2105,65.6
2017-03-22,4722812,305258089,65.2,64.3,64.9,-0.5,2483,2105,65.2
2017-03-23,3981558,256525482,65.2,64.2,64.5,-0.4,2384,2105,65.1
2017-03-24,2760961,177807178,64.7,64.2,64.7,0.2,1622,2105,64.7
2017-03-27,3022045,193798180,64.5,63.8,64.1,-0.6,1820,2105,64.4
2017-03-28,5817656,369137449,64.4,62.7,63.5,-0.6,3321,2105,64.1
2017-03-29,4162742,262291146,63.7,62.8,63.0,-0.5,2217,2105,63.5
2017-03-30,3682680,232123603,63.6,62.8,62.9,-0.1,1921,2105,63.0
2017-03-31,3963327,249234527,63.5,62.7,62.7,-0.2,2268,2105,62.9
2017-04-05,3039972,192784704,63.6,63.0,63.6,0.9,2026,2105,63.5
2017-04-06,2959311,187639642,63.8,63.1,63.4,-0.2,1892,2105,63.8
2017-04-07,5517720,345458583,63.0,62.5,62.5,-0.9,3013,2105,62.8
2017-04-10,4007088,251726119,63.3,62.4,62.9,0.4,2074,2105,62.6
2017-04-11,5559049,348253250,62.9,62.3,62.4,-0.5,3049,2105,62.7
2017-04-12,3646815,229500217,63.2,62.4,63.0,0.6,1858,2105,62.5
2017-04-13,2730197,171414863,63.2,62.6,62.7,-0.3,1317,2105,63.1
2017-04-14,1800312,112627927,63.0,62.3,62.5,-0.2,635,2105,62.7
2017-04-17,3120382,194042111,62.9,61.9,62.1,-0.4,1556,2105,62.5
2017-04-18,2165674,134212888,62.3,61.8,61.9,-0.2,1170,2105,62.1
2017-04-19,4042169,247782932,61.6,61.1,61.1,-0.8,2503,2105,61.5
2017-04-20,6262590,380176090,61.0,60.1,60.7,-0.4,3043,2105,60.7
2017-04-21,2254796,137196732,61.3,60.6,60.8,0.1,1539,2105,61.2
2017-04-24,2564143,156580892,61.4,60.7,61.4,0.6,1286,2105,61.2
2017-04-25,3441525,214178258,62.6,61.4,62.6,1.2,2169,2105,61.8
2017-04-26,3150419,195256307,62.6,61.7,62.1,-0.5,2031,2105,62.6
2017-04-27,3986784,248660014,62.5,62.0,62.4,0.3,1331,2105,62.2
2017-04-28,6202453,384911839,62.4,61.5,62.3,-0.1,2480,2105,62.0
2017-05-02,8778740,548629386,62.8,61.8,62.7,0.4,2082,2105,62.3
2017-05-03,3886224,242300038,62.5,62.0,62.4,-0.3,1056,2105,62.2
2017-05-04,3753417,234402755,62.5,62.2,62.5,0.1,999,2105,62.4
2017-05-05,4726326,292175162,62.4,61.6,61.6,-0.9,1267,2105,62.3
2017-05-08,2861296,175940952,62.1,61.4,61.4,-0.2,1269,2105,61.8
2017-05-09,3761031,229989904,61.3,61.0,61.2,-0.2,1749,2105,61.3
2017-05-10,2111690,129410080,61.8,61.0,61.8,0.6,1321,2105,61.2
2017-05-11,13138651,790631411,61.1,59.8,60.4,-1.4,5614,2105,61.0
2017-05-12,7092101,424714260,60.4,59.7,59.8,-0.6,3869,2105,60.4
2017-05-15,4981217,298913695,60.2,59.8,60.0,0.2,2214,2105,59.8
2017-05-16,6803522,408150370,60.1,59.9,60.0,0.0,3050,2105,60.0
2017-05-17,6214930,372599565,60.3,59.7,60.0,0.0,2528,2105,60.0
2017-05-18,5867431,350909360,60.1,59.7,59.8,-0.2,2223,2105,59.8
2017-05-19,4403665,263116600,60.0,59.6,59.7,-0.1,2547,2105,59.9
2017-05-22,5058702,301816135,59.8,59.5,59.6,-0.1,2616,2105,59.7
2017-05-23,7403619,439833840,59.6,59.2,59.3,-0.3,3239,2105,59.5
2017-05-24,8528253,512201631,60.6,59.3,60.2,0.9,3804,2105,59.7
2017-05-25,4940287,298394410,60.7,60.2,60.4,0.2,2176,2105,60.6
2017-05-26,5242317,318682137,61.1,60.4,61.1,0.7,2532,2105,60.7
2017-05-31,10403296,639438944,62.2,60.7,60.7,-0.4,4873,2105,61.3
2017-06-01,2456422,150170873,61.6,60.7,61.0,0.3,1825,2105,60.7
2017-06-02,3367257,207948347,62.0,61.2,61.9,0.9,2337,2105,61.7
2017-06-03,996272,61731728,62.0,61.7,61.9,0.0,611,2105,62.0
2017-06-05,2326227,143999338,62.1,61.5,62.1,0.2,1664,2105,61.7
2017-06-06,3748018,232518309,62.2,61.8,62.1,0.0,2214,2105,62.1
2017-06-07,5414147,335457835,62.5,61.6,61.8,-0.3,2774,2105,62.0
2017-06-08,4764730,294023338,62.1,61.2,61.3,-0.5,2957,2105,62.0
2017-06-09,4593451,283786112,62.2,61.3,61.8,0.5,2310,2105,61.3
2017-06-12,5391486,327486090,61.8,60.2,60.2,-1.6,2844,2105,61.8
2017-06-13,3917877,236440925,60.7,60.2,60.3,0.1,2216,2105,60.5
2017-06-14,3419916,206345220,60.5,60.2,60.3,0.0,1568,2105,60.4
2017-06-15,2741402,165173237,60.4,60.1,60.3,0.0,1793,2105,60.2
2017-06-16,2863514,173144683,60.8,60.3,60.3,0.0,1317,2105,60.3
2017-06-19,1854354,112465006,60.8,60.4,60.8,0.5,1263,2105,60.4
2017-06-20,2707281,164599111,61.0,60.6,60.6,-0.2,1651,2105,60.8
2017-06-21,3952049,241525280,61.7,60.6,61.2,0.6,2092,2105,60.6
2017-06-22,3472579,215109398,62.3,61.3,62.0,0.8,1584,2105,61.3
2017-06-23,4071086,252750839,62.3,61.7,62.2,0.2,1679,2105,62.2
2017-06-26,7567306,480468177,64.1,62.1,63.9,1.7,3545,2105,62.2
2017-06-27,6322169,404627236,64.3,63.5,63.9,0.0,2901,2105,64.0
2017-06-28,4583647,293411438,64.3,63.7,64.0,0.1,2651,2105,63.9
2017-06-29,4738153,306150441,64.9,64.0,64.7,0.7,2004,2105,64.3
2017-06-30,4089441,264201792,64.9,64.1,64.7,0.0,1788,2105,64.5
2017-07-03,5228383,340239795,65.3,64.8,65.3,0.6,2000,2105,64.8
2017-07-04,4055006,264412479,65.4,64.9,65.2,-0.1,1664,2105,65.0
2017-07-05,7123170,460981666,65.1,64.1,64.9,-0.3,1963,2105,65.0
2017-07-06,5490632,354779211,65.0,64.3,64.9,0.0,1869,2105,64.4
2017-07-07,3790967,245291567,65.0,64.3,64.9,0.0,1244,2105,64.8
2017-07-10,6543806,424768131,65.3,64.6,65.0,0.1,1811,2105,64.9
2017-07-11,10237637,665533641,65.7,64.6,65.7,0.7,2544,2105,65.0
2017-07-12,3647719,239960010,66.0,65.5,65.7,0.0,1762,2105,65.6
2017-07-13,7532681,492716983,65.9,65.1,65.1,-0.6,2184,2105,65.7
2017-07-14,2815473,182737139,65.1,64.7,64.9,-0.2,1114,2105,65.0
2017-07-17,2893869,188494398,65.5,64.9,65.2,0.3,1446,2105,65.0
2017-07-18,2491715,162997675,65.5,65.2,65.4,0.2,1258,2105,65.3
2017-07-19,4390694,286949866,65.5,65.1,65.2,-0.2,1246,2105,65.4
2017-07-20,6107156,396334892,65.3,64.5,64.8,-0.4,2144,2105,65.3
2017-07-21,6787352,437249319,64.8,64.1,64.3,-0.5,1895,2105,64.8
2017-07-24,11407039,738668293,65.0,64.2,64.8,0.5,3260,2105,64.3
2017-07-25,6087178,375473037,62.3,61.3,61.3,0.0,2630,2105,62.1
2017-07-26,2594443,158799751,61.6,61.0,61.0,-0.3,1433,2105,61.4
2017-07-27,4414709,273462006,62.3,61.2,62.1,1.1,1717,2105,61.5
2017-07-28,1044285,64239693,62.0,61.4,61.4,-0.7,603,2105,62.0
2017-07-31,4004372,245242517,61.6,61.0,61.1,-0.3,1054,2105,61.4
2017-08-01,2301224,140976399,61.6,61.1,61.2,0.1,1183,2105,61.5
2017-08-02,2338740,143284704,61.5,61.0,61.1,-0.1,862,2105,61.5
2017-08-03,3977584,240806475,60.9,60.3,60.5,-0.6,1818,2105,60.6
2017-08-04,3683183,224191932,60.9,60.4,60.9,0.4,1494,2105,60.6
2017-08-07,4484563,276791506,62.1,60.9,62.1,1.2,1940,2105,61.0
2017-08-08,4390125,269045437,62.0,61.0,61.2,-0.9,1651,2105,62.0
2017-08-09,1882700,114851100,61.2,60.6,61.1,-0.1,1056,2105,61.0
2017-08-10,3630508,221255725,61.4,60.6,60.8,-0.3,1602,2105,61.4
2017-08-11,11458314,689986040,59.9,59.2,59.2,-1.6,4423,2105,59.6
2017-08-14,4188422,247660255,59.6,59.0,59.1,-0.1,2153,2105,59.4
2017-08-15,3462472,205809481,59.5,59.0,59.0,-0.1,2180,2105,59.2
2017-08-16,3271454,193640108,59.6,59.0,59.4,0.4,2089,2105,59.0
2017-08-17,2716861,162059685,59.9,59.4,59.4,0.0,1631,2105,59.9
2017-08-18,2291803,136045833,59.6,59.0,59.5,0.1,1234,2105,59.4
2017-08-21,2265824,134526420,60.0,59.1,59.4,-0.1,1556,2105,60.0
2017-08-22,2413130,142708597,59.4,59.0,59.2,-0.2,1546,2105,59.4
2017-08-23,2313913,137045740,59.6,59.1,59.1,-0.1,1335,2105,59.2
2017-08-24,2717916,161005002,59.5,59.1,59.2,0.1,1364,2105,59.1
2017-08-25,2851123,169084293,59.5,59.2,59.4,0.2,1323,2105,59.2
2017-08-28,2200294,131651014,59.9,59.6,59.9,0.5,1194,2105,59.6
2017-08-29,2346456,140084760,60.1,59.5,59.8,-0.1,1375,2105,60.0
2017-08-30,3709214,223766717,60.9,59.8,60.9,1.1,1924,2105,59.9
2017-08-31,2822400,171071269,60.9,60.4,60.7,-0.2,1643,2105,60.9
2017-09-01,2000686,120931160,60.9,60.1,60.1,-0.6,1241,2105,60.6
2017-09-04,5081771,310388340,61.4,60.0,60.9,0.8,2054,2105,60.1
2017-09-05,3583131,218292891,61.2,60.7,61.0,0.1,1561,2105,61.1
2017-09-06,4449918,271624220,61.2,60.5,60.6,-0.4,1283,2105,60.8
2017-09-07,3216690,194967739,60.9,60.4,60.7,0.1,1491,2105,60.5
2017-09-08,2368513,144278626,61.1,60.6,61.1,0.4,1439,2105,60.9
2017-09-11,3751766,229283090,61.5,60.8,61.5,0.4,1695,2105,61.1
2017-09-12,3379485,205390871,61.5,60.4,61.0,-0.5,1856,2105,61.5
2017-09-13,2375268,144662685,61.2,60.7,60.8,-0.2,1239,2105,61.0
2017-09-14,1391678,84730517,61.0,60.5,61.0,0.2,896,2105,60.5
2017-09-15,4059535,246141502,61.0,60.5,60.6,-0.4,792,2105,60.9
2017-09-18,2491534,151024653,60.9,60.4,60.9,0.3,1330,2105,60.5
2017-09-19,4077665,248228820,61.3,60.4,61.3,0.4,1949,2105,60.9
2017-09-20,1858959,113550182,61.3,60.7,61.3,0.0,1053,2105,61.3
2017-09-21,2598531,159926590,61.7,61.0,61.7,0.4,1441,2105,61.3
2017-09-22,2370805,144946170,61.8,60.9,61.1,-0.6,1379,2105,61.7
2017-09-25,2794534,169478705,61.3,60.5,60.7,-0.4,1436,2105,61.2
2017-09-26,2136615,129761547,60.9,60.5,60.9,0.2,1154,2105,60.6
2017-09-27,1974714,119567726,60.8,60.4,60.5,-0.4,1069,2105,60.5
2017-09-28,2303212,138910952,60.5,60.2,60.2,-0.3,1135,2105,60.5
2017-09-29,2025131,122589423,60.8,60.0,60.7,0.5,1073,2105,60.3
2017-09-30,301560,18224876,60.6,60.4,60.4,-0.3,207,2105,60.5
2017-10-02,1854219,112352805,60.9,60.3,60.9,0.5,997,2105,60.5
2017-10-03,4381792,268039426,61.1,60.5,61.1,0.2,1405,2105,60.8
2017-10-05,3768235,230973920,61.6,60.8,61.6,0.5,1580,2105,61.0
2017-10-06,1352574,83357745,61.9,61.4,61.6,0.0,758,2105,61.9
2017-10-11,3105490,190674466,61.8,61.0,61.2,-0.4,1808,2105,61.6
2017-10-12,3393259,205253437,61.0,60.3,60.7,-0.5,2315,2105,61.0
2017-10-13,2441216,147433175,60.6,60.3,60.6,-0.1,1256,2105,60.4
2017-10-16,2566557,155055449,60.8,60.2,60.8,0.2,1312,2105,60.5
2017-10-17,2771098,166925395,60.8,60.0,60.3,-0.5,1557,2105,60.8
2017-10-18,2840241,170989872,60.7,59.9,60.5,0.2,1707,2105,60.3
2017-10-19,1256686,75687658,60.5,60.0,60.2,-0.3,768,2105,60.1
2017-10-20,2480456,149172593,60.4,60.0,60.1,-0.1,1137,2105,60.0
2017-10-23,1578007,94932309,60.5,60.0,60.1,0.0,806,2105,60.3
2017-10-24,2167567,130441521,60.4,60.0,60.2,0.1,1242,2105,60.1
2017-10-25,2051587,123079926,60.2,59.9,60.0,-0.2,1166,2105,60.1
2017-10-26,899110,54169910,60.4,60.0,60.2,0.2,605,2105,60.0
2017-10-27,1254131,75702422,60.5,60.2,60.5,0.3,766,2105,60.2
2017-10-30,3680017,220178220,60.5,59.6,59.6,-0.9,1999,2105,60.5
2017-10-31,3271647,194848481,59.8,59.5,59.5,-0.1,1755,2105,59.5
2017-11-01,2798882,166375948,59.7,59.3,59.5,0.0,1890,2105,59.7
2017-11-02,1287791,76709213,59.8,59.4,59.6,0.1,825,2105,59.4
2017-11-03,1537880,91201951,59.6,59.2,59.4,-0.2,876,2105,59.5
2017-11-06,2550032,150556101,59.3,59.0,59.1,-0.3,1346,2105,59.2
2017-11-07,1802118,106394488,59.3,59.0,59.1,0.0,1235,2105,59.0
2017-11-08,3113185,182851415,59.2,58.5,58.5,-0.6,1940,2105,59.0
2017-11-09,2167788,127320092,59.0,58.5,58.8,0.3,1301,2105,58.7
2017-11-10,954272,55993801,58.8,58.5,58.7,-0.1,642,2105,58.8
2017-11-13,12288921,685711820,57.5,55.4,55.9,-2.8,6912,2105,57.5
2017-11-14,8763297,479328500,55.3,53.6,54.8,-1.1,4856,2105,55.3
2017-11-15,6561140,355246367,54.8,54.0,54.1,-0.7,4326,2105,54.8
2017-11-16,6929267,369764718,53.8,52.9,53.4,-0.7,3507,2105,53.7
2017-11-17,5048358,271266290,54.7,53.0,54.5,1.1,3175,2105,53.3
2017-11-20,2981149,160989643,54.6,53.5,54.1,-0.4,1746,2105,54.5
2017-11-21,3532118,189619568,54.0,53.5,53.6,-0.5,2215,2105,53.8
2017-11-22,7231346,387160799,54.2,53.0,53.9,0.3,3741,2105,53.5
2017-11-23,3036718,162349772,53.6,53.3,53.5,-0.4,1742,2105,53.5
2017-11-24,3903226,207569577,53.5,53.1,53.1,-0.4,2319,2105,53.5
2017-11-27,3938872,208634560,53.1,52.9,52.9,-0.2,2573,2105,53.1
2017-11-28,4655402,243954026,52.8,52.3,52.3,-0.6,2837,2105,52.7
2017-11-29,8962031,461999479,52.1,51.3,51.4,-0.9,4651,2105,52.0
2017-11-30,13237977,681830295,52.5,50.8,51.4,0.0,4400,2105,51.4
2017-12-01,6833926,348557679,51.4,50.8,50.9,-0.5,3193,2105,51.3
2017-12-04,5354950,277563970,52.4,51.0,52.0,1.1,2936,2105,51.0
2017-12-05,9465152,503427620,53.9,52.1,53.2,1.2,4979,2105,52.1
2017-12-06,6805937,355702985,53.5,51.6,52.2,-1.0,3064,2105,53.5
2017-12-07,7551054,389191271,52.2,51.2,51.3,-0.9,3874,2105,52.0
2017-12-08,3367133,172395879,51.8,51.0,51.1,-0.2,1898,2105,51.3
2017-12-11,3594591,184434190,51.9,51.1,51.1,0.0,2024,2105,51.2
2017-12-12,4797950,244648311,51.5,50.7,51.1,0.0,1980,2105,51.1
2017-12-13,3546235,180873235,51.2,50.9,50.9,-0.2,2008,2105,51.1
2017-12-14,2992459,153363227,51.7,51.0,51.0,0.1,1515,2105,51.3
2017-12-15,4529729,231508660,51.5,51.0,51.1,0.1,1214,2105,51.4
2017-12-18,2737069,140591041,51.5,51.1,51.2,0.1,1540,2105,51.5
2017-12-19,3924636,200347247,51.4,51.0,51.0,-0.2,1801,2105,51.2
2017-12-20,2675537,137148545,51.5,51.0,51.3,0.3,1566,2105,51.1
2017-12-21,3414653,174241981,51.4,50.9,50.9,-0.4,1927,2105,51.3
2017-12-22,3575399,182140618,51.2,50.8,51.1,0.2,1646,2105,51.0
2017-12-25,3766638,192828256,51.2,50.7,50.7,-0.4,1460,2105,51.1
2017-12-26,3586095,181329445,50.9,50.4,50.7,0.0,1795,2105,50.9
2017-12-27,2637322,133910822,51.1,50.7,50.9,0.2,1275,2105,50.8
2017-12-28,5089773,263194557,52.3,51.0,52.1,1.2,2598,2105,51.0
2017-12-29,5201304,273189972,52.8,52.2,52.5,0.4,2470,2105,52.3
2018-01-02,4469462,232596502,52.8,51.6,51.7,-0.8,2685,2105,52.5
2018-01-03,3527268,182762776,52.2,51.5,52.0,0.3,2280,2105,52.0
2018-01-04,4156798,215035896,52.2,51.5,51.6,-0.4,2562,2105,52.0
2018-01-05,5465503,279955842,51.8,51.0,51.5,-0.1,3360,2105,51.7
2018-01-08,5657639,290346189,51.7,51.0,51.6,0.1,3165,2105,51.5
2018-01-09,7709735,394124362,51.4,50.9,51.2,-0.4,4090,2105,51.1
2018-01-10,4734399,242760966,51.5,51.0,51.5,0.3,2650,2105,51.2
2018-01-11,4193102,214511544,51.5,51.0,51.3,-0.2,2353,2105,51.3
2018-01-12,4376678,224877011,51.6,51.0,51.6,0.3,2704,2105,51.3
2018-01-15,3770718,194790800,52.0,51.5,51.6,0.0,2398,2105,51.7
2018-01-16,3297573,170225896,51.8,51.5,51.8,0.2,2317,2105,51.7
2018-01-17,8856934,465136203,52.9,51.8,52.6,0.8,4936,2105,51.8
2018-01-18,5540803,291738342,53.2,52.2,52.4,-0.2,3294,2105,53.0
2018-01-19,3682251,192724015,52.7,52.2,52.2,-0.2,2392,2105,52.4
2018-01-22,4365361,226184792,52.3,51.6,51.9,-0.3,2268,2105,52.2
2018-01-23,3978852,205225802,52.0,51.4,51.7,-0.2,2363,2105,51.9
2018-01-24,4364358,224771331,51.8,51.3,51.6,-0.1,2640,2105,51.8
2018-01-25,4188123,215959299,51.9,51.3,51.9,0.3,2904,2105,51.5
2018-01-26,4111490,211909770,52.1,51.3,51.5,-0.4,2806,2105,52.0
2018-01-29,4568759,234016302,51.6,51.1,51.6,0.1,2721,2105,51.5
2018-01-30,4454907,228227200,51.6,51.1,51.1,-0.5,2646,2105,51.6
2018-01-31,6307925,320970748,51.3,50.8,50.8,-0.3,3662,2105,51.3
2018-02-01,3263371,166749597,51.3,50.8,51.0,0.2,1918,2105,50.8
2018-02-02,2766230,141517478,51.3,50.9,51.3,0.3,1533,2105,50.9
2018-02-05,4378494,222623429,51.0,50.6,50.9,-0.4,2152,2105,50.9
2018-02-06,12534265,621803871,50.3,49.0,49.4,-1.5,6200,2105,50.2
2018-02-07,10307509,510239289,50.2,49.0,49.1,-0.3,5165,2105,49.6
2018-02-08,6282624,307373897,49.3,48.65,49.0,-0.1,3288,2105,49.1
2018-02-09,11465353,543720044,48.05,47.05,47.4,-1.6,5672,2105,48.05
2018-02-12,5259908,256872729,49.25,48.15,48.95,1.55,2987,2105,48.15
2018-02-21,5945629,295925598,50.1,49.5,50.0,1.05,3499,2105,50.0
2018-02-22,6819523,338875250,50.6,49.25,49.6,-0.4,4006,2105,50.0
2018-02-23,5123123,256683173,50.4,49.65,50.4,0.8,3099,2105,49.65
2018-02-26,5435382,276306788,51.2,50.5,50.5,0.1,3163,2105,50.8
2018-02-27,5180556,261519009,51.0,50.2,50.2,-0.3,2257,2105,50.8
2018-03-01,4743551,237242520,50.3,49.75,50.0,-0.2,2843,2105,50.0
2018-03-02,4489043,222942100,49.95,49.4,49.75,-0.25,2851,2105,49.55
2018-03-05,4353359,214580391,49.75,49.05,49.1,-0.65,2392,2105,49.65
2018-03-06,3580080,175988485,49.65,48.95,49.2,0.1,2216,2105,49.65
2018-03-07,4855914,238705839,49.5,49.05,49.05,-0.15,2733,2105,49.2
2018-03-08,2517882,123789756,49.25,49.05,49.2,0.15,1532,2105,49.05
2018-03-09,2360298,116431359,49.65,49.2,49.25,0.05,1437,2105,49.6
2018-03-12,5927367,297228875,50.5,49.55,50.3,1.05,3278,2105,49.7
2018-03-13,4013449,200569575,50.3,49.85,49.95,-0.35,2305,2105,50.3
2018-03-14,5146981,260086623,50.8,50.0,50.5,0.55,2789,2105,50.0
2018-03-15,3942991,199555929,50.8,50.4,50.4,-0.1,1988,2105,50.5
2018-03-16,8594285,431143187,50.7,50.0,50.1,-0.3,3008,2105,50.6
2018-03-19,3306458,165381085,50.4,49.9,49.9,-0.2,1860,2105,50.4
2018-03-20,2969254,148626175,50.3,49.95,50.1,0.2,1802,2105,50.0
2018-03-21,6998943,345140857,49.9,48.7,49.5,-0.6,3804,2105,49.9
2018-03-22,4714802,233215833,49.65,49.2,49.65,0.15,2362,2105,49.45
2018-03-23,5304833,260100358,49.4,48.8,49.25,-0.4,2590,2105,48.9
2018-03-26,4672486,227614043,49.0,48.5,49.0,-0.25,2412,2105,48.95
2018-03-27,4982904,242702493,49.2,48.5,48.6,-0.4,2784,2105,49.15
2018-03-28,8003431,384875716,48.6,47.8,47.8,-0.8,4329,2105,48.5
2018-03-29,11437689,539451184,47.65,46.9,47.35,-0.45,6186,2105,47.2
2018-03-30,7155424,337441130,47.8,46.95,47.05,-0.3,2832,2105,47.4
2018-03-31,4555403,214049186,47.45,46.85,47.05,0.0,2520,2105,47.1
2018-04-02,3834098,179743188,47.15,46.75,46.8,-0.25,2295,2105,46.95
2018-04-03,3752899,174962694,46.8,46.5,46.7,-0.1,2332,2105,46.8
2018-04-09,5538105,263904530,48.05,47.0,48.05,1.35,3507,2105,47.0
2018-04-10,4145860,198102893,48.1,47.6,47.9,-0.15,2174,2105,48.1
2018-04-11,3223883,154765193,48.35,47.85,48.05,0.15,1463,2105,48.1
2018-04-12,4307954,206105627,48.05,47.6,47.8,-0.25,1807,2105,48.0
2018-04-13,2590403,123851944,48.1,47.7,47.75,-0.05,1209,2105,47.8
2018-04-16,2892370,137998363,48.05,47.5,47.95,0.2,1878,2105,47.75
2018-04-17,3693069,175334927,47.8,47.2,47.45,-0.5,2146,2105,47.8
2018-04-18,3767660,178506588,47.8,47.2,47.2,-0.25,2441,2105,47.5
2018-04-19,5905996,283847645,48.4,47.5,48.15,0.95,2971,2105,47.5
2018-04-20,3797379,181228778,48.2,47.45,47.9,-0.25,2340,2105,48.15
2018-04-23,2736339,130138654,47.75,47.35,47.7,-0.2,1711,2105,47.75
2018-04-24,3510154,167428603,47.9,47.4,47.85,0.15,1962,2105,47.75
2018-04-25,2404862,114160641,47.7,47.35,47.4,-0.45,1665,2105,47.6
2018-04-26,2971561,140615783,47.7,47.05,47.05,-0.35,1865,2105,47.4
2018-04-27,2383965,112290936,47.4,47.0,47.2,0.15,1620,2105,47.1
2018-04-30,4918935,232598367,47.9,47.0,47.9,0.7,2398,2105,47.2
2018-05-02,2820300,133700088,47.8,47.3,47.35,-0.55,1911,2105,47.8
2018-05-03,3015483,142045385,47.35,47.0,47.0,-0.35,1747,2105,47.25
2018-05-04,3308878,154672501,47.0,46.65,46.65,-0.35,2070,2105,47.0
2018-05-07,3268737,151908755,46.8,46.35,46.4,-0.25,1866,2105,46.75
2018-05-08,2777607,128284341,46.35,46.05,46.2,-0.2,1343,2105,46.1
2018-05-09,2342123,107936618,46.35,46.0,46.0,-0.2,1456,2105,46.2
2018-05-10,2848842,131270991,46.3,46.0,46.0,0.0,1810,2105,46.1
2018-05-11,2767069,128543431,46.25,46.0,46.25,0.25,1703,2105,46.0
2018-05-14,4886371,225323981,46.55,45.9,45.9,-0.35,2692,2105,46.25
2018-05-15,7416653,333904865,45.75,44.8,45.0,-0.9,4293,2105,45.75
2018-05-16,10516046,464735170,44.9,43.95,44.5,-0.5,4784,2105,44.9
2018-05-17,3753724,167701930,45.15,44.3,44.85,0.35,2087,2105,44.5
2018-05-18,3754859,168262527,45.0,44.6,44.85,0.0,2105,2105,45.0
2018-05-21,4851504,220494670,45.65,45.0,45.6,0.75,2636,2105,45.0
2018-05-22,6586435,305267740,46.7,45.55,46.6,1.0,3721,2105,45.6
2018-05-23,5568771,259494708,47.2,46.1,46.6,0.0,3123,2105,46.65
2018-05-24,3285498,151508842,46.7,46.0,46.1,-0.5,1864,2105,46.7
2018-05-25,2842496,130144316,46.1,45.65,45.85,-0.25,2020,2105,46.1
2018-05-28,2432314,110880027,45.9,45.35,45.6,-0.25,1492,2105,45.85
2018-05-29,2392922,108858177,45.8,45.2,45.55,-0.05,1470,2105,45.5
2018-05-30,4211659,189679623,45.35,44.9,44.95,-0.6,2269,2105,45.3
2018-05-31,9635316,436894133,45.6,44.55,45.6,0.65,2307,2105,45.05
2018-06-01,3076805,138890530,45.45,45.0,45.25,-0.35,1640,2105,45.45
2018-06-04,3762654,170048536,45.7,45.0,45.65,0.4,2075,2105,45.3
2018-06-05,3813496,175507826,46.25,45.45,46.25,0.6,2067,2105,45.7
2018-06-06,4162451,193546492,46.75,46.05,46.6,0.35,2162,2105,46.25
2018-06-07,3851791,180579261,47.2,46.6,47.15,0.55,2049,2105,46.75
2018-06-08,2867734,134629048,47.2,46.8,46.95,-0.2,1688,2105,47.15
2018-06-11,2704267,126890504,47.15,46.75,46.95,0.0,1857,2105,47.0
2018-06-12,6572910,313515980,48.15,47.0,47.85,0.9,3733,2105,47.0
2018-06-13,3522227,168445815,48.3,47.5,47.5,-0.35,2087,2105,48.0
2018-06-14,4634083,217754923,47.55,46.7,46.7,-0.8,2116,2105,47.1
2018-06-15,7061947,327682667,46.85,46.2,46.25,-0.45,2255,2105,46.7
2018-06-19,6538895,296943919,46.1,45.1,45.1,-1.15,3884,2105,46.0
2018-06-20,3265346,148405402,45.7,45.0,45.55,0.45,2139,2105,45.1
2018-06-21,2639888,119488909,45.55,45.2,45.2,-0.35,1660,2105,45.55
2018-06-22,2275227,102645325,45.3,45.0,45.1,-0.1,1474,2105,45.25
2018-06-25,2409938,108549337,45.35,45.0,45.0,-0.1,1528,2105,45.05
2018-06-26,3343041,149533625,45.0,44.55,44.6,-0.4,1974,2105,45.0
2018-06-27,2881230,128643604,44.9,44.6,44.6,0.0,1875,2105,44.6
2018-06-28,3662197,163124365,44.85,44.2,44.65,0.05,1990,2105,44.6
2018-06-29,4171516,189762116,45.85,44.7,45.85,1.2,1861,2105,44.7
2018-07-02,2605496,118199678,45.8,45.2,45.25,-0.6,1253,2105,45.8
2018-07-03,3044117,136311887,45.3,44.55,44.7,-0.55,1917,2105,45.25
2018-07-04,1755867,79200418,45.55,44.35,45.55,0.85,1031,2105,44.35
2018-07-05,1858650,84134500,45.6,45.05,45.35,-0.2,1036,2105,45.55
2018-07-06,5745453,247100883,45.2,44.5,44.6,-0.75,1759,2105,45.15
2018-07-09,2029230,91389606,45.35,44.55,45.1,0.5,1101,2105,44.7
2018-07-10,3225891,145292349,45.2,44.9,45.15,0.05,1522,2105,45.0
2018-07-11,2812023,126941183,45.35,44.85,45.25,0.1,1490,2105,44.9
2018-07-12,7965864,363064644,46.0,45.0,46.0,0.75,2875,2105,45.0
2018-07-13,5879979,260419348,44.65,44.1,44.4,0.0,2717,2105,44.35
2018-07-16,1915805,85127341,44.75,44.3,44.4,0.0,1278,2105,44.45
2018-07-17,4816326,216637475,45.3,44.45,45.3,0.9,2366,2105,44.7
2018-07-18,3983127,181118642,45.7,45.15,45.65,0.35,2082,2105,45.7
2018-07-19,2532495,114906633,45.8,45.05,45.1,-0.55,1451,2105,45.65
2018-07-20,3492100,157224332,45.5,44.8,45.2,0.1,1821,2105,45.1
2018-07-23,2026621,91581567,45.45,45.0,45.2,0.0,1387,2105,45.35
2018-07-24,3204684,145800963,45.8,45.0,45.8,0.6,1757,2105,45.05
2018-07-25,2641303,120668903,45.9,45.5,45.75,-0.05,1524,2105,45.75
2018-07-26,2771066,126058868,45.9,45.3,45.65,-0.1,1816,2105,45.9
2018-07-27,6827115,318109114,47.6,45.55,46.85,1.2,3968,2105,45.6
2018-07-30,4522985,212572878,47.35,46.65,47.0,0.15,2606,2105,46.9
2018-07-31,5393831,254227317,47.4,46.8,47.3,0.3,2611,2105,47.0
2018-09-03,3678542,172178811,47.1,46.35,46.95,0.05,1986,2105,46.8
2018-09-04,1596950,75066826,47.1,46.8,47.05,0.1,983,2105,47.05
2018-09-05,2985193,138731680,46.85,46.15,46.15,-0.9,1556,2105,46.85
2018-09-06,3900201,181418961,46.95,46.0,46.65,0.5,1943,2105,46.05
2018-09-07,4083381,189785300,46.8,46.1,46.65,0.0,2160,2105,46.2
2018-09-10,4743504,217594126,46.65,45.5,45.85,-0.8,2881,2105,46.65
2018-09-11,2111047,97493580,46.6,45.7,46.45,0.6,1265,2105,45.85
2018-09-12,2204832,102262954,46.8,45.95,46.55,0.1,1085,2105,46.25
2018-09-13,2250926,105128522,46.9,46.4,46.8,0.25,1575,2105,46.65
2018-09-14,3777921,178216047,47.35,46.9,47.2,0.4,2176,2105,46.95
2018-09-17,1864599,87877558,47.35,47.0,47.3,0.1,1187,2105,47.3
2018-09-18,5186508,248178434,48.2,47.15,47.9,0.6,2847,2105,47.25
2018-09-19,4152108,199945835,48.3,47.85,48.25,0.35,2621,2105,47.9
2018-09-20,3812670,182764433,48.5,47.6,47.7,-0.55,2334,2105,48.3
2018-09-21,5693909,273005820,48.15,47.75,47.85,0.15,2419,2105,48.1
2018-09-25,2794292,134451948,48.3,47.95,48.1,0.25,1560,2105,48.0
2018-09-26,1571040,75097450,48.1,47.65,47.8,-0.3,945,2105,48.1
2018-09-27,4568282,220256244,48.5,47.7,48.45,0.65,2209,2105,47.8
2018-09-28,4909156,236733166,48.7,48.0,48.0,-0.45,2237,2105,48.5
2018-10-01,1707844,82316530,48.3,48.0,48.25,0.25,999,2105,48.0
2018-10-02,4312943,205106248,48.3,47.2,47.3,-0.95,2359,2105,48.25
2018-10-03,2403970,113324063,47.35,46.95,47.0,-0.3,1409,2105,47.3
2018-10-04,3624272,168203634,47.1,46.2,46.3,-0.7,2283,2105,47.05
2018-10-05,4805248,219396254,46.3,45.05,45.7,-0.6,2900,2105,46.3
2018-10-08,2891824,132005715,45.95,45.5,45.5,-0.2,1841,2105,45.7
2018-10-09,2981201,135526400,45.75,45.2,45.6,0.1,1895,2105,45.7
2018-10-11,11171762,479715946,43.6,42.2,43.35,-2.25,5595,2105,42.2
2018-10-12,4212561,181150584,43.65,42.45,43.6,0.25,2667,2105,42.5
2018-10-15,4543669,194482589,43.25,42.6,42.6,-1.0,2594,2105,43.15
2018-10-16,3604109,154360087,43.35,42.55,42.65,0.05,2408,2105,42.8
2018-10-17,3583163,154563234,43.4,42.85,43.3,0.65,2087,2105,43.0
2018-10-18,2329932,99992893,43.3,42.7,42.8,-0.5,1531,2105,43.3
2018-10-19,3789850,160379900,42.75,42.1,42.5,-0.3,1946,2105,42.55
2018-10-22,2079061,88105160,42.7,42.0,42.6,0.1,1158,2105,42.2
2018-10-23,4720344,197716380,42.2,41.65,42.1,-0.5,2290,2105,42.2
2018-10-24,3751243,157730815,42.75,41.25,42.5,0.4,2312,2105,41.85
2018-10-25,2487639,104052890,42.3,41.4,41.8,-0.7,1512,2105,41.45
2018-10-26,3820702,158429196,42.15,40.95,41.55,-0.25,2026,2105,41.8
2018-10-29,2728841,113716998,42.1,41.45,41.5,-0.05,1464,2105,41.5
2018-10-30,3436504,145957290,42.75,41.85,42.55,1.05,1853,2105,41.9
2018-10-31,4209938,182179232,43.55,42.8,43.55,1.0,2027,2105,42.8
2018-11-01,2149029,93111357,43.7,42.85,43.5,-0.05,1394,2105,42.9
2018-11-02,2175299,93735003,43.65,42.8,43.35,-0.15,1362,2105,43.6
2018-11-05,1876609,80888624,43.5,42.6,43.5,0.15,1111,2105,43.15
2018-11-06,1150052,49803060,43.55,43.05,43.25,-0.25,748,2105,43.55
2018-11-07,2495694,108758532,43.85,43.3,43.4,0.15,1472,2105,43.4
2018-11-08,2545264,110565716,43.9,43.1,43.6,0.2,1311,2105,43.9
2018-11-09,10013900,415440702,42.85,41.1,41.5,-2.1,5030,2105,42.85
2018-11-12,10683773,422900566,41.0,38.6,39.1,-2.4,5412,2105,41.0
2018-11-13,8163458,313419778,39.2,37.7,39.2,0.1,4587,2105,38.4
2018-11-14,3755027,146031143,39.2,38.55,39.1,-0.1,2234,2105,39.2
2018-11-15,2612795,102308097,39.4,39.0,39.25,0.15,1478,2105,39.4
2018-11-16,5370818,215601606,40.45,39.4,40.45,1.2,2924,2105,39.45
2018-11-19,3239648,129610992,40.5,39.6,40.0,-0.45,1880,2105,40.5
2018-11-20,2323610,93120181,40.3,39.85,40.3,0.3,1590,2105,39.9
2018-11-21,2534751,101585842,40.3,39.7,40.3,0.0,1288,2105,40.0
2018-11-22,1587789,63970437,40.5,40.1,40.3,0.0,958,2105,40.5
2018-11-23,1379772,55184779,40.4,39.8,39.95,-0.35,904,2105,40.35
2018-11-26,3099645,126076975,41.2,40.1,40.6,0.65,1727,2105,40.3
2018-11-27,3130326,126541405,40.7,40.05,40.7,0.1,1449,2105,40.65
2018-11-28,2687583,109141520,40.9,40.45,40.75,0.05,1832,2105,40.9
2018-11-29,5390224,222800358,41.65,41.05,41.6,0.85,2764,2105,41.1
2018-11-30,8856897,374387116,42.5,41.5,42.5,0.9,2673,2105,41.6
2018-12-03,4829502,208410873,43.5,42.55,43.2,0.7,2831,2105,42.55
2018-12-04,4429337,191274368,43.45,42.75,43.4,0.2,2413,2105,43.0
2018-12-05,2498545,105973608,42.8,42.0,42.6,-0.8,1362,2105,42.8
2018-12-06,2764153,115960376,42.45,41.75,41.75,-0.85,1385,2105,42.45
2018-12-07,1113437,46519704,42.25,41.55,41.8,0.05,800,2105,41.75
2018-12-10,1161261,47898459,41.35,41.1,41.3,-0.5,728,2105,41.35
2018-12-11,1962772,80642673,41.3,40.85,41.25,-0.05,1122,2105,41.3
2018-12-12,2588093,107252463,41.8,41.2,41.55,0.3,1253,2105,41.3
2018-12-13,3390388,144779234,43.0,41.85,43.0,1.45,1764,2105,41.85
2018-12-14,3383865,144009103,42.9,42.05,42.9,-0.1,1738,2105,42.8
2018-12-17,1988237,85206135,43.2,42.4,43.0,0.1,947,2105,42.9
2018-12-18,11173149,476543407,43.0,42.6,43.0,0.0,1145,2105,42.6
2018-12-19,2677354,115584774,43.5,42.85,43.05,0.05,1578,2105,43.1
2018-12-20,2353035,101429805,43.45,42.7,43.1,0.05,1365,2105,42.9
2018-12-21,13911146,567817357,43.15,39.95,40.0,-3.1,4605,2105,43.1
2018-12-22,1376705,56152655,41.0,40.45,41.0,1.0,752,2105,40.45
2018-12-24,2298034,94633504,41.75,40.75,41.15,0.15,1489,2105,40.85
2018-12-25,3527246,142227765,41.0,40.05,40.3,-0.85,1348,2105,40.05
2018-12-26,3508005,140627492,40.6,39.95,40.15,-0.15,1293,2105,40.35
2018-12-27,1642776,66622649,40.7,40.35,40.55,0.4,1009,2105,40.35
2018-12-28,2810493,115071108,41.15,40.6,40.85,0.3,1343,2105,40.75
2019-01-02,1718894,69364623,41.2,40.15,40.2,-0.65,1049,2105,41.2
2019-01-03,1532351,62673351,41.1,40.3,41.05,0.85,960,2105,40.7
2019-01-04,1809669,74230848,41.3,40.55,41.2,0.15,997,2105,40.65
2019-01-07,3090130,129590582,42.2,41.65,41.9,0.7,1756,2105,41.85
2019-01-08,1504925,63195600,42.2,41.8,41.8,-0.1,978,2105,42.1
2019-01-09,3546764,150896701,42.7,42.3,42.65,0.85,2262,2105,42.3
2019-01-10,1923753,81601453,42.6,42.0,42.55,-0.1,1046,2105,42.5
2019-01-11,2007873,85542683,42.9,42.25,42.55,0.0,1110,2105,42.45
2019-01-14,2354631,99436982,42.8,42.1,42.15,-0.4,783,2105,42.55
2019-01-15,3972056,169945737,42.95,42.4,42.95,0.8,1658,2105,42.8
2019-01-16,2959042,126589286,43.2,42.55,42.75,-0.2,969,2105,43.0
2019-01-17,2673903,114284190,43.0,42.5,42.8,0.05,967,2105,42.75
2019-01-18,2895598,124340264,43.0,42.65,43.0,0.2,948,2105,43.0
2019-01-21,2772321,119310226,43.25,42.85,42.95,-0.05,854,2105,43.1
2019-01-22,2735518,116248259,42.9,42.35,42.5,-0.45,873,2105,42.9
2019-01-23,4737829,201788064,42.85,42.25,42.85,0.35,942,2105,42.3
2019-01-24,1556607,66284772,42.8,42.45,42.6,-0.25,898,2105,42.6
2019-01-25,4918177,209878844,42.9,42.4,42.8,0.2,1129,2105,42.6
2019-01-28,2667760,113879672,42.85,42.55,42.7,-0.1,1182,2105,42.8
2019-01-29,3344457,142832293,42.9,42.4,42.9,0.2,1234,2105,42.7
2019-01-30,5372706,231031483,43.15,42.75,43.15,0.25,1874,2105,42.95
2019-02-11,3856609,167273483,43.5,43.2,43.45,0.3,1696,2105,43.3
2019-02-12,4076660,179509054,44.4,43.45,44.2,0.75,2054,2105,43.5
2019-02-13,3067204,134131239,44.25,43.5,43.65,-0.55,1316,2105,44.2
2019-02-14,3123335,135099014,43.6,43.15,43.2,-0.45,1340,2105,43.55
2019-02-15,5981294,254492942,43.15,42.2,42.4,-0.8,1814,2105,43.15
2019-02-18,3447093,146821107,42.9,42.35,42.55,0.15,1476,2105,42.4
2019-02-19,2097661,89424831,42.8,42.45,42.75,0.2,1117,2105,42.55
2019-02-20,2879775,124522690,43.45,42.95,43.25,0.5,1491,2105,42.95
2019-02-21,1841627,79264823,43.3,42.8,43.05,-0.2,1098,2105,43.25
2019-02-22,2215545,95729915,43.4,43.0,43.4,0.35,1041,2105,43.05
2019-02-25,2309194,100546874,43.7,43.3,43.6,0.2,1194,2105,43.4
2019-02-26,4711625,208236599,44.75,43.45,44.05,0.45,1931,2105,43.6
2019-02-27,4545628,199631132,44.35,43.75,43.75,-0.3,1958,2105,44.05
2019-03-04,4038543,174399563,43.9,42.65,43.55,-0.2,2287,2105,43.5
2019-03-05,1511332,65138304,43.35,42.85,43.1,-0.45,897,2105,43.15
2019-03-06,1307578,56343583,43.2,43.0,43.1,0.0,685,2105,43.1
2019-03-07,1509819,64942636,43.3,42.85,43.0,-0.1,939,2105,42.9
2019-03-08,1405215,60123195,42.85,42.7,42.75,-0.25,832,2105,42.85
2019-03-11,1998973,85438678,43.0,42.6,42.7,-0.05,973,2105,43.0
2019-03-12,2009880,86155290,43.1,42.7,42.85,0.15,967,2105,43.1
2019-03-13,1192599,51133376,43.0,42.75,43.0,0.15,647,2105,42.85
2019-03-14,1941023,83010989,42.9,42.7,42.85,-0.15,1170,2105,42.75
2019-03-15,9126962,390609266,43.0,42.0,43.0,0.15,2511,2105,42.85
2019-03-18,1518847,65346369,43.2,42.75,43.15,0.15,755,2105,43.0
2019-03-19,2608371,112923349,43.4,43.2,43.25,0.1,1210,2105,43.2
2019-03-20,2863122,124488087,43.6,43.25,43.55,0.3,1297,2105,43.25
2019-03-21,2009555,87945152,43.85,43.55,43.7,0.15,1038,2105,43.6
2019-03-22,3497365,150621402,43.65,42.6,42.95,-0.75,2010,2105,43.6
2019-03-25,4632019,193860695,42.4,41.55,42.2,-0.75,2348,2105,42.4
2019-03-26,5042632,210118367,41.9,41.55,41.65,-0.55,2558,2105,41.75
2019-03-27,3540489,147101388,41.95,41.3,41.9,0.25,1741,2105,41.6
2019-03-28,3751818,155041321,41.75,41.0,41.4,-0.5,1682,2105,41.7
2019-03-29,3290598,136991914,41.95,41.1,41.95,0.55,1611,2105,41.35
2019-04-01,2492612,103731097,41.9,41.45,41.45,-0.5,1694,2105,41.85
2019-04-02,2470734,102552622,41.6,41.4,41.45,0.0,1872,2105,41.45
2019-04-03,1816250,75443790,41.75,41.45,41.7,0.25,1252,2105,41.5
2019-04-08,2434513,101812624,42.1,41.55,41.7,0.0,1473,2105,41.75
2019-04-09,1814446,75660851,41.9,41.55,41.85,0.15,1265,2105,41.7
2019-04-10,3619986,153064988,42.6,41.85,42.55,0.7,2181,2105,41.85
2019-04-11,3745502,157597595,42.45,41.9,42.05,-0.5,1883,2105,42.45
2019-04-12,3719347,154504259,42.15,41.4,41.5,-0.55,2191,2105,42.05
2019-04-15,5087345,211300763,42.1,41.2,41.3,-0.2,2174,2105,41.5
2019-04-16,5106049,209850059,41.65,40.95,41.0,-0.3,2570,2105,41.3
2019-04-17,5413186,222570852,41.5,40.95,41.15,0.15,2662,2105,41.0
2019-04-18,8541650,350157383,41.3,40.75,41.05,-0.1,3490,2105,41.15
2019-04-19,6693787,276771922,41.7,40.95,41.2,0.15,2783,2105,41.3
2019-04-22,6120417,251373295,41.45,40.95,41.0,-0.2,2205,2105,41.4
2019-04-23,3641267,149157225,41.2,40.85,41.0,0.0,1643,2105,41.15
2019-04-24,6838661,280785075,41.3,40.85,41.05,0.05,2128,2105,41.1
2019-04-25,9791771,398179674,41.15,40.25,40.4,-0.65,3801,2105,41.05
2019-04-26,2964791,120864195,41.0,40.45,41.0,0.6,1510,2105,40.45
2019-04-29,5072992,210568207,41.65,41.1,41.6,0.6,2525,2105,41.1
2019-04-30,5425103,224855521,41.8,41.2,41.25,-0.35,2734,2105,41.65
2019-05-02,2840895,118087122,41.7,41.4,41.45,0.2,1691,2105,41.4
2019-05-03,2002977,83372922,41.7,41.5,41.7,0.25,1157,2105,41.55
2019-05-06,5827224,238513745,41.65,40.6,40.8,-0.9,2769,2105,41.5
2019-05-07,4850663,197655380,41.0,40.55,40.85,0.05,2153,2105,41.0
2019-05-08,5336826,215808734,40.65,40.25,40.65,-0.2,2369,2105,40.5
2019-05-09,7130119,285640523,40.45,39.95,39.95,-0.7,3505,2105,40.35
2019-05-10,4535923,180769670,40.15,39.6,39.7,-0.25,2696,2105,40.05
2019-05-13,5510620,215735066,39.7,38.95,39.1,-0.6,3009,2105,39.7
2019-05-14,5869164,227014599,38.9,38.4,38.75,-0.35,3709,2105,38.8
2019-05-15,2872639,112058823,39.15,38.75,39.0,0.25,1841,2105,38.75
2019-05-16,2520747,97728933,39.1,38.55,38.65,-0.35,1711,2105,39.0
2019-05-17,3182467,123783778,39.35,38.65,38.65,0.0,1714,2105,38.65
2019-05-20,3188913,125311740,39.6,38.75,39.35,0.7,2251,2105,39.1
2019-05-21,6694159,270597032,40.9,39.4,40.65,1.3,3727,2105,39.6
2019-05-22,2121383,85592906,40.7,40.15,40.15,-0.5,1381,2105,40.65
2019-05-23,3302408,131287566,40.2,39.65,39.85,-0.3,1934,2105,40.2
2019-05-24,2295860,90689290,39.95,39.35,39.4,-0.45,1431,2105,39.95
2019-05-27,2830683,112201692,40.15,39.1,40.0,0.6,1544,2105,39.4
2019-05-28,7611348,304559645,40.25,39.95,40.0,0.0,1145,2105,40.05
2019-05-29,2833172,112494990,39.95,39.55,39.6,-0.4,1529,2105,39.85
2019-05-30,3318665,133076990,40.3,39.7,40.05,0.45,1969,2105,39.7
2019-05-31,2777434,111246216,40.2,39.95,40.1,0.05,1223,2105,40.0
2019-06-03,2170953,86788302,40.2,39.65,40.0,-0.1,1269,2105,39.9
2019-06-04,2068790,82642400,40.25,39.8,39.8,-0.2,1300,2105,39.9
2019-06-05,2919791,116949091,40.15,39.8,40.1,0.3,1494,2105,39.8
2019-06-06,2930335,117527840,40.3,39.95,40.15,0.05,1335,2105,40.1
2019-06-10,3764866,151638824,40.4,40.1,40.4,0.25,1709,2105,40.15
2019-06-11,3008740,120812301,40.45,40.05,40.1,-0.3,1032,2105,40.4
2019-06-12,5553699,219215066,40.05,39.3,39.55,-0.55,3137,2105,40.05
2019-06-13,5812299,227494257,39.45,39.05,39.1,-0.45,2967,2105,39.45
2019-06-14,2464156,96532853,39.3,39.05,39.3,0.2,1595,2105,39.1
2019-06-17,2369058,93779803,39.75,39.35,39.5,0.2,1361,2105,39.5
2019-06-18,2526407,100340291,39.8,39.45,39.8,0.3,1155,2105,39.5
2019-06-19,3519785,140560824,40.25,39.7,40.25,0.45,2246,2105,39.9
2019-06-20,2862948,115523039,40.6,40.15,40.35,0.1,1905,2105,40.35
2019-06-21,6004494,242807808,40.55,40.05,40.55,0.2,1790,2105,40.35
2019-06-24,3354797,136381450,40.85,40.35,40.8,0.25,2355,2105,40.55
2019-06-25,3203986,129090524,40.8,40.05,40.3,-0.5,2090,2105,40.8
2019-06-26,1780127,71657329,40.55,40.05,40.45,0.15,1052,2105,40.3
2019-06-27,4264115,173485112,40.8,40.5,40.7,0.25,1994,2105,40.55
2019-06-28,3095667,124559704,40.8,40.1,40.1,-0.6,1368,2105,40.8
2019-07-01,3003987,120327367,40.45,39.9,39.9,-0.2,1692,2105,40.15
2019-07-02,1457513,58309728,40.15,39.9,40.0,0.1,1027,2105,39.9
2019-07-03,2116669,84972201,40.4,39.95,40.4,0.4,1021,2105,40.0
2019-07-04,1612591,65138833,40.6,40.25,40.35,-0.05,881,2105,40.45
2019-07-05,1353205,54581611,40.5,40.25,40.25,-0.1,731,2105,40.4
2019-07-08,1838307,73696847,40.2,39.95,40.2,-0.05,852,2105,40.2
2019-07-09,1398283,56049722,40.2,39.95,40.05,-0.15,820,2105,40.1
2019-07-10,2676800,107868071,40.4,40.05,40.25,0.2,1322,2105,40.2
2019-07-11,2672321,107996799,40.5,40.25,40.4,0.15,1313,2105,40.25
2019-07-12,3359926,136497927,40.8,40.35,40.65,0.25,1480,2105,40.4
2019-07-15,2242136,91328539,40.9,40.6,40.65,0.0,1175,2105,40.8
2019-07-16,1714687,69589753,40.75,40.5,40.55,-0.1,1055,2105,40.7
2019-07-17,2455814,99102873,40.5,40.2,40.3,-0.25,1438,2105,40.5
2019-07-18,1861214,74839411,40.4,40.15,40.2,-0.1,988,2105,40.3
2019-07-19,4331221,174452046,40.4,40.1,40.4,0.2,1532,2105,40.25
2019-07-22,4076320,160917154,39.6,39.3,39.45,0.0,2002,2105,39.5
2019-07-23,2892474,114441128,39.8,39.4,39.65,0.2,1773,2105,39.45
2019-07-24,2352460,93395200,39.8,39.65,39.65,0.0,1395,2105,39.65
2019-07-25,3384245,135368068,40.2,39.65,40.1,0.45,1796,2105,39.65
2019-07-26,2549211,102131836,40.2,40.0,40.2,0.1,1369,2105,40.1
2019-07-29,3012937,120540930,40.2,39.95,40.0,-0.2,1452,2105,40.2
2019-07-30,3721875,149270272,40.25,39.9,40.15,0.15,2251,2105,40.0
2019-07-31,7612856,305430143,40.4,39.65,40.4,0.25,2647,2105,40.05
2019-08-01,4608928,182350520,39.9,39.35,39.55,-0.85,2436,2105,39.75
2019-08-02,4168428,162674706,39.25,38.7,39.0,-0.55,2558,2105,39.0
2019-08-05,4628377,180134736,39.2,38.8,38.95,-0.05,2734,2105,38.8
2019-08-06,4614033,178503183,39.05,38.25,38.75,-0.2,2517,2105,38.5
2019-08-07,3101664,119984796,38.9,38.55,38.75,0.0,1974,2105,38.55
2019-08-08,1908262,74338428,39.1,38.6,39.05,0.3,1015,2105,38.7
2019-08-12,4779089,190913710,40.3,38.95,40.0,0.95,2524,2105,38.95
2019-08-13,4750322,192120904,40.75,40.25,40.25,0.25,2731,2105,40.4
2019-08-14,2745437,110734459,40.7,40.15,40.15,-0.1,1555,2105,40.7
2019-08-15,4434339,177293947,40.25,39.65,40.1,-0.05,1871,2105,39.7
2019-08-16,2613236,104355454,40.2,39.6,40.1,0.0,1322,2105,39.7
2019-08-19,2056402,82329061,40.15,39.95,40.0,-0.1,1051,2105,40.0
2019-08-20,2015311,80512890,40.05,39.7,39.85,-0.15,1053,2105,39.7
2019-08-21,1948998,77997262,40.15,39.75,40.0,0.15,1161,2105,39.85
2019-08-22,7855461,322660312,41.3,40.3,41.3,1.3,3953,2105,40.45
2019-08-23,15499068,657590134,42.9,41.55,42.5,1.2,7723,2105,41.55
2019-08-26,11276443,483148298,43.45,42.3,42.6,0.1,5407,2105,42.3
2019-08-27,11364576,490748518,43.75,42.75,43.0,0.4,4348,2105,43.35
2019-08-28,4765082,204658426,43.25,42.6,43.0,0.0,2417,2105,43.05
2019-08-29,5567848,239437235,43.25,42.85,43.0,0.0,2556,2105,43.1
2019-08-30,12898311,565932284,44.2,43.3,44.0,1.0,5469,2105,43.3
2019-09-02,10403213,461784233,44.95,44.0,44.05,0.05,5270,2105,44.3
2019-09-03,5349732,233042649,44.1,43.4,43.45,-0.6,2685,2105,44.1
2019-09-04,3160906,137172051,43.6,43.05,43.5,0.05,1848,2105,43.6
2019-09-05,6064028,265407653,44.2,43.45,43.7,0.2,2696,2105,43.6
2019-09-06,3542974,155296593,43.95,43.75,43.85,0.15,2047,2105,43.8
2019-09-09,2303995,100876911,43.95,43.65,43.8,-0.05,1347,2105,43.85
2019-09-10,5911573,259717912,44.15,43.85,43.95,0.15,1965,2105,43.9
2019-09-11,3687682,162229027,44.2,43.75,44.0,0.05,1746,2105,44.2
2019-09-12,4255131,187903164,44.3,44.0,44.15,0.15,2250,2105,44.15
2019-09-16,5395616,239132249,44.8,44.05,44.25,0.1,2341,2105,44.2
2019-09-17,3158291,140242805,44.65,44.2,44.4,0.15,1573,2105,44.5
2019-09-18,5348533,238400453,44.75,44.35,44.6,0.2,2583,2105,44.4
2019-09-19,3479152,154253076,44.65,44.1,44.5,-0.1,1770,2105,44.6
2019-09-20,5451815,241840612,44.5,44.15,44.4,-0.1,1694,2105,44.4
2019-09-23,10318933,464748535,45.5,44.4,45.0,0.6,4171,2105,44.5
2019-09-24,5257870,236861064,45.45,44.6,44.65,-0.35,2498,2105,45.25
2019-09-25,2680084,120305080,45.0,44.6,45.0,0.35,1548,2105,44.8
2019-09-26,6331824,286436046,45.4,45.0,45.1,0.1,3197,2105,45.2
2019-09-27,10728613,491893948,46.3,45.1,45.8,0.7,5431,2105,45.3
2019-10-01,5355640,247095308,46.5,45.8,46.15,0.35,3012,2105,46.15
2019-10-02,2502275,114748352,46.0,45.65,45.85,-0.3,1485,2105,45.95
2019-10-03,6594588,297188195,45.8,44.6,45.0,-0.85,3362,2105,45.4
2019-10-04,2563981,116110917,45.55,45.05,45.45,0.45,1391,2105,45.05
2019-10-07,3528606,160219015,45.75,44.9,45.35,-0.1,2033,2105,45.45
2019-10-08,2986030,135514232,45.7,45.1,45.15,-0.2,1700,2105,45.1
2019-10-09,6590185,296715245,45.3,44.9,44.9,-0.25,1699,2105,45.0
2019-10-14,6697794,307218074,46.2,45.1,46.05,1.15,3803,2105,45.4
2019-10-15,7057290,329473572,47.0,46.4,46.6,0.55,3913,2105,46.4
2019-10-16,10785338,511143724,47.95,46.7,47.95,1.35,5341,2105,46.8
2019-10-17,7268454,347676742,48.15,47.25,48.15,0.2,4262,2105,48.0
2019-10-18,11683597,567062115,48.8,48.15,48.7,0.55,3810,2105,48.15
2019-10-21,4407756,213794324,48.7,48.3,48.55,-0.15,1887,2105,48.3
2019-10-22,6076311,292279639,48.8,47.5,47.8,-0.75,3197,2105,48.6
2019-10-23,3374832,161617891,48.4,47.5,47.9,0.1,2012,2105,47.8
2019-10-24,2581863,123618228,48.25,47.65,48.0,0.1,1321,2105,48.15
2019-10-25,1952876,93388617,48.15,47.7,47.7,-0.3,1027,2105,48.1
2019-10-28,2930984,140112866,48.05,47.5,47.55,-0.15,1712,2105,47.95
2019-10-29,3899482,185828427,48.0,47.25,47.3,-0.25,2177,2105,47.6
2019-10-30,4167910,199577924,48.0,47.5,48.0,0.7,2073,2105,47.6
2019-10-31,3571990,171124363,48.3,47.6,47.85,-0.15,1694,2105,48.0
2019-11-01,2490562,119415176,48.2,47.5,48.2,0.35,1473,2105,47.85
2019-11-04,3005252,144583077,48.25,47.85,48.25,0.05,2051,2105,48.2
2019-11-05,2408625,115933407,48.3,48.0,48.2,-0.05,1328,2105,48.2
2019-11-06,3594394,173671848,48.6,48.0,48.3,0.1,1515,2105,48.2
2019-11-07,1658764,79944369,48.4,48.05,48.2,-0.1,1120,2105,48.3
2019-11-08,2292235,110561150,48.35,48.05,48.35,0.15,1297,2105,48.2
2019-11-11,5056657,239272629,48.2,46.85,46.95,-1.4,2484,2105,48.2
2019-11-12,17144823,761674573,45.7,43.55,44.0,-2.95,8415,2105,45.7
2019-11-13,6177524,268352731,43.85,43.1,43.35,-0.65,3266,2105,43.8
2019-11-14,6538093,281758549,43.8,42.75,42.95,-0.4,3087,2105,43.15
2019-11-15,3286504,141308572,43.4,42.85,42.95,0.0,1844,2105,42.95
2019-11-18,3985027,169826387,43.05,42.4,42.8,-0.15,1829,2105,42.95
2019-11-19,5446862,230223014,42.55,42.05,42.45,-0.35,2409,2105,42.5
2019-11-20,3760656,158350788,42.45,42.0,42.2,-0.25,2130,2105,42.45
2019-11-21,3121803,130906344,42.2,41.8,41.85,-0.35,1522,2105,42.0
2019-11-22,4777386,201992019,42.65,41.95,42.2,0.35,2229,2105,41.95
2019-11-25,2895880,121835059,42.3,42.0,42.1,-0.1,1621,2105,42.2
2019-11-26,9347034,392027578,42.25,41.85,41.85,-0.25,2520,2105,42.1
2019-11-27,2719168,114137356,42.15,41.9,42.0,0.15,1412,2105,42.15
2019-11-28,2005520,84314708,42.1,42.0,42.0,0.0,1194,2105,42.05
2019-11-29,3095159,129129164,42.05,41.6,41.6,-0.4,1481,2105,42.0
2019-12-02,2627353,108923681,41.8,41.15,41.25,-0.35,1492,2105,41.6
2019-12-03,3700266,152195611,41.4,40.85,41.4,0.15,1714,2105,41.2
2019-12-04,3833813,157994164,41.6,41.0,41.35,-0.05,2156,2105,41.45
2019-12-05,1804253,74465451,41.55,41.1,41.1,-0.25,989,2105,41.35
2019-12-06,2331584,96571158,41.6,41.25,41.4,0.3,1225,2105,41.3
2019-12-09,8162143,334251949,41.15,40.45,40.85,-0.55,2574,2105,41.1
2019-12-10,2361572,96863296,41.15,40.85,41.0,0.15,1214,2105,40.85
2019-12-11,3545145,145211915,41.15,40.65,41.15,0.15,1511,2105,41.1
2019-12-12,4706883,196023858,41.85,41.1,41.65,0.5,2765,2105,41.15
2019-12-13,4786556,200728321,42.2,41.65,41.65,0.0,2490,2105,41.75
2019-12-16,2658431,111753629,42.15,41.7,42.0,0.35,1222,2105,41.85
2019-12-17,3283704,138472112,42.3,42.0,42.3,0.3,1697,2105,42.25
2019-12-18,2916780,123505014,42.45,42.25,42.25,-0.05,1385,2105,42.35
2019-12-19,1545729,65132153,42.35,42.0,42.2,-0.05,880,2105,42.2
2019-12-20,6925807,296252271,43.05,41.95,43.05,0.85,1671,2105,42.2
2019-12-23,3719001,157821774,43.0,42.2,42.45,-0.6,1914,2105,43.0
2019-12-24,1688682,71168763,42.45,42.0,42.0,-0.45,906,2105,42.45
2019-12-25,1433192,60105964,42.15,41.8,42.0,0.0,1065,2105,42.0
2019-12-26,1015964,42769023,42.25,42.0,42.1,0.1,467,2105,42.05
2019-12-27,1161363,49075366,42.4,42.15,42.3,0.2,585,2105,42.35
2019-12-30,1811911,76252449,42.3,41.95,42.1,-0.2,806,2105,42.3
2019-12-31,1820053,76138076,42.05,41.75,41.8,-0.3,907,2105,42.05
2020-01-02,848503,35636254,42.1,41.8,42.1,0.3,570,2105,41.85
2020-01-03,1516951,63575781,42.15,41.8,41.95,-0.15,897,2105,42.15
2020-01-06,1983944,82301286,41.9,41.3,41.4,-0.55,959,2105,41.9
2020-01-07,1382796,57290946,41.55,41.3,41.35,-0.05,656,2105,41.5
2020-01-08,2159476,88916608,41.6,41.0,41.05,-0.3,1025,2105,41.3
2020-01-09,1332636,55197700,41.7,41.05,41.5,0.45,633,2105,41.05
2020-01-10,1031668,42915427,41.75,41.3,41.75,0.25,530,2105,41.5
2020-01-13,2296340,97043246,42.4,41.9,42.4,0.65,1115,2105,41.9
2020-01-14,1319846,55847841,42.45,42.2,42.2,-0.2,761,2105,42.4
2020-01-15,1596613,67114110,42.2,41.8,42.1,-0.1,753,2105,42.1
2020-01-16,1130471,47544466,42.15,41.95,42.15,0.05,729,2105,42.15
2020-01-17,952818,40093127,42.2,42.0,42.1,-0.05,503,2105,42.15
2020-01-20,1243401,52476028,42.3,42.0,42.25,0.15,743,2105,42.0
2020-01-30,9388943,375324571,41.3,39.1,39.1,-3.15,4679,2105,41.3
2020-01-31,4144993,164095160,40.1,39.1,39.35,0.25,2114,2105,39.1
2020-02-03,4229801,165101290,39.35,38.55,39.35,0.0,2411,2105,39.0
2020-02-04,2305784,91205460,39.9,39.05,39.6,0.25,1368,2105,39.1
2020-02-05,2427711,96568905,39.95,39.3,39.95,0.35,1106,2105,39.55
2020-02-06,1854198,74318428,40.25,40.0,40.0,0.05,790,2105,40.0
2020-02-07,1724097,68408751,40.0,39.6,39.6,-0.4,952,2105,39.7
2020-02-10,2265845,88939553,39.5,38.95,39.4,-0.2,1145,2105,39.5
2020-02-11,1604681,63164195,39.55,39.3,39.3,-0.1,786,2105,39.45
2020-02-12,1646452,65098912,39.65,39.45,39.45,0.15,912,2105,39.5
2020-02-13,1177127,46612749,39.7,39.45,39.55,0.1,628,2105,39.45
2020-02-14,1306282,52101880,40.1,39.55,39.95,0.4,682,2105,39.55
2020-02-17,1373216,54292897,39.8,39.45,39.45,-0.5,852,2105,39.8
2020-02-18,1664320,65257463,39.4,39.1,39.2,-0.25,909,2105,39.3
2020-02-19,1565185,61645102,39.55,39.15,39.45,0.25,860,2105,39.55
2020-02-20,2219815,87015052,39.6,39.1,39.1,-0.35,1296,2105,39.5
2020-02-21,1558323,61191400,39.4,39.15,39.15,0.05,773,2105,39.3
2020-02-24,2864600,111386398,39.0,38.8,38.9,-0.25,1616,2105,39.0
2020-02-25,2216719,85759443,38.8,38.55,38.7,-0.2,1413,2105,38.6
2020-02-26,4049520,157033186,39.1,38.45,39.1,0.4,2146,2105,38.45
2020-02-27,5755079,225493907,39.55,38.8,39.55,0.45,1943,2105,38.9
2020-03-02,3262704,126987014,39.15,38.5,39.0,-0.55,1747,2105,38.5
2020-03-03,2785779,108766841,39.2,38.9,39.1,0.1,1418,2105,39.0
2020-03-04,2423972,94899397,39.4,38.95,39.2,0.1,1101,2105,38.95
2020-03-05,1764264,69130390,39.4,39.05,39.2,0.0,883,2105,39.2
2020-03-06,3687189,143412271,39.2,38.7,39.0,-0.2,1729,2105,39.2
2020-03-09,6569092,249931263,38.3,37.8,38.1,-0.9,2703,2105,38.0
2020-03-10,4519265,171642828,38.45,37.6,38.35,0.25,1688,2105,37.8
2020-03-11,4929909,185721669,38.0,37.3,38.0,-0.35,2236,2105,37.3
2020-03-12,8996526,336630781,37.9,37.0,37.85,-0.15,3335,2105,37.9
2020-03-13,11587716,406526726,36.3,34.3,36.0,-1.85,4695,2105,36.0
2020-03-16,6231581,220169156,36.2,34.9,34.9,-1.1,3285,2105,36.2
2020-03-17,9644672,320331986,34.25,32.95,33.0,-1.9,4537,2105,34.0
2020-03-18,14962742,493823736,33.2,32.85,33.0,0.0,4318,2105,33.0
2020-03-19,18293437,555020953,31.7,29.7,29.7,-3.3,5389,2105,31.6
2020-03-20,13940507,421630021,31.15,29.7,30.25,0.55,4068,2105,29.8
2020-03-23,5929530,175980250,30.05,28.5,29.6,-0.65,2556,2105,28.5
2020-03-24,4991854,154295995,31.5,30.0,30.7,1.1,2458,2105,30.05
2020-03-25,4852079,152404623,31.7,31.0,31.55,0.85,2454,2105,31.0
2020-03-26,3675454,114854879,32.0,31.0,31.0,-0.55,1693,2105,31.75
2020-03-27,6843218,212779752,31.75,30.85,31.0,0.0,2749,2105,31.5
2020-03-30,4638650,142359268,31.25,30.0,31.15,0.15,1759,2105,30.45
2020-03-31,4580019,142005489,31.8,30.6,30.8,-0.35,1924,2105,31.55
2020-04-01,3249640,99245705,30.9,30.45,30.45,-0.35,1596,2105,30.9
2020-04-06,5419060,162953604,30.6,29.7,30.05,-0.4,2557,2105,30.3
2020-04-07,5867175,184662105,32.6,30.55,31.4,1.35,3162,2105,30.95
2020-04-08,5560288,179493685,32.8,31.4,32.6,1.2,2552,2105,31.4
2020-04-09,9925582,320654761,33.4,32.05,32.1,-0.5,1966,2105,32.75
2020-04-10,6624149,214837117,32.6,32.1,32.55,0.45,1529,2105,32.1
2020-04-13,2422348,78124732,32.8,32.05,32.05,-0.5,1711,2105,32.45
2020-04-14,4524555,149900252,33.65,31.95,33.3,1.25,2261,2105,32.1
2020-04-15,3972103,131992046,33.5,33.05,33.4,0.1,2731,2105,33.4
2020-04-16,3853326,126388208,33.1,32.5,32.85,-0.55,2162,2105,33.0
2020-04-17,5314795,176866742,33.75,32.95,33.1,0.25,2250,2105,33.1
2020-04-20,2461474,80707092,33.0,32.65,32.75,-0.35,1218,2105,33.0
2020-04-21,4206778,134768546,32.75,31.7,31.8,-0.95,2461,2105,32.5
2020-04-22,2689792,84207583,31.5,31.1,31.3,-0.5,1372,2105,31.3
2020-04-23,4876912,151414604,31.65,30.85,30.85,-0.45,2194,2105,31.0
2020-04-24,3971043,121914523,31.1,30.55,30.6,-0.25,1872,2105,30.85
2020-04-27,7410182,238921836,33.0,31.2,32.8,2.2,3646,2105,31.45
2020-04-28,8911532,303827959,35.0,33.1,34.55,1.75,4817,2105,33.1
2020-04-29,5747046,199605578,35.15,34.45,34.5,-0.05,3086,2105,34.9
2020-04-30,9959821,345458451,34.95,34.35,34.55,0.05,4386,2105,34.55
2020-05-04,6414346,218990123,34.6,33.4,34.1,-0.45,3919,2105,33.4
2020-05-05,5869286,204133778,35.0,34.1,34.55,0.45,3130,2105,34.35
2020-05-06,4719851,162792304,35.05,33.55,34.5,-0.05,2572,2105,34.5
2020-05-07,2128448,72888459,34.5,34.1,34.15,-0.35,1174,2105,34.5
2020-05-08,3422177,116762454,34.9,33.85,33.85,-0.3,1691,2105,34.9
2020-05-11,2900218,98649779,34.5,33.85,33.85,0.0,1553,2105,34.5
2020-05-12,3040819,101803668,33.8,33.3,33.35,-0.5,1761,2105,33.5
2020-05-13,3366542,111519039,33.6,33.0,33.05,-0.3,2108,2105,33.35
2020-05-14,6336502,203738902,32.75,31.8,32.0,-1.05,3735,2105,32.6
2020-05-15,3921161,125433781,32.5,31.7,31.8,-0.2,2129,2105,32.5
2020-05-18,3226921,104566734,32.8,31.8,32.25,0.45,1856,2105,31.8
2020-05-19,3804557,126366834,33.65,32.7,33.3,1.05,1996,2105,33.65
2020-05-20,4357755,145520329,33.8,32.8,33.7,0.4,2134,2105,33.45
2020-05-21,2587130,87028632,33.8,33.35,33.8,0.1,1578,2105,33.5
2020-05-22,4405679,144996294,33.5,32.5,32.55,-1.25,2550,2105,33.5
2020-05-25,2170214,70164403,32.8,31.9,32.5,-0.05,1081,2105,32.65
2020-05-26,4970623,166651751,33.8,32.65,33.8,1.3,2527,2105,32.9
2020-05-27,3635346,122792364,34.0,33.35,34.0,0.2,1988,2105,33.8
2020-05-28,3976717,133755045,34.4,33.1,33.55,-0.45,1851,2105,34.3
2020-05-29,16100497,529782243,33.75,32.8,32.8,-0.75,1875,2105,33.5
2020-06-01,4619610,157144828,34.55,33.3,33.75,0.95,2544,2105,33.45
2020-06-02,1973092,66716099,34.15,33.6,33.8,0.05,1154,2105,33.6
2020-06-03,5204504,178853429,34.6,33.9,34.6,0.8,2981,2105,34.4
2020-06-04,4206475,145954440,35.05,34.3,34.75,0.15,2190,2105,34.9
2020-06-05,4259768,148002194,34.95,34.5,34.75,0.0,2122,2105,34.75
2020-06-08,5090218,178659473,35.3,34.75,35.2,0.45,2432,2105,34.9
2020-06-09,3727093,131657169,35.45,35.0,35.4,0.2,2092,2105,35.3
2020-06-10,5200525,186004103,36.0,35.4,36.0,0.6,2631,2105,35.4
2020-06-11,6173785,217309871,36.0,34.55,34.7,-1.3,3044,2105,35.95
2020-06-12,3774018,129237117,34.5,33.8,34.45,-0.25,1830,2105,33.8
2020-06-15,3499575,120788186,34.95,34.0,34.2,-0.25,1760,2105,34.65
2020-06-16,3749841,128924507,34.75,34.05,34.15,-0.05,2065,2105,34.35
2020-06-17,9224025,328440468,36.2,34.6,35.7,1.55,4877,2105,34.6
2020-06-18,4802873,169647047,35.9,35.0,35.1,-0.6,2392,2105,35.8
2020-06-19,5224040,183162431,35.45,35.0,35.0,-0.1,2066,2105,35.2
2020-06-22,3303315,114578987,35.1,34.5,34.6,-0.4,1407,2105,35.1
2020-06-23,2862560,98941867,34.9,34.1,34.7,0.1,1286,2105,34.65
2020-06-24,2879661,99725465,35.3,34.5,34.5,-0.2,1126,2105,34.6
2020-06-29,3938061,133901417,34.45,33.75,33.95,-0.55,2124,2105,34.3
2020-06-30,3891899,131481377,34.0,33.65,33.75,-0.2,1934,2105,34.0
2020-07-01,3016937,102095702,34.2,33.75,33.9,0.15,2145,2105,33.75
2020-07-02,6986381,243055709,35.25,34.0,35.15,1.25,3814,2105,34.0
2020-07-03,2576776,90267008,35.5,34.85,34.95,-0.2,1410,2105,35.5
2020-07-06,5222203,182852849,35.25,34.85,35.1,0.15,2645,2105,35.0
2020-07-07,3527588,123984297,35.4,35.0,35.15,0.05,1592,2105,35.15
2020-07-08,9105120,326111690,36.2,35.1,36.0,0.85,4442,2105,35.2
2020-07-09,6157224,222197814,36.35,35.8,36.0,0.0,3174,2105,36.15
2020-07-10,5377939,191001535,36.0,35.15,35.5,-0.5,3130,2105,36.0
2020-07-13,5807892,208001539,36.1,35.5,35.55,0.05,2753,2105,35.8
2020-07-14,5247681,187053994,35.95,35.5,35.55,0.0,2461,2105,35.95
2020-07-15,7783497,282912901,36.8,35.75,36.35,0.8,3183,2105,35.9
2020-07-16,11482759,425547633,37.4,36.4,37.0,0.65,5157,2105,36.5
2020-07-17,7228469,262675634,37.4,35.7,35.7,-1.3,3069,2105,37.3
2020-07-20,5492122,193381707,35.9,34.9,35.05,-0.65,2175,2105,35.75
2020-07-21,3770479,134261398,35.8,35.25,35.55,0.5,1375,2105,35.5
2020-07-22,6649537,236963128,35.95,35.25,35.65,0.1,1500,2105,35.25
2020-07-23,5957755,209427925,35.7,34.7,35.0,0.0,2215,2105,34.85
2020-07-24,3513166,121790875,35.0,34.35,34.5,-0.5,1678,2105,34.75
2020-07-27,5314960,181805390,34.9,33.75,34.0,-0.5,2068,2105,34.45
2020-07-28,6713033,225000939,33.85,33.2,33.55,-0.45,2689,2105,33.5
2020-07-29,2911772,98542309,34.15,33.45,33.65,0.1,1463,2105,33.55
2020-07-30,3375800,114655178,34.55,33.5,34.4,0.75,1665,2105,33.75
2020-07-31,2666196,90831304,34.4,33.95,33.95,-0.45,1288,2105,34.15
2020-08-03,5414440,182945293,34.1,33.6,33.6,-0.35,2949,2105,33.7
2020-08-04,8369965,293211545,35.6,33.65,35.55,1.95,4371,2105,33.65
2020-08-05,8431489,301941236,36.4,35.1,35.9,0.35,4448,2105,35.55
2020-08-06,9129436,332780030,36.95,35.9,36.4,0.5,3830,2105,35.9
2020-08-07,3840626,137312820,36.4,35.3,35.35,-1.05,1991,2105,36.25
2020-08-10,2633007,93555687,35.85,35.25,35.4,0.05,1088,2105,35.35
2020-08-11,13364089,490076540,37.25,35.65,36.65,1.25,5216,2105,35.7
2020-08-12,6615489,242315139,37.3,36.0,36.35,-0.3,3100,2105,37.0
2020-08-13,10333534,385225909,37.75,36.7,37.75,1.4,4589,2105,36.8
2020-08-14,18315961,705058315,39.25,37.1,38.65,0.9,6576,2105,38.0
2020-08-17,17104389,665235754,39.2,38.0,38.75,0.1,7302,2105,39.0
2020-08-18,9148506,353224484,39.0,38.1,39.0,0.25,4087,2105,38.9
2020-08-19,5635459,217443010,39.1,38.3,38.4,-0.6,2972,2105,39.05
2020-08-20,9560510,355468866,38.35,36.05,37.45,-0.95,4297,2105,38.25
2020-08-21,4361917,165957328,38.35,37.65,38.1,0.65,2513,2105,37.85
2020-08-24,3749489,141143032,38.35,37.3,37.65,-0.45,1846,2105,38.35
2020-08-25,1843543,69766711,38.1,37.6,37.65,0.0,1059,2105,37.7
2020-08-26,2066078,78070289,38.0,37.55,37.75,0.1,1089,2105,37.75
2020-08-27,3143663,117258121,37.85,36.85,37.3,-0.45,1747,2105,37.8
2020-08-28,3651638,136631518,37.75,37.1,37.3,0.0,1832,2105,37.2
2020-08-31,14277754,521409459,37.85,36.0,36.0,-1.3,4470,2105,37.4
2020-09-01,8787039,318938953,36.8,36.0,36.4,0.4,3356,2105,36.1
2020-09-02,6583888,235794968,36.45,35.55,35.9,-0.5,2822,2105,36.4
2020-09-03,6907808,247872390,36.35,35.65,35.85,-0.05,3113,2105,36.0
2020-09-04,7627020,273389213,36.25,35.5,36.1,0.25,3551,2105,35.85
2020-09-07,7235017,267664829,37.5,36.1,37.25,1.15,3248,2105,36.1
2020-09-08,5554810,207839062,37.7,37.05,37.5,0.25,2986,2105,37.4
2020-09-09,8514572,323107327,38.5,37.1,38.45,0.95,3985,2105,37.45
2020-09-10,5390008,206312301,38.5,37.8,38.5,0.05,2865,2105,38.45
2020-09-11,5880295,223823271,38.85,37.5,37.9,-0.6,2856,2105,38.4
2020-09-14,3249048,122752950,38.2,37.55,37.8,-0.1,1688,2105,38.0
2020-09-15,5911207,227001253,38.6,37.75,38.5,0.7,3555,2105,37.8
2020-09-16,2250987,86256287,38.6,38.1,38.25,-0.25,1190,2105,38.55
2020-09-17,2715725,102875641,38.25,37.6,37.9,-0.35,1435,2105,38.15
2020-09-18,3196280,120500242,37.9,37.55,37.7,-0.2,1010,2105,37.9
2020-09-21,4317466,164391308,38.3,37.6,38.0,0.3,1964,2105,37.6
2020-09-22,3913679,145671854,37.85,36.6,37.05,-0.95,1936,2105,37.85
2020-09-23,3887496,143812590,37.3,36.6,37.3,0.25,1503,2105,37.2
2020-09-24,9369433,338796352,37.0,35.7,35.7,-1.6,3947,2105,36.7
2020-09-25,3585505,128843799,36.4,35.55,36.0,0.3,1572,2105,36.0
2020-09-28,4375815,159909541,36.8,35.85,36.7,0.7,1868,2105,35.9
2020-09-29,4285068,159465272,37.45,36.85,37.2,0.5,1594,2105,36.85
2020-09-30,2752995,101883165,37.35,36.8,36.9,-0.3,1392,2105,37.25
2020-10-05,5707759,215944047,38.35,37.1,37.9,1.0,3405,2105,37.3
2020-10-06,4102245,155580210,38.2,37.75,38.0,0.1,2031,2105,37.95
2020-10-07,3366522,127801486,38.15,37.5,38.0,0.0,1427,2105,37.8
2020-10-08,2696610,102060402,38.1,37.6,37.85,-0.15,1198,2105,38.0
2020-10-12,2961962,110966559,37.9,37.2,37.7,-0.15,1226,2105,37.9
2020-10-13,2474677,91621807,37.65,36.55,37.2,-0.5,1327,2105,37.6
2020-10-14,2400752,88966187,37.2,36.9,37.1,-0.1,835,2105,37.0
2020-10-15,2538343,93054883,37.0,36.5,36.6,-0.5,1231,2105,36.8
2020-10-16,1639896,60289567,36.9,36.6,36.7,0.1,852,2105,36.6
2020-10-19,1757580,64979821,37.15,36.8,37.05,0.35,921,2105,36.85
2020-10-20,1978861,72597879,36.95,36.55,36.8,-0.25,1036,2105,36.95
2020-10-21,2083822,76760036,37.1,36.65,36.85,0.05,1291,2105,36.95
2020-10-22,3046675,112273136,37.1,36.7,36.7,-0.15,1100,2105,36.85
2020-10-23,1963046,71933287,36.8,36.55,36.75,0.05,863,2105,36.7
2020-10-26,3034107,113263831,37.7,36.75,37.25,0.5,1440,2105,36.75
2020-10-27,4311305,161030165,37.5,36.9,37.45,0.2,1386,2105,37.15
2020-10-28,2327358,86494279,37.45,36.9,37.1,-0.35,1359,2105,37.3
2020-10-29,2849091,103603943,36.75,36.1,36.35,-0.75,1625,2105,36.65
2020-10-30,3667834,131997705,36.3,35.5,36.1,-0.25,1656,2105,36.05
2020-11-02,1936863,69728635,36.2,35.9,36.05,-0.05,978,2105,36.1
2020-11-03,4179146,152496945,36.9,36.05,36.7,0.65,1780,2105,36.05
2020-11-04,6557064,243500843,37.5,36.25,37.5,0.8,2491,2105,36.6
2020-11-05,8261558,313634494,38.15,37.3,38.0,0.5,3167,2105,37.5
2020-11-06,7620317,291214582,38.4,37.7,38.25,0.25,2684,2105,38.05
2020-11-09,5530473,213132941,38.7,38.4,38.6,0.35,2317,2105,38.45
2020-11-10,4973314,191776333,38.8,38.3,38.6,0.0,2017,2105,38.6
2020-11-11,13390490,528271055,40.05,38.7,40.0,1.4,5675,2105,38.75
2020-11-12,9221532,367920969,40.15,39.3,39.9,-0.1,3801,2105,39.9
2020-11-13,13588348,550006859,41.5,39.8,39.95,0.05,7418,2105,39.85
2020-11-16,5104262,203799996,40.15,39.65,39.95,0.0,2592,2105,39.95
2020-11-17,7653111,306991347,40.4,39.65,40.35,0.4,3042,2105,40.0
2020-11-18,9128178,374896965,41.3,40.4,41.05,0.7,4815,2105,40.45
2020-11-19,9079027,378145591,41.95,41.05,41.8,0.75,3981,2105,41.05
2020-11-20,15835722,679911937,43.6,42.0,43.25,1.45,7980,2105,42.0
2020-11-23,10226257,444887767,44.3,43.0,43.3,0.05,4977,2105,43.85
2020-11-24,6117615,261434439,43.45,41.2,42.75,-0.55,2886,2105,43.3
2020-11-25,5325084,229746017,43.8,42.65,43.0,0.25,2876,2105,43.0
2020-11-26,7542467,326152066,43.45,42.8,43.2,0.2,4358,2105,43.05
2020-11-27,6361193,274401918,43.4,42.9,43.2,0.0,3107,2105,43.1
2020-11-30,14032448,599898737,43.4,42.5,42.5,-0.7,2925,2105,43.35
2020-12-01,9985803,433005876,43.8,42.5,43.5,1.0,3734,2105,42.55
2020-12-02,6288146,273022092,43.85,43.0,43.2,-0.3,2832,2105,43.8
2020-12-03,5912371,255052913,43.45,42.65,43.3,0.1,2612,2105,43.15
2020-12-04,6468057,282364077,43.85,43.35,43.7,0.4,2744,2105,43.4
2020-12-07,6453513,282272642,43.85,43.5,43.8,0.1,2834,2105,43.8
2020-12-08,12474787,561873745,45.5,43.8,45.45,1.65,6277,2105,43.85
2020-12-09,7936602,358327258,45.45,44.7,45.3,-0.15,3948,2105,45.45
2020-12-10,5385213,241863501,45.3,44.5,44.8,-0.5,3033,2105,45.05
2020-12-11,5016942,223085392,45.25,43.8,44.35,-0.45,2757,2105,44.7
2020-12-14,6384879,287369863,45.45,44.0,45.15,0.8,3330,2105,44.35
2020-12-15,5640995,252726458,45.35,44.2,44.8,-0.35,3234,2105,45.2
2020-12-16,8314220,377817484,45.7,45.0,45.7,0.9,4412,2105,45.0
2020-12-17,3570721,161873014,45.75,44.85,45.5,-0.2,2052,2105,45.75
2020-12-18,4074132,183906796,45.5,45.0,45.1,-0.4,1922,2105,45.5
2020-12-21,5261228,234196894,45.0,43.6,44.65,-0.45,2716,2105,44.8
2020-12-22,8010970,350191169,44.4,42.8,43.05,-1.6,3924,2105,44.05
2020-12-23,3715204,161395944,44.1,43.1,43.35,0.3,1733,2105,43.1
2020-12-24,2065455,90015616,43.95,43.15,43.5,0.15,1117,2105,43.35
2020-12-25,2056000,89500901,43.85,43.3,43.55,0.05,1264,2105,43.5
2020-12-28,2650937,115697523,43.8,43.3,43.6,0.05,1467,2105,43.6
2020-12-29,2618353,113616217,43.8,43.2,43.35,-0.25,1531,2105,43.8
2020-12-30,4584162,200913106,44.45,43.2,44.1,0.75,2613,2105,43.4
2020-12-31,3702452,162770935,44.3,43.6,44.05,-0.05,1564,2105,44.2
2021-01-04,7442929,326039236,44.4,42.8,44.4,0.35,3642,2105,43.6
2021-01-05,13074602,564291253,44.15,42.8,42.8,-1.6,6074,2105,44.0
2021-01-06,14240373,591794023,42.8,40.55,41.35,-1.45,8080,2105,42.8
2021-01-07,7355237,312608454,42.95,41.35,42.85,1.5,4439,2105,41.35
2021-01-08,8525658,368431155,43.6,42.7,43.6,0.75,4000,2105,42.9
2021-01-11,3991878,172973110,43.6,43.0,43.55,-0.05,2479,2105,43.3
2021-01-12,4291214,185575805,43.55,42.95,43.05,-0.5,2556,2105,43.5
2021-01-13,6254794,271436167,43.75,43.1,43.3,0.25,3347,2105,43.2
2021-01-14,5476035,235524726,43.5,42.7,43.1,-0.2,3525,2105,43.3
2021-01-15,4767424,205533233,43.5,42.8,43.05,-0.05,2736,2105,43.1
2021-01-18,4129065,174320381,43.05,41.5,42.35,-0.7,2145,2105,43.05
2021-01-19,5515443,237057732,43.3,42.3,43.2,0.85,2997,2105,42.35
2021-01-20,8704185,364914860,43.1,41.2,41.6,-1.6,4912,2105,42.8
2021-01-21,3090215,129621752,42.3,41.6,41.7,0.1,1534,2105,41.6
2021-01-22,3265169,136652661,42.0,41.6,42.0,0.3,1490,2105,42.0
2021-01-25,2867456,120214781,42.05,41.65,42.0,0.0,1248,2105,42.0
2021-01-26,2684744,111847646,42.1,41.35,41.5,-0.5,1495,2105,41.7
2021-01-27,4195982,174208233,42.2,41.4,41.4,-0.1,2375,2105,41.5
2021-01-28,4658547,188759828,41.25,40.1,40.35,-1.05,3018,2105,41.1
2021-01-29,6564625,262288359,40.8,39.5,39.95,-0.4,2889,2105,40.35
2021-02-01,4541463,184329870,40.95,39.9,40.8,0.85,2305,2105,40.0
2021-02-02,6349162,266139288,42.3,40.85,42.25,1.45,3101,2105,40.9
2021-02-03,4828138,204774631,42.85,41.5,42.45,0.2,2286,2105,42.0
2021-02-04,2003436,83753166,42.2,41.6,41.65,-0.8,1188,2105,41.85
2021-02-05,2628569,109955130,42.25,41.45,41.8,0.15,1161,2105,41.65
2021-02-17,6090373,260520452,43.2,42.0,42.7,0.9,3287,2105,42.5
2021-02-18,5139003,222193454,43.6,42.3,43.3,0.6,2399,2105,42.55
2021-02-19,4048770,172360820,43.0,42.3,42.55,-0.75,1913,2105,43.0
2021-02-22,5716594,247785631,43.6,42.4,43.6,1.05,3075,2105,42.4
2021-02-23,9505749,421073297,44.85,43.25,44.65,1.05,5146,2105,43.55
2021-02-24,7330600,327167641,45.3,44.25,44.4,-0.25,3630,2105,44.9
2021-02-25,4954574,221409452,45.2,44.15,44.45,0.05,2628,2105,44.65
2021-02-26,11998883,516468597,44.05,42.6,43.15,-1.3,4844,2105,43.5
2021-03-02,4351525,185475535,43.45,42.25,42.4,-0.75,2534,2105,43.2
2021-03-03,10934344,478183042,44.35,42.45,43.85,1.45,4596,2105,42.85
2021-03-04,8666098,379621667,44.45,43.3,43.55,-0.3,4629,2105,44.2
2021-03-05,4037250,174051693,43.6,42.8,42.95,-0.6,2270,2105,43.0
2021-03-08,6004493,261962186,44.45,42.85,43.45,0.5,2697,2105,43.1
2021-03-09,4750205,207982078,44.0,43.5,43.6,0.15,2141,2105,43.75
2021-03-10,3466109,151203573,43.95,43.4,43.65,0.05,1706,2105,43.6
2021-03-11,5366299,236115569,44.15,43.85,43.85,0.2,2107,2105,44.0
2021-03-12,3161448,138990970,44.25,43.75,44.0,0.15,1368,2105,44.0
2021-03-15,2741608,120522734,44.25,43.75,44.15,0.15,1247,2105,44.0
2021-03-16,3412174,150378574,44.3,43.8,44.05,-0.1,1595,2105,44.05
2021-03-17,7960002,355089317,45.1,44.0,44.7,0.65,4237,2105,44.0
2021-03-18,8812792,398473088,45.7,44.75,45.0,0.3,3878,2105,44.8
2021-03-19,7359355,325612467,45.0,44.0,44.2,-0.8,3385,2105,44.7
2021-03-22,4139651,183760434,44.8,43.6,44.55,0.35,2506,2105,44.05
2021-03-23,6421893,288258186,45.3,44.65,44.75,0.2,3232,2105,44.65
2021-03-24,14613389,665441375,46.45,44.8,46.4,1.65,5703,2105,45.0
2021-03-25,9390310,428930252,46.25,45.0,45.75,-0.65,4587,2105,46.1
2021-03-26,8008895,367138149,46.15,45.3,45.45,-0.3,3483,2105,46.0
2021-03-29,10066800,468392393,47.0,45.85,47.0,1.55,5025,2105,46.0
2021-03-30,9345716,439079094,47.5,46.4,47.5,0.5,4881,2105,47.05
2021-03-31,11857785,569744134,48.3,47.25,48.2,0.7,5528,2105,47.6
2021-04-01,6238367,297538826,48.45,47.35,47.45,-0.75,3439,2105,48.3
2021-04-06,4813631,229162378,48.2,47.25,47.3,-0.15,2604,2105,47.7
2021-04-07,3342221,157872632,47.9,47.0,47.3,0.0,2056,2105,47.0
2021-04-08,4762725,223587759,47.3,46.55,46.95,-0.35,2845,2105,47.1
2021-04-09,11632366,558061396,48.2,47.2,48.0,1.05,3749,2105,47.2
2021-04-12,5468056,262517948,48.5,47.65,47.8,-0.2,2468,2105,48.0
2021-04-13,5276857,252325300,48.1,47.25,47.3,-0.5,2787,2105,47.8
2021-04-14,8423511,403285806,48.45,47.1,48.15,0.85,3686,2105,47.55
2021-04-15,30172327,1529495164,51.9,48.5,51.2,3.05,14286,2105,48.5
2021-04-16,20625530,1062170899,52.5,50.2,51.7,0.5,10473,2105,51.7
2021-04-19,22115055,1185799300,54.5,52.5,53.8,2.1,11111,2105,52.5
2021-04-20,57349674,3275618216,59.1,55.7,56.5,2.7,25516,2105,57.5
2021-04-21,28912823,1648006651,58.0,55.3,57.1,0.6,13305,2105,56.5
2021-04-22,33131419,1911051244,59.0,55.8,56.1,-1.0,16128,2105,57.9
2021-04-23,16603784,923563536,56.9,53.9,56.3,0.2,8711,2105,56.2
2021-04-26,11928908,678462907,57.5,56.3,57.0,0.7,6559,2105,56.9
2021-04-27,12522197,701746109,57.2,55.6,56.1,-0.9,5842,2105,57.2
2021-04-28,13909783,767671584,56.5,54.5,55.5,-0.6,6683,2105,56.1
2021-04-29,19331464,1044021907,55.6,53.1,54.1,-1.4,9041,2105,55.5
2021-05-03,13290498,702324133,54.5,52.2,52.5,-1.6,5986,2105,54.0
2021-05-04,14390299,739347155,53.8,49.5,51.1,-1.4,7644,2105,52.8
2021-05-05,16254629,814361199,50.8,49.4,49.5,-1.6,7289,2105,50.6
2021-05-06,13687673,688967078,51.0,49.5,50.7,1.2,6316,2105,49.9
2021-05-07,7084247,359391316,51.7,50.1,51.0,0.3,3646,2105,51.1
2021-05-10,8043356,413532059,52.4,50.5,51.5,0.5,4012,2105,51.3
2021-05-11,15291663,752718879,50.6,48.0,48.6,-2.9,8197,2105,50.5
2021-05-12,17165459,785434210,48.1,43.75,45.0,-3.6,9213,2105,48.1
2021-05-13,12415421,548343370,45.55,42.75,43.9,-1.1,6145,2105,44.0
2021-05-14,9160004,403641097,45.1,43.5,44.35,0.45,4620,2105,44.2
2021-05-17,14801794,612590549,42.95,40.15,41.3,-3.05,6668,2105,42.5
2021-05-18,9764752,420280913,43.95,41.35,43.75,2.45,4977,2105,41.45
2021-05-19,6169366,268723110,44.45,42.65,43.55,-0.2,3521,2105,43.5
2021-05-20,8969215,395720449,45.0,43.1,44.2,0.65,3836,2105,43.15
2021-05-21,8754307,387304799,45.25,43.9,44.35,0.15,3090,2105,44.45
2021-05-24,2890784,128323930,44.85,43.6,44.6,0.25,1617,2105,44.0
2021-05-25,9288595,427186774,46.7,44.55,46.3,1.7,4466,2105,44.55
2021-05-26,7661039,353743591,46.9,45.45,46.25,-0.05,3856,2105,46.9
2021-05-27,12427412,581597310,47.15,45.7,47.15,0.9,3707,2105,46.0
2021-05-28,9760456,466927249,48.4,47.4,47.4,0.25,4256,2105,47.55
2021-05-31,4601468,216176325,47.6,46.5,46.65,-0.75,2545,2105,47.6
2021-06-01,2324515,108913554,47.2,46.4,47.0,0.35,1374,2105,47.0
2021-06-02,6937251,332423231,48.55,47.2,48.2,1.2,4053,2105,47.8
2021-06-03,3458852,166408636,48.65,47.85,48.0,-0.2,1900,2105,48.4
2021-06-04,4126593,197305385,48.2,47.05,47.65,-0.35,2298,2105,47.8
2021-06-07,4137266,192472762,47.65,45.95,46.4,-1.25,2398,2105,47.5
2021-06-08,4242304,200610301,47.95,46.7,47.0,0.6,2134,2105,47.0
2021-06-09,3893981,183629657,47.75,46.7,47.0,0.0,1547,2105,47.45
2021-06-10,3963202,185083856,47.25,46.4,46.5,-0.5,1939,2105,47.0
2021-06-11,3194531,148655479,47.2,46.15,46.35,-0.15,1535,2105,46.5
2021-06-15,4915810,225281438,46.65,45.45,45.65,-0.7,2734,2105,46.4
2021-06-16,6412010,290844716,45.9,45.0,45.5,-0.15,3839,2105,45.5
2021-06-17,6193927,279178191,45.4,44.55,45.3,-0.2,3130,2105,44.8
2021-06-18,22554642,1006252836,45.6,44.4,44.45,-0.85,5742,2105,45.3
2021-06-21,7957322,354378683,45.45,44.05,44.3,-0.15,3872,2105,44.65
2021-06-22,4953751,222575887,45.4,44.6,44.95,0.65,2377,2105,44.7
2021-06-23,8091445,369924013,46.2,45.05,46.0,1.05,3895,2105,45.4
2021-06-24,13013161,613161589,47.8,45.95,47.45,1.45,5954,2105,46.7
2021-06-25,7704285,366672292,48.0,46.8,47.35,-0.1,3784,2105,47.55
2021-06-28,4940535,232435200,47.8,46.7,47.0,-0.35,2282,2105,47.8
2021-06-29,4698326,218441855,47.15,46.1,46.6,-0.4,2771,2105,47.0
2021-06-30,3546573,165438064,46.8,46.1,46.75,0.15,1837,2105,46.6
2021-07-01,3879011,180414950,47.2,46.05,46.3,-0.45,2016,2105,46.4
2021-07-02,6272131,286365382,46.15,45.35,45.45,-0.85,3366,2105,46.05
2021-07-05,3579572,164181107,46.35,45.5,46.0,0.55,1894,2105,45.5
2021-07-06,2772068,126802994,46.4,45.5,45.7,-0.3,1748,2105,46.1
2021-07-07,4434648,200359008,45.6,44.95,45.0,-0.7,2528,2105,45.5
2021-07-08,6562427,295563992,45.75,44.8,45.15,0.15,2264,2105,45.25
2021-07-09,6771708,301270457,45.0,44.3,44.7,-0.45,3067,2105,44.7
2021-07-12,3757029,167976768,45.05,44.45,44.8,0.1,1555,2105,44.8
2021-07-13,5190146,233402787,45.55,44.35,44.55,-0.25,2443,2105,45.2
2021-07-14,6927626,304870532,44.85,43.6,43.85,-0.7,3145,2105,44.65
2021-07-15,3930833,174206941,44.8,43.7,44.3,0.45,1891,2105,43.95
2021-07-16,2950051,132354611,45.25,44.2,45.15,0.85,1823,2105,44.2
2021-07-19,6610079,294264666,45.05,43.85,45.0,-0.15,2745,2105,44.7
2021-07-20,5619661,247432288,44.65,43.8,43.85,-1.15,2929,2105,44.65
2021-07-21,3725786,163180416,44.15,43.5,43.8,-0.05,2183,2105,44.1
2021-07-22,2751077,121633825,44.4,44.0,44.05,0.25,1546,2105,44.0
2021-07-23,2427992,108483506,45.0,44.1,44.45,0.4,1341,2105,44.1
2021-07-26,2216071,98485925,44.8,44.2,44.3,-0.15,1400,2105,44.35
2021-07-27,1858272,82626729,44.75,44.25,44.35,0.05,1175,2105,44.3
2021-07-28,4384103,191836147,44.75,43.5,43.6,-0.75,3022,2105,44.35
2021-07-29,1763471,77427478,44.1,43.55,44.05,0.45,831,2105,43.6
2021-07-30,5038128,218111124,44.05,43.1,43.1,-0.95,2954,2105,43.7
2021-08-02,3269900,142964954,44.2,43.2,44.2,1.1,1898,2105,43.25
2021-08-03,3000094,131052199,43.95,43.3,43.9,-0.3,1696,2105,43.65
2021-08-04,3016173,131808187,44.25,43.5,43.75,-0.15,2018,2105,43.9
2021-08-05,2619510,114299410,43.95,43.5,43.6,-0.15,1715,2105,43.7
2021-08-06,3624884,156658614,43.6,43.1,43.1,-0.5,2299,2105,43.5
2021-08-09,4092621,174177253,42.9,42.2,42.5,-0.6,2736,2105,42.9
2021-08-10,5660482,236351915,42.75,41.5,41.65,-0.85,3227,2105,42.55
2021-08-11,4174431,174033044,42.1,41.45,41.8,0.15,3176,2105,41.75
2021-08-12,9270509,377207746,41.55,40.3,40.65,-1.15,5945,2105,41.55
2021-08-13,4883946,197274930,40.65,40.1,40.3,-0.35,3002,2105,40.55
2021-08-16,7818679,308367277,40.15,39.0,39.15,-1.15,4726,2105,40.1
2021-08-17,7872407,304225222,39.3,38.4,38.4,-0.75,4826,2105,39.25
2021-08-18,17393870,649197002,38.1,36.75,37.8,-0.6,9803,2105,38.1
2021-08-19,11651852,443233665,39.8,37.5,37.6,-0.2,6099,2105,38.5
2021-08-20,6499107,245512912,38.25,37.55,37.55,-0.05,3735,2105,37.8
2021-08-23,4634813,176091021,38.15,37.75,38.05,0.5,2216,2105,37.9
2021-08-24,6774033,255556350,38.4,37.5,37.6,-0.45,3764,2105,38.3
2021-08-25,6405924,242073271,38.2,37.55,37.95,0.35,3336,2105,37.65
2021-08-26,8361231,314228584,38.05,37.45,37.5,-0.45,4028,2105,38.0
2021-08-27,5435110,206677620,38.2,37.5,38.15,0.65,2530,2105,37.5
2021-08-30,8403219,309932740,37.25,36.7,37.05,0.0,4286,2105,37.25
2021-08-31,8398311,310119125,37.25,36.7,37.25,0.2,3620,2105,36.9
2021-09-01,4035415,149603479,37.4,36.9,37.05,-0.2,2774,2105,37.0
2021-09-02,4636046,171449708,37.3,36.75,36.8,-0.25,2384,2105,37.05
2021-09-03,4518184,167203652,37.2,36.75,37.05,0.25,2302,2105,37.05
2021-09-06,3009230,111287571,37.2,36.85,36.9,-0.15,1338,2105,37.15
2021-09-07,3716225,136509504,37.05,36.6,36.65,-0.25,1959,2105,36.95
2021-09-08,12020800,432265291,36.7,35.8,35.8,-0.85,6417,2105,36.7
2021-09-09,9276371,332991732,36.4,35.1,36.25,0.45,4444,2105,35.25
2021-09-10,3482134,126076709,36.5,36.0,36.25,0.0,2254,2105,36.05
2021-09-13,4106654,149041019,36.6,36.0,36.5,0.25,2522,2105,36.25
2021-09-14,7864705,291976222,37.5,36.65,37.35,0.85,4473,2105,36.65
2021-09-15,9478790,352040668,37.55,36.75,37.0,-0.35,4719,2105,37.5
2021-09-16,6336342,231899232,37.25,36.3,36.4,-0.6,3282,2105,37.15
2021-09-17,7174089,260863857,36.8,36.15,36.15,-0.25,2579,2105,36.4
2021-09-22,8720416,309271975,35.95,35.2,35.4,-0.75,4653,2105,35.95
2021-09-23,4859081,173381170,36.05,35.45,35.6,0.2,2243,2105,35.8
2021-09-24,6915265,247987259,36.3,35.6,35.6,0.0,2863,2105,35.95
2021-09-27,5349638,193338827,36.4,35.8,36.2,0.6,2263,2105,35.9
2021-09-28,4597062,165095658,36.25,35.7,35.9,-0.3,2267,2105,36.25
2021-09-29,10591714,373733624,35.55,35.2,35.25,-0.65,5105,2105,35.5
2021-09-30,6780887,240750939,35.75,35.15,35.5,0.25,3793,2105,35.3
2021-10-01,10684092,374084021,35.4,34.9,35.0,-0.5,4433,2105,35.35
2021-10-04,4807383,167650060,35.35,34.6,34.65,-0.35,2210,2105,35.35
2021-10-05,5982227,204681371,34.6,33.9,34.2,-0.45,3440,2105,34.6
2021-10-06,6452413,220089654,34.6,33.9,34.1,-0.1,3346,2105,34.6
2021-10-07,4339584,150545879,34.9,34.1,34.9,0.8,2741,2105,34.1
2021-10-08,3667313,126644896,34.85,34.3,34.4,-0.5,2599,2105,34.75
2021-10-12,4983023,169049582,34.15,33.65,33.95,-0.45,2227,2105,34.0
2021-10-13,5135741,174531094,34.5,33.8,33.85,-0.1,2394,2105,34.0
2021-10-14,2357826,80416875,34.3,33.95,34.1,0.25,1364,2105,34.2
2021-10-15,4056611,140308328,34.85,34.15,34.85,0.75,2281,2105,34.5
2021-10-18,3225419,112827198,35.15,34.75,34.9,0.05,1850,2105,34.85
2021-10-19,3339716,116479987,35.2,34.75,34.9,0.0,2025,2105,35.15
2021-10-20,2514169,87832170,35.1,34.8,34.85,-0.05,1220,2105,34.95
2021-10-21,5527260,195069056,35.6,34.95,35.2,0.35,2608,2105,34.95
2021-10-22,2545635,89069905,35.25,34.75,34.85,-0.35,1337,2105,35.2
2021-10-25,2925966,102154208,35.2,34.5,35.15,0.3,1404,2105,34.85
2021-10-26,4664686,164116262,35.35,35.0,35.2,0.05,2462,2105,35.2
2021-10-27,5128760,177969101,35.05,34.5,34.55,-0.65,2980,2105,34.95
2021-10-28,2560503,88937482,34.95,34.5,34.75,0.2,1415,2105,34.5
2021-10-29,6064233,208004496,34.8,34.1,34.1,-0.65,3163,2105,34.75
2021-11-01,3119551,107296215,34.75,34.15,34.45,0.35,1579,2105,34.2
2021-11-02,5042853,174571098,35.0,34.3,34.5,0.05,2423,2105,34.5
2021-11-03,2789986,96103796,34.55,34.35,34.5,0.0,1767,2105,34.5
2021-11-04,3590814,123641044,34.65,34.3,34.35,-0.15,1925,2105,34.6
2021-11-05,4399421,150089793,34.35,34.0,34.15,-0.2,2279,2105,34.3
2021-11-08,5739150,198505122,34.8,34.25,34.8,0.65,2658,2105,34.25
2021-11-09,5320237,186476658,35.3,34.7,35.2,0.4,2822,2105,34.8
2021-11-10,4292615,149784267,35.3,34.7,34.8,-0.4,2318,2105,35.3
2021-11-11,5987911,205959281,34.8,34.3,34.3,-0.5,3168,2105,34.8
2021-11-12,4166287,143353197,34.6,34.25,34.45,0.15,2572,2105,34.55
2021-11-15,4604199,160412810,35.05,34.5,35.05,0.6,2218,2105,34.5
2021-11-16,3837521,133472297,35.05,34.65,34.75,-0.3,1924,2105,35.05
2021-11-17,3756208,129684394,34.75,34.45,34.45,-0.3,2208,2105,34.75
2021-11-18,4471687,154264606,34.75,34.35,34.5,0.05,2207,2105,34.75
2021-11-19,4294501,147811998,34.8,34.3,34.3,-0.2,2346,2105,34.5
2021-11-22,3799416,131495220,34.85,34.3,34.8,0.5,1923,2105,34.4
2021-11-23,3433858,118881560,34.9,34.5,34.5,-0.3,1690,2105,34.8
2021-11-24,4793293,167639688,35.25,34.6,35.1,0.6,2676,2105,34.7
2021-11-25,3489803,122185066,35.25,34.9,34.9,-0.2,1969,2105,35.25
2021-11-26,4748338,163783674,34.9,34.35,34.4,-0.5,2558,2105,34.9
2021-11-29,5031261,171535273,34.25,33.9,34.0,-0.4,2621,2105,34.2
2021-11-30,11679193,393607842,34.25,33.5,33.5,-0.5,4040,2105,34.05
2021-12-01,6774172,227695337,34.0,33.45,33.65,0.15,3454,2105,33.6
2021-12-02,3167636,107164301,34.1,33.55,34.1,0.45,1870,2105,33.65
2021-12-03,2591819,88491871,34.35,34.05,34.05,-0.05,1565,2105,34.1
2021-12-06,5087782,176366791,35.05,33.95,34.85,0.8,2826,2105,34.0
2021-12-07,4929257,170176973,34.75,34.35,34.5,-0.35,2726,2105,34.75
2021-12-08,8964296,313748530,35.3,34.65,35.2,0.7,3697,2105,34.85
2021-12-09,22372332,811231253,37.0,35.2,36.55,1.35,10798,2105,35.2
2021-12-10,10640983,381791150,36.5,35.65,35.85,-0.7,5309,2105,36.5
2021-12-13,6254045,226149757,36.5,35.9,36.1,0.25,2831,2105,36.5
2021-12-14,7293701,262195201,36.2,35.5,35.85,-0.25,3802,2105,36.0
2021-12-15,3946385,140896168,36.0,35.6,35.7,-0.15,2146,2105,35.8
2021-12-16,3775988,134516287,36.05,35.5,35.55,-0.15,1990,2105,35.75
2021-12-17,6442712,231507879,36.15,35.4,36.15,0.6,2729,2105,35.45
2021-12-20,5890643,210050792,36.1,35.45,35.5,-0.65,3062,2105,36.0
2021-12-21,3454289,123083034,35.9,35.3,35.6,0.1,1949,2105,35.5
2021-12-22,2743263,98385464,36.05,35.6,35.9,0.3,1355,2105,35.65
2021-12-23,2777374,99818066,36.2,35.8,35.8,-0.1,1357,2105,35.95
2021-12-24,2274616,81918898,36.15,35.9,36.05,0.25,1175,2105,36.0
2021-12-27,13520841,499996682,37.3,36.15,37.2,1.15,6256,2105,36.15
2021-12-28,10180848,373347866,37.1,36.4,36.65,-0.55,5146,2105,37.0
2021-12-29,5530757,201269775,36.75,36.1,36.55,-0.1,2536,2105,36.65
2021-12-30,5157075,186923673,36.55,36.1,36.1,-0.45,2560,2105,36.55
2022-01-03,4602064,165989195,36.5,35.85,35.85,-0.25,2396,2105,36.2
2022-01-04,3627871,130088568,36.2,35.65,35.9,0.05,2038,2105,35.9
2022-01-05,4205678,150850645,36.25,35.7,35.75,-0.15,1876,2105,35.7
2022-01-06,4287979,152599223,35.8,35.45,35.65,-0.1,2144,2105,35.65
2022-01-07,4914496,174280101,35.95,35.35,35.35,-0.3,2324,2105,35.95
2022-01-10,3273489,115658613,35.7,35.2,35.3,-0.05,1464,2105,35.35
2022-01-11,4542012,162043835,35.95,35.25,35.9,0.6,2365,2105,35.3
2022-01-12,4178431,150264013,36.2,35.75,36.0,0.1,2074,2105,35.9
2022-01-13,4721519,170419446,36.4,35.9,36.0,0.0,2549,2105,36.05
2022-01-14,4298014,152558469,36.05,35.3,35.4,-0.6,2396,2105,36.0
2022-01-17,2008762,71000093,35.6,35.2,35.4,0.0,1138,2105,35.25
2022-01-18,3082503,110454038,35.95,35.5,35.95,0.55,1379,2105,35.5
2022-01-19,4374765,155276401,36.0,35.3,35.35,-0.6,2627,2105,35.7
2022-01-20,1676489,59463270,35.6,35.3,35.45,0.1,792,2105,35.5
2022-01-21,4452452,156911182,35.6,35.1,35.45,0.0,1985,2105,35.2
2022-01-24,2648192,92793365,35.3,34.85,35.1,-0.35,1509,2105,35.3
2022-01-25,6032446,208578771,34.85,34.5,34.55,-0.55,3271,2105,34.85
2022-01-26,2787208,96375611,34.8,34.4,34.55,0.0,1577,2105,34.55
2022-02-07,8979773,321098111,36.3,34.7,36.1,1.55,3981,2105,34.7
2022-02-08,6202926,225839019,36.65,36.1,36.35,0.25,3338,2105,36.2
2022-02-09,3871443,140689387,36.55,36.1,36.35,0.0,2462,2105,36.45
2022-02-10,5246585,190958232,36.7,36.25,36.35,0.0,2000,2105,36.4
2022-02-11,3466224,124274661,36.1,35.7,35.75,-0.6,1902,2105,35.7
2022-02-14,4002113,141275271,35.55,35.2,35.25,-0.5,2141,2105,35.5
2022-02-15,2529573,89191795,35.45,35.1,35.15,-0.1,1806,2105,35.25
2022-02-16,2517210,89644041,35.75,35.35,35.6,0.45,1842,2105,35.4
2022-02-17,5436442,196539662,36.4,35.6,36.3,0.7,2314,2105,35.6
2022-02-18,3365812,121261112,36.2,35.75,35.95,-0.35,1818,2105,36.0
2022-02-21,3966663,143282869,36.5,35.55,36.4,0.45,1799,2105,35.75
2022-02-22,4317949,154616609,36.25,35.6,35.8,-0.6,2509,2105,36.15
2022-02-23,2454484,87761252,36.0,35.65,35.7,-0.1,2049,2105,35.8
2022-02-24,7125042,250647205,35.55,35.0,35.05,-0.65,3448,2105,35.5
2022-02-25,7342616,258056777,35.6,34.7,35.6,0.55,4783,2105,35.1
2022-03-01,4242705,150375603,35.65,35.1,35.65,0.05,2489,2105,35.65
2022-03-02,3298245,117079373,35.8,35.3,35.4,-0.25,2168,2105,35.6
2022-03-03,2739210,96792087,35.6,35.2,35.35,-0.05,1614,2105,35.5
2022-03-04,3077670,107855078,35.15,34.8,35.05,-0.3,1696,2105,35.1
2022-03-07,8548931,292493723,34.8,34.0,34.2,-0.85,4586,2105,34.8
2022-03-08,6578229,223395243,34.1,33.75,34.0,-0.2,3080,2105,33.95
2022-03-09,2898688,99176385,34.55,34.05,34.15,0.15,1651,2105,34.25
2022-03-10,2677698,92825564,34.8,34.3,34.8,0.65,1292,2105,34.3
2022-03-11,1767503,60997036,34.8,34.4,34.5,-0.3,1231,2105,34.8
2022-03-14,2703354,94025954,35.05,34.5,35.05,0.55,1222,2105,34.6
2022-03-15,3013962,104146553,35.0,34.45,34.7,-0.35,1704,2105,35.0
2022-03-16,4585655,158274124,34.9,34.15,34.85,0.15,2239,2105,34.7
2022-03-17,3866361,135764606,35.4,34.9,35.0,0.15,2365,2105,35.15
2022-03-18,4668411,164024590,35.45,35.0,35.0,0.0,1490,2105,35.2
2022-03-21,4513697,160114282,35.65,35.25,35.6,0.6,2029,2105,35.25
2022-03-22,1956476,69407470,35.6,35.35,35.55,-0.05,1335,2105,35.6
2022-03-23,2908094,103119346,35.55,35.35,35.5,-0.05,1622,2105,35.5
2022-03-24,2978222,104451331,35.45,34.9,35.05,-0.45,2638,2105,35.4
2022-03-25,2454185,85549020,35.05,34.7,34.85,-0.2,1175,2105,35.0
2022-03-28,2254398,78146787,34.85,34.5,34.85,0.0,1289,2105,34.7
2022-03-29,3642085,126592654,35.15,34.6,34.6,-0.25,1943,2105,35.0
2022-03-30,8218821,291205514,35.75,34.9,35.3,0.7,4132,2105,34.95
2022-03-31,4252697,151515101,35.8,35.45,35.45,0.15,1802,2105,35.6
2022-04-01,5782531,207091763,35.95,35.4,35.9,0.45,3070,2105,35.5
2022-04-06,4170621,147715021,35.65,35.15,35.65,-0.25,2321,2105,35.45
2022-04-07,4984613,175342525,35.45,34.95,34.95,-0.7,2474,2105,35.3
2022-04-08,1510653,52969368,35.2,35.0,35.0,0.05,810,2105,35.2
2022-04-11,4459935,153969724,35.05,34.35,34.4,-0.6,3710,2105,35.0
2022-04-12,2885151,99142725,34.55,34.2,34.35,-0.05,1424,2105,34.4
2022-04-13,2073400,72129672,34.95,34.5,34.8,0.45,2011,2105,34.65
2022-04-14,1885606,65499295,35.0,34.6,34.75,-0.05,1302,2105,34.9
2022-04-15,3269370,112184522,34.75,34.15,34.25,-0.5,1804,2105,34.75
2022-04-18,2426853,82723390,34.4,33.95,34.05,-0.2,1570,2105,34.05
2022-04-19,2004913,68516638,34.45,34.05,34.05,0.0,994,2105,34.25
2022-04-20,4592035,156916079,34.4,34.05,34.15,0.1,2242,2105,34.1
2022-04-21,2174151,75028892,34.7,34.2,34.55,0.4,1215,2105,34.2
2022-04-22,2501131,85910469,34.5,34.25,34.4,-0.15,2378,2105,34.3
2022-04-25,4453683,150741048,34.25,33.7,33.8,-0.6,3846,2105,34.15
2022-04-26,1865603,63264243,34.0,33.8,33.95,0.15,1844,2105,33.85
2022-04-27,5786780,192916656,33.65,33.05,33.4,-0.55,3568,2105,33.6
2022-04-28,2878431,96151804,33.6,33.2,33.5,0.1,2553,2105,33.4
2022-04-29,1867694,62743433,33.85,33.45,33.45,-0.05,1971,2105,33.6
2022-05-03,1510215,50995470,34.25,33.5,33.7,0.25,1816,2105,33.5
2022-05-04,1151998,38909765,34.0,33.6,33.7,0.0,1442,2105,34.0
2022-05-05,2277944,77798665,34.35,33.9,34.3,0.6,1015,2105,33.9
2022-05-06,2798234,94242973,33.9,33.55,33.7,-0.6,2618,2105,33.6
2022-05-09,2300309,76772867,33.55,33.25,33.45,-0.25,1308,2105,33.25
2022-05-10,2764341,91534513,33.3,32.85,33.25,-0.2,2274,2105,33.3
2022-05-11,2906913,95902899,33.2,32.85,33.0,-0.25,2157,2105,32.95
2022-05-12,4162774,137687856,33.4,32.85,33.0,0.0,3172,2105,33.0
2022-05-13,1850851,61652009,33.6,33.1,33.3,0.3,1950,2105,33.25
2022-05-16,2046604,68586606,33.6,33.4,33.6,0.3,1881,2105,33.6
2022-05-17,4054597,138999274,34.4,33.6,34.3,0.7,2245,2105,33.75
2022-05-18,4795642,165447042,34.85,34.1,34.75,0.45,3807,2105,34.15
2022-05-19,3376425,114724661,34.3,33.8,33.95,-0.8,3310,2105,34.2
2022-05-20,6257087,216368904,34.9,34.1,34.4,0.45,3702,2105,34.1
2022-05-23,3373524,115032782,34.85,33.75,33.95,-0.45,1877,2105,34.85
2022-05-24,2539833,86172291,34.2,33.85,33.85,-0.1,1516,2105,33.95
2022-05-25,3877985,133508279,34.65,34.05,34.5,0.65,2010,2105,34.1
2022-05-26,2363186,81414742,34.75,34.2,34.4,-0.1,1476,2105,34.75
2022-05-27,3387816,117639040,34.85,34.45,34.75,0.35,2141,2105,34.7
2022-05-30,5574185,195387548,35.3,34.55,35.3,0.55,3331,2105,34.85
2022-05-31,15423429,545653121,35.55,34.7,35.55,0.25,3449,2105,35.25
2022-06-01,4093499,145126967,35.65,35.2,35.25,-0.3,2232,2105,35.5
2022-06-02,2714338,96169428,35.55,35.05,35.5,0.25,1442,2105,35.05
2022-06-06,3154638,112217735,35.8,35.3,35.7,0.2,1851,2105,35.8
2022-06-07,2799147,99671594,35.85,35.4,35.65,-0.05,1650,2105,35.65
2022-06-08,3842920,137460287,35.85,35.7,35.8,0.15,1994,2105,35.8
2022-06-09,2679409,95740362,35.85,35.55,35.75,-0.05,1427,2105,35.7
2022-06-10,1656593,58732906,35.6,35.3,35.5,-0.25,941,2105,35.3
2022-06-13,3763458,131100219,35.25,34.7,34.7,-0.8,2187,2105,34.8
2022-06-14,2712373,94404972,35.15,34.4,34.95,0.25,1660,2105,34.95
2022-06-15,2475104,86909856,35.3,34.85,35.05,0.1,1674,2105,35.0
2022-06-16,2120946,74629286,35.65,34.8,34.85,-0.2,1233,2105,35.6
2022-06-17,9067452,312125223,34.8,34.25,34.4,-0.45,1422,2105,34.6
2022-06-20,3324045,113125294,34.65,33.75,33.75,-0.65,1615,2105,34.05
2022-06-21,3585850,124343870,34.95,34.25,34.95,1.2,1412,2105,34.35
2022-06-22,2117694,72976460,34.9,34.3,34.45,-0.5,1174,2105,34.7
2022-06-23,3902798,136649708,35.2,34.6,35.1,0.65,1968,2105,35.05
2022-06-24,4215071,149785779,35.75,35.35,35.45,0.35,2051,2105,35.7
2022-06-27,3906782,139357726,35.85,35.5,35.7,0.25,1792,2105,35.8
2022-06-28,2833867,101045407,35.8,35.45,35.7,0.0,1295,2105,35.55
2022-06-29,5471162,195745628,36.0,35.4,35.65,-0.05,2630,2105,35.45
2022-06-30,3809316,134610323,35.75,35.1,35.4,-0.25,1960,2105,35.7
2022-07-01,4149157,143650249,35.2,34.2,34.25,-1.15,2386,2105,35.15
2022-07-04,3208833,111912011,35.3,34.45,34.8,0.55,1371,2105,34.75
2022-07-05,4221681,150086272,35.85,35.2,35.45,0.65,2213,2105,35.5
2022-07-06,3624291,126746943,35.65,34.6,34.7,-0.75,2010,2105,35.45
2022-07-07,2518757,88221308,35.3,34.55,35.15,0.45,1527,2105,35.15
2022-07-08,9247879,333067844,36.5,35.4,36.1,0.95,4072,2105,35.6
2022-07-11,2697285,96778041,36.4,35.6,35.6,-0.5,2101,2105,36.4
2022-07-12,3864902,135276794,35.4,34.65,34.9,-0.7,2622,2105,35.4
2022-07-13,4688318,165482038,35.8,34.9,35.25,0.35,2690,2105,35.5
2022-07-14,5307582,190031088,36.15,35.0,36.05,0.8,2606,2105,35.25
2022-07-15,5111470,184716679,36.45,35.75,36.3,0.25,2598,2105,36.0
2022-07-18,4952115,180454274,36.7,36.15,36.6,0.3,2330,2105,36.45
2022-07-19,4267536,156428429,36.9,36.35,36.65,0.05,2293,2105,36.7
2022-07-20,5517252,199513790,36.65,35.75,35.8,-0.85,2811,2105,36.65
2022-07-21,4347540,156504247,36.15,35.55,36.15,0.35,1781,2105,35.55
2022-07-22,6401415,228121440,36.15,35.5,35.6,-0.55,2180,2105,36.15
2022-07-25,5960147,209078042,35.2,34.6,35.15,0.0,1615,2105,34.7
2022-07-26,1885093,66138293,35.25,34.8,35.2,0.05,1046,2105,35.1
2022-07-27,1580729,55783734,35.4,35.05,35.35,0.15,997,2105,35.25
2022-07-28,2112455,74498795,35.55,35.1,35.3,-0.05,1255,2105,35.55
2022-07-29,2170102,76928353,35.6,35.25,35.45,0.15,1021,2105,35.6
2022-08-01,4189487,150648984,36.3,35.35,36.1,0.65,2187,2105,35.5
2022-08-02,3323092,118806002,35.95,35.6,35.8,-0.3,1879,2105,35.75
2022-08-03,3391916,120710903,35.9,35.4,35.75,-0.05,1634,2105,35.8
2022-08-04,6075483,211270564,35.7,34.3,34.5,-1.25,3048,2105,35.7
2022-08-05,2954455,103303168,35.2,34.75,35.0,0.5,1536,2105,35.0
2022-08-08,2588271,89734473,34.95,34.5,34.8,-0.2,1437,2105,34.95
2022-08-09,3346631,115594735,34.95,34.35,34.55,-0.25,1748,2105,34.8
2022-08-10,3028571,104238029,34.55,34.3,34.5,-0.05,1445,2105,34.35
2022-08-11,5871156,203960309,34.95,34.5,34.75,0.25,1262,2105,34.85
2022-08-12,6835091,240355486,35.4,34.8,35.2,0.45,1723,2105,34.9
2022-08-15,5811325,203198142,35.4,34.8,34.95,-0.25,1380,2105,35.4
2022-08-16,5107560,180723143,35.55,34.85,35.5,0.55,1773,2105,35.15
2022-08-17,3593757,127712074,35.75,35.35,35.6,0.1,2024,2105,35.6
2022-08-18,1985450,70141793,35.6,35.1,35.5,-0.1,976,2105,35.6
2022-08-19,1952090,69022737,35.65,35.1,35.35,-0.15,1062,2105,35.25
2022-08-22,1834762,64528505,35.35,35.0,35.2,-0.15,867,2105,35.15
2022-08-23,2133803,74649687,35.2,34.9,34.9,-0.3,1223,2105,35.2
2022-08-24,2153615,75750919,35.3,35.0,35.25,0.35,1114,2105,35.2
2022-08-25,1898781,66845443,35.5,35.05,35.15,-0.1,969,2105,35.4
2022-08-26,1506045,53184185,35.4,35.15,35.35,0.2,805,2105,35.3
2022-08-29,3382393,117109953,34.9,34.5,34.55,-0.8,1801,2105,34.8
2022-08-30,2914109,101674036,35.15,34.55,34.95,0.4,1617,2105,34.55
2022-08-31,4550814,160810210,35.45,34.8,35.45,0.5,1167,2105,34.8
2022-09-01,3113762,108758450,35.3,34.75,35.0,-0.45,1405,2105,35.25
2022-09-02,2452031,85652602,35.05,34.8,34.8,-0.2,1335,2105,34.85
2022-09-05,1617737,56258410,35.05,34.6,34.65,-0.15,977,2105,35.0
2022-09-06,1889000,65358406,35.0,34.25,34.6,-0.05,1289,2105,35.0
2022-09-07,3626250,124004541,34.5,34.0,34.15,-0.45,2366,2105,34.45
2022-09-08,2744991,95128983,34.9,34.35,34.9,0.75,1185,2105,34.45
2022-09-12,2713377,95244691,35.25,34.95,35.2,0.3,1550,2105,35.25
2022-09-13,9341773,333728185,35.95,35.25,35.95,0.75,3695,2105,35.4
2022-09-14,22629121,840978248,37.95,35.45,37.7,1.75,11147,2105,35.45
2022-09-15,34879970,1351200410,39.4,37.9,38.4,0.7,17960,2105,38.0
2022-09-16,26850639,1045676309,39.5,38.2,39.5,1.1,11485,2105,38.6
2022-09-19,13832953,541449213,39.5,38.7,39.45,-0.05,8094,2105,39.4
2022-09-20,12874072,509164437,39.8,39.1,39.6,0.15,5805,2105,39.6
2022-09-21,11867216,467501324,39.85,38.9,39.25,-0.35,6788,2105,39.65
2022-09-22,10069274,388807889,39.05,38.15,38.8,-0.45,5645,2105,38.85
2022-09-23,14771933,557885406,38.75,37.2,37.35,-1.45,8435,2105,38.75
2022-09-26,11756286,434956035,37.7,36.6,36.95,-0.4,6175,2105,37.0
2022-09-27,7134658,263281424,37.1,36.6,37.05,0.1,3016,2105,36.95
2022-09-28,10033176,367219862,37.45,36.05,36.3,-0.75,4130,2105,37.2
2022-09-29,7146351,260114160,36.8,36.05,36.4,0.1,3379,2105,36.7
2022-09-30,9616181,343191203,36.0,35.3,35.7,-0.7,3990,2105,36.0
2022-11-01,3821583,125981888,33.25,32.3,33.05,0.75,1754,2105,32.3
2022-11-02,2263938,74745943,33.25,32.8,33.0,-0.05,1239,2105,32.8
2022-11-03,2304946,75872925,33.1,32.65,33.0,0.0,951,2105,32.7
2022-11-04,1631674,53565392,33.05,32.6,32.95,-0.05,1049,2105,32.7
2022-11-07,3761548,126182982,33.8,33.0,33.6,0.65,2441,2105,33.1
2022-11-08,2549932,85321236,33.75,33.25,33.45,-0.15,1500,2105,33.7
2022-11-09,2170404,72686340,33.65,33.25,33.45,0.0,1156,2105,33.45
2022-11-10,2761798,91506230,33.65,33.0,33.05,-0.4,1873,2105,33.65
2022-11-11,4784618,159865219,33.75,33.2,33.35,0.3,2584,2105,33.7
2022-11-14,5186744,176884127,34.35,33.55,34.2,0.85,2488,2105,33.8
2022-11-15,3489753,119190003,34.45,33.6,34.45,0.25,1712,2105,33.9
2022-11-16,3167236,107649798,34.35,33.8,33.8,-0.65,1919,2105,34.3
2022-11-17,2328680,78480711,34.0,33.6,33.75,-0.05,1220,2105,33.65
2022-11-18,2184967,73496882,34.05,33.5,33.5,-0.25,1139,2105,33.6
2022-11-21,1298572,43623698,33.8,33.35,33.75,0.25,754,2105,33.5
2022-11-22,1427371,47915736,33.85,33.5,33.5,-0.25,867,2105,33.85
2022-11-23,1501219,50705975,33.95,33.55,33.8,0.3,880,2105,33.95
2022-11-24,2997476,102435484,34.35,33.9,34.25,0.45,1628,2105,34.1
2022-11-25,2345284,80414762,34.45,34.1,34.35,0.1,1315,2105,34.25
2022-11-28,2724736,92398292,34.25,33.65,33.95,-0.4,1753,2105,34.0
2022-11-29,2713202,93279071,34.55,34.0,34.55,0.6,1323,2105,34.3
2022-11-30,5623801,195886488,34.95,34.35,34.95,0.4,1393,2105,34.5
2022-12-01,3752555,130710018,35.2,34.55,34.55,-0.4,2064,2105,35.05
2022-12-02,3474419,121210542,35.1,34.3,34.9,0.35,1680,2105,34.3
2022-12-05,2227474,77624122,35.2,34.6,34.6,-0.3,1518,2105,34.9
2022-12-06,2995358,103775903,34.85,34.45,34.75,0.15,1497,2105,34.45
2022-12-07,2316892,80151494,34.85,34.5,34.5,-0.25,1287,2105,34.6
2022-12-08,1921056,66043407,34.65,34.2,34.5,0.0,1048,2105,34.35
2022-12-09,3401546,118197861,35.1,34.35,35.0,0.5,1337,2105,34.85
2022-12-12,1396305,48437196,34.85,34.55,34.6,-0.4,817,2105,34.85
2022-12-13,3754751,128713153,34.75,34.05,34.1,-0.5,1444,2105,34.75
2022-12-14,2398644,82964516,34.8,34.3,34.55,0.45,1181,2105,34.4
2022-12-15,1707042,58936058,34.75,34.25,34.5,-0.05,924,2105,34.25
2022-12-16,4147414,141743663,34.4,34.0,34.25,-0.25,1469,2105,34.3
2022-12-19,1588208,54090889,34.2,33.85,34.2,-0.05,701,2105,34.0
2022-12-20,2592929,87846422,34.15,33.7,33.7,-0.5,1461,2105,33.85
2022-12-21,2148431,72333220,33.95,33.5,33.6,-0.1,1358,2105,33.8
2022-12-22,1415423,48011141,34.15,33.65,34.0,0.4,637,2105,33.75
2022-12-23,1202718,40583982,34.0,33.5,33.75,-0.25,828,2105,33.6
2022-12-26,1259718,42787629,34.15,33.75,34.05,0.3,739,2105,33.75
2022-12-27,1052187,36093644,34.45,34.05,34.2,0.15,693,2105,34.1
2022-12-28,1620841,55273065,34.3,33.9,34.0,-0.2,1172,2105,33.95
2022-12-29,1904503,64029866,33.9,33.5,33.7,-0.3,1157,2105,33.8
2022-12-30,1238446,42038727,34.15,33.8,33.9,0.2,686,2105,33.8
2023-01-03,2189244,74049668,34.3,33.35,34.1,0.2,1105,2105,33.8
2023-01-04,1121253,38274649,34.25,34.0,34.2,0.1,825,2105,34.1
2023-01-05,1610120,55378035,34.5,34.25,34.45,0.25,910,2105,34.25
2023-01-06,1552173,53479668,34.55,34.3,34.4,-0.05,902,2105,34.45
2023-01-09,4773635,165727454,35.05,34.5,34.75,0.35,3301,2105,35.0
2023-01-10,2925159,101631048,34.85,34.55,34.85,0.1,1610,2105,34.7
2023-01-11,2191170,76176132,35.0,34.6,34.7,-0.15,1345,2105,34.95
2023-01-12,2554655,88540229,34.9,34.45,34.75,0.05,1545,2105,34.7
2023-01-13,3353834,115761403,35.1,34.2,34.2,-0.55,2134,2105,34.95
2023-01-16,2181361,75331695,34.8,34.3,34.4,0.2,1382,2105,34.6
2023-01-17,2073140,71369464,34.65,34.3,34.5,0.1,1131,2105,34.45
2023-01-30,7482514,260097331,35.25,34.3,34.9,0.4,3581,2105,35.1
2023-01-31,4566397,158360783,35.0,34.5,34.5,-0.4,1637,2105,34.9
2023-02-01,2635646,91242227,34.75,34.4,34.7,0.2,1195,2105,34.55
2023-02-02,2674408,92710976,34.85,34.5,34.65,-0.05,1066,2105,34.8
2023-02-03,2172794,75162122,34.85,34.5,34.55,-0.1,1355,2105,34.7
2023-02-06,4938169,169075049,34.8,34.1,34.15,-0.4,2229,2105,34.8
2023-02-07,4693754,159384234,34.3,33.85,34.0,-0.15,3075,2105,34.25
2023-02-08,3097124,105100433,34.05,33.85,33.9,-0.1,1472,2105,34.0
2023-02-09,2204208,74888052,34.2,33.85,33.9,0.0,1431,2105,33.85
2023-02-10,1900202,64345870,34.0,33.75,33.95,0.05,1237,2105,33.85
2023-02-13,2043377,69678151,34.25,33.8,34.15,0.2,1063,2105,33.9
2023-02-14,1423475,48697500,34.3,34.15,34.2,0.05,980,2105,34.3
2023-02-15,1611553,55008312,34.35,34.05,34.05,-0.15,1187,2105,34.35
2023-02-16,1787762,61277589,34.4,34.1,34.3,0.25,895,2105,34.25
2023-02-17,2073022,71335025,34.6,34.1,34.55,0.25,1081,2105,34.3
2023-02-20,1681262,58175002,34.7,34.45,34.6,0.05,835,2105,34.5
2023-02-21,4452438,155738700,35.25,34.5,35.05,0.45,2116,2105,34.7
2023-02-22,2414696,83567104,34.8,34.4,34.6,-0.45,1540,2105,34.8
2023-02-23,3368019,117828437,35.15,34.65,34.85,0.25,1592,2105,34.65
2023-02-24,6410150,220558730,35.05,34.25,34.25,-0.6,1784,2105,35.0
2023-03-01,4639687,158647754,34.6,34.0,34.0,-0.25,2341,2105,34.3
2023-03-02,1315397,44951821,34.35,34.05,34.2,0.2,856,2105,34.3
2023-03-03,1868120,64146850,34.6,34.1,34.4,0.2,898,2105,34.3
2023-03-06,4535463,158395844,35.1,34.45,35.1,0.7,2039,2105,34.75
2023-03-07,2260128,79080036,35.1,34.85,34.95,-0.15,1638,2105,35.05
2023-03-08,2697288,94151732,35.1,34.75,34.9,-0.05,1368,2105,34.85
2023-03-09,2737944,94954696,34.9,34.6,34.6,-0.3,1417,2105,34.9
2023-03-10,2991075,103204674,34.8,34.4,34.4,-0.2,1561,2105,34.5
2023-03-13,2228208,76860676,34.75,34.15,34.65,0.25,1197,2105,34.4
2023-03-14,2789836,95642658,34.4,34.15,34.3,-0.35,1379,2105,34.25
2023-03-15,3177189,109309940,34.6,34.2,34.2,-0.1,1650,2105,34.45
2023-03-16,3048113,103861333,34.4,34.0,34.05,-0.15,1503,2105,34.2
2023-03-17,7183036,244210818,34.25,33.95,33.95,-0.1,1606,2105,34.15
2023-03-20,1616255,55094256,34.25,34.0,34.05,0.1,738,2105,34.25
2023-03-21,1668263,57124221,34.35,34.1,34.25,0.2,1148,2105,34.15
2023-03-22,2203509,76270598,34.7,34.4,34.65,0.4,1241,2105,34.4
2023-03-23,3405403,118768838,35.0,34.5,34.95,0.3,1719,2105,34.7
2023-03-24,34693687,1307350674,38.4,36.8,37.65,2.7,15657,2105,37.8
2023-03-27,15473138,569361350,37.8,36.05,36.2,-1.45,7532,2105,37.65
2023-03-28,5027201,181349197,36.55,35.8,35.95,-0.25,2665,2105,36.4
2023-03-29,6048047,218434448,36.6,35.8,36.55,0.6,3552,2105,36.15
2023-03-30,3218545,117460369,36.8,36.35,36.55,0.0,1721,2105,36.8
2023-03-31,6692199,246716299,37.25,36.55,36.55,0.0,3284,2105,36.75
2023-04-06,3652741,132787327,36.7,36.05,36.25,-0.3,2432,2105,36.7
2023-04-07,2773651,101789594,36.9,36.35,36.8,0.55,1683,2105,36.35
2023-04-10,4300388,159910426,37.4,36.85,37.15,0.35,2618,2105,36.95
2023-04-11,3265243,121242566,37.4,37.0,37.1,-0.05,1924,2105,37.2
2023-04-12,7505525,282820808,37.95,37.5,37.75,0.65,3667,2105,37.5
2023-04-13,5697657,213259740,37.8,37.25,37.3,-0.45,2776,2105,37.65
2023-04-14,7434681,282129724,38.3,37.5,38.0,0.7,3861,2105,37.6
2023-04-17,4710235,178396586,38.25,37.65,37.9,-0.1,2299,2105,38.25
2023-04-18,4425375,165622881,37.9,37.15,37.4,-0.5,2588,2105,37.9
2023-04-19,3830234,143308080,37.8,37.15,37.4,0.0,2069,2105,37.6
2023-04-20,3803743,140366353,37.15,36.7,36.9,-0.5,2516,2105,37.15
2023-04-21,3311850,122168859,37.25,36.75,36.9,0.0,1642,2105,37.25
2023-04-24,2108127,78016123,37.2,36.75,37.15,0.25,1366,2105,36.9
2023-04-25,5021203,187003092,37.8,36.8,36.95,-0.2,2481,2105,37.3
2023-04-26,4709529,174459613,37.35,36.85,37.1,0.15,3464,2105,37.0
2023-04-27,2635395,98297362,37.55,36.95,37.5,0.4,1521,2105,37.1
2023-04-28,3442819,129868263,37.85,37.5,37.8,0.3,1723,2105,37.85
2023-05-02,3614435,136865053,38.0,37.6,37.95,0.15,2287,2105,37.9
2023-05-03,2414030,91316241,38.0,37.7,37.85,-0.1,1368,2105,37.95
2023-05-04,12076884,466286880,39.1,37.8,38.8,0.95,5585,2105,37.85
2023-05-05,4866897,188713933,39.2,38.4,38.4,-0.4,3397,2105,39.0
2023-05-08,2468073,95129443,38.75,38.3,38.6,0.2,1541,2105,38.65
2023-05-09,2858365,109855897,38.8,38.25,38.4,-0.2,1910,2105,38.55
2023-05-10,3490957,134196638,38.7,38.15,38.7,0.3,1706,2105,38.3
2023-05-11,3284438,126381201,38.85,38.25,38.55,-0.15,1685,2105,38.8
2023-05-12,3286212,126529692,38.75,38.3,38.5,-0.05,1668,2105,38.75
2023-05-15,4262348,165302825,38.95,38.4,38.9,0.4,2285,2105,38.4
2023-05-16,11677707,462000025,39.8,39.05,39.75,0.85,5863,2105,39.1
2023-05-17,6925956,275090363,39.95,39.4,39.8,0.05,4003,2105,39.85
2023-05-18,6414598,256004503,40.0,39.65,40.0,0.2,3046,2105,39.85
2023-05-19,5881874,236262711,40.3,40.0,40.15,0.15,3284,2105,40.0
2023-05-22,5449335,220593456,40.8,40.25,40.5,0.35,3073,2105,40.3
2023-05-23,5944410,237922825,40.55,39.8,39.95,-0.55,3043,2105,40.5
2023-05-24,6265654,248055084,39.95,39.35,39.8,-0.15,3146,2105,39.95
2023-05-25,4664839,186161302,40.1,39.65,39.9,0.1,2254,2105,39.65
2023-05-26,4301036,169848165,39.75,39.25,39.5,-0.4,2479,2105,39.65
2023-05-29,3733086,147963198,39.8,39.5,39.6,0.1,2043,2105,39.7
2023-05-30,6015718,239329717,40.0,39.5,39.8,0.2,3166,2105,39.75
2023-05-31,23302302,913034831,39.95,39.0,39.0,-0.8,3789,2105,39.8
2023-06-01,8147304,309466865,38.35,37.7,37.85,0.0,4901,2105,37.7
2023-06-02,8038597,312203545,39.15,37.9,39.1,1.25,3953,2105,37.9
2023-06-05,4329301,168699273,39.45,38.7,38.8,-0.3,2576,2105,39.1
2023-06-06,3357356,129687905,39.0,38.45,38.7,-0.1,1679,2105,39.0
2023-06-07,3824733,148737763,39.0,38.7,38.85,0.15,2037,2105,39.0
2023-06-08,3513717,135174340,38.85,38.3,38.55,-0.3,2060,2105,38.85
2023-06-09,4327668,167070564,38.8,38.25,38.8,0.25,2118,2105,38.6
2023-06-12,4124251,160980068,39.3,38.85,38.85,0.05,2085,2105,38.9
2023-06-13,6952856,272361506,39.4,38.85,39.4,0.55,3494,2105,39.0
2023-06-14,9285078,372910190,40.45,39.4,40.25,0.85,4491,2105,39.45
2023-06-15,12404625,504720481,41.25,40.05,40.55,0.3,6027,2105,40.75
2023-06-16,19417843,803316792,42.05,40.75,41.15,0.6,8826,2105,41.1
2023-06-19,8686436,357755993,41.6,40.9,41.2,0.05,4246,2105,41.2
2023-06-20,6077224,250108560,41.65,40.95,41.05,-0.15,3018,2105,41.6
2023-06-21,5514783,225031332,41.05,40.55,41.0,-0.05,3027,2105,41.0
2023-06-26,5782897,236139638,41.15,40.4,40.75,-0.25,3046,2105,40.95
2023-06-27,6979607,287104191,41.5,40.6,40.8,0.05,3650,2105,40.6
2023-06-28,3497087,142637569,41.3,40.55,40.75,-0.05,2068,2105,40.95
2023-06-29,4132076,168847279,41.2,40.55,41.1,0.35,2223,2105,41.2
2023-06-30,7736549,311983967,41.0,40.0,40.15,-0.95,4056,2105,40.9
2023-07-03,10922243,431087310,40.6,39.1,39.3,-0.85,5949,2105,40.4
2023-07-04,7706169,302789664,39.65,39.0,39.2,-0.1,2924,2105,39.55
2023-07-05,6133538,239457497,39.35,38.85,38.95,-0.25,3000,2105,39.2
2023-07-06,7238875,284603967,39.7,38.75,39.3,0.35,3690,2105,38.8
2023-07-07,6015826,232892823,39.1,38.45,38.75,-0.55,3557,2105,39.1
2023-07-10,9807640,389150135,40.6,39.05,39.45,0.7,5150,2105,40.0
2023-07-11,5053169,200477658,39.9,39.45,39.75,0.3,2515,2105,39.7
2023-07-12,4892498,194103554,40.3,39.3,39.7,-0.05,2538,2105,40.3
2023-07-13,5345715,210069709,39.85,39.05,39.1,-0.6,3018,2105,39.8
2023-07-14,4729360,185081903,39.45,38.85,39.15,0.05,2595,2105,39.2
2023-07-17,6246529,244650772,39.55,38.45,39.5,0.35,3186,2105,39.15
2023-07-18,4584890,179084282,39.55,38.7,39.15,-0.35,2250,2105,39.5
2023-07-19,5927935,229007445,39.45,38.3,38.4,-0.75,3360,2105,39.45
2023-07-20,3447409,132766925,38.8,38.05,38.8,0.4,1690,2105,38.05
2023-07-21,3422973,131594802,38.7,38.3,38.4,-0.4,1779,2105,38.7
2023-07-24,4170495,158046812,38.35,37.65,38.0,-0.4,2396,2105,38.35
2023-07-25,2842709,108945048,38.65,38.0,38.5,0.5,1731,2105,38.15
2023-07-26,2192624,84352152,38.65,38.35,38.35,-0.15,1283,2105,38.5
2023-07-27,3317422,128078776,38.85,38.45,38.6,0.25,1740,2105,38.5
2023-07-28,3483021,134398369,38.85,38.4,38.7,0.1,1696,2105,38.5
2023-07-31,5049040,194545746,38.85,38.45,38.45,-0.25,2024,2105,38.85
2023-08-01,5369133,203598511,38.5,37.7,37.9,-0.55,4564,2105,38.5
2023-08-02,6228984,232909924,37.85,37.0,37.35,-0.55,3982,2105,37.85
2023-08-04,3311041,123356437,37.6,37.15,37.15,-0.2,2138,2105,37.35
2023-08-07,2323242,86563881,37.45,36.9,37.35,0.2,1285,2105,37.05
2023-08-08,3834071,143836126,37.75,37.25,37.7,0.35,1886,2105,37.6
2023-08-09,3140621,117154206,37.7,37.05,37.35,-0.35,2201,2105,37.7
2023-08-10,3613905,133382503,37.35,36.8,36.9,-0.45,2449,2105,37.35
2023-08-11,6432570,245001871,38.45,37.25,38.4,1.5,3585,2105,37.35
2023-08-14,4296403,161778231,38.3,37.4,37.45,-0.95,3236,2105,38.15
2023-08-15,3344387,126765342,38.15,37.6,37.95,0.5,1754,2105,37.6
2023-08-16,3304418,124013074,37.9,37.05,37.4,-0.55,2175,2105,37.8
2023-08-17,4079374,153257890,37.95,36.9,37.95,0.55,2157,2105,37.15
2023-08-18,2387340,90270717,38.1,37.65,37.75,-0.2,1484,2105,37.9
2023-08-21,2625248,99585344,38.3,37.65,37.95,0.2,1541,2105,37.85
2023-08-22,3307047,125295871,38.25,37.6,38.05,0.1,1562,2105,38.2
2023-08-23,2884845,109576280,38.15,37.7,38.1,0.05,2021,2105,38.05
2023-08-24,2999684,113532683,38.15,37.6,37.85,-0.25,1754,2105,38.15
2023-08-25,4734117,177542297,37.8,37.15,37.4,-0.45,2089,2105,37.8
2023-08-28,2077296,78123490,37.9,37.4,37.5,0.1,1332,2105,37.75
2023-08-29,16666741,652847827,39.55,38.3,39.55,2.05,8466,2105,38.35
2023-08-30,14232276,567798685,40.35,39.25,39.75,0.2,7589,2105,40.1
2023-08-31,12377389,491143415,40.2,38.8,39.65,-0.1,5399,2105,39.55
2023-09-01,11271180,454694311,40.75,39.3,40.45,0.8,5480,2105,39.6
2023-09-04,6522501,263652844,41.3,40.0,40.1,-0.35,4959,2105,40.45
2023-09-05,2882674,115099662,40.15,39.7,40.0,-0.1,2071,2105,40.15
2023-09-06,4500166,178546814,40.05,39.5,39.75,-0.25,2794,2105,40.0
2023-09-07,3439740,136522697,39.95,39.45,39.7,-0.05,1920,2105,39.65
2023-09-08,14912521,609985617,41.6,39.25,41.4,1.7,7199,2105,39.6
2023-09-11,10987508,457057771,41.95,41.15,41.65,0.25,5843,2105,41.7
2023-09-12,9031787,375749366,42.0,41.0,41.8,0.15,4504,2105,41.7
2023-09-13,12669855,537664776,42.75,41.6,42.65,0.85,6547,2105,42.0
2023-09-14,7383540,315345444,42.95,42.4,42.75,0.1,4224,2105,42.95
2023-09-15,10684227,452882560,42.75,41.85,42.65,-0.1,4547,2105,42.75
2023-09-18,9195601,396247980,43.45,42.2,43.1,0.45,5402,2105,42.4
2023-09-19,13437942,589053627,44.2,43.2,43.9,0.8,6928,2105,43.25
2023-09-20,7626910,331346838,44.0,42.95,43.4,-0.5,5910,2105,44.0
2023-09-21,8217891,351482947,43.4,42.45,42.6,-0.8,5910,2105,43.0
2023-09-22,6446038,277063263,43.5,42.2,42.9,0.3,3562,2105,42.25
2023-09-25,5392306,229291537,43.05,42.25,42.6,-0.3,3568,2105,43.0
2023-09-26,4659693,198566703,43.1,42.15,42.6,0.0,3310,2105,42.3
2023-09-27,4623910,195739980,42.65,42.05,42.45,-0.15,3792,2105,42.4
2023-09-28,5146902,218581448,42.85,42.25,42.5,0.05,3345,2105,42.85
2023-10-02,3789177,161640872,43.35,42.45,42.45,-0.05,3286,2105,42.8
2023-10-03,7510562,315681847,42.5,41.6,42.4,-0.05,4546,2105,42.25
2023-10-04,6026269,251618729,42.25,41.5,41.7,-0.7,3686,2105,42.25
2023-10-05,7320891,313444444,43.15,42.1,42.85,1.15,4369,2105,42.1
2023-10-06,4468771,191893062,43.1,42.6,43.1,0.25,2922,2105,42.85
2023-10-11,16934172,752106200,44.8,43.6,44.8,1.7,8948,2105,43.85
2023-10-12,12970873,581409534,45.15,44.0,44.95,0.15,7815,2105,44.9
2023-10-13,6907262,305491366,44.7,44.0,44.15,-0.8,5076,2105,44.7
2023-10-16,5520259,243192979,44.35,43.65,44.3,0.15,2859,2105,44.15
2023-10-17,6155347,268242939,44.35,42.9,43.2,-1.1,3966,2105,44.3
2023-10-18,5695765,246855934,44.0,42.9,43.4,0.2,3207,2105,43.1
2023-10-19,4811531,207770326,43.55,42.75,43.4,0.0,3706,2105,43.05
2023-10-20,5074754,217410383,43.15,42.5,42.9,-0.5,2724,2105,42.85
2023-10-23,3435763,147318408,43.3,42.55,42.95,0.05,2345,2105,42.65
2023-10-24,2762522,118236087,43.15,42.55,43.0,0.05,1859,2105,43.1
2023-10-25,6008793,264071345,44.2,43.1,44.0,1.0,3566,2105,43.1
2023-10-26,6462758,283966026,44.3,43.4,43.85,-0.15,3754,2105,44.0
2023-10-27,3265848,143362164,44.1,43.65,43.95,0.1,1838,2105,44.0
2023-10-30,4425748,193390083,44.0,43.45,43.75,-0.2,2549,2105,44.0
2023-10-31,7908837,349410929,44.5,43.75,44.15,0.4,4083,2105,43.75
2023-11-01,2750165,121058741,44.25,43.85,44.0,-0.15,2447,2105,43.95
2023-11-02,4041780,178073062,44.45,43.75,43.75,-0.25,2645,2105,44.2
2023-11-03,3325478,146582602,44.3,43.75,44.3,0.55,2324,2105,43.95
2023-11-06,7303766,327174829,45.0,44.4,44.8,0.5,4367,2105,44.55
2023-11-07,6787446,304606398,45.1,44.3,44.95,0.15,4409,2105,44.9
2023-11-08,4215588,189443353,45.1,44.65,45.0,0.05,2612,2105,44.95
2023-11-09,4662191,208630205,45.0,44.45,44.8,-0.2,2485,2105,44.9
2023-11-10,5513411,248150069,45.25,44.6,44.8,0.0,3017,2105,44.65
2023-11-13,7386463,334144905,45.65,44.8,45.65,0.85,3952,2105,44.85
2023-11-14,7783383,355121657,46.0,45.15,45.5,-0.15,5684,2105,45.75
2023-11-15,11359423,525443896,46.55,45.8,46.55,1.05,5870,2105,45.95
2023-11-16,11123035,515826812,47.2,45.2,45.9,-0.65,7435,2105,46.8
2023-11-17,6781253,315329312,46.8,45.95,46.55,0.65,4232,2105,46.2
2023-11-20,7803547,356829990,46.65,45.3,45.65,-0.9,6934,2105,46.65
2023-11-21,5933658,273266104,46.45,45.6,46.1,0.45,3606,2105,45.7
2023-11-22,4839998,223625229,46.55,45.45,46.2,0.1,2881,2105,46.05
2023-11-23,4914883,227213538,46.6,45.8,46.4,0.2,3203,2105,46.05
2023-11-24,4195763,193853857,46.5,46.05,46.1,-0.3,3056,2105,46.5
2023-11-27,7886447,370135477,47.15,46.1,46.85,0.75,4263,2105,46.1
2023-11-28,8755951,415874370,47.65,47.1,47.45,0.6,5274,2105,47.15
2023-11-29,6469990,306795750,47.75,46.95,47.3,-0.15,5032,2105,47.45
2023-11-30,11439602,538465851,47.7,46.6,47.05,-0.25,4807,2105,47.7
2023-12-01,5795471,271253406,47.4,46.5,46.5,-0.55,3396,2105,47.0
2023-12-04,21138911,959485483,47.6,44.55,44.7,-1.8,10856,2105,47.15
2023-12-05,16056082,708987639,44.7,43.65,44.25,-0.45,7815,2105,44.55
2023-12-06,12594339,567368857,45.4,44.6,45.0,0.75,6618,2105,44.6
2023-12-07,8402804,379408125,45.6,44.8,44.85,-0.15,4614,2105,44.95
2023-12-08,10935427,494128002,45.4,45.0,45.0,0.15,5939,2105,45.3
2023-12-11,7653874,347425656,45.7,45.15,45.4,0.4,4074,2105,45.15
2023-12-12,10789827,498433800,46.45,45.65,46.3,0.9,6544,2105,45.8
2023-12-13,12558560,570870783,46.7,44.85,45.0,-1.3,7352,2105,46.2
2023-12-14,8104660,367315882,45.65,45.0,45.3,0.3,4720,2105,45.1
2023-12-15,33864829,1538237847,45.9,45.0,45.35,0.05,8518,2105,45.05
2023-12-18,30654706,1422995569,46.6,45.15,46.6,1.25,6869,2105,45.55
2023-12-19,31615559,1462302528,46.75,45.65,46.25,-0.35,7742,2105,46.5
2023-12-20,31395779,1470183547,47.0,45.75,47.0,0.75,7569,2105,46.2
2023-12-21,30199218,1419482519,47.9,45.45,47.9,0.9,9035,2105,46.35
2023-12-22,13834850,636607759,47.25,45.45,45.45,-2.45,9587,2105,47.25
2023-12-25,4554620,204880778,45.6,44.7,44.75,-0.7,3093,2105,45.55
2023-12-26,3852988,171717794,44.95,44.25,44.5,-0.25,2488,2105,44.75
2023-12-27,5087444,228102607,45.2,44.35,44.9,0.4,2946,2105,44.5
2023-12-28,2596798,116843722,45.4,44.8,45.0,0.1,1655,2105,45.4
2023-12-29,3205612,144632557,45.55,44.8,44.9,-0.1,1643,2105,45.15
2024-01-02,5616256,254662002,45.55,44.7,45.55,0.65,2835,2105,44.7
2024-01-03,6348589,284413612,45.25,44.5,44.95,-0.6,3203,2105,45.05
2024-01-04,2578818,115773185,45.1,44.65,44.95,0.0,1174,2105,45.1
2024-01-05,3059126,138030344,45.35,44.95,45.0,0.05,1646,2105,45.1
2024-01-08,2533435,114587532,45.7,45.0,45.1,0.1,1491,2105,45.05
2024-01-09,2048057,91686724,45.05,44.65,44.75,-0.35,1147,2105,45.05
2024-01-10,3941698,173877430,44.8,43.85,43.95,-0.8,2735,2105,44.75
2024-01-11,7001927,302576226,44.05,42.7,43.6,-0.35,3876,2105,43.85
2024-01-12,2050183,89484501,43.9,43.35,43.75,0.15,1216,2105,43.45
2024-01-15,2106087,92087339,44.05,43.5,43.65,-0.1,1246,2105,43.7
2024-01-16,7172341,308835901,43.25,42.75,43.1,-0.55,2312,2105,43.0
2024-01-17,5318208,229291075,43.45,42.7,42.9,-0.2,2340,2105,42.7
2024-01-18,4803160,203715400,42.95,42.2,42.35,-0.55,2256,2105,42.7
2024-01-19,3523962,151300793,43.2,42.25,43.15,0.8,1749,2105,42.25
2024-01-22,3302422,143257295,43.75,43.0,43.25,0.1,2377,2105,43.2
2024-01-23,2499014,107544945,43.35,42.9,43.2,-0.05,1836,2105,43.25
2024-01-24,3597407,157981324,44.2,43.05,44.15,0.95,2051,2105,43.05
2024-01-25,2888984,127938341,44.5,44.05,44.35,0.2,1718,2105,44.2
2024-01-26,2407631,107548209,44.9,44.15,44.9,0.55,1539,2105,44.2
2024-01-29,2918722,131705546,45.3,44.75,45.2,0.3,1970,2105,44.9
2024-01-30,3071811,138737081,45.4,45.0,45.1,-0.1,2046,2105,45.4
2024-01-31,3955069,179365882,45.5,45.1,45.45,0.35,2033,2105,45.1
2024-02-01,2548297,114740829,45.7,44.75,44.85,-0.6,2421,2105,45.65
2024-02-02,4707417,214033356,45.7,44.8,45.7,0.85,2656,2105,45.0
2024-02-05,4234436,192752238,45.85,44.95,45.45,-0.25,2493,2105,45.0
2024-02-15,5059259,229638754,45.85,45.0,45.1,-0.35,3418,2105,45.25
2024-02-16,6160794,284746181,46.55,45.45,46.55,1.45,3612,2105,45.6
2024-02-19,2460281,114161180,46.95,46.1,46.4,-0.15,1991,2105,46.8
2024-02-20,3061672,140344482,46.5,45.6,46.0,-0.4,2415,2105,46.5
2024-02-21,2034236,92977723,46.0,45.5,45.85,-0.15,1567,2105,46.0
2024-02-22,3003962,138144915,46.3,45.65,46.3,0.45,1714,2105,45.85
2024-02-23,3158600,146231925,46.5,46.05,46.3,0.0,2215,2105,46.2
2024-02-26,2260388,104333886,46.55,45.9,46.2,-0.1,1482,2105,46.1
2024-02-27,3746241,173267333,46.65,45.95,46.3,0.1,2528,2105,46.1
2024-02-29,7239379,338138708,46.95,46.3,46.95,0.65,2707,2105,46.4
2024-03-01,3218068,149914228,46.95,46.25,46.65,-0.3,2118,2105,46.95
2024-03-04,4206426,196298963,46.85,46.35,46.75,0.1,2437,2105,46.6
2024-03-05,3593102,166063797,46.7,46.0,46.05,-0.7,3463,2105,46.5
2024-03-06,4820311,221181078,46.3,45.7,46.05,0.0,4023,2105,46.0
2024-03-07,3073684,140490488,45.9,45.45,45.9,-0.15,2533,2105,45.7
2024-03-08,4176599,192805134,46.6,45.65,46.3,0.4,2473,2105,45.85
2024-03-11,1943121,89402765,46.4,45.75,46.1,-0.2,1767,2105,46.35
2024-03-12,2994229,138270553,46.5,45.85,46.5,0.4,1677,2105,46.0
2024-03-13,3629171,167972106,46.6,45.8,46.6,0.1,2516,2105,46.15
2024-03-14,10806692,515444939,48.15,46.55,47.65,1.05,5575,2105,46.6
2024-03-15,11299881,542611041,48.2,47.2,48.2,0.55,3863,2105,47.7
2024-03-18,15455114,765785205,50.5,48.5,49.5,1.3,9266,2105,48.5
2024-03-19,9499188,456909914,49.1,47.7,47.8,-1.7,10331,2105,49.05
2024-03-20,5449074,263735632,48.9,47.65,48.4,0.6,3696,2105,47.95
2024-03-21,5723893,279593165,49.3,47.95,49.15,0.75,3316,2105,48.9
2024-03-22,4065278,196730534,48.8,48.1,48.1,-1.05,3897,2105,48.8
2024-03-25,3658375,175610944,48.45,47.6,48.15,0.05,2169,2105,47.85
2024-03-26,6765218,330411832,49.3,48.05,48.85,0.7,4285,2105,48.15
2024-03-27,11594149,578756751,50.3,49.1,49.85,1.0,6591,2105,49.35
2024-03-28,5896536,293355356,50.2,49.45,49.7,-0.15,4224,2105,50.0
2024-03-29,6614194,331069325,50.2,49.45,50.0,0.3,3652,2105,50.0
2024-04-01,3457188,172934710,50.5,49.75,49.75,-0.25,2446,2105,50.2
2024-04-02,5214307,254973941,49.55,48.5,48.8,-0.95,5450,2105,49.55
2024-04-03,4227286,204848337,48.8,48.1,48.7,-0.1,2925,2105,48.4
2024-04-08,3949450,192458668,49.15,48.2,48.55,-0.15,3518,2105,48.2
2024-04-09,3683732,182586301,49.85,48.75,49.65,1.1,2434,2105,48.9
2024-04-10,3051770,150056429,49.8,48.95,49.1,-0.55,3372,2105,49.8
2024-04-11,2803842,138311087,49.65,48.75,49.2,0.1,2116,2105,48.9
2024-04-12,4111456,200953918,49.3,48.5,48.7,-0.5,3654,2105,48.65
2024-04-15,4905197,243032308,49.95,48.45,49.45,0.75,2634,2105,48.7
2024-04-16,5173048,250553287,49.25,48.0,48.2,-1.25,4179,2105,48.95
2024-04-17,5393035,259129780,48.3,47.8,48.0,-0.2,3949,2105,48.1
2024-04-18,5512778,265521552,48.85,47.75,47.85,-0.15,4061,2105,48.1
2024-04-19,7508775,354017146,47.9,46.6,46.9,-0.95,5992,2105,47.4
2024-04-22,4172690,197787929,47.7,46.9,47.45,0.55,2757,2105,46.9
2024-04-23,3592950,169977362,47.8,47.1,47.1,-0.35,2374,2105,47.55
2024-04-24,9374674,435155357,47.8,46.0,46.1,-1.0,5995,2105,47.3
2024-04-25,4868457,224339958,46.45,45.7,46.1,0.0,2487,2105,46.1
2024-04-26,5629895,258444574,46.4,45.6,45.9,-0.2,3494,2105,45.85
2024-04-29,5413651,252789278,46.95,46.0,46.8,0.9,3247,2105,46.0
2024-04-30,5844351,274906509,47.4,46.35,47.15,0.35,2784,2105,46.45
2024-05-02,5000911,235162994,47.55,46.75,46.9,-0.25,3137,2105,47.15
2024-05-03,3546065,167044397,47.4,46.9,46.9,0.0,2279,2105,46.95
2024-05-06,5836217,281677973,48.8,47.3,48.25,1.35,3853,2105,47.3
2024-05-07,4515972,219720219,49.0,47.9,48.9,0.65,2717,2105,48.35
2024-05-08,12629669,631573599,50.5,48.8,50.0,1.1,5820,2105,48.9
2024-05-09,5016958,246994348,50.0,48.7,48.7,-1.3,4998,2105,50.0
2024-05-10,4677546,233056690,50.0,48.8,50.0,1.3,2785,2105,48.8
2024-05-13,14443002,741217808,51.8,49.9,51.8,1.8,7376,2105,50.1
2024-05-14,7147242,367799871,52.2,50.9,51.5,-0.3,5895,2105,51.9
2024-05-15,12377381,650336986,53.4,51.8,52.2,0.7,7180,2105,51.8
2024-05-16,12115274,642577686,53.3,52.7,53.2,1.0,6001,2105,52.8
2024-05-17,8304004,442137975,53.6,52.6,53.4,0.2,3311,2105,53.3
2024-05-20,10491400,557145605,53.4,52.5,53.4,0.0,3975,2105,53.3
2024-05-21,14453238,772573576,54.0,52.7,54.0,0.6,4050,2105,52.9
2024-05-22,39951419,2318689786,59.3,55.7,59.3,5.3,19420,2105,55.8
2024-05-23,28577663,1687825559,59.9,57.5,58.5,-0.8,12517,2105,58.3
2024-05-24,23048765,1347794237,59.1,57.7,58.7,0.2,11360,2105,58.9
2024-05-27,34498877,2026286225,59.8,57.8,58.0,-0.7,10039,2105,58.7
2024-05-28,35785750,2062237642,58.7,56.6,57.5,-0.5,14033,2105,58.5
2024-05-29,30145063,1703777062,58.5,56.1,56.1,-1.4,15975,2105,57.3
2024-05-30,43073140,2497449541,59.5,55.8,57.7,1.6,17493,2105,55.9
2024-05-31,82680739,4978619818,61.0,57.4,60.8,3.1,32115,2105,58.0
2024-06-03,38773099,2378053626,62.0,59.7,61.8,1.0,18867,2105,60.5
2024-06-04,26784475,1647995979,62.0,60.5,61.5,-0.3,15573,2105,61.2
2024-06-05,34494671,1867078786,56.8,53.6,53.6,0.0,17549,2105,56.8
2024-06-06,24829842,1280087139,53.5,50.7,51.8,-1.8,12446,2105,53.4
2024-06-07,18819190,953414958,52.1,50.2,50.4,-1.4,11179,2105,52.0
2024-06-11,16371725,818740338,50.8,49.55,49.8,-0.6,8162,2105,50.4
2024-06-12,19989645,983683613,50.1,48.85,49.05,-0.75,8261,2105,49.6
2024-06-13,18126114,882819989,49.55,48.4,48.75,-0.3,7740,2105,49.2
2024-06-14,7559517,370783128,49.45,48.45,49.35,0.6,4101,2105,48.85
2024-06-17,7242203,360849514,50.3,49.3,49.55,0.2,4021,2105,49.35
2024-06-18,7949658,394305468,50.1,49.05,50.0,0.45,5048,2105,49.95
2024-06-19,5519501,274605095,50.1,49.5,49.6,-0.4,3456,2105,50.0
2024-06-20,5820382,289644761,50.2,49.45,49.75,0.15,3367,2105,49.8
2024-06-21,12140094,601328404,50.2,49.3,49.35,-0.4,4424,2105,49.9
2024-06-24,6966498,344275829,49.65,48.9,49.6,0.25,3110,2105,49.6
2024-06-25,6444403,322297396,50.2,49.35,50.2,0.6,2849,2105,49.75
2024-06-26,5711842,285523795,50.4,49.7,50.0,-0.2,2400,2105,50.4
2024-06-27,6520327,322927273,49.95,48.9,49.7,-0.3,2480,2105,49.5
2024-06-28,4912076,242704631,49.75,49.2,49.45,-0.25,2943,2105,49.7
2024-07-01,4373342,216747080,49.8,49.25,49.35,-0.1,1963,2105,49.45
2024-07-02,5037596,247339267,49.5,48.8,49.15,-0.2,2604,2105,49.25
2024-07-03,15753708,760663451,49.3,47.9,47.9,-1.25,7448,2105,49.2
2024-07-04,15018434,716154210,48.7,47.05,47.8,-0.1,8031,2105,48.15
2024-07-05,5353503,256914046,48.25,47.65,47.8,0.0,3109,2105,47.9
2024-07-08,7086851,334171939,47.85,47.0,47.0,-0.8,4438,2105,47.8
2024-07-09,7641472,354315926,47.1,46.1,46.2,-0.8,4744,2105,47.0
2024-07-10,5677527,261838307,46.4,45.85,46.15,-0.05,3420,2105,46.3
2024-07-11,4795550,224206777,47.05,46.0,46.65,0.5,3248,2105,46.15
2024-07-12,4952443,234016813,47.45,46.7,47.3,0.65,2494,2105,46.8
2024-07-15,3431989,161950357,47.5,47.0,47.05,-0.25,1849,2105,47.45
2024-07-16,3242239,152743596,47.5,46.85,46.85,-0.2,1938,2105,47.3
2024-07-17,3476274,163636203,47.4,46.8,46.8,-0.05,2460,2105,47.15
2024-07-18,4626292,218588076,47.55,46.8,47.05,0.25,2809,2105,47.0
2024-07-19,3804584,177420684,47.05,46.35,46.7,-0.35,2137,2105,47.0
2024-07-22,4705714,219143085,46.9,46.2,46.65,-0.05,2794,2105,46.7
2024-07-23,4171813,197060933,47.45,46.65,47.15,0.5,2001,2105,46.75
2024-07-26,5586546,263996932,47.7,46.65,47.55,0.4,3527,2105,47.2
2024-07-29,6619693,317177163,48.15,47.7,47.7,0.15,3080,2105,47.75
2024-07-30,6181765,297355561,48.5,47.65,48.2,0.5,3478,2105,47.7
2024-07-31,8177550,395137649,48.65,48.1,48.25,0.05,3031,2105,48.3
2024-08-01,4416254,215064338,49.0,48.35,48.8,0.55,2354,2105,48.35
2024-08-02,6109999,295765446,48.65,48.05,48.3,-0.5,3650,2105,48.25
2024-08-05,9397787,426057105,47.1,44.4,44.4,-3.9,5013,2105,47.1
2024-08-06,8399178,379684077,46.3,44.15,45.5,1.1,4229,2105,44.45
2024-08-07,3176805,147317820,46.75,45.55,46.45,0.95,2775,2105,45.55
2024-08-08,3821317,176677058,46.7,45.5,46.05,-0.4,2384,2105,45.5
2024-08-09,4813165,226636154,47.5,46.3,46.9,0.85,3411,2105,46.3
2024-08-12,2974887,141358621,47.85,46.9,47.55,0.65,2148,2105,46.9
2024-08-13,3539641,170396488,48.45,47.55,48.1,0.55,2688,2105,47.8
2024-08-14,5335897,261400013,49.4,48.3,49.3,1.2,3196,2105,48.35
2024-08-15,3611562,176099670,49.75,48.05,48.05,-1.25,4468,2105,49.65
2024-08-16,4087401,199139484,49.0,48.25,48.45,0.4,2472,2105,48.7
2024-08-19,2101731,101374924,48.7,47.85,47.85,-0.6,2412,2105,48.45
2024-08-20,2349390,114082838,48.85,48.0,48.5,0.65,1679,2105,48.0
2024-08-21,3078114,149050663,48.65,48.2,48.25,-0.25,2359,2105,48.55
2024-08-22,3990588,196044160,49.45,48.15,49.25,1.0,2665,2105,48.25
2024-08-23,3691768,181760661,49.4,48.8,49.15,-0.1,3034,2105,48.85
2024-08-26,4146662,208196009,50.6,49.3,50.1,0.95,2586,2105,49.3
2024-08-27,2953083,147685786,50.5,49.7,50.2,0.1,2000,2105,50.4
2024-08-28,2323796,115825012,50.4,49.55,49.75,-0.45,2229,2105,50.4
2024-08-29,2876001,144267087,50.4,49.6,50.3,0.55,1974,2105,50.0
2024-08-30,5824934,289794590,50.5,49.65,49.65,-0.65,2031,2105,50.5
2024-09-02,1505013,75472405,50.5,49.8,50.0,0.35,1058,2105,49.95
2024-09-03,2054351,102991466,50.4,49.85,49.85,-0.15,1318,2105,50.0
2024-09-04,6356696,310351833,49.55,48.3,48.45,-1.4,4220,2105,48.3
2024-09-05,3561649,175242023,49.5,48.85,48.85,0.4,2853,2105,49.0
2024-09-06,3815859,190206711,50.2,48.65,50.1,1.25,2680,2105,49.1
2024-09-09,4907207,241119559,49.8,48.65,49.15,-0.95,3864,2105,49.0
2024-09-10,5322125,262031157,49.95,48.7,48.7,-0.45,3610,2105,49.7
2024-09-11,4491022,218010716,49.0,48.2,48.2,-0.5,3180,2105,49.0
2024-09-12,5722354,275690884,48.9,47.35,48.75,0.55,5643,2105,48.35
2024-09-13,3746249,184069822,49.4,48.35,49.1,0.35,2186,2105,48.35
2024-09-16,3681374,180695826,49.5,48.75,48.75,-0.35,2995,2105,49.0
2024-09-18,5515324,272163996,49.9,48.85,49.1,0.35,3880,2105,49.15
2024-09-19,3824207,187436112,49.4,48.45,49.15,0.05,2984,2105,49.3
2024-09-20,6504819,323625248,50.1,49.3,49.75,0.6,2507,2105,49.4
2024-09-23,6085336,298723459,50.0,48.6,48.6,-1.15,3180,2105,49.95
2024-09-24,4673726,227701631,49.0,48.35,48.85,0.25,2496,2105,48.7
2024-09-25,6796336,336411712,49.8,49.0,49.45,0.6,3340,2105,49.4
2024-09-26,5220138,258739575,49.8,49.3,49.4,-0.05,3040,2105,49.75
2024-09-27,4566542,226854973,50.0,49.35,49.35,-0.05,2469,2105,49.95
2024-09-30,12775233,654786771,52.8,49.45,51.8,2.45,7130,2105,49.65
2024-10-01,6480634,334008412,51.9,51.0,51.5,-0.3,3894,2105,51.8
2024-10-04,12593676,651493954,53.4,50.1,52.5,1.0,6859,2105,51.3
2024-10-07,11272820,592274050,53.8,51.6,53.0,0.5,7276,2105,52.5
2024-10-08,10724018,559427536,53.6,51.1,51.2,-1.8,7228,2105,52.4
2024-10-09,6568187,330816074,51.7,49.75,49.75,-1.45,5827,2105,51.7
2024-10-11,7090090,347417786,49.6,48.55,48.75,-1.0,4019,2105,49.45
2024-10-14,5367347,264250019,49.85,48.8,49.2,0.45,2153,2105,49.1
2024-10-15,5558122,269733364,49.5,48.1,48.1,-1.1,3519,2105,49.25
2024-10-16,7602494,363670878,48.35,47.45,47.7,-0.4,3808,2105,47.85
2024-10-17,4817164,230426076,48.35,47.45,48.05,0.35,2303,2105,47.7
2024-10-18,4723222,225786823,48.3,47.55,47.85,-0.2,2893,2105,48.3
2024-10-21,3125869,149823021,48.35,47.6,47.7,-0.15,2124,2105,48.3
2024-10-22,3174085,150936882,47.95,47.25,47.5,-0.2,2430,2105,47.75
2024-10-23,6657099,310265214,47.45,46.35,46.4,-1.1,4069,2105,47.45
2024-10-24,6129192,282950844,46.45,45.8,46.2,-0.2,2997,2105,46.2
2024-10-25,2901536,135354954,46.85,46.25,46.75,0.55,2012,2105,46.45
2024-10-28,5267763,246232921,47.15,46.4,46.4,-0.35,2579,2105,47.0
2024-10-29,5374961,248684973,46.65,46.0,46.05,-0.35,2360,2105,46.45
2024-10-30,3108528,144588811,46.75,46.15,46.35,0.3,1594,2105,46.7
2024-11-01,6653990,308941405,46.75,45.85,46.35,0.0,3625,2105,46.35
2024-11-04,3190549,148076447,46.7,46.15,46.35,0.0,2222,2105,46.35
2024-11-05,3941448,186300191,47.65,46.35,47.45,1.1,2349,2105,46.35
2024-11-06,3338533,156460414,47.5,46.5,46.5,-0.95,1987,2105,47.05
2024-11-07,2363807,110873398,47.25,46.15,46.75,0.25,1682,2105,46.15
2024-11-08,3135054,145770375,47.25,46.1,46.2,-0.55,2338,2105,47.2
2024-11-11,2916857,135286671,46.75,46.0,46.25,0.05,1999,2105,46.55
2024-11-12,7023596,328042553,47.25,45.8,46.4,0.15,3958,2105,45.85
2024-11-13,12857184,593908648,47.9,45.3,45.35,-1.05,7250,2105,46.05
2024-11-14,7345876,336173119,46.35,45.2,45.35,0.0,3310,2105,45.3
2024-11-15,21180643,1039708461,49.85,46.25,49.85,4.5,9062,2105,46.3
2024-11-18,66744736,3511647740,54.6,50.0,53.9,4.05,32508,2105,50.2
2024-11-19,44780764,2431893039,55.0,52.8,53.9,0.0,22568,2105,53.6
2024-11-20,20493792,1076335539,53.8,51.5,52.0,-1.9,11579,2105,53.8
2024-11-21,17441291,909429169,53.6,51.2,51.2,-0.8,9819,2105,51.8
2024-11-22,14860511,772481869,52.8,50.9,51.4,0.2,7994,2105,51.9
2024-11-25,17460909,893410294,52.8,50.2,50.2,-1.2,8499,2105,52.4
2024-11-26,9746029,492476268,51.4,49.75,50.3,0.1,6934,2105,50.3
2024-11-27,9133584,468452307,51.8,50.3,51.0,0.7,5793,2105,50.3
2024-11-28,6632722,339537243,52.1,50.4,50.4,-0.6,4351,2105,51.6
2024-11-29,6926394,351616819,51.6,49.8,50.6,0.2,4010,2105,49.9
2024-12-02,3350633,168910229,51.2,50.0,50.0,-0.6,2990,2105,50.9
2024-12-03,5325095,270522305,51.4,50.0,51.2,1.2,3640,2105,50.2
2024-12-04,3627132,186974574,51.8,51.0,51.8,0.6,2379,2105,51.3
2024-12-05,2119841,109103005,51.9,51.0,51.3,-0.5,1363,2105,51.5
2024-12-06,2446264,126842151,52.2,51.5,51.7,0.4,1841,2105,51.6
2024-12-09,2701019,139905004,52.1,51.2,52.0,0.3,1932,2105,51.7
2024-12-10,4056713,210106565,52.3,51.4,51.5,-0.5,2306,2105,51.8
2024-12-11,2765236,140467564,51.7,50.3,50.4,-1.1,2117,2105,51.5
2024-12-12,1979651,100351618,51.1,50.2,50.7,0.3,1575,2105,50.2
2024-12-13,2640697,132693481,51.0,50.0,50.1,-0.6,1589,2105,50.4
2024-12-16,2792422,140941507,50.9,50.0,50.2,0.1,1880,2105,50.1
2024-12-17,4731052,235414101,50.5,49.45,49.45,-0.75,3875,2105,50.1
2024-12-18,3786544,190185196,50.7,49.4,50.3,0.85,2632,2105,50.0
2024-12-19,4001976,200675210,50.5,49.0,50.1,-0.2,2689,2105,49.2
2024-12-20,7140654,353865648,50.0,49.0,49.55,-0.55,3582,2105,49.5
2024-12-23,5789058,291260868,51.1,50.0,50.0,0.45,2867,2105,50.0
2024-12-24,4847291,246396211,51.4,50.1,50.7,0.7,2397,2105,50.1
2024-12-25,2754427,140018302,51.3,50.3,51.0,0.3,1454,2105,51.1
2024-12-26,4141138,206656720,51.1,49.5,49.75,-1.25,2590,2105,51.0
2024-12-27,2797800,138047906,49.65,49.15,49.25,-0.5,1520,2105,49.6
2024-12-30,2119138,105678736,50.2,49.3,49.7,0.45,1513,2105,49.55
2024-12-31,3093350,152483175,49.8,49.05,49.05,-0.65,2144,2105,49.05
2025-01-02,4195762,206062211,49.5,48.45,49.0,-0.05,2787,2105,48.95
2025-01-03,3101175,153072777,49.75,48.9,49.4,0.4,2221,2105,48.9
2025-01-06,2494620,125267317,50.5,49.7,49.95,0.55,1969,2105,49.7
2025-01-07,3045948,150408256,50.5,48.9,48.9,-1.05,3062,2105,50.4
2025-01-08,2225699,108513783,49.35,48.55,48.55,-0.35,1568,2105,49.35
2025-01-09,3156152,155620186,49.65,48.5,49.2,0.65,1671,2105,48.6
2025-01-10,3824788,188206176,49.7,48.55,49.25,0.05,2389,2105,48.75
2025-01-13,6623723,329620977,50.2,49.0,49.85,0.6,3709,2105,49.0
2025-01-14,3972549,199469622,50.8,49.65,50.0,0.15,2434,2105,50.2
2025-01-15,3774998,187840195,50.5,49.35,49.4,-0.6,2512,2105,50.5
2025-01-16,4860573,240117498,50.2,48.9,49.4,0.0,4478,2105,50.1
2025-01-17,5436199,270805556,50.2,49.25,49.5,0.1,3086,2105,49.45
2025-01-20,2306281,114995867,50.2,49.4,50.1,0.6,1656,2105,49.85
2025-01-21,2024875,100410860,50.0,49.4,49.55,-0.55,1482,2105,50.0
2025-01-22,3272043,161811456,49.8,49.1,49.65,0.1,2127,2105,49.6
2025-02-03,7014482,353922669,51.5,49.25,50.9,1.25,4142,2105,50.0
2025-02-04,6465274,331728702,52.5,50.6,50.7,-0.2,3814,2105,51.0
2025-02-05,3608029,182964051,51.4,50.0,50.4,-0.3,2831,2105,51.3
2025-02-06,4166392,214954854,52.0,50.2,52.0,1.6,2717,2105,50.5
2025-02-07,3006569,154992859,51.9,51.1,51.2,-0.8,2471,2105,51.8
2025-02-10,2784436,142006127,51.7,50.6,50.7,-0.5,2405,2105,51.1
2025-02-11,2451520,124580940,51.2,50.4,50.6,-0.1,1566,2105,51.0
2025-02-12,2535296,127254424,51.0,49.65,49.65,-0.95,2059,2105,50.7
2025-02-13,1417710,71429521,50.8,49.9,50.3,0.65,1164,2105,49.95
2025-02-14,3340864,171479142,51.7,50.1,51.7,1.4,2070,2105,50.2
2025-02-17,3392066,177677597,52.7,51.8,52.2,0.5,2927,2105,52.0
2025-02-18,2421233,125182174,52.4,51.4,51.6,-0.6,2170,2105,52.1
2025-02-19,2563251,131369473,51.9,51.0,51.2,-0.4,2232,2105,51.8
2025-02-20,1739567,89049515,51.6,50.9,51.0,-0.2,1183,2105,51.1
2025-02-21,2451671,125986763,51.8,50.9,51.7,0.7,1945,2105,50.9
2025-02-24,3137850,160152736,51.5,50.8,50.9,-0.8,2742,2105,51.3
2025-02-25,3051126,154383969,51.3,50.3,50.5,-0.4,1887,2105,51.3
2025-02-26,2570009,129536308,50.6,50.2,50.3,-0.2,2048,2105,50.3
2025-02-27,5604366,283501160,51.0,50.1,50.4,0.1,2055,2105,50.1
2025-03-03,3762129,192068533,51.4,50.6,50.9,0.5,2308,2105,50.8
2025-03-04,4875910,249250964,51.8,50.3,51.2,0.3,2169,2105,50.6
2025-03-05,2583839,132014008,51.6,50.7,50.9,-0.3,1473,2105,51.1
2025-03-06,2634302,134175058,51.3,50.6,50.8,-0.1,1757,2105,50.9
2025-03-07,3931142,199170631,51.3,50.4,50.4,-0.4,2382,2105,51.0
2025-03-10,5508758,276013320,50.9,49.8,49.8,-0.6,2924,2105,50.6
2025-03-11,6711932,338438854,51.2,49.45,50.2,0.4,2986,2105,49.45
2025-03-12,3746594,188783770,50.7,50.0,50.5,0.3,2741,2105,50.4
2025-03-13,4231609,212905789,50.8,49.8,50.3,-0.2,2803,2105,50.6
2025-03-14,4343190,220114862,51.2,50.2,50.6,0.3,2330,2105,50.9
2025-03-17,4073174,207547214,51.6,50.1,50.8,0.2,2539,2105,51.0
2025-03-18,3832319,194837660,51.5,50.3,50.8,0.0,2691,2105,51.5
2025-03-19,5355741,273039065,51.4,50.6,50.9,0.1,2833,2105,51.3
2025-03-20,6657543,335505242,51.2,50.1,50.3,-0.6,3777,2105,50.9
2025-03-21,10775729,534632134,50.3,49.35,49.5,-0.8,3950,2105,50.2
2025-03-24,7541335,370255221,49.6,48.75,49.2,-0.3,3996,2105,49.5
2025-03-25,10615214,514072601,49.6,48.0,48.6,-0.6,5068,2105,49.3
2025-03-26,7280694,354835314,49.2,48.3,49.2,0.6,3717,2105,48.7
2025-03-27,8975394,445221071,50.9,48.65,50.9,1.7,4251,2105,48.9
2025-03-28,7670373,383991532,50.7,49.6,49.9,-1.0,4084,2105,50.1
2025-03-31,13510153,682991311,51.2,49.1,50.2,0.3,6344,2105,49.1
2025-04-01,9856928,509636307,52.2,50.4,51.9,1.7,4985,2105,50.4
2025-04-02,6371755,324780804,52.1,50.4,50.6,-1.3,3175,2105,52.0
2025-04-07,1114758,50777033,45.55,45.55,45.55,-5.05,936,2105,45.55
2025-04-08,12072275,537250235,45.6,41.5,45.35,-0.2,4468,2105,41.5
2025-04-09,13983209,644953981,47.0,44.4,45.8,0.45,5561,2105,44.4
2025-04-10,8790705,435628029,50.3,48.7,48.85,3.05,4490,2105,50.3
2025-04-11,9890171,492809104,50.4,48.5,50.0,1.15,4752,2105,48.85
2025-04-14,6654501,325433289,49.9,48.25,48.25,-1.75,4799,2105,49.0
2025-04-15,4236471,205623094,49.0,48.15,48.25,0.0,2677,2105,48.4
2025-04-16,5854284,289907116,50.3,48.05,49.85,1.6,3758,2105,48.05
2025-04-17,4861144,239586523,50.5,48.65,48.65,-1.2,3480,2105,49.8
2025-04-18,5249220,258333973,49.45,48.6,49.4,0.75,2143,2105,48.6
2025-04-21,6856987,345173951,52.0,49.2,52.0,2.6,2852,2105,49.2
2025-04-22,9060040,458825271,51.8,49.2,51.8,-0.2,5002,2105,51.0
2025-04-23,7464523,382922620,52.0,50.6,51.5,-0.3,4373,2105,51.5
2025-04-24,6667588,342746780,52.0,50.6,51.1,-0.4,3978,2105,51.3
2025-04-25,3794387,190543193,51.6,49.8,49.8,-1.3,4607,2105,51.5
2025-04-28,1928049,95219169,50.0,49.2,49.3,-0.5,2040,2105,49.75
2025-04-29,2307659,114158875,50.2,49.25,49.35,0.05,1755,2105,49.3
2025-04-30,1618358,79980822,49.75,49.1,49.35,0.0,1155,2105,49.3
2025-05-02,2158498,106406922,49.7,48.85,49.7,0.35,1874,2105,49.35
2025-05-05,4778787,240094254,50.7,49.7,50.6,0.9,2738,2105,49.95
2025-05-06,4776927,245184976,51.7,50.7,51.7,1.1,3031,2105,50.9
2025-05-07,2732941,140691336,51.9,50.9,51.3,-0.4,1838,2105,51.8
2025-05-08,2341560,120167610,51.6,51.0,51.4,0.1,1684,2105,51.0
2025-05-09,3227043,166556260,51.9,50.9,51.8,0.4,1912,2105,51.1
2025-05-12,2287231,117713030,52.0,50.8,51.1,-0.7,2068,2105,52.0
2025-05-13,2493335,127353148,51.3,50.5,51.2,0.1,1653,2105,50.6
2025-05-14,2361204,122028095,52.0,51.2,51.9,0.7,1625,2105,51.9
2025-05-15,2723774,140820071,51.9,51.4,51.5,-0.4,2222,2105,51.8
2025-05-16,3755522,193572847,52.0,51.1,51.2,-0.3,3084,2105,51.8
2025-05-19,7745186,406336368,53.2,50.9,51.9,0.7,5499,2105,50.9
2025-05-20,6016412,304743431,51.9,50.0,50.1,-1.8,7716,2105,51.8
2025-05-21,8158744,427245559,52.8,50.8,52.6,2.5,5912,2105,50.9
2025-05-22,6446226,331936206,52.8,51.0,51.4,-1.2,4893,2105,52.3
2025-05-23,9049899,468307875,52.6,50.6,52.2,0.8,5792,2105,51.2
2025-05-26,9380569,479954278,52.1,50.7,51.5,-0.7,5746,2105,51.7
2025-05-27,11457943,586638052,51.9,50.7,51.3,-0.2,6043,2105,51.5
2025-05-28,12017920,610878911,51.8,50.3,50.8,-0.5,6602,2105,51.6
2025-05-29,21579661,1094195674,51.2,50.3,50.8,0.0,6991,2105,51.2
2025-06-02,19205876,930012089,50.8,47.5,48.0,-2.8,10885,2105,50.8
2025-06-03,16906703,805418675,48.5,47.25,47.9,-0.1,9654,2105,48.45
2025-06-04,20237318,959446812,48.3,47.2,47.35,-0.55,10841,2105,47.9
2025-06-05,9929832,473847508,48.15,47.3,47.8,0.45,6479,2105,47.3
2025-06-06,5979782,286485822,48.25,47.35,47.95,0.15,3304,2105,47.55
2025-06-09,7398510,356544214,48.65,47.65,48.0,0.05,3254,2105,48.5
2025-06-10,11430208,538994280,47.95,46.5,47.25,-0.75,5451,2105,47.95
2025-06-11,8704517,408729040,47.25,46.6,47.1,-0.15,3808,2105,47.1
2025-06-12,24354249,1050827482,44.0,42.3,42.8,0.0,10692,2105,43.5
2025-06-13,13397848,560100285,42.85,41.3,41.4,-1.4,8952,2105,42.4
2025-06-16,6724237,275094733,41.35,40.6,40.95,-0.45,5107,2105,41.35
2025-06-17,12408834,504276775,41.2,40.1,41.0,0.05,6784,2105,41.1
2025-06-18,11854685,475615771,41.0,39.85,39.85,-1.15,7535,2105,41.0
2025-06-19,9121099,359147533,39.95,39.1,39.3,-0.55,5977,2105,39.9
2025-06-20,12560074,485522799,39.3,38.25,38.8,-0.5,6215,2105,39.1
2025-06-23,9616270,367595618,38.5,38.0,38.4,-0.4,5242,2105,38.25
2025-06-24,11956025,461859276,39.2,38.35,38.7,0.3,5964,2105,38.9
2025-06-25,7095507,272397421,38.9,38.2,38.35,-0.35,4283,2105,38.8
2025-06-26,9287313,365430552,39.85,38.45,39.5,1.15,5099,2105,38.65
2025-06-27,5299090,206969650,39.55,38.75,39.15,-0.35,3347,2105,39.5
2025-06-30,7970179,303815413,39.1,37.8,37.8,-1.35,4593,2105,39.0
2025-07-01,5050195,193817044,38.8,37.9,38.35,0.55,2867,2105,38.1
2025-07-02,2726619,104627169,38.55,38.0,38.55,0.2,1663,2105,38.3
2025-07-03,6859498,270648149,39.75,38.6,39.75,1.2,3341,2105,38.6
2025-07-04,3284654,128816369,39.7,39.0,39.0,-0.75,2089,2105,39.5
2025-07-07,3434065,135644863,39.7,38.85,39.55,0.55,2197,2105,39.1
2025-07-08,3705809,146595009,39.75,39.2,39.65,0.1,2083,2105,39.65
2025-07-09,2215054,87640260,39.75,39.2,39.6,-0.05,1431,2105,39.25
2025-07-10,2949007,115717145,39.6,39.05,39.05,-0.55,2063,2105,39.35
2025-07-11,3011037,118093091,39.5,38.9,39.2,0.15,1756,2105,39.2
2025-07-14,3399909,134885591,39.85,39.25,39.8,0.6,1848,2105,39.3
2025-07-15,5272271,205587805,39.75,38.65,38.95,-0.85,3477,2105,39.6
2025-07-16,6887794,270556033,39.55,38.7,39.5,0.55,4156,2105,38.7
2025-07-17,7576065,302550350,40.25,39.3,39.95,0.45,4568,2105,39.6
2025-07-18,8046222,323274078,40.65,39.85,39.85,-0.1,4076,2105,40.1
2025-07-21,7186189,290692987,40.7,40.0,40.3,0.45,3659,2105,40.0
2025-07-22,8326353,336992508,40.8,40.2,40.25,-0.05,4299,2105,40.3
2025-07-23,10494976,438214382,42.5,40.45,41.65,1.4,5991,2105,40.45
2025-07-24,9078377,384171926,42.75,41.25,42.2,0.55,5721,2105,41.5
2025-07-25,4749293,198344350,42.2,41.4,41.5,-0.7,3605,2105,41.95
2025-07-28,6687959,278791970,42.2,40.85,41.65,0.15,4695,2105,42.2
2025-07-29,3884278,159431470,41.65,40.7,40.7,-0.95,3350,2105,41.65
2025-07-30,2586508,105404651,41.05,40.55,40.6,-0.1,2613,2105,40.8
2025-07-31,4632618,186011998,40.5,39.95,40.1,-0.5,1819,2105,40.35
2025-08-01,2212643,89490691,40.7,39.6,40.55,0.45,1540,2105,39.8
2025-08-04,2000251,81268437,40.8,40.1,40.8,0.25,1168,2105,40.25
2025-08-05,1714169,69828176,40.95,40.65,40.65,-0.15,1353,2105,40.75
2025-08-06,1612421,65378434,40.9,40.45,40.45,-0.2,1312,2105,40.7
2025-08-07,1914966,77449884,40.7,40.3,40.4,-0.05,1323,2105,40.55
2025-08-08,1574995,63195201,40.4,39.95,40.15,-0.25,1228,2105,40.05
2025-08-11,2254881,89733743,40.15,39.6,39.8,-0.35,1691,2105,40.0
2025-08-12,2009659,80305011,40.3,39.6,39.95,0.15,1327,2105,39.6
2025-08-13,5096758,200016884,40.2,38.75,38.8,-1.15,3657,2105,40.1
2025-08-14,2928420,113955363,39.1,38.6,39.0,0.2,1483,2105,38.7
2025-08-15,5048186,194343312,39.2,38.2,38.8,-0.2,3265,2105,39.2
2025-08-18,4166938,162417314,39.35,38.45,39.2,0.4,2766,2105,38.5
2025-08-19,2156219,84769859,39.5,38.9,39.5,0.3,1995,2105,39.0
2025-08-20,4544969,180883378,40.0,39.4,39.95,0.45,2643,2105,39.55
2025-08-21,2814572,111522198,40.25,39.3,39.45,-0.5,2469,2105,40.1
2025-08-22,5957679,229203587,39.2,38.2,38.6,-0.85,3704,2105,39.15
2025-08-25,2453792,95892349,39.25,38.75,39.15,0.55,1681,2105,38.75
2025-08-26,13798810,528552727,39.0,38.25,38.25,-0.9,3301,2105,39.0
2025-08-27,4510948,172413892,38.5,38.1,38.1,-0.15,2521,2105,38.2
2025-08-28,3833595,146681641,38.55,38.0,38.1,0.0,2677,2105,38.1
2025-08-29,3393965,129315018,38.5,38.0,38.0,-0.1,2272,2105,38.25
2025-09-01,3623413,137265179,38.25,37.7,37.85,-0.15,2375,2105,38.1
2025-09-02,2904514,109344799,38.0,37.3,37.7,-0.15,2094,2105,37.85
2025-09-03,3275343,123499317,38.1,37.5,37.6,-0.1,1886,2105,37.65
2025-09-04,3775060,144182430,38.4,37.6,38.4,0.8,2516,2105,37.65
2025-09-05,2667224,101427452,38.6,37.8,38.1,-0.3,1974,2105,38.5
2025-09-08,3064723,117952155,38.75,38.0,38.6,0.5,2154,2105,38.0
2025-09-09,2832127,108711314,38.75,38.2,38.45,-0.15,1771,2105,38.7
2025-09-10,3935073,149429713,38.35,37.85,37.95,-0.5,2526,2105,38.35
2025-09-11,4776258,179292771,38.0,37.35,37.35,-0.6,3363,2105,37.9
2025-09-12,3023457,114409449,38.0,37.6,38.0,0.65,1800,2105,37.7
2025-09-15,3136498,119636904,38.5,37.95,38.15,0.15,1922,2105,38.0
2025-09-16,10282329,392957573,38.3,37.85,38.25,0.1,1523,2105,38.15
2025-09-17,2789548,106579870,38.5,37.9,38.2,-0.05,2027,2105,38.3
2025-09-18,3343746,127376634,38.5,37.9,38.05,-0.15,2168,2105,38.35
2025-09-19,5345722,203307424,38.15,37.85,38.1,0.05,1873,2105,38.15
2025-09-22,5012320,192741539,38.9,38.2,38.5,0.4,2358,2105,38.35
2025-09-23,5008431,190417013,38.5,37.8,38.1,-0.4,2665,2105,38.5
2025-09-24,3953424,150829645,38.3,37.95,38.3,0.2,2412,2105,38.1
2025-09-25,6376619,244346482,38.6,38.1,38.3,0.0,2949,2105,38.45
2025-09-26,5171181,194936696,38.3,37.5,38.0,-0.3,3557,2105,38.3
2025-09-30,6296318,237929871,38.55,37.5,37.65,-0.35,3433,2105,38.4
2025-10-01,14313674,526383929,37.7,36.55,36.55,-1.1,7538,2105,37.7
2025-10-02,3664544,134469890,36.95,36.4,36.8,0.25,2671,2105,36.7
2025-10-03,3062702,111842891,36.8,36.35,36.5,-0.3,2308,2105,36.8
2025-10-07,4866575,178710948,37.2,36.2,36.65,0.15,3254,2105,36.35
2025-10-08,2079979,76434149,36.9,36.55,36.8,0.15,1845,2105,36.85
2025-10-09,3769744,137239827,36.95,36.2,36.35,-0.45,2557,2105,36.8
2025-10-13,6719151,240430984,36.35,35.2,35.95,-0.4,4299,2105,36.35
2025-10-14,5504947,198804834,36.4,35.9,36.0,0.05,3484,2105,35.9
2025-10-15,9850970,345813083,36.0,34.9,35.0,-1.0,5981,2105,35.75
2025-10-16,9917967,342553849,35.45,34.25,34.3,-0.7,6042,2105,35.4
2025-10-17,10438639,354829475,34.6,33.7,33.8,-0.5,6319,2105,34.3
2025-10-20,8229560,273343630,33.7,33.05,33.3,-0.5,4523,2105,33.65
2025-10-21,6502173,216390404,33.55,33.0,33.2,-0.1,3714,2105,33.45
2025-10-22,7198726,240477525,33.55,33.2,33.35,0.15,4492,2105,33.25
2025-10-23,6732613,223652255,33.6,33.05,33.1,-0.25,4393,2105,33.35
2025-10-27,6511219,215249465,33.45,32.9,32.9,-0.2,4233,2105,33.35
2025-10-28,10083733,324914964,33.1,32.0,32.15,-0.75,6226,2105,33.1
2025-10-29,5709096,185194588,32.75,32.15,32.25,0.1,2909,2105,32.2
2025-10-30,6188584,201611357,32.95,32.25,32.45,0.2,3502,2105,32.25
2025-10-31,7860106,251559350,32.45,31.8,31.9,-0.55,3922,2105,32.45
2025-11-03,7142569,224498585,31.7,31.25,31.4,-0.5,3673,2105,31.7
2025-11-04,8904120,276521652,31.35,30.8,31.35,-0.05,3932,2105,31.05
2025-11-05,7504383,237262913,32.1,31.1,32.1,0.75,4212,2105,31.3
2025-11-06,6328777,205184922,32.65,32.25,32.25,0.15,3243,2105,32.3
2025-11-07,7589565,240862628,32.5,31.45,31.45,-0.8,4272,2105,32.15
2025-11-10,9840357,310400382,31.85,31.35,31.45,0.0,3863,2105,31.45
2025-11-11,8405962,264749305,31.8,31.25,31.45,0.0,4151,2105,31.25
2025-11-12,14293794,457366294,32.65,31.3,31.9,0.45,5793,2105,31.45
2025-11-13,14627420,473913671,32.9,31.7,32.4,0.5,6327,2105,32.0
2025-11-14,11403309,372921835,33.35,31.9,32.6,0.2,5700,2105,32.15
2025-11-17,8357738,270682306,33.3,32.0,32.25,-0.35,4114,2105,33.0
2025-11-18,8824091,279858382,32.25,31.35,31.65,-0.6,3812,2105,32.0
2025-11-19,11270686,362242031,32.4,31.5,32.4,0.75,4817,2105,32.0
2025-11-20,7333270,237407983,32.6,32.1,32.4,0.0,3020,2105,32.4
2025-11-21,10188198,330887312,33.15,32.05,32.35,-0.05,4011,2105,32.3
2025-11-24,14660348,477833499,33.1,32.4,32.4,0.05,4280,2105,32.7
2025-11-25,7013830,224175271,32.45,31.65,31.9,-0.5,3468,2105,32.4
2025-11-26,12615058,404617627,32.3,31.7,32.3,0.4,4108,2105,31.9
2025-11-27,9546835,303803998,32.15,31.6,32.0,-0.3,4086,2105,32.15
2025-11-28,3761263,119931921,32.15,31.75,31.8,-0.2,1868,2105,31.8
2025-12-01,4534874,143644660,31.9,31.6,31.6,-0.2,2413,2105,31.7
2025-12-02,6443602,206505335,32.2,31.6,32.15,0.55,2597,2105,31.6
2025-12-03,6779470,218871137,32.5,32.1,32.15,0.0,2678,2105,32.15
2025-12-04,9901323,313663168,32.3,31.35,31.5,-0.65,5462,2105,32.1
2025-12-05,8144588,253649974,31.5,30.9,31.3,-0.2,4220,2105,31.5
2025-12-08,7929680,246271816,31.35,30.85,31.05,-0.25,4498,2105,31.2
2025-12-09,7275536,224533928,31.05,30.65,31.05,0.0,3954,2105,30.9
2025-12-10,3810758,117597115,31.2,30.75,30.8,-0.25,2182,2105,30.9
2025-12-11,5036001,155398026,31.1,30.7,30.8,0.0,2140,2105,30.85
2025-12-12,6907031,214602778,31.5,30.85,30.85,0.05,3414,2105,30.9
2025-12-15,6424068,199400704,31.25,30.65,30.95,0.1,3167,2105,30.8
2025-12-16,8265701,254816966,31.15,30.65,30.8,-0.15,3452,2105,30.85
2025-12-17,11307602,345952414,31.15,30.3,30.5,-0.3,5784,2105,30.85
2025-12-18,6657327,202026421,30.55,30.2,30.35,-0.15,3748,2105,30.4
2025-12-19,10827580,328965147,30.55,30.2,30.3,-0.05,3386,2105,30.35
2025-12-22,9986446,300920719,30.45,30.0,30.05,-0.25,4626,2105,30.35
2025-12-23,10088145,301422781,30.15,29.8,29.85,-0.2,5458,2105,30.05
2025-12-24,6254980,186533469,30.05,29.7,29.7,-0.15,3227,2105,29.85
2025-12-26,4790330,141985106,29.75,29.6,29.6,-0.1,2559,2105,29.75
2025-12-29,7314373,216398579,29.8,29.45,29.5,-0.1,4434,2105,29.6
2025-12-30,7645660,223963417,29.6,29.15,29.4,-0.1,4206,2105,29.5
2025-12-31,8676577,257252751,30.0,29.4,29.5,0.1,3484,2105,29.4
2026-01-02,4585772,136293247,29.95,29.55,29.55,0.05,2558,2105,29.55
2026-01-05,7715146,226289557,29.55,29.2,29.4,-0.15,3930,2105,29.55
2026-01-06,7307098,214023863,29.5,29.15,29.3,-0.1,4236,2105,29.4
2026-01-07,30045220,877847679,29.9,28.75,29.9,0.6,8992,2105,29.2
2026-01-08,23371316,715448999,31.1,30.15,30.4,0.5,9112,2105,30.15
2026-01-09,13094713,395056718,30.7,29.85,30.15,-0.25,5626,2105,30.5
2026-01-12,11100494,337458010,30.65,30.1,30.5,0.35,4826,2105,30.15
2026-01-13,10205278,309646911,30.9,30.1,30.3,-0.2,4662,2105,30.45
2026-01-14,10330945,316475590,30.85,30.35,30.7,0.4,4289,2105,30.4
2026-01-15,7636781,235611286,31.05,30.6,30.85,0.15,3712,2105,30.65
2026-01-16,7038333,217768534,31.05,30.75,31.0,0.15,3289,2105,30.85
2026-01-19,10877036,343805651,31.9,30.85,31.8,0.8,5110,2105,31.0
2026-01-20,9911598,316743672,32.2,31.65,31.9,0.1,5225,2105,31.8
2026-01-21,9342094,292234577,31.7,31.1,31.25,-0.65,4693,2105,31.7
2026-01-22,7015929,219233441,31.7,31.05,31.15,-0.1,3203,2105,31.7
2026-01-23,8406718,258893210,31.15,30.6,30.9,-0.25,3719,2105,31.15
2026-01-26,8517946,267984766,31.75,30.9,31.75,0.85,4056,2105,31.0
2026-01-27,10395795,327772654,32.0,31.3,31.3,-0.45,4660,2105,31.8
2026-01-28,6563433,203700372,31.35,30.85,31.0,-0.3,3491,2105,31.3
2026-01-29,5347606,165597344,31.45,30.75,30.8,-0.2,2940,2105,31.0
2026-01-30,15055923,459353431,30.85,30.25,30.6,-0.2,4305,2105,30.8
2026-02-02,8005709,241888337,30.7,30.05,30.35,-0.25,4816,2105,30.7
2026-02-03,11650700,348399487,30.15,29.75,29.9,-0.45,4972,2105,29.95
2026-02-04,7359103,221822383,30.3,29.85,30.2,0.3,3191,2105,29.9
2026-02-05,6034506,184985440,30.9,30.0,30.75,0.55,2970,2105,30.0
2026-02-06,7508842,228747448,30.8,30.15,30.5,-0.25,3315,2105,30.8
2026-02-09,4936667,149782715,30.8,30.2,30.2,-0.3,2688,2105,30.7
2026-02-10,9066779,275129824,30.8,30.15,30.25,0.05,4738,2105,30.6
2026-02-11,16588427,508334849,30.85,30.45,30.85,0.6,5837,2105,30.55
2026-02-23,24132347,739908186,31.35,29.5,30.95,0.1,11038,2105,29.5
2026-02-24,20297034,621177635,31.05,30.3,30.8,-0.15,9251,2105,30.75
2026-02-25,29652392,905934456,31.15,30.4,30.45,-0.35,13852,2105,30.85
2026-02-26,215051091,6694482486,31.3,30.15,31.3,0.85,21547,2105,30.55
2026-03-02,54811068,1674920304,31.2,30.2,30.35,-0.95,22232,2105,30.9
2026-03-03,41568911,1235360173,30.45,29.5,29.6,-0.75,20427,2105,30.35
2026-03-04,54919997,1596983852,29.5,28.4,29.5,-0.1,20299,2105,29.4
2026-03-05,20133297,588515673,29.95,28.85,29.1,-0.4,11066,2105,29.75
2026-03-06,14590271,427148515,29.7,28.6,29.35,0.25,7068,2105,29.2
2026-03-09,16472017,472203247,29.0,28.2,28.7,-0.65,7452,2105,28.55
2026-03-10,20952531,595091756,29.1,28.2,28.2,-0.5,9510,2105,29.0
2026-03-11,10720437,304846757,28.65,28.1,28.5,0.3,4023,2105,28.3
2026-03-12,22633745,668295285,30.1,29.0,29.35,0.85,8757,2105,29.25
2026-03-13,12424424,365448689,29.65,29.15,29.4,0.05,4433,2105,29.2
2026-03-16,16144145,482426152,30.05,29.4,30.05,0.65,5524,2105,29.45
2026-03-17,9493806,284845495,30.15,29.8,30.05,0.0,3666,2105,30.15
2026-03-18,9490803,284890708,30.3,29.85,29.85,-0.2,4199,2105,30.2
2026-03-19,8525343,251556865,29.95,29.35,29.55,-0.3,4311,2105,29.9
2026-03-20,12592261,378963012,30.3,29.7,30.3,0.75,4403,2105,29.7
2026-03-23,9108279,271266135,29.95,29.6,29.7,-0.6,4254,2105,29.85
2026-03-24,11698859,354345515,30.5,29.9,30.4,0.7,4766,2105,29.95
2026-03-25,13338407,398974859,30.8,29.65,29.75,-0.65,6140,2105,30.8
2026-03-26,8776909,265602797,30.45,29.8,30.3,0.55,3674,2105,29.95
2026-03-27,9684519,295699243,30.75,30.15,30.75,0.45,4251,2105,30.2
2026-03-30,19579700,612551860,31.65,30.25,31.6,0.85,8319,2105,30.25
2026-03-31,18131515,567178485,32.1,30.9,31.1,-0.5,7659,2105,31.75
2026-04-01,13532108,428040673,31.85,31.25,31.75,0.65,5596,2105,31.45
2026-04-02,8991675,284509380,31.9,31.5,31.55,-0.2,4169,2105,31.9
2026-04-07,8034436,249901453,31.65,30.9,30.9,-0.65,4702,2105,31.65
2026-04-08,7588290,235141477,31.35,30.7,31.3,0.4,3762,2105,31.05
2026-04-09,14711448,468941197,32.1,31.6,31.95,0.65,6316,2105,31.8
2026-04-10,7779774,247658831,32.3,31.55,31.65,-0.3,4082,2105,32.1
2026-04-13,13455955,434516611,32.7,31.35,32.45,0.8,6306,2105,31.65
2026-04-14,10058724,327798979,32.8,32.4,32.5,0.05,4343,2105,32.8
2026-04-15,10712120,344449936,32.7,31.9,31.95,-0.55,4856,2105,32.55
2026-04-16,7021674,228076021,32.7,31.95,32.7,0.75,3450,2105,32.0
2026-04-17,7461614,243333910,32.9,32.35,32.65,-0.05,3014,2105,32.9
2026-04-20,9981009,326720402,33.0,32.5,32.7,0.05,5074,2105,32.8
2026-04-21,13062997,434165040,33.5,32.7,33.5,0.8,5550,2105,32.9
2026-04-22,24579674,802174248,33.6,32.3,32.6,-0.9,9675,2105,33.6
2026-04-23,18200149,589838996,32.85,32.0,32.55,-0.05,6413,2105,32.6
2026-04-24,13662102,436958719,32.65,31.7,32.1,-0.45,5695,2105,32.65
2026-04-27,9055048,288269001,32.2,31.65,31.7,-0.4,3894,2105,31.95
2026-04-28,8441481,265644591,31.9,31.35,31.35,-0.35,3756,2105,31.9
2026-04-29,9033148,282857751,31.55,31.05,31.55,0.2,4836,2105,31.35
2026-04-30,8685387,272385485,31.85,31.15,31.2,-0.35,4119,2105,31.55
2026-05-04,10215275,317116994,31.5,30.8,30.85,-0.35,5377,2105,31.4
2026-05-05,9307576,287954929,31.15,30.55,31.0,0.15,4053,2105,31.0
2026-05-06,8194112,254113757,31.25,30.8,31.05,0.05,3653,2105,31.2
2026-05-07,10173098,322412539,32.1,30.85,32.0,0.95,4710,2105,31.05
2026-05-08,11623944,372539461,32.3,31.75,32.1,0.1,5161,2105,32.2
2026-05-11,7484156,240287335,32.35,31.9,32.05,-0.05,3320,2105,32.15
2026-05-12,11516046,367685715,32.3,31.6,31.85,-0.2,4734,2105,32.15
2026-05-13,8112503,254872817,31.9,31.2,31.2,-0.65,4119,2105,31.85
2026-05-14,9627927,304992048,32.1,31.15,31.9,0.7,4867,2105,31.35
2026-05-15,15480199,503512939,33.0,31.8,32.4,0.5,6945,2105,32.1
2026-05-18,13300591,432111093,32.8,32.05,32.35,-0.05,5969,2105,32.2
2026-05-19,9755980,317503147,32.75,32.3,32.4,0.05,4773,2105,32.55
2026-05-20,9770729,314141653,32.5,32.0,32.05,-0.35,4390,2105,32.5
2026-05-21,9534419,310749114,32.85,32.15,32.45,0.4,4284,2105,32.5
2026-05-22,12982711,414886749,32.6,31.75,31.9,-0.55,5754,2105,32.5
2026-05-25,10133288,323656033,32.05,31.65,31.95,0.05,4224,2105,32.0
2026-05-26,10794038,343675975,32.35,31.5,31.6,-0.35,4855,2105,31.9
2026-05-27,9033724,286495701,31.95,31.5,31.55,-0.05,4110,2105,31.55
2026-05-28,11662682,372972247,32.3,31.7,31.9,0.35,5237,2105,31.8
2026-05-29,14014732,452023921,32.45,31.95,32.4,0.5,6512,2105,32.3
2026-06-01,14468628,474636166,33.05,32.2,33.0,0.6,6874,2105,32.4
2026-06-02,38313970,1298817636,34.45,32.7,34.0,1.0,12848,2105,33.0
2026-06-03,41550283,1435162333,35.15,33.6,34.55,0.55,14221,2105,34.5
2026-06-04,38178665,1332091944,35.3,34.15,34.55,0.0,12040,2105,34.45
2026-06-05,39167664,1339951136,34.9,33.2,34.1,-0.45,12523,2105,34.5
2026-06-08,31089485,1039344343,34.0,32.7,33.5,-0.6,9242,2105,33.55
2026-06-09,31351712,1073037131,34.75,33.2,34.2,0.7,10269,2105,33.25
2026-06-10,27878248,964620504,34.9,33.8,34.55,0.35,9058,2105,33.8
2026-06-11,26782619,924469895,35.0,33.75,35.0,0.45,7663,2105,34.5
2026-06-12,15579011,538098988,35.1,34.25,34.25,-0.75,6927,2105,35.1
2026-06-15,23581243,811324867,34.8,33.85,33.9,-0.35,11353,2105,34.55
2026-06-16,21384982,722124152,34.1,33.2,33.95,0.05,10619,2105,33.95
2026-06-17,86620457,2574609918,30.7,29.45,29.7,0.0,29063,2105,29.55
2026-06-18,38482794,1149259257,30.4,29.65,29.65,-0.05,14309,2105,29.95
2026-06-22,20028178,599145519,30.1,29.7,30.05,0.4,7922,2105,29.9
2026-06-23,20681183,609616587,30.15,29.3,29.3,-0.75,9084,2105,30.1
2026-06-24,9980126,291809526,29.4,29.05,29.25,-0.05,4628,2105,29.25
2026-06-25,11620572,344100112,29.8,29.25,29.6,0.35,4692,2105,29.35
2026-06-26,11418822,335320516,29.75,29.2,29.4,-0.2,4403,2105,29.6
2026-06-29,14630568,438528171,30.25,29.4,30.25,0.85,6134,2105,29.55
