date,capacity,turnover,high,low,close,change,transaction_volume,stock_code_id,open
2015-01-05,11855580,265819108,22.65,22.2,22.6,0.4,4810,2324,22.2
2015-01-06,23281833,514790718,22.45,21.85,21.9,-0.7,7647,2324,22.35
2015-01-07,11029182,242503917,22.15,21.85,21.95,0.05,3849,2324,21.9
2015-01-08,20383427,460280767,22.9,22.2,22.75,0.8,5451,2324,22.3
2015-01-09,29070431,668906738,23.3,22.85,22.85,0.1,6181,2324,23.0
2015-01-12,23601411,547296975,23.4,23.05,23.15,0.3,5780,2324,23.2
2015-01-13,20930501,486959546,23.4,22.95,22.95,-0.2,5612,2324,23.3
2015-01-14,39957161,941756768,24.0,22.9,23.95,1.0,11150,2324,22.9
2015-01-15,38409839,916104208,24.4,23.5,23.5,-0.45,9877,2324,23.9
2015-01-16,28344146,651599685,23.55,22.6,22.85,-0.65,9075,2324,23.5
2015-01-19,12299070,283113634,23.4,22.8,22.85,0.0,4077,2324,23.2
2015-01-20,12414556,287237239,23.35,22.85,23.25,0.4,3432,2324,22.85
2015-01-21,9161233,212414002,23.5,23.0,23.1,-0.15,2895,2324,23.45
2015-01-22,15452575,360470236,23.55,23.05,23.5,0.4,5226,2324,23.1
2015-01-23,14119650,330167070,23.7,23.2,23.25,-0.25,3885,2324,23.6
2015-01-26,8852611,206847214,23.5,23.15,23.45,0.2,2739,2324,23.5
2015-01-27,41192590,990703810,24.35,23.55,24.0,0.55,9901,2324,23.6
2015-01-28,19417404,462798626,24.0,23.7,23.8,-0.2,5076,2324,24.0
2015-01-29,14884880,349642275,23.8,23.35,23.55,-0.25,4074,2324,23.7
2015-01-30,11345098,264648495,23.6,23.15,23.15,-0.4,3511,2324,23.6
2015-02-02,10603292,243101578,23.25,22.7,22.9,-0.25,3264,2324,23.0
2015-02-03,8459907,194510405,23.15,22.8,23.0,0.1,3065,2324,22.9
2015-02-04,6949490,160781953,23.35,23.0,23.0,0.0,2776,2324,23.2
2015-02-05,7479495,171697624,23.05,22.8,23.0,0.0,2270,2324,23.05
2015-02-06,5875362,134585584,23.0,22.85,22.85,-0.15,2110,2324,22.95
2015-02-09,7315406,167208694,22.95,22.75,22.8,-0.05,2735,2324,22.8
2015-02-10,8881484,202390946,22.95,22.65,22.75,-0.05,3801,2324,22.8
2015-02-11,8778975,199714666,22.9,22.6,22.6,-0.15,3358,2324,22.85
2015-02-12,8789322,198672513,22.7,22.5,22.7,0.1,3868,2324,22.65
2015-02-13,16645446,387803181,23.5,22.9,23.45,0.75,5939,2324,22.9
2015-02-24,19107695,452454887,23.9,23.45,23.5,0.05,6810,2324,23.85
2015-02-25,16726544,397508578,23.95,23.4,23.95,0.45,4916,2324,23.5
2015-02-26,40374658,977565359,24.55,23.65,24.4,0.45,8946,2324,23.9
2015-03-02,89209013,2318810515,26.1,25.6,26.1,1.7,17805,2324,25.95
2015-03-03,67778844,1791171881,26.8,26.0,26.55,0.45,20429,2324,26.3
2015-03-04,43028517,1159411465,27.15,26.6,26.95,0.4,13568,2324,26.6
2015-03-05,29199711,777992504,26.95,26.5,26.7,-0.25,9961,2324,26.95
2015-03-06,33216278,893162450,27.15,26.6,26.9,0.2,12939,2324,26.9
2015-03-09,21404190,569278518,26.85,26.5,26.55,-0.35,7808,2324,26.85
2015-03-10,26662056,715800865,27.05,26.7,26.85,0.3,10450,2324,26.8
2015-03-11,34713210,939582303,27.4,26.6,26.85,0.0,9515,2324,26.6
2015-03-12,20721633,558165250,27.0,26.85,27.0,0.15,5439,2324,27.0
2015-03-13,23080829,618703715,27.0,26.6,26.6,-0.4,8251,2324,27.0
2015-03-16,17299779,459815491,26.8,26.4,26.4,-0.2,6063,2324,26.8
2015-03-17,15435138,412975336,26.95,26.55,26.6,0.2,4633,2324,26.6
2015-03-18,39669257,1070179400,27.25,26.55,27.25,0.65,9442,2324,26.6
2015-03-19,27237767,747854917,27.7,27.3,27.3,0.05,7457,2324,27.5
2015-03-20,28627073,770460672,27.3,26.65,26.75,-0.55,8435,2324,27.3
2015-03-23,18949177,510641203,27.15,26.8,26.9,0.15,5653,2324,27.0
2015-03-24,16033651,431857420,27.0,26.75,27.0,0.1,5674,2324,26.95
2015-03-25,43058796,1124055259,26.95,25.6,26.05,-0.95,10724,2324,26.9
2015-03-26,39606838,1011375128,25.8,25.2,25.65,-0.4,8162,2324,25.5
2015-03-27,19349338,491332980,25.7,25.2,25.2,-0.45,6169,2324,25.65
2015-03-30,18971140,480447391,25.65,25.15,25.5,0.3,5747,2324,25.5
2015-03-31,27943123,724748348,26.15,25.7,26.05,0.55,6902,2324,25.95
2015-04-01,9821652,253557735,26.05,25.6,25.6,-0.45,3303,2324,25.95
2015-04-02,22373632,569857633,25.85,25.3,25.3,-0.3,6304,2324,25.6
2015-04-07,18620912,485298440,26.5,25.5,26.5,1.2,6279,2324,25.6
2015-04-08,15110518,396154477,26.55,25.85,26.4,-0.1,5219,2324,26.5
2015-04-09,14772048,393624201,26.85,26.45,26.6,0.2,5198,2324,26.75
2015-04-10,19612852,526985994,27.0,26.65,27.0,0.4,5750,2324,27.0
2015-04-13,17929211,482556767,27.2,26.6,27.05,0.05,5443,2324,27.1
2015-04-14,24341118,655717716,27.05,26.6,27.05,0.0,5005,2324,27.05
2015-04-15,17513386,471984443,27.15,26.7,26.9,-0.15,5593,2324,27.1
2015-04-16,46841940,1313413698,28.6,27.1,28.6,1.7,14389,2324,27.1
2015-04-17,24629770,693837639,28.6,27.95,28.15,-0.45,8475,2324,28.6
2015-04-20,21685807,606509759,28.4,27.6,27.8,-0.35,7309,2324,28.0
2015-04-21,15450245,432665310,28.45,27.7,28.0,0.2,5753,2324,28.0
2015-04-22,36124189,1035642990,29.3,28.35,28.45,0.45,9525,2324,28.35
2015-04-23,20769489,590696248,28.9,28.1,28.3,-0.15,6233,2324,28.85
2015-04-24,25140598,715111394,28.95,27.95,28.3,0.0,8975,2324,28.6
2015-04-27,21273234,605222470,28.85,28.2,28.3,0.0,6888,2324,28.8
2015-04-28,19558854,546103586,28.45,27.7,27.75,-0.55,7748,2324,28.3
2015-04-29,20453601,559705665,27.75,27.0,27.2,-0.55,6682,2324,27.7
2015-04-30,28318766,796314498,28.75,27.25,28.0,0.8,8191,2324,27.3
2015-05-04,12258810,343225430,28.45,27.8,28.0,0.0,3346,2324,28.2
2015-05-05,13480134,381393397,28.5,27.9,28.5,0.5,4676,2324,28.4
2015-05-06,7429857,209241261,28.35,28.0,28.25,-0.25,2898,2324,28.35
2015-05-07,9946536,278003135,28.15,27.85,27.9,-0.35,4017,2324,28.0
2015-05-08,9850602,276476179,28.3,27.85,28.1,0.2,3397,2324,28.0
2015-05-11,15500534,424102008,28.15,27.05,27.2,-0.9,5094,2324,28.1
2015-05-12,37448968,950947359,26.45,25.3,25.3,-1.9,10455,2324,26.2
2015-05-13,23005311,586577976,26.3,24.85,25.9,0.6,7513,2324,25.2
2015-05-14,17005482,433749326,25.95,25.2,25.5,-0.4,6543,2324,25.9
2015-05-15,11684242,297113113,25.8,25.2,25.35,-0.15,4558,2324,25.5
2015-05-18,10319366,264017670,25.85,25.35,25.5,0.15,3804,2324,25.35
2015-05-19,10685416,277772751,26.3,25.6,26.3,0.8,3667,2324,25.65
2015-05-20,8558596,221333002,26.3,25.6,25.7,-0.6,4292,2324,26.3
2015-05-21,11659632,293472305,25.5,24.85,25.5,-0.2,5003,2324,25.3
2015-05-22,11151722,281788773,25.5,25.1,25.1,-0.4,4168,2324,25.4
2015-05-25,7618398,191972636,25.4,25.0,25.15,0.05,2375,2324,25.15
2015-05-26,7221818,182970120,25.5,25.15,25.45,0.3,2709,2324,25.35
2015-05-27,6868774,174632771,25.55,25.3,25.55,0.1,2703,2324,25.45
2015-05-28,12689532,323619985,25.75,25.3,25.4,-0.15,3655,2324,25.6
2015-05-29,11533136,293353115,25.65,25.3,25.4,0.0,2961,2324,25.6
2015-06-01,6401255,162260726,25.55,25.2,25.35,-0.05,2618,2324,25.4
2015-06-02,12143405,311343464,26.0,25.2,25.6,0.25,4817,2324,25.4
2015-06-03,8459256,217225547,25.95,25.55,25.6,0.0,3866,2324,25.7
2015-06-04,18163436,456889417,25.55,24.95,24.95,-0.65,7784,2324,25.5
2015-06-05,20596442,497794037,25.0,23.45,24.55,-0.4,6335,2324,24.85
2015-06-08,11376787,278773691,25.0,24.1,24.4,-0.15,4972,2324,24.2
2015-06-09,12481016,297211912,24.05,23.5,23.5,-0.9,4392,2324,24.0
2015-06-10,14013523,329706638,23.7,23.3,23.3,-0.2,4830,2324,23.5
2015-06-11,17529597,396968826,23.35,22.4,22.4,-0.9,7701,2324,23.3
2015-06-12,11526320,263299137,23.05,22.4,22.75,0.35,4126,2324,22.4
2015-06-15,8038916,183532470,23.0,22.55,22.8,0.05,3051,2324,22.65
2015-06-16,8645680,199335257,23.35,22.85,23.05,0.25,3933,2324,23.1
2015-06-17,16368774,381821919,23.65,23.15,23.15,0.1,5968,2324,23.35
2015-06-18,12627899,293751050,23.45,23.0,23.25,0.1,4993,2324,23.15
2015-06-22,9912287,237287224,24.15,23.55,24.0,0.75,3748,2324,23.9
2015-06-23,11246500,266598459,23.9,23.55,23.6,-0.4,4557,2324,23.8
2015-06-24,7458168,176443162,23.8,23.5,23.75,0.15,2944,2324,23.55
2015-06-25,14189923,343977673,24.5,23.75,24.15,0.4,4342,2324,23.75
2015-06-26,9274374,220162798,24.15,23.5,23.7,-0.45,3869,2324,24.0
2015-06-29,7621029,178609567,23.7,23.0,23.35,-0.35,3234,2324,23.05
2015-06-30,21465639,498178136,23.5,22.8,23.5,0.15,5826,2324,22.8
2015-07-01,11415019,268423488,23.7,23.1,23.5,0.0,4104,2324,23.1
2015-07-02,10116838,237625109,23.7,23.3,23.45,-0.05,2729,2324,23.3
2015-07-03,7188722,167380285,23.4,23.15,23.4,-0.05,2688,2324,23.35
2015-07-06,6308961,146849684,23.5,23.1,23.4,0.0,2984,2324,23.1
2015-07-07,13738006,318311438,23.35,23.0,23.0,-0.4,3437,2324,23.15
2015-07-08,29458936,645848054,22.65,21.45,21.45,-1.55,8424,2324,22.55
2015-07-09,23266739,480541969,21.2,20.35,20.75,-0.7,7588,2324,21.2
2015-07-13,19374215,417309429,21.75,21.1,21.7,0.95,6243,2324,21.1
2015-07-14,16270903,362228280,22.5,21.95,22.25,0.55,5948,2324,22.0
2015-07-15,24494716,528827209,22.15,21.3,21.35,-0.9,7551,2324,22.0
2015-07-16,13103951,289890043,22.4,21.6,22.35,1.0,4922,2324,21.65
2015-07-17,19833366,459057110,23.4,22.5,23.3,0.95,6623,2324,22.5
2015-07-20,13012025,298734149,23.2,22.6,22.85,-0.45,3944,2324,23.2
2015-07-21,10697891,249133076,23.55,23.15,23.25,0.4,3231,2324,23.5
2015-07-22,18696236,414413902,22.85,21.8,21.85,-1.4,6537,2324,22.8
2015-07-23,12181452,267140194,22.2,21.45,22.0,0.15,4031,2324,21.45
2015-07-24,9389134,206226489,22.15,21.65,22.05,0.05,3529,2324,22.1
2015-07-27,8467649,183987547,22.1,21.5,21.5,-0.55,3247,2324,22.0
2015-07-28,14405276,306345646,21.4,21.2,21.25,-0.25,4749,2324,21.4
2015-07-29,18291883,379699460,21.5,20.5,20.5,-0.75,6066,2324,21.25
2015-07-30,15298395,326398265,21.7,20.75,21.55,1.05,4582,2324,20.8
2015-07-31,11817411,253078990,21.65,21.2,21.3,-0.25,3565,2324,21.55
2015-08-03,12587610,266395153,21.65,20.55,21.6,0.3,4744,2324,21.65
2015-08-04,13707789,289480002,21.6,20.9,21.05,-0.55,4370,2324,21.55
2015-08-05,23795460,497227960,21.05,20.8,20.95,-0.1,5102,2324,21.05
2015-08-06,31295627,601149227,19.85,18.8,18.85,0.0,9372,2324,19.65
2015-08-07,28579171,529092806,18.85,18.25,18.55,-0.3,6315,2324,18.6
2015-08-10,8940265,166719125,18.9,18.4,18.65,0.1,3127,2324,18.5
2015-08-11,15525340,289144367,18.95,18.4,18.4,-0.25,5777,2324,18.9
2015-08-12,17540509,321372049,18.6,17.9,18.4,0.0,4829,2324,18.35
2015-08-13,8629191,160420651,18.9,18.4,18.6,0.2,3149,2324,18.6
2015-08-14,6725074,124679619,18.7,18.45,18.5,-0.1,2843,2324,18.5
2015-08-17,7701424,142963630,18.65,18.45,18.5,0.0,2778,2324,18.5
2015-08-18,16535478,302606938,18.65,18.0,18.05,-0.45,6250,2324,18.55
2015-08-19,26817352,470095332,18.25,17.25,17.35,-0.7,7206,2324,18.15
2015-08-20,19791990,343883978,17.6,17.15,17.3,-0.05,5125,2324,17.45
2015-08-21,25494442,421975131,17.15,16.2,16.3,-1.0,8415,2324,17.15
2015-08-24,21570020,336453700,16.2,15.1,15.3,-1.0,6707,2324,16.0
2015-08-25,22353497,360620632,16.7,15.3,16.55,1.25,6664,2324,15.3
2015-08-26,13711945,225063973,16.55,16.1,16.45,-0.1,3693,2324,16.55
2015-08-27,27252924,481247017,18.05,16.85,17.7,1.25,7498,2324,16.9
2015-08-28,13798461,251459193,18.35,17.9,18.2,0.5,4265,2324,18.3
2015-08-31,19714940,364758010,19.0,17.85,19.0,0.8,4415,2324,18.2
2015-09-01,18820383,344043827,18.7,18.05,18.1,-0.9,5777,2324,18.6
2015-09-02,13508598,243978737,18.3,17.65,18.1,0.0,4304,2324,17.8
2015-09-03,18976710,357522789,19.2,18.15,19.2,1.1,5960,2324,18.15
2015-09-04,12398704,234139715,19.3,18.6,18.6,-0.6,3951,2324,19.25
2015-09-07,7083788,132227837,18.9,18.45,18.55,-0.05,3045,2324,18.45
2015-09-08,8373818,155452511,18.8,18.25,18.3,-0.25,3112,2324,18.6
2015-09-09,17621797,331149498,19.0,18.55,18.9,0.6,5167,2324,18.85
2015-09-10,17847040,341044757,19.4,18.65,19.3,0.4,5961,2324,18.85
2015-09-11,11443431,217946035,19.3,18.9,19.0,-0.3,3352,2324,19.05
2015-09-14,12050069,227848711,19.3,18.65,19.0,0.0,4028,2324,19.25
2015-09-15,10080974,188874943,19.15,18.6,18.6,-0.4,3590,2324,19.15
2015-09-16,9106079,170418872,18.9,18.6,18.8,0.2,3031,2324,18.7
2015-09-17,17312485,325960756,19.1,18.65,18.7,-0.1,5919,2324,18.9
2015-09-18,17842256,341363478,19.3,18.65,19.3,0.6,5404,2324,18.75
2015-09-21,9973861,188977309,19.25,18.75,18.9,-0.4,3388,2324,19.25
2015-09-22,7422201,142611251,19.35,19.0,19.3,0.4,2871,2324,19.05
2015-09-23,11086141,211026798,19.25,18.85,19.2,-0.1,3823,2324,19.05
2015-09-24,9779329,182798523,19.3,18.4,18.5,-0.7,3613,2324,19.1
2015-09-25,5088569,94363134,18.65,18.35,18.6,0.1,1587,2324,18.6
2015-09-30,14915370,276468153,18.8,18.15,18.6,0.0,3980,2324,18.15
2015-10-01,9959994,187365773,19.05,18.4,19.05,0.45,3560,2324,18.6
2015-10-02,5295742,100372198,19.1,18.8,18.95,-0.1,2525,2324,19.0
2015-10-05,5678444,107912151,19.1,18.9,18.95,0.0,2412,2324,19.1
2015-10-06,32080607,643100227,20.5,19.15,20.35,1.4,9709,2324,19.2
2015-10-07,25043639,515337719,21.05,20.0,21.05,0.7,7185,2324,20.3
2015-10-08,17669608,369155016,21.45,20.35,20.9,-0.15,5387,2324,21.1
2015-10-12,15654777,323785843,20.9,20.45,20.6,-0.3,5081,2324,20.5
2015-10-13,11533108,237439066,20.8,20.45,20.65,0.05,4628,2324,20.7
2015-10-14,9962994,204790721,20.8,20.35,20.45,-0.2,3394,2324,20.5
2015-10-15,21000800,438822164,21.4,20.6,20.6,0.15,6905,2324,21.4
2015-10-16,14738898,302563481,20.8,20.35,20.6,0.0,4526,2324,20.7
2015-10-19,5972281,123404039,20.8,20.55,20.7,0.1,2362,2324,20.65
2015-10-20,7257394,149342876,20.75,20.45,20.7,0.0,3794,2324,20.7
2015-10-21,13051865,266234438,20.75,20.1,20.35,-0.35,4541,2324,20.75
2015-10-22,5972515,121927797,20.55,20.3,20.4,0.05,2119,2324,20.35
2015-10-23,8751235,180545260,20.9,20.35,20.55,0.15,3195,2324,20.85
2015-10-26,9646321,198796409,20.75,20.5,20.65,0.1,4541,2324,20.65
2015-10-27,8847495,180335714,20.55,20.25,20.5,-0.15,3234,2324,20.45
2015-10-28,8755686,176740741,20.35,20.05,20.2,-0.3,3150,2324,20.3
2015-10-29,6252884,125627606,20.3,20.0,20.05,-0.15,2913,2324,20.3
2015-10-30,12765134,259512621,20.5,20.25,20.3,0.25,3464,2324,20.25
2015-11-02,11237044,230633247,20.75,20.3,20.75,0.45,4509,2324,20.4
2015-11-03,12816831,270257751,21.3,20.9,21.05,0.3,5379,2324,21.1
2015-11-04,14122646,298917023,21.4,20.85,21.15,0.1,5303,2324,21.35
2015-11-05,12437125,264562277,21.45,21.1,21.25,0.1,4311,2324,21.15
2015-11-06,13854917,286030723,21.3,20.4,20.45,-0.8,4708,2324,21.25
2015-11-09,9670994,196052408,20.7,20.1,20.1,-0.35,2931,2324,20.45
2015-11-10,13906397,279042724,20.35,19.7,20.15,0.05,4655,2324,19.9
2015-11-11,13781076,272332002,20.2,19.55,19.85,-0.3,3850,2324,20.2
2015-11-12,7706153,153472933,20.2,19.8,19.9,0.05,2287,2324,19.9
2015-11-13,22326188,433223659,20.0,19.05,19.05,-0.85,7068,2324,19.75
2015-11-16,11930514,224090806,18.9,18.55,18.8,-0.25,5708,2324,18.8
2015-11-17,12488856,236666628,19.15,18.8,18.8,0.0,4175,2324,18.95
2015-11-18,8358039,156414120,18.95,18.6,18.6,-0.2,3522,2324,18.8
2015-11-19,13674153,252861458,18.75,18.35,18.65,0.05,5795,2324,18.65
2015-11-20,9119246,169400565,18.7,18.5,18.55,-0.1,3161,2324,18.6
2015-11-23,8173049,151855303,18.8,18.4,18.5,-0.05,2966,2324,18.8
2015-11-24,8928669,165195070,18.75,18.4,18.4,-0.1,3303,2324,18.6
2015-11-25,10506985,190623360,18.55,18.0,18.05,-0.35,3552,2324,18.4
2015-11-26,7801084,142599221,18.4,18.2,18.25,0.2,4671,2324,18.25
2015-11-27,7247923,133456920,18.6,18.25,18.5,0.25,2916,2324,18.4
2015-11-30,26496208,476889724,18.1,17.8,18.1,-0.4,6407,2324,18.1
2015-12-01,13834429,251420282,18.35,18.0,18.3,0.2,5152,2324,18.25
2015-12-02,13091054,236939863,18.35,18.0,18.05,-0.25,5353,2324,18.3
2015-12-03,13675108,245978288,18.15,17.8,18.0,-0.05,5945,2324,17.9
2015-12-04,15081597,269696146,18.1,17.6,17.9,-0.1,5439,2324,17.85
2015-12-07,13776036,251642493,18.4,18.05,18.4,0.5,4965,2324,18.1
2015-12-08,14042765,253502211,18.35,17.9,17.95,-0.45,5047,2324,18.35
2015-12-09,10499760,190105286,18.3,17.85,18.2,0.25,3089,2324,18.0
2015-12-10,15579600,283623953,18.5,17.9,18.45,0.25,3976,2324,18.15
2015-12-11,18508005,337125281,18.45,18.0,18.3,-0.15,5269,2324,18.4
2015-12-14,12798791,226943334,18.0,17.6,17.65,-0.65,4454,2324,17.9
2015-12-15,11422558,204575856,18.15,17.7,17.95,0.3,3760,2324,17.7
2015-12-16,11170570,204543677,18.45,18.15,18.4,0.45,3522,2324,18.45
2015-12-17,13632517,251395356,18.65,18.15,18.5,0.1,3953,2324,18.4
2015-12-18,20168545,377874354,19.0,18.3,18.75,0.25,4398,2324,18.4
2015-12-21,14087487,263081442,18.8,18.45,18.8,0.05,4260,2324,18.55
2015-12-22,7945840,148567899,18.9,18.6,18.8,0.0,2675,2324,18.85
2015-12-23,13312724,252606927,19.15,18.75,19.0,0.2,4835,2324,18.9
2015-12-24,10390877,196158062,19.15,18.7,18.9,-0.1,3768,2324,19.15
2015-12-25,6569427,122702597,18.9,18.6,18.75,-0.15,3636,2324,18.9
2015-12-28,9046682,169181752,18.9,18.6,18.75,0.0,2965,2324,18.8
2015-12-29,9304340,172589980,18.8,18.45,18.5,-0.25,3830,2324,18.75
2015-12-30,11012671,202018916,18.7,18.2,18.35,-0.15,4539,2324,18.55
2015-12-31,4225778,78141051,18.6,18.25,18.5,0.15,1442,2324,18.4
2016-01-04,16964457,305893763,18.55,17.9,18.0,-0.5,6587,2324,18.5
2016-01-05,13011958,231910432,18.05,17.65,17.8,-0.2,6550,2324,18.0
2016-01-06,16632448,290504635,17.9,17.25,17.3,-0.5,6660,2324,17.9
2016-01-07,20187083,340622751,17.25,16.7,16.9,-0.4,8049,2324,17.25
2016-01-08,17498649,295499083,17.1,16.55,16.85,-0.05,5144,2324,16.75
2016-01-11,24618617,433320809,18.15,16.9,17.65,0.8,8281,2324,16.9
2016-01-12,9920794,175521505,18.0,17.5,17.55,-0.1,3397,2324,17.9
2016-01-13,9253404,163667328,17.85,17.5,17.8,0.25,3234,2324,17.85
2016-01-14,9026734,159378007,17.85,17.25,17.7,-0.1,3045,2324,17.45
2016-01-15,10452079,184076932,17.9,17.4,17.55,-0.15,3837,2324,17.9
2016-01-18,12537835,221870439,18.1,17.15,18.0,0.45,5112,2324,17.15
2016-01-19,7732162,139051313,18.1,17.8,18.05,0.05,3166,2324,18.0
2016-01-20,15818506,276798072,17.95,17.3,17.35,-0.7,4654,2324,17.9
2016-01-21,9713224,169136139,17.65,17.3,17.3,-0.05,2627,2324,17.45
2016-01-22,8775233,155302239,17.85,17.45,17.8,0.5,3160,2324,17.5
2016-01-25,9179674,166432988,18.25,17.85,18.25,0.45,3485,2324,18.0
2016-01-26,8478856,153898023,18.3,18.0,18.2,-0.05,2651,2324,18.05
2016-01-27,12612644,234022680,18.75,18.3,18.6,0.4,4168,2324,18.35
2016-01-28,16540695,311832905,19.2,18.45,19.0,0.4,5323,2324,18.6
2016-01-29,20576636,392275752,19.2,18.8,19.2,0.2,4721,2324,18.85
2016-01-30,6800698,130403203,19.3,19.0,19.05,-0.15,1944,2324,19.3
2016-02-01,10944155,206928768,19.1,18.8,19.0,-0.05,3368,2324,19.05
2016-02-02,11524721,219546689,19.15,18.85,19.05,0.05,2978,2324,19.0
2016-02-03,14950457,279550341,19.05,18.55,18.55,-0.5,3877,2324,19.0
2016-02-15,21286272,398826619,19.05,18.25,19.05,0.5,7066,2324,18.4
2016-02-16,14208157,268097383,19.05,18.7,18.95,-0.1,3691,2324,18.7
2016-02-17,17435754,335428653,19.4,18.85,19.35,0.4,5901,2324,18.85
2016-02-18,41834692,805148729,19.5,19.15,19.2,-0.15,5118,2324,19.4
2016-02-19,8493017,163419261,19.4,19.15,19.25,0.05,3259,2324,19.2
2016-02-22,11601882,225986193,19.7,19.3,19.4,0.15,3336,2324,19.35
2016-02-23,11761383,228275618,19.65,19.2,19.45,0.05,4282,2324,19.4
2016-02-24,11594027,223494902,19.6,19.05,19.3,-0.15,3814,2324,19.45
2016-02-25,7509649,145044913,19.4,19.15,19.4,0.1,3644,2324,19.3
2016-02-26,11397603,221744052,19.55,19.3,19.5,0.1,2516,2324,19.5
2016-03-01,20652790,407968779,19.9,19.55,19.9,0.4,6115,2324,19.65
2016-03-02,15305403,305806531,20.2,19.85,19.85,-0.05,4547,2324,20.1
2016-03-03,15528544,311215470,20.2,19.8,20.1,0.25,4582,2324,19.9
2016-03-04,10558948,211539441,20.15,19.9,20.1,0.0,4196,2324,19.95
2016-03-07,13582290,273129798,20.45,19.95,20.05,-0.05,4141,2324,20.1
2016-03-08,11542109,231911123,20.25,19.85,20.25,0.2,3876,2324,20.05
2016-03-09,9002837,181776296,20.3,20.0,20.25,0.0,2894,2324,20.2
2016-03-10,13120933,267530273,20.6,20.2,20.3,0.05,3841,2324,20.25
2016-03-11,17200945,355716335,20.9,20.25,20.85,0.55,5472,2324,20.3
2016-03-14,14036178,295299188,21.2,20.9,21.0,0.15,5007,2324,20.95
2016-03-15,15989056,328993989,20.95,20.3,20.6,-0.4,4626,2324,20.95
2016-03-16,10375745,214303718,20.85,20.45,20.75,0.15,4035,2324,20.7
2016-03-17,11291042,235434061,21.0,20.65,20.9,0.15,3790,2324,20.65
2016-03-18,26486436,552064440,21.5,20.45,20.65,-0.25,7648,2324,20.9
2016-03-21,17106720,359416554,21.35,20.65,21.2,0.55,5921,2324,20.7
2016-03-22,14056985,294654212,21.35,20.75,21.05,-0.15,4491,2324,21.35
2016-03-23,12665091,262063617,21.1,20.5,20.75,-0.3,5026,2324,21.1
2016-03-24,13562878,277621669,20.75,20.2,20.75,0.0,3826,2324,20.5
2016-03-25,12027183,244142728,20.75,20.2,20.2,-0.55,4307,2324,20.75
2016-03-28,13226196,265284269,20.35,19.95,20.1,-0.1,3160,2324,20.0
2016-03-29,17242162,340779694,20.05,19.55,19.8,-0.3,4088,2324,20.0
2016-03-30,16523183,330099782,20.2,19.8,19.95,0.15,3493,2324,19.8
2016-03-31,24147582,486004139,20.3,20.0,20.2,0.25,5603,2324,20.3
2016-04-01,8911980,178466136,20.15,19.9,20.15,-0.05,2869,2324,20.0
2016-04-06,17433198,346637852,20.1,19.75,19.8,-0.35,5709,2324,20.1
2016-04-07,9818534,194831462,20.0,19.65,19.9,0.1,3189,2324,19.85
2016-04-08,8614700,170231578,19.95,19.65,19.65,-0.25,2733,2324,19.8
2016-04-11,7219774,142928758,20.0,19.5,19.95,0.3,2269,2324,19.5
2016-04-12,10836544,216822180,20.15,19.8,20.1,0.15,4383,2324,19.95
2016-04-13,13087512,265204672,20.4,20.05,20.35,0.25,4464,2324,20.3
2016-04-14,7984632,162417406,20.5,20.15,20.15,-0.2,3262,2324,20.5
2016-04-15,15349703,316605399,20.9,20.2,20.6,0.45,5502,2324,20.3
2016-04-18,7135110,145585260,20.75,20.25,20.35,-0.25,2734,2324,20.5
2016-04-19,8876603,178425576,20.5,19.95,20.1,-0.25,3137,2324,20.45
2016-04-20,8678643,173289230,20.3,19.8,19.9,-0.2,3060,2324,20.0
2016-04-21,4346796,86422380,20.05,19.75,19.95,0.05,2375,2324,20.05
2016-04-22,9007326,177010381,19.9,19.5,19.6,-0.35,3378,2324,19.9
2016-04-25,5938833,116589164,19.85,19.55,19.55,-0.05,2339,2324,19.6
2016-04-26,5988628,117194641,19.75,19.5,19.5,-0.05,2125,2324,19.6
2016-04-27,11459474,221745063,19.6,19.1,19.1,-0.4,3873,2324,19.5
2016-04-28,12649938,243777448,19.5,19.1,19.2,0.1,3855,2324,19.2
2016-04-29,10084430,191609670,19.2,18.9,19.0,-0.2,3529,2324,19.0
2016-05-03,17232790,321277961,19.0,18.5,18.65,-0.35,5102,2324,19.0
2016-05-04,18308371,333387287,18.6,18.0,18.1,-0.55,6039,2324,18.5
2016-05-05,15086898,272187728,18.25,17.9,18.15,0.05,4907,2324,18.05
2016-05-06,14553385,259745130,18.05,17.7,17.85,-0.3,5811,2324,18.05
2016-05-09,7723826,139484087,18.2,17.9,18.1,0.25,3914,2324,17.95
2016-05-10,9712235,173796180,18.1,17.75,17.9,-0.2,3648,2324,17.9
2016-05-11,16089811,288439235,18.15,17.8,17.9,0.0,5003,2324,17.95
2016-05-12,14394176,258486068,18.1,17.65,17.9,0.0,5692,2324,17.7
2016-05-13,17938043,313613596,18.1,17.2,17.4,-0.5,7150,2324,17.8
2016-05-16,8969546,155866704,17.6,17.1,17.4,0.0,4518,2324,17.3
2016-05-17,9878916,174188196,17.95,17.35,17.8,0.4,4171,2324,17.45
2016-05-18,8417367,149600506,17.95,17.45,17.95,0.15,3011,2324,17.7
2016-05-19,8727059,153723680,17.8,17.5,17.65,-0.3,3510,2324,17.8
2016-05-20,7495003,134520095,18.15,17.65,17.95,0.3,2564,2324,17.8
2016-05-23,13238584,245482741,18.85,17.8,18.85,0.9,4146,2324,17.95
2016-05-24,12661278,235689935,18.95,18.5,18.5,-0.35,4306,2324,18.9
2016-05-25,10328024,194390735,18.95,18.6,18.95,0.45,4035,2324,18.8
2016-05-26,6322712,119138523,19.0,18.75,18.9,-0.05,2550,2324,19.0
2016-05-27,11098939,209107065,19.05,18.75,18.9,0.0,3022,2324,19.05
2016-05-30,10259241,194597944,19.15,18.75,19.0,0.1,3420,2324,18.85
2016-05-31,19696958,378089678,19.4,18.95,19.2,0.2,4088,2324,18.95
2016-06-01,13616662,265537372,19.75,19.2,19.65,0.45,4765,2324,19.4
2016-06-02,8432107,164528470,19.7,19.35,19.4,-0.25,3720,2324,19.6
2016-06-03,7142073,139269254,19.6,19.4,19.55,0.15,2657,2324,19.5
2016-06-04,1517794,29674784,19.65,19.5,19.55,0.0,791,2324,19.6
2016-06-06,7198079,140615525,19.8,19.25,19.5,-0.05,3057,2324,19.75
2016-06-07,12819640,251108287,19.75,19.4,19.6,0.1,4862,2324,19.55
2016-06-08,13916864,274088135,19.8,19.5,19.8,0.2,4200,2324,19.65
2016-06-13,14314383,279231816,19.9,19.3,19.35,-0.45,4740,2324,19.9
2016-06-14,16923776,336810926,20.25,19.35,20.1,0.75,5566,2324,19.35
2016-06-15,11061251,220593646,20.05,19.65,20.0,-0.1,4502,2324,20.0
2016-06-16,16889750,338784408,20.3,19.75,20.3,0.3,5082,2324,20.1
2016-06-17,30044715,610259124,20.5,20.15,20.3,0.0,6789,2324,20.35
2016-06-20,13481783,270928010,20.3,19.9,20.2,-0.1,5197,2324,20.3
2016-06-21,14686799,295808250,20.2,20.05,20.15,-0.05,5467,2324,20.2
2016-06-22,11954120,240651852,20.15,20.0,20.15,0.0,4054,2324,20.15
2016-06-23,8726822,175286640,20.15,20.0,20.05,-0.1,4043,2324,20.05
2016-06-24,22454031,440254843,20.15,19.15,19.5,-0.55,5957,2324,20.1
2016-06-27,13362910,259538642,19.5,19.3,19.4,-0.1,3467,2324,19.45
2016-06-28,19422251,380349654,19.8,19.25,19.8,0.4,5531,2324,19.3
2016-06-29,18616175,374759550,20.3,19.9,20.15,0.35,5083,2324,20.0
2016-06-30,12418921,250319747,20.25,20.05,20.25,0.1,4157,2324,20.25
2016-07-01,10014846,202966791,20.4,20.15,20.2,-0.05,3685,2324,20.4
2016-07-04,9411299,189931730,20.25,20.0,20.2,0.0,2862,2324,20.2
2016-07-05,6352743,127892587,20.3,19.95,20.2,0.0,2567,2324,20.1
2016-07-06,9813554,196726630,20.1,19.95,20.1,-0.1,4050,2324,20.1
2016-07-07,17328598,353042644,20.5,20.2,20.35,0.25,4777,2324,20.25
2016-07-11,26102927,541593845,20.9,20.55,20.9,0.55,7807,2324,20.6
2016-07-12,16160106,338848354,21.15,20.8,20.95,0.05,6208,2324,21.0
2016-07-13,22785930,480236930,21.2,20.9,21.2,0.25,7489,2324,21.0
2016-07-14,12412647,261823687,21.25,20.95,21.1,-0.1,4781,2324,21.2
2016-07-15,19061949,405077389,21.4,21.05,21.3,0.2,6437,2324,21.1
2016-07-18,16268654,345290929,21.5,21.05,21.15,-0.15,5251,2324,21.25
2016-07-19,14790730,312468907,21.25,20.9,21.25,0.1,5094,2324,21.2
2016-07-20,17757426,373465437,21.2,20.9,21.0,-0.25,6819,2324,21.1
2016-07-21,20887047,447867491,21.65,21.1,21.65,0.65,6723,2324,21.2
2016-07-22,24468469,516770016,21.45,20.95,21.05,-0.6,9235,2324,21.45
2016-07-25,20755753,436112455,21.2,20.8,21.1,0.05,6647,2324,21.1
2016-07-26,15001585,300291700,20.15,19.8,20.1,0.0,5434,2324,19.9
2016-07-27,11817763,237145496,20.25,19.9,19.95,-0.15,3793,2324,20.2
2016-07-28,13651923,273274247,20.1,19.85,20.0,0.05,4965,2324,20.0
2016-07-29,8116900,163063334,20.2,19.9,20.05,0.05,2764,2324,20.15
2016-08-01,13769893,281552745,20.55,20.15,20.55,0.5,4788,2324,20.2
2016-08-02,9927625,202445006,20.55,20.3,20.3,-0.25,3151,2324,20.55
2016-08-03,10206347,205960613,20.3,20.05,20.25,-0.05,2646,2324,20.1
2016-08-04,8400564,170946683,20.4,20.25,20.4,0.15,2437,2324,20.4
2016-08-05,11025066,223378409,20.45,20.15,20.15,-0.25,3509,2324,20.4
2016-08-08,6966534,141217439,20.35,20.15,20.3,0.15,2144,2324,20.25
2016-08-09,7290341,148871971,20.5,20.2,20.5,0.2,2355,2324,20.45
2016-08-10,8525370,172455063,20.4,20.1,20.25,-0.25,2713,2324,20.3
2016-08-11,10667330,212912242,20.2,19.85,19.9,-0.35,3632,2324,20.2
2016-08-12,9958624,198245486,20.05,19.85,19.9,0.0,3075,2324,20.0
2016-08-15,5946396,118989828,20.15,19.8,20.15,0.25,2375,2324,19.9
2016-08-16,10379767,208229981,20.2,19.95,20.0,-0.15,2962,2324,20.15
2016-08-17,6901446,137867870,20.1,19.9,20.05,0.05,3103,2324,20.0
2016-08-18,9227658,183484713,20.0,19.8,19.8,-0.25,3130,2324,19.9
2016-08-19,12680167,249710691,19.95,19.5,19.55,-0.25,4097,2324,19.85
2016-08-22,12587786,242375679,19.5,19.15,19.25,-0.3,3724,2324,19.45
2016-08-23,7767555,149125139,19.4,19.1,19.1,-0.15,2663,2324,19.2
2016-08-24,5699766,108557654,19.15,19.0,19.0,-0.1,2794,2324,19.1
2016-08-25,9428569,182146688,19.45,19.0,19.45,0.45,3528,2324,19.0
2016-08-26,4151329,80487695,19.5,19.25,19.35,-0.1,1724,2324,19.3
2016-08-29,6115902,117458295,19.35,19.05,19.15,-0.2,2824,2324,19.3
2016-08-30,8246485,157788106,19.25,19.05,19.05,-0.1,2540,2324,19.15
2016-08-31,15960107,301665495,19.15,18.8,18.8,-0.25,5452,2324,19.05
2016-09-01,10670859,200655030,18.95,18.7,18.8,0.0,4425,2324,18.8
2016-09-02,14927393,283513367,19.1,18.9,19.0,0.2,3770,2324,19.0
2016-09-05,11456120,218812030,19.2,19.0,19.05,0.05,2380,2324,19.1
2016-09-06,12402860,236727198,19.15,19.05,19.1,0.05,2864,2324,19.05
2016-09-07,12202458,231908002,19.1,18.95,19.0,-0.1,4287,2324,19.05
2016-09-08,10919740,206958552,19.05,18.9,18.95,-0.05,3600,2324,18.9
2016-09-09,6441434,121514118,18.95,18.8,18.85,-0.1,2563,2324,18.9
2016-09-10,4434386,83639518,19.0,18.7,18.85,0.0,1530,2324,18.8
2016-09-12,21563223,402918439,18.85,18.6,18.65,-0.2,5556,2324,18.8
2016-09-13,16760138,312022553,18.8,18.5,18.65,0.0,5542,2324,18.8
2016-09-14,15219042,283130721,18.75,18.5,18.55,-0.1,5057,2324,18.55
2016-09-19,18042127,341842282,19.05,18.75,19.0,0.45,3613,2324,18.8
2016-09-20,9105197,173498293,19.1,18.95,19.05,0.05,2907,2324,19.1
2016-09-21,10292560,196072273,19.15,18.95,19.15,0.1,3575,2324,19.0
2016-09-22,6954510,133216677,19.25,19.1,19.15,0.0,2403,2324,19.2
2016-09-23,12264848,236054269,19.3,19.1,19.3,0.15,3275,2324,19.2
2016-09-26,4700030,90209279,19.3,19.1,19.25,-0.05,2016,2324,19.3
2016-09-29,13758897,265638146,19.4,19.2,19.35,0.1,3590,2324,19.3
2016-09-30,13953498,270880722,19.5,19.3,19.35,0.0,4557,2324,19.35
2016-10-03,7577453,148009923,19.6,19.4,19.6,0.25,2736,2324,19.5
2016-10-04,14675281,291420519,19.95,19.6,19.95,0.35,5719,2324,19.7
2016-10-05,10335120,204299448,20.0,19.65,19.75,-0.2,3840,2324,19.95
2016-10-06,21408427,414953092,19.65,19.25,19.3,-0.45,5252,2324,19.6
2016-10-07,13365885,257100783,19.4,19.15,19.2,-0.1,3354,2324,19.2
2016-10-11,8228130,158094089,19.3,19.1,19.25,0.05,2689,2324,19.3
2016-10-12,12648401,244139531,19.5,19.15,19.25,0.0,3299,2324,19.15
2016-10-13,8037381,154568303,19.4,19.15,19.2,-0.05,3219,2324,19.35
2016-10-14,3476441,66408009,19.2,19.05,19.1,-0.1,1706,2324,19.2
2016-10-17,7158260,136608102,19.25,18.85,19.2,0.1,2731,2324,19.1
2016-10-18,8755782,167476472,19.3,19.0,19.15,-0.05,2914,2324,19.2
2016-10-19,7763988,149628192,19.35,19.1,19.3,0.15,3146,2324,19.2
2016-10-20,4807248,92352673,19.35,19.15,19.15,-0.15,1966,2324,19.35
2016-10-21,7528081,143570985,19.25,19.0,19.05,-0.1,2248,2324,19.2
2016-10-24,4179226,79681763,19.15,19.0,19.05,0.0,1374,2324,19.05
2016-10-25,3547262,67851717,19.2,19.05,19.1,0.05,1557,2324,19.1
2016-10-26,2651130,50664870,19.2,19.05,19.1,0.0,1556,2324,19.1
2016-10-27,7513257,142250940,19.1,18.85,18.9,-0.2,3046,2324,19.1
2016-10-28,4040701,76634920,19.0,18.9,19.0,0.1,1220,2324,18.9
2016-10-31,7632042,143783079,19.0,18.7,18.8,-0.2,2626,2324,18.9
2016-11-01,5411342,101916300,18.95,18.75,18.75,-0.05,1815,2324,18.8
2016-11-02,3875125,72340923,18.75,18.6,18.7,-0.05,1823,2324,18.65
2016-11-03,7285181,135391446,18.8,18.5,18.5,-0.2,2631,2324,18.65
2016-11-04,5136047,95514815,18.7,18.5,18.6,0.1,2180,2324,18.5
2016-11-07,4867508,91367106,18.85,18.7,18.7,0.1,1866,2324,18.8
2016-11-08,6417573,121131668,18.95,18.7,18.85,0.15,2529,2324,18.75
2016-11-09,14541466,270439514,19.1,18.45,18.45,-0.4,4282,2324,19.0
2016-11-10,14784840,280485960,19.15,18.65,19.1,0.65,4179,2324,18.95
2016-11-11,10626425,199057008,18.95,18.6,18.75,-0.35,4475,2324,18.9
2016-11-14,8309597,154401492,18.8,18.5,18.6,-0.15,3602,2324,18.75
2016-11-15,10605175,198128427,18.75,18.6,18.75,0.15,3614,2324,18.6
2016-11-16,16505406,313663062,19.15,18.8,18.9,0.15,4928,2324,18.85
2016-11-17,8172376,154658898,19.1,18.75,18.9,0.0,2619,2324,19.0
2016-11-18,12096722,226761344,18.85,18.6,18.8,-0.1,3344,2324,18.8
2016-11-21,5612901,105330278,18.85,18.65,18.75,-0.05,2496,2324,18.7
2016-11-22,8957183,167879395,18.9,18.65,18.65,-0.1,3269,2324,18.8
2016-11-23,32320155,580815440,18.25,17.7,18.0,-0.65,10094,2324,17.8
2016-11-24,16850368,302531309,18.25,17.8,17.9,-0.1,5796,2324,18.0
2016-11-25,7845131,140349862,17.95,17.8,17.9,0.0,2712,2324,17.9
2016-11-28,10665447,192526252,18.1,17.9,18.05,0.15,3692,2324,17.9
2016-11-29,6597028,119135888,18.15,18.0,18.05,0.0,2591,2324,18.15
2016-11-30,12847671,232958280,18.2,18.05,18.15,0.1,2582,2324,18.15
2016-12-01,8768205,160141610,18.35,18.2,18.2,0.05,3515,2324,18.25
2016-12-02,10117454,183806429,18.25,18.05,18.2,0.0,3687,2324,18.2
2016-12-05,11217829,202955448,18.2,18.05,18.05,-0.15,4093,2324,18.2
2016-12-06,13084036,237493975,18.35,18.0,18.05,0.0,4128,2324,18.25
2016-12-07,14539121,262519313,18.15,18.0,18.05,0.0,4005,2324,18.1
2016-12-08,14539499,262946250,18.2,18.0,18.1,0.05,4286,2324,18.1
2016-12-09,11778706,213964040,18.25,18.05,18.15,0.05,3928,2324,18.1
2016-12-12,5345676,97458667,18.3,18.2,18.2,0.05,1619,2324,18.3
2016-12-13,11817209,217967980,18.55,18.25,18.45,0.25,4559,2324,18.3
2016-12-14,9061865,166492220,18.5,18.3,18.35,-0.1,3286,2324,18.5
2016-12-15,7080813,130035203,18.45,18.3,18.35,0.0,2322,2324,18.4
2016-12-16,11744094,214295491,18.55,18.15,18.15,-0.2,3041,2324,18.5
2016-12-19,5633685,102632404,18.3,18.1,18.2,0.05,2075,2324,18.2
2016-12-20,4879249,88729638,18.25,18.1,18.2,0.0,1717,2324,18.15
2016-12-21,6931023,127191254,18.45,18.25,18.35,0.15,2071,2324,18.4
2016-12-22,5823500,106215840,18.35,18.2,18.2,-0.15,1637,2324,18.35
2016-12-23,4817660,87345286,18.25,18.05,18.05,-0.15,1745,2324,18.2
2016-12-26,1546362,28051137,18.2,18.1,18.2,0.15,560,2324,18.1
2016-12-27,2083259,37796787,18.2,18.1,18.2,0.0,667,2324,18.15
2016-12-28,4517050,82640748,18.35,18.2,18.3,0.1,1428,2324,18.2
2016-12-29,6282034,114972906,18.4,18.2,18.25,-0.05,1672,2324,18.2
2016-12-30,6654882,122942516,18.55,18.35,18.45,0.2,1978,2324,18.4
2017-01-03,3465396,64390802,18.65,18.45,18.65,0.2,1406,2324,18.5
2017-01-04,6354431,118595128,18.75,18.6,18.65,0.0,2192,2324,18.65
2017-01-05,9346175,175860457,19.0,18.65,18.8,0.15,2743,2324,18.7
2017-01-06,9114545,171335003,18.9,18.7,18.75,-0.05,2391,2324,18.85
2017-01-09,7474381,140141489,18.85,18.65,18.65,-0.1,2136,2324,18.8
2017-01-10,6251538,116835297,18.8,18.6,18.7,0.05,2306,2324,18.65
2017-01-11,9124016,169535527,18.7,18.5,18.65,-0.05,3093,2324,18.65
2017-01-12,12195339,227636913,18.8,18.5,18.5,-0.15,4640,2324,18.7
2017-01-13,10436983,194939818,18.8,18.55,18.75,0.25,2991,2324,18.7
2017-01-16,21558062,408646408,19.1,18.8,19.0,0.25,4515,2324,18.9
2017-01-17,10073976,191469179,19.15,18.9,19.0,0.0,3096,2324,19.05
2017-01-18,11718374,222814782,19.1,18.95,18.95,-0.05,3744,2324,19.0
2017-01-19,7697379,145445900,18.95,18.85,18.9,-0.05,2916,2324,18.9
2017-01-20,8783809,165644483,18.95,18.75,18.85,-0.05,2763,2324,18.9
2017-01-23,8087183,152831227,19.0,18.8,18.9,0.05,2262,2324,19.0
2017-01-24,8383481,158275596,18.95,18.8,18.85,-0.05,2393,2324,18.9
2017-02-02,23330809,435625930,18.9,18.5,18.6,-0.25,5608,2324,18.7
2017-02-03,14341762,266013608,18.75,18.45,18.6,0.0,3985,2324,18.7
2017-02-06,9617462,180127573,18.8,18.6,18.7,0.1,3120,2324,18.6
2017-02-07,9722233,182193986,18.85,18.6,18.75,0.05,2695,2324,18.6
2017-02-08,11694856,217368205,18.7,18.5,18.7,-0.05,3371,2324,18.65
2017-02-09,13865470,258812214,18.8,18.55,18.6,-0.1,3090,2324,18.7
2017-02-10,13845782,259858850,18.85,18.6,18.75,0.15,3302,2324,18.7
2017-02-13,15267033,288612447,19.05,18.8,18.95,0.2,2801,2324,18.85
2017-02-14,12889556,243671879,19.0,18.75,18.95,0.0,2553,2324,19.0
2017-02-15,15489681,295438233,19.15,18.95,19.15,0.2,4166,2324,19.0
2017-02-16,16356467,315924986,19.45,19.2,19.35,0.2,4433,2324,19.25
2017-02-17,8250200,158460738,19.35,19.15,19.2,-0.15,3452,2324,19.35
2017-02-18,4247821,81165408,19.2,19.05,19.05,-0.15,1384,2324,19.2
2017-02-20,7101703,135738219,19.2,19.05,19.05,0.0,2011,2324,19.1
2017-02-21,10105295,193866073,19.25,19.05,19.25,0.2,2460,2324,19.05
2017-02-22,8061564,155362510,19.35,19.15,19.3,0.05,2650,2324,19.35
2017-02-23,10528490,202399687,19.3,19.15,19.2,-0.1,2167,2324,19.3
2017-02-24,14818840,284628159,19.3,19.1,19.25,0.05,3413,2324,19.2
2017-03-01,13791957,264163308,19.25,19.0,19.05,-0.2,3829,2324,19.15
2017-03-02,19049120,366146499,19.3,19.1,19.3,0.25,2643,2324,19.1
2017-03-03,17632409,343294560,19.6,19.3,19.55,0.25,4589,2324,19.3
2017-03-06,11569728,225926629,19.65,19.4,19.55,0.0,3456,2324,19.6
2017-03-07,9610959,186803834,19.55,19.3,19.5,-0.05,2751,2324,19.55
2017-03-08,9169985,178107139,19.5,19.35,19.45,-0.05,3003,2324,19.4
2017-03-09,23888171,455412599,19.4,18.95,18.95,-0.5,6965,2324,19.35
2017-03-10,9839095,187789902,19.2,18.95,19.15,0.2,3473,2324,18.95
2017-03-13,8314792,160761143,19.45,19.2,19.4,0.25,2116,2324,19.3
2017-03-14,16653920,326519359,19.75,19.45,19.6,0.2,4105,2324,19.45
2017-03-15,6921841,135532986,19.65,19.5,19.5,-0.1,2540,2324,19.6
2017-03-16,10182874,201115600,19.85,19.55,19.75,0.25,3591,2324,19.6
2017-03-17,20137234,403437884,20.15,19.75,20.15,0.4,6357,2324,19.8
2017-03-20,10371163,208240610,20.25,20.0,20.05,-0.1,2448,2324,20.2
2017-03-21,19001660,379505213,20.15,19.85,19.9,-0.15,5154,2324,19.95
2017-03-22,10575706,210315120,20.1,19.75,20.1,0.2,2620,2324,19.85
2017-03-23,8578352,170801224,20.1,19.85,19.9,-0.2,3036,2324,20.1
2017-03-24,9349847,186095786,20.05,19.75,19.9,0.0,2632,2324,19.85
2017-03-27,8820388,176816260,20.1,19.95,20.1,0.2,2737,2324,19.95
2017-03-28,10677929,213959130,20.15,19.85,20.1,0.0,3288,2324,20.1
2017-03-29,11420681,228240509,20.2,19.9,20.0,-0.1,3266,2324,20.15
2017-03-30,20387626,401567866,20.05,19.5,19.65,-0.35,5235,2324,20.0
2017-03-31,12052570,238178326,19.85,19.65,19.8,0.15,2852,2324,19.7
2017-04-05,17227390,344597200,20.1,19.85,20.1,0.3,5040,2324,19.9
2017-04-06,13625087,273063660,20.1,19.9,20.1,0.0,2959,2324,20.1
2017-04-07,13360829,266225033,20.15,19.8,19.85,-0.25,3380,2324,20.15
2017-04-10,30542908,621244389,20.65,20.05,20.45,0.6,7016,2324,20.1
2017-04-11,34308497,711613675,20.95,20.5,20.6,0.15,7715,2324,20.6
2017-04-12,13101985,265985720,20.65,20.2,20.2,-0.4,3658,2324,20.6
2017-04-13,8844823,180225948,20.55,20.3,20.35,0.15,2564,2324,20.35
2017-04-14,4828754,97228050,20.3,20.05,20.05,-0.3,1545,2324,20.25
2017-04-17,6597202,131635140,20.2,19.85,20.0,-0.05,1645,2324,20.0
2017-04-18,15156886,305785839,20.3,20.15,20.2,0.2,2770,2324,20.15
2017-04-19,8526883,173133575,20.45,20.1,20.25,0.05,3318,2324,20.2
2017-04-20,12156352,247428621,20.45,20.25,20.35,0.1,4121,2324,20.25
2017-04-21,9742037,199167881,20.6,20.3,20.3,-0.05,2935,2324,20.5
2017-04-24,4235108,86615935,20.55,20.35,20.45,0.15,1690,2324,20.55
2017-04-25,10222639,208791213,20.55,20.3,20.45,0.0,3615,2324,20.5
2017-04-26,10847311,221456863,20.5,20.35,20.4,-0.05,3415,2324,20.5
2017-04-27,6294793,127599154,20.45,20.2,20.25,-0.15,2484,2324,20.4
2017-04-28,11038256,222032170,20.2,20.0,20.2,-0.05,2412,2324,20.15
2017-05-02,9469754,193000358,20.5,20.2,20.5,0.3,3123,2324,20.25
2017-05-03,6921586,141464600,20.55,20.3,20.55,0.05,2333,2324,20.5
2017-05-04,5781171,118657724,20.6,20.45,20.55,0.0,1879,2324,20.55
2017-05-05,4579635,93393258,20.55,20.3,20.35,-0.2,1801,2324,20.55
2017-05-08,9235266,187271771,20.4,20.15,20.35,0.0,2044,2324,20.4
2017-05-09,6557119,133195533,20.4,20.2,20.4,0.05,2327,2324,20.4
2017-05-10,8251411,168638064,20.5,20.3,20.5,0.1,2756,2324,20.4
2017-05-11,21596324,433382500,20.3,20.0,20.05,-0.45,4539,2324,20.3
2017-05-12,10031481,201556846,20.2,19.95,20.15,0.1,1658,2324,20.05
2017-05-15,9888566,201175107,20.5,20.1,20.5,0.35,2660,2324,20.1
2017-05-16,14526898,296654806,20.55,20.2,20.5,0.0,3822,2324,20.5
2017-05-17,8837902,181145736,20.55,20.4,20.55,0.05,2598,2324,20.5
2017-05-18,19358225,401044029,20.95,20.25,20.7,0.15,5311,2324,20.35
2017-05-19,6271662,130289081,20.9,20.65,20.8,0.1,2170,2324,20.65
2017-05-22,4580858,94552978,20.85,20.55,20.55,-0.25,2351,2324,20.85
2017-05-23,7703600,159800387,20.8,20.55,20.8,0.25,3818,2324,20.55
2017-05-24,8752235,180467203,20.8,20.55,20.55,-0.25,2853,2324,20.7
2017-05-25,7132603,146941474,20.7,20.55,20.55,0.0,2451,2324,20.55
2017-05-26,12253508,252100700,20.7,20.5,20.5,-0.05,2575,2324,20.6
2017-05-31,17348644,351327662,20.6,20.1,20.1,-0.4,2795,2324,20.55
2017-06-01,10079088,207075430,20.7,20.25,20.5,0.4,2797,2324,20.3
2017-06-02,4406524,90505123,20.6,20.5,20.55,0.05,1741,2324,20.55
2017-06-03,1124419,23018837,20.55,20.45,20.45,-0.1,383,2324,20.55
2017-06-05,4723422,96822306,20.6,20.45,20.5,0.05,2200,2324,20.45
2017-06-06,5894457,120841708,20.55,20.45,20.5,0.0,2929,2324,20.5
2017-06-07,10604656,217045470,20.55,20.35,20.5,0.0,2806,2324,20.5
2017-06-08,9912425,201724529,20.5,20.25,20.25,-0.25,3073,2324,20.45
2017-06-09,10194774,206901555,20.4,20.2,20.4,0.15,2720,2324,20.2
2017-06-12,7858979,160891505,20.6,20.25,20.4,0.0,1858,2324,20.4
2017-06-13,4851541,99187617,20.5,20.4,20.4,0.0,1295,2324,20.5
2017-06-14,8708315,177615357,20.55,20.25,20.55,0.15,1995,2324,20.4
2017-06-15,10273945,210380112,20.6,20.3,20.55,0.0,1790,2324,20.5
2017-06-16,6042771,123857723,20.55,20.45,20.5,-0.05,1328,2324,20.55
2017-06-19,8825185,181652028,20.65,20.45,20.6,0.1,1687,2324,20.55
2017-06-20,12241366,251293927,20.6,20.45,20.5,-0.1,1343,2324,20.6
2017-06-21,14417095,295649222,20.55,20.45,20.5,0.0,3494,2324,20.5
2017-06-22,20236275,415499760,20.7,20.35,20.4,-0.1,3742,2324,20.55
2017-06-23,28672598,576878420,20.4,20.0,20.15,-0.25,6354,2324,20.35
2017-06-26,16407291,331613480,20.3,20.1,20.25,0.1,4103,2324,20.2
2017-06-27,22379552,458199790,20.6,20.25,20.5,0.25,5838,2324,20.25
2017-06-28,11650552,237599155,20.5,20.3,20.35,-0.15,3132,2324,20.5
2017-06-29,10297125,211022880,20.55,20.45,20.5,0.15,2545,2324,20.55
2017-06-30,10744888,220465191,20.6,20.45,20.5,0.0,2102,2324,20.5
2017-07-03,7406727,152168490,20.6,20.45,20.6,0.1,1992,2324,20.6
2017-07-04,10793009,219897860,20.55,20.3,20.35,-0.25,3375,2324,20.55
2017-07-05,8230548,167190172,20.45,20.2,20.45,0.1,2215,2324,20.35
2017-07-06,5215426,106136753,20.45,20.25,20.45,0.0,1829,2324,20.45
2017-07-07,3611387,73418239,20.45,20.25,20.3,-0.15,1406,2324,20.3
2017-07-10,16321647,336299270,20.7,20.35,20.65,0.35,4788,2324,20.35
2017-07-11,27397492,575440139,21.3,20.65,21.3,0.65,6429,2324,20.7
2017-07-12,22856386,490259622,21.75,21.15,21.15,-0.15,6025,2324,21.5
2017-07-13,14859721,315565616,21.4,21.05,21.2,0.05,3677,2324,21.3
2017-07-14,4493667,95625348,21.3,21.2,21.3,0.1,1833,2324,21.25
2017-07-17,7062766,151147636,21.6,21.3,21.3,0.0,2491,2324,21.5
2017-07-18,13992634,292419186,21.2,20.75,20.9,-0.4,4624,2324,21.2
2017-07-19,13020326,270445668,20.9,20.7,20.8,-0.1,3300,2324,20.7
2017-07-20,7625920,157920269,20.85,20.6,20.65,-0.15,3046,2324,20.75
2017-07-21,5403421,112113494,20.8,20.65,20.8,0.15,1698,2324,20.7
2017-07-24,7566154,157264922,20.85,20.7,20.8,0.0,2394,2324,20.8
2017-07-25,7604337,158166320,20.9,20.75,20.75,-0.05,1845,2324,20.85
2017-07-26,14437128,298996902,20.8,20.65,20.65,-0.1,3283,2324,20.75
2017-07-27,20443562,407176590,20.1,19.6,20.1,0.0,5169,2324,19.65
2017-07-28,6654094,133333330,20.15,20.0,20.0,-0.1,1779,2324,20.1
2017-07-31,10277799,205453730,20.05,19.85,20.05,0.05,2009,2324,20.0
2017-08-01,7195897,145091359,20.2,20.05,20.2,0.15,2075,2324,20.1
2017-08-02,8871178,180649939,20.45,20.2,20.4,0.2,2315,2324,20.2
2017-08-03,5944813,120314947,20.3,20.2,20.25,-0.15,1959,2324,20.2
2017-08-04,5492555,111812518,20.45,20.25,20.4,0.15,1893,2324,20.25
2017-08-07,8761156,177838808,20.45,20.2,20.25,-0.15,2021,2324,20.4
2017-08-08,11891949,239584559,20.3,20.05,20.05,-0.2,2423,2324,20.3
2017-08-09,8240097,166192829,20.25,20.1,20.2,0.15,2116,2324,20.1
2017-08-10,12147793,242301994,20.25,19.85,19.85,-0.35,2787,2324,20.2
2017-08-11,21136491,424872417,20.25,19.9,20.25,0.4,4610,2324,20.0
2017-08-14,11325610,228503600,20.4,20.0,20.05,-0.2,2459,2324,20.4
2017-08-15,12393254,248040880,20.2,19.85,20.0,-0.05,2613,2324,20.1
2017-08-16,10796288,214470235,20.0,19.75,19.8,-0.2,3397,2324,20.0
2017-08-17,9042996,179084657,19.95,19.75,19.75,-0.05,2464,2324,19.9
2017-08-18,11196688,224819836,20.2,19.75,20.15,0.4,2948,2324,19.75
2017-08-21,10990717,224181788,20.55,20.2,20.55,0.4,3616,2324,20.25
2017-08-22,17733606,369098775,20.95,20.6,20.9,0.35,4803,2324,20.65
2017-08-23,17164431,360123245,21.1,20.85,20.9,0.0,5049,2324,21.0
2017-08-24,13438435,283854943,21.25,21.0,21.25,0.35,4583,2324,21.0
2017-08-25,12731247,273031953,21.6,21.25,21.5,0.25,4544,2324,21.3
2017-08-28,11902669,253336293,21.6,21.1,21.25,-0.25,3986,2324,21.5
2017-08-29,6602323,139392751,21.3,20.95,21.3,0.05,2912,2324,21.15
2017-08-30,8452415,180730243,21.55,21.1,21.5,0.2,3190,2324,21.55
2017-08-31,14730216,317769928,21.7,21.3,21.7,0.2,3869,2324,21.5
2017-09-01,11715633,255390330,21.95,21.55,21.75,0.05,4239,2324,21.7
2017-09-04,4321375,93498578,21.75,21.5,21.6,-0.15,2002,2324,21.75
2017-09-05,9842947,211969947,21.65,21.4,21.6,0.0,2517,2324,21.6
2017-09-06,17215489,376202549,21.95,21.5,21.95,0.35,4887,2324,21.6
2017-09-07,12373900,269664668,22.15,21.45,21.6,-0.35,3496,2324,21.95
2017-09-08,20248656,443477776,22.0,21.45,22.0,0.4,4718,2324,21.6
2017-09-11,6037222,132533228,22.05,21.75,21.95,-0.05,2670,2324,22.05
2017-09-12,13179471,292557018,22.3,21.95,22.3,0.35,4184,2324,22.0
2017-09-13,11582606,257335982,22.35,22.0,22.1,-0.2,3557,2324,22.35
2017-09-14,12455481,278222019,22.45,22.0,22.45,0.35,3795,2324,22.1
2017-09-15,26022820,591751157,22.9,22.5,22.7,0.25,6364,2324,22.55
2017-09-18,20032497,446260701,22.9,21.9,22.15,-0.55,8147,2324,22.8
2017-09-19,15840492,346874304,22.1,21.7,21.9,-0.25,5835,2324,22.0
2017-09-20,19468008,420704366,21.95,21.5,21.6,-0.3,6286,2324,21.8
2017-09-21,12263306,271943809,22.35,21.6,22.3,0.7,4303,2324,21.6
2017-09-22,12551131,274851251,22.2,21.7,21.9,-0.4,4564,2324,22.2
2017-09-25,17333307,363783817,21.45,20.7,20.75,-1.15,8040,2324,21.25
2017-09-26,12718438,263698635,21.0,20.6,20.65,-0.1,4439,2324,20.65
2017-09-27,8761113,182084538,20.9,20.6,20.85,0.2,2596,2324,20.6
2017-09-28,9792975,206692106,21.3,20.85,21.15,0.3,3016,2324,21.2
2017-09-29,11320172,242139816,21.55,21.1,21.55,0.4,3109,2324,21.3
2017-09-30,2182796,46730672,21.65,21.2,21.35,-0.2,752,2324,21.65
2017-10-02,5094647,109204882,21.5,21.35,21.45,0.1,1449,2324,21.5
2017-10-03,4528559,97668753,21.75,21.45,21.55,0.1,1524,2324,21.7
2017-10-05,4302736,93492147,21.9,21.6,21.75,0.2,1833,2324,21.9
2017-10-06,6465279,140313307,21.8,21.6,21.75,0.0,1979,2324,21.8
2017-10-11,28023955,608919157,21.95,21.5,21.75,0.0,5052,2324,21.75
2017-10-12,16844039,362794512,21.8,21.2,21.5,-0.25,3888,2324,21.8
2017-10-13,11242597,241714883,21.7,21.35,21.5,0.0,3444,2324,21.35
2017-10-16,14903011,321547454,21.8,21.4,21.7,0.2,4043,2324,21.6
2017-10-17,12062580,262613566,21.95,21.6,21.8,0.1,3733,2324,21.75
2017-10-18,11365036,247369916,21.95,21.65,21.75,-0.05,3237,2324,21.95
2017-10-19,10074374,219342678,21.9,21.65,21.8,0.05,1795,2324,21.9
2017-10-20,10165340,221401321,21.9,21.65,21.8,0.0,2459,2324,21.8
2017-10-23,7048169,152320018,21.8,21.5,21.5,-0.3,2329,2324,21.75
2017-10-24,10894820,235181378,21.7,21.45,21.65,0.15,2554,2324,21.7
2017-10-25,12418802,268159826,21.75,21.4,21.75,0.1,2208,2324,21.6
2017-10-26,11556132,247282852,21.6,21.3,21.3,-0.45,2638,2324,21.55
2017-10-27,15540638,334431871,21.75,21.3,21.5,0.2,2795,2324,21.3
2017-10-30,17768724,385189270,21.8,21.45,21.8,0.3,2918,2324,21.75
2017-10-31,32121607,712439477,22.35,21.7,22.2,0.4,6062,2324,21.8
2017-11-01,7478035,166228220,22.4,22.0,22.1,-0.1,2783,2324,22.25
2017-11-02,6891449,151329814,22.1,21.8,21.9,-0.2,2993,2324,22.1
2017-11-03,6304451,139152370,22.25,21.85,22.15,0.25,2455,2324,21.9
2017-11-06,5190908,114412902,22.2,21.8,22.2,0.05,1866,2324,22.15
2017-11-07,4969577,109326020,22.2,21.9,22.0,-0.2,2261,2324,22.2
2017-11-08,11834943,262971242,22.45,21.9,22.45,0.45,3471,2324,22.0
2017-11-09,14828499,330132550,22.4,22.1,22.25,-0.2,3680,2324,22.35
2017-11-10,26850608,577378814,22.1,21.2,21.35,-0.9,6717,2324,22.05
2017-11-13,10992892,234241334,21.6,21.15,21.25,-0.1,3565,2324,21.35
2017-11-14,13763411,289305731,21.25,20.85,21.0,-0.25,4331,2324,21.2
2017-11-15,9968473,208379918,21.1,20.8,20.85,-0.15,3202,2324,21.0
2017-11-16,10498030,219779298,21.1,20.85,20.85,0.0,2804,2324,20.85
2017-11-17,12050611,252279140,21.15,20.8,20.8,-0.05,2742,2324,21.05
2017-11-20,12338069,254435956,21.0,20.45,20.45,-0.35,3572,2324,21.0
2017-11-21,13636835,282486815,20.95,20.55,20.65,0.2,4437,2324,20.55
2017-11-22,8573792,178184106,20.85,20.7,20.8,0.15,2580,2324,20.8
2017-11-23,4981548,103499205,20.9,20.7,20.75,-0.05,1962,2324,20.9
2017-11-24,6851958,142766605,20.9,20.7,20.85,0.1,1361,2324,20.75
2017-11-27,4650826,96965704,20.95,20.8,20.9,0.05,1626,2324,20.8
2017-11-28,13592048,280775922,20.95,20.45,20.55,-0.35,3953,2324,20.9
2017-11-29,6039070,124551874,20.75,20.5,20.7,0.15,2004,2324,20.7
2017-11-30,24738011,512805162,20.8,20.5,20.75,0.05,2740,2324,20.8
2017-12-01,14610642,307104089,21.25,20.75,21.05,0.3,4265,2324,20.95
2017-12-04,6720446,141370316,21.2,20.8,21.0,-0.05,2518,2324,21.05
2017-12-05,6731678,141008956,21.15,20.8,20.95,-0.05,3101,2324,21.15
2017-12-06,6475055,134457074,21.05,20.6,20.7,-0.25,2417,2324,21.0
2017-12-07,9438719,194609627,20.8,20.5,20.65,-0.05,2557,2324,20.6
2017-12-08,9433735,196220085,21.0,20.6,20.95,0.3,2522,2324,21.0
2017-12-11,6243302,130793349,21.05,20.85,20.85,-0.1,1914,2324,21.0
2017-12-12,5243220,109397474,21.05,20.7,20.8,-0.05,1943,2324,20.9
2017-12-13,3299595,68681237,20.9,20.65,20.85,0.05,1516,2324,20.8
2017-12-14,5691625,119835876,21.15,20.85,21.05,0.2,2233,2324,20.95
2017-12-15,14757883,311390226,21.15,20.95,21.15,0.1,3132,2324,21.1
2017-12-18,5912464,124667094,21.2,20.95,21.05,-0.1,2495,2324,21.2
2017-12-19,10714874,222298328,21.1,20.6,20.65,-0.4,3177,2324,21.05
2017-12-20,6332787,132787369,21.15,20.75,21.05,0.4,2158,2324,20.85
2017-12-21,2278351,47741470,21.05,20.9,20.9,-0.15,818,2324,21.05
2017-12-22,4469126,94491489,21.25,20.9,21.25,0.35,1489,2324,20.9
2017-12-25,1490469,31594854,21.25,21.1,21.15,-0.1,612,2324,21.25
2017-12-26,1760935,37045080,21.25,20.95,20.95,-0.2,640,2324,21.15
2017-12-27,1599258,33607479,21.1,20.9,21.0,0.05,760,2324,20.95
2017-12-28,5424270,114661969,21.2,21.05,21.15,0.15,1859,2324,21.15
2017-12-29,8796945,187171515,21.3,21.15,21.3,0.15,1787,2324,21.25
2018-01-02,6065179,127960259,21.3,20.95,21.1,-0.2,2179,2324,21.3
2018-01-03,8964080,188550627,21.2,20.95,20.95,-0.15,3864,2324,21.1
2018-01-04,9839702,205288152,21.0,20.75,20.9,-0.05,4686,2324,20.95
2018-01-05,6418109,134897013,21.1,20.9,21.1,0.2,2508,2324,21.0
2018-01-08,6091436,128613424,21.25,21.0,21.25,0.15,2962,2324,21.15
2018-01-09,7215874,151138797,21.2,20.85,20.9,-0.35,3456,2324,21.2
2018-01-10,6785157,140702991,21.0,20.65,20.75,-0.15,2948,2324,21.0
2018-01-11,13687049,278658876,20.75,20.25,20.3,-0.45,5405,2324,20.75
2018-01-12,7729153,158720173,20.65,20.4,20.6,0.3,2998,2324,20.45
2018-01-15,6389273,130809706,20.7,20.3,20.45,-0.15,2916,2324,20.6
2018-01-16,5788177,118626708,20.6,20.35,20.6,0.15,2239,2324,20.4
2018-01-17,8554164,176661969,20.8,20.45,20.8,0.2,3444,2324,20.6
2018-01-18,5562645,115481675,20.9,20.65,20.8,0.0,3193,2324,20.8
2018-01-19,8365204,174718525,20.95,20.8,20.95,0.15,3630,2324,20.8
2018-01-22,7762885,160999379,20.95,20.6,20.8,-0.15,2964,2324,20.9
2018-01-23,6560463,136241386,20.85,20.65,20.85,0.05,2735,2324,20.8
2018-01-24,5650582,117302910,20.9,20.65,20.9,0.05,3058,2324,20.8
2018-01-25,34307343,735997263,21.8,20.95,21.8,0.9,9486,2324,20.95
2018-01-26,15328741,332405986,22.15,21.35,21.4,-0.4,5285,2324,22.15
2018-01-29,8037070,173780191,21.85,21.5,21.7,0.3,2585,2324,21.8
2018-01-30,8088431,173839833,21.7,21.3,21.35,-0.35,3424,2324,21.55
2018-01-31,12367764,267014337,21.75,21.2,21.7,0.35,4254,2324,21.25
2018-02-01,8476607,183062079,21.75,21.45,21.45,-0.25,4517,2324,21.6
2018-02-02,7138757,153006587,21.6,21.3,21.4,-0.05,2750,2324,21.3
2018-02-05,7848610,164524862,21.05,20.85,20.9,-0.5,2933,2324,21.0
2018-02-06,27352976,546603870,20.5,19.6,19.8,-1.1,8756,2324,20.5
2018-02-07,12131508,245861696,20.4,20.1,20.1,0.3,4401,2324,20.3
2018-02-08,9090430,182164880,20.25,19.95,19.95,-0.15,3541,2324,20.1
2018-02-09,10341173,204062610,19.95,19.55,19.85,-0.1,3813,2324,19.6
2018-02-12,7847986,155610654,20.05,19.75,19.75,-0.1,2773,2324,20.0
2018-02-21,11811391,237271364,20.25,19.95,20.2,0.45,4779,2324,20.25
2018-02-22,16395257,326000956,20.15,19.8,19.8,-0.4,4697,2324,20.1
2018-02-23,12719671,256438299,20.3,20.0,20.3,0.5,3967,2324,20.0
2018-02-26,6186384,125472543,20.5,20.1,20.15,-0.15,3137,2324,20.5
2018-02-27,11271143,227194158,20.45,20.05,20.1,-0.05,4208,2324,20.4
2018-03-01,10250878,206292219,20.25,19.9,20.25,0.15,4606,2324,20.1
2018-03-02,9914805,198059419,20.1,19.85,20.0,-0.25,4626,2324,19.95
2018-03-05,6795500,136587684,20.2,20.0,20.1,0.1,2315,2324,20.05
2018-03-06,6367638,128694523,20.4,20.15,20.2,0.1,2888,2324,20.35
2018-03-07,8240244,166944689,20.35,20.15,20.3,0.1,3335,2324,20.2
2018-03-08,5183460,105351921,20.4,20.25,20.35,0.05,2722,2324,20.35
2018-03-09,6942883,141638405,20.6,20.3,20.4,0.05,3087,2324,20.4
2018-03-12,7103719,146509101,20.75,20.5,20.65,0.25,2726,2324,20.6
2018-03-13,5480630,112833735,20.7,20.5,20.7,0.05,2530,2324,20.65
2018-03-14,6070397,125436631,20.85,20.55,20.8,0.1,2767,2324,20.65
2018-03-15,5667534,117171532,20.75,20.6,20.6,-0.2,1639,2324,20.75
2018-03-16,11612399,240597066,20.95,20.45,20.8,0.2,3390,2324,20.6
2018-03-19,5068145,105653762,20.95,20.75,20.95,0.15,1661,2324,20.9
2018-03-20,19842734,402183377,20.55,20.15,20.25,-0.7,5712,2324,20.55
2018-03-21,7777978,157674536,20.35,20.2,20.25,0.0,3248,2324,20.25
2018-03-22,8860107,179252698,20.4,20.15,20.15,-0.1,2967,2324,20.3
2018-03-23,11061147,219321190,19.9,19.65,19.9,-0.25,4093,2324,19.7
2018-03-26,4494314,89319144,19.95,19.8,19.95,0.05,1903,2324,19.85
2018-03-27,4934444,99094176,20.15,20.0,20.05,0.1,1740,2324,20.1
2018-03-28,3435336,68521820,20.0,19.9,19.95,-0.1,1618,2324,20.0
2018-03-29,6869804,136690937,20.05,19.85,19.85,-0.1,2650,2324,19.95
2018-03-30,7151305,142108985,20.0,19.8,19.8,-0.05,1973,2324,19.95
2018-03-31,1750795,34877398,19.95,19.85,19.95,0.15,586,2324,19.85
2018-04-02,2119324,42412780,20.1,19.95,20.0,0.05,1015,2324,19.95
2018-04-03,9802245,194524568,19.9,19.8,19.8,-0.2,3169,2324,19.85
2018-04-09,15430902,302427754,19.8,19.5,19.55,-0.25,5155,2324,19.8
2018-04-10,10742383,210220241,19.7,19.5,19.55,0.0,3668,2324,19.5
2018-04-11,5429432,106742160,19.75,19.6,19.65,0.1,2549,2324,19.6
2018-04-12,11087446,216699327,19.65,19.5,19.5,-0.15,3249,2324,19.6
2018-04-13,13478047,268520612,20.05,19.8,19.95,0.45,3644,2324,19.9
2018-04-16,7077203,139611011,19.95,19.65,19.7,-0.25,2527,2324,19.85
2018-04-17,8613143,168793896,19.7,19.5,19.6,-0.1,3143,2324,19.7
2018-04-18,5669810,111101468,19.7,19.55,19.55,-0.05,2298,2324,19.7
2018-04-19,8121142,160036942,19.8,19.6,19.8,0.25,3369,2324,19.7
2018-04-20,7347312,145443898,19.9,19.65,19.9,0.1,2534,2324,19.7
2018-04-23,5028531,99408704,19.9,19.65,19.8,-0.1,2087,2324,19.85
2018-04-24,9042541,177012363,19.75,19.5,19.55,-0.25,3883,2324,19.7
2018-04-25,5728358,112087139,19.65,19.4,19.65,0.1,1980,2324,19.5
2018-04-26,12264616,239949265,19.7,19.5,19.55,-0.1,3529,2324,19.7
2018-04-27,11125314,216685060,19.7,19.4,19.45,-0.1,3648,2324,19.55
2018-04-30,13526144,263102081,19.6,19.4,19.4,-0.05,4314,2324,19.5
2018-05-02,7564452,147716795,19.6,19.4,19.6,0.2,3566,2324,19.4
2018-05-03,9473112,182948094,19.5,19.25,19.25,-0.35,4007,2324,19.4
2018-05-04,4793593,92317728,19.4,19.2,19.2,-0.05,2377,2324,19.25
2018-05-07,4923466,94396130,19.35,19.1,19.15,-0.05,2075,2324,19.3
2018-05-08,5864269,113380382,19.45,19.15,19.35,0.2,1893,2324,19.15
2018-05-09,7360427,142272594,19.45,19.2,19.35,0.0,2510,2324,19.3
2018-05-10,31140749,616844603,20.0,19.6,19.8,0.45,5599,2324,19.65
2018-05-11,15883892,319477899,20.25,19.9,20.2,0.4,4446,2324,19.95
2018-05-14,6710075,135120542,20.2,20.0,20.15,-0.05,2998,2324,20.2
2018-05-15,7841571,156095463,20.05,19.8,19.95,-0.2,2936,2324,19.95
2018-05-16,4944645,98606753,20.05,19.8,20.05,0.1,2150,2324,19.85
2018-05-17,5584286,111475610,20.1,19.85,19.85,-0.2,1986,2324,20.1
2018-05-18,3691829,73520092,20.05,19.85,19.85,0.0,1558,2324,19.9
2018-05-21,4043807,80527147,20.05,19.8,19.9,0.05,1309,2324,19.8
2018-05-22,4591884,91243683,19.95,19.8,19.85,-0.05,1706,2324,19.85
2018-05-23,4830936,95780110,19.95,19.8,19.8,-0.05,2441,2324,19.85
2018-05-24,3944513,78076512,19.9,19.75,19.8,0.0,1593,2324,19.85
2018-05-25,4325054,85834612,19.95,19.8,19.8,0.0,1820,2324,19.8
2018-05-28,3015656,60059112,20.0,19.8,19.95,0.15,1406,2324,19.85
2018-05-29,6427423,128865560,20.15,19.9,20.05,0.1,2097,2324,19.95
2018-05-30,7345141,145490935,19.95,19.7,19.75,-0.3,3417,2324,19.9
2018-05-31,21382378,421729700,19.9,19.7,19.7,-0.05,2896,2324,19.85
2018-06-01,5567618,110380618,19.9,19.7,19.8,0.1,1853,2324,19.75
2018-06-04,13195994,261521357,19.9,19.7,19.75,-0.05,3873,2324,19.85
2018-06-05,9389944,185823121,19.85,19.7,19.8,0.05,3201,2324,19.8
2018-06-06,11311977,225459720,20.0,19.75,20.0,0.2,3745,2324,19.8
2018-06-07,8741655,175316300,20.15,19.95,20.1,0.1,2756,2324,20.15
2018-06-08,7352244,146798985,20.1,19.9,19.95,-0.15,2383,2324,20.05
2018-06-11,8256826,165271159,20.1,19.95,19.95,0.0,2297,2324,20.1
2018-06-12,8284835,164400038,19.95,19.8,19.8,-0.15,3159,2324,19.9
2018-06-13,6576062,130204003,19.9,19.75,19.8,0.0,2824,2324,19.8
2018-06-14,11252779,221544267,19.8,19.6,19.6,-0.2,4608,2324,19.75
2018-06-15,39261398,774655760,19.85,19.5,19.85,0.25,6850,2324,19.65
2018-06-19,18587243,363809650,19.75,19.5,19.6,-0.25,5792,2324,19.55
2018-06-20,13076581,255319872,19.65,19.45,19.55,-0.05,4492,2324,19.6
2018-06-21,8676226,169074651,19.6,19.45,19.45,-0.1,3182,2324,19.5
2018-06-22,12410990,239124690,19.45,19.2,19.25,-0.2,4128,2324,19.4
2018-06-25,12438761,239046392,19.35,19.15,19.2,-0.05,4437,2324,19.35
2018-06-26,9554685,183362009,19.25,19.1,19.25,0.05,2803,2324,19.2
2018-06-27,9997554,191466440,19.3,19.1,19.1,-0.15,4174,2324,19.3
2018-06-28,12667671,240509099,19.1,18.95,18.95,-0.15,4147,2324,19.0
2018-06-29,8532295,163017498,19.2,19.0,19.2,0.25,2454,2324,19.0
2018-07-02,6299869,120597640,19.35,19.0,19.0,-0.2,2733,2324,19.25
2018-07-03,6047999,114823766,19.15,18.9,18.95,-0.05,2352,2324,19.05
2018-07-04,2825171,53733399,19.1,18.95,19.1,0.15,1102,2324,19.0
2018-07-05,5975885,113449715,19.15,18.9,18.9,-0.2,2185,2324,19.15
2018-07-06,8271320,155718085,18.95,18.75,18.8,-0.1,3106,2324,18.9
2018-07-09,5898399,111888633,19.05,18.85,19.0,0.2,1838,2324,18.95
2018-07-10,10071544,193723596,19.35,19.15,19.25,0.25,2610,2324,19.25
2018-07-11,5642424,108293169,19.25,19.1,19.25,0.0,1783,2324,19.2
2018-07-12,9105300,175842742,19.4,19.2,19.3,0.05,1997,2324,19.25
2018-07-13,11083265,215562210,19.55,19.35,19.4,0.1,2463,2324,19.4
2018-07-16,10285162,200804303,19.6,19.45,19.5,0.1,2655,2324,19.5
2018-07-17,18881572,370866699,19.8,19.55,19.65,0.15,4476,2324,19.55
2018-07-18,8278704,163332876,19.8,19.65,19.8,0.15,2872,2324,19.75
2018-07-19,10376133,205945029,19.9,19.75,19.85,0.05,2722,2324,19.8
2018-07-20,17423490,346010405,19.95,19.75,19.85,0.0,3573,2324,19.85
2018-07-23,17932742,340083298,19.05,18.9,18.95,0.0,5448,2324,19.0
2018-07-24,8141766,154266304,19.05,18.9,19.0,0.05,2555,2324,19.0
2018-07-25,4426320,83843280,19.05,18.9,18.9,-0.1,1687,2324,19.0
2018-07-26,8153251,153771930,19.0,18.75,18.95,0.05,2415,2324,19.0
2018-07-27,9120872,171877464,18.9,18.8,18.85,-0.1,3266,2324,18.85
2018-07-30,9808496,184904611,18.9,18.8,18.9,0.05,2555,2324,18.85
2018-07-31,11982735,227018367,19.0,18.85,19.0,0.1,2433,2324,18.9
2018-08-01,10468760,200438364,19.3,19.05,19.15,0.15,3060,2324,19.05
2018-08-02,8758982,166736448,19.2,18.95,19.0,-0.15,1992,2324,19.2
2018-08-03,4962112,94331278,19.1,18.95,19.0,0.0,1502,2324,19.1
2018-08-06,4412509,83923633,19.1,18.95,19.05,0.05,1659,2324,19.05
2018-08-07,0,0,,,,0.0,0,2324,
2018-08-08,13099445,250802025,19.25,19.05,19.15,0.0,4310,2324,19.15
2018-08-09,7887313,149588547,19.15,18.9,19.0,-0.15,2357,2324,19.15
2018-08-10,10134194,192013455,19.1,18.85,18.9,-0.1,3160,2324,19.0
2018-08-13,10359056,194768440,18.95,18.7,18.75,-0.15,2790,2324,18.9
2018-08-14,3759303,70892712,18.95,18.75,18.9,0.15,1553,2324,18.8
2018-08-15,5373342,100899317,18.9,18.7,18.75,-0.15,2010,2324,18.9
2018-08-16,5081897,95143291,18.85,18.6,18.85,0.1,1644,2324,18.7
2018-08-17,5972552,112571582,18.9,18.8,18.85,0.0,2322,2324,18.85
2018-08-20,6782507,127111371,18.9,18.6,18.6,-0.25,2823,2324,18.9
2018-08-21,7748362,144514257,18.75,18.6,18.7,0.1,2625,2324,18.65
2018-08-22,6583548,122900311,18.75,18.6,18.65,-0.05,2027,2324,18.7
2018-08-23,10511419,195467969,18.7,18.55,18.65,0.0,2857,2324,18.65
2018-08-24,26575500,504791158,19.1,18.85,19.05,0.4,5948,2324,18.85
2018-08-27,8927067,171123661,19.35,19.05,19.15,0.1,2672,2324,19.3
2018-08-28,9601932,183979233,19.3,19.1,19.2,0.05,3777,2324,19.25
2018-08-29,6888673,131772024,19.2,19.05,19.2,0.0,2218,2324,19.2
2018-08-30,6225246,118896733,19.2,19.05,19.1,-0.1,1987,2324,19.2
2018-08-31,8567686,164336518,19.25,19.05,19.25,0.15,1649,2324,19.1
2018-09-03,5670534,109170064,19.35,19.2,19.25,0.0,1896,2324,19.25
2018-09-04,4860932,93719223,19.35,19.2,19.3,0.05,1472,2324,19.25
2018-09-05,6851275,131037818,19.3,19.0,19.0,-0.3,2396,2324,19.25
2018-09-06,3272892,62311230,19.1,19.0,19.05,0.05,1186,2324,19.0
2018-09-07,6921927,130955697,19.05,18.8,18.95,-0.1,3028,2324,18.95
2018-09-10,7184230,134412653,18.9,18.6,18.65,-0.3,2290,2324,18.9
2018-09-11,2585068,48455223,18.8,18.65,18.75,0.1,947,2324,18.65
2018-09-12,5795963,108466292,18.8,18.65,18.75,0.0,2426,2324,18.7
2018-09-13,6216338,116747554,18.85,18.65,18.8,0.05,1386,2324,18.75
2018-09-14,6692276,126037594,18.95,18.75,18.85,0.05,2124,2324,18.8
2018-09-17,2944829,55544056,18.95,18.8,18.9,0.05,1308,2324,18.95
2018-09-18,6914382,130191233,18.95,18.65,18.85,-0.05,1966,2324,18.85
2018-09-19,6505497,123204690,19.0,18.85,18.95,0.1,2711,2324,18.9
2018-09-20,6712523,126715721,19.0,18.8,18.9,-0.05,1766,2324,18.95
2018-09-21,16108768,301856013,18.95,18.65,18.8,-0.1,3461,2324,18.9
2018-09-25,7038416,131815712,18.8,18.65,18.7,-0.1,1695,2324,18.8
2018-09-26,5908047,110600964,18.8,18.65,18.75,0.05,1514,2324,18.8
2018-09-27,6304013,119136229,19.0,18.75,19.0,0.25,2374,2324,18.8
2018-09-28,7967364,150992189,19.0,18.9,18.95,-0.05,2000,2324,18.95
2018-10-01,6287454,119611976,19.1,18.95,19.05,0.1,2155,2324,19.0
2018-10-02,6045783,113926944,19.05,18.8,18.85,-0.2,3073,2324,19.0
2018-10-03,2867174,54209211,18.95,18.85,18.9,0.05,1233,2324,18.9
2018-10-04,9249808,172590685,18.8,18.6,18.6,-0.3,3292,2324,18.8
2018-10-05,10473045,193836970,18.7,18.3,18.5,-0.1,3477,2324,18.65
2018-10-08,6535179,121379128,18.7,18.45,18.55,0.05,2005,2324,18.5
2018-10-09,8603878,158955734,18.55,18.4,18.45,-0.1,3479,2324,18.55
2018-10-11,27957058,492401601,17.95,17.4,17.45,-1.0,9078,2324,17.95
2018-10-12,10817583,188612360,17.7,17.15,17.65,0.2,3913,2324,17.25
2018-10-15,10873158,189490503,17.55,17.35,17.4,-0.25,3489,2324,17.5
2018-10-16,7316827,127682914,17.6,17.35,17.35,-0.05,2456,2324,17.45
2018-10-17,6165249,108028961,17.6,17.45,17.45,0.1,1948,2324,17.55
2018-10-18,12950911,223046189,17.3,17.1,17.2,-0.25,4002,2324,17.25
2018-10-19,12500377,214090943,17.2,17.05,17.15,-0.05,3426,2324,17.1
2018-10-22,7237541,124256422,17.35,17.1,17.1,-0.05,1991,2324,17.15
2018-10-23,14377619,245743425,17.2,17.05,17.05,-0.05,3006,2324,17.1
2018-10-24,10225989,173906600,17.15,16.9,17.0,-0.05,4286,2324,17.1
2018-10-25,7702414,129301000,16.9,16.65,16.85,-0.15,2752,2324,16.75
2018-10-26,9850713,165472168,17.05,16.7,16.75,-0.1,3219,2324,16.85
2018-10-29,4723723,79321143,16.9,16.65,16.9,0.15,1491,2324,16.8
2018-10-30,4393531,73953030,16.9,16.75,16.85,-0.05,1584,2324,16.8
2018-10-31,8698763,148143177,17.1,16.9,17.05,0.2,2312,2324,16.9
2018-11-01,7968463,136563900,17.25,16.95,17.2,0.15,2132,2324,17.0
2018-11-02,5367639,92845526,17.35,17.2,17.35,0.15,1630,2324,17.3
2018-11-05,5359135,92927737,17.5,17.2,17.5,0.15,1631,2324,17.3
2018-11-06,5495254,96084889,17.6,17.4,17.45,-0.05,1737,2324,17.55
2018-11-07,7571908,134193594,17.85,17.5,17.85,0.4,2959,2324,17.55
2018-11-08,6227154,111177398,18.05,17.75,17.8,-0.05,2437,2324,18.05
2018-11-09,7692869,134183951,17.7,17.3,17.45,-0.35,2585,2324,17.65
2018-11-12,6266547,110070939,17.7,17.45,17.55,0.1,1842,2324,17.5
2018-11-13,5230795,90806007,17.5,17.2,17.45,-0.1,2034,2324,17.3
2018-11-14,6889426,119525751,17.55,17.25,17.35,-0.1,2456,2324,17.5
2018-11-15,6014068,105507140,17.7,17.35,17.6,0.25,1748,2324,17.4
2018-11-16,7173479,126826444,17.75,17.6,17.7,0.1,2424,2324,17.75
2018-11-19,8200545,145109037,17.8,17.6,17.7,0.0,2482,2324,17.65
2018-11-20,7324441,128561252,17.65,17.4,17.5,-0.2,2382,2324,17.65
2018-11-21,6377436,111556242,17.6,17.35,17.45,-0.05,2367,2324,17.4
2018-11-22,3779943,65964094,17.55,17.4,17.4,-0.05,1504,2324,17.5
2018-11-23,5699127,99533262,17.6,17.3,17.5,0.1,2127,2324,17.4
2018-11-26,6192253,108498135,17.7,17.4,17.45,-0.05,2201,2324,17.55
2018-11-27,10871292,190779841,17.7,17.35,17.65,0.2,3228,2324,17.5
2018-11-28,9383993,165270216,17.7,17.5,17.7,0.05,2688,2324,17.65
2018-11-29,9733019,171666425,17.8,17.5,17.5,-0.2,3333,2324,17.8
2018-11-30,19397923,341770823,17.75,17.55,17.6,0.1,2759,2324,17.6
2018-12-03,10498932,187612993,18.0,17.7,17.9,0.3,3172,2324,17.8
2018-12-04,9399270,168688758,18.05,17.85,17.9,0.0,2638,2324,17.95
2018-12-05,7570628,134669255,17.85,17.7,17.8,-0.1,2730,2324,17.8
2018-12-06,16139117,282358485,17.75,17.4,17.55,-0.25,4901,2324,17.75
2018-12-07,5327907,93301405,17.55,17.4,17.55,0.0,2621,2324,17.55
2018-12-10,14706361,255477172,17.5,17.3,17.3,-0.25,4879,2324,17.4
2018-12-11,7161268,124546407,17.5,17.3,17.35,0.05,2460,2324,17.45
2018-12-12,9437649,165127370,17.55,17.4,17.55,0.2,2815,2324,17.5
2018-12-13,8144815,143910301,17.8,17.5,17.8,0.25,3094,2324,17.55
2018-12-14,7184582,126433593,17.8,17.5,17.6,-0.2,3031,2324,17.8
2018-12-17,5318574,93442189,17.7,17.5,17.5,-0.1,2125,2324,17.65
2018-12-18,7588673,132701668,17.55,17.4,17.5,0.0,3786,2324,17.4
2018-12-19,7432925,130855868,17.65,17.45,17.65,0.15,2847,2324,17.65
2018-12-20,6386215,112094235,17.65,17.45,17.45,-0.2,2377,2324,17.55
2018-12-21,10370111,180606223,17.55,17.4,17.4,-0.05,2621,2324,17.4
2018-12-22,895511,15609388,17.5,17.4,17.4,0.0,394,2324,17.4
2018-12-24,4654548,81667159,17.65,17.35,17.65,0.25,1194,2324,17.4
2018-12-25,4692490,81998617,17.6,17.35,17.6,-0.05,1290,2324,17.35
2018-12-26,4442905,77772770,17.6,17.4,17.5,-0.1,1186,2324,17.55
2018-12-27,5848604,102633689,17.65,17.45,17.5,0.0,2272,2324,17.6
2018-12-28,5040043,88126937,17.6,17.45,17.45,-0.05,1791,2324,17.5
2019-01-02,7317901,128272461,17.65,17.45,17.45,0.0,2292,2324,17.55
2019-01-03,7711134,134051425,17.5,17.3,17.4,-0.05,2785,2324,17.45
2019-01-04,11306536,193936533,17.3,17.05,17.1,-0.3,3896,2324,17.3
2019-01-07,10516137,182246924,17.45,17.2,17.45,0.35,3346,2324,17.3
2019-01-08,4302045,74649671,17.45,17.3,17.35,-0.1,1630,2324,17.45
2019-01-09,12829788,225164148,17.65,17.4,17.6,0.25,4152,2324,17.45
2019-01-10,9769109,171001401,17.6,17.4,17.55,-0.05,2917,2324,17.6
2019-01-11,7825127,137529262,17.65,17.5,17.6,0.05,3116,2324,17.55
2019-01-14,5632853,98782789,17.65,17.45,17.55,-0.05,1441,2324,17.6
2019-01-15,8626894,151202010,17.6,17.45,17.5,-0.05,2491,2324,17.6
2019-01-16,9834732,172283955,17.55,17.45,17.5,0.0,3295,2324,17.5
2019-01-17,10532674,184732116,17.6,17.5,17.5,0.0,2825,2324,17.6
2019-01-18,7443508,130645624,17.6,17.5,17.55,0.05,2700,2324,17.55
2019-01-21,9364666,165089464,17.7,17.55,17.65,0.1,2933,2324,17.6
2019-01-22,6783844,119756152,17.7,17.6,17.65,0.0,2846,2324,17.65
2019-01-23,5895461,103527016,17.65,17.5,17.6,-0.05,1887,2324,17.65
2019-01-24,3440859,60640823,17.65,17.55,17.65,0.05,1584,2324,17.6
2019-01-25,17686865,314593293,17.9,17.65,17.8,0.15,3972,2324,17.7
2019-01-28,20677414,371992017,18.1,17.85,18.1,0.3,5363,2324,17.9
2019-01-29,12036894,216987821,18.15,17.95,18.1,0.0,2842,2324,18.15
2019-01-30,15475885,281437690,18.25,18.1,18.2,0.1,4090,2324,18.15
2019-02-11,20281205,374064375,18.55,18.35,18.5,0.3,5855,2324,18.45
2019-02-12,12475374,230203412,18.6,18.35,18.45,-0.05,3189,2324,18.6
2019-02-13,11852685,217086638,18.5,18.2,18.35,-0.1,3545,2324,18.5
2019-02-14,7321406,133359769,18.3,18.15,18.15,-0.2,2955,2324,18.25
2019-02-15,9624473,174759567,18.3,18.1,18.1,-0.05,3132,2324,18.25
2019-02-18,5324884,97121572,18.3,18.2,18.2,0.1,1740,2324,18.2
2019-02-19,4390681,80272144,18.35,18.2,18.3,0.1,1611,2324,18.3
2019-02-20,11534518,210671294,18.4,18.15,18.3,0.0,3220,2324,18.35
2019-02-21,6411307,117258211,18.35,18.25,18.3,0.0,2434,2324,18.3
2019-02-22,6148378,112447365,18.35,18.2,18.35,0.05,2094,2324,18.3
2019-02-25,8277619,152252899,18.45,18.3,18.45,0.1,2320,2324,18.4
2019-02-26,27010996,506679583,18.9,18.5,18.8,0.35,7340,2324,18.55
2019-02-27,25290615,481295661,19.1,18.9,19.1,0.3,6533,2324,18.95
2019-03-04,16784435,318055865,19.05,18.8,18.95,-0.15,4501,2324,18.95
2019-03-05,8562962,161762862,18.95,18.8,18.9,-0.05,2128,2324,18.9
2019-03-06,9588667,181758173,19.0,18.85,19.0,0.1,2275,2324,18.9
2019-03-07,9089761,173072859,19.1,18.95,19.0,0.0,2556,2324,19.0
2019-03-08,9608949,181033681,18.95,18.75,18.9,-0.1,2839,2324,18.95
2019-03-11,7393030,138931129,18.9,18.75,18.75,-0.15,2873,2324,18.9
2019-03-12,8562669,161043840,18.9,18.75,18.8,0.05,2124,2324,18.85
2019-03-13,7892134,148898889,18.9,18.8,18.9,0.1,1923,2324,18.85
2019-03-14,5910267,111316600,18.95,18.8,18.8,-0.1,2009,2324,18.9
2019-03-15,18373427,344875351,18.9,18.75,18.75,-0.05,2675,2324,18.8
2019-03-18,6721982,127208039,19.0,18.8,19.0,0.25,2525,2324,18.8
2019-03-19,9244121,175822849,19.1,18.95,19.0,0.0,3185,2324,19.1
2019-03-20,8750178,166014732,19.05,18.9,19.0,0.0,1816,2324,19.0
2019-03-21,4107265,78077678,19.05,18.95,19.0,0.0,1586,2324,19.05
2019-03-22,8291931,158054789,19.1,19.0,19.1,0.1,2362,2324,19.05
2019-03-25,19424078,364379379,18.85,18.65,18.85,-0.25,6084,2324,18.85
2019-03-26,8187373,154678234,19.0,18.8,18.9,0.05,2580,2324,18.9
2019-03-27,9425340,179171910,19.1,18.95,19.0,0.1,2940,2324,19.0
2019-03-28,5500239,104280941,19.0,18.9,19.0,0.0,1799,2324,19.0
2019-03-29,14751312,281334030,19.15,18.9,19.15,0.15,2707,2324,19.0
2019-04-01,8664779,165331457,19.15,19.05,19.05,-0.1,2538,2324,19.15
2019-04-02,6110541,116595129,19.15,19.05,19.1,0.05,2423,2324,19.1
2019-04-03,11353830,216991170,19.15,19.05,19.15,0.05,2719,2324,19.15
2019-04-08,16792732,325919876,19.55,19.2,19.5,0.35,5139,2324,19.25
2019-04-09,7081939,137581946,19.5,19.35,19.5,0.0,2594,2324,19.5
2019-04-10,10808860,210878868,19.6,19.4,19.55,0.05,3678,2324,19.45
2019-04-11,10257416,199461142,19.65,19.35,19.35,-0.2,3175,2324,19.6
2019-04-12,6148908,118627661,19.45,19.2,19.25,-0.1,2371,2324,19.45
2019-04-15,12583505,244003801,19.5,19.3,19.45,0.2,2899,2324,19.45
2019-04-16,11409594,220740252,19.45,19.3,19.35,-0.1,2683,2324,19.45
2019-04-17,17216979,335160969,19.55,19.4,19.5,0.15,4077,2324,19.4
2019-04-18,15600005,305538380,19.7,19.45,19.6,0.1,3656,2324,19.6
2019-04-19,9460777,185791414,19.7,19.55,19.6,0.0,2768,2324,19.65
2019-04-22,8269741,163251968,19.8,19.7,19.7,0.1,2711,2324,19.75
2019-04-23,9327595,182930285,19.7,19.5,19.7,0.0,2249,2324,19.7
2019-04-24,10706700,212275668,19.9,19.75,19.85,0.15,3661,2324,19.85
2019-04-25,5622391,111297291,19.9,19.75,19.8,-0.05,1782,2324,19.85
2019-04-26,7573526,149866303,19.9,19.7,19.85,0.05,2137,2324,19.75
2019-04-29,9110797,180930152,19.9,19.8,19.9,0.05,2269,2324,19.9
2019-04-30,9731788,193506364,19.95,19.7,19.95,0.05,2112,2324,19.9
2019-05-02,5242738,104538917,20.0,19.9,19.9,-0.05,1989,2324,19.95
2019-05-03,5919930,118299100,20.0,19.9,20.0,0.1,2161,2324,19.9
2019-05-06,15794477,310195487,19.85,19.5,19.6,-0.4,4554,2324,19.85
2019-05-07,8607548,170311141,19.9,19.6,19.9,0.3,2729,2324,19.7
2019-05-08,7233358,142353569,19.75,19.6,19.65,-0.25,2500,2324,19.65
2019-05-09,10409829,203070210,19.7,19.35,19.35,-0.3,3641,2324,19.65
2019-05-10,12534319,244505508,19.65,19.35,19.5,0.15,3313,2324,19.4
2019-05-13,12459782,240169884,19.5,19.15,19.2,-0.3,3315,2324,19.4
2019-05-14,18422559,347936424,19.15,18.65,19.1,-0.1,5336,2324,18.85
2019-05-15,12605935,237886965,19.05,18.8,18.85,-0.25,3907,2324,19.05
2019-05-16,7460839,140460775,18.9,18.7,18.75,-0.1,2724,2324,18.85
2019-05-17,9738195,183396156,18.9,18.75,18.8,0.05,3772,2324,18.75
2019-05-20,5885539,110876968,18.95,18.75,18.85,0.05,2061,2324,18.8
2019-05-21,7909823,150052737,19.05,18.8,18.95,0.1,2236,2324,18.85
2019-05-22,3945311,74824510,19.05,18.85,18.95,0.0,1557,2324,18.95
2019-05-23,9418024,178808046,19.05,18.9,19.0,0.05,2006,2324,19.0
2019-05-24,4161904,79084476,19.05,18.95,19.0,0.0,1416,2324,19.05
2019-05-27,3702798,70535181,19.1,19.0,19.05,0.05,1307,2324,19.05
2019-05-28,22983696,438097098,19.2,19.05,19.05,0.0,2193,2324,19.1
2019-05-29,7099764,135384965,19.15,19.0,19.15,0.1,2426,2324,19.05
2019-05-30,8937715,172179798,19.4,19.1,19.4,0.25,2629,2324,19.15
2019-05-31,15923051,311509221,19.65,19.35,19.65,0.25,3685,2324,19.4
2019-06-03,6660368,129672872,19.55,19.35,19.45,-0.2,2182,2324,19.5
2019-06-04,6487147,126560506,19.6,19.45,19.5,0.05,1989,2324,19.45
2019-06-05,7596522,149190257,19.7,19.55,19.6,0.1,2079,2324,19.6
2019-06-06,5998553,117409367,19.65,19.5,19.6,0.0,1835,2324,19.6
2019-06-10,15604719,309404619,19.95,19.7,19.85,0.25,3638,2324,19.85
2019-06-11,10111747,201272978,19.95,19.85,19.95,0.1,2301,2324,19.95
2019-06-12,4663026,92688848,19.95,19.85,19.85,-0.1,1511,2324,19.95
2019-06-13,4736424,93919600,19.9,19.75,19.9,0.05,1418,2324,19.8
2019-06-14,3879409,77075932,19.9,19.8,19.85,-0.05,1811,2324,19.9
2019-06-17,5896660,116914448,19.9,19.8,19.8,-0.05,1895,2324,19.85
2019-06-18,5588598,111120606,19.95,19.8,19.9,0.1,1960,2324,19.9
2019-06-19,13890750,277416700,20.0,19.9,20.0,0.1,4936,2324,19.95
2019-06-20,15172614,304576933,20.2,20.0,20.0,0.0,4776,2324,20.0
2019-06-21,20437704,412309000,20.25,20.05,20.15,0.15,4062,2324,20.1
2019-06-24,9575534,193210429,20.25,20.1,20.15,0.0,2408,2324,20.15
2019-06-25,7680731,153869520,20.2,19.95,20.0,-0.15,1832,2324,20.15
2019-06-26,5481669,110093816,20.2,20.0,20.2,0.2,1764,2324,20.05
2019-06-27,12676272,256786780,20.3,20.2,20.25,0.05,3176,2324,20.25
2019-06-28,9032425,183535808,20.35,20.2,20.35,0.1,2569,2324,20.35
2019-07-01,11612767,238696613,20.65,20.45,20.5,0.15,3912,2324,20.45
2019-07-02,5933216,121912821,20.6,20.5,20.6,0.1,2086,2324,20.5
2019-07-03,6921261,141705166,20.6,20.4,20.45,-0.15,2451,2324,20.6
2019-07-04,4968173,101806934,20.55,20.45,20.55,0.1,2116,2324,20.5
2019-07-05,4763402,97596331,20.55,20.45,20.5,-0.05,1885,2324,20.55
2019-07-08,8470642,172152269,20.5,20.2,20.3,-0.2,2594,2324,20.5
2019-07-09,8606480,174363807,20.3,20.15,20.3,0.0,2483,2324,20.3
2019-07-10,11654115,236059323,20.35,20.15,20.25,-0.05,3419,2324,20.3
2019-07-11,8821838,179643166,20.45,20.3,20.35,0.1,2911,2324,20.3
2019-07-12,17987060,367876594,20.5,20.35,20.45,0.1,5020,2324,20.35
2019-07-15,15980266,309528696,19.45,19.3,19.45,0.0,4846,2324,19.35
2019-07-16,8039889,156587326,19.6,19.4,19.5,0.05,2990,2324,19.6
2019-07-17,6753661,130592647,19.45,19.3,19.3,-0.2,2429,2324,19.45
2019-07-18,5038746,97219023,19.35,19.2,19.3,0.0,1933,2324,19.3
2019-07-19,9508087,183245661,19.4,19.15,19.2,-0.1,2514,2324,19.3
2019-07-22,8550436,162957313,19.25,18.95,19.05,-0.15,2966,2324,19.2
2019-07-23,9518367,182876464,19.25,19.15,19.25,0.2,2370,2324,19.25
2019-07-24,9095457,175365895,19.35,19.2,19.3,0.05,2485,2324,19.3
2019-07-25,8551231,165618317,19.45,19.25,19.45,0.15,2210,2324,19.35
2019-07-26,8681337,166803750,19.4,19.15,19.15,-0.3,2726,2324,19.4
2019-07-29,4318527,82700734,19.25,19.05,19.25,0.1,1739,2324,19.1
2019-07-30,4711460,90542796,19.35,19.15,19.25,0.0,1545,2324,19.3
2019-07-31,10494390,200334932,19.25,19.0,19.1,-0.15,3070,2324,19.25
2019-08-01,10554758,200470102,19.05,18.95,18.95,-0.15,3907,2324,19.0
2019-08-02,13456882,253474263,19.0,18.75,18.85,-0.1,5088,2324,18.85
2019-08-05,10112832,188568282,18.75,18.6,18.6,-0.25,3565,2324,18.7
2019-08-06,11768055,216244145,18.55,18.2,18.55,-0.05,3603,2324,18.3
2019-08-07,10256542,189725723,18.6,18.35,18.5,-0.05,3543,2324,18.6
2019-08-08,5075574,94313421,18.65,18.5,18.6,0.1,1756,2324,18.5
2019-08-12,5024075,92909378,18.65,18.4,18.55,-0.05,1644,2324,18.4
2019-08-13,6476153,119255173,18.55,18.35,18.45,-0.1,2284,2324,18.5
2019-08-14,19384761,355331956,18.6,18.15,18.15,-0.3,5790,2324,18.55
2019-08-15,30247603,537624012,18.0,17.65,17.65,-0.5,10678,2324,18.0
2019-08-16,18426968,327990479,18.0,17.6,17.85,0.2,8385,2324,17.65
2019-08-19,12816825,229237050,18.1,17.8,17.8,-0.05,5567,2324,18.0
2019-08-20,14166264,251862438,17.9,17.65,17.65,-0.15,6110,2324,17.8
2019-08-21,17254995,304459966,17.8,17.55,17.55,-0.1,7176,2324,17.7
2019-08-22,20170954,352831173,17.7,17.4,17.5,-0.05,7164,2324,17.6
2019-08-23,6969138,122923499,17.75,17.5,17.7,0.2,2977,2324,17.5
2019-08-26,9415917,164789922,17.55,17.4,17.5,-0.2,3425,2324,17.5
2019-08-27,17687583,311450324,17.7,17.55,17.6,0.1,4364,2324,17.65
2019-08-28,8232760,145007881,17.7,17.55,17.65,0.05,3110,2324,17.6
2019-08-29,10829259,191447061,17.8,17.6,17.8,0.15,3252,2324,17.7
2019-08-30,15530995,278063510,17.95,17.8,17.95,0.15,3988,2324,17.8
2019-09-02,13316526,240018900,18.1,17.9,18.05,0.1,3062,2324,18.0
2019-09-03,7007616,126228838,18.15,17.9,17.9,-0.15,2874,2324,18.05
2019-09-04,10179627,182326086,18.1,17.85,18.0,0.1,3377,2324,18.0
2019-09-05,13462272,244288460,18.3,18.05,18.1,0.1,4000,2324,18.2
2019-09-06,10477111,190453112,18.25,18.05,18.2,0.1,3874,2324,18.15
2019-09-09,7434562,135258338,18.3,18.1,18.25,0.05,2872,2324,18.25
2019-09-10,14103376,255153373,18.25,18.0,18.1,-0.15,3446,2324,18.2
2019-09-11,7728276,140251395,18.2,18.1,18.2,0.1,2535,2324,18.1
2019-09-12,12370718,226745435,18.45,18.25,18.4,0.2,3327,2324,18.3
2019-09-16,8256894,151037578,18.4,18.2,18.35,-0.05,2764,2324,18.4
2019-09-17,6452574,117882580,18.35,18.2,18.3,-0.05,2103,2324,18.35
2019-09-18,7674084,140578417,18.4,18.25,18.3,0.0,3736,2324,18.35
2019-09-19,4568628,83131564,18.3,18.15,18.2,-0.1,2348,2324,18.3
2019-09-20,15042283,271835553,18.2,18.05,18.05,-0.15,3584,2324,18.15
2019-09-23,7716548,139693971,18.2,18.0,18.15,0.1,3050,2324,18.0
2019-09-24,12286872,225074470,18.4,18.2,18.3,0.15,3844,2324,18.25
2019-09-25,7360445,133714739,18.3,18.1,18.1,-0.2,3419,2324,18.2
2019-09-26,6673513,120944269,18.25,18.05,18.05,-0.05,2598,2324,18.2
2019-09-27,7846027,141003586,18.1,17.9,17.9,-0.15,2906,2324,18.05
2019-10-01,5910040,106897050,18.2,18.0,18.1,0.2,2566,2324,18.2
2019-10-02,6147146,110328728,18.05,17.9,17.95,-0.15,2989,2324,18.05
2019-10-03,7904032,140895928,17.9,17.7,17.9,-0.05,3158,2324,17.85
2019-10-04,5155550,92152481,17.9,17.85,17.9,0.0,2354,2324,17.9
2019-10-07,11056814,196760705,17.9,17.75,17.8,-0.1,3746,2324,17.8
2019-10-08,9333644,167026874,18.0,17.8,17.85,0.05,3077,2324,17.8
2019-10-09,11291392,200452011,17.85,17.7,17.7,-0.15,3547,2324,17.85
2019-10-14,8724235,156252792,18.0,17.85,17.9,0.2,3826,2324,18.0
2019-10-15,11278298,200716513,17.9,17.75,17.8,-0.1,3724,2324,17.85
2019-10-16,14688850,261953199,17.9,17.75,17.85,0.05,4269,2324,17.85
2019-10-17,18027133,320836662,17.9,17.7,17.9,0.05,4897,2324,17.9
2019-10-18,10171553,182627709,18.1,17.85,17.9,0.0,3648,2324,17.9
2019-10-21,8164237,147283816,18.1,17.9,18.1,0.2,3352,2324,17.9
2019-10-22,14270742,259376097,18.3,18.1,18.1,0.0,4261,2324,18.15
2019-10-23,14312278,261278122,18.35,18.15,18.25,0.15,4312,2324,18.15
2019-10-24,8462875,154360190,18.35,18.15,18.25,0.0,2795,2324,18.3
2019-10-25,9139217,166683551,18.35,18.1,18.3,0.05,2843,2324,18.3
2019-10-28,10381299,189650245,18.4,18.2,18.3,0.0,4115,2324,18.4
2019-10-29,10852010,197821918,18.35,18.15,18.25,-0.05,4038,2324,18.35
2019-10-30,12244458,222566064,18.25,18.1,18.2,-0.05,3383,2324,18.2
2019-10-31,14019427,255002405,18.3,18.1,18.2,0.0,3833,2324,18.25
2019-11-01,11111274,201838990,18.25,18.1,18.2,0.0,3324,2324,18.2
2019-11-04,18917295,347241990,18.5,18.2,18.5,0.3,5055,2324,18.25
2019-11-05,52045960,989515690,19.25,18.8,19.05,0.55,14007,2324,18.85
2019-11-06,20891164,392663874,19.1,18.7,18.7,-0.35,7034,2324,19.1
2019-11-07,11057008,206804522,18.8,18.65,18.7,0.0,3867,2324,18.7
2019-11-08,11142673,209284310,18.85,18.75,18.8,0.1,4513,2324,18.8
2019-11-11,13112185,244793001,18.8,18.6,18.65,-0.15,3779,2324,18.8
2019-11-12,20523963,378841551,18.6,18.35,18.45,-0.2,5898,2324,18.5
2019-11-13,12588136,230961574,18.45,18.3,18.3,-0.15,4574,2324,18.45
2019-11-14,11697513,215846779,18.6,18.3,18.5,0.2,3119,2324,18.3
2019-11-15,11445767,212794491,18.65,18.5,18.55,0.05,3242,2324,18.55
2019-11-18,13807539,259036675,18.9,18.6,18.9,0.35,4503,2324,18.6
2019-11-19,12832871,242627078,19.0,18.8,18.9,0.0,3768,2324,18.9
2019-11-20,13153268,249366942,19.0,18.9,19.0,0.1,3376,2324,18.9
2019-11-21,10612042,200154643,18.9,18.75,18.9,-0.1,2997,2324,18.9
2019-11-22,7067568,133518252,18.95,18.85,18.9,0.0,1999,2324,18.95
2019-11-25,12912413,243707000,19.0,18.8,18.9,0.0,3309,2324,18.9
2019-11-26,76176852,1430408086,19.0,18.75,18.75,-0.15,4589,2324,18.9
2019-11-27,13114373,246479119,18.9,18.7,18.7,-0.05,4248,2324,18.85
2019-11-28,9336122,175553767,18.9,18.7,18.9,0.2,2572,2324,18.75
2019-11-29,11282026,211868538,18.85,18.7,18.8,-0.1,2606,2324,18.85
2019-12-02,10059876,187659205,18.75,18.55,18.7,-0.1,2786,2324,18.7
2019-12-03,8603418,160983045,18.8,18.6,18.8,0.1,1983,2324,18.65
2019-12-04,9100024,171179964,18.85,18.65,18.85,0.05,2066,2324,18.85
2019-12-05,12586219,237397888,18.95,18.75,18.9,0.05,3029,2324,18.85
2019-12-06,9624365,181658203,18.95,18.8,18.85,-0.05,2009,2324,18.9
2019-12-09,8521339,160657513,18.9,18.8,18.9,0.05,1740,2324,18.9
2019-12-10,15100564,282697428,18.85,18.6,18.75,-0.15,3382,2324,18.8
2019-12-11,17741870,331382735,18.85,18.6,18.7,-0.05,3555,2324,18.8
2019-12-12,14351131,269013318,18.8,18.65,18.75,0.05,3573,2324,18.7
2019-12-13,12142602,228478455,18.85,18.75,18.85,0.1,3935,2324,18.8
2019-12-16,9554611,180001563,18.9,18.8,18.85,0.0,2896,2324,18.85
2019-12-17,15058097,284697441,19.0,18.85,19.0,0.15,3949,2324,18.9
2019-12-18,24448498,461817812,19.0,18.75,19.0,0.0,5245,2324,18.8
2019-12-19,12121671,229342736,19.0,18.85,18.95,-0.05,3948,2324,19.0
2019-12-20,19095975,362172830,19.0,18.85,19.0,0.05,3070,2324,18.95
2019-12-23,8615234,163458146,19.0,18.9,19.0,0.0,2026,2324,19.0
2019-12-24,8195423,155152498,19.0,18.85,18.95,-0.05,1659,2324,19.0
2019-12-25,6156289,116763141,19.05,18.9,18.95,0.0,1854,2324,18.9
2019-12-26,3433536,65107749,19.0,18.9,19.0,0.05,1386,2324,18.95
2019-12-27,5988057,113639577,19.0,18.95,19.0,0.0,2041,2324,19.0
2019-12-30,6499071,123176807,19.0,18.9,18.95,-0.05,1383,2324,18.95
2019-12-31,10148598,191698582,19.0,18.85,18.85,-0.1,1881,2324,18.9
2020-01-02,4538657,85695691,18.95,18.85,18.85,0.0,1506,2324,18.9
2020-01-03,7517182,141847492,18.95,18.8,18.9,0.05,2740,2324,18.95
2020-01-06,6716266,126446995,18.9,18.75,18.9,0.0,1922,2324,18.85
2020-01-07,5610981,105412249,18.9,18.75,18.75,-0.15,1994,2324,18.9
2020-01-08,7526842,140445115,18.75,18.6,18.6,-0.15,2661,2324,18.7
2020-01-09,5038275,94592477,18.85,18.65,18.8,0.2,1611,2324,18.65
2020-01-10,6968754,131021544,18.9,18.7,18.75,-0.05,2696,2324,18.9
2020-01-13,7002150,131979931,18.9,18.8,18.9,0.15,2572,2324,18.85
2020-01-14,6880097,130043240,18.95,18.8,18.95,0.05,2213,2324,18.9
2020-01-15,7891995,149806155,19.0,18.95,19.0,0.05,2676,2324,18.95
2020-01-16,5418904,102479900,19.0,18.85,18.95,-0.05,1712,2324,19.0
2020-01-17,8008518,151880992,19.0,18.9,19.0,0.05,2619,2324,19.0
2020-01-20,12012576,229641179,19.25,19.0,19.1,0.1,3762,2324,19.05
2020-01-30,28571798,526721354,18.65,18.25,18.35,-0.75,9185,2324,18.6
2020-01-31,14936557,275054847,18.6,18.35,18.35,0.0,3854,2324,18.35
2020-02-03,15364419,277389404,18.2,17.9,18.15,-0.2,4988,2324,18.05
2020-02-04,6901231,126153518,18.4,18.1,18.4,0.25,2216,2324,18.1
2020-02-05,5525779,101493759,18.45,18.25,18.4,0.0,1845,2324,18.4
2020-02-06,7168299,132730187,18.6,18.4,18.6,0.2,2076,2324,18.4
2020-02-07,5658388,104750045,18.55,18.4,18.55,-0.05,1817,2324,18.5
2020-02-10,4627670,85175025,18.5,18.3,18.4,-0.15,1837,2324,18.35
2020-02-11,5094795,93958047,18.5,18.4,18.4,0.0,1592,2324,18.4
2020-02-12,8315902,153915089,18.55,18.45,18.55,0.15,2619,2324,18.5
2020-02-13,6431914,119254226,18.6,18.5,18.5,-0.05,1983,2324,18.55
2020-02-14,12394863,230312771,18.65,18.5,18.55,0.05,3562,2324,18.5
2020-02-17,6691318,123855631,18.55,18.45,18.55,0.0,2345,2324,18.55
2020-02-18,11287689,207405588,18.5,18.3,18.4,-0.15,3598,2324,18.45
2020-02-19,10549984,193831631,18.45,18.3,18.35,-0.05,3186,2324,18.35
2020-02-20,8569572,157511919,18.5,18.3,18.4,0.05,2621,2324,18.45
2020-02-21,7220327,132985961,18.5,18.35,18.45,0.05,2553,2324,18.4
2020-02-24,8570259,157050936,18.4,18.3,18.3,-0.15,3428,2324,18.35
2020-02-25,8146652,148312159,18.3,18.1,18.2,-0.1,2904,2324,18.2
2020-02-26,9891764,180479288,18.4,18.05,18.4,0.2,2918,2324,18.1
2020-02-27,19999798,367675450,18.45,18.25,18.45,0.05,4087,2324,18.4
2020-03-02,17178916,311855102,18.25,18.1,18.1,-0.35,5678,2324,18.1
2020-03-03,9043399,164552564,18.3,18.15,18.15,0.05,2462,2324,18.2
2020-03-04,11931528,216710230,18.2,18.1,18.2,0.05,2950,2324,18.1
2020-03-05,12320082,223652472,18.3,18.1,18.15,-0.05,3793,2324,18.2
2020-03-06,16255239,293662672,18.2,18.0,18.05,-0.1,5323,2324,18.15
2020-03-09,26600284,477178112,18.0,17.85,17.9,-0.15,8400,2324,17.9
2020-03-10,20483436,363745120,17.95,17.65,17.9,0.0,6612,2324,17.7
2020-03-11,14119358,252345575,17.95,17.8,17.85,-0.05,5370,2324,17.85
2020-03-12,28947423,501527443,17.7,17.15,17.2,-0.65,9778,2324,17.65
2020-03-13,36685637,613064926,17.35,16.35,17.1,-0.1,10164,2324,16.5
2020-03-16,21320738,360664682,17.15,16.75,16.75,-0.35,7294,2324,17.1
2020-03-17,26656664,439408040,16.65,16.35,16.5,-0.25,7762,2324,16.35
2020-03-18,24219785,398878966,16.6,16.3,16.5,0.0,6791,2324,16.4
2020-03-19,37806680,598079377,16.2,15.3,15.7,-0.8,8797,2324,16.1
2020-03-20,25326937,409095307,16.5,15.8,16.2,0.5,6589,2324,15.8
2020-03-23,13698571,214699406,15.85,15.5,15.5,-0.7,4506,2324,15.7
2020-03-24,16590241,273646888,16.8,16.2,16.4,0.9,4256,2324,16.25
2020-03-25,23155478,397619909,17.35,16.9,17.15,0.75,6222,2324,16.9
2020-03-26,12643920,217625758,17.35,17.0,17.2,0.05,3501,2324,17.25
2020-03-27,13080008,227796216,17.6,17.25,17.4,0.2,4109,2324,17.5
2020-03-30,12328934,212426393,17.45,16.95,17.3,-0.1,3730,2324,17.15
2020-03-31,25147591,443403695,18.1,17.3,17.3,0.0,6502,2324,17.8
2020-04-01,13713390,242504379,17.85,17.4,17.75,0.45,4190,2324,17.45
2020-04-06,18599831,334115609,18.1,17.75,18.1,0.35,5254,2324,18.0
2020-04-07,18913201,342536927,18.4,17.9,18.1,0.0,5515,2324,18.25
2020-04-08,16137230,292710916,18.25,18.05,18.1,0.0,4738,2324,18.1
2020-04-09,12118167,221201048,18.4,18.15,18.3,0.2,3784,2324,18.2
2020-04-10,5758082,105225586,18.4,18.2,18.3,0.0,2175,2324,18.35
2020-04-13,6259493,114495374,18.35,18.15,18.35,0.05,2513,2324,18.3
2020-04-14,15030369,278621111,18.6,18.4,18.55,0.2,5017,2324,18.4
2020-04-15,21737534,408559567,18.9,18.6,18.85,0.3,7053,2324,18.6
2020-04-16,13672094,256268400,18.85,18.55,18.85,0.0,4052,2324,18.7
2020-04-17,16640979,313240985,19.0,18.6,18.7,-0.15,6091,2324,18.9
2020-04-20,13329387,248669887,18.8,18.55,18.7,0.0,4108,2324,18.7
2020-04-21,19739015,363349256,18.65,18.0,18.45,-0.25,6268,2324,18.55
2020-04-22,18879383,350466496,18.7,18.25,18.7,0.25,5418,2324,18.3
2020-04-23,15342372,286702137,18.8,18.55,18.75,0.05,4369,2324,18.7
2020-04-24,9707657,180964828,18.75,18.55,18.55,-0.2,3720,2324,18.65
2020-04-27,15042578,283456104,18.9,18.65,18.9,0.35,4914,2324,18.65
2020-04-28,14826932,281034958,19.05,18.8,18.95,0.05,4422,2324,19.0
2020-04-29,13012640,247916761,19.1,18.95,19.1,0.15,5251,2324,19.0
2020-04-30,23493369,447740226,19.15,18.95,19.1,0.0,5414,2324,19.1
2020-05-04,13101371,244009675,18.75,18.45,18.6,-0.5,4956,2324,18.45
2020-05-05,6716834,125562580,18.8,18.6,18.65,0.05,2974,2324,18.75
2020-05-06,10415021,194498479,18.8,18.5,18.65,0.0,3680,2324,18.6
2020-05-07,7134252,133790108,18.85,18.65,18.7,0.05,2552,2324,18.65
2020-05-08,8290598,156357379,19.0,18.8,18.8,0.1,2767,2324,18.95
2020-05-11,11522030,218020188,19.0,18.8,18.8,0.0,4095,2324,18.95
2020-05-12,10650521,200925170,18.95,18.75,18.8,0.0,3276,2324,18.75
2020-05-13,10306071,195437449,19.05,18.75,19.0,0.2,3431,2324,18.8
2020-05-14,17215461,321827957,18.8,18.6,18.6,-0.4,5935,2324,18.8
2020-05-15,18664807,344628397,18.65,18.3,18.45,-0.15,6885,2324,18.6
2020-05-18,6443743,119020163,18.55,18.35,18.45,0.0,2537,2324,18.35
2020-05-19,9730674,180192851,18.7,18.45,18.5,0.05,2984,2324,18.65
2020-05-20,8275080,153175659,18.6,18.45,18.5,0.0,2559,2324,18.6
2020-05-21,9367148,173905032,18.65,18.5,18.6,0.1,2561,2324,18.65
2020-05-22,9917256,183045725,18.6,18.4,18.4,-0.2,3228,2324,18.6
2020-05-25,6315675,116538247,18.6,18.35,18.45,0.05,1657,2324,18.55
2020-05-26,10090692,187735859,18.75,18.5,18.55,0.1,2797,2324,18.6
2020-05-27,10163210,189204540,18.7,18.5,18.65,0.1,3413,2324,18.65
2020-05-28,13253034,245134632,18.7,18.4,18.4,-0.25,4482,2324,18.65
2020-05-29,24266990,459145680,19.1,18.4,19.1,0.7,3326,2324,18.4
2020-06-01,17993368,340473331,19.0,18.8,18.9,-0.2,6946,2324,19.0
2020-06-02,10233110,193949906,19.0,18.85,19.0,0.1,3786,2324,18.95
2020-06-03,15899380,302988220,19.2,19.0,19.0,0.0,4615,2324,19.05
2020-06-04,11370252,216621988,19.15,19.0,19.05,0.05,3495,2324,19.15
2020-06-05,10618808,202462352,19.1,19.0,19.1,0.05,2880,2324,19.05
2020-06-08,22702574,436203586,19.35,19.05,19.2,0.1,6714,2324,19.15
2020-06-09,13021015,250292006,19.3,19.15,19.2,0.0,3872,2324,19.2
2020-06-10,14069318,269929790,19.25,19.1,19.1,-0.1,4921,2324,19.1
2020-06-11,13937265,267585788,19.3,19.05,19.1,0.0,4863,2324,19.15
2020-06-12,14967852,283904229,19.15,18.75,18.9,-0.2,5754,2324,18.85
2020-06-15,9205892,174928575,19.1,18.9,18.9,0.0,2970,2324,19.0
2020-06-16,11528839,221363646,19.3,19.05,19.15,0.25,4790,2324,19.1
2020-06-17,12590014,243719653,19.4,19.25,19.35,0.2,4499,2324,19.3
2020-06-18,13321664,259889484,19.6,19.35,19.55,0.2,5115,2324,19.4
2020-06-19,22620691,442511209,19.75,19.35,19.5,-0.05,5289,2324,19.55
2020-06-22,19727786,379506218,19.45,19.15,19.2,-0.3,5302,2324,19.4
2020-06-23,11823403,228441870,19.4,19.1,19.4,0.2,2829,2324,19.3
2020-06-24,13912300,271151355,19.6,19.4,19.45,0.05,2978,2324,19.45
2020-06-29,11831906,229234048,19.5,19.2,19.45,0.0,2937,2324,19.3
2020-06-30,12051396,232718526,19.5,19.25,19.25,-0.2,2708,2324,19.5
2020-07-01,11580141,226706028,19.7,19.3,19.55,0.3,3106,2324,19.35
2020-07-02,18336790,363332010,19.95,19.6,19.95,0.4,4374,2324,19.6
2020-07-03,13321059,265034038,20.05,19.8,19.8,-0.15,4423,2324,20.0
2020-07-06,17892740,357500550,20.05,19.85,20.05,0.25,4888,2324,19.85
2020-07-07,15494618,310280794,20.15,19.95,20.05,0.0,4099,2324,20.1
2020-07-08,29027890,588153669,20.45,20.05,20.4,0.35,7118,2324,20.1
2020-07-09,22689037,461666158,20.5,20.15,20.15,-0.25,6006,2324,20.45
2020-07-10,16739042,335520340,20.15,19.9,20.0,-0.15,5782,2324,20.1
2020-07-13,24996257,506064510,20.4,20.1,20.25,0.25,4794,2324,20.1
2020-07-14,26018635,527771910,20.4,20.05,20.1,-0.15,5454,2324,20.35
2020-07-15,38669483,782905778,20.35,20.15,20.2,0.1,5990,2324,20.3
2020-07-16,53472941,1072006178,20.25,19.9,20.0,-0.2,11974,2324,20.2
2020-07-17,53689536,994551149,18.8,18.2,18.4,0.0,17417,2324,18.75
2020-07-20,21921389,404603311,18.6,18.35,18.5,0.1,6203,2324,18.45
2020-07-21,17836972,335300542,18.95,18.65,18.85,0.35,6489,2324,18.65
2020-07-22,11545362,217520190,18.9,18.75,18.85,0.0,3925,2324,18.85
2020-07-23,11361304,212913180,18.8,18.65,18.75,-0.1,3459,2324,18.8
2020-07-24,12923018,239701014,18.8,18.45,18.45,-0.3,4734,2324,18.7
2020-07-27,7771291,143301986,18.6,18.35,18.35,-0.1,2971,2324,18.45
2020-07-28,17336736,317862079,18.5,18.2,18.3,-0.05,2998,2324,18.25
2020-07-29,12484990,229440991,18.5,18.25,18.25,-0.05,3086,2324,18.3
2020-07-30,11052503,203352305,18.6,18.25,18.45,0.2,2370,2324,18.35
2020-07-31,16480178,306130894,18.65,18.4,18.65,0.2,2435,2324,18.5
2020-08-03,11406577,210134123,18.75,18.3,18.35,-0.3,4663,2324,18.7
2020-08-04,9773493,180616456,18.6,18.35,18.45,0.1,2990,2324,18.55
2020-08-05,14654800,273225331,18.75,18.55,18.6,0.15,4672,2324,18.6
2020-08-06,11050815,206868698,18.85,18.6,18.75,0.15,3243,2324,18.8
2020-08-07,7474901,139809230,18.8,18.6,18.7,-0.05,2625,2324,18.7
2020-08-10,14873058,280784702,19.0,18.8,19.0,0.3,3699,2324,18.8
2020-08-11,11338074,214769880,19.15,18.8,18.8,-0.2,4060,2324,19.1
2020-08-12,6156755,114946891,18.8,18.6,18.65,-0.15,2347,2324,18.8
2020-08-13,11311383,210138811,18.8,18.5,18.6,-0.05,4384,2324,18.8
2020-08-14,6052204,112635435,18.7,18.5,18.65,0.05,2244,2324,18.55
2020-08-17,9637283,179772804,18.75,18.55,18.7,0.05,3486,2324,18.7
2020-08-18,8541800,159520273,18.75,18.55,18.75,0.05,3089,2324,18.75
2020-08-19,12570791,234675483,18.8,18.6,18.6,-0.15,3926,2324,18.8
2020-08-20,24336887,447270720,18.55,18.25,18.35,-0.25,6719,2324,18.55
2020-08-21,19146277,352030338,18.55,18.25,18.4,0.05,4685,2324,18.35
2020-08-24,7233314,133703793,18.55,18.4,18.45,0.05,2285,2324,18.4
2020-08-25,17992634,338526844,18.95,18.5,18.8,0.35,5208,2324,18.55
2020-08-26,9575328,180448084,18.95,18.75,18.95,0.15,3379,2324,18.8
2020-08-27,10657432,201185541,19.05,18.7,18.9,-0.05,3288,2324,19.0
2020-08-28,7528407,141830231,18.95,18.7,18.85,-0.05,3031,2324,18.9
2020-08-31,21351895,397042918,18.95,18.5,18.5,-0.35,3588,2324,18.95
2020-09-01,13430382,252329974,18.95,18.6,18.85,0.35,3390,2324,18.6
2020-09-02,50186615,978515004,20.0,19.1,19.6,0.75,15974,2324,19.15
2020-09-03,27171764,530937006,19.8,19.25,19.25,-0.35,9242,2324,19.7
2020-09-04,12899669,245819746,19.2,18.85,19.2,-0.05,4371,2324,19.0
2020-09-07,8483091,162622961,19.3,19.05,19.1,-0.1,3264,2324,19.2
2020-09-08,6516021,124713281,19.25,19.05,19.2,0.1,2550,2324,19.25
2020-09-09,10434152,198413145,19.15,18.9,19.0,-0.2,3350,2324,19.15
2020-09-10,8076502,154384516,19.2,19.05,19.1,0.1,2596,2324,19.2
2020-09-11,6238305,119270753,19.2,19.05,19.15,0.05,2128,2324,19.1
2020-09-14,6366579,121982514,19.3,19.1,19.15,0.0,2517,2324,19.25
2020-09-15,15676533,304997473,19.6,19.3,19.45,0.3,5791,2324,19.3
2020-09-16,9463971,184543718,19.65,19.35,19.35,-0.1,3743,2324,19.6
2020-09-17,5990291,116046327,19.45,19.3,19.4,0.05,2489,2324,19.35
2020-09-18,15394523,301342044,19.7,19.35,19.7,0.3,3574,2324,19.45
2020-09-21,7268850,141908168,19.7,19.35,19.35,-0.35,2966,2324,19.65
2020-09-22,9324818,178358756,19.3,19.0,19.1,-0.25,2899,2324,19.3
2020-09-23,8466510,161597243,19.25,19.0,19.15,0.05,3048,2324,19.1
2020-09-24,12812634,242456567,19.1,18.8,18.8,-0.35,4170,2324,18.95
2020-09-25,8976285,169476680,19.05,18.8,18.9,0.1,2714,2324,18.85
2020-09-28,7561043,145222149,19.3,18.9,19.3,0.4,2617,2324,18.9
2020-09-29,9506191,183782469,19.4,19.25,19.35,0.05,2220,2324,19.4
2020-09-30,11395880,217877642,19.35,19.05,19.05,-0.3,2494,2324,19.35
2020-10-05,8904826,169258244,19.25,18.9,18.9,-0.15,3008,2324,19.1
2020-10-06,7808824,148495656,19.2,18.9,19.0,0.1,3121,2324,19.1
2020-10-07,5419320,102780730,19.05,18.9,18.9,-0.1,2037,2324,18.9
2020-10-08,12804335,241742509,18.95,18.8,18.85,-0.05,3389,2324,18.95
2020-10-12,19472067,364430483,18.95,18.5,18.7,-0.15,6914,2324,18.85
2020-10-13,4893074,91630024,18.8,18.65,18.7,0.0,2024,2324,18.75
2020-10-14,8026950,151571025,18.95,18.75,18.95,0.25,1919,2324,18.75
2020-10-15,7598385,142615722,18.95,18.7,18.7,-0.25,2573,2324,18.95
2020-10-16,8641910,161014091,18.8,18.55,18.55,-0.15,2922,2324,18.7
2020-10-19,5930795,110343964,18.7,18.55,18.55,0.0,2308,2324,18.6
2020-10-20,5984303,111197526,18.65,18.55,18.6,0.05,2880,2324,18.55
2020-10-21,9131330,169347102,18.7,18.5,18.5,-0.1,3858,2324,18.7
2020-10-22,13622868,252569330,18.7,18.5,18.5,0.0,4735,2324,18.65
2020-10-23,5656778,105117704,18.65,18.5,18.6,0.1,1922,2324,18.55
2020-10-26,5096028,94972188,18.7,18.6,18.65,0.05,2401,2324,18.7
2020-10-27,9488305,176427871,18.65,18.55,18.6,-0.05,2321,2324,18.6
2020-10-28,10465716,196089822,18.8,18.55,18.75,0.15,2913,2324,18.55
2020-10-29,17607013,331420284,18.95,18.6,18.95,0.2,4785,2324,18.7
2020-10-30,15735813,294584243,18.95,18.6,18.6,-0.35,3573,2324,18.95
2020-11-02,5267403,98297606,18.75,18.6,18.65,0.05,1498,2324,18.6
2020-11-03,4876943,91598397,18.85,18.7,18.75,0.1,1644,2324,18.7
2020-11-04,4895346,91883044,18.85,18.7,18.7,-0.05,1852,2324,18.8
2020-11-05,4977591,93434114,18.9,18.6,18.85,0.15,2177,2324,18.85
2020-11-06,5350743,100954825,18.9,18.8,18.9,0.05,1910,2324,18.85
2020-11-09,9626539,181430032,19.0,18.7,18.95,0.05,2945,2324,18.95
2020-11-10,17942032,340771982,19.15,18.75,19.1,0.15,5187,2324,19.05
2020-11-11,16534027,317259065,19.35,19.0,19.35,0.25,6100,2324,19.1
2020-11-12,9150450,174678451,19.3,19.0,19.1,-0.25,2989,2324,19.3
2020-11-13,8241420,157405127,19.3,19.0,19.1,0.0,2717,2324,19.1
2020-11-16,18569962,359024447,19.4,19.15,19.4,0.3,6450,2324,19.2
2020-11-17,13011069,252917002,19.55,19.35,19.4,0.0,3814,2324,19.5
2020-11-18,14195359,276838194,19.55,19.4,19.55,0.15,4601,2324,19.4
2020-11-19,10276409,200466870,19.55,19.45,19.5,-0.05,3003,2324,19.55
2020-11-20,8951240,174638627,19.55,19.45,19.55,0.05,2623,2324,19.5
2020-11-23,14754523,290289587,19.8,19.55,19.7,0.15,4215,2324,19.6
2020-11-24,10339522,203400958,19.8,19.6,19.6,-0.1,3123,2324,19.8
2020-11-25,6171097,120681541,19.7,19.45,19.55,-0.05,2269,2324,19.65
2020-11-26,6862365,133837011,19.6,19.45,19.55,0.0,2374,2324,19.5
2020-11-27,14952870,288792501,19.55,19.25,19.25,-0.3,5502,2324,19.5
2020-11-30,34827536,671320992,19.4,19.05,19.3,0.05,5490,2324,19.3
2020-12-01,9382947,180431432,19.35,19.1,19.3,0.0,3190,2324,19.3
2020-12-02,11331555,219335468,19.45,19.3,19.35,0.05,4152,2324,19.3
2020-12-03,10619037,206010954,19.5,19.3,19.45,0.1,3860,2324,19.35
2020-12-04,14338647,280598544,19.7,19.45,19.55,0.1,4346,2324,19.5
2020-12-07,36850846,733434885,20.1,19.65,20.1,0.55,11495,2324,19.7
2020-12-08,46405888,945763408,20.65,20.1,20.35,0.25,13934,2324,20.3
2020-12-09,20775578,422657130,20.5,20.15,20.5,0.15,6816,2324,20.45
2020-12-10,26876340,552421195,20.8,20.3,20.5,0.0,8094,2324,20.55
2020-12-11,19037256,389364426,20.75,20.15,20.45,-0.05,6500,2324,20.6
2020-12-14,17113103,354134185,20.8,20.55,20.6,0.15,5793,2324,20.6
2020-12-15,16720136,343637251,20.8,20.4,20.5,-0.1,4681,2324,20.65
2020-12-16,20205890,418656499,20.85,20.6,20.85,0.35,7795,2324,20.7
2020-12-17,21219243,443427089,21.0,20.7,21.0,0.15,6481,2324,20.9
2020-12-18,20273124,421792926,21.0,20.7,20.7,-0.3,6080,2324,21.0
2020-12-21,13077582,267570131,20.7,20.3,20.5,-0.2,4160,2324,20.6
2020-12-22,11106514,227561611,20.65,20.4,20.45,-0.05,3904,2324,20.5
2020-12-23,7531164,153238748,20.45,20.3,20.3,-0.15,2371,2324,20.4
2020-12-24,9112918,186841115,20.65,20.4,20.4,0.1,2467,2324,20.45
2020-12-25,7066525,145178912,20.6,20.45,20.6,0.2,2627,2324,20.5
2020-12-28,10292745,214152599,20.9,20.7,20.8,0.2,3650,2324,20.7
2020-12-29,13315837,277310933,20.95,20.7,20.95,0.15,3792,2324,20.8
2020-12-30,10258197,213506139,20.95,20.7,20.9,-0.05,3825,2324,20.95
2020-12-31,9022225,187101036,20.9,20.7,20.7,-0.2,2110,2324,20.9
2021-01-04,16358745,341382774,21.0,20.7,20.8,0.1,4245,2324,20.7
2021-01-05,38736859,827805639,21.8,20.8,21.55,0.75,13685,2324,20.85
2021-01-06,30875242,654084388,21.95,20.8,21.05,-0.5,10892,2324,21.8
2021-01-07,15605942,329357606,21.35,21.0,21.0,-0.05,4176,2324,21.05
2021-01-08,23356599,495095193,21.5,20.9,21.5,0.5,6108,2324,21.05
2021-01-11,26088336,566088191,21.8,21.5,21.8,0.3,7663,2324,21.5
2021-01-12,22880933,497504280,21.9,21.6,21.65,-0.15,6991,2324,21.75
2021-01-13,19176662,418762251,21.95,21.7,21.8,0.15,7906,2324,21.8
2021-01-14,36450938,808471319,22.4,21.8,22.25,0.45,13339,2324,21.8
2021-01-15,56685017,1280365053,23.15,22.15,22.25,0.0,18223,2324,22.5
2021-01-18,24935831,538190807,22.15,21.0,21.55,-0.7,7800,2324,22.05
2021-01-19,21169036,458280272,22.0,21.4,21.5,-0.05,6095,2324,21.7
2021-01-20,38536326,807937098,21.7,20.6,20.8,-0.7,10547,2324,21.6
2021-01-21,13693247,286356684,21.1,20.8,20.8,0.0,5546,2324,20.9
2021-01-22,18247113,384641361,21.3,20.6,21.3,0.5,7209,2324,21.0
2021-01-25,21995560,468643243,21.5,21.0,21.4,0.1,7028,2324,21.3
2021-01-26,17745072,381474257,21.7,21.35,21.4,0.0,7974,2324,21.55
2021-01-27,38284761,838324352,22.4,21.5,21.8,0.4,11341,2324,21.55
2021-01-28,40737667,900755951,22.65,21.5,22.15,0.35,13692,2324,21.65
2021-01-29,27726656,602388646,22.4,21.45,21.45,-0.7,8920,2324,22.25
2021-02-01,12984901,277573735,21.6,21.0,21.35,-0.1,5467,2324,21.5
2021-02-02,18230039,393063461,21.9,21.3,21.5,0.15,6851,2324,21.6
2021-02-03,17649637,383419764,21.85,21.45,21.8,0.3,5293,2324,21.65
2021-02-04,19797945,433899763,22.1,21.75,21.8,0.0,6434,2324,22.1
2021-02-05,12031905,263071283,22.0,21.7,21.9,0.1,5283,2324,22.0
2021-02-17,28409500,620575800,22.3,21.65,21.75,-0.15,11369,2324,22.1
2021-02-18,20976140,456662111,21.95,21.55,21.9,0.15,9609,2324,21.75
2021-02-19,22860654,496718987,21.85,21.6,21.85,-0.05,8851,2324,21.8
2021-02-22,20673238,452067621,22.0,21.8,21.8,-0.05,7464,2324,21.95
2021-02-23,22942114,498338103,21.8,21.65,21.75,-0.05,7782,2324,21.75
2021-02-24,17409150,381548971,22.05,21.75,21.9,0.15,5776,2324,21.85
2021-02-25,23628517,522502541,22.3,21.95,22.3,0.4,7986,2324,22.0
2021-02-26,31196177,687936682,22.2,21.7,22.2,-0.1,8174,2324,22.05
2021-03-02,25113471,562084946,22.65,22.2,22.2,0.0,8661,2324,22.3
2021-03-03,20443111,458755874,22.6,22.2,22.6,0.4,6300,2324,22.45
2021-03-04,22099640,493336389,22.65,22.1,22.2,-0.4,6273,2324,22.55
2021-03-05,20520829,455284603,22.4,21.9,22.4,0.2,7656,2324,22.0
2021-03-08,17244264,386652948,22.55,22.2,22.4,0.0,4602,2324,22.55
2021-03-09,18105635,408702548,22.7,22.35,22.7,0.3,5703,2324,22.5
2021-03-10,10444391,237639184,22.95,22.6,22.7,0.0,4575,2324,22.85
2021-03-11,20862188,477885174,23.0,22.75,22.95,0.25,6267,2324,22.85
2021-03-12,10655929,243684408,23.0,22.75,22.9,-0.05,4186,2324,23.0
2021-03-15,10390654,236966634,22.95,22.7,22.95,0.05,3652,2324,22.9
2021-03-16,29278737,680752465,23.45,22.9,23.3,0.35,9012,2324,22.95
2021-03-17,14943897,347837871,23.4,23.15,23.3,0.0,4886,2324,23.3
2021-03-18,22981095,542834852,23.8,23.45,23.7,0.4,7171,2324,23.5
2021-03-19,42294368,1011769685,24.3,23.6,23.85,0.15,11827,2324,23.7
2021-03-22,20951718,495206069,23.9,23.45,23.65,-0.2,7861,2324,23.85
2021-03-23,18190588,433704391,24.05,23.6,24.0,0.35,5902,2324,23.65
2021-03-24,20521039,486112061,24.15,23.7,23.95,-0.05,6037,2324,24.0
2021-03-25,20889620,493286098,23.95,23.45,23.7,-0.25,8513,2324,23.75
2021-03-26,11495659,272441603,23.8,23.6,23.75,0.05,3797,2324,23.7
2021-03-29,69227990,1801546210,26.1,25.6,26.1,2.35,14438,2324,25.65
2021-03-30,110566897,2942323496,27.0,26.0,27.0,0.9,35510,2324,26.5
2021-03-31,58571473,1576947095,27.3,26.7,26.7,-0.3,22448,2324,27.0
2021-04-01,44430828,1203786659,27.4,26.6,27.25,0.55,17559,2324,27.0
2021-04-06,38791517,1054507919,27.5,27.0,27.05,-0.2,14685,2324,27.5
2021-04-07,28773124,778614120,27.2,26.85,27.1,0.05,12357,2324,27.0
2021-04-08,29169029,793610942,27.4,27.0,27.15,0.05,12788,2324,27.1
2021-04-09,24697072,671951629,27.3,27.05,27.2,0.05,10689,2324,27.15
2021-04-12,23758828,648494949,27.5,27.2,27.2,0.0,8678,2324,27.5
2021-04-13,40506037,1096069115,27.3,26.65,26.8,-0.4,13062,2324,27.2
2021-04-14,25226523,674993796,27.05,26.4,26.7,-0.1,8542,2324,26.8
2021-04-15,20377244,544220879,26.9,26.5,26.7,0.0,6590,2324,26.65
2021-04-16,23608968,638774850,27.15,26.85,27.15,0.45,7465,2324,26.9
2021-04-19,34146839,941696031,27.95,27.15,27.55,0.4,13308,2324,27.2
2021-04-20,32835071,909404570,27.95,27.4,27.75,0.2,11094,2324,27.55
2021-04-21,32752051,906114121,27.9,27.5,27.8,0.05,12527,2324,27.5
2021-04-22,61995043,1706457824,27.8,27.4,27.4,-0.4,14829,2324,27.4
2021-04-23,86033281,2122866535,25.0,24.4,24.8,0.0,28842,2324,24.8
2021-04-26,29736270,734581733,25.0,24.6,24.75,-0.05,14303,2324,24.95
2021-04-27,26742407,658111495,24.85,24.5,24.65,-0.1,12664,2324,24.8
2021-04-28,40295353,1005720543,25.3,24.7,24.9,0.25,15293,2324,24.95
2021-04-29,25663571,639856138,25.15,24.7,25.0,0.1,7597,2324,25.0
2021-05-03,27476130,671667702,24.9,24.3,24.35,-0.65,9841,2324,24.8
2021-05-04,41311402,972233241,24.35,23.05,23.5,-0.85,14461,2324,24.25
2021-05-05,20911687,501095980,24.2,23.45,23.9,0.4,8015,2324,23.5
2021-05-06,24412398,594772202,24.7,23.9,24.3,0.4,8673,2324,23.9
2021-05-07,20047201,486830537,24.55,23.95,24.55,0.25,8367,2324,24.0
2021-05-10,21834195,527060033,24.3,24.0,24.3,-0.25,8747,2324,24.2
2021-05-11,34547671,817877943,24.15,23.3,23.5,-0.8,18435,2324,24.0
2021-05-12,47086107,1056054134,23.35,21.55,22.35,-1.15,16418,2324,23.3
2021-05-13,41848002,950329669,23.2,21.8,22.95,0.6,12235,2324,22.1
2021-05-14,23617608,539282415,23.6,22.5,22.7,-0.25,9100,2324,23.1
2021-05-17,26128881,574208331,22.45,21.5,21.9,-0.8,9428,2324,21.85
2021-05-18,25450991,573221412,22.9,22.0,22.9,1.0,7858,2324,22.1
2021-05-19,17947372,408617075,23.0,22.5,22.8,-0.1,6232,2324,22.85
2021-05-20,31039336,721960241,23.7,22.9,23.15,0.35,9323,2324,23.05
2021-05-21,74025581,1796833450,25.45,23.3,23.3,0.15,19136,2324,25.45
2021-05-24,13553359,314097651,23.35,22.95,23.3,0.0,4676,2324,23.3
2021-05-25,12845283,299721432,23.45,23.15,23.35,0.05,4562,2324,23.4
2021-05-26,8325612,194191387,23.5,23.25,23.3,-0.05,3421,2324,23.4
2021-05-27,22831561,532249692,23.45,22.95,23.4,0.1,4438,2324,23.25
2021-05-28,13381595,312713296,23.55,23.15,23.3,-0.1,4958,2324,23.45
2021-05-31,12686557,296525480,23.5,23.25,23.45,0.15,4988,2324,23.3
2021-06-01,7628259,179167844,23.65,23.4,23.45,0.0,2964,2324,23.45
2021-06-02,15765507,366769745,23.6,23.05,23.1,-0.35,6741,2324,23.5
2021-06-03,11790943,273913652,23.4,23.15,23.4,0.3,4306,2324,23.25
2021-06-04,12162201,282208137,23.3,23.15,23.2,-0.2,4582,2324,23.3
2021-06-07,18268760,420345668,23.3,22.8,23.05,-0.15,5669,2324,23.25
2021-06-08,12308563,283938666,23.25,23.0,23.15,0.1,4659,2324,23.25
2021-06-09,20509881,471124378,23.15,22.85,22.95,-0.2,5656,2324,23.1
2021-06-10,21366807,484911163,23.05,22.5,22.85,-0.1,7248,2324,22.85
2021-06-11,18764486,426353319,22.9,22.6,22.65,-0.2,5952,2324,22.9
2021-06-15,21998506,493962715,22.65,22.3,22.5,-0.15,7727,2324,22.65
2021-06-16,19647728,445875904,23.0,22.4,23.0,0.5,8699,2324,22.45
2021-06-17,20075480,459966670,23.15,22.7,23.05,0.05,7110,2324,23.15
2021-06-18,26601108,613267869,23.4,22.9,23.05,0.0,4953,2324,23.4
2021-06-21,17534819,397890874,22.95,22.6,22.6,-0.45,7224,2324,22.9
2021-06-22,28748039,643695846,22.7,22.3,22.3,-0.3,10855,2324,22.65
2021-06-23,22891734,506345082,22.35,22.0,22.1,-0.2,8545,2324,22.3
2021-06-24,15687206,347082053,22.25,22.05,22.1,0.0,5620,2324,22.1
2021-06-25,13496755,298489307,22.2,22.05,22.05,-0.05,6366,2324,22.15
2021-06-28,12623363,278141964,22.1,22.0,22.0,-0.05,5452,2324,22.1
2021-06-29,15309930,337791026,22.15,22.0,22.05,0.05,5456,2324,22.05
2021-06-30,23709763,530138241,22.55,22.05,22.35,0.3,7194,2324,22.05
2021-07-01,21315903,471359239,22.4,22.0,22.0,-0.35,7322,2324,22.35
2021-07-02,10785905,238253881,22.2,22.05,22.05,0.05,3731,2324,22.15
2021-07-05,10939370,242816217,22.3,22.1,22.25,0.2,4828,2324,22.15
2021-07-06,14402865,322201116,22.55,22.25,22.45,0.2,5312,2324,22.3
2021-07-07,13663539,304144842,22.4,22.15,22.3,-0.15,4819,2324,22.35
2021-07-08,11974491,266997138,22.45,22.2,22.3,0.0,3400,2324,22.3
2021-07-09,21034728,463735153,22.25,21.95,22.1,-0.2,7287,2324,22.2
2021-07-12,12514389,276641999,22.3,22.0,22.1,0.0,4205,2324,22.2
2021-07-13,19371574,429025670,22.25,22.1,22.2,0.1,6199,2324,22.15
2021-07-14,19003352,420543302,22.25,22.05,22.2,0.0,5793,2324,22.25
2021-07-15,18249595,403478787,22.2,22.0,22.15,-0.05,4914,2324,22.2
2021-07-16,18302745,404324302,22.2,22.0,22.15,0.0,6236,2324,22.15
2021-07-19,16178065,356751472,22.15,22.0,22.05,-0.1,4502,2324,22.1
2021-07-20,12932442,284560454,22.05,21.95,22.05,0.0,4491,2324,22.0
2021-07-21,17208666,378337108,22.15,21.9,22.0,-0.05,5705,2324,22.15
2021-07-22,22641782,495914309,22.1,21.8,22.0,0.0,7467,2324,22.05
2021-07-23,12573551,275240575,22.0,21.85,21.9,-0.1,5325,2324,22.0
2021-07-26,9935314,217398265,22.0,21.85,21.85,-0.05,3743,2324,21.9
2021-07-27,10733255,234370824,21.95,21.75,21.85,0.0,3679,2324,21.9
2021-07-28,13455662,291583155,21.85,21.55,21.75,-0.1,4950,2324,21.8
2021-07-29,10111248,219546811,21.85,21.6,21.7,-0.05,3455,2324,21.75
2021-07-30,23114172,497992245,21.65,21.4,21.6,-0.1,7843,2324,21.6
2021-08-02,8420169,181618679,21.7,21.5,21.6,0.0,3849,2324,21.6
2021-08-03,7282366,156475405,21.6,21.4,21.55,-0.05,3347,2324,21.55
2021-08-04,9032555,193592966,21.55,21.4,21.45,-0.1,4510,2324,21.5
2021-08-05,9570113,205723697,21.6,21.4,21.55,0.1,3798,2324,21.45
2021-08-06,11198314,240475677,21.55,21.4,21.45,-0.1,3605,2324,21.5
2021-08-09,8846566,188792306,21.5,21.25,21.4,-0.05,3411,2324,21.45
2021-08-10,22254697,483531335,21.85,21.5,21.85,0.45,5673,2324,21.5
2021-08-11,14593071,317599820,21.85,21.65,21.8,-0.05,5059,2324,21.85
2021-08-12,11077128,239378296,21.85,21.5,21.55,-0.25,4664,2324,21.8
2021-08-13,13402040,289630483,21.75,21.45,21.65,0.1,3938,2324,21.7
2021-08-16,18081920,392595358,21.85,21.6,21.7,0.05,4863,2324,21.65
2021-08-17,36789708,813672566,22.35,21.75,22.3,0.6,9498,2324,21.8
2021-08-18,16553321,367599731,22.4,22.0,22.3,0.0,5955,2324,22.15
2021-08-19,19145889,424654125,22.35,22.05,22.3,0.0,6204,2324,22.3
2021-08-20,19019969,425600670,22.6,22.15,22.35,0.05,6993,2324,22.4
2021-08-23,11237700,252456947,22.6,22.35,22.35,0.0,4004,2324,22.5
2021-08-24,15419744,347637785,22.65,22.4,22.55,0.2,4935,2324,22.4
2021-08-25,9243169,208423349,22.7,22.45,22.55,0.0,4378,2324,22.65
2021-08-26,9190360,205765493,22.55,22.3,22.45,-0.1,3351,2324,22.55
2021-08-27,9949856,223830313,22.6,22.35,22.6,0.15,3436,2324,22.45
2021-08-30,9022593,203990158,22.7,22.5,22.7,0.1,3652,2324,22.6
2021-08-31,13959816,318072801,22.9,22.55,22.9,0.2,3714,2324,22.7
2021-09-01,6566634,149862453,22.9,22.65,22.85,-0.05,2926,2324,22.65
2021-09-02,8131259,184414997,22.9,22.55,22.55,-0.3,3864,2324,22.85
2021-09-03,7520138,171187698,22.85,22.6,22.8,0.25,3080,2324,22.65
2021-09-06,11759076,267561873,22.85,22.65,22.65,-0.15,3108,2324,22.8
2021-09-07,20045023,458602331,23.15,22.55,23.0,0.35,5760,2324,22.65
2021-09-08,9795422,223426896,23.05,22.6,22.8,-0.2,3394,2324,23.0
2021-09-09,6855577,155760183,22.85,22.6,22.65,-0.15,2240,2324,22.7
2021-09-10,6741398,153487659,22.85,22.65,22.8,0.15,1970,2324,22.7
2021-09-13,7655199,175201577,23.0,22.7,22.9,0.1,2965,2324,22.75
2021-09-14,14260484,328826773,23.15,22.85,23.1,0.2,4783,2324,22.95
2021-09-15,20864594,486779483,23.5,23.05,23.4,0.3,6598,2324,23.1
2021-09-16,15048572,353341185,23.6,23.3,23.6,0.2,5020,2324,23.45
2021-09-17,27160080,640754633,23.8,23.5,23.5,-0.1,7176,2324,23.65
2021-09-22,34046706,806438003,24.05,23.05,24.05,0.55,10391,2324,23.25
2021-09-23,21022642,506365512,24.3,23.9,24.0,-0.05,7067,2324,24.3
2021-09-24,15327141,369687584,24.25,23.95,24.15,0.15,5282,2324,24.2
2021-09-27,14477568,350804126,24.3,24.05,24.3,0.15,5667,2324,24.2
2021-09-28,13555886,324934584,24.25,23.85,24.0,-0.3,5214,2324,24.2
2021-09-29,16787188,397122808,23.85,23.45,23.85,-0.15,5979,2324,23.8
2021-09-30,17488288,413372672,23.8,23.5,23.6,-0.25,4918,2324,23.8
2021-10-01,14350864,336097771,23.6,23.3,23.6,0.0,5199,2324,23.55
2021-10-04,13860215,326303817,23.7,23.4,23.6,0.0,4050,2324,23.55
2021-10-05,14028359,328697447,23.6,23.3,23.4,-0.2,4456,2324,23.5
2021-10-06,19934555,472216919,23.95,23.45,23.9,0.5,5983,2324,23.5
2021-10-07,16700274,403338341,24.3,23.9,24.15,0.25,5651,2324,23.9
2021-10-08,10886665,262618304,24.25,23.95,24.15,0.0,2952,2324,24.2
2021-10-12,27135302,656499451,24.4,24.05,24.1,-0.05,6023,2324,24.4
2021-10-13,19743325,478009734,24.35,24.1,24.1,0.0,5393,2324,24.3
2021-10-14,8676545,210085177,24.35,24.05,24.15,0.05,3462,2324,24.2
2021-10-15,12384553,297754077,24.3,23.95,24.05,-0.1,3988,2324,24.15
2021-10-18,8912864,214451516,24.2,23.95,24.05,0.0,3033,2324,24.1
2021-10-19,9234258,221524058,24.15,23.9,23.9,-0.15,2948,2324,24.0
2021-10-20,10736334,257589173,24.1,23.85,23.9,0.0,3968,2324,24.0
2021-10-21,12682803,305519396,24.2,23.95,24.0,0.1,3126,2324,24.0
2021-10-22,18008679,436482565,24.3,24.0,24.3,0.3,4330,2324,24.2
2021-10-25,10590433,258786476,24.55,24.3,24.45,0.15,3369,2324,24.3
2021-10-26,10442764,256199901,24.6,24.4,24.6,0.15,4341,2324,24.55
2021-10-27,10116015,250013351,24.8,24.5,24.8,0.2,3921,2324,24.5
2021-10-28,6618881,163953304,24.85,24.7,24.85,0.05,2399,2324,24.8
2021-10-29,13161460,322471410,24.85,24.4,24.45,-0.4,4337,2324,24.85
2021-11-01,9504975,230367088,24.5,24.1,24.2,-0.25,4072,2324,24.45
2021-11-02,10687280,259531075,24.45,24.15,24.2,0.0,3172,2324,24.2
2021-11-03,7682390,187683874,24.55,24.2,24.55,0.35,3945,2324,24.25
2021-11-04,11907754,290007442,24.5,24.25,24.3,-0.25,4675,2324,24.35
2021-11-05,9044685,219421014,24.45,24.1,24.35,0.05,3945,2324,24.3
2021-11-08,8298765,201544182,24.4,24.15,24.4,0.05,3117,2324,24.4
2021-11-09,8477900,205977422,24.4,24.2,24.35,-0.05,3573,2324,24.3
2021-11-10,18451170,444314880,24.3,24.0,24.15,-0.2,6590,2324,24.2
2021-11-11,7290408,175276289,24.1,23.95,24.1,-0.05,2964,2324,24.05
2021-11-12,30424342,727341876,24.15,23.8,23.9,-0.2,10396,2324,24.15
2021-11-15,21771415,514867496,23.8,23.5,23.7,-0.2,8761,2324,23.8
2021-11-16,17612202,416894016,23.85,23.55,23.7,0.0,6386,2324,23.55
2021-11-17,14601546,345211158,23.75,23.55,23.75,0.05,5487,2324,23.7
2021-11-18,15981416,376986318,23.7,23.55,23.6,-0.15,6924,2324,23.7
2021-11-19,16325910,383338976,23.65,23.4,23.55,-0.05,8377,2324,23.6
2021-11-22,12243296,287591104,23.6,23.4,23.55,0.0,4499,2324,23.55
2021-11-23,14465017,339163057,23.7,23.3,23.55,0.0,5899,2324,23.5
2021-11-24,10748946,254244204,23.75,23.45,23.75,0.2,4495,2324,23.5
2021-11-25,8115106,191844893,23.75,23.6,23.6,-0.15,3164,2324,23.75
2021-11-26,10760116,252225125,23.6,23.35,23.4,-0.2,4696,2324,23.6
2021-11-29,8256487,192832477,23.5,23.2,23.35,-0.05,3464,2324,23.25
2021-11-30,31059451,722924885,23.65,23.15,23.15,-0.2,6826,2324,23.4
2021-12-01,12456430,293888491,23.55,23.15,23.45,0.3,3975,2324,23.15
2021-12-02,10601642,248266942,23.55,23.35,23.35,-0.1,4022,2324,23.4
2021-12-03,15362729,358627542,23.45,23.25,23.3,-0.05,4103,2324,23.4
2021-12-06,17468547,413943154,23.9,23.2,23.85,0.55,6244,2324,23.3
2021-12-07,10617407,252006540,23.85,23.65,23.75,-0.1,3830,2324,23.8
2021-12-08,12778104,302668459,23.85,23.6,23.6,-0.15,3575,2324,23.85
2021-12-09,17922406,427003346,24.0,23.6,24.0,0.4,6755,2324,23.6
2021-12-10,41434761,1011086041,24.55,24.25,24.3,0.3,12875,2324,24.35
2021-12-13,17123331,411074056,24.5,24.05,24.05,-0.25,7237,2324,24.4
2021-12-14,9339064,222624541,24.0,23.7,23.85,-0.2,4124,2324,23.95
2021-12-15,12537597,298740609,24.0,23.7,23.75,-0.1,5785,2324,23.75
2021-12-16,13947233,335081109,24.15,23.85,24.0,0.25,6042,2324,23.85
2021-12-17,21588523,522179033,24.25,23.95,24.0,0.0,5863,2324,23.95
2021-12-20,14738877,353000826,24.1,23.85,23.9,-0.1,5823,2324,23.9
2021-12-21,19268331,460602910,24.05,23.8,23.85,-0.05,8030,2324,23.85
2021-12-22,15332340,366682613,24.0,23.75,24.0,0.15,3990,2324,24.0
2021-12-23,17629380,420533058,24.05,23.8,23.8,-0.2,4309,2324,24.0
2021-12-24,6456002,154820660,24.05,23.9,24.05,0.25,2253,2324,23.9
2021-12-27,5581736,134486203,24.2,24.05,24.15,0.1,2293,2324,24.1
2021-12-28,7405756,178799856,24.25,24.05,24.2,0.05,2811,2324,24.15
2021-12-29,7573716,183235051,24.3,24.1,24.25,0.05,3001,2324,24.25
2021-12-30,8490839,205225664,24.25,24.1,24.2,-0.05,3044,2324,24.25
2022-01-03,7231456,175223820,24.3,24.15,24.3,0.1,2766,2324,24.25
2022-01-04,9724015,236593204,24.45,24.15,24.35,0.05,4291,2324,24.3
2022-01-05,18113782,443297353,24.55,24.25,24.55,0.2,5936,2324,24.3
2022-01-06,11763912,288518938,24.65,24.4,24.65,0.1,4390,2324,24.5
2022-01-07,14814059,365828809,24.8,24.55,24.75,0.1,6637,2324,24.65
2022-01-10,12397699,306941317,24.85,24.6,24.85,0.1,5370,2324,24.75
2022-01-11,12829657,319883307,25.0,24.85,25.0,0.15,5432,2324,24.95
2022-01-12,12778967,318364997,25.1,24.75,24.9,-0.1,7150,2324,25.0
2022-01-13,11268106,281363206,25.0,24.85,25.0,0.1,5718,2324,24.95
2022-01-14,16592827,414909386,25.15,24.85,25.15,0.15,5562,2324,24.9
2022-01-17,13451967,338238325,25.3,25.0,25.3,0.15,5876,2324,25.05
2022-01-18,22556694,575704325,25.7,25.2,25.45,0.15,10587,2324,25.3
2022-01-19,14931428,378934568,25.55,25.25,25.45,0.0,6545,2324,25.35
2022-01-20,8827718,224190576,25.5,25.3,25.45,0.0,3499,2324,25.4
2022-01-21,25494389,643414514,25.45,25.0,25.45,0.0,6588,2324,25.35
2022-01-24,17820057,449706337,25.45,25.0,25.45,0.0,5666,2324,25.05
2022-01-25,15017525,378014861,25.3,25.05,25.25,-0.2,4841,2324,25.15
2022-01-26,13706632,345622922,25.3,25.1,25.2,-0.05,4735,2324,25.2
2022-02-07,18634571,469015706,25.3,25.05,25.15,-0.05,6703,2324,25.1
2022-02-08,12807898,326441674,25.6,25.25,25.55,0.4,4486,2324,25.3
2022-02-09,15425712,395195765,25.8,25.4,25.8,0.25,5819,2324,25.55
2022-02-10,17847358,457343268,25.75,25.5,25.7,-0.1,4933,2324,25.6
2022-02-11,11673714,299841932,25.85,25.5,25.75,0.05,3818,2324,25.65
2022-02-14,11162777,284304574,25.65,25.35,25.5,-0.25,4014,2324,25.6
2022-02-15,13293064,336254321,25.45,25.2,25.25,-0.25,6592,2324,25.2
2022-02-16,9759097,247454683,25.45,25.25,25.35,0.1,4277,2324,25.4
2022-02-17,10987887,279107307,25.5,25.3,25.5,0.15,3563,2324,25.45
2022-02-18,11479509,294196628,25.75,25.35,25.75,0.25,4494,2324,25.4
2022-02-21,13969974,344353904,25.75,25.45,25.65,-0.1,3200,2324,25.75
2022-02-22,14441548,370012501,25.85,25.4,25.85,0.2,5363,2324,25.65
2022-02-23,9146631,236100227,25.95,25.7,25.85,0.0,4099,2324,25.8
2022-02-24,18217188,464584369,25.7,25.35,25.5,-0.35,6911,2324,25.65
2022-02-25,18650428,473419221,25.55,25.2,25.4,-0.1,7016,2324,25.45
2022-03-01,13153907,338024317,25.9,25.5,25.8,0.4,4002,2324,25.55
2022-03-02,10540799,271639512,25.9,25.65,25.75,-0.05,3399,2324,25.8
2022-03-03,10234694,265326701,26.1,25.75,25.95,0.2,4959,2324,25.9
2022-03-04,6507613,167244169,25.85,25.6,25.7,-0.25,3873,2324,25.75
2022-03-07,21574943,543136225,25.55,25.0,25.35,-0.35,7144,2324,25.55
2022-03-08,17813882,446909915,25.3,24.95,25.1,-0.25,6398,2324,25.0
2022-03-09,6498931,163734686,25.35,25.1,25.3,0.2,2403,2324,25.25
2022-03-10,9112135,233480696,25.75,25.35,25.7,0.4,2800,2324,25.45
2022-03-11,7776539,200357919,25.85,25.55,25.85,0.15,3212,2324,25.7
2022-03-14,9839087,254479947,25.95,25.7,25.9,0.05,3089,2324,25.9
2022-03-15,11282299,290930151,25.95,25.65,25.8,-0.1,3751,2324,25.8
2022-03-16,62449189,1669986046,27.1,26.2,27.0,1.2,17159,2324,26.2
2022-03-17,29218449,786131748,27.2,26.7,26.8,-0.2,11679,2324,27.05
2022-03-18,27827502,749811748,27.0,26.7,27.0,0.2,5966,2324,26.8
2022-03-21,14844281,398160477,27.0,26.7,26.8,-0.2,5677,2324,27.0
2022-03-22,14474378,388167740,27.0,26.6,27.0,0.2,4530,2324,26.8
2022-03-23,14965774,401091129,27.0,26.7,26.75,-0.25,5623,2324,27.0
2022-03-24,9661293,258916063,26.9,26.7,26.9,0.15,3959,2324,26.75
2022-03-25,7741163,208362492,27.0,26.8,27.0,0.1,3436,2324,26.9
2022-03-28,11008927,297359090,27.2,26.75,27.2,0.2,5185,2324,26.85
2022-03-29,12121727,327010336,27.15,26.85,26.95,-0.25,5724,2324,27.1
2022-03-30,10775889,290391495,27.05,26.9,26.9,-0.05,5705,2324,27.0
2022-03-31,14079369,378042351,27.0,26.8,26.8,-0.1,4727,2324,26.95
2022-04-01,11034292,295050964,26.9,26.6,26.9,0.1,5671,2324,26.7
2022-04-06,17373526,463655840,26.9,26.55,26.9,0.0,6815,2324,26.65
2022-04-07,30114986,792026533,26.65,26.05,26.05,-0.85,11311,2324,26.6
2022-04-08,22225933,580962737,26.35,26.0,26.15,0.1,6960,2324,26.2
2022-04-11,27102565,696296393,26.15,25.5,25.65,-0.5,11203,2324,26.15
2022-04-12,22972592,583524306,25.6,25.3,25.35,-0.3,7637,2324,25.5
2022-04-13,18009878,459690309,25.7,25.3,25.7,0.35,6434,2324,25.3
2022-04-14,16998295,433182411,25.65,25.4,25.4,-0.3,5744,2324,25.65
2022-04-15,17498684,443843801,25.45,25.2,25.45,0.05,5398,2324,25.4
2022-04-18,26100806,662078422,25.5,25.25,25.4,-0.05,9580,2324,25.5
2022-04-19,26096575,660545804,25.5,25.2,25.2,-0.2,10348,2324,25.4
2022-04-20,32733286,825784839,25.4,25.15,25.2,0.0,11764,2324,25.4
2022-04-21,36925908,936599690,25.5,25.25,25.4,0.2,9830,2324,25.3
2022-04-22,105647226,2437100254,23.1,22.7,22.8,0.0,30531,2324,23.0
2022-04-25,37567542,835408591,22.65,22.05,22.2,-0.6,15908,2324,22.65
2022-04-26,25289020,567194351,22.6,22.25,22.6,0.4,7634,2324,22.3
2022-04-27,29107259,641998661,22.35,21.95,22.1,-0.5,12934,2324,22.35
2022-04-28,21509092,470544338,22.1,21.75,22.0,-0.1,10351,2324,22.05
2022-04-29,14118400,313699450,22.4,22.0,22.25,0.25,4422,2324,22.1
2022-05-03,10343988,228862515,22.35,22.05,22.1,-0.15,4458,2324,22.25
2022-05-04,16556050,374002305,22.8,22.25,22.65,0.55,5682,2324,22.3
2022-05-05,12846713,291126406,23.0,22.5,22.55,-0.1,7312,2324,22.9
2022-05-06,17338602,390721781,22.7,22.2,22.6,0.05,5533,2324,22.3
2022-05-09,13824790,313093717,22.9,22.4,22.65,0.05,4754,2324,22.55
2022-05-10,22153574,504892401,23.1,22.15,23.05,0.4,7578,2324,22.5
2022-05-11,16784701,384149486,23.05,22.7,23.0,-0.05,4489,2324,23.05
2022-05-12,21877155,500240075,23.0,22.75,23.0,0.0,5489,2324,23.0
2022-05-13,28027122,631574447,22.9,22.25,22.9,-0.1,10431,2324,22.9
2022-05-16,24626777,560160954,23.05,22.4,23.0,0.1,8224,2324,22.8
2022-05-17,15237002,349736546,23.1,22.75,22.9,-0.1,5595,2324,23.1
2022-05-18,28003533,643330357,23.1,22.75,23.05,0.15,10226,2324,22.8
2022-05-19,13864976,317472863,23.1,22.55,22.9,-0.15,5114,2324,22.55
2022-05-20,15084405,341820576,22.95,22.55,22.6,-0.3,7155,2324,22.9
2022-05-23,18557316,414254818,22.65,22.15,22.2,-0.4,8414,2324,22.6
2022-05-24,13197078,294267716,22.45,22.2,22.2,0.0,4341,2324,22.25
2022-05-25,15433295,347953310,22.75,22.2,22.6,0.4,4610,2324,22.4
2022-05-26,14987665,338654298,22.75,22.4,22.5,-0.1,4498,2324,22.65
2022-05-27,12364030,281474523,22.9,22.6,22.8,0.3,4520,2324,22.65
2022-05-30,13865939,317813483,23.0,22.85,22.95,0.15,4854,2324,22.9
2022-05-31,42395550,974797146,23.05,22.8,23.0,0.05,4834,2324,22.95
2022-06-01,16184716,374470815,23.35,22.95,23.05,0.05,5135,2324,22.95
2022-06-02,8077240,186490850,23.2,22.85,23.1,0.05,3314,2324,22.9
2022-06-06,7805580,180363902,23.25,22.85,23.2,0.1,3066,2324,22.95
2022-06-07,10429601,240167705,23.25,22.95,23.0,-0.2,4823,2324,23.1
2022-06-08,9311208,215528086,23.3,23.05,23.2,0.2,3445,2324,23.05
2022-06-09,8531440,196695698,23.2,23.0,23.0,-0.2,2754,2324,23.05
2022-06-10,8346545,191790937,23.05,22.85,23.0,0.0,2630,2324,22.9
2022-06-13,14749049,338037411,23.15,22.6,23.0,0.0,5046,2324,22.8
2022-06-14,8749188,200046345,23.0,22.8,22.8,-0.2,3422,2324,23.0
2022-06-15,8849708,202940848,23.0,22.85,22.85,0.05,4394,2324,22.85
2022-06-16,10536713,240562810,23.05,22.75,22.75,-0.1,4095,2324,23.0
2022-06-17,27327324,615878752,22.7,22.4,22.55,-0.2,7065,2324,22.6
2022-06-20,17740331,396410039,22.8,22.15,22.35,-0.2,7827,2324,22.45
2022-06-21,14936406,340853977,22.95,22.35,22.95,0.6,6155,2324,22.6
2022-06-22,9446750,215030013,22.95,22.6,22.7,-0.25,3113,2324,22.9
2022-06-23,9989829,227328890,22.95,22.55,22.85,0.15,2925,2324,22.9
2022-06-24,9930519,226083808,23.0,22.55,22.75,-0.1,4254,2324,23.0
2022-06-27,10550665,241365586,23.05,22.7,22.8,0.05,3831,2324,22.95
2022-06-28,10231665,233134718,22.95,22.65,22.9,0.1,2671,2324,22.9
2022-06-29,11281286,254732214,22.75,22.5,22.55,-0.35,4043,2324,22.65
2022-06-30,25224177,570689435,22.8,22.4,22.75,0.2,4896,2324,22.6
2022-07-01,23450332,524973134,22.55,22.25,22.4,-0.35,6866,2324,22.55
2022-07-04,9927012,221867045,22.7,22.2,22.3,-0.1,2881,2324,22.5
2022-07-05,12614608,280035300,22.6,22.05,22.15,-0.15,4066,2324,22.55
2022-07-06,22572309,487561647,22.15,21.35,21.4,-0.75,9497,2324,22.15
2022-07-07,10544622,227970595,21.85,21.3,21.65,0.25,4017,2324,21.4
2022-07-08,6951898,152059996,22.0,21.65,21.9,0.25,3117,2324,21.65
2022-07-11,6134495,134485717,22.1,21.8,21.9,0.0,2598,2324,22.0
2022-07-12,15350064,333226511,21.95,21.45,21.85,-0.05,5156,2324,21.9
2022-07-13,16985659,377299113,22.4,22.0,22.25,0.4,5033,2324,22.2
2022-07-14,9669669,213559302,22.25,22.0,22.0,-0.25,3561,2324,22.1
2022-07-15,8773387,192179168,22.1,21.8,21.85,-0.15,3741,2324,22.0
2022-07-18,20028494,438014729,22.1,21.65,21.9,0.05,6237,2324,21.85
2022-07-19,20155714,439310349,21.95,21.65,21.95,0.05,6841,2324,21.9
2022-07-20,21164843,467141958,22.2,21.9,22.1,0.15,6764,2324,21.95
2022-07-21,19048812,423958199,22.45,21.95,22.4,0.3,8623,2324,22.15
2022-07-22,18930311,427422573,22.7,22.3,22.7,0.3,5042,2324,22.3
2022-07-25,6015562,137099542,22.9,22.5,22.8,0.1,2373,2324,22.7
2022-07-26,9107631,206117192,22.85,22.5,22.6,-0.2,3955,2324,22.65
2022-07-27,8306622,189425952,22.95,22.65,22.95,0.35,3266,2324,22.7
2022-07-28,7655563,175886333,23.05,22.85,23.05,0.1,3175,2324,23.0
2022-07-29,9313206,212717993,23.15,22.75,22.8,-0.25,3243,2324,23.15
2022-08-01,8687197,200015931,23.1,22.8,23.1,0.3,3863,2324,22.9
2022-08-02,12685541,291270974,23.15,22.75,22.95,-0.15,3878,2324,22.8
2022-08-03,10099766,232145250,23.1,22.8,23.1,0.15,3970,2324,22.85
2022-08-04,9802412,224990185,23.15,22.85,22.85,-0.25,3652,2324,23.0
2022-08-05,8357340,192378292,23.2,22.9,22.95,0.1,3692,2324,23.15
2022-08-08,5697346,131194348,23.1,22.95,23.1,0.15,1917,2324,23.0
2022-08-09,7423521,171256308,23.15,22.95,23.1,0.0,3864,2324,23.1
2022-08-10,10741988,247248771,23.2,22.9,23.0,-0.1,4180,2324,22.9
2022-08-11,11387472,264114008,23.3,23.05,23.25,0.25,4226,2324,23.3
2022-08-12,9775312,225592713,23.35,22.95,23.05,-0.2,4573,2324,23.25
2022-08-15,32808085,737797932,22.85,22.3,22.45,-0.6,11946,2324,22.8
2022-08-16,13159220,295478115,22.65,22.25,22.5,0.05,4801,2324,22.3
2022-08-17,8001326,180164541,22.6,22.4,22.6,0.1,4124,2324,22.55
2022-08-18,7338815,166540496,22.8,22.45,22.75,0.15,3030,2324,22.55
2022-08-19,10739187,245496329,23.0,22.6,22.9,0.15,3729,2324,22.6
2022-08-22,14692054,338866479,23.25,22.7,23.15,0.25,5553,2324,22.7
2022-08-23,10389680,238769687,23.2,22.9,22.9,-0.25,3473,2324,23.05
2022-08-24,11558018,265699843,23.15,22.85,22.95,0.05,3155,2324,22.9
2022-08-25,7007091,161870283,23.2,23.0,23.15,0.2,2789,2324,23.0
2022-08-26,6540214,150746321,23.2,22.95,23.0,-0.15,2965,2324,23.15
2022-08-29,15345991,348634114,22.9,22.6,22.65,-0.35,4632,2324,22.7
2022-08-30,10703765,243154133,22.9,22.55,22.7,0.05,3897,2324,22.65
2022-08-31,23396506,532086327,22.85,22.6,22.75,0.05,2532,2324,22.65
2022-09-01,17937466,406580119,22.85,22.5,22.65,-0.1,4388,2324,22.55
2022-09-02,13816155,311422577,22.75,22.4,22.4,-0.25,4625,2324,22.65
2022-09-05,8107034,182853904,22.7,22.4,22.55,0.15,2338,2324,22.4
2022-09-06,8949364,202621707,22.75,22.5,22.75,0.2,3261,2324,22.65
2022-09-07,12600739,283171443,22.65,22.3,22.45,-0.3,6042,2324,22.55
2022-09-08,15014721,342203424,23.0,22.35,23.0,0.55,6093,2324,22.5
2022-09-12,10556662,242764740,23.1,22.8,23.0,0.0,5206,2324,23.05
2022-09-13,9717244,224159891,23.15,22.9,23.15,0.15,3859,2324,23.1
2022-09-14,15636999,353842233,22.85,22.55,22.55,-0.6,7772,2324,22.7
2022-09-15,18955450,432937249,23.0,22.55,22.8,0.25,5693,2324,22.55
2022-09-16,42570692,957504931,22.9,22.4,22.5,-0.3,10130,2324,22.65
2022-09-19,21555701,485796777,22.65,22.35,22.6,0.1,5152,2324,22.5
2022-09-20,31716439,716351139,22.7,22.4,22.7,0.1,5695,2324,22.55
2022-09-21,30469307,680199918,22.6,22.25,22.25,-0.45,6442,2324,22.6
2022-09-22,32131742,710421426,22.3,22.0,22.05,-0.2,6210,2324,22.2
2022-09-23,6746911,149436187,22.25,22.05,22.1,0.05,2445,2324,22.1
2022-09-26,18711822,411093393,22.1,21.9,21.9,-0.2,4657,2324,22.0
2022-09-27,17766604,387610241,22.1,21.75,21.8,-0.1,5019,2324,21.85
2022-09-28,22439882,487868018,21.95,21.6,21.7,-0.1,5460,2324,21.8
2022-09-29,30098565,656322935,22.65,21.65,21.75,0.05,7801,2324,21.8
2022-09-30,18220893,394587076,21.8,21.5,21.7,-0.05,3624,2324,21.7
2022-10-03,10933855,235392172,21.6,21.45,21.45,-0.25,3036,2324,21.5
2022-10-04,15980126,347612133,22.0,21.6,21.7,0.25,3535,2324,21.65
2022-10-05,14960497,325697214,21.95,21.65,21.7,0.0,3677,2324,21.75
2022-10-06,8466059,184220776,21.9,21.7,21.7,0.0,2524,2324,21.75
2022-10-07,6573645,142283179,21.7,21.55,21.6,-0.1,2262,2324,21.7
2022-10-11,16035485,344711813,21.65,21.3,21.35,-0.25,4834,2324,21.45
2022-10-12,11115219,239022593,21.7,21.3,21.5,0.15,3155,2324,21.35
2022-10-13,16615106,358424879,21.7,21.3,21.7,0.2,4464,2324,21.45
2022-10-14,14664907,315393467,21.75,21.4,21.4,-0.3,6133,2324,21.7
2022-10-17,17532406,372381162,21.4,21.1,21.25,-0.15,4339,2324,21.3
2022-10-18,20070767,424441910,21.4,21.0,21.15,-0.1,5936,2324,21.35
2022-10-19,20092230,425219916,21.4,21.0,21.05,-0.1,4637,2324,21.1
2022-10-20,21522632,451947856,21.2,20.85,21.05,0.0,4591,2324,21.0
2022-10-21,19691110,413783992,21.2,20.8,20.85,-0.2,4583,2324,21.15
2022-10-24,9772617,203324667,21.05,20.65,20.75,-0.1,4230,2324,21.05
2022-10-25,8367259,173426747,20.85,20.6,20.75,0.0,3171,2324,20.85
2022-10-26,9310638,191879069,20.75,20.55,20.55,-0.2,3587,2324,20.75
2022-10-27,13162050,271615282,20.8,20.55,20.6,0.05,3578,2324,20.65
2022-10-28,6137320,127367221,20.9,20.65,20.75,0.15,2035,2324,20.65
2022-10-31,9645747,202795987,21.1,20.8,21.1,0.35,2482,2324,20.85
2022-11-01,6950302,145619653,21.15,20.9,20.9,-0.2,2896,2324,21.1
2022-11-02,6512040,137141051,21.2,20.9,21.15,0.25,3106,2324,21.0
2022-11-03,6769585,141327350,20.95,20.75,20.9,-0.25,2469,2324,20.75
2022-11-04,11393836,239867481,21.3,20.7,21.3,0.4,3233,2324,20.8
2022-11-07,7852523,167764828,21.45,21.2,21.45,0.15,3232,2324,21.25
2022-11-08,12132273,259333301,21.5,21.25,21.45,0.0,5754,2324,21.45
2022-11-09,9948525,215887831,21.8,21.45,21.8,0.35,3581,2324,21.55
2022-11-10,7625727,165965082,21.9,21.65,21.75,-0.05,2380,2324,21.8
2022-11-11,10705826,235280955,22.1,21.85,22.05,0.3,4226,2324,22.0
2022-11-14,19076659,417720583,22.1,21.65,22.0,-0.05,6271,2324,22.05
2022-11-15,11612196,254375586,22.0,21.7,21.95,-0.05,3462,2324,21.95
2022-11-16,12085214,264218303,22.1,21.7,21.7,-0.25,4086,2324,21.9
2022-11-17,11519903,247865906,21.7,21.35,21.6,-0.1,4837,2324,21.55
2022-11-18,10631853,229336541,21.7,21.45,21.65,0.05,4263,2324,21.65
2022-11-21,15235272,322126025,21.5,21.05,21.1,-0.55,8306,2324,21.4
2022-11-22,19339930,402325294,20.95,20.7,20.9,-0.2,9165,2324,20.95
2022-11-23,10964889,230890858,21.2,20.9,21.05,0.15,4390,2324,21.0
2022-11-24,11032905,236582541,21.85,21.2,21.85,0.8,4627,2324,21.2
2022-11-25,10979841,235652907,21.6,21.35,21.6,-0.25,5342,2324,21.6
2022-11-28,13143887,282001639,21.75,21.25,21.75,0.15,4896,2324,21.35
2022-11-29,13873521,298003072,21.65,21.3,21.5,-0.25,6118,2324,21.55
2022-11-30,49428887,1068260553,21.65,21.3,21.65,0.15,4459,2324,21.4
2022-12-01,15266735,329639686,21.75,21.5,21.55,-0.1,5469,2324,21.7
2022-12-02,14470191,311861166,21.65,21.5,21.55,0.0,5155,2324,21.55
2022-12-05,14357679,312307159,21.85,21.5,21.85,0.3,6462,2324,21.6
2022-12-06,9144135,198062257,21.75,21.5,21.7,-0.15,4690,2324,21.7
2022-12-07,12820101,276416949,21.75,21.35,21.65,-0.05,5664,2324,21.45
2022-12-08,7692899,166227324,21.7,21.45,21.65,0.0,3408,2324,21.55
2022-12-09,10725191,234200342,21.95,21.65,21.95,0.3,4415,2324,21.7
2022-12-12,8147298,177432569,21.95,21.55,21.95,0.0,3782,2324,21.75
2022-12-13,13722389,298202238,21.9,21.65,21.7,-0.25,5037,2324,21.9
2022-12-14,9359559,205144033,22.0,21.8,22.0,0.3,3462,2324,21.85
2022-12-15,4901481,107198615,21.95,21.8,21.9,-0.1,2515,2324,21.85
2022-12-16,36845408,821022725,22.85,21.65,22.85,0.95,8601,2324,21.7
2022-12-19,42746455,968848557,22.85,22.05,22.85,0.0,13170,2324,22.5
2022-12-20,32753839,741970793,22.8,22.45,22.7,-0.15,8097,2324,22.75
2022-12-21,27799611,632319368,22.85,22.45,22.85,0.15,6323,2324,22.55
2022-12-22,24445768,558480999,22.95,22.7,22.85,0.0,5297,2324,22.85
2022-12-23,9575543,219024693,22.95,22.65,22.95,0.1,3491,2324,22.75
2022-12-26,4423721,101490740,23.0,22.85,23.0,0.05,2276,2324,22.95
2022-12-27,6229707,143222295,23.1,22.9,23.0,0.0,2332,2324,23.0
2022-12-28,6787058,155520453,23.0,22.8,22.95,-0.05,3121,2324,22.9
2022-12-29,10827170,248343465,23.05,22.7,23.05,0.1,4370,2324,22.75
2022-12-30,11056034,255116614,23.15,22.95,23.05,0.0,3933,2324,23.05
2023-01-03,9711459,224345954,23.2,22.85,23.2,0.15,3279,2324,23.0
2023-01-04,8232166,190473742,23.3,23.0,23.05,-0.15,3109,2324,23.2
2023-01-05,7547582,173659420,23.25,22.9,23.0,-0.05,3958,2324,23.15
2023-01-06,5383258,123944424,23.05,22.9,23.05,0.05,2535,2324,23.0
2023-01-09,10579461,245747973,23.3,23.15,23.3,0.25,3675,2324,23.15
2023-01-10,8879012,206010701,23.3,23.05,23.25,-0.05,3546,2324,23.25
2023-01-11,8613949,198044519,23.25,22.9,22.9,-0.35,5758,2324,23.2
2023-01-12,10161747,231036968,23.0,22.6,22.7,-0.2,4587,2324,23.0
2023-01-13,7447572,169377621,22.95,22.65,22.7,0.0,3003,2324,22.8
2023-01-16,7886578,179462896,22.9,22.65,22.75,0.05,3202,2324,22.8
2023-01-17,5728770,130723207,22.85,22.75,22.85,0.1,2345,2324,22.75
2023-01-30,20331976,468357468,23.25,22.8,23.2,0.35,8752,2324,23.2
2023-01-31,24972915,567713615,23.15,22.6,22.6,-0.6,7405,2324,23.15
2023-02-01,9736396,221521034,22.9,22.6,22.8,0.2,4764,2324,22.7
2023-02-02,12292589,282976074,23.15,22.85,23.05,0.25,5007,2324,23.0
2023-02-03,7412522,170697587,23.1,22.9,22.95,-0.1,2832,2324,23.0
2023-02-06,19612726,458528505,23.6,23.0,23.4,0.45,6885,2324,23.0
2023-02-07,12988990,306095819,23.7,23.4,23.6,0.2,4928,2324,23.45
2023-02-08,5700809,134282813,23.7,23.45,23.5,-0.1,3199,2324,23.6
2023-02-09,7487682,176731729,23.7,23.5,23.55,0.05,2650,2324,23.55
2023-02-10,11363125,267400178,23.7,23.4,23.45,-0.1,2978,2324,23.5
2023-02-13,16686553,393356067,23.75,23.25,23.7,0.25,4411,2324,23.5
2023-02-14,12639285,297575205,23.75,23.45,23.5,-0.2,3552,2324,23.7
2023-02-15,11919356,279704251,23.6,23.4,23.5,0.0,3589,2324,23.6
2023-02-16,19899743,469333504,23.7,23.5,23.5,0.0,4693,2324,23.55
2023-02-17,7612254,179401706,23.6,23.5,23.55,0.05,2302,2324,23.5
2023-02-20,6642240,156617851,23.65,23.5,23.6,0.05,2216,2324,23.55
2023-02-21,4751945,112207008,23.65,23.5,23.65,0.05,2141,2324,23.6
2023-02-22,9872832,233768087,23.8,23.5,23.7,0.05,2838,2324,23.55
2023-02-23,15194633,364628711,24.2,23.7,24.15,0.45,5564,2324,23.75
2023-02-24,16035672,387632712,24.3,24.0,24.15,0.0,4084,2324,24.15
2023-03-01,14843783,359694594,24.35,24.1,24.25,0.1,6122,2324,24.15
2023-03-02,11921565,288990419,24.35,24.05,24.25,0.0,4235,2324,24.25
2023-03-03,5302285,129146484,24.4,24.25,24.4,0.15,2238,2324,24.3
2023-03-06,15767298,389881633,24.85,24.4,24.85,0.45,5586,2324,24.5
2023-03-07,7711164,191093315,24.85,24.7,24.85,0.0,2972,2324,24.85
2023-03-08,5896700,145988292,24.85,24.65,24.8,-0.05,2692,2324,24.75
2023-03-09,9329711,230778238,24.85,24.6,24.75,-0.05,3287,2324,24.8
2023-03-10,18378614,452403282,24.75,24.45,24.65,-0.1,4342,2324,24.5
2023-03-13,26028255,642209261,24.9,24.4,24.65,0.0,6085,2324,24.55
2023-03-14,20294509,496084415,24.7,24.25,24.35,-0.3,6127,2324,24.45
2023-03-15,14320476,348655665,24.55,24.2,24.25,-0.1,3997,2324,24.45
2023-03-16,27781368,666388536,24.2,23.6,24.2,-0.05,6685,2324,23.7
2023-03-17,26420769,639873085,24.35,24.0,24.2,0.0,4620,2324,24.2
2023-03-20,13776198,331411465,24.25,23.95,24.0,-0.2,4675,2324,24.2
2023-03-21,11345079,275772893,24.4,24.1,24.3,0.3,3842,2324,24.4
2023-03-22,15498188,381580130,24.7,24.35,24.7,0.4,5305,2324,24.35
2023-03-23,19698623,489627097,25.0,24.65,24.85,0.15,6660,2324,24.65
2023-03-24,14221806,352152769,24.9,24.7,24.7,-0.15,5868,2324,24.85
2023-03-27,12247943,303767444,24.9,24.7,24.75,0.05,3795,2324,24.8
2023-03-28,11119862,274763820,24.8,24.55,24.7,-0.05,4183,2324,24.75
2023-03-29,12889812,319160532,24.8,24.65,24.8,0.1,4312,2324,24.7
2023-03-30,23861998,597963192,25.25,24.85,25.25,0.45,8954,2324,24.9
2023-03-31,16839652,426497106,25.5,25.2,25.25,0.0,5952,2324,25.5
2023-04-06,20488808,517306661,25.45,24.85,25.45,0.2,8717,2324,25.15
2023-04-07,18058128,461507312,25.65,25.4,25.65,0.2,5659,2324,25.5
2023-04-10,11520522,295848958,25.75,25.6,25.65,0.0,5128,2324,25.65
2023-04-11,15613939,401267149,25.75,25.6,25.75,0.1,5790,2324,25.65
2023-04-12,18086199,465189737,25.8,25.6,25.75,0.0,6069,2324,25.75
2023-04-13,20509904,525962176,25.8,25.5,25.55,-0.2,6717,2324,25.75
2023-04-14,18124508,459141674,25.6,25.2,25.25,-0.3,5907,2324,25.5
2023-04-17,25880634,651998848,25.4,25.05,25.15,-0.1,6346,2324,25.25
2023-04-18,15696909,394418380,25.2,25.0,25.15,0.0,4571,2324,25.2
2023-04-19,47344953,1212661639,25.8,25.1,25.65,0.5,14538,2324,25.15
2023-04-20,38302021,929934036,24.55,24.1,24.15,0.0,15679,2324,24.5
2023-04-21,25797197,630843742,24.6,24.2,24.4,0.25,6990,2324,24.35
2023-04-24,24043024,576355611,24.3,23.85,23.95,-0.45,9037,2324,24.25
2023-04-25,18734988,443616374,24.05,23.55,23.7,-0.25,6605,2324,24.0
2023-04-26,15291338,363115404,23.95,23.6,23.75,0.05,5856,2324,23.7
2023-04-27,6934364,164742194,23.9,23.6,23.75,0.0,3169,2324,23.8
2023-04-28,12453453,297697341,24.0,23.75,23.95,0.2,3569,2324,23.9
2023-05-02,17172584,416229188,24.45,23.9,24.3,0.35,7776,2324,24.05
2023-05-03,14642108,355938451,24.4,24.1,24.4,0.1,5098,2324,24.3
2023-05-04,7291171,176249282,24.3,24.1,24.15,-0.25,3395,2324,24.2
2023-05-05,8754172,211006309,24.25,24.0,24.15,0.0,3438,2324,24.25
2023-05-08,12743759,312210601,24.65,24.2,24.6,0.45,4799,2324,24.3
2023-05-09,31314573,790670802,25.45,24.7,25.35,0.75,12024,2324,24.7
2023-05-10,24102393,613866109,25.6,25.1,25.6,0.25,9952,2324,25.4
2023-05-11,28359684,729593656,25.85,25.55,25.85,0.25,10273,2324,25.75
2023-05-12,26421714,680988028,25.95,25.4,25.85,0.0,9216,2324,25.85
2023-05-15,18743438,484715590,26.0,25.7,25.9,0.05,6756,2324,25.85
2023-05-16,20233597,524347182,26.0,25.65,26.0,0.1,8311,2324,26.0
2023-05-17,32815637,861261600,26.45,25.85,26.35,0.35,11705,2324,26.0
2023-05-18,28617595,760732557,27.0,26.3,26.45,0.1,9359,2324,26.6
2023-05-19,26665427,703137951,26.5,26.0,26.4,-0.05,7877,2324,26.4
2023-05-22,30917372,825285604,26.95,26.25,26.7,0.3,9946,2324,26.6
2023-05-23,29481200,776743696,26.7,26.15,26.45,-0.25,9753,2324,26.7
2023-05-24,33502547,889404845,27.0,26.15,27.0,0.55,12033,2324,26.2
2023-05-25,36579491,989024806,27.35,26.8,27.35,0.35,11498,2324,27.0
2023-05-26,50235906,1379663903,27.8,27.15,27.55,0.2,15297,2324,27.35
2023-05-29,58243533,1643336175,28.65,27.7,28.15,0.6,20612,2324,27.75
2023-05-30,35235990,970864889,28.45,27.25,27.55,-0.6,20920,2324,28.4
2023-05-31,56452002,1563475717,27.85,27.35,27.85,0.3,10132,2324,27.55
2023-06-01,34783296,944664334,27.8,26.8,27.3,-0.55,15705,2324,27.8
2023-06-02,59175669,1673532027,28.65,27.25,28.4,1.1,20440,2324,27.3
2023-06-05,24999412,710789864,28.8,28.15,28.25,-0.15,10695,2324,28.6
2023-06-06,18213941,511042134,28.45,27.9,28.0,-0.25,7415,2324,28.25
2023-06-07,23775795,671244066,28.45,28.0,28.45,0.45,7937,2324,28.05
2023-06-08,33997080,962822363,28.8,28.05,28.2,-0.25,10419,2324,28.6
2023-06-09,24873450,713558451,28.85,28.4,28.85,0.65,9211,2324,28.45
2023-06-12,20365642,582865307,29.1,28.3,28.5,-0.35,10168,2324,29.0
2023-06-13,31588461,913833131,29.3,28.45,29.0,0.5,9097,2324,28.5
2023-06-14,24787809,710012861,28.9,28.4,28.55,-0.45,8206,2324,28.8
2023-06-15,35456872,1014357197,28.8,28.35,28.7,0.15,7904,2324,28.55
2023-06-16,87409957,2605524195,30.55,28.75,29.9,1.2,23990,2324,28.8
2023-06-19,69820787,1978797239,29.75,27.65,28.55,-1.35,24243,2324,29.75
2023-06-20,33260265,955319655,28.9,28.25,28.9,0.35,7819,2324,28.45
2023-06-21,31975034,933756626,29.45,28.85,29.35,0.45,10070,2324,29.0
2023-06-26,24113007,700577148,29.35,28.65,29.1,-0.25,7310,2324,29.35
2023-06-27,12894837,370492388,29.0,28.55,28.75,-0.35,5741,2324,29.0
2023-06-28,13399630,388245835,29.2,28.7,29.05,0.3,4530,2324,28.8
2023-06-29,46100654,1368332753,30.35,29.05,29.5,0.45,14161,2324,29.15
2023-06-30,24649637,717046689,29.4,28.85,29.25,-0.25,7782,2324,29.3
2023-07-03,18669949,554168525,30.0,29.2,29.7,0.45,6078,2324,29.25
2023-07-04,35897346,1080130133,30.7,29.55,30.25,0.55,12008,2324,30.0
2023-07-05,14165465,428253458,30.6,29.95,30.05,-0.2,7232,2324,30.25
2023-07-06,17707958,528445716,30.3,29.35,29.8,-0.25,7434,2324,29.8
2023-07-07,31223231,909183478,29.45,28.85,29.2,-0.6,9522,2324,29.35
2023-07-10,26366065,755747030,29.5,28.3,28.7,-0.5,10060,2324,29.45
2023-07-11,20249546,582759625,28.95,28.5,28.95,0.25,5143,2324,28.6
2023-07-12,22441201,659547618,29.6,29.1,29.55,0.6,7636,2324,29.15
2023-07-13,117279951,3660901554,32.2,29.85,30.55,1.0,40319,2324,29.95
2023-07-14,51540847,1564515640,31.3,29.6,30.5,-0.05,20466,2324,30.95
2023-07-17,115016264,3765153682,33.55,30.5,33.55,3.05,37954,2324,30.75
2023-07-18,247271089,8769263318,36.9,33.7,34.45,0.9,90897,2324,36.6
2023-07-19,163537560,5231742735,34.3,31.05,31.1,-3.35,65652,2324,34.0
2023-07-20,62770572,1923643533,31.4,30.25,30.45,-0.65,26020,2324,30.7
2023-07-21,53573525,1649106737,31.3,29.85,31.05,0.6,22263,2324,30.0
2023-07-24,49981109,1576925671,31.9,31.0,31.65,0.6,20560,2324,31.05
2023-07-25,53251306,1717569896,32.8,31.8,31.8,0.15,22717,2324,32.1
2023-07-26,26735552,839268741,31.75,31.0,31.65,-0.15,11824,2324,31.75
2023-07-27,25835354,807441623,32.1,30.9,30.95,-0.7,13903,2324,31.75
2023-07-28,26580298,824210187,31.3,30.65,31.3,0.35,11302,2324,31.0
2023-07-31,46359078,1426392015,31.85,30.1,30.45,-0.85,16558,2324,31.5
2023-08-01,17691541,534559840,30.6,29.85,30.3,-0.15,8170,2324,30.45
2023-08-02,39802968,1179686657,30.4,29.1,29.45,-0.85,15581,2324,30.0
2023-08-04,20925136,624258883,30.3,29.15,30.05,0.6,8015,2324,29.3
2023-08-07,29517050,906978546,31.15,29.85,30.95,0.9,11852,2324,29.95
2023-08-08,33571665,1049229433,31.6,30.7,31.4,0.45,12528,2324,30.9
2023-08-09,19724691,619843662,31.6,31.1,31.55,0.15,8191,2324,31.35
2023-08-10,30540280,917228962,30.8,29.7,30.0,-1.55,15107,2324,30.5
2023-08-11,32693303,1004687777,31.2,29.9,30.75,0.75,11880,2324,30.1
2023-08-14,115295026,3780294679,33.7,31.3,32.75,2.0,49885,2324,31.75
2023-08-15,251821050,8934567076,36.0,34.0,35.8,3.05,87472,2324,34.0
2023-08-16,146966043,5146368442,35.95,33.65,35.95,0.15,59777,2324,34.85
2023-08-17,176944979,6540551177,37.65,36.1,37.0,1.05,78986,2324,36.3
2023-08-18,113177799,4023406999,37.35,34.25,34.75,-2.25,56057,2324,36.5
2023-08-21,63882964,2238196817,35.75,34.6,34.65,-0.1,25982,2324,35.6
2023-08-22,70648469,2487464860,36.15,34.65,34.75,0.1,31794,2324,35.9
2023-08-23,46780803,1611123173,34.8,34.15,34.4,-0.35,19110,2324,34.8
2023-08-24,86410521,2951156487,35.5,33.6,33.95,-0.45,33539,2324,35.2
2023-08-25,58540312,1936221612,33.65,32.7,33.15,-0.8,20395,2324,33.1
2023-08-28,32877146,1080387616,33.15,32.4,33.0,-0.15,11378,2324,33.1
2023-08-29,33522992,1115496562,33.8,32.9,33.35,0.35,12853,2324,33.2
2023-08-30,27580628,911116324,33.8,32.75,32.9,-0.45,13515,2324,33.75
2023-08-31,53770626,1717049393,32.6,31.65,31.9,-1.0,19442,2324,32.55
2023-09-01,22470407,717101344,32.3,31.7,31.8,-0.1,9441,2324,32.0
2023-09-04,23813369,753304512,31.85,31.4,31.85,0.05,9947,2324,31.7
2023-09-05,27718466,885635146,32.35,31.7,32.0,0.15,10619,2324,31.95
2023-09-06,22847908,730532127,32.2,31.8,32.0,0.0,8948,2324,32.0
2023-09-07,22201395,701302343,32.0,31.3,31.4,-0.6,10315,2324,31.9
2023-09-08,15679080,497310301,31.9,31.3,31.75,0.35,6822,2324,31.5
2023-09-11,29410883,909052652,31.5,30.5,30.8,-0.95,12126,2324,31.45
2023-09-12,25152193,784832011,31.65,30.6,31.35,0.55,9842,2324,31.0
2023-09-13,12433882,389276597,31.5,31.05,31.4,0.05,5794,2324,31.5
2023-09-14,22307046,711242179,32.15,31.55,31.85,0.45,9455,2324,31.75
2023-09-15,36078865,1146345912,32.0,31.5,31.8,-0.05,6977,2324,32.0
2023-09-18,15777256,491168875,31.6,31.0,31.05,-0.75,7341,2324,31.5
2023-09-19,11587030,359912625,31.45,30.8,30.95,-0.1,4790,2324,31.3
2023-09-20,19017134,585042105,31.25,30.5,30.55,-0.4,8134,2324,30.9
2023-09-21,22397796,679823891,30.65,30.0,30.55,0.0,8031,2324,30.3
2023-09-22,11400423,349811531,30.85,30.4,30.85,0.3,5523,2324,30.5
2023-09-25,6760658,207163642,30.9,30.5,30.6,-0.25,3791,2324,30.9
2023-09-26,11206365,344406997,30.9,30.4,30.7,0.1,4776,2324,30.55
2023-09-27,12955689,401031152,31.1,30.6,31.0,0.3,4607,2324,30.7
2023-09-28,21265831,655464193,31.3,30.6,30.7,-0.3,7713,2324,31.25
2023-10-02,24013855,743332211,31.3,30.7,30.9,0.2,7354,2324,31.0
2023-10-03,19854276,616885842,31.3,30.8,30.9,0.0,5493,2324,30.9
2023-10-04,14253179,434070964,30.65,30.2,30.5,-0.4,6298,2324,30.55
2023-10-05,15248106,468517802,30.9,30.5,30.85,0.35,4998,2324,30.7
2023-10-06,21173317,646463649,31.05,30.35,30.5,-0.35,6430,2324,30.9
2023-10-11,29055401,894677254,31.1,30.5,30.8,0.3,9436,2324,30.6
2023-10-12,17317209,531844670,31.1,30.45,30.8,0.0,6100,2324,31.05
2023-10-13,31813008,956174384,30.65,29.7,30.2,-0.6,11368,2324,30.6
2023-10-16,23816395,704486460,30.1,29.3,29.5,-0.7,10228,2324,30.0
2023-10-17,15898967,468964692,29.75,29.3,29.35,-0.15,6627,2324,29.7
2023-10-18,34274690,988942176,29.55,28.5,28.95,-0.4,10372,2324,29.35
2023-10-19,20692145,603803023,29.5,28.75,29.25,0.3,6154,2324,28.75
2023-10-20,18655892,537740930,29.1,28.6,28.8,-0.45,6819,2324,28.9
2023-10-23,9719625,277105201,28.8,28.4,28.45,-0.35,4605,2324,28.7
2023-10-24,20708613,603475568,29.55,28.5,29.45,1.0,7471,2324,28.5
2023-10-25,13028202,381452435,29.8,29.05,29.05,-0.4,6034,2324,29.7
2023-10-26,19371657,563237300,29.3,28.55,29.05,0.0,5909,2324,28.85
2023-10-27,12030740,353098067,29.8,29.05,29.05,0.0,5839,2324,29.35
2023-10-30,10765340,310735380,29.4,28.75,28.8,-0.25,4889,2324,29.15
2023-10-31,24866700,704214148,29.0,28.05,28.05,-0.75,7394,2324,28.85
2023-11-01,12095105,346786133,28.9,28.3,28.7,0.65,5362,2324,28.35
2023-11-02,8095412,236589795,29.4,29.1,29.1,0.4,4509,2324,29.1
2023-11-03,9570709,277429919,29.35,28.85,28.95,-0.15,4947,2324,29.35
2023-11-06,14861249,442073936,29.95,29.25,29.8,0.85,6824,2324,29.4
2023-11-07,10797503,316909694,29.55,29.15,29.4,-0.4,5280,2324,29.5
2023-11-08,12166309,364433182,30.1,29.5,29.95,0.55,5736,2324,29.6
2023-11-09,15884635,469932331,29.9,29.3,29.6,-0.35,6388,2324,29.9
2023-11-10,9854592,292176928,29.9,29.25,29.75,0.15,4899,2324,29.45
2023-11-13,15941982,480150006,30.3,29.95,30.1,0.35,6669,2324,30.05
2023-11-14,18280498,550308848,30.4,29.75,30.25,0.15,6762,2324,29.9
2023-11-15,12999049,394326823,30.75,30.0,30.25,0.0,6218,2324,30.6
2023-11-16,9645602,290466050,30.45,30.0,30.0,-0.25,4185,2324,30.3
2023-11-17,12786543,387798226,30.5,30.0,30.35,0.35,5735,2324,30.2
2023-11-20,11644096,355295774,30.75,30.1,30.75,0.4,5749,2324,30.4
2023-11-21,29774333,924388511,31.25,30.65,31.2,0.45,10918,2324,30.95
2023-11-22,13843227,427611724,31.3,30.6,30.8,-0.4,7504,2324,31.2
2023-11-23,10100711,309865324,30.95,30.45,30.65,-0.15,5427,2324,30.85
2023-11-24,9779719,297588311,30.75,30.25,30.25,-0.4,3929,2324,30.7
2023-11-27,13914236,425951193,31.05,30.35,30.35,0.1,5416,2324,30.5
2023-11-28,15190290,466483503,30.95,30.25,30.65,0.3,6108,2324,30.65
2023-11-29,14068196,434615710,31.1,30.65,30.75,0.1,6074,2324,30.65
2023-11-30,34421615,1061191287,30.9,30.35,30.9,0.15,6401,2324,30.7
2023-12-01,15009589,457818197,31.0,30.35,30.35,-0.55,6231,2324,30.95
2023-12-04,8861235,271882027,30.85,30.45,30.6,0.25,4096,2324,30.45
2023-12-05,12010470,365241995,30.75,30.3,30.4,-0.2,5599,2324,30.5
2023-12-06,22083487,688857988,31.5,30.5,31.25,0.85,10854,2324,30.55
2023-12-07,12532967,390655207,31.6,30.95,30.95,-0.3,6751,2324,31.25
2023-12-08,8632320,269797074,31.4,31.15,31.2,0.25,4303,2324,31.35
2023-12-11,30482791,974537797,32.2,31.45,32.2,1.0,11721,2324,31.5
2023-12-12,19555677,628344107,32.6,31.85,32.0,-0.2,8843,2324,32.55
2023-12-13,57009108,1868322497,33.95,32.1,33.75,1.75,21682,2324,32.4
2023-12-14,47252597,1599264385,34.35,33.4,33.65,-0.1,22389,2324,34.1
2023-12-15,34113453,1131260125,33.8,33.0,33.05,-0.6,11609,2324,33.65
2023-12-18,81915282,2858662743,36.2,33.2,34.6,1.55,33291,2324,33.4
2023-12-19,49880757,1694606788,34.75,33.5,34.0,-0.6,23015,2324,34.6
2023-12-20,290252125,10739316447,37.4,35.75,37.4,3.4,74933,2324,36.3
2023-12-21,149551808,5529467248,37.6,36.35,36.7,-0.7,56813,2324,36.5
2023-12-22,70312304,2543069414,36.75,35.8,36.1,-0.6,27559,2324,36.7
2023-12-25,129809880,4811934659,37.9,36.0,37.1,1.0,53484,2324,36.45
2023-12-26,179828581,6948471048,39.6,36.85,39.05,1.95,73128,2324,37.15
2023-12-27,184295932,7376676186,40.85,39.3,40.2,1.15,74471,2324,39.5
2023-12-28,114493330,4505441545,40.15,38.85,38.95,-1.25,48621,2324,39.55
2023-12-29,89099110,3545892098,40.45,38.85,39.85,0.9,40314,2324,39.45
2024-01-02,63447212,2485970576,40.2,38.65,39.55,-0.3,25133,2324,40.15
2024-01-03,65229620,2509941524,39.3,38.1,38.1,-1.45,28338,2324,39.0
2024-01-04,60189704,2248863174,37.8,37.05,37.3,-0.8,24718,2324,37.8
2024-01-05,40160415,1494218580,37.75,36.75,36.95,-0.35,17925,2324,37.35
2024-01-08,48251313,1820103329,38.15,37.2,37.75,0.8,19004,2324,37.4
2024-01-09,84390017,3154814367,38.85,36.7,36.95,-0.8,32582,2324,38.6
2024-01-10,48477373,1753009139,36.8,35.8,35.85,-1.1,20938,2324,36.3
2024-01-11,30794102,1108660328,36.25,35.7,36.1,0.25,12643,2324,36.0
2024-01-12,29278799,1039822678,36.05,35.3,35.6,-0.5,14341,2324,36.0
2024-01-15,20767525,746510153,36.6,35.55,35.55,-0.05,9224,2324,36.05
2024-01-16,24751270,869738732,35.65,34.8,35.0,-0.55,10780,2324,35.35
2024-01-17,27948507,970659722,35.1,34.4,34.55,-0.45,12286,2324,34.75
2024-01-18,51401432,1804013525,36.0,34.6,34.8,0.25,21231,2324,34.9
2024-01-19,48619038,1743953066,36.45,34.9,36.3,1.5,19883,2324,35.25
2024-01-22,72279857,2698986283,37.75,36.75,37.6,1.3,29091,2324,36.75
2024-01-23,37550339,1405498593,37.9,37.0,37.55,-0.05,16978,2324,37.85
2024-01-24,30667359,1138934325,37.7,36.75,36.85,-0.7,15657,2324,37.6
2024-01-25,34255541,1277907420,37.75,36.9,37.2,0.35,13430,2324,37.35
2024-01-26,55347585,1981890620,36.65,35.35,35.5,-1.7,26340,2324,36.2
2024-01-29,19093353,688773019,36.4,35.1,36.35,0.85,9072,2324,35.4
2024-01-30,23004419,831934852,36.65,35.95,36.0,-0.35,10747,2324,36.4
2024-01-31,17927345,642997991,36.0,35.55,35.85,-0.15,6664,2324,35.85
2024-02-01,20688329,747530113,36.45,35.8,36.4,0.55,7768,2324,36.0
2024-02-02,24493954,883722157,36.85,35.75,35.8,-0.6,11197,2324,36.7
2024-02-05,18186053,652741850,36.25,35.4,35.9,0.1,7304,2324,35.8
2024-02-15,29394409,1051686853,36.4,35.3,35.8,-0.1,11910,2324,36.25
2024-02-16,45048542,1652897061,37.0,35.85,36.85,1.05,16989,2324,36.05
2024-02-19,25977509,951140206,37.0,36.0,36.9,0.05,11817,2324,37.0
2024-02-20,15408851,565599889,36.9,36.5,36.8,-0.1,7260,2324,36.9
2024-02-21,12313854,451087838,36.75,36.35,36.75,-0.05,5749,2324,36.6
2024-02-22,18632407,684535812,37.2,36.5,36.75,0.0,8236,2324,37.0
2024-02-23,24185685,887040754,37.2,36.2,36.2,-0.55,10274,2324,36.9
2024-02-26,17205084,619642150,36.25,35.8,36.0,-0.2,6854,2324,36.05
2024-02-27,59930319,2226521480,38.05,36.3,36.5,0.5,26903,2324,36.55
2024-02-29,40915972,1478139619,36.5,35.4,36.5,0.0,16928,2324,36.35
2024-03-01,22971278,842853342,37.15,36.35,36.7,0.2,9572,2324,36.55
2024-03-04,234770931,9226333533,40.35,37.7,38.0,1.3,82177,2324,38.8
2024-03-05,43942209,1661730143,38.35,37.55,37.8,-0.2,22249,2324,38.15
2024-03-06,42757045,1611341157,38.15,37.15,37.55,-0.25,17678,2324,37.25
2024-03-07,46303143,1697472774,37.6,36.2,36.55,-1.0,20977,2324,37.6
2024-03-08,30339191,1115195753,37.15,36.3,36.65,0.1,13194,2324,36.55
2024-03-11,19765638,728043389,37.15,36.5,36.9,0.25,8895,2324,36.6
2024-03-12,38199438,1398929658,37.2,36.1,37.2,0.3,14751,2324,36.7
2024-03-13,22098979,819423245,37.65,36.7,36.7,-0.5,9643,2324,37.2
2024-03-14,22424818,823727112,37.1,36.45,36.65,-0.05,9681,2324,37.0
2024-03-15,45200395,1667937954,37.2,36.35,37.0,0.35,9712,2324,36.6
2024-03-18,14699323,541685378,37.1,36.65,36.9,-0.1,7653,2324,37.05
2024-03-19,25900142,966609782,37.5,36.9,37.2,0.3,10803,2324,36.9
2024-03-20,44509808,1693200857,38.45,37.45,37.9,0.7,19773,2324,37.5
2024-03-21,31324251,1202137959,38.75,38.05,38.4,0.5,13115,2324,38.65
2024-03-22,39601837,1536338051,39.4,38.05,38.65,0.25,20151,2324,38.2
2024-03-25,19480572,755281830,39.3,38.55,38.55,-0.1,8859,2324,38.85
2024-03-26,29539647,1128163025,38.75,37.6,37.9,-0.65,12624,2324,38.4
2024-03-27,11871047,452974687,38.4,37.85,38.1,0.2,5533,2324,37.95
2024-03-28,25727468,982590139,38.3,38.05,38.3,0.2,9628,2324,38.15
2024-03-29,77618971,2786262048,36.4,35.45,36.2,0.0,28926,2324,36.35
2024-04-01,24860892,908834960,37.1,36.2,36.55,0.35,11903,2324,36.35
2024-04-02,27226738,1002057490,37.3,36.55,36.85,0.3,11173,2324,36.65
2024-04-03,18720283,688264555,37.15,36.5,36.55,-0.3,9326,2324,36.75
2024-04-08,23495138,845394063,36.5,35.8,35.95,-0.6,11101,2324,36.5
2024-04-09,12181726,444002062,36.6,36.3,36.45,0.5,5826,2324,36.3
2024-04-10,25704746,948902439,37.35,36.55,36.6,0.15,10152,2324,36.7
2024-04-11,20070050,737459300,37.15,36.15,36.85,0.25,8335,2324,36.5
2024-04-12,19989452,730952412,36.85,36.25,36.4,-0.45,9799,2324,36.8
2024-04-15,12421553,452565395,36.7,36.25,36.3,-0.1,5815,2324,36.4
2024-04-16,29971437,1066852132,36.3,34.9,35.3,-1.0,12665,2324,36.2
2024-04-17,15577723,554959406,35.85,35.2,35.6,0.3,7801,2324,35.3
2024-04-18,15491188,557125367,36.3,35.3,36.05,0.45,6773,2324,35.4
2024-04-19,28537507,1010818131,36.15,34.6,35.3,-0.75,11732,2324,35.6
2024-04-22,23871002,824550775,35.35,34.2,34.2,-1.1,11007,2324,35.3
2024-04-23,17405117,601525456,35.0,34.25,34.5,0.3,7372,2324,34.75
2024-04-24,23847136,843534765,35.7,34.8,35.5,1.0,8393,2324,35.0
2024-04-25,16490206,581784533,35.65,34.85,35.5,0.0,7505,2324,35.45
2024-04-26,17889575,643673485,36.35,35.4,36.0,0.5,7137,2324,35.4
2024-04-29,12475975,454136277,36.65,36.2,36.35,0.35,6118,2324,36.2
2024-04-30,11266595,404658839,36.2,35.8,35.8,-0.55,4220,2324,36.1
2024-05-02,28518355,1000081307,35.5,34.85,35.05,-0.75,10669,2324,35.15
2024-05-03,12007140,425865701,35.85,35.05,35.1,0.05,5771,2324,35.4
2024-05-06,15162152,541448773,36.15,35.35,35.6,0.5,7199,2324,35.5
2024-05-07,22416492,791442256,35.75,34.85,35.6,0.0,10431,2324,35.6
2024-05-08,18484537,662601082,36.15,35.5,36.0,0.4,7009,2324,35.65
2024-05-09,27118358,978271779,36.3,35.45,36.25,0.25,10205,2324,35.8
2024-05-10,19900595,718936309,36.45,35.65,36.4,0.15,7130,2324,36.3
2024-05-13,10229009,371695687,36.5,36.1,36.5,0.1,4592,2324,36.5
2024-05-14,85118960,3221036056,38.8,37.1,37.35,0.85,31129,2324,37.3
2024-05-15,33443030,1251470343,38.25,36.55,36.55,-0.8,19002,2324,37.5
2024-05-16,26267303,984953607,37.8,37.1,37.45,0.9,13042,2324,37.1
2024-05-17,20732116,770592547,37.6,36.8,37.1,-0.35,11159,2324,37.45
2024-05-20,13442680,495942617,37.3,36.7,36.75,-0.35,7200,2324,37.25
2024-05-21,19792301,721226039,36.85,36.1,36.75,0.0,9826,2324,36.5
2024-05-22,156138365,6179028209,40.4,37.1,40.3,3.55,61185,2324,37.1
2024-05-23,93998904,3657971699,40.3,38.05,38.15,-2.15,47456,2324,40.3
2024-05-24,53535432,2061403889,39.1,37.95,38.5,0.35,24004,2324,38.2
2024-05-27,46593556,1819676311,39.4,38.5,39.3,0.8,21089,2324,39.4
2024-05-28,38190356,1477564937,39.6,38.35,38.6,-0.7,17779,2324,39.6
2024-05-29,28675040,1093556323,38.7,37.9,38.1,-0.5,13329,2324,38.65
2024-05-30,27491059,1026858428,37.8,37.1,37.15,-0.95,13923,2324,37.55
2024-05-31,57286081,2124735818,37.65,36.85,37.05,-0.1,12439,2324,37.15
2024-06-03,41684477,1565162335,38.15,37.1,37.5,0.45,19892,2324,37.75
2024-06-04,63980364,2388386624,38.35,36.6,36.9,-0.6,30993,2324,37.8
2024-06-05,30547227,1117638304,37.3,36.3,36.3,-0.6,14432,2324,37.1
2024-06-06,18216104,665864764,37.0,36.3,36.35,0.05,8470,2324,36.6
2024-06-07,17206052,623506539,36.65,36.1,36.1,-0.25,9254,2324,36.6
2024-06-11,21412127,764664499,35.95,35.3,35.7,-0.4,11392,2324,35.8
2024-06-12,18483026,656010116,35.8,35.35,35.5,-0.2,9471,2324,35.4
2024-06-13,15303394,549263863,36.05,35.55,35.85,0.35,7771,2324,35.7
2024-06-14,14947843,534651352,36.1,35.6,35.75,-0.1,8585,2324,35.95
2024-06-17,11535501,413390501,36.1,35.5,35.85,0.1,5452,2324,35.85
2024-06-18,13214795,477115187,36.3,36.0,36.05,0.2,6176,2324,36.05
2024-06-19,32976632,1190661800,36.5,35.7,36.2,0.15,11146,2324,36.2
2024-06-20,29569099,1072198046,36.5,36.0,36.25,0.05,9995,2324,36.05
2024-06-21,34102361,1226625681,36.35,35.85,35.85,-0.4,10351,2324,36.2
2024-06-24,33376352,1179968047,36.1,35.1,35.25,-0.6,13664,2324,35.95
2024-06-25,27232993,954878856,35.4,34.8,35.2,-0.05,11695,2324,35.4
2024-06-26,16770095,589483557,35.35,34.9,35.15,-0.05,6410,2324,35.15
2024-06-27,20322734,708730557,35.1,34.65,34.8,-0.35,8165,2324,34.85
2024-06-28,18570250,647151191,35.15,34.7,34.7,-0.1,7445,2324,35.0
2024-08-01,25285202,812769434,32.5,31.7,32.4,0.95,7993,2324,31.8
2024-08-02,17707845,562040507,31.95,31.4,31.65,-0.75,6534,2324,31.6
2024-08-05,34521141,1029734538,30.85,29.2,29.55,-2.1,14936,2324,30.85
2024-08-06,25840124,762203614,30.25,28.6,29.55,0.0,11113,2324,29.65
2024-08-07,14365696,440558350,31.15,29.65,30.95,1.4,7550,2324,29.65
2024-08-08,19627063,589908040,30.55,29.75,30.05,-0.9,8625,2324,30.3
2024-08-09,17608204,545947527,31.35,30.5,30.85,0.8,7291,2324,30.5
2024-08-12,10233015,317859098,31.25,30.65,31.25,0.4,4699,2324,30.65
2024-08-13,8651933,269435242,31.5,30.9,31.0,-0.25,4595,2324,31.25
2024-08-14,36714937,1174626452,33.15,31.45,31.7,0.7,12997,2324,32.7
2024-08-15,18618981,600174098,32.65,31.9,32.0,0.3,8332,2324,32.0
2024-08-16,12740920,412891420,32.6,32.25,32.3,0.3,6087,2324,32.5
2024-08-19,6131277,197910458,32.5,32.05,32.05,-0.25,3846,2324,32.5
2024-08-20,13532865,440945360,32.8,32.45,32.5,0.45,5645,2324,32.5
2024-08-21,16031103,525255155,32.9,32.5,32.75,0.25,6772,2324,32.6
2024-08-22,20856070,691820477,33.45,32.85,33.2,0.45,8362,2324,33.0
2024-08-23,9616403,315699240,33.2,32.6,32.85,-0.35,5240,2324,33.2
2024-08-26,17610401,592632633,34.1,32.9,33.75,0.9,7533,2324,33.0
2024-08-27,12590162,420450240,33.65,33.1,33.65,-0.1,6323,2324,33.35
2024-08-28,14493408,481654173,33.8,33.05,33.25,-0.4,8328,2324,33.8
2024-08-29,7494541,249337372,33.5,32.9,33.4,0.15,3671,2324,33.3
2024-08-30,19227729,638856760,33.75,33.1,33.2,-0.2,3686,2324,33.7
2024-09-02,4413542,146709455,33.45,33.1,33.25,0.05,2098,2324,33.45
2024-09-03,6231118,205923685,33.3,32.9,32.9,-0.35,2751,2324,33.15
2024-09-04,21735254,693655849,32.35,31.0,31.95,-0.95,8820,2324,31.6
2024-09-05,9298007,299842638,32.7,32.0,32.0,0.05,4400,2324,32.3
2024-09-06,10373900,337186353,32.75,31.75,32.75,0.75,4084,2324,32.05
2024-09-09,16422081,537557410,33.4,31.9,33.1,0.35,6042,2324,31.95
2024-09-10,8894251,293171777,33.4,32.65,32.65,-0.45,5473,2324,33.4
2024-09-11,8481592,278206766,33.1,32.6,32.6,-0.05,3908,2324,32.6
2024-09-12,11701689,391616989,33.65,33.0,33.6,1.0,5464,2324,33.3
2024-09-13,8986493,302657159,33.85,33.35,33.85,0.25,4662,2324,33.8
2024-09-16,10565889,359522571,34.2,33.7,34.15,0.3,4778,2324,33.9
2024-09-18,14739229,483168083,34.2,33.05,33.3,-0.85,8345,2324,34.2
2024-09-19,13124059,442362764,34.1,33.0,33.75,0.45,5549,2324,33.45
2024-09-20,26132018,878355268,34.1,33.5,33.5,-0.25,4530,2324,33.9
2024-09-23,7350976,246162724,33.85,33.4,33.4,-0.1,3016,2324,33.85
2024-09-24,10010609,338376548,33.95,33.35,33.85,0.45,3557,2324,33.35
2024-09-25,14614953,495539191,34.15,33.6,33.9,0.05,6004,2324,34.15
2024-09-26,12897925,432201903,34.1,33.3,33.3,-0.6,4662,2324,34.0
2024-09-27,5747135,193240278,33.8,33.4,33.5,0.2,2783,2324,33.4
2024-09-30,13409668,448520617,33.75,33.3,33.3,-0.2,4307,2324,33.6
2024-10-01,25766403,881877330,34.5,33.5,34.5,1.2,8856,2324,33.6
2024-10-04,27690008,953083653,35.2,33.75,33.95,-0.55,9777,2324,34.25
2024-10-07,8631251,293959982,34.3,33.8,34.2,0.25,4578,2324,34.1
2024-10-08,11361860,385473351,34.15,33.75,33.95,-0.25,4036,2324,34.0
2024-10-09,13804572,476853370,34.85,34.2,34.5,0.55,6399,2324,34.3
2024-10-11,14258417,496195671,34.95,34.4,34.9,0.4,6410,2324,34.75
2024-10-14,11417856,395625161,35.1,34.35,34.75,-0.15,5138,2324,35.05
2024-10-15,16813062,589767431,35.3,34.8,35.1,0.35,6621,2324,34.9
2024-10-16,11930697,416115062,35.0,34.5,35.0,-0.1,5770,2324,34.6
2024-10-17,18541786,658376811,35.85,35.25,35.5,0.5,7579,2324,35.35
2024-10-18,15570199,555991234,35.95,35.5,35.5,0.0,7475,2324,35.6
2024-10-21,13504220,484161131,36.0,35.6,36.0,0.5,6693,2324,35.7
2024-10-22,17493670,631768016,36.25,35.7,36.2,0.2,7225,2324,36.15
2024-10-23,9705891,348685169,36.1,35.85,35.85,-0.35,4398,2324,36.05
2024-10-24,11327072,406180478,36.0,35.65,35.8,-0.05,4056,2324,35.75
2024-10-25,10498918,379185810,36.2,35.9,36.2,0.4,4923,2324,35.95
2024-10-28,11960471,433369497,36.4,36.05,36.3,0.1,5717,2324,36.35
2024-10-29,14457631,519092747,36.2,35.5,36.0,-0.3,5863,2324,36.1
2024-10-30,11482085,411811419,36.3,35.7,35.85,-0.15,4321,2324,36.3
2024-11-01,19502448,694917237,36.2,34.25,36.1,0.25,7582,2324,34.3
2024-11-04,9715348,351081912,36.3,35.85,36.05,-0.05,4591,2324,36.0
2024-11-05,14109980,511612628,36.4,35.9,36.4,0.35,6291,2324,36.05
2024-11-06,17798791,649969483,37.2,36.05,36.2,-0.2,10570,2324,36.4
2024-11-07,62173402,2351160344,38.45,35.95,38.15,1.95,23990,2324,35.95
2024-11-08,37416650,1410159455,38.45,37.1,37.55,-0.6,18522,2324,38.1
2024-11-11,15625236,585885727,37.85,37.15,37.5,-0.05,8584,2324,37.8
2024-11-12,28644218,1058716353,37.35,36.65,36.85,-0.65,10618,2324,37.25
2024-11-13,98871455,3791030479,39.4,37.4,37.85,1.0,42038,2324,37.8
2024-11-14,54927332,2096502461,38.65,37.65,38.1,0.25,20996,2324,38.2
2024-11-15,35528733,1348806568,38.7,37.5,37.5,-0.6,19689,2324,38.7
2024-11-18,44455688,1682214714,38.65,37.15,37.15,-0.35,22683,2324,37.4
2024-11-19,33192822,1230416478,37.45,36.75,36.95,-0.2,13766,2324,37.4
2024-11-20,28240133,1042703450,37.85,36.65,36.9,-0.05,15691,2324,37.05
2024-11-21,18935861,699349442,37.45,36.45,37.05,0.15,7986,2324,36.6
2024-11-22,31827219,1192612412,38.0,37.0,37.2,0.15,16674,2324,37.3
2024-11-25,49914447,1898125022,38.25,37.55,38.25,1.05,15272,2324,37.65
2024-11-26,35152337,1350805725,38.8,37.75,38.4,0.15,17084,2324,38.05
2024-11-27,27774642,1057989324,38.9,37.6,37.6,-0.8,15101,2324,38.6
2024-11-28,18141742,673443774,37.7,36.85,37.0,-0.6,10951,2324,37.6
2024-11-29,13673640,503726069,37.25,36.4,36.85,-0.15,5833,2324,36.65
2024-12-02,23151446,871794785,38.15,36.9,37.8,0.95,10177,2324,37.3
2024-12-03,25066064,957613479,38.9,37.7,37.95,0.15,12242,2324,38.9
2024-12-04,18910892,722730204,38.45,37.85,38.4,0.45,8175,2324,38.1
2024-12-05,15256818,585870057,38.9,38.1,38.35,-0.05,7919,2324,38.9
2024-12-06,17317182,668150621,38.7,38.3,38.7,0.35,8724,2324,38.4
2024-12-09,78892009,3123738977,40.25,38.9,39.1,0.4,35754,2324,39.8
2024-12-10,27497175,1065316460,39.2,38.35,38.8,-0.3,12726,2324,38.7
2024-12-11,14460131,557146998,38.85,38.3,38.5,-0.3,8002,2324,38.4
2024-12-12,18841758,721529322,38.85,37.8,38.35,-0.15,8140,2324,38.8
2024-12-13,18757583,703053832,38.1,37.15,37.4,-0.95,10876,2324,38.1
2024-12-16,16286852,612107787,38.3,37.05,37.3,-0.1,8443,2324,37.95
2024-12-17,24269883,895713307,37.5,36.6,37.05,-0.25,12252,2324,37.4
2024-12-18,11020359,409465282,37.35,36.75,37.35,0.3,6443,2324,36.9
2024-12-19,13788937,509008179,37.15,36.5,37.05,-0.3,7169,2324,36.55
2024-12-20,20213645,756779332,37.9,36.8,37.4,0.35,7209,2324,36.85
2024-12-23,9268803,349392975,37.95,37.55,37.6,0.2,3747,2324,37.7
2024-12-24,11185418,422147350,38.4,37.55,37.55,-0.05,4652,2324,38.15
2024-12-25,6454602,245189633,38.1,37.75,38.1,0.55,3431,2324,37.9
2024-12-26,5085926,192828888,38.25,37.65,38.0,-0.1,2821,2324,38.1
2024-12-27,4925309,186245467,38.0,37.55,38.0,0.0,3325,2324,38.0
2024-12-30,32845044,1219870197,38.3,36.5,36.5,-1.5,13047,2324,37.9
2024-12-31,22223698,827509523,37.65,36.5,37.65,1.15,9287,2324,36.5
2025-01-02,53594040,1940182343,37.55,35.5,35.5,-2.15,28766,2324,37.45
2025-01-03,13816873,500942875,36.5,36.05,36.2,0.7,5900,2324,36.25
2025-01-06,11107457,409334732,37.1,36.3,36.95,0.75,6129,2324,36.55
2025-01-07,9714897,358344878,37.15,36.65,36.75,-0.2,5147,2324,37.0
2025-01-08,8563351,317958697,37.25,36.65,37.25,0.5,4266,2324,36.7
2025-01-09,8870816,327901994,37.4,36.5,36.55,-0.7,5299,2324,37.25
2025-01-10,15952397,580941374,36.7,35.9,36.5,-0.05,6093,2324,36.1
2025-01-13,17296996,624768677,36.7,35.6,36.0,-0.5,7760,2324,36.4
2025-01-14,13490358,490936029,36.7,36.1,36.45,0.45,6058,2324,36.35
2025-01-15,12680673,467337056,37.2,36.6,36.65,0.2,5928,2324,36.65
2025-01-16,17755855,648798503,37.3,36.1,36.3,-0.35,7943,2324,37.0
2025-01-17,8709279,316531632,36.6,36.05,36.3,0.0,3963,2324,36.3
2025-01-20,7712078,277704438,36.4,35.9,35.9,-0.4,4260,2324,36.4
2025-01-21,5358476,192951433,36.2,35.85,35.9,0.0,2766,2324,36.15
2025-01-22,12463003,454142669,36.65,36.0,36.65,0.75,4966,2324,36.3
2025-02-03,25497717,942700276,37.4,35.9,37.2,0.55,10084,2324,36.4
2025-02-04,18272522,677670136,38.0,36.55,36.65,-0.55,8928,2324,37.45
2025-02-05,16089635,606532866,37.8,37.05,37.8,1.15,7161,2324,37.1
2025-02-06,6933205,261147216,37.9,37.4,37.75,-0.05,4427,2324,37.75
2025-02-07,13935640,531645967,38.45,37.55,38.45,0.7,7155,2324,37.6
2025-02-10,8355456,317600501,38.25,37.7,37.95,-0.5,6364,2324,38.25
2025-02-11,8553100,324091411,38.4,37.55,37.75,-0.2,6651,2324,37.95
2025-02-12,11333459,432807988,38.35,37.8,38.2,0.45,5557,2324,37.8
2025-02-13,11217760,432146863,38.9,38.1,38.5,0.3,7157,2324,38.3
2025-02-14,7570589,290941750,38.55,38.2,38.55,0.05,4187,2324,38.5
2025-02-17,5928464,228015767,38.8,38.25,38.25,-0.3,5348,2324,38.7
2025-02-18,8093529,311298770,38.6,38.15,38.6,0.35,4311,2324,38.55
2025-02-19,7483877,289633791,38.8,38.5,38.75,0.15,4471,2324,38.65
2025-02-20,12487866,484338736,38.95,38.55,38.6,-0.15,5735,2324,38.7
2025-02-21,15461929,600402589,39.0,38.4,38.9,0.3,6422,2324,38.6
2025-02-24,11054542,432385669,39.25,38.65,39.2,0.3,6758,2324,38.7
2025-02-25,14207262,560920468,39.7,38.9,39.5,0.3,7988,2324,38.9
2025-02-26,17313072,683664944,39.75,38.8,39.65,0.15,7656,2324,39.4
2025-02-27,20720662,805955185,39.6,38.5,38.8,-0.85,8636,2324,39.6
2025-03-03,33227746,1235950772,37.8,36.7,37.15,-1.65,21234,2324,37.8
2025-03-04,21620369,808623801,37.7,36.55,37.35,0.2,10886,2324,36.7
2025-03-05,13971156,527882152,38.1,37.3,37.7,0.35,8238,2324,37.5
2025-03-06,19196061,737138414,38.75,37.9,38.25,0.55,11208,2324,37.9
2025-03-07,17744919,685316834,39.05,38.1,38.35,0.1,8706,2324,38.25
2025-03-10,12759649,485789070,38.35,37.9,37.9,-0.45,6387,2324,38.35
2025-03-11,21612988,820279703,38.35,37.4,38.0,0.1,9214,2324,37.5
2025-03-12,15595998,594885173,38.55,37.85,38.05,0.05,6946,2324,38.3
2025-03-13,12076231,463076014,38.75,38.1,38.1,0.05,6686,2324,38.4
2025-03-14,13085762,499649399,38.6,37.8,38.15,0.05,6646,2324,38.4
2025-03-17,14049552,539830388,38.65,38.0,38.3,0.15,7735,2324,38.3
2025-03-18,23141102,886713488,38.7,38.0,38.55,0.25,10678,2324,38.7
2025-03-19,29975926,1128423865,38.5,37.1,37.1,-1.45,11886,2324,38.5
2025-03-20,18938204,707454018,37.7,37.1,37.55,0.45,8784,2324,37.6
2025-03-21,37481331,1387936959,37.55,36.85,36.95,-0.6,9464,2324,37.45
2025-03-24,30577562,1113289991,37.15,36.1,36.4,-0.55,11647,2324,37.0
2025-03-25,22931232,835214539,36.8,36.2,36.3,-0.1,8444,2324,36.65
2025-03-26,29740767,1082565513,36.7,36.1,36.5,0.2,8461,2324,36.7
2025-03-27,42899739,1471671555,34.65,33.9,34.35,0.0,17869,2324,34.0
2025-03-28,23434151,791254236,34.3,33.5,33.75,-0.6,10928,2324,34.25
2025-03-31,35919479,1163337653,33.3,31.85,31.85,-1.9,14121,2324,32.9
2025-04-01,27042552,884983905,33.15,31.95,33.1,1.25,12450,2324,32.3
2025-04-02,15633161,507381530,32.95,32.25,32.4,-0.7,7687,2324,32.8
2025-04-07,5641097,164719807,29.2,29.2,29.2,-3.2,2418,2324,29.2
2025-04-08,39545133,1053044331,27.5,26.3,26.3,-2.9,16089,2324,26.3
2025-04-09,52928694,1300559067,25.75,23.7,23.7,-2.6,19663,2324,25.25
2025-04-10,21151377,550734122,26.05,25.65,26.05,2.35,5311,2324,26.05
2025-04-11,47149448,1213534084,26.5,24.45,26.45,0.4,16549,2324,25.65
2025-04-14,73041078,2044222758,29.0,27.4,28.35,1.9,17486,2324,27.4
2025-04-15,34160326,961355762,28.55,27.6,28.35,0.0,13676,2324,28.45
2025-04-16,18721621,518339493,28.05,27.5,27.5,-0.85,8520,2324,27.95
2025-04-17,12163826,333148443,27.65,27.0,27.55,0.05,5208,2324,27.05
2025-04-18,7074317,193948830,27.7,27.25,27.25,-0.3,3462,2324,27.65
2025-04-21,8022387,217861793,27.5,27.0,27.05,-0.2,4651,2324,27.25
2025-04-22,11467542,305263280,26.9,26.45,26.55,-0.5,6141,2324,26.5
2025-04-23,12541390,345472907,27.75,27.05,27.55,1.0,6102,2324,27.2
2025-04-24,15411483,414133900,27.2,26.7,26.75,-0.8,6247,2324,27.1
2025-04-25,19650220,534006058,27.5,27.0,27.1,0.35,6487,2324,27.05
2025-04-28,8446947,230117330,27.5,27.1,27.2,0.1,4444,2324,27.35
2025-04-29,12012216,331448213,27.75,27.25,27.6,0.4,5255,2324,27.35
2025-04-30,12419187,340031884,27.8,27.15,27.35,-0.25,4784,2324,27.55
2025-05-02,12741095,355620288,28.15,27.35,28.0,0.65,5626,2324,27.65
2025-05-05,12014952,329050251,28.35,26.95,27.2,-0.8,6762,2324,28.35
2025-05-06,10859544,297223797,27.55,27.1,27.3,0.1,4625,2324,27.5
2025-05-07,8363028,229400588,27.65,27.25,27.45,0.15,4095,2324,27.45
2025-05-08,7904041,219479189,28.0,27.5,27.75,0.3,3813,2324,27.5
2025-05-09,12920187,364321566,28.45,27.75,28.35,0.6,6528,2324,28.0
2025-05-12,14950528,423610231,28.5,28.05,28.5,0.15,7085,2324,28.2
2025-05-13,25182451,718437373,29.2,28.25,28.4,-0.1,7103,2324,28.8
2025-05-14,25360589,726738413,28.85,28.4,28.55,0.15,7128,2324,28.7
2025-05-15,53656581,1473859219,28.55,26.9,26.9,-1.65,20271,2324,28.45
2025-05-16,76127299,2115801228,28.6,26.65,27.8,0.9,23225,2324,26.9
2025-05-19,117701028,3409956210,30.15,27.8,29.15,1.35,46380,2324,28.3
2025-05-20,116141699,3416340926,30.55,28.5,28.8,-0.35,51337,2324,29.7
2025-05-21,41993278,1209756206,29.4,28.55,28.65,-0.15,20013,2324,28.95
2025-05-22,35016865,1009463330,29.1,28.55,28.7,0.05,11703,2324,28.8
2025-05-23,18726321,538087105,28.95,28.55,28.65,-0.05,7372,2324,28.85
2025-05-26,62201305,1758323912,28.8,27.9,28.6,-0.05,20015,2324,28.8
2025-05-27,59893660,1684225761,28.5,27.95,28.0,-0.6,20287,2324,28.4
2025-05-28,55564793,1547999600,28.45,27.5,27.85,-0.15,18884,2324,28.35
2025-05-29,113129015,3221368971,28.8,27.55,28.8,0.95,21945,2324,28.0
2025-06-02,83273914,2273952367,28.3,27.0,27.2,-1.6,30866,2324,28.2
2025-06-03,58352478,1595115347,27.8,27.15,27.45,0.25,19922,2324,27.55
2025-06-04,43443088,1224546973,28.4,27.6,28.35,0.9,13371,2324,27.6
2025-06-05,28658152,815673641,28.75,28.25,28.35,0.0,10718,2324,28.35
2025-06-06,23971093,684383908,28.7,28.3,28.55,0.2,6581,2324,28.45
2025-06-09,28966299,825507101,28.75,28.2,28.55,0.0,7889,2324,28.75
2025-06-10,24997531,711322419,28.7,28.15,28.45,-0.1,7450,2324,28.2
2025-06-11,22943050,655689104,28.8,28.35,28.5,0.05,7851,2324,28.55
2025-06-12,30884962,894301132,29.2,28.65,29.0,0.5,12095,2324,28.7
2025-06-13,26244537,751182525,28.85,28.4,28.65,-0.35,10067,2324,28.85
2025-06-16,11880300,336941250,28.55,28.15,28.45,-0.2,4739,2324,28.55
2025-06-17,21950074,622921291,28.7,28.15,28.5,0.05,7374,2324,28.65
2025-06-18,34440537,980406121,28.85,28.3,28.5,0.0,8362,2324,28.6
2025-06-19,31194919,875295418,28.65,27.75,27.95,-0.55,10100,2324,28.5
2025-06-20,27736045,761483200,27.95,27.3,27.4,-0.55,7470,2324,27.85
2025-06-23,21943369,602628022,27.8,26.95,27.55,0.15,6957,2324,27.05
2025-06-24,25141876,708192277,28.35,27.85,28.1,0.55,6729,2324,27.95
2025-06-25,26389233,747843603,28.65,28.1,28.3,0.2,8873,2324,28.3
2025-06-26,31191897,878607284,28.5,28.0,28.0,-0.3,9553,2324,28.3
2025-06-27,45090554,1290211745,28.85,28.35,28.7,0.7,12722,2324,28.4
2025-06-30,86183001,2503808476,29.6,28.35,29.0,0.3,19785,2324,28.55
2025-07-01,51611337,1496420518,29.35,28.7,28.85,-0.15,13466,2324,29.0
2025-07-02,42449157,1230602194,29.2,28.5,28.9,0.05,10250,2324,28.7
2025-07-03,42497410,1234356530,29.25,28.75,29.0,0.1,10359,2324,28.95
2025-07-04,57804562,1661641130,29.05,28.45,28.65,-0.35,11419,2324,29.0
2025-07-07,41952603,1217215001,29.25,28.35,29.15,0.5,8851,2324,28.6
2025-07-08,26755009,771122102,29.4,28.6,28.6,-0.55,10344,2324,29.0
2025-07-09,17334561,502915620,29.1,28.6,29.1,0.5,5702,2324,28.65
2025-07-10,13958984,400648575,29.1,28.5,28.6,-0.5,5627,2324,29.0
2025-07-11,12817740,369335176,29.0,28.65,28.7,0.1,4269,2324,28.8
2025-07-14,10644752,306693668,28.95,28.5,28.85,0.15,4338,2324,28.6
2025-07-15,18926957,553644198,29.5,28.7,29.35,0.5,7261,2324,28.7
2025-07-16,12309282,357396877,29.3,28.9,28.9,-0.45,5700,2324,29.25
2025-07-17,11099437,323815641,29.3,28.95,29.25,0.35,4656,2324,29.05
2025-07-18,10694142,311196916,29.35,29.0,29.0,-0.25,5081,2324,29.35
2025-07-21,46827985,1407984292,30.55,29.2,30.0,1.0,18186,2324,29.3
2025-07-22,32837884,957071826,29.9,28.65,28.7,-1.3,15411,2324,29.9
2025-07-23,18785396,553364121,29.7,28.95,29.55,0.85,8808,2324,28.95
2025-07-24,14191235,421563490,29.95,29.25,29.75,0.2,7444,2324,29.45
2025-07-25,9527418,282860919,29.85,29.5,29.75,0.0,5139,2324,29.65
2025-07-28,17175304,516922612,30.4,29.55,30.1,0.35,8005,2324,29.85
2025-07-29,17447995,515614270,30.15,29.3,29.4,-0.7,8567,2324,30.15
2025-07-30,13074403,389337021,30.1,29.3,29.75,0.35,6503,2324,29.5
2025-07-31,16575397,489775699,29.8,29.15,29.5,-0.25,7182,2324,29.65
2025-08-01,12500747,370956045,29.95,29.05,29.75,0.25,5831,2324,29.1
2025-08-04,13142377,391344398,29.95,29.45,29.9,0.15,4652,2324,29.7
2025-08-05,19339031,584651252,30.45,29.9,30.35,0.45,9356,2324,30.1
2025-08-06,15155434,457423220,30.45,29.9,30.05,-0.3,8417,2324,30.3
2025-08-07,15589424,470370316,30.55,30.0,30.0,-0.05,7943,2324,30.3
2025-08-08,19813443,588022996,30.4,29.4,29.45,-0.55,13530,2324,30.15
2025-08-11,17387956,507484352,29.5,28.95,29.3,-0.15,9132,2324,29.4
2025-08-12,13808159,400984160,29.3,28.95,28.95,-0.35,10098,2324,29.3
2025-08-13,28492774,814809100,29.25,28.2,28.2,-0.75,14872,2324,29.15
2025-08-14,16251404,458901714,28.45,28.05,28.15,-0.05,7659,2324,28.4
2025-08-15,22778753,634843339,28.1,27.7,27.9,-0.25,11806,2324,28.1
2025-08-18,23698606,655826014,28.0,27.45,27.65,-0.25,13451,2324,27.9
2025-08-19,15485338,428598401,28.0,27.5,27.5,-0.15,8428,2324,27.6
2025-08-20,20221900,558458459,27.95,27.4,27.5,0.0,9804,2324,27.8
2025-08-21,11114710,307022574,27.85,27.5,27.55,0.05,5839,2324,27.7
2025-08-22,13670853,380493316,28.0,27.55,27.75,0.2,7053,2324,27.6
2025-08-25,18458965,514290782,28.15,27.7,27.85,0.1,10359,2324,28.05
2025-08-26,28806608,803810912,28.0,27.7,27.95,0.1,5504,2324,27.85
2025-08-27,11621152,327716670,28.5,28.0,28.0,0.05,5860,2324,28.05
2025-08-28,13343889,375693102,28.35,28.0,28.1,0.1,6051,2324,28.15
2025-08-29,16309419,453012122,28.2,27.65,27.65,-0.45,6486,2324,28.1
2025-09-01,22100990,597269559,27.8,26.7,26.8,-0.85,11722,2324,27.75
2025-09-02,11593589,313692264,27.4,26.9,26.95,0.15,5403,2324,27.3
2025-09-03,14496400,393666533,27.3,27.05,27.2,0.25,5565,2324,27.2
2025-09-04,18359068,510855187,28.05,27.4,27.7,0.5,7658,2324,27.45
2025-09-05,12852420,360173787,28.15,27.85,28.1,0.4,5645,2324,28.0
2025-09-08,12190154,344279298,28.7,28.0,28.25,0.15,4897,2324,28.35
2025-09-09,13297209,375187784,28.4,28.05,28.2,-0.05,5175,2324,28.35
2025-09-10,23033900,645105791,28.3,27.55,27.95,-0.25,8104,2324,28.05
2025-09-11,17823444,498481751,28.25,27.75,27.75,-0.2,6643,2324,28.05
2025-09-12,79053879,2356882458,30.5,28.1,29.8,2.05,29855,2324,28.1
2025-09-15,85086173,2600765205,31.3,29.5,30.5,0.7,33955,2324,29.85
2025-09-16,41759472,1265226588,30.75,30.0,30.1,-0.4,20455,2324,30.75
2025-09-17,67534720,2120811151,32.7,30.35,30.75,0.65,26219,2324,30.45
2025-09-18,37603428,1149928407,31.45,30.2,30.4,-0.35,18767,2324,31.2
2025-09-19,28413021,868330995,30.95,30.3,30.55,0.15,9979,2324,30.7
2025-09-22,32383992,1011076241,31.65,30.9,31.2,0.65,13045,2324,31.6
2025-09-23,50772619,1616702132,32.45,31.4,31.4,0.2,22721,2324,31.65
2025-09-24,130436264,4367624227,34.5,31.9,34.5,3.1,47680,2324,32.1
2025-09-25,276910556,10059797449,37.8,34.5,36.4,1.9,106553,2324,35.25
2025-09-26,124679492,4252931331,36.25,33.35,33.4,-3.0,62400,2324,36.0
2025-09-30,85529918,2813202671,34.45,32.3,32.4,-1.0,40375,2324,33.85
2025-10-01,82362816,2604361762,32.4,31.0,31.75,-0.65,35443,2324,32.25
2025-10-02,60735719,1984172495,33.1,31.95,32.65,0.9,28067,2324,31.95
2025-10-03,27195696,874212804,32.75,31.95,32.05,-0.6,13990,2324,32.6
2025-10-07,37124295,1213376668,33.25,32.2,32.65,0.6,15647,2324,32.2
2025-10-08,25258352,806905700,32.65,31.75,31.95,-0.7,12989,2324,32.65
2025-10-09,33852941,1101750968,33.3,32.1,32.25,0.3,14549,2324,32.4
2025-10-13,53713095,1687745111,31.95,30.6,31.5,-0.75,21119,2324,30.9
2025-10-14,36075876,1145912872,32.55,31.0,31.0,-0.5,17462,2324,31.95
2025-10-15,28473671,894203009,31.8,30.8,31.65,0.65,10469,2324,31.8
2025-10-16,49340547,1596691059,33.1,31.8,31.85,0.2,20012,2324,32.6
2025-10-17,114776165,3839620696,34.45,32.05,33.3,1.45,44038,2324,32.2
2025-10-20,54967107,1805724285,33.75,32.4,32.95,-0.35,27847,2324,33.75
2025-10-21,124189946,4282171776,35.65,32.6,34.3,1.35,49552,2324,33.15
2025-10-22,200230558,7122587175,36.7,34.0,35.95,1.65,83509,2324,34.45
2025-10-23,83660961,2922619943,35.45,34.55,35.0,-0.95,42235,2324,35.4
2025-10-27,89351036,3150270238,36.3,34.65,35.2,0.2,33930,2324,35.55
2025-10-28,54960288,1900095949,35.25,34.05,34.5,-0.7,25772,2324,35.2
2025-10-29,92805912,3261754230,36.15,34.45,34.55,0.05,40793,2324,35.25
2025-10-30,53204812,1800572487,34.45,33.45,33.85,-0.7,24890,2324,34.3
2025-10-31,42004369,1395412353,33.7,33.05,33.05,-0.8,15643,2324,33.7
2025-11-03,24186087,806755244,33.65,33.05,33.25,0.2,10040,2324,33.45
2025-11-04,43281830,1409758723,33.65,32.25,32.35,-0.9,19745,2324,33.4
2025-11-05,30149028,961411165,32.4,31.3,32.1,-0.25,12334,2324,31.6
2025-11-06,19032948,621068459,33.0,32.25,32.5,0.4,8072,2324,32.6
2025-11-07,24826953,793535844,32.65,31.65,31.65,-0.85,12455,2324,32.5
2025-11-10,19843161,624009643,31.95,31.15,31.55,-0.1,9533,2324,31.95
2025-11-11,36914823,1140326331,31.5,30.65,30.65,-0.9,19272,2324,31.5
2025-11-12,19100069,588369533,31.05,30.5,30.85,0.2,10098,2324,30.7
2025-11-13,35754726,1108572562,31.65,30.65,30.65,-0.2,15954,2324,31.4
2025-11-14,33307957,1000672539,30.5,29.9,29.9,-0.75,17376,2324,30.2
2025-11-17,32130240,944983395,30.0,29.05,29.05,-0.85,17409,2324,30.0
2025-11-18,43018944,1231132098,29.05,28.35,28.65,-0.4,19364,2324,28.5
2025-11-19,44692112,1308748125,29.55,28.7,29.4,0.75,17192,2324,28.8
2025-11-20,35199107,1041192113,30.0,29.4,29.4,0.0,16039,2324,29.85
2025-11-21,38787338,1119253658,29.5,28.6,28.65,-0.75,15356,2324,29.1
2025-11-24,41976404,1201959271,29.0,28.35,28.7,0.05,13071,2324,28.95
2025-11-25,22796384,667847761,29.55,28.95,29.55,0.85,9423,2324,28.95
2025-11-26,24495053,719006309,29.65,29.15,29.5,-0.05,10441,2324,29.65
2025-11-27,23261878,686803921,29.95,29.3,29.6,0.1,9297,2324,29.7
2025-11-28,11713050,344581728,29.7,29.25,29.35,-0.25,5614,2324,29.7
2025-12-01,13724475,404297900,29.75,29.3,29.45,0.1,6024,2324,29.55
2025-12-02,13310128,392261897,29.6,29.3,29.5,0.05,5661,2324,29.55
2025-12-03,24303495,728327760,30.25,29.6,30.15,0.65,9834,2324,29.7
2025-12-04,16538526,501620303,30.5,30.2,30.4,0.25,7080,2324,30.45
2025-12-05,12666270,383581106,30.55,30.15,30.3,-0.1,6249,2324,30.45
2025-12-08,19813327,603430012,30.55,30.2,30.55,0.25,7381,2324,30.35
2025-12-09,22852342,685660828,30.6,29.8,29.8,-0.75,9621,2324,30.6
2025-12-10,17565623,527412360,30.5,29.8,29.95,0.15,7090,2324,30.25
2025-12-11,13313072,397134872,30.15,29.65,29.85,-0.1,5963,2324,30.15
2025-12-12,9910283,297057181,30.15,29.85,30.05,0.2,4615,2324,30.0
2025-12-15,18565916,547785698,29.8,29.35,29.35,-0.7,8875,2324,29.6
2025-12-16,19619780,576664362,29.65,29.15,29.4,0.05,7370,2324,29.2
2025-12-17,23491213,695995921,29.9,29.45,29.55,0.15,10516,2324,29.6
2025-12-18,21091968,627343716,30.0,29.45,29.7,0.15,8223,2324,29.7
2025-12-19,31000300,921202034,30.0,29.6,29.7,0.0,6931,2324,30.0
2025-12-22,36289552,1114858040,31.1,29.95,30.7,1.0,15072,2324,30.0
2025-12-23,24282883,733317493,30.8,30.0,30.0,-0.7,12711,2324,30.8
2025-12-24,17138068,516450873,30.45,30.0,30.0,0.0,5372,2324,30.05
2025-12-26,15634578,470112849,30.45,29.9,30.0,0.0,4832,2324,30.2
2025-12-29,18357990,559244899,30.75,30.0,30.4,0.4,9018,2324,30.2
2025-12-30,12359008,373939368,30.65,30.05,30.35,-0.05,5834,2324,30.65
2025-12-31,13838815,423022299,30.8,30.4,30.4,0.05,5878,2324,30.4
2026-01-02,20113290,620056648,31.0,30.45,30.8,0.4,7879,2324,30.75
2026-01-05,21858110,676674972,31.35,30.8,30.8,0.0,9207,2324,31.2
2026-01-06,19785776,608240391,31.1,30.55,30.8,0.0,11113,2324,31.1
2026-01-07,26345709,813915861,31.15,30.55,30.95,0.15,11776,2324,30.8
2026-01-08,28296982,857564417,31.05,30.05,30.05,-0.9,13468,2324,31.05
2026-01-09,25331554,752293677,30.15,29.55,29.55,-0.5,12308,2324,29.95
2026-01-12,34610054,1058546974,31.6,29.7,30.35,0.8,13753,2324,29.7
2026-01-13,24431701,751413605,31.1,30.45,30.9,0.55,11171,2324,30.5
2026-01-14,49295424,1545224733,31.75,30.8,31.35,0.45,19363,2324,30.95
2026-01-15,24847080,770374695,31.55,30.8,31.05,-0.3,11918,2324,31.55
2026-01-16,30624690,947058018,31.25,30.65,30.85,-0.2,12943,2324,31.25
2026-01-19,82054768,2647919019,33.0,30.4,32.25,1.4,30831,2324,30.85
2026-01-20,87602167,2867926065,33.7,31.85,32.6,0.35,35488,2324,32.1
2026-01-21,52296269,1687043760,33.25,31.75,31.9,-0.7,22137,2324,32.3
2026-01-22,79076737,2627052942,34.4,32.35,33.1,1.2,29393,2324,33.8
2026-01-23,138469054,4654406159,35.1,32.65,33.35,0.25,51610,2324,35.05
2026-01-26,48904682,1594854739,33.35,32.25,32.25,-1.1,19347,2324,33.35
2026-01-27,42887955,1369112593,32.3,31.55,32.3,0.05,15682,2324,32.2
2026-01-28,41882896,1364313214,33.15,32.2,32.55,0.25,16672,2324,32.4
2026-01-29,26320326,842205220,32.8,31.8,31.8,-0.75,11538,2324,32.8
2026-01-30,38749133,1237542566,32.75,31.1,32.75,0.95,14438,2324,31.7
2026-02-02,64627359,2127889756,34.1,32.0,32.3,-0.45,27066,2324,32.4
2026-02-03,36826450,1196967315,33.5,31.85,32.0,-0.3,17574,2324,32.9
2026-02-04,23718843,767612564,32.75,32.0,32.35,0.35,9198,2324,32.0
2026-02-05,37445340,1186338408,32.55,31.3,31.3,-1.05,15356,2324,32.05
2026-02-06,35826012,1093880364,31.0,30.05,30.7,-0.6,13765,2324,31.0
2026-02-09,18842651,581212384,31.6,30.6,30.7,0.0,8817,2324,31.2
2026-02-10,20872543,640553871,31.1,30.55,30.6,-0.1,9330,2324,30.75
2026-02-11,24434835,747916796,30.8,30.25,30.6,0.0,10289,2324,30.4
2026-02-23,71108796,2121831741,30.3,29.5,29.5,-1.1,28721,2324,30.1
2026-02-24,39573300,1173416215,29.95,29.5,29.65,0.15,19009,2324,29.7
2026-02-25,35345290,1064207785,30.4,29.7,30.1,0.45,15907,2324,29.8
2026-02-26,72479185,2280919293,32.0,30.75,31.65,1.55,28948,2324,30.75
2026-03-02,38284379,1190707514,31.5,30.55,31.4,-0.25,19796,2324,31.0
2026-03-03,46998080,1454143156,32.0,30.25,30.35,-1.05,22128,2324,31.55
2026-03-04,50614519,1498578634,30.1,29.2,29.4,-0.95,24380,2324,29.8
2026-03-05,28045907,851651211,30.7,29.75,30.4,1.0,11870,2324,29.85
2026-03-06,26261816,811283663,31.45,29.95,31.45,1.05,12968,2324,30.1
2026-03-09,42082510,1293473307,31.3,29.7,31.3,-0.15,21323,2324,30.0
2026-03-10,34230651,1078863407,31.75,31.1,31.75,0.45,14221,2324,31.7
2026-03-11,38747654,1252557740,32.6,31.8,32.35,0.6,15371,2324,31.95
2026-03-12,34153619,1111286171,32.8,32.0,32.65,0.3,12575,2324,32.0
2026-03-13,32326852,1051523185,32.85,32.2,32.2,-0.45,12028,2324,32.6
2026-03-16,25193551,805437061,32.4,31.6,31.7,-0.5,11347,2324,32.35
2026-03-17,20443180,655959410,32.35,31.55,32.2,0.5,8982,2324,31.55
2026-03-18,29102711,951464751,32.9,32.35,32.85,0.65,12389,2324,32.4
2026-03-19,20122854,656559767,32.85,32.4,32.6,-0.25,9175,2324,32.65
2026-03-20,32583585,1068812695,33.2,32.25,33.0,0.4,12143,2324,32.85
2026-03-23,31674443,1035229980,33.0,32.15,32.7,-0.3,16304,2324,32.95
2026-03-24,24876591,801842387,33.5,31.6,31.7,-1.0,13082,2324,33.25
2026-03-25,16979363,538799836,32.3,31.5,31.5,-0.2,8693,2324,32.15
2026-03-26,22893903,725977681,32.0,31.5,31.5,0.0,7448,2324,31.6
2026-03-27,61944075,1842928956,30.25,29.45,30.25,0.0,27259,2324,29.5
2026-03-30,79430047,2262592282,29.5,28.15,28.25,-2.0,36616,2324,29.35
2026-03-31,63903966,1737108981,27.9,26.85,26.95,-1.3,31288,2324,27.9
2026-04-01,34084645,927798033,27.7,26.95,27.45,0.5,16278,2324,27.65
2026-04-02,20383786,556066152,27.75,27.0,27.4,-0.05,11387,2324,27.75
2026-04-07,19351423,523081919,27.3,26.85,26.85,-0.55,11843,2324,27.3
2026-04-08,32325570,885790721,27.9,26.75,27.9,1.05,15269,2324,26.85
2026-04-09,28992671,789219848,27.75,27.0,27.3,-0.6,14984,2324,27.75
2026-04-10,36016014,1015987932,28.65,27.9,28.2,0.9,15578,2324,28.0
2026-04-13,27744660,794207579,29.1,27.7,29.0,0.8,12190,2324,28.25
2026-04-14,35883203,1059322402,29.75,29.1,29.5,0.5,14341,2324,29.35
2026-04-15,33328745,979016419,29.95,29.05,29.45,-0.05,13172,2324,29.55
2026-04-16,66959632,2005761558,30.7,29.2,29.4,-0.05,25381,2324,30.5
2026-04-17,99623636,3048090939,31.8,29.6,30.35,0.95,33870,2324,29.7
2026-04-20,74532195,2274975528,31.35,29.75,30.25,-0.1,26715,2324,30.75
2026-04-21,89706652,2814719753,31.95,30.75,31.45,1.2,34143,2324,30.8
2026-04-22,109771491,3563009380,33.25,31.55,32.75,1.3,39038,2324,31.8
2026-04-23,76327919,2415480970,33.55,30.6,31.2,-1.55,33217,2324,33.5
2026-04-24,35382042,1074684268,31.3,30.0,30.3,-0.9,16614,2324,31.3
2026-04-27,34784490,1037227073,30.65,29.5,30.0,-0.3,15044,2324,30.65
2026-04-28,45089873,1352007101,30.45,29.6,29.85,-0.15,17736,2324,30.0
2026-04-29,29810562,880116872,30.15,29.3,29.7,-0.15,16304,2324,30.15
2026-04-30,24600246,717637737,29.55,29.0,29.0,-0.7,12742,2324,29.45
2026-05-04,15705561,458420405,29.45,28.85,29.2,0.2,8424,2324,29.3
2026-05-05,15896162,465338076,29.45,29.1,29.3,0.1,8138,2324,29.25
2026-05-06,42782855,1243000400,29.5,28.75,29.2,-0.1,17329,2324,29.5
2026-05-07,49285993,1448258834,29.5,29.0,29.45,0.25,12027,2324,29.3
2026-05-08,60000149,1779411370,30.25,29.15,29.65,0.2,18892,2324,29.9
2026-05-11,81430532,2459714766,31.1,29.25,30.8,1.15,28310,2324,29.9
2026-05-12,51063743,1524382794,30.75,29.3,29.9,-0.9,22276,2324,30.7
2026-05-13,116518119,3616945519,31.75,29.4,31.3,1.4,38410,2324,29.4
2026-05-14,52760080,1619215802,31.8,30.15,30.25,-1.05,21901,2324,31.6
2026-05-15,119387852,3441644668,29.9,28.4,28.65,-1.6,46715,2324,29.8
2026-05-18,56236223,1585195526,28.5,27.8,28.25,-0.4,24443,2324,28.5
2026-05-19,66084531,1853093304,28.85,27.7,27.8,-0.45,28703,2324,28.5
2026-05-20,39871994,1102303151,27.9,27.5,27.6,-0.2,19240,2324,27.6
2026-05-21,113948110,3377583778,30.35,27.9,30.35,2.75,40801,2324,27.9
2026-05-22,199926271,6320095709,32.2,30.5,31.5,1.15,68434,2324,30.95
2026-05-25,279874397,9629067031,34.65,33.3,34.65,3.15,78711,2324,33.5
2026-05-26,238724301,8124351803,35.95,32.8,33.6,-1.05,94120,2324,35.95
2026-05-27,116483415,3884688465,34.15,32.55,33.4,-0.2,46548,2324,33.9
2026-05-28,146821203,5019896212,35.4,33.05,33.5,0.1,52638,2324,33.5
2026-05-29,709500533,25952701893,36.85,35.0,36.7,3.2,114536,2324,35.25
2026-06-01,113043360,4557588950,40.35,40.05,40.35,3.65,25191,2324,40.05
2026-06-02,177995051,7882181742,44.35,43.1,44.35,4.0,39879,2324,44.3
2026-06-03,400804733,18375974098,47.75,43.3,47.05,2.7,163663,2324,45.0
2026-06-04,263712531,11422754883,45.85,42.35,42.35,-4.7,124756,2324,45.0
2026-06-05,194674146,7901380328,41.8,39.1,41.4,-0.95,77848,2324,40.7
2026-06-08,152318717,5758273942,39.1,37.3,38.6,-2.8,64683,2324,37.3
2026-06-09,162360896,6192038728,39.1,37.0,38.45,-0.15,65880,2324,39.0
2026-06-10,130375610,4957733877,39.35,36.95,37.1,-1.35,54188,2324,37.65
2026-06-11,88614798,3214566392,36.95,35.65,36.15,-0.95,38968,2324,36.4
2026-06-12,82966949,3076521838,38.1,36.25,36.35,0.2,35357,2324,37.4
2026-06-15,74845609,2851510421,38.85,37.6,37.85,1.5,31895,2324,37.75
2026-06-16,59724965,2256431617,38.3,37.35,37.4,-0.45,25772,2324,38.3
2026-06-17,47028206,1748421722,37.9,36.4,37.3,-0.1,25440,2324,37.0
2026-06-18,71745861,2709906797,38.45,37.25,37.75,0.45,24202,2324,37.8
2026-06-22,92199498,3516744925,39.2,37.5,37.5,-0.25,38295,2324,38.1
2026-06-23,62365832,2297162643,38.0,36.2,36.55,-0.95,27765,2324,37.8
2026-06-24,88993364,3343887549,38.4,36.2,37.9,1.35,37106,2324,36.25
