date,capacity,turnover,high,low,close,change,transaction_volume,stock_code_id,open
2015-01-05,10269983,219945123,21.6,21.15,21.45,0.1,3287,2356,21.25
2015-01-06,14519856,305487968,21.25,20.85,20.95,-0.5,4774,2356,21.2
2015-01-07,10223304,216343896,21.35,21.05,21.1,0.15,3846,2356,21.1
2015-01-08,13643075,289541473,21.35,21.15,21.15,0.05,3435,2356,21.3
2015-01-09,20976249,442098200,21.3,20.8,21.15,0.0,5563,2356,21.25
2015-01-12,16835847,357520124,21.35,21.05,21.3,0.15,4631,2356,21.2
2015-01-13,22500037,479088624,21.45,21.15,21.25,-0.05,6216,2356,21.3
2015-01-14,98290891,2196590939,22.7,21.2,22.7,1.45,22572,2356,21.2
2015-01-15,115589923,2714992833,23.95,23.1,23.6,0.9,28936,2356,23.2
2015-01-16,47542750,1110845965,23.75,23.1,23.25,-0.35,14237,2356,23.7
2015-01-19,49381053,1170953137,24.25,23.35,23.45,0.2,13886,2356,23.5
2015-01-20,28241914,664403058,23.8,23.3,23.5,0.05,7682,2356,23.6
2015-01-21,39128423,902703282,23.7,22.8,22.95,-0.55,11771,2356,23.7
2015-01-22,26415133,614147923,23.5,23.0,23.25,0.3,7217,2356,23.25
2015-01-23,25577192,597613516,23.7,23.05,23.15,-0.1,7138,2356,23.5
2015-01-26,49656818,1187670837,24.1,23.5,23.8,0.65,13215,2356,23.6
2015-01-27,25148977,600452834,24.1,23.6,23.9,0.1,7349,2356,24.0
2015-01-28,50641932,1233590820,24.6,23.9,24.3,0.4,13153,2356,23.9
2015-01-29,34278506,830750994,24.7,24.0,24.0,-0.3,9705,2356,24.5
2015-01-30,33791720,802055743,24.25,23.5,23.5,-0.5,8127,2356,24.2
2015-02-02,13837600,326892423,23.85,23.2,23.75,0.25,4591,2356,23.8
2015-02-03,13448670,318120153,23.9,23.5,23.55,-0.2,4056,2356,23.75
2015-02-04,22333525,534051622,24.15,23.6,23.6,0.05,7139,2356,23.85
2015-02-05,10446820,248229376,23.9,23.6,23.9,0.3,3876,2356,23.85
2015-02-06,16264996,387759388,24.2,23.6,23.65,-0.25,6733,2356,24.2
2015-02-09,9401245,222057949,23.8,23.5,23.5,-0.15,3023,2356,23.6
2015-02-10,39710099,898708620,23.1,22.4,22.5,-1.0,11593,2356,23.0
2015-02-11,10540325,239228247,22.8,22.5,22.75,0.25,3697,2356,22.7
2015-02-12,8437137,192921365,23.0,22.75,22.95,0.2,2884,2356,23.0
2015-02-13,9758632,224972790,23.2,22.95,22.95,0.0,3150,2356,23.0
2015-02-24,24826281,588240758,24.0,23.1,23.8,0.85,7444,2356,23.2
2015-02-25,18978392,452832911,24.05,23.7,23.8,0.0,5427,2356,23.95
2015-02-26,18604560,444923990,24.1,23.6,24.1,0.3,4624,2356,23.8
2015-03-02,29755224,725471579,24.65,24.15,24.35,0.25,8227,2356,24.3
2015-03-03,21026438,504718253,24.5,23.75,23.8,-0.55,5938,2356,24.5
2015-03-04,17773461,429512099,24.4,23.75,24.15,0.35,5223,2356,23.8
2015-03-05,8367123,202242592,24.4,24.0,24.1,-0.05,3120,2356,24.3
2015-03-06,11588004,280169435,24.3,24.05,24.25,0.15,3216,2356,24.2
2015-03-09,6687965,160997643,24.3,23.95,24.05,-0.2,2788,2356,24.05
2015-03-10,11574218,275504550,24.0,23.7,23.75,-0.3,4487,2356,23.9
2015-03-11,17132570,401709288,23.75,23.2,23.25,-0.5,5494,2356,23.55
2015-03-12,18017307,423871530,23.95,22.8,23.9,0.65,6761,2356,22.8
2015-03-13,8096847,191527145,23.9,23.5,23.5,-0.4,3064,2356,23.9
2015-03-16,9586947,225181454,23.8,23.35,23.35,-0.15,3490,2356,23.8
2015-03-17,12353300,286622849,23.6,23.0,23.05,-0.3,4910,2356,23.4
2015-03-18,9241940,214859492,23.45,23.05,23.25,0.2,4288,2356,23.05
2015-03-19,13407298,315790391,23.65,23.45,23.6,0.35,4710,2356,23.6
2015-03-20,14168387,331360991,23.75,23.15,23.3,-0.3,4640,2356,23.65
2015-03-23,10971638,255959040,23.55,23.2,23.35,0.05,4064,2356,23.3
2015-03-24,9127703,212862429,23.45,23.1,23.4,0.05,3730,2356,23.45
2015-03-25,36687092,880742617,24.3,23.8,23.85,0.45,10128,2356,23.8
2015-03-26,13972455,330002223,23.7,23.5,23.65,-0.2,4228,2356,23.55
2015-03-27,19210438,444396624,23.6,22.85,22.95,-0.7,6475,2356,23.5
2015-03-30,14445448,327017985,23.3,22.35,22.5,-0.45,5131,2356,23.3
2015-03-31,23012664,522605954,22.95,22.5,22.65,0.15,5835,2356,22.5
2015-04-01,14413338,321480173,22.7,22.15,22.2,-0.45,4089,2356,22.6
2015-04-02,12693197,284903273,22.7,22.25,22.25,0.05,4286,2356,22.35
2015-04-07,7620773,170183348,22.45,22.25,22.3,0.05,2538,2356,22.3
2015-04-08,16902757,370285462,22.45,21.75,21.9,-0.4,5694,2356,22.3
2015-04-09,12063558,262315545,21.95,21.5,21.7,-0.2,4356,2356,21.9
2015-04-10,9460636,205417452,21.9,21.55,21.65,-0.05,3252,2356,21.9
2015-04-13,14400333,307984626,21.85,21.2,21.3,-0.35,4527,2356,21.7
2015-04-14,13165882,285080867,21.8,21.3,21.7,0.4,4595,2356,21.3
2015-04-15,13220760,286936820,22.0,21.5,21.8,0.1,4839,2356,21.8
2015-04-16,16282959,357004346,22.25,21.65,21.7,-0.1,5228,2356,21.85
2015-04-17,10422613,226173594,21.9,21.6,21.65,-0.05,3473,2356,21.7
2015-04-20,12395442,262891784,21.5,21.05,21.15,-0.5,4673,2356,21.4
2015-04-21,7549899,160026055,21.45,21.05,21.15,0.0,2677,2356,21.4
2015-04-22,37963581,851336628,22.6,22.05,22.6,1.45,10310,2356,22.3
2015-04-23,23487801,529552161,22.7,22.4,22.5,-0.1,7345,2356,22.6
2015-04-24,24651828,549191175,22.65,22.1,22.1,-0.4,7010,2356,22.5
2015-04-27,9624190,214816300,22.5,22.15,22.25,0.15,3112,2356,22.15
2015-04-28,10726064,238333838,22.45,22.1,22.2,-0.05,3733,2356,22.3
2015-04-29,10509561,233404187,22.35,22.1,22.2,0.0,3274,2356,22.1
2015-04-30,22439314,488300812,22.2,21.55,21.7,-0.5,5789,2356,22.05
2015-05-04,9072882,195278201,21.85,21.35,21.4,-0.3,2939,2356,21.75
2015-05-05,7354598,158708225,21.75,21.3,21.65,0.25,2457,2356,21.45
2015-05-06,14405422,307863620,21.6,21.2,21.4,-0.25,4156,2356,21.45
2015-05-07,6083706,129868860,21.45,21.2,21.35,-0.05,2213,2356,21.25
2015-05-08,9644406,206112506,21.5,21.25,21.35,0.0,2560,2356,21.4
2015-05-11,14273362,299467818,21.3,20.75,20.95,-0.4,3875,2356,21.3
2015-05-12,12102472,256913937,21.4,20.75,21.3,0.35,4137,2356,20.85
2015-05-13,10889297,236117976,21.85,21.2,21.85,0.55,4545,2356,21.2
2015-05-14,13348991,293590752,22.15,21.7,22.0,0.15,4301,2356,21.85
2015-05-15,14362771,318627276,22.3,21.95,22.1,0.1,4477,2356,22.1
2015-05-18,8500001,188660372,22.45,21.95,22.1,0.0,2843,2356,22.0
2015-05-19,16508232,370683127,22.65,22.2,22.4,0.3,4187,2356,22.3
2015-05-20,7920373,175873231,22.5,22.0,22.25,-0.15,3153,2356,22.4
2015-05-21,8043202,176334966,22.1,21.75,21.85,-0.4,2824,2356,22.05
2015-05-22,9604623,211585662,22.4,21.75,22.05,0.2,2567,2356,21.8
2015-05-25,4302508,95403869,22.3,22.05,22.25,0.2,1754,2356,22.05
2015-05-26,11645632,260063630,22.6,22.05,22.15,-0.1,3287,2356,22.4
2015-05-27,9673322,215500308,22.45,22.05,22.15,0.0,2557,2356,22.1
2015-05-28,6572499,146207213,22.35,22.1,22.2,0.05,1973,2356,22.3
2015-05-29,9828559,217011498,22.3,22.0,22.0,-0.2,1960,2356,22.25
2015-06-01,4890735,107187101,22.15,21.8,21.9,-0.1,2066,2356,22.1
2015-06-02,5541970,122085940,22.1,21.8,22.1,0.2,2398,2356,21.9
2015-06-03,9571960,212251567,22.35,21.95,21.95,-0.15,2879,2356,22.2
2015-06-04,9841785,215396751,22.2,21.7,21.8,-0.15,3238,2356,22.0
2015-06-05,13745501,291918966,21.8,20.85,21.3,-0.5,4315,2356,21.7
2015-06-08,6227614,133150398,21.65,20.95,21.5,0.2,3018,2356,21.3
2015-06-09,9963265,211114365,21.55,21.0,21.1,-0.4,3122,2356,21.5
2015-06-10,17115027,352716745,20.95,20.35,20.5,-0.6,5099,2356,20.5
2015-06-11,4621385,95572159,20.85,20.55,20.65,0.15,1934,2356,20.8
2015-06-12,4664778,95938332,20.75,20.45,20.5,-0.15,2157,2356,20.6
2015-06-15,5056121,103586875,20.55,20.35,20.5,0.0,2592,2356,20.5
2015-06-16,11428687,229393390,20.5,19.9,19.95,-0.55,3984,2356,20.4
2015-06-17,12598655,258431204,20.75,20.05,20.55,0.6,4589,2356,20.15
2015-06-18,10290777,216837616,21.25,20.6,21.2,0.65,3564,2356,20.7
2015-06-22,9752199,208763418,21.65,21.2,21.25,0.05,3307,2356,21.5
2015-06-23,8293198,177853399,21.7,21.25,21.25,0.0,3485,2356,21.5
2015-06-24,3379218,71604944,21.35,21.1,21.1,-0.15,1286,2356,21.3
2015-06-25,6249192,133768122,21.55,21.2,21.35,0.25,2338,2356,21.25
2015-06-26,4277208,91433583,21.5,21.25,21.4,0.05,1499,2356,21.45
2015-06-29,6173762,130121969,21.2,20.95,21.15,-0.25,2459,2356,21.15
2015-06-30,9345593,199017044,21.45,20.9,21.35,0.2,2096,2356,21.1
2015-07-01,4787263,102908662,21.7,21.2,21.6,0.25,2275,2356,21.3
2015-07-02,4081259,87642954,21.7,21.3,21.3,-0.3,1575,2356,21.7
2015-07-03,4684916,99680557,21.45,21.1,21.3,0.0,1740,2356,21.4
2015-07-06,3790381,80120582,21.35,21.05,21.1,-0.2,1320,2356,21.15
2015-07-07,3764363,79778202,21.25,21.1,21.15,0.05,1707,2356,21.2
2015-07-08,12425624,257257651,21.15,20.1,20.35,-0.8,3795,2356,21.05
2015-07-09,8436644,170826131,20.6,19.75,20.5,0.15,2818,2356,20.0
2015-07-13,9197709,191028602,21.0,20.6,20.75,0.25,4236,2356,20.8
2015-07-14,12666859,260489165,20.85,20.35,20.35,-0.4,5057,2356,20.75
2015-07-15,15627407,318880337,20.55,20.25,20.5,0.15,5254,2356,20.4
2015-07-16,13712325,260438826,19.2,18.85,18.85,0.0,5108,2356,19.0
2015-07-17,7213825,137239178,19.2,18.85,18.95,0.1,3484,2356,19.0
2015-07-20,8144144,152171900,19.1,18.45,18.45,-0.5,3285,2356,19.1
2015-07-21,5347463,98625306,18.7,18.2,18.6,0.15,1804,2356,18.35
2015-07-22,4403656,80609410,18.6,18.2,18.2,-0.4,2319,2356,18.55
2015-07-23,7794862,140713653,18.2,17.9,17.9,-0.3,3003,2356,18.05
2015-07-24,4268927,77072067,18.2,17.9,18.15,0.25,1751,2356,17.95
2015-07-27,6725229,121645673,18.4,17.75,17.75,-0.4,2318,2356,18.1
2015-07-28,8134230,146731904,18.45,17.55,18.2,0.45,3264,2356,17.6
2015-07-29,7292791,130932671,18.2,17.75,17.95,-0.25,2833,2356,18.1
2015-07-30,6344581,114567171,18.35,17.85,17.85,-0.1,2445,2356,17.95
2015-07-31,14273449,256490254,18.25,17.65,17.95,0.1,3570,2356,17.9
2015-08-03,3705168,65930776,18.0,17.7,17.75,-0.2,1813,2356,17.95
2015-08-04,4505262,80460322,18.05,17.75,17.85,0.1,2023,2356,18.0
2015-08-05,3340371,59796186,18.0,17.85,17.85,0.0,1843,2356,17.85
2015-08-06,17381627,288639562,18.0,16.1,16.1,-1.75,5516,2356,17.9
2015-08-07,10543156,172661046,16.9,15.8,16.7,0.6,3294,2356,15.8
2015-08-10,4640812,78090204,17.05,16.5,16.95,0.25,1733,2356,16.7
2015-08-11,6160347,103465974,17.15,16.55,16.65,-0.3,2740,2356,17.0
2015-08-12,5287623,88235656,16.95,16.4,16.8,0.15,2227,2356,16.5
2015-08-13,11374773,187610073,16.85,16.15,16.55,-0.25,4300,2356,16.8
2015-08-14,7111523,116047951,16.55,16.1,16.35,-0.2,2828,2356,16.4
2015-08-17,9159344,148736051,16.65,16.05,16.05,-0.3,3282,2356,16.6
2015-08-18,9550442,151463352,16.2,15.55,15.65,-0.4,3457,2356,16.05
2015-08-19,28564655,414518125,15.7,14.1,14.15,-1.5,7373,2356,15.55
2015-08-20,13303933,189175234,14.4,13.95,14.25,0.1,4591,2356,14.15
2015-08-21,16139633,231566556,14.6,13.95,14.4,0.15,4917,2356,14.0
2015-08-24,15537126,217454317,14.5,13.3,14.15,-0.25,5218,2356,14.4
2015-08-25,15587545,224041730,14.75,13.8,14.75,0.6,4782,2356,14.05
2015-08-26,15779916,224738641,14.4,14.05,14.25,-0.5,4378,2356,14.15
2015-08-27,16669935,244160193,14.9,14.35,14.6,0.35,4143,2356,14.6
2015-08-28,13163416,198466668,15.3,14.8,15.1,0.5,3928,2356,14.9
2015-08-31,13529426,201975102,15.2,14.8,14.9,-0.2,3550,2356,15.1
2015-09-01,13076660,194732313,15.05,14.7,14.8,-0.1,3925,2356,14.9
2015-09-02,9452022,139719072,15.15,14.45,14.9,0.1,3230,2356,14.75
2015-09-03,10282693,154350659,15.15,14.8,14.95,0.05,3108,2356,15.0
2015-09-04,12773153,187722288,15.0,14.5,14.5,-0.45,4428,2356,15.0
2015-09-07,37112421,579463906,15.95,14.7,15.95,1.45,9336,2356,14.7
2015-09-08,24585719,395493084,16.3,15.8,15.8,-0.15,7346,2356,16.05
2015-09-09,22186165,361528520,16.55,16.1,16.25,0.45,6273,2356,16.2
2015-09-10,15034234,242987972,16.4,15.9,16.25,0.0,4609,2356,16.15
2015-09-11,16481286,273405997,16.9,16.25,16.4,0.15,5007,2356,16.3
2015-09-14,8897787,146556885,16.8,16.25,16.45,0.05,3137,2356,16.55
2015-09-15,9363489,152232063,16.6,16.05,16.15,-0.3,3080,2356,16.55
2015-09-16,7900974,129378215,16.5,16.25,16.45,0.3,2559,2356,16.4
2015-09-17,21916072,369068148,17.15,16.5,16.8,0.35,6481,2356,16.65
2015-09-18,14063937,238799664,17.2,16.7,17.05,0.25,3482,2356,16.8
2015-09-21,7716963,129231973,16.95,16.55,16.7,-0.35,2747,2356,16.95
2015-09-22,5175623,87026470,16.9,16.7,16.9,0.2,1885,2356,16.85
2015-09-23,12577513,205204702,16.7,16.1,16.15,-0.75,3893,2356,16.65
2015-09-24,10307668,162687728,16.35,15.3,15.55,-0.6,3506,2356,16.3
2015-09-25,6394071,100745571,16.05,15.5,15.9,0.35,2290,2356,15.6
2015-09-30,7532174,118472264,16.05,15.55,15.6,-0.3,2492,2356,15.55
2015-10-01,6900422,110681615,16.3,15.7,16.3,0.7,2862,2356,15.85
2015-10-02,5516415,89890659,16.45,16.15,16.3,0.0,2168,2356,16.3
2015-10-05,5229135,85324689,16.45,16.2,16.3,0.0,1875,2356,16.4
2015-10-06,8672630,142707374,16.7,16.1,16.4,0.1,3983,2356,16.5
2015-10-07,19528980,333571841,17.4,16.4,17.25,0.85,5938,2356,16.5
2015-10-08,29981227,531343785,18.0,17.5,17.6,0.35,9104,2356,17.7
2015-10-12,10964806,193709831,17.85,17.5,17.55,-0.05,3756,2356,17.8
2015-10-13,20160753,359222026,18.15,17.35,18.1,0.55,5144,2356,17.55
2015-10-14,14181009,257956799,18.35,17.95,18.25,0.15,3719,2356,18.2
2015-10-15,11894950,216377091,18.4,18.0,18.1,-0.15,3438,2356,18.3
2015-10-16,14460051,260625924,18.2,17.8,18.1,0.0,3542,2356,18.1
2015-10-19,8576885,156595650,18.4,18.15,18.2,0.1,2304,2356,18.3
2015-10-20,6092056,110900710,18.35,18.1,18.2,0.0,2243,2356,18.25
2015-10-21,4084888,73889634,18.3,18.0,18.0,-0.2,1657,2356,18.3
2015-10-22,13692127,251295255,18.6,18.0,18.25,0.25,3845,2356,18.0
2015-10-23,14112882,261514018,18.8,18.4,18.4,0.15,4779,2356,18.7
2015-10-26,6592620,123151276,18.8,18.6,18.7,0.3,2404,2356,18.8
2015-10-27,6619113,124023262,18.8,18.6,18.8,0.1,2527,2356,18.8
2015-10-28,6763595,126497758,19.0,18.45,18.6,-0.2,2637,2356,18.85
2015-10-29,4877701,89857135,18.75,18.3,18.35,-0.25,1988,2356,18.65
2015-10-30,6531577,120109473,18.7,18.05,18.7,0.35,2719,2356,18.35
2015-11-02,5527140,102773500,18.8,18.5,18.6,-0.1,2772,2356,18.8
2015-11-03,4822835,90219815,18.85,18.6,18.7,0.1,2253,2356,18.75
2015-11-04,21391405,410816264,19.5,18.7,19.2,0.5,6732,2356,18.75
2015-11-05,25976786,516637656,20.3,19.15,20.3,1.1,6847,2356,19.35
2015-11-06,19883945,398702987,20.35,19.8,19.95,-0.35,4735,2356,20.3
2015-11-09,12174542,237315424,19.95,19.2,19.35,-0.6,3874,2356,19.65
2015-11-10,10899859,211712282,19.7,18.85,19.7,0.35,3235,2356,19.05
2015-11-11,20709199,395006816,19.75,18.7,18.7,-1.0,5918,2356,19.75
2015-11-12,13329186,249745222,19.1,18.3,18.7,0.0,4097,2356,18.75
2015-11-13,10442646,191605700,18.7,18.05,18.05,-0.65,3265,2356,18.45
2015-11-16,8564195,154571984,18.4,17.6,18.35,0.3,3243,2356,17.6
2015-11-17,4977871,92497000,18.75,18.45,18.55,0.2,1966,2356,18.65
2015-11-18,7396089,134423268,18.55,18.0,18.25,-0.3,3814,2356,18.55
2015-11-19,6429592,116997356,18.45,18.0,18.45,0.2,2789,2356,18.4
2015-11-20,5509996,100226518,18.4,18.0,18.15,-0.3,2128,2356,18.4
2015-11-23,3550422,64333583,18.4,18.05,18.1,-0.05,1666,2356,18.4
2015-11-24,9309211,171572556,18.7,18.15,18.4,0.3,2975,2356,18.25
2015-11-25,6182464,113253583,18.6,18.15,18.25,-0.15,1967,2356,18.5
2015-11-26,19613591,370013059,19.2,18.3,19.0,0.75,4709,2356,18.4
2015-11-27,16081415,309174509,19.65,18.95,18.95,-0.05,4628,2356,19.5
2015-11-30,17571874,331531683,19.35,18.5,19.0,0.05,3675,2356,18.7
2015-12-01,8556482,163280175,19.35,18.75,19.15,0.15,2931,2356,19.0
2015-12-02,9491843,177365573,19.25,18.2,18.6,-0.55,3614,2356,19.15
2015-12-03,4886334,91328258,18.95,18.4,18.65,0.05,1702,2356,18.4
2015-12-04,21742570,419271966,19.8,18.35,19.45,0.8,5718,2356,18.6
2015-12-07,14932157,293943181,20.0,19.4,19.4,-0.05,3562,2356,19.6
2015-12-08,7354666,141210104,19.6,19.05,19.1,-0.3,2969,2356,19.45
2015-12-09,35048668,691736210,20.1,19.2,19.65,0.55,8989,2356,19.2
2015-12-10,31692723,589394011,19.4,18.0,18.5,-1.15,10010,2356,19.4
2015-12-11,19872643,378501748,19.3,18.65,18.75,0.25,5970,2356,18.75
2015-12-14,13479353,247175342,18.7,17.9,18.5,-0.25,3790,2356,18.7
2015-12-15,12888207,244025014,19.2,18.45,18.95,0.45,4444,2356,18.7
2015-12-16,44354462,888340558,20.45,19.1,20.3,1.35,11638,2356,19.2
2015-12-17,38957092,820068727,21.45,20.55,20.7,0.4,10881,2356,20.8
2015-12-18,22914681,476191549,21.25,20.2,20.8,0.1,6446,2356,20.45
2015-12-21,32514600,693421555,21.65,20.45,21.05,0.25,7532,2356,20.7
2015-12-22,20033650,415221650,21.15,20.25,20.65,-0.4,5218,2356,21.05
2015-12-23,46469730,1013911260,22.2,20.75,22.05,1.4,13821,2356,20.75
2015-12-24,42873656,959029339,22.6,21.9,22.2,0.15,10585,2356,22.25
2015-12-25,13563055,300562113,22.4,21.7,22.4,0.2,4287,2356,21.9
2015-12-28,15947178,356500127,22.75,21.9,21.9,-0.5,4403,2356,22.4
2015-12-29,14335513,314987270,22.2,21.75,21.9,0.0,4235,2356,22.0
2015-12-30,8751622,192998080,22.2,21.85,21.85,-0.05,2681,2356,22.0
2015-12-31,10285026,222498850,21.8,21.5,21.55,-0.3,2840,2356,21.8
2016-01-04,20483923,433689315,21.8,20.8,21.1,-0.45,6097,2356,21.6
2016-01-05,28238047,597253381,21.5,20.6,21.05,-0.05,5961,2356,20.6
2016-01-06,34334084,733535957,21.85,20.9,21.05,0.0,9437,2356,21.0
2016-01-07,24756307,515827186,21.0,20.6,20.85,-0.2,7470,2356,20.9
2016-01-08,19727084,415798048,21.4,20.9,20.9,0.05,5712,2356,20.95
2016-01-11,23761398,502209456,21.6,20.35,21.2,0.3,6839,2356,20.75
2016-01-12,34170242,746157920,22.3,21.4,21.65,0.45,9613,2356,21.4
2016-01-13,25771864,565742408,22.4,21.4,22.0,0.35,8443,2356,22.2
2016-01-14,32508139,719785899,22.5,21.05,22.5,0.5,10242,2356,21.6
2016-01-15,25959416,579740847,23.0,21.9,21.9,-0.6,8619,2356,22.7
2016-01-18,25570709,568741763,22.75,20.95,22.6,0.7,8344,2356,21.3
2016-01-19,16739090,380953889,23.0,22.5,22.75,0.15,5738,2356,22.8
2016-01-20,25036933,571098097,23.2,22.3,22.3,-0.45,8167,2356,22.8
2016-01-21,36596385,847815112,23.5,22.5,23.45,1.15,10964,2356,22.8
2016-01-22,50347954,1202623285,24.35,23.25,23.75,0.3,14616,2356,23.7
2016-01-25,16117535,388213974,24.25,23.8,24.15,0.4,5730,2356,24.2
2016-01-26,17521502,425128609,24.5,23.85,24.25,0.1,6590,2356,24.0
2016-01-27,59456644,1512180794,26.1,24.4,26.1,1.85,16858,2356,24.6
2016-01-28,34753608,887778555,26.0,25.2,25.3,-0.8,12344,2356,25.7
2016-01-29,39378745,966432267,25.1,24.1,24.75,-0.55,11957,2356,25.0
2016-01-30,14642693,361866446,25.2,24.4,24.4,-0.35,5094,2356,25.1
2016-02-01,30229817,733513715,24.8,23.8,23.9,-0.5,8945,2356,24.65
2016-02-02,35128950,846721378,24.4,23.5,24.2,0.3,9712,2356,23.65
2016-02-03,15544186,370288186,24.25,23.65,23.65,-0.55,5166,2356,24.15
2016-02-15,21929481,507739717,23.6,22.65,23.45,-0.2,7243,2356,22.9
2016-02-16,13472709,314361627,23.75,23.15,23.4,-0.05,5170,2356,23.65
2016-02-17,26903903,637761768,24.0,23.3,23.5,0.1,8313,2356,23.8
2016-02-18,47111019,1171649838,25.4,24.15,25.0,1.5,13998,2356,24.2
2016-02-19,30657271,781173663,25.85,25.05,25.4,0.4,10117,2356,25.05
2016-02-22,25147966,646251811,26.05,25.3,25.45,0.05,8539,2356,25.6
2016-02-23,19781901,498044369,25.8,24.85,24.85,-0.6,6648,2356,25.75
2016-02-24,30332571,731552254,24.55,23.8,24.0,-0.85,10745,2356,24.2
2016-02-25,12251956,293455091,24.3,23.8,23.8,-0.2,5425,2356,24.25
2016-02-26,13575952,321498502,24.0,23.5,23.8,0.0,5040,2356,23.85
2016-03-01,12577390,298503673,24.0,23.6,23.8,0.0,4654,2356,23.9
2016-03-02,10385771,250108204,24.3,23.95,24.05,0.25,3983,2356,24.15
2016-03-03,25017642,608601139,24.7,23.85,24.7,0.65,8127,2356,24.05
2016-03-04,33291035,805977840,24.55,24.0,24.0,-0.7,10901,2356,24.45
2016-03-07,21683886,509622491,23.95,23.1,23.15,-0.85,8298,2356,23.95
2016-03-08,16119461,370321703,23.4,22.8,23.0,-0.15,5674,2356,23.15
2016-03-09,27319247,636818800,23.55,23.05,23.5,0.5,9949,2356,23.2
2016-03-10,15354800,358620227,23.55,23.15,23.3,-0.2,5638,2356,23.45
2016-03-11,13366968,309570743,23.35,23.05,23.3,0.0,5602,2356,23.2
2016-03-14,11656818,273016268,23.55,23.3,23.3,0.0,4253,2356,23.45
2016-03-15,24607862,561674136,23.3,22.45,22.7,-0.6,7271,2356,23.3
2016-03-16,17553074,399703477,23.05,22.55,22.8,0.1,6521,2356,23.05
2016-03-17,32126292,759744782,24.0,23.2,23.9,1.1,12198,2356,23.4
2016-03-18,29779158,701624828,24.1,23.2,23.55,-0.35,7690,2356,24.05
2016-03-21,12460884,295836167,23.95,23.35,23.95,0.4,4696,2356,23.6
2016-03-22,34823976,846336499,24.75,23.8,24.35,0.4,11603,2356,24.0
2016-03-23,61557767,1416411958,24.25,22.0,22.2,-2.15,22132,2356,24.2
2016-03-24,44634445,945411694,21.95,20.9,21.0,-1.2,15261,2356,21.95
2016-03-25,17531396,369639320,21.3,20.85,21.3,0.3,6368,2356,21.05
2016-03-28,18276247,379362515,21.3,20.55,20.55,-0.75,6215,2356,21.3
2016-03-29,21966853,450094946,20.95,20.15,20.35,-0.2,7839,2356,20.6
2016-03-30,25172362,517714910,20.8,20.2,20.6,0.25,8758,2356,20.35
2016-03-31,16466291,336664436,20.75,20.3,20.4,-0.2,5269,2356,20.65
2016-04-01,12345014,252942876,20.6,20.25,20.45,0.05,4524,2356,20.3
2016-04-06,41568516,827081070,20.3,19.6,20.0,-0.45,11005,2356,20.2
2016-04-07,34734591,722667017,21.35,20.0,21.3,1.3,12263,2356,20.2
2016-04-08,22584663,472336173,21.2,20.7,20.95,-0.35,7583,2356,21.2
2016-04-11,11845070,247949050,21.3,20.7,20.7,-0.25,4556,2356,20.95
2016-04-12,16348501,344815090,21.45,20.75,20.85,0.15,6290,2356,20.95
2016-04-13,16904073,359068489,21.45,21.05,21.35,0.5,6458,2356,21.15
2016-04-14,26773001,582569509,21.95,21.45,21.95,0.6,9010,2356,21.55
2016-04-15,13702213,302918541,22.35,21.7,22.15,0.2,4888,2356,22.0
2016-04-18,7353788,158902586,22.05,21.45,21.5,-0.65,3262,2356,22.0
2016-04-19,9175197,196395978,21.75,21.2,21.25,-0.25,3425,2356,21.75
2016-04-20,10395691,218958311,21.4,20.9,20.9,-0.35,4167,2356,21.35
2016-04-21,8515645,180838915,21.5,21.0,21.25,0.35,3727,2356,21.05
2016-04-22,7199931,151281150,21.45,20.7,20.95,-0.3,3322,2356,21.0
2016-04-25,9325666,199968025,21.7,20.7,21.55,0.6,3704,2356,21.0
2016-04-26,8302288,177692796,21.65,21.25,21.3,-0.25,3034,2356,21.35
2016-04-27,21273317,464637416,22.15,21.5,21.7,0.4,6761,2356,21.55
2016-04-28,15831780,337400971,21.95,21.1,21.1,-0.6,5293,2356,21.85
2016-04-29,10673022,225240360,21.35,20.65,21.35,0.25,3968,2356,20.9
2016-05-03,9917385,207122406,21.3,20.7,20.7,-0.65,3349,2356,21.25
2016-05-04,10154410,207287009,20.6,20.25,20.5,-0.2,3945,2356,20.4
2016-05-05,12405554,249575003,20.5,20.0,20.15,-0.35,5379,2356,20.3
2016-05-06,11061119,219760310,20.15,19.75,19.9,-0.25,4438,2356,20.05
2016-05-09,11196728,226379052,20.35,19.95,20.3,0.4,4322,2356,20.0
2016-05-10,7939564,160809619,20.45,20.0,20.45,0.15,3384,2356,20.25
2016-05-11,11681717,239286834,20.75,20.35,20.4,-0.05,4094,2356,20.6
2016-05-12,5614182,114086911,20.55,20.1,20.3,-0.1,3159,2356,20.2
2016-05-13,9577944,194353161,20.5,20.1,20.4,0.1,3809,2356,20.2
2016-05-16,5163074,104708041,20.45,20.15,20.3,-0.1,2190,2356,20.4
2016-05-17,11983257,246963128,20.85,20.2,20.85,0.55,4103,2356,20.25
2016-05-18,8121248,168924110,20.95,20.5,20.95,0.1,3193,2356,20.65
2016-05-19,6461162,133260751,20.9,20.5,20.5,-0.45,3109,2356,20.85
2016-05-20,6649457,137290156,20.85,20.3,20.7,0.2,2375,2356,20.4
2016-05-23,13091433,273233880,21.35,20.1,21.2,0.5,5159,2356,20.25
2016-05-24,9239488,195769513,21.45,20.85,21.15,-0.05,4431,2356,21.05
2016-05-25,11654337,251283351,21.7,21.35,21.65,0.5,4728,2356,21.35
2016-05-26,3972592,85987397,21.8,21.5,21.65,0.0,1895,2356,21.75
2016-05-27,12137701,266256154,22.15,21.75,21.85,0.2,4696,2356,21.8
2016-05-30,7554314,165763979,22.2,21.55,22.05,0.2,3147,2356,21.7
2016-05-31,20160329,440615378,22.35,21.7,21.7,-0.35,4516,2356,22.35
2016-06-01,15225085,336306027,22.3,21.75,22.3,0.6,5974,2356,21.8
2016-06-02,9267209,206841082,22.5,22.05,22.2,-0.1,3921,2356,22.45
2016-06-03,9077223,203424539,22.5,22.1,22.5,0.3,3906,2356,22.2
2016-06-04,1413343,31460158,22.5,22.2,22.2,-0.3,683,2356,22.5
2016-06-06,3750528,83571959,22.45,22.15,22.2,0.0,1970,2356,22.45
2016-06-07,8282051,187076690,22.7,22.4,22.65,0.45,4068,2356,22.4
2016-06-08,10360776,235010689,22.85,22.5,22.65,0.0,4364,2356,22.65
2016-06-13,6409963,142949074,22.65,22.15,22.2,-0.45,2638,2356,22.65
2016-06-14,8053915,182576190,22.95,22.1,22.95,0.75,3316,2356,22.1
2016-06-15,6595986,150125375,23.0,22.6,22.9,-0.05,3480,2356,23.0
2016-06-16,4993455,112969134,22.75,22.5,22.65,-0.25,2051,2356,22.7
2016-06-17,8990793,202671543,22.75,22.45,22.45,-0.2,3354,2356,22.7
2016-06-20,9407667,213971226,22.95,22.35,22.95,0.5,4045,2356,22.75
2016-06-21,6909909,157137665,22.85,22.6,22.8,-0.15,2826,2356,22.85
2016-06-22,7724291,175942588,22.95,22.6,22.95,0.15,2594,2356,22.8
2016-06-23,5475037,125325293,23.1,22.75,22.95,0.0,2058,2356,22.9
2016-06-24,9999611,224312708,23.0,21.9,22.3,-0.65,3522,2356,23.0
2016-06-27,2990193,66260610,22.4,21.85,22.2,-0.1,1502,2356,21.9
2016-06-28,7342386,165899827,22.85,21.95,22.6,0.4,2647,2356,22.1
2016-06-29,4885846,110868909,22.9,22.55,22.6,0.0,2834,2356,22.9
2016-06-30,6076002,138134685,22.85,22.5,22.85,0.25,2647,2356,22.65
2016-07-01,12793329,296184814,23.45,22.9,23.35,0.5,4927,2356,23.0
2016-07-04,9449679,221898738,23.65,23.2,23.35,0.0,5087,2356,23.45
2016-07-05,5477330,128958062,23.65,23.35,23.55,0.2,2399,2356,23.4
2016-07-06,13859985,317339104,23.4,22.6,22.6,-0.95,6233,2356,23.35
2016-07-07,12143795,281982076,23.4,22.75,23.35,0.75,4925,2356,22.75
2016-07-11,22523797,543987847,24.4,23.65,24.35,1.0,7491,2356,23.8
2016-07-12,25279035,623704029,24.85,24.35,24.8,0.45,8088,2356,24.5
2016-07-13,34821598,874568669,25.25,24.85,25.25,0.45,9256,2356,25.15
2016-07-14,22417492,527778603,24.0,23.5,23.6,0.0,5971,2356,23.85
2016-07-15,15712080,378094815,24.3,23.65,24.3,0.7,6522,2356,23.75
2016-07-18,23960351,595889720,25.2,24.6,24.7,0.4,7837,2356,24.7
2016-07-19,10087167,246758928,24.95,24.2,24.7,0.0,4530,2356,24.95
2016-07-20,12001283,294119835,24.75,24.25,24.7,0.0,4957,2356,24.4
2016-07-21,12481526,309984748,24.95,24.65,24.8,0.1,4790,2356,24.8
2016-07-22,16147462,403635504,25.15,24.65,25.1,0.3,4900,2356,24.8
2016-07-25,9483198,234508147,25.15,24.45,24.7,-0.4,3375,2356,25.1
2016-07-26,11569176,280215732,24.6,24.0,24.25,-0.45,4566,2356,24.5
2016-07-27,8550824,207514870,24.6,24.1,24.1,-0.15,3581,2356,24.5
2016-07-28,11512501,281733802,24.75,24.1,24.75,0.65,4664,2356,24.2
2016-07-29,9290647,228952803,24.8,24.4,24.75,0.0,3540,2356,24.7
2016-08-01,5806258,143907191,24.9,24.65,24.8,0.05,2916,2356,24.9
2016-08-02,9317002,228428435,24.8,24.35,24.5,-0.3,3189,2356,24.8
2016-08-03,6828879,165220112,24.5,23.95,24.3,-0.2,2736,2356,24.2
2016-08-04,4634467,112220770,24.5,24.1,24.25,-0.05,2504,2356,24.45
2016-08-05,8292345,203394293,24.7,24.2,24.65,0.4,3326,2356,24.3
2016-08-08,12697484,313169118,25.0,24.3,24.6,-0.05,2984,2356,24.95
2016-08-09,7053412,172531716,24.7,24.3,24.5,-0.1,3351,2356,24.6
2016-08-10,17981774,423308876,23.85,23.2,23.85,-0.65,6522,2356,23.8
2016-08-11,9097348,215116004,23.85,23.45,23.7,-0.15,3879,2356,23.85
2016-08-12,6209128,145934363,23.85,23.35,23.35,-0.35,4303,2356,23.65
2016-08-15,9763716,231810030,24.2,23.4,23.75,0.4,3920,2356,23.4
2016-08-16,7325196,173329113,23.8,23.45,23.75,0.0,3097,2356,23.75
2016-08-17,7451823,175988099,23.85,23.45,23.75,0.0,3745,2356,23.7
2016-08-18,6053931,143521300,23.8,23.6,23.8,0.05,1849,2356,23.75
2016-08-19,8646763,202347720,23.9,23.15,23.15,-0.65,3696,2356,23.8
2016-08-22,8458586,197529536,23.6,23.1,23.35,0.2,3423,2356,23.15
2016-08-23,3652041,84997783,23.45,23.2,23.2,-0.15,1570,2356,23.45
2016-08-24,2626054,61050388,23.35,23.2,23.25,0.05,1673,2356,23.3
2016-08-25,5867206,137176318,23.7,23.05,23.6,0.35,2280,2356,23.25
2016-08-26,6127910,142653966,23.6,23.2,23.2,-0.4,1773,2356,23.4
2016-08-29,3420272,79457609,23.35,23.05,23.35,0.15,1629,2356,23.2
2016-08-30,2043542,47709415,23.45,23.25,23.4,0.05,965,2356,23.4
2016-08-31,9614087,226537923,23.75,23.25,23.55,0.15,2816,2356,23.5
2016-09-01,7811000,179626286,23.4,22.8,22.95,-0.6,3714,2356,23.35
2016-09-02,7820235,180863419,23.3,22.85,23.2,0.25,3380,2356,23.15
2016-09-05,5001096,115875008,23.4,23.0,23.1,-0.1,1981,2356,23.3
2016-09-06,6361706,147929165,23.35,23.05,23.35,0.25,1891,2356,23.1
2016-09-07,13621774,320987407,23.7,23.15,23.7,0.35,3986,2356,23.15
2016-09-08,21660245,532312363,25.0,23.8,24.95,1.25,8109,2356,23.85
2016-09-09,11812253,286286683,24.55,24.05,24.1,-0.85,4703,2356,24.45
2016-09-10,3879911,91170951,23.7,23.3,23.5,-0.6,1875,2356,23.5
2016-09-12,5418699,126896029,23.6,23.25,23.45,-0.05,2642,2356,23.35
2016-09-13,8303625,195596921,23.9,23.1,23.55,0.1,3530,2356,23.65
2016-09-14,7965157,186528112,23.55,23.15,23.55,0.0,2342,2356,23.25
2016-09-19,8927498,214075640,24.2,23.65,23.9,0.35,3559,2356,23.65
2016-09-20,8182003,198471699,24.4,24.0,24.35,0.45,3317,2356,24.0
2016-09-21,14931186,367743198,24.8,24.45,24.7,0.35,4866,2356,24.5
2016-09-22,11744991,291180364,25.0,24.65,24.7,0.0,3384,2356,25.0
2016-09-23,13291115,330915587,25.0,24.75,24.9,0.2,5154,2356,24.85
2016-09-26,6774588,169182897,25.1,24.85,24.9,0.0,2467,2356,25.0
2016-09-29,16061565,408164119,25.55,25.0,25.55,0.65,6466,2356,25.2
2016-09-30,13293456,340228291,25.85,25.25,25.6,0.05,4656,2356,25.4
2016-10-03,5476682,140634639,25.8,25.55,25.75,0.15,2246,2356,25.75
2016-10-04,23299871,617147372,26.85,25.8,26.7,0.95,8356,2356,25.9
2016-10-05,8440862,223370742,26.6,26.2,26.5,-0.2,3838,2356,26.6
2016-10-06,8005625,210516820,26.65,26.1,26.3,-0.2,3387,2356,26.65
2016-10-07,5654926,147742454,26.5,25.85,26.2,-0.1,2352,2356,26.35
2016-10-11,9886453,253712597,26.35,25.35,25.55,-0.65,4443,2356,26.3
2016-10-12,9124282,237601965,26.5,25.5,26.35,0.8,3866,2356,25.55
2016-10-13,13502582,355784955,26.8,26.0,26.3,-0.05,4479,2356,26.65
2016-10-14,7940613,208805561,26.7,26.0,26.0,-0.3,3067,2356,26.3
2016-10-17,7020861,178009072,25.9,25.0,25.45,-0.55,2973,2356,25.8
2016-10-18,5755844,145821758,25.7,25.15,25.35,-0.1,3081,2356,25.25
2016-10-19,3979180,100843109,25.55,25.2,25.25,-0.1,2397,2356,25.4
2016-10-20,9111510,230497332,25.45,25.05,25.35,0.1,3666,2356,25.2
2016-10-21,15444807,387844430,25.4,25.0,25.1,-0.25,2903,2356,25.4
2016-10-24,3574755,89257144,25.25,24.85,24.85,-0.25,1808,2356,25.2
2016-10-25,6431214,161602155,25.4,24.8,25.25,0.4,2973,2356,24.9
2016-10-26,2631935,66043025,25.25,25.0,25.05,-0.2,1505,2356,25.2
2016-10-27,3942972,98276345,25.3,24.8,24.85,-0.2,1772,2356,25.25
2016-10-28,2980265,74022963,24.95,24.7,24.85,0.0,1269,2356,24.85
2016-10-31,6263941,154385789,24.85,24.4,24.7,-0.15,2606,2356,24.65
2016-11-01,6659055,166092507,25.15,24.6,24.85,0.15,2663,2356,24.7
2016-11-02,4949394,123280334,25.05,24.6,24.95,0.1,2386,2356,24.8
2016-11-03,6913550,169529365,24.85,24.15,24.15,-0.8,2810,2356,24.75
2016-11-04,3549195,85934293,24.35,24.1,24.15,0.0,1681,2356,24.2
2016-11-07,2861798,69671556,24.45,24.1,24.35,0.2,1246,2356,24.1
2016-11-08,2347714,57405628,24.6,24.25,24.45,0.1,1334,2356,24.5
2016-11-09,8872899,213862311,24.95,23.5,23.5,-0.95,3416,2356,24.8
2016-11-10,5082327,123503874,24.55,23.9,24.25,0.75,2015,2356,23.9
2016-11-11,10282285,237582973,23.65,22.9,22.9,-1.35,4727,2356,23.55
2016-11-14,5520103,126364241,23.2,22.6,22.85,-0.05,2457,2356,23.2
2016-11-15,9170324,207952686,22.95,22.5,22.6,-0.25,3846,2356,22.5
2016-11-16,10216122,232391947,22.95,22.5,22.6,0.0,4391,2356,22.6
2016-11-17,11729329,259141517,22.6,21.85,21.85,-0.75,4748,2356,22.5
2016-11-18,12558149,274632721,22.15,21.55,21.7,-0.15,4292,2356,21.85
2016-11-21,5329991,117885352,22.35,21.85,22.05,0.35,2997,2356,21.85
2016-11-22,5585590,125293391,22.55,22.2,22.4,0.35,2841,2356,22.2
2016-11-23,9204959,206264518,22.6,22.2,22.35,-0.05,4203,2356,22.45
2016-11-24,3328626,74456073,22.5,22.25,22.35,0.0,1849,2356,22.25
2016-11-25,3222402,71383357,22.35,22.05,22.05,-0.3,1687,2356,22.3
2016-11-28,7451817,165863394,22.6,22.05,22.1,0.05,2238,2356,22.2
2016-11-29,3847125,86015517,22.5,22.1,22.3,0.2,2077,2356,22.2
2016-11-30,21411197,465942193,22.25,21.55,21.55,-0.75,5569,2356,22.2
2016-12-01,7033689,152686369,21.85,21.6,21.6,0.05,3109,2356,21.65
2016-12-02,7790508,166251115,21.7,21.2,21.25,-0.35,3951,2356,21.65
2016-12-05,6195737,130094445,21.3,20.8,20.9,-0.35,3453,2356,21.2
2016-12-06,6189604,132531466,21.5,21.2,21.4,0.5,3017,2356,21.25
2016-12-07,3924193,83774611,21.5,21.1,21.35,-0.05,2422,2356,21.5
2016-12-08,6728092,146733400,22.0,21.45,22.0,0.65,3701,2356,21.45
2016-12-09,8297963,183846236,22.3,22.0,22.05,0.05,3560,2356,22.2
2016-12-12,5344159,116155879,22.05,21.6,21.7,-0.35,2324,2356,22.0
2016-12-13,4356007,94748744,21.85,21.55,21.8,0.1,2496,2356,21.55
2016-12-14,9530488,210236425,22.25,21.7,22.2,0.4,3700,2356,21.85
2016-12-15,14955903,336451219,22.8,22.3,22.35,0.15,5978,2356,22.5
2016-12-16,9959896,218371274,22.35,21.75,21.75,-0.6,4291,2356,22.3
2016-12-19,4261303,92087460,21.75,21.55,21.65,-0.1,1895,2356,21.65
2016-12-20,6160881,131606248,21.7,21.25,21.35,-0.3,3260,2356,21.65
2016-12-21,5448430,115812654,21.35,21.2,21.2,-0.15,2561,2356,21.3
2016-12-22,5922109,124756839,21.3,20.9,20.95,-0.25,2605,2356,21.2
2016-12-23,4899658,102382655,21.0,20.8,20.85,-0.1,2116,2356,20.95
2016-12-26,2063955,43322696,21.1,20.85,20.95,0.1,1001,2356,20.85
2016-12-27,1856683,39151093,21.2,21.0,21.05,0.1,849,2356,21.15
2016-12-28,4254815,90468023,21.35,21.15,21.3,0.25,1325,2356,21.2
2016-12-29,8560204,183548016,21.6,21.25,21.45,0.15,2433,2356,21.3
2016-12-30,15413236,342138151,22.5,22.0,22.1,0.65,5874,2356,22.15
2017-01-03,10919553,240927977,22.4,21.95,22.0,-0.1,3934,2356,22.35
2017-01-04,14432508,320349876,22.4,21.9,22.1,0.1,4491,2356,22.0
2017-01-05,14875895,333310740,22.5,22.15,22.45,0.35,4650,2356,22.15
2017-01-06,10591860,236774520,22.5,22.1,22.4,-0.05,4423,2356,22.45
2017-01-09,18145601,419631255,23.45,22.85,23.4,1.0,6700,2356,22.85
2017-01-10,12020113,279464268,23.5,23.0,23.45,0.05,4284,2356,23.4
2017-01-11,9087503,213314434,23.65,23.25,23.5,0.05,3902,2356,23.5
2017-01-12,6587436,154796089,23.7,23.3,23.6,0.1,3373,2356,23.5
2017-01-13,5780830,134728848,23.5,23.15,23.35,-0.25,2479,2356,23.4
2017-01-16,8329433,191542957,23.35,22.85,23.0,-0.35,2614,2356,23.35
2017-01-17,5368969,124420271,23.4,22.9,23.35,0.35,2298,2356,23.0
2017-01-18,10823898,256425227,23.9,23.3,23.75,0.4,3873,2356,23.45
2017-01-19,7926434,188005153,23.85,23.45,23.75,0.0,3647,2356,23.85
2017-01-20,6126443,142817367,23.6,23.15,23.2,-0.55,2748,2356,23.5
2017-01-23,4684131,109822698,23.55,23.3,23.55,0.35,2134,2356,23.4
2017-01-24,7575063,178650463,23.7,23.4,23.5,-0.05,3412,2356,23.6
2017-02-02,15959102,370668066,23.75,22.95,23.0,-0.5,5907,2356,23.75
2017-02-03,6737033,155846741,23.25,23.0,23.2,0.2,2834,2356,23.1
2017-02-06,7019099,162674577,23.4,23.05,23.1,-0.1,3187,2356,23.4
2017-02-07,5739808,133033541,23.3,23.0,23.25,0.15,2593,2356,23.2
2017-02-08,10275869,235811431,23.2,22.85,22.9,-0.35,4111,2356,23.15
2017-02-09,5639626,128887406,23.0,22.8,22.85,-0.05,2458,2356,22.95
2017-02-10,18187383,421339393,23.3,22.9,23.25,0.4,3624,2356,23.0
2017-02-13,9158762,213035204,23.4,23.0,23.35,0.1,3505,2356,23.25
2017-02-14,19306404,463278089,24.45,23.4,24.2,0.85,6733,2356,23.4
2017-02-15,12872320,306975906,24.3,23.5,23.6,-0.6,4494,2356,24.2
2017-02-16,5884252,138925335,23.75,23.4,23.55,-0.05,1924,2356,23.7
2017-02-17,3167811,74375229,23.65,23.4,23.45,-0.1,1200,2356,23.55
2017-02-18,1831461,42957080,23.6,23.4,23.45,0.0,746,2356,23.45
2017-02-20,3769251,87636279,23.6,23.1,23.2,-0.25,1863,2356,23.6
2017-02-21,4010916,92565168,23.3,23.0,23.1,-0.1,1741,2356,23.2
2017-02-22,4211230,97077340,23.3,23.0,23.0,-0.1,1965,2356,23.3
2017-02-23,5572675,127876542,23.15,22.85,22.95,-0.05,2272,2356,23.1
2017-02-24,7542241,172480928,23.1,22.8,22.8,-0.15,2468,2356,23.0
2017-03-01,8013858,181978725,23.0,22.5,22.6,-0.2,3334,2356,22.85
2017-03-02,8192568,183511731,22.8,22.2,22.3,-0.3,3703,2356,22.7
2017-03-03,6285122,142140497,22.85,22.2,22.7,0.4,2769,2356,22.3
2017-03-06,4142140,93880214,22.8,22.6,22.7,0.0,1764,2356,22.7
2017-03-07,3388306,77082633,22.85,22.65,22.85,0.15,1422,2356,22.7
2017-03-08,10621309,242404579,23.05,22.55,23.05,0.2,2926,2356,22.85
2017-03-09,8059966,184303263,23.2,22.7,22.7,-0.35,3674,2356,23.2
2017-03-10,5081907,114655992,22.7,22.5,22.6,-0.1,1936,2356,22.6
2017-03-13,4161573,94114586,22.85,22.5,22.6,0.0,1774,2356,22.65
2017-03-14,10890611,251160637,23.2,22.85,23.2,0.6,4425,2356,23.0
2017-03-15,3730221,85631355,23.1,22.8,22.95,-0.25,1302,2356,23.1
2017-03-16,5030785,116189855,23.3,23.0,23.0,0.05,2134,2356,23.1
2017-03-17,5706930,131195327,23.2,22.95,22.95,-0.05,1726,2356,23.05
2017-03-20,2993533,69216666,23.2,22.95,23.2,0.25,1312,2356,22.95
2017-03-21,6209236,144957321,23.4,23.2,23.4,0.2,3329,2356,23.2
2017-03-22,5442063,127157313,23.5,23.0,23.5,0.1,2375,2356,23.3
2017-03-23,4449170,104457057,23.6,23.4,23.5,0.0,2053,2356,23.6
2017-03-24,4684847,108908961,23.5,23.1,23.15,-0.35,1920,2356,23.5
2017-03-27,5500325,129048611,23.6,23.3,23.45,0.3,2544,2356,23.3
2017-03-28,6276625,145941771,23.5,23.05,23.2,-0.25,2665,2356,23.5
2017-03-29,8073256,185465322,23.2,22.8,22.9,-0.3,3891,2356,23.15
2017-03-30,8074239,183396980,23.0,22.55,22.6,-0.3,3574,2356,23.0
2017-03-31,7848154,178050230,22.85,22.55,22.75,0.15,3393,2356,22.55
2017-04-05,17955257,398801800,22.55,22.05,22.1,-0.65,6941,2356,22.5
2017-04-06,6890178,152853190,22.3,22.1,22.2,0.1,2966,2356,22.1
2017-04-07,10976738,241303747,22.15,21.9,21.9,-0.3,4534,2356,22.1
2017-04-10,8058866,178513934,22.4,21.9,22.15,0.25,3342,2356,22.1
2017-04-11,6430290,141761888,22.2,22.0,22.0,-0.15,2844,2356,22.15
2017-04-12,13287537,287366541,22.0,21.45,21.45,-0.55,4159,2356,21.95
2017-04-13,12647058,278450422,22.4,21.45,22.3,0.85,4970,2356,21.45
2017-04-14,5267700,115981822,22.2,21.85,21.9,-0.4,1753,2356,22.05
2017-04-17,2657309,58418258,22.05,21.85,21.9,0.0,973,2356,21.9
2017-04-18,4789136,105099258,22.1,21.9,21.95,0.05,2225,2356,22.0
2017-04-19,14872790,318017584,21.7,21.2,21.2,-0.75,5760,2356,21.7
2017-04-20,4622915,98703233,21.55,21.1,21.3,0.1,2283,2356,21.2
2017-04-21,7793848,164899334,21.35,21.1,21.1,-0.2,3001,2356,21.2
2017-04-24,9552543,206840052,21.95,21.15,21.85,0.75,3884,2356,21.3
2017-04-25,9830131,216393632,22.3,21.85,22.0,0.15,3652,2356,22.25
2017-04-26,10367422,231013898,22.5,22.15,22.3,0.3,3895,2356,22.2
2017-04-27,5955039,132770009,22.4,22.1,22.35,0.05,2242,2356,22.2
2017-04-28,14734748,330017796,22.5,22.3,22.45,0.1,3875,2356,22.35
2017-05-02,11727313,263613758,22.65,22.25,22.55,0.1,3709,2356,22.45
2017-05-03,24079539,554791634,23.3,22.5,23.2,0.65,7461,2356,22.65
2017-05-04,15265565,354224295,23.4,22.95,23.1,-0.1,4964,2356,23.15
2017-05-05,5823833,133828931,23.15,22.9,22.9,-0.2,2278,2356,23.05
2017-05-08,6112394,139625382,23.15,22.6,22.75,-0.15,1632,2356,23.15
2017-05-09,10457829,239755067,23.15,22.6,23.05,0.3,3498,2356,22.6
2017-05-10,12631308,289698101,23.15,22.8,23.05,0.0,4638,2356,23.15
2017-05-11,4087190,93868622,23.05,22.9,22.9,-0.15,1651,2356,23.0
2017-05-12,7944773,182882129,23.15,22.8,23.15,0.25,3626,2356,22.9
2017-05-15,8289822,192092435,23.4,22.8,23.15,0.0,3575,2356,23.05
2017-05-16,19436284,457359619,23.9,23.15,23.65,0.5,6685,2356,23.2
2017-05-17,11783796,278781955,23.8,23.4,23.8,0.15,4817,2356,23.75
2017-05-18,13157902,304903646,23.45,22.9,22.95,-0.85,4690,2356,23.45
2017-05-19,6182039,142200186,23.15,22.8,23.0,0.05,2090,2356,22.8
2017-05-22,9868504,225489446,22.95,22.7,22.95,-0.05,3480,2356,22.9
2017-05-23,18553602,417541544,22.65,22.4,22.45,-0.5,6480,2356,22.65
2017-05-24,15358103,347145274,22.9,22.2,22.8,0.35,4587,2356,22.2
2017-05-25,12119468,278127051,23.1,22.6,23.0,0.2,3542,2356,22.65
2017-05-26,12810947,292713625,23.05,22.6,22.95,-0.05,3781,2356,23.0
2017-05-31,21916599,494761563,23.1,22.35,22.35,-0.6,4731,2356,23.0
2017-06-01,7818981,176834351,22.75,22.5,22.75,0.4,3333,2356,22.5
2017-06-02,11879287,271046217,22.95,22.65,22.85,0.1,5145,2356,22.9
2017-06-03,2378686,54550252,23.0,22.7,23.0,0.15,1069,2356,22.8
2017-06-05,20859464,489358971,23.75,23.0,23.6,0.6,6801,2356,23.1
2017-06-06,13624188,321182503,23.75,23.4,23.65,0.05,4280,2356,23.6
2017-06-07,24222628,573987676,23.85,23.4,23.65,0.0,6646,2356,23.8
2017-06-08,27211292,649717187,24.05,23.7,23.95,0.3,9397,2356,23.9
2017-06-09,27540959,665601324,24.5,23.8,24.0,0.05,7466,2356,23.8
2017-06-12,14178201,341462579,24.3,23.7,24.2,0.2,5721,2356,23.7
2017-06-13,14176554,338022075,24.4,23.55,23.55,-0.65,5330,2356,24.35
2017-06-14,9617593,225966041,23.8,23.1,23.6,0.05,3296,2356,23.75
2017-06-15,8464280,199062650,23.8,23.35,23.6,0.0,2796,2356,23.6
2017-06-16,15974366,380145784,24.1,23.35,24.1,0.5,4470,2356,23.5
2017-06-19,14674455,353615070,24.3,23.8,24.0,-0.1,4986,2356,24.1
2017-06-20,12979903,314282816,24.45,23.9,24.4,0.4,4350,2356,24.0
2017-06-21,26700154,661534300,25.0,24.1,24.9,0.5,8855,2356,24.3
2017-06-22,16535667,413444307,25.3,24.85,24.85,-0.05,5261,2356,25.15
2017-06-23,14844843,370884945,25.15,24.75,25.1,0.25,5744,2356,24.85
2017-06-26,16045063,403917956,25.35,25.0,25.25,0.15,5987,2356,25.3
2017-06-27,20444941,521464496,25.75,25.3,25.65,0.4,6869,2356,25.4
2017-06-28,20451070,513101622,25.5,24.85,24.85,-0.8,6605,2356,25.4
2017-06-29,12983266,321788976,25.0,24.6,24.65,-0.2,4675,2356,24.95
2017-06-30,8831294,217353063,24.85,24.3,24.8,0.15,3033,2356,24.4
2017-07-03,19999365,508310165,25.8,24.9,25.4,0.6,5580,2356,24.9
2017-07-04,13219071,332644553,25.4,25.05,25.05,-0.35,5518,2356,25.3
2017-07-05,13447824,338442037,25.45,24.75,25.4,0.35,6043,2356,25.0
2017-07-06,7527560,190132444,25.55,25.1,25.2,-0.2,3296,2356,25.45
2017-07-07,13238463,334938424,25.55,25.1,25.35,0.15,3889,2356,25.1
2017-07-10,44448034,1175368445,27.05,25.45,26.2,0.85,12397,2356,25.45
2017-07-11,26963521,719719019,27.0,26.0,26.6,0.4,8036,2356,26.3
2017-07-12,26162400,703512884,27.1,26.65,27.0,0.4,8531,2356,26.8
2017-07-13,31771863,793322063,25.75,24.55,24.6,0.0,12354,2356,25.7
2017-07-14,12296298,301345940,24.85,24.3,24.5,-0.1,5042,2356,24.65
2017-07-17,11067432,268790957,24.65,24.1,24.35,-0.15,3770,2356,24.65
2017-07-18,13167635,316396739,24.35,23.9,23.9,-0.45,4232,2356,24.35
2017-07-19,16487857,402604115,24.7,23.9,24.55,0.65,5314,2356,23.9
2017-07-20,13906440,342926973,25.0,24.3,24.3,-0.25,4388,2356,24.8
2017-07-21,7542417,182890034,24.45,24.15,24.2,-0.1,2655,2356,24.3
2017-07-24,5941210,143034436,24.2,24.0,24.1,-0.1,2444,2356,24.2
2017-07-25,13385741,326615017,24.6,24.1,24.5,0.4,4756,2356,24.1
2017-07-26,8516919,208666417,24.8,24.3,24.3,-0.2,3469,2356,24.6
2017-07-27,8827683,215605327,24.6,24.2,24.6,0.3,2784,2356,24.45
2017-07-28,5988897,145872451,24.6,24.25,24.3,-0.3,1836,2356,24.5
2017-07-31,7335310,177772413,24.55,24.1,24.15,-0.15,2376,2356,24.5
2017-08-01,12440754,298424053,24.35,23.85,23.9,-0.25,4165,2356,24.1
2017-08-02,8448947,203029328,24.15,23.9,24.1,0.2,2629,2356,24.0
2017-08-03,26730590,656200696,24.85,23.9,24.8,0.7,8119,2356,24.1
2017-08-04,23382794,587181337,25.4,24.7,25.3,0.5,8793,2356,25.0
2017-08-07,17712269,448172465,25.55,25.0,25.45,0.15,6132,2356,25.5
2017-08-08,27048709,687401658,25.8,25.1,25.2,-0.25,8025,2356,25.6
2017-08-09,14827804,368012584,25.15,24.6,24.75,-0.45,4984,2356,25.1
2017-08-10,8651377,210913604,24.65,24.2,24.5,-0.25,3130,2356,24.65
2017-08-11,19517398,466542302,24.2,23.7,23.8,-0.7,6145,2356,24.05
2017-08-14,12547876,296268807,24.1,23.35,23.6,-0.2,4179,2356,24.0
2017-08-15,21967109,528575416,24.3,23.8,24.0,0.4,6014,2356,24.2
2017-08-16,13407804,319036899,24.15,23.5,23.65,-0.35,5199,2356,24.0
2017-08-17,17167246,408648341,24.1,23.45,24.05,0.4,5743,2356,23.75
2017-08-18,12270092,292177982,23.9,23.65,23.9,-0.15,3674,2356,23.85
2017-08-21,5552713,131986836,23.9,23.65,23.8,-0.1,2550,2356,23.9
2017-08-22,11490891,274060743,24.05,23.75,23.8,0.0,2907,2356,23.8
2017-08-23,7972662,190900895,24.1,23.8,23.85,0.05,2661,2356,24.0
2017-08-24,7357589,175328107,23.95,23.7,23.85,0.0,2310,2356,23.9
2017-08-25,3081275,73589883,24.0,23.8,23.85,0.0,1499,2356,24.0
2017-08-28,5230558,124896941,24.0,23.8,23.85,0.0,1834,2356,24.0
2017-08-29,9833570,231081845,23.8,23.4,23.45,-0.4,3953,2356,23.8
2017-08-30,6075227,143538990,23.75,23.5,23.75,0.3,2452,2356,23.55
2017-08-31,12046362,287957614,24.1,23.75,23.95,0.2,4714,2356,23.8
2017-09-01,22413748,545414873,24.65,24.0,24.3,0.35,6781,2356,24.1
2017-09-04,6612799,160630847,24.45,24.15,24.15,-0.15,2438,2356,24.45
2017-09-05,7251772,175341174,24.4,24.1,24.25,0.1,2554,2356,24.35
2017-09-06,10751699,255942751,24.05,23.6,23.65,-0.6,3647,2356,24.0
2017-09-07,4949243,117391972,23.9,23.6,23.7,0.05,1854,2356,23.7
2017-09-08,8779791,208338929,23.9,23.65,23.7,0.0,3169,2356,23.9
2017-09-11,10640830,254979018,24.2,23.7,24.0,0.3,3707,2356,23.9
2017-09-12,8315514,198881594,24.2,23.7,23.85,-0.15,2297,2356,24.2
2017-09-13,8714716,209080997,24.1,23.85,24.0,0.15,2741,2356,24.0
2017-09-14,13415133,321646644,24.1,23.9,24.0,0.0,2753,2356,24.0
2017-09-15,17565238,420010373,24.1,23.8,23.9,-0.1,3638,2356,24.05
2017-09-18,9048230,217535720,24.15,23.9,24.1,0.2,2758,2356,23.95
2017-09-19,5934180,142343575,24.15,23.9,23.95,-0.15,1844,2356,24.1
2017-09-20,37945741,919651993,24.55,23.7,23.85,-0.1,9355,2356,24.05
2017-09-21,6844374,163752251,24.05,23.8,23.85,0.0,2587,2356,23.9
2017-09-22,8681100,205077359,24.0,23.45,23.5,-0.35,3806,2356,23.9
2017-09-25,12254072,279767878,23.55,22.55,22.55,-0.95,4830,2356,23.5
2017-09-26,14915934,334643711,22.8,22.15,22.25,-0.3,4818,2356,22.55
2017-09-27,8553105,190981838,22.55,22.2,22.4,0.15,3319,2356,22.3
2017-09-28,9269501,206526184,22.55,22.05,22.25,-0.15,3518,2356,22.55
2017-09-29,12657931,281892097,22.5,22.0,22.4,0.15,3850,2356,22.4
2017-09-30,3841318,86973738,22.75,22.5,22.65,0.25,1303,2356,22.55
2017-10-02,10118648,232991388,23.25,22.7,23.15,0.5,3887,2356,22.8
2017-10-03,14601447,345364996,23.85,23.5,23.5,0.35,5370,2356,23.6
2017-10-05,5307854,124776360,23.7,23.4,23.45,-0.05,1981,2356,23.45
2017-10-06,4275051,100288529,23.65,23.35,23.45,0.0,1726,2356,23.65
2017-10-11,12473332,291932103,23.75,23.2,23.4,-0.05,5073,2356,23.7
2017-10-12,8708226,203294940,23.45,23.25,23.35,-0.05,4308,2356,23.45
2017-10-13,5871113,137983745,23.6,23.35,23.6,0.25,2471,2356,23.5
2017-10-16,10416694,248057418,24.0,23.65,23.9,0.3,3824,2356,23.65
2017-10-17,7552206,178885449,24.05,23.55,23.7,-0.2,2263,2356,24.0
2017-10-18,7002267,166550210,23.9,23.55,23.85,0.15,2741,2356,23.7
2017-10-19,6018877,142584578,23.95,23.55,23.55,-0.3,2478,2356,23.95
2017-10-20,13351568,311984246,23.5,23.1,23.5,-0.05,3026,2356,23.5
2017-10-23,4088530,96384945,23.75,23.4,23.5,0.0,1699,2356,23.65
2017-10-24,6212486,145536888,23.65,23.25,23.3,-0.2,2305,2356,23.45
2017-10-25,11089623,255428926,23.35,22.85,22.95,-0.35,4429,2356,23.3
2017-10-26,4734610,108793707,23.1,22.8,23.0,0.05,1735,2356,22.95
2017-10-27,7364760,169930180,23.25,23.0,23.05,0.05,2265,2356,23.05
2017-10-30,8695694,199423776,23.3,22.8,23.0,-0.05,2714,2356,23.15
2017-10-31,16305899,381963919,23.55,23.1,23.4,0.4,3744,2356,23.1
2017-11-01,5463601,127781292,23.5,23.25,23.4,0.0,2262,2356,23.5
2017-11-02,3289752,76982311,23.5,23.3,23.45,0.05,1318,2356,23.4
2017-11-03,2843590,66463032,23.55,23.25,23.4,-0.05,1283,2356,23.5
2017-11-06,5061449,118637412,23.6,23.3,23.6,0.2,1644,2356,23.45
2017-11-07,5411889,126986938,23.6,23.35,23.55,-0.05,2170,2356,23.6
2017-11-08,4178905,97864413,23.5,23.35,23.4,-0.15,1942,2356,23.5
2017-11-09,16658527,393794824,23.8,23.45,23.5,0.1,6319,2356,23.65
2017-11-10,7468254,176213213,23.8,23.35,23.6,0.1,2056,2356,23.5
2017-11-13,21399443,499805197,23.8,23.05,23.05,-0.55,6598,2356,23.8
2017-11-14,6829560,157281344,23.15,22.9,23.05,0.0,2931,2356,23.0
2017-11-15,12776227,290813221,23.05,22.55,22.7,-0.35,3681,2356,23.0
2017-11-16,9523863,215233440,22.8,22.5,22.55,-0.15,3715,2356,22.6
2017-11-17,17471463,390809572,22.7,22.2,22.35,-0.2,5003,2356,22.7
2017-11-20,8112748,182785189,22.8,22.25,22.8,0.45,3154,2356,22.4
2017-11-21,12362736,277268571,22.8,22.35,22.35,-0.45,4256,2356,22.8
2017-11-22,13500690,302675669,22.7,22.25,22.35,0.0,4744,2356,22.55
2017-11-23,3101829,69750793,22.55,22.35,22.55,0.2,1433,2356,22.4
2017-11-24,5394031,122311638,22.8,22.55,22.65,0.1,2063,2356,22.6
2017-11-27,3412704,77131111,22.8,22.5,22.55,-0.1,1510,2356,22.75
2017-11-28,4499618,101974024,22.8,22.55,22.65,0.1,1894,2356,22.75
2017-11-29,7980389,179967814,22.8,22.4,22.45,-0.2,2925,2356,22.7
2017-11-30,19981870,446003765,22.5,22.05,22.5,0.05,5804,2356,22.3
2017-12-01,4850820,108957146,22.6,22.25,22.5,0.0,2688,2356,22.6
2017-12-04,4193927,94513440,22.65,22.3,22.65,0.15,1928,2356,22.55
2017-12-05,6664521,149529364,22.6,22.35,22.5,-0.15,2805,2356,22.55
2017-12-06,6347198,142389224,22.55,22.4,22.4,-0.1,2193,2356,22.5
2017-12-07,3731959,83496425,22.55,22.3,22.4,0.0,1707,2356,22.45
2017-12-08,6806837,151054908,22.35,22.1,22.15,-0.25,2238,2356,22.25
2017-12-11,4690920,105380043,22.6,22.3,22.45,0.3,1804,2356,22.3
2017-12-12,3440651,77393897,22.6,22.4,22.45,0.0,1364,2356,22.5
2017-12-13,9790433,222977648,23.0,22.5,23.0,0.55,2815,2356,22.55
2017-12-14,8547307,198146076,23.3,23.05,23.2,0.2,2852,2356,23.2
2017-12-15,8815710,203676840,23.3,23.0,23.1,-0.1,1752,2356,23.3
2017-12-18,17981812,423601015,23.75,23.2,23.75,0.65,5935,2356,23.35
2017-12-19,15954654,378673326,24.0,23.5,23.6,-0.15,5312,2356,23.9
2017-12-20,11172308,265838582,23.9,23.6,23.8,0.2,3521,2356,23.75
2017-12-21,4211720,99999851,23.8,23.65,23.75,-0.05,1537,2356,23.8
2017-12-22,6709235,159910262,23.95,23.75,23.75,0.0,2355,2356,23.9
2017-12-25,3229831,76755205,23.85,23.7,23.7,-0.05,1133,2356,23.8
2017-12-26,4516697,105896679,23.8,23.3,23.3,-0.4,1688,2356,23.7
2017-12-27,3375215,79569365,23.7,23.35,23.7,0.4,1386,2356,23.35
2017-12-28,6295636,149447062,23.85,23.6,23.7,0.0,1813,2356,23.8
2017-12-29,14966462,358624264,24.2,23.75,23.75,0.05,4086,2356,23.85
2018-01-02,13212146,318995616,24.35,23.85,24.25,0.5,4264,2356,23.95
2018-01-03,12235390,297803901,24.5,24.15,24.4,0.15,4095,2356,24.4
2018-01-04,7040914,171502586,24.6,24.25,24.4,0.0,2605,2356,24.45
2018-01-05,6735339,162942300,24.5,24.1,24.2,-0.2,2589,2356,24.45
2018-01-08,6829448,165351196,24.4,24.1,24.4,0.2,2706,2356,24.2
2018-01-09,6016128,145279467,24.4,24.05,24.1,-0.3,2252,2356,24.4
2018-01-10,11288094,265462986,24.15,23.3,23.45,-0.65,4693,2356,24.1
2018-01-11,13627904,313147407,23.4,22.8,22.85,-0.6,5658,2356,23.35
2018-01-12,9261148,214963108,23.4,22.95,23.2,0.35,3031,2356,23.0
2018-01-15,4592576,106477904,23.4,23.0,23.3,0.1,2081,2356,23.3
2018-01-16,5956635,138641469,23.35,23.2,23.3,0.0,2054,2356,23.3
2018-01-17,18563207,435051453,23.6,23.2,23.5,0.2,5391,2356,23.25
2018-01-18,24338981,579635178,24.0,23.65,23.75,0.25,6039,2356,23.75
2018-01-19,6865342,161969438,23.85,23.5,23.6,-0.15,2696,2356,23.75
2018-01-22,21316774,510945226,24.15,23.7,24.05,0.45,6030,2356,23.9
2018-01-23,13674820,328657241,24.35,23.85,23.95,-0.1,4949,2356,24.2
2018-01-24,9312450,224062450,24.2,23.9,24.1,0.15,3313,2356,24.0
2018-01-25,12664271,306996692,24.45,24.05,24.25,0.15,4555,2356,24.15
2018-01-26,9629990,233587592,24.4,24.1,24.35,0.1,3108,2356,24.35
2018-01-29,9437078,228101358,24.5,23.9,24.1,-0.25,3374,2356,24.45
2018-01-30,9825005,233620456,24.15,23.55,23.55,-0.55,3117,2356,24.0
2018-01-31,8453210,199719585,23.8,23.4,23.8,0.25,4308,2356,23.4
2018-02-01,3697720,87619307,23.85,23.6,23.65,-0.15,1326,2356,23.7
2018-02-02,4484638,105672631,23.7,23.4,23.7,0.05,1669,2356,23.5
2018-02-05,5519113,128203821,23.4,23.1,23.25,-0.45,2284,2356,23.2
2018-02-06,17381789,390669398,22.9,22.2,22.45,-0.8,6417,2356,22.7
2018-02-07,13686391,313600545,23.1,22.6,22.8,0.35,6109,2356,22.6
2018-02-08,6514833,149410515,23.1,22.7,22.9,0.1,2392,2356,22.8
2018-02-09,7530841,169655077,22.8,22.2,22.6,-0.3,3041,2356,22.3
2018-02-12,5533809,125123659,22.75,22.5,22.65,0.05,2009,2356,22.6
2018-02-21,7025172,163215438,23.45,22.85,23.35,0.7,3226,2356,23.1
2018-02-22,9030628,208921096,23.25,23.0,23.25,-0.1,3458,2356,23.15
2018-02-23,9035434,212201389,23.6,23.35,23.55,0.3,3517,2356,23.4
2018-02-26,7805653,185055309,23.8,23.55,23.55,0.0,3402,2356,23.75
2018-02-27,7811707,183318763,23.75,23.35,23.35,-0.2,2208,2356,23.7
2018-03-01,8715368,203522626,23.6,23.2,23.35,0.0,4008,2356,23.2
2018-03-02,8558719,197810800,23.35,23.0,23.1,-0.25,2952,2356,23.1
2018-03-05,11062961,253185731,23.2,22.8,22.85,-0.25,4517,2356,23.15
2018-03-06,4864662,112155136,23.1,22.95,23.0,0.15,1251,2356,23.1
2018-03-07,5090738,116873824,23.1,22.85,22.9,-0.1,1768,2356,22.95
2018-03-08,6611062,151972405,23.2,22.85,22.9,0.0,2092,2356,23.0
2018-03-09,6728597,154859381,23.1,22.8,23.1,0.2,1841,2356,22.9
2018-03-12,10152126,233549474,23.15,22.95,22.95,-0.15,3278,2356,23.1
2018-03-13,6077999,139959610,23.2,22.9,23.15,0.2,2124,2356,22.9
2018-03-14,4601681,105973455,23.1,22.9,23.05,-0.1,1792,2356,23.0
2018-03-15,3112672,71687826,23.1,22.95,23.05,0.0,1189,2356,23.0
2018-03-16,12182091,279626329,23.15,22.8,23.05,0.0,4381,2356,23.1
2018-03-19,3891111,89563303,23.15,22.9,23.1,0.05,1235,2356,23.05
2018-03-20,8749287,202918301,23.35,22.9,23.3,0.2,2781,2356,22.95
2018-03-21,5990317,139424678,23.4,23.1,23.35,0.05,2601,2356,23.3
2018-03-22,8916742,208487826,23.55,23.25,23.4,0.05,3023,2356,23.35
2018-03-23,12881817,296950816,23.35,22.65,23.05,-0.35,4045,2356,23.0
2018-03-26,5826531,134114077,23.25,22.85,23.15,0.1,2018,2356,22.9
2018-03-27,6829059,160146260,23.6,23.35,23.35,0.2,2663,2356,23.5
2018-03-28,10762582,248657201,23.3,22.95,23.3,-0.05,3193,2356,23.2
2018-03-29,12766983,295055995,23.25,23.0,23.1,-0.2,3764,2356,23.1
2018-03-30,6305083,145701706,23.25,23.05,23.05,-0.05,2864,2356,23.2
2018-03-31,2054439,47636248,23.25,23.1,23.15,0.1,1197,2356,23.1
2018-04-02,7425947,172481459,23.35,23.1,23.35,0.2,2713,2356,23.2
2018-04-03,6637629,153341173,23.15,23.05,23.1,-0.25,3014,2356,23.15
2018-04-09,9139208,210670277,23.15,23.0,23.05,-0.05,3534,2356,23.1
2018-04-10,9191125,212175364,23.25,23.0,23.05,0.0,2873,2356,23.1
2018-04-11,4747870,109883689,23.2,23.1,23.1,0.05,1753,2356,23.1
2018-04-12,11897124,272646202,23.05,22.85,22.95,-0.15,3762,2356,23.0
2018-04-13,10130976,231326246,23.0,22.75,22.75,-0.2,3635,2356,23.0
2018-04-16,9652402,218646465,22.85,22.55,22.55,-0.2,3730,2356,22.75
2018-04-17,8884855,199388183,22.6,22.35,22.5,-0.05,4021,2356,22.55
2018-04-18,4942349,111127295,22.7,22.4,22.5,0.0,2854,2356,22.65
2018-04-19,3671993,83320179,22.8,22.55,22.8,0.3,1934,2356,22.55
2018-04-20,4766592,107884392,22.8,22.55,22.65,-0.15,1756,2356,22.8
2018-04-23,3117414,70460366,22.7,22.55,22.65,0.0,1267,2356,22.65
2018-04-24,5920659,133318300,22.65,22.45,22.45,-0.2,2108,2356,22.6
2018-04-25,5821117,129862466,22.45,22.2,22.4,-0.05,2216,2356,22.4
2018-04-26,5905010,131669172,22.6,22.2,22.25,-0.15,2379,2356,22.5
2018-04-27,3753866,83837939,22.45,22.25,22.4,0.15,1734,2356,22.35
2018-04-30,3139638,70523374,22.55,22.3,22.55,0.15,1324,2356,22.3
2018-05-02,6952652,157995972,22.8,22.5,22.8,0.25,2784,2356,22.5
2018-05-03,5910027,132863900,22.6,22.35,22.5,-0.3,2504,2356,22.5
2018-05-04,5806912,131603655,22.8,22.4,22.65,0.15,2801,2356,22.4
2018-05-07,3830050,86511675,22.75,22.5,22.55,-0.1,1533,2356,22.65
2018-05-08,6092878,138955108,22.9,22.5,22.9,0.35,2323,2356,22.5
2018-05-09,3711515,84578174,22.9,22.7,22.75,-0.15,2088,2356,22.8
2018-05-10,8493155,195093450,23.05,22.75,23.0,0.25,2533,2356,22.8
2018-05-11,4408310,101744550,23.15,23.0,23.1,0.1,2077,2356,23.05
2018-05-14,6718645,155251643,23.2,23.0,23.05,-0.05,2122,2356,23.15
2018-05-15,8728422,201776762,23.2,23.0,23.15,0.1,2918,2356,23.0
2018-05-16,14575490,334398220,23.15,22.75,23.05,-0.1,3814,2356,23.1
2018-05-17,8623213,197528168,23.05,22.8,22.9,-0.15,3008,2356,23.0
2018-05-18,5826966,133598289,23.05,22.8,22.85,-0.05,2607,2356,22.85
2018-05-21,7666389,177104604,23.25,22.85,23.15,0.3,2604,2356,22.85
2018-05-22,5755385,133475511,23.25,23.1,23.15,0.0,2039,2356,23.15
2018-05-23,8719935,202790885,23.4,23.15,23.25,0.1,3005,2356,23.15
2018-05-24,7730664,180721775,23.45,23.15,23.45,0.2,3016,2356,23.2
2018-05-25,13147149,310612145,23.85,23.35,23.65,0.2,4097,2356,23.5
2018-05-28,6966000,165177740,23.8,23.55,23.7,0.05,2449,2356,23.65
2018-05-29,11511441,275515576,24.1,23.7,24.05,0.35,4462,2356,23.7
2018-05-30,7079324,168317318,23.9,23.65,23.75,-0.3,3289,2356,23.9
2018-05-31,19244965,464073335,24.25,23.8,24.25,0.5,5432,2356,23.95
2018-06-01,9273209,223585614,24.3,23.85,23.9,-0.35,5379,2356,24.15
2018-06-04,15015399,366416960,24.5,24.05,24.5,0.6,5801,2356,24.1
2018-06-05,8877496,217990289,24.65,24.3,24.65,0.15,4872,2356,24.5
2018-06-06,6728571,165594546,24.75,24.55,24.7,0.05,2899,2356,24.65
2018-06-07,7636066,188632605,24.8,24.65,24.7,0.0,3010,2356,24.7
2018-06-08,7744387,190955637,24.9,24.5,24.6,-0.1,3284,2356,24.7
2018-06-11,7691294,190234235,24.9,24.6,24.7,0.1,3569,2356,24.65
2018-06-12,6012888,148528473,24.75,24.65,24.7,0.0,2908,2356,24.7
2018-06-13,7472998,183648687,24.8,24.25,24.3,-0.4,2979,2356,24.7
2018-06-14,9118981,220748331,24.35,24.1,24.2,-0.1,3533,2356,24.1
2018-06-15,13066257,318740710,24.65,24.2,24.45,0.25,3865,2356,24.25
2018-06-19,14890783,363831324,24.6,24.25,24.55,0.1,6036,2356,24.25
2018-06-20,9774112,240962190,24.95,24.3,24.75,0.2,4134,2356,24.55
2018-06-21,10845608,269489269,25.0,24.6,24.9,0.15,4169,2356,24.9
2018-06-22,11982306,297210303,24.95,24.45,24.8,-0.1,2928,2356,24.9
2018-06-25,7970081,195134044,24.85,24.2,24.2,-0.6,3726,2356,24.8
2018-06-26,8508401,201915265,24.15,23.5,23.75,-0.45,2927,2356,24.15
2018-06-27,6310354,152883184,24.45,23.85,24.25,0.5,2803,2356,23.95
2018-06-28,5884890,140830773,24.2,23.7,23.7,-0.55,2601,2356,24.15
2018-06-29,7344980,174554109,24.0,23.5,23.95,0.25,2833,2356,23.8
2018-07-02,6150499,147188291,24.1,23.75,23.75,-0.2,2424,2356,24.0
2018-07-03,4410928,104861330,23.9,23.7,23.75,0.0,2208,2356,23.8
2018-07-04,3246734,77668032,24.0,23.7,23.95,0.2,1721,2356,23.75
2018-07-05,6103710,145936662,24.1,23.7,23.7,-0.25,1938,2356,24.0
2018-07-06,7473625,178586079,24.0,23.7,24.0,0.3,2868,2356,23.75
2018-07-09,6946333,168176029,24.4,24.05,24.25,0.25,1923,2356,24.1
2018-07-10,11587875,283647088,24.8,24.3,24.4,0.15,2959,2356,24.7
2018-07-11,8738037,212480934,24.45,24.05,24.3,-0.1,2044,2356,24.4
2018-07-12,14665358,330045210,23.1,22.15,23.1,0.0,3146,2356,22.15
2018-07-13,5540780,128352772,23.5,23.0,23.2,0.1,2841,2356,23.4
2018-07-16,5637614,131345474,23.5,23.15,23.4,0.2,2144,2356,23.35
2018-07-17,7308742,171241028,23.5,23.25,23.5,0.1,2617,2356,23.5
2018-07-18,10698562,253483293,23.95,23.5,23.9,0.4,3911,2356,23.6
2018-07-19,9762389,234417517,24.2,23.9,24.0,0.1,3526,2356,24.05
2018-07-20,6285598,151061032,24.2,23.85,24.0,0.0,2688,2356,24.1
2018-07-23,9341694,224070209,24.2,23.85,24.05,0.05,3480,2356,24.0
2018-07-24,8189819,196928806,24.15,23.95,24.1,0.05,2632,2356,24.0
2018-07-25,8409942,201693058,24.1,23.9,23.95,-0.15,3273,2356,24.0
2018-07-26,16001340,387243133,24.5,24.0,24.5,0.55,5006,2356,24.05
2018-07-27,8045366,195441846,24.55,24.15,24.3,-0.2,3216,2356,24.5
2018-07-30,6083298,148034982,24.45,24.15,24.4,0.1,2325,2356,24.4
2018-07-31,7532558,183629802,24.45,24.25,24.45,0.05,2485,2356,24.4
2018-08-01,5756057,140383732,24.5,24.3,24.4,-0.05,1879,2356,24.45
2018-08-02,6708845,163520185,24.5,24.25,24.4,0.0,3135,2356,24.4
2018-08-03,3947350,96371354,24.5,24.3,24.5,0.1,1717,2356,24.4
2018-08-06,10242079,253136178,24.8,24.5,24.8,0.3,3847,2356,24.5
2018-08-07,8821634,217187927,24.8,24.45,24.65,-0.15,3913,2356,24.8
2018-08-08,10173241,250946377,24.85,24.5,24.8,0.15,4067,2356,24.6
2018-08-09,6006210,148633841,24.85,24.6,24.65,-0.15,2719,2356,24.8
2018-08-10,6295146,154896157,24.7,24.5,24.6,-0.05,2308,2356,24.65
2018-08-13,6517593,160040627,24.7,24.4,24.6,0.0,2640,2356,24.65
2018-08-14,4137772,101769028,24.7,24.45,24.65,0.05,1821,2356,24.6
2018-08-15,24396815,601245879,25.0,24.0,25.0,0.35,6793,2356,24.65
2018-08-16,21826398,552585661,25.55,24.65,25.5,0.5,6965,2356,24.9
2018-08-17,19568494,506657894,26.0,25.7,25.9,0.4,6888,2356,25.7
2018-08-20,10609434,274814907,26.25,25.75,25.9,0.0,4283,2356,26.1
2018-08-21,15733598,407869670,26.15,25.75,25.9,0.0,4655,2356,25.9
2018-08-22,14860477,388119076,26.25,25.9,26.25,0.35,5648,2356,26.0
2018-08-23,23168082,617426165,26.9,26.1,26.9,0.65,6558,2356,26.2
2018-08-24,17019959,459592378,27.3,26.7,27.05,0.15,5440,2356,26.9
2018-08-27,14170651,387177584,27.5,27.15,27.4,0.35,4866,2356,27.3
2018-08-28,8632835,232516638,27.45,26.65,26.9,-0.5,3947,2356,27.4
2018-08-29,16958624,454768211,27.15,26.45,27.05,0.15,5034,2356,26.9
2018-08-30,16399699,447577071,27.45,26.95,27.4,0.35,4850,2356,27.15
2018-08-31,15248038,415326625,27.55,26.85,27.55,0.15,4419,2356,27.4
2018-09-03,6540615,178656796,27.55,27.1,27.35,-0.2,2811,2356,27.55
2018-09-04,5658750,155591915,27.6,27.2,27.6,0.25,2260,2356,27.5
2018-09-05,8885238,244987787,27.7,27.35,27.4,-0.2,3474,2356,27.6
2018-09-06,15592725,432302919,28.15,27.35,27.75,0.35,5864,2356,27.35
2018-09-07,11841185,322107288,27.5,26.8,27.2,-0.55,4975,2356,27.4
2018-09-10,13054268,353629959,27.55,26.85,26.9,-0.3,4727,2356,27.2
2018-09-11,13244403,361799108,27.75,27.0,27.75,0.85,5796,2356,27.05
2018-09-12,15741798,426386746,27.65,26.6,27.0,-0.75,6259,2356,27.55
2018-09-13,28448157,735661427,26.75,25.2,25.85,-1.15,10308,2356,26.6
2018-09-14,19639221,522602849,26.95,26.05,26.65,0.8,6200,2356,26.25
2018-09-17,9054684,242124916,27.15,26.3,26.8,0.15,4869,2356,26.6
2018-09-18,19278674,525330222,27.8,26.4,27.45,0.65,5753,2356,26.8
2018-09-19,10623607,289365196,27.9,26.6,27.0,-0.45,4615,2356,27.7
2018-09-20,9190177,247749300,27.35,26.7,26.95,-0.05,4247,2356,26.7
2018-09-21,11214752,302342754,27.15,26.7,27.15,0.2,3560,2356,26.75
2018-09-25,8668196,235814887,27.4,27.05,27.2,0.05,2416,2356,27.3
2018-09-26,9089225,245288217,27.3,26.8,26.8,-0.4,3131,2356,27.15
2018-09-27,12087483,323855753,27.15,26.3,27.1,0.3,4182,2356,26.6
2018-09-28,9241792,252165617,27.4,27.0,27.4,0.3,3920,2356,27.1
2018-10-01,5079550,137851379,27.55,26.85,26.9,-0.5,2100,2356,27.35
2018-10-02,5741483,153073414,27.0,26.55,26.55,-0.35,2617,2356,26.9
2018-10-03,5759796,151147346,26.85,25.9,26.1,-0.45,2904,2356,26.85
2018-10-04,9100016,231844939,25.95,25.3,25.3,-0.8,4877,2356,25.95
2018-10-05,12343621,314430641,25.9,24.85,25.75,0.45,4550,2356,25.0
2018-10-08,11232164,292907614,26.4,25.5,25.95,0.2,3963,2356,25.55
2018-10-09,10278017,262686563,25.9,25.3,25.3,-0.65,4294,2356,25.85
2018-10-11,24233355,586701124,24.75,23.65,23.8,-1.5,8828,2356,24.45
2018-10-12,11017202,266890590,24.8,23.6,24.6,0.8,4605,2356,23.75
2018-10-15,11721123,284859835,24.65,24.1,24.1,-0.5,3365,2356,24.2
2018-10-16,7540093,187151019,25.15,24.2,25.05,0.95,3145,2356,24.2
2018-10-17,7772686,193429572,25.2,24.55,24.75,-0.3,3366,2356,25.2
2018-10-18,6003754,148978643,25.15,24.5,24.6,-0.15,3416,2356,25.0
2018-10-19,24801911,604449457,24.8,23.8,24.6,0.0,4435,2356,24.4
2018-10-22,5908345,145268562,24.85,24.25,24.55,-0.05,2464,2356,24.3
2018-10-23,6347233,153927904,24.5,24.0,24.1,-0.45,2353,2356,24.2
2018-10-24,8309662,205051642,25.0,24.25,24.8,0.7,3925,2356,24.5
2018-10-25,6078942,149944209,24.9,24.1,24.75,-0.05,2686,2356,24.1
2018-10-26,7293979,182003374,25.1,24.65,24.9,0.15,2732,2356,24.65
2018-10-29,8041301,198187831,24.95,24.45,24.55,-0.35,2699,2356,24.7
2018-10-30,6238399,152794304,24.8,24.35,24.35,-0.2,3079,2356,24.55
2018-10-31,10619264,264917040,25.15,24.6,24.95,0.6,3089,2356,24.6
2018-11-01,5202230,131037499,25.4,24.7,25.4,0.45,2614,2356,24.7
2018-11-02,7018057,176497576,25.6,24.8,25.1,-0.3,2567,2356,25.6
2018-11-05,9106300,234126839,26.1,25.0,26.1,1.0,3602,2356,25.1
2018-11-06,6664529,172605193,26.1,25.7,26.0,-0.1,2937,2356,26.1
2018-11-07,7760330,201282930,26.4,25.6,26.0,0.0,3010,2356,26.0
2018-11-08,6189294,162256577,26.35,25.85,26.3,0.3,3086,2356,26.35
2018-11-09,4956449,129081586,26.3,25.65,26.3,0.0,2101,2356,26.3
2018-11-12,5644087,146076576,26.3,25.5,25.8,-0.5,2827,2356,26.3
2018-11-13,28849545,682627621,24.8,23.25,23.35,-2.45,10426,2356,24.15
2018-11-14,22970398,520506184,23.25,22.5,22.6,-0.75,8420,2356,23.25
2018-11-15,14745270,331607199,22.8,22.2,22.6,0.0,4869,2356,22.6
2018-11-16,9026649,203899226,22.75,22.4,22.75,0.15,2896,2356,22.7
2018-11-19,7746996,175597052,22.9,22.5,22.55,-0.2,2626,2356,22.75
2018-11-20,14192238,315562463,22.65,22.05,22.1,-0.45,5645,2356,22.5
2018-11-21,10623939,231354903,21.95,21.65,21.75,-0.35,4528,2356,21.8
2018-11-22,3404340,74797780,22.1,21.85,21.9,0.15,1943,2356,21.85
2018-11-23,4149993,91054440,22.1,21.75,22.0,0.1,1833,2356,21.9
2018-11-26,9177786,203719856,22.35,21.9,22.35,0.35,3966,2356,22.0
2018-11-27,20439544,439229013,22.15,21.3,21.45,-0.9,8155,2356,22.15
2018-11-28,13193698,289692110,22.4,21.5,22.2,0.75,4543,2356,21.5
2018-11-29,9964936,221631470,22.5,22.1,22.1,-0.1,3713,2356,22.45
2018-11-30,13318026,295590661,22.45,22.05,22.1,0.0,3097,2356,22.2
2018-12-03,11046885,251020372,23.0,22.3,22.7,0.6,3991,2356,22.35
2018-12-04,9429882,216813986,23.25,22.8,22.9,0.2,3735,2356,23.05
2018-12-05,11531478,265074844,23.2,22.55,23.0,0.1,4108,2356,23.0
2018-12-06,12111534,268362598,22.75,21.9,21.95,-1.05,5775,2356,22.55
2018-12-07,6481089,144639130,22.45,22.05,22.35,0.4,2783,2356,22.05
2018-12-10,8309294,180107304,21.95,21.6,21.6,-0.75,3545,2356,21.9
2018-12-11,4770539,103665867,21.9,21.6,21.6,0.0,2017,2356,21.65
2018-12-12,6291389,138812918,22.3,21.9,22.05,0.45,2400,2356,21.9
2018-12-13,5684237,124513730,22.1,21.8,21.85,-0.2,2172,2356,21.85
2018-12-14,4725413,104042495,22.15,21.85,22.0,0.15,2575,2356,21.85
2018-12-17,5466795,119480172,21.95,21.8,21.8,-0.2,1861,2356,21.85
2018-12-18,19258048,408934449,21.7,21.0,21.0,-0.8,6438,2356,21.65
2018-12-19,10079501,214801384,21.45,21.15,21.2,0.2,2855,2356,21.2
2018-12-20,9534191,206780585,22.1,21.15,21.7,0.5,3244,2356,21.15
2018-12-21,6814710,148886220,22.0,21.6,21.8,0.1,1580,2356,21.65
2018-12-22,1551186,34198327,22.15,21.8,22.05,0.25,883,2356,21.8
2018-12-24,5246305,116050919,22.35,21.9,22.0,-0.05,2543,2356,21.95
2018-12-25,4057869,88164728,21.95,21.6,21.6,-0.4,1257,2356,21.85
2018-12-26,4477556,98925053,22.25,21.65,22.05,0.45,1982,2356,21.65
2018-12-27,8211630,182891712,22.55,22.0,22.1,0.05,3602,2356,22.4
2018-12-28,4794085,105603522,22.25,21.9,22.05,-0.05,2191,2356,22.1
2019-01-02,4965447,111059746,22.85,22.05,22.05,0.0,2043,2356,22.4
2019-01-03,7118458,158974459,22.45,22.05,22.25,0.2,2674,2356,22.45
2019-01-04,6016723,131913756,22.15,21.65,21.8,-0.45,2416,2356,22.05
2019-01-07,5391565,119665827,22.3,22.05,22.15,0.35,2428,2356,22.25
2019-01-08,7611416,166062168,22.3,21.65,21.65,-0.5,3754,2356,22.3
2019-01-09,13094204,289065468,22.25,21.9,21.95,0.3,4409,2356,22.0
2019-01-10,17210231,385098566,22.5,22.05,22.5,0.55,5471,2356,22.05
2019-01-11,7643656,172662666,22.75,22.5,22.6,0.1,3443,2356,22.6
2019-01-14,5059021,114339215,22.7,22.5,22.5,-0.1,2207,2356,22.7
2019-01-15,5259081,118935473,22.75,22.5,22.7,0.2,2007,2356,22.75
2019-01-16,7022358,159260433,22.8,22.55,22.6,-0.1,2082,2356,22.8
2019-01-17,4863564,110694555,22.9,22.6,22.9,0.3,2011,2356,22.7
2019-01-18,5478173,124461594,22.9,22.6,22.85,-0.05,2385,2356,22.9
2019-01-21,5483755,125224332,23.0,22.65,23.0,0.15,1901,2356,22.85
2019-01-22,8609708,196297515,22.95,22.7,22.85,-0.15,1996,2356,22.95
2019-01-23,5540949,126425123,22.9,22.7,22.9,0.05,1759,2356,22.8
2019-01-24,4386781,100027608,22.9,22.75,22.8,-0.1,1643,2356,22.8
2019-01-25,7878634,182222449,23.25,22.8,23.25,0.45,3164,2356,22.95
2019-01-28,14086769,336887119,24.2,23.4,23.85,0.6,5973,2356,23.5
2019-01-29,5984385,140347492,23.8,23.3,23.5,-0.35,2505,2356,23.8
2019-01-30,5450294,128462444,23.75,23.3,23.65,0.15,2034,2356,23.75
2019-02-11,8114136,192245423,23.95,23.5,23.55,-0.1,3368,2356,23.95
2019-02-12,4507789,107125403,23.9,23.55,23.85,0.3,1970,2356,23.55
2019-02-13,7276457,171385982,23.85,23.35,23.4,-0.45,2826,2356,23.85
2019-02-14,6240811,146061795,23.55,23.2,23.25,-0.15,2550,2356,23.4
2019-02-15,6558541,153121518,23.55,23.25,23.3,0.05,2789,2356,23.35
2019-02-18,3573295,83401060,23.45,23.25,23.25,-0.05,1669,2356,23.3
2019-02-19,2603551,60873082,23.5,23.3,23.3,0.05,1331,2356,23.45
2019-02-20,5837526,137389854,23.7,23.35,23.6,0.3,2418,2356,23.45
2019-02-21,6236486,146603367,23.7,23.35,23.55,-0.05,2316,2356,23.6
2019-02-22,10107120,234331054,23.55,23.05,23.35,-0.2,4499,2356,23.4
2019-02-25,4982734,117351922,23.6,23.45,23.6,0.25,1907,2356,23.5
2019-02-26,9920863,236221179,24.1,23.55,23.65,0.05,3309,2356,23.6
2019-02-27,5423036,128661417,23.9,23.6,23.8,0.15,1913,2356,23.9
2019-03-04,5358738,126745579,23.8,23.5,23.7,-0.1,2281,2356,23.7
2019-03-05,3541024,83747645,23.75,23.55,23.75,0.05,1854,2356,23.55
2019-03-06,5061667,120374922,23.9,23.7,23.8,0.05,1618,2356,23.8
2019-03-07,3395291,80740970,23.9,23.7,23.7,-0.1,1334,2356,23.7
2019-03-08,4720068,111472251,23.75,23.5,23.55,-0.15,2259,2356,23.7
2019-03-11,7558472,179037319,23.9,23.45,23.65,0.1,2427,2356,23.5
2019-03-12,5283722,125281745,23.9,23.6,23.65,0.0,2131,2356,23.75
2019-03-13,5057368,120155565,23.85,23.6,23.75,0.1,1945,2356,23.75
2019-03-14,5725059,135701820,23.8,23.6,23.6,-0.15,2502,2356,23.65
2019-03-15,12532235,294170169,23.7,23.4,23.4,-0.2,3069,2356,23.55
2019-03-18,3065891,72546892,23.8,23.55,23.75,0.35,1330,2356,23.6
2019-03-19,14440863,346392584,24.2,23.7,24.15,0.4,4180,2356,23.8
2019-03-20,6001021,143682237,24.2,23.8,23.9,-0.25,2552,2356,24.2
2019-03-21,3843545,92319940,24.1,23.9,24.1,0.2,1932,2356,24.0
2019-03-22,5357918,129625072,24.4,23.95,24.05,-0.05,1987,2356,24.2
2019-03-25,7743609,187518106,24.45,23.9,24.35,0.3,4325,2356,24.0
2019-03-26,5678639,139325512,24.6,24.45,24.6,0.25,3027,2356,24.5
2019-03-27,26157281,628021844,24.25,23.95,23.95,-0.65,6504,2356,24.05
2019-03-28,14074606,331050631,23.8,23.4,23.45,-0.5,6262,2356,23.65
2019-03-29,12759404,299585203,23.65,23.35,23.45,0.0,3434,2356,23.45
2019-04-01,6938824,163770085,23.8,23.5,23.7,0.25,3136,2356,23.55
2019-04-02,6199999,148201704,24.0,23.8,24.0,0.3,2289,2356,23.85
2019-04-03,5409470,129976661,24.15,23.9,24.15,0.15,2211,2356,24.0
2019-04-08,5904628,142181372,24.3,24.0,24.15,0.0,2439,2356,24.25
2019-04-09,4642417,112323587,24.25,24.0,24.2,0.05,2155,2356,24.15
2019-04-10,9347640,226552074,24.35,24.15,24.2,0.0,3584,2356,24.25
2019-04-11,6300431,152224324,24.25,24.05,24.05,-0.15,2106,2356,24.1
2019-04-12,5505425,133201181,24.3,24.05,24.15,0.1,2063,2356,24.2
2019-04-15,4526961,110330839,24.45,24.2,24.3,0.15,2647,2356,24.2
2019-04-16,7349258,178691247,24.45,24.25,24.4,0.1,2095,2356,24.35
2019-04-17,12748120,316366006,25.1,24.45,25.0,0.6,4566,2356,24.45
2019-04-18,9914362,244401216,25.05,24.5,24.5,-0.5,3222,2356,25.0
2019-04-19,3161582,78156655,24.85,24.6,24.65,0.15,1207,2356,24.7
2019-04-22,3290360,81066426,24.85,24.45,24.6,-0.05,1190,2356,24.7
2019-04-23,8357366,203034530,24.6,24.05,24.35,-0.25,2500,2356,24.6
2019-04-24,4065308,99360036,24.5,24.35,24.5,0.15,1587,2356,24.4
2019-04-25,3386451,83169405,24.7,24.35,24.7,0.2,1319,2356,24.5
2019-04-26,2663497,65368368,24.65,24.45,24.6,-0.1,1586,2356,24.65
2019-04-29,4963199,122487200,24.8,24.55,24.8,0.2,2338,2356,24.6
2019-04-30,4957527,122243476,24.8,24.5,24.8,0.0,2384,2356,24.7
2019-05-02,3212091,79559228,24.85,24.65,24.65,-0.15,1326,2356,24.8
2019-05-03,6087602,150291853,24.85,24.5,24.7,0.05,2197,2356,24.7
2019-05-06,7731871,185281705,24.55,23.7,23.85,-0.85,3322,2356,24.5
2019-05-07,6291151,151138924,24.35,23.9,24.0,0.15,1694,2356,24.05
2019-05-08,5871527,139342738,23.85,23.6,23.7,-0.3,2484,2356,23.8
2019-05-09,6475941,152435606,23.7,23.45,23.45,-0.25,2473,2356,23.6
2019-05-10,6758187,158634669,23.75,23.3,23.35,-0.1,2564,2356,23.5
2019-05-13,5393879,125878065,23.65,23.15,23.3,-0.05,1765,2356,23.35
2019-05-14,8853492,203824634,23.15,22.8,23.1,-0.2,3405,2356,23.0
2019-05-15,6099341,140406593,23.25,22.9,22.9,-0.2,2730,2356,23.1
2019-05-16,12043853,286324957,24.1,23.35,23.85,0.95,4605,2356,23.35
2019-05-17,6454004,153881636,24.15,23.5,23.95,0.1,2868,2356,24.0
2019-05-20,4944858,118825018,24.1,23.9,24.1,0.15,2213,2356,24.05
2019-05-21,10575885,252529777,24.0,23.8,23.85,-0.25,2266,2356,24.0
2019-05-22,5031614,120109384,24.0,23.8,23.85,0.0,1446,2356,23.8
2019-05-23,4392103,103523780,23.75,23.35,23.6,-0.25,2031,2356,23.65
2019-05-24,5166651,120748695,23.45,23.3,23.35,-0.25,2067,2356,23.4
2019-05-27,4315042,101504422,23.7,23.3,23.55,0.2,1509,2356,23.3
2019-05-28,12303411,287668636,23.65,23.35,23.35,-0.2,1256,2356,23.5
2019-05-29,4781039,112258053,23.85,23.3,23.3,-0.05,1941,2356,23.35
2019-05-30,4788707,113608580,23.9,23.4,23.85,0.55,1847,2356,23.4
2019-05-31,9639003,229028712,24.0,23.6,23.8,-0.05,3134,2356,23.75
2019-06-03,14757766,340923438,23.55,22.95,23.1,-0.7,4306,2356,23.5
2019-06-04,4028761,92937105,23.2,23.0,23.1,0.0,1791,2356,23.05
2019-06-05,4314587,100506039,23.45,23.2,23.25,0.15,2023,2356,23.2
2019-06-06,6948875,160231725,23.25,22.95,22.95,-0.3,2369,2356,23.25
2019-06-10,9210722,217750736,23.8,23.45,23.8,0.85,3677,2356,23.5
2019-06-11,4130002,98459872,23.9,23.75,23.9,0.1,1704,2356,23.8
2019-06-12,4221817,101190665,24.05,23.9,24.0,0.1,1607,2356,24.0
2019-06-13,3363060,80154572,23.95,23.65,23.9,-0.1,1412,2356,23.9
2019-06-14,2708859,64439592,23.85,23.75,23.75,-0.15,1471,2356,23.8
2019-06-17,6860326,162917193,23.95,23.6,23.6,-0.15,2316,2356,23.8
2019-06-18,4237585,100161498,23.8,23.5,23.6,0.0,1655,2356,23.7
2019-06-19,7717437,184592829,24.05,23.7,24.05,0.45,3118,2356,23.95
2019-06-20,8252131,198495086,24.15,23.9,24.05,0.0,2913,2356,24.1
2019-06-21,11112953,269071406,24.3,24.05,24.2,0.15,2287,2356,24.1
2019-06-24,3672613,89412581,24.5,24.15,24.3,0.1,1460,2356,24.2
2019-06-25,3843297,92676283,24.45,24.0,24.0,-0.3,1717,2356,24.4
2019-06-26,4398861,106772509,24.5,24.1,24.3,0.3,1826,2356,24.1
2019-06-27,18256594,453627871,25.0,24.4,25.0,0.7,5869,2356,24.45
2019-06-28,11080980,274623492,25.05,24.65,24.7,-0.3,2036,2356,25.0
2019-07-01,10778363,271600702,25.35,25.0,25.25,0.55,3391,2356,25.1
2019-07-02,5295594,133568308,25.35,25.1,25.2,-0.05,2007,2356,25.25
2019-07-03,7363010,185620589,25.5,25.1,25.15,-0.05,2289,2356,25.3
2019-07-04,5410525,137572923,25.5,25.3,25.5,0.35,2098,2356,25.45
2019-07-05,9397507,237446159,25.55,25.15,25.2,-0.3,3170,2356,25.5
2019-07-08,4760751,120472522,25.4,25.15,25.4,0.2,1810,2356,25.2
2019-07-09,10244492,259329835,25.45,25.2,25.25,-0.15,2755,2356,25.4
2019-07-10,13491623,343312472,25.5,25.25,25.5,0.25,3549,2356,25.5
2019-07-11,21182316,506523051,24.1,23.65,23.65,0.0,6877,2356,24.05
2019-07-12,6972508,166461412,24.0,23.75,23.85,0.2,2871,2356,23.75
2019-07-15,3353085,79560854,23.85,23.6,23.7,-0.15,1373,2356,23.85
2019-07-16,6061507,143027581,23.75,23.5,23.55,-0.15,2648,2356,23.7
2019-07-17,5138678,120394333,23.55,23.35,23.4,-0.15,2211,2356,23.55
2019-07-18,3383795,79027105,23.5,23.3,23.3,-0.1,1665,2356,23.4
2019-07-19,4300782,100761334,23.55,23.3,23.4,0.1,2039,2356,23.35
2019-07-22,4943585,116291353,23.6,23.45,23.45,0.05,1833,2356,23.5
2019-07-23,4543576,106119701,23.5,23.3,23.3,-0.15,2251,2356,23.5
2019-07-24,9394966,221694636,23.7,23.3,23.7,0.4,2905,2356,23.35
2019-07-25,3455340,82082232,23.85,23.6,23.7,0.0,1559,2356,23.75
2019-07-26,3292011,77780747,23.7,23.6,23.6,-0.1,1492,2356,23.7
2019-07-29,3908764,91825074,23.7,23.35,23.6,0.0,1814,2356,23.55
2019-07-30,3320444,78106037,23.65,23.4,23.65,0.05,1508,2356,23.6
2019-07-31,7991714,187111462,23.7,23.3,23.3,-0.35,2589,2356,23.7
2019-08-01,7864444,183050942,23.5,23.2,23.25,-0.05,3589,2356,23.2
2019-08-02,9178761,210224973,23.05,22.8,22.9,-0.35,4576,2356,23.0
2019-08-05,9511780,213592960,22.85,22.2,22.4,-0.5,4273,2356,22.8
2019-08-06,10766039,237310306,22.35,21.75,22.35,-0.05,4939,2356,22.0
2019-08-07,6212421,137752662,22.35,22.0,22.0,-0.35,3105,2356,22.35
2019-08-08,5113861,113823975,22.4,22.05,22.35,0.35,2215,2356,22.1
2019-08-12,3360876,75534137,22.65,22.2,22.5,0.15,1597,2356,22.2
2019-08-13,6023394,133841376,22.5,22.15,22.15,-0.35,2308,2356,22.5
2019-08-14,22324277,486687343,22.2,21.65,21.7,-0.45,9644,2356,22.2
2019-08-15,39244375,814458825,21.25,20.5,20.65,-1.05,13749,2356,21.2
2019-08-16,14859613,309488523,21.05,20.6,20.8,0.15,6422,2356,20.65
2019-08-19,11476261,239724381,21.1,20.75,20.8,0.0,4407,2356,20.95
2019-08-20,12246740,254555516,20.9,20.7,20.7,-0.1,4277,2356,20.8
2019-08-21,12696205,265094255,20.95,20.75,20.9,0.2,4446,2356,20.8
2019-08-22,10512985,220717676,21.1,20.9,21.0,0.1,3440,2356,21.0
2019-08-23,7203598,151105205,21.15,20.9,21.0,0.0,2430,2356,21.05
2019-08-26,8663651,179680771,20.8,20.65,20.75,-0.25,3459,2356,20.8
2019-08-27,11835775,250951037,21.3,21.0,21.3,0.55,2734,2356,21.1
2019-08-28,8939058,190702397,21.5,21.2,21.3,0.0,3381,2356,21.45
2019-08-29,6952057,147654001,21.55,21.1,21.1,-0.2,2930,2356,21.4
2019-08-30,7918835,169740191,21.5,21.3,21.5,0.4,3147,2356,21.3
2019-09-02,5372403,115631469,21.65,21.35,21.55,0.05,2625,2356,21.55
2019-09-03,4445631,95932084,21.65,21.5,21.55,0.0,2378,2356,21.6
2019-09-04,7743580,166116813,21.55,21.35,21.5,-0.05,3553,2356,21.5
2019-09-05,6519225,141379187,21.85,21.55,21.75,0.25,2936,2356,21.6
2019-09-06,6717537,146003587,21.8,21.6,21.8,0.05,2924,2356,21.75
2019-09-09,4525867,98659438,21.85,21.75,21.8,0.0,2122,2356,21.85
2019-09-10,7659326,166842277,22.0,21.6,22.0,0.2,2592,2356,21.6
2019-09-11,5024071,110584162,22.1,21.9,21.95,-0.05,2389,2356,22.0
2019-09-12,3449155,75779480,22.1,21.9,21.9,-0.05,1570,2356,22.1
2019-09-16,4588623,100569316,22.0,21.85,21.85,-0.05,2292,2356,22.0
2019-09-17,6556557,142372440,21.8,21.65,21.75,-0.1,2755,2356,21.8
2019-09-18,12769229,275685721,21.85,21.45,21.45,-0.3,5741,2356,21.8
2019-09-19,8887835,191207485,21.6,21.4,21.5,0.05,3296,2356,21.5
2019-09-20,11298645,244383631,21.75,21.45,21.65,0.15,2992,2356,21.5
2019-09-23,5165475,112301180,21.85,21.65,21.8,0.15,2190,2356,21.65
2019-09-24,4907237,107309479,22.0,21.8,21.9,0.1,2099,2356,21.8
2019-09-25,5146082,112652916,22.05,21.8,21.9,0.0,1971,2356,22.0
2019-09-26,5255910,115079652,22.0,21.8,21.9,0.0,2107,2356,22.0
2019-09-27,6946103,149612362,21.9,21.4,21.4,-0.5,3543,2356,21.9
2019-10-01,8028459,176148588,22.25,21.7,21.85,0.45,2666,2356,22.0
2019-10-02,3569153,77775258,21.85,21.7,21.85,0.0,984,2356,21.8
2019-10-03,4004716,86368061,21.65,21.5,21.55,-0.3,1591,2356,21.55
2019-10-04,3223969,70146599,21.85,21.6,21.85,0.3,1224,2356,21.7
2019-10-07,3827915,83568126,21.95,21.75,21.85,0.0,1332,2356,21.9
2019-10-08,4291761,93685529,21.9,21.75,21.85,0.0,2159,2356,21.85
2019-10-09,8323531,179857774,21.8,21.5,21.55,-0.3,3091,2356,21.75
2019-10-14,11744590,250958099,21.65,21.2,21.3,-0.25,4816,2356,21.6
2019-10-15,7370366,157116793,21.4,21.25,21.4,0.1,2372,2356,21.3
2019-10-16,5954891,128589725,21.7,21.4,21.7,0.3,2842,2356,21.4
2019-10-17,4996305,108643896,21.8,21.6,21.8,0.1,1985,2356,21.75
2019-10-18,7261604,158463098,21.95,21.75,21.75,-0.05,1888,2356,21.85
2019-10-21,5449050,118989522,21.9,21.75,21.9,0.15,1680,2356,21.85
2019-10-22,7307917,160555174,22.05,21.9,21.95,0.05,2470,2356,21.95
2019-10-23,12270526,271865917,22.35,22.0,22.15,0.2,4032,2356,22.0
2019-10-24,9864226,218151810,22.3,22.0,22.05,-0.1,2817,2356,22.2
2019-10-25,4977996,109702248,22.15,21.95,22.1,0.05,2239,2356,22.15
2019-10-28,4981154,110155146,22.25,22.0,22.15,0.05,2145,2356,22.2
2019-10-29,5275857,116684879,22.25,22.0,22.1,-0.05,2436,2356,22.25
2019-10-30,5182733,114025038,22.15,21.95,22.0,-0.1,2325,2356,22.1
2019-10-31,4419410,97503380,22.1,22.0,22.1,0.1,1791,2356,22.0
2019-11-01,3366819,74235168,22.1,22.0,22.05,-0.05,1268,2356,22.05
2019-11-04,8316511,185300951,22.4,22.05,22.4,0.35,3001,2356,22.1
2019-11-05,11324566,257909049,22.9,22.55,22.9,0.5,4393,2356,22.55
2019-11-06,5860323,133200979,22.9,22.65,22.75,-0.15,2918,2356,22.9
2019-11-07,5711162,129670942,22.85,22.6,22.7,-0.05,3131,2356,22.8
2019-11-08,4892846,111241473,22.85,22.65,22.75,0.05,2452,2356,22.75
2019-11-11,8409913,191834801,22.9,22.65,22.9,0.15,3606,2356,22.8
2019-11-12,4741509,108231815,23.0,22.75,22.85,-0.05,2577,2356,23.0
2019-11-13,10845047,242219192,22.45,22.15,22.3,-0.55,4389,2356,22.4
2019-11-14,6998187,156223323,22.45,22.2,22.4,0.1,2767,2356,22.3
2019-11-15,7828259,177786323,22.85,22.45,22.8,0.4,3049,2356,22.5
2019-11-18,9865811,227397852,23.15,22.8,23.15,0.35,4068,2356,22.85
2019-11-19,5879489,136335353,23.3,23.05,23.25,0.1,2616,2356,23.05
2019-11-20,4762994,110324104,23.3,23.1,23.15,-0.1,2233,2356,23.25
2019-11-21,5450115,124985610,23.05,22.8,23.05,-0.1,2899,2356,22.9
2019-11-22,4470856,103767286,23.3,23.05,23.25,0.2,2411,2356,23.1
2019-11-25,5080478,118338150,23.45,23.2,23.3,0.05,2696,2356,23.3
2019-11-26,16004394,374015513,23.45,23.2,23.4,0.1,2689,2356,23.4
2019-11-27,7543699,174436591,23.4,23.0,23.05,-0.35,3386,2356,23.4
2019-11-28,2833688,65476481,23.15,23.05,23.1,0.05,1767,2356,23.05
2019-11-29,6193459,142192601,23.15,22.8,22.85,-0.25,2987,2356,23.1
2019-12-02,3823797,87367733,23.0,22.75,22.9,0.05,1807,2356,23.0
2019-12-03,3882255,89420486,23.2,22.75,23.15,0.25,2202,2356,22.9
2019-12-04,4787069,110511175,23.2,22.85,23.2,0.05,2284,2356,23.1
2019-12-05,5924822,136660006,23.2,22.95,23.05,-0.15,3068,2356,23.0
2019-12-06,5522011,127656444,23.25,23.0,23.2,0.15,2473,2356,23.0
2019-12-09,3330793,77133357,23.25,23.05,23.15,-0.05,1348,2356,23.2
2019-12-10,4396502,100726396,23.0,22.85,22.9,-0.25,1881,2356,23.0
2019-12-11,3145329,72080159,23.0,22.8,23.0,0.1,1466,2356,22.9
2019-12-12,3548161,81420451,23.0,22.85,22.9,-0.1,1784,2356,23.0
2019-12-13,4404384,101108570,23.05,22.9,22.95,0.05,2237,2356,22.9
2019-12-16,6554189,150381542,23.2,22.8,22.8,-0.15,2545,2356,23.0
2019-12-17,7707899,175785468,22.9,22.65,22.9,0.1,3221,2356,22.8
2019-12-18,7629693,176427770,23.25,22.9,23.25,0.35,2915,2356,22.95
2019-12-19,4752596,110241702,23.35,23.1,23.2,-0.05,1931,2356,23.3
2019-12-20,13809401,317795120,23.3,22.9,22.9,-0.3,2422,2356,23.2
2019-12-23,5339192,123865438,23.3,23.0,23.3,0.4,1445,2356,23.0
2019-12-24,5633088,130981470,23.4,23.15,23.15,-0.15,1565,2356,23.35
2019-12-25,3638572,84944758,23.45,23.15,23.3,0.15,1387,2356,23.15
2019-12-26,1401356,32676325,23.35,23.25,23.35,0.05,648,2356,23.3
2019-12-27,5532160,129734715,23.55,23.35,23.4,0.05,2319,2356,23.45
2019-12-30,5365710,123709730,23.4,22.95,23.0,-0.4,2419,2356,23.4
2019-12-31,3873731,88698821,23.0,22.85,22.85,-0.15,1639,2356,23.0
2020-01-02,2514497,57774314,23.1,22.9,22.95,0.1,1004,2356,22.95
2020-01-03,5882173,135099748,23.1,22.9,22.95,0.0,1796,2356,23.0
2020-01-06,3489823,79542044,22.9,22.75,22.75,-0.2,1284,2356,22.85
2020-01-07,5351502,122090578,22.9,22.75,22.8,0.05,1928,2356,22.8
2020-01-08,4845309,109481519,22.75,22.5,22.6,-0.2,2156,2356,22.7
2020-01-09,2406415,54716176,22.85,22.6,22.75,0.15,996,2356,22.6
2020-01-10,8165536,188543864,23.2,22.85,23.1,0.35,2942,2356,22.9
2020-01-13,2956518,68391570,23.2,23.05,23.15,0.05,1150,2356,23.1
2020-01-14,3315959,76762545,23.2,23.1,23.2,0.05,1200,2356,23.15
2020-01-15,3325408,76988014,23.2,23.05,23.2,0.0,1202,2356,23.05
2020-01-16,10091459,230590309,23.1,22.6,22.95,-0.25,2627,2356,23.1
2020-01-17,8234064,188853547,23.1,22.8,23.0,0.05,2091,2356,23.05
2020-01-20,5676860,130244731,23.05,22.85,22.9,-0.1,1690,2356,22.95
2020-01-30,18586936,420963478,22.95,22.3,22.95,0.05,5438,2356,22.55
2020-01-31,13014476,300436159,23.2,22.9,22.95,0.0,4215,2356,22.95
2020-02-03,7080874,161266890,22.95,22.5,22.95,0.0,2371,2356,22.6
2020-02-04,6037386,138335328,23.1,22.7,22.95,0.0,1992,2356,22.7
2020-02-05,6055207,138465702,22.95,22.8,22.8,-0.15,2512,2356,22.9
2020-02-06,5700325,131308077,23.1,22.85,23.05,0.25,2007,2356,22.85
2020-02-07,9671042,223307859,23.2,22.85,23.05,0.0,2624,2356,22.9
2020-02-10,8490081,196217867,23.25,22.85,23.25,0.2,3459,2356,23.0
2020-02-11,6816993,156248701,23.05,22.85,22.85,-0.4,2858,2356,22.95
2020-02-12,5799073,132847289,23.0,22.85,22.85,0.0,1922,2356,22.85
2020-02-13,6789898,155859284,23.05,22.85,22.9,0.05,1831,2356,22.95
2020-02-14,4131495,95034698,23.05,22.9,23.05,0.15,2169,2356,22.9
2020-02-17,4129430,94855688,23.05,22.85,23.0,-0.05,1142,2356,22.95
2020-02-18,7741535,178073905,23.1,22.85,23.0,0.0,1622,2356,22.9
2020-02-19,5712403,131448122,23.1,22.85,23.05,0.05,1973,2356,22.85
2020-02-20,10384854,240406844,23.35,22.95,23.35,0.3,3845,2356,23.1
2020-02-21,13295785,310341002,23.45,23.15,23.35,0.0,3128,2356,23.3
2020-02-24,11789468,272003714,23.3,22.95,22.95,-0.4,2449,2356,23.05
2020-02-25,4530838,103975180,23.1,22.75,23.0,0.05,1830,2356,22.85
2020-02-26,5324213,122209549,23.05,22.75,23.05,0.05,1654,2356,22.75
2020-02-27,9203031,211657835,23.1,22.9,22.95,-0.1,1767,2356,22.95
2020-03-02,14642260,331420782,22.85,22.3,22.7,-0.25,3867,2356,22.5
2020-03-03,5226904,119501006,23.0,22.75,22.85,0.15,1427,2356,22.8
2020-03-04,6886153,159002769,23.2,22.8,23.15,0.3,2151,2356,22.8
2020-03-05,6892381,160403185,23.35,23.2,23.2,0.05,2022,2356,23.2
2020-03-06,5633231,130299313,23.25,23.0,23.05,-0.15,1726,2356,23.2
2020-03-09,8567327,195671430,23.0,22.7,22.85,-0.2,2604,2356,22.75
2020-03-10,11417193,256143383,22.7,22.2,22.5,-0.35,3818,2356,22.65
2020-03-11,9544319,214820222,22.8,22.3,22.7,0.2,3103,2356,22.4
2020-03-12,11480917,251224824,22.45,21.65,21.65,-1.05,4229,2356,22.45
2020-03-13,17996112,367151435,21.8,19.7,21.2,-0.45,6209,2356,20.0
2020-03-16,9804879,202093471,21.2,20.25,20.35,-0.85,3362,2356,21.2
2020-03-17,11822815,235100617,20.3,19.7,19.9,-0.45,4010,2356,20.0
2020-03-18,9058383,180606259,20.2,19.6,19.9,0.0,3362,2356,19.9
2020-03-19,14421409,276304542,19.65,18.75,18.75,-1.15,4756,2356,19.2
2020-03-20,15261441,309332085,20.6,18.95,20.6,1.85,4409,2356,18.95
2020-03-23,5929762,118429110,20.25,19.35,19.85,-0.75,2437,2356,19.35
2020-03-24,7711062,163889102,21.7,20.55,21.0,1.15,3313,2356,20.55
2020-03-25,13849114,307193899,22.8,21.6,21.6,0.6,5576,2356,22.8
2020-03-26,9228565,200790438,22.05,21.5,21.6,0.0,4088,2356,21.8
2020-03-27,7587833,166034509,22.35,21.6,21.75,0.15,3264,2356,22.1
2020-03-30,6721969,147128206,22.15,21.45,22.1,0.35,2609,2356,21.65
2020-03-31,14114261,320670737,23.3,22.05,23.3,1.2,3631,2356,22.3
2020-04-01,9673315,221378695,23.15,22.55,23.0,-0.3,3769,2356,23.0
2020-04-06,16073177,378022147,24.0,23.15,23.6,0.6,6219,2356,23.8
2020-04-07,12721536,298921326,23.95,23.2,23.3,-0.3,4585,2356,23.85
2020-04-08,5940353,138268278,23.5,23.15,23.2,-0.1,2437,2356,23.2
2020-04-09,4377990,101382209,23.4,23.0,23.15,-0.05,1878,2356,23.2
2020-04-10,3799610,88615008,23.65,23.0,23.15,0.0,1647,2356,23.65
2020-04-13,5316342,124057806,23.45,23.05,23.45,0.3,2181,2356,23.05
2020-04-14,7660833,181094637,23.75,23.5,23.55,0.1,2962,2356,23.6
2020-04-15,10120654,238587109,23.7,23.35,23.65,0.1,3015,2356,23.65
2020-04-16,7169972,168303378,23.6,23.35,23.55,-0.1,2843,2356,23.6
2020-04-17,9171781,216176233,23.7,23.4,23.6,0.05,3182,2356,23.6
2020-04-20,5727068,135334294,23.75,23.55,23.7,0.1,2144,2356,23.65
2020-04-21,6577225,154055694,23.7,23.15,23.4,-0.3,2869,2356,23.45
2020-04-22,4900969,113721972,23.3,23.0,23.3,-0.1,2026,2356,23.2
2020-04-23,9917678,229525294,23.6,22.95,23.0,-0.3,2831,2356,23.15
2020-04-24,6735894,156026941,23.4,23.0,23.1,0.1,2085,2356,23.15
2020-04-27,16113553,380632524,24.0,23.3,23.5,0.4,3146,2356,23.4
2020-04-28,5144679,120377562,23.7,23.3,23.3,-0.2,2318,2356,23.7
2020-04-29,9512869,223822886,23.7,23.35,23.35,0.05,2974,2356,23.5
2020-04-30,10747245,252361374,23.55,23.3,23.5,0.15,3855,2356,23.55
2020-05-04,8854104,204658889,23.3,23.0,23.1,-0.4,3801,2356,23.0
2020-05-05,6282290,145379321,23.35,23.05,23.05,-0.05,1900,2356,23.2
2020-05-06,7885570,180988291,23.15,22.8,22.85,-0.2,2905,2356,23.05
2020-05-07,5600647,129573331,23.3,23.0,23.0,0.15,2333,2356,23.05
2020-05-08,16589200,389392167,23.65,23.35,23.45,0.45,5985,2356,23.55
2020-05-11,5650692,132952482,23.65,23.45,23.5,0.05,2921,2356,23.65
2020-05-12,6602262,153938240,23.5,23.15,23.3,-0.2,3113,2356,23.25
2020-05-13,10156414,237488074,23.6,23.1,23.5,0.2,3708,2356,23.25
2020-05-14,8663844,203222075,23.55,23.2,23.55,0.05,3396,2356,23.45
2020-05-15,7640819,179446043,23.7,23.25,23.6,0.05,3354,2356,23.6
2020-05-18,15758904,375687575,24.1,23.45,23.6,0.0,5202,2356,23.65
2020-05-19,8301272,197607497,24.05,23.7,23.75,0.15,4344,2356,24.0
2020-05-20,8802447,210713678,24.1,23.8,23.95,0.2,3130,2356,23.8
2020-05-21,9623739,231362186,24.15,23.9,24.15,0.2,2844,2356,24.05
2020-05-22,8029495,191818267,24.05,23.65,23.7,-0.45,2622,2356,24.0
2020-05-25,4900838,117227958,24.1,23.6,24.1,0.4,1837,2356,23.75
2020-05-26,10673187,259046488,24.45,24.0,24.15,0.05,3222,2356,24.0
2020-05-27,6386689,155387395,24.45,24.1,24.4,0.25,2910,2356,24.2
2020-05-28,7475794,181962805,24.5,24.15,24.3,-0.1,2663,2356,24.45
2020-05-29,13870228,337774326,24.4,24.0,24.4,0.1,2644,2356,24.25
2020-06-01,7795372,192405349,24.85,24.35,24.7,0.3,3326,2356,24.5
2020-06-02,10147985,252525215,24.95,24.75,24.9,0.2,4697,2356,24.75
2020-06-03,13484685,340325798,25.5,25.0,25.25,0.35,5279,2356,25.15
2020-06-04,10694646,270646445,25.4,25.15,25.4,0.15,4661,2356,25.35
2020-06-05,10390201,264288981,25.5,25.2,25.5,0.1,4143,2356,25.35
2020-06-08,10650824,272873328,25.8,25.5,25.65,0.15,4602,2356,25.65
2020-06-09,17238629,448647696,26.25,25.75,26.15,0.5,6425,2356,25.8
2020-06-10,10811505,281319127,26.2,25.9,26.05,-0.1,5555,2356,26.2
2020-06-11,11224186,289300014,26.1,25.55,25.55,-0.5,4831,2356,26.1
2020-06-12,8531604,215624839,25.65,24.8,25.6,0.05,4798,2356,25.1
2020-06-15,9021747,228106267,25.7,25.0,25.15,-0.45,4336,2356,25.65
2020-06-16,11399441,292171442,25.9,25.35,25.8,0.65,5237,2356,25.35
2020-06-17,9169792,236879406,26.05,25.6,25.95,0.15,5043,2356,25.9
2020-06-18,9941257,255696327,25.95,25.6,25.8,-0.15,3418,2356,25.95
2020-06-19,27263511,701497185,25.85,25.5,25.8,0.0,6449,2356,25.75
2020-06-22,12571633,326834298,26.3,25.6,26.0,0.2,4197,2356,25.7
2020-06-23,10522844,272813412,26.1,25.7,25.9,-0.1,3286,2356,26.0
2020-06-24,12279336,318074156,26.2,25.7,25.7,-0.2,3492,2356,25.95
2020-06-29,11184466,286196042,25.85,25.4,25.45,-0.25,5242,2356,25.4
2020-06-30,14145357,357921141,25.7,25.1,25.1,-0.35,4160,2356,25.65
2020-07-01,13187860,341813219,26.15,25.25,25.95,0.85,4584,2356,25.3
2020-07-02,22008580,587708360,27.15,25.75,27.15,1.2,9764,2356,26.1
2020-07-03,17001260,466328584,27.7,27.15,27.5,0.35,6113,2356,27.25
2020-07-06,16402705,451921418,27.75,27.15,27.6,0.1,6916,2356,27.6
2020-07-07,21974721,601299138,27.9,27.0,27.25,-0.35,9294,2356,27.65
2020-07-08,12205062,331745713,27.4,26.9,27.25,0.0,5873,2356,27.2
2020-07-09,23146504,645451840,28.4,27.6,27.7,0.45,8669,2356,27.9
2020-07-10,14712250,400118909,27.6,26.7,27.25,-0.45,5815,2356,27.6
2020-07-13,17671585,486841620,27.8,27.25,27.45,0.2,5296,2356,27.6
2020-07-14,33872772,944872476,28.25,27.55,27.7,0.25,8604,2356,27.75
2020-07-15,41965225,1078203725,26.35,25.0,25.6,0.0,15780,2356,26.3
2020-07-16,25033489,632757854,25.9,25.05,25.15,-0.45,14437,2356,25.8
2020-07-17,21202635,529256332,25.45,24.7,24.75,-0.4,11097,2356,25.4
2020-07-20,13328465,331732253,25.15,24.65,25.15,0.4,5898,2356,24.95
2020-07-21,16996265,427775575,25.65,25.0,25.05,-0.1,8033,2356,25.4
2020-07-22,18601661,462540254,25.1,24.75,24.8,-0.25,5622,2356,25.1
2020-07-23,19207715,480257475,25.15,24.8,25.0,0.2,4246,2356,25.0
2020-07-24,16296093,405398744,25.15,24.6,24.8,-0.2,4561,2356,25.1
2020-07-27,13273619,326886986,25.05,24.3,24.4,-0.4,5541,2356,24.95
2020-07-28,18179674,447454325,24.85,24.2,24.65,0.25,5888,2356,24.25
2020-07-29,12671434,312256610,24.85,24.5,24.6,-0.05,4390,2356,24.8
2020-07-30,9853964,242894042,24.85,24.5,24.85,0.25,3170,2356,24.75
2020-07-31,15604258,386773746,25.0,24.5,25.0,0.15,3961,2356,24.9
2020-08-03,15316182,375424326,24.95,24.35,24.35,-0.65,5500,2356,24.9
2020-08-04,14374787,350421182,24.6,24.25,24.35,0.0,4650,2356,24.5
2020-08-05,13534327,332809002,24.85,24.45,24.5,0.15,5145,2356,24.6
2020-08-06,9555129,235202955,24.8,24.5,24.6,0.1,3977,2356,24.7
2020-08-07,7249936,177729675,24.7,24.4,24.5,-0.1,3728,2356,24.65
2020-08-10,11128599,273755849,24.75,24.45,24.75,0.25,3627,2356,24.6
2020-08-11,15332509,372420407,24.65,24.1,24.15,-0.6,5211,2356,24.55
2020-08-12,10962953,263833922,24.35,23.9,23.9,-0.25,4570,2356,24.3
2020-08-13,19935895,475920380,24.2,23.55,23.95,0.05,8937,2356,24.0
2020-08-14,15570520,368459561,23.95,23.55,23.65,-0.3,5910,2356,23.9
2020-08-17,10506290,248671799,23.85,23.5,23.6,-0.05,3716,2356,23.6
2020-08-18,13398691,314454179,23.75,23.3,23.5,-0.1,4649,2356,23.7
2020-08-19,14464995,336901858,23.5,23.2,23.25,-0.25,5464,2356,23.5
2020-08-20,25000602,564862986,23.15,22.2,22.5,-0.75,8259,2356,23.1
2020-08-21,11002658,251606277,23.0,22.7,22.85,0.35,3937,2356,22.85
2020-08-24,12536817,285331695,23.05,22.65,22.75,-0.1,7410,2356,23.0
2020-08-25,11786455,269927646,23.15,22.75,22.9,0.15,4303,2356,22.8
2020-08-26,9187219,209660749,22.95,22.7,22.9,0.0,3049,2356,22.9
2020-08-27,8248315,187921199,23.0,22.7,22.85,-0.05,3729,2356,23.0
2020-08-28,16953947,390768859,23.35,22.8,23.05,0.2,5063,2356,22.85
2020-08-31,18475083,422703926,23.25,22.75,22.75,-0.3,3534,2356,23.25
2020-09-01,11262776,256854406,22.95,22.6,22.85,0.1,2974,2356,22.75
2020-09-02,9358329,215345148,23.15,22.9,23.1,0.25,3270,2356,22.95
2020-09-03,8914132,205029156,23.2,22.9,22.95,-0.15,3403,2356,23.15
2020-09-04,12580777,285369886,22.8,22.55,22.8,-0.15,4050,2356,22.6
2020-09-07,5520847,126614081,23.05,22.7,23.0,0.2,1884,2356,22.8
2020-09-08,6064112,138591185,23.0,22.8,22.8,-0.2,1990,2356,23.0
2020-09-09,11136673,251942128,22.75,22.55,22.6,-0.2,4058,2356,22.7
2020-09-10,4645434,105836342,22.9,22.7,22.85,0.25,2088,2356,22.7
2020-09-11,6562982,149382274,22.85,22.65,22.75,-0.1,2698,2356,22.85
2020-09-14,6885994,157038846,22.9,22.7,22.8,0.05,2329,2356,22.85
2020-09-15,7430392,170840866,23.1,22.8,22.95,0.15,3329,2356,22.85
2020-09-16,7087729,163246183,23.2,22.95,23.0,0.05,2534,2356,23.1
2020-09-17,5523886,126335220,23.0,22.8,22.9,-0.1,2622,2356,23.0
2020-09-18,11741152,269801196,23.05,22.8,23.05,0.15,2247,2356,22.9
2020-09-21,85076125,1948409801,23.1,22.8,22.8,-0.25,2108,2356,23.05
2020-09-22,6634531,149868238,22.7,22.5,22.55,-0.25,2815,2356,22.7
2020-09-23,9489652,212689490,22.65,22.3,22.35,-0.2,3734,2356,22.55
2020-09-24,18468716,403747549,22.2,21.7,21.7,-0.65,7822,2356,22.2
2020-09-25,7913874,173317088,22.05,21.75,22.0,0.3,2798,2356,21.9
2020-09-28,4983525,111258254,22.5,22.05,22.3,0.3,2235,2356,22.1
2020-09-29,5586804,124508765,22.5,22.2,22.25,-0.05,1840,2356,22.45
2020-09-30,4418044,98885624,22.45,22.25,22.45,0.2,1454,2356,22.4
2020-10-05,9846671,217955181,22.5,22.0,22.05,-0.4,4089,2356,22.5
2020-10-06,5974127,132185461,22.25,22.05,22.15,0.1,2700,2356,22.15
2020-10-07,10072951,222068501,22.2,22.0,22.0,-0.15,3488,2356,22.1
2020-10-08,8012760,176624581,22.15,22.0,22.05,0.05,3119,2356,22.15
2020-10-12,15593859,341900098,22.15,21.7,22.0,-0.05,5816,2356,22.05
2020-10-13,7418695,161853706,22.0,21.75,21.75,-0.25,2990,2356,21.95
2020-10-14,10961393,242081472,22.25,21.85,22.0,0.25,3308,2356,21.9
2020-10-15,7632502,168358742,22.2,21.9,22.15,0.15,2554,2356,22.05
2020-10-16,9642589,211020171,22.1,21.8,21.8,-0.35,3790,2356,22.1
2020-10-19,6547416,142847563,22.0,21.75,21.75,-0.05,2674,2356,21.9
2020-10-20,9616210,209002112,21.9,21.65,21.75,0.0,3928,2356,21.8
2020-10-21,8486618,184228170,21.85,21.65,21.65,-0.1,3588,2356,21.85
2020-10-22,8243067,178323602,21.8,21.6,21.6,-0.05,2683,2356,21.65
2020-10-23,4978146,108226273,21.85,21.6,21.75,0.15,2151,2356,21.7
2020-10-26,4834552,105572513,21.9,21.75,21.9,0.15,2161,2356,21.8
2020-10-27,7512501,165156486,22.1,21.75,21.95,0.05,2789,2356,21.85
2020-10-28,13572046,302219615,22.4,21.95,22.25,0.3,4508,2356,21.95
2020-10-29,16640469,372636948,22.55,22.05,22.4,0.15,5081,2356,22.15
2020-10-30,12069887,271485866,22.6,22.3,22.6,0.2,3433,2356,22.45
2020-11-02,8434114,188315688,22.6,22.15,22.45,-0.15,2970,2356,22.6
2020-11-03,5575332,125173424,22.55,22.35,22.5,0.05,2723,2356,22.5
2020-11-04,8038070,179296631,22.5,22.2,22.2,-0.3,3175,2356,22.5
2020-11-05,6554668,145753476,22.45,22.1,22.3,0.1,2440,2356,22.25
2020-11-06,5554402,123538904,22.35,22.15,22.3,0.0,2198,2356,22.3
2020-11-09,7997020,177987159,22.35,22.2,22.25,-0.05,2355,2356,22.2
2020-11-10,6050573,134626152,22.35,22.2,22.3,0.05,2439,2356,22.35
2020-11-11,24384365,554163097,23.0,22.15,23.0,0.7,8896,2356,22.4
2020-11-12,13579734,309101363,23.1,22.6,22.8,-0.2,5291,2356,23.05
2020-11-13,11458326,259976184,22.9,22.45,22.9,0.1,4393,2356,22.75
2020-11-16,9888828,226771400,23.05,22.85,22.9,0.0,3972,2356,23.0
2020-11-17,9503491,217804477,23.0,22.85,22.85,-0.05,3376,2356,22.9
2020-11-18,10146308,233490047,23.1,22.85,23.1,0.25,3726,2356,22.85
2020-11-19,7652111,176213753,23.1,22.95,23.0,-0.1,2858,2356,23.1
2020-11-20,6444819,147750009,23.05,22.85,22.9,-0.1,2828,2356,23.05
2020-11-23,11527270,266187708,23.25,22.9,23.15,0.25,3723,2356,22.9
2020-11-24,12862159,298530531,23.35,23.05,23.2,0.05,4110,2356,23.25
2020-11-25,8541085,197976745,23.3,23.05,23.15,-0.05,3124,2356,23.25
2020-11-26,6110662,141164194,23.2,23.05,23.15,0.0,2483,2356,23.2
2020-11-27,9925348,230414232,23.35,23.05,23.35,0.2,4494,2356,23.15
2020-11-30,24514857,572418827,23.5,23.3,23.3,-0.05,4062,2356,23.4
2020-12-01,7915456,183878847,23.35,23.05,23.35,0.05,2724,2356,23.3
2020-12-02,11385565,267338240,23.55,23.25,23.55,0.2,4124,2356,23.4
2020-12-03,10392676,245303260,23.7,23.5,23.65,0.1,4076,2356,23.55
2020-12-04,9642910,227941104,23.75,23.55,23.75,0.1,4024,2356,23.65
2020-12-07,13877242,332348298,24.1,23.8,24.0,0.25,5025,2356,23.8
2020-12-08,15043819,368076248,24.2,24.0,24.1,0.1,4946,2356,24.05
2020-12-09,12235731,296373902,24.3,24.15,24.2,0.1,4585,2356,24.15
2020-12-10,19520329,472813631,24.45,23.9,24.1,-0.1,7507,2356,24.2
2020-12-11,13198388,315969036,24.3,23.65,24.0,-0.1,4525,2356,24.15
2020-12-14,10478815,253862636,24.4,24.1,24.2,0.2,3749,2356,24.15
2020-12-15,9217880,221514001,24.4,23.8,23.9,-0.3,3797,2356,24.35
2020-12-16,13085753,315379664,24.25,23.95,24.25,0.35,5042,2356,24.05
2020-12-17,6956327,167148945,24.3,23.9,24.0,-0.25,2669,2356,24.3
2020-12-18,15341904,365797066,24.1,23.7,23.7,-0.3,5021,2356,23.95
2020-12-21,10607563,252096142,23.9,23.55,23.85,0.15,3281,2356,23.75
2020-12-22,10724221,254271819,23.85,23.6,23.6,-0.25,3000,2356,23.7
2020-12-23,9575796,226360640,23.75,23.45,23.75,0.15,3019,2356,23.55
2020-12-24,7448684,177511605,23.9,23.75,23.9,0.15,2097,2356,23.8
2020-12-25,4768071,114192882,24.0,23.9,23.95,0.05,1994,2356,23.95
2020-12-28,6637475,159648607,24.1,23.95,24.1,0.15,2729,2356,24.0
2020-12-29,6443399,154628481,24.2,23.9,24.0,-0.1,2437,2356,24.15
2020-12-30,7684276,183847429,24.1,23.8,24.05,0.05,3349,2356,24.0
2020-12-31,5956523,142559558,24.0,23.85,24.0,-0.05,1890,2356,24.0
2021-01-04,12071185,291176843,24.25,24.05,24.05,0.05,5538,2356,24.1
2021-01-05,9825897,235580811,24.1,23.9,24.0,-0.05,3503,2356,24.1
2021-01-06,12328635,293884753,24.05,23.7,23.8,-0.2,4403,2356,24.0
2021-01-07,10740646,255250856,23.9,23.7,23.75,-0.05,3005,2356,23.85
2021-01-08,14578690,346212188,23.85,23.65,23.85,0.1,4547,2356,23.75
2021-01-11,9611014,227881616,23.8,23.65,23.75,-0.1,3850,2356,23.8
2021-01-12,12110804,286928759,23.8,23.6,23.65,-0.1,3622,2356,23.7
2021-01-13,10644793,252286323,23.75,23.6,23.7,0.05,3731,2356,23.65
2021-01-14,13668738,325662930,23.9,23.7,23.8,0.1,4296,2356,23.7
2021-01-15,16197103,386406861,24.05,23.7,23.7,-0.1,4371,2356,23.9
2021-01-18,11981852,280839118,23.7,23.25,23.5,-0.2,4189,2356,23.7
2021-01-19,7539462,177658834,23.7,23.5,23.5,0.0,2576,2356,23.5
2021-01-20,17619163,407149667,23.6,22.9,22.9,-0.6,6913,2356,23.5
2021-01-21,11508526,263943055,23.1,22.8,22.8,-0.1,4308,2356,22.9
2021-01-22,10650866,243206891,23.1,22.65,23.1,0.3,3707,2356,22.85
2021-01-25,9094902,211615210,23.5,23.0,23.35,0.25,3416,2356,23.1
2021-01-26,7965989,184628434,23.35,23.0,23.1,-0.25,3471,2356,23.3
2021-01-27,28037878,668046591,24.1,23.3,23.95,0.85,7878,2356,23.3
2021-01-28,21774907,522222738,24.2,23.55,24.0,0.05,8139,2356,23.6
2021-01-29,18162443,429206875,24.15,23.25,23.25,-0.75,5540,2356,24.05
2021-02-01,7083617,164465021,23.45,23.05,23.3,0.05,2893,2356,23.2
2021-02-02,6561399,153006006,23.5,23.15,23.3,0.0,3280,2356,23.2
2021-02-03,7115794,165421824,23.3,23.2,23.3,0.0,2267,2356,23.2
2021-02-04,4670326,108614958,23.35,23.1,23.25,-0.05,1735,2356,23.2
2021-02-05,7727454,179205063,23.3,23.15,23.15,-0.1,2954,2356,23.2
2021-02-17,24436736,565737075,23.4,23.0,23.15,0.0,8082,2356,23.3
2021-02-18,13008182,301971165,23.35,23.15,23.2,0.05,5287,2356,23.2
2021-02-19,11956804,279229171,23.6,23.2,23.6,0.4,4305,2356,23.3
2021-02-22,15168088,359467684,23.8,23.6,23.8,0.2,4815,2356,23.75
2021-02-23,68499564,1689165241,24.95,24.1,24.9,1.1,23028,2356,24.1
2021-02-24,43778302,1094215845,25.35,24.75,25.0,0.1,15124,2356,25.0
2021-02-25,27205958,678704824,25.2,24.8,25.0,0.0,9205,2356,25.1
2021-02-26,27276426,676023588,25.0,24.6,24.8,-0.2,7900,2356,24.7
2021-03-02,17399085,431462909,25.15,24.55,24.6,-0.2,7428,2356,25.1
2021-03-03,12530670,309704735,24.9,24.5,24.8,0.2,5730,2356,24.6
2021-03-04,12194490,301895322,24.9,24.6,24.85,0.05,4573,2356,24.8
2021-03-05,20094143,501204429,25.2,24.6,25.2,0.35,6152,2356,24.65
2021-03-08,36221238,922353087,25.75,25.2,25.7,0.5,11230,2356,25.45
2021-03-09,44676278,1159370294,26.15,25.75,26.0,0.3,13716,2356,25.8
2021-03-10,21009732,542513111,26.15,25.65,25.65,-0.35,8045,2356,26.05
2021-03-11,17350750,446313689,25.9,25.65,25.8,0.15,6017,2356,25.8
2021-03-12,15696051,404885690,25.9,25.7,25.9,0.1,4734,2356,25.9
2021-03-15,18519111,476766440,26.0,25.65,25.65,-0.25,5999,2356,25.95
2021-03-16,19021271,492602716,26.0,25.7,25.85,0.2,5677,2356,25.75
2021-03-17,25237727,662645221,26.45,25.9,26.35,0.5,9955,2356,26.0
2021-03-18,22247053,591300485,26.8,26.4,26.55,0.2,7677,2356,26.4
2021-03-19,73071737,1980884046,27.45,26.7,27.05,0.5,23160,2356,26.7
2021-03-22,31270754,841560313,27.35,26.65,26.85,-0.2,12231,2356,27.15
2021-03-23,26105197,696363458,27.0,26.4,27.0,0.15,9126,2356,26.85
2021-03-24,16411448,434871211,27.0,26.7,26.95,-0.05,5106,2356,26.9
2021-03-25,17873213,477010006,26.9,26.5,26.8,-0.15,6070,2356,26.9
2021-03-26,16374817,435785515,26.9,26.4,26.6,-0.2,5631,2356,26.85
2021-03-29,32660087,886290446,27.45,26.7,27.25,0.65,11329,2356,26.75
2021-03-30,35366936,967607502,27.55,27.0,27.5,0.25,11063,2356,27.4
2021-03-31,94016084,2568053200,28.0,26.95,27.0,-0.5,31894,2356,27.55
2021-04-01,42906646,1146768955,27.1,26.55,26.75,-0.25,16765,2356,27.05
2021-04-06,29602826,794742856,27.1,26.7,27.1,0.35,9387,2356,26.9
2021-04-07,20870267,561146807,27.0,26.8,26.95,-0.15,7507,2356,27.0
2021-04-08,34354293,933838966,27.4,26.85,27.35,0.4,11476,2356,26.95
2021-04-09,28947560,793414417,27.6,27.1,27.55,0.2,9979,2356,27.5
2021-04-12,22347291,610008358,27.55,27.2,27.3,-0.25,8285,2356,27.5
2021-04-13,21138698,572576603,27.3,27.0,27.0,-0.3,8553,2356,27.3
2021-04-14,17224910,461632161,27.1,26.6,26.75,-0.25,6944,2356,27.0
2021-04-15,11617753,311759496,26.95,26.7,26.9,0.15,4356,2356,26.75
2021-04-16,11264393,304320000,27.1,26.85,27.1,0.2,3926,2356,26.95
2021-04-19,16523180,449142324,27.3,27.05,27.3,0.2,5846,2356,27.2
2021-04-20,15710316,429555259,27.45,27.15,27.35,0.05,5182,2356,27.3
2021-04-21,24581970,674981698,27.55,27.3,27.45,0.1,7214,2356,27.35
2021-04-22,22481005,617128325,27.75,27.05,27.3,-0.15,9240,2356,27.6
2021-04-23,11112381,301462127,27.45,27.0,27.1,-0.2,4462,2356,27.45
2021-04-26,14427825,391790256,27.25,27.1,27.15,0.05,5041,2356,27.2
2021-04-27,10843511,294043317,27.25,27.05,27.15,0.0,4438,2356,27.2
2021-04-28,10421770,283253510,27.25,27.1,27.25,0.1,4353,2356,27.2
2021-04-29,9849274,267814217,27.3,27.1,27.15,-0.1,3667,2356,27.25
2021-05-03,15882134,427638473,27.2,26.7,26.7,-0.45,6270,2356,27.1
2021-05-04,26884491,707394060,26.8,25.8,26.55,-0.15,10445,2356,26.7
2021-05-05,12209287,326771922,26.9,26.4,26.7,0.15,4995,2356,26.5
2021-05-06,11418810,305130201,26.9,26.55,26.6,-0.1,5246,2356,26.75
2021-05-07,7584241,203033971,26.9,26.65,26.85,0.25,3130,2356,26.65
2021-05-10,12653047,336056206,26.85,26.5,26.55,-0.3,4901,2356,26.8
2021-05-11,21082977,557963310,26.8,26.2,26.3,-0.25,9268,2356,26.35
2021-05-12,29233103,746160097,26.25,24.5,25.55,-0.75,11774,2356,26.1
2021-05-13,24768397,617394112,25.15,24.6,24.8,-0.75,9929,2356,25.1
2021-05-14,12459274,311071393,25.2,24.8,24.95,0.15,4675,2356,25.0
2021-05-17,15721946,384130902,24.75,24.15,24.35,-0.6,5844,2356,24.2
2021-05-18,9984249,249315128,25.2,24.45,25.15,0.8,4093,2356,24.45
2021-05-19,6279669,157535538,25.3,24.9,25.1,-0.05,3098,2356,25.1
2021-05-20,12004623,304963733,25.85,25.2,25.3,0.2,5318,2356,25.3
2021-05-21,8532857,218402757,25.85,25.35,25.75,0.45,3759,2356,25.5
2021-05-24,6437589,164318080,25.75,25.3,25.65,-0.1,3065,2356,25.35
2021-05-25,8490887,218571516,25.85,25.55,25.75,0.1,3611,2356,25.65
2021-05-26,13228390,342400279,26.1,25.6,26.0,0.25,4049,2356,25.75
2021-05-27,20408486,524859679,26.0,25.6,25.65,-0.35,4226,2356,26.0
2021-05-28,9075412,233782161,25.9,25.65,25.7,0.05,3637,2356,25.75
2021-05-31,6957242,179883510,26.0,25.7,25.85,0.15,2868,2356,25.8
2021-06-01,6412583,167358391,26.25,25.85,26.2,0.35,2196,2356,26.1
2021-06-02,6334933,165468199,26.4,25.95,26.05,-0.15,3129,2356,26.2
2021-06-03,3505035,91539117,26.3,26.05,26.15,0.1,1615,2356,26.3
2021-06-04,6337558,163909487,26.15,25.8,25.8,-0.35,2869,2356,26.15
2021-06-07,5713231,146659845,25.85,25.5,25.7,-0.1,2453,2356,25.8
2021-06-08,3603053,92532056,25.9,25.6,25.7,0.0,1774,2356,25.9
2021-06-09,14444839,365618700,25.55,25.15,25.2,-0.5,7461,2356,25.55
2021-06-10,9695008,244090302,25.35,25.0,25.35,0.15,3505,2356,25.2
2021-06-11,7555730,190794286,25.45,25.1,25.25,-0.1,3248,2356,25.3
2021-06-15,5425012,137386403,25.4,25.2,25.4,0.15,2325,2356,25.25
2021-06-16,7983285,202741952,25.5,25.3,25.35,-0.05,3886,2356,25.4
2021-06-17,12460000,321973796,26.1,25.3,26.1,0.75,5051,2356,25.35
2021-06-18,21354271,555668185,26.35,25.65,26.15,0.05,7185,2356,26.2
2021-06-21,16839883,430982472,25.95,25.5,25.5,-0.65,6045,2356,25.9
2021-06-22,13303423,338548783,25.9,25.35,25.35,-0.15,4446,2356,25.9
2021-06-23,12014007,307327625,25.7,25.4,25.7,0.35,4003,2356,25.6
2021-06-24,10860098,279025435,25.85,25.6,25.7,0.0,3129,2356,25.85
2021-06-25,6372468,164206301,25.85,25.7,25.7,0.0,2416,2356,25.85
2021-06-28,5021036,129276596,25.9,25.65,25.75,0.05,1949,2356,25.85
2021-06-29,6683125,171829068,25.8,25.65,25.7,-0.05,2658,2356,25.75
2021-06-30,15696864,410111836,26.25,25.9,26.25,0.55,6661,2356,25.9
2021-07-01,12536701,329890737,26.45,26.2,26.2,-0.05,4500,2356,26.3
2021-07-02,19754892,527295119,26.95,26.3,26.75,0.55,6825,2356,26.35
2021-07-05,15922015,428484962,27.0,26.8,27.0,0.25,4962,2356,26.8
2021-07-06,17053883,462178130,27.2,26.9,27.2,0.2,6208,2356,27.0
2021-07-07,28940327,793325553,27.6,27.2,27.4,0.2,7230,2356,27.25
2021-07-08,22970087,638704382,27.6,27.35,27.45,0.05,5898,2356,27.5
2021-07-09,19920414,546829029,27.5,27.2,27.5,0.05,5900,2356,27.3
2021-07-12,23357803,636411331,27.55,27.1,27.15,-0.35,6537,2356,27.5
2021-07-13,28293867,765265599,27.2,26.95,27.05,-0.1,7250,2356,27.15
2021-07-14,39097292,1060182132,27.25,27.0,27.15,0.1,9232,2356,27.1
2021-07-15,85861021,2092385042,24.8,23.9,24.05,0.0,24831,2356,24.8
2021-07-16,32570081,777181830,24.0,23.5,23.85,-0.2,10910,2356,23.9
2021-07-19,21736412,511201642,23.8,23.3,23.55,-0.3,8500,2356,23.75
2021-07-20,15032971,354186578,23.8,23.35,23.55,0.0,5059,2356,23.4
2021-07-21,15845219,375685560,23.85,23.6,23.8,0.25,4933,2356,23.65
2021-07-22,17405610,412066841,23.95,23.5,23.8,0.0,6214,2356,23.8
2021-07-23,11991407,285532906,24.1,23.6,23.65,-0.15,4974,2356,24.0
2021-07-26,17026063,406473528,24.0,23.65,24.0,0.35,4008,2356,23.7
2021-07-27,8211739,195469067,24.0,23.65,23.85,-0.15,3131,2356,24.0
2021-07-28,8790765,207928632,23.85,23.55,23.65,-0.2,4545,2356,23.8
2021-07-29,6081951,143614899,23.8,23.55,23.55,-0.1,2988,2356,23.75
2021-07-30,11017347,258011819,23.65,23.3,23.45,-0.1,6002,2356,23.6
2021-08-02,7097581,166463340,23.6,23.35,23.55,0.1,3409,2356,23.5
2021-08-03,6776629,158601612,23.6,23.3,23.6,0.05,3354,2356,23.5
2021-08-04,4806984,112709061,23.6,23.35,23.5,-0.1,2727,2356,23.6
2021-08-05,6020285,141051724,23.6,23.35,23.4,-0.1,3338,2356,23.5
2021-08-06,7033217,165359437,23.7,23.3,23.7,0.3,3814,2356,23.4
2021-08-09,8391032,196211090,23.7,23.3,23.4,-0.3,4506,2356,23.7
2021-08-10,6869716,161049014,23.6,23.3,23.55,0.15,2563,2356,23.4
2021-08-11,12583034,291978600,23.55,23.1,23.2,-0.35,5301,2356,23.5
2021-08-12,8377220,196353778,23.55,23.2,23.5,0.3,3214,2356,23.2
2021-08-13,12477158,294891125,23.9,23.3,23.75,0.25,4176,2356,23.5
2021-08-16,8581883,203311865,23.8,23.6,23.75,0.0,2791,2356,23.7
2021-08-17,9773972,231889648,23.9,23.6,23.7,-0.05,3144,2356,23.8
2021-08-18,12383139,292743395,23.8,23.4,23.75,0.05,3623,2356,23.5
2021-08-19,11145760,264034959,23.8,23.55,23.8,0.05,3374,2356,23.7
2021-08-20,8722128,208152758,23.95,23.7,23.9,0.1,3307,2356,23.9
2021-08-23,8625927,207861078,24.25,23.95,24.15,0.25,3505,2356,24.0
2021-08-24,8421431,204311547,24.4,24.15,24.3,0.15,3685,2356,24.25
2021-08-25,5455820,131914676,24.4,24.05,24.2,-0.1,2572,2356,24.3
2021-08-26,7343047,176435013,24.25,23.9,24.15,-0.05,3624,2356,24.25
2021-08-27,3923618,94829517,24.3,24.05,24.2,0.05,2182,2356,24.2
2021-08-30,5597401,135019511,24.35,23.95,24.35,0.15,2819,2356,24.3
2021-08-31,7625137,184968730,24.35,24.05,24.3,-0.05,2084,2356,24.3
2021-09-01,5101586,123927394,24.35,24.1,24.35,0.05,2424,2356,24.1
2021-09-02,5519960,134138883,24.4,24.2,24.35,0.0,2608,2356,24.35
2021-09-03,6614384,161077251,24.45,24.2,24.45,0.1,2678,2356,24.4
2021-09-06,4887833,119038480,24.5,24.15,24.15,-0.3,1980,2356,24.5
2021-09-07,10392104,254410390,24.75,24.15,24.75,0.6,4079,2356,24.2
2021-09-08,7520735,183365341,24.75,24.15,24.45,-0.3,2725,2356,24.75
2021-09-09,5505977,134606293,24.55,24.25,24.5,0.05,1841,2356,24.35
2021-09-10,3764808,92157838,24.55,24.35,24.55,0.05,1508,2356,24.5
2021-09-13,6097650,149856171,24.7,24.35,24.7,0.15,2795,2356,24.55
2021-09-14,5771301,142635768,24.8,24.6,24.65,-0.05,2543,2356,24.7
2021-09-15,8590213,213290555,24.95,24.55,24.85,0.2,3685,2356,24.65
2021-09-16,5291865,131432031,24.95,24.6,24.9,0.05,2353,2356,24.85
2021-09-17,11165298,277578499,24.9,24.7,24.9,0.0,2942,2356,24.9
2021-09-22,20115254,504024487,25.4,24.5,25.4,0.5,6067,2356,24.6
2021-09-23,21526176,553356099,26.3,25.45,25.5,0.1,7902,2356,25.75
2021-09-24,18075243,465916557,25.9,25.65,25.75,0.25,5144,2356,25.8
2021-09-27,18248195,476095117,26.25,25.9,26.1,0.35,6013,2356,26.0
2021-09-28,16720140,438896707,26.4,26.0,26.4,0.3,6733,2356,26.1
2021-09-29,16251893,421840798,26.2,25.8,26.0,-0.4,6638,2356,26.15
2021-09-30,11262396,289629694,25.95,25.45,25.8,-0.2,4328,2356,25.8
2021-10-01,11308148,287044551,25.7,25.15,25.55,-0.25,4267,2356,25.5
2021-10-04,12590221,324753812,26.0,25.55,25.85,0.3,4283,2356,25.75
2021-10-05,7316286,188612906,25.9,25.6,25.75,-0.1,3003,2356,25.8
2021-10-06,17590934,458275977,26.2,25.8,26.2,0.45,5688,2356,25.85
2021-10-07,21382773,566760753,26.8,26.3,26.3,0.1,7950,2356,26.4
2021-10-08,18295784,487033723,26.8,26.3,26.7,0.4,6541,2356,26.3
2021-10-12,14144188,376245154,26.9,26.3,26.65,-0.05,4117,2356,26.4
2021-10-13,8962527,238340242,26.8,26.45,26.5,-0.15,3328,2356,26.7
2021-10-14,5106160,135494468,26.8,26.4,26.5,0.0,2100,2356,26.7
2021-10-15,8641030,228705272,26.75,26.35,26.55,0.05,3353,2356,26.7
2021-10-18,7394713,195657120,26.6,26.4,26.45,-0.1,2609,2356,26.55
2021-10-19,9907373,260259297,26.5,26.0,26.2,-0.25,3456,2356,26.4
2021-10-20,10499688,278061515,26.7,26.2,26.45,0.25,3981,2356,26.35
2021-10-21,12614082,333829493,26.6,26.35,26.35,-0.1,3026,2356,26.5
2021-10-22,19093848,512095017,26.95,26.4,26.9,0.55,6035,2356,26.55
2021-10-25,5261116,140828818,26.9,26.65,26.75,-0.15,1958,2356,26.9
2021-10-26,6006646,160650416,26.85,26.55,26.8,0.05,2320,2356,26.8
2021-10-27,6952360,186959286,26.95,26.65,26.95,0.15,2703,2356,26.8
2021-10-28,3530214,94864299,26.95,26.75,26.9,-0.05,1606,2356,26.95
2021-10-29,8160021,216771602,26.9,26.35,26.55,-0.35,3698,2356,26.9
2021-11-01,4745501,125722885,26.7,26.35,26.55,0.0,2297,2356,26.6
2021-11-02,5403311,143505538,26.75,26.45,26.6,0.05,1961,2356,26.75
2021-11-03,4592551,120717009,26.65,26.2,26.25,-0.35,3128,2356,26.6
2021-11-04,6253111,165598924,26.6,26.05,26.55,0.3,3399,2356,26.2
2021-11-05,4689891,123655388,26.5,26.2,26.5,-0.05,2239,2356,26.4
2021-11-08,3939798,103789082,26.45,26.25,26.45,-0.05,1776,2356,26.3
2021-11-09,6582739,172402463,26.3,26.0,26.3,-0.15,2908,2356,26.25
2021-11-10,7105509,185835088,26.35,26.0,26.35,0.05,3300,2356,26.3
2021-11-11,5787933,152255898,26.4,26.05,26.4,0.05,2433,2356,26.35
2021-11-12,4634065,122730747,26.6,26.25,26.5,0.1,2097,2356,26.4
2021-11-15,8503427,226087368,26.7,26.45,26.65,0.15,3594,2356,26.6
2021-11-16,13996162,376187029,27.0,26.75,27.0,0.35,5155,2356,26.75
2021-11-17,7404601,198496555,27.1,26.65,26.85,-0.15,3067,2356,27.05
2021-11-18,7166189,189356475,26.8,26.25,26.45,-0.4,3403,2356,26.8
2021-11-19,4950116,129467597,26.45,26.1,26.1,-0.35,2502,2356,26.45
2021-11-22,4076789,106364632,26.2,25.95,26.1,0.0,1809,2356,26.1
2021-11-23,8783314,227117349,26.15,25.7,25.8,-0.3,4416,2356,26.05
2021-11-24,4158759,107673609,26.05,25.75,25.95,0.15,1781,2356,25.75
2021-11-25,3791634,98640650,26.1,25.85,26.0,0.05,1531,2356,26.1
2021-11-26,4577124,118040118,26.1,25.7,25.8,-0.2,2237,2356,26.0
2021-11-29,6355245,164634262,26.15,25.5,26.05,0.25,2592,2356,25.7
2021-11-30,19446754,505721132,26.45,25.8,25.8,-0.25,3755,2356,26.2
2021-12-01,5367213,140778491,26.3,25.8,26.25,0.45,2268,2356,25.8
2021-12-02,23377600,596815706,25.85,25.2,25.55,-0.7,10862,2356,25.45
2021-12-03,8585230,219788488,25.8,25.25,25.65,0.1,3771,2356,25.45
2021-12-06,8478844,217307082,25.9,25.35,25.55,-0.1,3636,2356,25.45
2021-12-07,7417153,189548676,25.75,25.4,25.65,0.1,3185,2356,25.55
2021-12-08,8046949,205329635,25.7,25.45,25.45,-0.2,3339,2356,25.65
2021-12-09,4320540,110803935,25.75,25.5,25.65,0.2,2060,2356,25.5
2021-12-10,7177181,183816737,25.75,25.5,25.55,-0.1,2789,2356,25.6
2021-12-13,3106486,79688679,25.75,25.55,25.7,0.15,1560,2356,25.55
2021-12-14,3929174,100498846,25.7,25.5,25.5,-0.2,2097,2356,25.6
2021-12-15,4139166,105128130,25.55,25.3,25.3,-0.2,2586,2356,25.5
2021-12-16,4533553,114933263,25.5,25.2,25.5,0.2,1992,2356,25.35
2021-12-17,11077061,279790774,25.5,25.05,25.3,-0.2,3375,2356,25.5
2021-12-20,12350108,306776802,25.1,24.65,24.95,-0.35,5357,2356,25.05
2021-12-21,7921855,197624488,25.1,24.7,24.95,0.0,2908,2356,24.75
2021-12-22,5938528,147985116,25.15,24.8,24.9,-0.05,2631,2356,25.0
2021-12-23,6382785,158783078,25.1,24.8,24.85,-0.05,2064,2356,25.1
2021-12-24,2110606,52633734,25.0,24.9,25.0,0.15,1180,2356,24.95
2021-12-27,3174303,79098790,25.05,24.85,25.0,0.0,1774,2356,25.05
2021-12-28,3342880,83501727,25.05,24.9,25.0,0.0,1550,2356,25.0
2021-12-29,2994366,74803125,25.1,24.9,25.05,0.05,1529,2356,25.0
2021-12-30,3246136,81144672,25.1,24.95,24.95,-0.1,1687,2356,25.05
2022-01-03,3294812,82642285,25.2,25.0,25.0,0.05,1425,2356,25.05
2022-01-04,3724236,93235979,25.1,25.0,25.0,0.0,6130,2356,25.0
2022-01-05,6895721,171165707,25.0,24.75,24.75,-0.25,3506,2356,24.95
2022-01-06,5621788,140366879,25.1,24.7,25.1,0.35,2037,2356,24.8
2022-01-07,5219719,130612557,25.2,24.9,24.95,-0.15,2601,2356,25.15
2022-01-10,6662611,168118088,25.45,24.85,25.45,0.5,2757,2356,24.95
2022-01-11,5286622,133406315,25.55,25.1,25.25,-0.2,2306,2356,25.5
2022-01-12,2942417,73966102,25.3,25.05,25.2,-0.05,1544,2356,25.25
2022-01-13,5014258,126919730,25.4,25.1,25.4,0.2,2000,2356,25.2
2022-01-14,6764086,169378250,25.35,24.95,25.0,-0.4,2805,2356,25.35
2022-01-17,6026676,150355495,25.1,24.85,24.95,-0.05,3201,2356,24.95
2022-01-18,4259070,107347296,25.3,25.1,25.15,0.2,1759,2356,25.15
2022-01-19,5144794,129730534,25.3,25.1,25.15,0.0,2318,2356,25.1
2022-01-20,4754505,120708215,25.5,25.2,25.45,0.3,1805,2356,25.3
2022-01-21,15760421,397978903,25.55,25.0,25.15,-0.3,4303,2356,25.2
2022-01-24,8662417,219810808,25.5,25.1,25.45,0.3,2919,2356,25.15
2022-01-25,8876643,223869443,25.5,25.0,25.45,0.0,3151,2356,25.05
2022-01-26,5647044,142826399,25.7,25.15,25.2,-0.25,3023,2356,25.4
2022-02-07,6425158,162733568,25.5,25.15,25.4,0.2,2851,2356,25.35
2022-02-08,5165028,131738943,25.65,25.3,25.5,0.1,2035,2356,25.4
2022-02-09,6279564,161546331,25.9,25.5,25.85,0.35,2864,2356,25.5
2022-02-10,4338181,111903605,25.95,25.65,25.9,0.05,2073,2356,25.95
2022-02-11,3623394,93352362,25.9,25.65,25.8,-0.1,1738,2356,25.75
2022-02-14,6953592,176749018,25.65,25.2,25.4,-0.4,2850,2356,25.6
2022-02-15,6421502,162571369,25.55,25.2,25.2,-0.2,3129,2356,25.4
2022-02-16,5966126,152793987,25.75,25.35,25.7,0.5,3347,2356,25.5
2022-02-17,5206454,134209347,25.9,25.6,25.85,0.15,2334,2356,25.9
2022-02-18,3353016,86314705,25.85,25.5,25.7,-0.15,1919,2356,25.5
2022-02-21,4388131,113023248,25.9,25.55,25.7,0.0,2186,2356,25.6
2022-02-22,8108518,208804093,25.95,25.4,25.95,0.25,3693,2356,25.75
2022-02-23,5365349,138841820,26.05,25.7,25.8,-0.15,3470,2356,25.9
2022-02-24,10284956,262522959,25.75,25.3,25.45,-0.35,4715,2356,25.75
2022-02-25,11892088,303888328,25.8,25.3,25.65,0.2,3791,2356,25.45
2022-03-01,6580736,170125433,25.95,25.5,25.95,0.3,2474,2356,25.7
2022-03-02,5100070,131812831,26.0,25.65,25.85,-0.1,1933,2356,25.9
2022-03-03,3951606,102131752,26.0,25.75,25.85,0.0,3004,2356,25.95
2022-03-04,7708372,195780709,25.6,25.25,25.3,-0.55,4952,2356,25.55
2022-03-07,15288896,378679100,25.25,24.55,24.8,-0.5,7651,2356,25.05
2022-03-08,10514940,259946143,24.9,24.6,24.65,-0.15,4134,2356,24.8
2022-03-09,4302800,106815023,24.95,24.7,24.75,0.1,2182,2356,24.8
2022-03-10,4396131,110135004,25.15,24.85,25.05,0.3,2113,2356,24.85
2022-03-11,2173540,54529580,25.15,24.95,25.15,0.1,1151,2356,25.05
2022-03-14,3557772,89376040,25.3,24.95,25.1,-0.05,1293,2356,25.15
2022-03-15,4476228,112005860,25.1,24.9,25.05,-0.05,1764,2356,25.1
2022-03-16,9955635,247108104,25.1,24.6,25.05,0.0,4942,2356,24.9
2022-03-17,9346748,234986818,25.45,24.9,25.05,0.0,4249,2356,25.45
2022-03-18,14631063,365922034,25.2,24.95,25.0,-0.05,3229,2356,25.1
2022-03-21,4715206,118624915,25.3,24.95,25.2,0.2,2882,2356,24.95
2022-03-22,6826182,170710256,25.15,24.85,25.0,-0.2,2899,2356,25.1
2022-03-23,4988968,124865562,25.15,24.95,25.05,0.05,2625,2356,25.15
2022-03-24,3615512,90374420,25.05,24.9,25.0,-0.05,2032,2356,25.0
2022-03-25,5397940,135198265,25.3,24.9,25.3,0.3,2504,2356,24.9
2022-03-28,5677431,141939863,25.15,24.85,25.1,-0.2,2497,2356,25.0
2022-03-29,6926590,172610338,25.15,24.85,24.85,-0.25,3164,2356,25.1
2022-03-30,8510993,211227017,24.95,24.75,24.8,-0.05,4258,2356,24.85
2022-03-31,6742410,166968593,24.95,24.7,24.7,-0.1,3073,2356,24.95
2022-04-01,5813974,143485160,24.85,24.55,24.85,0.15,2912,2356,24.6
2022-04-06,7571167,187663850,25.0,24.55,24.9,0.05,3091,2356,24.75
2022-04-07,10545295,259839125,24.85,24.55,24.55,-0.35,3938,2356,24.6
2022-04-08,6492819,160926040,24.95,24.55,24.8,0.25,3329,2356,24.65
2022-04-11,7625678,189579496,25.0,24.6,24.85,0.05,3394,2356,24.95
2022-04-12,9230889,230042936,25.05,24.8,24.8,-0.05,3366,2356,24.8
2022-04-13,8234500,207794323,25.45,24.95,25.4,0.6,4089,2356,25.1
2022-04-14,6603314,168045163,25.55,25.25,25.55,0.15,2986,2356,25.4
2022-04-15,5415594,137388395,25.5,25.15,25.35,-0.2,2419,2356,25.45
2022-04-18,5606030,142046964,25.5,25.1,25.4,0.05,2519,2356,25.2
2022-04-19,4149202,105500212,25.55,25.25,25.4,0.0,2191,2356,25.5
2022-04-20,7474918,189119410,25.5,25.2,25.2,-0.2,2826,2356,25.35
2022-04-21,5150645,129971816,25.35,25.05,25.25,0.05,2220,2356,25.25
2022-04-22,6208788,155728197,25.25,24.9,25.1,-0.15,3158,2356,25.1
2022-04-25,8239570,203921950,25.0,24.6,24.8,-0.3,3672,2356,24.75
2022-04-26,4660974,117270969,25.3,24.75,25.25,0.45,2482,2356,24.75
2022-04-27,6704175,167656339,25.2,24.8,24.9,-0.35,2387,2356,25.0
2022-04-28,5539312,137498236,25.1,24.7,24.85,-0.05,3222,2356,24.9
2022-04-29,6232538,157521771,25.4,24.9,25.4,0.55,2592,2356,24.9
2022-05-03,4115436,104100002,25.5,25.1,25.35,-0.05,2159,2356,25.4
2022-05-04,6634701,169664320,25.8,25.25,25.6,0.25,3037,2356,25.4
2022-05-05,5963097,153575715,25.9,25.6,25.9,0.3,3451,2356,25.75
2022-05-06,7234753,186045519,25.9,25.4,25.8,-0.1,3802,2356,25.4
2022-05-09,8926047,229614342,25.9,25.35,25.85,0.05,3045,2356,25.4
2022-05-10,10184396,261437668,25.85,25.4,25.85,0.0,3153,2356,25.75
2022-05-11,8597267,220454600,25.85,25.3,25.8,-0.05,3846,2356,25.8
2022-05-12,8085803,204287638,25.6,24.95,25.2,-0.6,3525,2356,25.6
2022-05-13,8754291,222525243,25.6,25.2,25.4,0.2,3988,2356,25.4
2022-05-16,17365907,453168546,26.45,25.55,26.45,1.05,8502,2356,25.7
2022-05-17,10504552,274367742,26.4,25.85,26.0,-0.45,5544,2356,26.2
2022-05-18,9739109,254441064,26.35,25.75,26.2,0.2,5292,2356,25.85
2022-05-19,6118749,159868765,26.2,25.8,26.15,-0.05,3771,2356,25.85
2022-05-20,6415240,166736517,26.3,25.75,25.95,-0.2,3659,2356,26.3
2022-05-23,4683844,120530003,26.0,25.6,25.6,-0.35,1966,2356,26.0
2022-05-24,5776127,147017484,25.7,25.3,25.4,-0.2,2098,2356,25.55
2022-05-25,6724987,172815645,25.95,25.25,25.65,0.25,2790,2356,25.5
2022-05-26,6103645,157535605,25.95,25.6,25.9,0.25,2580,2356,25.9
2022-05-27,7640459,197425219,26.1,25.6,25.7,-0.2,3489,2356,25.9
2022-05-30,8821252,229770924,26.15,25.75,26.15,0.45,4316,2356,25.85
2022-05-31,46347404,1196098869,25.95,25.75,25.8,-0.35,3454,2356,25.9
2022-06-01,7215308,184778484,25.8,25.4,25.55,-0.25,3206,2356,25.65
2022-06-02,5307572,135670538,25.7,25.3,25.5,-0.05,2495,2356,25.35
2022-06-06,9030296,234558555,26.1,25.45,26.1,0.6,4080,2356,25.8
2022-06-07,8031370,207917063,26.0,25.7,25.85,-0.25,3044,2356,25.85
2022-06-08,4866200,126314112,26.05,25.75,26.05,0.2,2651,2356,25.85
2022-06-09,4340734,112149466,26.05,25.75,25.75,-0.3,2507,2356,26.0
2022-06-10,4262617,108677287,25.65,25.4,25.45,-0.3,2139,2356,25.5
2022-06-13,8992440,227754843,25.6,25.0,25.45,0.0,3530,2356,25.15
2022-06-14,6776352,173939726,25.85,25.2,25.85,0.4,2496,2356,25.4
2022-06-15,8171274,207757009,25.85,25.25,25.3,-0.55,4167,2356,25.6
2022-06-16,6178633,157309611,25.65,25.3,25.3,0.0,2375,2356,25.65
2022-06-17,17901488,447380409,25.25,24.7,25.15,-0.15,5623,2356,25.05
2022-06-20,15308274,379798359,25.25,24.6,24.7,-0.45,5356,2356,24.95
2022-06-21,11099759,277172386,25.15,24.7,24.95,0.25,2609,2356,25.05
2022-06-22,12018703,298529642,25.15,24.75,24.8,-0.15,2756,2356,25.1
2022-06-23,12218527,304094112,25.2,24.75,24.85,0.05,2525,2356,25.0
2022-06-24,3955505,99489057,25.25,25.0,25.15,0.3,1753,2356,25.2
2022-06-27,4517702,114856665,25.5,25.25,25.4,0.25,2180,2356,25.3
2022-06-28,4044248,102990227,25.6,25.35,25.45,0.05,1866,2356,25.45
2022-06-29,5080874,128664302,25.5,25.05,25.25,-0.2,2545,2356,25.5
2022-06-30,10248336,257853208,25.4,24.9,25.15,-0.1,2567,2356,25.4
2022-07-01,8460741,209798108,25.3,24.6,24.75,-0.4,3014,2356,25.1
2022-07-04,6473224,159424135,25.05,24.3,24.65,-0.1,2444,2356,24.45
2022-07-05,4560545,112897079,25.1,24.5,24.75,0.1,1821,2356,25.1
2022-07-06,7588350,184716227,24.8,24.1,24.1,-0.65,3573,2356,24.8
2022-07-07,9228078,222297176,24.25,23.85,24.0,-0.1,3242,2356,24.1
2022-07-08,4464914,107137877,24.1,23.75,24.0,0.0,1727,2356,23.9
2022-07-11,9975838,241310532,24.5,24.0,24.1,0.1,2828,2356,24.15
2022-07-12,10844548,256187501,24.0,23.35,23.7,-0.4,3409,2356,24.0
2022-07-13,16137181,388499053,24.5,23.85,24.0,0.3,4399,2356,23.9
2022-07-14,15544631,354549955,23.2,22.6,22.7,0.0,5204,2356,22.9
2022-07-15,11774854,264422316,22.8,22.3,22.45,-0.25,4344,2356,22.7
2022-07-18,11382831,252533060,22.5,22.05,22.2,-0.25,4780,2356,22.45
2022-07-19,7205595,160671558,22.4,22.05,22.4,0.2,2330,2356,22.2
2022-07-20,5588179,126359853,22.75,22.5,22.55,0.15,2578,2356,22.6
2022-07-21,6051483,137460731,22.9,22.5,22.75,0.2,2601,2356,22.7
2022-07-22,5911095,135180117,23.0,22.7,22.95,0.2,2325,2356,22.8
2022-07-25,4086104,94885198,23.4,22.8,23.3,0.35,2211,2356,22.95
2022-07-26,5871790,134945490,23.25,22.75,23.0,-0.3,3227,2356,23.15
2022-07-27,4672047,108763049,23.45,23.0,23.4,0.4,2123,2356,23.15
2022-07-28,4588340,108110323,23.7,23.4,23.6,0.2,2062,2356,23.55
2022-07-29,6425533,152164764,23.8,23.5,23.7,0.1,2059,2356,23.8
2022-08-01,5976377,141878171,23.9,23.4,23.7,0.0,2660,2356,23.7
2022-08-02,6297124,149812957,24.0,23.4,23.75,0.05,2475,2356,23.4
2022-08-03,6042933,145050453,24.2,23.6,24.1,0.35,2735,2356,23.7
2022-08-04,4414340,106062976,24.2,23.8,24.05,-0.05,2196,2356,23.9
2022-08-05,5796420,140511798,24.4,24.05,24.15,0.1,1870,2356,24.2
2022-08-08,3737501,90318303,24.3,24.0,24.2,0.05,1474,2356,24.2
2022-08-09,4740540,115304314,24.5,24.1,24.45,0.25,2318,2356,24.15
2022-08-10,6326300,153846522,24.55,24.2,24.2,-0.25,2282,2356,24.25
2022-08-11,7367195,180293641,24.7,24.15,24.55,0.35,2644,2356,24.7
2022-08-12,5553566,135890244,24.7,24.3,24.5,-0.05,2713,2356,24.5
2022-08-15,8082719,195102589,24.4,23.95,24.15,-0.35,3458,2356,24.2
2022-08-16,7394371,178713094,24.4,23.95,24.15,0.0,3171,2356,24.0
2022-08-17,5156784,124759053,24.35,24.0,24.3,0.15,2194,2356,24.25
2022-08-18,6753112,162179326,24.25,23.95,23.95,-0.35,2923,2356,24.25
2022-08-19,5813233,139403458,24.15,23.85,24.05,0.1,2312,2356,23.95
2022-08-22,7375349,177772617,24.3,23.9,24.2,0.15,2791,2356,23.95
2022-08-23,7124564,170794294,24.2,23.85,23.9,-0.3,2541,2356,24.0
2022-08-24,8518691,203687509,24.1,23.75,24.05,0.15,3479,2356,23.9
2022-08-25,8195162,195490779,24.15,23.65,23.8,-0.25,3430,2356,24.05
2022-08-26,5650690,134323948,24.0,23.7,23.75,-0.05,2626,2356,23.8
2022-08-29,14635845,340626517,23.55,23.1,23.2,-0.55,5702,2356,23.3
2022-08-30,21165931,486248663,23.25,22.8,23.0,-0.2,7846,2356,23.15
2022-08-31,10546867,242969769,23.2,22.85,23.15,0.15,3909,2356,22.9
2022-09-01,18056572,411033435,23.0,22.65,22.75,-0.4,7112,2356,22.85
2022-09-02,12684232,289285489,23.0,22.7,22.7,-0.05,4865,2356,22.85
2022-09-05,7662607,174692384,22.95,22.65,22.95,0.25,2733,2356,22.7
2022-09-06,7440146,169985366,23.05,22.75,22.85,-0.1,3136,2356,23.0
2022-09-07,8316691,189834396,23.0,22.6,22.8,-0.05,3961,2356,22.65
2022-09-08,9145147,213099786,23.55,22.8,23.5,0.7,5319,2356,22.9
2022-09-12,7085138,166162333,23.55,23.25,23.35,-0.15,3284,2356,23.55
2022-09-13,3888544,91207468,23.55,23.3,23.5,0.15,1785,2356,23.55
2022-09-14,6164964,142137852,23.25,23.0,23.0,-0.5,3588,2356,23.05
2022-09-15,7061486,162587909,23.15,22.9,22.95,-0.05,3099,2356,22.95
2022-09-16,16831687,385436601,23.1,22.75,22.9,-0.05,4724,2356,22.8
2022-09-19,6654433,153033901,23.15,22.8,23.0,0.1,2564,2356,22.95
2022-09-20,8662795,200404103,23.2,22.95,23.2,0.2,2222,2356,23.1
2022-09-21,9237956,211906824,23.1,22.85,22.85,-0.35,3163,2356,23.1
2022-09-22,13742882,313555133,23.0,22.6,22.75,-0.1,2773,2356,22.7
2022-09-23,4778572,108660121,22.9,22.7,22.7,-0.05,1714,2356,22.8
2022-09-26,13602247,308750242,22.85,22.45,22.55,-0.15,2604,2356,22.6
2022-09-27,8169809,185591350,22.9,22.55,22.65,0.1,2331,2356,22.8
2022-09-28,14761030,336989469,23.0,22.6,22.85,0.2,3400,2356,22.75
2022-09-29,20923191,488082745,24.35,22.95,23.4,0.55,6745,2356,23.05
2022-09-30,10240507,235621375,23.3,22.9,22.9,-0.5,3180,2356,23.3
2022-10-03,8206825,187078182,22.9,22.65,22.7,-0.2,2336,2356,22.7
2022-10-04,6331090,146237487,23.2,22.9,23.05,0.35,2121,2356,22.9
2022-10-05,7955860,183456184,23.25,22.85,22.85,-0.2,2178,2356,23.1
2022-10-06,7972963,182842322,23.3,22.75,22.85,0.0,2505,2356,22.9
2022-10-07,4520207,103904319,23.1,22.85,23.0,0.15,1606,2356,22.95
2022-10-11,13730518,315727819,23.25,22.75,22.85,-0.15,3117,2356,22.95
2022-10-12,10044889,232412192,23.3,22.8,23.25,0.4,2595,2356,22.8
2022-10-13,10330123,240130149,23.35,23.0,23.25,0.0,3026,2356,23.1
2022-10-14,7522228,175048003,23.5,23.15,23.15,-0.1,2754,2356,23.3
2022-10-17,12060109,279499195,23.4,22.9,23.15,0.0,2368,2356,23.15
2022-10-18,14541398,330640646,23.2,22.6,22.75,-0.4,5022,2356,23.2
2022-10-19,10767551,244079661,22.85,22.3,22.65,-0.1,4115,2356,22.5
2022-10-20,23586263,545398101,23.5,22.45,23.5,0.85,3846,2356,22.5
2022-10-21,4870709,111767964,23.15,22.85,22.85,-0.65,2013,2356,23.15
2022-10-24,5540892,127377861,23.15,22.7,23.1,0.25,2025,2356,23.05
2022-10-25,7880825,183035833,23.45,22.95,23.45,0.35,2753,2356,23.25
2022-10-26,6651697,155738636,23.6,23.1,23.5,0.05,2554,2356,23.1
2022-10-27,7255852,171120365,23.7,23.3,23.55,0.05,2430,2356,23.5
2022-10-28,4204800,98458837,23.65,23.25,23.5,-0.05,1839,2356,23.65
2022-10-31,9189903,219933594,24.4,23.4,24.4,0.9,3602,2356,23.55
2022-11-01,5175899,123793547,24.1,23.6,24.1,-0.3,2983,2356,23.9
2022-11-02,5113754,122387041,24.1,23.8,23.85,-0.25,2122,2356,23.95
2022-11-03,5336603,125098828,23.7,23.3,23.4,-0.45,2643,2356,23.5
2022-11-04,4476948,105014039,23.65,23.25,23.65,0.25,1788,2356,23.3
2022-11-07,4994825,117900326,23.8,23.45,23.8,0.15,2200,2356,23.75
2022-11-08,4908740,117004395,24.0,23.65,24.0,0.2,2321,2356,23.75
2022-11-09,4900087,117635440,24.2,23.9,23.95,-0.05,2467,2356,24.0
2022-11-10,3069495,73519138,24.15,23.8,23.95,0.0,1486,2356,23.95
2022-11-11,6437326,154571289,24.2,23.9,24.1,0.15,2688,2356,24.1
2022-11-14,35461173,900914622,25.8,24.55,25.7,1.6,13404,2356,24.7
2022-11-15,10995072,281541649,25.75,25.2,25.75,0.05,4830,2356,25.45
2022-11-16,9157840,232624640,25.6,25.3,25.35,-0.4,3247,2356,25.4
2022-11-17,7635206,190668760,25.35,24.65,25.35,0.0,3545,2356,25.05
2022-11-18,5144426,128582639,25.2,24.8,25.0,-0.35,2591,2356,25.05
2022-11-21,8198576,201161594,24.8,24.35,24.5,-0.5,4129,2356,24.65
2022-11-22,19684690,463521784,24.3,23.3,23.5,-1.0,8834,2356,24.2
2022-11-23,7927078,185884664,23.6,23.4,23.4,-0.1,3706,2356,23.5
2022-11-24,11968471,285804792,24.4,23.5,24.4,1.0,4350,2356,23.6
2022-11-25,11738563,278791713,24.0,23.6,24.0,-0.4,4743,2356,23.85
2022-11-28,11328347,272162600,24.4,23.65,24.4,0.4,3990,2356,23.7
2022-11-29,14423489,351760643,24.7,24.0,24.7,0.3,4374,2356,24.3
2022-11-30,41538261,1025754694,24.8,24.15,24.8,0.1,4949,2356,24.4
2022-12-01,16855623,410360898,24.75,24.15,24.2,-0.6,6844,2356,24.7
2022-12-02,12352291,294632529,24.15,23.75,23.9,-0.3,5115,2356,24.05
2022-12-05,9332722,223626314,24.2,23.7,24.2,0.3,3886,2356,23.8
2022-12-06,8757090,211903151,24.35,23.95,24.35,0.15,3696,2356,23.95
2022-12-07,7297042,176647543,24.35,24.0,24.25,-0.1,2854,2356,24.15
2022-12-08,6861451,166401479,24.35,24.1,24.35,0.1,2892,2356,24.25
2022-12-09,6126825,149472563,24.5,24.3,24.5,0.15,2553,2356,24.35
2022-12-12,9073856,223461070,24.8,24.3,24.8,0.3,3796,2356,24.4
2022-12-13,10320744,255219592,24.85,24.6,24.7,-0.1,3798,2356,24.75
2022-12-14,10141204,253729244,25.15,24.65,25.15,0.45,4440,2356,24.85
2022-12-15,9401232,235747834,25.25,24.85,25.1,-0.05,3740,2356,25.05
2022-12-16,35364297,895443944,25.7,24.65,25.7,0.6,12135,2356,24.75
2022-12-19,35820025,921071960,25.85,25.25,25.85,0.15,12054,2356,25.4
2022-12-20,25758851,660084628,25.8,25.35,25.65,-0.2,6170,2356,25.5
2022-12-21,26675084,686110884,25.9,25.35,25.75,0.1,5803,2356,25.35
2022-12-22,23406858,607130263,26.0,25.65,25.95,0.2,4738,2356,25.7
2022-12-23,6529905,169072967,26.0,25.55,26.0,0.05,2630,2356,25.65
2022-12-26,4294257,111758118,26.15,25.9,26.1,0.1,1986,2356,26.0
2022-12-27,4457570,116362517,26.15,26.0,26.15,0.05,1894,2356,26.0
2022-12-28,4964989,129435668,26.15,25.9,26.1,-0.05,1933,2356,25.95
2022-12-29,7921679,206231994,26.2,25.8,26.1,0.0,3664,2356,25.85
2022-12-30,7383178,193738330,26.35,26.0,26.25,0.15,3887,2356,26.0
2023-01-03,5224452,136693479,26.3,26.0,26.1,-0.15,2801,2356,26.0
2023-01-04,3561296,93283721,26.3,26.1,26.1,0.0,2067,2356,26.15
2023-01-05,3371897,88285688,26.3,26.05,26.2,0.1,1401,2356,26.25
2023-01-06,2826206,73862510,26.25,26.05,26.1,-0.1,1093,2356,26.15
2023-01-09,8503131,224405716,26.5,26.25,26.5,0.4,3243,2356,26.25
2023-01-10,6062785,160947545,26.6,26.45,26.55,0.05,2855,2356,26.5
2023-01-11,6016954,158685806,26.8,26.15,26.2,-0.35,3412,2356,26.6
2023-01-12,8209483,210987583,26.25,25.5,25.6,-0.6,4699,2356,26.15
2023-01-13,4162275,107842753,26.0,25.75,25.9,0.3,1688,2356,25.8
2023-01-16,3489526,90901879,26.2,25.8,26.0,0.1,2352,2356,26.0
2023-01-17,5563817,143451209,26.0,25.7,25.7,-0.3,2212,2356,25.9
2023-01-30,15837244,405306790,26.1,25.35,25.55,-0.15,8693,2356,26.0
2023-01-31,11271445,286121976,25.75,25.2,25.25,-0.3,3929,2356,25.5
2023-02-01,6731564,171393265,25.6,25.25,25.5,0.25,2986,2356,25.25
2023-02-02,8501690,216729830,25.7,25.35,25.45,-0.05,3913,2356,25.6
2023-02-03,4256059,109083749,25.7,25.4,25.65,0.2,2557,2356,25.45
2023-02-06,11109652,286313551,25.95,25.55,25.65,0.0,4471,2356,25.55
2023-02-07,5870113,151877439,25.95,25.7,25.9,0.25,2728,2356,25.9
2023-02-08,4451437,115603214,26.1,25.9,25.95,0.05,1979,2356,25.95
2023-02-09,5389387,139581906,26.05,25.8,25.8,-0.15,2168,2356,25.8
2023-02-10,6799467,175039161,25.95,25.6,25.6,-0.2,2108,2356,25.7
2023-02-13,8414341,217416774,26.0,25.55,25.75,0.15,2673,2356,25.55
2023-02-14,3048972,79327344,26.1,25.75,26.05,0.3,1575,2356,26.0
2023-02-15,4847796,126461642,26.2,25.95,26.1,0.05,2427,2356,26.1
2023-02-16,8592082,226314226,26.45,26.1,26.25,0.15,2735,2356,26.1
2023-02-17,6095368,160720037,26.5,26.1,26.4,0.15,2172,2356,26.25
2023-02-20,7161906,190641004,26.75,26.3,26.65,0.25,2638,2356,26.4
2023-02-21,2404894,63805892,26.65,26.45,26.55,-0.1,1157,2356,26.65
2023-02-22,6756498,180337439,26.8,26.3,26.8,0.25,2603,2356,26.4
2023-02-23,3817300,102351572,26.95,26.7,26.8,0.0,1665,2356,26.8
2023-02-24,5770850,154056578,26.9,26.55,26.6,-0.2,1494,2356,26.8
2023-03-01,11922877,320989634,27.05,26.6,26.95,0.35,4796,2356,26.65
2023-03-02,6763880,181084234,26.95,26.55,26.75,-0.2,2441,2356,26.95
2023-03-03,2864279,76651478,26.95,26.7,26.7,-0.05,1732,2356,26.95
2023-03-06,9139549,247505839,27.2,26.8,27.15,0.45,3493,2356,26.9
2023-03-07,5203445,141447068,27.25,27.1,27.25,0.1,2116,2356,27.15
2023-03-08,3722147,101019660,27.25,27.05,27.2,-0.05,2169,2356,27.2
2023-03-09,5167690,139363086,27.15,26.75,27.0,-0.2,2563,2356,27.15
2023-03-10,10316427,279180962,27.25,26.7,27.05,0.05,3496,2356,26.7
2023-03-13,15774257,431395858,27.5,26.95,27.35,0.3,5145,2356,27.05
2023-03-14,9920835,270283256,27.45,26.9,27.15,-0.2,3169,2356,26.95
2023-03-15,9734266,264560431,27.4,26.95,27.2,0.05,3703,2356,26.95
2023-03-16,18365239,511276372,28.0,27.15,28.0,0.8,7563,2356,27.2
2023-03-17,23835500,669521571,28.2,27.75,28.15,0.15,5161,2356,28.0
2023-03-20,9847175,279397172,28.55,28.1,28.55,0.4,4569,2356,28.25
2023-03-21,21105723,615187343,29.5,28.5,29.4,0.85,9643,2356,28.55
2023-03-22,20827679,624740906,30.25,29.45,30.2,0.8,8800,2356,29.5
2023-03-23,25152919,777119902,31.2,30.0,31.15,0.95,10627,2356,30.15
2023-03-24,16565554,509566000,31.35,30.35,30.75,-0.4,7079,2356,31.2
2023-03-27,14592339,450249178,31.2,30.5,30.8,0.05,4999,2356,30.5
2023-03-28,13677743,421778961,31.05,30.45,30.95,0.15,5636,2356,30.7
2023-03-29,12258228,379465100,31.1,30.7,31.1,0.15,4795,2356,30.7
2023-03-30,16677552,525955161,31.8,30.9,31.8,0.7,7134,2356,31.35
2023-03-31,13368435,426237486,32.05,31.7,31.95,0.15,4735,2356,31.9
2023-04-06,29919822,992330975,33.9,31.85,33.9,1.95,13946,2356,32.35
2023-04-07,25208561,811970733,33.9,31.5,31.5,-2.4,19127,2356,33.9
2023-04-10,13415586,430306384,32.6,31.5,32.4,0.9,6093,2356,31.7
2023-04-11,13884156,455331820,33.3,32.4,32.7,0.3,6557,2356,32.4
2023-04-12,15753640,512658765,32.85,32.1,32.8,0.1,6446,2356,32.55
2023-04-13,15482088,500738763,32.75,32.05,32.35,-0.45,5174,2356,32.5
2023-04-14,15928156,501767198,32.15,31.2,31.6,-0.75,11383,2356,32.0
2023-04-17,9367706,296955129,32.0,31.2,31.7,0.1,3665,2356,31.2
2023-04-18,12706134,405222555,32.2,31.45,32.2,0.5,4455,2356,31.7
2023-04-19,20064562,659263689,33.6,32.15,32.5,0.3,10622,2356,32.2
2023-04-20,10209703,330032578,32.75,31.95,32.4,-0.1,3806,2356,32.05
2023-04-21,13352373,434383376,33.2,32.1,32.4,0.0,6115,2356,32.4
2023-04-24,13329501,438040216,33.15,31.9,33.15,0.75,5203,2356,31.95
2023-04-25,11231597,360364420,32.8,31.6,31.7,-1.45,6715,2356,32.7
2023-04-26,11125817,355783535,32.2,31.25,32.15,0.45,4566,2356,31.25
2023-04-27,10638963,348230843,32.95,32.1,32.95,0.8,4863,2356,32.1
2023-04-28,11869156,389349025,33.1,32.45,33.1,0.15,4670,2356,32.6
2023-05-02,7907945,260657641,33.2,32.75,33.05,-0.05,4704,2356,33.1
2023-05-03,4681342,153201970,32.95,32.45,32.85,-0.2,3241,2356,32.7
2023-05-04,10275924,331608127,32.6,31.9,32.35,-0.5,7099,2356,32.35
2023-05-05,6363436,203718168,32.3,31.75,32.1,-0.25,4133,2356,32.0
2023-05-08,8721813,285035089,33.0,32.25,32.75,0.65,5124,2356,32.5
2023-05-09,8260132,268801751,32.7,32.2,32.7,-0.05,4138,2356,32.2
2023-05-10,8425641,267498512,32.5,31.5,31.75,-0.95,7801,2356,32.25
2023-05-11,8680387,279055404,32.5,31.55,32.25,0.5,4075,2356,31.55
2023-05-12,19166756,628353020,33.3,32.1,32.75,0.5,8493,2356,32.25
2023-05-15,32449916,997770142,31.35,29.85,30.95,-1.8,15042,2356,31.0
2023-05-16,33537091,1009167888,31.0,29.1,30.8,-0.15,13804,2356,30.0
2023-05-17,21947513,666923874,30.95,29.65,30.45,-0.35,10137,2356,30.0
2023-05-18,17809710,542317290,30.75,30.2,30.55,0.1,6927,2356,30.4
2023-05-19,17231610,536464191,31.5,30.65,31.45,0.9,6642,2356,30.8
2023-05-22,22787297,698899811,31.35,30.3,30.55,-0.9,9963,2356,30.85
2023-05-23,18455917,568229315,31.0,30.4,31.0,0.45,8476,2356,30.5
2023-05-24,22910643,701214523,30.95,30.35,30.85,-0.15,9017,2356,30.95
2023-05-25,64724776,2103393681,33.25,31.25,33.25,2.4,23445,2356,31.35
2023-05-26,72741171,2436718190,34.45,32.3,34.1,0.85,30918,2356,33.6
2023-05-29,50642216,1881603659,37.5,34.45,37.5,3.4,11928,2356,34.5
2023-05-30,135126334,5111984269,39.0,36.5,37.7,0.2,57378,2356,38.3
2023-05-31,71136889,2620917174,38.25,36.05,36.85,-0.85,27502,2356,38.0
2023-06-01,44862841,1599967426,36.3,35.3,35.55,-1.3,19417,2356,36.2
2023-06-02,64088603,2345730508,37.6,35.85,36.25,0.7,30640,2356,35.95
2023-06-05,22272473,807996177,36.75,35.8,36.25,0.0,11139,2356,36.45
2023-06-06,26309876,943119945,36.3,35.3,36.2,-0.05,11232,2356,36.3
2023-06-07,24147959,882702321,36.9,36.0,36.75,0.55,10935,2356,36.3
2023-06-08,17035782,621041224,37.1,36.1,36.4,-0.35,8544,2356,36.8
2023-06-09,84420430,3216961736,38.9,36.85,38.65,2.25,35670,2356,37.1
2023-06-12,43813694,1656134804,39.0,36.85,36.95,-1.7,23341,2356,38.8
2023-06-13,129568958,5144745724,40.6,38.05,40.6,3.65,52047,2356,38.05
2023-06-14,184412547,7813614930,44.45,40.6,42.95,2.35,85258,2356,41.0
2023-06-15,158576153,7138259495,46.35,43.35,46.0,3.05,72853,2356,43.5
2023-06-16,138575751,6379805538,47.35,44.85,45.5,-0.5,57484,2356,46.2
2023-06-19,81787562,3632115104,45.25,43.7,44.1,-1.4,33132,2356,45.2
2023-06-20,77370427,3333755591,44.0,42.4,43.1,-1.0,31734,2356,44.0
2023-06-21,80459857,3589297467,45.25,43.55,44.75,1.65,38585,2356,43.7
2023-06-26,49289951,2181088121,45.15,43.4,44.35,-0.4,24115,2356,44.05
2023-06-27,38409001,1662722440,44.15,42.65,42.9,-1.45,19853,2356,43.85
2023-06-28,43500219,1889112610,44.45,42.6,42.7,-0.2,20915,2356,43.8
2023-06-29,26589903,1142689646,43.5,42.4,43.15,0.45,12783,2356,43.0
2023-06-30,38357420,1655965743,43.75,42.75,43.2,0.05,16339,2356,43.35
2023-07-03,79516841,3552398719,45.6,43.95,44.15,0.95,36417,2356,44.0
2023-07-04,179339477,8401741442,48.55,44.3,47.15,3.0,77779,2356,44.3
2023-07-05,96094566,4410151925,47.4,45.1,45.2,-1.95,48165,2356,47.3
2023-07-06,75559579,3416713354,46.6,44.0,44.7,-0.5,35600,2356,44.5
2023-07-07,63659212,2873123020,46.0,44.45,44.6,-0.1,31828,2356,44.5
2023-07-10,47640052,2133703865,45.8,44.25,44.4,-0.2,21913,2356,45.45
2023-07-11,111836132,5181663691,47.25,45.05,47.25,2.85,53577,2356,45.05
2023-07-12,194673494,9322729916,48.8,46.8,47.6,0.0,91089,2356,47.15
2023-07-13,166909086,8553834839,52.3,48.9,50.8,3.2,68970,2356,48.9
2023-07-14,217644729,11904493253,55.8,52.2,55.8,5.0,91523,2356,53.8
2023-07-17,108443011,6515917198,61.3,57.4,61.3,5.5,39544,2356,57.9
2023-07-18,298243826,19236186991,67.4,61.3,65.5,4.2,131488,2356,65.0
2023-07-19,279515419,18628384771,70.7,61.5,63.6,-1.9,132305,2356,69.0
2023-07-20,50155788,3105281177,63.6,60.4,62.3,-1.3,27648,2356,62.5
2023-07-21,44545368,2877712391,67.6,60.5,67.0,4.7,28486,2356,60.7
2023-07-24,56809653,3948803241,70.5,67.3,70.2,3.2,31928,2356,70.5
2023-07-25,51681692,3741183975,73.5,70.2,72.0,1.8,31128,2356,72.5
2023-07-26,34565586,2440840625,72.0,69.5,70.0,-2.0,22787,2356,72.0
2023-07-27,35296170,2464043730,72.0,68.0,68.1,-1.9,23088,2356,71.0
2023-07-28,42303058,2820981038,69.9,64.7,69.9,1.8,24775,2356,68.4
2023-07-31,46153669,3066754838,71.9,63.0,63.7,-6.2,31263,2356,71.9
2023-08-01,36507921,2276884493,65.0,60.0,64.1,0.4,21579,2356,63.0
2023-08-02,38988532,2319321998,63.8,57.7,58.9,-5.2,26117,2356,63.8
2023-08-04,119466040,6868259429,60.0,54.5,58.0,-0.9,61688,2356,56.0
2023-08-07,103146790,6373643919,63.8,58.2,63.8,5.8,55949,2356,59.2
2023-08-08,160608373,9986010572,64.9,60.2,60.9,-2.9,83152,2356,63.0
2023-08-09,78334223,4708725426,61.7,58.3,59.5,-1.4,44605,2356,58.8
2023-08-10,87778487,4985782296,58.7,55.0,57.5,-2.0,48017,2356,58.1
2023-08-11,71830871,4202977949,59.5,57.4,57.5,0.0,39044,2356,58.7
2023-08-14,105478642,5710580800,56.7,52.4,53.1,-4.4,56222,2356,53.5
2023-08-15,80760581,4488642404,57.0,54.5,54.6,1.5,39223,2356,55.8
2023-08-16,93859303,5296903727,58.0,53.7,58.0,3.4,49699,2356,54.0
2023-08-17,102730525,5980777787,59.9,56.6,59.5,1.5,51354,2356,56.8
2023-08-18,86158789,4996891031,60.2,55.7,57.0,-2.5,49773,2356,59.5
2023-08-21,53999896,3148054960,59.4,57.5,57.9,0.9,29425,2356,57.7
2023-08-22,68730921,4046554990,60.4,58.0,58.2,0.3,36455,2356,60.0
2023-08-23,41966733,2467471979,59.6,57.3,59.2,1.0,23876,2356,58.3
2023-08-24,95403523,5755900868,63.3,58.3,58.6,-0.6,57271,2356,62.9
2023-08-25,63585872,3571961230,57.6,55.3,55.8,-2.8,38911,2356,57.0
2023-08-28,34900921,1924307104,56.5,54.4,54.5,-1.3,20684,2356,56.2
2023-08-29,27646681,1511204481,55.7,53.7,54.6,0.1,16479,2356,55.3
2023-08-30,27553776,1522905207,56.3,54.5,54.6,0.0,16021,2356,55.8
2023-08-31,49967676,2750967181,56.4,53.3,56.4,1.8,20384,2356,54.3
2023-09-01,44326763,2416051129,56.3,53.5,53.6,-2.8,28153,2356,56.2
2023-09-04,21384479,1159767688,54.7,53.6,54.7,1.1,12520,2356,53.8
2023-09-05,25345579,1398106167,55.9,54.0,55.9,1.2,15463,2356,54.0
2023-09-06,36120330,2050723373,57.5,56.2,56.6,0.7,23395,2356,56.5
2023-09-07,24106916,1330723789,55.9,54.8,54.8,-1.8,14896,2356,55.7
2023-09-08,22583364,1224588072,55.1,53.8,54.0,-0.8,13817,2356,54.4
2023-09-11,48669020,2544328022,54.5,51.3,52.1,-1.9,25529,2356,54.5
2023-09-12,32119612,1659675115,52.5,51.2,51.3,-0.8,16634,2356,52.3
2023-09-13,24857919,1269071547,51.7,50.4,51.0,-0.3,13117,2356,51.7
2023-09-14,25156212,1313210043,52.8,51.6,52.1,1.1,13705,2356,51.9
2023-09-15,38463188,1995554449,52.6,51.1,52.1,0.0,13797,2356,52.5
2023-09-18,28648548,1433824002,51.1,49.5,49.65,-2.45,17993,2356,51.1
2023-09-19,30764054,1512106341,50.5,48.5,48.5,-1.15,16900,2356,49.75
2023-09-20,31869649,1557436223,49.85,48.2,48.5,0.0,17606,2356,48.4
2023-09-21,33064463,1585784598,48.7,47.2,48.3,-0.2,18053,2356,48.2
2023-09-22,20143891,983277873,49.35,47.65,49.35,1.05,12330,2356,48.1
2023-09-25,19062379,943116745,49.95,49.05,49.45,0.1,10740,2356,49.3
2023-09-26,15080135,740207623,49.85,48.5,48.7,-0.75,9301,2356,49.45
2023-09-27,12167602,592966486,49.05,48.2,48.85,0.15,6925,2356,48.75
2023-09-28,28667885,1418571879,50.6,48.9,49.0,0.15,14793,2356,49.2
2023-10-02,69533180,3619287553,53.1,49.7,52.2,3.2,36742,2356,49.95
2023-10-03,32363373,1657144155,52.3,50.4,50.6,-1.6,18698,2356,52.3
2023-10-04,25286073,1253771598,50.3,49.1,50.1,-0.5,14426,2356,49.35
2023-10-05,17685840,896971502,51.3,50.0,50.8,0.7,9233,2356,50.5
2023-10-06,17818642,912271606,52.0,50.7,51.1,0.3,9979,2356,51.1
2023-10-11,56502331,2791558272,52.1,48.1,48.1,-3.0,29793,2356,52.1
2023-10-12,29734820,1439306131,49.3,47.75,48.25,0.15,16938,2356,48.6
2023-10-13,46138202,2168344475,48.0,46.2,47.35,-0.9,27099,2356,47.75
2023-10-16,30628849,1416988004,47.3,45.7,46.2,-1.15,17734,2356,46.7
2023-10-17,40283424,1830234794,47.0,44.65,44.95,-1.25,22196,2356,46.85
2023-10-18,64335320,2839423078,45.1,43.2,44.5,-0.45,20792,2356,44.5
2023-10-19,33942003,1478314667,44.15,43.1,43.45,-1.05,18709,2356,43.75
2023-10-20,33711292,1459910104,44.35,42.25,43.65,0.2,17379,2356,43.05
2023-10-23,18039813,787144143,44.4,43.05,43.45,-0.2,10346,2356,43.15
2023-10-24,22391112,987442954,44.75,43.3,44.6,1.15,12383,2356,43.65
2023-10-25,17925501,793719194,44.95,43.9,43.95,-0.65,11093,2356,44.9
2023-10-26,19963179,862406729,43.75,42.55,43.0,-0.95,10141,2356,42.85
2023-10-27,14288493,617477689,43.7,42.8,42.95,-0.05,8034,2356,43.15
2023-10-30,30021766,1265370743,43.2,41.7,41.9,-1.05,14565,2356,42.75
2023-10-31,36266483,1484037276,42.45,40.05,40.2,-1.7,14892,2356,42.2
2023-11-01,20866415,846487906,40.85,40.2,40.7,0.5,11374,2356,40.5
2023-11-02,30923236,1297461648,42.9,41.35,41.75,1.05,16557,2356,41.95
2023-11-03,16305560,678094199,42.15,41.15,41.5,-0.25,9375,2356,42.05
2023-11-06,18204791,770910779,42.9,42.05,42.2,0.7,10287,2356,42.1
2023-11-07,20927024,875783046,42.6,41.05,42.0,-0.2,11139,2356,41.5
2023-11-08,40368574,1752450490,44.3,42.3,43.2,1.2,22670,2356,42.35
2023-11-09,15966666,682455626,43.1,42.45,42.65,-0.55,9347,2356,43.1
2023-11-10,11476963,487137855,42.9,42.15,42.5,-0.15,6165,2356,42.5
2023-11-13,31807518,1383627785,44.15,42.4,43.55,1.05,15736,2356,42.8
2023-11-14,17074236,739262419,44.05,42.9,43.4,-0.15,9449,2356,43.9
2023-11-15,34033504,1479544938,44.65,42.7,42.7,-0.7,17051,2356,44.25
2023-11-16,32719886,1416206874,44.2,42.6,43.05,0.35,16221,2356,43.2
2023-11-17,22562615,964838394,43.5,42.35,42.65,-0.4,11843,2356,43.3
2023-11-20,41005789,1716525463,42.45,41.3,42.15,-0.5,18110,2356,42.3
2023-11-21,77725829,3424393244,45.15,43.0,44.0,1.85,39205,2356,43.1
2023-11-22,48631945,2073425655,43.4,42.25,42.35,-1.65,26539,2356,43.2
2023-11-23,18967355,803899140,42.95,42.1,42.1,-0.25,11146,2356,42.45
2023-11-24,18702794,781209653,42.35,41.6,41.8,-0.3,10738,2356,42.2
2023-11-27,26887298,1101687935,41.9,40.5,40.85,-0.95,15435,2356,41.9
2023-11-28,21301779,881871063,41.75,40.9,41.65,0.8,11436,2356,41.1
2023-11-29,22197222,926898245,42.25,41.3,41.6,-0.05,12003,2356,41.5
2023-11-30,73000308,3080411146,42.4,41.05,42.4,0.8,12897,2356,41.6
2023-12-01,18146500,761501989,42.5,41.55,41.95,-0.45,10153,2356,42.5
2023-12-04,14927500,624143893,42.4,41.6,41.6,-0.35,7973,2356,42.25
2023-12-05,20305627,826979379,41.3,40.55,40.7,-0.9,11728,2356,41.3
2023-12-06,20496326,854625509,42.25,41.25,41.5,0.8,10524,2356,41.25
2023-12-07,18734767,782241833,42.2,41.0,41.7,0.2,9522,2356,41.5
2023-12-08,29469755,1254530324,43.5,42.1,42.3,0.6,14914,2356,43.2
2023-12-11,22208570,944931712,43.3,42.1,42.45,0.15,9827,2356,42.65
2023-12-12,20481050,874669943,42.9,42.45,42.75,0.3,10343,2356,42.75
2023-12-13,34960164,1643127708,47.0,47.0,47.0,4.25,12497,2356,47.0
2023-12-14,26338596,1361705036,51.7,51.7,51.7,4.7,10541,2356,51.7
2023-12-15,391895354,20066613632,54.9,47.9,48.4,-3.3,157068,2356,53.7
2023-12-18,114815157,5396692259,47.8,46.5,46.65,-1.75,56168,2356,47.5
2023-12-19,89549286,4107310837,47.3,45.05,45.05,-1.6,42936,2356,46.8
2023-12-20,200187249,9594656154,49.55,45.3,49.0,3.95,95503,2356,45.55
2023-12-21,184338964,9120815546,50.8,47.2,50.0,1.0,87021,2356,47.5
2023-12-22,122237352,6198068824,51.5,50.0,50.6,0.6,59271,2356,50.9
2023-12-25,125821785,6493709223,52.9,50.1,51.6,1.0,63617,2356,50.6
2023-12-26,73599434,3794945661,52.2,51.1,51.3,-0.3,35044,2356,52.0
2023-12-27,78997055,4087365989,52.3,50.9,51.9,0.6,37991,2356,51.3
2023-12-28,108304763,5704794806,53.5,51.9,52.6,0.7,50494,2356,52.3
2023-12-29,75989504,3999652646,53.4,51.8,52.8,0.2,37662,2356,52.8
2024-01-02,61333854,3164325581,53.0,51.0,51.1,-1.7,30569,2356,53.0
2024-01-03,38685914,1964851850,51.4,50.0,50.8,-0.3,19695,2356,50.5
2024-01-04,33698194,1710660148,51.2,50.3,51.0,0.2,17388,2356,50.7
2024-01-05,48325358,2481748764,52.3,50.6,50.8,-0.2,24998,2356,51.5
2024-01-08,41599278,2147469333,52.3,51.2,51.2,0.4,19347,2356,51.4
2024-01-09,61243104,3137557958,52.7,50.2,50.2,-1.0,29817,2356,52.3
2024-01-10,49501395,2456611051,50.9,49.0,49.05,-1.15,25529,2356,49.8
2024-01-11,42200889,2115467795,51.0,49.05,51.0,1.95,22321,2356,49.45
2024-01-12,49722668,2549940175,51.9,50.4,51.1,0.1,24996,2356,50.7
2024-01-15,41010270,2090314291,51.9,50.4,50.5,-0.6,20064,2356,51.8
2024-01-16,26740939,1348404190,50.8,50.1,50.1,-0.4,13367,2356,50.2
2024-01-17,43887537,2174653628,50.5,49.0,49.05,-1.05,23802,2356,50.2
2024-01-18,24797794,1220312284,49.9,48.6,49.25,0.2,12847,2356,49.3
2024-01-19,97530091,5003218200,52.4,49.65,51.9,2.65,47622,2356,49.9
2024-01-22,250553527,13785101860,56.8,53.2,56.0,4.1,122203,2356,53.3
2024-01-23,161966377,9168746224,57.7,55.6,57.2,1.2,81781,2356,56.6
2024-01-24,98380770,5628553939,58.2,56.3,56.5,-0.7,51066,2356,57.7
2024-01-25,82912208,4716518229,58.0,56.0,56.2,-0.3,43951,2356,57.5
2024-01-26,59825765,3331468721,56.7,55.1,55.4,-0.8,32717,2356,56.0
2024-01-29,46735151,2607989176,56.3,55.4,55.8,0.4,22943,2356,55.6
2024-01-30,61989050,3471595327,56.7,55.1,56.1,0.3,29440,2356,56.5
2024-01-31,41597134,2297760988,55.9,54.9,54.9,-1.2,23790,2356,55.7
2024-02-01,38609105,2114243850,55.3,54.0,55.3,0.4,19828,2356,54.6
2024-02-02,46413019,2607154782,56.5,55.7,56.3,1.0,24411,2356,55.8
2024-02-05,42768536,2416448283,57.0,55.8,56.5,0.2,23839,2356,56.2
2024-02-15,109346958,6360909201,59.6,57.1,58.0,1.5,55795,2356,59.0
2024-02-16,68655668,3979678977,58.5,57.2,58.1,0.1,33335,2356,58.0
2024-02-19,42864784,2450464616,58.3,56.5,56.5,-1.6,26830,2356,57.9
2024-02-20,30040355,1703765817,57.3,56.1,57.0,0.5,17583,2356,56.7
2024-02-21,27201245,1540691708,57.2,56.2,56.6,-0.4,14755,2356,56.2
2024-02-22,71330352,4064210483,58.5,56.3,56.3,-0.3,35034,2356,57.9
2024-02-23,58259027,3275863202,57.4,55.0,55.1,-1.2,31933,2356,57.1
2024-02-26,23682669,1304185575,55.7,54.7,55.0,-0.1,14741,2356,55.1
2024-02-27,35711681,1933198876,55.6,52.8,54.1,-0.9,20979,2356,55.3
2024-02-29,23439708,1284335631,55.4,53.9,55.0,0.9,11197,2356,54.3
2024-03-01,27710317,1549016858,56.3,55.5,56.0,1.0,14808,2356,55.6
2024-03-04,33297623,1874080670,57.2,55.5,55.6,-0.4,18518,2356,56.8
2024-03-05,33396442,1882917959,56.8,55.6,56.5,0.9,17588,2356,56.0
2024-03-06,27960116,1574907781,56.7,55.7,56.6,0.1,16996,2356,56.0
2024-03-07,31472131,1752635543,57.0,55.1,55.1,-1.5,17404,2356,56.9
2024-03-08,29011743,1585782028,55.8,53.6,54.2,-0.9,16727,2356,55.2
2024-03-11,30210688,1672275925,56.3,54.3,54.9,0.7,17022,2356,54.3
2024-03-12,16562157,915920484,55.6,54.7,55.6,0.7,9807,2356,55.1
2024-03-13,66927535,3765109724,57.6,54.7,54.7,-0.9,30973,2356,56.5
2024-03-14,48424401,2668999366,56.2,54.3,54.9,0.2,23245,2356,55.4
2024-03-15,56652869,3098434996,55.8,54.1,54.1,-0.8,20831,2356,55.0
2024-03-18,33881643,1857745574,55.8,53.5,55.7,1.6,16436,2356,54.3
2024-03-19,73499586,4119711342,56.7,55.3,56.1,0.4,28649,2356,55.8
2024-03-20,71976678,3986378961,56.8,54.1,54.3,-1.8,38448,2356,56.6
2024-03-21,48709914,2707844487,56.3,54.5,56.2,1.9,24567,2356,54.9
2024-03-22,320575099,19479838040,61.8,57.3,61.1,4.9,132767,2356,57.5
2024-03-25,142164075,8446257429,61.4,58.6,59.0,-2.1,70760,2356,61.4
2024-03-26,98455890,5681972567,59.4,56.4,57.3,-1.7,51012,2356,58.8
2024-03-27,51500826,2994038372,58.7,57.6,58.7,1.4,27417,2356,57.9
2024-03-28,45756229,2659161494,58.9,57.6,58.5,-0.2,23270,2356,58.7
2024-03-29,212151899,12814772210,61.5,58.7,59.7,1.2,98218,2356,59.3
2024-04-01,61196246,3639604485,60.5,58.8,58.8,-0.9,36950,2356,60.3
2024-04-02,37430103,2209051203,59.5,58.6,59.0,0.2,18865,2356,58.9
2024-04-03,45999043,2725529105,60.1,58.0,59.2,0.2,21897,2356,58.2
2024-04-08,40043531,2346561590,59.5,58.1,58.3,-0.9,24840,2356,59.4
2024-04-09,35508881,2067700925,59.3,57.8,57.8,-0.5,19354,2356,58.9
2024-04-10,24678115,1432779198,58.7,57.6,57.8,0.0,13578,2356,58.3
2024-04-11,23691784,1366851329,58.2,57.3,58.0,0.2,14420,2356,57.8
2024-04-12,23903313,1377678049,58.1,57.4,57.4,-0.6,14142,2356,58.1
2024-04-15,31113635,1753190958,57.2,56.0,56.0,-1.4,20235,2356,57.1
2024-04-16,45786695,2485085105,55.9,53.3,53.9,-2.1,26446,2356,55.5
2024-04-17,26517669,1436171514,54.6,53.7,54.1,0.2,15604,2356,54.2
2024-04-18,27583104,1485116371,54.4,53.0,53.7,-0.4,14417,2356,53.6
2024-04-19,45033514,2395202770,54.4,51.3,53.0,-0.7,23992,2356,53.5
2024-04-22,32332609,1663360964,52.7,50.7,50.8,-2.2,18698,2356,52.5
2024-04-23,14973510,771974454,52.1,51.0,51.4,0.6,7833,2356,51.8
2024-04-24,33913000,1826829244,54.9,52.4,54.3,2.9,18424,2356,52.5
2024-04-25,17164444,915330707,53.8,53.1,53.2,-1.1,10712,2356,53.5
2024-04-26,16831865,904845459,54.4,53.3,53.3,0.1,9379,2356,54.4
2024-04-29,13973693,752398132,54.2,53.5,53.8,0.5,8266,2356,54.0
2024-04-30,12513515,667627538,53.7,53.0,53.1,-0.7,6359,2356,53.6
2024-05-02,17262805,904896103,53.1,51.8,52.5,-0.6,9758,2356,52.2
2024-05-03,11739730,615169543,53.3,52.0,52.0,-0.5,8263,2356,53.0
2024-05-06,15412464,809677662,53.1,52.2,52.4,0.4,7945,2356,52.5
2024-05-07,16595924,872303235,53.1,51.8,52.8,0.4,8215,2356,52.7
2024-05-08,55489106,3046439816,56.0,53.9,54.4,1.6,28905,2356,54.0
2024-05-09,16349832,890014975,54.9,53.8,54.6,0.2,13097,2356,54.0
2024-05-10,67857955,3808673129,57.2,53.8,57.0,2.4,33122,2356,55.1
2024-05-13,33728708,1913692823,57.3,56.2,56.8,-0.2,23182,2356,57.0
2024-05-14,73767470,4270312303,59.0,56.4,59.0,2.2,37207,2356,56.8
2024-05-15,102601314,5670124327,56.0,54.5,54.5,-4.5,66993,2356,56.0
2024-05-16,81132666,4347200088,55.0,53.0,53.0,-1.5,48527,2356,55.0
2024-05-17,35913955,1919169870,53.9,53.0,53.5,0.5,17798,2356,53.0
2024-05-20,32144397,1729746900,54.5,53.1,53.4,-0.1,15757,2356,53.8
2024-05-21,26327695,1429311569,54.7,53.6,54.5,1.1,14566,2356,53.8
2024-05-22,60803235,3377176257,56.4,54.4,55.7,1.2,32326,2356,54.8
2024-05-23,45419631,2464360577,55.6,53.7,54.0,-1.7,27039,2356,55.5
2024-05-24,23794853,1299742541,55.0,53.7,55.0,1.0,12619,2356,53.8
2024-05-27,39088926,2180341484,56.2,55.3,56.0,1.0,21086,2356,55.6
2024-05-28,50707233,2852034708,57.1,55.3,56.4,0.4,27329,2356,56.4
2024-05-29,26114963,1461414904,56.8,55.6,55.8,-0.6,17490,2356,56.7
2024-05-30,28155895,1534902348,55.2,54.1,54.4,-1.4,17249,2356,55.0
2024-05-31,45827354,2476840080,55.1,53.5,53.5,-0.9,20749,2356,54.6
2024-06-03,56906111,3146751737,56.2,54.6,54.7,1.2,30965,2356,54.6
2024-06-04,26906856,1469533799,55.5,54.2,54.4,-0.3,14863,2356,54.9
2024-06-05,23529959,1277896024,55.2,53.7,53.9,-0.5,12987,2356,54.6
2024-06-06,19086110,1030422120,54.7,53.7,53.7,-0.2,10949,2356,54.5
2024-06-07,28703710,1524265347,53.8,52.7,53.0,-0.7,18101,2356,53.8
2024-06-11,49135137,2629915199,54.8,52.9,52.9,-0.1,24751,2356,53.5
2024-06-12,41492385,2227876655,54.5,53.0,53.7,0.8,20501,2356,53.8
2024-06-13,75363429,4197129848,56.4,54.1,55.7,2.0,38756,2356,54.4
2024-06-14,24549161,1357583134,56.1,55.0,55.4,-0.3,18270,2356,56.0
2024-06-17,22940220,1253030326,55.4,54.3,54.5,-0.9,11744,2356,55.4
2024-06-18,12632319,692451611,55.3,54.4,54.8,0.3,7352,2356,54.9
2024-06-19,53558690,2997186208,56.6,54.7,56.2,1.4,28669,2356,55.2
2024-06-20,62600711,3564439703,57.7,56.1,57.2,1.0,34695,2356,56.9
2024-06-21,30456944,1720313084,57.0,55.8,56.6,-0.6,19627,2356,57.0
2024-06-24,34171517,1941968632,57.2,56.4,57.0,0.4,16490,2356,57.1
2024-06-25,29069261,1628425061,57.0,55.0,56.7,-0.3,17840,2356,57.0
2024-06-26,20726710,1169894052,57.2,55.8,56.3,-0.4,10722,2356,56.7
2024-06-27,16961166,941246911,56.0,55.0,55.6,-0.7,9525,2356,55.7
2024-06-28,12654269,707984083,56.2,55.6,55.8,0.2,6625,2356,55.8
2024-07-01,13413912,754929851,56.7,55.6,56.2,0.4,7084,2356,56.2
2024-07-02,14072335,782013702,56.1,55.2,55.6,-0.6,10630,2356,56.1
2024-07-03,19617897,1090418990,56.4,55.1,55.3,-0.3,10644,2356,56.2
2024-07-04,22274374,1250655934,56.6,55.7,56.1,0.8,10677,2356,55.9
2024-07-05,65343040,3747868775,58.7,56.4,56.4,0.3,30631,2356,56.8
2024-07-08,25867602,1457989631,56.9,55.7,56.3,-0.1,12786,2356,56.5
2024-07-09,24420532,1363652225,56.6,55.1,56.0,-0.3,12709,2356,56.5
2024-07-10,46023411,2613385792,57.3,55.4,57.0,1.0,19114,2356,55.9
2024-07-11,117933890,6841829760,59.6,56.0,58.1,0.0,50454,2356,58.3
2024-07-12,110127502,6464721100,59.7,56.7,59.0,0.9,45866,2356,57.5
2024-07-15,133734723,7884284098,61.8,56.6,56.6,-2.4,67888,2356,60.0
2024-07-16,46142743,2593595151,57.1,55.4,56.1,-0.5,23808,2356,57.1
2024-07-17,52915224,3028686892,58.2,56.4,56.4,0.3,25576,2356,56.7
2024-07-18,63372935,3480343976,55.8,54.4,54.6,-1.8,34174,2356,55.2
2024-07-19,38170303,2082536475,55.5,53.6,53.6,-1.0,20629,2356,54.9
2024-07-22,43084965,2221541182,53.5,50.8,51.4,-2.2,22906,2356,53.4
2024-07-23,20860494,1081277822,52.4,51.3,51.6,0.2,11896,2356,52.0
2024-07-26,34082851,1699311517,50.6,49.5,49.5,-2.1,21226,2356,50.4
2024-07-29,50974555,2461732745,50.7,47.0,47.0,-2.5,28352,2356,50.5
2024-07-30,25620149,1194536391,47.45,45.9,47.3,0.3,14242,2356,47.0
2024-07-31,25884287,1238403977,48.8,46.5,47.7,0.4,13227,2356,46.85
2024-08-01,29884849,1478897885,49.9,48.85,49.65,1.95,16441,2356,49.0
2024-08-02,31084420,1498500464,48.85,47.5,47.8,-1.85,17807,2356,48.05
2024-08-05,45136311,1986170895,45.5,43.05,43.35,-4.45,23679,2356,45.5
2024-08-06,40478872,1749032785,45.4,41.2,42.95,-0.4,20579,2356,45.1
2024-08-07,40629353,1802236866,45.2,42.85,44.7,1.75,19184,2356,43.05
2024-08-08,36104321,1609237690,45.2,43.9,44.2,-0.5,17558,2356,44.6
2024-08-09,36210963,1679098945,47.15,45.45,46.15,1.95,18880,2356,45.55
2024-08-12,26271270,1256639946,48.35,46.8,48.3,2.15,14756,2356,46.95
2024-08-13,24469197,1176387323,48.95,47.55,47.8,-0.5,12814,2356,48.9
2024-08-14,47174257,2253650055,49.1,47.0,47.7,-0.1,24186,2356,49.1
2024-08-15,16509341,786651350,48.05,47.35,47.35,-0.35,8935,2356,47.8
2024-08-16,15285883,731347964,48.15,47.55,47.55,0.2,8517,2356,48.0
2024-08-19,12599769,597307091,47.8,47.1,47.1,-0.45,8112,2356,47.65
2024-08-20,53660706,2463525893,46.5,44.8,45.9,-1.2,26780,2356,44.8
2024-08-21,32176262,1477888558,46.7,45.35,45.35,-0.55,17199,2356,45.65
2024-08-22,16322949,740806605,45.7,45.15,45.4,0.05,11042,2356,45.55
2024-08-23,15122213,680676298,45.6,44.65,45.5,0.1,9571,2356,45.0
2024-08-26,20073745,929205034,46.75,45.8,46.0,0.5,9582,2356,45.9
2024-08-27,15357057,704908678,46.25,45.5,46.0,0.0,7692,2356,46.0
2024-08-28,13839683,638765500,46.6,45.65,46.6,0.6,7987,2356,46.2
2024-08-29,19779561,902887244,46.1,45.25,45.8,-0.8,10144,2356,45.8
2024-08-30,14471439,661308530,46.1,45.55,45.6,-0.2,6952,2356,45.9
2024-09-02,9557958,436186023,45.95,45.45,45.45,-0.15,4908,2356,45.9
2024-09-03,16107503,723673275,45.4,44.6,44.6,-0.85,10442,2356,45.35
2024-09-04,28457809,1205251613,42.9,41.25,42.25,-2.35,16533,2356,42.6
2024-09-05,15384884,652107429,43.2,41.8,41.8,-0.45,8444,2356,42.75
2024-09-06,17856382,766075028,43.35,41.8,43.3,1.5,9079,2356,42.35
2024-09-09,21578598,909964587,42.6,41.65,42.25,-1.05,11015,2356,41.65
2024-09-10,18435617,771631467,42.8,41.25,41.45,-0.8,9755,2356,42.8
2024-09-11,9226188,383758104,41.9,41.35,41.35,-0.1,5763,2356,41.65
2024-09-12,16865456,722492760,43.25,42.55,42.85,1.5,8510,2356,42.8
2024-09-13,8357247,358606452,43.15,42.6,43.05,0.2,5493,2356,42.85
2024-09-16,7331164,318347907,43.6,43.1,43.55,0.5,4329,2356,43.35
2024-09-18,12927030,555088706,43.7,42.5,42.5,-1.05,8345,2356,43.6
2024-09-19,12983173,562107590,43.85,42.5,43.85,1.35,6878,2356,42.8
2024-09-20,19316136,841189844,44.25,43.2,43.2,-0.65,8268,2356,44.1
2024-09-23,9313654,406599576,43.85,43.4,43.7,0.5,4289,2356,43.7
2024-09-24,15606613,673056400,43.65,42.8,43.3,-0.4,7711,2356,43.65
2024-09-25,20243730,891774585,44.35,43.8,43.85,0.55,9630,2356,43.95
2024-09-26,17773069,779836831,44.5,43.4,43.65,-0.2,9230,2356,44.3
2024-09-27,16362576,726339228,44.8,44.05,44.35,0.7,8960,2356,44.1
2024-09-30,20953594,920061855,44.65,43.1,43.1,-1.25,9398,2356,44.0
2024-10-01,15410700,680832705,44.8,43.5,44.4,1.3,8145,2356,43.5
2024-10-04,18198908,802016358,44.7,43.6,43.8,-0.6,9014,2356,44.35
2024-10-07,26480857,1138622961,43.75,42.7,43.2,-0.6,14310,2356,43.75
2024-10-08,22591310,958408196,42.85,42.2,42.2,-1.0,11894,2356,42.75
2024-10-09,61386883,2736475608,45.4,42.95,44.2,2.0,31123,2356,43.0
2024-10-11,27741361,1238270612,45.1,44.3,44.4,0.2,17410,2356,44.5
2024-10-14,12321814,546245265,44.75,44.05,44.2,-0.2,6986,2356,44.5
2024-10-15,24194782,1088493545,45.6,44.4,44.9,0.7,13009,2356,44.55
2024-10-16,15843775,705646646,45.05,43.9,44.8,-0.1,9467,2356,44.25
2024-10-17,15840404,715723259,45.5,44.85,45.5,0.7,8083,2356,45.0
2024-10-18,30372167,1392273763,46.6,45.15,45.5,0.0,16406,2356,46.2
2024-10-21,13910288,633544186,46.0,45.3,45.6,0.1,8861,2356,46.0
2024-10-22,18394022,845662796,46.35,45.55,46.0,0.4,9624,2356,45.7
2024-10-23,12511381,571652249,46.1,45.4,45.85,-0.15,7450,2356,46.05
2024-10-24,13754170,626031062,45.95,45.2,45.2,-0.65,6684,2356,45.55
2024-10-25,18431533,848668623,46.35,45.3,46.3,1.1,10637,2356,45.6
2024-10-28,18917230,862198566,46.6,45.1,45.4,-0.9,10255,2356,46.5
2024-10-29,13787812,623750913,45.7,44.75,45.65,0.25,7347,2356,45.1
2024-10-30,13395152,611726044,46.2,45.3,45.4,-0.25,6461,2356,45.95
2024-11-01,16181773,731767319,45.8,44.2,45.7,0.3,8887,2356,44.5
2024-11-04,15235934,697181667,46.05,45.25,45.95,0.25,6228,2356,45.7
2024-11-05,111898913,5447940467,50.3,45.6,50.2,4.25,48701,2356,45.6
2024-11-06,165264884,8655541336,53.8,51.4,52.1,1.9,84643,2356,52.0
2024-11-07,79167552,4157450691,53.4,51.6,52.5,0.4,46824,2356,52.0
2024-11-08,76417976,4048645046,54.1,51.8,52.4,-0.1,38979,2356,53.3
2024-11-11,109993785,5928777647,54.8,52.7,54.1,1.7,50041,2356,53.2
2024-11-12,107418471,5514015782,52.3,50.5,50.6,-3.5,55896,2356,51.6
2024-11-13,37484630,1908297668,51.5,50.2,51.0,0.4,18111,2356,50.3
2024-11-14,32359882,1623853292,51.1,49.5,50.0,-1.0,16690,2356,50.8
2024-11-15,24059314,1198897534,50.6,49.25,49.25,-0.75,13082,2356,50.6
2024-11-18,44638124,2225313477,51.1,48.9,48.9,-0.35,22762,2356,49.3
2024-11-19,25299012,1251957040,50.2,49.0,49.2,0.3,14579,2356,49.0
2024-11-20,48477593,2411186472,50.7,49.0,49.0,-0.2,23288,2356,50.0
2024-11-21,62954126,3197876410,52.0,48.7,51.0,2.0,32110,2356,49.0
2024-11-22,47105436,2420326942,52.2,50.7,50.7,-0.3,25315,2356,51.9
2024-11-25,31323748,1587397846,51.3,50.2,50.2,-0.5,14624,2356,50.9
2024-11-26,29154079,1481581218,51.4,49.6,50.8,0.6,14365,2356,49.85
2024-11-27,31936770,1592052555,51.2,48.85,48.85,-1.95,19611,2356,50.7
2024-11-28,24525459,1189783529,49.3,48.0,48.2,-0.65,13658,2356,49.0
2024-11-29,17102482,831424202,49.4,47.8,49.0,0.8,8912,2356,47.85
2024-12-02,15671682,770296089,49.7,48.75,48.95,-0.05,9544,2356,49.5
2024-12-03,15307861,762423175,50.2,49.4,50.0,1.05,8647,2356,49.4
2024-12-04,13331865,670104386,50.7,49.8,50.6,0.6,7874,2356,50.1
2024-12-05,14552053,735574753,51.1,50.2,50.2,-0.4,7940,2356,50.9
2024-12-06,9187061,463454081,50.9,50.2,50.5,0.3,6056,2356,50.4
2024-12-09,12947853,655990438,51.2,50.3,50.3,-0.2,7667,2356,50.5
2024-12-10,16086403,801242242,51.0,49.3,49.4,-0.9,10002,2356,50.8
2024-12-11,12530298,623267945,50.3,48.9,49.6,0.2,6991,2356,48.9
2024-12-12,30417938,1544271315,51.4,49.55,51.0,1.4,15535,2356,50.0
2024-12-13,21442260,1055020272,50.7,49.55,49.6,-1.4,10210,2356,50.6
2024-12-16,16789900,809349245,50.0,48.5,48.5,-1.1,7567,2356,50.0
2024-12-17,12272799,605952557,49.65,48.6,49.65,1.15,5852,2356,48.6
2024-12-18,10890564,534584562,49.6,48.65,49.15,-0.5,6645,2356,49.4
2024-12-19,15150427,747264468,50.2,47.9,50.2,1.05,7745,2356,48.0
2024-12-20,27886755,1387607807,50.5,49.45,49.45,-0.75,11420,2356,49.75
2024-12-23,19038988,959409820,50.9,50.0,50.2,0.75,8211,2356,50.0
2024-12-24,12300891,619670149,50.8,50.1,50.4,0.2,5502,2356,50.7
2024-12-25,10717200,540027124,50.8,50.1,50.5,0.1,4879,2356,50.8
2024-12-26,14373682,728125041,51.3,50.2,50.5,0.0,7053,2356,50.5
2024-12-27,11054839,560691130,51.2,50.2,50.8,0.3,5775,2356,50.9
2024-12-30,6693257,338191239,51.0,50.3,50.4,-0.4,3636,2356,51.0
2024-12-31,6817002,341309330,50.4,49.85,50.1,-0.3,5101,2356,50.1
2025-01-02,20766446,1057958299,51.6,50.1,50.7,0.6,10979,2356,50.3
2025-01-03,38185191,1976160174,52.5,50.6,52.0,1.3,19562,2356,51.3
2025-01-06,42132161,2224140685,53.7,52.2,52.5,0.5,23749,2356,52.9
2025-01-07,25739040,1346204334,53.3,51.7,51.7,-0.8,13393,2356,53.1
2025-01-08,17822620,933670597,52.7,51.6,52.6,0.9,9838,2356,51.6
2025-01-09,19585500,1006975524,52.4,50.8,50.8,-1.8,12730,2356,52.1
2025-01-10,19837457,1007348639,51.7,50.1,50.3,-0.5,12128,2356,51.5
2025-01-13,25282660,1273044635,51.0,49.9,50.0,-0.3,12106,2356,50.3
2025-01-14,29095971,1442913619,50.7,48.85,49.9,-0.1,16953,2356,50.7
2025-01-15,16298372,802052792,50.4,48.6,48.6,-1.3,9973,2356,50.2
2025-01-16,9855766,486453331,49.9,49.1,49.2,0.6,5670,2356,49.55
2025-01-17,9057894,445965248,49.45,48.95,49.4,0.2,5231,2356,49.45
2025-01-20,9468831,471897096,50.2,49.4,49.95,0.55,5161,2356,49.7
2025-01-21,14825654,744089637,50.7,49.9,49.9,-0.05,7521,2356,50.3
2025-01-22,18918962,933449115,50.3,48.85,49.3,-0.6,10750,2356,50.1
2025-02-03,27657906,1263983417,46.4,45.1,46.0,-3.3,17159,2356,46.3
2025-02-04,24981578,1134460365,46.75,44.5,44.5,-1.5,14216,2356,46.75
2025-02-05,9283730,421633261,45.65,45.0,45.45,0.95,6002,2356,45.0
2025-02-06,8680772,396435837,46.0,45.4,45.7,0.25,4868,2356,46.0
2025-02-07,12777937,585553495,46.15,45.5,45.8,0.1,6933,2356,45.8
2025-02-10,14206283,639857222,45.65,44.8,44.9,-0.9,8527,2356,45.6
2025-02-11,9277221,421349422,45.75,45.05,45.5,0.6,5234,2356,45.1
2025-02-12,17636094,815662110,46.45,45.6,46.45,0.95,8770,2356,45.8
2025-02-13,42218091,2045873055,49.75,47.05,48.0,1.55,23194,2356,47.05
2025-02-14,16724754,790626040,47.75,47.0,47.45,-0.55,10579,2356,47.6
2025-02-17,13059177,624559765,48.05,47.4,47.95,0.5,7516,2356,47.9
2025-02-18,26961655,1312434061,49.9,48.1,48.5,0.55,13513,2356,49.9
2025-02-19,35324193,1677957733,48.55,46.95,46.95,-1.55,23571,2356,48.4
2025-02-20,17388787,814920556,47.35,46.6,46.6,-0.35,9988,2356,47.05
2025-02-21,29866295,1429084636,48.5,46.65,48.5,1.9,13905,2356,46.65
2025-02-24,17808902,855760530,48.65,47.65,48.5,0.0,10358,2356,47.85
2025-02-25,13371209,639980031,48.5,47.5,47.7,-0.8,7505,2356,48.5
2025-02-26,10816929,515159891,47.95,47.05,47.95,0.25,5879,2356,47.35
2025-02-27,22521125,1057748245,48.0,46.5,46.5,-1.45,11126,2356,48.0
2025-03-03,12183778,564027273,46.75,45.85,46.35,-0.15,7090,2356,45.95
2025-03-04,14030928,658696582,47.65,45.6,47.5,1.15,7924,2356,45.95
2025-03-05,7133358,339473934,47.8,47.25,47.65,0.15,4187,2356,47.55
2025-03-06,11409743,539385924,47.9,46.95,46.95,-0.7,6391,2356,47.9
2025-03-07,60227425,2939718411,49.35,47.2,48.95,2.0,28139,2356,47.25
2025-03-10,22393819,1083408586,49.2,48.0,48.1,-0.85,14772,2356,49.0
2025-03-11,21042652,1006663059,48.3,47.05,47.8,-0.3,10183,2356,47.3
2025-03-12,31717786,1486938720,47.65,46.65,46.65,-1.15,18435,2356,47.65
2025-03-13,12884450,602445780,47.45,46.0,46.0,-0.65,7628,2356,47.2
2025-03-14,11210800,518173361,46.75,45.8,46.5,0.5,6841,2356,46.45
2025-03-17,6746805,316267797,47.15,46.55,46.65,0.15,4520,2356,46.85
2025-03-18,11785965,559546003,47.7,47.1,47.6,0.95,7040,2356,47.1
2025-03-19,10763331,510460873,47.8,47.1,47.1,-0.5,6052,2356,47.8
2025-03-20,5670255,268465558,47.8,47.05,47.25,0.15,3349,2356,47.75
2025-03-21,9125272,432099195,47.5,46.9,47.5,0.25,4326,2356,47.3
2025-03-24,16670905,773564718,47.5,46.0,46.0,-1.5,10729,2356,47.35
2025-03-25,11725154,538195243,46.55,45.55,45.55,-0.45,7680,2356,46.4
2025-03-26,8741118,400626175,46.1,45.55,45.85,0.3,4117,2356,45.6
2025-03-27,19202276,856705829,45.5,44.2,44.7,-1.15,11657,2356,45.1
2025-03-28,18849660,824723692,44.2,43.35,44.05,-0.65,10834,2356,44.15
2025-03-31,26738503,1121939201,42.6,41.35,42.2,-1.85,14544,2356,41.8
2025-04-01,15505557,660267009,43.35,41.8,43.3,1.1,9193,2356,42.45
2025-04-02,11836753,507931485,43.4,42.6,42.85,-0.45,6553,2356,42.85
2025-04-07,4514005,174240332,38.6,38.6,38.6,-4.25,2612,2356,38.6
2025-04-08,48742846,1717886299,36.75,34.75,36.7,-1.9,21963,2356,34.75
2025-04-09,47488198,1691804733,37.7,33.3,33.9,-2.8,25122,2356,36.45
2025-04-10,4712733,175549238,37.25,37.25,37.25,3.35,1907,2356,37.25
2025-04-11,31446492,1223692473,40.0,35.8,40.0,2.75,18204,2356,37.1
2025-04-14,30057400,1263661356,43.5,41.15,41.65,1.65,16293,2356,41.15
2025-04-15,17955458,744123096,41.95,40.9,41.35,-0.3,13464,2356,41.95
2025-04-16,13270767,538930498,40.9,40.3,40.4,-0.95,8764,2356,40.8
2025-04-17,10583427,427561812,40.95,39.85,40.4,0.0,5778,2356,40.05
2025-04-18,12604978,504637342,40.5,39.8,39.8,-0.6,7147,2356,40.05
2025-04-21,9477131,377872868,40.15,39.65,39.85,0.05,5476,2356,39.9
2025-04-22,10051087,397250511,40.0,39.2,39.35,-0.5,6126,2356,39.5
2025-04-23,7426518,298742086,40.5,40.05,40.3,0.95,4739,2356,40.1
2025-04-24,7973855,319528236,40.4,39.75,39.9,-0.4,4480,2356,40.2
2025-04-25,8005156,324082225,41.0,40.2,40.2,0.3,4950,2356,40.45
2025-04-28,8623270,349184456,40.8,40.1,40.7,0.5,4890,2356,40.1
2025-04-29,14764062,613566345,42.1,40.9,41.5,0.8,8942,2356,40.9
2025-04-30,8309386,340440464,41.65,40.65,40.65,-0.85,5508,2356,41.65
2025-05-02,12345071,510809505,41.7,40.75,41.7,1.05,6404,2356,40.9
2025-05-05,10486203,433311637,42.3,40.6,40.8,-0.9,6745,2356,42.3
2025-05-06,10333359,426772635,41.7,40.75,41.3,0.5,5128,2356,41.0
2025-05-07,13390572,542498901,41.3,40.25,40.3,-1.0,7775,2356,41.1
2025-05-08,14206247,585348496,41.65,40.85,41.25,0.95,6948,2356,41.2
2025-05-09,9956853,412603393,41.7,41.15,41.4,0.15,4540,2356,41.55
2025-05-12,12323971,521400820,42.6,41.95,42.6,1.2,6858,2356,42.0
2025-05-13,14196539,611970979,43.8,42.7,42.9,0.3,7303,2356,43.8
2025-05-14,22901671,967880896,42.85,42.1,42.2,-0.7,12524,2356,42.85
2025-05-15,15477364,651293389,42.7,41.75,41.75,-0.45,7721,2356,42.35
2025-05-16,21177266,876859077,42.1,41.15,41.3,-0.45,10895,2356,41.7
2025-05-19,10643616,442826010,42.0,41.15,41.45,0.15,6387,2356,41.3
2025-05-20,10516248,438200405,42.3,41.3,41.3,-0.15,6601,2356,41.95
2025-05-21,13186957,554815695,42.45,41.55,42.45,1.15,7418,2356,41.55
2025-05-22,12987117,543951435,42.1,41.55,42.1,-0.35,6717,2356,42.0
2025-05-23,15737535,653906175,41.9,41.3,41.5,-0.6,7520,2356,41.85
2025-05-26,23735598,1002471972,42.6,41.6,42.6,1.1,10825,2356,41.6
2025-05-27,23681073,993708006,42.45,41.6,41.6,-1.0,11076,2356,42.4
2025-05-28,23965015,1000687678,42.2,41.5,41.85,0.25,9884,2356,42.1
2025-05-29,37901771,1597074257,42.5,41.55,42.15,0.3,13294,2356,42.35
2025-06-02,29269509,1186341604,41.95,40.15,40.4,-1.75,15022,2356,41.95
2025-06-03,26685092,1078133211,40.85,40.1,40.55,0.15,13718,2356,40.85
2025-06-04,16951325,699913126,41.6,40.65,41.6,1.05,8195,2356,40.65
2025-06-05,9320513,387672961,41.8,41.45,41.6,0.0,4523,2356,41.65
2025-06-06,8781031,361941126,41.6,41.0,41.1,-0.5,4433,2356,41.55
2025-06-09,6365736,263349230,41.6,41.1,41.4,0.3,4027,2356,41.6
2025-06-10,8694319,363281205,42.0,41.4,41.85,0.45,4301,2356,41.5
2025-06-11,6464579,271316366,42.15,41.75,42.1,0.25,3671,2356,42.15
2025-06-12,18544581,794420514,43.25,41.95,43.05,0.95,9492,2356,42.1
2025-06-13,22139922,962514592,44.1,42.55,43.8,0.75,11012,2356,42.9
2025-06-16,10959219,476551686,43.9,43.05,43.9,0.1,5904,2356,43.3
2025-06-17,13397833,581599038,44.4,42.75,42.8,-1.1,7290,2356,44.1
2025-06-18,10143201,429517250,43.0,42.05,42.25,-0.55,6840,2356,42.65
2025-06-19,10988614,455734789,42.15,41.2,41.2,-1.05,6837,2356,42.1
2025-06-20,16722043,677453246,41.5,40.3,40.35,-0.85,7594,2356,41.45
2025-06-23,13115869,526090168,40.35,39.6,40.2,-0.15,5983,2356,40.0
2025-06-24,10615962,436209171,41.4,40.8,41.05,0.85,4910,2356,41.0
2025-06-25,14825654,612644424,41.55,41.15,41.3,0.25,5349,2356,41.25
2025-06-26,17056650,716573263,42.2,41.5,42.1,0.8,7820,2356,41.6
2025-06-27,9375029,397098465,42.5,42.0,42.5,0.4,5673,2356,42.25
2025-06-30,11789868,502661079,43.0,42.25,42.3,-0.2,6608,2356,42.6
2025-07-01,8779791,376748956,43.3,42.5,42.8,0.5,4825,2356,42.6
2025-07-02,19095011,833641248,44.0,42.75,44.0,1.2,10364,2356,42.8
2025-07-03,19118839,847054309,45.2,43.8,44.35,0.35,11418,2356,45.15
2025-07-04,14105654,621025941,44.45,43.75,44.0,-0.35,8493,2356,44.3
2025-07-07,11738261,515726963,44.4,43.6,43.65,-0.35,6969,2356,44.25
2025-07-08,11766221,504719580,43.55,42.6,42.6,-1.05,6647,2356,43.5
2025-07-09,21596598,944131254,44.2,42.7,44.0,1.4,8960,2356,42.85
2025-07-10,22767786,947276796,42.55,41.25,41.7,0.0,12388,2356,42.5
2025-07-11,9388455,391016247,42.0,41.4,42.0,0.3,5223,2356,41.75
2025-07-14,8720383,363900261,42.0,41.5,41.65,-0.35,5598,2356,41.8
2025-07-15,39478228,1720954130,44.8,41.2,43.8,2.15,19394,2356,41.5
2025-07-16,22825803,982302608,43.8,42.5,42.5,-1.3,14691,2356,43.8
2025-07-17,10525265,448231463,43.05,42.4,42.45,-0.05,6317,2356,42.55
2025-07-18,15435865,669050266,43.8,43.05,43.2,0.75,8401,2356,43.15
2025-07-21,13558322,587075151,43.6,42.95,43.4,0.2,7028,2356,43.0
2025-07-22,18202162,782988149,43.9,42.25,42.35,-1.05,10722,2356,43.45
2025-07-23,12657892,539736848,42.9,42.5,42.75,0.4,9092,2356,42.85
2025-07-24,18483705,793941752,43.55,42.45,42.7,-0.05,10259,2356,43.05
2025-07-25,17508002,756012641,43.5,42.85,43.3,0.6,9948,2356,42.85
2025-07-28,11975078,521990495,43.85,43.05,43.75,0.45,6775,2356,43.65
2025-07-29,10346358,450678082,44.1,43.05,43.65,-0.1,6066,2356,44.1
2025-07-30,14340267,630483674,44.35,43.55,44.15,0.5,7793,2356,43.9
2025-07-31,22324020,989520244,44.5,43.9,44.5,0.35,9709,2356,44.35
2025-08-01,11929279,524702688,44.4,43.1,44.25,-0.25,8360,2356,43.75
2025-08-04,10372270,451428038,43.8,43.2,43.65,-0.6,5899,2356,43.8
2025-08-05,13238711,586285980,44.5,43.95,44.5,0.85,8135,2356,44.1
2025-08-06,9408288,414325433,44.6,43.9,43.95,-0.55,7229,2356,44.6
2025-08-07,18701138,827526783,44.55,43.65,44.2,0.25,8900,2356,44.4
2025-08-08,23699350,1018080674,43.95,42.7,42.8,-1.4,13725,2356,43.9
2025-08-11,7929091,339752885,43.1,42.4,42.85,0.05,4906,2356,42.75
2025-08-12,17819844,752251297,42.85,42.05,42.1,-0.75,10234,2356,42.85
2025-08-13,21083747,885817531,42.45,41.55,41.9,-0.2,12069,2356,42.25
2025-08-14,14231057,594356808,42.15,41.6,41.75,-0.15,8254,2356,42.05
2025-08-15,19571776,805934319,42.0,40.85,41.15,-0.6,10973,2356,42.0
2025-08-18,18865577,777799387,41.7,40.9,41.7,0.55,10053,2356,41.2
2025-08-19,12602336,516880987,41.4,40.85,40.9,-0.8,8257,2356,41.4
2025-08-20,15336821,629220352,41.3,40.7,41.2,0.3,9167,2356,40.9
2025-08-21,12700088,519696519,41.35,40.75,40.9,-0.3,8091,2356,41.3
2025-08-22,14196147,585099148,41.7,40.9,40.9,0.0,7941,2356,41.0
2025-08-25,10066044,413929021,41.6,40.9,41.0,0.1,6013,2356,41.4
2025-08-26,10778221,444808948,41.4,40.95,41.4,0.4,4412,2356,41.05
2025-08-27,9262252,385093456,41.8,41.4,41.4,0.0,5391,2356,41.65
2025-08-28,7025717,290871980,41.6,41.2,41.35,-0.05,4259,2356,41.5
2025-08-29,11577127,479125802,41.95,41.15,41.15,-0.2,6027,2356,41.7
2025-09-01,14205896,577493784,41.15,40.3,40.9,-0.25,7855,2356,41.15
2025-09-02,13357017,546755641,41.55,40.45,40.55,-0.35,7782,2356,41.55
2025-09-03,5012348,203556181,40.85,40.5,40.55,0.0,3208,2356,40.7
2025-09-04,9015449,371995171,41.45,40.85,41.3,0.75,5490,2356,40.85
2025-09-05,8793422,365171791,41.7,41.15,41.7,0.4,5266,2356,41.65
2025-09-08,9882141,412934560,42.2,41.5,41.85,0.15,6440,2356,41.85
2025-09-09,17784262,750156912,42.6,41.9,42.2,0.35,9301,2356,42.55
2025-09-10,16166905,680632377,42.4,41.7,42.0,-0.2,7978,2356,42.35
2025-09-11,12509551,524656630,42.4,41.7,41.7,-0.3,6213,2356,42.3
2025-09-12,44414663,1923609289,44.0,42.0,43.4,1.7,22939,2356,42.0
2025-09-15,15515635,674754829,43.9,43.2,43.6,0.2,9305,2356,43.8
2025-09-16,13597561,587313227,43.75,42.9,43.25,-0.35,10504,2356,43.75
2025-09-17,8961921,385280635,43.5,42.65,42.75,-0.5,6545,2356,43.25
2025-09-18,8877962,382406089,43.3,42.6,43.3,0.55,5657,2356,42.95
2025-09-19,38625687,1725724351,45.45,43.55,44.55,1.25,19794,2356,43.6
2025-09-22,15723323,703729410,45.35,44.35,44.65,0.1,11800,2356,45.1
2025-09-23,19185879,864336893,45.3,44.75,45.0,0.35,10734,2356,44.95
2025-09-24,13887181,619285120,45.2,44.1,44.65,-0.35,10552,2356,45.2
2025-09-25,65101561,3054655661,48.5,45.1,47.1,2.45,33510,2356,45.1
2025-09-26,30918787,1397754928,47.15,44.55,44.9,-2.2,22336,2356,47.1
2025-09-30,24449606,1120451609,47.0,45.2,45.75,0.85,17719,2356,45.65
2025-10-01,27628041,1267355910,47.2,44.95,45.05,-0.7,16937,2356,45.65
2025-10-02,13074447,595413602,46.4,45.2,45.5,0.45,7671,2356,45.5
2025-10-03,10468894,476117906,45.75,45.15,45.75,0.25,8861,2356,45.65
2025-10-07,34455253,1609761666,47.25,46.25,46.5,0.75,23633,2356,46.7
2025-10-08,39585625,1861834009,47.6,46.6,46.9,0.4,23495,2356,46.8
2025-10-09,28695609,1341785625,48.0,46.25,46.35,-0.55,16939,2356,47.35
2025-10-13,22574349,1010704516,45.25,43.85,45.25,-1.1,13508,2356,44.0
2025-10-14,26352976,1161327467,45.4,43.0,43.05,-2.2,17349,2356,45.25
2025-10-15,7419268,320661979,43.6,42.9,43.4,0.35,5535,2356,43.6
2025-10-16,8266434,361844831,44.1,43.5,43.8,0.4,5988,2356,44.0
2025-10-17,11057843,487769021,44.75,43.7,43.85,0.05,6530,2356,43.8
2025-10-20,12634995,566143480,45.4,44.05,45.1,1.25,7856,2356,44.3
2025-10-21,13091301,593548945,45.7,44.9,45.4,0.3,9348,2356,45.3
2025-10-22,19648860,898087677,46.1,44.8,46.0,0.6,9616,2356,44.8
2025-10-23,15371972,708584634,46.7,45.6,45.85,-0.15,10747,2356,46.0
2025-10-27,18807682,879943316,47.65,46.4,46.75,0.9,11786,2356,46.9
2025-10-28,15207238,710276806,47.0,46.15,47.0,0.25,10045,2356,47.0
2025-10-29,48701174,2348858742,49.8,47.3,47.55,0.55,35272,2356,47.5
2025-10-30,18161314,851368608,47.75,46.15,46.7,-0.85,16024,2356,47.4
2025-10-31,11569580,534616866,47.15,45.9,45.9,-0.8,7911,2356,47.15
2025-11-03,8820441,402361555,46.25,45.3,45.55,-0.35,6324,2356,46.25
2025-11-04,11734006,525330791,45.9,44.25,44.3,-1.25,7710,2356,45.4
2025-11-05,15674323,680821232,43.8,43.1,43.55,-0.75,8808,2356,43.8
2025-11-06,14513549,628683335,43.7,43.05,43.2,-0.35,7966,2356,43.55
2025-11-07,13545667,576752632,43.15,42.25,42.35,-0.85,8664,2356,43.05
2025-11-10,10499227,451415452,43.45,42.5,43.3,0.95,6581,2356,42.75
2025-11-11,14726385,627395253,43.5,42.0,42.0,-1.3,10556,2356,43.5
2025-11-12,21339941,920655115,43.8,42.6,42.8,0.8,10341,2356,42.8
2025-11-13,20776944,903887036,43.75,43.0,43.65,0.85,9395,2356,43.0
2025-11-14,19284981,818074072,43.2,42.2,42.25,-1.4,11811,2356,43.2
2025-11-17,14064752,588739114,42.55,41.6,41.6,-0.65,7691,2356,42.25
2025-11-18,16651787,683188938,41.75,40.65,40.85,-0.75,7696,2356,41.5
2025-11-19,10125959,412871159,41.25,40.5,40.65,-0.2,5599,2356,40.95
2025-11-20,9171137,382260474,41.9,41.4,41.7,1.05,4894,2356,41.6
2025-11-21,12120881,495379436,41.6,40.7,40.8,-0.9,6706,2356,41.25
2025-11-24,15036050,617843869,41.5,40.8,41.05,0.25,5260,2356,41.15
2025-11-25,8592752,353874455,41.45,41.0,41.05,0.0,4998,2356,41.4
2025-11-26,41868130,1810891409,44.3,41.95,43.4,2.35,21522,2356,41.95
2025-11-27,27247728,1188037380,44.25,43.1,43.5,0.1,14969,2356,43.6
2025-11-28,23062490,1009635373,44.3,43.3,43.6,0.1,13556,2356,44.25
2025-12-01,24521739,1090948382,45.2,43.35,44.05,0.45,13811,2356,43.5
2025-12-02,15336058,676898332,44.7,43.85,44.15,0.1,8402,2356,44.6
2025-12-03,20179195,904196238,45.2,44.05,45.1,0.95,10742,2356,44.15
2025-12-04,22015238,1008071824,46.1,45.2,46.05,0.95,13419,2356,45.4
2025-12-05,49516966,2335484185,48.0,45.9,47.1,1.05,31495,2356,46.15
2025-12-08,20303909,960712371,47.85,46.9,47.3,0.2,13162,2356,47.85
2025-12-09,27028486,1231750645,46.95,45.1,45.4,-1.9,23682,2356,46.95
2025-12-10,18503950,822501120,45.3,44.0,44.5,-0.9,11674,2356,45.3
2025-12-11,9548661,420957744,44.8,43.85,44.05,-0.45,6185,2356,44.8
2025-12-12,7545260,330802432,44.4,43.6,43.65,-0.4,5162,2356,44.35
2025-12-15,7994230,345834044,43.5,42.85,43.35,-0.3,5179,2356,43.5
2025-12-16,10497209,447579749,43.0,42.4,42.5,-0.85,7545,2356,42.85
2025-12-17,9258339,394303083,43.05,42.35,42.35,-0.15,6701,2356,42.5
2025-12-18,7320763,309680353,42.55,42.15,42.2,-0.15,4501,2356,42.3
2025-12-19,7986742,342257147,43.0,42.55,43.0,0.8,3908,2356,42.65
2025-12-22,6489659,280362530,43.5,43.05,43.1,0.1,3942,2356,43.45
2025-12-23,10670009,458014349,43.4,42.6,43.05,-0.05,5561,2356,43.25
2025-12-24,17642132,763754382,43.75,42.9,43.15,0.1,8866,2356,43.5
2025-12-26,10514784,449828156,43.35,42.5,42.5,-0.65,6421,2356,43.35
2025-12-29,6765809,283336701,42.9,42.3,42.5,0.0,3946,2356,42.6
2025-12-30,7910696,333710454,42.5,42.05,42.3,-0.2,4739,2356,42.5
2025-12-31,16774016,722437425,43.4,42.55,42.9,0.6,6539,2356,42.6
2026-01-02,23298989,1031845444,44.75,43.35,44.55,1.65,14257,2356,43.5
2026-01-05,16496153,728312264,45.05,43.75,43.85,-0.7,14455,2356,45.05
2026-01-06,14943627,646827603,44.3,43.0,43.2,-0.65,9425,2356,44.3
2026-01-07,11949864,521290582,43.95,43.2,43.85,0.65,7238,2356,43.3
2026-01-08,11840585,511314584,44.0,42.85,42.9,-0.95,8556,2356,44.0
2026-01-09,9118066,390086883,43.15,42.3,42.9,0.0,5457,2356,43.15
2026-01-12,10732077,467203716,43.9,43.0,43.65,0.75,6334,2356,43.05
2026-01-13,11380744,496155842,44.45,43.2,43.35,-0.3,7168,2356,43.9
2026-01-14,23493057,1044655973,45.1,43.7,44.15,0.8,12795,2356,43.8
2026-01-15,10323159,453252567,44.2,43.5,44.15,0.0,6041,2356,44.0
2026-01-16,12032236,534041124,44.6,44.2,44.35,0.2,6389,2356,44.6
2026-01-19,28894241,1305917990,46.0,44.3,44.65,0.3,16990,2356,44.55
2026-01-20,17423295,780623993,45.15,44.35,44.8,0.15,10798,2356,44.85
2026-01-21,101310950,4774214161,49.0,44.95,46.55,1.75,53115,2356,45.1
2026-01-22,141656409,7127643021,51.2,48.0,51.2,4.65,55583,2356,48.65
2026-01-23,187442404,9457658056,55.0,47.8,48.0,-3.2,96740,2356,54.5
2026-01-26,57815093,2704672453,48.5,46.15,46.55,-1.45,29554,2356,48.25
2026-01-27,39028623,1785710935,47.15,45.35,45.5,-1.05,19369,2356,46.8
2026-01-28,26364961,1211969958,46.6,45.5,46.1,0.6,13223,2356,46.2
2026-01-29,31966567,1442444251,46.6,44.25,45.05,-1.05,17771,2356,46.6
2026-01-30,20023614,892385367,45.1,43.85,45.0,-0.05,10312,2356,45.05
2026-02-02,20190934,893843262,45.3,43.8,43.85,-1.15,11668,2356,44.75
2026-02-03,23497270,1049100857,45.75,43.9,44.05,0.2,12112,2356,44.65
2026-02-04,11284083,502059075,44.85,43.55,44.8,0.75,6411,2356,44.0
2026-02-05,14222282,634545511,45.45,44.05,44.05,-0.75,9084,2356,44.5
2026-02-06,32346059,1389109973,43.8,42.05,43.8,-0.25,16195,2356,43.8
2026-02-09,15882191,710631725,45.1,44.35,44.8,1.0,9163,2356,44.75
2026-02-10,13166160,593185698,45.45,44.6,45.05,0.25,8040,2356,44.85
2026-02-11,17825085,808597285,45.7,44.9,45.35,0.3,10001,2356,45.3
2026-02-23,23830049,1082406065,46.1,44.85,44.85,-0.5,18168,2356,45.75
2026-02-24,12489000,560888222,45.3,44.6,44.95,0.1,7805,2356,44.75
2026-02-25,31180081,1440648333,46.75,45.2,46.4,1.45,16579,2356,45.3
2026-02-26,19878609,917181194,46.5,45.5,46.25,-0.15,11061,2356,46.4
2026-03-02,17418118,783304789,45.5,44.75,44.75,-1.5,11510,2356,45.45
2026-03-03,30908246,1338354740,44.65,42.6,42.85,-1.9,19362,2356,44.4
2026-03-04,31807182,1306686240,42.3,40.15,40.25,-2.6,18387,2356,42.05
2026-03-05,13346401,557625985,42.1,41.4,41.9,1.65,7437,2356,41.6
2026-03-06,9072012,377794059,41.9,41.3,41.8,-0.1,5879,2356,41.4
2026-03-09,18245415,722454549,40.1,38.55,40.05,-1.75,11764,2356,39.4
2026-03-10,12768917,519540569,41.4,40.05,40.9,0.85,7011,2356,41.4
2026-03-11,26852385,1155050525,43.75,42.3,43.0,2.1,14035,2356,42.45
2026-03-12,13594418,583803316,43.3,42.35,42.95,-0.05,8931,2356,42.5
2026-03-13,11944362,510590482,43.25,42.2,42.65,-0.3,7215,2356,42.35
2026-03-16,9392539,403327007,43.2,42.5,43.1,0.45,5425,2356,42.5
2026-03-17,22472770,991056031,44.6,43.5,44.0,0.9,12526,2356,43.55
2026-03-18,19057195,846546523,44.95,44.1,44.35,0.35,11966,2356,44.65
2026-03-19,12871381,561894053,44.4,43.2,43.45,-0.9,8562,2356,44.35
2026-03-20,15986663,686794026,43.7,42.65,42.8,-0.65,8503,2356,43.45
2026-03-23,11652776,491222942,42.95,41.6,41.95,-0.85,7046,2356,41.8
2026-03-24,9080681,385096794,42.9,41.9,42.25,0.3,5578,2356,42.75
2026-03-25,9687836,414824195,43.4,42.35,42.9,0.65,6449,2356,43.4
2026-03-26,10338657,447665045,43.6,42.95,42.95,0.05,6301,2356,43.2
2026-03-27,18128662,782025553,43.85,42.55,43.1,0.15,9643,2356,43.25
2026-03-30,15370259,640393259,42.1,41.4,41.4,-1.7,9456,2356,41.9
2026-03-31,28288879,1139042279,41.0,39.95,40.05,-1.35,17662,2356,41.0
2026-04-01,12292389,503497051,41.25,40.55,41.1,1.05,6698,2356,41.1
2026-04-02,8198672,335144737,41.4,40.6,40.85,-0.25,5973,2356,41.1
2026-04-07,10949610,447582475,41.65,40.5,40.85,0.0,6968,2356,41.0
2026-04-08,21187128,894153343,42.65,41.55,42.65,1.8,10727,2356,41.8
2026-04-09,22195214,958625418,43.8,42.15,43.8,1.15,12052,2356,43.0
2026-04-10,20327249,902087606,44.75,43.9,44.3,0.5,11317,2356,44.0
2026-04-13,12944956,573711974,44.75,43.4,44.55,0.25,7809,2356,44.0
2026-04-14,24380108,1092771572,45.1,44.55,44.6,0.05,11271,2356,44.6
2026-04-15,21845628,980935919,45.9,44.0,44.45,-0.15,13220,2356,45.15
2026-04-16,19237455,862181995,45.45,44.2,45.0,0.55,14137,2356,44.8
2026-04-17,34823294,1591404069,46.3,44.95,45.75,0.75,16350,2356,45.25
2026-04-20,36081649,1678958379,47.25,45.55,46.6,0.85,19584,2356,45.95
2026-04-21,29518296,1393917925,47.8,46.75,47.35,0.75,17043,2356,47.0
2026-04-22,36765897,1753902236,48.3,46.85,47.75,0.4,20063,2356,47.6
2026-04-23,37731113,1751082982,48.55,45.3,46.3,-1.45,26786,2356,48.35
2026-04-24,44404388,2119035455,48.2,46.6,48.1,1.8,22855,2356,46.6
2026-04-27,43887216,2086036600,50.3,46.35,46.7,-1.4,24000,2356,50.3
2026-04-28,22790176,1046164010,46.7,45.15,46.35,-0.35,13418,2356,46.35
2026-04-29,15236929,705322858,46.9,45.9,46.3,-0.05,8281,2356,46.4
2026-04-30,15146613,699654537,46.65,45.8,45.9,-0.4,7889,2356,46.45
2026-05-04,14239649,659803994,46.7,45.85,46.5,0.6,7833,2356,46.65
2026-05-05,12704194,593697386,47.0,46.3,46.95,0.45,6784,2356,46.7
2026-05-06,44806439,2172546085,49.45,47.15,49.2,2.25,24072,2356,47.3
2026-05-07,42154048,2105124030,50.6,48.5,49.95,0.75,21312,2356,49.55
2026-05-08,37330101,1859872047,51.0,48.85,49.55,-0.4,23905,2356,50.0
2026-05-11,30489247,1520252648,50.5,49.1,50.2,0.65,16685,2356,50.3
2026-05-12,29010252,1413311337,50.4,47.75,48.7,-1.5,16836,2356,50.4
2026-05-13,139195372,7350382156,53.5,48.4,52.8,4.1,57460,2356,48.65
2026-05-14,80235506,4241637244,53.9,51.6,53.2,0.4,43668,2356,53.5
2026-05-15,51211242,2748154495,55.3,51.9,52.2,-1.0,27534,2356,54.4
2026-05-18,28189067,1451033290,52.5,50.1,51.9,-0.3,15068,2356,52.5
2026-05-19,31964096,1673647581,53.3,51.2,51.7,-0.2,16002,2356,51.7
2026-05-20,35213872,1812831588,52.7,50.4,51.4,-0.3,17097,2356,52.6
2026-05-21,52796798,2823073587,54.2,51.9,54.1,2.7,26397,2356,52.4
2026-05-22,122964502,7099658868,59.5,54.8,59.5,5.4,63750,2356,56.8
2026-05-25,135283743,8774891315,65.4,62.9,65.4,5.9,57220,2356,65.4
2026-05-26,192799649,12311606755,69.5,61.5,62.6,-2.8,113945,2356,69.0
2026-05-27,79832135,4961810023,63.7,60.8,62.0,-0.6,49551,2356,63.7
2026-05-28,136331209,8880969244,67.3,61.3,63.9,1.9,76397,2356,62.0
2026-05-29,220828986,15400578054,70.2,67.7,70.2,6.3,97355,2356,68.1
2026-06-01,241053678,17992228672,77.2,69.2,77.2,7.0,125191,2356,71.5
2026-06-02,295984374,23756801389,83.5,75.3,80.6,3.4,163103,2356,77.0
2026-06-03,198106662,16938403840,88.6,81.0,85.4,4.8,118785,2356,82.5
2026-06-04,138221092,11206629929,85.8,77.8,77.8,-7.6,99566,2356,84.6
2026-06-05,113333484,8668324319,79.2,73.2,76.8,-1.0,67792,2356,76.5
2026-06-08,17530602,1213125097,69.2,69.2,69.2,-7.6,22236,2356,69.2
2026-06-09,95519340,6656740710,70.9,67.4,70.6,1.4,55267,2356,69.3
2026-06-10,66829504,4549683495,71.1,65.6,66.2,-4.4,47205,2356,68.6
2026-06-11,45773835,2969651608,66.4,63.6,65.4,-0.8,31004,2356,64.8
2026-06-12,41497286,2797528855,69.2,66.1,66.2,0.8,28336,2356,68.5
2026-06-15,33928363,2292691934,69.4,66.8,67.1,0.9,23162,2356,68.2
2026-06-16,29287032,1962191023,68.6,66.2,66.6,-0.5,20289,2356,68.2
2026-06-17,18859683,1257617351,67.5,65.3,67.5,0.9,15980,2356,66.2
2026-06-18,38001921,2574042059,68.6,67.0,67.7,0.2,21741,2356,68.6
