date,capacity,turnover,high,low,close,change,transaction_volume,stock_code_id,open
2015-01-05,1462918,499972405,344.5,339.0,344.5,-2.0,1306,2357,341.5
2015-01-06,2256791,767331781,343.0,338.0,341.0,-3.5,1770,2357,341.5
2015-01-07,2695221,912563698,341.0,336.0,338.0,-3.0,2042,2357,340.0
2015-01-08,2407300,833676928,348.0,340.0,348.0,10.0,1966,2357,343.0
2015-01-09,2613131,913383433,359.0,343.0,343.0,-5.0,2123,2357,351.0
2015-01-12,3662876,1230777460,343.0,333.0,333.0,-10.0,2645,2357,338.0
2015-01-13,2357820,786130560,335.5,328.5,333.0,0.0,1968,2357,330.0
2015-01-14,8832619,2844416461,330.0,317.0,317.0,-16.0,5784,2357,330.0
2015-01-15,6237924,1970771432,319.0,313.0,315.0,-2.0,3794,2357,316.0
2015-01-16,3393001,1072554316,318.5,313.0,316.0,1.0,2715,2357,315.5
2015-01-19,1559887,494369292,318.5,315.0,315.0,-1.0,1343,2357,316.0
2015-01-20,2275963,724771197,319.5,315.0,319.0,4.0,1784,2357,315.0
2015-01-21,2488994,800479568,323.0,319.0,322.0,3.0,1539,2357,319.5
2015-01-22,3233862,1052633422,328.0,320.5,327.0,5.0,2570,2357,321.0
2015-01-23,4447942,1480918128,335.0,329.5,335.0,8.0,3477,2357,330.0
2015-01-26,2689745,897810840,336.0,332.0,333.0,-2.0,1854,2357,335.0
2015-01-27,2314252,778716778,340.0,333.0,339.5,6.5,1908,2357,335.0
2015-01-28,2298597,771482398,340.0,333.5,335.0,-4.5,1670,2357,338.0
2015-01-29,1813284,606981660,336.0,333.0,334.5,-0.5,1144,2357,335.0
2015-01-30,2987468,993757597,336.0,330.0,332.5,-2.0,1640,2357,336.0
2015-02-02,1718885,571988320,335.0,331.0,333.0,0.5,1381,2357,334.0
2015-02-03,1767962,588011895,334.0,330.5,333.0,0.0,1375,2357,331.5
2015-02-04,2887961,961716091,336.5,331.0,331.5,-1.5,1555,2357,335.0
2015-02-05,2005577,662183108,332.0,329.0,330.5,-1.0,1462,2357,331.0
2015-02-06,1908644,625726932,330.5,326.0,328.0,-2.5,1349,2357,330.0
2015-02-09,1512331,493292744,328.0,325.0,325.5,-2.5,1101,2357,327.5
2015-02-10,2851129,932178554,329.5,324.5,326.5,1.0,1856,2357,329.0
2015-02-11,2007769,661159866,330.5,325.5,330.0,3.5,1440,2357,326.0
2015-02-12,3703064,1200944706,329.0,321.0,323.5,-6.5,2463,2357,329.0
2015-02-13,3221137,1040123670,326.0,321.0,324.5,1.0,2322,2357,324.0
2015-02-24,4551879,1480326054,328.0,320.0,325.5,1.0,2801,2357,328.0
2015-02-25,3573733,1176483657,331.5,325.5,330.0,4.5,2679,2357,325.5
2015-02-26,3115267,1019747122,330.0,326.0,326.5,-3.5,1871,2357,327.5
2015-03-02,4722776,1532178872,330.5,322.0,323.0,-3.5,3133,2357,330.5
2015-03-03,4815570,1561927180,327.5,323.0,325.0,2.0,1517,2357,327.5
2015-03-04,1300694,424398079,327.5,324.0,327.5,2.5,1124,2357,326.0
2015-03-05,2136664,695240958,327.5,324.5,325.0,-2.5,1434,2357,327.5
2015-03-06,1303100,422223800,326.0,323.5,323.5,-1.5,909,2357,326.0
2015-03-09,2225168,711850592,323.5,317.5,319.0,-4.5,1596,2357,322.0
2015-03-10,3626833,1177063559,327.0,320.5,324.0,5.0,2299,2357,320.5
2015-03-11,2307684,747741248,326.5,322.0,322.0,-2.0,1419,2357,323.0
2015-03-12,2098960,680089040,325.5,321.5,324.0,2.0,1374,2357,322.0
2015-03-13,2405977,777640070,325.0,322.0,322.5,-1.5,1211,2357,323.0
2015-03-16,5431166,1730821656,323.0,316.0,318.0,-4.5,2732,2357,320.0
2015-03-17,4114839,1308568692,322.5,315.0,317.5,-0.5,2346,2357,320.5
2015-03-18,2031417,653809274,324.0,318.0,323.5,6.0,1694,2357,318.0
2015-03-19,2652946,853632131,326.0,319.0,319.5,-4.0,1535,2357,325.0
2015-03-20,3746851,1195365969,321.5,318.0,318.5,-1.0,2374,2357,319.0
2015-03-23,1127938,360134222,321.5,318.0,319.0,0.5,965,2357,318.5
2015-03-24,1643577,525320063,321.0,318.5,319.0,0.0,1260,2357,319.5
2015-03-25,2395275,763498165,320.5,316.5,319.0,0.0,1323,2357,319.0
2015-03-26,2256560,716958170,319.0,316.5,319.0,0.0,1068,2357,316.5
2015-03-27,3384491,1059794692,318.5,310.0,310.0,-9.0,2432,2357,318.5
2015-03-30,1329832,416744652,315.5,310.0,315.0,5.0,1105,2357,310.0
2015-03-31,1318714,416039150,317.5,314.0,315.0,0.0,840,2357,315.0
2015-04-01,1300567,406885971,315.0,311.0,313.0,-2.0,1108,2357,315.0
2015-04-02,1156038,365574478,318.0,314.0,316.0,3.0,1023,2357,316.5
2015-04-07,1049383,334199587,319.5,316.5,317.5,1.5,908,2357,319.0
2015-04-08,1143894,363069398,319.5,316.5,317.0,-0.5,918,2357,317.5
2015-04-09,1448918,462041342,320.0,317.0,319.0,2.0,1018,2357,317.0
2015-04-10,1404900,447092200,321.0,316.0,316.0,-3.0,1078,2357,321.0
2015-04-13,1456140,462529880,320.5,316.0,318.0,2.0,781,2357,316.0
2015-04-14,1077867,342504395,320.0,316.0,316.5,-1.5,826,2357,316.0
2015-04-15,2055627,645928878,319.0,312.0,314.0,-2.5,1501,2357,316.5
2015-04-16,1954479,621756572,319.0,314.5,319.0,5.0,1340,2357,317.5
2015-04-17,1791063,574102176,323.0,316.5,321.5,2.5,1477,2357,319.0
2015-04-20,3735128,1198445272,323.0,319.0,319.0,-2.5,832,2357,321.0
2015-04-21,1476987,473686353,323.0,319.0,319.0,0.0,1166,2357,319.5
2015-04-22,3758584,1233939720,332.5,320.5,331.5,12.5,2929,2357,320.5
2015-04-23,3131835,1045601555,337.0,329.0,335.0,3.5,2482,2357,331.5
2015-04-24,2789172,937840005,340.0,331.5,337.0,2.0,2203,2357,337.0
2015-04-27,1800027,608666050,339.0,337.0,338.5,1.5,1366,2357,337.0
2015-04-28,3521954,1199088314,343.0,337.5,343.0,4.5,2513,2357,339.0
2015-04-29,2405385,797258165,338.0,328.5,329.0,-14.0,2030,2357,337.0
2015-04-30,2155796,705714079,332.0,325.5,325.5,-3.5,1508,2357,329.0
2015-05-04,863665,284674620,335.0,326.5,329.0,3.5,765,2357,335.0
2015-05-05,1040411,336826253,329.0,323.0,323.0,-6.0,971,2357,326.0
2015-05-06,1540957,494437240,323.0,320.0,320.0,-3.0,1400,2357,320.0
2015-05-07,2823741,892801491,319.0,314.0,314.0,-6.0,1926,2357,317.0
2015-05-08,1395090,441790885,319.0,314.5,316.5,2.5,972,2357,314.5
2015-05-11,3272538,1011896166,317.5,303.5,303.5,-13.0,2372,2357,315.0
2015-05-12,3327593,1000503586,307.0,297.5,300.5,-3.0,2529,2357,307.0
2015-05-13,6988198,2134976390,311.0,297.5,304.5,4.0,3065,2357,300.0
2015-05-14,3207359,970595495,305.0,299.0,304.5,0.0,2568,2357,303.5
2015-05-15,1957151,596325466,307.0,303.0,304.0,-0.5,1504,2357,305.0
2015-05-18,1894470,575700634,307.0,303.0,303.0,-1.0,1178,2357,307.0
2015-05-19,2468335,745892670,304.5,301.0,302.0,-1.0,1415,2357,304.5
2015-05-20,4750431,1435732662,306.5,301.0,301.5,-0.5,1817,2357,306.5
2015-05-21,1916110,579428262,305.0,300.0,302.5,1.0,1442,2357,301.0
2015-05-22,1129602,345314110,307.0,304.0,306.0,3.5,949,2357,305.0
2015-05-25,595189,182060145,308.0,303.0,307.0,1.0,518,2357,303.5
2015-05-26,1089452,338072328,312.0,308.0,312.0,5.0,869,2357,309.0
2015-05-27,1977058,615939596,313.0,308.5,313.0,1.0,1520,2357,312.0
2015-05-28,3293003,1024662910,314.0,310.0,310.0,-3.0,1415,2357,314.0
2015-05-29,5044610,1528327238,310.5,300.0,302.0,-8.0,2555,2357,307.5
2015-06-01,2584057,772873300,302.0,296.5,299.0,-3.0,1855,2357,300.0
2015-06-02,2196237,658960100,301.5,298.0,300.0,1.0,1619,2357,300.0
2015-06-03,1113363,333306400,302.5,295.0,300.0,0.0,1023,2357,295.0
2015-06-04,2084108,619465076,301.0,295.5,296.5,-3.5,1785,2357,296.0
2015-06-05,1777117,527224749,301.0,295.0,296.0,-0.5,1346,2357,295.0
2015-06-08,2361059,694823405,296.0,291.5,293.5,-2.5,1716,2357,295.0
2015-06-09,1418015,416195895,295.0,293.0,293.0,-0.5,1288,2357,293.0
2015-06-10,2285998,684827886,302.0,293.0,300.5,7.5,1795,2357,293.0
2015-06-11,2816360,828413511,296.0,292.0,293.0,-7.5,2200,2357,295.0
2015-06-12,1366225,399345650,295.5,291.0,292.0,-1.0,1059,2357,292.0
2015-06-15,1586278,461708898,292.5,290.0,290.0,-2.0,1134,2357,292.0
2015-06-16,1607036,465401940,292.5,288.0,290.0,0.0,1309,2357,290.0
2015-06-17,2764202,795382156,290.5,284.5,284.5,-5.5,1905,2357,289.0
2015-06-18,3072050,890229220,293.0,284.5,289.5,5.0,1894,2357,284.5
2015-06-22,2040818,604583310,299.5,289.5,296.0,6.5,1463,2357,289.5
2015-06-23,2065291,623169882,304.0,296.0,303.5,7.5,1583,2357,296.5
2015-06-24,1928901,585150003,305.0,300.0,305.0,1.5,1169,2357,303.5
2015-06-25,2375483,716933400,304.5,300.0,300.0,-5.0,1702,2357,300.5
2015-06-26,1132819,343116741,304.5,300.0,304.0,4.0,841,2357,300.0
2015-06-29,1321350,397446350,302.5,299.0,302.5,-1.5,1052,2357,300.0
2015-06-30,2430437,730052436,302.5,298.5,300.5,-2.0,1731,2357,298.5
2015-07-01,1386430,422261290,306.0,301.5,305.0,4.5,1127,2357,303.5
2015-07-02,1371096,412836800,304.0,300.0,300.0,-5.0,1143,2357,300.5
2015-07-03,813243,244103771,302.0,298.5,300.5,0.5,718,2357,299.0
2015-07-06,595428,179166472,302.0,298.5,301.0,0.5,342,2357,298.5
2015-07-07,1428005,427408985,301.0,297.0,299.0,-2.0,1171,2357,297.0
2015-07-08,3314265,965310973,298.5,288.0,289.0,-10.0,2308,2357,296.5
2015-07-09,4523477,1239571152,280.0,267.5,275.0,-14.0,3331,2357,280.0
2015-07-13,3292527,938471135,294.0,275.0,293.5,18.5,2624,2357,275.0
2015-07-14,2858879,810034421,289.5,280.5,281.0,-12.5,2364,2357,289.5
2015-07-15,2521592,720891088,292.0,281.0,290.0,9.0,1995,2357,284.0
2015-07-16,1837942,539884030,297.0,290.0,294.0,4.0,1416,2357,290.0
2015-07-17,1496761,432600429,292.5,287.0,288.0,-6.0,1185,2357,291.0
2015-07-20,1185298,340810228,292.0,285.0,285.0,-3.0,934,2357,290.5
2015-07-21,2178773,616196078,286.5,278.0,286.0,1.0,1771,2357,285.0
2015-07-22,1702201,483681878,287.0,280.0,287.0,1.0,1322,2357,280.0
2015-07-23,1995251,569092535,287.5,284.0,285.0,-2.0,1325,2357,287.0
2015-07-24,1942474,563009960,292.0,285.0,292.0,7.0,1402,2357,287.0
2015-07-27,2725073,793958024,294.0,288.0,289.5,-2.5,1943,2357,290.0
2015-07-28,3858071,1095581664,289.5,282.0,285.0,-4.5,2647,2357,285.0
2015-07-29,3847047,1074147519,287.5,275.0,276.0,-9.0,2658,2357,285.0
2015-07-30,2574891,736559608,292.0,278.0,290.0,14.0,2170,2357,278.0
2015-07-31,4143972,1190059520,290.5,283.5,285.0,-5.0,3059,2357,290.0
2015-08-03,1812528,506174868,284.0,276.0,281.5,-3.5,1624,2357,281.0
2015-08-04,3431737,950795999,280.0,275.0,277.5,-4.0,2678,2357,278.0
2015-08-05,1365459,376340444,279.5,274.0,274.5,-3.0,1165,2357,279.5
2015-08-06,2122453,581992763,280.0,270.5,270.5,-4.0,1698,2357,278.5
2015-08-07,1687392,456827732,273.0,266.0,271.0,0.5,1346,2357,268.0
2015-08-10,1364021,348191876,256.5,254.0,255.0,0.0,1180,2357,255.5
2015-08-11,3710990,932928990,257.0,245.5,250.5,-4.5,2762,2357,255.0
2015-08-12,5273429,1421667688,275.0,258.0,274.0,23.5,4113,2357,258.0
2015-08-13,3965272,1118720056,292.0,270.5,283.5,9.5,2917,2357,272.5
2015-08-14,2338686,660262208,288.5,278.0,278.0,-5.5,1863,2357,283.5
2015-08-17,1675656,472312524,284.0,280.0,280.0,2.0,1337,2357,281.0
2015-08-18,1738309,483170475,283.5,273.5,275.0,-5.0,1476,2357,280.5
2015-08-19,1962210,537531830,277.0,272.5,273.5,-1.5,1709,2357,273.0
2015-08-20,1886464,512136280,274.5,266.5,270.0,-3.5,1594,2357,270.0
2015-08-21,1956779,517492970,268.5,260.5,263.0,-7.0,1600,2357,268.5
2015-08-24,2656867,678895002,262.5,243.5,255.5,-7.5,2220,2357,260.0
2015-08-25,3275362,873649824,275.0,255.5,273.5,18.0,2349,2357,255.5
2015-08-26,2808321,775640823,280.0,268.0,277.0,3.5,2123,2357,273.5
2015-08-27,2793811,776015743,280.0,273.5,280.0,3.0,1998,2357,278.0
2015-08-28,3985439,1156364188,294.0,281.5,294.0,14.0,2904,2357,281.5
2015-08-31,3608114,1055268516,296.0,289.5,296.0,2.0,2039,2357,294.0
2015-09-01,1649139,482585449,294.5,291.5,293.0,-3.0,1180,2357,294.0
2015-09-02,2633726,764204665,293.5,286.0,289.5,-3.5,1824,2357,290.0
2015-09-03,1003182,293030144,293.5,290.0,293.0,3.5,875,2357,292.0
2015-09-04,2633219,764457072,295.0,286.5,289.0,-4.0,1656,2357,290.0
2015-09-07,1300927,380184286,293.5,288.0,292.0,3.0,1047,2357,288.0
2015-09-08,1576235,458173466,293.0,289.0,290.0,-2.0,835,2357,292.0
2015-09-09,2902018,858580787,299.5,291.0,295.5,5.5,2200,2357,295.0
2015-09-10,1969235,579164090,299.5,291.0,294.0,-1.5,1524,2357,295.5
2015-09-11,1385255,403638705,294.0,289.0,291.0,-3.0,1236,2357,292.5
2015-09-14,884373,259524096,295.0,291.5,294.0,3.0,632,2357,295.0
2015-09-15,1153970,334069690,294.0,287.5,289.0,-5.0,985,2357,294.0
2015-09-16,2125666,609620476,289.0,285.5,286.0,-3.0,1631,2357,289.0
2015-09-17,2117572,611969868,292.5,287.0,288.0,2.0,1670,2357,289.5
2015-09-18,1974087,569245056,290.5,287.5,288.0,0.0,918,2357,290.5
2015-09-21,1401828,399036152,289.5,283.0,284.5,-3.5,1101,2357,289.5
2015-09-22,1524136,434611260,287.5,283.5,285.0,0.5,1259,2357,284.5
2015-09-23,1604905,451205210,284.0,279.0,282.0,-3.0,1252,2357,283.0
2015-09-24,1465328,408689856,284.0,275.5,275.5,-6.5,1084,2357,283.0
2015-09-25,1528726,427160554,281.0,276.0,278.5,3.0,1235,2357,278.5
2015-09-30,3003202,852328876,289.5,275.0,282.5,4.0,2147,2357,275.0
2015-10-01,1994278,567668286,288.0,279.0,288.0,5.5,1558,2357,282.5
2015-10-02,1210999,345872705,288.0,283.0,285.0,-3.0,1001,2357,288.0
2015-10-05,2266581,644009004,286.0,282.5,283.5,-1.5,1539,2357,283.0
2015-10-06,4181717,1222514037,296.0,287.0,295.0,11.5,2795,2357,287.5
2015-10-07,1656584,487814977,296.0,291.5,296.0,1.0,1419,2357,293.0
2015-10-08,2594646,773424216,299.5,296.0,297.5,1.5,1722,2357,298.0
2015-10-12,3246990,967427290,299.5,295.5,297.5,0.0,1374,2357,299.0
2015-10-13,1391961,415054391,300.0,295.5,298.5,1.0,1059,2357,297.0
2015-10-14,1127963,336297474,299.0,296.5,299.0,0.5,896,2357,297.5
2015-10-15,1427240,426949893,300.0,298.0,299.0,0.0,1149,2357,300.0
2015-10-16,1775850,523249814,297.5,291.5,295.0,-4.0,1277,2357,297.0
2015-10-19,1997363,590486948,298.0,294.0,298.0,3.0,1049,2357,296.0
2015-10-20,1180642,348807703,298.0,294.0,296.5,-1.5,1041,2357,298.0
2015-10-21,804106,238598064,298.5,295.0,297.0,0.5,622,2357,297.5
2015-10-22,1370030,409857943,300.0,297.0,299.5,2.5,1024,2357,298.0
2015-10-23,2657721,806741242,306.0,299.5,303.5,4.0,2015,2357,302.0
2015-10-26,1774145,543045783,309.5,304.0,307.0,3.5,1210,2357,306.0
2015-10-27,1302273,391623757,307.0,297.0,301.0,-6.0,1033,2357,307.0
2015-10-28,1354549,405976602,303.0,296.5,300.0,-1.0,894,2357,302.0
2015-10-29,1372464,404621880,300.0,292.0,295.0,-5.0,1218,2357,298.0
2015-10-30,1471787,428713304,295.0,290.0,291.0,-4.0,1121,2357,294.0
2015-11-02,1008158,292456636,293.0,287.0,292.0,1.0,912,2357,289.0
2015-11-03,1145763,339460611,298.0,294.0,297.5,5.5,913,2357,294.0
2015-11-04,1594169,482427869,305.0,299.0,303.0,5.5,1331,2357,299.0
2015-11-05,709428,213402472,303.5,299.5,300.5,-2.5,562,2357,303.5
2015-11-06,1562413,460396009,301.0,292.0,293.5,-7.0,1250,2357,300.0
2015-11-09,749483,218442053,294.5,290.5,291.0,-2.5,715,2357,292.0
2015-11-10,1567776,453451040,292.0,287.5,287.5,-3.5,1342,2357,291.0
2015-11-11,1514030,432461555,289.5,284.0,284.5,-3.0,1207,2357,288.0
2015-11-12,1899430,534713260,286.0,280.0,280.0,-4.5,1524,2357,281.5
2015-11-13,1668502,461266554,279.5,275.5,275.5,-4.5,1337,2357,279.5
2015-11-16,1498691,411933407,276.5,273.0,274.5,-1.0,1265,2357,273.0
2015-11-17,1143102,314837152,277.0,274.5,275.0,0.5,992,2357,276.0
2015-11-18,1800073,489110383,276.0,270.5,271.5,-3.5,1434,2357,275.0
2015-11-19,1456464,399240564,277.5,272.0,277.5,6.0,1127,2357,273.5
2015-11-20,1389375,382264375,277.0,274.0,275.0,-2.5,1093,2357,276.0
2015-11-23,1278186,350402423,276.0,273.0,275.0,0.0,924,2357,274.5
2015-11-24,970938,267801950,277.5,275.0,275.0,0.0,742,2357,275.5
2015-11-25,907391,249672025,277.5,274.5,275.0,0.0,728,2357,275.0
2015-11-26,1401301,384494275,278.0,270.5,275.0,0.0,1162,2357,278.0
2015-11-27,610351,168151976,277.0,275.0,275.0,0.0,472,2357,276.5
2015-11-30,3483909,940712930,271.0,269.0,270.0,-5.0,1481,2357,270.5
2015-12-01,2325250,639759500,277.0,273.0,277.0,7.0,1702,2357,273.0
2015-12-02,1990997,541660422,277.0,269.5,272.0,-5.0,1314,2357,277.0
2015-12-03,1227095,331121650,271.0,268.0,269.0,-3.0,919,2357,269.0
2015-12-04,1852862,497621378,271.0,267.0,269.0,0.0,1407,2357,269.0
2015-12-07,1477401,407949965,278.0,272.5,276.5,7.5,1180,2357,273.0
2015-12-08,2869356,774259120,275.0,268.0,268.0,-8.5,2110,2357,274.0
2015-12-09,1263401,339263369,270.0,267.5,268.0,0.0,977,2357,267.5
2015-12-10,3462091,930914979,275.0,266.5,267.0,-1.0,2252,2357,274.5
2015-12-11,2226806,597102402,271.5,266.5,268.0,1.0,1442,2357,268.0
2015-12-14,979750,259833869,268.5,261.5,266.0,-2.0,834,2357,267.0
2015-12-15,1204268,319213914,267.5,263.5,265.0,-1.0,982,2357,267.0
2015-12-16,585431,156100646,269.0,265.5,266.0,1.0,502,2357,269.0
2015-12-17,1294791,350020957,272.0,268.0,271.5,5.5,1126,2357,269.0
2015-12-18,1375585,372830734,272.5,268.0,271.0,-0.5,790,2357,268.0
2015-12-21,1629498,446768532,275.0,271.5,275.0,4.0,906,2357,275.0
2015-12-22,1156542,319653592,278.0,274.5,277.0,2.0,889,2357,276.0
2015-12-23,945753,262026200,278.0,275.5,278.0,1.0,767,2357,276.5
2015-12-24,440590,122751930,279.5,277.5,278.0,0.0,398,2357,279.0
2015-12-25,350969,97312413,278.5,274.0,278.5,0.5,301,2357,274.0
2015-12-28,451342,126057576,280.0,277.5,279.5,1.0,393,2357,278.5
2015-12-29,833339,229953386,279.0,273.5,273.5,-6.0,684,2357,276.5
2015-12-30,1069339,290984033,275.0,270.0,271.0,-2.5,721,2357,274.5
2015-12-31,459654,125327388,274.0,271.5,272.0,1.0,308,2357,271.5
2016-01-04,1697726,447242890,274.0,260.5,262.0,-10.0,1448,2357,272.0
2016-01-05,1295056,340085728,264.5,261.0,261.5,-0.5,979,2357,262.0
2016-01-06,1383039,363589913,266.5,261.0,264.0,2.5,994,2357,262.0
2016-01-07,2027503,536420532,268.0,260.5,268.0,4.0,1431,2357,265.5
2016-01-08,2197271,590812525,277.5,261.5,276.5,8.5,1517,2357,264.0
2016-01-11,2671622,724946111,276.5,266.0,275.5,-1.0,1828,2357,270.0
2016-01-12,1521476,415498231,276.5,271.0,274.0,-1.5,1097,2357,276.0
2016-01-13,1349116,368306168,275.0,271.0,274.5,0.5,915,2357,275.0
2016-01-14,1643294,445271262,274.5,266.0,274.5,0.0,947,2357,269.0
2016-01-15,2686277,736951121,277.5,269.5,277.5,3.0,1303,2357,272.0
2016-01-18,1707616,463702936,275.0,269.0,270.5,-7.0,1433,2357,272.0
2016-01-19,992950,268916969,273.5,269.5,270.5,0.0,769,2357,270.5
2016-01-20,1996038,530181608,268.0,263.5,263.5,-7.0,1459,2357,267.0
2016-01-21,1118876,294227764,265.5,261.0,262.5,-1.0,664,2357,264.5
2016-01-22,1049539,277648913,268.5,262.0,267.0,4.5,818,2357,262.0
2016-01-25,1186459,321820889,273.0,267.0,271.5,4.5,783,2357,267.0
2016-01-26,1427241,380688347,269.5,266.0,266.0,-5.5,1122,2357,266.5
2016-01-27,858779,228667314,269.0,265.0,267.0,1.0,526,2357,268.5
2016-01-28,1912247,509912702,270.0,263.0,265.5,-1.5,1255,2357,263.0
2016-01-29,2293158,613454415,270.0,264.0,268.5,3.0,1304,2357,264.5
2016-01-30,517220,140325900,272.0,269.0,271.5,3.0,408,2357,269.5
2016-02-01,1143728,311998600,275.0,269.0,275.0,3.5,1007,2357,270.0
2016-02-02,1189241,327769793,277.0,273.0,274.5,-0.5,945,2357,275.0
2016-02-03,1016293,275434252,273.0,269.0,271.0,-3.5,720,2357,271.0
2016-02-15,1461684,392984496,272.5,266.0,269.5,-1.5,1308,2357,270.0
2016-02-16,1207826,327658925,273.0,266.5,272.0,2.5,877,2357,267.0
2016-02-17,1265752,347039796,275.0,272.0,274.5,2.5,1001,2357,273.5
2016-02-18,2506116,691974080,277.0,273.0,276.5,2.0,1420,2357,275.5
2016-02-19,868685,236482320,274.0,271.5,271.5,-5.0,725,2357,273.0
2016-02-22,1358953,368573310,274.5,270.0,270.0,-1.5,742,2357,272.0
2016-02-23,1198467,324342590,272.5,269.5,270.5,0.5,848,2357,270.5
2016-02-24,780108,209855836,273.5,266.5,267.0,-3.5,595,2357,272.5
2016-02-25,1028839,279324869,273.5,269.0,272.5,5.5,720,2357,270.0
2016-02-26,885071,241548312,274.5,270.5,273.5,1.0,601,2357,273.0
2016-03-01,1095205,298649067,274.5,270.0,273.0,-0.5,956,2357,270.0
2016-03-02,854328,234473544,276.0,273.0,274.0,1.0,682,2357,275.0
2016-03-03,1925307,531036372,278.0,272.0,278.0,4.0,1459,2357,272.5
2016-03-04,1376871,376487912,277.5,272.0,272.0,-6.0,1221,2357,277.5
2016-03-07,1754303,483256765,278.0,272.5,278.0,6.0,1377,2357,274.0
2016-03-08,1111881,305016943,277.5,273.0,273.5,-4.5,883,2357,277.5
2016-03-09,1811062,504809860,281.0,274.5,281.0,7.5,1299,2357,275.5
2016-03-10,1935534,553313943,287.0,282.0,287.0,6.0,1428,2357,282.5
2016-03-11,1460794,417606887,289.5,284.0,286.0,-1.0,1155,2357,286.0
2016-03-14,1160987,333982749,289.0,283.0,289.0,3.0,960,2357,286.0
2016-03-15,1495486,426041052,289.0,281.5,284.0,-5.0,960,2357,289.0
2016-03-16,980165,280161025,287.0,284.0,286.5,2.5,818,2357,287.0
2016-03-17,1357241,391956539,291.5,287.0,288.0,1.5,1110,2357,290.0
2016-03-18,3052591,886554081,291.0,289.0,290.5,2.5,1490,2357,291.0
2016-03-21,956159,276762292,291.5,288.0,289.0,-1.5,689,2357,291.5
2016-03-22,1205617,347500253,291.0,286.0,289.0,0.0,925,2357,291.0
2016-03-23,1104942,318709796,290.0,286.0,289.5,0.5,917,2357,289.0
2016-03-24,719434,207651769,289.5,286.0,289.0,-0.5,553,2357,289.0
2016-03-25,223679,64324529,289.5,287.0,287.0,-2.0,218,2357,289.0
2016-03-28,849618,244665549,289.0,286.0,287.5,0.5,605,2357,286.5
2016-03-29,927330,266552880,289.5,286.0,286.5,-1.0,675,2357,288.0
2016-03-30,1521793,437937895,289.5,286.0,286.0,-0.5,1089,2357,288.0
2016-03-31,1543603,445799534,291.0,286.5,289.0,3.0,928,2357,288.0
2016-04-01,1390025,396240756,288.0,283.0,283.5,-5.5,712,2357,286.0
2016-04-06,2140073,607611659,286.5,282.0,283.5,0.0,1610,2357,286.0
2016-04-07,1494644,421605888,284.0,280.5,283.5,0.0,1082,2357,283.5
2016-04-08,1494770,421054140,283.5,280.5,283.5,0.0,1156,2357,280.5
2016-04-11,908216,256202496,283.5,280.5,282.5,-1.0,618,2357,283.0
2016-04-12,812879,229222499,283.0,281.0,282.0,-0.5,697,2357,282.5
2016-04-13,1306713,373471705,287.0,282.0,286.0,4.0,1052,2357,282.0
2016-04-14,1047949,298821567,287.0,283.5,283.5,-2.5,829,2357,287.0
2016-04-15,959663,272764952,287.0,282.5,284.5,1.0,800,2357,286.0
2016-04-18,791823,225677628,286.0,284.0,285.5,1.0,598,2357,286.0
2016-04-19,1193505,340463925,286.5,282.5,286.0,0.5,973,2357,286.5
2016-04-20,1977655,568437994,290.0,285.5,287.0,1.0,1526,2357,288.0
2016-04-21,1205783,342530089,286.5,282.5,284.0,-3.0,1081,2357,283.0
2016-04-22,1045951,299796486,287.5,286.0,287.5,3.5,880,2357,286.0
2016-04-25,1161573,334044878,288.0,286.0,287.5,0.0,655,2357,288.0
2016-04-26,1508470,434004647,288.0,286.0,288.0,0.5,802,2357,286.0
2016-04-27,1228136,353214455,288.5,287.0,287.5,-0.5,714,2357,288.0
2016-04-28,897256,257075329,288.0,286.0,286.0,-1.5,655,2357,288.0
2016-04-29,1071281,303813374,286.5,281.5,283.5,-2.5,775,2357,286.0
2016-05-03,2103114,579317236,281.5,272.0,274.0,-9.5,1190,2357,281.5
2016-05-04,1797897,488992029,276.0,269.0,270.5,-3.5,1271,2357,274.0
2016-05-05,1181694,318562880,271.0,267.5,270.0,-0.5,1034,2357,268.0
2016-05-06,1586307,420263193,269.5,264.0,264.0,-6.0,1336,2357,267.5
2016-05-09,1106205,291437620,264.5,261.0,264.5,0.5,994,2357,263.0
2016-05-10,1503005,392373315,263.0,257.5,263.0,-1.5,1235,2357,260.0
2016-05-11,1419256,367027804,263.0,256.5,260.0,-3.0,1291,2357,263.0
2016-05-12,1532692,411619677,272.0,264.5,272.0,12.0,1352,2357,264.5
2016-05-13,1877761,491298017,266.0,258.5,263.0,-9.0,1624,2357,265.5
2016-05-16,1282523,330863526,260.5,255.5,258.5,-4.5,1062,2357,258.0
2016-05-17,1555609,395768404,257.0,252.0,255.0,-3.5,1323,2357,257.0
2016-05-18,1383984,353648356,259.0,252.5,259.0,4.0,1133,2357,255.0
2016-05-19,1379623,350520167,257.5,252.0,254.5,-4.5,1142,2357,255.5
2016-05-20,871339,222184784,258.0,253.0,253.0,-1.5,766,2357,254.5
2016-05-23,2052194,541879798,269.0,253.0,268.5,15.5,1687,2357,253.0
2016-05-24,1018763,270779432,268.5,264.0,265.0,-3.5,903,2357,268.0
2016-05-25,1083299,289839878,268.5,265.0,267.0,2.0,869,2357,265.0
2016-05-26,1330225,358349134,272.0,267.0,271.0,4.0,996,2357,267.0
2016-05-27,1121685,305130585,273.0,269.5,272.5,1.5,947,2357,272.0
2016-05-30,1689731,470852411,284.0,272.5,283.0,10.5,1440,2357,273.0
2016-05-31,2788111,778433407,283.0,276.0,280.0,-3.0,1223,2357,283.0
2016-06-01,1256591,352496082,282.5,278.5,279.0,-1.0,1004,2357,280.0
2016-06-02,1118465,312782305,282.5,278.0,278.0,-1.0,936,2357,282.0
2016-06-03,938928,264108718,283.0,280.0,282.5,4.5,807,2357,282.0
2016-06-04,283297,79883957,282.5,281.5,282.0,-0.5,260,2357,282.5
2016-06-06,671738,188859640,284.0,278.5,280.0,-2.0,587,2357,283.0
2016-06-07,1555094,438274508,283.5,280.5,283.5,3.5,1229,2357,282.5
2016-06-08,1608092,460578312,287.5,283.5,287.5,4.0,1317,2357,284.0
2016-06-13,1642563,457348721,284.5,275.0,279.0,-8.5,1361,2357,282.5
2016-06-14,2694267,752344216,287.0,270.0,287.0,8.0,2093,2357,271.0
2016-06-15,1523155,430691555,286.5,281.0,283.0,-4.0,1235,2357,286.5
2016-06-16,1249828,349433093,283.0,278.0,280.0,-3.0,1040,2357,283.0
2016-06-17,1705796,481839880,283.5,281.5,281.5,1.5,1121,2357,282.5
2016-06-20,625353,175798011,283.0,280.0,281.5,0.0,552,2357,281.0
2016-06-21,1215548,342325940,283.0,279.0,281.5,0.0,1108,2357,279.5
2016-06-22,1441608,407445064,284.0,280.5,284.0,2.5,1127,2357,280.5
2016-06-23,1066479,297899162,282.5,278.0,278.0,-6.0,887,2357,281.5
2016-06-24,2032758,557688934,280.0,270.0,275.0,-3.0,1530,2357,279.0
2016-06-27,3348559,891859694,274.5,264.0,265.0,-10.0,2550,2357,274.5
2016-06-28,2381780,630353422,269.5,260.0,268.5,3.5,1952,2357,260.5
2016-06-29,1096074,294244406,270.0,266.0,268.0,-0.5,1003,2357,268.5
2016-06-30,2238065,597622355,269.5,265.0,265.5,-2.5,1433,2357,269.0
2016-07-01,1698900,455878141,270.0,265.5,268.5,3.0,1296,2357,265.5
2016-07-04,1059524,286358456,272.0,268.5,270.0,1.5,884,2357,271.0
2016-07-05,712635,192385450,271.0,269.0,270.0,0.0,521,2357,270.0
2016-07-06,1220983,324215478,270.0,264.0,265.5,-4.5,1040,2357,270.0
2016-07-07,497933,132857178,268.0,265.0,267.0,1.5,414,2357,265.5
2016-07-11,1870246,506239920,273.0,269.0,271.0,4.0,1336,2357,270.0
2016-07-12,2245560,612648940,275.0,270.0,275.0,4.0,1478,2357,272.5
2016-07-13,2310173,639569665,280.0,275.0,280.0,5.0,1553,2357,277.0
2016-07-14,1911477,538784289,283.0,279.5,282.0,2.0,1443,2357,280.5
2016-07-15,1850183,522220106,283.5,278.5,283.5,1.5,1601,2357,282.5
2016-07-18,1953801,557388984,286.5,282.0,285.0,1.5,1700,2357,284.0
2016-07-19,1841424,523840742,286.0,283.5,284.5,-0.5,1285,2357,285.5
2016-07-20,2089361,592461115,285.0,282.0,283.0,-1.5,1510,2357,284.0
2016-07-21,2978530,833681310,284.0,276.5,277.0,-6.0,2477,2357,280.5
2016-07-22,1586627,441630806,279.5,277.0,279.5,2.5,1337,2357,277.0
2016-07-25,971061,271643519,282.5,277.5,280.5,1.0,772,2357,281.0
2016-07-26,894489,249416431,280.0,277.0,279.5,-1.0,795,2357,277.5
2016-07-27,943155,264760827,281.5,279.5,281.0,1.5,519,2357,279.5
2016-07-28,1045580,294412480,282.5,280.0,282.5,1.5,877,2357,280.0
2016-07-29,2332923,652084770,282.5,277.5,277.5,-5.0,1135,2357,282.0
2016-08-01,1095576,309711008,284.0,280.0,284.0,6.5,907,2357,280.0
2016-08-02,1363556,384093736,284.0,280.5,282.0,-2.0,1067,2357,284.0
2016-08-03,910400,256439586,283.0,279.0,282.0,0.0,688,2357,280.0
2016-08-04,2520700,712918400,283.5,281.5,282.5,0.5,1424,2357,283.5
2016-08-05,2326606,629974620,272.5,270.0,270.0,0.0,1620,2357,270.0
2016-08-08,1909314,514079780,272.0,267.5,270.5,0.5,1255,2357,270.5
2016-08-09,1177874,316393980,271.0,267.5,271.0,0.5,998,2357,269.0
2016-08-10,1067677,286918113,270.0,267.0,269.0,-2.0,751,2357,269.5
2016-08-11,1444918,384463288,269.0,265.0,265.5,-3.5,797,2357,269.0
2016-08-12,1996713,530060919,268.0,263.0,263.0,-2.5,1318,2357,266.5
2016-08-15,2134659,565748335,266.0,264.0,265.5,2.5,854,2357,264.0
2016-08-16,1162619,307698416,266.0,264.0,264.0,-1.5,774,2357,264.0
2016-08-17,851040,226205614,267.0,265.0,265.5,1.5,692,2357,266.0
2016-08-18,765300,204750600,268.5,266.0,268.5,3.0,718,2357,267.5
2016-08-19,1516984,409612162,271.0,268.5,270.5,2.0,1149,2357,269.0
2016-08-22,744470,200254990,270.5,268.5,269.0,-1.5,586,2357,270.0
2016-08-23,954559,257353871,271.0,268.5,271.0,2.0,772,2357,269.0
2016-08-24,1327586,358642634,271.5,268.5,269.0,-2.0,757,2357,269.0
2016-08-25,1049707,285735011,274.0,269.0,274.0,5.0,802,2357,271.0
2016-08-26,532096,145820247,275.0,271.5,275.0,1.0,468,2357,274.0
2016-08-29,1231998,335320958,275.5,270.5,271.5,-3.5,923,2357,275.5
2016-08-30,833093,227225740,274.5,271.0,273.0,1.5,653,2357,273.5
2016-08-31,1563792,420883727,272.5,268.0,268.5,-4.5,863,2357,271.0
2016-09-01,857741,230296829,271.0,267.0,270.0,1.5,759,2357,268.0
2016-09-02,832678,226105560,272.5,269.0,271.5,1.5,736,2357,270.0
2016-09-05,485919,132925498,274.5,272.5,273.0,1.5,470,2357,273.0
2016-09-06,1089863,300450325,276.5,273.0,276.5,3.5,899,2357,273.5
2016-09-07,947318,260816814,278.0,273.0,274.5,-2.0,736,2357,277.0
2016-09-08,1865571,511962954,277.5,271.5,275.0,0.5,1413,2357,276.0
2016-09-09,495877,135110044,274.0,271.5,274.0,-1.0,367,2357,272.0
2016-09-10,559463,152084936,273.0,270.5,272.0,-2.0,348,2357,272.0
2016-09-12,943979,256121830,274.0,270.0,271.0,-1.0,747,2357,272.0
2016-09-13,1040471,279735929,271.0,267.0,269.0,-2.0,888,2357,270.0
2016-09-14,1157570,310124380,271.0,267.0,268.0,-1.0,710,2357,267.5
2016-09-19,2097235,580762433,280.0,274.0,279.5,11.5,1662,2357,275.0
2016-09-20,729416,201324900,278.0,275.0,275.5,-4.0,593,2357,277.0
2016-09-21,910863,251381688,278.0,274.5,278.0,2.5,813,2357,276.0
2016-09-22,819600,227243891,279.5,276.0,278.0,0.0,700,2357,279.0
2016-09-23,700850,194803950,279.0,276.5,278.5,0.5,603,2357,278.0
2016-09-26,749650,208381150,279.0,276.0,279.0,0.5,224,2357,278.0
2016-09-29,2609871,737452539,284.5,280.0,284.0,5.0,1895,2357,281.0
2016-09-30,1025408,287768122,284.0,279.5,279.5,-4.5,768,2357,282.5
2016-10-03,986764,279687948,284.5,279.5,283.5,4.0,740,2357,282.5
2016-10-04,551104,156106870,284.0,281.0,284.0,0.5,498,2357,284.0
2016-10-05,492104,139248828,283.5,281.5,283.5,-0.5,324,2357,282.0
2016-10-06,325780,92050180,284.0,282.0,282.0,-1.5,321,2357,284.0
2016-10-07,685743,191827911,282.0,279.0,279.0,-3.0,578,2357,282.0
2016-10-11,702888,197824640,283.5,280.0,282.0,3.0,605,2357,282.5
2016-10-12,568205,160113495,282.5,279.0,282.0,0.0,429,2357,280.0
2016-10-13,2758295,778580936,284.0,280.5,282.0,0.0,950,2357,282.0
2016-10-14,350745,98390855,282.0,279.5,279.5,-2.5,306,2357,282.0
2016-10-17,718961,200134658,280.5,276.0,280.0,0.5,578,2357,280.0
2016-10-18,666859,186534223,280.0,278.5,280.0,0.0,409,2357,279.5
2016-10-19,816981,228642199,280.5,279.0,280.0,0.0,594,2357,280.0
2016-10-20,1394982,392237242,282.0,280.0,282.0,2.0,537,2357,281.0
2016-10-21,422507,118064693,282.0,278.0,279.5,-2.5,310,2357,282.0
2016-10-24,304515,85327185,281.0,279.5,280.5,1.0,264,2357,280.0
2016-10-25,998171,278917612,281.0,277.0,280.0,-0.5,889,2357,280.5
2016-10-26,1175578,331250158,283.0,280.0,281.5,1.5,588,2357,280.0
2016-10-27,1965404,552550714,282.5,279.0,281.0,-0.5,698,2357,281.5
2016-10-28,588987,164172884,280.0,277.5,278.0,-3.0,435,2357,277.5
2016-10-31,1240580,343651359,279.5,276.0,276.5,-1.5,919,2357,277.0
2016-11-01,678519,186669954,276.5,274.0,275.0,-1.5,595,2357,275.5
2016-11-02,363846,99539369,275.0,273.0,273.5,-1.5,355,2357,273.5
2016-11-03,586477,160611473,276.0,272.5,272.5,-1.0,526,2357,275.5
2016-11-04,441434,119831614,273.5,271.0,271.0,-1.5,414,2357,272.0
2016-11-07,373333,102312909,275.0,272.0,274.0,3.0,300,2357,272.0
2016-11-08,357151,98469025,276.5,275.0,276.0,2.0,316,2357,275.5
2016-11-09,1771108,480435160,280.0,268.0,268.5,-7.5,1522,2357,278.0
2016-11-10,918451,250103672,273.5,271.0,273.5,5.0,731,2357,273.5
2016-11-11,1838660,484982580,269.0,262.5,262.5,-11.0,1638,2357,267.0
2016-11-14,2074448,547117491,267.5,261.5,262.5,0.0,1548,2357,266.0
2016-11-15,1024957,268128234,263.0,261.0,261.0,-1.5,922,2357,262.5
2016-11-16,934239,245298357,264.5,261.0,261.0,0.0,709,2357,263.0
2016-11-17,523467,136926354,262.5,261.0,261.0,0.0,492,2357,262.0
2016-11-18,1742171,455954606,264.5,261.0,263.0,2.0,820,2357,261.0
2016-11-21,888700,234517000,265.0,261.0,265.0,2.0,750,2357,264.0
2016-11-22,1355877,362685462,269.5,264.0,268.5,3.5,1133,2357,265.0
2016-11-23,881208,236746494,270.0,267.0,268.5,0.0,640,2357,267.0
2016-11-24,677875,180896750,268.5,266.0,266.0,-2.5,405,2357,268.5
2016-11-25,390576,104214716,268.0,265.5,266.5,0.5,327,2357,266.0
2016-11-28,918978,245436050,268.0,266.0,266.0,-0.5,725,2357,266.5
2016-11-29,1389663,367927032,267.0,262.5,262.5,-3.5,1128,2357,265.0
2016-11-30,2506052,662423176,265.5,264.0,264.0,1.5,916,2357,265.5
2016-12-01,2619721,689765865,265.0,263.0,263.0,-1.0,1334,2357,264.0
2016-12-02,1791120,468516640,264.0,261.0,261.0,-2.0,1409,2357,263.0
2016-12-05,956723,250932054,263.5,261.0,261.5,0.5,784,2357,263.0
2016-12-06,1158497,305621711,265.0,263.0,263.0,1.5,991,2357,264.5
2016-12-07,1032526,274021364,266.0,264.0,265.5,2.5,798,2357,265.0
2016-12-08,1381780,367871980,267.0,265.5,267.0,1.5,1001,2357,266.5
2016-12-09,1404189,373977968,267.5,265.0,265.0,-2.0,953,2357,267.0
2016-12-12,745494,198737410,267.5,266.0,266.5,1.5,593,2357,267.0
2016-12-13,1044065,277858790,267.0,265.0,267.0,0.5,867,2357,266.5
2016-12-14,753968,201020020,267.0,266.0,266.0,-1.0,622,2357,267.0
2016-12-15,931060,247833460,268.0,264.0,266.5,0.5,711,2357,266.5
2016-12-16,1633038,434109570,268.0,264.5,265.0,-1.5,958,2357,268.0
2016-12-19,1034751,272940013,265.5,263.0,263.5,-1.5,639,2357,265.0
2016-12-20,1037791,273530919,264.0,263.0,263.5,0.0,819,2357,263.5
2016-12-21,1030782,271753166,264.5,262.5,263.5,0.0,616,2357,263.5
2016-12-22,1213602,319095826,264.0,262.0,263.0,-0.5,746,2357,263.0
2016-12-23,1246012,329061155,265.5,263.0,264.0,1.0,835,2357,263.0
2016-12-26,191709,50588676,264.5,263.0,264.0,0.0,201,2357,264.0
2016-12-27,376164,99325710,264.5,263.5,264.5,0.5,320,2357,264.0
2016-12-28,1188975,314118904,265.0,263.5,264.0,-0.5,673,2357,265.0
2016-12-29,705209,186344467,265.5,263.0,263.0,-1.0,512,2357,264.0
2016-12-30,559410,148312240,266.0,264.0,265.0,2.0,347,2357,265.5
2017-01-03,942081,251048566,267.0,265.0,267.0,2.0,274,2357,265.5
2017-01-04,696128,186401107,269.0,266.5,267.0,0.0,585,2357,267.5
2017-01-05,1175570,316031452,269.5,267.0,269.0,2.0,683,2357,268.5
2017-01-06,651630,175739970,270.0,269.0,270.0,1.0,642,2357,269.5
2017-01-09,384814,103802466,271.5,268.5,269.0,-1.0,383,2357,271.0
2017-01-10,431470,116506900,270.5,269.0,270.5,1.5,398,2357,270.0
2017-01-11,674477,182797767,272.5,269.0,272.5,2.0,606,2357,270.5
2017-01-12,962173,264356575,276.0,273.0,276.0,3.5,912,2357,274.0
2017-01-13,930706,256639495,277.0,273.0,277.0,1.0,824,2357,276.0
2017-01-16,441068,121195090,276.5,273.5,275.0,-2.0,391,2357,276.5
2017-01-17,354718,97321867,275.5,273.5,275.0,0.0,295,2357,274.5
2017-01-18,633315,173469180,275.5,272.0,272.0,-3.0,547,2357,273.0
2017-01-19,893078,241666060,273.0,268.0,271.0,-1.0,704,2357,272.0
2017-01-20,576099,157418970,274.5,270.5,273.5,2.5,515,2357,271.0
2017-01-23,869759,240112225,277.0,275.0,277.0,3.5,648,2357,275.0
2017-01-24,810113,222483736,277.0,273.0,273.0,-4.0,639,2357,275.0
2017-02-02,1765566,477039532,277.0,268.0,269.0,-4.0,1388,2357,271.0
2017-02-03,1462051,389513027,271.0,265.0,266.0,-3.0,1138,2357,269.0
2017-02-06,1268973,334846862,265.5,263.0,263.5,-2.5,1115,2357,263.0
2017-02-07,824652,218841092,266.5,263.0,266.5,3.0,730,2357,263.0
2017-02-08,1266926,333222538,265.5,262.0,262.5,-4.0,1035,2357,265.0
2017-02-09,815930,215795470,265.0,263.0,265.0,2.5,726,2357,263.0
2017-02-10,1792292,476781672,266.5,265.0,266.5,1.5,931,2357,265.0
2017-02-13,2164335,584960450,272.0,267.5,271.5,5.0,1590,2357,268.5
2017-02-14,2156087,591960838,275.5,273.5,275.5,4.0,1523,2357,273.5
2017-02-15,2631995,733225587,280.0,276.5,280.0,4.5,2035,2357,276.5
2017-02-16,2033036,561813864,280.0,274.0,274.0,-6.0,1450,2357,280.0
2017-02-17,1041444,287320156,277.0,274.0,275.0,1.0,753,2357,276.0
2017-02-18,94445,25994375,276.0,275.0,275.5,0.5,134,2357,275.0
2017-02-20,460335,126427455,277.5,273.5,274.5,-1.0,434,2357,276.0
2017-02-21,738147,201892631,276.0,272.5,274.0,-0.5,628,2357,274.5
2017-02-22,813213,223756246,276.0,274.5,274.5,0.5,636,2357,276.0
2017-02-23,1235470,343332910,279.0,275.5,279.0,4.5,905,2357,276.0
2017-02-24,1732296,480910133,279.5,276.0,277.5,-1.5,1067,2357,279.0
2017-03-01,2050231,566244574,279.5,274.5,274.5,-3.0,1265,2357,279.5
2017-03-02,1721365,478796425,279.0,276.5,278.5,4.0,1228,2357,278.0
2017-03-03,1814896,506496938,280.0,277.0,279.0,0.5,1135,2357,278.5
2017-03-06,1314399,364027813,279.0,276.0,277.0,-2.0,516,2357,279.0
2017-03-07,2651250,734427538,278.0,276.0,278.0,1.0,612,2357,277.0
2017-03-08,2349827,652471052,280.0,276.5,276.5,-1.5,705,2357,280.0
2017-03-09,1608219,446517305,280.0,275.5,278.0,1.5,1195,2357,280.0
2017-03-10,1969571,550242738,282.0,277.5,279.0,1.0,1242,2357,280.0
2017-03-13,759832,212727628,281.0,279.0,280.0,1.0,590,2357,281.0
2017-03-14,3176395,902858750,287.5,279.5,287.5,7.5,2100,2357,281.0
2017-03-15,1211150,347187250,290.0,285.5,286.5,-1.0,900,2357,288.5
2017-03-16,1175754,338647644,289.5,287.0,288.0,1.5,909,2357,288.0
2017-03-17,1964698,563402765,289.0,285.0,287.0,-1.0,1061,2357,288.0
2017-03-20,680706,194131798,287.0,284.0,284.0,-3.0,587,2357,287.0
2017-03-21,1830550,526955851,289.0,285.0,289.0,5.0,1084,2357,285.0
2017-03-22,1495716,433298424,291.0,287.5,290.5,1.5,1110,2357,288.5
2017-03-23,861217,250723812,292.0,290.0,291.0,0.5,730,2357,292.0
2017-03-24,1219674,355597960,292.5,290.0,291.5,0.5,1072,2357,291.0
2017-03-27,4677486,1382624446,297.5,291.5,296.5,5.0,1522,2357,294.0
2017-03-28,2313382,686724368,298.0,295.5,297.0,0.5,1679,2357,297.5
2017-03-29,1688995,501270509,299.0,296.0,297.0,0.0,1303,2357,299.0
2017-03-30,1616383,480165868,298.0,296.0,297.5,0.5,1199,2357,298.0
2017-03-31,2194470,656545060,300.0,298.0,300.0,2.5,1427,2357,299.0
2017-04-05,2771427,845757987,308.0,300.0,306.5,6.5,1981,2357,300.0
2017-04-06,1491034,448880132,305.0,299.0,299.0,-7.5,1324,2357,305.0
2017-04-07,2144287,639406111,300.0,297.0,299.0,0.0,1200,2357,300.0
2017-04-10,1961285,581190755,299.0,294.5,295.5,-3.5,1000,2357,299.0
2017-04-11,2194045,632034467,292.0,285.5,288.5,-7.0,1824,2357,292.0
2017-04-12,1941460,564667843,293.0,286.0,293.0,4.5,1108,2357,286.0
2017-04-13,968066,281479074,293.0,289.0,290.5,-2.5,721,2357,293.0
2017-04-14,373031,106817366,289.5,285.0,286.0,-4.5,366,2357,288.5
2017-04-17,731078,208125892,287.0,283.5,284.0,-2.0,497,2357,286.0
2017-04-18,1357138,388215268,288.0,284.5,287.0,3.0,891,2357,284.5
2017-04-19,1366227,396751707,292.0,286.5,291.5,4.5,1169,2357,288.5
2017-04-20,3638327,1046237969,290.0,287.0,287.5,-4.0,754,2357,288.0
2017-04-21,1019060,299036597,295.0,288.5,294.5,7.0,845,2357,290.0
2017-04-24,506946,149294678,296.5,293.5,293.5,-1.0,413,2357,295.0
2017-04-25,2152554,647401700,302.0,298.5,302.0,8.5,1599,2357,300.0
2017-04-26,1622813,487142167,302.5,297.0,300.0,-2.0,1157,2357,302.0
2017-04-27,761737,226061915,299.0,294.5,296.5,-3.5,641,2357,297.0
2017-04-28,696544,206507980,298.5,294.5,296.5,0.0,557,2357,298.0
2017-05-02,1367852,411867600,302.0,299.0,302.0,5.5,1208,2357,299.0
2017-05-03,803988,241307407,302.0,298.0,300.5,-1.5,743,2357,302.0
2017-05-04,687644,206512056,303.0,298.5,300.5,0.0,567,2357,301.5
2017-05-05,812403,244237497,302.5,299.5,300.0,-0.5,715,2357,302.5
2017-05-08,1071892,318656424,301.0,295.0,298.5,-1.5,594,2357,301.0
2017-05-09,631507,188400072,299.5,297.5,298.0,-0.5,547,2357,298.5
2017-05-10,1584490,463651100,297.5,290.5,290.5,-7.5,1248,2357,297.5
2017-05-11,2419537,699289523,293.0,286.0,293.0,2.5,1543,2357,290.0
2017-05-12,3050531,863946141,285.0,281.0,282.0,-11.0,2042,2357,285.0
2017-05-15,2018044,565684320,282.0,279.5,280.0,-2.0,1597,2357,280.0
2017-05-16,2459544,691711108,283.0,280.0,282.5,2.5,1639,2357,280.0
2017-05-17,2113714,593220269,284.0,279.0,280.5,-2.0,1532,2357,284.0
2017-05-18,1582696,446961110,284.0,279.5,283.0,2.5,1303,2357,281.5
2017-05-19,1071240,303399680,284.0,281.0,284.0,1.0,903,2357,283.0
2017-05-22,986298,277663738,283.5,281.0,281.0,-3.0,825,2357,283.5
2017-05-23,1159915,328142030,284.5,280.0,283.5,2.5,891,2357,280.0
2017-05-24,1019744,290149656,285.5,283.0,285.0,1.5,779,2357,284.5
2017-05-25,1556582,448567698,291.0,284.0,291.0,6.0,1190,2357,285.0
2017-05-26,1618728,464501708,290.5,285.0,286.5,-4.5,1312,2357,290.5
2017-05-31,1758006,501254204,287.0,284.0,285.0,-1.5,1225,2357,286.5
2017-06-01,665739,191595832,289.0,286.5,289.0,4.0,567,2357,287.0
2017-06-02,809172,234095611,290.5,288.0,290.0,1.0,725,2357,290.0
2017-06-03,59885,17321380,290.0,288.5,288.5,-1.5,98,2357,290.0
2017-06-05,1131657,328713842,291.5,288.0,291.5,3.0,988,2357,288.0
2017-06-06,805556,232941899,292.0,288.0,289.0,-2.5,697,2357,291.0
2017-06-07,2167455,618347975,288.5,284.5,285.0,-4.0,1331,2357,288.0
2017-06-08,936024,266962816,287.0,284.5,284.5,-0.5,743,2357,285.0
2017-06-09,1570452,448113633,287.0,284.5,284.5,0.0,1095,2357,284.5
2017-06-12,1767546,497978688,285.0,280.5,280.5,-4.0,1604,2357,282.0
2017-06-13,1116693,315954119,284.5,280.5,283.5,3.0,1000,2357,281.0
2017-06-14,1052965,296931665,284.0,281.0,281.0,-2.5,832,2357,283.0
2017-06-15,817423,230020363,282.5,281.0,281.5,0.5,750,2357,281.0
2017-06-16,958263,268819250,282.5,280.0,280.0,-1.5,525,2357,281.0
2017-06-19,873667,248474761,286.0,281.0,284.5,4.5,715,2357,281.0
2017-06-20,923227,265195922,289.0,286.0,287.0,2.5,865,2357,286.5
2017-06-21,985217,280980082,287.5,283.0,285.0,-2.0,785,2357,286.0
2017-06-22,807712,231477920,287.5,285.0,286.0,1.0,664,2357,286.5
2017-06-23,601826,172342736,287.5,284.0,287.5,1.5,480,2357,284.0
2017-06-26,951939,275018432,289.5,287.0,289.5,2.0,842,2357,287.0
2017-06-27,1291649,372925974,290.0,287.0,287.0,-2.5,1111,2357,289.5
2017-06-28,1367312,394962886,290.0,285.5,289.5,2.5,1136,2357,286.0
2017-06-29,968345,277694439,290.0,285.5,285.5,-4.0,667,2357,288.0
2017-06-30,1630378,466982648,288.0,284.5,287.5,2.0,755,2357,285.5
2017-07-03,1262365,362208845,288.0,285.5,287.0,-0.5,506,2357,287.5
2017-07-04,694012,198294908,287.5,285.0,285.0,-2.0,587,2357,286.5
2017-07-05,1182967,339726000,289.0,284.0,289.0,4.0,931,2357,285.5
2017-07-06,1049997,304427633,290.5,287.5,290.0,1.0,837,2357,288.5
2017-07-07,648368,188015852,291.0,287.0,290.0,0.0,477,2357,289.5
2017-07-10,1513593,442986226,294.0,288.5,293.5,3.5,960,2357,289.5
2017-07-11,1438232,423849208,296.0,293.5,294.0,0.5,1110,2357,293.5
2017-07-12,1128558,331373936,295.0,291.5,294.0,0.0,947,2357,294.0
2017-07-13,1969166,571625662,294.0,288.0,289.0,-5.0,1392,2357,293.5
2017-07-14,999464,291169468,293.0,288.5,290.5,1.5,610,2357,288.5
2017-07-17,2134998,619746544,294.0,288.0,289.0,-1.5,824,2357,293.5
2017-07-18,1061252,304242739,288.5,285.5,285.5,-3.5,858,2357,288.0
2017-07-19,1588036,452123224,287.0,283.0,283.5,-2.0,1302,2357,285.5
2017-07-20,1401978,398832744,286.5,283.0,283.5,0.0,1153,2357,284.5
2017-07-21,535662,152195008,285.0,283.0,285.0,1.5,484,2357,283.5
2017-07-24,2379500,670085229,283.5,279.5,282.5,-2.5,1832,2357,283.5
2017-07-25,1853069,520965406,282.5,280.0,281.5,-1.0,1536,2357,280.5
2017-07-26,1403184,394591097,282.5,280.0,281.0,-0.5,1321,2357,281.0
2017-07-27,971047,274219754,284.0,280.5,282.0,1.0,806,2357,281.0
2017-07-28,773010,217845810,283.0,281.0,281.0,-1.0,660,2357,282.0
2017-07-31,1566701,440400691,283.0,280.0,281.0,0.0,904,2357,281.0
2017-08-01,1441332,408088774,284.0,282.0,283.0,2.0,927,2357,282.0
2017-08-02,1222197,347024837,285.0,283.0,284.0,1.0,1064,2357,284.0
2017-08-03,1468908,412807556,282.5,280.0,281.5,-2.5,873,2357,280.0
2017-08-04,2327035,654083335,282.5,280.5,280.5,-1.0,1340,2357,281.0
2017-08-07,3453223,967121521,281.5,278.5,280.5,0.0,1979,2357,278.5
2017-08-08,5124285,1359788525,268.0,263.0,263.0,0.0,2353,2357,268.0
2017-08-09,1724482,458003212,267.0,264.0,265.5,2.5,1231,2357,265.0
2017-08-10,1871869,492321547,265.5,262.0,263.0,-2.5,1160,2357,265.0
2017-08-11,2184221,568245123,263.0,258.0,258.0,-5.0,1400,2357,262.0
2017-08-14,4340914,1070340672,251.0,243.5,246.0,-12.0,2811,2357,243.5
2017-08-15,2454057,606260592,252.0,245.0,245.0,-1.0,1556,2357,249.0
2017-08-16,1762839,430770555,247.0,242.5,244.0,-1.0,1402,2357,245.0
2017-08-17,1435830,350566350,247.0,242.5,243.5,-0.5,1318,2357,244.0
2017-08-18,1802322,438638212,246.0,241.5,245.5,2.0,1353,2357,243.5
2017-08-21,700175,170344097,245.0,242.5,242.5,-3.0,698,2357,245.0
2017-08-22,1055353,256071279,245.0,241.5,242.0,-0.5,936,2357,241.5
2017-08-23,996448,242608570,244.0,242.5,243.5,1.5,912,2357,243.0
2017-08-24,1522149,368143558,244.0,241.0,241.0,-2.5,1356,2357,242.0
2017-08-25,982835,238144405,243.5,241.0,243.0,2.0,937,2357,241.0
2017-08-28,2963984,739531100,252.0,244.5,249.0,6.0,2111,2357,245.0
2017-08-29,1714365,424011804,252.0,245.5,246.5,-2.5,1313,2357,252.0
2017-08-30,1057351,261737697,249.5,246.5,247.0,0.5,875,2357,246.5
2017-08-31,1415849,352881569,250.0,247.5,250.0,3.0,895,2357,247.5
2017-09-01,1729558,436694095,254.5,251.0,253.5,3.5,1090,2357,251.5
2017-09-04,1811887,452653071,252.0,248.0,251.5,-2.0,1174,2357,252.0
2017-09-05,1841847,460580597,252.5,249.0,251.0,-0.5,1040,2357,251.0
2017-09-06,3002844,740075812,250.0,244.0,246.0,-5.0,1979,2357,249.0
2017-09-07,1273935,313280510,248.0,245.0,245.0,-1.0,818,2357,246.5
2017-09-08,1233264,303014708,247.0,245.0,247.0,2.0,1035,2357,245.0
2017-09-11,912288,226424924,249.5,247.0,248.0,1.0,558,2357,248.0
2017-09-12,2294378,580526308,256.0,249.0,255.0,7.0,1601,2357,249.5
2017-09-13,1047922,265690293,257.0,251.5,252.5,-2.5,854,2357,257.0
2017-09-14,1027936,259846261,254.0,251.0,254.0,1.5,750,2357,251.0
2017-09-15,2099453,535297515,256.0,252.5,256.0,2.0,799,2357,254.0
2017-09-18,1349092,341702868,254.5,252.0,254.0,-2.0,1211,2357,254.0
2017-09-19,1664555,421603896,254.5,252.0,253.5,-0.5,969,2357,254.0
2017-09-20,1591669,403559711,256.0,252.0,256.0,2.5,1035,2357,254.0
2017-09-21,1345739,345132184,257.5,254.5,257.0,1.0,1023,2357,255.0
2017-09-22,1077677,273875112,257.0,253.0,254.0,-3.0,824,2357,257.0
2017-09-25,870902,219213402,254.5,251.0,252.5,-1.5,703,2357,254.0
2017-09-26,1342016,337027746,253.0,250.5,252.5,0.0,897,2357,250.5
2017-09-27,913491,228743250,252.0,249.5,250.0,-2.5,726,2357,251.0
2017-09-28,1165784,289585312,250.0,247.0,247.5,-2.5,915,2357,250.0
2017-09-29,1773635,438947480,249.5,246.0,249.5,2.0,1156,2357,247.5
2017-09-30,250972,62582556,252.0,248.0,248.0,-1.5,249,2357,250.0
2017-10-02,1474272,365177456,249.0,247.0,247.0,-1.0,903,2357,248.0
2017-10-03,2075866,507919170,247.5,243.0,243.5,-3.5,1470,2357,247.0
2017-10-05,914490,225586757,248.0,244.0,247.5,4.0,639,2357,244.0
2017-10-06,1046651,259280099,249.0,246.5,249.0,1.5,752,2357,247.5
2017-10-11,1966749,486422563,250.0,246.0,247.0,-2.0,1162,2357,249.5
2017-10-12,1449364,362805311,252.0,249.5,250.5,3.5,992,2357,250.0
2017-10-13,923799,231263138,251.5,249.0,251.0,0.5,749,2357,251.0
2017-10-16,932552,233048763,251.5,248.5,251.0,0.0,642,2357,251.0
2017-10-17,701151,176515317,252.5,251.0,251.5,0.5,547,2357,251.0
2017-10-18,1989319,506955164,258.0,252.0,257.0,5.5,1472,2357,252.0
2017-10-19,1160051,295725516,257.0,253.5,256.5,-0.5,726,2357,257.0
2017-10-20,1748777,449808189,258.0,254.5,258.0,1.5,783,2357,256.5
2017-10-23,665316,170197764,258.0,255.0,255.0,-3.0,535,2357,258.0
2017-10-24,664430,169798080,257.0,254.5,256.0,1.0,437,2357,257.0
2017-10-25,766515,196146840,257.0,255.0,256.5,0.5,526,2357,256.5
2017-10-26,801043,206797594,259.5,256.0,258.5,2.0,606,2357,257.5
2017-10-27,1054154,274461255,261.5,259.0,261.0,2.5,786,2357,260.0
2017-10-30,962669,250755787,262.5,259.5,260.5,-0.5,605,2357,261.0
2017-10-31,1098236,285836262,261.5,258.5,261.0,0.5,566,2357,258.5
2017-11-01,613372,159630149,261.5,259.5,260.0,-1.0,468,2357,261.0
2017-11-02,471549,123110740,262.5,259.0,261.0,1.0,385,2357,259.5
2017-11-03,897497,235729448,263.5,261.0,263.5,2.5,640,2357,262.0
2017-11-06,863165,227005895,265.0,261.0,264.0,0.5,700,2357,262.0
2017-11-07,1189778,311690558,263.0,260.5,262.0,-2.0,642,2357,262.5
2017-11-08,1190832,310425652,262.5,259.0,262.0,0.0,958,2357,262.0
2017-11-09,1301233,342232546,264.0,261.0,263.5,1.5,982,2357,262.0
2017-11-10,1925302,495275718,260.5,254.0,259.0,-4.5,1575,2357,260.5
2017-11-13,3073081,836965968,277.5,268.5,273.0,14.0,2515,2357,270.0
2017-11-14,2009141,547710352,274.0,269.0,274.0,1.0,1500,2357,269.5
2017-11-15,2309759,629760318,274.5,270.0,273.5,-0.5,1591,2357,273.5
2017-11-16,1823222,498600076,275.0,271.0,274.0,0.5,1358,2357,271.0
2017-11-17,2502603,692666700,278.0,275.0,277.0,3.0,1428,2357,275.5
2017-11-20,812202,223756550,277.0,275.0,276.0,-1.0,763,2357,277.0
2017-11-21,1495495,413634625,278.0,275.0,276.0,0.0,1073,2357,275.5
2017-11-22,2435050,662363512,277.5,270.0,271.5,-4.5,1882,2357,273.0
2017-11-23,811436,221265092,274.0,272.0,273.0,1.5,658,2357,273.0
2017-11-24,897810,245879217,275.0,273.0,273.0,0.0,656,2357,274.0
2017-11-27,656799,178725529,275.0,271.0,271.5,-1.5,575,2357,275.0
2017-11-28,1125360,306106420,273.5,271.0,273.5,2.0,914,2357,271.0
2017-11-29,1718183,461909113,272.0,267.0,269.0,-4.5,1390,2357,272.0
2017-11-30,3328555,907935515,276.0,267.0,276.0,7.0,1653,2357,267.5
2017-12-01,1300586,352565220,274.0,269.0,270.0,-6.0,1095,2357,273.5
2017-12-04,995636,268301759,271.0,267.5,269.0,-1.0,855,2357,270.0
2017-12-05,1022041,274397995,269.0,267.5,268.5,-0.5,656,2357,269.0
2017-12-06,1185673,318208192,270.5,266.5,269.5,1.0,887,2357,270.5
2017-12-07,954593,253933345,269.5,265.0,265.0,-4.5,839,2357,269.5
2017-12-08,1147122,308772369,270.0,267.5,270.0,5.0,1001,2357,268.0
2017-12-11,935146,251124982,270.5,267.0,267.0,-3.0,706,2357,268.0
2017-12-12,1103968,296895860,271.0,265.5,271.0,4.0,909,2357,267.0
2017-12-13,1042918,280870106,272.0,267.0,267.0,-4.0,874,2357,270.5
2017-12-14,1211290,327651720,272.0,268.0,269.5,2.5,915,2357,269.5
2017-12-15,1668613,450420510,271.0,268.0,270.5,1.0,675,2357,269.5
2017-12-18,785486,212565234,272.0,268.5,270.0,-0.5,699,2357,270.0
2017-12-19,1133571,308831519,273.0,270.0,273.0,3.0,978,2357,270.0
2017-12-20,685081,186824532,273.5,272.0,273.0,0.0,488,2357,273.0
2017-12-21,755597,206317173,273.5,272.0,273.0,0.0,536,2357,273.0
2017-12-22,580238,158643474,274.5,271.5,274.0,1.0,327,2357,272.5
2017-12-25,138058,37776801,274.0,273.0,274.0,0.0,148,2357,273.0
2017-12-26,205817,55831590,274.0,270.0,270.0,-4.0,210,2357,274.0
2017-12-27,202159,55077589,273.0,270.0,273.0,3.0,212,2357,270.0
2017-12-28,1451419,402242644,281.5,272.5,277.5,4.5,1103,2357,273.0
2017-12-29,857448,239103504,279.5,277.5,279.5,2.0,638,2357,278.0
2018-01-02,365552,101560404,279.0,276.5,278.0,-1.5,347,2357,279.0
2018-01-03,1068681,295860980,279.0,276.0,277.0,-1.0,645,2357,279.0
2018-01-04,1712792,468376132,278.0,271.0,271.0,-6.0,1261,2357,278.0
2018-01-05,2414104,654742288,273.5,269.5,272.0,1.0,824,2357,271.5
2018-01-08,1224326,335394518,275.0,272.0,274.0,2.0,662,2357,273.5
2018-01-09,3914165,1033495960,272.5,262.0,262.5,-11.5,2650,2357,272.5
2018-01-10,2502842,653943288,264.0,258.5,264.0,1.5,1596,2357,260.0
2018-01-11,1309232,346738980,265.5,263.5,265.5,1.5,778,2357,264.0
2018-01-12,947223,252239795,267.0,264.0,266.0,0.5,631,2357,266.0
2018-01-15,1060416,283372572,268.5,265.0,268.0,2.0,626,2357,266.5
2018-01-16,1683744,455902380,272.5,266.0,271.0,3.0,1036,2357,269.5
2018-01-17,2384675,657865269,278.0,271.0,276.0,5.0,1882,2357,272.5
2018-01-18,2284097,637911963,280.0,277.5,279.5,3.5,1687,2357,279.0
2018-01-19,923810,258260990,280.5,278.0,280.5,1.0,716,2357,279.0
2018-01-22,1842112,519022972,283.0,280.5,283.0,2.5,1218,2357,280.5
2018-01-23,1559770,438918200,284.0,279.0,281.5,-1.5,1040,2357,283.0
2018-01-24,1450114,403620406,281.0,276.5,280.5,-1.0,885,2357,281.0
2018-01-25,1504104,422145120,282.0,279.0,281.0,0.5,1072,2357,279.0
2018-01-26,1032363,288588777,281.0,278.5,281.0,0.0,749,2357,279.5
2018-01-29,1178279,330592780,282.0,279.5,282.0,1.0,680,2357,281.0
2018-01-30,1439715,404392600,282.0,278.5,282.0,0.0,652,2357,280.0
2018-01-31,3124648,878137404,282.0,280.0,281.0,-1.0,702,2357,280.0
2018-02-01,3138689,884433945,283.0,279.0,283.0,2.0,922,2357,279.0
2018-02-02,2138812,598754672,282.5,276.5,282.5,-0.5,1299,2357,279.0
2018-02-05,2268883,627576636,278.5,274.5,276.5,-6.0,1439,2357,275.0
2018-02-06,3713400,1001164000,273.0,266.0,270.0,-6.5,2481,2357,271.0
2018-02-07,3129366,839918627,271.0,265.0,267.5,-2.5,2048,2357,270.0
2018-02-08,1719907,468946704,274.0,270.0,274.0,6.5,922,2357,271.0
2018-02-09,2389268,643663777,271.5,267.0,271.5,-2.5,1286,2357,269.5
2018-02-12,2727244,736214718,271.5,268.0,270.0,-1.5,1356,2357,271.5
2018-02-21,1881791,510508361,273.5,270.0,271.0,1.0,1476,2357,273.0
2018-02-22,2740893,742990121,272.5,268.0,272.0,1.0,1483,2357,268.0
2018-02-23,1300699,356578171,274.5,272.5,274.5,2.5,1039,2357,273.0
2018-02-26,3250298,888638556,276.0,270.5,272.0,-2.5,1012,2357,275.5
2018-02-27,2355976,651507900,278.5,273.0,277.0,5.0,1274,2357,275.0
2018-03-01,1886612,518265996,277.0,272.0,273.0,-4.0,1071,2357,272.5
2018-03-02,2398966,644662795,273.0,262.0,271.5,-1.5,1803,2357,271.0
2018-03-05,3503500,950129650,274.0,269.0,270.0,-1.5,1102,2357,272.0
2018-03-06,1238666,333342619,272.0,268.5,268.5,-1.5,611,2357,272.0
2018-03-07,1542733,419774643,273.5,269.5,272.0,3.5,1072,2357,269.5
2018-03-08,783404,213464888,274.5,270.5,273.0,1.0,666,2357,274.5
2018-03-09,895129,241882757,273.0,269.0,269.5,-3.5,743,2357,273.0
2018-03-12,1656255,450233224,273.0,269.5,273.0,3.5,1145,2357,271.5
2018-03-13,1724998,474789435,277.5,272.5,276.5,3.5,871,2357,272.5
2018-03-14,487354,133961642,276.0,274.0,274.0,-2.5,404,2357,274.5
2018-03-15,779897,215225072,277.5,274.0,275.0,1.0,628,2357,274.0
2018-03-16,2236095,618157262,279.0,275.0,276.0,1.0,884,2357,277.5
2018-03-19,394556,109275227,278.0,275.0,277.5,1.5,322,2357,276.0
2018-03-20,507870,139500300,277.0,274.0,274.0,-3.5,417,2357,277.0
2018-03-21,1461935,407202495,280.0,274.5,278.0,4.0,1080,2357,277.0
2018-03-22,1463403,407248271,280.0,277.5,277.5,-0.5,526,2357,278.5
2018-03-23,2286175,618405687,272.5,269.0,270.5,-7.0,1180,2357,269.0
2018-03-26,1115513,302687498,272.0,270.0,272.0,1.5,676,2357,270.0
2018-03-27,1346430,368767390,275.0,272.0,274.5,2.5,873,2357,272.0
2018-03-28,1147797,314322481,275.0,272.0,274.5,0.0,545,2357,272.0
2018-03-29,1095561,297988363,273.5,271.0,271.5,-3.0,823,2357,273.5
2018-03-30,757801,207917173,275.5,272.0,274.5,3.0,517,2357,272.0
2018-03-31,213081,58875775,278.0,273.5,276.0,1.5,214,2357,274.5
2018-04-02,1078191,296609104,277.5,273.0,275.0,-1.0,355,2357,277.0
2018-04-03,1116440,305498620,275.0,272.0,274.5,-0.5,694,2357,274.0
2018-04-09,1391646,385984942,279.0,274.5,278.0,3.5,920,2357,277.0
2018-04-10,1579834,437392184,279.5,274.5,277.5,-0.5,908,2357,274.5
2018-04-11,1370016,380421703,280.0,276.5,277.5,0.0,637,2357,280.0
2018-04-12,704076,195703552,278.5,277.0,278.0,0.5,482,2357,277.5
2018-04-13,1636081,459191090,282.0,279.0,281.5,3.5,1046,2357,280.0
2018-04-16,1271883,353120900,280.0,276.5,276.5,-5.0,855,2357,280.0
2018-04-17,2035312,556754677,276.5,272.0,273.5,-3.0,1154,2357,276.0
2018-04-18,1241055,342204297,277.0,273.5,277.0,3.5,645,2357,273.5
2018-04-19,986794,275639732,280.0,277.0,279.5,2.5,730,2357,277.0
2018-04-20,632729,176688662,280.0,277.0,279.0,-0.5,499,2357,277.5
2018-04-23,588225,162719100,279.0,275.5,276.5,-2.5,438,2357,279.0
2018-04-24,748589,208779742,280.0,275.5,279.0,2.5,559,2357,278.0
2018-04-25,1410116,394739415,281.0,276.0,281.0,2.0,861,2357,279.0
2018-04-26,1289396,359899588,281.0,277.0,279.5,-1.5,1010,2357,281.0
2018-04-27,1062986,295998112,279.5,277.0,278.5,-1.0,696,2357,278.5
2018-04-30,1818397,499870572,278.0,273.0,278.0,-0.5,1307,2357,276.0
2018-05-02,1619068,451947404,280.0,276.5,279.0,1.0,1056,2357,277.5
2018-05-03,1511968,421954104,280.5,275.5,280.0,1.0,932,2357,276.0
2018-05-04,950166,262835316,278.5,276.0,276.0,-4.0,792,2357,276.0
2018-05-07,712172,196373300,279.0,274.5,275.0,-1.0,605,2357,279.0
2018-05-08,1652685,462437766,280.5,277.0,280.0,5.0,1040,2357,278.5
2018-05-09,1020413,282402786,279.0,276.0,276.5,-3.5,742,2357,278.0
2018-05-10,1909444,524941528,279.0,271.5,279.0,2.5,1111,2357,272.5
2018-05-11,1112506,310063808,279.5,277.0,279.0,0.0,767,2357,277.5
2018-05-14,2115991,590621896,280.0,276.0,279.0,0.0,1336,2357,280.0
2018-05-15,1968329,540452970,277.0,273.0,273.0,-6.0,1438,2357,276.0
2018-05-16,2288713,632348788,278.5,273.5,277.0,4.0,1417,2357,273.5
2018-05-17,2355465,655396315,279.5,276.5,276.5,-0.5,1170,2357,278.0
2018-05-18,1130899,314732023,279.0,276.0,278.0,1.5,737,2357,277.5
2018-05-21,715023,199553375,280.0,277.5,279.0,1.0,519,2357,279.5
2018-05-22,659379,182179725,278.0,275.0,275.0,-4.0,529,2357,277.5
2018-05-23,1023009,282675975,277.5,274.5,276.5,1.5,715,2357,275.0
2018-05-24,676293,187673006,278.0,276.5,277.5,1.0,322,2357,278.0
2018-05-25,1122331,309163849,277.5,274.5,274.5,-3.0,1045,2357,275.5
2018-05-28,786647,218164389,278.5,276.0,277.5,3.0,521,2357,276.0
2018-05-29,684396,189799487,278.0,276.5,277.5,0.0,481,2357,277.5
2018-05-30,2502796,684879648,275.5,272.5,272.5,-5.0,1367,2357,275.0
2018-05-31,3505163,953895704,275.5,271.5,271.5,-1.0,1153,2357,273.0
2018-06-01,1135506,314188951,278.5,272.0,277.5,6.0,760,2357,272.0
2018-06-04,1139851,318487493,280.0,277.5,280.0,2.5,914,2357,278.5
2018-06-05,1140759,318073502,280.5,276.5,278.5,-1.5,878,2357,280.0
2018-06-06,947145,264747875,280.0,278.5,280.0,1.5,700,2357,279.0
2018-06-07,1363833,381638651,280.5,278.0,280.0,0.0,973,2357,280.0
2018-06-08,1087915,305500227,281.5,278.0,281.5,1.5,667,2357,278.0
2018-06-11,794039,223602390,283.0,280.0,280.5,-1.0,623,2357,282.0
2018-06-12,718478,201016862,280.5,278.5,280.5,0.0,602,2357,278.5
2018-06-13,659521,185031110,281.0,278.5,281.0,0.5,557,2357,279.0
2018-06-14,1033059,289498984,281.5,278.5,281.0,0.0,772,2357,278.5
2018-06-15,1964676,546426084,280.0,276.0,279.5,-1.5,1064,2357,280.0
2018-06-19,2720460,754824273,281.0,274.5,278.0,-1.5,1845,2357,275.0
2018-06-20,1627734,453435152,280.5,276.5,279.0,1.0,1371,2357,277.0
2018-06-21,1323045,367398965,280.0,276.5,278.5,-0.5,1065,2357,278.0
2018-06-22,1822125,500129429,278.5,273.0,274.5,-4.0,1407,2357,276.5
2018-06-25,1679596,459231494,274.0,272.5,274.0,-0.5,1135,2357,273.0
2018-06-26,1394212,385561899,279.0,273.0,276.0,2.0,977,2357,274.0
2018-06-27,1314781,364224556,278.5,275.0,276.5,0.5,945,2357,276.0
2018-06-28,1258467,347257392,278.0,273.5,276.0,-0.5,987,2357,276.0
2018-06-29,1388112,384409524,278.5,275.0,278.5,2.5,976,2357,276.0
2018-07-02,1932585,530744290,277.5,273.0,273.0,-5.5,1022,2357,276.0
2018-07-03,1622005,419663805,260.0,257.0,260.0,0.0,1249,2357,259.0
2018-07-04,930137,243241894,263.5,260.0,260.5,0.5,718,2357,260.0
2018-07-05,1379471,360138681,262.5,260.0,261.0,0.5,813,2357,262.5
2018-07-06,1673210,431854273,261.0,257.0,258.0,-3.0,1169,2357,260.0
2018-07-09,2204331,576518848,262.0,260.0,261.5,3.5,713,2357,262.0
2018-07-10,1319092,345687973,263.0,261.5,262.5,1.0,759,2357,262.5
2018-07-11,2643355,674597870,260.0,253.5,254.0,-8.5,1607,2357,259.5
2018-07-12,1929278,494334224,259.0,251.0,257.5,3.5,1438,2357,254.0
2018-07-13,1022167,263051816,259.0,256.5,257.5,0.0,627,2357,259.0
2018-07-16,1079310,278015170,258.5,257.0,257.5,0.0,849,2357,258.0
2018-07-17,2476904,636715508,259.0,255.5,257.0,-0.5,1504,2357,256.5
2018-07-18,2896553,757616858,264.5,258.5,263.5,6.5,1934,2357,259.0
2018-07-19,1799676,468921661,264.0,259.0,259.5,-4.0,1097,2357,263.5
2018-07-20,1006051,261236260,262.5,258.0,260.5,1.0,656,2357,262.0
2018-07-23,1338268,349063916,262.5,260.0,261.5,1.0,850,2357,262.0
2018-07-24,1264240,330624630,263.5,259.5,263.5,2.0,752,2357,261.5
2018-07-25,2127961,553441860,263.0,259.5,261.0,-2.5,1494,2357,263.0
2018-07-26,1699631,443135430,261.5,260.0,261.0,0.0,935,2357,261.5
2018-07-27,1990440,518215340,261.0,259.5,261.0,0.0,1121,2357,260.0
2018-07-30,2310433,605186513,263.0,260.0,262.5,1.5,1142,2357,261.5
2018-07-31,4455465,1179049795,268.0,262.5,263.5,1.0,1904,2357,263.0
2018-08-01,2114938,560353570,266.5,262.5,265.5,2.0,1055,2357,264.5
2018-08-02,1735473,463410578,268.5,265.0,267.0,1.5,963,2357,266.5
2018-08-03,1269880,339858460,268.5,266.0,268.0,1.0,884,2357,268.0
2018-08-06,881181,236645585,269.5,267.0,269.0,1.0,734,2357,268.0
2018-08-07,1002779,270166272,271.0,267.5,269.0,0.0,772,2357,270.0
2018-08-08,894057,241081799,271.0,268.0,270.0,1.0,677,2357,269.0
2018-08-09,699947,187863243,270.0,267.0,269.5,-0.5,465,2357,270.0
2018-08-10,514272,137688124,268.5,266.0,268.0,-1.5,382,2357,268.5
2018-08-13,2870433,726377415,257.0,251.0,254.5,-13.5,2083,2357,257.0
2018-08-14,3801035,949251100,252.5,248.5,249.5,-5.0,1915,2357,252.0
2018-08-15,2418689,588863945,249.0,241.5,243.0,-6.5,1787,2357,249.0
2018-08-16,2348751,569856164,245.5,239.5,242.0,-1.0,1519,2357,240.0
2018-08-17,1769912,433685570,246.0,243.0,245.5,3.5,1226,2357,243.0
2018-08-20,1752537,438640010,252.0,248.5,251.0,5.5,1172,2357,249.0
2018-08-21,2273943,580868908,257.0,252.0,257.0,6.0,1686,2357,252.0
2018-08-22,1503755,386952525,258.5,255.5,256.5,-0.5,1130,2357,257.0
2018-08-23,1292956,324997879,254.5,250.0,252.5,-4.0,1021,2357,254.0
2018-08-24,770099,193713890,256.5,249.5,251.5,-1.0,670,2357,256.5
2018-08-27,790597,200124541,255.5,251.5,253.0,1.5,583,2357,255.5
2018-08-28,664850,169592750,256.0,253.0,255.0,2.0,552,2357,256.0
2018-08-29,785408,201208143,257.5,255.0,257.5,2.5,654,2357,256.0
2018-08-30,1132269,291715823,259.0,256.0,257.0,-0.5,596,2357,259.0
2018-08-31,1704702,442814520,261.5,255.0,261.5,4.5,922,2357,259.0
2018-09-03,626017,162578403,262.5,258.0,260.0,-1.5,559,2357,262.5
2018-09-04,428237,111017989,260.5,258.0,259.5,-0.5,387,2357,259.5
2018-09-05,962223,247115365,259.5,256.0,256.0,-3.5,598,2357,259.5
2018-09-06,1159135,298751125,260.0,255.0,257.5,1.5,720,2357,257.5
2018-09-07,990178,255094827,260.0,255.0,257.5,0.0,862,2357,256.5
2018-09-10,1494520,386573275,259.5,256.0,257.5,0.0,587,2357,259.5
2018-09-11,1217852,311655260,257.5,254.0,256.0,-1.5,885,2357,257.5
2018-09-12,1244919,318859264,258.0,254.0,257.5,1.5,910,2357,256.0
2018-09-13,1051851,264744868,256.0,249.0,251.5,-6.0,821,2357,255.5
2018-09-14,953082,239521082,253.0,250.5,251.0,-0.5,798,2357,251.0
2018-09-17,538637,134463054,251.0,248.5,250.5,-0.5,441,2357,251.0
2018-09-18,660456,165946060,252.5,250.0,250.5,0.0,564,2357,251.0
2018-09-19,1042678,262948534,254.5,250.5,254.5,4.0,797,2357,251.0
2018-09-20,683912,172232824,254.5,251.0,251.5,-3.0,518,2357,254.5
2018-09-21,1449108,368580324,255.0,252.0,254.5,3.0,838,2357,255.0
2018-09-25,1368398,353391786,259.5,255.0,258.5,4.0,1014,2357,255.5
2018-09-26,785910,204365728,261.0,257.0,260.0,1.5,610,2357,257.0
2018-09-27,1146077,299580597,263.0,258.5,262.5,2.5,894,2357,258.5
2018-09-28,1283533,336755146,264.0,259.0,264.0,1.5,725,2357,260.0
2018-11-01,1328157,309307552,237.0,228.5,237.0,8.0,840,2357,228.5
2018-11-02,915031,216760347,238.5,235.0,237.0,0.0,539,2357,237.0
2018-11-05,846384,196498856,233.5,230.5,233.0,-4.0,544,2357,233.5
2018-11-06,1117282,261742624,236.0,232.0,235.0,2.0,676,2357,234.0
2018-11-07,777427,181223491,235.5,231.5,233.5,-1.5,584,2357,233.0
2018-11-08,951784,221592274,235.0,231.5,232.0,-1.5,545,2357,234.5
2018-11-09,900895,206920850,232.0,228.5,229.5,-2.5,636,2357,231.0
2018-11-12,1390836,316607608,232.5,225.0,228.0,-1.5,896,2357,230.5
2018-11-13,1175974,266391572,228.0,224.0,228.0,0.0,970,2357,227.5
2018-11-14,4571076,956240384,215.0,206.5,208.0,-20.0,3178,2357,215.0
2018-11-15,4298865,898116171,215.0,203.0,213.5,5.5,2962,2357,205.0
2018-11-16,1936256,420329665,218.0,215.0,217.5,4.0,1252,2357,217.0
2018-11-19,1649744,356342204,218.0,215.0,215.0,-2.5,1079,2357,217.5
2018-11-20,1380471,296852765,216.0,214.5,215.0,0.0,822,2357,216.0
2018-11-21,2004027,433785913,220.0,214.5,220.0,5.0,1483,2357,215.0
2018-11-22,1742751,379068469,220.5,215.0,220.0,0.0,980,2357,215.0
2018-11-23,814080,176470860,220.0,215.0,216.5,-3.5,638,2357,220.0
2018-11-26,678751,149857220,223.0,218.0,220.0,3.5,567,2357,218.0
2018-11-27,1449350,314826619,219.5,215.0,217.0,-3.0,1107,2357,219.5
2018-11-28,2066379,449250064,220.5,213.0,220.5,3.5,1085,2357,213.0
2018-11-29,1346630,294988840,221.5,218.0,218.0,-2.5,1032,2357,221.5
2018-11-30,2369057,518791426,222.0,218.0,218.0,0.0,1075,2357,218.5
2018-12-03,2845949,633142816,226.0,219.0,225.0,7.0,1392,2357,220.0
2018-12-04,2107991,464924450,225.0,218.5,219.5,-5.5,1082,2357,225.0
2018-12-05,804206,173544496,217.0,215.0,215.5,-4.0,674,2357,217.0
2018-12-06,2089192,444361396,215.0,211.0,212.0,-3.5,1222,2357,214.5
2018-12-07,799582,171268048,216.0,213.0,214.0,2.0,625,2357,215.0
2018-12-10,1295703,276139333,214.0,210.0,213.5,-0.5,795,2357,210.0
2018-12-11,1461869,313497466,217.5,212.0,215.5,2.0,736,2357,213.5
2018-12-12,1756153,377350395,216.5,212.5,215.0,-0.5,772,2357,216.0
2018-12-13,845809,180317715,215.0,212.5,213.0,-2.0,599,2357,212.5
2018-12-14,2359000,487298000,210.5,203.0,207.0,-6.0,1869,2357,206.0
2018-12-17,1867619,392460077,212.5,207.5,209.5,2.5,1101,2357,208.0
2018-12-18,1031381,215582129,211.0,207.0,209.5,0.0,740,2357,208.0
2018-12-19,2187357,470411612,218.0,210.0,218.0,8.5,1463,2357,210.5
2018-12-20,1936004,403879828,212.5,204.5,206.0,-12.0,1458,2357,210.5
2018-12-21,1894962,383597286,204.5,199.0,203.5,-2.5,1005,2357,203.5
2018-12-22,148738,30011576,202.5,200.0,202.0,-1.5,177,2357,202.0
2018-12-24,800856,161070556,202.5,199.0,202.5,0.5,532,2357,200.0
2018-12-25,535178,106298176,201.0,195.5,201.0,-1.5,412,2357,196.0
2018-12-26,292908,58509219,202.5,198.0,198.5,-2.5,316,2357,200.0
2018-12-27,664368,133832912,203.0,200.0,200.0,1.5,537,2357,200.0
2018-12-28,803698,161482100,201.5,199.0,201.5,1.5,560,2357,200.0
2019-01-02,1055090,213899770,204.0,201.5,203.5,2.0,750,2357,203.5
2019-01-03,1147697,232764991,204.0,199.5,204.0,0.5,867,2357,202.0
2019-01-04,1701127,351747916,210.0,202.0,209.5,5.5,1276,2357,203.5
2019-01-07,1570684,335785060,216.5,208.5,216.0,6.5,1282,2357,210.0
2019-01-08,853927,183287805,216.0,212.5,216.0,0.0,708,2357,215.0
2019-01-09,1764492,388775488,222.5,216.5,221.0,5.0,1299,2357,216.5
2019-01-10,1177644,261260135,223.5,218.5,223.5,2.5,655,2357,220.5
2019-01-11,1109891,248609803,225.0,222.0,224.5,1.0,836,2357,222.0
2019-01-14,1154757,255150797,224.0,218.0,222.5,-2.0,775,2357,224.0
2019-01-15,1123867,251392841,225.0,221.0,224.5,2.0,857,2357,223.5
2019-01-16,838244,188025268,226.5,222.5,226.0,1.5,666,2357,224.0
2019-01-17,1388858,317068766,230.0,226.0,228.0,2.0,1021,2357,226.0
2019-01-18,1377887,317905897,232.5,228.5,232.5,4.5,1063,2357,230.0
2019-01-21,673554,155260579,232.5,229.5,230.0,-2.5,472,2357,232.5
2019-01-22,941183,215597907,230.5,227.0,230.0,0.0,499,2357,230.5
2019-01-23,2863297,642047885,227.5,223.0,226.0,-4.0,919,2357,226.5
2019-01-24,971927,219827929,227.5,224.5,227.5,1.5,497,2357,226.0
2019-01-25,1192962,272147836,229.5,225.5,229.5,2.0,773,2357,226.5
2019-01-28,646119,147978632,232.0,226.5,229.0,-0.5,527,2357,230.0
2019-01-29,1237292,280455700,228.0,225.5,226.0,-3.0,524,2357,227.5
2019-01-30,2113250,493223500,236.0,227.0,236.0,10.0,1416,2357,228.0
2019-02-11,2275054,525772312,241.0,228.5,229.0,-7.0,1655,2357,241.0
2019-02-12,832263,191621990,231.5,229.0,230.5,1.5,607,2357,230.0
2019-02-13,1454759,331248793,230.0,226.5,227.0,-3.5,890,2357,229.0
2019-02-14,1078173,245467771,228.5,225.0,228.5,1.5,714,2357,225.0
2019-02-15,1041563,235823175,228.0,225.0,225.0,-3.5,732,2357,228.0
2019-02-18,696038,158390626,228.0,225.0,228.0,3.0,563,2357,225.0
2019-02-19,1003987,227688881,228.0,225.5,226.0,-2.0,443,2357,228.0
2019-02-20,1465853,335798220,231.0,226.5,228.5,2.5,828,2357,226.5
2019-02-21,804438,184274302,230.5,227.0,229.0,0.5,626,2357,228.0
2019-02-22,1826512,414495894,228.5,225.0,227.0,-2.0,1017,2357,227.5
2019-02-25,1481148,339051456,230.5,226.5,230.5,3.5,986,2357,227.0
2019-02-26,1073694,247120073,232.5,229.0,229.0,-1.5,763,2357,230.0
2019-02-27,2677787,595117520,230.0,219.5,219.5,-9.5,1764,2357,229.0
2019-03-04,2618432,572844212,222.0,215.5,221.0,1.5,1651,2357,217.5
2019-03-05,575601,127035115,221.5,219.5,221.0,0.0,478,2357,219.5
2019-03-06,738205,163814810,222.5,221.0,222.0,1.0,466,2357,221.0
2019-03-07,997159,221995298,224.5,220.0,222.0,0.0,797,2357,223.5
2019-03-08,434987,95800140,222.5,219.5,219.5,-2.5,413,2357,222.0
2019-03-11,1086253,236866154,220.5,216.0,216.0,-3.5,769,2357,219.0
2019-03-12,1395643,309200768,224.0,218.5,221.0,5.0,1106,2357,219.0
2019-03-13,921876,205635472,225.0,222.0,223.5,2.5,672,2357,225.0
2019-03-14,861375,193156000,225.0,221.5,225.0,1.5,634,2357,221.5
2019-03-15,1593893,358086580,225.0,223.0,225.0,0.0,680,2357,225.0
2019-03-18,452312,100992223,224.5,222.0,224.0,-1.0,365,2357,224.0
2019-03-19,423021,94879188,225.5,222.5,224.5,0.5,320,2357,222.5
2019-03-20,428907,96759612,226.0,224.5,226.0,1.5,324,2357,224.5
2019-03-21,1222068,273441187,225.0,222.5,225.0,-1.0,865,2357,224.5
2019-03-22,1244536,282237636,228.5,224.0,228.0,3.0,954,2357,224.0
2019-03-25,1527944,335984680,224.0,218.0,219.0,-9.0,1211,2357,223.0
2019-03-26,490123,108341560,222.0,220.0,221.0,2.0,472,2357,220.0
2019-03-27,568859,125966397,222.5,220.0,222.0,1.0,499,2357,220.0
2019-03-28,1016765,224697300,223.5,220.0,221.0,-1.0,722,2357,222.0
2019-03-29,1494355,330990310,223.0,218.0,223.0,2.0,803,2357,220.0
2019-04-01,1018924,227786161,224.5,222.5,222.5,-0.5,764,2357,223.5
2019-04-02,1254214,282860037,226.5,222.5,225.5,3.0,837,2357,223.0
2019-04-03,581897,131696325,227.0,224.5,226.0,0.5,487,2357,225.5
2019-04-08,1748637,402100693,231.5,227.0,230.0,4.0,1112,2357,228.5
2019-04-09,1379666,317261339,231.0,228.0,230.0,0.0,969,2357,231.0
2019-04-10,1912134,442164454,232.5,228.5,232.5,2.5,1378,2357,229.0
2019-04-11,1268977,291946237,232.5,228.5,229.5,-3.0,656,2357,232.0
2019-04-12,879739,202492591,231.0,229.5,230.0,0.5,650,2357,230.5
2019-04-15,931955,215825105,232.0,230.0,232.0,2.0,604,2357,232.0
2019-04-16,1271711,297711424,237.5,230.5,237.5,5.5,788,2357,230.5
2019-04-17,1529499,365865502,241.0,236.5,240.0,2.5,1085,2357,236.5
2019-04-18,1060341,250460236,240.0,234.5,236.0,-4.0,600,2357,240.0
2019-04-19,514531,122120326,239.0,236.5,238.0,2.0,315,2357,239.0
2019-04-22,587603,138162399,238.0,234.0,235.0,-3.0,435,2357,238.0
2019-04-23,552178,130796686,238.5,234.0,238.5,3.5,416,2357,236.0
2019-04-24,654342,154310534,238.0,234.5,236.5,-2.0,492,2357,237.0
2019-04-25,872931,205960716,237.0,234.5,237.0,0.5,357,2357,236.0
2019-04-26,515239,121175046,236.0,234.0,236.0,-1.0,394,2357,235.0
2019-04-29,1377525,324930875,237.0,234.0,236.0,0.0,333,2357,234.0
2019-04-30,734538,173305192,237.0,234.5,236.0,0.0,469,2357,234.5
2019-05-02,447599,106508750,238.5,235.5,238.5,2.5,367,2357,236.0
2019-05-03,681896,163869188,241.0,238.5,240.0,1.5,582,2357,239.0
2019-05-06,837500,195345737,237.0,230.0,233.5,-6.5,717,2357,236.0
2019-05-07,474191,110811587,234.5,233.0,233.5,0.0,374,2357,233.5
2019-05-08,841467,193141910,231.5,228.0,230.0,-3.5,759,2357,230.0
2019-05-09,1303335,292630696,227.5,223.0,223.0,-7.0,1081,2357,226.0
2019-05-10,1400918,310114796,225.0,219.0,220.0,-3.0,1017,2357,222.0
2019-05-13,765726,167721994,221.0,218.0,218.0,-2.0,698,2357,219.5
2019-05-14,1268740,273942080,219.5,214.0,214.0,-4.0,1093,2357,215.0
2019-05-15,1092916,234522356,216.0,212.0,215.0,1.0,879,2357,213.5
2019-05-16,1022077,219627132,216.5,212.5,214.5,-0.5,795,2357,215.0
2019-05-17,1475536,317387990,216.5,214.0,215.0,0.5,968,2357,215.0
2019-05-20,955499,207096525,218.5,214.0,218.5,3.5,737,2357,216.0
2019-05-21,1215310,270474010,225.0,218.5,221.0,2.5,1044,2357,219.0
2019-05-22,916835,200761941,221.0,217.5,217.5,-3.5,821,2357,220.0
2019-05-23,641195,139603492,219.5,216.0,219.0,1.5,550,2357,218.0
2019-05-24,783547,170846746,220.0,217.0,217.0,-2.0,699,2357,220.0
2019-05-27,675109,146500262,218.5,216.0,216.5,-0.5,566,2357,217.0
2019-05-28,3459086,740150576,218.0,213.5,213.5,-3.0,805,2357,216.0
2019-05-29,710478,151602792,215.0,213.0,213.0,-0.5,630,2357,213.0
2019-05-30,1053907,226209319,216.5,212.5,216.5,3.5,823,2357,213.0
2019-05-31,1325540,286882443,217.0,215.0,217.0,0.5,856,2357,215.0
2019-06-03,560039,120750463,217.0,214.0,215.5,-1.5,503,2357,216.5
2019-06-04,811143,175217950,217.5,215.0,216.5,1.0,727,2357,215.0
2019-06-05,840082,183640876,220.0,217.0,218.0,1.5,783,2357,217.0
2019-06-06,573110,124110802,217.5,216.0,216.5,-1.5,498,2357,216.0
2019-06-10,812759,177166962,219.5,216.5,218.5,2.0,695,2357,217.5
2019-06-11,951125,207448802,220.0,217.0,218.5,0.0,771,2357,218.0
2019-06-12,733618,159937842,219.0,217.0,219.0,0.5,577,2357,218.5
2019-06-13,554079,120489722,218.0,216.5,218.0,-1.0,426,2357,218.0
2019-06-14,561879,121944122,218.0,216.5,216.5,-1.5,532,2357,217.0
2019-06-17,503915,110339470,221.0,217.0,218.0,1.5,421,2357,217.5
2019-06-18,600479,132482859,222.0,218.5,222.0,4.0,522,2357,218.5
2019-06-19,1304167,291432908,225.0,221.5,225.0,3.0,1161,2357,223.0
2019-06-20,1150253,260830678,229.0,225.0,226.5,1.5,907,2357,225.0
2019-06-21,1377422,310484028,227.5,225.0,225.0,-1.5,643,2357,226.5
2019-06-24,571594,129115937,227.0,225.0,226.0,1.0,414,2357,225.5
2019-06-25,902136,201823464,225.0,222.5,223.0,-3.0,587,2357,225.0
2019-06-26,883429,197192167,224.5,222.0,223.0,0.0,672,2357,222.5
2019-06-27,1103538,248770776,226.0,223.0,225.5,2.5,693,2357,223.0
2019-06-28,1127891,251711193,226.5,222.5,223.0,-2.5,609,2357,226.5
2019-07-01,1355553,305569872,228.5,223.5,223.5,0.5,1024,2357,225.5
2019-07-02,1635047,365241992,224.0,222.5,223.5,0.0,1019,2357,223.5
2019-07-03,1592104,356489340,226.0,223.0,224.5,1.0,912,2357,223.0
2019-07-04,1967304,446843812,228.5,225.0,228.0,3.5,1273,2357,227.0
2019-07-05,2220816,510699496,232.0,228.0,232.0,4.0,1293,2357,228.5
2019-07-08,3017972,659520396,220.0,215.0,218.0,0.0,1480,2357,220.0
2019-07-09,1081197,233040749,218.0,215.0,216.0,-2.0,845,2357,217.0
2019-07-10,786925,169792800,216.5,215.0,215.5,-0.5,617,2357,215.5
2019-07-11,1318007,284616761,217.0,215.5,216.0,0.5,581,2357,217.0
2019-07-12,1349947,291077021,216.5,215.0,215.5,-0.5,668,2357,215.5
2019-07-15,1798740,389012080,219.0,213.0,217.0,1.5,1058,2357,217.0
2019-07-16,709949,153363449,217.0,215.5,215.5,-1.5,552,2357,216.5
2019-07-17,686015,148018739,216.5,215.0,216.5,1.0,517,2357,215.5
2019-07-18,688696,149540532,218.0,216.0,218.0,1.5,469,2357,217.0
2019-07-19,2044177,451742693,222.0,219.0,222.0,4.0,1395,2357,219.0
2019-07-22,1315447,293104681,224.5,220.0,224.0,2.0,954,2357,222.0
2019-07-23,970553,216945087,224.5,222.0,224.5,0.5,749,2357,224.0
2019-07-24,1536248,346910300,226.5,224.5,226.0,1.5,985,2357,225.5
2019-07-25,1716532,380691540,226.0,220.0,220.0,-6.0,1353,2357,225.5
2019-07-26,1137127,248302186,222.0,217.5,217.5,-2.5,939,2357,220.0
2019-07-29,899025,197007980,220.5,217.0,220.5,3.0,664,2357,217.0
2019-07-30,1230983,274186726,224.0,221.0,223.5,3.0,911,2357,222.5
2019-07-31,2232998,490871553,222.0,216.0,222.0,-1.5,1304,2357,220.5
2019-08-01,2679615,577760138,218.0,214.5,214.5,-7.5,2138,2357,216.5
2019-08-02,2488123,526035076,214.0,209.0,211.0,-3.5,2038,2357,212.5
2019-08-05,2141870,442991590,210.0,205.5,205.5,-5.5,1662,2357,208.0
2019-08-06,1756772,355533032,205.0,200.5,204.0,-1.5,1360,2357,201.0
2019-08-07,1941125,394091875,204.5,202.0,204.5,0.5,1548,2357,203.5
2019-08-08,1211178,247035069,205.5,202.5,203.5,-1.0,961,2357,205.5
2019-08-12,941713,190945297,204.0,201.0,202.5,-1.0,741,2357,201.0
2019-08-13,679110,137354830,203.5,201.0,202.0,-0.5,585,2357,201.5
2019-08-14,1758097,355108691,204.0,201.0,201.5,-0.5,1321,2357,203.5
2019-08-15,1666694,330432529,199.5,196.5,199.5,-2.0,1198,2357,198.5
2019-08-16,1521700,304493541,202.5,198.0,199.0,-0.5,1262,2357,198.0
2019-08-19,887571,177498700,202.0,199.0,199.0,0.0,825,2357,201.0
2019-08-20,815254,162697300,201.0,199.0,199.0,0.0,781,2357,199.5
2019-08-21,903289,180030143,200.5,199.0,199.0,0.0,834,2357,199.0
2019-08-22,837314,168278614,203.0,199.5,200.5,1.5,619,2357,201.0
2019-08-23,539639,108257439,202.0,200.0,200.5,0.0,505,2357,201.0
2019-08-26,820609,162733800,199.0,197.5,199.0,-1.5,657,2357,199.0
2019-08-27,1407432,282372332,201.0,199.0,201.0,2.0,525,2357,200.0
2019-08-28,396875,79764375,202.0,200.5,201.0,0.0,344,2357,201.5
2019-08-29,615377,123556277,201.5,200.0,200.5,-0.5,469,2357,201.5
2019-08-30,1099691,223220964,204.0,201.0,204.0,3.5,720,2357,201.0
2019-09-02,782120,159757100,205.0,202.5,205.0,1.0,551,2357,204.0
2019-09-03,854162,174434624,205.5,203.0,203.0,-2.0,718,2357,205.5
2019-09-04,1058455,218402140,208.0,204.0,207.5,4.5,794,2357,204.5
2019-09-05,1039014,216258895,210.0,207.0,207.0,-0.5,767,2357,208.5
2019-09-06,1346548,279308436,209.5,206.0,207.0,0.0,747,2357,208.0
2019-09-09,1212089,249484423,207.5,204.5,207.5,0.5,890,2357,206.0
2019-09-10,1279422,265612488,208.5,207.0,207.5,0.0,686,2357,208.5
2019-09-11,641504,133192332,209.0,207.0,208.0,0.5,457,2357,209.0
2019-09-12,704820,146831560,209.5,208.0,208.0,0.0,588,2357,209.5
2019-09-16,886093,184821937,209.0,207.5,209.0,1.0,710,2357,209.0
2019-09-17,945653,197615477,209.5,208.0,209.5,0.5,779,2357,209.5
2019-09-18,1214257,254982470,210.5,209.0,210.0,0.5,796,2357,209.5
2019-09-19,496252,104646037,212.0,210.0,211.0,1.0,393,2357,211.0
2019-09-20,1630639,343581690,211.0,210.0,211.0,0.0,622,2357,210.0
2019-09-23,598565,125966150,211.0,210.0,211.0,0.0,491,2357,211.0
2019-09-24,1238705,263917013,214.0,211.0,213.0,2.0,683,2357,211.0
2019-09-25,1134264,239193329,213.0,209.5,212.0,-1.0,716,2357,213.0
2019-09-26,1220021,256383391,212.0,209.0,210.0,-2.0,734,2357,211.0
2019-09-27,1036238,214948766,210.0,206.0,206.5,-3.5,861,2357,210.0
2019-10-01,4311995,862367495,201.5,198.0,199.0,-7.5,2909,2357,200.5
2019-10-02,1889009,378086318,202.0,199.5,200.0,1.0,1359,2357,200.0
2019-10-03,2403414,475584800,199.0,196.5,199.0,-1.0,1838,2357,199.0
2019-10-04,1448640,289540702,201.5,199.0,200.0,1.0,818,2357,200.0
2019-10-07,799080,160202580,201.0,199.5,200.5,0.5,669,2357,200.0
2019-10-08,1149512,233149728,204.0,201.0,202.5,2.0,910,2357,201.5
2019-10-09,695979,140199779,203.0,200.5,200.5,-2.0,616,2357,202.5
2019-10-14,1804181,360087200,202.5,197.5,200.0,-0.5,1317,2357,202.5
2019-10-15,1391096,279783392,202.0,200.0,202.0,2.0,958,2357,201.0
2019-10-16,1928954,396950985,207.0,202.5,207.0,5.0,1429,2357,203.5
2019-10-17,1236725,258108525,210.0,206.0,209.5,2.5,944,2357,207.5
2019-10-18,835451,173510857,210.0,206.5,206.5,-3.0,598,2357,210.0
2019-10-21,644927,133015962,207.5,205.5,206.5,0.0,475,2357,206.0
2019-10-22,1093363,227412071,209.0,206.5,208.0,1.5,737,2357,207.5
2019-10-23,1696911,358102721,212.0,207.5,211.5,3.5,1174,2357,207.5
2019-10-24,1337050,282773610,212.0,209.5,211.5,0.0,919,2357,210.5
2019-10-25,1628445,340368005,212.5,207.5,209.0,-2.5,1172,2357,212.0
2019-10-28,606653,127711946,211.5,209.0,211.5,2.5,513,2357,210.0
2019-10-29,1133068,237288612,212.0,208.0,209.5,-2.0,838,2357,212.0
2019-10-30,1016077,211771050,209.5,207.5,209.5,0.0,721,2357,208.0
2019-10-31,1971395,408928947,210.0,206.5,206.5,-3.0,938,2357,210.0
2019-11-01,1403607,293008756,210.0,207.5,208.5,2.0,1070,2357,208.0
2019-11-04,1796081,379489341,212.0,209.5,212.0,3.5,1015,2357,210.0
2019-11-05,1182772,251508534,213.5,211.5,213.5,1.5,747,2357,212.5
2019-11-06,999188,213636044,214.5,212.5,214.0,0.5,786,2357,214.0
2019-11-07,1498159,321682026,215.0,214.0,215.0,1.0,952,2357,215.0
2019-11-08,1018523,218696656,216.0,213.5,215.0,0.0,753,2357,215.5
2019-11-11,1212645,256136264,214.0,210.0,211.0,-4.0,844,2357,214.0
2019-11-12,1167073,248495001,214.5,212.0,213.5,2.5,667,2357,214.5
2019-11-13,1252318,267207234,214.5,212.5,213.5,0.0,897,2357,213.5
2019-11-14,7476664,1685697201,229.5,219.0,226.5,13.0,4690,2357,220.0
2019-11-15,4726772,1081976837,231.0,225.0,227.5,1.0,3215,2357,227.5
2019-11-18,2362766,541367414,231.0,226.5,230.0,2.5,1720,2357,227.5
2019-11-19,3544676,836745536,239.0,229.5,237.5,7.5,2504,2357,230.0
2019-11-20,2933801,704470939,243.0,237.0,240.0,2.5,2181,2357,238.0
2019-11-21,1977812,472208380,241.0,236.0,241.0,1.0,1582,2357,237.0
2019-11-22,1822004,437589938,242.0,238.0,241.0,0.0,1318,2357,242.0
2019-11-25,1781139,421914665,240.0,235.5,236.0,-5.0,1400,2357,239.5
2019-11-26,5555085,1294001887,236.5,232.0,232.0,-4.0,1985,2357,234.5
2019-11-27,1019111,238131752,236.0,232.5,233.0,1.0,871,2357,233.0
2019-11-28,1301033,301378623,233.5,230.0,231.5,-1.5,1039,2357,232.0
2019-11-29,1341066,308556114,231.0,228.5,230.5,-1.0,812,2357,231.0
2019-12-02,1023802,233582356,230.0,227.0,229.0,-1.5,840,2357,230.0
2019-12-03,1542707,358689869,234.0,230.0,233.0,4.0,1196,2357,230.0
2019-12-04,1503087,348224717,233.0,229.0,233.0,0.0,996,2357,231.0
2019-12-05,1344819,312822327,234.0,231.0,233.5,0.5,930,2357,234.0
2019-12-06,1403004,325326924,234.5,230.0,231.0,-2.5,965,2357,234.5
2019-12-09,644718,148449640,231.5,229.5,230.5,-0.5,530,2357,231.0
2019-12-10,1217233,282107056,233.5,230.0,233.5,3.0,912,2357,232.0
2019-12-11,1194495,276079845,233.5,230.0,231.5,-2.0,793,2357,233.5
2019-12-12,1964332,457876852,234.5,231.0,233.0,1.5,1337,2357,231.5
2019-12-13,1231128,287013696,234.5,231.5,233.5,0.5,965,2357,233.0
2019-12-16,1115982,259978306,233.5,231.5,233.5,0.0,826,2357,233.0
2019-12-17,1337111,312584474,235.0,231.5,235.0,1.5,924,2357,233.0
2019-12-18,2503421,595057698,239.5,234.5,239.0,4.0,1805,2357,235.0
2019-12-19,1522633,356836489,237.5,232.5,233.0,-6.0,1149,2357,237.0
2019-12-20,1791759,417946700,235.0,232.0,233.0,0.0,689,2357,235.0
2019-12-23,642400,150866600,235.5,232.0,235.5,2.5,399,2357,233.0
2019-12-24,438496,102217307,235.5,232.5,232.5,-3.0,341,2357,235.5
2019-12-25,459732,106892824,234.5,232.0,232.5,0.0,371,2357,232.0
2019-12-26,535820,125054961,234.5,232.5,234.5,2.0,420,2357,232.5
2019-12-27,566605,132729570,235.0,233.5,234.5,0.0,435,2357,234.5
2019-12-30,762722,177752282,235.5,232.0,232.0,-2.5,520,2357,234.0
2019-12-31,920992,213410650,233.0,231.5,231.5,-0.5,493,2357,232.0
2020-01-02,748103,173295328,233.0,230.0,232.0,0.5,597,2357,233.0
2020-01-03,934964,217813612,234.0,231.5,234.0,2.0,793,2357,232.5
2020-01-06,806290,186933990,233.0,230.5,232.5,-1.5,651,2357,232.5
2020-01-07,1263692,295350428,235.0,231.5,235.0,2.5,803,2357,233.0
2020-01-08,883233,205505196,234.0,231.5,232.0,-3.0,632,2357,234.0
2020-01-09,705496,165049564,235.0,232.0,235.0,3.0,520,2357,232.0
2020-01-10,1740511,410684809,239.0,234.5,234.5,-0.5,1020,2357,235.0
2020-01-13,705098,166033971,236.5,234.0,235.5,1.0,560,2357,234.5
2020-01-14,1074050,253482761,238.0,234.5,236.0,0.5,630,2357,236.5
2020-01-15,1204494,281570338,235.0,232.5,234.0,-2.0,774,2357,234.5
2020-01-16,1189282,278893988,235.5,233.0,235.0,1.0,687,2357,233.0
2020-01-17,953615,224103025,235.5,234.0,235.5,0.5,578,2357,235.0
2020-01-20,680459,160696127,237.0,234.5,236.0,0.5,528,2357,235.5
2020-01-30,3625841,815889265,234.0,219.0,222.5,-13.5,2546,2357,234.0
2020-01-31,1580182,356120768,227.5,223.5,224.0,1.5,1061,2357,226.0
2020-02-03,1559167,345244477,224.0,217.0,221.5,-2.5,1205,2357,220.0
2020-02-04,1326150,294368800,224.0,219.0,222.0,0.5,1050,2357,219.5
2020-02-05,1283475,284000206,223.5,220.0,221.0,-1.0,978,2357,223.5
2020-02-06,1706693,378974846,225.5,220.5,221.5,0.5,853,2357,223.0
2020-02-07,658717,146360523,223.5,220.5,223.0,1.5,520,2357,221.0
2020-02-10,1234944,270334233,220.0,217.0,219.5,-3.5,768,2357,219.0
2020-02-11,1164576,256148673,222.0,219.0,219.0,-0.5,694,2357,219.5
2020-02-12,1272558,279658468,221.5,218.5,219.5,0.5,922,2357,219.0
2020-02-13,1848186,404408734,220.5,218.0,218.0,-1.5,1143,2357,220.0
2020-02-14,814105,177903995,220.0,217.5,219.0,1.0,669,2357,218.0
2020-02-17,683678,147989457,217.5,216.0,216.0,-3.0,592,2357,217.5
2020-02-18,1336877,285903688,215.5,211.0,215.5,-0.5,884,2357,215.5
2020-02-19,2614038,567986808,220.0,215.0,217.0,1.5,661,2357,215.0
2020-02-20,826472,178944676,218.5,215.5,216.0,-1.0,618,2357,218.5
2020-02-21,1179999,253170785,215.5,213.5,214.5,-1.5,656,2357,215.0
2020-02-24,1272784,270219492,213.5,211.0,213.0,-1.5,1003,2357,212.0
2020-02-25,1013388,213949756,212.5,210.0,211.0,-2.0,853,2357,210.0
2020-02-26,1552353,325730983,211.5,208.5,209.5,-1.5,1220,2357,208.5
2020-02-27,2532019,523487920,209.0,206.0,206.0,-3.5,1360,2357,208.5
2020-03-02,3047600,616359220,203.5,201.5,202.0,-4.0,2019,2357,201.5
2020-03-03,1274425,259354200,205.0,202.5,203.0,1.0,1056,2357,204.0
2020-03-04,1550202,317444410,207.0,202.0,204.0,1.0,1113,2357,202.0
2020-03-05,1613731,329551355,206.5,203.0,203.0,-1.0,1149,2357,205.0
2020-03-06,1804621,364484865,204.0,201.0,202.0,-1.0,1384,2357,203.0
2020-03-09,2922395,583273395,201.0,198.0,199.5,-2.5,2071,2357,200.0
2020-03-10,3393156,675202356,202.0,196.5,200.0,0.5,2201,2357,197.5
2020-03-11,2898452,574765948,200.0,197.0,197.5,-2.5,2113,2357,199.0
2020-03-12,3716542,727441816,198.0,193.0,197.0,-0.5,2874,2357,197.0
2020-03-13,5474019,1017281621,193.0,182.0,190.0,-7.0,3802,2357,188.0
2020-03-16,3407192,635387100,191.0,182.5,185.0,-5.0,2575,2357,184.5
2020-03-17,4168725,770321335,187.0,181.5,185.0,0.0,2691,2357,182.0
2020-03-18,3354908,619861421,187.0,183.0,186.0,1.0,2380,2357,185.0
2020-03-19,4848006,851686044,180.0,172.0,173.0,-13.0,3435,2357,176.0
2020-03-20,6218261,1086910436,179.0,173.0,175.0,2.0,3803,2357,173.5
2020-03-23,2624353,449874470,175.5,167.0,170.5,-4.5,1771,2357,170.0
2020-03-24,3235792,575989976,181.0,173.0,178.0,7.5,2171,2357,175.0
2020-03-25,4179269,758289542,184.0,180.0,180.0,2.0,2664,2357,181.0
2020-03-26,3132884,581004808,188.0,182.0,186.0,6.0,2353,2357,183.0
2020-03-27,3925087,752201704,195.0,188.0,192.0,6.0,2666,2357,190.5
2020-03-30,2619378,503594454,194.5,189.0,193.0,1.0,2096,2357,191.5
2020-03-31,3862647,770025146,204.5,193.0,204.5,11.5,2293,2357,195.5
2020-04-01,3115402,621516998,202.5,198.0,198.0,-6.5,2203,2357,202.0
2020-04-06,2825566,552753068,198.5,192.5,197.0,-1.0,2165,2357,198.5
2020-04-07,2663639,524284883,201.0,194.0,196.0,-1.0,1814,2357,199.5
2020-04-08,2582920,506175740,198.0,195.0,195.5,-0.5,1687,2357,196.0
2020-04-09,1961702,385746640,199.0,195.0,195.0,-0.5,1362,2357,197.0
2020-04-10,1395738,273841985,197.5,195.0,197.5,2.5,1007,2357,195.0
2020-04-13,1019632,201026312,198.0,196.0,196.5,-1.0,765,2357,197.5
2020-04-14,2301616,457129124,199.5,197.0,198.5,2.0,1260,2357,197.0
2020-04-15,2634098,523729540,199.5,198.0,198.5,0.0,1701,2357,199.5
2020-04-16,2294849,450697602,198.0,195.5,196.5,-2.0,1464,2357,196.0
2020-04-17,2980446,592317518,200.5,197.0,198.0,1.5,1867,2357,198.5
2020-04-20,1141044,225144712,198.0,197.0,197.0,-1.0,930,2357,198.0
2020-04-21,2932328,568430943,197.0,191.5,193.5,-3.5,2339,2357,197.0
2020-04-22,2054402,395000585,193.5,190.5,193.5,0.0,1503,2357,192.5
2020-04-23,1736527,337160524,196.0,193.0,193.5,0.0,1195,2357,193.0
2020-04-24,1259408,243955060,195.0,193.0,193.0,-0.5,983,2357,193.5
2020-04-27,1411950,277641600,198.0,194.5,197.0,4.0,1016,2357,195.0
2020-04-28,1475058,293407063,200.0,197.0,199.0,2.0,1115,2357,198.0
2020-04-29,1591363,320679996,202.5,199.5,202.5,3.5,1276,2357,199.5
2020-04-30,3246172,655227820,203.5,200.0,202.5,0.0,1903,2357,203.0
2020-05-04,2626489,516334289,198.5,195.0,198.5,-4.0,1796,2357,195.0
2020-05-05,1550498,307809280,199.5,197.5,198.0,-0.5,1005,2357,198.5
2020-05-06,1629663,320226111,198.0,195.5,196.0,-2.0,1303,2357,197.5
2020-05-07,1145321,226155058,199.0,196.0,197.0,1.0,941,2357,197.0
2020-05-08,1920994,383777794,201.0,198.0,200.5,3.5,1483,2357,199.0
2020-05-11,1800128,362908856,203.0,200.0,202.0,1.5,1374,2357,202.5
2020-05-12,1540807,308453514,201.5,198.5,201.0,-1.0,1167,2357,200.0
2020-05-13,1240638,249935876,202.5,200.0,201.5,0.5,841,2357,201.0
2020-05-14,5516016,1137882312,209.0,201.0,208.0,6.5,3858,2357,201.0
2020-05-15,4274300,884785800,210.0,203.5,207.0,-1.0,3153,2357,209.0
2020-05-18,2020262,410992686,206.0,202.0,202.0,-5.0,1530,2357,204.0
2020-05-19,3685308,771691180,211.0,205.0,210.5,8.5,2595,2357,207.0
2020-05-20,3195130,664824331,213.0,205.5,205.5,-5.0,2340,2357,211.5
2020-05-21,2910014,599705381,207.5,205.0,206.5,1.0,1944,2357,206.0
2020-05-22,1548584,317062720,206.5,203.0,204.5,-2.0,1109,2357,206.5
2020-05-25,1180216,242022496,206.0,203.0,206.0,1.5,842,2357,205.0
2020-05-26,1849968,385343876,210.0,206.5,207.5,1.5,1511,2357,208.0
2020-05-27,872384,180997785,209.0,206.0,208.0,0.5,687,2357,207.5
2020-05-28,1841450,384977817,210.0,208.0,209.0,1.0,1319,2357,209.5
2020-05-29,3410937,714430270,210.5,206.0,210.5,1.5,1197,2357,207.5
2020-06-01,1391156,293176760,212.0,209.5,210.0,-0.5,1166,2357,212.0
2020-06-02,2011818,430015552,215.0,210.5,214.0,4.0,1519,2357,210.5
2020-06-03,2133059,461126256,217.5,215.0,216.5,2.5,1601,2357,216.0
2020-06-04,2113515,457150484,218.5,215.0,217.0,0.5,1443,2357,218.5
2020-06-05,1915827,418114786,219.0,217.0,219.0,2.0,1412,2357,217.5
2020-06-08,3101083,681344908,221.5,218.5,220.0,1.0,2009,2357,220.0
2020-06-09,2649290,583219206,221.0,219.0,220.5,0.5,1363,2357,220.0
2020-06-10,4594246,1032407710,227.5,219.5,225.0,4.5,3112,2357,220.5
2020-06-11,4719463,1081253564,231.5,224.0,229.5,4.5,2849,2357,225.0
2020-06-12,3702635,837415875,228.0,221.0,226.0,-3.5,2882,2357,225.0
2020-06-15,3973893,897870425,227.0,223.5,225.0,-1.0,2905,2357,223.5
2020-06-16,4409585,1010045045,231.0,225.5,230.0,5.0,2579,2357,226.0
2020-06-17,3885129,894543212,232.0,228.5,231.0,1.0,1879,2357,230.5
2020-06-18,3851729,895244086,235.0,229.5,235.0,4.0,1837,2357,231.5
2020-06-19,6795486,1605863429,240.0,232.5,236.5,1.5,2867,2357,232.5
2020-06-22,5986460,1450015240,245.0,237.5,245.0,8.5,3051,2357,243.0
2020-06-23,7637819,1883200655,249.0,243.5,246.5,1.5,3831,2357,245.0
2020-06-24,8938457,2014793566,228.5,222.5,223.5,0.0,4453,2357,227.0
2020-06-29,6731039,1454775274,220.5,214.0,215.5,-8.0,3843,2357,219.0
2020-06-30,3329722,719988396,220.0,214.0,216.0,0.5,1807,2357,218.0
2020-07-01,2121502,457764434,219.0,214.5,216.0,0.0,1794,2357,216.5
2020-07-02,2278910,494677660,219.0,216.0,218.0,2.0,1248,2357,218.5
2020-07-03,1948770,422503360,219.5,216.0,216.5,-1.5,1504,2357,218.5
2020-07-06,2771569,603961776,219.5,216.5,218.5,2.0,1765,2357,217.5
2020-07-07,5153001,1138735979,223.5,218.5,221.5,3.0,2393,2357,220.0
2020-07-08,2933403,658690852,226.0,221.0,225.5,4.0,1974,2357,222.0
2020-07-09,2645527,589940494,228.0,221.0,221.0,-4.5,1791,2357,226.5
2020-07-10,2274590,498898120,223.0,218.0,218.0,-3.0,1791,2357,222.5
2020-07-13,1943667,425270073,220.5,218.0,219.0,1.0,1383,2357,220.0
2020-07-14,1432183,312676894,220.0,217.5,217.5,-1.5,821,2357,219.0
2020-07-15,2564972,557817891,219.5,216.0,217.5,0.0,1782,2357,219.0
2020-07-16,4093893,895277498,221.5,217.0,219.5,2.0,2258,2357,219.5
2020-07-17,2028540,446436260,223.0,218.5,220.0,0.5,1529,2357,222.5
2020-07-20,3230600,721124900,225.0,221.0,224.5,4.5,2462,2357,222.0
2020-07-21,2709048,608711264,226.5,223.0,224.5,0.0,1807,2357,225.5
2020-07-22,2010525,451473600,225.5,223.5,224.5,0.0,1237,2357,224.5
2020-07-23,2814821,631667225,226.0,222.5,225.0,0.5,2012,2357,225.0
2020-07-24,3506821,771583120,224.5,218.0,218.0,-7.0,2733,2357,224.0
2020-07-27,2869609,617489606,221.0,213.0,214.0,-4.0,2253,2357,218.0
2020-07-28,2040965,439647940,217.0,213.0,216.0,2.0,1456,2357,213.5
2020-07-29,3090742,665362908,217.0,213.5,214.5,-1.5,1192,2357,217.0
2020-07-30,1759275,379160246,217.5,214.0,215.0,0.5,1044,2357,215.0
2020-07-31,2199171,474019107,216.5,214.0,216.5,1.5,1121,2357,214.0
2020-08-03,1896770,405844378,216.5,213.0,213.0,-3.5,1507,2357,215.5
2020-08-04,1225823,262285945,215.0,212.5,214.5,1.5,855,2357,213.5
2020-08-05,8880719,1977373024,226.5,216.5,224.5,10.0,5240,2357,217.0
2020-08-06,6363970,1446500015,230.0,224.5,228.0,3.5,3154,2357,228.0
2020-08-07,4380112,1001168182,230.5,225.5,230.0,2.0,3141,2357,228.5
2020-08-10,3192254,736326920,232.5,228.5,230.5,0.5,2388,2357,230.5
2020-08-11,2961289,682066181,233.0,228.5,229.5,-1.0,2048,2357,232.0
2020-08-12,5152702,1168886854,231.5,222.0,227.0,-2.5,3320,2357,230.0
2020-08-13,15401680,3659389380,243.0,231.0,242.0,15.0,9092,2357,231.0
2020-08-14,6825597,1667395168,247.5,240.0,245.0,3.0,5066,2357,243.0
2020-08-17,5802343,1455926395,253.5,245.0,251.5,6.5,4243,2357,247.0
2020-08-18,4495044,1132792588,255.0,246.0,253.5,2.0,2921,2357,251.0
2020-08-19,4583010,1174874511,259.5,253.0,253.5,0.0,3162,2357,255.0
2020-08-20,4605020,1132730400,253.0,240.5,246.0,-7.5,3184,2357,251.5
2020-08-21,3347702,831913933,253.5,245.5,249.5,3.5,2390,2357,253.5
2020-08-24,2393322,592210034,251.0,245.0,247.5,-2.0,1712,2357,247.5
2020-08-25,2188396,541822812,248.5,246.5,248.0,0.5,1500,2357,247.0
2020-08-26,2386239,599891989,253.5,247.0,253.0,5.0,1517,2357,248.0
2020-08-27,2948283,732466684,253.5,245.5,249.0,-4.0,2053,2357,253.0
2020-08-28,1895826,469135696,250.5,245.5,247.0,-2.0,1493,2357,248.0
2020-08-31,2433896,595507728,248.5,243.0,243.0,-4.0,1461,2357,247.5
2020-09-01,2752696,677280172,248.0,242.5,246.5,3.5,1427,2357,243.0
2020-09-02,3255440,795809240,246.5,241.0,246.5,0.0,2154,2357,245.5
2020-09-03,5939654,1508631459,259.0,247.5,252.5,6.0,4271,2357,249.0
2020-09-04,2988968,739780564,249.0,245.5,248.5,-4.0,2063,2357,247.5
2020-09-07,1133724,279762451,248.0,245.0,247.5,-1.0,921,2357,248.0
2020-09-08,2231350,553887800,250.0,245.5,250.0,2.5,1525,2357,248.0
2020-09-09,1620708,399518376,247.5,245.0,247.5,-2.5,1284,2357,246.5
2020-09-10,4451603,1136999343,258.5,252.0,254.5,7.0,3025,2357,252.0
2020-09-11,2301362,577614862,254.0,249.0,251.5,-3.0,1797,2357,253.5
2020-09-14,1986350,503019250,256.5,250.5,256.0,4.5,1342,2357,252.0
2020-09-15,2665259,681543545,257.0,254.0,256.5,0.5,2166,2357,255.0
2020-09-16,2006867,514472638,258.0,254.5,256.0,-0.5,1510,2357,258.0
2020-09-17,1185284,303862420,257.5,254.0,256.0,0.0,1026,2357,255.0
2020-09-18,3580902,920184848,258.5,253.0,258.5,2.5,1719,2357,256.0
2020-09-21,2391097,615569332,259.5,254.5,257.0,-1.5,1591,2357,254.5
2020-09-22,2198857,567016749,260.0,255.0,258.0,1.0,1601,2357,256.0
2020-09-23,1436300,371054900,260.0,256.0,259.0,1.0,1107,2357,257.0
2020-09-24,2995417,758320501,256.5,251.0,253.5,-5.5,2119,2357,256.0
2020-09-25,2304144,573662474,254.5,245.5,246.5,-7.0,1677,2357,253.5
2020-09-28,1603992,403125486,253.0,248.0,252.0,5.5,999,2357,248.0
2020-09-29,1488454,372068812,253.0,248.0,249.5,-2.5,835,2357,252.0
2020-09-30,4064113,1028812247,254.0,250.0,253.5,4.0,980,2357,253.0
2020-10-05,2432583,603827167,254.0,245.0,247.0,-6.5,1831,2357,253.5
2020-10-06,1895542,468769131,249.0,245.5,247.5,0.5,1468,2357,248.0
2020-10-07,1587310,393215570,249.0,246.0,247.0,-0.5,1129,2357,246.0
2020-10-08,1296292,324043000,251.0,248.0,251.0,4.0,953,2357,248.0
2020-10-12,2345039,591588328,254.0,250.5,254.0,3.0,1394,2357,251.0
2020-10-13,2431917,602294361,253.0,246.0,247.5,-6.5,1937,2357,252.5
2020-10-14,2149362,527799711,247.5,242.5,246.5,-1.0,1434,2357,246.0
2020-10-15,1814367,441856853,246.0,242.5,243.0,-3.5,1302,2357,244.0
2020-10-16,1165721,283323331,245.5,242.0,242.5,-0.5,806,2357,244.0
2020-10-19,1584894,384531848,244.0,241.5,242.0,-0.5,1113,2357,243.0
2020-10-20,3299176,783831564,241.5,236.0,237.5,-4.5,2313,2357,241.0
2020-10-21,3456880,830319460,243.5,236.5,242.0,4.5,2728,2357,237.0
2020-10-22,2181627,522028734,242.5,236.0,241.5,-0.5,1667,2357,240.0
2020-10-23,2504696,609310267,246.0,241.5,242.5,1.0,1670,2357,241.5
2020-10-26,7161437,1804038036,258.5,247.5,247.5,5.0,4938,2357,251.5
2020-10-27,2430510,600867991,249.0,244.5,248.5,1.0,1623,2357,245.5
2020-10-28,3124052,780753028,252.0,246.5,249.5,1.0,2201,2357,246.5
2020-10-29,2699126,662445893,248.0,243.5,245.5,-4.0,1921,2357,246.0
2020-10-30,3237185,789588030,248.0,242.0,242.5,-3.0,1790,2357,243.5
2020-11-02,1542365,372165128,244.0,240.0,242.0,-0.5,966,2357,242.5
2020-11-03,1538225,373623760,244.0,242.0,243.0,1.0,1201,2357,243.5
2020-11-04,2130574,514669729,243.5,239.5,242.0,-1.0,1377,2357,243.0
2020-11-05,1060117,258127691,245.0,242.0,243.0,1.0,902,2357,243.0
2020-11-06,2079889,507828956,245.0,242.0,245.0,2.0,1454,2357,245.0
2020-11-09,2786172,692756199,251.0,246.0,251.0,6.0,1978,2357,247.5
2020-11-10,4809543,1164093364,248.0,240.5,241.5,-9.5,3594,2357,247.5
2020-11-11,5769312,1408520964,248.5,238.5,248.5,7.0,3515,2357,240.5
2020-11-12,10044580,2463822080,250.0,243.0,244.0,-4.5,6764,2357,243.5
2020-11-13,3670707,901350511,247.0,242.0,246.0,2.0,2674,2357,243.0
2020-11-16,5508672,1372447076,250.5,247.0,249.5,3.5,3503,2357,247.5
2020-11-17,3691582,927472790,253.0,249.5,250.0,0.5,2755,2357,250.0
2020-11-18,4694445,1184930944,255.0,250.5,251.5,1.5,3294,2357,253.0
2020-11-19,3521174,884014693,252.5,248.5,251.0,-0.5,2507,2357,252.0
2020-11-20,3308831,823430336,251.5,248.0,248.5,-2.5,2309,2357,250.0
2020-11-23,2834878,711477476,252.0,249.0,251.0,2.5,2012,2357,249.5
2020-11-24,2485099,623281325,252.5,249.5,249.5,-1.5,2044,2357,251.0
2020-11-25,2334896,584094811,251.0,249.0,250.5,1.0,1390,2357,250.5
2020-11-26,1739018,437041065,252.5,250.0,251.5,1.0,1260,2357,251.0
2020-11-27,1612486,405017281,252.5,250.5,251.5,0.0,1386,2357,252.5
2020-11-30,5129742,1280876744,252.5,249.0,249.0,-2.5,1856,2357,251.5
2020-12-01,2043249,508368834,250.5,248.0,248.5,-0.5,1535,2357,249.5
2020-12-02,2539609,634634047,251.0,249.0,249.5,1.0,1639,2357,250.0
2020-12-03,3052618,758941216,250.5,247.0,247.0,-2.5,2476,2357,250.0
2020-12-04,2716605,680009263,252.0,248.0,251.5,4.5,2314,2357,248.5
2020-12-07,5070543,1291722400,258.0,252.0,254.0,2.5,3853,2357,252.5
2020-12-08,4400939,1130738070,258.0,255.0,258.0,4.0,3325,2357,255.5
2020-12-09,5407405,1417143787,265.0,256.5,264.0,6.0,3962,2357,259.0
2020-12-10,5020982,1294276731,261.5,254.0,257.0,-7.0,4076,2357,260.0
2020-12-11,2760547,701793993,258.0,251.0,255.0,-2.0,2168,2357,257.0
2020-12-14,2399279,613777116,257.0,253.0,255.5,0.5,1869,2357,255.0
2020-12-15,2201656,559413772,257.0,253.0,253.0,-2.5,1774,2357,254.0
2020-12-16,1248875,318239733,256.0,253.5,255.0,2.0,975,2357,255.0
2020-12-17,1592216,404906765,256.0,253.5,253.5,-1.5,1143,2357,255.0
2020-12-18,2329142,590855427,255.0,253.0,253.0,-0.5,1487,2357,253.5
2020-12-21,2307730,577628564,252.5,248.5,251.5,-1.5,1981,2357,252.0
2020-12-22,2049703,511731572,251.5,248.5,249.0,-2.5,1628,2357,250.0
2020-12-23,1266343,314855369,250.0,247.5,249.0,0.0,1000,2357,249.0
2020-12-24,1488877,370263508,249.5,248.0,248.5,-0.5,1229,2357,248.5
2020-12-25,1748776,435268368,251.0,247.5,248.0,-0.5,1337,2357,250.0
2020-12-28,1529758,381752251,250.5,248.5,250.0,2.0,1200,2357,249.5
2020-12-29,982252,245952826,251.5,250.0,250.5,0.5,889,2357,250.0
2020-12-30,1642306,411948326,252.5,249.5,252.5,2.0,1394,2357,251.0
2020-12-31,1744522,438314221,253.0,250.5,250.5,-2.0,1096,2357,252.5
2021-01-04,1543835,388227478,252.5,250.0,251.0,0.5,1246,2357,250.5
2021-01-05,1964047,494746615,253.0,250.5,253.0,2.0,1487,2357,251.0
2021-01-06,3000993,759269874,255.0,250.0,254.0,1.0,2109,2357,254.0
2021-01-07,7328733,1902971328,265.5,252.5,261.5,7.5,5291,2357,255.0
2021-01-08,11156512,3057871094,280.0,264.5,279.5,18.0,8543,2357,265.0
2021-01-11,6356183,1797264087,287.5,279.0,283.5,4.0,4939,2357,282.5
2021-01-12,5029335,1420981673,287.0,280.0,281.0,-2.5,3889,2357,285.0
2021-01-13,6698336,1936185107,295.0,283.0,288.5,7.5,5399,2357,285.0
2021-01-14,4930667,1422748869,291.5,284.5,288.0,-0.5,3968,2357,289.5
2021-01-15,4650572,1340771485,291.5,283.5,287.0,-1.0,3524,2357,289.0
2021-01-18,3294668,930725873,286.0,279.0,283.0,-4.0,2536,2357,286.0
2021-01-19,2685373,762702237,285.0,282.0,285.0,2.0,2077,2357,283.0
2021-01-20,4824980,1343503058,285.0,275.0,276.0,-9.0,4236,2357,284.0
2021-01-21,3632168,1017334721,282.0,277.5,282.0,6.0,2571,2357,278.0
2021-01-22,4862635,1386411480,288.5,280.0,284.5,2.5,3261,2357,282.0
2021-01-25,5262857,1513906351,291.5,282.0,290.0,5.5,3696,2357,284.5
2021-01-26,3703221,1063135254,292.5,284.0,284.0,-6.0,2731,2357,291.0
2021-01-27,7013745,2028851787,294.0,287.0,293.0,9.0,4642,2357,287.0
2021-01-28,3679673,1063576591,291.5,285.5,288.5,-4.5,2867,2357,288.0
2021-01-29,3799006,1092114177,291.0,284.0,286.5,-2.0,2603,2357,289.5
2021-02-01,2121899,601360235,285.0,280.5,283.5,-3.0,1786,2357,285.0
2021-02-02,3979870,1138171426,287.5,283.5,285.5,2.0,2512,2357,285.0
2021-02-03,3803968,1097929632,291.0,285.0,288.5,3.0,2457,2357,288.5
2021-02-04,2048286,589712295,290.0,287.0,287.0,-1.5,1532,2357,288.5
2021-02-05,1356592,390820467,290.0,287.0,288.5,1.5,1299,2357,289.5
2021-02-17,5457855,1590824856,295.0,289.0,289.5,1.0,3839,2357,294.0
2021-02-18,3521376,1016485876,290.5,287.0,289.0,-0.5,2359,2357,289.5
2021-02-19,3391598,983782232,292.5,288.5,290.0,1.0,2153,2357,289.5
2021-02-22,4971387,1450978657,295.0,290.0,290.0,0.0,3044,2357,291.5
2021-02-23,3955042,1147621647,291.5,288.5,290.5,0.5,2535,2357,290.0
2021-02-24,10153508,3061494193,309.5,291.0,300.5,10.0,8026,2357,291.0
2021-02-25,5608341,1708083049,311.0,301.0,305.5,5.0,4148,2357,308.5
2021-02-26,6820543,2069175057,307.5,299.0,304.0,-1.5,4257,2357,300.5
2021-03-02,7460046,2319997009,315.0,307.0,307.5,3.5,5713,2357,310.0
2021-03-03,5638849,1767812711,317.5,306.0,316.5,9.0,4323,2357,311.0
2021-03-04,4967106,1553040037,316.5,309.0,313.5,-3.0,3507,2357,315.0
2021-03-05,3740280,1160098272,311.5,307.0,311.0,-2.5,2717,2357,309.0
2021-03-08,4034353,1277540250,319.5,312.0,315.5,4.5,3119,2357,312.0
2021-03-09,3424129,1072630653,318.5,309.0,313.0,-2.5,2736,2357,318.5
2021-03-10,3131852,983208055,316.5,312.0,312.5,-0.5,2164,2357,316.0
2021-03-11,4926181,1565132382,319.5,314.5,317.5,5.0,2715,2357,315.0
2021-03-12,6197534,1998850134,326.5,316.5,323.5,6.0,4626,2357,319.0
2021-03-15,3290723,1065694733,328.0,319.0,326.0,2.5,2744,2357,322.5
2021-03-16,4881679,1622658596,338.0,329.0,331.0,5.0,4168,2357,329.5
2021-03-17,4898982,1598191000,332.5,322.0,325.5,-5.5,4679,2357,331.0
2021-03-18,16013639,5729022762,358.0,355.0,358.0,32.5,7540,2357,358.0
2021-03-19,25023758,9343398774,386.0,360.0,377.5,19.5,19067,2357,368.0
2021-03-22,10243426,3819326709,382.0,368.0,368.5,-9.0,9623,2357,382.0
2021-03-23,4938513,1812738966,373.0,365.0,365.5,-3.0,4782,2357,373.0
2021-03-24,5326976,1961029822,377.0,365.0,366.0,0.5,4391,2357,366.5
2021-03-25,3647014,1328217274,368.5,362.0,365.0,-1.0,3630,2357,367.0
2021-03-26,3895392,1423286999,368.0,363.5,365.0,0.0,3659,2357,366.5
2021-03-29,4498435,1668272998,375.0,364.0,374.0,9.0,4139,2357,366.5
2021-03-30,4234618,1591712829,379.5,374.0,377.0,3.0,3634,2357,377.0
2021-03-31,3831657,1432979191,377.5,372.0,372.5,-4.5,3186,2357,377.0
2021-04-01,2278593,847821573,374.5,370.5,371.5,-1.0,2137,2357,374.0
2021-04-06,3355370,1247498939,376.5,369.0,369.0,-2.5,3490,2357,376.5
2021-04-07,3229846,1195414364,373.0,368.0,371.5,2.5,2419,2357,370.0
2021-04-08,3331605,1238921319,374.5,368.0,374.5,3.0,2971,2357,369.0
2021-04-09,2720640,1012081449,374.5,370.5,371.5,-3.0,2643,2357,373.5
2021-04-12,3564726,1335664719,378.0,372.5,374.5,3.0,3083,2357,378.0
2021-04-13,4249291,1586320027,377.0,368.5,370.5,-4.0,3537,2357,374.5
2021-04-14,3186758,1176528078,372.0,365.0,370.5,0.0,3252,2357,370.5
2021-04-15,2392472,887040944,373.0,367.5,373.0,2.5,2219,2357,370.0
2021-04-16,8756821,3346924125,391.0,372.0,388.0,15.0,7947,2357,372.5
2021-04-19,5850884,2296239879,398.0,385.5,385.5,-2.5,5816,2357,395.5
2021-04-20,3161264,1213808238,387.5,381.0,383.0,-2.5,3000,2357,384.0
2021-04-21,4512096,1704633447,381.5,376.0,376.5,-6.5,4188,2357,381.0
2021-04-22,5210094,1946881861,378.0,370.0,373.5,-3.0,4675,2357,377.5
2021-04-23,3783100,1418167357,378.0,370.0,378.0,4.5,3042,2357,372.0
2021-04-26,3432798,1302529473,381.0,377.5,380.0,2.0,2755,2357,378.0
2021-04-27,4752950,1781064522,380.0,372.5,375.0,-5.0,4294,2357,378.5
2021-04-28,2404370,896065424,375.5,371.5,372.0,-3.0,2023,2357,374.5
2021-04-29,2580844,970399505,378.0,372.0,376.0,4.0,2239,2357,372.0
2021-05-03,3522560,1332491875,381.0,372.5,376.5,0.5,3148,2357,372.5
2021-05-04,4136648,1554763398,380.0,370.5,378.0,1.5,3637,2357,378.0
2021-05-05,5064244,1936104422,386.0,373.5,380.5,2.5,4206,2357,378.0
2021-05-06,7510977,2889287454,394.0,379.0,380.5,0.0,6503,2357,380.0
2021-05-07,5570888,2163456094,392.0,382.0,391.0,10.5,5205,2357,382.5
2021-05-10,4856771,1889653782,393.5,385.5,387.0,-4.0,4296,2357,392.0
2021-05-11,7857312,2913294339,380.5,361.0,367.5,-19.5,8197,2357,380.0
2021-05-12,10202970,3680278806,374.0,335.0,361.5,-6.0,8524,2357,366.0
2021-05-13,13024839,4934323220,386.0,367.0,379.5,18.0,9701,2357,376.0
2021-05-14,6567278,2515127823,393.0,374.0,380.0,0.5,5644,2357,382.0
2021-05-17,7344185,2719856952,378.5,362.5,368.0,-12.0,6324,2357,362.5
2021-05-18,6730324,2551123608,384.5,369.5,384.0,16.0,5276,2357,370.0
2021-05-19,15831565,6342561822,413.0,384.5,409.5,25.5,14365,2357,390.0
2021-05-20,16816813,6856770619,428.0,394.0,397.0,-12.5,15011,2357,413.0
2021-05-21,8806299,3468726960,408.0,388.0,392.5,-4.5,8523,2357,402.0
2021-05-24,3372424,1313879251,393.0,386.0,390.0,-2.5,3454,2357,390.5
2021-05-25,4656378,1818738650,395.0,388.5,390.5,0.5,4388,2357,392.0
2021-05-26,3391925,1337922909,399.0,389.0,397.5,7.0,3543,2357,390.5
2021-05-27,5227025,2038067862,398.5,388.0,388.0,-9.5,3659,2357,398.5
2021-05-28,3660247,1426005363,393.0,387.0,391.5,3.5,3618,2357,393.0
2021-05-31,2523805,993425443,396.0,390.5,395.0,3.5,2693,2357,392.5
2021-06-01,3207839,1280738442,403.0,395.0,403.0,8.0,3532,2357,399.0
2021-06-02,4243388,1682161560,404.5,391.5,393.5,-9.5,4274,2357,404.0
2021-06-03,3440477,1346407694,395.0,389.5,392.0,-1.5,3555,2357,393.0
2021-06-04,1634816,636909608,390.0,388.5,390.0,-2.0,1806,2357,390.0
2021-06-07,3046314,1175641577,390.0,380.5,388.0,-2.0,3370,2357,389.0
2021-06-08,2382947,926279579,390.0,386.0,390.0,2.0,2354,2357,390.0
2021-06-09,3713502,1437290553,390.5,385.0,386.0,-4.0,3504,2357,390.0
2021-06-10,4125457,1596251088,390.0,385.5,385.5,-0.5,3372,2357,389.5
2021-06-11,3777359,1449498142,388.0,382.0,383.0,-2.5,3738,2357,385.5
2021-06-15,2732942,1045652414,385.0,381.0,383.5,0.5,2617,2357,384.0
2021-06-16,3911292,1516564031,390.5,384.5,388.0,4.5,3666,2357,384.5
2021-06-17,1931899,746156223,388.0,384.0,388.0,0.0,2045,2357,385.0
2021-06-18,4331962,1671187042,389.0,385.0,385.0,-3.0,2705,2357,388.5
2021-06-21,3692679,1419671089,387.5,383.0,383.0,-2.0,2907,2357,385.0
2021-06-22,7122960,2701788431,388.0,375.0,375.0,-8.0,7394,2357,383.0
2021-06-23,6027232,2250796852,376.5,370.5,374.0,-1.0,6005,2357,375.0
2021-06-24,2773343,1038800063,377.0,372.0,373.5,-0.5,2546,2357,375.0
2021-06-25,7508970,2782809912,375.0,367.0,367.0,-6.5,8168,2357,375.0
2021-06-28,3833847,1417633777,374.0,365.0,372.5,5.5,3864,2357,368.5
2021-06-29,2055985,763606976,374.0,370.0,370.0,-2.5,2371,2357,373.0
2021-06-30,2816626,1048580801,375.0,370.0,371.5,1.5,2224,2357,371.5
2021-07-01,3047527,1125010014,373.5,367.0,367.0,-4.5,3657,2357,370.5
2021-07-02,2784692,1027695104,372.0,367.0,371.0,4.0,1935,2357,368.5
2021-07-05,2277970,854862842,377.0,372.0,376.0,5.0,2388,2357,373.0
2021-07-06,1725473,649912709,378.0,375.5,376.0,0.0,1782,2357,378.0
2021-07-07,3024828,1093882483,379.5,375.5,379.0,3.0,1949,2357,376.0
2021-07-08,2254131,858421053,382.0,379.0,381.0,2.0,2030,2357,382.0
2021-07-09,4340260,1630154699,381.5,372.5,373.0,-8.0,4274,2357,380.0
2021-07-12,2432415,925699347,382.0,377.0,381.0,8.0,2438,2357,379.0
2021-07-13,3713239,1400981144,382.5,374.5,376.5,-4.5,3550,2357,378.5
2021-07-14,3007483,1117664797,379.0,376.0,379.0,2.5,2119,2357,378.5
2021-07-15,1667991,632010335,380.5,378.0,378.5,-0.5,1558,2357,379.0
2021-07-16,3262006,1208691564,378.5,374.0,376.0,-2.5,2717,2357,377.0
2021-07-19,2528664,936246288,374.0,371.0,372.0,-4.0,2881,2357,374.0
2021-07-20,2003629,743875111,373.5,370.0,371.0,-1.0,2115,2357,370.5
2021-07-21,2908939,1067718511,373.5,369.5,370.5,-0.5,2620,2357,373.0
2021-07-22,6398816,2340619907,372.0,365.0,365.5,-5.0,6709,2357,368.0
2021-07-23,10360160,3688482007,362.0,353.5,354.5,-11.0,12797,2357,360.0
2021-07-26,3982860,1403129945,357.5,351.0,354.5,0.0,4292,2357,354.5
2021-07-27,4405883,1571437205,359.5,351.5,359.0,4.5,3608,2357,352.0
2021-07-28,5061632,1799050910,358.5,353.0,353.5,-5.5,4508,2357,358.5
2021-07-29,6074852,2143169616,356.5,351.5,352.5,-1.0,4777,2357,354.0
2021-07-30,7315405,2576617142,357.0,351.0,351.0,-1.5,5954,2357,354.0
2021-08-02,11588615,3695589365,323.0,312.0,319.5,0.0,9074,2357,315.0
2021-08-03,5992679,1933416059,329.0,319.0,324.5,5.0,5343,2357,322.0
2021-08-04,4224119,1357369103,325.0,319.0,324.0,-0.5,4019,2357,323.0
2021-08-05,4567967,1473817336,326.0,320.0,321.0,-3.0,3718,2357,324.0
2021-08-06,3177982,1022885075,325.0,318.0,323.5,2.5,2696,2357,320.5
2021-08-09,2106089,678674934,324.0,320.5,322.0,-1.5,1774,2357,324.0
2021-08-10,3775621,1202028921,320.5,317.0,319.5,-2.5,3531,2357,319.0
2021-08-11,5101751,1639313757,323.0,318.5,323.0,3.5,3768,2357,320.0
2021-08-12,6410653,2067941993,329.5,319.0,319.0,-4.0,5195,2357,329.0
2021-08-13,3098491,986588134,320.5,316.5,316.5,-2.5,2971,2357,320.0
2021-08-16,3597471,1133702735,319.0,313.0,315.0,-1.5,3370,2357,318.0
2021-08-17,4585254,1459947414,321.0,316.5,318.0,3.0,3505,2357,319.0
2021-08-18,4068366,1284475718,318.5,312.0,317.5,-0.5,3374,2357,317.5
2021-08-19,3616549,1131898828,316.5,311.0,311.0,-6.5,3487,2357,316.0
2021-08-20,3326166,1034611711,313.5,307.0,312.0,1.0,2934,2357,312.0
2021-08-23,2134947,676931828,319.0,314.5,317.5,5.5,2045,2357,316.0
2021-08-24,1495799,473510080,319.5,315.0,315.0,-2.5,1607,2357,319.5
2021-08-25,932567,296369322,318.5,316.0,318.5,3.5,1070,2357,316.0
2021-08-26,1348685,428778964,319.5,316.0,319.0,0.5,1481,2357,319.5
2021-08-27,1188312,376712554,317.5,316.0,317.5,-1.5,1433,2357,317.0
2021-08-30,2388330,758574240,319.5,315.5,319.0,1.5,1946,2357,318.0
2021-08-31,2832531,911517719,324.0,317.0,324.0,5.0,2054,2357,317.5
2021-09-01,1585107,509701745,323.0,320.0,321.0,-3.0,1665,2357,322.0
2021-09-02,1839922,586088822,322.5,316.0,316.0,-5.0,2064,2357,321.0
2021-09-03,1572830,502734637,321.0,317.0,319.5,3.5,1468,2357,318.0
2021-09-06,1767770,571452247,324.5,319.0,323.0,3.5,1936,2357,319.0
2021-09-07,1923800,616606492,324.5,319.0,319.0,-4.0,1887,2357,322.5
2021-09-08,2470104,783606025,321.0,315.0,317.0,-2.0,2408,2357,319.0
2021-09-09,1317509,416863387,318.5,313.5,316.0,-1.0,1167,2357,315.5
2021-09-10,1877647,595692072,319.5,316.0,316.0,0.0,2071,2357,319.0
2021-09-13,1354702,432848402,322.0,317.5,320.0,4.0,1436,2357,318.0
2021-09-14,2297382,741542519,324.0,320.5,322.5,2.5,2123,2357,322.5
2021-09-15,2292837,741079623,325.0,322.0,322.5,0.0,2779,2357,323.5
2021-09-16,2109691,685482722,326.0,323.0,326.0,3.5,1927,2357,324.5
2021-09-17,3538607,1156543963,329.0,326.0,326.0,0.0,2360,2357,327.0
2021-09-22,2764165,897499397,328.5,320.5,328.5,2.5,2438,2357,321.0
2021-09-23,1927492,639416390,333.0,329.0,331.5,3.0,2755,2357,331.0
2021-09-24,2989429,1006014723,338.0,333.0,337.0,5.5,2805,2357,334.0
2021-09-27,2615504,888112323,341.0,337.0,340.5,3.5,2306,2357,338.0
2021-09-28,2085528,704762470,340.5,335.0,338.5,-2.0,1941,2357,339.0
2021-09-29,2851394,942556144,334.5,327.5,328.5,-10.0,3038,2357,333.0
2021-09-30,2109923,688436225,329.5,325.0,325.5,-3.0,1706,2357,329.0
2021-10-01,2303097,739883311,325.5,319.0,320.5,-5.0,2446,2357,325.0
2021-10-04,1726868,558384452,325.0,322.0,324.0,3.5,1512,2357,323.0
2021-10-05,1669499,539325814,327.0,320.5,324.0,0.0,2993,2357,321.0
2021-10-06,1939610,626175667,326.0,321.0,323.0,-1.0,1658,2357,326.0
2021-10-07,4014197,1339088516,337.0,327.0,337.0,14.0,3426,2357,327.0
2021-10-08,2375201,801896701,339.0,333.0,338.0,1.0,2310,2357,334.0
2021-10-12,2585960,875195757,342.0,333.5,338.0,0.0,2223,2357,338.5
2021-10-13,3558066,1218007082,345.0,338.5,343.5,5.5,3213,2357,340.0
2021-10-14,3621372,1217244328,344.5,332.0,333.5,-10.0,3423,2357,344.0
2021-10-15,1912148,640930410,337.5,333.5,334.0,0.5,1602,2357,336.0
2021-10-18,1558916,525171805,339.0,335.5,335.5,1.5,1459,2357,336.0
2021-10-19,1834276,620110844,339.5,336.5,339.0,3.5,1669,2357,338.0
2021-10-20,3822174,1318102599,348.0,339.5,344.5,5.5,4020,2357,341.0
2021-10-21,3944419,1376356769,351.0,346.5,349.0,4.5,3106,2357,347.0
2021-10-22,3971431,1406102344,356.0,350.5,356.0,7.0,3464,2357,353.0
2021-10-25,2967735,1054830844,359.5,352.0,353.0,-3.0,3805,2357,354.5
2021-10-26,3213174,1145057154,358.5,352.0,356.5,3.5,2445,2357,354.5
2021-10-27,1428018,508987281,358.5,354.5,357.5,1.0,1330,2357,355.5
2021-10-28,1795370,639105379,359.0,354.0,354.0,-3.5,1664,2357,357.0
2021-10-29,2454931,864345205,356.5,350.5,353.0,-1.0,2157,2357,354.0
2021-11-01,1160036,410773052,356.0,352.0,355.0,2.0,1305,2357,354.0
2021-11-02,1802179,642475351,358.0,356.0,356.0,1.0,1525,2357,356.0
2021-11-03,2935011,1046959240,360.0,354.0,356.0,0.0,1889,2357,360.0
2021-11-04,1986124,710477269,360.0,356.0,359.0,3.0,1996,2357,358.5
2021-11-05,2837869,1028360639,364.5,358.0,364.5,5.5,2877,2357,359.0
2021-11-08,4144163,1537504775,374.5,367.0,371.5,7.0,4087,2357,369.0
2021-11-09,3555230,1331201627,376.0,371.5,375.5,4.0,3945,2357,373.0
2021-11-10,3349109,1256728734,378.0,371.0,377.5,2.0,3403,2357,372.0
2021-11-11,7233445,2640375605,368.5,362.0,365.0,-12.5,7342,2357,362.5
2021-11-12,4065547,1467702716,365.0,357.0,360.0,-5.0,4211,2357,365.0
2021-11-15,2916852,1045017740,361.5,356.0,359.0,-1.0,3173,2357,360.5
2021-11-16,3759750,1332801984,358.0,353.0,354.5,-4.5,4275,2357,358.0
2021-11-17,2287341,815027956,358.0,353.0,357.5,3.0,2288,2357,353.5
2021-11-18,2413058,866522638,361.0,355.5,359.5,2.0,2354,2357,355.5
2021-11-19,1739374,627206164,363.0,359.0,360.5,1.0,1706,2357,362.5
2021-11-22,2247427,800885967,359.5,354.5,356.0,-4.5,2319,2357,359.5
2021-11-23,2243370,793610600,356.5,352.5,352.5,-3.5,2166,2357,355.0
2021-11-24,1350968,480564041,358.5,353.5,355.0,2.5,1449,2357,354.0
2021-11-25,1497294,538313961,361.0,356.0,361.0,6.0,1745,2357,358.0
2021-11-26,1770230,632461682,361.0,355.5,356.0,-5.0,1785,2357,361.0
2021-11-29,2242520,794464485,357.5,351.5,355.5,-0.5,2285,2357,354.5
2021-11-30,5065435,1796365063,360.5,352.5,352.5,-3.0,2535,2357,354.5
2021-12-01,2121689,764835488,361.0,355.0,360.0,7.5,2127,2357,356.0
2021-12-02,2095716,759863400,364.0,359.0,363.5,3.5,2098,2357,360.0
2021-12-03,2419172,882751812,367.0,362.5,365.5,2.0,2071,2357,363.5
2021-12-06,1621751,588833462,365.0,361.0,365.0,-0.5,1629,2357,363.5
2021-12-07,1559434,569100318,367.0,361.0,366.5,1.5,1532,2357,361.0
2021-12-08,4018970,1456534933,368.0,360.0,360.0,-6.5,3619,2357,367.0
2021-12-09,2223270,811458422,367.0,361.0,367.0,7.0,2040,2357,363.5
2021-12-10,2269340,837887324,371.5,367.5,368.0,1.0,2271,2357,370.0
2021-12-13,2432743,895526636,370.5,365.5,366.5,-1.5,2070,2357,369.0
2021-12-14,1834971,672016219,367.0,363.0,366.5,0.0,1756,2357,365.5
2021-12-15,1785108,651410096,367.5,363.0,364.5,-2.0,1770,2357,367.0
2021-12-16,3585874,1319703988,369.5,367.0,367.0,2.5,2701,2357,368.0
2021-12-17,3269820,1202026585,370.0,366.0,366.5,-0.5,2494,2357,367.0
2021-12-20,1915112,703599498,369.5,364.5,367.0,0.5,1672,2357,365.5
2021-12-21,2244736,830454533,371.0,367.0,370.5,3.5,2207,2357,368.0
2021-12-22,1992637,737869006,372.5,368.5,370.0,-0.5,1864,2357,372.0
2021-12-23,1863846,690645606,371.5,369.5,371.0,1.0,1725,2357,370.0
2021-12-24,1377692,510683781,373.5,369.0,370.0,-1.0,1423,2357,372.0
2021-12-27,1503807,559138468,373.0,369.0,372.5,2.5,1638,2357,370.5
2021-12-28,1390630,518518192,374.0,372.0,373.5,1.0,1508,2357,373.5
2021-12-29,1069548,399257938,374.5,372.5,373.5,0.0,1258,2357,374.5
2021-12-30,2780143,1044369436,377.0,373.5,376.0,2.5,2315,2357,374.5
2022-01-03,1760993,658418572,377.5,371.5,373.5,-2.5,1963,2357,377.0
2022-01-04,3386987,1276069713,378.5,373.5,377.0,3.5,2979,2357,375.0
2022-01-05,4379616,1666810782,385.0,377.0,380.5,3.5,4327,2357,377.5
2022-01-06,2161995,820102650,381.5,377.0,380.0,-0.5,2088,2357,378.0
2022-01-07,2463698,928648234,382.5,373.0,377.5,-2.5,2492,2357,382.0
2022-01-10,1451783,546430038,378.5,374.5,378.5,1.0,1547,2357,376.5
2022-01-11,3153396,1193889799,383.0,377.0,378.0,-0.5,2601,2357,379.5
2022-01-12,1714310,646154652,380.0,375.0,378.0,0.0,1631,2357,379.5
2022-01-13,1922084,724672865,379.0,375.5,378.0,0.0,1678,2357,378.5
2022-01-14,2130778,798854098,377.5,372.0,377.5,-0.5,2172,2357,377.0
2022-01-17,1019923,384564796,378.5,375.5,378.0,0.5,1172,2357,377.0
2022-01-18,1971553,749284326,381.0,376.5,380.0,2.0,2109,2357,377.5
2022-01-19,1322336,501228607,381.0,377.5,378.0,-2.0,1431,2357,378.0
2022-01-20,1680377,635874729,379.5,377.0,378.5,0.5,1139,2357,378.0
2022-01-21,2566698,964688297,377.5,374.0,377.0,-1.5,2497,2357,377.5
2022-01-24,6280013,2304384317,373.5,364.0,364.5,-12.5,7337,2357,373.5
2022-01-25,5480482,1965190982,362.5,355.0,360.0,-4.5,6021,2357,361.0
2022-01-26,2099594,755569451,362.0,358.0,359.5,-0.5,3471,2357,358.0
2022-02-07,2332076,843843881,364.5,359.5,364.0,4.5,2521,2357,361.0
2022-02-08,1230210,447266932,364.5,362.0,363.5,-0.5,1336,2357,362.5
2022-02-09,2502113,910356888,366.0,362.0,366.0,2.5,2210,2357,363.0
2022-02-10,1306176,480568839,370.0,366.0,370.0,4.0,1302,2357,366.0
2022-02-11,1309229,481203251,368.5,366.0,367.5,-2.5,1287,2357,366.5
2022-02-14,1383564,502389736,365.5,361.5,363.0,-4.5,1496,2357,365.0
2022-02-15,1119255,406897923,365.5,362.0,362.5,-0.5,1359,2357,363.0
2022-02-16,1217548,447420080,369.0,365.0,369.0,6.5,1337,2357,366.0
2022-02-17,2008907,745644784,373.5,369.0,371.5,2.5,1994,2357,370.5
2022-02-18,877277,325845944,372.5,367.5,372.0,0.5,1080,2357,369.0
2022-02-21,2016712,756981110,378.5,370.0,378.5,6.5,2361,2357,370.0
2022-02-22,2457058,923157894,378.0,373.0,377.5,-1.0,2453,2357,377.0
2022-02-23,1899157,718519534,381.5,376.5,377.5,0.0,2045,2357,377.0
2022-02-24,2908046,1082048703,376.5,369.5,371.0,-6.5,3436,2357,373.5
2022-02-25,2637329,978028366,373.5,368.5,371.5,0.5,2499,2357,371.0
2022-03-01,3078403,1148971621,376.5,369.5,373.5,2.0,2862,2357,369.5
2022-03-02,2263600,845222456,375.0,370.5,373.0,-0.5,1795,2357,370.5
2022-03-03,2710167,1026285038,380.5,374.0,380.0,7.0,2624,2357,374.0
2022-03-04,3559454,1347539630,381.5,376.0,376.0,-4.0,2950,2357,377.0
2022-03-07,5278981,1922331156,372.5,359.0,364.0,-12.0,5918,2357,372.0
2022-03-08,4715983,1690988395,364.5,355.0,358.5,-5.5,5110,2357,360.0
2022-03-09,2466525,886497803,361.5,357.0,360.0,1.5,2264,2357,361.0
2022-03-10,3067823,1126302164,369.0,365.0,366.5,6.5,2585,2357,367.0
2022-03-11,3540869,1313700537,374.0,368.0,371.5,5.0,3147,2357,369.0
2022-03-14,5039951,1840370292,369.5,360.0,369.5,-2.0,4505,2357,368.5
2022-03-15,3387034,1238177240,368.5,362.0,368.0,-1.5,2916,2357,368.0
2022-03-16,6476023,2427929676,379.0,368.0,379.0,11.0,5324,2357,369.0
2022-03-17,13730301,5180549909,384.5,369.5,377.0,-2.0,12511,2357,384.0
2022-03-18,6780241,2536919938,381.0,371.0,372.5,-4.5,5682,2357,377.0
2022-03-21,4148775,1551933955,376.0,371.5,374.5,2.0,3751,2357,372.5
2022-03-22,4279175,1588499704,373.5,368.0,372.0,-2.5,4159,2357,371.5
2022-03-23,2321366,864626540,374.0,371.0,372.5,0.5,2493,2357,371.5
2022-03-24,2155366,806239792,376.0,372.5,373.0,0.5,2728,2357,372.5
2022-03-25,4312414,1617347745,377.0,372.5,374.0,1.0,3046,2357,375.5
2022-03-28,2735861,1026792938,378.0,372.0,378.0,4.0,2665,2357,373.0
2022-03-29,1466383,552397675,379.5,375.5,376.0,-2.0,2572,2357,379.0
2022-03-30,2435510,914769235,377.0,374.0,375.5,-0.5,2530,2357,376.0
2022-03-31,1796406,673077286,376.5,373.5,373.5,-2.0,1717,2357,375.0
2022-04-01,1798334,668505459,373.5,369.0,373.5,0.0,2113,2357,371.0
2022-04-06,3505203,1288693560,371.0,366.0,367.5,-6.0,4699,2357,368.5
2022-04-07,3952558,1433810590,366.0,360.5,360.5,-7.0,5377,2357,365.0
2022-04-08,2005550,727480214,364.5,361.0,364.5,4.0,3121,2357,361.5
2022-04-11,4673528,1675170522,365.5,356.5,356.5,-8.0,6915,2357,364.5
2022-04-12,5366220,1877932961,353.0,348.5,349.0,-7.5,8348,2357,352.5
2022-04-13,3198755,1132218367,356.5,349.5,354.5,5.5,4263,2357,350.0
2022-04-14,1669554,598334367,360.0,355.0,357.0,2.5,2406,2357,359.5
2022-04-15,1260888,448390561,357.0,354.0,356.5,-0.5,2669,2357,356.0
2022-04-18,1599012,568219638,358.0,352.0,355.0,-1.5,2802,2357,354.5
2022-04-19,1843035,660468935,360.0,355.0,357.0,2.0,2253,2357,355.0
2022-04-20,1973235,709924760,361.5,358.0,359.5,2.5,2626,2357,359.0
2022-04-21,1972311,709530258,362.5,358.5,358.5,-1.0,2746,2357,362.0
2022-04-22,1907628,688182874,364.0,357.0,363.0,4.5,2722,2357,358.5
2022-04-25,2314902,825744620,358.5,355.5,356.0,-7.0,3504,2357,357.5
2022-04-26,1532830,550912853,362.0,357.0,358.0,2.0,2482,2357,357.0
2022-04-27,1830938,648894396,356.0,353.0,355.0,-3.0,3343,2357,353.5
2022-04-28,2045957,726768588,357.0,353.5,356.5,1.5,2823,2357,355.5
2022-04-29,1823180,651948489,359.0,357.0,357.0,0.5,2263,2357,357.0
2022-05-03,1442249,517285849,362.5,354.0,362.0,5.0,2378,2357,355.5
2022-05-04,1250857,452926921,364.0,360.5,361.5,-0.5,1796,2357,363.0
2022-05-05,1617137,590558115,366.5,363.5,366.0,4.5,2716,2357,364.0
2022-05-06,2543504,912942352,361.5,357.5,358.0,-8.0,3587,2357,359.5
2022-05-09,2209351,785060454,359.0,352.5,356.5,-1.5,3206,2357,355.0
2022-05-10,4598180,1596548675,351.5,343.0,350.0,-6.5,6140,2357,350.0
2022-05-11,2080282,724861225,351.0,346.0,349.5,-0.5,3149,2357,348.0
2022-05-12,5320857,1806361092,344.0,336.5,338.0,-11.5,8453,2357,344.0
2022-05-13,4389947,1457749983,338.5,328.5,332.5,-5.5,6074,2357,338.0
2022-05-16,2691494,895886492,337.0,330.0,332.0,-0.5,3635,2357,336.0
2022-05-17,2817596,942796115,338.0,332.0,332.5,0.5,3325,2357,336.5
2022-05-18,3148266,1048744450,335.5,332.0,332.0,-0.5,3949,2357,333.5
2022-05-19,3894924,1261013919,326.5,321.5,325.0,-7.0,5524,2357,326.5
2022-05-20,2963337,959321956,326.5,322.0,324.0,-1.0,4373,2357,326.0
2022-05-23,2418484,786342974,328.0,323.0,323.5,-0.5,2790,2357,327.0
2022-05-24,1866632,603390366,326.0,322.0,322.0,-1.5,2135,2357,324.0
2022-05-25,2106226,687310695,328.0,323.5,327.0,5.0,2320,2357,324.0
2022-05-26,2031883,659959810,329.5,323.0,323.5,-3.5,2614,2357,329.5
2022-05-27,1846358,605351535,329.5,323.5,329.0,5.5,1988,2357,325.0
2022-05-30,3111488,1047159403,338.5,331.0,338.5,9.5,3227,2357,333.0
2022-05-31,5336677,1820043209,343.0,334.0,341.5,3.0,2611,2357,338.5
2022-06-01,2101557,723397192,346.0,340.0,343.0,1.5,2115,2357,342.5
2022-06-02,1191458,408626256,345.0,340.0,342.5,-0.5,1574,2357,340.5
2022-06-06,2768051,944506273,344.5,340.0,340.0,-2.5,2690,2357,343.0
2022-06-07,2084692,707888748,342.0,337.0,339.0,-1.0,2297,2357,340.0
2022-06-08,4410192,1496860634,343.5,336.5,338.5,-0.5,2988,2357,343.5
2022-06-09,3251858,1087909264,338.0,333.0,333.0,-5.5,3428,2357,338.0
2022-06-10,1853202,610844910,332.5,328.0,329.0,-4.0,2485,2357,332.5
2022-06-13,2555252,830986073,328.5,322.5,327.0,-2.0,3011,2357,324.0
2022-06-14,3917085,1273077011,328.5,322.5,325.0,-2.0,3760,2357,324.0
2022-06-15,2011664,657833618,332.0,324.5,325.0,0.0,2633,2357,326.5
2022-06-16,1722812,562713181,329.5,324.0,324.5,-0.5,2009,2357,329.5
2022-06-17,3694684,1190781557,324.0,319.0,323.0,-1.5,2613,2357,321.5
2022-06-20,3292851,1051273430,324.0,316.5,320.0,-3.0,3447,2357,324.0
2022-06-21,3149373,1034660196,332.0,321.0,332.0,12.0,2665,2357,324.0
2022-06-22,2820026,917808361,334.0,321.5,321.5,-10.5,2983,2357,333.0
2022-06-23,2349772,761908468,326.5,321.5,325.0,3.5,2162,2357,324.0
2022-06-24,2651621,862596035,329.0,322.5,326.0,1.0,2317,2357,328.0
2022-06-27,1858172,610453386,330.5,326.5,328.5,2.5,1943,2357,328.5
2022-06-28,2081789,679157432,330.0,324.0,326.0,-2.5,2169,2357,328.5
2022-06-29,2637586,854942310,326.5,322.0,324.0,-2.0,2220,2357,322.5
2022-06-30,6152299,1919925804,320.5,308.5,310.5,-13.5,6348,2357,320.0
2022-07-01,3977428,1234675851,315.0,308.0,309.5,-1.0,3825,2357,311.0
2022-07-04,3912114,1189133548,312.5,300.0,301.5,-8.0,4522,2357,310.0
2022-07-05,2428614,739566567,309.0,301.5,304.5,3.0,2357,2357,307.0
2022-07-06,2870266,864123644,307.5,298.0,298.0,-6.5,3729,2357,307.0
2022-07-07,3127587,942152696,305.5,296.0,302.5,4.5,2972,2357,300.0
2022-07-08,2147896,656568022,308.0,303.5,305.0,2.5,2228,2357,303.5
2022-07-11,1932038,597387172,311.0,308.0,309.5,4.5,2023,2357,310.0
2022-07-12,2849598,869995506,308.0,302.0,306.5,-3.0,2856,2357,307.5
2022-07-13,3059104,960858797,317.5,311.0,313.0,6.5,2869,2357,313.5
2022-07-14,1965704,610500673,313.5,309.5,312.5,-0.5,2912,2357,312.0
2022-07-15,1506838,469590136,314.5,310.0,310.0,-2.5,1912,2357,314.0
2022-07-18,4182165,1289138125,311.5,303.5,308.5,-1.5,3975,2357,310.5
2022-07-19,4460505,1389054207,314.0,308.0,312.0,3.5,2794,2357,309.0
2022-07-20,2631681,833450125,318.5,314.5,316.0,4.0,2874,2357,315.0
2022-07-21,3599734,1149122961,323.0,316.0,322.0,6.0,3190,2357,316.0
2022-07-22,3686537,1193396102,327.0,318.0,326.0,4.0,3584,2357,323.5
2022-07-25,3116714,1010103692,326.5,320.5,326.0,0.0,2817,2357,323.0
2022-07-26,3454435,1115313989,325.5,321.0,323.0,-3.0,2921,2357,325.5
2022-07-27,4833461,1555838724,324.5,319.5,322.5,-0.5,3510,2357,323.5
2022-07-28,6562789,2106505049,325.0,319.0,319.0,-3.5,6369,2357,324.0
2022-07-29,8279637,2325774511,284.0,277.0,281.5,0.0,7675,2357,277.0
2022-08-01,3167254,888866725,283.0,278.0,282.5,1.0,3383,2357,281.0
2022-08-02,5131707,1426232761,280.5,275.5,277.5,-5.0,6052,2357,280.0
2022-08-03,2184743,610715155,281.0,277.0,281.0,3.5,2169,2357,278.0
2022-08-04,1667137,468197363,282.5,279.0,281.0,0.0,1904,2357,281.0
2022-08-05,2103080,591674856,283.0,279.5,282.0,1.0,2574,2357,283.0
2022-08-08,1888759,532595431,284.0,280.5,283.5,1.5,1960,2357,282.0
2022-08-09,2492507,701402060,283.5,280.0,281.0,-2.5,2906,2357,283.5
2022-08-10,2734618,759411852,279.0,277.0,277.0,-4.0,3176,2357,278.5
2022-08-11,2416434,680516424,282.5,279.5,282.0,5.0,2175,2357,281.5
2022-08-12,10944358,2858762278,264.5,257.5,262.0,-20.0,14100,2357,261.0
2022-08-15,8343849,2124689833,261.0,252.0,252.5,-9.5,11028,2357,260.5
2022-08-16,6585988,1662840280,255.5,248.0,254.5,2.0,6404,2357,250.5
2022-08-17,5355943,1372067002,258.0,254.0,258.0,3.5,4843,2357,256.5
2022-08-18,4499769,1166745452,263.0,255.0,262.5,4.5,4345,2357,255.5
2022-08-19,3594741,947439885,265.5,261.0,264.5,2.0,3980,2357,262.5
2022-08-22,3445408,913847562,267.5,262.5,267.5,3.0,3229,2357,262.5
2022-08-23,3838589,1006784675,266.0,260.5,260.5,-7.0,3602,2357,265.0
2022-08-24,4466536,1141512630,261.0,253.5,254.0,-6.5,5801,2357,261.0
2022-08-25,3359908,853026511,257.0,252.0,255.5,1.5,3899,2357,256.0
2022-08-26,2486501,640494872,258.5,256.0,258.5,3.0,2702,2357,257.0
2022-08-29,2650055,670028121,255.0,251.0,253.0,-5.5,3792,2357,251.5
2022-08-30,2737563,700162632,258.0,253.0,257.0,4.0,2493,2357,256.0
2022-08-31,3510282,895350760,256.0,254.0,255.0,-2.0,1990,2357,254.0
2022-09-01,2605604,658022209,254.0,251.0,252.5,-2.5,2916,2357,253.5
2022-09-02,1705235,433711090,256.0,253.0,253.5,1.0,1893,2357,255.0
2022-09-05,2041465,524646488,259.0,254.5,258.0,4.5,2399,2357,255.5
2022-09-06,2127433,546976354,261.0,254.0,255.0,-3.0,2446,2357,260.0
2022-09-07,8072073,1977891393,253.0,241.0,242.0,-13.0,10705,2357,252.5
2022-09-08,3942390,975028810,249.5,243.5,249.0,7.0,3363,2357,245.0
2022-09-12,3214616,812162339,254.5,250.5,254.0,5.0,3552,2357,251.0
2022-09-13,2539521,652086706,259.5,255.0,256.5,2.5,2404,2357,256.0
2022-09-14,2149708,542496287,254.5,248.5,252.5,-4.0,5139,2357,249.5
2022-09-15,1769464,450236070,256.5,252.5,254.0,1.5,1588,2357,254.0
2022-09-16,5564479,1421352896,257.0,251.5,256.5,2.5,2851,2357,251.5
2022-09-19,2169709,551838146,257.5,253.0,254.5,-2.0,1986,2357,257.0
2022-09-20,2720421,690114289,256.5,252.0,253.5,-1.0,1885,2357,256.0
2022-09-21,3870649,964981148,253.0,248.0,249.0,-4.5,3545,2357,251.5
2022-09-22,3808597,933326898,247.0,242.0,246.5,-2.5,3718,2357,245.0
2022-09-23,1376700,338901310,248.0,244.0,246.0,-0.5,1613,2357,245.0
2022-09-26,3616962,867100400,244.0,238.0,238.5,-7.5,4125,2357,242.5
2022-09-27,2286918,554264984,246.0,240.0,242.0,3.5,2221,2357,240.5
2022-09-28,3586616,853957031,243.5,236.0,237.5,-4.5,3352,2357,241.5
2022-09-29,2322792,552645348,242.0,236.0,237.5,0.0,2315,2357,242.0
2022-09-30,3721783,868733973,235.0,231.5,234.0,-3.5,3249,2357,235.0
2022-10-03,1824593,424297536,235.5,228.5,234.0,0.0,2140,2357,228.5
2022-10-04,2924823,700029684,241.5,234.5,240.0,6.0,2775,2357,235.0
2022-10-05,2724553,666788524,247.0,242.0,244.0,4.0,3099,2357,242.5
2022-10-06,2751152,670660182,246.5,241.0,244.0,0.0,3081,2357,243.5
2022-10-07,5141376,1202055038,242.5,230.5,231.0,-13.0,7318,2357,241.5
2022-10-11,4705023,1059921448,227.0,223.5,225.0,-6.0,4562,2357,227.0
2022-10-12,2643821,608895172,233.0,226.5,231.5,6.5,2338,2357,228.5
2022-10-13,2147751,495546516,232.0,228.5,231.0,-0.5,3315,2357,229.5
2022-10-14,1898841,440759201,235.0,231.0,231.0,0.0,1879,2357,235.0
2022-10-17,2999633,693066247,233.0,227.5,232.0,1.0,2387,2357,227.5
2022-10-18,3476543,819464614,238.0,232.0,236.5,4.5,3228,2357,234.5
2022-10-19,3207142,764522214,240.0,234.0,239.0,2.5,3033,2357,235.5
2022-10-20,5136266,1191843274,236.0,230.0,232.0,-7.0,4481,2357,235.0
2022-10-21,2266657,521048804,232.5,228.0,229.0,-3.0,2516,2357,232.0
2022-10-24,2015966,465264742,232.0,229.0,231.0,2.0,1942,2357,231.0
2022-10-25,2168826,502442105,234.0,230.5,231.5,0.5,2119,2357,233.0
2022-10-26,2391437,560715113,236.0,231.5,235.5,4.0,2399,2357,234.0
2022-10-27,2272627,531650300,238.0,232.5,233.0,-2.5,3683,2357,237.0
2022-10-28,1422612,332827145,235.0,232.0,234.0,1.0,1300,2357,233.0
2022-10-31,1714300,404842063,237.5,234.5,236.0,2.0,1300,2357,235.5
2022-11-01,1180782,278293409,237.0,234.5,236.0,0.0,1358,2357,236.0
2022-11-02,1758737,415397717,238.0,233.0,237.5,1.5,1715,2357,233.0
2022-11-03,2124606,499224000,236.0,232.5,235.5,-2.0,1802,2357,235.0
2022-11-04,3387296,786442853,235.0,229.5,234.5,-1.0,3138,2357,233.0
2022-11-07,2540037,600823533,238.0,234.0,237.5,3.0,2323,2357,236.5
2022-11-08,2277450,549002607,242.0,239.0,242.0,4.5,2325,2357,239.5
2022-11-09,2299377,561574483,245.5,242.0,244.5,2.5,2335,2357,243.5
2022-11-10,1374505,331506106,242.5,240.0,241.0,-3.5,1816,2357,241.0
2022-11-11,4079214,1009785670,251.0,244.5,249.0,8.0,3787,2357,248.0
2022-11-14,2567589,639079388,250.5,247.5,248.0,-1.0,6688,2357,250.0
2022-11-15,2277860,570174596,252.5,247.0,252.0,4.0,2375,2357,248.0
2022-11-16,2240003,564946252,254.0,250.5,252.0,0.0,2432,2357,251.5
2022-11-17,2133922,539256719,254.5,250.0,254.0,2.0,2137,2357,252.0
2022-11-18,1938346,493024951,256.0,252.0,256.0,2.0,2116,2357,253.0
2022-11-21,3096422,796032448,259.0,254.0,258.0,2.0,2725,2357,257.0
2022-11-22,4135350,1074772822,261.5,255.0,261.0,3.0,3830,2357,259.0
2022-11-23,4098977,1086654590,267.0,260.5,265.0,4.0,4172,2357,261.5
2022-11-24,3879611,1040568653,270.0,266.0,267.5,2.5,4266,2357,267.0
2022-11-25,4379325,1168973434,271.5,265.0,265.0,-2.5,6903,2357,270.0
2022-11-28,4314240,1151406930,270.0,259.0,265.5,0.5,3495,2357,263.0
2022-11-29,3852961,1032044455,270.0,264.0,267.0,1.5,3000,2357,266.0
2022-11-30,8448075,2249641258,269.0,265.5,266.0,-1.0,2049,2357,267.0
2022-12-01,3001202,814146199,273.5,267.0,271.5,5.5,3175,2357,270.0
2022-12-02,3420955,940957106,277.0,271.0,277.0,5.5,3962,2357,273.0
2022-12-05,2781834,781038575,283.0,275.0,283.0,6.0,3171,2357,276.5
2022-12-06,2576757,717036541,281.5,275.5,277.5,-5.5,3457,2357,281.5
2022-12-07,2872973,785281213,275.5,271.5,272.0,-5.5,3306,2357,275.0
2022-12-08,2304129,618779874,274.0,266.0,268.0,-4.0,2478,2357,272.0
2022-12-09,2122759,569529101,270.0,266.0,268.5,0.5,1912,2357,269.5
2022-12-12,2782864,746827108,273.0,262.0,273.0,4.5,2251,2357,266.0
2022-12-13,2381783,638987276,271.5,266.5,267.5,-5.5,2270,2357,271.0
2022-12-14,2154742,586784070,273.5,269.5,273.0,5.5,2061,2357,270.5
2022-12-15,2093881,562155030,272.5,266.5,267.0,-6.0,2452,2357,272.0
2022-12-16,7730223,2046477184,267.0,262.0,265.5,-1.5,3976,2357,264.0
2022-12-19,6590655,1741419160,267.0,261.5,264.0,-1.5,3410,2357,263.0
2022-12-20,8704555,2338533531,271.0,266.0,269.0,5.0,4715,2357,267.0
2022-12-21,6678649,1774652519,269.0,263.5,266.0,-3.0,3438,2357,269.0
2022-12-22,6299993,1732657286,278.0,269.0,275.5,9.5,4035,2357,270.5
2022-12-23,1392124,377696632,273.0,270.0,271.0,-4.5,3150,2357,272.0
2022-12-26,769795,209459167,273.0,271.0,272.0,1.0,966,2357,272.0
2022-12-27,783547,213192661,273.5,270.0,270.0,-2.0,1032,2357,272.5
2022-12-28,1085371,292036774,270.0,268.0,269.0,-1.0,1306,2357,268.0
2022-12-29,1449013,387651543,270.5,264.5,269.0,0.0,1448,2357,267.5
2022-12-30,779565,209610512,270.0,268.5,268.5,-0.5,787,2357,270.0
2023-01-03,1059032,284470109,271.0,266.0,270.0,1.5,1183,2357,267.0
2023-01-04,758191,204187204,271.5,268.5,268.5,-1.5,919,2357,271.5
2023-01-05,1172450,319143902,275.0,271.0,271.0,2.5,1367,2357,271.0
2023-01-06,636361,172536177,273.0,270.0,271.5,0.5,1142,2357,272.0
2023-01-09,1488904,407980318,275.5,272.5,275.0,3.5,1599,2357,273.5
2023-01-10,2052079,555049110,274.0,269.5,269.5,-5.5,2807,2357,274.0
2023-01-11,1533081,413463290,271.5,269.0,269.0,-0.5,1496,2357,270.5
2023-01-12,1740063,462401417,270.5,263.5,265.0,-4.0,3049,2357,270.0
2023-01-13,1099357,293912243,268.5,265.5,268.0,3.0,1350,2357,267.5
2023-01-16,1030455,277500333,271.0,268.0,269.0,1.0,1299,2357,269.0
2023-01-17,1353368,363731113,270.5,268.0,268.0,-1.0,1430,2357,270.0
2023-01-30,4610365,1276257803,280.0,273.5,280.0,12.0,4223,2357,275.0
2023-01-31,3068286,843069764,280.5,271.5,272.0,-8.0,3947,2357,280.0
2023-02-01,1156202,317249804,276.0,272.5,275.0,3.0,1330,2357,274.5
2023-02-02,1574014,436826339,279.0,275.0,278.5,3.5,1906,2357,277.0
2023-02-03,1337453,371547958,279.0,275.5,278.0,-0.5,1581,2357,278.0
2023-02-06,1865103,515391433,279.0,274.0,276.0,-2.0,1884,2357,274.5
2023-02-07,1759182,487363997,279.0,275.0,278.0,2.0,1666,2357,276.0
2023-02-08,1829676,508439535,279.5,276.5,277.5,-0.5,1985,2357,278.0
2023-02-09,1263622,349477472,277.5,276.0,276.0,-1.5,1373,2357,276.5
2023-02-10,2888553,783502722,274.0,270.0,270.0,-6.0,4225,2357,273.5
2023-02-13,1589268,434654429,275.0,270.0,274.5,4.5,1677,2357,270.5
2023-02-14,1161677,321396581,278.0,276.0,276.5,2.0,1563,2357,276.5
2023-02-15,1228376,339430340,277.5,275.5,276.0,-0.5,1437,2357,277.5
2023-02-16,1869874,521308693,280.0,277.5,278.0,2.0,1984,2357,277.5
2023-02-17,926301,258450265,280.0,277.5,279.5,1.5,1240,2357,279.5
2023-02-20,651868,181675794,279.5,278.0,278.0,-1.5,1121,2357,279.5
2023-02-21,730860,203640481,279.5,277.0,279.5,1.5,1020,2357,278.5
2023-02-22,1354948,378230229,281.0,277.5,279.5,0.0,1623,2357,278.5
2023-02-23,1564849,439631972,282.0,279.5,280.5,1.0,1830,2357,281.0
2023-02-24,2537683,708394525,282.0,278.0,278.0,-2.5,1747,2357,282.0
2023-03-01,2016857,558147114,279.0,275.0,276.0,-2.0,2231,2357,277.0
2023-03-02,1589712,444551630,282.0,276.5,281.0,5.0,1768,2357,277.5
2023-03-03,1193193,338248093,284.5,282.0,284.0,3.0,1747,2357,282.5
2023-03-06,1436357,411740776,288.0,285.0,286.5,2.5,4921,2357,286.5
2023-03-07,1385340,400229347,290.0,286.5,289.5,3.0,1980,2357,287.0
2023-03-08,1458155,419063168,289.0,286.0,287.5,-2.0,1841,2357,289.0
2023-03-09,1856913,529912938,287.5,284.0,285.5,-2.0,2302,2357,287.0
2023-03-10,4195537,1220668097,293.0,285.0,293.0,7.5,4573,2357,285.0
2023-03-13,8898215,2383751865,271.5,264.5,266.0,-27.0,22275,2357,268.0
2023-03-14,5183388,1358446515,264.0,260.5,261.0,-5.0,6109,2357,264.0
2023-03-15,2509252,657887908,264.0,261.0,261.5,0.5,3091,2357,262.0
2023-03-16,2032362,534108782,264.5,260.5,263.0,1.5,2461,2357,260.5
2023-03-17,4408044,1185798500,271.0,263.0,271.0,8.0,2685,2357,264.5
2023-03-20,1808361,482255999,270.0,265.0,266.0,-5.0,2736,2357,270.0
2023-03-21,1352762,362023635,268.5,267.0,268.5,2.5,1682,2357,267.5
2023-03-22,2260346,605995717,269.0,267.0,269.0,0.5,2590,2357,268.5
2023-03-23,1749500,470924608,271.0,267.5,269.5,0.5,1938,2357,269.0
2023-03-24,1312429,353982812,271.0,268.0,270.0,0.5,1586,2357,270.0
2023-03-27,1055518,285186180,271.0,269.5,269.5,-0.5,1399,2357,270.5
2023-03-28,1094670,294377379,271.0,267.5,268.5,-1.0,1444,2357,269.0
2023-03-29,1085647,294002049,271.5,270.0,271.5,3.0,1315,2357,270.0
2023-03-30,1217059,330867591,273.0,270.5,272.5,1.0,2027,2357,271.5
2023-03-31,1962845,535667530,275.0,271.0,272.5,0.0,1824,2357,273.5
2023-04-06,1654529,446370274,270.5,268.5,270.5,-2.0,1906,2357,269.5
2023-04-07,594146,160899833,272.0,270.0,270.0,-0.5,1078,2357,271.5
2023-04-10,566275,153311674,272.0,270.0,271.0,1.0,879,2357,271.5
2023-04-11,1368692,373748636,274.5,270.5,273.5,2.5,1727,2357,271.0
2023-04-12,2023537,563840789,280.0,275.5,278.5,5.0,3495,2357,276.0
2023-04-13,1732672,479885551,280.0,275.5,275.5,-3.0,7938,2357,279.5
2023-04-14,1079566,299216137,278.5,275.5,277.5,2.0,2199,2357,278.5
2023-04-17,1618142,452814062,281.0,278.0,281.0,3.5,1960,2357,278.5
2023-04-18,1179437,328344204,282.0,277.0,278.5,-2.5,1763,2357,281.5
2023-04-19,1556558,435277548,281.0,278.0,278.5,0.0,1767,2357,279.0
2023-04-20,1087598,301432891,279.5,275.5,276.5,-2.0,3754,2357,279.5
2023-04-21,1983548,549087745,280.5,275.0,276.0,-0.5,3651,2357,279.0
2023-04-24,2070703,575202070,279.0,276.0,278.5,2.5,2366,2357,278.0
2023-04-25,2399371,665569238,280.0,276.0,278.0,-0.5,3219,2357,280.0
2023-04-26,2535206,696687558,277.0,272.0,275.5,-2.5,7719,2357,275.5
2023-04-27,2559644,713115828,280.0,274.5,280.0,4.5,2676,2357,275.5
2023-04-28,1842487,518484438,282.5,279.0,282.5,2.5,1813,2357,282.0
2023-05-02,1587703,453367445,287.0,282.0,286.0,3.5,2104,2357,283.0
2023-05-03,1680234,482519554,288.0,285.5,287.5,1.5,2241,2357,287.0
2023-05-04,2616730,760566663,292.0,286.5,292.0,4.5,3010,2357,287.0
2023-05-05,1787661,516238031,291.5,286.0,289.0,-3.0,3709,2357,291.5
2023-05-08,1089695,315047505,290.5,288.0,288.5,-0.5,1477,2357,289.0
2023-05-09,1891234,550470225,293.0,289.0,292.0,3.5,7962,2357,289.5
2023-05-10,1455301,421906427,292.0,287.5,291.5,-0.5,2104,2357,290.5
2023-05-11,1190383,343065327,291.5,286.5,286.5,-5.0,3636,2357,291.5
2023-05-12,2043532,577369442,287.0,280.5,281.5,-5.0,18521,2357,286.0
2023-05-15,9179561,2782236173,309.0,297.5,303.5,22.0,9209,2357,304.5
2023-05-16,3504546,1061283938,305.5,299.0,303.5,0.0,3725,2357,303.0
2023-05-17,3220063,977103627,305.0,302.0,303.5,0.0,3011,2357,302.5
2023-05-18,4036995,1241350459,310.0,303.0,308.0,4.5,4129,2357,304.5
2023-05-19,2344294,720479777,309.5,305.0,308.0,0.0,3193,2357,306.0
2023-05-22,1592027,488118468,308.0,303.5,306.5,-1.5,2125,2357,307.5
2023-05-23,2988013,918628644,309.0,306.5,307.0,0.5,2535,2357,307.5
2023-05-24,2088966,639518975,308.0,304.5,308.0,1.0,3671,2357,307.0
2023-05-25,2293309,701049076,308.5,304.0,304.5,-3.5,6303,2357,307.0
2023-05-26,2302942,708428628,309.0,304.0,308.5,4.0,3995,2357,304.5
2023-05-29,1976279,605459848,312.0,303.5,303.5,-5.0,17026,2357,309.5
2023-05-30,2270321,692318030,307.5,303.5,304.0,0.5,5325,2357,307.5
2023-05-31,5484869,1672637249,307.0,303.0,305.0,1.0,6773,2357,304.0
2023-06-01,1163053,355439737,307.0,301.5,306.0,1.0,1819,2357,304.0
2023-06-02,4398915,1379164954,316.0,305.5,315.0,9.0,7409,2357,306.0
2023-06-05,2341675,736035658,315.5,312.5,313.5,-1.5,3966,2357,315.0
2023-06-06,1829428,572014460,315.0,311.0,313.0,-0.5,4084,2357,312.5
2023-06-07,1259063,395616752,316.0,313.0,314.5,1.5,2074,2357,313.0
2023-06-08,1718342,540620084,316.5,312.0,314.0,-0.5,1919,2357,313.0
2023-06-09,1450112,456947793,316.5,314.0,315.0,1.0,3802,2357,316.5
2023-06-12,3701721,1194927380,325.0,316.0,324.5,9.5,5546,2357,316.0
2023-06-13,2247958,723660121,328.0,319.0,320.0,-4.5,7147,2357,328.0
2023-06-14,1848151,588319838,321.0,316.0,317.5,-2.5,2195,2357,320.0
2023-06-15,2167487,691380810,322.5,315.0,319.5,2.0,2398,2357,318.0
2023-06-16,4521084,1431692407,319.5,313.5,316.5,-3.0,3610,2357,318.0
2023-06-19,3538421,1103949527,316.0,310.0,311.0,-5.5,3265,2357,314.5
2023-06-20,4006301,1243279815,314.0,308.0,310.0,-1.0,3095,2357,312.0
2023-06-21,3009300,946149456,317.5,310.0,314.5,4.5,2473,2357,311.0
2023-06-26,4777766,1534141992,324.0,313.5,321.0,6.5,4311,2357,317.0
2023-06-27,1583308,502120543,320.0,315.5,315.5,-5.5,1871,2357,319.5
2023-06-28,1586358,501182869,319.0,314.0,316.0,0.5,1649,2357,316.0
2023-06-29,3762511,1178052885,317.0,308.0,314.0,-2.0,2009,2357,308.0
2023-06-30,2881533,906696086,317.0,311.0,314.5,0.5,1919,2357,311.0
2023-07-03,3637338,1144388872,319.0,312.0,312.5,-2.0,2902,2357,319.0
2023-07-04,6937605,2059827308,302.5,293.0,293.5,0.0,6402,2357,298.5
2023-07-05,1718829,508338901,298.0,292.0,296.5,3.0,2316,2357,294.0
2023-07-06,2990980,896836678,302.5,295.5,300.0,3.5,2748,2357,298.0
2023-07-07,2197970,645154533,300.0,291.0,293.0,-7.0,3654,2357,300.0
2023-07-10,1451851,424679283,295.0,291.0,292.0,-1.0,1725,2357,293.0
2023-07-11,2430327,716497041,299.0,292.5,296.0,4.0,2200,2357,297.5
2023-07-12,2293508,675168064,296.5,291.5,296.5,0.5,3427,2357,293.5
2023-07-13,1952044,580045852,300.0,293.5,295.5,-1.0,2427,2357,297.5
2023-07-14,1406831,416529322,298.0,293.5,298.0,2.5,2399,2357,297.5
2023-07-17,1347142,401617812,299.5,296.0,299.5,1.5,2691,2357,297.5
2023-07-18,6119865,1882404669,316.0,300.0,306.5,7.0,6359,2357,300.0
2023-07-19,2644940,793153937,311.5,295.5,298.0,-8.5,7740,2357,311.5
2023-07-20,1971795,593647628,304.5,297.0,303.0,5.0,2146,2357,300.0
2023-07-21,15605613,5062237047,333.0,312.0,333.0,30.0,13094,2357,314.5
2023-07-24,28793608,10454903250,366.0,352.5,366.0,33.0,18297,2357,360.0
2023-07-25,37489813,14277366986,399.0,362.0,367.5,1.5,31285,2357,388.0
2023-07-26,13994155,5215951320,382.5,363.5,367.0,-0.5,14427,2357,377.0
2023-07-27,10307037,3702838505,375.0,353.5,356.0,-11.0,11545,2357,375.0
2023-07-28,27124281,10263106623,388.0,360.0,388.0,32.0,23848,2357,366.5
2023-07-31,24978028,9414064848,399.0,352.0,364.0,-24.0,22199,2357,399.0
2023-08-01,14304331,5307856707,380.0,358.5,372.0,8.0,13010,2357,376.5
2023-08-02,9335975,3403690228,374.0,358.0,361.5,-10.5,10053,2357,369.5
2023-08-04,5878759,2116450684,365.0,352.0,362.0,0.5,6091,2357,361.5
2023-08-07,6863197,2526358907,376.0,357.5,370.5,8.5,6599,2357,361.5
2023-08-08,5672755,2097192090,376.0,360.5,376.0,5.5,5424,2357,370.5
2023-08-09,19003225,7244863709,389.5,372.0,379.0,3.0,15927,2357,389.5
2023-08-10,11470609,4177953371,373.0,352.5,368.5,-10.5,11979,2357,370.0
2023-08-11,6151011,2267028208,376.0,363.0,368.0,-0.5,5443,2357,371.5
2023-08-14,15408965,5750731466,380.0,362.5,371.0,3.0,12339,2357,363.0
2023-08-15,15382193,5937090521,390.0,380.0,385.0,14.0,13071,2357,380.0
2023-08-16,11353097,4361416153,389.5,377.0,389.5,4.5,9752,2357,379.5
2023-08-17,10536313,4086229102,393.5,382.5,393.5,4.0,10323,2357,386.0
2023-08-18,10155548,3946979517,399.0,379.0,384.0,-9.5,14135,2357,399.0
2023-08-21,7442927,2882171475,391.0,382.0,386.0,2.0,5872,2357,382.5
2023-08-22,12977548,5100899312,397.0,385.5,395.0,9.0,11483,2357,391.0
2023-08-23,21181190,8675449399,418.0,392.5,414.5,19.5,20242,2357,397.5
2023-08-24,22541137,9668742459,438.0,414.5,428.0,13.5,22465,2357,432.0
2023-08-25,13037054,5416258618,426.0,406.0,413.0,-15.0,21295,2357,415.5
2023-08-28,10157922,4099646523,415.5,394.0,405.0,-8.0,10325,2357,414.0
2023-08-29,5895941,2394218218,413.0,400.0,405.0,0.0,6650,2357,410.0
2023-08-30,6468799,2635455810,416.5,401.5,403.0,-2.0,6554,2357,414.0
2023-08-31,8575292,3430767532,403.0,396.0,402.5,-0.5,6721,2357,398.5
2023-09-01,5255450,2114466056,409.0,399.0,400.0,-2.5,4719,2357,408.0
2023-09-04,3928069,1564990083,403.5,395.0,400.0,0.0,4020,2357,402.0
2023-09-05,6344661,2482178268,400.0,382.0,394.0,-6.0,7397,2357,398.0
2023-09-06,5454637,2185159695,407.5,395.0,403.5,9.5,5262,2357,397.0
2023-09-07,2955526,1182818536,403.5,398.0,401.0,-2.5,2947,2357,403.5
2023-09-08,2877719,1157483876,404.5,397.0,403.5,2.5,2949,2357,400.0
2023-09-11,9775338,3734779532,404.0,371.5,380.0,-23.5,11812,2357,404.0
2023-09-12,12868563,4696457315,377.5,360.5,363.5,-16.5,12401,2357,373.5
2023-09-13,5538912,2034073388,371.0,360.0,369.5,6.0,4945,2357,360.0
2023-09-14,3295189,1238592592,379.0,372.0,373.5,4.0,3666,2357,373.0
2023-09-15,6553047,2410389710,377.0,366.0,366.5,-7.0,4926,2357,375.0
2023-09-18,4494030,1617661727,364.0,357.0,359.5,-7.0,5210,2357,364.0
2023-09-19,2989736,1086286715,368.0,359.5,360.5,1.0,3072,2357,365.0
2023-09-20,2518714,912255645,366.0,359.5,360.5,0.0,2594,2357,363.5
2023-09-21,3792908,1349399849,360.0,353.5,355.0,-5.5,4348,2357,357.5
2023-09-22,3255712,1155977336,358.5,351.5,357.5,2.5,3202,2357,355.0
2023-09-25,2413712,865160344,360.5,354.0,359.5,2.0,2367,2357,357.0
2023-09-26,3462546,1238662811,361.0,354.0,358.0,-1.5,3245,2357,360.5
2023-09-27,3749069,1357656326,365.5,357.5,364.0,6.0,3404,2357,357.5
2023-09-28,2973796,1087806822,368.5,362.5,367.0,3.0,2569,2357,366.5
2023-10-02,3362700,1249471810,374.0,364.5,372.5,5.5,3820,2357,370.0
2023-10-03,2915720,1073621544,373.0,366.0,366.5,-6.0,2952,2357,373.0
2023-10-04,3612719,1332995981,371.5,364.0,370.5,4.0,3263,2357,364.0
2023-10-05,4401391,1673713129,384.5,374.0,380.0,9.5,5074,2357,376.0
2023-10-06,1744169,662229512,382.5,376.5,379.5,-0.5,2332,2357,380.5
2023-10-11,4364477,1654194402,388.0,374.0,376.5,-3.0,5098,2357,386.5
2023-10-12,5632034,2125995483,385.0,375.0,377.5,1.0,3841,2357,377.0
2023-10-13,4739294,1739474115,376.0,362.5,365.0,-12.5,5486,2357,376.0
2023-10-16,2499044,906430176,366.5,360.0,363.0,-2.0,2533,2357,363.0
2023-10-17,3468306,1253605899,365.0,359.0,360.5,-2.5,3418,2357,364.0
2023-10-18,11252373,3949325451,361.0,346.5,350.5,-10.0,7991,2357,360.5
2023-10-19,4365297,1495933424,348.0,338.0,344.5,-6.0,5078,2357,348.0
2023-10-20,7401408,2482763361,342.0,331.0,337.0,-7.5,6659,2357,339.5
2023-10-23,2899097,970830093,338.5,331.5,334.0,-3.0,2743,2357,333.5
2023-10-24,2402689,813399512,341.0,335.0,341.0,7.0,2364,2357,335.0
2023-10-25,2606021,896954173,348.5,340.5,342.5,1.5,2451,2357,345.0
2023-10-26,2715439,921841467,342.5,334.5,339.0,-3.5,2546,2357,336.0
2023-10-27,4353133,1522373375,356.0,341.5,346.5,7.5,3931,2357,343.0
2023-10-30,2331678,807369710,351.0,342.0,346.5,0.0,2157,2357,347.0
2023-10-31,3177636,1079968606,345.5,337.5,338.0,-8.5,2849,2357,344.0
2023-11-01,1510393,514782004,344.0,337.0,343.0,5.0,1552,2357,340.0
2023-11-02,2280391,795387179,351.5,345.0,351.0,8.0,2312,2357,346.5
2023-11-03,1813436,639530625,355.0,349.5,355.0,4.0,1822,2357,353.0
2023-11-06,2274861,820467885,363.5,357.0,360.5,5.5,2576,2357,358.0
2023-11-07,2182708,774320449,359.5,352.5,353.5,-7.0,2586,2357,359.0
2023-11-08,1721486,618255516,363.0,355.5,357.5,4.0,1935,2357,358.0
2023-11-09,1671837,594415343,358.5,352.0,357.0,-0.5,1690,2357,355.5
2023-11-10,1446305,512096649,357.5,350.5,355.5,-1.5,1800,2357,353.5
2023-11-13,1944091,694728340,360.5,353.0,360.0,4.5,1899,2357,360.5
2023-11-14,14577443,5713971674,396.0,383.5,396.0,36.0,13848,2357,386.0
2023-11-15,8587997,3404487165,405.0,390.0,391.5,-4.5,9418,2357,403.0
2023-11-16,6056136,2318670736,392.0,376.5,380.5,-11.0,7803,2357,390.0
2023-11-17,7756048,3038961183,398.0,381.0,392.5,12.0,7506,2357,385.0
2023-11-20,3601542,1398393804,392.0,384.0,391.0,-1.5,4203,2357,392.0
2023-11-21,4759441,1853007702,396.0,387.0,389.0,-2.0,4411,2357,394.0
2023-11-22,3827922,1472461568,391.0,381.0,384.5,-4.5,4157,2357,390.0
2023-11-23,3461689,1316194266,386.0,378.0,379.5,-5.0,3967,2357,386.0
2023-11-24,3519320,1339019615,383.5,376.0,383.5,4.0,3065,2357,381.5
2023-11-27,4588841,1727026943,384.0,373.0,377.0,-6.5,4669,2357,383.5
2023-11-28,4474000,1709318752,385.5,377.5,385.5,8.5,3587,2357,379.0
2023-11-29,5310032,2060011546,390.5,383.5,390.0,4.5,4677,2357,387.0
2023-11-30,9184947,3584128614,393.5,382.0,393.5,3.5,4341,2357,388.0
2023-12-01,4130564,1606947229,391.5,386.5,388.0,-5.5,3655,2357,390.0
2023-12-04,2681030,1038460402,391.5,385.5,387.0,-1.0,2552,2357,391.5
2023-12-05,3236244,1256709410,391.0,382.5,390.5,3.5,3410,2357,388.0
2023-12-06,2962573,1162816224,395.0,388.5,393.5,3.0,3275,2357,390.5
2023-12-07,1842219,725053119,397.0,390.5,393.5,0.0,2309,2357,391.0
2023-12-08,3892993,1555493563,403.5,395.5,398.5,5.0,5047,2357,398.0
2023-12-11,3125092,1236540812,402.0,392.0,396.5,-2.0,3099,2357,400.0
2023-12-12,2265088,894814433,399.0,392.0,393.0,-3.5,2404,2357,396.0
2023-12-13,8419668,3421901270,412.0,394.0,407.5,14.5,8967,2357,395.5
2023-12-14,4990459,2042439248,416.0,404.5,411.0,3.5,5707,2357,410.0
2023-12-15,6411652,2618084875,412.0,406.0,406.0,-5.0,4343,2357,411.0
2023-12-18,8357836,3557674908,434.0,403.5,428.5,22.5,9419,2357,409.0
2023-12-19,7102571,3038120756,436.0,422.0,424.5,-4.0,7326,2357,427.0
2023-12-20,17122481,7674713371,460.5,428.0,450.0,25.5,17400,2357,428.5
2023-12-21,11029057,5003663574,462.0,437.5,453.5,3.5,10631,2357,438.5
2023-12-22,5922445,2674574941,457.5,444.5,453.5,0.0,6188,2357,452.0
2023-12-25,9085833,4281291620,479.0,456.0,471.5,18.0,11822,2357,456.0
2023-12-26,4397625,2072763901,477.0,466.5,472.0,0.5,4935,2357,473.5
2023-12-27,10094506,4929756460,496.0,472.0,491.5,19.5,13010,2357,478.0
2023-12-28,8227361,4066874884,502.0,487.0,492.0,0.5,11232,2357,496.0
2023-12-29,4872316,2394446428,499.0,486.0,489.5,-2.5,8603,2357,490.0
2024-01-02,5266565,2560400762,498.0,479.0,485.0,-4.5,13134,2357,494.0
2024-01-03,10317823,4820840060,482.0,459.0,465.0,-20.0,11628,2357,478.0
2024-01-04,7718355,3514563933,467.0,450.5,454.0,-11.0,8817,2357,465.0
2024-01-05,4542745,2068494080,461.5,451.0,454.0,0.0,5480,2357,456.5
2024-01-08,3869864,1768834925,463.5,452.5,453.5,-0.5,4504,2357,459.0
2024-01-09,3836812,1754809908,464.0,453.5,455.0,1.5,3994,2357,461.5
2024-01-10,4567018,2099507365,464.0,451.5,461.0,6.0,4482,2357,455.0
2024-01-11,3029283,1389571870,463.0,455.0,461.0,0.0,3889,2357,462.0
2024-01-12,4914293,2209909692,459.0,445.0,448.5,-12.5,7530,2357,459.0
2024-01-15,2917972,1312743951,455.0,446.0,447.0,-1.5,3917,2357,452.0
2024-01-16,3955229,1746775427,445.5,439.0,440.5,-6.5,4778,2357,445.5
2024-01-17,5065350,2228513012,444.5,436.5,439.0,-1.5,5378,2357,441.0
2024-01-18,4229401,1891078825,452.5,439.0,445.0,6.0,4449,2357,439.0
2024-01-19,3783224,1705488446,455.0,445.5,455.0,10.0,4536,2357,448.0
2024-01-22,4437172,2038154970,465.0,455.0,459.5,4.5,5288,2357,456.0
2024-01-23,2496061,1140670060,462.5,454.5,456.5,-3.0,3170,2357,460.0
2024-01-24,2214417,1012585847,461.5,454.0,455.0,-1.5,2708,2357,457.0
2024-01-25,2024321,926070415,460.5,454.5,458.0,3.0,2412,2357,457.0
2024-01-26,5168551,2280983518,453.5,436.5,439.0,-19.0,7546,2357,453.0
2024-01-29,1900426,840655061,445.0,436.0,444.0,5.0,2308,2357,436.0
2024-01-30,3281842,1468627418,451.0,439.5,447.5,3.5,3179,2357,443.5
2024-01-31,5042135,2245831730,453.0,441.0,445.5,-2.0,3396,2357,446.0
2024-02-01,1772185,789068320,448.0,442.0,447.0,1.5,2041,2357,447.0
2024-02-02,3390674,1537839163,458.0,450.0,455.0,8.0,3388,2357,451.0
2024-02-05,2823235,1275735945,455.0,448.5,452.0,-3.0,3115,2357,450.5
2024-02-15,5895947,2729606558,467.0,457.0,464.0,12.0,6365,2357,464.0
2024-02-16,7291033,3505703156,488.0,462.0,479.5,15.5,8270,2357,462.5
2024-02-19,3367519,1595853540,482.5,467.5,477.5,-2.0,6358,2357,482.5
2024-02-20,2503534,1183777617,479.0,470.0,473.0,-4.5,3200,2357,475.5
2024-02-21,3447211,1634157352,487.0,466.0,469.0,-4.0,4015,2357,476.0
2024-02-22,3317620,1552667015,477.0,462.5,469.0,0.0,3452,2357,473.0
2024-02-23,3616173,1729746294,482.5,473.0,474.0,5.0,4307,2357,473.0
2024-02-26,2568802,1205279763,473.5,464.5,470.5,-3.5,4449,2357,472.0
2024-02-27,7832359,3578121818,462.0,452.0,454.5,-16.0,8368,2357,461.5
2024-02-29,6920805,3146511936,462.5,448.0,455.0,0.5,4891,2357,450.0
2024-03-01,2473455,1135821316,466.0,456.0,457.0,2.0,2692,2357,457.0
2024-03-04,2728612,1256229710,467.0,457.0,457.0,0.0,3253,2357,460.5
2024-03-05,3456791,1606727847,470.0,458.0,466.0,9.0,4378,2357,458.0
2024-03-06,2342184,1096122933,471.5,462.5,471.0,5.0,3360,2357,465.0
2024-03-07,2193189,1017970212,471.0,461.0,462.0,-9.0,3818,2357,470.0
2024-03-08,2942729,1339911743,461.5,451.0,452.5,-9.5,4968,2357,461.5
2024-03-11,4202434,1868252341,457.0,439.5,444.0,-8.5,6371,2357,453.0
2024-03-12,3380619,1493604186,446.0,437.0,441.0,-3.0,4123,2357,442.5
2024-03-13,4298757,1892568372,444.5,436.0,436.0,-5.0,4841,2357,441.0
2024-03-14,3626786,1569050650,436.5,428.0,433.5,-2.5,4918,2357,435.0
2024-03-15,7119210,3057809787,434.5,428.0,429.0,-4.5,4517,2357,428.0
2024-03-18,11785477,4818359509,433.5,401.0,408.5,-20.5,17289,2357,429.0
2024-03-19,6509854,2670040219,415.0,405.0,407.5,-1.0,7159,2357,406.5
2024-03-20,4446036,1846821015,419.5,409.0,414.0,6.5,6110,2357,409.0
2024-03-21,4526897,1887923737,422.0,411.5,420.0,6.0,5325,2357,414.5
2024-03-22,5535087,2355887905,436.5,420.5,421.5,1.5,6635,2357,424.0
2024-03-25,2245563,951527492,426.5,419.5,423.5,2.0,2974,2357,421.5
2024-03-26,3445234,1446733200,426.0,416.5,417.0,-6.5,4292,2357,421.0
2024-03-27,2633128,1114916219,427.5,416.5,424.5,7.5,3185,2357,418.0
2024-03-28,3472528,1471354395,430.0,418.5,423.5,-1.0,3653,2357,423.0
2024-03-29,2370306,1014140117,429.5,423.0,429.5,6.0,2644,2357,423.5
2024-04-01,2091878,891190360,432.0,423.0,423.0,-6.5,2748,2357,431.5
2024-04-02,2355016,997593338,427.0,421.5,423.0,0.0,2946,2357,423.5
2024-04-03,2543648,1075384921,425.5,419.5,422.5,-0.5,2353,2357,420.5
2024-04-08,1790896,760536608,427.0,420.0,426.0,3.5,2385,2357,420.5
2024-04-09,2144933,910793983,426.5,422.5,425.0,-1.0,2649,2357,423.5
2024-04-10,4973627,2188404469,446.5,433.0,435.0,10.0,6190,2357,433.0
2024-04-11,6292866,2799884535,455.0,429.5,453.5,18.5,7765,2357,438.0
2024-04-12,4649675,2069924815,448.5,442.5,443.5,-10.0,5686,2357,448.0
2024-04-15,2358397,1041307662,446.0,438.5,440.5,-3.0,3042,2357,440.0
2024-04-16,4138618,1772897085,437.0,425.0,425.5,-15.0,7499,2357,436.0
2024-04-17,2931144,1256217929,431.5,425.5,428.5,3.0,3208,2357,429.5
2024-04-18,3145285,1344155205,430.0,423.5,427.0,-1.5,2704,2357,425.5
2024-04-19,4740351,1969326799,425.0,407.0,413.5,-13.5,5701,2357,422.5
2024-04-22,2220515,919683205,419.5,411.5,413.5,0.0,2511,2357,415.5
2024-04-23,2864147,1175814598,418.5,406.5,409.5,-4.0,3687,2357,415.0
2024-04-24,2219187,930191644,422.0,414.0,420.5,11.0,2489,2357,415.5
2024-04-25,2324837,960056531,415.5,410.0,412.0,-8.5,2590,2357,413.5
2024-04-26,2391393,1003751326,422.5,412.5,419.0,7.0,2629,2357,412.5
2024-04-29,1967981,836783833,426.5,420.5,426.0,7.0,2378,2357,420.5
2024-04-30,2435305,1050488135,434.5,425.0,430.0,4.0,2715,2357,425.0
2024-05-02,2850793,1222263831,432.0,426.5,427.5,-2.5,2925,2357,427.0
2024-05-03,2285854,985107786,435.0,428.5,429.0,1.5,2559,2357,431.5
2024-05-06,4435448,1965992782,451.5,433.0,448.5,19.5,5833,2357,433.5
2024-05-07,7667172,3530137399,466.0,451.5,460.0,11.5,8676,2357,452.5
2024-05-08,5157165,2356869737,461.5,452.5,458.5,-1.5,4606,2357,456.0
2024-05-09,8520377,4056874325,483.0,460.0,475.0,16.5,10778,2357,460.5
2024-05-10,4807279,2250958557,474.5,464.0,470.5,-4.5,7659,2357,473.0
2024-05-13,3221794,1499920845,476.0,459.0,466.0,-4.5,9306,2357,473.0
2024-05-14,22311557,11355280488,512.0,495.5,512.0,46.0,20043,2357,510.0
2024-05-15,11119531,5610290180,517.0,495.5,498.0,-14.0,19975,2357,513.0
2024-05-16,10300118,5271145358,520.0,500.0,516.0,18.0,12112,2357,505.0
2024-05-17,6650888,3391198510,516.0,502.0,516.0,0.0,7662,2357,510.0
2024-05-20,8350700,4229913915,521.0,501.0,506.0,-10.0,8882,2357,518.0
2024-05-21,10595451,5182909514,505.0,483.0,489.0,-17.0,13887,2357,503.0
2024-05-22,20479299,10602181920,535.0,493.0,522.0,33.0,19928,2357,499.5
2024-05-23,13864748,7194730610,531.0,512.0,520.0,-2.0,13727,2357,531.0
2024-05-24,10945610,5639258744,524.0,503.0,519.0,-1.0,9656,2357,508.0
2024-05-27,14477961,7665566473,540.0,517.0,540.0,21.0,12561,2357,528.0
2024-05-28,15151879,7933543642,536.0,517.0,527.0,-13.0,15151,2357,535.0
2024-05-29,9830713,5128289191,526.0,513.0,524.0,-3.0,8203,2357,523.0
2024-05-30,11596152,5942945737,516.0,508.0,515.0,-9.0,11436,2357,515.0
2024-05-31,15312627,7838702490,517.0,507.0,513.0,-2.0,7734,2357,517.0
2024-06-03,7718574,3944815301,527.0,508.0,509.0,-4.0,7933,2357,522.0
2024-06-04,10194070,5069693776,509.0,491.5,496.0,-13.0,14319,2357,508.0
2024-06-05,6803658,3328920081,499.0,486.5,488.5,-7.5,10161,2357,498.0
2024-06-06,3784212,1875208510,500.0,491.5,493.0,4.5,5012,2357,495.0
2024-06-07,6319664,3052824376,494.0,477.0,484.0,-9.0,9925,2357,493.0
2024-06-11,3220619,1549335334,486.0,478.0,481.5,-2.5,4879,2357,484.0
2024-06-12,4399508,2110760164,484.5,477.0,480.5,-1.0,6492,2357,480.0
2024-06-13,6131878,2984713653,491.5,478.0,487.0,6.5,7196,2357,480.5
2024-06-14,3928697,1935731179,496.0,490.0,493.5,6.5,4638,2357,495.0
2024-06-17,2097741,1030325983,495.0,489.0,489.0,-4.5,3355,2357,493.5
2024-06-18,3628073,1797127218,497.5,490.5,496.0,7.0,4127,2357,492.0
2024-06-19,4302172,2161264273,508.0,495.5,502.0,6.0,5696,2357,498.0
2024-06-20,3407817,1743246089,516.0,504.0,512.0,10.0,5204,2357,505.0
2024-06-21,4524601,2325359051,518.0,505.0,512.0,0.0,4481,2357,507.0
2024-06-24,3879152,1991139162,518.0,508.0,513.0,1.0,4655,2357,514.0
2024-06-25,4711311,2376846208,511.0,500.0,506.0,-7.0,7566,2357,510.0
2024-06-26,2883018,1459063471,512.0,501.0,506.0,0.0,5759,2357,503.0
2024-06-27,3640600,1825008187,506.0,496.0,503.0,-3.0,6262,2357,501.0
2024-06-28,3559232,1780519869,504.0,498.0,498.0,-5.0,4077,2357,501.0
2024-07-01,3307473,1646248774,502.0,494.5,495.5,-2.5,4472,2357,502.0
2024-07-02,5012690,2455753164,493.5,486.0,490.0,-5.5,6730,2357,492.0
2024-07-03,12414859,5879387497,480.5,465.0,479.5,0.0,13066,2357,470.0
2024-07-04,4468597,2174067434,492.5,481.0,482.0,2.5,5217,2357,482.0
2024-07-05,2396974,1160456731,486.0,482.5,483.0,1.0,2932,2357,484.0
2024-07-08,1866185,904282288,488.0,480.0,486.0,3.0,2923,2357,484.0
2024-07-09,2202067,1071171260,490.0,483.5,486.5,0.5,3096,2357,489.5
2024-07-10,10329536,5235094600,514.0,495.0,508.0,21.5,10468,2357,506.0
2024-07-11,5015992,2580404141,522.0,506.0,513.0,5.0,5790,2357,510.0
2024-07-12,3343183,1707074263,517.0,507.0,509.0,-4.0,3959,2357,517.0
2024-07-15,3023368,1512263088,514.0,495.0,498.5,-10.5,7405,2357,513.0
2024-07-16,1799516,895981734,502.0,492.5,502.0,3.5,2967,2357,496.0
2024-07-17,2383987,1180418063,502.0,491.5,493.5,-8.5,4204,2357,500.0
2024-07-18,3139221,1546825907,496.5,486.0,494.5,1.0,3691,2357,489.0
2024-07-19,2700742,1308848804,494.5,481.0,481.5,-13.0,5290,2357,493.5
2024-07-22,3684454,1714430276,480.5,459.5,468.0,-13.5,6174,2357,480.0
2024-07-23,1945840,926312967,479.0,472.0,478.5,10.5,2640,2357,472.0
2024-07-26,6350126,2897116481,472.0,447.5,458.0,-20.5,10200,2357,471.0
2024-07-29,3884384,1747956970,461.5,443.0,444.5,-13.5,6182,2357,461.5
2024-07-30,4274431,1878657264,447.0,433.0,447.0,2.5,6057,2357,444.0
2024-07-31,4042604,1831696282,457.0,443.0,456.0,9.0,3803,2357,445.0
2024-08-01,7362347,3562279869,492.0,469.0,492.0,36.0,8393,2357,470.0
2024-08-02,5405957,2584018294,487.0,468.0,472.0,-20.0,7213,2357,478.5
2024-08-05,5481741,2385511623,452.5,426.0,433.0,-39.0,7771,2357,450.0
2024-08-06,4956189,2161478518,454.5,422.0,435.5,2.5,6086,2357,454.5
2024-08-07,6119714,2826656663,473.5,433.0,469.5,34.0,6799,2357,433.5
2024-08-08,16971668,8554121108,513.0,494.5,502.0,32.5,16292,2357,509.0
2024-08-09,8598335,4352759625,511.0,497.0,505.0,3.0,8944,2357,509.0
2024-08-12,4870950,2439289949,512.0,496.5,499.0,-6.0,12125,2357,507.0
2024-08-13,4029381,2016620425,509.0,496.0,500.0,1.0,12218,2357,501.0
2024-08-14,4911371,2491494589,511.0,500.0,510.0,10.0,5833,2357,506.0
2024-08-15,3737470,1919020107,518.0,505.0,513.0,3.0,4996,2357,512.0
2024-08-16,3248019,1681263803,522.0,515.0,519.0,6.0,4108,2357,522.0
2024-08-19,3370248,1768956360,531.0,516.0,524.0,5.0,5111,2357,521.0
2024-08-20,3585437,1871763321,525.0,518.0,519.0,-5.0,4010,2357,523.0
2024-08-21,3279893,1696832462,524.0,511.0,517.0,-2.0,4816,2357,524.0
2024-08-22,1466783,757364210,520.0,513.0,518.0,1.0,2040,2357,518.0
2024-08-23,1737837,893779581,519.0,508.0,519.0,1.0,4347,2357,512.0
2024-08-26,11699503,6439058612,564.0,530.0,546.0,27.0,15582,2357,539.0
2024-08-27,6361832,3529728526,562.0,542.0,554.0,8.0,8560,2357,542.0
2024-08-28,2395345,1316155946,556.0,543.0,552.0,-2.0,5865,2357,555.0
2024-08-29,3489385,1911461190,552.0,540.0,548.0,-4.0,3659,2357,542.0
2024-08-30,4109800,2227667891,556.0,537.0,537.0,-11.0,11254,2357,547.0
2024-09-02,4860655,2691112880,562.0,542.0,556.0,19.0,6037,2357,547.0
2024-09-03,1844059,1018874276,557.0,550.0,550.0,-6.0,2580,2357,553.0
2024-09-04,4466195,2359653716,537.0,512.0,528.0,-22.0,20425,2357,522.0
2024-09-05,2633165,1384308848,535.0,520.0,521.0,-7.0,5016,2357,530.0
2024-09-06,2425780,1277261067,536.0,516.0,527.0,6.0,2766,2357,522.0
2024-09-09,3577884,1888152925,534.0,518.0,533.0,6.0,3634,2357,520.0
2024-09-10,3541178,1875661298,539.0,522.0,527.0,-6.0,3525,2357,536.0
2024-09-11,2104309,1104214787,530.0,520.0,523.0,-4.0,2455,2357,526.0
2024-09-12,3276181,1763816398,543.0,530.0,539.0,16.0,3998,2357,535.0
2024-09-13,1939960,1047246778,543.0,533.0,543.0,4.0,2386,2357,537.0
2024-09-16,1210530,655199009,546.0,538.0,544.0,1.0,1737,2357,541.0
2024-09-18,2731380,1495381376,551.0,541.0,547.0,3.0,3485,2357,541.0
2024-09-19,5495838,3095448054,569.0,551.0,569.0,22.0,8521,2357,555.0
2024-09-20,8932833,5274740672,598.0,572.0,591.0,22.0,9645,2357,572.0
2024-09-23,4691379,2748410999,592.0,581.0,589.0,-2.0,5191,2357,588.0
2024-09-24,3421978,2019458469,596.0,580.0,594.0,5.0,4319,2357,590.0
2024-09-25,4513835,2649351017,598.0,582.0,586.0,-8.0,5441,2357,597.0
2024-09-26,4383756,2531579069,589.0,572.0,575.0,-11.0,6140,2357,583.0
2024-09-27,3099582,1770156185,583.0,567.0,568.0,-7.0,4930,2357,578.0
2024-09-30,4070069,2276121452,571.0,553.0,553.0,-15.0,4965,2357,565.0
2024-10-01,3374205,1908465345,577.0,553.0,572.0,19.0,3922,2357,555.0
2024-10-04,3834240,2159241105,571.0,559.0,562.0,-10.0,4384,2357,568.0
2024-10-07,4229003,2446146267,584.0,569.0,579.0,17.0,4756,2357,570.0
2024-10-08,2829927,1628896721,582.0,568.0,577.0,-2.0,2912,2357,572.0
2024-10-09,2298168,1333517362,586.0,577.0,577.0,0.0,2750,2357,579.0
2024-10-11,2591820,1522072443,592.0,580.0,585.0,8.0,3722,2357,591.0
2024-10-14,2012077,1177898688,591.0,577.0,583.0,-2.0,3513,2357,581.0
2024-10-15,5063568,3027502809,607.0,586.0,599.0,16.0,6813,2357,586.0
2024-10-16,2628770,1555238360,597.0,587.0,591.0,-8.0,3619,2357,590.0
2024-10-17,1968943,1174443408,602.0,591.0,596.0,5.0,4264,2357,597.0
2024-10-18,5108185,3087058588,613.0,596.0,596.0,0.0,6439,2357,602.0
2024-10-21,3717952,2211070360,610.0,586.0,590.0,-6.0,8572,2357,609.0
2024-10-22,3876793,2313547168,602.0,586.0,600.0,10.0,3581,2357,590.0
2024-10-23,2622732,1551490635,598.0,588.0,591.0,-9.0,3212,2357,595.0
2024-10-24,2102382,1234183301,592.0,584.0,584.0,-7.0,2859,2357,589.0
2024-10-25,1732140,1024975188,594.0,587.0,591.0,7.0,2052,2357,590.0
2024-10-28,1663578,989944589,598.0,591.0,595.0,4.0,2203,2357,596.0
2024-10-29,2398655,1398031273,594.0,577.0,584.0,-11.0,4513,2357,592.0
2024-10-30,3461466,2000012242,588.0,575.0,575.0,-9.0,4289,2357,587.0
2024-11-01,2981754,1713555655,584.0,552.0,583.0,8.0,3158,2357,553.0
2024-11-04,2400127,1419834409,597.0,580.0,596.0,13.0,3310,2357,580.0
2024-11-05,2327460,1386079100,600.0,592.0,596.0,0.0,2520,2357,595.0
2024-11-06,3739105,2258860376,608.0,595.0,606.0,10.0,4729,2357,596.0
2024-11-07,3259726,1991658879,616.0,601.0,607.0,1.0,4574,2357,602.0
2024-11-08,4342861,2699712270,627.0,610.0,621.0,14.0,6321,2357,610.0
2024-11-11,7405526,4516728220,625.0,598.0,614.0,-7.0,8050,2357,625.0
2024-11-12,5082315,3129791438,624.0,604.0,612.0,-2.0,5707,2357,605.0
2024-11-13,2948691,1802741374,617.0,607.0,611.0,-1.0,3373,2357,611.0
2024-11-14,6514720,4064904944,631.0,613.0,623.0,12.0,6207,2357,615.0
2024-11-15,8728495,5393288557,646.0,604.0,607.0,-16.0,8957,2357,625.0
2024-11-18,11158749,6886298217,623.0,610.0,612.0,5.0,8614,2357,614.0
2024-11-19,13122586,8265436521,642.0,617.0,622.0,10.0,10581,2357,619.0
2024-11-20,11020116,6890423300,637.0,616.0,619.0,-3.0,10826,2357,623.0
2024-11-21,9349250,5759739417,625.0,610.0,610.0,-9.0,10990,2357,620.0
2024-11-22,10186323,6251166492,618.0,608.0,611.0,1.0,8389,2357,614.0
2024-11-25,14052208,8574296475,623.0,602.0,602.0,-9.0,9289,2357,612.0
2024-11-26,9025998,5522249455,619.0,595.0,617.0,15.0,7859,2357,604.0
2024-11-27,7752311,4657863343,617.0,592.0,594.0,-23.0,9891,2357,614.0
2024-11-28,5076900,2956673222,595.0,576.0,581.0,-13.0,8025,2357,594.0
2024-11-29,4370258,2561007366,597.0,574.0,588.0,7.0,4265,2357,579.0
2024-12-02,3229794,1936159512,603.0,591.0,602.0,14.0,3588,2357,594.0
2024-12-03,5363294,3190374990,612.0,586.0,595.0,-7.0,7664,2357,610.0
2024-12-04,3122838,1870599812,603.0,592.0,601.0,6.0,3214,2357,594.0
2024-12-05,6319368,3793330562,608.0,596.0,600.0,-1.0,3337,2357,600.0
2024-12-06,6125669,3663343556,606.0,591.0,598.0,-2.0,5135,2357,600.0
2024-12-09,2564371,1550387858,608.0,597.0,608.0,10.0,3161,2357,599.0
2024-12-10,2669274,1618740593,617.0,600.0,605.0,-3.0,5000,2357,615.0
2024-12-11,2012837,1212704788,606.0,598.0,604.0,-1.0,2262,2357,602.0
2024-12-12,2206599,1339034242,610.0,603.0,608.0,4.0,2302,2357,608.0
2024-12-13,2169318,1327512498,615.0,606.0,615.0,7.0,3118,2357,611.0
2024-12-16,3464098,2092840578,618.0,594.0,601.0,-14.0,7221,2357,618.0
2024-12-17,4013509,2401123392,603.0,595.0,595.0,-6.0,3486,2357,600.0
2024-12-18,2503570,1515544719,609.0,596.0,609.0,14.0,2517,2357,596.0
2024-12-19,3686176,2200338225,602.0,586.0,602.0,-7.0,5085,2357,598.0
2024-12-20,3815400,2289518353,605.0,596.0,600.0,-2.0,3121,2357,597.0
2024-12-23,4460075,2744872733,622.0,606.0,615.0,15.0,5665,2357,609.0
2024-12-24,2763600,1702309713,620.0,610.0,615.0,0.0,3223,2357,615.0
2024-12-25,1594368,980972076,621.0,612.0,613.0,-2.0,1696,2357,619.0
2024-12-26,1553528,959533692,622.0,616.0,616.0,3.0,1873,2357,618.0
2024-12-27,1273077,792059462,624.0,617.0,624.0,8.0,2630,2357,620.0
2024-12-30,1209573,750754373,625.0,617.0,617.0,-7.0,1794,2357,621.0
2024-12-31,1574080,969672909,619.0,612.0,616.0,-1.0,1968,2357,615.0
2025-01-02,4495811,2756842770,635.0,602.0,605.0,-11.0,8144,2357,616.0
2025-01-03,4497573,2797408228,628.0,613.0,623.0,18.0,5390,2357,613.0
2025-01-06,3476134,2177458532,632.0,618.0,629.0,6.0,5108,2357,630.0
2025-01-07,5203328,3326172576,648.0,628.0,648.0,19.0,7670,2357,631.0
2025-01-08,4548902,2949632649,660.0,642.0,646.0,-2.0,8794,2357,647.0
2025-01-09,2735706,1752875379,648.0,633.0,633.0,-13.0,3992,2357,645.0
2025-01-10,2896922,1816479448,632.0,623.0,626.0,-7.0,4701,2357,630.0
2025-01-13,4338170,2652563748,626.0,605.0,609.0,-17.0,7700,2357,626.0
2025-01-14,3020537,1838184088,611.0,605.0,608.0,-1.0,3345,2357,608.0
2025-01-15,3854848,2295624653,610.0,591.0,591.0,-17.0,7358,2357,606.0
2025-01-16,2254756,1356606319,607.0,598.0,600.0,9.0,3111,2357,600.0
2025-01-17,1739827,1044724305,605.0,596.0,600.0,0.0,2691,2357,601.0
2025-01-20,2032003,1237534573,613.0,601.0,610.0,10.0,2764,2357,602.0
2025-01-21,2793852,1678403266,613.0,598.0,599.0,-11.0,4490,2357,613.0
2025-01-22,2319648,1408554985,613.0,602.0,607.0,8.0,2752,2357,602.0
2025-02-03,11635099,7427954361,655.0,598.0,649.0,42.0,13637,2357,600.0
2025-02-04,6284714,4097010195,661.0,644.0,647.0,-2.0,7624,2357,644.0
2025-02-05,4855913,3179237041,661.0,643.0,657.0,10.0,5946,2357,645.0
2025-02-06,3118631,2028841895,661.0,645.0,652.0,-5.0,5023,2357,660.0
2025-02-07,3711330,2446722629,665.0,649.0,665.0,13.0,6995,2357,649.0
2025-02-10,3337046,2238106010,675.0,659.0,669.0,4.0,4961,2357,660.0
2025-02-11,2436795,1617463432,669.0,658.0,665.0,-4.0,4201,2357,662.0
2025-02-12,3278439,2213719622,684.0,668.0,675.0,10.0,4872,2357,672.0
2025-02-13,1775823,1205247187,685.0,674.0,679.0,4.0,2310,2357,680.0
2025-02-14,2184999,1477226209,682.0,671.0,678.0,-1.0,2964,2357,677.0
2025-02-17,1678066,1140648355,683.0,675.0,681.0,3.0,3136,2357,675.0
2025-02-18,3881799,2694658969,702.0,682.0,698.0,17.0,5931,2357,685.0
2025-02-19,3286979,2278736524,702.0,688.0,691.0,-7.0,4477,2357,700.0
2025-02-20,3057613,2134336315,704.0,689.0,693.0,2.0,4209,2357,689.0
2025-02-21,3827018,2709810635,713.0,696.0,709.0,16.0,5617,2357,697.0
2025-02-24,1955660,1370360404,715.0,696.0,698.0,-11.0,4276,2357,707.0
2025-02-25,3334093,2314244602,704.0,685.0,691.0,-7.0,4769,2357,693.0
2025-02-26,3080403,2127668477,700.0,685.0,698.0,7.0,3944,2357,690.0
2025-02-27,4742280,3240969074,697.0,677.0,682.0,-16.0,7313,2357,697.0
2025-03-03,3410924,2286455238,683.0,666.0,669.0,-13.0,5804,2357,670.0
2025-03-04,3559707,2371153088,673.0,657.0,670.0,1.0,4664,2357,661.0
2025-03-05,2094557,1419864237,682.0,671.0,678.0,8.0,2330,2357,672.0
2025-03-06,1728589,1172702569,684.0,674.0,674.0,-4.0,2564,2357,676.0
2025-03-07,2634444,1746229284,675.0,659.0,659.0,-15.0,4899,2357,670.0
2025-03-10,3187193,2089408099,664.0,651.0,654.0,-5.0,4302,2357,658.0
2025-03-11,3507701,2287336737,661.0,639.0,654.0,0.0,4573,2357,644.0
2025-03-12,20311828,12240601851,621.0,595.0,600.0,-54.0,33813,2357,600.0
2025-03-13,7839959,4826820569,627.0,607.0,608.0,8.0,11316,2357,611.0
2025-03-14,3937221,2396704990,614.0,605.0,608.0,0.0,5734,2357,614.0
2025-03-17,4541832,2824961897,626.0,610.0,624.0,16.0,5912,2357,613.0
2025-03-18,8650508,5613776096,656.0,630.0,656.0,32.0,9738,2357,630.0
2025-03-19,4413773,2860867907,655.0,644.0,645.0,-11.0,5456,2357,650.0
2025-03-20,4837945,3151526764,660.0,646.0,650.0,5.0,6756,2357,650.0
2025-03-21,5633984,3665604696,654.0,643.0,650.0,0.0,4614,2357,650.0
2025-03-24,3318132,2120198373,655.0,631.0,631.0,-19.0,12866,2357,655.0
2025-03-25,4648788,2930543494,641.0,625.0,631.0,0.0,5468,2357,637.0
2025-03-26,6253453,4070004746,662.0,643.0,645.0,14.0,6759,2357,660.0
2025-03-27,4738777,3013925156,644.0,628.0,640.0,-5.0,5795,2357,633.0
2025-03-28,3059808,1958577243,645.0,634.0,642.0,2.0,4007,2357,635.0
2025-03-31,6191256,3834534806,635.0,609.0,609.0,-33.0,8114,2357,629.0
2025-04-01,3738251,2283276784,616.0,604.0,613.0,4.0,5081,2357,613.0
2025-04-02,3725302,2260593655,611.0,604.0,604.0,-9.0,5999,2357,608.0
2025-04-07,815639,443707616,544.0,544.0,544.0,-60.0,2971,2357,544.0
2025-04-08,4144232,2030690661,490.0,490.0,490.0,-54.0,7506,2357,490.0
2025-04-09,12938639,5871251075,476.0,441.0,441.0,-49.0,16741,2357,451.0
2025-04-10,2880247,1396919795,485.0,485.0,485.0,44.0,1859,2357,485.0
2025-04-11,10185692,5049455104,512.0,467.5,512.0,27.0,20457,2357,473.0
2025-04-14,7590534,4129770685,555.0,526.0,542.0,30.0,9403,2357,526.0
2025-04-15,5384662,3015759063,572.0,535.0,563.0,21.0,6487,2357,541.0
2025-04-16,4461233,2486581442,566.0,551.0,553.0,-10.0,5557,2357,557.0
2025-04-17,4370989,2371009562,549.0,537.0,543.0,-10.0,5196,2357,546.0
2025-04-18,3422731,1870569843,551.0,542.0,543.0,0.0,3033,2357,546.0
2025-04-21,2873006,1538953274,544.0,531.0,531.0,-12.0,3742,2357,539.0
2025-04-22,4975460,2573666617,528.0,509.0,512.0,-19.0,9700,2357,521.0
2025-04-23,3789259,2041785811,544.0,527.0,543.0,31.0,4173,2357,527.0
2025-04-24,5663251,3060335709,546.0,528.0,544.0,1.0,3486,2357,534.0
2025-04-25,7551952,4381769414,597.0,555.0,591.0,47.0,10550,2357,555.0
2025-04-28,3437108,2011027725,590.0,581.0,583.0,-8.0,4480,2357,586.0
2025-04-29,2285088,1335089421,587.0,580.0,586.0,3.0,2724,2357,583.0
2025-04-30,2198975,1277100757,587.0,576.0,580.0,-6.0,2798,2357,584.0
2025-05-02,1928376,1132736865,590.0,584.0,590.0,10.0,2691,2357,587.0
2025-05-05,4679406,2677892655,592.0,559.0,575.0,-15.0,9638,2357,591.0
2025-05-06,3129203,1833371991,592.0,572.0,587.0,12.0,4028,2357,573.0
2025-05-07,2398505,1423815666,600.0,587.0,594.0,7.0,3157,2357,590.0
2025-05-08,1801985,1072732407,598.0,592.0,594.0,0.0,2235,2357,596.0
2025-05-09,2202185,1318395334,602.0,591.0,602.0,8.0,2663,2357,594.0
2025-05-12,2222051,1350789716,614.0,603.0,603.0,1.0,3458,2357,605.0
2025-05-13,3413336,2072853563,613.0,602.0,608.0,5.0,3570,2357,610.0
2025-05-14,6443330,4011143357,635.0,610.0,622.0,14.0,8295,2357,615.0
2025-05-15,3009704,1880795401,628.0,618.0,628.0,6.0,3588,2357,622.0
2025-05-16,3454358,2187754037,638.0,622.0,634.0,6.0,4452,2357,628.0
2025-05-19,3124646,1964612250,636.0,621.0,621.0,-13.0,4273,2357,631.0
2025-05-20,3019832,1906182912,637.0,626.0,632.0,11.0,3521,2357,629.0
2025-05-21,2803334,1762698913,635.0,625.0,628.0,-4.0,5901,2357,633.0
2025-05-22,2154818,1354928006,632.0,622.0,632.0,4.0,2502,2357,626.0
2025-05-23,1802617,1126348791,632.0,622.0,622.0,-10.0,2673,2357,632.0
2025-05-26,2803396,1745186205,627.0,618.0,627.0,5.0,3385,2357,622.0
2025-05-27,4965646,3042851656,627.0,608.0,608.0,-19.0,8194,2357,623.0
2025-05-28,4597400,2833466957,622.0,610.0,619.0,11.0,4535,2357,618.0
2025-05-29,7501028,4680625451,630.0,614.0,625.0,6.0,4847,2357,625.0
2025-06-02,3137153,1952538304,628.0,616.0,622.0,-3.0,3325,2357,619.0
2025-06-03,4210170,2672243170,638.0,626.0,638.0,16.0,4230,2357,627.0
2025-06-04,5522129,3523967724,652.0,628.0,638.0,0.0,8505,2357,645.0
2025-06-05,3025104,1926741545,642.0,629.0,642.0,4.0,3418,2357,635.0
2025-06-06,2726387,1753949853,651.0,639.0,645.0,3.0,3105,2357,645.0
2025-06-09,2335768,1512762871,652.0,644.0,646.0,1.0,2975,2357,645.0
2025-06-10,3032584,1997413760,664.0,653.0,659.0,13.0,4796,2357,653.0
2025-06-11,3651804,2449828644,675.0,664.0,675.0,16.0,6032,2357,665.0
2025-06-12,2832093,1923559968,683.0,671.0,682.0,7.0,4067,2357,675.0
2025-06-13,3798529,2589644004,685.0,674.0,684.0,2.0,4423,2357,674.0
2025-06-16,2374692,1618234255,687.0,677.0,683.0,-1.0,3134,2357,681.0
2025-06-17,4845356,3369502189,700.0,684.0,700.0,17.0,6079,2357,688.0
2025-06-18,5201656,3661986325,712.0,696.0,705.0,5.0,6098,2357,696.0
2025-06-19,3130285,2201748183,711.0,699.0,705.0,0.0,3813,2357,707.0
2025-06-20,7919336,5443913467,709.0,683.0,683.0,-22.0,6837,2357,705.0
2025-06-23,5677783,3838627999,684.0,668.0,678.0,-5.0,5933,2357,672.0
2025-06-24,11432817,8129846720,745.0,678.0,745.0,67.0,8922,2357,682.0
2025-06-25,17498216,12326143645,720.0,699.0,700.0,-45.0,18116,2357,710.0
2025-06-26,21635605,13966162038,666.0,632.0,641.0,0.0,29721,2357,665.0
2025-06-27,6968511,4460231182,648.0,636.0,640.0,-1.0,8585,2357,644.0
2025-06-30,11285072,7288134805,654.0,640.0,644.0,4.0,9682,2357,645.0
2025-07-01,5751458,3729562815,652.0,643.0,650.0,6.0,6674,2357,648.0
2025-07-02,5107146,3371134840,664.0,649.0,662.0,12.0,6447,2357,650.0
2025-07-03,10325072,6646078935,664.0,637.0,639.0,-23.0,15515,2357,658.0
2025-07-04,6444194,4065938827,640.0,625.0,625.0,-14.0,12060,2357,639.0
2025-07-07,3217457,2028948385,634.0,624.0,633.0,8.0,4120,2357,624.0
2025-07-08,3335125,2103837272,636.0,627.0,633.0,0.0,4349,2357,632.0
2025-07-09,2872218,1829840578,641.0,632.0,641.0,8.0,3849,2357,634.0
2025-07-10,3612151,2320583188,646.0,637.0,642.0,1.0,4687,2357,646.0
2025-07-11,2668000,1715038011,645.0,641.0,642.0,0.0,2847,2357,643.0
2025-07-14,5663718,3561829658,644.0,624.0,631.0,-11.0,8661,2357,643.0
2025-07-15,2434968,1551183472,640.0,630.0,640.0,9.0,3277,2357,631.0
2025-07-16,3488576,2231808148,646.0,635.0,635.0,-5.0,4637,2357,641.0
2025-07-17,4298243,2759739473,648.0,638.0,640.0,5.0,4247,2357,642.0
2025-07-18,2384389,1523359661,645.0,636.0,639.0,-1.0,4668,2357,645.0
2025-07-21,3501202,2254699645,648.0,640.0,640.0,1.0,4080,2357,643.0
2025-07-22,4607253,2906825194,648.0,623.0,623.0,-17.0,8131,2357,646.0
2025-07-23,2971337,1886299058,638.0,628.0,638.0,15.0,3747,2357,628.0
2025-07-24,2933234,1889111389,647.0,639.0,647.0,9.0,3393,2357,641.0
2025-07-25,3905404,2544693062,655.0,643.0,655.0,8.0,5833,2357,647.0
2025-07-28,2687279,1771998467,663.0,653.0,662.0,7.0,4744,2357,658.0
2025-07-29,3760921,2447220433,660.0,646.0,651.0,-11.0,5455,2357,660.0
2025-07-30,3437356,2241341664,657.0,645.0,653.0,2.0,3520,2357,654.0
2025-07-31,2979226,1968609047,665.0,650.0,662.0,9.0,4980,2357,651.0
2025-08-01,2483314,1644898734,667.0,651.0,665.0,3.0,3790,2357,654.0
2025-08-04,2661863,1757892284,665.0,654.0,665.0,0.0,3351,2357,660.0
2025-08-05,3761863,2537216832,682.0,665.0,676.0,11.0,6509,2357,669.0
2025-08-06,2941869,2002993755,685.0,674.0,680.0,4.0,4425,2357,678.0
2025-08-07,2151766,1472180669,687.0,681.0,682.0,2.0,3523,2357,682.0
2025-08-08,2850952,1942951759,690.0,676.0,680.0,-2.0,4321,2357,686.0
2025-08-11,3003911,1987747642,676.0,654.0,662.0,-18.0,26011,2357,676.0
2025-08-12,3140679,2060541208,669.0,653.0,653.0,-9.0,6168,2357,667.0
2025-08-13,4076186,2631077341,656.0,638.0,640.0,-13.0,9411,2357,656.0
2025-08-14,5000327,3181249118,645.0,629.0,641.0,1.0,7701,2357,640.0
2025-08-15,4179220,2642619934,643.0,629.0,632.0,-9.0,9694,2357,641.0
2025-08-18,2339928,1478839029,636.0,629.0,633.0,1.0,4447,2357,631.0
2025-08-19,2389849,1515899470,637.0,630.0,633.0,0.0,3517,2357,633.0
2025-08-20,4229609,2658323794,636.0,625.0,625.0,-8.0,6555,2357,634.0
2025-08-21,2384186,1499380916,636.0,625.0,626.0,1.0,4112,2357,629.0
2025-08-22,2227022,1389454741,629.0,621.0,621.0,-5.0,4311,2357,628.0
2025-08-25,1936532,1225804811,636.0,627.0,633.0,12.0,3157,2357,630.0
2025-08-26,2107269,1340349421,638.0,630.0,638.0,5.0,2413,2357,631.0
2025-08-27,2148584,1367191065,640.0,634.0,635.0,-3.0,3144,2357,636.0
2025-08-28,1724099,1095597066,639.0,634.0,634.0,-1.0,2183,2357,635.0
2025-08-29,2068323,1311901055,641.0,631.0,632.0,-2.0,3032,2357,638.0
2025-09-01,2118727,1317245268,631.0,616.0,619.0,-13.0,6238,2357,630.0
2025-09-02,1685453,1044796262,625.0,615.0,619.0,0.0,3475,2357,620.0
2025-09-03,1842195,1156838363,633.0,619.0,625.0,6.0,2454,2357,619.0
2025-09-04,2176791,1387362714,644.0,629.0,635.0,10.0,3604,2357,629.0
2025-09-05,1804339,1160730238,647.0,638.0,645.0,10.0,3393,2357,640.0
2025-09-08,1561835,1011751458,651.0,645.0,645.0,0.0,3067,2357,647.0
2025-09-09,3790408,2498338469,665.0,648.0,661.0,16.0,6455,2357,653.0
2025-09-10,3599319,2410193784,677.0,663.0,668.0,7.0,6057,2357,667.0
2025-09-11,7729035,5370072593,709.0,680.0,691.0,23.0,15041,2357,682.0
2025-09-12,5432491,3829766934,714.0,694.0,707.0,16.0,10697,2357,695.0
2025-09-15,2588080,1803788224,710.0,692.0,692.0,-15.0,5513,2357,707.0
2025-09-16,2759197,1901620684,697.0,685.0,685.0,-7.0,5259,2357,695.0
2025-09-17,2924234,1976792798,685.0,671.0,673.0,-12.0,6227,2357,685.0
2025-09-18,2646317,1799357699,687.0,673.0,680.0,7.0,3693,2357,680.0
2025-09-19,4765811,3198816347,684.0,668.0,668.0,-12.0,3406,2357,681.0
2025-09-22,2252349,1535180369,686.0,673.0,684.0,16.0,3477,2357,673.0
2025-09-23,2540463,1746043261,693.0,682.0,684.0,0.0,3920,2357,689.0
2025-09-24,2261407,1540337039,688.0,675.0,684.0,0.0,3354,2357,685.0
2025-09-25,2548613,1750915732,691.0,678.0,690.0,6.0,3086,2357,684.0
2025-09-26,2294326,1555340501,691.0,672.0,678.0,-12.0,4634,2357,690.0
2025-09-30,4335454,2927165255,682.0,668.0,671.0,-7.0,4635,2357,672.0
2025-10-01,2841822,1924198634,687.0,670.0,676.0,5.0,4065,2357,672.0
2025-10-02,2148050,1468765080,688.0,680.0,684.0,8.0,2922,2357,681.0
2025-10-03,2345070,1608487839,692.0,683.0,685.0,1.0,3076,2357,688.0
2025-10-07,2942349,2027372729,693.0,682.0,691.0,6.0,4091,2357,688.0
2025-10-08,2520764,1745018105,696.0,686.0,692.0,1.0,3487,2357,689.0
2025-10-09,3477971,2361418769,698.0,673.0,677.0,-15.0,6780,2357,698.0
2025-10-13,4657080,3210067283,697.0,670.0,697.0,20.0,7349,2357,670.0
2025-10-14,4449546,3111216117,719.0,686.0,687.0,-10.0,6794,2357,717.0
2025-10-15,3822857,2618995483,696.0,681.0,684.0,-3.0,3505,2357,696.0
2025-10-16,1934330,1324386884,690.0,679.0,685.0,1.0,3343,2357,685.0
2025-10-17,1792094,1234664144,694.0,684.0,685.0,0.0,2915,2357,685.0
2025-10-20,2283828,1567929322,691.0,681.0,686.0,1.0,2960,2357,691.0
2025-10-21,1534653,1063097555,698.0,689.0,691.0,5.0,2578,2357,691.0
2025-10-22,1165554,811130837,699.0,690.0,699.0,8.0,2184,2357,691.0
2025-10-23,1715457,1195378801,702.0,693.0,698.0,-1.0,2861,2357,695.0
2025-10-27,3523834,2503907145,714.0,702.0,714.0,16.0,6447,2357,710.0
2025-10-28,1904229,1351165273,715.0,705.0,709.0,-5.0,3419,2357,714.0
2025-10-29,1912467,1358077297,716.0,708.0,709.0,0.0,2817,2357,712.0
2025-10-30,2369204,1677607131,714.0,702.0,709.0,0.0,3370,2357,709.0
2025-10-31,2617669,1831929364,709.0,697.0,697.0,-12.0,3637,2357,709.0
2025-11-03,3097185,2148566522,702.0,689.0,691.0,-6.0,4558,2357,692.0
2025-11-04,2544205,1762040865,705.0,687.0,688.0,-3.0,4097,2357,698.0
2025-11-05,3424467,2312370123,684.0,666.0,681.0,-7.0,5931,2357,684.0
2025-11-06,2990660,2035167596,685.0,677.0,681.0,0.0,3460,2357,679.0
2025-11-07,3583582,2391568906,678.0,663.0,664.0,-17.0,8416,2357,678.0
2025-11-10,2587128,1720492718,672.0,662.0,663.0,-1.0,4322,2357,670.0
2025-11-11,3200569,2125750388,673.0,661.0,661.0,-2.0,4047,2357,668.0
2025-11-12,6078152,3950855603,664.0,646.0,647.0,-14.0,10629,2357,664.0
2025-11-13,5110970,3252501668,649.0,633.0,633.0,-14.0,11505,2357,648.0
2025-11-14,3558400,2253776059,638.0,625.0,633.0,0.0,5409,2357,625.0
2025-11-17,6416499,3971577357,637.0,610.0,610.0,-23.0,14801,2357,637.0
2025-11-18,10997319,6330911536,598.0,563.0,563.0,-47.0,24891,2357,586.0
2025-11-19,4407340,2504000596,578.0,562.0,566.0,3.0,7160,2357,565.0
2025-11-20,3669211,2111926901,583.0,571.0,573.0,7.0,5315,2357,581.0
2025-11-21,5705448,3277325446,583.0,557.0,573.0,0.0,6495,2357,559.0
2025-11-24,7309420,4282414081,593.0,579.0,585.0,12.0,6213,2357,580.0
2025-11-25,3906167,2303990317,594.0,584.0,590.0,5.0,4704,2357,589.0
2025-11-26,3697739,2251806679,616.0,594.0,612.0,22.0,5886,2357,594.0
2025-11-27,2851548,1749409365,619.0,610.0,611.0,-1.0,4216,2357,612.0
2025-11-28,3405189,2057143055,612.0,601.0,601.0,-10.0,5688,2357,611.0
2025-12-01,2335806,1415940028,614.0,602.0,603.0,2.0,3539,2357,602.0
2025-12-02,2028846,1228596935,608.0,601.0,607.0,4.0,2835,2357,607.0
2025-12-03,3544654,2188815486,622.0,607.0,616.0,9.0,4484,2357,610.0
2025-12-04,2834061,1725632559,621.0,605.0,607.0,-9.0,5300,2357,619.0
2025-12-05,2230728,1358151272,614.0,603.0,609.0,2.0,3157,2357,611.0
2025-12-08,2606032,1571975079,608.0,599.0,602.0,-7.0,4119,2357,608.0
2025-12-09,2661652,1593030897,610.0,594.0,596.0,-6.0,5524,2357,607.0
2025-12-10,1888295,1130101250,608.0,595.0,595.0,-1.0,3448,2357,601.0
2025-12-11,2709905,1606033933,601.0,587.0,592.0,-3.0,6667,2357,599.0
2025-12-12,2342889,1385804417,599.0,588.0,588.0,-4.0,4027,2357,596.0
2025-12-15,2562094,1498743239,588.0,581.0,584.0,-4.0,4580,2357,585.0
2025-12-16,10584934,6246601732,600.0,576.0,586.0,2.0,10620,2357,580.0
2025-12-17,9745442,5707610225,595.0,577.0,577.0,-9.0,10721,2357,590.0
2025-12-18,12503671,7055728196,580.0,553.0,554.0,-23.0,17159,2357,566.0
2025-12-19,13187404,7334499523,564.0,550.0,550.0,-4.0,11856,2357,556.0
2025-12-22,9132744,5069087178,562.0,550.0,550.0,0.0,8788,2357,555.0
2025-12-23,9190451,5067584924,555.0,546.0,546.0,-4.0,11010,2357,552.0
2025-12-24,10056098,5494667718,551.0,540.0,544.0,-2.0,10498,2357,547.0
2025-12-26,8521760,4706161403,556.0,545.0,551.0,7.0,7785,2357,548.0
2025-12-29,3643793,2000609912,557.0,543.0,543.0,-8.0,9115,2357,554.0
2025-12-30,3645565,1968456169,548.0,535.0,540.0,-3.0,8091,2357,545.0
2025-12-31,2714103,1489127622,553.0,541.0,548.0,8.0,4571,2357,542.0
2026-01-02,4418986,2465699962,563.0,552.0,555.0,7.0,6705,2357,554.0
2026-01-05,5388987,2971429132,558.0,546.0,546.0,-9.0,8648,2357,555.0
2026-01-06,4610828,2493007382,548.0,538.0,539.0,-7.0,8599,2357,545.0
2026-01-07,4753977,2576882341,547.0,535.0,543.0,4.0,6668,2357,539.0
2026-01-08,6823126,3650380558,542.0,530.0,530.0,-13.0,12780,2357,540.0
2026-01-09,7926302,4168644274,532.0,517.0,529.0,-1.0,11363,2357,526.0
2026-01-12,6272483,3388821008,546.0,534.0,546.0,17.0,6831,2357,538.0
2026-01-13,9703700,5130508297,544.0,517.0,518.0,-28.0,23537,2357,541.0
2026-01-14,4821068,2534861406,529.0,521.0,528.0,10.0,6478,2357,521.0
2026-01-15,4717395,2457306671,528.0,517.0,521.0,-7.0,8234,2357,528.0
2026-01-16,7214065,3718823090,525.0,510.0,510.0,-11.0,17430,2357,520.0
2026-01-19,5070169,2595549528,516.0,508.0,510.0,0.0,8634,2357,512.0
2026-01-20,4120391,2111617847,519.0,508.0,510.0,0.0,8763,2357,512.0
2026-01-21,5241739,2632703483,506.0,500.0,501.0,-9.0,11277,2357,505.0
2026-01-22,2982562,1518371803,512.0,505.0,511.0,10.0,5002,2357,508.0
2026-01-23,2596091,1340457145,522.0,513.0,515.0,4.0,5147,2357,515.0
2026-01-26,3842376,1945947215,513.0,503.0,505.0,-10.0,10850,2357,513.0
2026-01-27,3017592,1527202815,512.0,504.0,504.0,-1.0,4965,2357,508.0
2026-01-28,3705932,1871939931,510.0,502.0,510.0,6.0,6714,2357,508.0
2026-01-29,3452303,1753705871,513.0,505.0,507.0,-3.0,4952,2357,510.0
2026-01-30,4618882,2301463371,505.0,495.5,496.0,-11.0,12481,2357,505.0
2026-02-02,4479402,2239637302,509.0,490.0,499.5,3.5,6751,2357,496.0
2026-02-03,3178104,1600000186,511.0,498.5,501.0,1.5,4496,2357,505.0
2026-02-04,2467069,1234567948,504.0,498.5,502.0,1.0,4373,2357,500.0
2026-02-05,4214026,2133720745,513.0,501.0,502.0,0.0,5103,2357,501.0
2026-02-06,4197629,2126550539,515.0,493.0,508.0,6.0,6321,2357,501.0
2026-02-09,3829784,1933827594,513.0,502.0,503.0,-5.0,6133,2357,513.0
2026-02-10,5244160,2723833443,530.0,506.0,526.0,23.0,9719,2357,508.0
2026-02-11,3814390,1994588280,526.0,517.0,523.0,-3.0,6219,2357,525.0
2026-02-23,6095678,3113957769,518.0,507.0,509.0,-14.0,9329,2357,518.0
2026-02-24,5031474,2580383693,520.0,507.0,515.0,6.0,5748,2357,509.0
2026-02-25,5778458,3053178057,533.0,521.0,525.0,10.0,8799,2357,522.0
2026-02-26,4661180,2474038011,535.0,522.0,532.0,7.0,6173,2357,530.0
2026-03-02,3613935,1920040355,536.0,526.0,530.0,-2.0,5460,2357,533.0
2026-03-03,3860286,2025697395,533.0,519.0,521.0,-9.0,6165,2357,530.0
2026-03-04,5210844,2631669242,515.0,500.0,500.0,-21.0,9858,2357,515.0
2026-03-05,3850664,1980456769,520.0,508.0,518.0,18.0,5081,2357,510.0
2026-03-06,3155564,1656351500,530.0,513.0,527.0,9.0,4377,2357,514.0
2026-03-09,4149228,2130916112,520.0,500.0,517.0,-10.0,6228,2357,505.0
2026-03-10,5243871,2767696664,532.0,521.0,531.0,14.0,6116,2357,524.0
2026-03-11,10065627,5804749509,584.0,556.0,584.0,53.0,16110,2357,556.0
2026-03-12,9791806,5727605382,593.0,574.0,581.0,-3.0,15099,2357,591.0
2026-03-13,7586095,4462936525,594.0,573.0,589.0,8.0,15938,2357,574.0
2026-03-16,3975555,2335839039,592.0,581.0,589.0,0.0,7749,2357,592.0
2026-03-17,4286354,2533858395,595.0,589.0,593.0,4.0,6916,2357,592.0
2026-03-18,4891953,2911572697,604.0,590.0,594.0,1.0,8497,2357,598.0
2026-03-19,4095849,2398630526,594.0,578.0,578.0,-16.0,10487,2357,589.0
2026-03-20,4989313,2901863730,590.0,574.0,582.0,4.0,6204,2357,582.0
2026-03-23,5151764,2920611490,575.0,560.0,563.0,-19.0,10268,2357,572.0
2026-03-24,3350811,1903947568,576.0,562.0,565.0,2.0,4857,2357,575.0
2026-03-25,4343526,2459478232,577.0,562.0,565.0,0.0,7211,2357,576.0
2026-03-26,3248027,1856157803,577.0,563.0,574.0,9.0,4998,2357,566.0
2026-03-27,2481563,1420914830,577.0,566.0,577.0,3.0,4106,2357,572.0
2026-03-30,3172392,1791540561,571.0,562.0,562.0,-15.0,5843,2357,569.0
2026-03-31,4343038,2404471994,565.0,548.0,549.0,-13.0,6385,2357,560.0
2026-04-01,3100177,1751172967,570.0,560.0,567.0,18.0,4466,2357,568.0
2026-04-02,3384391,1880675804,570.0,551.0,555.0,-12.0,6056,2357,570.0
2026-04-07,2709937,1492033681,563.0,545.0,550.0,-5.0,4798,2357,561.0
2026-04-08,3447711,1950666556,571.0,561.0,562.0,12.0,5433,2357,565.0
2026-04-09,2442567,1380376194,568.0,560.0,568.0,6.0,3760,2357,563.0
2026-04-10,3617167,2092335840,584.0,575.0,578.0,10.0,5671,2357,584.0
2026-04-13,2913908,1671682010,579.0,565.0,578.0,0.0,4628,2357,573.0
2026-04-14,3431946,1996029944,585.0,578.0,580.0,2.0,5003,2357,584.0
2026-04-15,4199393,2449904029,587.0,580.0,584.0,4.0,5272,2357,584.0
2026-04-16,4191246,2469881380,595.0,584.0,589.0,5.0,5849,2357,584.0
2026-04-17,5743396,3438595929,608.0,588.0,599.0,10.0,9132,2357,590.0
2026-04-20,4113459,2488559258,609.0,601.0,605.0,6.0,6863,2357,606.0
2026-04-21,5134459,3078387809,609.0,592.0,599.0,-6.0,9736,2357,606.0
2026-04-22,4673650,2825140222,609.0,595.0,609.0,10.0,7147,2357,598.0
2026-04-23,5700773,3436257664,619.0,591.0,598.0,-11.0,9735,2357,613.0
2026-04-24,5501754,3241542438,601.0,584.0,585.0,-13.0,9668,2357,598.0
2026-04-27,3081255,1814643416,596.0,585.0,588.0,3.0,5036,2357,587.0
2026-04-28,2335533,1369615258,591.0,583.0,588.0,0.0,4836,2357,589.0
2026-04-29,2430601,1429360691,595.0,585.0,588.0,0.0,3595,2357,590.0
2026-04-30,3074874,1797021664,590.0,581.0,581.0,-7.0,5093,2357,585.0
2026-05-04,3911466,2312838740,597.0,582.0,591.0,10.0,5829,2357,588.0
2026-05-05,2560325,1512913594,594.0,588.0,590.0,-1.0,4108,2357,590.0
2026-05-06,8876828,5482758869,634.0,596.0,629.0,39.0,16415,2357,598.0
2026-05-07,9859127,6322281437,655.0,625.0,639.0,10.0,14986,2357,633.0
2026-05-08,9024005,5913195261,670.0,638.0,650.0,11.0,14208,2357,640.0
2026-05-11,10283055,7023919574,699.0,658.0,686.0,36.0,15518,2357,661.0
2026-05-12,6512973,4421211728,693.0,672.0,673.0,-13.0,11068,2357,686.0
2026-05-13,7182022,4744486410,672.0,648.0,663.0,-10.0,10001,2357,648.0
2026-05-14,5612825,3812807839,687.0,667.0,679.0,16.0,8462,2357,675.0
2026-05-15,6804649,4446181723,682.0,638.0,641.0,-38.0,17020,2357,681.0
2026-05-18,3968471,2515520699,641.0,622.0,635.0,-6.0,6861,2357,637.0
2026-05-19,4896613,3157025316,651.0,635.0,642.0,7.0,6463,2357,636.0
2026-05-20,3822713,2452862670,650.0,636.0,640.0,-2.0,5154,2357,645.0
2026-05-21,4814040,3139248317,658.0,647.0,656.0,16.0,5968,2357,652.0
2026-05-22,5480314,3713787186,685.0,655.0,682.0,26.0,9355,2357,656.0
2026-05-25,6899791,4883092560,717.0,690.0,709.0,27.0,12341,2357,692.0
2026-05-26,4568619,3202915962,717.0,694.0,699.0,-10.0,7789,2357,711.0
2026-05-27,4222844,2965146666,709.0,694.0,701.0,2.0,7356,2357,700.0
2026-05-28,4308608,3010811524,711.0,690.0,692.0,-9.0,7573,2357,703.0
2026-05-29,13953540,10553200920,761.0,708.0,761.0,69.0,20434,2357,708.0
2026-06-01,4445549,3720924513,837.0,837.0,837.0,76.0,5395,2357,837.0
2026-06-02,11557431,10597450851,920.0,883.0,920.0,83.0,12830,2357,914.0
2026-06-03,13575996,12625984412,964.0,899.0,931.0,11.0,24440,2357,954.0
2026-06-04,6988699,6286332004,927.0,881.0,892.0,-39.0,15470,2357,916.0
2026-06-05,7938907,7116792541,927.0,875.0,900.0,8.0,12916,2357,910.0
2026-06-08,7306896,6110042497,853.0,816.0,844.0,-56.0,14237,2357,820.0
2026-06-09,5184736,4381847966,853.0,834.0,850.0,6.0,8569,2357,853.0
2026-06-10,6712389,5445713614,826.0,793.0,796.0,-54.0,17631,2357,820.0
2026-06-11,5245169,4092967192,802.0,769.0,784.0,-12.0,11040,2357,791.0
2026-06-12,4371037,3445754672,805.0,780.0,785.0,1.0,7951,2357,791.0
2026-06-15,3780033,2995604533,804.0,783.0,792.0,7.0,6797,2357,803.0
2026-06-16,4159548,3292182501,800.0,786.0,791.0,-1.0,6431,2357,794.0
2026-06-17,3336854,2655091692,803.0,782.0,803.0,12.0,5684,2357,790.0
2026-06-18,7939182,6315668020,810.0,789.0,789.0,-14.0,11116,2357,807.0
2026-06-22,3442620,2733592327,806.0,788.0,788.0,-1.0,8494,2357,793.0
2026-06-23,6495537,5158042229,819.0,783.0,785.0,-3.0,10050,2357,799.0
2026-06-24,5156891,3977812433,783.0,764.0,771.0,-14.0,12519,2357,775.0
2026-06-25,6101570,4593634511,773.0,743.0,748.0,-23.0,16263,2357,770.0
