date,capacity,turnover,high,low,close,change,transaction_volume,stock_code_id,open
2015-01-05,1318964,138799684,106.5,104.5,106.0,0.0,923,2379,106.0
2015-01-06,2610527,276420619,107.0,104.5,106.5,0.5,1783,2379,104.5
2015-01-07,1589425,168325331,106.5,105.0,105.5,-1.0,1145,2379,106.5
2015-01-08,2295652,244263112,108.0,105.0,106.0,0.5,1456,2379,106.5
2015-01-09,5224705,538565705,106.5,101.0,101.0,-5.0,3308,2379,106.5
2015-01-12,2780771,284076142,103.5,100.0,102.0,1.0,1757,2379,101.0
2015-01-13,2447574,250917622,104.0,101.0,103.0,1.0,1637,2379,101.0
2015-01-14,1327719,136369183,103.5,102.0,102.5,-0.5,866,2379,102.0
2015-01-15,6007183,598761403,102.0,98.6,99.2,-3.3,4227,2379,101.5
2015-01-16,4275162,421941012,99.8,98.1,98.7,-0.5,2879,2379,99.2
2015-01-19,3014830,299535406,101.5,97.8,98.0,-0.7,2126,2379,99.5
2015-01-20,1883788,186476099,99.8,97.5,99.5,1.5,1242,2379,98.5
2015-01-21,2164837,215844540,100.5,99.2,99.4,-0.1,1605,2379,100.0
2015-01-22,2869523,287229900,101.0,99.2,100.0,0.6,1891,2379,99.5
2015-01-23,2678648,270911448,102.0,100.5,101.5,1.5,1796,2379,100.5
2015-01-26,1534989,154908875,102.0,100.0,101.0,-0.5,1160,2379,102.0
2015-01-27,2185331,222024588,102.5,101.0,102.0,1.0,1409,2379,101.0
2015-01-28,3133948,313578697,101.5,99.7,99.8,-2.2,1902,2379,101.0
2015-01-29,8882856,863044488,98.5,96.2,97.7,-2.1,5348,2379,97.6
2015-01-30,3918682,383268307,98.3,97.1,97.1,-0.6,2579,2379,97.9
2015-02-02,1733053,168608872,97.8,96.9,97.8,0.7,1058,2379,97.1
2015-02-03,3307985,322122437,98.2,97.0,97.0,-0.8,2355,2379,97.8
2015-02-04,4187746,408394100,98.4,97.0,97.1,0.1,3088,2379,98.0
2015-02-05,3697407,363246453,99.1,97.5,97.6,0.5,2687,2379,98.0
2015-02-06,4738641,472097211,101.5,97.9,99.3,1.7,3215,2379,98.5
2015-02-09,3170005,318743000,101.5,99.3,100.0,0.7,2359,2379,99.3
2015-02-10,2328172,231362272,101.0,98.9,99.0,-1.0,1707,2379,100.0
2015-02-11,2903654,288694562,100.5,98.1,99.5,0.5,2083,2379,99.6
2015-02-12,1876389,187048829,100.0,99.2,99.8,0.3,1433,2379,99.7
2015-02-13,2143321,213264102,100.0,99.1,99.1,-0.7,1759,2379,99.5
2015-02-24,4186925,411358128,100.5,97.6,97.9,-1.2,3394,2379,100.5
2015-02-25,2836931,280545069,99.5,97.8,99.2,1.3,1943,2379,97.9
2015-02-26,2413712,237998943,99.2,98.2,98.4,-0.8,1461,2379,99.0
2015-03-02,2087982,207350987,99.8,98.5,99.5,1.1,1519,2379,98.5
2015-03-03,2699375,269740400,100.5,99.0,100.5,1.0,1694,2379,99.5
2015-03-04,3338390,335945490,101.5,99.9,101.0,0.5,2132,2379,100.5
2015-03-05,3075588,307262395,101.0,99.2,99.8,-1.2,1969,2379,101.0
2015-03-06,1520318,152632840,101.0,99.3,101.0,1.2,1004,2379,99.8
2015-03-09,2330479,235761579,102.0,99.7,101.0,0.0,1669,2379,100.5
2015-03-10,1710744,172750144,102.0,100.0,101.5,0.5,1309,2379,101.0
2015-03-11,1727786,173935474,101.5,100.0,100.5,-1.0,1236,2379,100.5
2015-03-12,5495310,566855553,105.0,100.0,103.5,3.0,3402,2379,100.5
2015-03-13,3215950,334594300,105.0,103.0,104.0,0.5,2083,2379,104.0
2015-03-16,2616602,270356006,104.0,102.5,103.5,-0.5,1804,2379,103.5
2015-03-17,2340468,240423236,104.5,101.5,102.0,-1.5,1499,2379,104.0
2015-03-18,2002231,204501062,103.0,101.0,102.0,0.0,1439,2379,102.5
2015-03-19,1165691,119924791,103.5,102.5,103.0,1.0,959,2379,103.0
2015-03-20,2004559,206589577,104.5,102.0,103.5,0.5,1279,2379,103.0
2015-03-23,1150567,118466515,104.0,102.5,102.5,-1.0,966,2379,103.5
2015-03-24,2091195,217009644,104.5,102.5,103.5,1.0,1293,2379,103.5
2015-03-25,1224822,125075381,103.5,101.5,101.5,-2.0,946,2379,103.5
2015-03-26,1047924,105713824,101.5,100.0,101.0,-0.5,676,2379,100.0
2015-03-27,2932542,291515267,102.0,98.0,98.9,-2.1,2035,2379,102.0
2015-03-30,1231475,123030298,101.0,99.0,100.5,1.6,1112,2379,99.9
2015-03-31,1247315,125303602,102.0,99.9,100.0,-0.5,1036,2379,101.5
2015-04-01,1270486,126273677,100.5,98.8,98.8,-1.2,1002,2379,100.0
2015-04-02,2757885,280413665,103.0,100.0,102.5,3.7,2030,2379,100.0
2015-04-07,1589934,162224334,103.0,101.0,101.0,-1.5,1172,2379,103.0
2015-04-08,1929077,194336200,102.5,100.0,100.0,-1.0,1593,2379,102.0
2015-04-09,2185230,217727530,101.5,98.8,98.8,-1.2,1620,2379,101.0
2015-04-10,2524871,248322358,100.0,97.8,97.9,-0.9,1948,2379,99.8
2015-04-13,2235637,217433362,98.4,96.8,97.1,-0.8,1753,2379,98.2
2015-04-14,3158895,306292110,97.8,96.6,97.5,0.4,2096,2379,97.0
2015-04-15,2983295,288279259,97.8,96.0,96.0,-1.5,1884,2379,97.8
2015-04-16,1086267,105177868,97.3,96.2,97.3,1.3,955,2379,96.5
2015-04-17,1121057,108520329,97.5,96.4,96.4,-0.9,893,2379,97.5
2015-04-20,2066391,197452126,96.6,95.2,95.2,-1.2,1271,2379,96.0
2015-04-21,1370276,130910142,96.4,95.0,95.0,-0.2,991,2379,95.5
2015-04-22,2216810,215754480,98.8,95.5,97.5,2.5,1407,2379,95.5
2015-04-23,1628701,159634598,98.5,97.1,98.5,1.0,1165,2379,97.8
2015-04-24,2498911,246199482,99.1,98.1,98.2,-0.3,1735,2379,98.6
2015-04-27,2272951,223675900,99.0,98.2,98.2,0.0,1637,2379,98.7
2015-04-28,2692428,268754672,101.0,99.1,99.3,1.1,2019,2379,99.5
2015-04-29,3287520,318785540,98.8,96.3,97.0,-2.3,2311,2379,98.8
2015-04-30,2391200,229842700,96.8,95.8,96.0,-1.0,1808,2379,96.1
2015-05-04,2930001,278082694,96.0,94.5,94.5,-1.5,2058,2379,96.0
2015-05-05,2483002,233577573,95.2,93.5,93.9,-0.6,1767,2379,94.0
2015-05-06,2339391,218461963,93.8,93.1,93.2,-0.7,1748,2379,93.4
2015-05-07,1989280,184127494,93.1,92.2,92.5,-0.7,1308,2379,93.0
2015-05-08,2087911,191685847,93.3,91.1,91.4,-1.1,1353,2379,92.5
2015-05-11,1992871,181069968,92.4,90.1,90.1,-1.3,1510,2379,92.0
2015-05-12,1732765,157038615,91.3,90.1,90.9,0.8,1378,2379,90.1
2015-05-13,1530278,140388076,92.0,90.9,91.6,0.7,1203,2379,90.9
2015-05-14,1709080,156914555,92.8,91.0,92.4,0.8,1351,2379,91.6
2015-05-15,1321184,121801428,92.7,91.7,92.1,-0.3,893,2379,92.5
2015-05-18,1087820,99841140,92.3,91.3,92.2,0.1,795,2379,92.1
2015-05-19,1875094,174001492,94.3,91.8,92.7,0.5,1390,2379,92.8
2015-05-20,1927991,178385864,93.0,92.3,92.3,-0.4,1418,2379,92.7
2015-05-21,1881873,171224743,91.7,90.4,90.9,-1.4,1403,2379,91.7
2015-05-22,1762251,161175967,91.8,91.0,91.3,0.4,1041,2379,91.0
2015-05-25,592749,54203529,91.7,91.3,91.4,0.1,464,2379,91.5
2015-05-26,874681,80268571,92.4,91.2,91.6,0.2,615,2379,92.3
2015-05-27,493245,45323040,92.2,91.6,91.9,0.3,442,2379,92.0
2015-05-28,2125164,197486852,93.6,92.2,93.2,1.3,1579,2379,93.0
2015-05-29,3384683,316669144,94.2,93.0,93.7,0.5,2062,2379,93.2
2015-06-01,1066845,99195418,94.0,92.3,93.4,-0.3,849,2379,94.0
2015-06-02,2751245,260029123,95.2,93.4,94.4,1.0,2043,2379,94.1
2015-06-03,1523307,142322788,94.9,92.5,92.5,-1.9,1195,2379,94.9
2015-06-04,2559256,233881796,92.5,90.5,91.0,-1.5,1788,2379,92.1
2015-06-05,5536039,478649950,90.5,85.2,87.7,-3.3,3501,2379,90.5
2015-06-08,2653144,234630967,89.3,87.7,88.6,0.9,1860,2379,88.0
2015-06-09,5672029,467416721,88.5,79.8,80.3,-8.3,3654,2379,88.5
2015-06-10,4373591,350226493,81.4,79.3,79.7,-0.6,2869,2379,80.3
2015-06-11,5861260,460783223,80.8,76.7,78.5,-1.2,3640,2379,79.9
2015-06-12,2888941,230966185,80.6,78.5,79.8,1.3,1928,2379,78.5
2015-06-15,1567977,125812437,80.8,79.5,80.0,0.2,1077,2379,79.8
2015-06-16,1358531,108473880,80.4,79.3,79.9,-0.1,857,2379,80.4
2015-06-17,2185385,176854964,81.4,80.0,80.4,0.5,1547,2379,80.1
2015-06-18,1485253,120344490,81.5,80.6,80.8,0.4,1073,2379,81.5
2015-06-22,3264350,261483756,81.5,79.6,79.6,-1.2,2411,2379,81.2
2015-06-23,2433421,194148580,80.4,79.3,79.4,-0.2,1877,2379,79.6
2015-06-24,1109050,88288170,80.0,79.3,79.6,0.2,952,2379,79.4
2015-06-25,2435489,196407209,81.4,79.8,80.3,0.7,1773,2379,80.0
2015-06-26,1221821,97819821,80.6,79.6,80.0,-0.3,939,2379,80.3
2015-06-29,1629515,128689700,79.5,78.5,79.4,-0.6,1256,2379,79.5
2015-06-30,2161582,171377401,80.1,78.5,79.1,-0.3,1216,2379,80.1
2015-07-01,3908356,319804105,83.4,79.0,82.9,3.8,2534,2379,79.0
2015-07-02,2911523,243391454,84.1,83.1,83.1,0.2,1980,2379,83.4
2015-07-03,2063420,167902635,82.4,81.0,81.2,-1.9,1421,2379,82.3
2015-07-06,1773651,141820280,80.4,79.6,80.0,-1.2,1172,2379,80.0
2015-07-07,1762950,142582607,81.4,79.7,80.7,0.7,1289,2379,79.8
2015-07-08,3106958,241209154,80.4,75.8,76.6,-4.1,2133,2379,80.1
2015-07-09,3138621,235162917,76.6,72.6,76.3,-0.3,1794,2379,74.0
2015-07-13,2380953,183117772,78.0,76.5,77.0,0.7,1625,2379,77.0
2015-07-14,1872276,144455673,77.6,76.7,77.1,0.1,1200,2379,77.5
2015-07-15,1196173,91500657,77.7,75.7,75.8,-1.3,884,2379,77.6
2015-07-16,1182454,90041427,76.8,75.8,75.8,0.0,949,2379,76.0
2015-07-17,1919623,145513731,76.9,74.9,74.9,-0.9,1143,2379,76.9
2015-07-20,1576978,116637779,75.6,73.0,73.0,-1.9,872,2379,75.1
2015-07-21,1165996,85328301,73.8,72.0,73.4,0.4,876,2379,73.0
2015-07-22,1660258,120181622,73.0,71.9,71.9,-1.5,1165,2379,72.7
2015-07-23,2611123,183518034,72.0,69.3,69.3,-2.6,1462,2379,71.2
2015-07-24,1425872,99846723,70.5,69.6,70.0,0.7,1021,2379,69.9
2015-07-27,2238491,156089417,71.4,68.6,68.6,-1.4,1619,2379,70.6
2015-07-28,2883855,199718258,70.6,67.2,70.2,1.6,1927,2379,68.2
2015-07-29,9267272,604670961,68.5,63.2,63.2,-7.0,5502,2379,68.5
2015-07-30,5389760,340597040,64.2,62.5,63.1,-0.1,3372,2379,63.0
2015-07-31,6350197,391329521,63.1,60.3,62.1,-1.0,3711,2379,62.9
2015-08-03,3410127,207264763,62.1,59.9,60.3,-1.8,2021,2379,62.1
2015-08-04,5273464,307940171,60.3,56.6,57.0,-3.3,2988,2379,60.1
2015-08-05,3199041,185557487,59.4,57.5,58.1,1.1,2203,2379,57.5
2015-08-06,3181443,181365394,58.7,56.0,57.2,-0.9,2146,2379,58.4
2015-08-07,2888371,166302908,58.2,56.2,57.9,0.7,1766,2379,56.2
2015-08-10,2567240,149732046,58.8,57.6,58.3,0.4,1751,2379,58.7
2015-08-11,3086445,183108327,60.4,58.5,58.5,0.2,2138,2379,59.4
2015-08-12,3237426,192482094,60.3,57.8,60.2,1.7,2255,2379,59.0
2015-08-13,3158587,190763150,61.3,59.2,60.3,0.1,2266,2379,60.8
2015-08-14,1796705,107469729,60.1,59.3,59.9,-0.4,1408,2379,60.0
2015-08-17,1455802,86210412,60.1,58.7,58.7,-1.2,963,2379,59.9
2015-08-18,1559905,92323280,60.0,58.7,58.9,0.2,1158,2379,59.0
2015-08-19,1713562,99927857,59.0,58.0,58.0,-0.9,1366,2379,59.0
2015-08-20,2210911,127203857,58.5,57.0,57.2,-0.8,1485,2379,57.9
2015-08-21,3124560,174021025,56.4,55.2,55.2,-2.0,2040,2379,55.7
2015-08-24,3564877,184578194,54.4,49.75,50.7,-4.5,2371,2379,54.4
2015-08-25,4045885,212153224,53.5,50.5,53.4,2.7,2654,2379,50.6
2015-08-26,3488768,186962116,54.5,52.7,54.0,0.6,2341,2379,53.3
2015-08-27,5108809,277500995,55.1,53.8,54.2,0.2,3127,2379,54.8
2015-08-28,7004417,399758271,58.6,54.8,57.7,3.5,3293,2379,55.0
2015-08-31,5571852,324807700,58.6,57.8,58.4,0.7,3132,2379,58.3
2015-09-01,6186730,365842860,59.5,58.5,59.2,0.8,3371,2379,58.8
2015-09-02,7262330,387957680,54.2,52.7,53.0,0.0,3800,2379,54.0
2015-09-03,3755565,199473145,53.7,52.4,52.9,-0.1,2322,2379,53.3
2015-09-04,2782525,148735525,54.3,52.8,52.8,-0.1,1857,2379,53.1
2015-09-07,1450961,75809052,52.9,51.7,52.0,-0.8,1085,2379,52.5
2015-09-08,4261309,222331021,53.2,51.3,51.6,-0.4,2331,2379,52.0
2015-09-09,7074711,380244361,54.5,52.6,54.1,2.5,4160,2379,53.0
2015-09-10,4757655,258745380,54.7,53.9,54.6,0.5,2990,2379,54.1
2015-09-11,9297027,532167151,58.7,54.7,57.6,3.0,5687,2379,54.7
2015-09-14,12445262,725172102,59.9,56.0,56.5,-1.1,5902,2379,57.6
2015-09-15,3754076,210192300,56.8,55.4,55.9,-0.6,2196,2379,56.8
2015-09-16,6078928,345267027,57.9,55.9,56.3,0.4,3843,2379,56.6
2015-09-17,12816577,759846326,61.4,57.2,60.9,4.6,7421,2379,57.2
2015-09-18,16183036,1006084281,64.4,60.2,63.5,2.6,8929,2379,61.3
2015-09-21,7630788,470377406,62.6,61.0,61.5,-2.0,4469,2379,62.6
2015-09-22,7793784,475218931,62.3,60.3,60.3,-1.2,4742,2379,61.7
2015-09-23,8166738,479688055,59.8,57.8,58.8,-1.5,4969,2379,59.3
2015-09-24,7958333,457228142,59.6,56.0,56.6,-2.2,4532,2379,59.3
2015-09-25,5733732,329243885,58.4,56.0,57.4,0.8,3361,2379,57.0
2015-09-30,6729448,375355788,56.7,55.1,55.8,-1.6,3904,2379,56.0
2015-10-01,6716561,385528416,58.2,56.3,57.8,2.0,3898,2379,56.5
2015-10-02,7291815,430015660,60.1,57.6,59.0,1.2,4304,2379,58.3
2015-10-05,17444653,1080875661,63.4,59.2,63.0,4.0,9865,2379,60.0
2015-10-06,16447261,1048909743,65.4,62.3,62.3,-0.7,8820,2379,65.0
2015-10-07,22915871,1501576508,67.4,62.7,66.5,4.2,12354,2379,63.2
2015-10-08,22388418,1495383190,69.1,64.3,64.6,-1.9,12725,2379,68.0
2015-10-12,11496777,744623941,65.5,63.7,65.4,0.8,6308,2379,65.0
2015-10-13,14731731,983489669,67.8,65.0,66.6,1.2,8341,2379,65.5
2015-10-14,8599907,572719369,67.4,65.7,67.0,0.4,4410,2379,66.6
2015-10-15,10366045,704218934,68.6,67.1,67.5,0.5,5697,2379,68.4
2015-10-16,6884730,468554470,68.8,67.3,68.3,0.8,3799,2379,67.8
2015-10-19,9670230,675158500,70.7,68.6,69.7,1.4,5654,2379,68.8
2015-10-20,5091608,354008426,70.7,68.8,69.5,-0.2,3246,2379,70.0
2015-10-21,6907220,471237960,70.3,67.6,67.6,-1.9,4131,2379,70.0
2015-10-22,4293772,292933065,68.6,67.8,68.0,0.4,2488,2379,67.8
2015-10-23,5682750,390310270,69.7,68.0,68.1,0.1,3241,2379,69.3
2015-10-26,12462500,886993326,72.4,69.2,71.7,3.6,6792,2379,69.6
2015-10-27,9337979,671640252,73.0,70.5,72.8,1.1,4870,2379,72.1
2015-10-28,18968892,1279373909,69.2,65.6,66.9,-5.9,10608,2379,65.6
2015-10-29,9027782,614298631,69.2,67.2,68.0,1.1,5302,2379,67.3
2015-10-30,4798501,326284612,68.8,67.1,68.1,0.1,2819,2379,68.0
2015-11-02,4777557,330335094,69.9,68.0,68.8,0.7,3045,2379,68.1
2015-11-03,7720832,545470766,71.4,69.2,70.6,1.8,4640,2379,69.9
2015-11-04,10164457,733880838,72.8,71.1,72.1,1.5,5536,2379,71.8
2015-11-05,9031349,662143686,75.0,71.8,74.2,2.1,5256,2379,73.5
2015-11-06,26238055,2033063435,80.3,75.0,76.3,2.1,13104,2379,75.6
2015-11-09,11186700,825667242,76.3,72.2,72.3,-4.0,6488,2379,76.3
2015-11-10,7470453,552979944,75.5,71.9,73.0,0.7,4552,2379,72.1
2015-11-11,5731168,420974102,74.6,72.5,72.7,-0.3,3815,2379,73.4
2015-11-12,9484988,666159619,73.6,68.2,70.5,-2.2,6070,2379,73.5
2015-11-13,6602257,470045634,72.9,69.6,70.2,-0.3,4432,2379,69.6
2015-11-16,5591600,389755354,71.0,68.5,69.5,-0.7,3615,2379,68.5
2015-11-17,5185724,369631229,72.0,70.4,71.6,2.1,3301,2379,70.9
2015-11-18,3641575,260810863,72.4,71.0,72.0,0.4,2431,2379,72.1
2015-11-19,6234974,447820535,72.9,71.1,71.5,-0.5,3617,2379,72.2
2015-11-20,2319898,165572143,72.1,70.8,71.1,-0.4,1573,2379,71.5
2015-11-23,5152751,367193539,72.5,70.3,72.5,1.4,2854,2379,71.4
2015-11-24,11077412,811561902,75.2,70.7,70.7,-1.8,6284,2379,73.5
2015-11-25,5789904,401552271,71.3,68.6,68.9,-1.8,3840,2379,70.6
2015-11-26,3825558,267590073,70.4,69.5,69.6,0.7,2397,2379,69.5
2015-11-27,2950865,205758012,70.6,69.0,69.0,-0.6,1876,2379,70.5
2015-11-30,6402973,431942064,68.3,67.2,67.4,-1.6,3125,2379,67.8
2015-12-01,5915269,415878828,71.3,68.0,70.8,3.4,3877,2379,68.1
2015-12-02,3558259,254387560,72.5,70.8,71.3,0.5,2296,2379,71.0
2015-12-03,13261084,986439933,76.0,71.5,74.5,3.2,7331,2379,71.5
2015-12-04,13477156,1019873263,76.9,73.5,76.9,2.4,7408,2379,74.5
2015-12-07,12016412,924144622,78.6,75.5,75.6,-1.3,6742,2379,78.0
2015-12-08,12885106,987578577,77.7,75.6,76.4,0.8,7366,2379,76.7
2015-12-09,15295449,1195066617,79.4,76.6,76.6,0.2,8686,2379,78.4
2015-12-10,8198026,616785672,76.4,74.0,76.2,-0.4,5175,2379,75.9
2015-12-11,5483409,413357574,77.0,73.5,73.8,-2.4,3498,2379,76.8
2015-12-14,4038851,300922453,75.3,72.5,74.7,0.9,2665,2379,72.9
2015-12-15,6955568,531702968,77.5,75.2,76.0,1.3,4080,2379,75.8
2015-12-16,6600271,509845901,77.8,76.6,76.8,0.8,4050,2379,77.8
2015-12-17,14787742,1178386397,81.0,77.0,80.3,3.5,7980,2379,77.8
2015-12-18,12163646,995055646,82.9,80.1,82.3,2.0,7500,2379,81.5
2015-12-21,7276024,595763235,83.1,80.0,81.4,-0.9,4488,2379,81.5
2015-12-22,6958977,573190014,83.3,81.6,82.0,0.6,4452,2379,82.2
2015-12-23,4921400,400854551,83.2,80.1,80.1,-1.9,3371,2379,83.2
2015-12-24,3680686,295362422,81.5,79.4,79.6,-0.5,2512,2379,81.0
2015-12-25,2582580,207232680,81.0,79.6,81.0,1.4,1682,2379,80.3
2015-12-28,2622890,210309781,81.5,79.6,79.7,-1.3,2098,2379,81.5
2015-12-29,1988416,159248405,80.5,79.5,80.0,0.3,1326,2379,79.7
2015-12-30,1986831,158026742,80.7,79.0,79.3,-0.7,1351,2379,80.7
2015-12-31,2006972,158307581,79.1,78.5,78.7,-0.6,1144,2379,79.0
2016-01-04,5135759,401337990,80.0,76.6,76.6,-2.1,3416,2379,79.4
2016-01-05,7672539,595086242,78.8,75.6,78.0,1.4,4147,2379,76.2
2016-01-06,7828207,593179315,79.0,74.2,74.2,-3.8,4193,2379,79.0
2016-01-07,6391274,476346825,75.3,74.0,74.0,-0.2,3316,2379,74.2
2016-01-08,5758784,440798930,77.7,74.4,77.6,3.6,3199,2379,74.5
2016-01-11,4764895,359817963,76.4,74.5,75.0,-2.6,2668,2379,76.1
2016-01-12,3308383,249401342,76.8,73.9,73.9,-1.1,2280,2379,75.2
2016-01-13,3350909,252462512,76.2,74.7,74.9,1.0,2062,2379,75.0
2016-01-14,5318416,384533452,73.8,71.3,71.3,-3.6,3081,2379,73.5
2016-01-15,5466992,400489005,74.0,72.3,73.0,1.7,3135,2379,72.9
2016-01-18,3783208,276129892,74.0,71.5,74.0,1.0,2576,2379,71.7
2016-01-19,2920548,216601286,75.2,72.3,75.1,1.1,2148,2379,73.5
2016-01-20,3546770,262435017,75.3,72.9,72.9,-2.2,2342,2379,74.7
2016-01-21,2529285,184186420,74.3,71.8,72.0,-0.9,1798,2379,73.2
2016-01-22,1958799,142829221,73.8,72.2,73.8,1.8,1390,2379,73.2
2016-01-25,3127813,237411546,77.0,74.2,76.6,2.8,2233,2379,74.5
2016-01-26,2664182,203760771,77.2,75.3,76.0,-0.6,1694,2379,75.9
2016-01-27,3481742,268220828,77.5,76.5,76.8,0.8,2473,2379,76.9
2016-01-28,11169442,901542148,82.5,77.1,82.5,5.7,7404,2379,77.3
2016-01-29,7067576,582920579,83.5,80.8,82.1,-0.4,4235,2379,82.5
2016-01-30,2069103,170663759,83.5,82.1,82.2,0.1,1291,2379,83.3
2016-02-01,8608658,733243633,86.3,82.4,85.8,3.6,5808,2379,82.9
2016-02-02,7213732,626259143,87.6,85.4,87.1,1.3,5010,2379,86.3
2016-02-03,5697560,483547947,87.0,83.7,84.2,-2.9,3594,2379,86.5
2016-02-15,4979781,422203743,85.9,83.5,85.9,1.7,3367,2379,84.8
2016-02-16,3211958,277482809,87.5,85.4,87.5,1.6,2125,2379,86.4
2016-02-17,6366758,543128275,88.3,83.6,83.6,-3.9,4088,2379,87.5
2016-02-18,6159662,530093794,87.0,84.4,87.0,3.4,3756,2379,84.6
2016-02-19,7869528,658901868,85.4,83.0,83.0,-4.0,4962,2379,84.8
2016-02-22,3470567,288933279,84.3,82.4,83.4,0.4,2350,2379,83.2
2016-02-23,3448359,284839772,84.2,82.0,82.1,-1.3,2259,2379,84.2
2016-02-24,3510824,287400668,82.8,80.9,82.1,0.0,2441,2379,82.8
2016-02-25,2629727,215986808,82.7,81.7,81.9,-0.2,1646,2379,82.1
2016-02-26,3737202,311498288,83.9,82.1,83.9,2.0,2376,2379,82.5
2016-03-01,3116628,261133383,84.6,83.3,83.7,-0.2,2231,2379,84.6
2016-03-02,3668051,306426333,84.6,82.8,83.0,-0.7,2334,2379,84.4
2016-03-03,4831205,405237148,85.2,82.7,82.8,-0.2,3212,2379,84.0
2016-03-04,2770406,229010077,83.3,82.3,82.8,0.0,1884,2379,83.3
2016-03-07,2159236,177833624,83.3,81.7,81.7,-1.1,1471,2379,83.0
2016-03-08,2519015,204352908,82.0,80.6,81.3,-0.4,1486,2379,81.9
2016-03-09,1836825,148167301,81.5,80.2,81.0,-0.3,1418,2379,81.5
2016-03-10,1478380,119749880,81.6,80.6,81.0,0.0,1115,2379,81.0
2016-03-11,3512074,287184368,82.3,81.0,82.0,1.0,2187,2379,81.0
2016-03-14,3500856,289750588,83.5,82.2,83.0,1.0,2345,2379,82.7
2016-03-15,3053254,248536657,83.5,80.2,80.6,-2.4,2314,2379,83.1
2016-03-16,3466006,282140281,82.8,79.7,82.5,1.9,2279,2379,81.0
2016-03-17,4976677,413241357,83.6,82.3,83.0,0.5,2972,2379,83.0
2016-03-18,8710514,734232504,85.1,83.4,83.7,0.7,4838,2379,84.0
2016-03-21,2560569,215141936,85.0,82.9,84.6,0.9,2096,2379,83.6
2016-03-22,3366406,281853341,84.8,83.1,84.0,-0.6,2500,2379,84.7
2016-03-23,2360729,198494612,84.8,83.5,84.3,0.3,1761,2379,84.0
2016-03-24,3402850,288089068,85.6,84.0,84.0,-0.3,2344,2379,84.3
2016-03-25,1076907,90340161,84.7,83.5,83.6,-0.4,854,2379,84.7
2016-03-28,2282765,192897836,84.9,83.9,84.7,1.1,1510,2379,83.9
2016-03-29,9789036,852855208,88.3,85.1,87.6,2.9,5854,2379,85.1
2016-03-30,8688123,767940227,90.0,87.1,88.2,0.6,5460,2379,88.6
2016-03-31,3168234,279469256,89.4,87.2,88.5,0.3,2100,2379,88.8
2016-04-01,3189767,278216763,88.4,86.5,87.4,-1.1,2143,2379,88.2
2016-04-06,3980377,341105892,87.3,84.5,86.4,-1.0,2907,2379,86.8
2016-04-07,2408460,207863845,87.2,85.3,86.4,0.0,1842,2379,86.3
2016-04-08,4959212,434837996,89.3,86.6,86.8,0.4,3388,2379,87.5
2016-04-11,2272519,198198632,88.0,86.2,86.6,-0.2,1782,2379,87.6
2016-04-12,1809715,156728569,88.1,85.7,85.7,-0.9,1287,2379,86.6
2016-04-13,2034966,175333751,87.1,85.3,86.5,0.8,1476,2379,86.3
2016-04-14,4362214,385697168,89.1,87.7,88.2,1.7,2956,2379,87.9
2016-04-15,2467312,217266373,88.8,87.2,88.4,0.2,1667,2379,88.3
2016-04-18,1705614,148493618,88.0,86.5,86.9,-1.5,1306,2379,87.8
2016-04-19,2224896,195651330,88.6,87.3,88.1,1.2,1637,2379,87.5
2016-04-20,3099182,271039652,89.6,86.0,86.0,-2.1,2295,2379,88.7
2016-04-21,1445095,124041370,86.8,85.1,85.6,-0.4,1014,2379,86.4
2016-04-22,2263381,194435072,87.2,85.2,85.5,-0.1,1681,2379,85.6
2016-04-25,1966473,169766749,86.9,85.8,86.8,1.3,1431,2379,86.4
2016-04-26,2264037,197786038,88.0,86.2,88.0,1.2,1539,2379,86.8
2016-04-27,9067517,806462441,90.2,86.0,89.1,1.1,5021,2379,86.1
2016-04-28,6330275,571951785,91.0,89.4,90.0,0.9,3647,2379,89.9
2016-04-29,4592910,416953249,91.5,89.5,90.4,0.4,3323,2379,90.0
2016-05-03,3287790,297925290,91.5,89.1,91.3,0.9,2417,2379,91.0
2016-05-04,3249616,296110356,92.0,90.0,91.0,-0.3,2549,2379,90.6
2016-05-05,2960820,265879345,91.0,89.2,89.7,-1.3,2241,2379,90.8
2016-05-06,2460446,218886413,89.8,88.5,89.7,0.0,1956,2379,89.2
2016-05-09,1866427,167124171,90.8,88.3,88.6,-1.1,1390,2379,90.0
2016-05-10,2656150,239817386,91.3,88.8,91.3,2.7,2007,2379,89.0
2016-05-11,4081752,377213888,93.4,91.5,91.7,0.4,2790,2379,92.0
2016-05-12,3333408,304597439,92.7,90.0,90.8,-0.9,1991,2379,91.7
2016-05-13,3939593,353977127,91.6,89.0,89.6,-1.2,2691,2379,91.0
2016-05-16,1772877,159591209,90.7,89.0,90.7,1.1,1370,2379,89.5
2016-05-17,1581863,143191807,91.5,89.7,90.4,-0.3,1144,2379,90.9
2016-05-18,3569354,326256665,92.5,90.0,92.5,2.1,2391,2379,90.0
2016-05-19,2213984,201638643,92.3,90.6,90.6,-1.9,1779,2379,92.1
2016-05-20,2291962,207535742,91.6,89.8,90.4,-0.2,1338,2379,91.2
2016-05-23,3613931,335554719,93.9,89.9,93.7,3.3,2813,2379,90.4
2016-05-24,12275586,1087856797,92.5,86.9,87.4,-6.3,7549,2379,92.5
2016-05-25,16244598,1384227174,88.4,83.6,85.5,-1.9,9629,2379,88.3
2016-05-26,6701493,577370139,87.0,85.4,86.1,0.6,4053,2379,85.8
2016-05-27,5392319,471320043,88.0,86.4,87.2,1.1,3934,2379,86.4
2016-05-30,2809601,245489322,88.0,86.7,88.0,0.8,1978,2379,87.1
2016-05-31,4504148,395151976,88.4,87.0,88.4,0.4,2057,2379,87.6
2016-06-01,4593692,404968174,89.5,87.3,87.4,-1.0,3171,2379,88.3
2016-06-02,3443452,302324155,88.5,87.2,87.5,0.1,2505,2379,87.6
2016-06-03,2194150,192675126,88.2,87.2,88.2,0.7,1758,2379,88.0
2016-06-04,809015,70941907,88.1,87.3,87.7,-0.5,526,2379,88.1
2016-06-06,1993329,175604152,88.7,87.3,88.3,0.6,1470,2379,88.2
2016-06-07,4206115,378080196,90.5,88.5,90.0,1.7,3158,2379,88.9
2016-06-08,3420529,310251862,91.6,90.0,90.8,0.8,2368,2379,90.2
2016-06-13,10801747,1012142712,95.0,91.7,95.0,4.2,6648,2379,91.9
2016-06-14,3542509,331603928,94.5,93.1,93.5,-1.5,2524,2379,94.5
2016-06-15,1900398,177746142,94.5,93.1,93.6,0.1,1330,2379,94.2
2016-06-16,3344056,315836064,95.0,93.8,94.5,0.9,2272,2379,93.8
2016-06-17,2600367,246004178,95.0,93.7,94.8,0.3,1851,2379,95.0
2016-06-20,1488559,140922359,95.0,94.0,94.9,0.1,1045,2379,95.0
2016-06-21,4347836,421482313,97.7,94.9,97.6,2.7,2966,2379,94.9
2016-06-22,2109011,203666052,97.6,95.8,96.8,-0.8,1417,2379,97.0
2016-06-23,1995193,191672328,97.2,95.6,96.0,-0.8,1359,2379,97.1
2016-06-24,2641973,248554089,96.8,92.1,92.8,-3.2,1851,2379,96.1
2016-06-27,1685133,157602903,94.5,91.9,93.6,0.8,1308,2379,92.0
2016-06-28,7980432,792963000,102.0,95.2,101.0,7.4,5097,2379,96.0
2016-06-29,3565536,355655926,101.0,98.8,99.9,-1.1,2507,2379,101.0
2016-06-30,2538810,253654289,101.0,99.2,99.9,0.0,2058,2379,100.0
2016-07-01,2533857,254627526,102.5,99.5,99.7,-0.2,1794,2379,100.0
2016-07-04,1808765,179648936,100.0,98.7,99.5,-0.2,1355,2379,99.2
2016-07-05,2298563,228297977,100.5,98.7,98.9,-0.6,1637,2379,99.5
2016-07-06,2203318,214685693,98.1,96.5,97.9,-1.0,1745,2379,97.5
2016-07-07,4037624,407178124,102.0,98.8,102.0,4.1,2735,2379,99.5
2016-07-11,7815841,830024050,108.0,103.0,107.0,5.0,4679,2379,105.0
2016-07-12,6259498,665429529,109.0,103.5,104.5,-2.5,4208,2379,107.5
2016-07-13,3983132,424345545,108.0,105.0,107.5,3.0,2743,2379,106.0
2016-07-14,7490653,814877838,110.5,107.0,109.5,2.0,3886,2379,107.0
2016-07-15,3165396,344728268,110.0,108.0,108.5,-1.0,2181,2379,109.5
2016-07-18,2064780,224418122,110.0,107.5,109.5,1.0,1520,2379,109.5
2016-07-19,4317302,479823220,113.5,109.5,110.5,1.0,2844,2379,111.5
2016-07-20,2829632,303378992,109.5,105.5,106.5,-4.0,2145,2379,108.5
2016-07-21,2553926,277404008,110.0,107.5,108.5,2.0,1735,2379,108.0
2016-07-22,1248955,134505185,108.5,106.5,108.0,-0.5,859,2379,108.5
2016-07-25,1602341,171365646,109.5,106.0,106.5,-1.5,1139,2379,109.0
2016-07-26,4239921,455887000,109.0,106.0,108.0,1.5,2463,2379,106.5
2016-07-27,14679023,1710557149,118.5,112.5,117.0,9.0,6596,2379,113.0
2016-07-28,6876555,796113642,117.5,114.0,117.0,0.0,3508,2379,116.0
2016-07-29,6049391,700278651,118.5,114.0,115.5,-1.5,3186,2379,118.0
2016-08-01,3448454,400475831,118.0,114.5,118.0,2.5,2074,2379,116.5
2016-08-02,3586363,417461608,118.0,115.5,117.0,-1.0,1753,2379,118.0
2016-08-03,3604853,424507154,119.0,115.5,118.5,1.5,2302,2379,115.5
2016-08-04,7522372,921479128,125.0,118.5,124.0,5.5,4674,2379,119.0
2016-08-05,2927546,360263870,124.5,122.0,123.0,-1.0,1953,2379,124.0
2016-08-08,4948301,628126528,129.0,124.0,128.5,5.5,3094,2379,124.5
2016-08-09,3474979,437589348,127.5,125.0,125.5,-3.0,2180,2379,127.0
2016-08-10,2892903,359342411,126.0,123.0,124.5,-1.0,1674,2379,124.0
2016-08-11,2762564,341650872,126.5,122.0,123.5,-1.0,1823,2379,124.5
2016-08-12,1930133,238251284,125.5,122.5,122.5,-1.0,1258,2379,123.5
2016-08-15,2059813,259633251,128.0,123.5,127.0,4.5,1474,2379,124.0
2016-08-16,2435343,307266218,128.0,124.5,126.0,-1.0,1420,2379,128.0
2016-08-17,1803111,228236986,127.5,124.5,127.5,1.5,1416,2379,126.0
2016-08-18,2208816,283090448,129.5,127.0,128.5,1.0,1602,2379,127.5
2016-08-19,4307583,562774207,133.0,129.0,130.0,1.5,2749,2379,129.5
2016-08-22,4791040,595036455,129.0,121.5,125.0,-5.0,3097,2379,129.0
2016-08-23,1658112,207114000,126.0,123.5,125.5,0.5,1390,2379,125.5
2016-08-24,4329596,525776616,124.5,119.5,122.0,-3.5,3052,2379,124.5
2016-08-25,3882315,487571190,127.0,122.0,127.0,5.0,2609,2379,122.5
2016-08-26,1984563,251471938,127.5,125.0,127.5,0.5,1586,2379,126.0
2016-08-29,1112466,140813947,127.5,125.0,127.0,-0.5,931,2379,127.0
2016-08-30,1932187,247428798,129.0,127.0,128.5,1.5,1534,2379,127.5
2016-08-31,2763573,352834698,129.0,126.5,127.0,-1.5,1768,2379,128.0
2016-09-01,2606372,319283012,124.5,121.0,122.0,0.0,1879,2379,124.5
2016-09-02,2593966,308984488,123.0,116.5,118.5,-3.5,1975,2379,122.0
2016-09-05,1487068,177186057,120.5,117.5,119.5,1.0,1179,2379,119.5
2016-09-06,1950113,236556719,123.0,120.0,121.5,2.0,1507,2379,122.0
2016-09-07,1740356,208713364,121.0,119.0,120.0,-1.5,1493,2379,120.5
2016-09-08,4470063,547628646,124.5,118.5,122.0,2.0,2750,2379,118.5
2016-09-09,1306771,158180170,122.5,120.0,122.0,0.0,1039,2379,120.5
2016-09-10,498072,59554068,121.0,118.5,119.0,-3.0,411,2379,119.0
2016-09-12,3452047,405969905,120.5,115.5,115.5,-3.5,2225,2379,118.5
2016-09-13,2775191,321638274,118.0,115.0,115.0,-0.5,1778,2379,117.0
2016-09-14,2980258,342275412,117.0,114.0,114.0,-1.0,1750,2379,115.0
2016-09-19,3017658,356177125,120.0,114.5,119.5,5.5,1957,2379,115.5
2016-09-20,3817375,442698933,118.0,114.0,114.5,-5.0,2751,2379,117.5
2016-09-21,4809701,539324012,114.5,110.5,113.0,-1.5,2986,2379,113.5
2016-09-22,4363869,485862016,114.5,109.5,110.5,-2.5,2662,2379,114.0
2016-09-23,4884845,540474640,113.0,108.0,113.0,2.5,3113,2379,112.0
2016-09-26,4224005,463837545,112.5,108.5,109.0,-4.0,2545,2379,112.5
2016-09-29,13159236,1361068678,108.0,100.5,102.5,-6.5,7475,2379,108.0
2016-09-30,6035451,629361453,105.5,103.0,103.0,0.5,3935,2379,104.0
2016-10-03,5908422,633862861,109.0,104.5,108.0,5.0,3689,2379,104.5
2016-10-04,6483550,717980050,112.0,108.5,111.0,3.0,4215,2379,109.0
2016-10-05,3315158,366366380,112.0,109.0,110.0,-1.0,2014,2379,111.0
2016-10-06,3483386,387517346,113.0,110.0,111.5,1.5,2271,2379,111.5
2016-10-07,2466682,273849902,112.0,110.0,111.5,0.0,1526,2379,112.0
2016-10-11,5893030,658411868,113.0,109.5,113.0,1.5,3331,2379,113.0
2016-10-12,3462839,390462385,114.0,111.0,113.0,0.0,2255,2379,112.0
2016-10-13,4331110,480139710,113.0,109.0,111.5,-1.5,2534,2379,113.0
2016-10-14,2084449,230579941,112.0,109.5,110.0,-1.5,1485,2379,111.5
2016-10-17,3746988,408488692,111.0,106.5,110.0,0.0,2111,2379,110.0
2016-10-18,3956809,425983563,110.0,106.5,107.0,-3.0,2522,2379,110.0
2016-10-19,7732740,805606960,107.0,103.0,104.0,-3.0,4937,2379,106.5
2016-10-20,3233374,340138770,106.5,103.5,105.0,1.0,2293,2379,104.5
2016-10-21,5940733,614927858,105.0,102.0,103.5,-1.5,2294,2379,104.5
2016-10-24,3340468,350073108,106.5,102.0,106.0,2.5,2451,2379,103.5
2016-10-25,3175210,338652260,107.5,105.5,106.5,0.5,2057,2379,106.5
2016-10-26,2136253,228703071,108.0,105.5,107.5,1.0,1608,2379,107.0
2016-10-27,3961179,415145153,106.5,104.0,104.0,-3.5,2592,2379,105.5
2016-10-28,2712701,281779904,105.0,103.0,104.0,0.0,1600,2379,104.0
2016-10-31,4638614,492329698,108.5,103.0,107.0,3.0,3059,2379,103.5
2016-11-01,3941897,415298288,106.5,104.5,104.5,-2.5,2441,2379,106.5
2016-11-02,4486040,477668707,108.0,104.5,105.5,1.0,2722,2379,105.0
2016-11-03,3160354,329280316,105.5,103.0,104.5,-1.0,2119,2379,105.0
2016-11-04,3517651,370501506,107.0,102.0,106.0,1.5,2331,2379,103.5
2016-11-07,1878144,199304620,107.5,105.0,105.0,-1.0,1285,2379,106.5
2016-11-08,1701996,180183572,107.0,104.5,107.0,2.0,1210,2379,105.5
2016-11-09,3236340,337357180,108.0,101.5,102.0,-5.0,2154,2379,107.5
2016-11-10,2161152,228597308,107.0,104.5,105.0,3.0,1346,2379,105.0
2016-11-11,3829105,390018105,104.5,101.0,101.0,-4.0,2626,2379,103.0
2016-11-14,3642051,366488202,103.0,98.5,103.0,2.0,2409,2379,101.5
2016-11-15,3855702,387537678,101.5,99.6,99.9,-3.1,2608,2379,100.0
2016-11-16,2975874,304865572,103.0,100.5,103.0,3.1,1908,2379,101.0
2016-11-17,1761954,181494262,104.0,102.0,103.5,0.5,1027,2379,103.5
2016-11-18,2254722,235280185,105.5,102.5,105.5,2.0,1718,2379,103.0
2016-11-21,3161203,336205815,107.5,104.5,105.0,-0.5,2147,2379,105.0
2016-11-22,2275011,242510168,107.5,105.0,107.0,2.0,1608,2379,105.5
2016-11-23,2499842,267689824,108.0,106.0,107.0,0.0,1589,2379,107.0
2016-11-24,791630,84092717,107.0,105.5,106.5,-0.5,518,2379,106.5
2016-11-25,667322,70463710,106.5,105.0,105.0,-1.5,380,2379,106.0
2016-11-28,1254475,131492400,105.5,104.0,104.5,-0.5,906,2379,105.0
2016-11-29,2581210,265069019,104.5,102.0,102.0,-2.5,1679,2379,104.5
2016-11-30,4939799,494604995,103.0,99.0,99.0,-3.0,2514,2379,102.0
2016-12-01,2954742,295665100,100.5,99.6,100.5,1.5,2068,2379,99.6
2016-12-02,3814657,380940300,101.0,97.5,101.0,0.5,2473,2379,99.7
2016-12-05,2757139,274891590,101.5,98.7,99.5,-1.5,1899,2379,100.0
2016-12-06,2638209,264925200,101.0,99.1,100.5,1.0,1789,2379,100.0
2016-12-07,3428708,342193352,100.5,98.9,100.5,0.0,2249,2379,100.5
2016-12-08,2711484,278240352,104.0,100.0,104.0,3.5,2026,2379,100.5
2016-12-09,1946630,203614020,105.5,103.0,105.0,1.0,1357,2379,104.0
2016-12-12,1266310,132966050,105.5,104.0,105.5,0.5,896,2379,104.5
2016-12-13,1414372,147845688,105.5,104.0,105.0,-0.5,1001,2379,105.0
2016-12-14,1551138,160521714,105.0,103.0,103.0,-2.0,1142,2379,105.0
2016-12-15,1247701,128200002,104.0,101.5,102.5,-0.5,762,2379,102.5
2016-12-16,1348147,137418766,103.0,101.0,101.0,-1.5,899,2379,102.5
2016-12-19,1144831,116137010,102.5,100.5,100.5,-0.5,888,2379,101.5
2016-12-20,1578639,158733039,101.5,100.0,101.5,1.0,1154,2379,100.0
2016-12-21,1150444,116980344,102.5,100.5,101.0,-0.5,788,2379,101.5
2016-12-22,1664235,165909165,101.5,99.0,99.0,-2.0,1244,2379,101.0
2016-12-23,1209228,120559712,101.0,98.8,99.2,0.2,914,2379,98.9
2016-12-26,361686,36200200,100.5,99.6,100.0,0.8,264,2379,100.0
2016-12-27,352944,35190803,100.0,99.3,99.8,-0.2,294,2379,100.0
2016-12-28,691446,69577405,101.5,99.8,100.5,0.7,502,2379,100.5
2016-12-29,736881,74338035,101.5,100.5,100.5,0.0,480,2379,101.0
2016-12-30,1024113,104723026,103.0,101.0,102.0,1.5,728,2379,101.0
2017-01-03,292169,29780238,102.5,101.5,102.0,0.0,232,2379,102.0
2017-01-04,1194394,120542083,102.5,100.0,100.5,-1.5,914,2379,102.5
2017-01-05,2131539,215965099,102.5,100.0,101.5,1.0,1402,2379,101.0
2017-01-06,1152853,116353214,102.0,100.5,101.0,-0.5,918,2379,101.5
2017-01-09,927618,93648918,101.5,100.5,101.0,0.0,593,2379,101.0
2017-01-10,1183123,119727423,102.0,100.5,101.5,0.5,691,2379,101.0
2017-01-11,2841502,293535954,104.0,101.5,103.5,2.0,1639,2379,101.5
2017-01-12,2424773,253652272,105.5,103.5,105.0,1.5,1749,2379,104.0
2017-01-13,2405831,255253586,107.0,104.5,107.0,2.0,1626,2379,105.0
2017-01-16,2086248,222534036,108.0,105.0,107.5,0.5,1466,2379,107.0
2017-01-17,2511650,272705850,109.0,107.5,109.0,1.5,1774,2379,108.0
2017-01-18,2438720,264864891,109.5,107.5,108.0,-1.0,1731,2379,109.0
2017-01-19,1409809,153235872,109.5,107.5,108.5,0.5,1102,2379,108.0
2017-01-20,2815551,306022059,110.0,107.0,110.0,1.5,1806,2379,108.0
2017-01-23,2191312,240682840,112.5,108.0,108.5,-1.5,1611,2379,112.5
2017-01-24,1573932,172052588,110.0,108.5,109.0,0.5,865,2379,108.5
2017-02-02,3264172,345481802,108.0,104.5,105.5,-3.5,2197,2379,108.0
2017-02-03,1642184,173778504,106.5,105.0,106.5,1.0,1103,2379,105.5
2017-02-06,2790376,302846984,110.0,106.0,109.0,2.5,2030,2379,106.5
2017-02-07,2668775,289972475,110.0,107.5,109.0,0.0,2126,2379,109.5
2017-02-08,3004743,328836987,111.0,108.5,109.0,0.0,2114,2379,110.0
2017-02-09,15498854,1830200626,119.5,112.5,119.5,10.5,6409,2379,113.0
2017-02-10,8705128,1046219268,122.0,117.0,119.5,0.0,4375,2379,121.0
2017-02-13,3498427,420641429,121.5,119.0,120.5,1.0,2164,2379,120.0
2017-02-14,2539304,300407898,122.0,116.5,116.5,-4.0,1788,2379,122.0
2017-02-15,2102441,244221656,118.5,115.0,116.0,-0.5,1558,2379,117.5
2017-02-16,1780710,204639440,117.5,114.0,114.0,-2.0,1361,2379,117.0
2017-02-17,3242568,377833024,118.5,114.0,118.5,4.5,2119,2379,114.5
2017-02-18,763810,89852270,119.5,117.0,117.0,-1.5,569,2379,119.5
2017-02-20,1307644,150421916,117.0,114.0,114.0,-3.0,1015,2379,117.0
2017-02-21,1270428,144772720,115.5,113.0,115.0,1.0,908,2379,114.5
2017-02-22,1149379,131019706,115.5,113.5,113.5,-1.5,924,2379,115.5
2017-02-23,1328199,151102487,115.0,113.0,113.5,0.0,1001,2379,114.0
2017-02-24,1753953,200566142,115.5,113.0,114.5,1.0,1019,2379,114.5
2017-03-01,2998126,332181393,112.5,109.5,110.0,-4.5,2246,2379,112.5
2017-03-02,2794089,304313895,111.5,108.0,108.5,-1.5,1670,2379,110.5
2017-03-03,1793813,194060702,109.5,107.0,108.5,0.0,1311,2379,107.5
2017-03-06,2273463,250197504,111.5,109.0,109.0,0.5,1473,2379,110.5
2017-03-07,1104314,121422726,111.0,109.5,109.5,0.5,974,2379,109.5
2017-03-08,1194689,132129979,111.5,109.5,111.0,1.5,953,2379,110.0
2017-03-09,2057938,225155804,112.0,108.0,108.0,-3.0,1508,2379,111.0
2017-03-10,796063,86712370,110.0,107.0,109.5,1.5,708,2379,108.0
2017-03-13,1200341,131859292,111.0,108.5,109.0,-0.5,1000,2379,108.5
2017-03-14,1624980,180443800,112.5,109.5,111.0,2.0,1267,2379,110.0
2017-03-15,878183,97690655,112.0,110.0,111.0,0.0,823,2379,110.5
2017-03-16,2269207,253117047,112.5,111.0,112.0,1.0,1129,2379,112.0
2017-03-17,1618838,179766240,112.5,110.0,110.5,-1.5,922,2379,112.5
2017-03-20,1099300,120295292,110.5,108.5,109.5,-1.0,933,2379,110.0
2017-03-21,1709388,186760792,110.0,108.5,109.5,0.0,1400,2379,110.0
2017-03-22,1915776,206682640,109.0,107.0,108.5,-1.0,1359,2379,107.5
2017-03-23,1825975,198519275,109.5,108.0,109.5,1.0,1405,2379,109.0
2017-03-24,1515269,165342146,110.0,108.5,108.5,-1.0,1059,2379,109.0
2017-03-27,1639686,177018088,109.0,107.0,108.0,-0.5,1214,2379,108.5
2017-03-28,1735952,187446816,109.5,106.5,108.5,0.5,1248,2379,109.0
2017-03-29,1712586,187055874,110.0,108.0,110.0,1.5,1124,2379,109.0
2017-03-30,1763794,191649601,110.5,107.5,107.5,-2.5,1121,2379,110.5
2017-03-31,1226221,132767158,109.0,107.5,108.5,1.0,736,2379,108.5
2017-04-05,3361929,375159477,113.0,109.0,113.0,4.5,2442,2379,109.5
2017-04-06,1796420,202638960,113.5,112.0,113.5,0.5,1195,2379,112.5
2017-04-07,1449545,161753495,114.0,110.0,111.0,-2.5,1086,2379,114.0
2017-04-10,1143014,125988540,112.0,109.0,109.5,-1.5,980,2379,112.0
2017-04-11,1470995,159702455,109.5,107.0,108.5,-1.0,1068,2379,108.0
2017-04-12,1181940,127411080,109.0,107.0,107.5,-1.0,800,2379,108.5
2017-04-13,775175,83289725,108.0,107.0,107.0,-0.5,582,2379,107.5
2017-04-14,815077,86473111,107.0,105.5,105.5,-1.5,607,2379,106.5
2017-04-17,1814615,186796345,106.0,101.5,103.0,-2.5,1409,2379,106.0
2017-04-18,1085553,112663781,105.0,103.0,104.5,1.5,886,2379,104.5
2017-04-19,1253040,128976586,104.0,102.0,102.5,-2.0,1020,2379,103.0
2017-04-20,2056259,209117539,103.0,100.5,101.5,-1.0,1550,2379,102.0
2017-04-21,1118210,114662725,103.5,101.5,103.5,2.0,844,2379,102.0
2017-04-24,812749,83477767,104.5,102.0,102.5,-1.0,614,2379,104.0
2017-04-25,1565668,161577800,104.5,102.0,104.5,2.0,1125,2379,103.5
2017-04-26,4304550,432906950,102.5,99.5,100.5,-4.0,2851,2379,102.5
2017-04-27,2813761,286454383,103.5,100.0,103.5,3.0,2004,2379,100.0
2017-04-28,2004488,204833776,103.0,102.0,102.0,-1.5,1432,2379,102.5
2017-05-02,1665326,172075752,104.0,102.5,102.5,0.5,1364,2379,103.0
2017-05-03,860741,88963323,104.0,102.5,103.5,1.0,697,2379,103.0
2017-05-04,1016515,104800030,103.5,102.5,102.5,-1.0,786,2379,103.5
2017-05-05,1584501,161839848,103.0,101.5,101.5,-1.0,998,2379,102.5
2017-05-08,1777331,181136762,102.5,101.5,102.0,0.5,760,2379,102.0
2017-05-09,2847084,286791600,102.0,99.8,100.0,-2.0,1537,2379,102.0
2017-05-10,1800220,181462220,102.0,100.0,101.5,1.5,1259,2379,100.0
2017-05-11,1463714,149405114,102.5,101.0,102.0,0.5,1139,2379,101.0
2017-05-12,2113534,213890434,102.5,100.5,101.0,-1.0,1189,2379,101.5
2017-05-15,1725902,175969004,103.0,100.5,102.0,1.0,1144,2379,101.0
2017-05-16,2012681,206978281,103.5,102.0,102.0,0.0,1153,2379,102.0
2017-05-17,2206083,227752049,104.0,102.0,103.5,1.5,1390,2379,102.5
2017-05-18,2377618,243850842,103.0,101.5,102.5,-1.0,1957,2379,102.0
2017-05-19,1695151,174056402,103.5,102.0,102.0,-0.5,1260,2379,102.5
2017-05-22,1958732,200891024,103.5,101.5,103.0,1.0,1164,2379,102.0
2017-05-23,3682598,377409996,103.0,102.0,102.5,-0.5,2123,2379,102.5
2017-05-24,2519929,257351258,103.0,101.5,102.0,-0.5,1941,2379,102.5
2017-05-25,3837723,404922545,107.0,102.5,105.0,3.0,2274,2379,102.5
2017-05-26,3565993,366707774,105.0,101.5,102.0,-3.0,2650,2379,104.5
2017-05-31,2883127,292725760,103.0,100.5,100.5,-1.5,1655,2379,102.0
2017-06-01,1531237,155396053,102.0,101.0,102.0,1.5,1019,2379,101.0
2017-06-02,2463686,253569494,104.0,102.0,104.0,2.0,1586,2379,103.0
2017-06-03,728364,76109531,105.0,104.0,104.5,0.5,579,2379,104.0
2017-06-05,1651979,173542295,105.5,104.0,105.5,1.0,1221,2379,105.0
2017-06-06,5225443,569587997,111.0,106.0,110.0,4.5,3278,2379,106.0
2017-06-07,4462129,491984417,111.0,109.0,110.0,0.0,2015,2379,110.0
2017-06-08,2176701,240320750,112.0,109.0,110.0,0.0,1565,2379,110.0
2017-06-09,2166290,240578635,112.0,110.0,110.5,0.5,1567,2379,110.0
2017-06-12,1390293,153606023,111.5,108.0,111.5,1.0,915,2379,109.5
2017-06-13,1749824,192954140,111.5,109.5,110.0,-1.5,1126,2379,111.5
2017-06-14,2172952,235455334,110.5,107.0,108.0,-2.0,1415,2379,110.5
2017-06-15,1502097,163045573,109.5,107.5,109.0,1.0,1046,2379,108.0
2017-06-16,3574793,397444702,113.0,108.5,113.0,4.0,1693,2379,108.5
2017-06-19,2131353,237715352,112.5,111.0,111.5,-1.5,1381,2379,112.5
2017-06-20,1267268,141288248,112.5,111.0,111.0,-0.5,754,2379,111.5
2017-06-21,3792201,430572102,115.5,111.5,112.5,1.5,2637,2379,111.5
2017-06-22,1478894,164741783,113.0,110.5,111.0,-1.5,1137,2379,112.0
2017-06-23,1003002,110935720,112.0,110.0,110.5,-0.5,655,2379,110.5
2017-06-26,2328480,262690740,114.0,110.5,113.5,3.0,1523,2379,111.0
2017-06-27,1560261,177089493,114.5,112.5,113.0,-0.5,1090,2379,114.5
2017-06-28,1242684,139356924,113.0,111.0,112.0,-1.0,1013,2379,112.5
2017-06-29,894682,100479202,113.5,111.5,111.5,-0.5,709,2379,113.5
2017-06-30,973156,106896078,111.5,109.5,109.5,-2.0,697,2379,110.5
2017-07-03,546507,60323770,111.0,110.0,110.5,1.0,408,2379,110.0
2017-07-04,856080,94707300,111.5,109.5,110.5,0.0,581,2379,110.0
2017-07-05,964630,106484800,111.0,109.5,111.0,0.5,557,2379,109.5
2017-07-06,1017336,113762296,112.5,111.0,111.5,0.5,582,2379,112.0
2017-07-07,726748,80994780,112.0,110.5,110.5,-1.0,513,2379,111.0
2017-07-10,765670,84420200,110.5,110.0,110.5,0.0,483,2379,110.0
2017-07-11,1661184,186094108,112.5,110.5,112.5,2.0,1146,2379,110.5
2017-07-12,1435195,159488710,112.5,110.0,110.5,-2.0,861,2379,112.5
2017-07-13,839721,93908531,112.5,110.5,112.0,1.5,523,2379,110.5
2017-07-14,1472864,166459268,113.5,112.0,113.0,1.0,784,2379,112.0
2017-07-17,1288754,147249571,115.0,113.5,114.0,1.0,813,2379,114.0
2017-07-18,2727896,314836223,116.0,114.0,116.0,2.0,1460,2379,114.5
2017-07-19,1716677,198647855,117.0,114.5,115.0,-1.0,1143,2379,116.0
2017-07-20,1162611,134703376,116.5,115.0,116.0,1.0,748,2379,115.5
2017-07-21,1228754,141079319,116.0,114.0,114.5,-1.5,703,2379,116.0
2017-07-24,969004,111126956,115.5,113.5,114.5,0.0,627,2379,114.0
2017-07-25,664568,76477533,115.5,114.5,115.0,0.5,466,2379,114.5
2017-07-26,716756,83035440,116.5,115.0,116.0,1.0,612,2379,115.5
2017-07-27,1012917,116788988,116.5,114.5,115.0,-1.0,725,2379,116.5
2017-07-28,2474134,278607937,115.0,110.5,112.0,-3.0,1323,2379,114.5
2017-07-31,1695302,191776324,114.5,111.5,113.0,1.0,1088,2379,112.5
2017-08-01,2364743,264344340,114.0,110.5,111.5,-1.5,1357,2379,113.0
2017-08-02,1407778,159552914,114.0,112.0,113.5,2.0,787,2379,112.0
2017-08-03,952880,108366377,114.5,112.0,114.0,0.5,619,2379,113.0
2017-08-04,861511,98617254,115.0,114.0,114.5,0.5,593,2379,114.5
2017-08-07,988596,113131444,115.5,114.0,114.5,0.0,619,2379,115.0
2017-08-08,1395890,160846350,116.0,114.5,115.5,1.0,830,2379,115.0
2017-08-09,1881210,211941020,115.0,111.5,112.0,-3.5,1435,2379,115.0
2017-08-10,1152774,128464414,113.0,110.5,111.0,-1.0,805,2379,112.0
2017-08-11,654411,72909121,112.0,110.0,112.0,1.0,455,2379,110.0
2017-08-14,1291205,142984050,112.0,110.0,110.0,-2.0,1022,2379,111.5
2017-08-15,589254,65373565,112.0,110.5,111.0,1.0,411,2379,110.5
2017-08-16,958508,106376388,111.5,110.5,111.0,0.0,712,2379,110.5
2017-08-17,569373,63283712,112.0,110.5,110.5,-0.5,463,2379,111.0
2017-08-18,1137055,125432050,111.0,110.0,110.0,-0.5,693,2379,110.0
2017-08-21,734148,81162928,111.5,110.0,111.0,1.0,583,2379,110.0
2017-08-22,480221,53537031,112.0,110.5,112.0,1.0,342,2379,112.0
2017-08-23,617593,68660022,112.5,110.5,111.0,-1.0,441,2379,112.5
2017-08-24,1636613,180262430,111.5,109.5,110.5,-0.5,1080,2379,111.5
2017-08-25,1931948,210962832,111.0,108.0,109.0,-1.5,1488,2379,110.5
2017-08-28,1013133,111573190,111.0,108.5,110.5,1.5,744,2379,108.5
2017-08-29,922999,101714390,111.0,110.0,110.0,-0.5,736,2379,110.5
2017-08-30,1057059,117061549,111.5,110.0,111.5,1.5,675,2379,110.5
2017-08-31,2792781,318943479,117.0,111.0,117.0,5.5,1576,2379,111.5
2017-09-01,1719433,198688795,117.5,114.0,115.0,-2.0,1316,2379,117.0
2017-09-04,1112192,126664888,115.0,113.0,114.0,-1.0,696,2379,114.5
2017-09-05,1410505,161853075,115.0,114.0,115.0,1.0,812,2379,114.5
2017-09-06,3024225,349089477,116.5,114.5,115.5,0.5,1722,2379,115.0
2017-09-07,2148563,238195430,112.0,109.5,110.0,0.0,1449,2379,111.0
2017-09-08,1514814,167356258,111.5,109.0,111.5,1.5,857,2379,110.5
2017-09-11,1887693,205388188,110.5,107.5,107.5,-4.0,1419,2379,110.0
2017-09-12,927507,99941994,108.5,107.0,108.0,0.5,716,2379,108.5
2017-09-13,1572367,167799769,108.5,105.0,107.0,-1.0,865,2379,108.0
2017-09-14,928726,99490037,107.5,106.0,107.5,0.5,748,2379,106.5
2017-09-15,1181322,126369208,108.0,106.0,107.0,-0.5,688,2379,107.0
2017-09-18,1190260,129644966,110.0,107.0,109.5,2.5,791,2379,107.5
2017-09-19,1299753,141156941,109.5,107.5,108.0,-1.5,985,2379,109.5
2017-09-20,1793759,190362068,108.0,104.5,105.5,-2.5,1400,2379,108.0
2017-09-21,1666035,176120210,107.5,105.0,106.5,1.0,1205,2379,105.5
2017-09-22,1367948,145061508,107.0,105.0,106.5,0.0,937,2379,106.5
2017-09-25,1455604,151397712,106.0,103.0,104.0,-2.5,1058,2379,106.0
2017-09-26,1295665,134141324,104.5,102.0,103.5,-0.5,765,2379,103.5
2017-09-27,518945,53824805,104.5,103.5,103.5,0.0,384,2379,103.5
2017-09-28,903192,93693369,105.0,103.0,104.0,0.5,734,2379,103.5
2017-09-29,837101,87701105,105.5,104.0,104.5,0.5,549,2379,105.0
2017-09-30,310808,32909648,106.5,104.5,106.5,2.0,259,2379,105.0
2017-10-02,755229,80957616,108.0,105.0,108.0,1.5,547,2379,106.5
2017-10-03,2080122,226963232,110.0,107.0,109.0,1.0,1199,2379,108.0
2017-10-05,1283284,140253456,110.0,108.5,109.5,0.5,886,2379,109.5
2017-10-06,2987704,323121532,109.5,106.5,109.0,-0.5,1105,2379,109.0
2017-10-11,1618692,176711270,110.5,108.5,109.5,0.5,1113,2379,110.0
2017-10-12,2272332,250654379,111.0,109.5,110.5,1.0,1162,2379,110.5
2017-10-13,1216486,134901446,111.5,109.0,111.5,1.0,744,2379,110.5
2017-10-16,866196,96280560,113.0,110.0,110.5,-1.0,512,2379,113.0
2017-10-17,870924,96108673,111.0,110.0,110.5,0.0,525,2379,110.5
2017-10-18,1133677,124245293,110.5,109.0,110.0,-0.5,824,2379,110.5
2017-10-19,862274,94509366,110.0,109.0,110.0,0.0,563,2379,110.0
2017-10-20,1882379,209393372,112.5,109.0,111.5,1.5,671,2379,109.5
2017-10-23,659362,73409682,112.5,110.5,111.5,0.0,500,2379,112.5
2017-10-24,1129387,124074807,111.5,109.0,110.0,-1.5,897,2379,111.5
2017-10-25,2365165,261737228,111.5,109.5,110.5,0.5,1531,2379,109.5
2017-10-26,934251,102699110,110.5,109.0,110.5,0.0,801,2379,110.5
2017-10-27,631412,69671108,111.0,109.5,110.0,-0.5,483,2379,111.0
2017-10-30,766273,84902530,112.0,110.0,111.0,1.0,587,2379,111.0
2017-10-31,2494864,281462193,114.0,111.0,113.5,2.5,1473,2379,111.0
2017-11-01,9259809,1100317045,123.0,115.0,118.0,4.5,5633,2379,115.5
2017-11-02,8327817,1015875622,124.5,118.0,120.0,2.0,4439,2379,118.0
2017-11-03,2629081,313605139,122.0,117.5,119.5,-0.5,1784,2379,121.0
2017-11-06,3126532,367116308,119.5,116.0,119.5,0.0,1872,2379,118.5
2017-11-07,2020539,237928102,119.5,117.0,118.0,-1.5,1239,2379,119.5
2017-11-08,861166,101311002,118.5,117.0,118.0,0.0,629,2379,118.5
2017-11-09,3731388,443503508,122.0,115.0,116.0,-2.0,2461,2379,118.0
2017-11-10,2021425,233755509,117.0,114.5,115.5,-0.5,1317,2379,116.0
2017-11-13,1161063,134761770,117.5,115.0,115.5,0.0,850,2379,116.5
2017-11-14,1600934,182885507,116.5,113.0,114.0,-1.5,1034,2379,116.0
2017-11-15,1717975,195421156,115.0,113.0,113.5,-0.5,1071,2379,114.0
2017-11-16,1625379,186418889,116.0,113.0,114.5,1.0,1145,2379,113.5
2017-11-17,1414130,161684320,116.0,113.5,114.0,-0.5,979,2379,116.0
2017-11-20,874343,99077426,114.0,112.5,113.5,-0.5,704,2379,114.0
2017-11-21,1381848,158458672,115.5,113.5,115.0,1.5,1041,2379,114.0
2017-11-22,2367892,274421580,117.5,114.5,115.5,0.5,1725,2379,115.0
2017-11-23,1767244,206176424,117.5,114.5,117.0,1.5,1144,2379,116.5
2017-11-24,1308359,151847460,118.0,115.0,115.5,-1.5,868,2379,117.5
2017-11-27,1067798,121753674,116.0,113.0,113.5,-2.0,915,2379,116.0
2017-11-28,1113641,125908933,114.0,112.5,113.5,0.0,840,2379,114.0
2017-11-29,1240267,139665761,114.5,111.5,112.0,-1.5,918,2379,114.0
2017-11-30,2400192,269141312,113.5,111.5,111.5,-0.5,1194,2379,112.0
2017-12-01,3562707,384187149,112.5,105.5,107.0,-4.5,2332,2379,112.0
2017-12-04,1693927,181372075,108.5,105.0,108.5,1.5,1306,2379,107.5
2017-12-05,1420455,151728685,108.0,106.0,107.0,-1.5,1042,2379,107.5
2017-12-06,1966121,205818705,107.5,103.0,103.0,-4.0,1215,2379,107.0
2017-12-07,2653208,270650424,104.0,101.0,101.5,-1.5,1579,2379,103.5
2017-12-08,2101577,218682715,105.0,102.0,104.5,3.0,1169,2379,102.5
2017-12-11,1258299,132007096,106.0,104.0,104.0,-0.5,864,2379,105.0
2017-12-12,1509981,157571994,105.5,103.5,104.5,0.5,967,2379,104.0
2017-12-13,1336235,141046023,106.5,104.5,106.5,2.0,962,2379,105.0
2017-12-14,701058,74053090,106.5,105.0,105.0,-1.5,544,2379,106.5
2017-12-15,2077346,214411138,105.0,102.5,102.5,-2.5,1127,2379,105.0
2017-12-18,1034968,107449172,104.5,102.5,104.5,2.0,794,2379,104.0
2017-12-19,2144511,223680633,105.5,103.0,103.0,-1.5,1153,2379,105.0
2017-12-20,1751084,181653152,105.0,103.0,103.5,0.5,1254,2379,104.5
2017-12-21,1007585,104258042,104.0,103.0,103.0,-0.5,747,2379,103.0
2017-12-22,2196391,232289555,107.0,103.0,105.5,2.5,1444,2379,103.0
2017-12-25,1451275,156141200,109.0,104.5,108.5,3.0,1022,2379,105.5
2017-12-26,1333920,142879940,109.0,106.0,107.0,-1.5,905,2379,108.5
2017-12-27,1068670,115598360,109.0,107.0,108.0,1.0,614,2379,107.5
2017-12-28,1344437,146141696,109.5,107.0,108.5,0.5,909,2379,108.0
2017-12-29,741863,80949204,109.5,108.5,109.0,0.5,566,2379,108.5
2018-01-02,255352,27766190,109.0,108.0,109.0,0.0,222,2379,109.0
2018-01-03,1197281,131046609,110.5,108.0,109.5,0.5,884,2379,109.5
2018-01-04,664630,73038300,110.5,109.0,110.5,1.0,555,2379,109.5
2018-01-05,1239283,138371696,112.5,110.0,112.5,2.0,775,2379,110.5
2018-01-08,852936,96007832,113.5,112.0,112.5,0.0,682,2379,113.5
2018-01-09,828164,93450368,113.5,112.0,112.5,0.0,545,2379,112.5
2018-01-10,710050,80238100,114.0,112.5,113.0,0.5,497,2379,113.5
2018-01-11,793639,90068521,114.0,112.5,114.0,1.0,540,2379,112.5
2018-01-12,1569937,180618818,116.0,114.0,115.0,1.0,954,2379,114.5
2018-01-15,711632,81431048,115.0,113.5,115.0,0.0,490,2379,115.0
2018-01-16,3738786,442532748,120.0,116.5,118.5,3.5,2135,2379,118.0
2018-01-17,1986726,236091023,119.5,117.5,119.0,0.5,1414,2379,118.5
2018-01-18,2100234,251105346,120.0,118.5,119.5,0.5,1377,2379,120.0
2018-01-19,2057564,244878756,120.5,117.0,118.5,-1.0,1306,2379,120.0
2018-01-22,2745587,331326722,123.0,118.0,121.0,2.5,1672,2379,118.5
2018-01-23,3739946,460130487,125.5,120.5,121.0,0.0,2245,2379,121.5
2018-01-24,1647039,200013719,122.5,120.0,122.0,1.0,1242,2379,122.0
2018-01-25,2107285,259689270,125.0,122.0,123.0,1.0,1442,2379,123.0
2018-01-26,3063979,382919350,126.5,122.0,126.0,3.0,1922,2379,123.0
2018-01-29,2875806,358451944,128.0,122.5,124.5,-1.5,1775,2379,127.5
2018-01-30,1647392,201294432,124.5,120.5,121.5,-3.0,1076,2379,124.5
2018-01-31,4575053,531648662,120.0,114.0,116.5,-5.0,2800,2379,120.0
2018-02-01,1856842,215696588,117.0,115.5,116.0,-0.5,1401,2379,116.5
2018-02-02,1929183,223360228,116.5,114.0,116.0,0.0,1263,2379,114.5
2018-02-05,3047546,339942244,114.5,109.0,114.0,-2.0,1776,2379,111.0
2018-02-06,5786601,629138198,110.5,106.5,108.0,-6.0,3109,2379,110.0
2018-02-07,3303222,371161970,113.5,110.5,112.0,4.0,2050,2379,110.5
2018-02-08,2476252,279613728,114.0,111.0,113.0,1.0,1727,2379,112.0
2018-02-09,2984071,325325381,111.0,107.0,109.0,-4.0,2010,2379,108.0
2018-02-12,1653852,183066424,112.0,109.0,111.0,2.0,1203,2379,109.0
2018-02-21,3096164,352908860,115.5,111.0,115.0,4.0,2045,2379,111.0
2018-02-22,2605053,292671452,113.5,111.0,112.5,-2.5,1358,2379,113.0
2018-02-23,1311964,148015468,114.0,112.0,112.5,0.0,873,2379,113.5
2018-02-26,1217184,139359660,116.0,113.0,115.5,3.0,877,2379,113.5
2018-02-27,3533036,414346140,119.0,116.0,116.0,0.5,2439,2379,117.0
2018-03-01,1789852,205901897,116.0,113.5,115.5,-0.5,1213,2379,114.0
2018-03-02,1762627,201054478,115.0,113.0,113.5,-2.0,1177,2379,113.5
2018-03-05,1322381,149758553,114.5,112.5,112.5,-1.0,933,2379,114.0
2018-03-06,1488619,168635246,114.0,113.0,113.5,1.0,771,2379,113.5
2018-03-07,1063221,120082694,114.0,112.5,113.0,-0.5,726,2379,113.0
2018-03-08,1404774,158519342,113.5,112.5,113.0,0.0,915,2379,113.0
2018-03-09,2219320,253710310,115.5,112.5,114.0,1.0,1417,2379,113.0
2018-03-12,4304750,512385750,120.5,114.5,119.5,5.5,2936,2379,115.0
2018-03-13,2629679,314306916,121.0,117.0,119.5,0.0,2115,2379,119.0
2018-03-14,1802252,216939988,121.5,118.5,120.0,0.5,1325,2379,119.5
2018-03-15,1423106,173128432,123.0,119.0,123.0,3.0,1116,2379,120.0
2018-03-16,2012157,244980654,122.5,120.5,122.5,-0.5,1429,2379,122.5
2018-03-19,1345061,164778942,123.5,121.5,123.0,0.5,1137,2379,122.0
2018-03-20,2102025,258825068,124.5,120.5,124.5,1.5,1327,2379,121.5
2018-03-21,3845319,482318556,126.0,123.5,125.0,0.5,2739,2379,125.0
2018-03-22,1255301,156528139,125.5,123.5,124.5,-0.5,872,2379,125.0
2018-03-23,1758002,211680214,121.5,119.0,120.5,-4.0,1146,2379,119.5
2018-03-26,1148694,140291168,123.5,119.5,123.0,2.5,873,2379,119.5
2018-03-27,999703,123890969,125.0,123.0,123.5,0.5,867,2379,124.5
2018-03-28,2221686,279908553,127.0,122.5,126.0,2.5,1522,2379,123.0
2018-03-29,1433434,180524250,127.0,125.0,125.5,-0.5,1170,2379,126.5
2018-03-30,2706980,345050440,129.0,124.5,129.0,3.5,1882,2379,125.5
2018-03-31,1578009,205705127,133.0,127.5,130.0,1.0,1066,2379,129.0
2018-04-02,3301107,418604375,132.0,124.5,125.0,-5.0,2126,2379,130.0
2018-04-03,3233149,410194923,130.0,122.5,128.0,3.0,2250,2379,123.0
2018-04-09,5311080,698315063,134.5,129.0,129.0,1.0,3116,2379,131.5
2018-04-10,3153168,405187068,130.5,125.5,129.5,0.5,1878,2379,129.0
2018-04-11,2497829,320678941,130.5,126.5,130.0,0.5,1459,2379,128.5
2018-04-12,1232562,160650278,131.0,128.5,130.5,0.5,684,2379,130.0
2018-04-13,2817543,373347590,134.0,130.5,131.5,1.0,1785,2379,131.0
2018-04-16,1367756,179373036,133.0,129.5,132.5,1.0,878,2379,131.0
2018-04-17,2693689,347718033,133.0,127.5,128.5,-4.0,1575,2379,132.5
2018-04-18,2269920,290551840,129.5,126.5,128.0,-0.5,1665,2379,127.5
2018-04-19,2822940,370516604,133.0,129.5,132.5,4.5,1780,2379,129.5
2018-04-20,1326864,171632154,132.0,128.0,128.0,-4.5,1005,2379,130.5
2018-04-23,4823017,642342744,136.5,127.5,133.0,5.0,3283,2379,127.5
2018-04-24,2925743,375965618,133.5,125.0,126.0,-7.0,1738,2379,132.5
2018-04-25,8223068,935147921,116.0,113.5,113.5,-12.5,3537,2379,116.0
2018-04-26,5800525,651944325,114.5,111.0,113.0,-0.5,3853,2379,113.5
2018-04-27,6118005,671651546,113.5,107.5,109.5,-3.5,3114,2379,113.0
2018-04-30,4279895,477360425,113.5,107.5,113.0,3.5,2449,2379,109.0
2018-05-02,2341807,264392691,114.0,111.0,113.0,0.0,1273,2379,111.5
2018-05-03,1346498,151060774,113.0,110.5,112.0,-1.0,952,2379,112.0
2018-05-04,2014126,222865494,111.5,109.5,110.0,-2.0,1256,2379,111.0
2018-05-07,1227682,136085884,112.5,110.0,110.0,0.0,689,2379,111.0
2018-05-08,1780350,196229850,111.0,109.5,110.5,0.5,1233,2379,110.0
2018-05-09,1711993,190722714,112.5,110.5,111.5,1.0,1026,2379,110.5
2018-05-10,1878465,211034080,113.5,111.0,112.0,0.5,1116,2379,111.5
2018-05-11,1174627,133581159,114.5,112.5,113.5,1.5,855,2379,112.5
2018-05-14,1236363,142466121,116.5,113.5,115.5,2.0,809,2379,114.0
2018-05-15,1857773,217526941,118.0,115.5,117.0,1.5,1372,2379,116.0
2018-05-16,1106621,127909722,117.0,115.0,115.5,-1.5,885,2379,116.5
2018-05-17,598408,68809212,116.5,114.5,114.5,-1.0,466,2379,116.5
2018-05-18,375791,42948965,115.5,114.0,114.0,-0.5,277,2379,115.5
2018-05-21,377649,43734135,116.5,114.5,116.0,2.0,303,2379,115.0
2018-05-22,782371,91872036,118.5,116.5,117.0,1.0,614,2379,116.5
2018-05-23,752862,87496492,118.0,115.5,115.5,-1.5,584,2379,117.5
2018-05-24,486920,56345836,117.0,115.0,115.0,-0.5,405,2379,116.5
2018-05-25,460526,53396990,116.5,115.0,115.5,0.5,341,2379,115.5
2018-05-28,1008165,118584305,119.0,115.5,117.5,2.0,694,2379,116.5
2018-05-29,951158,109523170,118.0,114.0,114.0,-3.5,703,2379,117.5
2018-05-30,1245503,141342352,115.0,112.5,112.5,-1.5,981,2379,113.5
2018-05-31,1897416,217284128,115.5,113.5,114.5,2.0,864,2379,113.5
2018-06-01,1458870,170347420,118.0,114.0,116.5,2.0,945,2379,114.0
2018-06-04,1511047,178402013,119.0,116.0,118.0,1.5,1103,2379,117.0
2018-06-05,2057941,239077896,119.0,114.5,115.5,-2.5,1197,2379,118.0
2018-06-06,1194946,138168290,116.5,115.0,115.0,-0.5,889,2379,116.0
2018-06-07,1555160,178305740,116.0,113.5,115.0,0.0,1213,2379,116.0
2018-06-08,1447956,164916440,115.0,113.0,114.0,-1.0,980,2379,114.5
2018-06-11,1016364,114865632,114.5,112.5,112.5,-1.5,776,2379,114.0
2018-06-12,1905870,212677501,112.5,111.0,111.0,-1.5,1290,2379,112.5
2018-06-13,1725969,192612629,112.5,111.0,112.0,1.0,1185,2379,112.0
2018-06-14,2124488,237285909,112.0,111.0,111.0,-1.0,1733,2379,111.5
2018-06-15,7471853,839692889,114.0,110.5,113.0,2.0,1928,2379,111.5
2018-06-19,2115642,240316188,115.0,111.0,114.0,1.0,1589,2379,112.0
2018-06-20,1544801,176154314,115.0,112.5,114.0,0.0,1039,2379,114.0
2018-06-21,1041918,119161152,115.0,113.0,114.0,0.0,819,2379,114.0
2018-06-22,982837,111744918,114.5,112.0,114.5,0.5,625,2379,113.5
2018-06-25,1269707,143139391,114.0,111.5,113.0,-1.5,830,2379,113.5
2018-06-26,1525383,170243396,113.5,110.0,112.0,-1.0,873,2379,111.5
2018-06-27,1072943,120582643,113.5,112.0,112.0,0.0,683,2379,112.0
2018-06-28,1529735,168929850,112.0,109.0,109.5,-2.5,1044,2379,112.0
2018-06-29,1486742,164380362,111.0,109.5,111.0,1.5,1002,2379,110.0
2018-07-02,1695726,192356038,114.5,111.5,113.0,2.0,1219,2379,111.5
2018-07-03,950075,107465825,114.5,111.5,111.5,-1.5,772,2379,112.5
2018-07-04,837781,94158972,113.5,111.5,112.0,0.5,670,2379,111.5
2018-07-05,958115,108623933,114.5,112.0,112.0,0.0,533,2379,112.0
2018-07-06,1500993,171369701,115.5,113.0,113.5,1.5,1033,2379,113.0
2018-07-09,1015063,116985266,116.0,114.5,115.5,2.0,710,2379,114.5
2018-07-10,1066434,124113055,117.0,115.5,116.5,1.0,753,2379,116.0
2018-07-11,1292676,151019916,118.0,116.0,116.5,0.0,872,2379,116.0
2018-07-12,1772481,209122496,119.5,115.5,119.0,2.5,1302,2379,116.0
2018-07-13,1516506,181445464,121.5,118.5,118.5,-0.5,873,2379,120.0
2018-07-16,775868,91701056,119.5,117.5,118.0,-0.5,485,2379,119.0
2018-07-17,1659227,199482513,121.5,118.0,120.0,2.0,1205,2379,119.0
2018-07-18,1640283,199139597,122.5,121.0,121.0,1.0,1105,2379,121.0
2018-07-19,1518969,185471718,123.5,120.5,122.0,1.0,874,2379,120.5
2018-07-20,1865438,229598374,124.5,121.0,123.5,1.5,1114,2379,123.0
2018-07-23,1670470,202399400,123.5,120.0,120.0,-3.5,1042,2379,123.0
2018-07-24,1068247,128850140,122.5,119.5,120.5,0.5,830,2379,120.5
2018-07-25,568669,68856280,121.5,120.5,121.0,0.5,460,2379,120.5
2018-07-26,1180956,143473676,122.0,120.5,121.5,0.5,677,2379,121.0
2018-07-27,2162722,266541528,124.5,121.5,124.5,3.0,1195,2379,121.5
2018-07-30,1600764,197969472,125.5,123.0,123.0,-1.5,923,2379,125.0
2018-07-31,1484632,181444104,123.0,121.0,123.0,0.0,1065,2379,122.5
2018-08-01,1004065,123535495,124.5,122.0,122.5,-0.5,720,2379,124.0
2018-08-02,1528815,186896430,123.0,121.0,123.0,0.5,652,2379,121.5
2018-08-03,8746537,1172220495,135.0,128.5,135.0,12.0,4483,2379,129.0
2018-08-06,15396477,2120470326,141.0,133.5,138.0,3.0,7854,2379,138.5
2018-08-07,9106452,1257489972,142.5,134.0,136.0,-2.0,4601,2379,141.0
2018-08-08,13117247,1837738185,143.0,138.0,143.0,7.0,6763,2379,138.0
2018-08-09,4396370,624914910,145.5,139.0,143.5,0.5,2876,2379,141.0
2018-08-10,3668196,514830940,142.5,138.5,140.0,-3.5,2399,2379,142.0
2018-08-13,3620536,492062896,139.5,133.0,135.5,-4.5,2239,2379,139.0
2018-08-14,4736474,668544204,146.0,135.5,146.0,10.5,3167,2379,137.5
2018-08-15,6356215,869890525,143.5,132.0,134.5,-11.5,4815,2379,143.5
2018-08-16,3638966,492732842,138.5,130.5,137.5,3.0,2875,2379,133.0
2018-08-17,1746025,238511407,138.5,135.5,136.5,-1.0,1401,2379,137.0
2018-08-20,1633710,223699770,138.5,134.5,138.0,1.5,1151,2379,137.0
2018-08-21,1549089,214854460,140.5,137.0,140.0,2.0,1186,2379,138.0
2018-08-22,1589462,217259294,138.0,135.0,137.0,-3.0,1197,2379,138.0
2018-08-23,2176806,302800126,140.5,136.0,139.5,2.5,1579,2379,136.0
2018-08-24,2197420,307391460,141.5,138.0,138.5,-1.0,1495,2379,139.0
2018-08-27,2723639,384856416,143.5,137.5,142.0,3.5,1920,2379,139.5
2018-08-28,2288415,328808845,145.0,142.0,143.5,1.5,1590,2379,142.0
2018-08-29,3041928,442840016,147.0,143.0,146.0,2.5,2100,2379,143.5
2018-08-30,3289456,483384076,148.5,144.5,146.0,0.0,2040,2379,147.0
2018-08-31,4332673,645640277,150.5,146.0,149.0,3.0,2454,2379,147.5
2018-09-03,3270318,476027792,151.0,142.5,143.5,-5.5,2431,2379,151.0
2018-09-04,1762716,255884536,146.5,144.0,146.0,2.5,1248,2379,145.0
2018-09-05,3812107,566971943,150.0,146.5,149.5,3.5,2163,2379,147.0
2018-09-06,2801299,402307103,146.0,142.0,142.5,0.0,1885,2379,144.0
2018-09-07,2706584,377349792,144.5,136.5,138.0,-4.5,1930,2379,142.0
2018-09-10,2986213,410780997,140.0,134.0,138.5,0.5,2052,2379,139.0
2018-09-11,3106021,440963982,145.0,139.5,142.5,4.0,1993,2379,140.0
2018-09-12,3919886,539290496,143.5,133.5,135.5,-7.0,2345,2379,142.5
2018-09-13,3951127,534073449,139.0,132.0,133.0,-2.5,2436,2379,136.0
2018-09-14,3377262,455485021,136.5,132.5,136.0,3.0,2110,2379,134.5
2018-09-17,1977575,267229775,137.0,133.5,136.0,0.0,1338,2379,135.0
2018-09-18,4551404,638103254,144.0,134.0,140.5,4.5,2856,2379,134.5
2018-09-19,2836405,395605390,142.5,138.0,138.0,-2.5,2060,2379,142.0
2018-09-20,2487245,349154800,142.0,137.5,140.0,2.0,1560,2379,139.0
2018-09-21,5479663,754771658,141.0,135.0,137.5,-2.5,3090,2379,140.0
2018-09-25,2391802,324872666,138.0,134.0,135.5,-2.0,1455,2379,136.5
2018-09-26,1382890,186029903,135.5,133.5,134.0,-1.5,823,2379,135.5
2018-09-27,2794181,373097157,135.0,132.0,134.0,0.0,1950,2379,134.0
2018-09-28,3298867,448783912,138.0,134.5,136.0,2.0,1778,2379,134.5
2018-10-01,2146604,291106644,137.5,134.5,136.0,0.0,1646,2379,136.0
2018-10-02,5308336,694016505,136.0,127.5,128.5,-7.5,3269,2379,135.5
2018-10-03,3313378,425778762,131.0,126.0,129.0,0.5,2405,2379,128.5
2018-10-04,2828779,359627537,129.0,126.0,126.5,-2.5,2026,2379,128.0
2018-10-05,7591129,894019222,121.5,114.0,116.0,-10.5,4360,2379,121.5
2018-10-08,6516878,727971646,115.0,109.0,111.0,-5.0,3583,2379,114.0
2018-10-09,3582338,393213845,112.0,108.0,109.5,-1.5,2266,2379,110.0
2018-10-11,5193985,539750854,106.5,101.0,105.0,-4.5,3405,2379,103.0
2018-10-12,3227409,341115626,108.0,102.5,107.5,2.5,2022,2379,103.5
2018-10-15,3229164,345266860,109.5,103.5,107.5,0.0,1861,2379,104.5
2018-10-16,3102435,341701565,112.0,106.5,110.0,2.5,1933,2379,106.5
2018-10-17,2365785,267064705,114.0,111.5,113.5,3.5,1447,2379,111.5
2018-10-18,1522915,169373565,112.5,110.0,111.0,-2.5,1029,2379,112.0
2018-10-19,2912731,320233641,112.5,107.5,110.0,-1.0,1339,2379,108.5
2018-10-22,1352914,149442454,112.0,108.0,111.0,1.0,944,2379,108.0
2018-10-23,1852882,206806723,113.5,109.5,111.5,0.5,1200,2379,109.5
2018-10-24,1434001,159754116,113.0,109.0,112.0,0.5,987,2379,111.0
2018-10-25,2061010,228292609,112.5,108.5,110.5,-1.5,1350,2379,109.0
2018-10-26,3198086,344565374,112.0,104.5,109.0,-1.5,1864,2379,111.5
2018-10-29,1325501,143803609,110.5,106.5,109.0,0.0,951,2379,108.0
2018-10-30,3180499,353777887,114.0,107.0,113.0,4.0,1821,2379,109.0
2018-10-31,5539811,682908564,124.0,120.5,124.0,11.0,2543,2379,121.0
2018-11-01,7628103,974780129,130.5,124.0,128.0,4.0,4616,2379,125.5
2018-11-02,4123451,532439130,132.0,127.5,130.0,2.0,2595,2379,129.5
2018-11-05,1887567,240504009,130.5,126.0,127.0,-3.0,1341,2379,128.5
2018-11-06,1861569,235158763,128.5,124.5,127.0,0.0,1146,2379,128.5
2018-11-07,1887910,239975070,129.5,125.5,127.5,0.5,1389,2379,128.5
2018-11-08,1496792,190987876,129.5,126.5,127.5,0.0,1131,2379,129.5
2018-11-09,2533981,319009125,129.5,123.5,124.0,-3.5,1404,2379,127.0
2018-11-12,2470672,313548677,129.0,122.5,128.0,4.0,1631,2379,123.5
2018-11-13,2445018,304004250,127.5,123.0,124.0,-4.0,1305,2379,124.0
2018-11-14,5295291,682427807,131.5,125.0,129.5,5.5,2735,2379,125.5
2018-11-15,2511439,322455631,130.5,126.5,129.5,0.0,1514,2379,129.5
2018-11-16,2370942,301866960,130.0,125.5,126.5,-3.0,1627,2379,130.0
2018-11-19,1234700,155848546,127.5,125.0,126.5,0.0,1047,2379,127.5
2018-11-20,1612758,202369008,126.5,124.0,126.0,-0.5,1231,2379,126.0
2018-11-21,3541086,440787750,127.0,121.0,125.0,-1.0,2348,2379,125.5
2018-11-22,1841616,231734191,127.5,124.0,125.0,0.0,1247,2379,127.0
2018-11-23,2518317,314028282,126.5,122.5,125.5,0.5,1304,2379,124.0
2018-11-26,2516908,315956132,128.5,123.0,125.5,0.0,1558,2379,125.5
2018-11-27,2723338,340929926,126.0,124.0,126.0,0.5,1685,2379,125.0
2018-11-28,7653160,1009260760,135.0,127.0,134.0,8.0,4785,2379,127.0
2018-11-29,10647605,1491645494,142.5,137.0,141.0,7.0,5694,2379,137.0
2018-11-30,3927304,553949060,142.5,138.0,141.5,0.5,2205,2379,141.0
2018-12-03,6099220,904693840,151.0,145.0,148.0,6.5,4125,2379,145.0
2018-12-04,4386302,628827280,148.0,141.0,141.0,-7.0,2723,2379,147.5
2018-12-05,2991752,417035280,142.0,135.5,140.0,-1.0,1915,2379,137.5
2018-12-06,3812320,523188996,140.0,135.5,138.0,-2.0,2444,2379,139.0
2018-12-07,2248298,312626269,141.0,137.5,138.5,0.5,1470,2379,139.5
2018-12-10,1159803,159630212,139.5,135.0,139.0,0.5,741,2379,135.0
2018-12-11,2255486,312258835,142.5,136.0,136.5,-2.5,1556,2379,141.0
2018-12-12,1618184,224558076,140.0,137.0,140.0,3.5,1275,2379,139.0
2018-12-13,5252280,759922739,147.0,140.5,146.0,6.0,3306,2379,140.5
2018-12-14,3573617,512278652,147.0,140.5,145.0,-1.0,2049,2379,145.5
2018-12-17,2083751,305963766,149.5,143.5,144.0,-1.0,1554,2379,145.5
2018-12-18,2715345,397811870,148.0,143.0,147.5,3.5,1966,2379,143.5
2018-12-19,2030154,296346176,149.5,144.5,145.0,-2.5,1454,2379,149.0
2018-12-20,2586752,375876411,147.5,143.5,146.0,1.0,1771,2379,145.0
2018-12-21,3155492,447589872,145.5,139.5,141.0,-5.0,2145,2379,145.0
2018-12-22,327448,46185720,142.0,140.0,141.0,0.0,290,2379,141.0
2018-12-24,2152328,300018592,140.5,138.0,139.5,-1.5,1283,2379,140.5
2018-12-25,1008838,138782073,140.5,135.0,140.5,1.0,686,2379,136.0
2018-12-26,1137393,159248429,142.0,138.0,138.0,-2.5,698,2379,141.5
2018-12-27,1243757,175324994,142.0,140.0,142.0,4.0,875,2379,141.5
2018-12-28,2093437,298655554,144.0,140.5,143.0,1.0,1305,2379,140.5
2019-01-02,2592870,359201190,144.0,136.0,137.5,-5.5,1772,2379,143.5
2019-01-03,1666632,230953848,140.0,136.0,139.5,2.0,1215,2379,137.5
2019-01-04,2054708,285803753,141.0,136.0,139.5,0.0,1311,2379,137.5
2019-01-07,2075848,290315372,142.5,138.5,139.5,0.0,1231,2379,142.5
2019-01-08,4641424,661623645,146.5,139.5,139.5,0.0,2788,2379,142.5
2019-01-09,4230703,605434876,144.5,141.0,144.5,5.0,2681,2379,141.5
2019-01-10,2409250,346572500,145.0,141.0,145.0,0.5,1691,2379,144.5
2019-01-11,3869166,562056312,148.0,143.0,146.5,1.5,2630,2379,146.0
2019-01-14,2823215,413351675,149.0,143.5,146.5,0.0,2130,2379,147.0
2019-01-15,4087414,605218600,151.0,146.5,151.0,4.5,2661,2379,147.0
2019-01-16,3271137,497990324,153.5,150.0,153.5,2.5,2372,2379,151.0
2019-01-17,6384383,983441982,159.0,148.0,148.0,-5.5,4289,2379,155.0
2019-01-18,4533170,685138340,154.0,147.5,152.5,4.5,3225,2379,150.5
2019-01-21,2312541,349097869,154.0,149.5,150.0,-2.5,1768,2379,153.5
2019-01-22,1802491,270702650,151.5,149.0,150.5,0.5,1364,2379,150.0
2019-01-23,2270307,336380436,150.0,147.5,148.0,-2.5,1693,2379,150.0
2019-01-24,5844035,887203925,156.0,148.5,156.0,8.0,3910,2379,148.5
2019-01-25,5121016,800657996,158.5,154.5,156.5,0.5,3307,2379,157.5
2019-01-28,1684526,260814254,157.5,153.0,155.0,-1.5,1194,2379,156.5
2019-01-29,4791500,758592000,160.5,153.5,160.0,5.0,3112,2379,155.0
2019-01-30,7642466,1219282209,163.5,155.5,163.5,3.5,4615,2379,160.5
2019-02-11,6923157,1128567988,165.0,160.5,163.5,0.0,4213,2379,164.5
2019-02-12,6968170,1177946462,172.0,164.0,172.0,8.5,4222,2379,164.5
2019-02-13,5135555,875165001,175.0,167.0,168.5,-3.5,3715,2379,171.0
2019-02-14,7597285,1329712375,178.0,170.0,176.5,8.0,4771,2379,170.0
2019-02-15,6550028,1151012400,178.5,171.5,176.0,-0.5,4596,2379,176.5
2019-02-18,3369242,588434866,178.0,173.0,173.5,-2.5,2587,2379,178.0
2019-02-19,5324260,921782740,179.0,169.0,174.0,0.5,3919,2379,174.0
2019-02-20,4474282,772600504,175.5,170.5,173.0,-1.0,3254,2379,173.0
2019-02-21,3241533,563472808,177.5,171.0,177.5,4.5,1922,2379,173.0
2019-02-22,3082427,534520944,175.5,172.0,173.0,-4.5,1963,2379,175.5
2019-02-25,4084035,714747163,178.0,172.5,177.0,4.0,2692,2379,173.5
2019-02-26,5928514,1071296506,183.5,177.5,180.0,3.0,3858,2379,178.0
2019-02-27,4125580,739311434,182.5,177.5,178.0,-2.0,2363,2379,180.0
2019-03-04,4495105,784338270,179.0,172.0,174.5,-3.5,3227,2379,177.0
2019-03-05,5587334,958765106,174.0,169.5,173.5,-1.0,3345,2379,174.0
2019-03-06,3863436,670443864,176.0,170.5,174.5,1.0,2903,2379,174.5
2019-03-07,4770935,806186098,174.0,165.0,166.0,-8.5,3125,2379,173.0
2019-03-08,7893157,1297702905,168.0,160.5,165.0,-1.0,4404,2379,163.0
2019-03-11,4666552,781848399,169.5,163.5,167.0,2.0,3098,2379,165.0
2019-03-12,3687417,623002923,171.5,166.0,167.5,0.5,2440,2379,170.0
2019-03-13,2700326,458099094,170.5,168.0,170.0,2.5,1842,2379,169.0
2019-03-14,2305088,388857196,170.0,168.0,168.0,-2.0,1440,2379,170.0
2019-03-15,3502859,593914312,171.5,168.0,168.5,0.5,1925,2379,168.5
2019-03-18,3656471,626216512,173.0,167.5,172.0,3.5,2293,2379,169.5
2019-03-19,7262606,1282811262,180.0,172.5,179.0,7.0,4742,2379,173.5
2019-03-20,3288097,585864609,180.5,176.5,177.0,-2.0,2299,2379,178.0
2019-03-21,2983276,533079852,181.0,176.5,178.0,1.0,2084,2379,178.0
2019-03-22,2298296,413869484,182.0,178.0,180.0,2.0,1573,2379,180.0
2019-03-25,3072677,535478475,176.5,172.5,175.0,-5.0,2056,2379,175.0
2019-03-26,2646539,472304442,180.0,177.0,179.0,4.0,1723,2379,177.5
2019-03-27,1613523,290471313,181.5,178.5,180.5,1.5,1205,2379,179.5
2019-03-28,2058832,363744432,180.0,175.0,176.0,-4.5,1619,2379,179.5
2019-03-29,2969425,534943164,182.0,177.0,182.0,6.0,1749,2379,178.5
2019-04-01,3029981,560024982,187.0,181.0,185.0,3.0,2195,2379,184.0
2019-04-02,5526611,1053930370,194.0,185.5,192.0,7.0,3456,2379,186.0
2019-04-03,2535716,484460540,193.5,188.5,191.5,-0.5,1978,2379,193.0
2019-04-08,3419115,651423850,193.0,188.5,191.5,0.0,2422,2379,193.0
2019-04-09,2623282,502112195,193.5,189.0,192.0,0.5,2026,2379,192.0
2019-04-10,2537404,484980760,193.0,190.0,191.5,-0.5,1819,2379,191.0
2019-04-11,5480161,1074266474,203.5,192.0,193.0,1.5,3940,2379,193.0
2019-04-12,3128303,598694070,196.5,188.0,191.5,-1.5,2145,2379,194.0
2019-04-15,1767154,343430264,197.5,192.0,193.5,2.0,1467,2379,197.0
2019-04-16,3164234,604108550,195.0,189.0,190.5,-3.0,2436,2379,194.0
2019-04-17,3095486,594519312,194.0,190.5,192.5,2.0,2396,2379,192.0
2019-04-18,5163087,1007879367,197.5,191.5,197.5,5.0,2901,2379,194.5
2019-04-19,3267829,653819800,203.0,195.5,200.5,3.0,2256,2379,199.0
2019-04-22,2932350,604322600,208.0,203.5,207.0,6.5,2222,2379,203.5
2019-04-23,3771844,761966399,205.5,198.5,203.5,-3.5,2838,2379,205.5
2019-04-24,1890904,388537320,208.0,204.5,205.5,2.0,1499,2379,205.0
2019-04-25,2042194,421184964,207.0,205.0,207.0,1.5,1404,2379,205.5
2019-04-26,2313471,469499843,206.0,199.5,203.5,-3.5,1842,2379,205.0
2019-04-29,3486801,701706200,205.5,198.5,200.5,-3.0,2635,2379,205.0
2019-04-30,6907744,1431401496,210.0,201.0,209.0,8.5,4885,2379,202.0
2019-05-02,6826768,1416204316,214.5,203.5,205.5,-3.5,4792,2379,210.0
2019-05-03,9651215,2070096244,219.5,207.0,219.0,13.5,5764,2379,208.5
2019-05-06,6654125,1447894500,224.0,211.0,220.5,1.5,5017,2379,211.0
2019-05-07,7309103,1659819221,232.5,217.5,232.5,12.0,5233,2379,222.0
2019-05-08,8860928,2051784512,238.5,227.5,230.0,-2.5,6566,2379,229.5
2019-05-09,4362701,985900725,232.5,222.5,225.5,-4.5,3189,2379,228.0
2019-05-10,4702835,1070673782,233.5,223.0,225.5,0.0,3878,2379,228.0
2019-05-13,5003378,1093170026,225.0,214.5,217.5,-8.0,4267,2379,225.0
2019-05-14,4124237,899600009,221.5,213.0,219.0,1.5,3388,2379,213.5
2019-05-15,3828502,850946695,226.0,217.0,226.0,7.0,2738,2379,219.0
2019-05-16,5801266,1290271690,231.5,215.0,215.0,-11.0,4125,2379,229.0
2019-05-17,6490912,1375430608,219.5,207.0,210.5,-4.5,4355,2379,217.0
2019-05-20,5319977,1082430762,211.5,198.5,206.5,-4.0,3997,2379,210.5
2019-05-21,5581198,1121413187,204.0,197.5,200.5,-6.0,4188,2379,202.0
2019-05-22,6520440,1377292840,214.0,204.0,211.0,10.5,4398,2379,205.5
2019-05-23,3807994,781822264,207.5,202.0,206.0,-5.0,2890,2379,205.0
2019-05-24,4199822,858306544,210.0,201.0,202.0,-4.0,3005,2379,207.5
2019-05-27,9814194,1887990666,205.0,186.0,189.0,-13.0,6646,2379,205.0
2019-05-28,6663923,1284119942,194.5,189.0,194.0,5.0,3897,2379,189.0
2019-05-29,4034612,775255228,195.5,188.0,193.5,-0.5,2979,2379,190.0
2019-05-30,6704144,1322999142,201.0,194.0,195.0,1.5,4579,2379,195.5
2019-05-31,7426762,1480888900,203.0,194.0,200.0,5.0,4804,2379,195.0
2019-06-03,9298334,1903520804,208.0,200.0,206.0,6.0,6482,2379,203.5
2019-06-04,6738477,1394606015,210.0,204.5,205.5,-0.5,4751,2379,204.5
2019-06-05,6565525,1366725650,213.0,205.5,205.5,0.0,4650,2379,212.0
2019-06-06,5937210,1216867441,209.5,201.0,204.0,-1.5,4334,2379,206.0
2019-06-10,9374895,2009676038,220.0,208.0,218.5,14.5,6489,2379,212.0
2019-06-11,6791954,1463708110,219.5,212.5,215.0,-3.5,4752,2379,218.0
2019-06-12,8444377,1865151740,225.5,214.5,220.0,5.0,5628,2379,214.5
2019-06-13,5696416,1263470936,225.0,218.5,221.0,1.0,4269,2379,220.0
2019-06-14,6339467,1413803428,227.5,219.5,221.5,0.5,4512,2379,223.5
2019-06-17,2956532,649429766,221.5,217.5,221.0,-0.5,2207,2379,221.0
2019-06-18,3608373,801600933,224.5,219.0,221.0,0.0,2400,2379,221.0
2019-06-19,4937127,1116798702,229.0,224.0,227.0,6.0,3852,2379,229.0
2019-06-20,3327784,756861352,229.0,226.0,228.5,1.5,2658,2379,229.0
2019-06-21,6560802,1516969158,235.5,229.0,229.5,1.0,4464,2379,230.0
2019-06-24,3219282,720599950,229.0,221.0,225.0,-4.5,2473,2379,229.0
2019-06-25,4536912,1007256640,226.5,219.5,221.0,-4.0,3386,2379,225.0
2019-06-26,2647892,587249524,223.5,219.0,223.5,2.5,2058,2379,219.0
2019-06-27,9199194,2156854557,239.0,226.5,239.0,15.5,5756,2379,229.0
2019-06-28,6281726,1452377254,238.0,228.5,228.5,-10.5,4326,2379,238.0
2019-07-01,3549811,832083361,237.0,232.5,233.5,5.0,2695,2379,234.0
2019-07-02,6378464,1543769716,245.0,233.5,245.0,11.5,4922,2379,233.5
2019-07-03,4560287,1081777787,241.5,233.5,234.5,-10.5,3481,2379,240.0
2019-07-04,4806938,1113868178,238.5,228.5,231.0,-3.5,3709,2379,236.0
2019-07-05,5347887,1223661010,233.0,225.0,230.0,-1.0,3748,2379,231.0
2019-07-08,3035638,691127826,232.5,225.5,226.0,-4.0,2524,2379,230.5
2019-07-09,3909763,883169201,228.0,222.5,227.0,1.0,2761,2379,227.0
2019-07-10,8716503,1925640663,229.5,218.5,219.0,-8.0,6545,2379,228.0
2019-07-11,10144485,2246701685,224.5,216.5,221.0,2.0,6568,2379,221.5
2019-07-12,6316600,1407816790,227.0,221.5,225.5,4.5,3810,2379,222.0
2019-07-15,4490326,990614676,227.5,220.5,226.0,0.5,2926,2379,227.0
2019-07-16,2608202,583878436,226.5,222.5,222.5,-3.5,2074,2379,226.0
2019-07-17,2681945,600457680,226.0,222.0,223.0,0.5,2111,2379,223.0
2019-07-18,3605448,789930328,222.0,217.5,219.0,-4.0,2714,2379,221.5
2019-07-19,3136891,704513975,226.5,221.0,226.5,7.5,2387,2379,221.0
2019-07-22,4795446,1100366026,233.0,226.0,232.0,5.5,3393,2379,227.0
2019-07-23,5540388,1272249188,236.0,226.0,226.0,-6.0,3809,2379,234.5
2019-07-24,7019562,1548525702,223.5,217.0,221.0,-5.0,5145,2379,223.5
2019-07-25,4929223,1083867665,224.0,217.5,219.5,-1.5,3373,2379,222.0
2019-07-26,3618651,796016220,222.5,218.5,219.0,-0.5,2579,2379,221.0
2019-07-29,2828500,620634247,221.5,217.0,219.5,0.5,2130,2379,218.5
2019-07-30,8998063,1897378793,219.5,207.0,209.0,-10.5,6099,2379,218.5
2019-07-31,7099056,1481545780,213.0,204.0,209.5,0.5,4757,2379,208.0
2019-08-01,9749879,2076794985,217.5,204.0,215.0,5.5,6350,2379,204.5
2019-08-02,10940986,2277593574,211.5,205.0,207.0,-8.0,6560,2379,205.0
2019-08-05,5364740,1104050440,209.5,202.5,203.5,-3.5,3700,2379,205.5
2019-08-06,4964588,1010364304,207.5,196.0,205.0,1.5,3652,2379,198.0
2019-08-07,3877483,800959998,210.0,204.0,204.5,-0.5,2894,2379,208.0
2019-08-08,2488696,516421964,209.0,205.0,209.0,4.5,1984,2379,205.0
2019-08-12,4071557,857842584,212.5,207.5,208.5,-0.5,2529,2379,209.0
2019-08-13,1559276,325390543,210.5,206.5,208.5,0.0,1169,2379,207.0
2019-08-14,3338596,699883372,213.0,207.0,207.0,-1.5,2268,2379,212.0
2019-08-15,6462415,1313129854,212.0,202.5,207.5,0.5,3023,2379,204.0
2019-08-16,2398343,497192501,210.0,206.0,206.0,-1.5,1710,2379,210.0
2019-08-19,3535235,742906585,213.0,206.5,211.0,5.0,2357,2379,207.5
2019-08-20,6003902,1303383234,219.0,211.5,217.0,6.0,4401,2379,211.5
2019-08-21,6281210,1338470117,219.5,210.5,211.0,-6.0,4210,2379,218.0
2019-08-22,3702069,791350655,216.5,211.5,212.5,1.5,2645,2379,213.0
2019-08-23,2307282,493517848,215.0,212.5,214.5,2.0,1766,2379,214.5
2019-08-26,4200095,874885165,212.0,206.5,206.5,-8.0,2713,2379,209.5
2019-08-27,7379704,1518800661,208.5,202.0,205.5,-1.0,4420,2379,205.5
2019-08-28,8003648,1617974896,205.0,200.0,203.0,-2.5,5211,2379,202.0
2019-08-29,7834352,1587374884,210.0,201.5,208.5,5.5,4320,2379,203.0
2019-08-30,6388995,1342852925,215.0,211.0,215.0,6.5,3933,2379,211.5
2019-09-02,3760333,821247594,221.0,215.5,218.0,3.0,2822,2379,217.5
2019-09-03,3911384,856336560,222.5,214.0,214.0,-4.0,2443,2379,221.0
2019-09-04,6590535,1418286700,221.0,216.5,220.0,6.0,3629,2379,218.0
2019-09-05,4203647,904137164,218.5,213.0,213.5,0.0,3180,2379,216.0
2019-09-06,3055396,663523036,219.0,215.5,216.5,3.0,2234,2379,216.5
2019-09-09,2256162,485652830,218.0,213.0,215.0,-1.5,1609,2379,217.5
2019-09-10,2957415,629049260,216.0,211.5,211.5,-3.5,1957,2379,214.0
2019-09-11,2293285,491276990,215.0,212.5,215.0,3.5,1521,2379,213.5
2019-09-12,2496449,539074035,217.0,215.0,215.5,0.5,1776,2379,217.0
2019-09-16,3309820,701983020,213.5,211.0,211.0,-4.5,2154,2379,213.5
2019-09-17,5153753,1118640401,220.0,210.0,218.0,7.0,3654,2379,210.5
2019-09-18,8078144,1793856968,226.5,219.0,222.0,4.0,5330,2379,221.0
2019-09-19,7085144,1594646256,228.0,221.0,224.0,2.0,5047,2379,224.0
2019-09-20,4088408,918117766,227.5,223.0,223.0,-1.0,2610,2379,226.5
2019-09-23,5194822,1173163594,228.0,220.5,228.0,5.0,3452,2379,221.0
2019-09-24,5883305,1341728540,230.0,225.5,228.5,0.5,4042,2379,230.0
2019-09-25,3585676,805639081,228.5,222.5,223.5,-5.0,2809,2379,226.5
2019-09-26,9717879,2255897928,234.5,227.0,233.5,10.0,6692,2379,227.5
2019-09-27,4568079,1058080170,236.0,228.5,230.0,-3.5,3346,2379,235.0
2019-10-01,5828005,1338298650,235.0,225.5,230.0,0.0,3869,2379,235.0
2019-10-02,5196784,1220039524,237.5,228.5,236.0,6.0,3591,2379,231.5
2019-10-03,5302035,1246913760,238.5,230.5,236.0,0.0,3897,2379,232.0
2019-10-04,9540952,2300812432,246.0,234.0,241.0,5.0,6445,2379,234.0
2019-10-07,6397476,1540453288,248.5,237.0,237.5,-3.5,4373,2379,246.0
2019-10-08,4896830,1148484297,238.5,232.0,233.5,-4.0,3289,2379,236.0
2019-10-09,4355376,1007121658,236.0,229.5,230.5,-3.0,2651,2379,233.0
2019-10-14,4798494,1103675132,234.5,228.0,228.0,-2.5,2996,2379,234.5
2019-10-15,4136631,954169499,234.5,227.5,228.0,0.0,2729,2379,230.0
2019-10-16,3270392,752796768,233.0,228.5,229.0,1.0,2187,2379,233.0
2019-10-17,4332153,1015138672,237.0,229.5,236.5,7.5,3094,2379,230.0
2019-10-18,4608584,1083761156,237.5,233.0,235.5,-1.0,1815,2379,237.0
2019-10-21,2948402,686672959,236.5,231.5,232.0,-3.5,1830,2379,236.0
2019-10-22,3832219,883974370,234.0,229.0,230.0,-2.0,2378,2379,232.0
2019-10-23,3427775,797297181,235.0,230.0,233.5,3.5,2442,2379,230.0
2019-10-24,4393718,1032554017,237.5,231.0,237.5,4.0,2646,2379,233.5
2019-10-25,4162897,970236207,237.5,230.0,230.0,-7.5,3081,2379,237.5
2019-10-28,2747444,635091064,233.0,230.0,230.5,0.5,2085,2379,232.0
2019-10-29,3598107,825264289,233.5,226.5,226.5,-4.0,2409,2379,233.0
2019-10-30,3115933,706510814,229.5,225.5,226.0,-0.5,2361,2379,228.0
2019-10-31,3355447,762648682,230.0,225.0,226.5,0.5,2183,2379,228.0
2019-11-01,3671027,839366210,231.0,226.0,229.0,2.5,2546,2379,228.0
2019-11-04,7368921,1658289225,229.5,223.0,224.0,-5.0,4993,2379,229.0
2019-11-05,5293269,1196026101,228.5,224.0,228.5,4.5,3661,2379,224.0
2019-11-06,4742151,1084945302,231.5,225.0,231.0,2.5,3295,2379,229.0
2019-11-07,6291492,1452172026,235.0,227.0,228.0,-3.0,3747,2379,232.0
2019-11-08,2335801,529198225,231.0,225.0,225.0,-3.0,1849,2379,230.0
2019-11-11,1905757,425746554,225.5,222.0,222.0,-3.0,1412,2379,225.5
2019-11-12,2336207,521736161,224.5,222.0,223.5,1.5,1613,2379,223.5
2019-11-13,1718462,388298988,227.5,223.0,225.5,2.0,1386,2379,223.5
2019-11-14,2836420,629701740,226.0,219.5,221.5,-4.0,2105,2379,225.0
2019-11-15,2998879,675340208,227.0,222.5,226.0,4.5,2176,2379,223.5
2019-11-18,1260676,285440776,228.0,224.0,227.0,1.0,972,2379,225.0
2019-11-19,4866555,1126433815,234.0,226.5,234.0,7.0,3538,2379,227.0
2019-11-20,3646278,842937440,235.5,229.0,230.5,-3.5,2483,2379,235.0
2019-11-21,2316337,527458673,230.5,225.0,228.0,-2.5,1679,2379,229.0
2019-11-22,3640718,846981376,235.5,228.0,232.5,4.5,2270,2379,230.5
2019-11-25,4620600,1088766800,240.0,232.0,233.0,0.5,3123,2379,235.0
2019-11-26,4472802,1044861168,236.0,231.0,234.5,1.5,2441,2379,232.0
2019-11-27,4219262,1000946856,239.0,234.5,238.5,4.0,3097,2379,236.0
2019-11-28,2750733,655770312,240.0,237.0,239.0,0.5,1871,2379,240.0
2019-11-29,2647120,616402646,239.0,230.0,230.5,-8.5,2102,2379,239.0
2019-12-02,3614214,815766245,231.5,223.0,225.5,-5.0,2472,2379,231.5
2019-12-03,1721785,390309265,228.5,224.0,227.0,1.5,1119,2379,225.0
2019-12-04,1635323,367170834,227.0,223.5,225.0,-2.0,1188,2379,227.0
2019-12-05,4298029,964184470,228.0,222.5,223.5,-1.5,2809,2379,226.0
2019-12-06,2317829,525262854,228.0,224.5,226.0,2.5,1642,2379,225.5
2019-12-09,2632154,606425985,232.5,227.5,230.5,4.5,2083,2379,228.5
2019-12-10,1678351,388682081,233.0,229.0,232.0,1.5,1401,2379,230.5
2019-12-11,3212164,746870712,234.0,231.0,233.5,1.5,1143,2379,232.5
2019-12-12,2272928,530958796,235.0,232.5,232.5,-1.0,1662,2379,235.0
2019-12-13,2467169,577271457,236.5,232.5,234.0,1.5,1675,2379,234.5
2019-12-16,3838651,910953938,239.0,233.5,239.0,5.0,2429,2379,236.0
2019-12-17,8929023,2197855687,250.0,240.0,250.0,11.0,5761,2379,240.0
2019-12-18,5458938,1350440186,251.5,244.5,248.0,-2.0,4012,2379,251.0
2019-12-19,4893489,1179818102,246.5,238.5,239.0,-9.0,3585,2379,246.0
2019-12-20,3019756,720402928,241.0,234.5,239.5,0.5,2094,2379,240.5
2019-12-23,1016688,242493744,240.5,237.0,238.0,-1.5,826,2379,239.5
2019-12-24,1490054,352310254,240.0,234.5,236.0,-2.0,1157,2379,240.0
2019-12-25,1996783,468986359,238.5,233.5,235.5,-0.5,1566,2379,237.5
2019-12-26,1434738,337094668,237.0,233.5,235.5,0.0,1124,2379,236.5
2019-12-27,1638644,391352916,240.0,236.0,239.0,3.5,1378,2379,237.5
2019-12-30,1746138,412042568,239.5,234.5,236.0,-3.0,1293,2379,239.5
2019-12-31,1963105,464205280,239.0,234.5,235.0,-1.0,1428,2379,235.0
2020-01-02,6697245,1648258515,250.0,237.0,248.5,13.5,4524,2379,237.0
2020-01-03,6732871,1673198879,253.5,242.0,250.0,1.5,5029,2379,251.0
2020-01-06,2144867,525948048,248.5,243.5,243.5,-6.5,1651,2379,247.5
2020-01-07,4679799,1114327863,247.0,234.5,235.5,-8.0,3135,2379,246.0
2020-01-08,3509637,833188440,240.5,232.0,237.0,1.5,2309,2379,233.5
2020-01-09,4002214,980450430,248.5,238.0,246.0,9.0,2984,2379,239.0
2020-01-10,2482186,612204442,249.5,243.0,248.0,2.0,1888,2379,245.0
2020-01-13,5206221,1319586797,258.0,246.0,257.5,9.5,3852,2379,249.0
2020-01-14,4914763,1273883380,261.5,256.0,261.5,4.0,3498,2379,257.0
2020-01-15,2589282,663179628,261.0,253.5,254.0,-7.5,2211,2379,260.0
2020-01-16,3367843,852397565,257.5,249.5,257.5,3.5,2615,2379,253.5
2020-01-17,7821520,2082772240,273.5,261.0,262.0,4.5,5603,2379,261.0
2020-01-20,2700700,708599338,267.0,260.0,260.5,-1.5,2263,2379,266.0
2020-01-30,5782947,1443858521,256.0,244.5,245.0,-15.5,4169,2379,254.5
2020-01-31,2967877,736212873,251.5,243.5,247.5,2.5,2299,2379,249.0
2020-02-03,4396811,1061018274,243.5,238.5,243.5,-4.0,2773,2379,241.5
2020-02-04,1841450,453171550,249.0,241.5,248.0,4.5,1400,2379,241.5
2020-02-05,2944824,723063880,250.5,243.0,244.0,-4.0,2158,2379,249.0
2020-02-06,6271960,1597337682,259.0,249.5,257.5,13.5,4414,2379,250.0
2020-02-07,3851757,967339378,254.0,249.0,249.5,-8.0,2833,2379,254.0
2020-02-10,2599649,638282469,249.0,243.0,245.0,-4.5,2202,2379,243.0
2020-02-11,1644099,407942151,250.0,246.0,248.0,3.0,1395,2379,248.0
2020-02-12,3249950,822802850,256.5,248.5,252.5,4.5,2432,2379,248.5
2020-02-13,1742214,440544428,254.0,251.0,253.0,0.5,1421,2379,254.0
2020-02-14,2465863,632890928,259.0,253.5,257.0,4.0,2066,2379,253.5
2020-02-17,1548483,395802182,258.0,253.0,254.0,-3.0,1241,2379,254.0
2020-02-18,1844718,465068936,255.5,249.0,252.0,-2.0,1362,2379,253.0
2020-02-19,1507600,382803400,256.5,251.0,254.5,2.5,1142,2379,251.5
2020-02-20,2212898,556128339,257.0,249.5,249.5,-5.0,1874,2379,256.0
2020-02-21,1619956,399572642,249.5,245.0,245.5,-4.0,1188,2379,249.0
2020-02-24,2746412,660206884,243.5,239.0,239.0,-6.5,1996,2379,242.0
2020-02-25,3744857,891954237,242.0,234.0,239.0,0.0,2476,2379,236.5
2020-02-26,4919986,1149990196,237.0,230.5,236.0,-3.0,3427,2379,233.0
2020-02-27,5600994,1282283650,235.0,225.0,225.0,-11.0,3345,2379,232.5
2020-03-02,6934998,1530392550,226.5,209.0,225.0,0.0,4168,2379,216.0
2020-03-03,5976179,1370795741,230.5,226.5,228.5,3.5,2550,2379,230.0
2020-03-04,3729071,851194759,231.0,223.5,229.0,0.5,2492,2379,228.5
2020-03-05,3424924,808211488,238.0,232.0,237.5,8.5,2311,2379,233.5
2020-03-06,3286581,777720697,238.5,235.0,236.0,-1.5,1803,2379,235.0
2020-03-09,3406254,783716779,232.5,227.5,229.5,-6.5,2478,2379,229.0
2020-03-10,3879147,888794663,231.0,227.0,228.0,-1.5,2281,2379,227.0
2020-03-11,4738007,1079149096,230.0,225.0,225.0,-3.0,2945,2379,227.5
2020-03-12,6824701,1428353529,221.5,203.0,205.0,-20.0,4198,2379,221.0
2020-03-13,6903533,1341033387,203.5,185.0,201.5,-3.5,4304,2379,186.0
2020-03-16,7348777,1425092576,201.0,187.0,187.0,-14.5,4835,2379,198.0
2020-03-17,6141506,1148090104,192.5,180.0,184.5,-2.5,3633,2379,181.0
2020-03-18,5435308,995527440,187.0,179.5,180.0,-4.5,3937,2379,182.5
2020-03-19,8599024,1426436388,175.0,162.0,162.0,-18.0,4826,2379,173.0
2020-03-20,6859117,1179963007,176.5,166.0,171.0,9.0,4650,2379,166.0
2020-03-23,5843346,991734467,173.5,162.0,168.5,-2.5,2674,2379,163.0
2020-03-24,5288915,944371870,182.0,174.5,178.0,9.5,3444,2379,175.0
2020-03-25,5869967,1127262697,195.5,185.0,191.0,13.0,4189,2379,185.0
2020-03-26,5385951,1073892095,205.0,191.5,201.0,10.0,3828,2379,197.5
2020-03-27,7167736,1480803436,210.0,200.0,201.0,0.0,5465,2379,207.5
2020-03-30,4308767,853736400,202.0,194.5,199.0,-2.0,2798,2379,197.5
2020-03-31,9692777,2071475745,218.5,201.0,218.5,19.5,5772,2379,201.0
2020-04-01,5583682,1201172766,220.5,210.0,213.0,-5.5,4089,2379,217.0
2020-04-06,3424130,744518600,221.0,214.0,220.0,7.0,2703,2379,220.5
2020-04-07,5036217,1110576318,224.5,218.5,219.5,-0.5,3716,2379,221.0
2020-04-08,3505643,764444954,221.5,216.5,218.0,-1.5,2474,2379,217.0
2020-04-09,3772017,821616723,221.5,215.0,219.0,1.0,2898,2379,218.0
2020-04-10,1618217,354429806,222.0,217.0,217.5,-1.5,1131,2379,221.0
2020-04-13,1948518,423025888,219.0,215.5,216.0,-1.5,1243,2379,217.0
2020-04-14,4430936,990148728,226.5,218.5,223.0,7.0,3240,2379,219.0
2020-04-15,2871136,645250660,227.5,222.0,224.5,1.5,2250,2379,225.5
2020-04-16,3577420,804095536,227.0,221.0,222.5,-2.0,2230,2379,224.0
2020-04-17,8672593,2014609674,238.5,226.5,230.5,8.0,5844,2379,227.5
2020-04-20,4531182,1059386485,237.0,230.0,233.0,2.5,3426,2379,232.5
2020-04-21,4157363,973848079,237.0,230.5,233.5,0.5,3238,2379,232.5
2020-04-22,7030855,1672861555,241.0,232.5,241.0,7.5,5029,2379,236.0
2020-04-23,4312348,1023448824,241.0,235.0,235.5,-5.5,3147,2379,241.0
2020-04-24,3329654,778245549,237.5,231.5,231.5,-4.0,2469,2379,234.0
2020-04-27,7131761,1706399118,243.0,236.0,236.0,4.5,4581,2379,237.5
2020-04-28,4009130,951737310,241.0,235.5,236.5,0.5,2587,2379,239.5
2020-04-29,6313917,1545812029,249.0,240.0,246.5,10.0,4790,2379,240.5
2020-04-30,6834278,1738809564,258.0,249.0,257.5,11.0,4966,2379,251.0
2020-05-04,10382327,2530018888,248.0,239.0,242.0,-15.5,7390,2379,244.0
2020-05-05,4178297,1013496122,245.5,239.0,242.0,0.0,3033,2379,244.0
2020-05-06,3190962,774613703,245.0,240.5,243.5,1.5,2359,2379,244.5
2020-05-07,5717242,1428906000,254.0,246.0,249.5,6.0,4427,2379,246.0
2020-05-08,4224875,1063149250,254.0,250.0,250.5,1.0,2883,2379,252.0
2020-05-11,1895977,476137750,253.5,250.0,250.0,-0.5,1440,2379,252.0
2020-05-12,3624795,893173070,252.0,243.5,244.0,-6.0,2817,2379,252.0
2020-05-13,4114462,1021631462,251.5,242.0,251.5,7.5,3008,2379,242.0
2020-05-14,2520079,629372513,253.5,246.0,246.0,-5.5,2142,2379,251.5
2020-05-15,4792061,1168070006,250.0,237.0,245.5,-0.5,3691,2379,248.0
2020-05-18,5391001,1348796250,253.0,242.0,250.0,4.5,3333,2379,248.0
2020-05-19,10665099,2777848844,266.0,253.5,256.0,6.0,8213,2379,253.5
2020-05-20,5811301,1491551954,261.5,252.0,255.5,-0.5,4257,2379,258.5
2020-05-21,5339761,1387144360,261.5,256.5,260.5,5.0,3806,2379,256.5
2020-05-22,6934133,1735097404,256.0,246.0,246.5,-14.0,4948,2379,250.0
2020-05-25,5238811,1282094939,248.0,239.5,247.0,0.5,3704,2379,246.5
2020-05-26,2708044,679942544,252.5,248.0,251.0,4.0,2113,2379,250.0
2020-05-27,1563530,393880000,254.5,250.0,251.0,0.0,1384,2379,253.0
2020-05-28,4503434,1148877868,256.5,253.0,254.5,3.5,3322,2379,255.0
2020-05-29,7441792,1929810836,262.0,253.5,258.5,4.0,4426,2379,256.0
2020-06-01,8738087,2346987903,272.0,263.0,269.5,11.0,5728,2379,263.0
2020-06-02,6636535,1785176810,271.5,265.0,268.0,-1.5,4408,2379,271.5
2020-06-03,2638115,704894090,271.0,265.5,266.0,-2.0,2016,2379,271.0
2020-06-04,2871605,772505640,273.5,266.5,268.0,2.0,2056,2379,269.0
2020-06-05,1630653,438210504,269.5,267.0,269.5,1.5,1259,2379,268.0
2020-06-08,4964278,1377128297,281.5,271.5,275.0,5.5,3643,2379,272.0
2020-06-09,2668501,725113011,275.0,268.0,271.0,-4.0,2094,2379,274.5
2020-06-10,1932329,528570471,275.0,270.0,273.5,2.5,1507,2379,272.0
2020-06-11,4010496,1107870912,281.0,271.0,273.5,0.0,2983,2379,273.0
2020-06-12,2847778,764141933,271.5,264.5,270.5,-3.0,2115,2379,266.5
2020-06-15,2917695,799696650,278.5,270.0,272.0,1.5,2221,2379,271.5
2020-06-16,4085646,1113388004,276.0,268.5,274.5,2.5,2747,2379,272.0
2020-06-17,6036889,1713275392,287.5,275.0,284.5,10.0,4738,2379,278.0
2020-06-18,2916027,836769722,290.5,283.0,286.0,1.5,2351,2379,287.0
2020-06-19,5569609,1641505046,298.0,289.0,295.0,9.0,4047,2379,290.0
2020-06-22,2949044,881085112,304.0,293.0,298.5,3.5,2434,2379,294.5
2020-06-23,3536330,1052868350,303.0,294.0,295.0,-3.5,2819,2379,302.0
2020-06-24,5332989,1628601634,310.0,297.0,306.5,11.5,4136,2379,299.5
2020-06-29,4483866,1341058568,304.5,297.0,297.5,-9.0,3467,2379,300.5
2020-06-30,3338195,1000597305,302.0,297.5,299.0,1.5,2245,2379,300.0
2020-07-01,6039155,1888898170,317.5,301.0,314.0,15.0,4726,2379,301.5
2020-07-02,5310183,1695450511,326.0,315.0,317.0,3.0,4057,2379,319.5
2020-07-03,7097551,2336440483,335.0,321.0,333.5,16.5,5226,2379,321.5
2020-07-06,6004631,2072578350,350.5,338.5,350.0,16.5,4498,2379,341.0
2020-07-07,7885255,2743356562,364.0,340.0,343.5,-6.5,6054,2379,358.0
2020-07-08,5562656,1952657068,357.0,345.0,354.0,10.5,4309,2379,346.5
2020-07-09,8905711,3276908244,377.5,358.0,367.5,13.5,6731,2379,362.0
2020-07-10,5637809,2048248795,377.0,355.0,359.5,-8.0,4534,2379,368.5
2020-07-13,4605479,1653799638,368.0,350.0,360.5,1.0,3577,2379,362.0
2020-07-14,4394101,1563206355,359.0,353.0,355.0,-5.5,2890,2379,359.0
2020-07-15,4405348,1558728800,364.0,348.0,350.0,-5.0,3084,2379,359.0
2020-07-16,2752750,973283750,359.0,349.5,350.5,0.5,2115,2379,352.5
2020-07-17,3535455,1223073065,354.5,341.0,342.5,-8.0,2669,2379,353.0
2020-07-20,2976740,1029745740,351.0,337.0,351.0,8.5,2131,2379,344.5
2020-07-21,4829363,1752812485,368.0,356.5,365.0,14.0,3725,2379,358.0
2020-07-22,3720538,1370123229,371.5,364.0,368.5,3.5,2742,2379,370.0
2020-07-23,3108293,1141407289,373.0,361.0,373.0,4.5,2469,2379,368.0
2020-07-24,3916220,1435257732,372.0,360.5,360.5,-12.5,3069,2379,370.0
2020-07-27,3282087,1200035081,371.0,360.5,365.0,4.5,2765,2379,361.0
2020-07-28,4002997,1465535420,374.0,358.5,362.0,-3.0,3164,2379,370.0
2020-07-29,1732879,625800198,365.5,357.0,362.0,0.0,1414,2379,358.0
2020-07-30,2067998,757990766,369.0,363.0,367.0,5.0,1598,2379,365.0
2020-07-31,5301644,1985081156,380.0,365.0,374.5,7.5,3994,2379,365.5
2020-08-03,7947840,3110577600,401.0,378.0,390.0,15.5,6220,2379,384.0
2020-08-04,5134138,2023416424,398.5,386.0,398.0,8.0,4186,2379,391.5
2020-08-05,7085776,2852425900,412.0,399.0,400.0,2.0,4317,2379,405.5
2020-08-06,10661625,4472174375,432.0,400.0,427.5,27.5,8387,2379,400.0
2020-08-07,9629502,3946176806,429.5,400.0,400.5,-27.0,7922,2379,421.5
2020-08-10,4445136,1800734444,412.0,400.0,404.0,3.5,3771,2379,401.5
2020-08-11,5410888,2224109722,420.0,404.5,408.5,4.5,4415,2379,407.0
2020-08-12,5100935,2019101955,407.5,390.5,392.5,-16.0,4216,2379,406.5
2020-08-13,4526995,1787440419,402.5,391.0,392.5,0.0,3430,2379,396.0
2020-08-14,4839784,1940820169,407.0,390.5,406.5,14.0,3659,2379,390.5
2020-08-17,2955141,1208026310,415.0,400.0,410.0,3.5,2478,2379,409.5
2020-08-18,9346268,3684338125,405.0,382.0,388.5,-21.5,6446,2379,402.0
2020-08-19,5173635,2076303058,406.0,393.5,402.5,14.0,3956,2379,396.0
2020-08-20,10035436,3846420724,400.0,368.0,373.0,-29.5,5291,2379,398.0
2020-08-21,6679070,2522646030,389.5,371.0,377.0,4.0,5301,2379,382.0
2020-08-24,3470663,1341113722,393.0,375.5,393.0,16.0,2732,2379,381.0
2020-08-25,3485708,1387703784,403.0,392.5,397.0,4.0,2814,2379,396.0
2020-08-26,2730448,1080360356,401.0,392.0,397.0,0.0,2300,2379,398.5
2020-08-27,2839297,1121661127,403.0,390.0,390.0,-7.0,2344,2379,400.0
2020-08-28,2164869,835817148,390.0,381.0,388.5,-1.5,1904,2379,385.0
2020-08-31,3699830,1429987792,398.0,380.0,380.0,-8.5,2532,2379,396.0
2020-09-01,3652809,1401850520,388.0,376.0,387.5,7.5,2403,2379,377.5
2020-09-02,3187016,1255034022,398.5,388.0,392.0,4.5,2398,2379,394.0
2020-09-03,4513815,1804386500,402.0,394.0,400.0,8.0,3639,2379,397.0
2020-09-04,6300711,2424983407,395.0,378.0,381.5,-18.5,5196,2379,390.5
2020-09-07,4484859,1739873215,395.0,379.0,381.5,0.0,3505,2379,391.0
2020-09-08,7111369,2655973875,382.5,367.0,370.0,0.0,5664,2379,381.0
2020-09-09,6520786,2348313960,372.0,355.0,356.0,-14.0,4884,2379,370.0
2020-09-10,4326161,1556095121,366.0,355.0,359.5,3.5,3512,2379,361.5
2020-09-11,4261180,1548760560,368.0,357.5,366.0,6.5,3088,2379,359.5
2020-09-14,3943274,1462161551,373.0,365.0,372.0,6.0,3219,2379,373.0
2020-09-15,3453296,1267237724,373.0,363.5,366.5,-5.5,2906,2379,373.0
2020-09-16,8005857,2995328089,380.0,368.0,375.5,9.0,5538,2379,369.0
2020-09-17,3525851,1311549572,378.5,369.0,370.5,-5.0,2907,2379,372.5
2020-09-18,5840820,2217205240,382.0,373.5,382.0,11.5,3217,2379,374.0
2020-09-21,3116354,1172399958,381.0,373.0,374.5,-7.5,2627,2379,378.5
2020-09-22,3063035,1135575450,374.5,367.0,370.5,-4.0,2218,2379,374.5
2020-09-23,2856491,1068946372,377.0,371.5,374.5,4.0,2123,2379,372.5
2020-09-24,3009523,1105632941,374.0,363.0,365.5,-9.0,2386,2379,371.5
2020-09-25,4279714,1527269542,369.0,349.0,351.5,-14.0,3345,2379,367.0
2020-09-28,5181915,1888182805,371.0,352.5,367.0,15.5,4017,2379,353.5
2020-09-29,2237368,825905556,375.0,366.0,367.0,0.0,1782,2379,375.0
2020-09-30,2923568,1075459687,372.0,362.0,368.5,1.5,2097,2379,370.0
2020-10-05,2841131,1050779018,376.0,366.5,368.0,-0.5,2131,2379,372.0
2020-10-06,2361842,879769233,374.5,370.5,373.5,5.5,1723,2379,374.0
2020-10-07,3098507,1170833646,381.0,372.0,379.0,5.5,2543,2379,374.0
2020-10-08,4791266,1823737980,386.5,375.0,380.5,1.5,3611,2379,383.5
2020-10-12,8732685,3444960096,401.5,385.0,394.5,14.0,6512,2379,386.5
2020-10-13,3380883,1322529298,396.0,387.0,390.5,-4.0,2657,2379,391.0
2020-10-14,3561877,1366326891,389.5,381.0,382.0,-8.5,2602,2379,388.5
2020-10-15,3191250,1202178000,381.5,374.0,378.0,-4.0,2541,2379,379.0
2020-10-16,2007446,753840804,380.0,372.5,374.0,-4.0,1757,2379,374.5
2020-10-19,1764143,662859625,378.5,372.0,375.0,1.0,1399,2379,376.0
2020-10-20,1653750,620900120,380.0,372.5,376.5,1.5,1366,2379,377.5
2020-10-21,1588395,596854020,379.0,373.5,375.5,-1.0,1199,2379,379.0
2020-10-22,5620301,2048795069,374.0,360.0,364.5,-11.0,4452,2379,374.0
2020-10-23,2599526,950921768,370.5,363.0,365.0,0.5,2002,2379,369.5
2020-10-26,1533609,562009643,369.5,363.0,364.0,-1.0,1427,2379,368.5
2020-10-27,1749607,634529685,366.0,358.0,365.5,1.5,1460,2379,361.0
2020-10-28,1571436,570629677,366.0,360.5,364.0,-1.5,1404,2379,363.0
2020-10-29,1476858,528606297,359.5,355.0,359.0,-5.0,1483,2379,359.0
2020-10-30,1800956,641477929,358.0,355.0,355.5,-3.5,1343,2379,357.5
2020-11-02,3755105,1306177272,355.0,344.5,348.0,-7.5,3161,2379,352.0
2020-11-03,3143419,1112305942,358.0,348.0,353.5,5.5,2601,2379,348.0
2020-11-04,7096865,2485201288,359.5,342.0,358.5,5.0,5271,2379,353.5
2020-11-05,3734263,1323699944,357.0,352.5,353.0,-5.5,2602,2379,356.5
2020-11-06,5052141,1831551513,368.0,353.0,361.5,8.5,4127,2379,353.0
2020-11-09,3844320,1399431780,372.0,360.5,362.0,0.5,2915,2379,362.5
2020-11-10,7527581,2648917728,367.0,346.0,348.5,-13.5,5642,2379,362.0
2020-11-11,8297633,2871739702,351.5,344.0,348.0,-0.5,4809,2379,348.5
2020-11-12,3617318,1274815398,356.0,349.0,353.0,5.0,2780,2379,350.0
2020-11-13,3388441,1217162455,363.0,352.0,362.5,9.5,2980,2379,352.5
2020-11-16,3336197,1224829743,369.0,364.5,369.0,6.5,2802,2379,367.5
2020-11-17,4318845,1620517498,380.5,371.0,372.0,3.0,3920,2379,374.0
2020-11-18,3469418,1304105664,378.0,372.0,378.0,6.0,2799,2379,373.5
2020-11-19,3568630,1361469209,386.0,378.0,381.0,3.0,2999,2379,381.5
2020-11-20,2325221,879575342,380.5,373.5,379.5,-1.5,2030,2379,379.0
2020-11-23,2228058,852000247,385.0,380.0,382.0,2.5,1853,2379,381.5
2020-11-24,4152889,1565270838,385.0,373.0,373.5,-8.5,3394,2379,385.0
2020-11-25,2845232,1052099934,375.5,366.5,367.5,-6.0,2528,2379,373.5
2020-11-26,1394524,519499108,374.5,369.5,374.5,7.0,1178,2379,370.5
2020-11-27,1974698,732281588,375.5,369.0,373.5,-1.0,1590,2379,375.0
2020-11-30,5365052,2009139259,380.5,371.0,371.0,-2.5,2886,2379,377.0
2020-12-01,2154545,812167838,379.0,371.0,378.5,7.5,1772,2379,371.5
2020-12-02,3911204,1508265421,389.5,382.0,386.0,7.5,3396,2379,382.0
2020-12-03,3286043,1268423687,395.0,379.0,383.5,-2.5,2869,2379,390.0
2020-12-04,3011527,1141260391,384.0,374.5,381.5,-2.0,2542,2379,384.0
2020-12-07,4752303,1819573811,386.5,378.5,386.5,5.0,2886,2379,383.0
2020-12-08,2830001,1102706698,392.0,387.0,389.0,2.5,2592,2379,388.0
2020-12-09,6143130,2470208321,410.0,391.5,409.0,20.0,5727,2379,394.0
2020-12-10,3411075,1366963197,408.0,394.5,398.0,-11.0,3471,2379,408.0
2020-12-11,3382059,1332688742,403.5,386.5,394.5,-3.5,3083,2379,402.0
2020-12-14,1743093,694486012,405.0,395.0,396.5,2.0,1596,2379,396.0
2020-12-15,1729612,674825170,395.5,387.0,389.0,-7.5,1757,2379,395.5
2020-12-16,2101722,826307361,395.0,390.0,392.0,3.0,1759,2379,390.0
2020-12-17,5568947,2255337005,412.0,394.5,405.0,13.0,4765,2379,394.5
2020-12-18,3484511,1423264384,413.0,403.5,408.0,3.0,2774,2379,407.5
2020-12-21,2787969,1137636136,419.5,398.5,407.0,-1.0,2612,2379,414.5
2020-12-22,1833867,734737905,408.5,395.0,395.5,-11.5,1916,2379,405.0
2020-12-23,912569,361637796,399.0,391.5,397.0,1.5,991,2379,395.5
2020-12-24,603015,239545575,400.0,395.0,396.5,-0.5,647,2379,400.0
2020-12-25,1282964,517444340,408.0,397.0,400.5,4.0,1254,2379,398.5
2020-12-28,1520464,606594093,406.0,396.0,397.0,-3.5,1520,2379,405.0
2020-12-29,3483169,1356386249,399.5,387.0,388.0,-9.0,3587,2379,397.5
2020-12-30,3160319,1223809841,392.5,381.5,391.5,3.5,3127,2379,388.5
2020-12-31,1908701,746367358,394.0,389.5,390.5,-1.0,1724,2379,392.0
2021-01-04,4030292,1576595284,394.5,388.5,388.5,-2.0,3085,2379,389.0
2021-01-05,3804534,1463920252,387.5,383.0,387.0,-1.5,2978,2379,386.0
2021-01-06,7777398,3116576426,409.0,387.0,403.5,16.5,6439,2379,387.0
2021-01-07,4558461,1853867282,412.0,403.0,405.5,2.0,3518,2379,407.5
2021-01-08,3620398,1446077003,405.0,391.0,400.0,-5.5,3342,2379,401.0
2021-01-11,8410188,3541392195,432.0,401.0,431.5,31.5,7587,2379,401.0
2021-01-12,6188893,2692121267,446.0,423.0,428.5,-3.0,5801,2379,434.5
2021-01-13,6113147,2713611923,449.5,435.0,445.0,16.5,5149,2379,436.0
2021-01-14,4512828,2019873742,455.5,439.0,445.0,0.0,3622,2379,445.0
2021-01-15,3898217,1743892533,455.5,442.0,444.0,-1.0,3031,2379,452.0
2021-01-18,5336030,2348979708,451.0,430.0,441.5,-2.5,3691,2379,448.0
2021-01-19,5308915,2458871426,475.0,443.0,469.0,27.5,5081,2379,445.0
2021-01-20,6050121,2851333221,483.5,462.0,473.5,4.5,4710,2379,466.5
2021-01-21,7146309,3525035777,501.0,477.0,497.5,24.0,6259,2379,477.0
2021-01-22,4289371,2148020703,512.0,490.0,496.0,-1.5,4398,2379,492.0
2021-01-25,3311092,1634230118,508.0,488.0,493.5,-2.5,3180,2379,496.0
2021-01-26,4022981,1972517796,503.0,478.0,480.0,-13.5,4693,2379,500.0
2021-01-27,5360688,2607761127,500.0,477.0,486.0,6.0,4706,2379,489.0
2021-01-28,5011990,2411584173,492.5,476.0,480.0,-6.0,3912,2379,476.0
2021-01-29,8140777,3768857904,485.0,451.5,451.5,-28.5,7285,2379,480.5
2021-02-01,3644357,1665029117,469.0,447.5,467.0,15.5,3714,2379,450.5
2021-02-02,4204056,2005286662,483.5,466.0,482.0,15.0,4131,2379,475.0
2021-02-03,6789962,3359953815,500.0,487.0,497.0,15.0,5908,2379,491.0
2021-02-04,5454769,2642542057,497.0,475.0,476.5,-20.5,5206,2379,497.0
2021-02-05,5690981,2825780305,505.0,482.0,495.0,18.5,5418,2379,486.0
2021-02-17,5983971,3077486231,524.0,506.0,515.0,20.0,6760,2379,510.0
2021-02-18,3067479,1556299529,517.0,503.0,507.0,-8.0,3351,2379,517.0
2021-02-19,4279344,2108455406,502.0,488.0,494.0,-13.0,4979,2379,498.0
2021-02-22,3746010,1832884077,499.0,485.0,487.5,-6.5,4616,2379,497.5
2021-02-23,5324613,2531637753,484.0,470.0,482.0,-5.5,6562,2379,483.0
2021-02-24,3089352,1482319301,488.5,473.0,478.0,-4.0,3556,2379,479.0
2021-02-25,2430001,1170993252,489.0,478.0,480.5,2.5,2331,2379,487.0
2021-02-26,4954276,2295189367,472.5,460.0,460.0,-20.5,6000,2379,470.0
2021-03-02,3588243,1690070262,478.0,465.5,466.0,6.0,3404,2379,471.5
2021-03-03,3738675,1720789769,471.5,455.0,462.5,-3.5,3534,2379,470.0
2021-03-04,5624502,2526621655,464.5,441.5,450.0,-12.5,5747,2379,461.0
2021-03-05,4583882,2080986214,459.5,440.5,458.5,8.5,4281,2379,446.0
2021-03-08,5468519,2475708156,469.0,443.0,444.0,-14.5,6124,2379,465.5
2021-03-09,4807778,2087503007,447.0,430.0,431.0,-13.0,4893,2379,441.0
2021-03-10,2875817,1246586841,439.0,431.0,433.0,2.0,2654,2379,437.0
2021-03-11,3203021,1409797744,444.5,432.0,444.0,11.0,3063,2379,433.0
2021-03-12,2651078,1185841021,454.0,442.0,442.5,-1.5,2899,2379,449.0
2021-03-15,1658966,736932059,448.0,440.0,442.0,-0.5,1838,2379,442.5
2021-03-16,3544652,1601126882,455.0,445.5,452.0,10.0,3338,2379,448.0
2021-03-17,3820927,1743334943,461.0,451.0,453.0,1.0,3909,2379,456.0
2021-03-18,3586611,1662623806,468.0,457.0,462.5,9.5,3610,2379,458.5
2021-03-19,3242314,1469790170,458.0,448.5,456.5,-6.0,2957,2379,458.0
2021-03-22,1879379,856261752,461.0,450.5,456.0,-0.5,1866,2379,456.5
2021-03-23,2185949,1005194766,465.0,457.0,458.5,2.5,2157,2379,457.0
2021-03-24,1789671,810757057,459.0,451.0,452.5,-6.0,1988,2379,455.0
2021-03-25,3084303,1418728171,467.0,448.5,466.5,14.0,3192,2379,450.0
2021-03-26,5715989,2745676257,485.5,468.0,484.5,18.0,7181,2379,470.5
2021-03-29,3234884,1582140845,495.0,485.5,489.5,5.0,3567,2379,491.0
2021-03-30,5538635,2763947295,503.0,490.5,502.0,12.5,5786,2379,496.5
2021-03-31,2374127,1177277685,502.0,492.5,494.0,-8.0,2591,2379,502.0
2021-04-01,2406210,1179942623,499.5,483.0,490.0,-4.0,2874,2379,496.0
2021-04-06,2960580,1494623980,509.0,496.5,507.0,17.0,4231,2379,500.0
2021-04-07,2271075,1136230803,505.0,494.0,504.0,-3.0,2641,2379,500.0
2021-04-08,2009083,1008165979,507.0,495.0,502.0,-2.0,2294,2379,495.0
2021-04-09,2178819,1095360953,511.0,497.5,499.0,-3.0,2284,2379,508.0
2021-04-12,3127337,1528498653,505.0,482.0,482.5,-16.5,3876,2379,505.0
2021-04-13,3393709,1678657795,504.0,485.5,488.0,5.5,3658,2379,486.0
2021-04-14,4220433,2095104890,507.0,485.0,497.5,9.5,4477,2379,495.5
2021-04-15,2129333,1058213914,501.0,491.0,500.0,2.5,2153,2379,497.0
2021-04-16,2392367,1190601512,502.0,493.0,499.0,-1.0,2695,2379,497.5
2021-04-19,2312231,1156208899,505.0,494.0,500.0,1.0,2358,2379,499.0
2021-04-20,2363499,1185301923,506.0,496.0,505.0,5.0,2389,2379,500.0
2021-04-21,4638510,2319074631,520.0,491.5,493.5,-11.5,4953,2379,510.0
2021-04-22,3346577,1673838673,505.0,494.5,500.0,6.5,3036,2379,496.0
2021-04-23,4498066,2298864260,519.0,497.0,519.0,19.0,4904,2379,500.0
2021-04-26,5547504,2942257441,546.0,514.0,530.0,11.0,5541,2379,531.0
2021-04-27,4155576,2240764100,548.0,532.0,537.0,7.0,3988,2379,534.0
2021-04-28,2769835,1485779262,542.0,528.0,538.0,1.0,2660,2379,534.0
2021-04-29,2323274,1244671477,541.0,532.0,532.0,-6.0,2155,2379,535.0
2021-05-03,2734786,1438563636,539.0,519.0,519.0,-13.0,3056,2379,528.0
2021-05-04,3850274,1936013380,524.0,490.0,507.0,-12.0,3864,2379,520.0
2021-05-05,2568279,1296280299,514.0,499.0,499.0,-8.0,2304,2379,508.0
2021-05-06,3947680,1994071316,521.0,498.5,513.0,14.0,3136,2379,504.0
2021-05-07,1882210,969448255,520.0,509.0,516.0,3.0,2065,2379,511.0
2021-05-10,1494652,762951838,521.0,500.0,504.0,-12.0,1668,2379,517.0
2021-05-11,4719723,2196775904,497.0,454.0,456.0,-48.0,6045,2379,493.0
2021-05-12,5765389,2510823748,459.0,410.5,436.0,-20.0,5974,2379,455.0
2021-05-13,5705258,2569967790,462.0,421.0,450.5,14.5,4975,2379,439.0
2021-05-14,3138491,1432045797,466.0,449.0,451.5,1.0,2889,2379,451.0
2021-05-17,2517132,1116286258,459.5,430.0,439.5,-12.0,2789,2379,440.0
2021-05-18,3907126,1821073754,481.0,446.0,470.0,30.5,3776,2379,446.0
2021-05-19,2534862,1164498521,475.0,453.5,455.5,-14.5,2755,2379,463.0
2021-05-20,2044110,920796750,459.0,445.0,450.0,-5.5,1924,2379,458.5
2021-05-21,2250359,1015815890,460.0,443.0,451.5,1.5,2063,2379,460.0
2021-05-24,1940904,873282870,458.5,441.0,452.5,1.0,1974,2379,450.0
2021-05-25,3942617,1838861101,474.5,454.0,469.0,16.5,3679,2379,457.0
2021-05-26,3916872,1887880790,493.0,465.5,485.5,16.5,3913,2379,469.0
2021-05-27,4874583,2372118730,489.5,477.0,489.5,4.0,2607,2379,484.0
2021-05-28,2213532,1100534139,502.0,487.0,497.0,7.5,2490,2379,487.0
2021-05-31,2224033,1109470755,504.0,490.0,499.0,2.0,2054,2379,499.0
2021-06-01,1734810,876487416,509.0,500.0,506.0,7.0,1836,2379,501.0
2021-06-02,2189385,1087889748,510.0,490.5,491.5,-14.5,2391,2379,510.0
2021-06-03,1436960,715728217,503.0,492.0,500.0,8.5,1401,2379,492.0
2021-06-04,763931,381546895,503.0,494.5,502.0,2.0,822,2379,495.0
2021-06-07,1812656,905866678,508.0,483.5,504.0,2.0,2141,2379,502.0
2021-06-08,1047948,531274246,512.0,501.0,502.0,-2.0,1247,2379,510.0
2021-06-09,1459117,730330314,506.0,496.0,497.5,-4.5,1374,2379,502.0
2021-06-10,2651901,1364793114,521.0,501.0,516.0,18.5,3043,2379,502.0
2021-06-11,994568,513619499,520.0,513.0,513.0,-3.0,1178,2379,520.0
2021-06-15,1723127,899112950,528.0,516.0,518.0,5.0,2015,2379,517.0
2021-06-16,1216517,630224844,523.0,512.0,516.0,-2.0,1354,2379,518.0
2021-06-17,1121688,579001980,523.0,509.0,519.0,3.0,1156,2379,511.0
2021-06-18,1962186,1018768800,525.0,516.0,516.0,-3.0,1346,2379,522.0
2021-06-21,1855371,931676507,513.0,497.0,499.5,-16.5,2296,2379,512.0
2021-06-22,2557525,1249931039,502.0,482.0,487.0,-12.5,2873,2379,491.0
2021-06-23,4579029,2222067587,495.0,481.0,484.0,-3.0,4469,2379,489.0
2021-06-24,4270546,2155408110,514.0,490.0,510.0,26.0,4260,2379,490.0
2021-06-25,1728895,867425206,510.0,496.0,496.5,-13.5,1968,2379,510.0
2021-06-28,966958,483505353,506.0,493.0,498.0,1.5,1146,2379,498.5
2021-06-29,1693506,857133928,511.0,501.0,501.0,3.0,1653,2379,502.0
2021-06-30,1427114,723041488,511.0,500.0,505.0,4.0,1317,2379,503.0
2021-07-01,2415993,1199152287,514.0,492.0,492.5,-12.5,2544,2379,514.0
2021-07-02,1735470,869221405,508.0,489.0,505.0,12.5,1790,2379,489.0
2021-07-05,2249766,1165521194,522.0,508.0,521.0,16.0,2615,2379,509.0
2021-07-06,992697,514378326,524.0,515.0,516.0,-5.0,1281,2379,524.0
2021-07-07,2208011,1154875531,527.0,512.0,523.0,7.0,2576,2379,517.0
2021-07-08,2100603,1102972658,530.0,517.0,524.0,1.0,2187,2379,522.0
2021-07-09,1633844,842308234,524.0,508.0,515.0,-9.0,1617,2379,520.0
2021-07-12,1126223,586061591,524.0,517.0,520.0,5.0,1076,2379,517.0
2021-07-13,2547422,1336420397,530.0,517.0,522.0,2.0,2297,2379,520.0
2021-07-14,1140062,592837526,524.0,517.0,521.0,-1.0,1048,2379,517.0
2021-07-15,2856264,1528769484,540.0,522.0,538.0,17.0,3219,2379,523.0
2021-07-16,1728973,932880877,545.0,529.0,545.0,7.0,1887,2379,532.0
2021-07-19,3813035,2120304623,565.0,535.0,560.0,15.0,4110,2379,539.0
2021-07-20,2204266,1225452964,565.0,548.0,552.0,-8.0,2199,2379,556.0
2021-07-21,3290740,1883336975,586.0,558.0,569.0,17.0,3355,2379,560.0
2021-07-22,3040457,1734836991,581.0,563.0,569.0,0.0,2548,2379,570.0
2021-07-23,3313593,1881131342,577.0,558.0,560.0,-9.0,2954,2379,577.0
2021-07-26,4325100,2488691581,588.0,563.0,567.0,7.0,3951,2379,588.0
2021-07-27,8166744,4963478133,621.0,583.0,613.0,46.0,7270,2379,585.0
2021-07-28,4819279,2826886638,599.0,575.0,587.0,-26.0,5113,2379,597.0
2021-07-29,4422176,2612498753,605.0,572.0,599.0,12.0,4152,2379,598.0
2021-07-30,3368622,1996034335,603.0,587.0,588.0,-11.0,2579,2379,594.0
2021-08-02,1897760,1114388102,598.0,581.0,590.0,2.0,1651,2379,594.0
2021-08-03,3292284,1963970007,609.0,582.0,600.0,10.0,2507,2379,607.0
2021-08-04,1772013,1067072707,608.0,592.0,602.0,2.0,1773,2379,600.0
2021-08-05,1810234,1099274694,613.0,601.0,610.0,8.0,1863,2379,609.0
2021-08-06,2376782,1441711728,621.0,597.0,603.0,-7.0,2304,2379,614.0
2021-08-09,1565498,923376363,598.0,585.0,586.0,-17.0,1951,2379,595.0
2021-08-10,2003290,1166168261,594.0,575.0,582.0,-4.0,1977,2379,590.0
2021-08-11,2262626,1282934043,580.0,556.0,563.0,-19.0,2663,2379,580.0
2021-08-12,1752124,986589062,573.0,556.0,563.0,0.0,1773,2379,556.0
2021-08-13,2287391,1254428177,563.0,542.0,542.0,-21.0,2880,2379,560.0
2021-08-16,1692183,915548043,551.0,530.0,545.0,3.0,2005,2379,538.0
2021-08-17,1728023,925299349,549.0,529.0,529.0,-16.0,1949,2379,547.0
2021-08-18,2446237,1313204340,552.0,510.0,551.0,22.0,2416,2379,510.0
2021-08-19,3064460,1612397854,542.0,517.0,517.0,-34.0,3300,2379,537.0
2021-08-20,2567952,1381617646,547.0,522.0,537.0,20.0,2476,2379,530.0
2021-08-23,1616756,891007800,557.0,540.0,552.0,15.0,1659,2379,543.0
2021-08-24,1936780,1070187654,558.0,548.0,550.0,-2.0,1419,2379,556.0
2021-08-25,1272956,702414826,560.0,549.0,550.0,0.0,999,2379,559.0
2021-08-26,1812560,983365344,551.0,536.0,542.0,-8.0,1775,2379,551.0
2021-08-27,1544692,831344807,543.0,532.0,540.0,-2.0,1589,2379,535.0
2021-08-30,1467278,804798840,558.0,542.0,548.0,8.0,1439,2379,545.0
2021-08-31,1595264,878575746,556.0,543.0,554.0,6.0,1264,2379,548.0
2021-09-01,3110832,1769867143,584.0,557.0,577.0,23.0,2980,2379,564.0
2021-09-02,2058781,1166326514,580.0,566.0,566.0,-11.0,1961,2379,570.0
2021-09-03,2055565,1118319252,574.0,558.0,565.0,-1.0,1379,2379,570.0
2021-09-06,5031749,2879167362,575.0,553.0,557.0,-8.0,1655,2379,575.0
2021-09-07,1843922,1007251411,563.0,540.0,546.0,-11.0,2031,2379,563.0
2021-09-08,1574778,832454845,541.0,520.0,525.0,0.0,1989,2379,536.0
2021-09-09,1423033,748189024,534.0,516.0,525.0,0.0,1428,2379,518.0
2021-09-10,2205691,1171834405,539.0,523.0,537.0,12.0,1915,2379,523.0
2021-09-13,1178584,629167241,541.0,532.0,534.0,-3.0,1127,2379,537.0
2021-09-14,1323657,701323123,539.0,525.0,529.0,-5.0,1338,2379,536.0
2021-09-15,1897250,987314464,533.0,516.0,517.0,-12.0,2016,2379,526.0
2021-09-16,1328255,688018954,525.0,513.0,518.0,1.0,1469,2379,515.0
2021-09-17,2516020,1312161553,530.0,513.0,524.0,6.0,2034,2379,519.0
2021-09-22,4489817,2194350450,505.0,480.0,488.5,-35.5,5541,2379,504.0
2021-09-23,2718284,1381815462,517.0,492.5,509.0,20.5,2670,2379,492.5
2021-09-24,3350093,1718356226,529.0,503.0,508.0,-1.0,3073,2379,510.0
2021-09-27,1881949,965396945,518.0,502.0,513.0,5.0,1804,2379,510.0
2021-09-28,1022906,515406099,512.0,501.0,502.0,-11.0,1159,2379,508.0
2021-09-29,3626932,1754206222,491.5,477.0,486.0,-16.0,4337,2379,489.0
2021-09-30,2339527,1153609425,497.5,482.5,495.5,9.5,1802,2379,486.0
2021-10-01,2647683,1266588939,487.5,471.0,476.5,-19.0,3369,2379,485.5
2021-10-04,2381123,1110272854,482.0,460.5,465.0,-11.5,2702,2379,480.0
2021-10-05,4617269,2126615979,473.0,445.0,469.0,4.0,4162,2379,446.0
2021-10-06,2554073,1217425407,483.5,469.0,474.5,5.5,2665,2379,479.0
2021-10-07,3179758,1537781243,497.0,483.0,492.0,17.5,2646,2379,484.0
2021-10-08,2853935,1388609620,497.5,478.0,480.5,-11.5,2559,2379,488.0
2021-10-12,3347772,1568011657,479.5,462.0,464.0,-16.5,3138,2379,474.0
2021-10-13,3208632,1452167371,468.0,447.5,448.5,-15.5,3727,2379,456.5
2021-10-14,2675084,1232787983,464.0,453.0,461.5,13.0,2353,2379,458.0
2021-10-15,2869387,1350652489,476.0,465.0,469.0,7.5,2560,2379,466.5
2021-10-18,1673947,780880874,477.0,460.0,462.0,-7.0,1595,2379,474.0
2021-10-19,2629946,1255241414,481.5,465.0,478.0,16.0,2249,2379,468.5
2021-10-20,2120385,1017952943,486.0,474.5,475.0,-3.0,2020,2379,480.0
2021-10-21,1917768,917130387,485.0,473.0,474.0,-1.0,1758,2379,473.0
2021-10-22,1332722,632585443,478.0,469.0,475.0,1.0,1231,2379,475.0
2021-10-25,3334422,1619337058,495.0,478.0,486.0,11.0,2953,2379,481.0
2021-10-26,3131851,1526907168,492.5,483.5,487.0,1.0,2108,2379,486.0
2021-10-27,2170934,1075151919,502.0,486.5,500.0,13.0,2095,2379,490.0
2021-10-28,1965071,981014354,504.0,494.0,500.0,0.0,1843,2379,495.5
2021-10-29,2457121,1228504693,504.0,494.0,499.0,-1.0,2104,2379,502.0
2021-11-01,2999833,1502223651,509.0,492.0,500.0,1.0,2569,2379,503.0
2021-11-02,2250705,1118927630,505.0,491.0,491.5,-8.5,2132,2379,503.0
2021-11-03,1511907,738214885,498.0,484.5,489.5,-2.0,1637,2379,498.0
2021-11-04,1555033,757885321,496.5,481.5,485.5,-4.0,1469,2379,496.5
2021-11-05,2757889,1370783312,504.0,488.0,499.5,14.0,2186,2379,488.0
2021-11-08,1034362,519761535,505.0,497.5,505.0,5.5,1247,2379,502.0
2021-11-09,2315809,1191154477,521.0,506.0,511.0,6.0,2457,2379,508.0
2021-11-10,2280196,1180983730,525.0,511.0,519.0,8.0,2104,2379,515.0
2021-11-11,1389516,722417218,523.0,511.0,522.0,3.0,1361,2379,516.0
2021-11-12,1588836,832398705,530.0,518.0,523.0,1.0,1597,2379,526.0
2021-11-15,2478562,1333977752,545.0,527.0,542.0,19.0,2749,2379,528.0
2021-11-16,1666750,909699682,550.0,536.0,549.0,7.0,2055,2379,545.0
2021-11-17,2222949,1225961845,560.0,545.0,550.0,1.0,2484,2379,550.0
2021-11-18,1130400,621250643,553.0,546.0,549.0,-1.0,1294,2379,552.0
2021-11-19,1180608,647317686,556.0,545.0,547.0,-2.0,1452,2379,550.0
2021-11-22,733655,403265810,553.0,548.0,548.0,1.0,854,2379,550.0
2021-11-23,1870463,1015165367,547.0,535.0,544.0,-4.0,1933,2379,543.0
2021-11-24,814559,442787697,547.0,538.0,542.0,-2.0,999,2379,544.0
2021-11-25,978715,534273711,553.0,540.0,544.0,2.0,1186,2379,544.0
2021-11-26,1719001,923832860,549.0,533.0,534.0,-10.0,1965,2379,541.0
2021-11-29,2135467,1135779051,540.0,521.0,536.0,2.0,2242,2379,528.0
2021-11-30,3557094,1949460207,555.0,537.0,555.0,19.0,2208,2379,545.0
2021-12-01,1447440,793464667,551.0,542.0,549.0,-6.0,1584,2379,546.0
2021-12-02,1386008,766488932,558.0,549.0,554.0,5.0,1459,2379,549.0
2021-12-03,1266934,703562893,558.0,550.0,555.0,1.0,1340,2379,554.0
2021-12-06,2992658,1713308076,580.0,558.0,577.0,22.0,4190,2379,560.0
2021-12-07,3232341,1846518060,581.0,559.0,565.0,-12.0,4916,2379,577.0
2021-12-08,2115250,1206190986,579.0,565.0,565.0,0.0,2071,2379,576.0
2021-12-09,933952,525018940,570.0,558.0,558.0,-7.0,1156,2379,565.0
2021-12-10,960689,531457677,557.0,548.0,554.0,-4.0,1142,2379,555.0
2021-12-13,558094,310774485,561.0,552.0,556.0,2.0,659,2379,558.0
2021-12-14,1200525,658403594,555.0,544.0,545.0,-11.0,1449,2379,553.0
2021-12-15,1061404,583301509,555.0,541.0,553.0,8.0,1136,2379,545.0
2021-12-16,1890380,1070300939,573.0,553.0,569.0,16.0,2037,2379,558.0
2021-12-17,2036207,1154446786,575.0,562.0,567.0,-2.0,1579,2379,568.0
2021-12-20,1587713,886139424,571.0,552.0,553.0,-14.0,2126,2379,568.0
2021-12-21,1261964,715305772,574.0,556.0,569.0,16.0,1309,2379,558.0
2021-12-22,891580,511046288,576.0,566.0,573.0,4.0,1065,2379,573.0
2021-12-23,1474972,844948393,584.0,567.0,572.0,-1.0,1867,2379,579.0
2021-12-24,932808,529041284,578.0,563.0,564.0,-8.0,1156,2379,575.0
2021-12-27,985453,567409227,579.0,567.0,576.0,12.0,1301,2379,569.0
2021-12-28,916325,533674320,585.0,577.0,583.0,7.0,1284,2379,578.0
2021-12-29,630837,365063657,584.0,576.0,578.0,-5.0,927,2379,582.0
2021-12-30,585181,339122912,583.0,575.0,580.0,2.0,721,2379,578.0
2022-01-03,1956065,1131153745,594.0,571.0,573.0,-7.0,2007,2379,589.0
2022-01-04,2501707,1405123218,580.0,556.0,558.0,-15.0,3337,2379,576.0
2022-01-05,1860504,1040654855,565.0,556.0,563.0,5.0,1677,2379,556.0
2022-01-06,2932109,1625797711,565.0,548.0,555.0,-8.0,2548,2379,560.0
2022-01-07,2274586,1262253312,566.0,548.0,555.0,0.0,1845,2379,563.0
2022-01-10,1986933,1104130948,562.0,548.0,557.0,2.0,1302,2379,553.0
2022-01-11,3637036,1994504840,562.0,539.0,543.0,-14.0,3345,2379,558.0
2022-01-12,2767629,1501344215,553.0,539.0,543.0,0.0,1947,2379,553.0
2022-01-13,1876779,1013665777,546.0,534.0,540.0,-3.0,1693,2379,538.0
2022-01-14,1637786,871190627,539.0,527.0,532.0,-8.0,1773,2379,538.0
2022-01-17,1267005,677229280,539.0,527.0,536.0,4.0,1428,2379,527.0
2022-01-18,1547977,839379189,547.0,536.0,537.0,1.0,1654,2379,539.0
2022-01-19,1334352,722614389,545.0,533.0,541.0,4.0,1446,2379,535.0
2022-01-20,1272460,688421331,547.0,534.0,540.0,-1.0,1237,2379,534.0
2022-01-21,1874305,1017798498,546.0,537.0,544.0,4.0,1798,2379,538.0
2022-01-24,1602014,859112815,543.0,530.0,535.0,-9.0,1674,2379,540.0
2022-01-25,1962851,1047164684,542.0,527.0,531.0,-4.0,2328,2379,530.0
2022-01-26,1502378,799259665,540.0,526.0,526.0,-5.0,2031,2379,533.0
2022-02-07,3059832,1562530232,531.0,503.0,506.0,-20.0,3632,2379,525.0
2022-02-08,2432891,1246026405,518.0,504.0,514.0,8.0,2455,2379,511.0
2022-02-09,4694656,2369063190,517.0,491.0,511.0,-3.0,4309,2379,491.0
2022-02-10,2629295,1337541075,514.0,505.0,510.0,-1.0,2663,2379,506.0
2022-02-11,3092763,1559963568,510.0,500.0,504.0,-6.0,2945,2379,505.0
2022-02-14,2699172,1326102387,501.0,486.0,487.5,-16.5,4285,2379,500.0
2022-02-15,2381077,1170857049,496.0,488.0,490.0,2.5,2430,2379,490.0
2022-02-16,2610737,1311384835,507.0,496.0,503.0,13.0,2666,2379,497.0
2022-02-17,2496425,1232300447,505.0,489.0,489.0,-14.0,4017,2379,505.0
2022-02-18,2553026,1231568237,486.5,479.0,483.0,-6.0,3753,2379,482.0
2022-02-21,2808604,1341504185,484.5,470.0,481.5,-1.5,3258,2379,478.0
2022-02-22,3011090,1421919847,480.0,465.5,476.0,-5.5,3744,2379,465.5
2022-02-23,2569482,1212904473,479.0,468.5,472.0,-4.0,3271,2379,476.0
2022-02-24,3960595,1812101257,466.5,450.0,455.0,-17.0,6253,2379,462.0
2022-02-25,5421797,2456276243,463.5,447.5,456.0,1.0,5031,2379,455.0
2022-03-01,3354616,1591058256,478.5,468.0,474.5,18.5,3456,2379,475.0
2022-03-02,1483063,696368667,473.0,465.0,472.0,-2.5,1792,2379,473.0
2022-03-03,2571893,1236586380,486.5,476.5,477.5,5.5,2679,2379,477.0
2022-03-04,1804100,846473403,473.0,466.0,466.5,-11.0,2737,2379,473.0
2022-03-07,2741731,1230781496,459.0,445.0,449.0,-17.5,4233,2379,459.0
2022-03-08,1997847,894150622,455.5,440.0,448.0,-1.0,2503,2379,440.0
2022-03-09,2352715,1063433712,456.5,448.0,451.0,3.0,2249,2379,448.0
2022-03-10,2075390,967608465,470.0,461.0,469.0,18.0,2206,2379,462.0
2022-03-11,1249402,582575344,470.5,462.0,466.0,-3.0,1357,2379,466.0
2022-03-14,1260774,586527878,474.5,460.5,465.0,-1.0,1413,2379,471.0
2022-03-15,2215605,1000693994,464.0,446.5,447.5,-17.5,2816,2379,463.5
2022-03-16,2390830,1062092131,456.5,440.0,445.0,-2.5,2703,2379,455.0
2022-03-17,3186682,1450439020,460.5,450.0,455.0,10.0,2954,2379,459.0
2022-03-18,2964945,1349591008,461.0,451.0,455.0,0.0,2317,2379,460.0
2022-03-21,1243311,570942249,462.0,456.5,459.5,4.5,1360,2379,458.0
2022-03-22,1213308,556539148,464.5,456.0,457.5,-2.0,1546,2379,464.5
2022-03-23,1956214,894314565,462.5,454.5,457.5,0.0,2317,2379,457.5
2022-03-24,2140203,963056266,455.5,447.5,452.5,-5.0,2648,2379,455.5
2022-03-25,1986110,890481276,453.5,446.0,446.0,-6.5,2479,2379,450.0
2022-03-28,2663446,1151119964,442.0,428.5,430.5,-15.5,4073,2379,441.0
2022-03-29,2037117,878680825,437.0,428.0,432.5,2.0,2560,2379,435.0
2022-03-30,1734047,750204361,436.5,430.0,432.5,0.0,2047,2379,436.0
2022-03-31,1426751,615372238,434.5,429.0,430.5,-2.0,1293,2379,429.5
2022-04-01,3563573,1489707797,424.0,415.0,417.0,-13.5,5378,2379,424.0
2022-04-06,3135202,1297764094,419.0,403.5,413.0,-4.0,3974,2379,416.0
2022-04-07,2008495,824550995,417.0,406.0,407.5,-5.5,3985,2379,410.0
2022-04-08,2777986,1132950229,414.0,405.0,407.0,-0.5,2876,2379,410.5
2022-04-11,2154410,861472915,412.5,394.5,396.0,-11.0,4348,2379,412.0
2022-04-12,2532596,1001479013,401.5,387.0,396.0,0.0,3172,2379,388.0
2022-04-13,3207162,1319616957,417.5,400.0,413.5,17.5,4263,2379,401.0
2022-04-14,1941209,804804436,417.5,409.5,416.0,2.5,2642,2379,414.0
2022-04-15,1887004,759310101,409.5,398.0,398.0,-18.0,2955,2379,409.0
2022-04-18,1438522,581478669,407.5,394.0,405.5,7.5,2488,2379,397.0
2022-04-19,2987188,1206223543,411.0,400.0,400.0,-5.5,3462,2379,408.0
2022-04-20,2357949,956791732,409.5,402.5,405.0,5.0,2159,2379,403.0
2022-04-21,2137078,866492999,409.0,401.0,406.0,1.0,3015,2379,401.0
2022-04-22,3098854,1225594885,399.0,393.0,395.0,-11.0,4165,2379,396.5
2022-04-25,4082349,1578996929,392.5,380.0,392.0,-3.0,4825,2379,386.0
2022-04-26,2683216,1033839163,393.5,380.0,381.0,-11.0,4452,2379,392.0
2022-04-27,2465707,932145719,384.5,370.0,382.5,1.5,2985,2379,370.5
2022-04-28,2537789,997480664,399.0,383.0,395.0,12.5,3685,2379,386.0
2022-04-29,3243292,1315917730,410.0,400.0,407.5,12.5,3919,2379,404.0
2022-05-03,1264401,509438041,408.5,398.5,403.0,-4.5,2887,2379,404.0
2022-05-04,1271130,513343246,406.0,402.0,405.0,2.0,1829,2379,404.0
2022-05-05,3152122,1305562461,417.0,410.0,415.0,10.0,4088,2379,410.0
2022-05-06,1809910,738200849,412.5,402.0,409.0,-6.0,3034,2379,404.5
2022-05-09,1324539,540217272,411.5,403.0,408.0,-1.0,1840,2379,404.5
2022-05-10,2250492,926847137,416.5,400.0,414.5,6.5,3076,2379,404.0
2022-05-11,2039351,847486620,421.0,412.5,415.0,0.5,3158,2379,414.0
2022-05-12,2815451,1159694779,418.5,407.5,410.5,-4.5,3592,2379,408.0
2022-05-13,2084479,868464155,419.5,414.5,416.5,6.0,3057,2379,417.0
2022-05-16,4834018,2070648507,437.5,422.5,427.0,10.5,4864,2379,424.0
2022-05-17,2969480,1275694092,435.0,420.5,431.5,4.5,4065,2379,423.5
2022-05-18,3039327,1314524396,436.0,429.5,432.0,0.5,3825,2379,433.0
2022-05-19,3756066,1645992669,443.0,425.5,441.5,9.5,4668,2379,426.0
2022-05-20,2533250,1111776249,444.5,435.5,437.5,-4.0,3407,2379,443.0
2022-05-23,2256537,976239529,438.0,426.0,430.5,-7.0,2599,2379,433.5
2022-05-24,1620184,693944828,437.5,422.0,422.0,-8.5,1896,2379,430.5
2022-05-25,1453440,625221912,434.5,423.5,429.0,7.0,1883,2379,424.5
2022-05-26,2956932,1238659319,429.0,412.5,417.5,-11.5,3862,2379,429.0
2022-05-27,1996159,853148979,430.0,422.0,429.5,12.0,1935,2379,423.0
2022-05-30,2877607,1270864835,444.5,434.0,443.5,14.0,2872,2379,436.0
2022-05-31,2600347,1153216342,445.0,438.5,445.0,1.5,2214,2379,438.5
2022-06-01,2191148,984183530,453.0,441.0,446.0,1.0,2309,2379,443.0
2022-06-02,1778239,787719181,445.5,439.5,441.5,-4.5,1786,2379,443.0
2022-06-06,2030768,900684964,448.5,432.5,448.5,7.0,2454,2379,443.5
2022-06-07,1456163,648420256,450.5,440.5,444.5,-4.0,1580,2379,444.0
2022-06-08,1862940,838888661,456.5,446.0,451.0,6.5,1970,2379,452.0
2022-06-09,1089348,489331674,451.5,446.0,450.0,-1.0,1100,2379,447.5
2022-06-10,992193,441521458,448.5,441.5,445.5,-4.5,1418,2379,443.0
2022-06-13,2075047,902413257,438.0,431.0,433.5,-12.0,2638,2379,437.0
2022-06-14,2364193,1008087913,430.0,421.5,428.5,-5.0,2532,2379,428.0
2022-06-15,1271122,544596257,432.0,423.0,426.0,-2.5,1506,2379,423.0
2022-06-16,1801057,783400592,443.5,422.0,429.5,3.5,1825,2379,435.0
2022-06-17,2894833,1217772779,432.0,410.0,432.0,2.5,2656,2379,417.0
2022-06-20,2584079,1067779072,428.5,404.0,404.5,-27.5,3420,2379,428.5
2022-06-21,1714274,712187267,419.5,409.5,419.0,14.5,1664,2379,409.5
2022-06-22,2647899,1063949876,418.0,394.0,395.0,-24.0,3467,2379,418.0
2022-06-23,4455469,1705558673,397.0,365.0,381.0,-14.0,5056,2379,391.0
2022-06-24,2576709,978036933,391.0,373.0,375.0,-6.0,2825,2379,391.0
2022-06-27,3458444,1350371261,399.0,381.5,388.0,13.0,3151,2379,385.5
2022-06-28,2251667,848789172,387.0,372.0,376.5,-11.5,2865,2379,385.5
2022-06-29,1960139,730826961,378.5,368.0,374.5,-2.0,2074,2379,368.0
2022-06-30,2949260,1066722951,369.0,356.5,363.0,-11.5,3150,2379,367.5
2022-07-01,2330471,823798597,364.5,346.0,347.0,-16.0,2549,2379,364.0
2022-07-04,4070209,1402977432,358.0,337.0,339.5,-7.5,3453,2379,347.0
2022-07-05,5948377,1933399969,345.5,314.5,324.0,-15.5,5834,2379,343.5
2022-07-06,5425486,1718899309,325.0,311.5,313.0,-11.0,5280,2379,324.0
2022-07-07,4971341,1616334345,332.0,317.0,328.0,15.0,5007,2379,319.5
2022-07-08,4592962,1545299593,344.0,327.0,335.0,7.0,4148,2379,334.0
2022-07-11,2068693,686264638,339.5,327.0,330.5,-4.5,3363,2379,338.0
2022-07-12,5571846,1730386445,318.0,303.5,313.5,-17.0,6340,2379,317.5
2022-07-13,2985349,946667693,324.5,313.5,313.5,0.0,3539,2379,324.5
2022-07-14,2718822,862538154,321.5,308.5,320.0,6.5,3430,2379,310.0
2022-07-15,4734053,1561623301,339.5,316.5,332.5,12.5,5139,2379,324.0
2022-07-18,4238034,1452720843,346.0,334.5,346.0,13.5,3811,2379,335.5
2022-07-19,3505367,1191813168,343.5,338.5,339.0,-7.0,3077,2379,341.0
2022-07-20,5554603,1980792810,362.0,348.5,354.0,15.0,5064,2379,350.0
2022-07-21,4279287,1562421834,371.5,355.5,371.5,17.5,3817,2379,356.5
2022-07-22,3610489,1336279321,374.0,366.0,369.0,-2.5,3299,2379,372.5
2022-07-25,2934708,1072283898,372.5,361.5,362.0,-7.0,2988,2379,370.5
2022-07-26,3275335,1151314966,359.0,346.0,352.5,-9.5,3461,2379,359.0
2022-07-27,2593027,902862573,355.5,342.0,355.5,3.0,2488,2379,351.5
2022-07-28,3412555,1212226593,361.0,351.0,354.0,-1.5,3116,2379,359.0
2022-07-29,6416275,2211427129,353.5,341.5,342.0,-12.0,6122,2379,343.0
2022-08-01,4264668,1455857587,350.0,329.5,347.0,5.0,3884,2379,338.5
2022-08-02,4044758,1364933651,344.0,333.0,339.0,-8.0,3421,2379,344.0
2022-08-03,3510160,1192084930,344.0,332.0,343.0,4.0,2582,2379,332.5
2022-08-04,2072161,705982954,345.5,336.0,344.0,1.0,2109,2379,340.5
2022-08-05,2114140,743642427,354.0,348.0,352.0,8.0,2069,2379,349.5
2022-08-08,2201326,772343614,356.0,347.0,349.5,-2.5,2252,2379,348.5
2022-08-09,1937828,666019832,348.0,339.5,344.0,-5.5,2072,2379,348.0
2022-08-10,3905184,1296023636,339.0,329.0,329.5,-14.5,4018,2379,338.0
2022-08-11,2785922,938688321,338.5,335.0,336.5,7.0,2163,2379,335.5
2022-08-12,3300944,1134398714,352.0,335.0,349.5,13.0,2787,2379,336.0
2022-08-15,3417406,1234062909,366.5,354.0,363.0,13.5,3447,2379,357.5
2022-08-16,2158092,781928699,368.5,357.5,361.0,-2.0,2419,2379,366.5
2022-08-17,1586344,571257375,363.0,356.5,361.0,0.0,1781,2379,361.0
2022-08-18,1930973,694693144,365.5,354.0,365.0,4.0,1861,2379,356.5
2022-08-19,1832870,670269125,369.5,363.0,364.5,-0.5,1755,2379,366.0
2022-08-22,1272584,459531362,365.0,356.5,361.0,-3.5,1402,2379,358.5
2022-08-23,1583784,560883844,358.0,352.5,352.5,-8.5,1869,2379,357.5
2022-08-24,2691468,931644490,356.5,342.0,343.5,-9.0,2921,2379,353.5
2022-08-25,2013910,702118043,354.0,346.0,350.0,6.5,1940,2379,346.0
2022-08-26,2284568,808450860,356.5,350.0,353.5,3.5,2016,2379,353.0
2022-08-29,2123089,726236477,346.0,339.0,342.0,-11.5,2761,2379,343.0
2022-08-30,2038800,703089933,348.0,342.0,343.0,1.0,1808,2379,345.0
2022-08-31,1795767,618283374,347.0,340.0,346.0,3.0,1744,2379,342.0
2022-09-01,3276728,1100077379,342.0,331.5,333.0,-13.0,4233,2379,341.0
2022-09-02,2054982,686540504,337.5,332.0,332.5,-0.5,2078,2379,335.5
2022-09-05,2918054,965844192,338.5,328.5,331.0,-1.5,2186,2379,328.5
2022-09-06,5082063,1698275336,346.5,327.5,330.0,-1.0,4033,2379,338.5
2022-09-07,4644964,1492081902,326.0,316.5,319.5,-10.5,4304,2379,326.0
2022-09-08,4045408,1319170519,331.5,319.5,331.5,12.0,3191,2379,326.5
2022-09-12,5358383,1670012636,314.5,309.5,313.0,0.0,3689,2379,310.0
2022-09-13,4300875,1363192783,323.0,315.0,317.5,4.5,2621,2379,315.0
2022-09-14,4262448,1348769312,322.0,308.0,321.5,4.0,5562,2379,310.0
2022-09-15,2315049,737314321,322.0,315.5,315.5,-6.0,2787,2379,322.0
2022-09-16,2935204,929988069,318.5,312.0,318.5,3.0,1947,2379,313.0
2022-09-19,4837208,1488008484,318.5,303.5,306.0,-12.5,4929,2379,318.5
2022-09-20,3361603,1021805414,310.5,300.5,305.0,-1.0,3526,2379,309.5
2022-09-21,2929923,888309771,306.0,300.5,305.5,0.5,2700,2379,301.5
2022-09-22,2773500,838062951,305.5,299.0,305.5,0.0,2537,2379,301.5
2022-09-23,2196283,669991411,309.5,302.0,303.5,-2.0,2151,2379,305.0
2022-09-26,4761286,1405849120,300.5,290.0,294.5,-9.0,4829,2379,300.5
2022-09-27,5384734,1556038105,295.5,286.0,289.0,-5.5,4471,2379,294.0
2022-09-28,5571299,1543855748,290.5,270.0,271.5,-17.5,5451,2379,290.0
2022-09-29,5290159,1423168424,278.5,264.0,266.0,-5.5,4871,2379,277.0
2022-09-30,5188626,1376400030,271.5,257.0,270.0,4.0,3947,2379,259.0
2022-10-03,2872788,769073389,273.5,260.5,269.0,-1.0,3421,2379,265.0
2022-10-04,3681180,1026985224,285.0,275.5,278.5,9.5,3409,2379,278.0
2022-10-05,5294405,1498033166,288.0,277.5,279.5,1.0,5846,2379,282.0
2022-10-06,3634768,1019105153,287.0,277.0,278.5,-1.0,3460,2379,281.0
2022-10-07,6476342,1714031040,274.0,259.5,259.5,-19.0,7499,2379,274.0
2022-10-11,5795306,1440132353,253.0,245.0,247.0,-12.5,5695,2379,249.0
2022-10-12,7030049,1704270523,248.0,238.5,242.0,-5.0,5957,2379,246.0
2022-10-13,6892828,1637724845,243.5,232.5,234.0,-8.0,4925,2379,239.0
2022-10-14,5509047,1353816791,251.0,239.5,246.0,12.0,4287,2379,242.0
2022-10-17,3107713,760891171,251.0,238.0,251.0,5.0,4570,2379,241.0
2022-10-18,4554261,1138787297,256.0,245.0,252.0,1.0,4247,2379,254.0
2022-10-19,2855117,723807970,257.5,250.0,251.5,-0.5,2834,2379,250.0
2022-10-20,4900249,1227219102,253.5,246.0,253.0,1.5,4828,2379,247.0
2022-10-21,3276655,833743891,258.5,250.0,252.5,-0.5,2885,2379,252.5
2022-10-24,3731430,977052052,265.0,258.0,260.0,7.5,3205,2379,259.0
2022-10-25,4621795,1168000615,259.0,247.5,251.5,-8.5,4703,2379,258.5
2022-10-26,3400302,861400505,257.5,249.5,254.5,3.0,2744,2379,251.5
2022-10-27,3035220,779512763,260.0,254.5,256.5,2.0,3027,2379,255.0
2022-10-28,3636987,925891635,258.0,249.0,255.5,-1.0,4241,2379,256.0
2022-10-31,7792232,1942259943,256.0,240.0,255.0,-0.5,6115,2379,250.0
2022-11-01,5887787,1533536439,266.0,251.0,259.5,4.5,6078,2379,253.0
2022-11-02,3879464,1017423028,265.5,257.0,262.0,2.5,4039,2379,262.0
2022-11-03,3251118,855649312,266.5,257.0,264.0,2.0,3129,2379,257.5
2022-11-04,2350551,623444209,267.5,261.5,267.0,3.0,2799,2379,265.0
2022-11-07,3731582,1014673414,275.0,266.5,274.0,7.0,3594,2379,270.5
2022-11-08,4505788,1227123639,279.5,266.5,268.0,-6.0,5244,2379,275.0
2022-11-09,4686739,1316138435,285.0,272.0,284.0,16.0,4656,2379,272.0
2022-11-10,3224233,911469263,286.5,280.0,283.0,-1.0,4368,2379,285.0
2022-11-11,6670416,2003761780,308.0,291.5,300.5,17.5,6840,2379,301.0
2022-11-14,6689485,2058157952,311.0,303.0,307.5,7.0,6853,2379,305.0
2022-11-15,5484457,1725166076,318.0,305.5,315.0,7.5,7811,2379,308.0
2022-11-16,5096067,1625535585,322.5,313.0,322.0,7.0,4657,2379,318.0
2022-11-17,2588270,828352821,323.5,317.0,322.5,0.5,2821,2379,320.5
2022-11-18,2476785,800442699,328.5,319.0,321.0,-1.5,4757,2379,323.5
2022-11-21,3380626,1102046818,328.5,323.0,325.0,4.0,3634,2379,325.0
2022-11-22,4191567,1344587063,324.0,314.5,323.5,-1.5,4620,2379,323.0
2022-11-23,4680284,1541904825,333.0,325.0,327.0,3.5,6223,2379,330.5
2022-11-24,8872868,3010508839,350.0,324.0,343.0,16.0,7539,2379,332.5
2022-11-25,7995094,2685432918,348.0,330.5,330.5,-12.5,6883,2379,344.5
2022-11-28,6236813,2021059874,328.0,318.5,321.5,-9.0,4874,2379,319.0
2022-11-29,7272001,2279934144,317.5,307.0,314.5,-7.0,6135,2379,309.0
2022-11-30,8581682,2699591742,317.0,310.0,317.0,2.5,6059,2379,315.0
2022-12-01,6481722,2133508204,334.5,321.5,333.0,16.0,5749,2379,323.0
2022-12-02,5392152,1760610984,331.0,323.0,326.0,-7.0,8505,2379,324.5
2022-12-05,5457026,1772247664,328.5,321.0,322.5,-3.5,4749,2379,324.0
2022-12-06,7921014,2467129018,320.0,304.0,305.5,-17.0,8230,2379,318.0
2022-12-07,4954719,1493223003,307.5,297.0,297.5,-8.0,5058,2379,305.5
2022-12-08,3712580,1089314425,297.0,291.0,292.5,-5.0,4114,2379,293.5
2022-12-09,3622045,1082257132,302.0,295.5,299.5,7.0,3418,2379,297.0
2022-12-12,2812095,837381878,301.0,293.0,299.5,0.0,2509,2379,296.0
2022-12-13,3643419,1071914969,297.0,292.0,292.5,-7.0,3687,2379,295.5
2022-12-14,4180353,1243107541,301.5,291.0,301.5,9.0,3523,2379,293.0
2022-12-15,3356546,1014792685,306.5,298.5,302.0,0.5,2961,2379,298.5
2022-12-16,6881645,2024046728,297.0,293.0,293.0,-9.0,4010,2379,295.0
2022-12-19,5577840,1639275279,296.0,289.0,294.0,1.0,2903,2379,291.5
2022-12-20,5870086,1700723102,297.5,286.5,286.5,-7.5,3627,2379,291.5
2022-12-21,5141516,1472207472,290.5,284.5,285.5,-1.0,2774,2379,288.0
2022-12-22,4736051,1376909216,296.0,289.0,290.5,5.0,2146,2379,291.0
2022-12-23,1351501,388879041,290.5,284.5,289.0,-1.5,1348,2379,286.5
2022-12-26,1419765,406327464,291.0,283.0,286.5,-2.5,1618,2379,291.0
2022-12-27,1904304,558975122,296.5,288.5,293.0,6.5,2055,2379,289.0
2022-12-28,2753365,783384018,290.5,282.5,283.0,-10.0,3158,2379,290.5
2022-12-29,1151240,324956930,285.0,279.0,282.5,-0.5,1234,2379,279.5
2022-12-30,1457623,414182921,288.0,281.0,281.0,-1.5,1500,2379,288.0
2023-01-03,1553152,444333070,290.0,280.0,289.0,8.0,1538,2379,282.0
2023-01-04,1384482,401611178,293.5,287.0,289.0,0.0,2079,2379,288.5
2023-01-05,1421693,413082516,294.5,287.5,289.0,0.0,1640,2379,290.0
2023-01-06,5165562,1560113014,307.0,289.0,307.0,18.0,5293,2379,289.0
2023-01-09,6303305,1997628949,321.0,310.0,321.0,14.0,7606,2379,315.5
2023-01-10,4384315,1416005667,327.0,320.5,323.5,2.5,3960,2379,321.5
2023-01-11,2211568,711786841,325.0,319.0,323.0,-0.5,3124,2379,323.5
2023-01-12,2172921,703588054,326.5,321.0,323.0,0.0,2606,2379,323.0
2023-01-13,4697325,1513549953,333.0,316.5,317.5,-5.5,12452,2379,328.0
2023-01-16,1474136,473802557,324.0,319.0,321.0,3.5,2042,2379,321.0
2023-01-17,2238704,710757276,323.0,315.0,316.5,-4.5,8199,2379,321.5
2023-01-30,5569816,1800980034,326.0,320.0,323.5,7.0,5364,2379,324.0
2023-01-31,3362337,1075656707,323.0,317.0,320.0,-3.5,3278,2379,321.5
2023-02-01,4018982,1310621804,329.5,321.5,329.5,9.5,3294,2379,323.0
2023-02-02,5488651,1877514897,347.0,333.5,347.0,17.5,5908,2379,333.5
2023-02-03,3812037,1326694386,352.0,343.0,348.0,1.0,3995,2379,348.0
2023-02-06,3359746,1130590560,345.0,332.0,333.0,-15.0,4246,2379,345.0
2023-02-07,2264733,755440421,336.5,330.0,334.0,1.0,2236,2379,333.0
2023-02-08,7063538,2520473989,364.5,339.0,364.5,30.5,7519,2379,340.0
2023-02-09,3300971,1193048672,364.0,357.5,361.5,-3.0,3376,2379,362.0
2023-02-10,3059098,1090006412,361.0,352.0,357.0,-4.5,3263,2379,360.0
2023-02-13,4044071,1401632685,353.0,342.5,345.0,-12.0,5164,2379,352.0
2023-02-14,2835423,998655630,356.0,347.0,355.0,10.0,2880,2379,349.0
2023-02-15,3391192,1198196089,359.5,349.5,353.5,-1.5,3120,2379,352.5
2023-02-16,3830795,1368965200,361.0,353.5,359.5,6.0,3471,2379,353.5
2023-02-17,2367715,848866113,361.5,355.5,359.5,0.0,2013,2379,355.5
2023-02-20,5219661,1917560260,372.0,360.5,368.0,8.5,4701,2379,363.0
2023-02-21,5216648,1945015599,378.0,369.0,370.5,2.5,4642,2379,370.0
2023-02-22,5215204,1932433184,375.0,366.5,370.5,0.0,4574,2379,370.0
2023-02-23,8828826,3392171356,395.0,376.0,382.5,12.0,8092,2379,378.0
2023-02-24,4138971,1584086752,390.0,376.5,380.0,-2.5,4155,2379,389.0
2023-03-01,2885931,1090609498,380.5,372.0,379.0,-1.0,2842,2379,375.0
2023-03-02,2506490,949145585,382.5,373.0,380.0,1.0,2841,2379,380.5
2023-03-03,1648427,627072069,385.0,378.0,379.5,-0.5,2051,2379,383.0
2023-03-06,3972789,1544054205,392.5,384.0,388.0,8.5,4123,2379,385.0
2023-03-07,1847820,714476035,390.0,382.5,387.5,-0.5,2263,2379,390.0
2023-03-08,1700281,652565195,388.0,380.0,387.0,-0.5,2077,2379,382.5
2023-03-09,2939820,1152113792,394.0,388.5,390.5,3.5,3096,2379,389.0
2023-03-10,2828952,1079405722,386.0,378.0,379.5,-11.0,3536,2379,384.5
2023-03-13,2855093,1094421669,387.0,375.5,386.0,6.5,2919,2379,376.5
2023-03-14,2539879,965118513,384.0,377.0,379.0,-7.0,2488,2379,381.0
2023-03-15,3261570,1265055840,394.0,381.5,384.0,5.0,3251,2379,382.5
2023-03-16,2847765,1108245945,392.0,381.0,392.0,8.0,3160,2379,381.0
2023-03-17,4357313,1744379826,405.0,397.5,397.5,5.5,3848,2379,399.5
2023-03-20,2089485,822881469,401.0,390.5,391.5,-6.0,3101,2379,400.5
2023-03-21,3080108,1198572038,396.0,385.0,389.0,-2.5,3138,2379,395.0
2023-03-22,2236808,882762025,398.0,392.5,393.5,4.5,2491,2379,393.0
2023-03-23,1447418,572070133,397.0,392.0,396.5,3.0,1632,2379,393.0
2023-03-24,2540790,1009794170,400.5,395.0,396.0,-0.5,2953,2379,397.5
2023-03-27,1661193,655434009,398.0,392.5,393.0,-3.0,2087,2379,396.0
2023-03-28,3863513,1476503967,395.0,378.5,380.0,-13.0,5088,2379,395.0
2023-03-29,2762108,1052174428,388.0,376.5,379.5,-0.5,3054,2379,387.0
2023-03-30,1508921,576427315,383.5,379.5,382.5,3.0,1823,2379,379.5
2023-03-31,2478044,958411084,391.0,382.0,387.5,5.0,2962,2379,385.0
2023-04-06,2034669,776365304,386.0,379.5,380.0,-7.5,3341,2379,384.5
2023-04-07,860659,327440439,384.0,379.0,379.0,-1.0,1275,2379,384.0
2023-04-10,1377367,522325458,384.5,377.5,378.5,-0.5,1856,2379,380.0
2023-04-11,2343224,898234365,386.5,376.5,385.0,6.5,2352,2379,380.5
2023-04-12,2106641,816775601,392.0,384.0,387.0,2.0,2206,2379,387.0
2023-04-13,1839225,706239047,387.0,381.5,383.0,-4.0,1749,2379,385.0
2023-04-14,2643595,1023441016,392.0,382.5,389.0,6.0,2441,2379,385.0
2023-04-17,3250350,1282460866,400.0,385.0,400.0,11.0,3217,2379,388.5
2023-04-18,2784102,1101771845,402.0,392.0,392.5,-7.5,2924,2379,397.0
2023-04-19,2403305,934207189,396.0,385.0,387.0,-5.5,2914,2379,394.0
2023-04-20,2291520,879557842,388.0,379.0,385.0,-2.0,2457,2379,382.0
2023-04-21,5613404,2098363815,384.0,366.5,367.0,-18.0,6199,2379,383.0
2023-04-24,4580184,1687859616,372.0,365.0,367.0,0.0,3609,2379,365.5
2023-04-25,6719662,2360593976,370.0,343.0,344.5,-22.5,7054,2379,370.0
2023-04-26,4054026,1386581475,346.0,336.5,345.0,0.5,4052,2379,346.0
2023-04-27,4485875,1598990313,361.0,345.5,359.0,14.0,4353,2379,350.0
2023-04-28,3684805,1320167643,364.0,352.0,359.0,0.0,3403,2379,356.5
2023-05-02,2320690,841067904,365.5,353.0,363.5,4.5,2241,2379,358.5
2023-05-03,1251316,457844879,368.5,362.5,368.0,4.5,1385,2379,363.5
2023-05-04,2480962,925097022,375.5,368.0,373.5,5.5,2403,2379,368.0
2023-05-05,2026724,745573252,373.0,365.5,366.0,-7.5,2471,2379,373.0
2023-05-08,3211521,1192665747,377.0,367.5,369.0,3.0,2722,2379,373.0
2023-05-09,1997742,727289765,372.5,359.0,364.5,-4.5,2171,2379,371.5
2023-05-10,1770871,650935581,372.0,362.0,368.5,4.0,1781,2379,362.0
2023-05-11,2128612,791773507,375.5,367.0,373.0,4.5,1926,2379,368.5
2023-05-12,2083468,765025182,371.0,363.0,369.0,-4.0,2080,2379,369.0
2023-05-15,1220225,449313037,371.0,364.5,368.0,-1.0,1343,2379,370.0
2023-05-16,1626342,608768495,375.5,370.5,374.0,6.0,1896,2379,372.5
2023-05-17,1884803,707259345,378.5,373.0,374.5,0.5,2120,2379,376.0
2023-05-18,1904285,712348827,379.0,372.0,373.5,-1.0,2228,2379,379.0
2023-05-19,1756529,659693154,377.5,373.0,376.0,2.5,1496,2379,377.0
2023-05-22,1168658,439103585,377.0,373.5,375.5,-0.5,1409,2379,376.0
2023-05-23,1536626,574059592,377.0,372.5,373.0,-2.5,1767,2379,376.0
2023-05-24,1400981,519253073,373.0,366.0,372.0,-1.0,1634,2379,373.0
2023-05-25,1792203,667469160,376.5,370.0,370.5,-1.5,1803,2379,370.0
2023-05-26,2564230,969038906,380.0,371.0,379.0,8.5,3034,2379,371.0
2023-05-29,3599017,1396757673,393.5,383.5,388.0,9.0,4025,2379,385.0
2023-05-30,3058799,1161331451,388.0,376.0,378.0,-10.0,3840,2379,388.0
2023-05-31,2992594,1145277469,387.0,378.5,382.0,4.0,2124,2379,381.0
2023-06-01,2479738,946340416,385.0,379.0,380.5,-1.5,1550,2379,385.0
2023-06-02,2337106,898235797,387.5,382.0,387.0,6.5,2300,2379,384.0
2023-06-05,1690464,654841926,389.5,384.0,386.5,-0.5,1862,2379,387.0
2023-06-06,1964794,768701260,393.5,387.5,392.0,5.5,2413,2379,391.0
2023-06-07,3090201,1235028110,402.0,396.5,401.5,9.5,3773,2379,397.0
2023-06-08,2727000,1080153076,402.0,391.0,395.0,-6.5,3318,2379,402.0
2023-06-09,2675818,1075211199,404.5,396.5,403.0,8.0,2987,2379,399.0
2023-06-12,2002495,806770574,410.0,399.0,404.0,1.0,2735,2379,410.0
2023-06-13,2568189,1055111570,415.5,404.5,414.5,10.5,3291,2379,406.5
2023-06-14,1715402,700053788,417.0,405.0,407.0,-7.5,2374,2379,417.0
2023-06-15,2205430,899688173,412.5,405.5,407.0,0.0,2322,2379,412.0
2023-06-16,3026911,1213376618,408.0,399.0,401.0,-6.0,3143,2379,408.0
2023-06-19,895170,358530044,402.5,396.0,400.0,-1.0,1179,2379,399.0
2023-06-20,2418368,953159140,401.5,392.0,392.0,-8.0,3443,2379,401.5
2023-06-21,2413103,939285956,395.0,387.0,391.0,-1.0,2677,2379,395.0
2023-06-26,1432738,554593550,390.0,383.5,387.5,-3.5,1821,2379,387.0
2023-06-27,1709087,664048367,393.5,385.0,388.0,0.5,2015,2379,387.5
2023-06-28,1401744,542146781,392.5,383.5,387.0,-1.0,1771,2379,392.5
2023-06-29,1300538,510194377,395.0,388.0,393.0,6.0,1514,2379,390.0
2023-06-30,2572540,990700185,394.0,381.0,387.5,-5.5,2711,2379,391.0
2023-07-03,1158377,454241464,394.5,389.5,392.0,4.5,1376,2379,390.0
2023-07-04,1494173,588025357,396.0,389.0,393.5,1.5,1658,2379,391.0
2023-07-05,2282107,887208469,395.0,385.5,387.5,-6.0,2564,2379,393.5
2023-07-06,3075303,1187543314,390.5,381.0,385.0,-2.5,2788,2379,383.5
2023-07-07,2063993,790568180,386.5,381.0,383.0,-2.0,2108,2379,385.0
2023-07-10,1880897,714587773,382.5,378.0,379.0,-4.0,2229,2379,379.0
2023-07-11,1408733,548754031,391.5,382.5,390.5,11.5,1680,2379,383.0
2023-07-12,1634146,643416013,396.0,386.5,394.5,4.0,1884,2379,387.5
2023-07-13,2551707,1026286983,406.0,396.0,399.5,5.0,2815,2379,396.0
2023-07-14,3230059,1326933450,415.0,405.5,408.0,8.5,3573,2379,409.0
2023-07-17,1872272,762067216,410.5,402.0,408.5,0.5,1991,2379,408.0
2023-07-18,3761574,1561120938,418.0,409.0,417.5,9.0,3899,2379,414.0
2023-07-19,3888910,1617590975,420.0,411.5,415.0,-2.5,3338,2379,417.0
2023-07-20,2351545,966418957,413.5,408.0,410.5,-4.5,2337,2379,412.5
2023-07-21,3913217,1603617353,415.0,399.0,415.0,4.5,3563,2379,404.0
2023-07-24,3497317,1421905863,411.5,403.0,406.5,-8.5,3391,2379,411.5
2023-07-25,1692125,687131189,410.0,403.5,404.0,-2.5,2114,2379,409.0
2023-07-26,2333514,937357554,409.0,398.0,399.5,-4.5,3011,2379,409.0
2023-07-27,2356665,966267842,413.0,401.5,409.5,10.0,2518,2379,401.5
2023-07-28,4064005,1709400664,429.5,405.0,423.5,14.0,4962,2379,406.5
2023-07-31,4791437,2070510761,438.0,425.0,430.5,7.0,5602,2379,430.0
2023-08-01,2078009,891329455,432.5,423.0,432.5,2.0,2564,2379,429.5
2023-08-02,5637694,2481724648,450.0,433.5,439.0,6.5,6854,2379,435.0
2023-08-04,4777664,2047540253,437.0,423.0,428.0,-11.0,5501,2379,432.5
2023-08-07,4158167,1719267342,422.0,408.0,415.0,-13.0,7780,2379,421.0
2023-08-08,3004132,1237027231,420.5,409.0,410.0,-5.0,3171,2379,413.0
2023-08-09,2070642,845630444,414.5,403.5,407.0,-3.0,2566,2379,413.0
2023-08-10,4027924,1606429394,404.5,396.0,398.5,-8.5,3828,2379,401.0
2023-08-11,2040374,811873548,402.0,394.0,398.0,-0.5,2243,2379,398.5
2023-08-14,2317245,940352389,408.0,398.0,408.0,10.0,2407,2379,398.0
2023-08-15,1873518,760605832,413.0,403.0,404.0,-4.0,2490,2379,410.0
2023-08-16,2005766,820265061,411.5,401.0,411.0,7.0,2101,2379,402.0
2023-08-17,1346608,548834832,410.5,404.0,407.5,-3.5,1510,2379,405.0
2023-08-18,2645264,1095648503,418.5,405.0,417.5,10.0,2832,2379,405.5
2023-08-21,2455769,1030363701,427.5,413.0,417.0,-0.5,3338,2379,427.5
2023-08-22,1619944,667612702,420.0,408.5,412.0,-5.0,3395,2379,419.0
2023-08-23,947626,391111852,415.0,408.5,415.0,3.0,1169,2379,412.0
2023-08-24,2132099,900534653,426.0,413.0,425.5,10.5,2634,2379,413.0
2023-08-25,1730953,741171162,432.0,421.5,430.0,4.5,2185,2379,422.0
2023-08-28,1916651,821571132,433.0,424.0,427.0,-3.0,2373,2379,430.0
2023-08-29,2619739,1106204526,430.0,418.0,424.5,-2.5,7593,2379,430.0
2023-08-30,3124458,1329979997,433.5,422.0,425.5,1.0,4301,2379,426.0
2023-08-31,4830598,2030800467,430.0,418.0,418.0,-7.5,3010,2379,429.0
2023-09-01,3047412,1293152230,427.5,418.5,426.5,8.5,2566,2379,425.0
2023-09-04,2597625,1120058094,435.0,421.0,435.0,8.5,2632,2379,429.0
2023-09-05,4491901,1978863218,449.0,429.5,449.0,14.0,4594,2379,429.5
2023-09-06,3531720,1596767341,458.0,443.0,448.5,-0.5,3495,2379,458.0
2023-09-07,2772144,1236380778,448.0,441.0,446.0,-2.5,2340,2379,446.5
2023-09-08,3742754,1660760843,446.0,438.5,445.5,-0.5,3730,2379,445.0
2023-09-11,9640354,4025447434,421.0,404.0,405.0,0.0,6156,2379,421.0
2023-09-12,3480087,1393265945,409.0,397.5,401.0,-4.0,4098,2379,409.0
2023-09-13,4314189,1704350918,400.0,392.0,395.0,-6.0,4826,2379,399.0
2023-09-14,2532744,1033209462,411.0,399.0,411.0,16.0,2993,2379,399.0
2023-09-15,3079502,1280745567,419.0,412.0,416.0,5.0,2680,2379,413.0
2023-09-18,2255786,944526860,423.0,410.5,418.0,2.0,2340,2379,413.5
2023-09-19,2973157,1227837775,422.0,407.0,414.0,-4.0,3382,2379,420.0
2023-09-20,2621404,1064681252,414.5,402.5,404.0,-10.0,3593,2379,412.5
2023-09-21,4946813,1929537554,396.0,386.0,390.0,-14.0,7074,2379,392.0
2023-09-22,1623923,631979708,393.5,383.0,392.5,2.5,2551,2379,389.0
2023-09-25,4800802,1950417998,416.0,395.0,405.0,12.5,4981,2379,398.5
2023-09-26,1651302,658882005,403.5,397.0,398.0,-7.0,2265,2379,402.5
2023-09-27,2355249,922500762,396.5,389.0,392.5,-5.5,3313,2379,393.0
2023-09-28,1378726,545122593,398.0,392.5,395.0,2.5,1664,2379,392.5
2023-10-02,1125706,449007556,403.0,394.0,398.5,3.5,1456,2379,398.0
2023-10-03,1484504,598906338,406.0,397.0,404.0,5.5,1763,2379,398.0
2023-10-04,1685718,674698441,403.5,396.5,402.5,-1.5,1844,2379,398.5
2023-10-05,2114104,861617119,410.0,402.0,410.0,7.5,2418,2379,403.5
2023-10-06,1296209,526851443,410.5,404.5,407.5,-2.5,1477,2379,410.5
2023-10-11,3165411,1316309024,422.0,410.5,415.5,8.0,3336,2379,411.5
2023-10-12,2274109,951170448,422.0,414.5,419.5,4.0,2188,2379,419.0
2023-10-13,2789701,1173788172,423.5,413.0,422.0,2.5,2649,2379,416.0
2023-10-16,2248441,951464612,426.5,418.0,423.0,1.0,2606,2379,419.0
2023-10-17,2237858,938272149,424.0,415.0,415.5,-7.5,2697,2379,423.0
2023-10-18,2233383,927366051,419.0,411.0,414.0,-1.5,2149,2379,414.0
2023-10-19,1510431,632453807,422.0,413.0,421.5,7.5,1778,2379,414.5
2023-10-20,2048132,860493880,423.5,413.0,423.0,1.5,2268,2379,415.5
2023-10-23,5719907,2289148062,408.5,396.0,396.5,-26.5,6589,2379,407.5
2023-10-24,2790576,1100423413,398.0,389.0,395.5,-1.0,3336,2379,390.5
2023-10-25,1274235,511733794,404.5,396.0,401.5,6.0,1443,2379,396.0
2023-10-26,2368644,937602117,399.0,393.0,393.0,-8.5,2836,2379,397.0
2023-10-27,3442166,1340027775,394.0,382.0,391.5,-1.5,4160,2379,390.0
2023-10-30,2125602,853732243,406.0,386.5,405.0,13.5,2521,2379,386.5
2023-10-31,1949921,786980865,409.0,400.5,401.5,-3.5,1777,2379,406.0
2023-11-01,1342998,544736625,408.0,401.0,405.5,4.0,1381,2379,403.5
2023-11-02,1737694,708687705,413.0,405.5,408.0,2.5,1863,2379,410.0
2023-11-03,1901222,773250242,411.0,404.0,405.5,-2.5,2070,2379,408.5
2023-11-06,2000492,821592096,414.0,407.0,410.5,5.0,2187,2379,409.5
2023-11-07,1430883,581651573,411.0,404.0,406.0,-4.5,1638,2379,411.0
2023-11-08,4018574,1669286888,419.5,406.5,415.0,9.0,3524,2379,410.0
2023-11-09,1574152,647564313,416.5,407.0,412.5,-2.5,1776,2379,415.0
2023-11-10,1120976,457994726,412.0,406.5,407.5,-5.0,1239,2379,409.0
2023-11-13,1553544,641413113,417.0,410.5,412.0,4.5,1633,2379,413.5
2023-11-14,2541626,1068164705,424.0,414.5,418.5,6.5,2875,2379,417.0
2023-11-15,1793214,751651530,424.5,416.0,417.5,-1.0,1838,2379,422.0
2023-11-16,1484940,616549989,419.5,412.0,416.0,-1.5,1631,2379,419.5
2023-11-17,3270347,1385909586,429.0,414.0,428.0,12.0,3395,2379,414.0
2023-11-20,1372494,589271060,433.0,426.0,427.5,-0.5,1883,2379,429.5
2023-11-21,1988647,859928565,439.0,429.5,430.5,3.0,2293,2379,432.0
2023-11-22,1294713,561830916,436.0,427.5,435.5,5.0,1887,2379,430.5
2023-11-23,2143754,933553646,438.5,432.0,433.5,-2.0,2538,2379,437.5
2023-11-24,2860042,1267253538,448.5,433.5,439.0,5.5,3462,2379,433.5
2023-11-27,4580129,2067997835,456.5,439.5,449.0,10.0,4669,2379,439.5
2023-11-28,2647825,1194683562,454.5,443.0,451.5,2.5,2915,2379,449.0
2023-11-29,3935839,1814189131,464.5,450.0,462.5,11.0,4322,2379,451.5
2023-11-30,4278150,1932260097,456.5,449.5,449.5,-13.0,4860,2379,456.0
2023-12-01,2171094,976699781,455.5,442.0,449.0,-0.5,2813,2379,444.0
2023-12-04,1283925,575489817,450.0,444.0,450.0,1.0,1710,2379,446.0
2023-12-05,1893741,848381358,453.0,443.5,447.0,-3.0,2575,2379,449.5
2023-12-06,1409468,632642410,451.5,442.5,451.5,4.5,1761,2379,444.0
2023-12-07,1694551,750252377,448.5,438.0,441.5,-10.0,3092,2379,448.0
2023-12-08,1281189,572188174,450.0,443.0,444.5,3.0,1494,2379,446.5
2023-12-11,1808692,812681574,452.5,445.5,451.0,6.5,2182,2379,447.5
2023-12-12,2735610,1248274171,459.5,452.5,457.0,6.0,2708,2379,455.0
2023-12-13,3958835,1836962001,468.5,457.5,468.5,11.5,4443,2379,460.0
2023-12-14,5362728,2574311120,492.0,467.0,492.0,23.5,6523,2379,470.0
2023-12-15,4330346,2079043910,490.5,476.0,479.0,-13.0,5585,2379,490.5
2023-12-18,4294311,2013934688,476.0,462.5,470.0,-9.0,4881,2379,475.0
2023-12-19,6972743,3242391753,475.0,454.0,474.0,4.0,6482,2379,459.0
2023-12-20,3995630,1862072606,476.0,463.0,465.5,-8.5,3731,2379,474.0
2023-12-21,3438449,1580037020,465.5,457.0,459.0,-6.5,3289,2379,461.5
2023-12-22,2060495,954729768,466.5,460.0,464.0,5.0,2092,2379,461.0
2023-12-25,2062022,968222260,473.0,464.5,470.0,6.0,2315,2379,465.0
2023-12-26,2240077,1065441373,479.5,470.5,479.0,9.0,2784,2379,475.5
2023-12-27,4122016,1933160281,483.5,465.5,468.0,-11.0,4990,2379,483.5
2023-12-28,1860522,869379676,472.0,464.5,465.0,-3.0,2049,2379,468.0
2023-12-29,1772487,832570676,472.0,462.0,471.5,6.5,1867,2379,466.5
2024-01-02,3171380,1460710457,472.0,457.5,458.0,-13.5,3815,2379,468.5
2024-01-03,3174005,1435097560,457.5,450.0,452.0,-6.0,3668,2379,457.5
2024-01-04,1973729,898234444,459.0,451.5,456.0,4.0,2272,2379,454.5
2024-01-05,2396086,1077221771,454.0,446.0,450.5,-5.5,3385,2379,454.0
2024-01-08,1561232,705707781,458.0,448.0,450.5,0.0,2011,2379,451.5
2024-01-09,2906507,1312049765,457.5,447.0,451.5,1.0,2911,2379,457.5
2024-01-10,2159527,982338397,458.0,449.5,456.0,4.5,2057,2379,454.5
2024-01-11,2046614,923218891,459.0,448.0,450.5,-5.5,2700,2379,456.5
2024-01-12,1457529,653502942,452.5,446.0,447.0,-3.5,2061,2379,447.5
2024-01-15,1826542,829399123,460.0,449.5,455.0,8.0,1956,2379,450.0
2024-01-16,2383986,1075496053,453.0,447.0,453.0,-2.0,2419,2379,450.5
2024-01-17,3939062,1743434853,449.0,438.5,438.5,-14.5,4876,2379,446.0
2024-01-18,2266299,997333017,443.5,433.5,440.0,1.5,2577,2379,439.0
2024-01-19,3771686,1710582410,458.0,446.0,458.0,18.0,3593,2379,447.0
2024-01-22,3444422,1553181095,457.0,448.0,449.5,-8.5,4271,2379,451.0
2024-01-23,2919473,1304972904,452.0,441.5,447.0,-2.5,2769,2379,451.0
2024-01-24,3941810,1767011547,456.0,443.5,448.5,1.5,3791,2379,453.5
2024-01-25,3386743,1548761679,459.5,452.0,459.0,10.5,3865,2379,453.0
2024-01-26,1385875,627844740,457.5,450.0,453.5,-5.5,1694,2379,450.5
2024-01-29,1304987,594202370,458.0,449.0,455.5,2.0,1783,2379,451.5
2024-01-30,1437916,654467028,459.0,453.5,453.5,-2.0,1726,2379,455.0
2024-01-31,4375568,2042907615,470.0,456.0,469.5,16.0,5236,2379,462.0
2024-02-01,3026306,1410231001,473.0,460.5,464.5,-5.0,3639,2379,473.0
2024-02-02,6359584,2994689323,483.5,458.0,469.5,5.0,6780,2379,466.5
2024-02-05,2748667,1272142814,471.0,458.5,463.5,-6.0,4803,2379,469.5
2024-02-15,2979072,1386746965,471.0,458.5,469.0,5.5,3394,2379,470.5
2024-02-16,2209935,1041933497,476.0,466.5,473.5,4.5,2867,2379,470.0
2024-02-19,2269477,1070899601,475.0,469.0,470.0,-3.5,2790,2379,475.0
2024-02-20,13912165,7020386425,517.0,484.0,487.5,17.5,13915,2379,488.0
2024-02-21,8055503,4014422718,507.0,479.0,501.0,13.5,8715,2379,481.5
2024-02-22,9466672,4952044513,533.0,506.0,532.0,31.0,10168,2379,508.0
2024-02-23,13079283,7259000557,563.0,540.0,547.0,15.0,12065,2379,554.0
2024-02-26,4381622,2394086932,556.0,535.0,551.0,4.0,5119,2379,541.0
2024-02-27,10458259,5954423846,582.0,554.0,567.0,16.0,10766,2379,557.0
2024-02-29,5622288,3185178115,573.0,556.0,569.0,2.0,7880,2379,566.0
2024-03-01,5684340,3241789150,579.0,565.0,565.0,-4.0,6058,2379,578.0
2024-03-04,7222034,4105867802,578.0,555.0,573.0,8.0,8534,2379,566.0
2024-03-05,5395969,3114653334,587.0,568.0,584.0,11.0,5602,2379,577.0
2024-03-06,6870734,4097142550,611.0,578.0,600.0,16.0,9898,2379,586.0
2024-03-07,6036780,3650559415,614.0,593.0,601.0,1.0,6810,2379,604.0
2024-03-08,7906613,4699185905,620.0,578.0,587.0,-14.0,9746,2379,619.0
2024-03-11,5020977,3011063244,605.0,589.0,604.0,17.0,5370,2379,590.0
2024-03-12,2661714,1592047119,604.0,593.0,601.0,-3.0,6703,2379,603.0
2024-03-13,4346001,2595319151,613.0,590.0,593.0,-8.0,4527,2379,598.0
2024-03-14,5565491,3214939294,592.0,567.0,580.0,-13.0,7462,2379,589.0
2024-03-15,5711854,3367660028,594.0,572.0,594.0,14.0,5004,2379,578.0
2024-03-18,5460206,3198768301,592.0,573.0,590.0,-4.0,6274,2379,580.0
2024-03-19,4988183,2949493233,598.0,582.0,591.0,1.0,4891,2379,590.0
2024-03-20,4491315,2653367026,603.0,584.0,588.0,-3.0,4907,2379,595.0
2024-03-21,5393528,3119607135,598.0,570.0,584.0,-4.0,8507,2379,598.0
2024-03-22,4332151,2537633584,592.0,576.0,591.0,7.0,4222,2379,587.0
2024-03-25,2837904,1663022105,592.0,582.0,584.0,-7.0,3219,2379,592.0
2024-03-26,6540318,3691030859,590.0,554.0,565.0,-19.0,9984,2379,587.0
2024-03-27,3441105,1953140073,574.0,560.0,573.0,8.0,5071,2379,574.0
2024-03-28,5550072,3081678071,570.0,549.0,557.0,-16.0,7682,2379,568.0
2024-03-29,2314914,1296590993,561.0,551.0,560.0,3.0,2796,2379,553.0
2024-04-01,2098741,1172723024,563.0,553.0,559.0,-1.0,2725,2379,560.0
2024-04-02,3496546,1981401204,572.0,559.0,568.0,9.0,3538,2379,559.0
2024-04-03,3261263,1858775314,577.0,564.0,571.0,3.0,3137,2379,573.0
2024-04-08,2764955,1565999073,573.0,563.0,567.0,-4.0,2979,2379,570.0
2024-04-09,2401506,1361156069,576.0,562.0,568.0,1.0,2748,2379,572.0
2024-04-10,2218106,1269542892,577.0,566.0,571.0,3.0,2961,2379,568.0
2024-04-11,2465231,1392017599,575.0,560.0,567.0,-4.0,3320,2379,575.0
2024-04-12,2637427,1499513612,571.0,562.0,569.0,2.0,2614,2379,562.0
2024-04-15,2079465,1167944860,567.0,556.0,561.0,-8.0,2565,2379,567.0
2024-04-16,3843545,2123104143,557.0,547.0,551.0,-10.0,3865,2379,549.0
2024-04-17,4790098,2715665076,578.0,555.0,570.0,19.0,4365,2379,555.0
2024-04-18,3165200,1814219809,577.0,565.0,574.0,4.0,2880,2379,576.0
2024-04-19,5189059,2898956753,570.0,548.0,552.0,-22.0,5218,2379,567.0
2024-04-22,9089889,4670694394,541.0,501.0,504.0,-48.0,12183,2379,537.0
2024-04-23,3285746,1678465641,518.0,505.0,510.0,6.0,3101,2379,514.0
2024-04-24,4060986,2172259107,540.0,524.0,538.0,28.0,4102,2379,527.0
2024-04-25,3542418,1872500126,548.0,520.0,523.0,-15.0,3733,2379,548.0
2024-04-26,4942839,2571279966,531.0,514.0,520.0,-3.0,5418,2379,530.0
2024-04-29,4036490,2122718005,536.0,520.0,527.0,7.0,4186,2379,523.0
2024-04-30,2734607,1420676245,526.0,517.0,518.0,-9.0,3248,2379,526.0
2024-05-02,4177397,2130533554,517.0,506.0,511.0,-7.0,4393,2379,516.0
2024-05-03,2846462,1476358158,522.0,508.0,511.0,0.0,3107,2379,520.0
2024-05-06,2186605,1116714551,515.0,508.0,511.0,0.0,2698,2379,511.0
2024-05-07,4003205,2083357041,527.0,509.0,525.0,14.0,4132,2379,521.0
2024-05-08,2355673,1243617046,531.0,522.0,528.0,3.0,2854,2379,525.0
2024-05-09,2826520,1508399665,538.0,530.0,532.0,4.0,2969,2379,533.0
2024-05-10,4408599,2309171832,532.0,516.0,517.0,-15.0,4436,2379,532.0
2024-05-13,2694048,1420192227,531.0,520.0,527.0,10.0,2657,2379,520.0
2024-05-14,3197746,1699202553,536.0,525.0,536.0,9.0,2867,2379,535.0
2024-05-15,2580944,1374282441,541.0,530.0,531.0,-5.0,2927,2379,540.0
2024-05-16,4066018,2210997229,547.0,536.0,547.0,16.0,4009,2379,537.0
2024-05-17,3974953,2129205498,537.0,527.0,530.0,-17.0,3946,2379,537.0
2024-05-20,3519585,1865659961,539.0,525.0,531.0,1.0,3904,2379,534.0
2024-05-21,2732338,1450351511,534.0,525.0,529.0,-2.0,2450,2379,531.0
2024-05-22,2273042,1216596462,538.0,530.0,537.0,8.0,2384,2379,534.0
2024-05-23,3253349,1755805770,545.0,531.0,539.0,2.0,3181,2379,531.0
2024-05-24,2365813,1253963212,534.0,528.0,528.0,-11.0,2957,2379,532.0
2024-05-27,3329959,1782278189,545.0,530.0,532.0,4.0,3860,2379,533.0
2024-05-28,4695167,2537249424,546.0,536.0,541.0,9.0,4235,2379,540.0
2024-05-29,6574990,3682694350,566.0,550.0,561.0,20.0,6921,2379,557.0
2024-05-30,6990460,3972448304,577.0,553.0,570.0,9.0,6793,2379,556.0
2024-05-31,7766865,4269919186,574.0,541.0,543.0,-27.0,9237,2379,572.0
2024-06-03,9111367,4994784691,564.0,540.0,550.0,7.0,7640,2379,552.0
2024-06-04,8421862,4489123080,551.0,523.0,534.0,-16.0,9636,2379,549.0
2024-06-05,8407423,4399629188,537.0,517.0,523.0,-11.0,8361,2379,535.0
2024-06-06,8993493,4795243999,540.0,524.0,536.0,13.0,6543,2379,534.0
2024-06-07,6851701,3636523087,540.0,527.0,530.0,-6.0,5224,2379,539.0
2024-06-11,6191598,3300507570,538.0,526.0,534.0,4.0,4675,2379,528.0
2024-06-12,6500671,3496121437,547.0,531.0,541.0,7.0,5040,2379,531.0
2024-06-13,6525931,3689877664,574.0,544.0,573.0,32.0,8137,2379,550.0
2024-06-14,3097127,1770569056,580.0,564.0,569.0,-4.0,5493,2379,580.0
2024-06-17,2123076,1197935036,571.0,559.0,561.0,-8.0,3077,2379,571.0
2024-06-18,2633464,1474699202,567.0,556.0,561.0,0.0,5169,2379,561.0
2024-06-19,2960278,1654539683,567.0,555.0,558.0,-3.0,3397,2379,567.0
2024-06-20,3204505,1815198696,577.0,559.0,563.0,5.0,3573,2379,560.0
2024-06-21,4816820,2695302014,564.0,555.0,560.0,-3.0,4234,2379,560.0
2024-06-24,4069144,2188819433,556.0,529.0,531.0,-29.0,6789,2379,554.0
2024-06-25,2663127,1411558412,535.0,525.0,532.0,1.0,3098,2379,534.0
2024-06-26,2851169,1512329291,537.0,526.0,530.0,-2.0,4153,2379,537.0
2024-06-27,2600068,1367594839,530.0,517.0,530.0,0.0,3452,2379,525.0
2024-06-28,6978235,3770434662,547.0,529.0,546.0,16.0,5955,2379,531.0
2024-07-01,6583698,3511763015,548.0,526.0,531.0,-15.0,8586,2379,540.0
2024-07-02,6188036,3267619012,537.0,521.0,537.0,6.0,5453,2379,528.0
2024-07-03,5359759,2898867061,547.0,536.0,544.0,7.0,3993,2379,539.0
2024-07-04,5211843,2840917478,551.0,535.0,550.0,6.0,4248,2379,549.0
2024-07-05,4625845,2539814096,554.0,540.0,554.0,4.0,4584,2379,551.0
2024-07-08,4258174,2341272922,557.0,543.0,553.0,-1.0,4131,2379,554.0
2024-07-09,5968173,3369179867,573.0,549.0,573.0,20.0,6992,2379,551.0
2024-07-10,3734372,2120849535,574.0,560.0,570.0,-3.0,5526,2379,574.0
2024-07-11,3018312,1742151962,582.0,568.0,581.0,11.0,3998,2379,570.0
2024-07-12,3067632,1762538726,585.0,569.0,571.0,-10.0,3866,2379,578.0
2024-07-15,1164528,661373031,574.0,564.0,568.0,-3.0,1761,2379,573.0
2024-07-16,2247711,1261306556,570.0,557.0,559.0,-9.0,2585,2379,569.0
2024-07-17,3100061,1716682514,561.0,543.0,555.0,-4.0,3314,2379,555.0
2024-07-18,3025412,1641899974,550.0,538.0,544.0,-11.0,3618,2379,550.0
2024-07-19,2239485,1199208417,545.0,532.0,534.0,-10.0,3010,2379,542.0
2024-07-22,2749949,1421623881,530.0,508.0,513.0,-21.0,4381,2379,530.0
2024-07-23,1840665,966096153,532.0,515.0,527.0,14.0,2244,2379,515.0
2024-07-26,2155172,1119013274,524.0,509.0,520.0,-7.0,2616,2379,512.0
2024-07-29,2837307,1439780479,529.0,499.5,502.0,-18.0,4696,2379,526.0
2024-07-30,3956357,1966676989,505.0,490.0,502.0,0.0,4708,2379,497.0
2024-07-31,4357196,2252600148,528.0,511.0,512.0,10.0,4424,2379,518.0
2024-08-01,2182274,1130308191,526.0,513.0,517.0,5.0,2331,2379,521.0
2024-08-02,2322734,1177306155,519.0,500.0,500.0,-17.0,3397,2379,506.0
2024-08-05,3138800,1466641835,481.0,454.0,465.0,-35.0,4858,2379,480.0
2024-08-06,2736696,1271587890,480.0,452.0,463.5,-1.5,3659,2379,479.5
2024-08-07,2033839,990363609,493.0,475.0,489.0,25.5,2676,2379,475.0
2024-08-08,2564719,1255890784,495.0,486.0,487.0,-2.0,2831,2379,487.0
2024-08-09,2045784,1027637484,512.0,492.0,499.5,12.5,2553,2379,498.0
2024-08-12,1164008,592667673,514.0,502.0,509.0,9.5,1668,2379,502.0
2024-08-13,1233659,639836549,523.0,510.0,518.0,9.0,1934,2379,514.0
2024-08-14,2288593,1207156804,532.0,520.0,529.0,11.0,2665,2379,524.0
2024-08-15,1380597,719955338,530.0,517.0,517.0,-12.0,3199,2379,530.0
2024-08-16,1944682,1028644164,534.0,523.0,526.0,9.0,2411,2379,526.0
2024-08-19,3541778,1940519819,556.0,526.0,550.0,24.0,4374,2379,526.0
2024-08-20,1588919,878370008,558.0,546.0,547.0,-3.0,2466,2379,554.0
2024-08-21,1367706,739923272,548.0,536.0,537.0,-10.0,3055,2379,542.0
2024-08-22,1161383,632695799,553.0,537.0,545.0,8.0,1623,2379,537.0
2024-08-23,1563903,840945584,545.0,533.0,540.0,-5.0,3740,2379,540.0
2024-08-26,926611,499739541,544.0,535.0,537.0,-3.0,1392,2379,544.0
2024-08-27,975279,521829989,541.0,532.0,535.0,-2.0,1412,2379,534.0
2024-08-28,920980,487512110,539.0,524.0,532.0,-3.0,1747,2379,536.0
2024-08-29,1004243,538321484,542.0,525.0,537.0,5.0,1440,2379,525.0
2024-08-30,2911992,1520626718,543.0,535.0,535.0,-2.0,1678,2379,537.0
2024-09-02,2269326,1140655112,544.0,536.0,537.0,2.0,1187,2379,539.0
2024-09-03,2076340,1084338332,542.0,531.0,533.0,-4.0,1351,2379,535.0
2024-09-04,2443903,1253734117,522.0,498.5,510.0,-23.0,3522,2379,510.0
2024-09-05,3565278,1764758578,502.0,488.5,488.5,0.0,5083,2379,499.0
2024-09-06,2038707,1027324290,510.0,488.5,504.0,15.5,2462,2379,490.0
2024-09-09,1970607,976186690,500.0,492.0,495.0,-9.0,2667,2379,493.5
2024-09-10,1754846,863923727,500.0,486.5,489.0,-6.0,2230,2379,496.0
2024-09-11,1056932,524373234,501.0,490.0,495.5,6.5,1240,2379,491.0
2024-09-12,1136445,577342427,512.0,501.0,509.0,13.5,1641,2379,510.0
2024-09-13,1288620,652175595,510.0,500.0,506.0,-3.0,1704,2379,508.0
2024-09-16,7286730,3427170973,488.5,462.5,468.0,-38.0,11480,2379,488.5
2024-09-18,4079319,1906501465,472.5,463.0,465.0,-3.0,4806,2379,472.0
2024-09-19,2629145,1235136498,474.0,463.5,473.0,8.0,2970,2379,467.0
2024-09-20,4792118,2258635467,478.0,468.5,470.0,-3.0,3690,2379,476.0
2024-09-23,2344615,1121794134,481.0,471.0,480.5,10.5,2609,2379,474.5
2024-09-24,1828580,874423314,482.5,472.0,481.0,0.5,2225,2379,480.5
2024-09-25,3723307,1824187379,494.5,479.0,490.0,9.0,3896,2379,485.0
2024-09-26,3079207,1516494785,495.5,487.0,491.0,1.0,4088,2379,487.0
2024-09-27,2651472,1307509100,497.0,490.0,494.0,3.0,2815,2379,497.0
2024-09-30,2919981,1400900108,489.5,471.0,471.0,-23.0,3364,2379,488.0
2024-10-01,2119158,1005312911,479.0,471.0,473.5,2.5,2687,2379,471.5
2024-10-04,3085803,1475403057,484.5,472.0,481.0,7.5,3042,2379,472.0
2024-10-07,2104374,1003670604,483.5,472.5,479.5,-1.5,2591,2379,477.5
2024-10-08,2764827,1311401453,479.0,472.0,474.0,-5.5,2649,2379,475.0
2024-10-09,2560730,1239418328,492.0,478.5,480.0,6.0,2877,2379,480.0
2024-10-11,1171450,567725066,489.0,478.0,483.5,3.5,1762,2379,480.0
2024-10-14,890833,432193018,489.5,483.0,485.0,1.5,1412,2379,484.0
2024-10-15,1248850,610767896,492.0,484.0,489.5,4.5,1567,2379,488.0
2024-10-16,3126425,1492562000,480.0,473.5,477.5,-12.0,3298,2379,479.0
2024-10-17,5501530,2578019322,478.0,463.0,467.0,-10.5,7480,2379,475.0
2024-10-18,3346055,1567787183,478.0,464.0,465.0,-2.0,3460,2379,473.0
2024-10-21,2692269,1276239756,476.0,468.5,476.0,11.0,2524,2379,470.5
2024-10-22,3372800,1619076130,483.0,474.0,481.0,5.0,2608,2379,477.0
2024-10-23,2711936,1289589575,480.5,471.5,473.5,-7.5,2980,2379,478.0
2024-10-24,4349493,2107986232,491.0,478.0,483.0,9.5,4133,2379,480.0
2024-10-25,2084231,1018939527,491.0,484.0,489.5,6.5,2399,2379,485.5
2024-10-28,1311909,636203714,490.5,481.5,483.0,-6.5,1912,2379,488.5
2024-10-29,2004515,966090751,486.0,476.5,484.0,1.0,2725,2379,481.0
2024-10-30,1536394,740755848,487.5,478.5,478.5,-5.5,2230,2379,487.0
2024-11-01,4431957,2106425014,489.0,452.0,486.0,7.5,4213,2379,453.0
2024-11-04,1902767,916364347,487.0,474.0,482.5,-3.5,2028,2379,484.5
2024-11-05,1398132,671374459,484.5,477.0,479.5,-3.0,1705,2379,482.0
2024-11-06,2532232,1247697602,498.0,480.0,491.0,11.5,2819,2379,483.0
2024-11-07,1748823,862654867,498.5,485.0,495.0,4.0,2132,2379,485.0
2024-11-08,2061144,1032013740,505.0,494.0,500.0,5.0,2666,2379,494.0
2024-11-11,1228505,609180765,502.0,492.0,499.0,-1.0,1646,2379,497.0
2024-11-12,2249202,1116782363,506.0,490.0,490.0,-9.0,4149,2379,491.5
2024-11-13,1602858,794540314,499.0,489.0,495.0,5.0,1801,2379,489.0
2024-11-14,2395173,1173853243,495.5,485.0,487.0,-8.0,2447,2379,494.0
2024-11-15,1620518,797334648,501.0,487.5,488.0,1.0,3364,2379,488.0
2024-11-18,3182870,1579977882,501.0,488.0,497.0,9.0,3435,2379,489.0
2024-11-19,5145978,2596408412,510.0,496.5,503.0,6.0,4414,2379,499.0
2024-11-20,4203226,2099119639,505.0,496.0,496.0,-7.0,3331,2379,502.0
2024-11-21,3760078,1887281958,508.0,493.5,500.0,4.0,2992,2379,494.0
2024-11-22,3819550,1876830754,506.0,484.5,484.5,-15.5,10436,2379,506.0
2024-11-25,2644530,1297224091,497.0,488.0,488.0,3.5,2084,2379,490.0
2024-11-26,2025404,983083472,495.0,481.5,481.5,-6.5,2712,2379,486.0
2024-11-27,1386215,665762595,485.0,477.5,477.5,-4.0,1897,2379,485.0
2024-11-28,2085601,986443422,480.0,468.5,471.5,-6.0,2700,2379,480.0
2024-11-29,2105815,1002142801,480.5,468.0,476.0,4.5,1893,2379,472.0
2024-12-02,1564914,768254465,497.5,479.5,492.0,16.0,2193,2379,479.5
2024-12-03,1811608,897832946,504.0,489.0,490.0,-2.0,3459,2379,499.0
2024-12-04,2745548,1387266670,511.0,490.5,508.0,18.0,3635,2379,490.5
2024-12-05,1538755,790200887,516.0,507.0,513.0,5.0,2436,2379,508.0
2024-12-06,5624284,2972919712,537.0,517.0,524.0,11.0,7248,2379,519.0
2024-12-09,3681780,1938321884,534.0,518.0,519.0,-5.0,5069,2379,528.0
2024-12-10,3187655,1668266712,528.0,518.0,521.0,2.0,3620,2379,520.0
2024-12-11,3796610,2004292916,537.0,516.0,527.0,6.0,3771,2379,516.0
2024-12-12,2890895,1527446134,534.0,525.0,525.0,-2.0,3413,2379,527.0
2024-12-13,1909519,1014678211,535.0,522.0,534.0,9.0,2517,2379,522.0
2024-12-16,3172849,1702122125,544.0,529.0,533.0,-1.0,3774,2379,530.0
2024-12-17,4703088,2568528122,554.0,535.0,545.0,12.0,6278,2379,537.0
2024-12-18,2267956,1229081207,550.0,534.0,548.0,3.0,3194,2379,539.0
2024-12-19,2658845,1421897730,542.0,529.0,535.0,-13.0,4607,2379,539.0
2024-12-20,3115147,1663390069,545.0,529.0,529.0,-6.0,3096,2379,532.0
2024-12-23,1516550,815611256,542.0,535.0,537.0,8.0,1675,2379,539.0
2024-12-24,985542,525556502,542.0,530.0,532.0,-5.0,1500,2379,541.0
2024-12-25,666315,354636214,535.0,526.0,535.0,3.0,1356,2379,534.0
2024-12-26,1962247,1074523400,553.0,536.0,553.0,18.0,2908,2379,538.0
2024-12-27,1866941,1041743763,565.0,548.0,558.0,5.0,2973,2379,552.0
2024-12-30,3300295,1857085769,568.0,554.0,564.0,6.0,4064,2379,561.0
2024-12-31,5525767,3120840377,568.0,551.0,568.0,4.0,4500,2379,557.0
2025-01-02,4217125,2295678831,564.0,536.0,545.0,-23.0,16910,2379,563.0
2025-01-03,2938621,1579466270,552.0,533.0,537.0,-8.0,6560,2379,549.0
2025-01-06,2071254,1116375051,545.0,536.0,540.0,3.0,2603,2379,539.0
2025-01-07,2333173,1265388788,547.0,537.0,543.0,3.0,2961,2379,540.0
2025-01-08,2193132,1185712631,547.0,537.0,540.0,-3.0,2115,2379,543.0
2025-01-09,3124283,1667649033,543.0,527.0,529.0,-11.0,3708,2379,538.0
2025-01-10,1897895,1008906749,541.0,525.0,525.0,-4.0,2055,2379,531.0
2025-01-13,2798190,1438395733,525.0,507.0,515.0,-10.0,4343,2379,521.0
2025-01-14,1166996,604466080,521.0,513.0,519.0,4.0,1953,2379,515.0
2025-01-15,1592148,827347903,523.0,513.0,521.0,2.0,1845,2379,517.0
2025-01-16,1682907,890822826,537.0,526.0,526.0,5.0,1896,2379,530.0
2025-01-17,2663261,1428859747,544.0,525.0,538.0,12.0,2918,2379,525.0
2025-01-20,1995288,1076080235,546.0,534.0,538.0,0.0,2152,2379,539.0
2025-01-21,1427420,772467464,544.0,534.0,540.0,2.0,1692,2379,534.0
2025-01-22,2081753,1129947869,549.0,537.0,542.0,2.0,2242,2379,540.0
2025-02-03,3239470,1710553780,536.0,523.0,529.0,-13.0,3706,2379,532.0
2025-02-04,6709542,3787427587,576.0,536.0,569.0,40.0,8505,2379,536.0
2025-02-05,6304345,3634345686,585.0,566.0,566.0,-3.0,6108,2379,578.0
2025-02-06,7191467,3910128647,564.0,535.0,539.0,-27.0,16090,2379,555.0
2025-02-07,4053383,2232680778,556.0,541.0,553.0,14.0,4574,2379,543.0
2025-02-10,3577925,1974828653,560.0,547.0,557.0,4.0,3235,2379,552.0
2025-02-11,2316898,1290414505,560.0,552.0,559.0,2.0,2854,2379,559.0
2025-02-12,2362789,1324581576,568.0,556.0,557.0,-2.0,3168,2379,560.0
2025-02-13,2936027,1626685542,561.0,548.0,555.0,-2.0,3667,2379,557.0
2025-02-14,2500099,1370970136,557.0,544.0,548.0,-7.0,3305,2379,555.0
2025-02-17,1575348,870090581,560.0,548.0,550.0,2.0,2431,2379,549.0
2025-02-18,1089745,599162602,552.0,546.0,551.0,1.0,1598,2379,550.0
2025-02-19,2366249,1316359084,563.0,550.0,553.0,2.0,2950,2379,553.0
2025-02-20,1510453,839419626,560.0,550.0,555.0,2.0,1899,2379,554.0
2025-02-21,1821862,1022322102,567.0,555.0,566.0,11.0,2576,2379,560.0
2025-02-24,1887173,1064475875,568.0,560.0,568.0,2.0,2577,2379,561.0
2025-02-25,2189765,1232248089,570.0,558.0,560.0,-8.0,2693,2379,564.0
2025-02-26,2553060,1422173684,564.0,552.0,562.0,2.0,2918,2379,559.0
2025-02-27,2315448,1284711317,567.0,550.0,550.0,-12.0,2613,2379,563.0
2025-03-03,2077459,1147719690,556.0,546.0,555.0,5.0,2819,2379,556.0
2025-03-04,4167045,2276320662,553.0,542.0,548.0,-7.0,5192,2379,545.0
2025-03-05,2392072,1328540605,562.0,550.0,555.0,7.0,2782,2379,551.0
2025-03-06,1649257,914221081,557.0,548.0,557.0,2.0,2454,2379,555.0
2025-03-07,1798844,1002158436,563.0,552.0,555.0,-2.0,2378,2379,553.0
2025-03-10,1732798,959138856,559.0,548.0,553.0,-2.0,2361,2379,555.0
2025-03-11,4988287,2763730869,562.0,540.0,560.0,7.0,4753,2379,544.0
2025-03-12,2064319,1152316685,563.0,553.0,554.0,-6.0,2457,2379,560.0
2025-03-13,1634324,894291815,557.0,538.0,538.0,-16.0,2519,2379,555.0
2025-03-14,2309994,1243103165,544.0,534.0,538.0,0.0,2482,2379,542.0
2025-03-17,1449134,778049377,544.0,534.0,535.0,-3.0,2219,2379,542.0
2025-03-18,1397952,761064153,547.0,537.0,547.0,12.0,1634,2379,538.0
2025-03-19,1309135,711366962,549.0,539.0,541.0,-6.0,1766,2379,547.0
2025-03-20,1633685,901091206,556.0,544.0,554.0,13.0,2015,2379,545.0
2025-03-21,2491727,1391835555,562.0,549.0,560.0,6.0,3006,2379,550.0
2025-03-24,1838312,1030872995,567.0,556.0,556.0,-4.0,2879,2379,560.0
2025-03-25,2325775,1306805833,567.0,558.0,562.0,6.0,2523,2379,560.0
2025-03-26,1480735,829756606,566.0,557.0,561.0,-1.0,3614,2379,566.0
2025-03-27,1924546,1057160408,556.0,545.0,545.0,-16.0,3586,2379,554.0
2025-03-28,1943195,1058959486,550.0,539.0,548.0,3.0,2685,2379,540.0
2025-03-31,3061733,1620977588,541.0,523.0,523.0,-25.0,3971,2379,537.0
2025-04-01,3372774,1771250543,531.0,521.0,525.0,2.0,3251,2379,525.0
2025-04-02,2377298,1263952837,542.0,526.0,530.0,5.0,2290,2379,526.0
2025-04-07,791352,377474904,477.0,477.0,477.0,-53.0,1485,2379,477.0
2025-04-08,4986534,2230613958,465.0,436.0,450.5,-26.5,6364,2379,439.0
2025-04-09,5246874,2337269527,458.5,432.5,440.0,-10.5,5928,2379,442.0
2025-04-10,554558,268406072,484.0,484.0,484.0,44.0,578,2379,484.0
2025-04-11,3697247,1826727361,513.0,462.0,511.0,27.0,4410,2379,480.5
2025-04-14,3969242,2016183230,517.0,500.0,500.0,-11.0,4125,2379,516.0
2025-04-15,2325826,1170829318,507.0,496.5,504.0,4.0,2432,2379,501.0
2025-04-16,2251311,1126615741,508.0,495.0,499.0,-5.0,2644,2379,498.0
2025-04-17,2018426,1023077923,515.0,495.0,508.0,9.0,2264,2379,498.0
2025-04-18,1866176,939078250,513.0,499.5,505.0,-3.0,2196,2379,513.0
2025-04-21,1138810,576700633,509.0,499.0,507.0,2.0,1345,2379,505.0
2025-04-22,1404030,704322582,510.0,496.0,496.0,-11.0,1594,2379,508.0
2025-04-23,1950297,1001282799,517.0,505.0,516.0,20.0,2086,2379,505.0
2025-04-24,1335350,680163420,518.0,506.0,506.0,-10.0,1550,2379,516.0
2025-04-25,2644986,1394819400,532.0,518.0,525.0,19.0,2626,2379,518.0
2025-04-28,1068108,560973236,531.0,519.0,524.0,-1.0,1561,2379,525.0
2025-04-29,2058791,1067882826,524.0,514.0,519.0,-5.0,2240,2379,522.0
2025-04-30,1705962,891958277,527.0,518.0,524.0,5.0,1643,2379,521.0
2025-05-02,3689961,1880324617,528.0,500.0,505.0,-19.0,6261,2379,525.0
2025-05-05,3130138,1566887688,508.0,492.0,499.0,-6.0,3691,2379,508.0
2025-05-06,2403315,1204147687,507.0,497.0,499.5,0.5,2725,2379,507.0
2025-05-07,2286990,1152550829,511.0,498.5,503.0,3.5,2269,2379,505.0
2025-05-08,1479742,750928825,511.0,503.0,509.0,6.0,1437,2379,504.0
2025-05-09,2064892,1060567734,517.0,508.0,513.0,4.0,2396,2379,511.0
2025-05-12,1235167,632127894,517.0,509.0,510.0,-3.0,1815,2379,514.0
2025-05-13,3351847,1753881817,533.0,518.0,520.0,10.0,3139,2379,523.0
2025-05-14,2561141,1336194107,527.0,519.0,520.0,0.0,2414,2379,527.0
2025-05-15,2980374,1547118597,527.0,516.0,517.0,-3.0,2798,2379,521.0
2025-05-16,2100391,1085697042,522.0,513.0,518.0,1.0,2213,2379,522.0
2025-05-19,1407642,723992889,519.0,513.0,513.0,-5.0,1657,2379,514.0
2025-05-20,2229570,1161709931,526.0,519.0,519.0,6.0,2125,2379,523.0
2025-05-21,1336077,698664251,526.0,519.0,525.0,6.0,1597,2379,525.0
2025-05-22,1636192,858895670,531.0,518.0,528.0,3.0,1965,2379,520.0
2025-05-23,2453934,1277452728,533.0,517.0,518.0,-10.0,2438,2379,533.0
2025-05-26,3060261,1613080258,531.0,518.0,530.0,12.0,2850,2379,520.0
2025-05-27,3000033,1566278043,529.0,519.0,521.0,-9.0,2708,2379,525.0
2025-05-28,4204836,2251141244,540.0,528.0,539.0,18.0,4491,2379,531.0
2025-05-29,4677755,2529339486,546.0,532.0,541.0,2.0,3370,2379,545.0
2025-06-02,2469412,1304910740,543.0,522.0,525.0,-16.0,3165,2379,541.0
2025-06-03,3297509,1764935804,543.0,523.0,543.0,18.0,2705,2379,526.0
2025-06-04,3099483,1669533925,542.0,534.0,541.0,-2.0,3255,2379,536.0
2025-06-05,2824885,1541493750,552.0,539.0,546.0,5.0,2864,2379,540.0
2025-06-06,1881925,1015835267,548.0,536.0,543.0,-3.0,2219,2379,548.0
2025-06-09,1613178,884862935,552.0,542.0,550.0,7.0,2235,2379,545.0
2025-06-10,1519764,843239690,557.0,548.0,555.0,5.0,2096,2379,553.0
2025-06-11,1164149,651729863,563.0,555.0,562.0,7.0,1912,2379,557.0
2025-06-12,1570174,871661025,561.0,551.0,555.0,-7.0,1962,2379,561.0
2025-06-13,1637642,899267040,553.0,546.0,550.0,-5.0,2462,2379,549.0
2025-06-16,1373889,752080364,552.0,543.0,550.0,0.0,2449,2379,544.0
2025-06-17,1947150,1081986578,560.0,552.0,557.0,7.0,2190,2379,555.0
2025-06-18,2031144,1119460962,557.0,547.0,553.0,-4.0,2404,2379,551.0
2025-06-19,5713324,3245224638,590.0,553.0,556.0,3.0,6203,2379,580.0
2025-06-20,3733188,2050288890,556.0,544.0,550.0,-6.0,4464,2379,549.0
2025-06-23,2685103,1461919276,549.0,539.0,545.0,-5.0,2700,2379,542.0
2025-06-24,2436003,1350998293,561.0,551.0,551.0,6.0,2310,2379,555.0
2025-06-25,2029259,1137219733,564.0,556.0,559.0,8.0,2169,2379,556.0
2025-06-26,2276744,1277854015,566.0,555.0,560.0,1.0,2263,2379,557.0
2025-06-27,1382676,780927077,568.0,556.0,564.0,4.0,1951,2379,556.0
2025-06-30,1224752,694142548,569.0,561.0,567.0,3.0,1476,2379,564.0
2025-07-01,1794091,1007182583,569.0,558.0,561.0,-6.0,2897,2379,567.0
2025-07-02,2862095,1643791168,580.0,560.0,578.0,17.0,3813,2379,561.0
2025-07-03,1819011,1048039071,583.0,570.0,575.0,-3.0,2476,2379,580.0
2025-07-04,3285691,1904681982,582.0,570.0,582.0,7.0,3722,2379,577.0
2025-07-07,1495397,852926832,581.0,566.0,569.0,-13.0,2673,2379,581.0
2025-07-08,1558930,877966740,573.0,557.0,562.0,-7.0,2986,2379,572.0
2025-07-09,1573706,899081800,575.0,560.0,574.0,12.0,1997,2379,560.0
2025-07-10,1580132,911702746,579.0,570.0,577.0,3.0,1795,2379,571.0
2025-07-11,1642910,951097077,581.0,576.0,578.0,1.0,1615,2379,578.0
2025-07-14,1382347,800827818,582.0,576.0,580.0,2.0,1577,2379,582.0
2025-07-15,1091380,627307980,579.0,573.0,573.0,-7.0,1817,2379,577.0
2025-07-16,1929335,1120698513,584.0,572.0,581.0,8.0,2558,2379,573.0
2025-07-17,1248300,727352323,585.0,579.0,584.0,3.0,1592,2379,581.0
2025-07-18,1579748,922842600,587.0,581.0,585.0,1.0,1873,2379,585.0
2025-07-21,1532692,885642188,585.0,574.0,577.0,-8.0,2328,2379,584.0
2025-07-22,2400798,1404099154,591.0,579.0,582.0,5.0,2988,2379,580.0
2025-07-23,2045376,1184955642,593.0,573.0,575.0,-7.0,2946,2379,588.0
2025-07-24,838318,481075383,579.0,570.0,572.0,-3.0,1296,2379,577.0
2025-07-25,1140569,653565140,578.0,567.0,572.0,0.0,1503,2379,572.0
2025-07-28,788767,453602970,578.0,570.0,576.0,4.0,1211,2379,578.0
2025-07-29,1384378,797185806,581.0,571.0,576.0,0.0,1566,2379,576.0
2025-07-30,976767,561974762,579.0,570.0,577.0,1.0,1291,2379,576.0
2025-07-31,1275326,733776808,580.0,570.0,575.0,-2.0,1633,2379,573.0
2025-08-01,4337447,2412002696,565.0,550.0,550.0,-25.0,7450,2379,563.0
2025-08-04,2785329,1509332413,552.0,524.0,545.0,-5.0,3404,2379,537.0
2025-08-05,3263839,1823124242,562.0,548.0,559.0,14.0,3401,2379,552.0
2025-08-06,3445707,1872695119,559.0,537.0,537.0,-22.0,5620,2379,559.0
2025-08-07,2761031,1493240623,547.0,535.0,536.0,-1.0,3304,2379,539.0
2025-08-08,2597149,1396959007,544.0,534.0,539.0,3.0,3178,2379,534.0
2025-08-11,1435322,766507243,539.0,532.0,533.0,-6.0,2715,2379,539.0
2025-08-12,3428998,1826413576,538.0,526.0,531.0,-2.0,3248,2379,533.0
2025-08-13,3125291,1669297037,538.0,528.0,535.0,4.0,3127,2379,528.0
2025-08-14,3686375,2002753066,547.0,535.0,543.0,8.0,3260,2379,538.0
2025-08-15,1955520,1051602607,542.0,534.0,540.0,-3.0,2382,2379,540.0
2025-08-18,2203376,1189750554,543.0,536.0,540.0,0.0,2262,2379,537.0
2025-08-19,2368183,1270730646,541.0,532.0,532.0,-8.0,2832,2379,537.0
2025-08-20,3291695,1726946996,534.0,521.0,522.0,-10.0,5041,2379,530.0
2025-08-21,2391256,1258718435,531.0,523.0,525.0,3.0,2560,2379,526.0
2025-08-22,1630717,854173120,529.0,521.0,523.0,-2.0,2206,2379,524.0
2025-08-25,1040155,555705542,538.0,530.0,534.0,11.0,1645,2379,530.0
2025-08-26,4176066,2264610173,546.0,531.0,544.0,10.0,2711,2379,532.0
2025-08-27,2180905,1185945279,548.0,539.0,545.0,1.0,2334,2379,542.0
2025-08-28,2736565,1498850875,552.0,544.0,545.0,0.0,2819,2379,545.0
2025-08-29,2622935,1415681742,551.0,534.0,534.0,-11.0,4482,2379,546.0
2025-09-01,2072836,1119277475,545.0,534.0,542.0,8.0,2285,2379,539.0
2025-09-02,1933179,1057820162,550.0,540.0,547.0,5.0,2335,2379,546.0
2025-09-03,942487,512417846,550.0,542.0,542.0,-5.0,2626,2379,550.0
2025-09-04,2798312,1493542161,545.0,528.0,532.0,-10.0,3434,2379,528.0
2025-09-05,2527246,1360486487,541.0,532.0,539.0,7.0,2057,2379,540.0
2025-09-08,3414109,1863903615,549.0,541.0,545.0,6.0,2825,2379,542.0
2025-09-09,3329942,1796439928,547.0,536.0,540.0,-5.0,4239,2379,545.0
2025-09-10,7966234,4058387788,517.0,498.0,510.0,0.0,6685,2379,500.0
2025-09-11,3890986,2045958697,533.0,511.0,525.0,15.0,4723,2379,515.0
2025-09-12,2151687,1131244184,530.0,520.0,526.0,1.0,2308,2379,520.0
2025-09-15,1524388,802890909,530.0,521.0,526.0,0.0,1915,2379,521.0
2025-09-16,2917922,1579688982,544.0,530.0,544.0,18.0,3769,2379,530.0
2025-09-17,1511108,817211046,546.0,536.0,542.0,-2.0,1989,2379,545.0
2025-09-18,1613990,874432112,545.0,539.0,543.0,1.0,2507,2379,542.0
2025-09-19,2493576,1356693187,546.0,540.0,544.0,1.0,2040,2379,544.0
2025-09-22,2072365,1124588199,548.0,539.0,543.0,-1.0,1987,2379,548.0
2025-09-23,1636573,887052577,546.0,540.0,540.0,-3.0,2188,2379,542.0
2025-09-24,2847576,1563891951,557.0,545.0,546.0,6.0,3543,2379,549.0
2025-09-25,2090351,1133312984,550.0,540.0,540.0,-6.0,2245,2379,549.0
2025-09-26,1262678,679661927,547.0,534.0,539.0,-1.0,3004,2379,545.0
2025-09-30,3615398,1980229086,555.0,540.0,550.0,11.0,3737,2379,549.0
2025-10-01,3608202,1911544688,548.0,522.0,522.0,-28.0,6437,2379,548.0
2025-10-02,1406993,740313450,531.0,522.0,527.0,5.0,1817,2379,522.0
2025-10-03,1236915,660333585,538.0,532.0,532.0,5.0,1607,2379,536.0
2025-10-07,1736253,945471191,549.0,534.0,546.0,14.0,2631,2379,535.0
2025-10-08,2199333,1209475135,552.0,544.0,549.0,3.0,2548,2379,548.0
2025-10-09,1834472,1020775683,563.0,552.0,555.0,6.0,2433,2379,554.0
2025-10-13,2939650,1606809784,552.0,542.0,544.0,-11.0,3626,2379,549.0
2025-10-14,2447876,1345780000,563.0,541.0,541.0,-3.0,3364,2379,557.0
2025-10-15,3453147,1833436437,542.0,526.0,530.0,-11.0,4470,2379,542.0
2025-10-16,1483463,793142900,539.0,532.0,535.0,5.0,1908,2379,536.0
2025-10-17,1425434,763387267,540.0,532.0,533.0,-2.0,2545,2379,539.0
2025-10-20,1754783,934088188,541.0,529.0,531.0,-2.0,2556,2379,540.0
2025-10-21,964766,518205056,542.0,535.0,537.0,6.0,1328,2379,540.0
2025-10-22,899653,485155225,542.0,537.0,540.0,3.0,1247,2379,542.0
2025-10-23,952795,508534036,538.0,532.0,533.0,-7.0,1363,2379,535.0
2025-10-27,2435101,1287102485,542.0,523.0,525.0,-8.0,5203,2379,541.0
2025-10-28,3024258,1567292918,528.0,512.0,517.0,-8.0,4949,2379,526.0
2025-10-29,2083586,1086315946,529.0,516.0,516.0,-1.0,2766,2379,528.0
2025-10-30,1997636,1022982422,516.0,509.0,512.0,-4.0,4127,2379,516.0
2025-10-31,2345617,1208756996,521.0,508.0,515.0,3.0,2819,2379,519.0
2025-11-03,2307885,1165881672,513.0,500.0,500.0,-15.0,5827,2379,511.0
2025-11-04,2846003,1446696049,514.0,502.0,506.0,6.0,3240,2379,507.0
2025-11-05,2193145,1098722431,507.0,497.0,503.0,-3.0,3624,2379,507.0
2025-11-06,1243311,627362730,507.0,501.0,505.0,2.0,1822,2379,506.0
2025-11-07,1805578,913856594,510.0,498.5,506.0,1.0,2029,2379,503.0
2025-11-10,1661425,839763492,513.0,502.0,502.0,-4.0,1921,2379,513.0
2025-11-11,2105303,1059362099,509.0,498.5,501.0,-1.0,2932,2379,505.0
2025-11-12,1592645,791852775,501.0,495.0,496.5,-4.5,3115,2379,497.0
2025-11-13,1822982,904273588,499.5,486.5,496.0,-0.5,2450,2379,491.0
2025-11-14,2747258,1386575313,510.0,495.0,503.0,7.0,2863,2379,497.0
2025-11-17,1970144,984846294,505.0,497.5,497.5,-5.5,2333,2379,501.0
2025-11-18,2614224,1291944309,499.5,490.0,493.5,-4.0,3446,2379,497.5
2025-11-19,2191725,1071809507,498.5,485.0,488.5,-5.0,3086,2379,498.5
2025-11-20,1688148,834490954,497.5,490.0,496.5,8.0,1981,2379,494.0
2025-11-21,2331094,1157597209,501.0,490.0,498.0,1.5,2461,2379,495.0
2025-11-24,5880161,2967106647,516.0,494.0,508.0,10.0,3796,2379,515.0
2025-11-25,2225215,1132728738,513.0,503.0,511.0,3.0,2461,2379,506.0
2025-11-26,2559954,1323963155,522.0,508.0,521.0,10.0,2907,2379,508.0
2025-11-27,2068044,1069040495,524.0,512.0,521.0,0.0,2463,2379,524.0
2025-11-28,1347844,703102918,524.0,518.0,521.0,0.0,1578,2379,522.0
2025-12-01,2152828,1137252211,533.0,522.0,533.0,12.0,2842,2379,526.0
2025-12-02,2355424,1265929065,542.0,527.0,542.0,9.0,3824,2379,532.0
2025-12-03,1775265,956564695,544.0,536.0,538.0,-4.0,2237,2379,542.0
2025-12-04,1258543,669833707,541.0,529.0,533.0,-5.0,1901,2379,537.0
2025-12-05,1214118,642925152,533.0,524.0,533.0,0.0,1736,2379,529.0
2025-12-08,1962961,1044151437,537.0,529.0,533.0,0.0,1294,2379,534.0
2025-12-09,1135253,604713257,535.0,528.0,534.0,1.0,1220,2379,535.0
2025-12-10,1427025,766984716,540.0,533.0,539.0,5.0,1795,2379,536.0
2025-12-11,1271792,677139239,543.0,528.0,532.0,-7.0,1819,2379,542.0
2025-12-12,944446,498633202,537.0,525.0,528.0,-4.0,1394,2379,536.0
2025-12-15,1542129,810567447,528.0,520.0,527.0,-1.0,1640,2379,523.0
2025-12-16,1876585,967695116,523.0,510.0,514.0,-13.0,3503,2379,521.0
2025-12-17,2352391,1209558203,519.0,510.0,514.0,0.0,2262,2379,516.0
2025-12-18,2076057,1057353514,516.0,505.0,507.0,-7.0,2290,2379,513.0
2025-12-19,3309050,1651888154,508.0,497.0,497.0,-10.0,4382,2379,507.0
2025-12-22,1936679,957789229,501.0,492.0,492.0,-5.0,3834,2379,500.0
2025-12-23,1678421,820979255,496.5,487.0,488.0,-4.0,3682,2379,494.0
2025-12-24,1990359,976553855,500.0,487.5,490.5,2.5,2460,2379,500.0
2025-12-26,1557219,758137008,492.0,485.5,485.5,-5.0,3501,2379,492.0
2025-12-29,27340800,13911414427,488.5,482.5,484.0,-1.5,3653,2379,486.0
2025-12-30,1027999,495470185,485.5,480.0,481.0,-3.0,2321,2379,485.5
2025-12-31,1206212,588659161,490.0,483.0,489.0,8.0,2020,2379,484.5
2026-01-02,3520743,1728897113,497.0,487.5,487.5,-1.5,4046,2379,494.5
2026-01-05,2449446,1209142428,497.0,488.5,493.5,6.0,3053,2379,496.0
2026-01-06,2859916,1453615474,515.0,494.5,512.0,18.5,4337,2379,500.0
2026-01-07,2930914,1542823734,530.0,518.0,530.0,18.0,4184,2379,523.0
2026-01-08,2753494,1456311822,532.0,525.0,529.0,-1.0,3491,2379,532.0
2026-01-09,2961614,1516064679,525.0,507.0,510.0,-19.0,5401,2379,525.0
2026-01-12,4499719,2416416257,558.0,513.0,539.0,29.0,6107,2379,513.0
2026-01-13,16568587,9699273064,592.0,567.0,576.0,37.0,27447,2379,592.0
2026-01-14,9230892,4948635271,564.0,525.0,532.0,-44.0,16495,2379,564.0
2026-01-15,6555682,3373917299,534.0,505.0,513.0,-19.0,13680,2379,534.0
2026-01-16,3355061,1707849808,519.0,506.0,509.0,-4.0,6629,2379,519.0
2026-01-19,3766567,1933322534,522.0,501.0,515.0,6.0,5662,2379,509.0
2026-01-20,2453715,1269942862,524.0,514.0,517.0,2.0,3865,2379,515.0
2026-01-21,2815980,1423774015,514.0,502.0,502.0,-15.0,6542,2379,513.0
2026-01-22,1851722,947750212,515.0,509.0,513.0,11.0,3097,2379,510.0
2026-01-23,3083885,1572810828,519.0,506.0,507.0,-6.0,4595,2379,513.0
2026-01-26,2713281,1393146703,519.0,501.0,517.0,10.0,4049,2379,502.0
2026-01-27,3537339,1862981128,532.0,518.0,530.0,13.0,5972,2379,523.0
2026-01-28,2791664,1462036899,535.0,518.0,525.0,-5.0,5009,2379,531.0
2026-01-29,7826934,3904310761,518.0,483.0,511.0,-14.0,12071,2379,484.0
2026-01-30,6750708,3301908720,502.0,483.5,483.5,-27.5,13433,2379,500.0
2026-02-02,3327256,1581303474,487.5,470.0,475.0,-8.5,7849,2379,483.5
2026-02-03,3426020,1667595417,492.5,479.5,487.0,12.0,4610,2379,482.0
2026-02-04,4339419,2075954520,486.0,475.5,476.0,-11.0,7192,2379,485.0
2026-02-05,5453586,2551301811,476.0,463.0,463.0,-13.0,10378,2379,475.0
2026-02-06,3966758,1856313484,474.5,457.0,472.5,9.5,5926,2379,459.5
2026-02-09,2894912,1368501908,482.0,468.0,470.5,-2.0,4849,2379,480.0
2026-02-10,1774861,845926501,480.0,470.5,478.5,8.0,3144,2379,470.5
2026-02-11,2457613,1168274378,478.5,472.0,476.0,-2.5,4303,2379,478.5
2026-02-23,5599110,2668712040,498.0,469.0,476.0,0.0,7116,2379,498.0
2026-02-24,3208382,1528617068,480.0,473.0,475.0,-1.0,4540,2379,475.0
2026-02-25,2841614,1352619903,481.5,474.0,474.5,-0.5,4277,2379,476.0
2026-02-26,5131490,2463219829,482.0,475.0,481.5,7.0,4936,2379,475.0
2026-03-02,3127399,1490921262,481.5,472.0,477.5,-4.0,5070,2379,481.5
2026-03-03,3391359,1586261890,476.0,463.0,463.0,-14.5,8958,2379,474.0
2026-03-04,4367096,1961483810,456.0,445.0,445.0,-18.0,8961,2379,454.5
2026-03-05,4408071,2011797044,462.0,452.0,456.0,11.0,4839,2379,452.0
2026-03-06,1814129,837704814,465.0,453.0,463.0,7.0,3111,2379,456.0
2026-03-09,6138560,2849815745,484.0,438.0,484.0,21.0,7482,2379,438.0
2026-03-10,5511012,2544442571,473.5,453.5,460.0,-24.0,10014,2379,471.0
2026-03-11,4154749,1965667837,477.5,459.0,474.0,14.0,5302,2379,460.0
2026-03-12,3140319,1481358088,479.0,466.5,473.0,-1.0,4455,2379,469.0
2026-03-13,1682064,790670151,472.5,466.0,470.0,-3.0,2895,2379,467.0
2026-03-16,2296741,1095919626,480.0,472.5,480.0,10.0,3388,2379,477.5
2026-03-17,2441673,1174041615,485.0,478.5,480.0,0.0,3364,2379,480.0
2026-03-18,2620087,1261552094,485.0,476.5,482.0,2.0,3625,2379,485.0
2026-03-19,2813149,1341386124,483.0,473.0,476.5,-5.5,4243,2379,481.5
2026-03-20,14309205,6856392032,481.5,472.5,479.5,3.0,3714,2379,473.5
2026-03-23,3350896,1583600965,478.5,469.0,469.5,-10.0,4397,2379,474.0
2026-03-24,1968864,946144437,484.0,474.5,480.5,11.0,3490,2379,479.5
2026-03-25,3044737,1485066642,490.5,480.5,489.0,8.5,6280,2379,488.5
2026-03-26,2012020,987170091,495.0,485.0,489.0,0.0,5134,2379,488.5
2026-03-27,2943195,1448861298,498.0,485.5,494.5,5.5,4173,2379,490.0
2026-03-30,2807371,1370145072,492.5,481.0,488.0,-6.5,4333,2379,488.0
2026-03-31,4170971,2006737416,489.5,478.0,478.0,-10.0,4098,2379,481.0
2026-04-01,2540042,1232101533,491.5,480.5,484.5,6.5,3182,2379,491.5
2026-04-02,2417055,1180471417,493.0,484.5,488.0,3.5,2971,2379,488.0
2026-04-07,2522654,1257332899,503.0,490.5,499.0,11.0,3966,2379,493.0
2026-04-08,2766136,1397996153,510.0,501.0,505.0,6.0,4031,2379,510.0
2026-04-09,3005180,1527700177,512.0,502.0,512.0,7.0,3805,2379,506.0
2026-04-10,2424667,1234380815,516.0,506.0,508.0,-4.0,3467,2379,510.0
2026-04-13,3844236,1988429884,525.0,500.0,525.0,17.0,5869,2379,510.0
2026-04-14,2925406,1528555642,527.0,514.0,524.0,-1.0,4064,2379,514.0
2026-04-15,3760306,1976005645,530.0,522.0,525.0,1.0,3463,2379,527.0
2026-04-16,5860577,3136384973,540.0,530.0,540.0,15.0,6422,2379,535.0
2026-04-17,3344687,1779963419,538.0,528.0,531.0,-9.0,3860,2379,531.0
2026-04-20,4706506,2534250526,544.0,534.0,538.0,7.0,4754,2379,539.0
2026-04-21,4524013,2496361571,560.0,538.0,551.0,13.0,6483,2379,538.0
2026-04-22,4284435,2408279588,567.0,549.0,567.0,16.0,5760,2379,549.0
2026-04-23,6629583,3625321571,575.0,535.0,542.0,-25.0,10898,2379,569.0
2026-04-24,3724010,1997888130,544.0,530.0,539.0,-3.0,5267,2379,542.0
2026-04-27,3030589,1666555865,558.0,537.0,555.0,16.0,4857,2379,545.0
2026-04-28,2444972,1366865353,564.0,554.0,561.0,6.0,3409,2379,563.0
2026-04-29,2689814,1485195196,561.0,541.0,551.0,-10.0,3841,2379,561.0
2026-04-30,2851421,1548143614,556.0,535.0,537.0,-14.0,3981,2379,545.0
2026-05-04,5112509,2707871922,548.0,524.0,528.0,-9.0,8284,2379,535.0
2026-05-05,2853367,1514056147,534.0,526.0,533.0,5.0,3375,2379,528.0
2026-05-06,4251080,2299285950,548.0,533.0,544.0,11.0,5161,2379,543.0
2026-05-07,3701667,2002674252,551.0,535.0,539.0,-5.0,5119,2379,550.0
2026-05-08,9246415,5419185809,592.0,551.0,592.0,53.0,12706,2379,555.0
2026-05-11,9832375,5847090368,615.0,581.0,584.0,-8.0,12866,2379,615.0
2026-05-12,6324608,3563729423,583.0,555.0,555.0,-29.0,11105,2379,581.0
2026-05-13,3959939,2173294270,563.0,539.0,552.0,-3.0,6004,2379,555.0
2026-05-14,3289468,1872749477,577.0,556.0,574.0,22.0,5732,2379,559.0
2026-05-15,7152480,3920043643,583.0,536.0,536.0,-38.0,9335,2379,577.0
2026-05-18,4398430,2422641537,563.0,536.0,560.0,24.0,5775,2379,546.0
2026-05-19,5177793,2920630908,583.0,552.0,555.0,-5.0,7271,2379,565.0
2026-05-20,3379227,1910516481,572.0,556.0,567.0,12.0,4439,2379,564.0
2026-05-21,2995695,1731128266,582.0,571.0,575.0,8.0,4745,2379,579.0
2026-05-22,3741508,2143001147,578.0,566.0,578.0,3.0,5421,2379,574.0
2026-05-25,4143796,2427454080,594.0,578.0,583.0,5.0,5712,2379,584.0
2026-05-26,2963327,1748529125,594.0,584.0,590.0,7.0,4526,2379,590.0
2026-05-27,6045678,3690642480,624.0,595.0,605.0,15.0,9580,2379,595.0
2026-05-28,4278904,2572549334,616.0,593.0,594.0,-11.0,6393,2379,605.0
2026-05-29,7108843,4160248692,615.0,580.0,580.0,-14.0,7454,2379,613.0
2026-06-01,5909157,3535060865,610.0,583.0,609.0,29.0,6823,2379,595.0
2026-06-02,11499887,7322619986,653.0,602.0,653.0,44.0,14927,2379,612.0
2026-06-03,9907917,6592117281,689.0,642.0,646.0,-7.0,13090,2379,685.0
2026-06-04,7282659,4607455679,645.0,624.0,624.0,-22.0,9318,2379,640.0
2026-06-05,8952924,5721538127,660.0,605.0,643.0,19.0,11079,2379,629.0
2026-06-08,8437827,4973499296,600.0,579.0,596.0,-47.0,11019,2379,579.0
2026-06-09,7178103,4561736835,655.0,586.0,651.0,55.0,10619,2379,590.0
2026-06-10,6677643,4321362740,657.0,633.0,645.0,-6.0,8227,2379,635.0
2026-06-11,7143544,4477935405,655.0,602.0,655.0,10.0,9402,2379,645.0
2026-06-12,4606005,2947412987,665.0,616.0,618.0,-37.0,9002,2379,655.0
2026-06-15,2577359,1613305795,644.0,616.0,634.0,16.0,5018,2379,639.0
2026-06-16,4272077,2807458909,678.0,631.0,678.0,44.0,7562,2379,640.0
2026-06-17,5744695,4079771062,745.0,662.0,745.0,67.0,10218,2379,677.0
2026-06-18,6727481,5412872173,819.0,754.0,819.0,74.0,12893,2379,770.0
2026-06-22,7335818,6508351714,900.0,840.0,900.0,81.0,20749,2379,840.0
2026-06-23,8046068,7201571580,970.0,857.0,863.0,-37.0,30809,2379,948.0
2026-06-24,6901083,5663064803,851.0,801.0,803.0,-60.0,19974,2379,821.0
