date,capacity,turnover,high,low,close,change,transaction_volume,stock_code_id,open
2015-01-05,1836682,74916400,41.2,40.6,40.75,-0.15,900,2383,41.2
2015-01-06,3385929,134793934,40.3,39.4,39.7,-1.05,1862,2383,40.1
2015-01-07,2686512,106097115,39.7,39.3,39.4,-0.3,1404,2383,39.65
2015-01-08,2563814,101154377,39.85,39.25,39.3,-0.1,1148,2383,39.55
2015-01-09,4971411,203142217,41.3,40.1,41.05,1.75,2438,2383,40.5
2015-01-12,3267288,134768758,41.9,40.75,40.75,-0.3,1491,2383,41.05
2015-01-13,2470919,101533853,41.6,40.4,41.05,0.3,1306,2383,40.55
2015-01-14,1599918,65301791,41.3,40.6,40.8,-0.25,835,2383,41.2
2015-01-15,2198191,90497868,41.9,40.6,40.9,0.1,986,2383,40.9
2015-01-16,1935651,79035122,41.4,40.45,40.75,-0.15,1097,2383,40.9
2015-01-19,1185983,48462793,41.1,40.6,40.7,-0.05,813,2383,41.0
2015-01-20,1642299,67585779,41.4,40.85,41.15,0.45,857,2383,40.95
2015-01-21,1026931,42093227,41.35,40.85,40.9,-0.25,585,2383,41.35
2015-01-22,5333014,223903121,42.8,40.9,42.8,1.9,2543,2383,41.15
2015-01-23,4280619,181904495,43.3,42.1,42.1,-0.7,2062,2383,43.3
2015-01-26,1695292,71337364,42.3,41.8,42.2,0.1,872,2383,42.1
2015-01-27,3090314,131967847,43.2,42.2,42.6,0.4,1569,2383,42.25
2015-01-28,1751873,74684357,42.9,42.3,42.6,0.0,976,2383,42.45
2015-01-29,2712867,113816446,42.5,41.5,41.95,-0.65,1386,2383,42.5
2015-01-30,2324874,98695336,42.8,42.0,42.65,0.7,1047,2383,42.1
2015-02-02,3272134,136573352,42.4,41.15,41.75,-0.9,1882,2383,42.15
2015-02-03,2248379,94679111,42.4,41.8,41.9,0.15,1227,2383,41.95
2015-02-04,2671362,113006401,42.5,42.0,42.3,0.4,1502,2383,42.2
2015-02-05,3709504,159538172,43.35,42.55,43.1,0.8,1851,2383,42.7
2015-02-06,3941896,170007493,43.8,42.75,42.75,-0.35,1708,2383,43.3
2015-02-09,1860732,79928384,43.25,42.65,42.9,0.15,940,2383,42.85
2015-02-10,5655628,248232064,44.3,43.2,43.7,0.8,2499,2383,43.5
2015-02-11,2282818,100029803,44.3,43.3,43.7,0.0,1251,2383,44.3
2015-02-12,2167246,95376870,44.25,43.8,43.9,0.2,1308,2383,44.0
2015-02-13,2024350,88810613,44.3,43.75,43.8,-0.1,1154,2383,44.0
2015-02-24,5247344,236884551,45.65,44.25,45.5,1.7,2337,2383,44.6
2015-02-25,2633359,119947809,45.9,45.0,45.5,0.0,1412,2383,45.8
2015-02-26,3154462,140883088,45.2,44.3,44.55,-0.95,1708,2383,45.0
2015-03-02,3393340,148845529,44.5,43.35,43.95,-0.6,1709,2383,44.5
2015-03-03,2137411,94605484,44.6,44.0,44.15,0.2,1250,2383,44.0
2015-03-04,2494237,109894942,44.3,43.85,44.0,-0.15,1519,2383,44.15
2015-03-05,6636462,303306495,46.65,44.0,46.4,2.4,3077,2383,44.0
2015-03-06,4274725,198527719,47.15,46.05,46.1,-0.3,2137,2383,46.8
2015-03-09,4814446,226021570,47.6,45.85,47.6,1.5,2101,2383,46.0
2015-03-10,10072063,497886998,50.5,48.45,49.05,1.45,4583,2383,48.5
2015-03-11,4455874,220482328,49.9,48.6,49.7,0.65,2373,2383,49.05
2015-03-12,4062490,203388320,50.5,49.7,49.95,0.25,2297,2383,50.0
2015-03-13,8549279,442321421,53.0,50.0,52.4,2.45,4112,2383,50.2
2015-03-16,9026653,484981365,54.8,51.7,54.7,2.3,4575,2383,52.6
2015-03-17,8530422,460154718,55.8,52.5,53.2,-1.5,4314,2383,55.0
2015-03-18,4221275,226105685,54.3,53.0,53.6,0.4,2047,2383,53.5
2015-03-19,5499140,298115067,55.5,53.1,53.8,0.2,2834,2383,54.0
2015-03-20,4482431,242087687,55.0,53.2,54.0,0.2,2264,2383,53.8
2015-03-23,8493755,471290864,56.5,54.2,55.4,1.4,4317,2383,54.2
2015-03-24,3931997,215090014,55.4,54.2,54.3,-1.1,2062,2383,55.4
2015-03-25,12852162,722669734,57.1,54.8,55.4,1.1,4568,2383,56.0
2015-03-26,6366512,346915286,55.3,53.7,55.1,-0.3,3219,2383,55.0
2015-03-27,7441167,399886431,55.0,52.5,54.6,-0.5,3242,2383,54.7
2015-03-30,3559582,191033146,55.2,52.5,53.1,-1.5,1899,2383,55.0
2015-03-31,3593713,194725383,54.8,53.6,53.6,0.5,1887,2383,53.6
2015-04-01,2596576,139586817,54.6,52.8,54.4,0.8,1490,2383,53.3
2015-04-02,3938435,214041354,54.8,53.7,54.7,0.3,1870,2383,54.4
2015-04-07,2899173,160173816,56.1,54.3,55.1,0.4,1580,2383,54.7
2015-04-08,4312434,233169026,55.7,53.3,53.4,-1.7,2513,2383,55.0
2015-04-09,5757631,302984581,54.2,51.1,51.1,-2.3,2726,2383,53.5
2015-04-10,5833097,295736510,52.4,49.75,50.5,-0.6,2726,2383,52.4
2015-04-13,2886779,148640835,52.6,50.4,52.6,2.1,1628,2383,51.0
2015-04-14,3089659,164586525,54.3,52.1,53.8,1.2,1632,2383,52.4
2015-04-15,4005397,210103478,53.5,51.9,52.1,-1.7,2018,2383,53.1
2015-04-16,3081754,161290776,53.4,51.7,52.1,0.0,1611,2383,52.8
2015-04-17,1702863,87650875,52.3,51.1,51.2,-0.9,970,2383,52.1
2015-04-20,1510788,77337959,51.6,50.7,51.4,0.2,831,2383,51.2
2015-04-21,4780239,237691520,51.6,48.0,49.2,-2.2,2492,2383,51.5
2015-04-22,4217008,210400041,50.7,48.7,50.7,1.5,1939,2383,49.2
2015-04-23,2780445,142706226,52.0,50.8,51.1,0.4,1560,2383,51.4
2015-04-24,2659371,134388352,51.2,50.0,50.5,-0.6,1389,2383,51.1
2015-04-27,3657864,189419842,52.5,50.5,52.5,2.0,2149,2383,50.7
2015-04-28,2041255,106431765,52.9,51.8,52.2,-0.3,1231,2383,52.9
2015-04-29,2087346,106784915,52.4,50.7,51.5,-0.7,1226,2383,52.4
2015-04-30,2029548,103399828,51.4,50.4,51.2,-0.3,1111,2383,51.2
2015-05-04,1539648,79874615,52.7,51.0,52.1,0.9,869,2383,51.2
2015-05-05,1964691,100568012,52.0,50.7,51.4,-0.7,988,2383,52.0
2015-05-06,1311782,67321786,51.8,50.6,51.7,0.3,853,2383,51.2
2015-05-07,12400989,685647868,55.3,54.6,55.3,3.6,2653,2383,55.3
2015-05-08,8990300,486959351,55.2,53.2,53.2,-2.1,3615,2383,55.2
2015-05-11,4277514,226652242,54.2,51.8,53.0,-0.2,2110,2383,54.0
2015-05-12,8020977,441078477,56.3,53.0,56.3,3.3,3904,2383,53.3
2015-05-13,8310049,467587114,57.4,55.3,55.6,-0.7,3785,2383,56.3
2015-05-14,4604979,252302747,55.9,53.9,54.2,-1.4,2259,2383,55.6
2015-05-15,2580265,140026235,54.9,53.6,54.5,0.3,1379,2383,54.7
2015-05-18,1847720,100080444,54.8,53.9,54.1,-0.4,1067,2383,54.8
2015-05-19,8437807,476594699,57.8,54.2,57.0,2.9,4302,2383,54.3
2015-05-20,3555741,200473162,56.8,55.8,56.4,-0.6,2078,2383,56.7
2015-05-21,2339930,130605614,56.3,55.3,55.4,-1.0,1278,2383,56.0
2015-05-22,3465799,193546914,56.5,55.1,55.1,-0.3,1702,2383,55.1
2015-05-25,3171050,172755500,55.6,54.1,54.2,-0.9,1614,2383,55.1
2015-05-26,4487354,239528649,54.6,52.6,52.8,-1.4,2224,2383,54.5
2015-05-27,3153097,169721960,54.4,52.5,54.4,1.6,1694,2383,52.6
2015-05-28,2357053,127483741,55.0,53.7,53.8,-0.6,1345,2383,55.0
2015-05-29,2545921,136940013,54.7,53.1,53.1,-0.7,1463,2383,53.8
2015-06-01,1150596,61645081,54.0,53.1,54.0,0.9,783,2383,53.3
2015-06-02,4214364,232215158,56.0,54.1,54.5,0.5,2472,2383,54.5
2015-06-03,3506847,188515933,54.7,53.0,53.0,-1.5,2030,2383,54.5
2015-06-04,5873550,300114118,53.4,49.15,50.5,-2.5,3053,2383,53.2
2015-06-05,3221258,162935107,52.0,49.7,51.7,1.2,1673,2383,51.0
2015-06-08,2360500,121535947,52.2,50.8,51.5,-0.2,1192,2383,51.7
2015-06-09,3732694,186113597,51.5,48.75,49.1,-2.4,1904,2383,51.5
2015-06-10,2074907,103501522,50.4,49.55,49.9,0.8,1292,2383,49.7
2015-06-11,1632416,80840600,50.4,49.1,49.35,-0.55,1082,2383,50.4
2015-06-12,2104723,102794783,49.5,48.25,48.6,-0.75,1119,2383,49.0
2015-06-15,3063214,146278074,48.5,46.8,47.0,-1.6,1593,2383,48.5
2015-06-16,6462638,294941138,47.0,44.35,46.7,-0.3,3113,2383,47.0
2015-06-17,2301262,106565325,46.95,45.8,46.1,-0.6,1374,2383,46.7
2015-06-18,6584909,325633480,50.7,46.4,50.7,4.6,3146,2383,46.5
2015-06-22,8396096,442528856,53.9,51.5,52.8,2.1,3930,2383,51.9
2015-06-23,4438159,235048843,53.6,52.5,52.5,-0.3,2285,2383,53.3
2015-06-24,6579894,357565588,55.2,52.6,53.8,1.3,3336,2383,53.2
2015-06-25,6059839,332156032,55.3,54.2,54.5,0.7,2844,2383,54.8
2015-06-26,14026716,805021372,59.2,55.0,58.6,4.1,7025,2383,55.3
2015-06-29,24110664,1447208040,62.3,57.2,60.0,1.4,12064,2383,58.6
2015-06-30,12526804,767701994,62.8,60.1,60.1,0.1,6168,2383,61.0
2015-07-01,8331769,502220440,61.4,58.8,60.0,-0.1,4600,2383,60.1
2015-07-02,16986007,1083804013,65.6,61.2,64.9,4.9,8776,2383,61.5
2015-07-03,12808571,825012352,65.9,63.3,63.5,-1.4,6839,2383,65.3
2015-07-06,9900656,622422928,64.3,61.8,61.8,-1.7,4840,2383,62.0
2015-07-07,9793021,619733730,65.4,61.0,63.7,1.9,5276,2383,62.8
2015-07-08,9209454,566336963,63.9,59.7,60.5,-3.2,4849,2383,63.8
2015-07-09,9563773,572732955,62.4,56.8,61.4,0.9,5059,2383,58.5
2015-07-13,7409354,464071978,63.5,61.6,62.1,0.7,3756,2383,63.0
2015-07-14,8837996,565161940,65.3,62.3,63.5,1.4,4475,2383,63.0
2015-07-15,8281978,536536949,65.5,63.6,65.4,1.9,4444,2383,64.5
2015-07-16,16308135,1112878515,69.9,66.5,69.0,3.6,8759,2383,66.6
2015-07-17,10972091,739973906,69.3,66.0,66.1,-2.9,6434,2383,69.3
2015-07-20,7072846,475784854,68.5,66.2,66.5,0.4,4175,2383,67.1
2015-07-21,7711294,501660410,67.0,63.4,64.7,-1.8,4242,2383,67.0
2015-07-22,4351610,281375342,65.7,63.2,64.5,-0.2,2699,2383,63.5
2015-07-23,6028583,381108197,65.6,61.5,63.3,-1.2,3232,2383,64.6
2015-07-24,6655647,410226934,63.9,60.4,60.6,-2.7,3783,2383,63.8
2015-07-27,5451631,324704752,61.1,58.5,59.3,-1.3,3199,2383,60.0
2015-07-28,5062990,307080082,62.0,58.8,61.5,2.2,3123,2383,59.3
2015-07-29,6457136,407731851,64.9,61.1,64.0,2.5,3804,2383,62.8
2015-07-30,6263089,402877584,65.8,62.7,63.0,-1.0,3746,2383,64.7
2015-07-31,6338030,409344650,65.6,63.6,65.0,2.0,3749,2383,63.9
2015-08-03,5388007,349671855,66.2,63.3,64.5,-0.5,3236,2383,64.5
2015-08-04,11023230,726906631,67.8,63.8,64.5,0.0,6478,2383,65.4
2015-08-05,10139000,678032380,69.0,64.2,69.0,4.5,5527,2383,65.0
2015-08-06,14398324,1015935607,72.1,69.1,69.5,0.5,8073,2383,71.3
2015-08-07,8484387,599302304,71.9,68.1,71.9,2.4,4719,2383,68.2
2015-08-10,11723405,875712914,76.6,71.5,75.9,4.0,6676,2383,71.6
2015-08-11,9505029,709764566,77.4,71.8,71.8,-4.1,5819,2383,76.3
2015-08-12,9100746,648737066,73.4,69.4,71.0,-0.8,5469,2383,71.2
2015-08-13,7719189,570005371,75.0,72.3,75.0,4.0,4986,2383,72.3
2015-08-14,5017275,369037533,75.4,72.3,72.5,-2.5,3148,2383,75.2
2015-08-17,3962927,286926644,73.7,71.3,72.2,-0.3,2643,2383,72.0
2015-08-18,6213145,457510031,74.9,72.6,72.8,0.6,3919,2383,73.0
2015-08-19,6027871,428726310,73.5,70.1,70.8,-2.0,3666,2383,73.2
2015-08-20,7361867,522125697,72.4,69.4,70.8,0.0,4239,2383,71.5
2015-08-21,6626213,462393579,70.4,68.8,70.0,-0.8,4037,2383,69.9
2015-08-24,6150784,393653092,69.5,63.0,63.0,-7.0,2961,2383,69.0
2015-08-25,8013730,529254745,69.0,60.0,68.6,5.6,4626,2383,60.2
2015-08-26,7441635,526129603,72.0,67.0,71.7,3.1,4286,2383,68.6
2015-08-27,6586864,465345931,72.4,68.1,68.8,0.0,3766,2383,71.9
2015-08-28,5000237,350705464,72.0,68.8,69.1,0.3,3060,2383,70.0
2015-08-31,3522105,248191855,71.3,68.5,71.0,1.9,2108,2383,69.4
2015-09-01,3841652,275694692,73.0,70.8,71.1,0.1,2622,2383,70.9
2015-09-02,2521822,178258662,71.2,69.8,71.0,-0.1,1583,2383,70.3
2015-09-03,6779233,498397809,74.6,71.7,73.0,2.0,4141,2383,72.0
2015-09-04,4713192,339190792,74.4,70.0,70.2,-2.8,2856,2383,73.6
2015-09-07,3307703,231540673,71.0,69.2,70.0,-0.2,2019,2383,69.9
2015-09-08,4948996,351898012,72.5,69.9,70.2,0.2,2939,2383,71.8
2015-09-09,5767152,412544334,72.8,70.6,72.7,2.5,3435,2383,71.7
2015-09-10,5588797,409974429,74.5,71.8,72.7,0.0,3312,2383,72.5
2015-09-11,6517726,487899850,76.0,73.3,75.1,2.4,3840,2383,73.8
2015-09-14,3794232,282884668,76.2,73.4,73.4,-1.7,2453,2383,76.0
2015-09-15,4936475,354584714,74.0,70.7,71.1,-2.3,3324,2383,74.0
2015-09-16,4431970,314991971,72.5,70.5,70.7,-0.4,2786,2383,72.2
2015-09-17,3993649,284614511,72.0,70.8,70.8,0.1,2475,2383,71.7
2015-09-18,6291092,453395406,73.5,70.5,71.9,1.1,3356,2383,71.3
2015-09-21,6960792,510268924,74.2,71.5,73.4,1.5,3870,2383,71.9
2015-09-22,6661992,499579499,75.9,74.0,74.5,1.1,4001,2383,74.3
2015-09-23,3540754,258957452,74.4,72.1,72.3,-2.2,2286,2383,73.6
2015-09-24,3080604,220225282,73.2,69.8,71.9,-0.4,2103,2383,72.7
2015-09-25,2378589,169766002,72.5,70.7,71.5,-0.4,1568,2383,72.0
2015-09-30,2667420,191091719,72.4,70.4,72.4,0.9,1653,2383,70.8
2015-10-01,3952109,292059277,75.0,73.0,73.5,1.1,2577,2383,73.4
2015-10-02,2191060,160874076,74.5,72.7,73.2,-0.3,1581,2383,73.5
2015-10-05,2654254,195501584,74.3,73.0,73.4,0.2,1707,2383,73.5
2015-10-06,6396893,476607959,76.4,72.0,72.0,-1.4,3930,2383,74.0
2015-10-07,3184587,232484347,73.6,72.5,72.5,0.5,2046,2383,73.5
2015-10-08,3387906,247641003,74.5,72.2,72.2,-0.3,2211,2383,73.1
2015-10-12,5057143,369908816,74.4,72.2,72.2,0.0,2947,2383,72.9
2015-10-13,2386322,172314684,73.0,71.5,72.3,0.1,1599,2383,72.6
2015-10-14,2075167,149658001,72.9,71.6,71.6,-0.7,1456,2383,72.4
2015-10-15,3222489,228845212,72.1,70.5,70.7,-0.9,1948,2383,72.0
2015-10-16,5087310,353836562,71.8,68.0,68.3,-2.4,2920,2383,71.0
2015-10-19,4734804,319253340,69.4,66.5,67.2,-1.1,2996,2383,68.3
2015-10-20,4911943,334326114,69.3,67.1,68.5,1.3,2996,2383,68.1
2015-10-21,2873976,195637375,69.0,67.6,67.8,-0.7,2182,2383,68.8
2015-10-22,1982749,133721374,68.1,67.0,67.7,-0.1,1438,2383,67.8
2015-10-23,1943926,131921718,68.7,67.1,67.2,-0.5,1378,2383,68.3
2015-10-26,2187195,148493431,68.3,67.3,68.2,1.0,1461,2383,67.6
2015-10-27,7258133,476358416,68.2,64.0,65.3,-2.9,4149,2383,68.2
2015-10-28,4105843,270414563,66.5,65.4,66.2,0.9,2605,2383,65.5
2015-10-29,2904442,190897967,67.0,64.9,65.0,-1.2,1835,2383,67.0
2015-10-30,3723670,246642283,67.2,64.5,66.7,1.7,2498,2383,65.0
2015-12-01,1946442,126159830,65.3,64.0,65.3,1.8,1450,2383,64.3
2015-12-02,2243442,144764869,65.8,64.0,64.1,-1.2,1350,2383,65.8
2015-12-03,1907430,123724905,65.5,63.6,65.0,0.9,1306,2383,63.8
2015-12-04,1863886,118685663,64.4,63.0,63.4,-1.6,1299,2383,63.8
2015-12-07,1142977,73088732,64.6,63.5,63.6,0.2,786,2383,63.8
2015-12-08,8297654,490297684,61.9,58.0,58.0,-5.6,4917,2383,61.9
2015-12-09,3820463,219872223,58.8,56.8,57.6,-0.4,2463,2383,56.8
2015-12-10,5902922,329849532,58.5,54.0,55.5,-2.1,3370,2383,57.7
2015-12-11,4361803,243583092,57.0,54.1,54.5,-1.0,2220,2383,56.0
2015-12-14,2764061,151893378,55.8,53.5,55.3,0.8,1847,2383,54.5
2015-12-15,3098644,170997776,56.5,54.3,54.3,-1.0,2008,2383,55.9
2015-12-16,2118179,115063815,55.2,53.8,54.1,-0.2,1260,2383,55.0
2015-12-17,3355152,187532742,56.9,54.4,56.9,2.8,2128,2383,54.8
2015-12-18,3386540,189744721,56.8,55.4,55.4,-1.5,2136,2383,56.8
2015-12-21,1466461,81140302,56.0,54.6,55.7,0.3,903,2383,54.8
2015-12-22,1481666,82875358,56.4,55.4,55.5,-0.2,1033,2383,56.0
2015-12-23,6908152,398615116,58.8,56.1,57.6,2.1,4289,2383,56.3
2015-12-24,3455523,197561240,58.3,56.3,56.4,-1.2,2100,2383,57.6
2015-12-25,2101641,120600210,58.0,56.5,57.9,1.5,1336,2383,56.6
2015-12-28,6602558,391788296,60.2,58.2,59.0,1.1,3662,2383,58.8
2015-12-29,4487821,265440959,60.1,58.1,58.6,-0.4,2676,2383,59.9
2015-12-30,3803429,220852216,59.5,56.7,57.0,-1.6,2216,2383,59.0
2015-12-31,2201496,126326116,57.9,56.8,57.5,0.5,1501,2383,57.2
2016-01-04,2760024,160661192,59.1,57.3,58.1,0.6,1867,2383,57.9
2016-01-05,3419160,195375560,58.1,56.4,56.4,-1.7,2379,2383,58.1
2016-01-06,3045028,171123553,57.2,55.4,56.0,-0.4,2044,2383,56.7
2016-01-07,3627638,199838711,56.9,53.6,54.1,-1.9,2265,2383,56.0
2016-01-08,2792632,154407125,56.2,54.1,56.2,2.1,1921,2383,54.1
2016-01-11,2285893,125099374,55.8,54.2,54.3,-1.9,1599,2383,55.8
2016-01-12,4318000,227732594,55.3,51.0,51.5,-2.8,2510,2383,55.3
2016-01-13,2717496,141702692,52.9,51.3,52.0,0.5,1699,2383,52.7
2016-01-14,2928164,151572100,52.6,50.5,51.9,-0.1,1726,2383,51.3
2016-01-15,2283952,118337870,52.8,50.8,50.9,-1.0,1224,2383,52.7
2016-01-18,2592648,134483222,53.4,49.8,53.0,2.1,1601,2383,49.9
2016-01-19,1524309,80506077,53.5,52.1,53.0,0.0,1006,2383,52.8
2016-01-20,1448910,75819973,52.8,51.9,52.2,-0.8,1005,2383,52.5
2016-01-21,1203937,63210535,53.0,51.9,52.4,0.2,813,2383,52.3
2016-01-22,1280873,67188212,53.4,51.7,52.2,-0.2,888,2383,53.3
2016-01-25,1533103,81334659,53.4,52.5,53.2,1.0,887,2383,53.1
2016-01-26,800796,42156865,53.0,52.3,52.5,-0.7,574,2383,52.9
2016-01-27,1194342,62538648,53.0,52.0,52.2,-0.3,718,2383,53.0
2016-01-28,1144105,59854148,52.6,51.9,52.3,0.1,707,2383,52.2
2016-01-29,8494707,479314548,57.5,52.5,57.5,5.2,3843,2383,52.6
2016-01-30,5310936,306818914,58.7,56.6,57.2,-0.3,2712,2383,58.5
2016-02-01,3147928,180613915,58.3,56.5,56.5,-0.7,2117,2383,57.3
2016-02-02,1438585,81132245,57.1,55.7,57.1,0.6,954,2383,56.5
2016-02-03,5814989,336882650,58.7,57.4,57.4,0.3,3374,2383,57.6
2016-02-15,3130498,176618013,57.4,55.3,56.3,-1.1,2217,2383,55.3
2016-02-16,2973156,169614892,58.0,56.4,56.9,0.6,1767,2383,56.4
2016-02-17,1432789,81665351,57.4,56.5,56.6,-0.3,1043,2383,57.2
2016-02-18,2165777,123595638,57.5,56.6,57.0,0.4,1397,2383,57.1
2016-02-19,7590466,448341994,60.4,57.0,59.2,2.2,4536,2383,57.0
2016-02-22,3158897,185223687,59.7,57.5,58.3,-0.9,1851,2383,59.0
2016-02-23,1828609,107531931,59.5,58.4,59.0,0.7,1134,2383,58.9
2016-02-24,4273282,255888017,60.9,58.4,59.3,0.3,2384,2383,58.9
2016-02-25,3508209,209890025,60.7,59.0,59.8,0.5,2060,2383,59.0
2016-02-26,3383089,204271251,60.9,59.8,60.5,0.7,1876,2383,60.4
2016-03-01,2801364,170645150,61.3,60.3,60.9,0.4,1979,2383,60.9
2016-03-02,4353937,270332409,62.9,61.6,61.6,0.7,2231,2383,61.8
2016-03-03,2592282,157850748,62.3,60.2,60.6,-1.0,1610,2383,61.8
2016-03-04,1642335,99969155,61.3,60.3,60.9,0.3,1143,2383,60.9
2016-03-07,3368667,200998453,61.2,58.8,58.8,-2.1,2140,2383,61.2
2016-03-08,3650917,208747525,58.3,56.6,57.3,-1.5,2286,2383,58.2
2016-03-09,2908338,164597623,57.2,56.3,56.5,-0.8,1672,2383,57.2
2016-03-10,3156165,179741664,57.4,56.3,57.4,0.9,1733,2383,56.9
2016-03-11,2048125,116270903,57.4,56.4,57.0,-0.4,1209,2383,57.4
2016-03-14,4131719,232644602,57.4,55.9,56.1,-0.9,2178,2383,57.1
2016-03-15,3384540,187663400,56.4,55.0,55.0,-1.1,1799,2383,56.4
2016-03-16,3595773,196773275,55.6,54.2,54.5,-0.5,2002,2383,55.0
2016-03-17,3583769,196444780,55.3,54.5,54.5,0.0,1803,2383,54.5
2016-03-18,3023140,167824240,56.2,54.6,56.2,1.7,2036,2383,54.6
2016-03-21,5207261,294687537,57.5,55.3,56.3,0.1,2925,2383,56.3
2016-03-22,3770743,213695212,57.3,55.6,56.6,0.3,2039,2383,56.5
2016-03-23,5245537,301149915,58.1,56.6,57.7,1.1,3096,2383,56.6
2016-03-24,12295321,731728439,60.5,58.6,59.0,1.3,6716,2383,59.9
2016-03-25,3226485,189001367,59.7,58.1,58.2,-0.8,1825,2383,59.6
2016-03-28,4887073,288049038,59.7,57.6,59.7,1.5,3040,2383,58.5
2016-03-29,6593110,395944302,61.1,59.1,59.2,-0.5,3599,2383,60.5
2016-03-30,3899481,233399905,60.4,59.3,60.0,0.8,2080,2383,60.2
2016-03-31,6624356,405049277,61.8,60.4,61.3,1.3,3464,2383,61.1
2016-04-01,3973648,243001715,61.8,60.6,60.9,-0.4,2432,2383,61.5
2016-04-06,2542251,153794775,61.4,59.7,61.3,0.4,1646,2383,60.9
2016-04-07,2552826,153842960,61.3,60.0,60.0,-1.3,1493,2383,61.3
2016-04-08,2459040,145901656,60.0,58.7,59.1,-0.9,1470,2383,59.7
2016-04-11,1460925,86379753,59.9,58.3,59.2,0.1,810,2383,58.8
2016-04-12,1984408,115798041,59.6,57.7,57.7,-1.5,1310,2383,59.3
2016-04-13,2426179,143689390,60.0,58.0,59.3,1.6,1485,2383,58.0
2016-04-14,1570004,93542034,59.9,59.3,59.6,0.3,1031,2383,59.9
2016-04-15,1498421,89049160,59.7,59.0,59.4,-0.2,836,2383,59.5
2016-04-18,1592816,93500793,59.2,58.5,58.5,-0.9,1064,2383,59.2
2016-04-19,2724776,162180693,60.4,58.7,59.8,1.3,1450,2383,58.9
2016-04-20,2634894,155871382,60.1,58.2,58.5,-1.3,1586,2383,59.8
2016-04-21,1041842,61157405,59.1,58.2,58.6,0.1,748,2383,58.8
2016-04-22,1596453,92312582,58.8,57.5,57.5,-1.1,979,2383,58.6
2016-04-25,1889992,107492035,57.6,56.2,57.2,-0.3,1093,2383,57.5
2016-04-26,1858093,106419045,57.6,56.8,57.3,0.1,992,2383,57.2
2016-04-27,1700109,98235107,58.4,56.7,58.2,0.9,1123,2383,57.5
2016-04-28,1457029,83958354,58.5,57.1,57.1,-1.1,935,2383,58.3
2016-04-29,3585200,208611615,58.9,57.6,57.6,0.5,2176,2383,58.2
2016-05-03,1436201,82954671,58.1,57.1,57.6,0.0,1067,2383,58.1
2016-05-04,2854418,167601562,59.5,57.4,58.9,1.3,1659,2383,57.6
2016-05-05,1705691,100165243,59.3,58.2,58.9,0.0,1033,2383,59.0
2016-05-06,1760025,101853229,58.8,57.2,57.6,-1.3,1167,2383,58.8
2016-05-09,3429400,203207977,60.0,58.3,58.7,1.1,2043,2383,58.6
2016-05-10,4466318,267404580,60.6,59.0,60.1,1.4,2748,2383,59.6
2016-05-11,6405054,392224930,62.1,59.9,61.9,1.8,4085,2383,60.5
2016-05-12,9588062,601665764,63.8,60.7,61.0,-0.9,5368,2383,62.5
2016-05-13,6192879,384041996,63.0,60.1,63.0,2.0,3592,2383,61.5
2016-05-16,6016939,384360011,64.8,62.3,63.6,0.6,3408,2383,63.0
2016-05-17,3730689,237441442,64.5,63.0,63.3,-0.3,2261,2383,63.8
2016-05-18,3817582,239902684,63.7,62.0,62.0,-1.3,2398,2383,63.0
2016-05-19,2359076,147174800,63.2,62.0,62.3,0.3,1449,2383,62.6
2016-05-20,3241203,203503001,63.7,62.0,63.3,1.0,1825,2383,62.3
2016-05-23,6570719,426166535,65.5,63.5,65.0,1.7,3990,2383,63.8
2016-05-24,5659409,372316824,66.5,64.3,65.7,0.7,3493,2383,65.4
2016-05-25,3402950,223535940,66.4,65.1,65.1,-0.6,2366,2383,66.4
2016-05-26,3277857,212503431,65.5,64.2,64.9,-0.2,1749,2383,65.4
2016-05-27,2138301,139954392,66.0,64.9,65.1,0.2,1536,2383,65.5
2016-05-30,2530368,165433607,66.0,64.5,65.8,0.7,1831,2383,65.5
2016-05-31,3055471,199856053,65.8,64.8,65.7,-0.1,1661,2383,65.8
2016-06-01,5692419,380050015,67.4,65.4,66.7,1.0,3749,2383,65.7
2016-06-02,3306214,219838599,66.8,66.1,66.2,-0.5,2034,2383,66.8
2016-06-03,3404715,222716283,66.7,64.8,64.9,-1.3,2069,2383,66.5
2016-06-04,791650,51319222,65.1,64.5,64.8,-0.1,486,2383,64.9
2016-06-06,1500837,97102798,65.4,64.3,64.4,-0.4,978,2383,64.9
2016-06-07,3771003,248685079,66.5,65.2,66.1,1.7,2495,2383,65.4
2016-06-08,2307203,151464914,66.2,65.4,65.7,-0.4,1489,2383,66.1
2016-06-13,2044681,133438368,65.9,64.7,65.9,0.2,1327,2383,65.5
2016-06-14,4075386,273008362,67.6,65.9,67.0,1.1,2397,2383,66.0
2016-06-15,2282818,152364683,67.3,66.2,67.2,0.2,1434,2383,67.0
2016-06-16,7672073,527248409,69.5,67.1,68.8,1.6,4393,2383,67.2
2016-06-17,5677499,400655629,71.0,69.5,71.0,2.2,3205,2383,69.8
2016-06-20,4023392,287057803,72.1,70.5,71.2,0.2,2616,2383,71.1
2016-06-21,4918828,354948254,73.2,70.9,71.7,0.5,3219,2383,71.6
2016-06-22,3356135,241642069,72.6,71.4,72.6,0.9,2224,2383,72.0
2016-06-23,3249223,236336682,73.3,72.0,72.0,-0.6,2251,2383,73.0
2016-06-24,5536295,398253745,73.6,70.3,71.3,-0.7,3331,2383,72.7
2016-06-27,2971034,213398929,73.0,70.8,71.5,0.2,1923,2383,71.3
2016-06-28,3583786,255320692,71.8,70.6,71.7,0.2,2337,2383,71.0
2016-06-29,6092400,451626404,74.9,72.4,74.8,3.1,3658,2383,72.6
2016-06-30,4135575,309917728,75.4,74.3,75.2,0.4,2360,2383,75.2
2016-07-01,2616172,194786269,75.3,74.0,74.5,-0.7,1609,2383,75.3
2016-07-04,2238851,166057925,75.0,73.2,75.0,0.5,1621,2383,74.0
2016-07-05,1903120,141295661,75.0,73.9,74.0,-1.0,1194,2383,74.9
2016-07-06,3117814,227331021,73.7,72.1,72.2,-1.8,1829,2383,73.6
2016-07-07,2064855,150216208,73.5,72.1,72.3,0.1,1310,2383,72.7
2016-07-11,3555378,264222556,75.2,72.8,74.5,2.2,2168,2383,73.1
2016-07-12,2359417,176346829,75.7,74.0,74.0,-0.5,1553,2383,75.0
2016-07-13,2828291,210360844,75.5,73.6,74.0,0.0,1648,2383,74.0
2016-07-14,1789473,132439663,74.7,73.7,73.8,-0.2,1235,2383,74.0
2016-07-15,1660878,123487017,74.7,73.8,74.0,0.2,1293,2383,74.0
2016-07-18,2624540,193497520,74.6,73.1,73.1,-0.9,1573,2383,74.0
2016-07-19,4868014,349873290,73.6,70.7,71.3,-1.8,2816,2383,73.1
2016-07-20,3708318,264898896,72.4,70.5,72.0,0.7,1905,2383,71.3
2016-07-21,2711427,198845822,74.4,71.7,73.7,1.7,1769,2383,72.2
2016-07-22,2266904,166651804,74.3,72.8,72.8,-0.9,1463,2383,73.7
2016-07-25,2199260,157871641,73.5,71.1,71.4,-1.4,1297,2383,73.5
2016-07-26,2240455,159536218,71.7,70.9,71.7,0.3,1448,2383,71.4
2016-07-27,1681283,121172881,72.7,71.4,72.1,0.4,1087,2383,72.2
2016-07-28,2127944,155546698,73.4,72.0,73.1,1.0,1376,2383,72.0
2016-07-29,2106407,152528541,73.3,71.6,72.5,-0.6,1363,2383,73.1
2016-08-01,2297941,168061531,74.2,71.8,73.9,1.4,1516,2383,72.7
2016-08-02,1988127,145773671,74.0,72.9,73.0,-0.9,1424,2383,74.0
2016-08-03,12556069,967658768,79.5,74.2,78.9,5.9,7518,2383,74.4
2016-08-04,5620775,443455710,80.2,78.1,78.3,-0.6,3562,2383,80.1
2016-08-05,5914540,475109329,81.8,78.3,80.1,1.8,3716,2383,79.0
2016-08-08,7411266,611873871,84.4,80.1,83.1,3.0,4526,2383,80.8
2016-08-09,5760955,478194982,84.6,82.1,82.3,-0.8,3590,2383,83.4
2016-08-10,7211075,615371300,86.9,82.5,84.0,1.7,4451,2383,82.8
2016-08-11,5854997,483577544,85.7,79.8,81.8,-2.2,3999,2383,84.5
2016-08-12,2916580,239775437,83.4,81.1,81.8,0.0,2004,2383,82.8
2016-08-15,3217666,267291600,84.1,81.8,83.2,1.4,2145,2383,82.0
2016-08-16,4553069,375207158,83.5,81.9,82.0,-1.2,3160,2383,83.5
2016-08-17,3951349,318704383,81.8,79.9,81.1,-0.9,2424,2383,81.2
2016-08-18,3580117,287378860,81.5,79.8,80.0,-1.1,2311,2383,80.9
2016-08-19,2397659,193923433,81.5,80.0,81.3,1.3,1510,2383,80.8
2016-08-22,2132068,173498623,81.9,80.9,81.4,0.1,1537,2383,81.3
2016-08-23,4712086,392762797,84.4,81.3,83.9,2.5,2952,2383,81.4
2016-08-24,6178520,517723499,84.7,83.1,83.3,-0.6,3203,2383,84.4
2016-08-25,6697915,539056848,81.2,79.4,80.5,0.0,3652,2383,79.9
2016-08-26,10549804,882491650,85.0,81.8,85.0,4.5,6337,2383,81.9
2016-08-29,4561611,381725796,84.8,82.9,83.5,-1.5,2686,2383,84.7
2016-08-30,7240218,625335459,87.9,83.8,86.7,3.2,4519,2383,84.1
2016-08-31,4866023,421488671,88.5,85.5,86.6,-0.1,3055,2383,86.9
2016-09-01,2044599,175652768,86.5,85.5,85.7,-0.9,1371,2383,86.2
2016-09-02,4215695,359468551,87.2,84.0,84.4,-1.3,2679,2383,86.3
2016-09-05,3304019,286608440,88.0,85.3,86.7,2.3,2349,2383,86.1
2016-09-06,8709789,774765288,92.1,86.8,86.8,0.1,5753,2383,87.5
2016-09-07,4376281,383228259,88.3,86.5,87.8,1.0,3206,2383,87.2
2016-09-08,1902203,167029576,88.3,87.3,87.9,0.1,1329,2383,88.0
2016-09-09,1694420,148273340,88.0,87.0,87.1,-0.8,1151,2383,87.9
2016-09-10,3149915,268243875,86.1,84.5,84.7,-2.4,2018,2383,85.0
2016-09-12,2554544,217639940,85.7,84.8,84.8,0.1,1597,2383,85.1
2016-09-13,3053502,258493513,85.7,82.9,84.1,-0.7,1885,2383,85.4
2016-09-14,5159742,442282436,86.5,84.0,85.5,1.4,2731,2383,84.1
2016-09-19,4270264,374793275,88.7,86.6,88.3,2.8,2519,2383,86.6
2016-09-20,3614469,322435324,89.8,87.7,89.2,0.9,2612,2383,88.8
2016-09-21,1531967,136161273,89.7,88.3,88.5,-0.7,1169,2383,89.2
2016-09-22,3869379,347317089,90.7,88.6,88.6,0.1,2765,2383,89.7
2016-09-23,2115794,186791779,89.5,87.8,88.5,-0.1,1433,2383,89.2
2016-09-26,1701415,148772267,88.1,87.0,87.0,-1.5,1031,2383,88.1
2016-09-29,1462237,126973982,87.9,86.2,86.3,-0.7,1044,2383,87.0
2016-09-30,2557568,217569899,85.6,84.3,85.5,-0.8,1633,2383,85.3
2016-10-03,2783769,236038191,86.2,83.7,84.4,-1.1,1734,2383,85.6
2016-10-04,4987087,414537358,84.2,82.3,84.0,-0.4,2988,2383,84.0
2016-10-05,2694876,224612225,84.9,82.5,82.6,-1.4,1769,2383,83.5
2016-10-06,3453053,282687515,82.6,81.5,81.7,-0.9,1951,2383,82.6
2016-10-07,2394340,195865309,82.8,81.3,81.5,-0.2,1685,2383,81.5
2016-10-11,4075384,325689037,82.3,78.1,79.8,-1.7,2443,2383,82.3
2016-10-12,3846904,311271228,83.1,78.3,82.0,2.2,3030,2383,78.7
2016-10-13,2032885,166819270,82.6,81.0,82.0,0.0,1421,2383,82.0
2016-10-14,1622371,131460563,82.0,80.1,80.5,-1.5,992,2383,81.4
2016-10-17,2579707,212847457,83.4,80.7,83.3,2.8,1945,2383,81.0
2016-10-18,2519929,209287508,83.5,82.7,82.9,-0.4,1328,2383,83.4
2016-10-19,3624311,305462113,85.1,83.2,83.4,0.5,2236,2383,83.2
2016-10-20,1637498,136965734,84.0,83.0,83.5,0.1,1257,2383,83.7
2016-10-21,2371553,198187427,84.1,82.7,83.9,0.4,1292,2383,83.6
2016-10-24,3804883,325906512,87.3,83.1,86.7,2.8,2487,2383,83.9
2016-10-25,4106252,356496043,88.0,85.3,87.8,1.1,2639,2383,86.0
2016-10-26,3768670,330725820,88.4,86.8,87.9,0.1,2235,2383,86.8
2016-10-27,6545324,590063860,90.9,89.0,90.4,2.5,3848,2383,89.0
2016-10-28,3219545,289511475,91.0,89.0,89.0,-1.4,1928,2383,90.1
2016-10-31,2057509,181822632,89.1,87.4,88.1,-0.9,1355,2383,89.0
2016-11-01,1777731,155208710,88.4,86.6,86.9,-1.2,1277,2383,87.8
2016-11-02,2824845,239410106,86.4,83.3,83.8,-3.1,1795,2383,86.0
2016-11-03,3065956,262163216,87.1,83.6,86.0,2.2,2264,2383,83.6
2016-11-04,2472737,213880954,87.8,85.6,85.9,-0.1,1703,2383,86.8
2016-11-07,1746752,150255965,86.5,85.2,86.0,0.1,1234,2383,85.9
2016-11-08,1206660,103383858,86.5,85.1,85.9,-0.1,820,2383,86.5
2016-11-09,2927024,244966192,86.3,81.8,83.0,-2.9,1865,2383,85.9
2016-11-10,1705002,143488963,85.6,83.2,83.7,0.7,1282,2383,84.6
2016-11-11,3687816,296808846,82.5,79.2,79.6,-4.1,2563,2383,81.7
2016-11-14,3469352,278655144,81.9,78.5,81.1,1.5,2271,2383,79.6
2016-11-15,2047100,167156319,82.2,80.2,82.2,1.1,1559,2383,81.1
2016-11-16,3386881,283504533,84.2,83.1,84.0,1.8,2413,2383,83.2
2016-11-17,2341994,194652496,84.2,82.6,82.8,-1.2,1713,2383,84.1
2016-11-18,1310989,108496588,83.7,82.3,82.5,-0.3,897,2383,82.8
2016-11-21,1207224,99957161,83.3,82.2,82.9,0.4,902,2383,82.5
2016-11-22,1594173,132412159,83.6,82.5,83.6,0.7,1076,2383,83.1
2016-11-23,3700393,316696796,87.3,83.6,85.7,2.1,2613,2383,83.6
2016-11-24,1582224,134621716,86.3,84.1,84.2,-1.5,1264,2383,86.3
2016-11-25,1738362,144679646,85.2,82.0,83.0,-1.2,1234,2383,84.2
2016-11-28,1307395,108302784,83.3,82.5,82.5,-0.5,988,2383,82.8
2016-11-29,1351994,113012597,84.2,82.3,83.8,1.3,1017,2383,82.5
2016-11-30,1304600,108677077,83.8,82.6,83.8,0.0,853,2383,83.7
2016-12-01,964230,80031711,83.4,82.7,83.0,-0.8,777,2383,83.2
2016-12-02,1758952,143982383,82.8,81.5,81.6,-1.4,1278,2383,82.8
2016-12-05,2005809,166344432,83.5,81.4,83.4,1.8,1326,2383,81.5
2016-12-06,3402650,283387772,84.7,82.0,83.5,0.1,2058,2383,84.2
2016-12-07,2241000,188712299,84.7,83.3,84.5,1.0,1611,2383,83.4
2016-12-08,2865114,245238653,86.3,84.6,85.6,1.1,1993,2383,85.2
2016-12-09,2186545,185377747,85.7,84.1,84.6,-1.0,1689,2383,85.6
2016-12-12,1100664,92724841,85.0,83.7,83.7,-0.9,907,2383,84.7
2016-12-13,831610,69747572,84.5,83.3,83.7,0.0,702,2383,83.7
2016-12-14,1032501,86432383,84.1,83.5,83.5,-0.2,905,2383,83.9
2016-12-15,1346621,113170976,85.0,83.0,84.1,0.6,996,2383,83.0
2016-12-16,3698051,316897586,86.5,83.7,86.0,1.9,2427,2383,84.2
2016-12-19,1228722,104473257,86.7,84.2,84.3,-1.7,875,2383,86.0
2016-12-20,5604237,491250256,88.8,84.4,88.1,3.8,3487,2383,84.4
2016-12-21,3024640,263073588,88.3,86.4,86.4,-1.7,1809,2383,88.3
2016-12-22,1386802,119988249,87.2,86.0,86.1,-0.3,1087,2383,86.4
2016-12-23,1136967,97367287,86.3,85.2,85.3,-0.8,733,2383,85.8
2016-12-26,621485,53452004,86.4,85.2,86.4,1.1,410,2383,85.3
2016-12-27,1496151,130800016,88.0,86.5,87.2,0.8,1109,2383,86.6
2016-12-28,3117142,277080938,89.7,87.5,89.2,2.0,2143,2383,88.0
2016-12-29,2203974,197273686,90.0,88.2,89.9,0.7,1522,2383,89.0
2016-12-30,1396548,125347138,90.5,89.1,90.0,0.1,1049,2383,90.1
2017-01-03,691424,61966211,90.2,89.1,89.2,-0.8,620,2383,90.2
2017-01-04,7485834,699218180,96.5,89.2,95.6,6.4,4520,2383,89.7
2017-01-05,6134003,598068966,99.8,94.5,98.5,2.9,4239,2383,96.0
2017-01-06,4016919,387119064,98.1,94.6,95.4,-3.1,2833,2383,97.5
2017-01-09,3323544,317093780,97.3,93.8,95.0,-0.4,2086,2383,95.6
2017-01-10,2661217,255375032,96.8,95.1,96.5,1.5,1943,2383,95.1
2017-01-11,1952931,188181985,97.3,95.7,95.7,-0.8,1334,2383,96.8
2017-01-12,9471530,948538146,103.5,96.5,101.5,5.8,5896,2383,96.5
2017-01-13,3953116,397394719,103.0,99.1,99.4,-2.1,2433,2383,101.0
2017-01-16,2210269,216915531,99.2,97.1,98.9,-0.5,1472,2383,99.2
2017-01-17,3860817,386613211,102.0,99.0,99.9,1.0,2600,2383,99.0
2017-01-18,3697546,372899246,102.5,99.1,101.0,1.1,2240,2383,100.0
2017-01-19,2655626,265492474,102.0,99.0,99.3,-1.7,1683,2383,101.0
2017-01-20,4168613,420901013,102.0,99.7,101.5,2.2,2503,2383,99.8
2017-01-23,10262918,1123727827,111.5,103.5,111.5,10.0,4805,2383,103.5
2017-01-24,6647578,742289580,114.5,109.0,109.5,-2.0,3940,2383,113.5
2017-02-02,8915493,1038520667,120.0,111.0,120.0,10.5,5053,2383,112.0
2017-02-03,5759529,686593451,123.0,115.5,119.0,-1.0,4087,2383,120.0
2017-02-06,4400998,508743268,119.5,113.0,116.0,-3.0,2992,2383,119.5
2017-02-07,3242199,380136574,119.5,113.5,118.5,2.5,1997,2383,115.5
2017-02-08,4344195,498819230,118.0,113.0,114.5,-4.0,2578,2383,117.5
2017-02-09,3192166,366594758,117.0,113.5,113.5,-1.0,2229,2383,115.5
2017-02-10,6349962,741607600,119.5,114.0,115.5,2.0,3583,2383,115.5
2017-02-13,2958540,340547600,116.5,114.0,115.0,-0.5,1946,2383,115.5
2017-02-14,2473853,283021889,116.5,113.0,113.0,-2.0,1372,2383,116.0
2017-02-15,3329534,374561598,114.0,111.0,113.5,0.5,1992,2383,113.0
2017-02-16,4233413,487176082,117.0,112.0,113.5,0.0,2511,2383,113.5
2017-02-17,2789259,314736508,114.5,111.0,112.5,-1.0,1800,2383,114.0
2017-02-18,11423529,1366537574,123.5,112.5,115.5,3.0,5465,2383,113.0
2017-02-20,6137334,698249218,117.0,110.0,110.5,-5.0,3322,2383,116.0
2017-02-21,5137141,560624428,112.0,107.5,109.5,-1.0,2764,2383,111.0
2017-02-22,2863376,322647612,114.0,111.5,112.0,2.5,2005,2383,111.5
2017-02-23,2465393,279939016,115.5,110.5,112.5,0.5,1634,2383,112.0
2017-02-24,1216275,136973202,113.5,111.5,112.5,0.0,985,2383,112.5
2017-03-01,1319932,146151465,113.0,109.5,109.5,-3.0,1052,2383,113.0
2017-03-02,2043406,223794254,111.5,108.0,110.0,0.5,1325,2383,111.0
2017-03-03,2527302,280199522,112.0,108.5,110.5,0.5,1715,2383,108.5
2017-03-06,968370,106550330,111.0,109.0,110.0,-0.5,759,2383,109.5
2017-03-07,6811225,785957915,117.5,113.5,117.5,7.5,3914,2383,113.5
2017-03-08,5943663,702103734,120.5,115.5,118.5,1.0,3512,2383,117.0
2017-03-09,3584852,422592728,120.5,116.0,116.5,-2.0,2174,2383,118.5
2017-03-10,3783764,441209243,118.5,114.5,117.5,1.0,2058,2383,116.0
2017-03-13,10979633,1380526271,129.0,121.5,128.0,10.5,6024,2383,122.0
2017-03-14,3941388,499081776,128.0,124.5,127.0,-1.0,2604,2383,128.0
2017-03-15,4331036,552664136,130.0,124.5,126.0,-1.0,2424,2383,127.0
2017-03-16,4125039,512848875,128.5,122.0,125.0,-1.0,2701,2383,128.5
2017-03-17,10654251,1280250120,123.5,117.5,120.5,-4.5,5388,2383,123.5
2017-03-20,3922480,466433620,120.0,118.0,119.5,-1.0,2505,2383,119.0
2017-03-21,2633337,312643603,120.5,118.0,119.0,-0.5,1652,2383,119.5
2017-03-22,3282528,382331276,117.5,115.0,117.0,-2.0,2155,2383,116.5
2017-03-23,2461687,289004879,118.5,116.5,117.0,0.0,1666,2383,117.5
2017-03-24,4233642,506334422,121.5,117.5,118.0,1.0,2809,2383,118.0
2017-03-27,5981945,728658455,124.0,118.5,119.0,1.0,3707,2383,119.5
2017-03-28,3250118,389657910,122.5,117.5,120.0,1.0,2110,2383,122.5
2017-03-29,2294764,276462944,121.5,119.0,121.5,1.5,1754,2383,121.0
2017-03-30,3143096,378406924,123.0,119.0,120.0,-1.5,1924,2383,123.0
2017-03-31,3487987,413804566,120.5,118.0,118.0,-2.0,1703,2383,120.0
2017-04-05,2089863,248230560,120.0,117.0,120.0,2.0,1604,2383,118.5
2017-04-06,4438701,545613975,125.0,120.0,125.0,5.0,2824,2383,120.0
2017-04-07,4059625,500146875,125.0,121.5,124.0,-1.0,2570,2383,125.0
2017-04-10,3250572,392141640,124.0,119.5,120.0,-4.0,2164,2383,122.5
2017-04-11,2589852,306242036,121.5,117.0,117.0,-3.0,1718,2383,119.0
2017-04-12,1292546,150882093,118.0,115.5,117.0,0.0,920,2383,117.0
2017-04-13,1152741,136165042,119.5,116.5,117.5,0.5,909,2383,116.5
2017-04-14,1932443,221187445,117.0,113.0,114.0,-3.5,1401,2383,117.0
2017-04-17,2417469,280347842,119.5,113.0,118.0,4.0,1563,2383,114.5
2017-04-18,1421849,167035749,119.0,116.5,118.0,0.0,966,2383,118.0
2017-04-19,1614587,187699292,117.5,115.0,115.5,-2.5,1116,2383,117.5
2017-04-20,2084155,239912825,117.0,114.0,116.0,0.5,1324,2383,115.5
2017-04-21,3813274,458126654,122.0,116.5,122.0,6.0,2657,2383,116.5
2017-04-24,2147599,252343774,121.5,116.0,116.0,-6.0,1751,2383,121.0
2017-04-25,3521246,404631406,117.0,113.0,116.0,0.0,2363,2383,116.5
2017-04-26,5197893,586050909,116.0,111.5,113.0,-3.0,3241,2383,116.0
2017-04-27,2781109,310396648,113.0,111.0,111.5,-1.5,1762,2383,112.5
2017-04-28,9332500,1104542500,121.5,114.0,120.5,9.0,5529,2383,114.5
2017-05-02,4091930,490412702,124.5,117.5,117.5,-3.0,2492,2383,120.5
2017-05-03,2975221,355009185,121.5,118.0,119.0,1.5,1956,2383,118.0
2017-05-04,2793891,336869420,122.5,118.5,121.0,2.0,1864,2383,120.0
2017-05-05,1864847,225894140,122.5,120.0,121.0,0.0,1399,2383,122.0
2017-05-08,4192802,520726948,126.5,121.5,124.5,3.5,2566,2383,122.5
2017-05-09,4378605,542488212,126.5,122.0,124.0,-0.5,2677,2383,125.5
2017-05-10,2685352,331294617,125.0,122.0,122.5,-1.5,1815,2383,124.0
2017-05-11,3394711,420725844,126.0,122.5,123.0,0.5,2169,2383,124.0
2017-05-12,1766083,215228543,123.0,121.0,121.5,-1.5,1384,2383,122.5
2017-05-15,2907176,360480824,126.0,121.5,124.0,2.5,1825,2383,121.5
2017-05-16,9034619,1153696774,130.0,124.5,126.5,2.5,4664,2383,125.5
2017-05-17,6976437,906072455,132.5,126.5,132.0,5.5,4270,2383,126.5
2017-05-18,4008269,526474508,133.0,129.0,132.0,0.0,2804,2383,129.0
2017-05-19,4261223,547101375,134.0,125.0,125.0,-7.0,2937,2383,132.5
2017-05-22,2070462,257300288,126.0,123.0,125.0,0.0,1583,2383,125.5
2017-05-23,2713820,335473947,126.0,122.5,122.5,-2.5,1848,2383,125.5
2017-05-24,1866818,231060114,125.0,122.5,124.0,1.5,1418,2383,122.5
2017-05-25,1287533,159305823,125.5,123.0,124.0,0.0,888,2383,125.0
2017-05-26,2348735,287439640,124.0,121.5,124.0,0.0,1345,2383,124.0
2017-05-31,2274198,283522147,126.0,123.5,125.0,1.0,1380,2383,124.0
2017-06-01,1687008,209094484,125.5,123.0,123.5,-1.5,1178,2383,125.5
2017-06-02,1795418,222940832,125.0,123.0,124.0,0.5,1156,2383,124.0
2017-06-03,1202215,147023333,124.5,121.5,122.5,-1.5,837,2383,124.5
2017-06-05,3253980,406218000,126.5,122.5,126.0,3.5,1993,2383,122.5
2017-06-06,3596505,462681904,131.5,125.5,131.5,5.5,2377,2383,127.5
2017-06-07,2181582,279516617,132.5,126.0,126.0,-5.5,1636,2383,132.0
2017-06-08,3441682,447783342,132.5,126.0,131.0,5.0,2465,2383,126.5
2017-06-09,3261691,430135983,134.5,130.0,130.0,-1.0,2241,2383,130.5
2017-06-12,1152623,147404244,129.0,127.0,128.0,-2.0,938,2383,128.5
2017-06-13,1739732,224883928,131.5,128.0,129.0,1.0,1420,2383,128.5
2017-06-14,4201803,544549087,133.0,126.5,130.0,1.0,1999,2383,131.0
2017-06-15,4106460,535805147,133.5,127.0,128.5,-1.5,2663,2383,130.0
2017-06-16,1497900,193250500,130.5,128.0,130.5,2.0,1056,2383,129.0
2017-06-19,1216459,159061670,132.0,129.5,131.0,0.5,918,2383,130.5
2017-06-20,3247966,434545478,136.0,132.0,133.0,2.0,2326,2383,132.5
2017-06-21,1157208,153688164,134.0,131.5,134.0,1.0,936,2383,133.0
2017-06-22,3042872,414262092,137.5,134.0,136.5,2.5,1906,2383,134.5
2017-06-23,1505696,206191656,139.0,135.5,136.0,-0.5,1142,2383,137.5
2017-06-26,2172154,300620752,139.5,136.0,138.0,2.0,1507,2383,136.0
2017-06-27,1384486,189940792,139.0,136.0,137.0,-1.0,976,2383,138.5
2017-06-28,2750156,369804477,137.5,132.5,134.5,-2.5,1880,2383,137.5
2017-06-29,6578667,927771870,144.5,137.0,141.5,7.0,4475,2383,137.5
2017-06-30,5737225,831265674,147.5,139.5,147.5,6.0,3781,2383,140.5
2017-07-03,2192873,317552766,146.5,143.5,143.5,-4.0,1668,2383,146.5
2017-07-04,2091880,296451080,143.5,140.5,141.0,-2.5,1523,2383,142.5
2017-07-05,2074335,291953405,143.0,138.0,143.0,2.0,1445,2383,140.5
2017-07-06,2136617,302096920,143.5,140.0,142.5,-0.5,1554,2383,143.0
2017-07-07,1946773,277360113,144.0,141.0,141.0,-1.5,1106,2383,142.0
2017-07-10,1171923,165289102,142.5,140.0,142.5,1.5,874,2383,141.0
2017-07-11,1885961,265940040,143.5,140.0,140.0,-2.5,1410,2383,142.5
2017-07-12,1896879,270039255,143.5,140.5,143.5,3.5,1448,2383,140.5
2017-07-13,4984427,744901696,154.0,144.5,149.0,5.5,3461,2383,144.5
2017-07-14,2446705,364158545,152.0,147.5,148.5,-0.5,1671,2383,150.0
2017-07-17,2785281,411175807,150.0,146.0,147.0,-1.5,1373,2383,150.0
2017-07-18,2496613,373183520,151.0,147.5,150.0,3.0,1427,2383,148.0
2017-07-19,3329515,504534780,154.0,149.0,152.0,2.0,2036,2383,150.5
2017-07-20,1906153,286070297,153.0,149.0,149.0,-3.0,1439,2383,153.0
2017-07-21,2895180,426664365,148.5,146.0,146.5,-2.5,1674,2383,148.0
2017-07-24,1189625,174260060,148.0,145.5,146.5,0.0,918,2383,146.5
2017-07-25,2540046,377060761,150.5,146.0,147.5,1.0,1358,2383,147.5
2017-07-26,2496177,365555043,148.0,145.5,145.5,-2.0,1215,2383,148.0
2017-07-27,2878961,418867285,146.5,144.0,146.5,1.0,1414,2383,146.0
2017-07-28,5538281,830160400,151.5,147.0,150.0,3.5,3104,2383,147.5
2017-07-31,1733890,259257110,151.5,148.0,149.5,-0.5,1035,2383,151.0
2017-08-01,2314456,350547400,152.5,149.5,150.0,0.5,1744,2383,150.0
2017-08-02,2015221,303903371,152.0,149.5,152.0,2.0,1257,2383,151.0
2017-08-03,2534458,387290046,155.0,150.5,153.5,1.5,1547,2383,152.0
2017-08-04,1912905,293426560,155.0,152.0,153.0,-0.5,1358,2383,155.0
2017-08-07,2512420,390888383,157.5,153.0,154.5,1.5,1713,2383,154.0
2017-08-08,2062286,315792972,156.0,152.0,152.0,-2.5,1541,2383,155.0
2017-08-09,4594025,668461125,150.0,142.0,143.5,-8.5,2871,2383,150.0
2017-08-10,4487938,609707494,140.5,133.0,133.0,0.0,2699,2383,140.0
2017-08-11,3348098,458930622,141.0,131.5,138.5,5.5,2307,2383,133.0
2017-08-14,3015232,423353748,142.0,138.5,140.0,1.5,2061,2383,139.0
2017-08-15,1580701,221743140,142.5,138.5,140.0,0.0,1305,2383,141.5
2017-08-16,1345156,189010254,142.0,138.0,139.5,-0.5,1089,2383,140.5
2017-08-17,4829470,701275821,148.5,141.5,148.5,9.0,3209,2383,141.5
2017-08-18,5409162,813188124,154.0,143.5,153.0,4.5,3765,2383,147.0
2017-08-21,6361734,1013955997,167.5,152.5,164.5,11.5,4360,2383,154.5
2017-08-22,3898727,630402723,165.0,158.5,158.5,-6.0,2609,2383,163.5
2017-08-23,2710270,436173160,163.5,158.0,159.0,0.5,1992,2383,159.5
2017-08-24,1861166,296489560,161.0,157.5,160.0,1.0,1410,2383,159.0
2017-08-25,4127540,641574740,158.0,153.5,156.5,-3.5,2692,2383,157.5
2017-08-28,1821911,287653653,160.5,155.5,155.5,-1.0,1482,2383,156.5
2017-08-29,1834120,283732800,156.5,153.5,154.5,-1.0,1072,2383,156.5
2017-08-30,1896032,290970864,155.5,152.5,153.0,-1.5,1381,2383,155.0
2017-08-31,1930437,294418424,154.5,151.5,152.0,-1.0,1429,2383,154.0
2017-09-01,4525247,672406053,150.5,146.5,149.0,-3.0,3115,2383,148.0
2017-09-04,10200723,1440981131,147.0,136.0,137.5,-11.5,5847,2383,146.5
2017-09-05,5739255,793832710,142.0,133.0,142.0,4.5,3790,2383,136.5
2017-09-06,3088365,431923965,141.5,138.5,141.5,-0.5,2016,2383,141.0
2017-09-07,3213523,443349381,141.0,136.0,136.5,-5.0,2269,2383,141.0
2017-09-08,2848408,386630880,138.0,134.0,135.0,-1.5,1947,2383,134.5
2017-09-11,3024835,414378475,139.0,135.5,135.5,0.5,1994,2383,137.5
2017-09-12,3074516,428843224,140.5,137.0,139.5,4.0,2092,2383,138.0
2017-09-13,2104350,295427821,142.5,139.0,139.5,0.0,1507,2383,141.0
2017-09-14,1476813,205949507,141.0,138.5,139.0,-0.5,1121,2383,140.5
2017-09-15,2504013,353013283,142.0,139.0,142.0,3.0,1420,2383,140.0
2017-09-18,1973970,279207304,143.5,140.5,140.5,-1.5,1406,2383,142.5
2017-09-19,1855897,260212867,142.0,138.5,138.5,-2.0,1114,2383,141.0
2017-09-20,2323828,325386170,141.5,137.5,139.5,1.0,1501,2383,139.0
2017-09-21,3965221,567168145,145.5,140.5,145.5,6.0,2365,2383,140.5
2017-09-22,2204295,314889735,145.5,141.5,141.5,-4.0,1446,2383,145.5
2017-09-25,2203131,305354004,142.0,137.5,137.5,-4.0,1357,2383,142.0
2017-09-26,1814397,250950686,141.0,136.5,136.5,-1.0,1241,2383,139.0
2017-09-27,1236706,172321134,141.0,137.0,139.5,3.0,955,2383,138.0
2017-09-28,1778446,251889386,143.0,140.0,141.5,2.0,1060,2383,140.0
2017-09-29,2214368,319326624,146.0,142.0,144.0,2.5,1569,2383,142.0
2017-09-30,582669,84303501,146.0,143.5,144.0,0.0,454,2383,146.0
2017-10-02,4179375,621085500,151.0,144.0,149.0,5.0,2553,2383,144.5
2017-10-03,1300221,192669766,150.5,147.0,147.0,-2.0,1048,2383,150.0
2017-10-05,3514504,501601310,146.0,141.5,141.5,-5.5,2332,2383,146.0
2017-10-06,7460802,1005162165,138.5,132.5,134.5,-7.0,5228,2383,138.5
2017-10-11,3617501,483723633,136.5,132.0,133.0,-1.5,2302,2383,134.5
2017-10-12,2321731,310694685,135.5,132.5,135.0,2.0,1742,2383,133.5
2017-10-13,1978987,268568969,137.5,134.0,137.5,2.5,1228,2383,134.5
2017-10-16,4384074,597304138,139.5,133.5,137.5,0.0,3103,2383,137.0
2017-10-17,2162576,291811392,138.5,132.5,133.0,-4.5,1551,2383,137.5
2017-10-18,1605061,213774577,134.5,132.0,132.5,-0.5,1165,2383,133.0
2017-10-19,3230316,419542735,132.0,127.0,130.0,-2.5,2073,2383,132.0
2017-10-20,5247951,662332375,129.5,124.5,125.0,-5.0,3411,2383,128.5
2017-10-23,3399852,428997070,129.0,124.0,124.5,-0.5,2093,2383,126.0
2017-10-24,2515661,321014608,129.0,125.0,128.0,3.5,1898,2383,125.0
2017-10-25,1880999,238183874,129.0,125.0,125.0,-3.0,1215,2383,127.0
2017-10-26,1546549,196969772,128.5,124.5,128.0,3.0,1346,2383,125.0
2017-10-27,1706871,215491875,128.0,125.0,125.0,-3.0,1459,2383,127.0
2017-10-30,7617476,889875912,126.5,112.5,117.5,-7.5,4618,2383,125.0
2017-10-31,2968672,358140794,123.0,119.0,120.0,2.5,1899,2383,119.5
2017-11-01,3337909,395187671,122.0,116.5,120.0,0.0,2520,2383,119.5
2017-11-02,4590121,529900294,119.0,113.0,114.0,-6.0,3478,2383,119.0
2017-11-03,3554602,407504230,117.0,113.0,115.0,1.0,1870,2383,114.5
2017-11-06,2704440,315065230,118.0,115.0,117.0,2.0,1809,2383,115.0
2017-11-07,2163556,253900552,119.0,116.5,117.0,0.0,1449,2383,119.0
2017-11-08,3597215,411935295,117.5,113.0,113.0,-4.0,2369,2383,117.0
2017-11-09,2424895,277474471,115.5,113.0,115.0,2.0,1715,2383,113.0
2017-11-10,1053159,120046543,115.0,113.0,113.5,-1.5,792,2383,114.5
2017-11-13,3267947,360691170,114.0,109.0,110.0,-3.5,2257,2383,113.5
2017-11-14,3392911,386391265,116.0,109.5,115.0,5.0,2208,2383,109.5
2017-11-15,1705809,193382818,114.5,112.0,113.5,-1.5,1069,2383,114.0
2017-11-16,1142138,129389094,114.5,112.5,113.0,-0.5,772,2383,112.5
2017-11-17,3242812,378104904,118.0,113.5,117.5,4.5,1935,2383,113.5
2017-11-20,2154511,256824064,120.5,118.0,119.5,2.0,1501,2383,118.0
2017-11-21,2412377,283764414,120.0,116.0,116.5,-3.0,1599,2383,120.0
2017-11-22,1410809,165278243,119.0,116.0,116.5,0.0,1022,2383,117.0
2017-11-23,1326736,156627211,119.5,116.5,119.0,2.5,926,2383,116.5
2017-11-24,3971977,454838378,118.5,112.5,113.5,-5.5,2654,2383,118.0
2017-11-27,1267042,144621804,115.0,112.5,114.5,1.0,1020,2383,113.5
2017-11-28,1843700,212321500,116.5,113.5,115.5,1.0,1294,2383,114.5
2017-11-29,2995549,349567333,118.0,115.5,117.5,2.0,1281,2383,116.5
2017-11-30,3017743,347378069,118.0,113.5,114.0,-3.5,1419,2383,117.5
2017-12-01,4824871,534406990,115.5,109.0,109.0,-5.0,2776,2383,115.0
2017-12-04,3644087,401042997,111.5,108.0,111.0,2.0,1661,2383,109.5
2017-12-05,2315733,253720987,112.5,108.0,108.5,-2.5,1262,2383,111.0
2017-12-06,7344752,730375896,106.0,97.7,97.7,-10.8,4373,2383,106.0
2017-12-07,6962676,677451257,98.8,95.0,98.3,0.6,3821,2383,96.5
2017-12-08,6711483,642360951,98.5,94.5,96.2,-2.1,3888,2383,98.5
2017-12-11,6525883,619352445,96.3,94.0,94.0,-2.2,3028,2383,96.2
2017-12-12,6334532,589585344,95.7,91.5,91.5,-2.5,4293,2383,93.4
2017-12-13,4671493,436534449,95.2,91.5,92.7,1.2,3387,2383,91.5
2017-12-14,5465438,513931197,94.9,92.0,94.0,1.3,2442,2383,93.3
2017-12-15,3817143,359840203,95.3,93.0,94.3,0.3,2538,2383,94.7
2017-12-18,3476203,330009545,96.0,94.3,94.5,0.2,2089,2383,94.4
2017-12-19,2877563,272571254,95.3,94.2,94.5,0.0,1535,2383,95.0
2017-12-20,9467741,954091991,103.5,95.2,103.5,9.0,5710,2383,95.3
2017-12-21,7991182,807297382,103.5,99.5,100.5,-3.0,5362,2383,103.5
2017-12-22,3429560,339047456,100.5,98.0,98.1,-2.4,2433,2383,100.5
2017-12-25,1909387,186425901,99.3,96.1,96.6,-1.5,1218,2383,97.3
2017-12-26,2862986,269869293,96.9,92.4,92.4,-4.2,1942,2383,96.6
2017-12-27,2063967,195048072,95.4,92.7,94.9,2.5,1576,2383,92.7
2017-12-28,3777175,371604789,101.5,96.4,97.0,2.1,2761,2383,97.0
2017-12-29,4001664,400454591,101.5,97.3,101.5,4.5,2745,2383,97.3
2018-01-02,2321338,237666652,104.0,100.5,104.0,2.5,1561,2383,102.5
2018-01-03,3790487,400341148,107.0,104.0,104.5,0.5,2604,2383,105.0
2018-01-04,2528706,264777982,106.0,102.5,105.5,1.0,1812,2383,105.0
2018-01-05,2914932,301403996,105.5,102.0,102.5,-3.0,1958,2383,105.5
2018-01-08,1887210,195567681,104.5,103.0,103.0,0.5,931,2383,103.0
2018-01-09,1525273,155686119,103.5,100.5,103.5,0.5,1220,2383,102.0
2018-01-10,1323818,135096618,104.5,100.5,102.0,-1.5,907,2383,104.0
2018-01-11,827606,85105720,103.5,101.5,103.5,1.5,672,2383,102.0
2018-01-12,4850012,524520808,110.5,104.0,109.0,5.5,3120,2383,104.0
2018-01-15,5674478,639326014,115.5,109.5,113.0,4.0,3673,2383,109.5
2018-01-16,3418675,378486750,113.0,109.5,110.0,-3.0,2444,2383,112.0
2018-01-17,6269147,654943935,109.0,101.5,103.0,-7.0,4378,2383,109.0
2018-01-18,4420242,462202041,106.0,103.0,103.5,0.5,2506,2383,104.5
2018-01-19,6043150,601488509,103.5,98.2,99.1,-4.4,3888,2383,103.5
2018-01-22,2811600,283185921,101.5,99.3,101.5,2.4,1681,2383,99.5
2018-01-23,2113564,212094179,102.0,99.6,100.5,-1.0,1453,2383,102.0
2018-01-24,1319284,132448484,101.5,99.8,101.5,1.0,900,2383,101.0
2018-01-25,1904329,191350300,102.0,99.5,99.5,-2.0,1261,2383,101.5
2018-01-26,1487225,148564300,100.5,99.5,99.7,0.2,1191,2383,100.0
2018-01-29,4254029,445460077,108.5,100.5,106.5,6.8,2954,2383,100.5
2018-01-30,3097477,322214108,106.5,103.0,103.0,-3.5,2156,2383,106.5
2018-01-31,1165019,118781999,102.5,101.0,102.5,-0.5,961,2383,102.0
2018-02-01,3280060,345952943,108.0,102.5,107.5,5.0,2180,2383,103.0
2018-02-02,2017747,213350655,107.0,104.5,105.0,-2.5,1406,2383,106.0
2018-02-05,2284563,229676826,101.5,99.6,100.5,-4.5,1513,2383,101.0
2018-02-06,4869686,470412197,100.0,93.4,95.4,-5.1,3649,2383,98.0
2018-02-07,2663981,264514102,100.5,98.1,98.1,2.7,1912,2383,98.4
2018-02-08,2751961,274852170,101.5,98.0,99.3,1.2,1858,2383,98.0
2018-02-09,2438960,239779860,101.5,94.8,101.0,1.7,1767,2383,96.5
2018-02-12,3159872,322145944,103.5,100.0,102.0,1.0,2023,2383,101.5
2018-02-21,3331182,353629292,108.0,102.5,106.5,4.5,2189,2383,104.0
2018-02-22,1925652,205238612,108.0,104.5,107.0,0.5,1304,2383,106.0
2018-02-23,4843549,533917655,112.5,107.0,111.0,4.0,3251,2383,107.5
2018-02-26,2864141,315348932,112.5,108.5,109.5,-1.5,1830,2383,112.0
2018-02-27,1936589,212452201,111.0,108.5,109.5,0.0,1370,2383,110.0
2018-03-01,2028989,222029791,111.0,107.5,109.5,0.0,1396,2383,108.0
2018-03-02,3791387,399035409,109.0,103.5,104.0,-5.5,2702,2383,108.0
2018-03-05,2167001,228886107,106.5,104.5,105.5,1.5,1458,2383,105.0
2018-03-06,4045151,423560841,106.5,103.0,104.0,-1.5,1606,2383,106.0
2018-03-07,1723673,177242979,104.5,102.0,102.0,-2.0,1330,2383,103.5
2018-03-08,1236979,127293341,104.0,102.0,102.5,0.5,913,2383,102.0
2018-03-09,842791,86482264,103.5,102.0,103.0,0.5,651,2383,103.0
2018-03-12,1843415,188967830,104.0,101.5,102.0,-1.0,1234,2383,103.5
2018-03-13,1613973,167428692,105.0,102.0,105.0,3.0,1139,2383,102.5
2018-03-14,1055089,109493078,105.0,103.0,103.0,-2.0,641,2383,105.0
2018-03-15,5179048,547720184,108.5,101.0,108.0,5.0,3515,2383,103.0
2018-03-16,4055344,434984496,110.0,105.0,110.0,2.0,2299,2383,108.0
2018-03-19,2087475,224582375,109.5,106.0,106.0,-4.0,1635,2383,108.0
2018-03-20,1738791,182861055,107.0,104.0,105.0,-1.0,1169,2383,105.0
2018-03-21,5667237,578043789,104.0,100.0,101.5,-3.5,3866,2383,103.5
2018-03-22,5181166,517765700,102.5,98.1,98.1,-3.4,3551,2383,101.5
2018-03-23,3368575,321078600,96.3,93.8,95.1,-3.0,2492,2383,95.8
2018-03-26,2550617,243141952,96.6,93.8,95.6,0.5,2014,2383,94.0
2018-03-27,2277440,221887878,99.1,96.1,96.6,1.0,1820,2383,96.1
2018-03-28,2356680,223837700,95.9,94.1,94.1,-2.5,1778,2383,95.8
2018-03-29,2590825,246229281,96.0,94.0,95.7,1.6,1626,2383,94.0
2018-03-30,1968573,188647335,97.5,94.4,94.4,-1.3,1364,2383,96.0
2018-03-31,1154610,108479740,94.8,93.6,93.8,-0.6,821,2383,94.8
2018-04-02,1191473,111902474,94.8,93.2,93.2,-0.6,920,2383,93.8
2018-04-03,2543976,232880682,93.0,90.5,91.7,-1.5,1875,2383,93.0
2018-04-09,4141349,367624612,91.8,87.4,87.5,-4.2,2951,2383,91.0
2018-04-10,3366250,304542250,92.3,87.3,91.0,3.5,2542,2383,87.5
2018-04-11,972388,87934408,92.0,89.5,89.5,-1.5,820,2383,91.3
2018-04-12,3095128,278069588,90.8,89.1,89.8,0.3,1414,2383,89.4
2018-04-13,972373,87937556,91.1,89.5,90.5,0.7,771,2383,90.1
2018-04-16,2969116,262518559,90.4,87.4,88.5,-2.0,2054,2383,90.4
2018-04-17,1873646,165935194,89.8,87.6,88.9,0.4,1279,2383,88.5
2018-04-18,1870673,164994224,89.4,87.5,87.6,-1.3,1393,2383,88.9
2018-04-19,7493995,638290667,88.0,83.7,84.5,-3.1,4109,2383,87.3
2018-04-20,3158689,267015665,85.9,83.7,84.1,-0.4,2333,2383,83.9
2018-04-23,6779590,543646424,84.4,77.9,78.0,-6.1,3957,2383,83.6
2018-04-24,6471508,487280216,78.7,73.5,76.8,-1.2,4139,2383,77.6
2018-04-25,5291561,395237717,76.8,73.5,75.5,-1.3,3213,2383,75.2
2018-04-26,4021448,303229455,77.3,73.9,74.7,-0.8,2509,2383,76.0
2018-04-27,9406975,684790084,75.3,71.7,72.0,-2.7,5119,2383,72.0
2018-04-30,4497984,328091104,74.1,72.1,73.0,1.0,2575,2383,72.7
2018-05-02,2028943,148012226,73.9,72.3,73.0,0.0,1526,2383,73.2
2018-05-03,3709278,273789570,75.4,72.6,73.3,0.3,2543,2383,73.8
2018-05-04,3445562,245997825,72.9,70.5,70.5,-2.8,2290,2383,72.9
2018-05-07,5602143,389273279,71.0,68.2,69.5,-1.0,3452,2383,70.2
2018-05-08,4722720,333438789,71.4,69.8,71.1,1.6,2970,2383,70.0
2018-05-09,4292014,308630208,72.6,71.3,72.2,1.1,2507,2383,72.2
2018-05-10,6624021,512591062,79.4,74.5,79.4,7.2,3487,2383,75.0
2018-05-11,14554885,1200416168,84.8,79.9,83.6,4.2,8443,2383,81.5
2018-05-14,5337521,447218912,85.4,82.4,83.6,0.0,3858,2383,84.4
2018-05-15,2849874,240451900,85.8,83.4,83.5,-0.1,1901,2383,83.8
2018-05-16,2261429,189706120,85.0,82.7,83.5,0.0,1697,2383,83.5
2018-05-17,1795275,151233937,85.3,83.4,84.7,1.2,1356,2383,83.8
2018-05-18,3112552,265398769,86.2,84.5,85.1,0.4,1883,2383,85.7
2018-05-21,1779358,150647448,85.8,84.1,84.1,-1.0,945,2383,85.6
2018-05-22,2813027,241203101,86.9,83.9,85.8,1.7,1836,2383,83.9
2018-05-23,1795056,151547992,86.1,83.2,83.9,-1.9,1331,2383,85.9
2018-05-24,1601660,132908140,84.8,82.2,82.5,-1.4,1180,2383,83.9
2018-05-25,1418743,117205469,83.8,80.8,83.4,0.9,1121,2383,82.2
2018-05-28,2020702,171139434,86.3,82.6,85.1,1.7,1366,2383,83.5
2018-05-29,1381103,116125367,85.5,82.8,82.8,-2.3,1034,2383,85.2
2018-05-30,1666345,134888744,82.4,80.3,80.7,-2.1,1227,2383,82.0
2018-05-31,1350346,109362217,81.8,80.2,80.2,-0.5,907,2383,81.2
2018-06-01,5268840,411664760,84.8,80.1,84.4,4.2,2169,2383,80.2
2018-06-04,2783918,236875820,85.6,84.5,84.8,0.4,1031,2383,85.1
2018-06-05,3973700,348064584,88.8,85.3,87.1,2.3,2839,2383,85.9
2018-06-06,3274473,289641468,89.5,87.1,87.9,0.8,2217,2383,87.1
2018-06-07,1243096,108544752,88.6,86.5,87.0,-0.9,989,2383,88.3
2018-06-08,4152795,372408631,91.2,87.8,88.6,1.6,2700,2383,87.8
2018-06-11,1433696,127626276,90.6,87.3,89.2,0.6,1110,2383,89.1
2018-06-12,1261584,112026652,90.2,87.6,87.6,-1.6,846,2383,88.8
2018-06-13,1179383,104607679,89.7,87.3,88.5,0.9,894,2383,87.6
2018-06-14,1397472,123010448,89.4,87.4,87.5,-1.0,854,2383,87.8
2018-06-15,5219686,446984360,87.8,84.5,84.5,-3.0,2037,2383,87.5
2018-06-19,1851914,157247908,86.0,83.8,84.1,-0.4,1446,2383,84.0
2018-06-20,1605800,131862700,84.6,81.0,81.0,-3.1,1249,2383,84.5
2018-06-21,711459,58430138,82.6,81.5,81.5,0.5,554,2383,82.3
2018-06-22,1307528,104264340,81.8,78.6,78.8,-2.7,989,2383,81.2
2018-06-25,986329,77884291,80.3,78.2,78.3,-0.5,728,2383,79.5
2018-06-26,903610,71652313,80.9,78.0,79.4,1.1,746,2383,78.2
2018-06-27,889947,69985844,80.0,78.1,78.1,-1.3,718,2383,79.5
2018-06-28,892751,69883851,79.3,77.3,77.8,-0.3,677,2383,78.2
2018-06-29,1526616,121418655,80.2,78.2,79.8,2.0,695,2383,78.2
2018-07-02,732839,58223528,80.4,78.6,79.2,-0.6,494,2383,80.3
2018-07-03,752642,59066178,79.6,77.6,77.6,-1.6,536,2383,79.4
2018-07-04,567476,44199865,78.5,77.3,78.5,0.9,348,2383,77.6
2018-07-05,1875403,148888640,81.0,77.5,78.9,0.4,1232,2383,79.8
2018-07-06,3581563,266768762,78.8,72.6,73.0,-5.9,2375,2383,78.5
2018-07-09,1958642,147625225,76.3,73.6,75.5,2.5,1175,2383,73.7
2018-07-10,1108504,83866109,76.6,74.6,75.8,0.3,886,2383,74.6
2018-07-11,1455880,108394259,75.8,73.5,74.0,-1.8,1037,2383,75.8
2018-07-12,738728,55228456,75.3,73.9,75.2,1.2,533,2383,74.0
2018-07-13,2639693,203031181,77.8,75.0,77.0,1.8,1410,2383,76.0
2018-07-16,2060459,161164690,79.4,77.0,78.6,1.6,1491,2383,77.0
2018-07-17,1443896,112459288,78.8,75.5,78.2,-0.4,1136,2383,78.6
2018-07-18,1584248,125351737,80.3,78.0,79.0,0.8,1223,2383,78.2
2018-07-19,857977,68448860,81.0,79.0,80.0,1.0,691,2383,79.0
2018-07-20,3273023,273756437,85.4,80.0,84.8,4.8,2445,2383,80.0
2018-07-23,2586404,218487972,85.9,83.3,84.9,0.1,2038,2383,84.5
2018-07-24,3021479,248248937,83.6,81.2,83.6,-1.3,1893,2383,82.3
2018-07-25,2118008,175296860,84.0,81.8,83.9,0.3,1558,2383,82.8
2018-07-26,1252530,105273065,84.7,83.2,84.2,0.3,960,2383,83.8
2018-07-27,2077689,177834411,86.8,83.8,86.0,1.8,1551,2383,83.8
2018-07-30,1882849,161917214,87.5,84.5,85.6,-0.4,1400,2383,86.1
2018-07-31,4193729,368951202,89.5,85.0,88.0,2.4,2754,2383,85.0
2018-08-01,8925874,832879025,96.8,88.0,96.0,8.0,5731,2383,88.0
2018-08-02,8833860,856717383,99.7,92.7,98.5,2.5,6431,2383,95.1
2018-08-03,6603664,632694972,98.3,94.1,94.1,-4.4,4557,2383,97.1
2018-08-06,3071521,293417329,96.7,94.1,94.9,0.8,2448,2383,94.4
2018-08-07,4176344,402428236,97.9,94.2,94.3,-0.6,3144,2383,95.4
2018-08-08,4853760,471258194,98.3,94.4,98.0,3.7,3468,2383,94.4
2018-08-09,3633226,356543674,99.6,96.1,99.2,1.2,2624,2383,97.1
2018-08-10,4323948,431337540,101.0,98.1,99.0,-0.2,3264,2383,99.2
2018-08-13,3765087,355116578,98.0,90.3,93.6,-5.4,2661,2383,98.0
2018-08-14,2803929,267680705,96.7,94.0,95.5,1.9,2268,2383,94.0
2018-08-15,1524199,142663383,95.3,92.4,92.9,-2.6,1191,2383,95.0
2018-08-16,2275150,210865445,95.4,89.9,91.7,-1.2,1671,2383,91.0
2018-08-17,2084546,191667136,93.8,91.1,91.1,-0.6,1221,2383,92.1
2018-08-20,3714638,332029873,92.0,86.8,88.5,-2.6,2411,2383,91.1
2018-08-21,2783018,253364937,92.5,88.9,91.2,2.7,1423,2383,89.0
2018-08-22,2187763,198628600,92.4,89.8,89.9,-1.3,1592,2383,90.5
2018-08-23,2070130,190018650,92.4,89.9,91.8,1.9,1605,2383,89.9
2018-08-24,2419175,215730411,91.8,87.5,89.5,-2.3,1673,2383,91.7
2018-08-27,3841638,353106334,93.5,90.2,93.0,3.5,1722,2383,90.3
2018-08-28,3760255,349088661,94.5,91.6,92.5,-0.5,1782,2383,93.5
2018-08-29,4127495,385838525,94.5,92.4,94.4,1.9,1897,2383,92.5
2018-08-30,6664824,588878666,90.9,87.5,88.4,0.0,2231,2383,90.0
2018-08-31,2076359,184301088,89.6,88.1,88.8,0.4,1566,2383,88.8
2018-09-03,1564515,137080305,89.2,86.0,86.6,-2.2,1300,2383,88.8
2018-09-04,4000858,356325846,91.0,86.7,90.6,4.0,2504,2383,86.7
2018-09-05,2859111,257740165,91.0,89.3,90.3,-0.3,1837,2383,90.6
2018-09-06,1562878,140029776,90.7,88.6,88.6,-1.7,1069,2383,90.2
2018-09-07,1954534,168376071,89.4,84.0,84.4,-4.2,1535,2383,88.4
2018-09-10,3969346,311821380,84.8,76.0,78.0,-6.4,2749,2383,84.0
2018-09-11,4457264,341362907,79.8,74.3,77.4,-0.6,2819,2383,78.4
2018-09-12,1670687,129970229,78.7,77.0,78.5,1.1,1348,2383,78.0
2018-09-13,1791434,144561794,81.8,78.3,81.0,2.5,1234,2383,78.7
2018-09-14,1838793,153256708,84.7,81.2,84.4,3.4,1259,2383,82.0
2018-09-17,1756315,145236720,84.0,81.8,82.0,-2.4,1425,2383,83.0
2018-09-18,874996,71586043,82.8,81.1,81.5,-0.5,716,2383,82.0
2018-09-19,964643,78517778,83.0,80.4,80.7,-0.8,804,2383,82.4
2018-09-20,2406800,189984877,81.4,78.0,79.0,-1.7,1789,2383,81.1
2018-09-21,1468500,118977700,82.7,79.0,82.4,3.4,1163,2383,80.0
2018-09-25,919585,76510057,84.1,81.4,83.7,1.3,700,2383,81.4
2018-09-26,1385203,115500466,84.5,82.1,83.4,-0.3,585,2383,84.2
2018-09-27,1498307,124656184,84.0,82.5,83.0,-0.4,967,2383,83.0
2018-09-28,2382003,204146150,86.9,83.5,86.0,3.0,1579,2383,83.5
2018-10-01,2057365,179601320,89.0,85.0,88.1,2.1,1577,2383,86.0
2018-10-02,2199124,188407981,87.9,84.7,85.4,-2.7,1628,2383,87.9
2018-10-03,869264,73892963,85.8,84.6,85.3,-0.1,616,2383,84.7
2018-10-04,817474,70305852,87.2,84.8,86.7,1.4,681,2383,85.3
2018-10-05,1888582,157716153,85.5,81.6,81.6,-5.1,1506,2383,85.5
2018-10-08,1041569,85414692,83.9,79.8,82.6,1.0,823,2383,79.8
2018-10-09,4577693,353330436,82.5,74.4,78.0,-4.6,3218,2383,82.5
2018-10-11,4177703,295985512,73.0,70.2,70.2,-7.8,2606,2383,73.0
2018-10-12,5575686,378816006,70.3,64.2,69.5,-0.7,3847,2383,64.2
2018-10-15,2038432,142533327,71.5,68.8,70.4,0.9,1524,2383,69.4
2018-10-16,2211120,161881361,74.3,70.8,74.0,3.6,1639,2383,70.8
2018-10-17,1199773,90033351,77.2,73.2,73.2,-0.8,892,2383,76.0
2018-10-18,1390703,103365674,75.5,72.8,75.5,2.3,1085,2383,73.9
2018-10-19,3268146,238216233,74.8,70.2,74.6,-0.9,1989,2383,74.7
2018-10-22,1641203,119696034,73.7,71.9,72.5,-2.1,1327,2383,73.5
2018-10-23,3474595,239565128,72.3,67.5,67.5,-5.0,2834,2383,72.3
2018-10-24,4585924,304688443,69.0,65.0,65.7,-1.8,3724,2383,67.2
2018-10-25,6346772,382472530,63.0,59.2,59.2,-6.5,4110,2383,61.0
2018-10-26,6023900,344783249,60.8,54.1,56.2,-3.0,4186,2383,60.4
2018-10-29,3200900,184752219,59.0,56.5,57.1,0.9,2262,2383,57.0
2018-10-30,1655704,95271198,58.1,56.9,57.9,0.8,1329,2383,57.2
2018-10-31,4016540,243655887,62.5,59.0,61.9,4.0,2758,2383,59.3
2018-11-01,4209387,274695242,67.9,61.1,66.0,4.1,2902,2383,62.0
2018-11-02,4731076,327576187,71.0,67.3,68.9,2.9,3058,2383,67.8
2018-11-05,3426516,240437402,72.0,66.9,72.0,3.1,2275,2383,68.5
2018-11-06,3562659,254795459,74.4,69.3,70.0,-2.0,2603,2383,72.1
2018-11-07,1590464,112971037,72.4,69.5,72.4,2.4,1185,2383,70.0
2018-11-08,1745343,126756796,74.8,71.1,71.6,-0.8,1360,2383,74.4
2018-11-09,1177101,82768771,71.9,69.2,69.7,-1.9,835,2383,70.7
2018-11-12,1367002,95349842,70.4,68.6,70.4,0.7,953,2383,68.6
2018-11-13,1802500,122702799,69.0,67.0,69.0,-1.4,1326,2383,67.0
2018-11-14,1138527,78821851,70.0,68.4,70.0,1.0,895,2383,68.5
2018-11-15,683165,47632315,70.3,68.7,70.1,0.1,572,2383,70.0
2018-11-16,692249,49098528,71.5,70.5,70.6,0.5,530,2383,70.6
2018-11-19,925588,66763577,72.6,71.0,72.3,1.7,702,2383,71.0
2018-11-20,608770,43918804,72.5,71.4,71.9,-0.4,491,2383,71.9
2018-11-21,853304,61039826,72.0,70.2,71.5,-0.4,643,2383,70.6
2018-11-22,677160,48394832,72.4,70.2,70.2,-1.3,588,2383,71.6
2018-11-23,663000,46112000,70.8,69.0,69.0,-1.2,502,2383,70.1
2018-11-26,794210,55381712,70.8,68.9,69.0,0.0,646,2383,68.9
2018-11-27,2422064,175309049,74.2,69.5,72.6,3.6,1794,2383,69.5
2018-11-28,2175136,160149193,74.8,72.4,73.8,1.2,1606,2383,73.0
2018-11-29,3034051,231170425,78.0,74.6,75.0,1.2,2333,2383,74.8
2018-11-30,3015310,222436946,76.0,72.6,72.9,-2.1,2246,2383,75.3
2018-12-03,6413143,505812650,80.1,74.3,80.1,7.2,3088,2383,74.8
2018-12-04,9484403,818846690,88.1,80.1,88.1,8.0,4544,2383,82.8
2018-12-05,9257839,791473616,88.1,82.1,82.9,-5.2,5313,2383,88.1
2018-12-06,5856699,457776067,82.4,75.4,76.3,-6.6,3808,2383,80.9
2018-12-07,5724692,446488068,80.3,75.5,76.2,-0.1,3595,2383,80.0
2018-12-10,3134011,241972110,79.4,74.1,77.5,1.3,2384,2383,75.0
2018-12-11,3534302,285392262,82.4,78.4,81.0,3.5,2688,2383,78.5
2018-12-12,1934302,156648719,81.6,80.3,81.2,0.2,1349,2383,80.8
2018-12-13,2661641,212243671,82.2,78.2,78.4,-2.8,2058,2383,81.4
2018-12-14,2033697,158280066,79.6,77.0,77.3,-1.1,1605,2383,78.1
2018-12-17,2414532,184686696,78.3,75.0,75.7,-1.6,1789,2383,77.0
2018-12-18,7591368,538290531,75.0,68.5,68.9,-6.8,5381,2383,74.7
2018-12-19,7556878,513278982,71.2,65.7,67.4,-1.5,5453,2383,69.9
2018-12-20,4853147,319041127,68.1,64.0,64.2,-3.2,3195,2383,66.9
2018-12-21,5135195,340963838,67.8,64.5,67.5,3.3,3490,2383,64.6
2018-12-22,1477000,98769700,67.7,66.1,66.8,-0.7,934,2383,66.8
2018-12-24,2490000,166987998,68.0,66.1,67.5,0.7,1629,2383,67.2
2018-12-25,1519012,100192413,66.5,65.0,66.4,-1.1,1094,2383,66.0
2018-12-26,1663513,109463601,67.2,64.5,64.5,-1.9,1298,2383,66.5
2018-12-27,1658121,110006734,67.0,65.4,65.4,0.9,1173,2383,66.7
2018-12-28,2155882,142252174,66.9,65.5,65.7,0.3,981,2383,65.5
2019-01-02,1680999,112473030,67.7,66.3,66.5,0.8,1262,2383,66.4
2019-01-03,1181984,78805634,67.3,66.0,66.6,0.1,867,2383,66.6
2019-01-04,1974056,127474026,65.7,63.3,65.3,-1.3,1347,2383,65.7
2019-01-07,3884617,267499235,70.4,66.8,68.6,3.3,2749,2383,67.4
2019-01-08,2006214,137731020,69.7,67.4,69.0,0.4,1576,2383,68.3
2019-01-09,1823074,125372074,69.4,68.3,68.5,-0.5,1235,2383,69.0
2019-01-10,1430082,97709641,68.8,67.9,68.4,-0.1,1073,2383,68.5
2019-01-11,1468092,101671108,69.8,68.6,68.7,0.3,1072,2383,69.0
2019-01-14,740616,50572588,69.3,67.7,68.0,-0.7,618,2383,68.8
2019-01-15,1294844,88711848,69.0,67.5,68.9,0.9,924,2383,68.0
2019-01-16,14658578,1096238616,75.7,69.3,75.7,6.8,6911,2383,69.3
2019-01-17,13085189,994162933,78.0,74.3,74.3,-1.4,7250,2383,78.0
2019-01-18,11474597,889306021,79.6,75.3,76.6,2.3,7735,2383,75.9
2019-01-21,10309633,818133781,80.7,76.8,80.4,3.8,6734,2383,78.0
2019-01-22,12064095,953526036,80.7,77.9,79.5,-0.9,7351,2383,78.1
2019-01-23,15605870,1280702602,83.5,79.4,81.5,2.0,8849,2383,79.5
2019-01-24,5276169,423317832,81.5,79.7,80.1,-1.4,3485,2383,81.0
2019-01-25,5984468,471876622,80.0,78.3,78.7,-1.4,3636,2383,79.3
2019-01-28,3512233,276216154,79.9,77.5,77.5,-1.2,2732,2383,79.0
2019-01-29,3165256,246372068,79.0,76.7,77.4,-0.1,2081,2383,77.2
2019-01-30,8664775,695188200,80.8,79.7,80.0,2.6,5348,2383,80.1
2019-02-11,2925050,235146393,81.1,79.4,80.4,0.4,2028,2383,81.0
2019-02-12,8540306,709368025,85.4,80.9,82.0,1.6,5667,2383,81.5
2019-02-13,8302863,705463016,86.5,83.0,84.5,2.5,5544,2383,83.1
2019-02-14,11106198,970686226,89.5,84.4,87.0,2.5,8002,2383,84.8
2019-02-15,8834320,778936491,90.2,85.9,88.2,1.2,6190,2383,87.0
2019-02-18,3141873,277088567,89.5,87.0,87.7,-0.5,2334,2383,88.2
2019-02-19,5892006,527551827,90.6,87.8,90.0,2.3,3826,2383,88.0
2019-02-20,5608627,513444030,93.5,90.2,90.2,0.2,3739,2383,91.7
2019-02-21,9275946,862206200,94.2,91.9,92.3,2.1,5936,2383,92.0
2019-02-22,7273058,685009708,95.4,92.5,93.5,1.2,5020,2383,93.2
2019-02-25,7370287,704083487,96.5,94.2,96.5,3.0,4735,2383,95.7
2019-02-26,5757513,546852822,96.5,94.1,94.1,-2.4,3581,2383,96.5
2019-02-27,6460883,614677769,96.3,94.4,95.2,1.1,3971,2383,94.4
2019-03-04,8701232,806307976,94.2,90.5,93.0,-2.2,5446,2383,92.8
2019-03-05,5422753,507536858,95.6,90.7,94.9,1.9,3522,2383,90.9
2019-03-06,8959221,826383501,93.7,90.7,93.0,-1.9,5536,2383,93.0
2019-03-07,4130642,382490071,93.6,91.5,93.3,0.3,2651,2383,92.0
2019-03-08,3177105,295305609,94.0,91.4,93.8,0.5,2261,2383,93.3
2019-03-11,2225621,206967017,94.4,91.6,91.6,-2.2,1609,2383,93.8
2019-03-12,4018529,375695597,94.2,92.7,93.5,1.9,2545,2383,93.0
2019-03-13,3112495,287418936,93.5,91.9,92.0,-1.5,2199,2383,92.7
2019-03-14,6616149,628580430,97.4,92.8,96.3,4.3,4457,2383,92.8
2019-03-15,10600544,1050213712,100.5,96.8,98.0,1.7,7125,2383,97.0
2019-03-18,3912712,383299969,99.5,96.9,97.3,-0.7,2803,2383,98.5
2019-03-19,2295361,224769317,99.1,97.0,97.0,-0.3,1759,2383,98.0
2019-03-20,2093557,203831996,98.6,96.6,96.6,-0.4,1525,2383,97.5
2019-03-21,3330224,328192177,99.6,97.1,98.0,1.4,2471,2383,97.1
2019-03-22,3428816,334141391,100.0,95.0,96.1,-1.9,2421,2383,99.0
2019-03-25,2087814,195100446,94.3,92.3,93.5,-2.6,1515,2383,93.7
2019-03-26,8933047,879165806,100.5,95.0,98.4,4.9,5655,2383,95.0
2019-03-27,8892722,897680700,103.0,99.3,99.6,1.2,5698,2383,99.3
2019-03-28,3161625,313360825,101.5,97.0,97.0,-2.6,2365,2383,100.5
2019-03-29,15703416,1647826886,106.5,99.0,106.5,9.5,6437,2383,99.5
2019-04-01,12647570,1335604912,108.0,101.5,102.5,-4.0,6541,2383,107.5
2019-04-02,4374523,458015892,105.5,103.5,104.5,2.0,2915,2383,104.0
2019-04-03,5722439,579059508,104.5,99.9,100.5,-4.0,3735,2383,104.5
2019-04-08,6131746,615569042,102.0,99.0,99.4,-1.1,3865,2383,101.5
2019-04-09,8639750,871612672,103.5,99.6,99.7,0.3,4370,2383,101.5
2019-04-10,6542416,670237948,104.5,99.5,103.5,3.8,3880,2383,99.7
2019-04-11,6316617,653513317,107.5,100.0,101.5,-2.0,3829,2383,105.0
2019-04-12,2984407,302759107,103.5,100.0,100.5,-1.0,1803,2383,102.0
2019-04-15,6538197,674322594,106.5,101.0,102.0,1.5,3685,2383,105.0
2019-04-16,14942812,1588890095,109.5,103.0,109.0,7.0,8420,2383,104.5
2019-04-17,8394744,928951084,113.0,108.0,111.5,2.5,5584,2383,110.0
2019-04-18,7011465,764097978,113.5,106.0,107.5,-4.0,4527,2383,112.0
2019-04-19,5311106,572328342,111.0,106.0,107.0,-0.5,3447,2383,110.0
2019-04-22,5791047,630424520,111.0,106.5,107.5,0.5,3447,2383,111.0
2019-04-23,6386154,667170432,109.5,103.0,103.5,-4.0,3840,2383,109.0
2019-04-24,4756409,487474326,104.5,101.5,103.5,0.0,3006,2383,104.5
2019-04-25,3113049,319076998,104.5,101.0,102.0,-1.5,2092,2383,103.5
2019-04-26,3877011,387306500,101.0,99.3,100.0,-2.0,2743,2383,100.5
2019-04-29,7492758,742541884,103.0,95.2,97.5,-2.5,5039,2383,101.0
2019-04-30,3817900,376147947,99.6,97.7,99.2,1.7,2513,2383,98.5
2019-05-02,2109058,207952252,99.4,98.0,98.8,-0.4,1512,2383,99.1
2019-05-03,5752882,576176482,102.0,98.0,100.5,1.7,3568,2383,98.5
2019-05-06,9403036,885546484,97.4,92.2,93.4,-7.1,5970,2383,96.5
2019-05-07,4581473,435673135,95.8,94.5,94.6,1.2,2961,2383,94.6
2019-05-08,5175767,498338602,97.9,92.4,97.9,3.3,3584,2383,93.1
2019-05-09,8304220,824331006,101.0,97.2,98.6,0.7,5593,2383,99.0
2019-05-10,5510009,545037777,101.0,96.7,97.5,-1.1,3785,2383,99.6
2019-05-13,5622224,527344462,98.1,92.1,92.8,-4.7,4089,2383,97.5
2019-05-14,3769000,347742298,94.6,88.6,94.2,1.4,2839,2383,90.9
2019-05-15,4610282,448371514,98.3,94.7,97.9,3.7,3317,2383,94.7
2019-05-16,5334209,505897018,97.5,92.7,92.7,-5.2,3725,2383,97.2
2019-05-17,7241993,654106663,94.7,87.1,89.9,-2.8,5233,2383,93.7
2019-05-20,5716239,498476932,90.5,85.2,87.6,-2.3,4081,2383,89.7
2019-05-21,4878163,435295897,90.8,86.1,90.6,3.0,3550,2383,87.1
2019-05-22,4599330,416878236,92.9,88.3,88.3,-2.3,3340,2383,91.0
2019-05-23,3963605,344966431,88.9,85.7,86.0,-2.3,2812,2383,86.6
2019-05-24,5202042,446630712,87.4,84.7,84.7,-1.3,3314,2383,86.1
2019-05-27,8271252,674199364,85.0,79.5,81.7,-3.0,5201,2383,84.8
2019-05-28,5523710,448867710,83.4,80.0,80.0,-1.7,3488,2383,82.3
2019-05-29,5049452,402408212,80.8,77.8,80.0,0.0,3493,2383,79.5
2019-05-30,3991221,329019804,83.3,80.6,82.9,2.9,3142,2383,80.6
2019-05-31,4099766,345047292,85.9,82.1,85.9,3.0,2656,2383,82.1
2019-06-03,4112153,352414617,86.9,83.5,85.9,0.0,2903,2383,85.3
2019-06-04,6114346,515531864,86.8,83.1,83.4,-2.5,4483,2383,86.3
2019-06-05,4767737,404419453,85.5,84.2,84.2,0.8,3362,2383,84.9
2019-06-06,4362139,360009434,84.9,81.7,82.0,-2.2,3075,2383,84.2
2019-06-10,6317172,539632705,87.4,82.7,87.0,5.0,4193,2383,83.2
2019-06-11,11603943,1037490068,92.0,86.8,88.3,1.3,7177,2383,86.8
2019-06-12,6860969,622308844,92.5,88.3,91.7,3.4,4992,2383,88.3
2019-06-13,5639530,514586063,93.5,89.6,90.1,-1.6,4130,2383,91.1
2019-06-14,4204620,376621589,91.6,88.3,88.5,-1.6,3114,2383,90.4
2019-06-17,3383041,305469425,91.7,88.9,90.1,1.6,2462,2383,89.1
2019-06-18,3471016,314778358,91.8,89.5,91.4,1.3,2350,2383,90.7
2019-06-19,9937864,937822577,96.5,92.5,95.7,4.3,6608,2383,93.1
2019-06-20,11587310,1130375297,98.5,96.0,98.5,2.8,7250,2383,96.5
2019-06-21,10521368,1017819188,99.9,94.5,95.1,-3.4,7305,2383,99.5
2019-06-24,3398570,323077431,96.4,94.2,94.7,-0.4,2543,2383,95.4
2019-06-25,3769771,358051145,96.1,94.1,94.8,0.1,2612,2383,95.5
2019-06-26,4111300,389908648,95.9,93.8,94.8,0.0,2732,2383,95.3
2019-06-27,11145412,1078472818,98.0,95.2,95.6,0.8,7261,2383,95.2
2019-06-28,6485805,609598647,95.7,92.9,93.7,-1.9,4176,2383,95.4
2019-07-01,21148084,2149683403,103.0,97.3,103.0,9.3,9787,2383,98.0
2019-07-02,7774693,797998025,104.5,101.0,102.5,-0.5,4495,2383,101.5
2019-07-03,7483145,755308900,104.0,99.6,99.8,-2.7,4486,2383,102.5
2019-07-04,5607635,564085011,102.0,99.6,101.0,1.2,3114,2383,100.5
2019-07-05,2693120,269735458,101.5,99.6,100.5,-0.5,1713,2383,101.0
2019-07-08,6493279,652238399,102.5,98.8,99.1,-1.4,4065,2383,101.0
2019-07-09,3992800,399644200,101.0,99.0,101.0,1.9,2272,2383,99.5
2019-07-10,11463513,1186350326,106.0,100.5,102.5,1.5,6676,2383,102.0
2019-07-11,13061870,1410564460,110.0,106.5,108.5,6.0,7060,2383,107.0
2019-07-12,8005498,874830525,111.0,107.5,110.0,1.5,4592,2383,110.5
2019-07-15,7610286,853765818,113.5,110.0,113.0,3.0,4809,2383,110.0
2019-07-16,7819835,883351760,115.0,111.0,111.0,-2.0,4453,2383,113.0
2019-07-17,7603953,850178830,114.0,109.5,110.0,-1.0,4287,2383,112.0
2019-07-18,5220638,573272542,112.0,108.5,109.0,-1.0,2921,2383,110.5
2019-07-19,10304166,1175777498,115.5,111.5,115.0,6.0,5969,2383,112.5
2019-07-22,20134150,2420633650,124.0,115.0,121.5,6.5,10235,2383,116.0
2019-07-23,11790949,1412096931,123.0,117.5,119.5,-2.0,7414,2383,120.0
2019-07-24,5446451,650701620,121.0,118.0,120.5,1.0,2948,2383,119.5
2019-07-25,7972954,976977842,124.5,119.0,123.0,2.5,4554,2383,120.5
2019-07-26,6911024,858633976,127.0,121.5,124.0,1.0,4328,2383,121.5
2019-07-29,3218727,393590825,124.5,121.5,121.5,-2.5,2392,2383,124.0
2019-07-30,10149874,1196611006,123.0,115.0,119.5,-2.0,5437,2383,122.0
2019-07-31,9210589,1118032680,123.5,118.5,120.0,0.5,5636,2383,119.5
2019-08-01,22277704,2797342157,129.0,122.5,126.0,6.0,11420,2383,123.5
2019-08-02,13765905,1644532175,121.5,117.5,118.0,-8.0,7699,2383,120.0
2019-08-05,5644718,660615788,119.0,115.0,115.5,-2.5,3600,2383,117.5
2019-08-06,7583413,882811473,119.5,111.0,119.0,3.5,4816,2383,112.0
2019-08-07,10641132,1305639532,124.5,120.5,121.5,2.5,7015,2383,120.5
2019-08-08,10620251,1329701126,127.5,121.5,126.0,4.5,6335,2383,121.5
2019-08-12,11304427,1445344802,131.5,124.5,125.0,-1.0,7174,2383,127.5
2019-08-13,8459286,1074523536,129.5,123.0,127.0,2.0,5146,2383,123.5
2019-08-14,15159599,2025280766,135.0,131.5,134.5,7.5,8633,2383,133.5
2019-08-15,7205329,949099086,133.5,130.0,132.5,-2.0,4439,2383,130.5
2019-08-16,5988965,795411393,136.0,131.0,131.5,-1.0,3553,2383,135.0
2019-08-19,5411425,727797950,136.0,132.5,134.0,2.5,3540,2383,134.5
2019-08-20,7763450,1070339466,140.5,135.5,135.5,1.5,4890,2383,135.5
2019-08-21,3730773,508722505,137.5,134.0,137.0,1.5,2388,2383,136.5
2019-08-22,7725952,1077234840,141.5,137.5,139.5,2.5,4924,2383,138.5
2019-08-23,6329688,866531132,140.0,134.5,139.0,-0.5,4353,2383,140.0
2019-08-26,6729124,898886368,137.0,131.5,131.5,-7.5,4626,2383,134.5
2019-08-27,6079657,820827205,136.5,133.0,133.5,2.0,3367,2383,134.0
2019-08-28,4105093,553903093,136.0,133.5,135.5,2.0,2103,2383,133.5
2019-08-29,5577996,748919452,136.5,131.0,136.5,0.0,3149,2383,133.5
2019-08-30,8020715,1083153595,139.5,131.5,132.0,-4.5,4374,2383,138.5
2019-09-02,5456911,724443612,135.5,128.5,133.5,1.5,3647,2383,130.0
2019-09-03,2692958,359344914,135.5,132.0,133.5,0.0,1796,2383,134.5
2019-09-04,4991079,663684544,135.0,130.5,134.0,0.5,2608,2383,133.5
2019-09-05,11101574,1535540786,140.0,135.5,139.5,5.5,6435,2383,137.5
2019-09-06,6789133,925597515,139.0,134.5,135.5,-4.0,4011,2383,137.0
2019-09-09,12784086,1657236508,136.5,126.5,128.0,-7.5,7601,2383,135.5
2019-09-10,4257982,545320685,129.5,127.0,127.5,-0.5,2867,2383,128.5
2019-09-11,5902927,770481542,132.5,128.0,130.0,2.5,3645,2383,128.5
2019-09-12,18414785,2488295861,138.0,129.0,136.0,6.0,10988,2383,130.0
2019-09-16,11888334,1638195092,140.0,134.5,139.0,3.0,7180,2383,138.5
2019-09-17,7461921,1041650976,142.0,138.0,140.0,1.0,4609,2383,138.0
2019-09-18,11128176,1507934665,139.0,133.5,134.5,-5.5,6800,2383,138.5
2019-09-19,6064456,802307692,133.5,131.0,132.0,-2.5,3803,2383,133.5
2019-09-20,3588834,475088504,133.5,131.0,133.0,1.0,2161,2383,132.5
2019-09-23,4491933,587351252,133.0,129.5,130.5,-2.5,3040,2383,133.0
2019-09-24,5123086,666230594,132.5,128.5,128.5,-2.0,3272,2383,130.5
2019-09-25,3088907,398294503,130.5,127.5,128.5,0.0,2148,2383,128.5
2019-09-26,3457183,452497107,132.5,129.0,130.0,1.5,2272,2383,129.5
2019-09-27,5886441,745065841,131.0,124.0,125.5,-4.5,3649,2383,130.0
2019-10-01,5139573,662192624,131.0,126.0,129.5,4.0,3037,2383,126.0
2019-10-02,3348237,432383073,131.0,127.0,129.0,-0.5,2091,2383,128.0
2019-10-03,7822009,980491631,127.5,123.5,126.5,-2.5,4564,2383,127.5
2019-10-04,4199156,537461385,129.5,126.5,127.5,1.0,2410,2383,127.0
2019-10-07,7611751,987523881,132.0,127.0,131.5,4.0,4068,2383,128.0
2019-10-08,10945952,1389090000,132.0,125.0,125.0,-6.5,7042,2383,132.0
2019-10-09,8344325,1021280800,125.5,119.5,124.0,-1.0,5489,2383,123.0
2019-10-14,5344421,679951467,128.5,126.0,126.5,2.5,3471,2383,126.0
2019-10-15,4840931,606925473,128.0,123.5,123.5,-3.0,3142,2383,126.0
2019-10-16,8272989,1008778658,126.0,119.5,122.5,-1.0,5577,2383,124.0
2019-10-17,6226369,772430625,126.0,122.5,124.5,2.0,3906,2383,123.0
2019-10-18,9203915,1171901747,128.5,125.0,127.5,3.0,4720,2383,125.5
2019-10-21,5250785,676107369,130.0,126.5,128.5,1.0,3317,2383,129.0
2019-10-22,8573039,1128291581,133.5,130.0,130.5,2.0,5065,2383,130.5
2019-10-23,4791356,617644424,131.5,127.0,128.0,-2.5,3024,2383,130.0
2019-10-24,4047600,517662900,129.0,126.5,129.0,1.0,2532,2383,128.5
2019-10-25,4271100,551541300,131.0,127.5,128.0,-1.0,2660,2383,129.0
2019-10-28,3015905,387724695,130.0,127.0,129.5,1.5,1930,2383,129.5
2019-10-29,6537139,830583075,131.0,125.0,126.0,-3.5,4148,2383,130.0
2019-10-30,4015338,504370414,127.5,124.0,125.5,-0.5,2432,2383,125.5
2019-10-31,20925362,2726552147,133.5,127.0,127.5,2.0,12666,2383,128.0
2019-11-01,12219045,1595601985,133.0,128.0,133.0,5.5,7584,2383,129.0
2019-11-04,16063966,2134588521,137.0,129.5,131.0,-2.0,9922,2383,137.0
2019-11-05,10210117,1348980266,134.5,130.0,130.5,-0.5,6026,2383,133.0
2019-11-06,16165523,2051731398,132.5,123.5,125.0,-5.5,10104,2383,131.5
2019-11-07,15058950,1816280900,124.5,117.0,121.0,-4.0,9614,2383,124.5
2019-11-08,7837313,938448560,123.0,118.5,119.0,-2.0,5646,2383,122.0
2019-11-11,8776704,1040514418,120.5,116.5,117.5,-1.5,5171,2383,119.0
2019-11-12,11516704,1407018296,124.5,118.5,124.0,6.5,6806,2383,119.0
2019-11-13,7106404,888699698,126.0,123.0,125.5,1.5,4210,2383,123.5
2019-11-14,6536962,819497686,126.5,123.5,126.0,0.5,4022,2383,125.0
2019-11-15,4955910,627187660,128.0,125.0,126.5,0.5,3648,2383,126.5
2019-11-18,3829764,483316606,128.5,124.5,124.5,-2.0,2756,2383,127.5
2019-11-19,3488290,436507460,126.5,124.0,125.0,0.5,2227,2383,125.5
2019-11-20,4838839,589981858,125.0,120.5,121.5,-3.5,3332,2383,124.5
2019-11-21,5069337,608240942,121.5,118.0,121.0,-0.5,3072,2383,119.5
2019-11-22,2696104,327961084,123.0,121.0,121.0,0.0,1935,2383,121.5
2019-11-25,1306361,159367042,122.5,121.5,122.0,1.0,891,2383,122.0
2019-11-26,7854958,988757708,127.0,123.0,126.0,4.0,5019,2383,123.0
2019-11-27,4290557,543586948,128.0,125.0,127.0,1.0,2797,2383,126.0
2019-11-28,3498434,440748464,128.0,124.5,125.5,-1.5,2180,2383,128.0
2019-11-29,4297880,527995297,126.5,121.5,122.0,-3.5,2723,2383,126.0
2019-12-02,5227065,625629865,123.0,117.5,120.0,-2.0,3089,2383,122.0
2019-12-03,2602327,317443553,123.0,119.0,122.5,2.5,1821,2383,119.5
2019-12-04,1913921,233224941,123.0,120.5,122.0,-0.5,1329,2383,121.5
2019-12-05,3280480,407140540,125.5,123.0,123.0,1.0,2241,2383,123.0
2019-12-06,2908366,357321018,124.0,122.0,123.0,0.0,1773,2383,123.5
2019-12-09,3390695,421944875,126.0,123.0,123.0,0.0,2046,2383,124.0
2019-12-10,3626657,442504654,123.5,121.0,121.5,-1.5,2233,2383,123.0
2019-12-11,1413494,172751768,123.0,121.5,122.0,0.5,953,2383,122.0
2019-12-12,3771834,457468414,123.5,120.0,121.0,-1.0,2452,2383,123.0
2019-12-13,7668512,938807476,124.0,119.0,123.5,2.5,4654,2383,122.0
2019-12-16,4554795,565790972,125.0,122.5,125.0,1.5,2569,2383,124.0
2019-12-17,3627913,452062164,125.5,124.0,124.5,-0.5,2386,2383,125.5
2019-12-18,4711729,589850030,127.0,124.0,124.0,-0.5,3027,2383,125.0
2019-12-19,3194240,398262374,126.0,123.5,124.5,0.5,1921,2383,125.0
2019-12-20,1712487,213421875,125.0,124.0,125.0,0.5,1208,2383,125.0
2019-12-23,2065046,257858204,125.5,124.5,125.0,0.0,1245,2383,125.0
2019-12-24,1707627,213756875,126.0,124.5,125.0,0.0,1144,2383,125.5
2019-12-25,17149697,2226645133,132.0,126.0,131.5,6.5,10591,2383,126.0
2019-12-26,20317911,2745546985,137.5,132.5,135.5,4.0,12403,2383,132.5
2019-12-27,9336870,1271522450,138.0,134.5,135.0,-0.5,6241,2383,137.5
2019-12-30,8047562,1101498701,138.5,135.0,136.5,1.5,4956,2383,136.5
2019-12-31,5416714,742755318,138.5,135.5,137.0,0.5,3219,2383,136.5
2020-01-02,8367940,1145220734,140.0,134.5,137.5,0.5,5077,2383,138.5
2020-01-03,8104843,1090645619,139.0,131.0,133.0,-4.5,5037,2383,138.5
2020-01-06,4783341,632346012,134.0,130.0,132.0,-1.0,2669,2383,132.5
2020-01-07,6375215,830963338,134.5,128.0,129.5,-2.5,3675,2383,133.5
2020-01-08,4217512,540349536,130.0,127.0,127.0,-2.5,2561,2383,128.0
2020-01-09,6373682,835636178,133.0,129.0,131.0,4.0,3653,2383,129.0
2020-01-10,3293758,426396040,131.5,128.5,129.0,-2.0,2113,2383,131.0
2020-01-13,6990704,929021540,134.5,129.5,134.5,5.5,4151,2383,130.5
2020-01-14,7607648,1030102128,136.5,133.0,136.0,1.5,4679,2383,135.0
2020-01-15,5096045,681783485,136.5,132.0,132.0,-4.0,3262,2383,136.0
2020-01-16,2774448,370459750,135.0,132.0,134.5,2.5,1747,2383,132.0
2020-01-17,4396778,593274916,136.0,133.0,135.5,1.0,2670,2383,135.0
2020-01-20,3721947,505488292,136.5,134.5,136.0,0.5,2166,2383,135.5
2020-01-30,6277961,771210218,124.0,122.5,122.5,-13.5,3476,2383,123.0
2020-01-31,12939066,1513742680,122.5,113.5,115.5,-7.0,7473,2383,122.5
2020-02-03,11557952,1273739000,114.0,105.5,112.0,-3.5,5878,2383,110.0
2020-02-04,9057681,1064512720,120.0,114.0,119.5,7.5,4817,2383,114.5
2020-02-05,6531760,773451200,120.5,116.0,118.5,-1.0,4321,2383,119.0
2020-02-06,4681368,564066396,121.5,119.0,121.0,2.5,2721,2383,119.5
2020-02-07,3789578,449028990,120.0,117.5,117.5,-3.5,2067,2383,119.0
2020-02-10,5942730,696462640,120.5,112.5,117.5,0.0,4346,2383,114.5
2020-02-11,3580933,430441353,121.5,119.0,120.5,3.0,2298,2383,119.0
2020-02-12,9581915,1205483705,128.5,121.0,127.5,7.0,5986,2383,121.5
2020-02-13,5074284,648229568,130.0,126.5,127.5,0.0,3471,2383,127.5
2020-02-14,2714321,348043088,129.5,127.0,128.5,1.0,2032,2383,127.0
2020-02-17,5834318,748294179,131.0,126.5,128.5,0.0,4092,2383,127.5
2020-02-18,3250071,417061588,129.5,127.0,128.5,0.0,2180,2383,128.5
2020-02-19,3748066,478542409,129.0,126.5,127.5,-1.0,2275,2383,128.0
2020-02-20,3609946,466108114,131.0,127.5,127.5,0.0,2349,2383,128.5
2020-02-21,3930191,496162967,129.0,125.0,125.5,-2.0,2824,2383,127.5
2020-02-24,2963612,372785415,127.0,123.5,126.5,1.0,1848,2383,124.0
2020-02-25,2196649,277312923,128.0,124.0,127.0,0.5,1388,2383,125.0
2020-02-26,3348010,427930290,129.5,126.0,128.0,1.0,2318,2383,126.0
2020-02-27,4999111,616368320,129.5,119.0,120.0,-8.0,3428,2383,128.5
2020-03-02,4517923,535802293,121.0,114.5,119.0,-1.0,2656,2383,116.0
2020-03-03,4175094,519062562,126.5,122.0,123.5,4.5,2639,2383,122.5
2020-03-04,2436143,298185515,124.0,121.0,122.5,-1.0,1459,2383,122.5
2020-03-05,3943980,487796000,125.0,122.5,123.5,1.0,2272,2383,124.0
2020-03-06,4627930,579947750,127.0,123.0,125.5,2.0,2765,2383,123.5
2020-03-09,5429262,657856178,125.0,119.0,119.0,-6.5,3494,2383,124.5
2020-03-10,5838244,718165000,126.0,118.0,125.5,6.5,3834,2383,118.5
2020-03-11,4266570,535095528,126.5,124.5,125.5,0.0,2654,2383,126.0
2020-03-12,9787521,1142571211,123.5,113.5,115.5,-10.0,6208,2383,123.0
2020-03-13,8928214,940858040,109.0,104.0,109.0,-6.5,4648,2383,106.0
2020-03-16,4064281,436792724,110.5,104.5,104.5,-4.5,2568,2383,108.5
2020-03-17,5420656,552891000,106.0,97.2,101.0,-3.5,3149,2383,97.2
2020-03-18,5210896,537576556,105.5,100.0,100.0,-1.0,3359,2383,101.5
2020-03-19,6533924,609594060,99.7,90.0,90.0,-10.0,3994,2383,98.5
2020-03-20,6004631,582638214,99.0,94.2,97.5,7.5,4293,2383,94.2
2020-03-23,4607605,433632865,96.8,92.1,92.6,-4.9,3087,2383,94.1
2020-03-24,4123210,406711804,101.0,96.4,99.6,7.0,2986,2383,96.4
2020-03-25,6758081,714772535,107.5,104.0,105.5,5.9,4683,2383,105.0
2020-03-26,4038227,426520789,107.0,103.0,106.5,1.0,2847,2383,105.5
2020-03-27,4163073,450044165,110.5,105.0,105.5,-1.0,2934,2383,109.0
2020-03-30,2513482,265819777,108.0,102.5,108.0,2.5,1771,2383,103.5
2020-03-31,3610218,389535044,111.0,106.0,106.0,-2.0,2392,2383,109.5
2020-04-01,2431935,258505480,107.5,105.0,107.0,1.0,1798,2383,105.5
2020-04-06,8531372,947977280,114.5,109.0,114.0,7.0,5354,2383,110.0
2020-04-07,5735915,666609640,118.0,114.5,116.0,2.0,3785,2383,116.0
2020-04-08,4690799,548279376,118.5,115.5,117.0,1.0,3064,2383,116.5
2020-04-09,2892716,336656840,118.5,115.0,115.0,-2.0,2094,2383,118.0
2020-04-10,2271235,263909495,117.0,115.0,117.0,2.0,1347,2383,115.5
2020-04-13,2455029,289039393,119.0,116.0,117.0,0.0,1678,2383,117.5
2020-04-14,2777063,332558560,120.5,118.0,120.0,3.0,2044,2383,118.5
2020-04-15,4864053,599077487,124.5,121.0,123.0,3.0,3392,2383,122.5
2020-04-16,4667841,576362284,125.0,121.0,123.5,0.5,2971,2383,121.5
2020-04-17,4716019,586349337,126.5,122.0,123.0,-0.5,3304,2383,125.5
2020-04-20,2576982,318788268,125.0,121.0,124.5,1.5,1782,2383,123.0
2020-04-21,3278027,403484252,125.5,121.0,121.0,-3.5,2241,2383,123.5
2020-04-22,2804707,337669899,122.0,118.5,121.5,0.5,1852,2383,119.5
2020-04-23,2436355,297077665,123.5,120.5,123.0,1.5,1757,2383,122.5
2020-04-24,2426280,294621296,123.0,120.5,120.5,-2.5,1443,2383,123.0
2020-04-27,2862428,347248999,122.5,120.5,122.0,1.5,1672,2383,121.0
2020-04-28,3005108,368125831,124.0,121.0,123.5,1.5,1778,2383,122.0
2020-04-29,3223943,400119900,125.0,123.5,124.5,1.0,1898,2383,124.5
2020-04-30,6807098,867831642,130.0,124.5,130.0,5.5,4209,2383,125.5
2020-05-04,9642533,1264448539,133.5,128.0,130.5,0.5,5850,2383,129.5
2020-05-05,14539059,1941095788,138.0,130.0,132.0,1.5,8828,2383,134.0
2020-05-06,6178840,825341060,135.0,132.0,134.0,2.0,3999,2383,134.0
2020-05-07,6903450,947662863,139.0,135.5,137.5,3.5,4620,2383,135.5
2020-05-08,13970174,1997565056,147.5,138.0,144.0,6.5,9637,2383,140.0
2020-05-11,8987665,1317227425,149.0,144.0,146.0,2.0,5457,2383,147.5
2020-05-12,6053493,876672992,147.5,143.0,144.0,-2.0,3930,2383,146.0
2020-05-13,7089926,1031025223,148.0,141.5,145.5,1.5,4615,2383,144.0
2020-05-14,4886841,699150581,145.5,140.5,141.0,-4.5,3551,2383,144.5
2020-05-15,4779123,680662140,144.5,139.0,144.0,3.0,3262,2383,144.0
2020-05-18,12883331,1751165685,142.5,133.0,134.0,-10.0,9015,2383,141.0
2020-05-19,5090536,690463622,138.0,132.5,135.0,1.0,3301,2383,137.0
2020-05-20,2797957,377857669,136.5,133.5,135.5,0.5,1933,2383,135.5
2020-05-21,14607352,2110422744,148.5,138.0,147.0,11.5,9012,2383,138.5
2020-05-22,6572256,950504726,148.0,142.0,143.0,-4.0,4304,2383,147.5
2020-05-25,8615259,1270483332,150.0,142.5,148.0,5.0,5500,2383,145.0
2020-05-26,11649607,1778781871,155.0,148.0,153.0,5.0,7772,2383,148.5
2020-05-27,6487205,995866048,155.5,151.5,152.0,-1.0,4760,2383,153.5
2020-05-28,5183056,779870788,154.5,147.5,148.0,-4.0,3179,2383,154.0
2020-05-29,2274035,338259626,151.0,147.0,147.5,-0.5,1678,2383,147.0
2020-06-01,2921242,438579300,151.0,148.0,150.0,2.5,2213,2383,149.5
2020-06-02,3250500,487387500,152.0,148.0,149.0,-1.0,2212,2383,151.0
2020-06-03,2923755,441670145,152.0,150.0,151.0,2.0,1981,2383,151.0
2020-06-04,3500621,528403771,153.0,148.5,152.0,1.0,2479,2383,152.5
2020-06-05,3810340,564831160,150.5,146.5,148.0,-4.0,2560,2383,150.0
2020-06-08,3192516,476385616,150.5,147.5,148.5,0.5,2199,2383,149.5
2020-06-09,4171546,633294714,153.5,149.0,151.5,3.0,3067,2383,149.5
2020-06-10,3978873,609954864,155.0,151.5,155.0,3.5,2821,2383,152.5
2020-06-11,6892856,1053126465,159.0,149.0,149.0,-6.0,4924,2383,157.0
2020-06-12,4150136,612397264,150.5,143.0,149.0,0.0,2903,2383,144.0
2020-06-15,2757238,416239076,153.5,149.0,149.5,0.5,1999,2383,150.0
2020-06-16,9658197,1503604823,159.0,152.5,159.0,9.5,6511,2383,154.0
2020-06-17,7584065,1191673292,160.0,155.0,158.0,-1.0,5571,2383,158.5
2020-06-18,8377897,1359817106,165.0,158.5,162.5,4.5,5190,2383,159.5
2020-06-19,5472173,881990300,164.0,159.0,161.0,-1.5,3316,2383,163.5
2020-06-22,3131381,501351079,161.5,159.0,159.0,-2.0,2045,2383,160.0
2020-06-23,3618262,568910872,161.5,155.0,156.0,-3.0,2527,2383,161.0
2020-06-24,4485832,697407292,158.0,154.0,154.5,-1.5,2484,2383,157.0
2020-06-29,7537297,1195844066,161.5,153.0,158.5,4.0,4596,2383,153.0
2020-06-30,3993094,636578486,161.0,158.0,159.5,1.0,2741,2383,160.5
2020-07-01,5311470,850039700,161.0,158.5,159.5,0.0,2821,2383,160.5
2020-07-02,5219105,848248615,164.0,160.5,162.5,3.0,2999,2383,161.0
2020-07-03,6652316,1095945094,167.0,162.0,166.5,4.0,4025,2383,164.0
2020-07-06,5786416,967759472,169.5,165.5,167.0,0.5,3546,2383,168.0
2020-07-07,6008079,984631322,169.0,161.0,162.0,-5.0,4041,2383,168.5
2020-07-08,4045125,653866500,163.5,160.0,163.0,1.0,2836,2383,162.0
2020-07-09,4127857,674664191,165.5,161.5,161.5,-1.5,2688,2383,165.5
2020-07-10,4407158,694344713,161.5,155.5,156.0,-5.5,3165,2383,161.5
2020-07-13,2758188,435167704,159.0,156.5,157.0,1.0,1665,2383,157.5
2020-07-14,14519638,2378245080,168.5,158.5,160.0,3.0,9415,2383,158.5
2020-07-15,5644935,909725165,164.5,158.5,158.5,-1.5,3846,2383,164.0
2020-07-16,2929238,466104456,160.5,158.0,159.5,1.0,1831,2383,160.0
2020-07-17,2885472,454728104,161.0,156.0,156.0,-3.5,1995,2383,160.5
2020-07-20,3829902,611139320,161.5,156.0,160.0,4.0,2326,2383,156.5
2020-07-21,5237997,856302508,165.5,160.0,164.0,4.0,3557,2383,160.5
2020-07-22,3549350,584886900,166.0,164.0,164.0,0.0,2448,2383,164.5
2020-07-23,13449872,2303597399,176.0,164.0,173.0,9.0,8633,2383,165.5
2020-07-24,6256169,1058216392,173.0,165.5,168.0,-5.0,4623,2383,173.0
2020-07-27,3156010,534282184,172.5,167.5,169.5,1.5,2179,2383,171.0
2020-07-28,4985058,846122186,175.0,165.5,167.0,-2.5,3393,2383,171.0
2020-07-29,2406922,405858818,170.5,166.0,169.5,2.5,1776,2383,167.0
2020-07-30,2975602,509654942,174.0,169.0,171.5,2.0,1852,2383,171.0
2020-07-31,6926044,1214797752,179.0,170.5,177.0,5.5,4075,2383,171.5
2020-08-03,8710331,1535508094,181.5,173.0,174.0,-3.0,5791,2383,177.5
2020-08-04,6658619,1193112563,183.0,176.5,177.0,3.0,4906,2383,177.0
2020-08-05,3616868,649967660,182.0,178.0,179.5,2.5,2541,2383,179.0
2020-08-06,5519630,967008380,180.0,173.0,175.0,-4.5,4102,2383,179.5
2020-08-07,3519849,608880075,174.5,171.0,174.0,-1.0,2521,2383,174.5
2020-08-10,4347650,739799500,174.0,168.5,169.0,-5.0,3163,2383,174.0
2020-08-11,3018171,513510150,172.0,168.0,170.5,1.5,2061,2383,170.0
2020-08-12,2492431,421645701,171.0,167.0,170.5,0.0,1941,2383,169.5
2020-08-13,1815405,309248142,173.5,168.5,169.0,-1.5,1258,2383,173.5
2020-08-14,1207300,204841443,171.5,168.0,170.5,1.5,982,2383,168.5
2020-08-17,2408937,408054252,171.0,168.0,170.0,-0.5,1777,2383,171.0
2020-08-18,1816505,307522845,171.0,168.0,168.0,-2.0,1219,2383,170.0
2020-08-19,2970390,502357709,171.0,167.0,167.5,-0.5,2211,2383,168.5
2020-08-20,10426114,1716741396,174.5,154.0,160.0,-7.5,7310,2383,170.5
2020-08-21,5729511,963714622,172.0,162.0,171.5,11.5,4318,2383,163.5
2020-08-24,3274504,560977425,173.5,169.0,172.0,0.5,2422,2383,171.0
2020-08-25,5377626,948331550,179.5,174.0,175.0,3.0,4021,2383,175.0
2020-08-26,2362544,417189244,178.0,175.0,176.0,1.0,1676,2383,176.0
2020-08-27,6001278,1069917650,183.5,174.0,175.0,-1.0,4731,2383,180.5
2020-08-28,3498241,601404320,175.0,170.5,171.0,-4.0,2698,2383,174.0
2020-08-31,2401949,408984830,173.0,169.0,170.0,-1.0,1760,2383,173.0
2020-09-01,1979071,338018168,172.5,169.0,171.5,1.5,1493,2383,170.0
2020-09-02,2188169,377002642,174.5,171.0,172.5,1.0,1568,2383,173.0
2020-09-03,4794334,817596946,175.5,167.0,167.0,-5.5,3712,2383,174.0
2020-09-04,3801548,632150160,169.5,162.0,169.0,2.0,2643,2383,162.5
2020-09-07,7101397,1151896714,168.0,157.0,158.5,0.0,5076,2383,165.0
2020-09-08,4282565,676169547,160.5,155.0,156.5,-2.0,2995,2383,160.0
2020-09-09,4037586,621727699,156.0,152.0,155.5,-1.0,2590,2383,154.0
2020-09-10,3799144,589156820,159.0,153.0,154.0,-1.5,2680,2383,157.0
2020-09-11,4845476,728613104,154.0,149.0,149.5,-4.5,3349,2383,154.0
2020-09-14,4401606,674148036,156.0,149.5,156.0,6.5,2927,2383,150.0
2020-09-15,2777937,433706133,158.0,155.0,156.0,0.0,2075,2383,156.0
2020-09-16,3372702,529212856,158.5,155.5,156.5,0.5,2307,2383,157.0
2020-09-17,2181398,343152679,158.0,156.0,158.0,1.5,1507,2383,156.0
2020-09-18,2324938,370426106,160.5,158.0,159.0,1.0,1675,2383,159.0
2020-09-21,1685122,263878532,159.5,155.0,155.0,-4.0,1399,2383,159.0
2020-09-22,1864888,287186193,156.0,152.0,154.0,-1.0,1320,2383,154.0
2020-09-23,1907631,295910043,157.5,152.0,152.5,-1.5,1491,2383,156.0
2020-09-24,2097852,315986300,153.0,149.5,150.0,-2.5,1613,2383,150.0
2020-09-25,5700763,824910010,151.5,141.0,144.5,-5.5,4182,2383,151.0
2020-09-28,2108768,303259128,146.5,142.0,143.0,-1.5,1601,2383,146.0
2020-09-29,2165323,312009343,146.0,142.5,143.0,0.0,1356,2383,144.5
2020-09-30,1899374,276674978,147.5,142.0,146.0,3.0,1413,2383,144.0
2020-10-05,1624544,240243821,149.5,145.5,149.0,3.0,1382,2383,146.0
2020-10-06,4016900,616754643,156.0,152.0,153.0,4.0,2702,2383,153.5
2020-10-07,1425547,217628738,153.5,151.5,153.5,0.5,1001,2383,153.0
2020-10-08,1603989,245014817,155.0,151.5,152.5,-1.0,1117,2383,154.5
2020-10-12,2452617,369212167,155.0,148.5,149.5,-3.0,1769,2383,154.0
2020-10-13,1911671,283479479,150.0,147.5,148.0,-1.5,1311,2383,149.5
2020-10-14,1643407,243634844,149.5,147.0,148.0,0.0,1118,2383,148.0
2020-10-15,1391524,207223576,151.0,147.0,150.0,2.0,1066,2383,147.5
2020-10-16,1460828,219895200,151.5,149.0,150.0,0.0,1099,2383,150.5
2020-10-19,6501529,1008398524,157.5,150.5,156.0,6.0,3835,2383,151.0
2020-10-20,3183883,498841564,157.5,155.0,156.5,0.5,2187,2383,155.5
2020-10-21,1694831,265439047,158.0,155.0,156.0,-0.5,1287,2383,157.5
2020-10-22,2037192,313451260,156.5,152.0,154.5,-1.5,1440,2383,156.0
2020-10-23,829573,128366315,155.5,154.0,154.5,0.0,657,2383,154.0
2020-10-26,1082556,167212472,156.0,153.0,154.0,-0.5,813,2383,154.5
2020-10-27,721022,110666222,154.5,152.5,153.5,-0.5,527,2383,154.5
2020-10-28,1629867,245818324,153.5,149.5,150.5,-3.0,1147,2383,153.0
2020-10-29,1157336,172285665,151.5,145.5,151.0,0.5,803,2383,145.5
2020-10-30,1198779,179822240,151.0,149.0,150.0,-1.0,685,2383,151.0
2020-11-02,3708482,541979827,152.0,143.5,146.5,-3.5,2507,2383,151.5
2020-11-03,4187336,609321090,148.0,144.5,145.5,-1.0,3007,2383,147.0
2020-11-04,2011668,296408506,149.0,145.0,148.0,2.5,1435,2383,146.5
2020-11-05,1721960,253812123,149.0,146.0,147.5,-0.5,1184,2383,148.5
2020-11-06,2393008,352997474,148.5,146.0,146.5,-1.0,1633,2383,148.0
2020-11-09,2129690,313476931,149.5,146.0,147.5,1.0,1675,2383,148.5
2020-11-10,1873448,277285145,149.0,147.0,147.5,0.0,1265,2383,148.0
2020-11-11,2880582,435200240,153.0,147.5,152.5,5.0,2035,2383,148.0
2020-11-12,2425995,371796119,154.5,151.5,153.0,0.5,1545,2383,152.5
2020-11-13,2085676,317391212,154.0,150.0,153.5,0.5,1468,2383,152.5
2020-11-16,8863096,1431571379,164.5,155.5,163.0,9.5,6453,2383,156.0
2020-11-17,5953216,981613331,170.0,161.5,162.0,-1.0,4550,2383,168.0
2020-11-18,4093860,656522804,162.5,159.0,160.0,-2.0,3297,2383,161.5
2020-11-19,7716987,1201166588,160.0,154.0,155.5,-4.5,5174,2383,160.0
2020-11-20,3636788,565699922,157.0,153.5,156.5,1.0,2617,2383,155.0
2020-11-23,1946488,304460243,157.5,155.5,156.0,-0.5,1420,2383,157.0
2020-11-24,2562772,401010505,157.5,155.5,156.0,0.0,1616,2383,156.5
2020-11-25,4132651,637452624,157.5,152.0,152.5,-3.5,2894,2383,156.5
2020-11-26,1839403,283535562,156.0,152.5,155.0,2.5,1244,2383,152.5
2020-11-27,2096466,327922324,157.5,154.0,157.0,2.0,1502,2383,155.0
2020-11-30,2514832,397485360,160.0,156.0,156.0,-1.0,1857,2383,158.0
2020-12-01,1587081,248625356,157.5,155.0,157.0,1.0,1119,2383,157.0
2020-12-02,2398542,379099507,159.0,157.0,158.0,1.0,1844,2383,158.0
2020-12-03,2602208,414579408,161.5,157.5,159.0,1.0,1969,2383,159.0
2020-12-04,2177670,342627812,160.0,156.0,157.0,-2.0,1684,2383,159.0
2020-12-07,2891396,448236479,158.5,153.5,154.0,-3.0,2003,2383,158.5
2020-12-08,1768459,276344396,158.0,154.5,156.0,2.0,1276,2383,155.0
2020-12-09,3927241,627434859,161.0,156.0,161.0,5.0,2924,2383,157.0
2020-12-10,6637209,1035340728,161.5,154.5,155.0,-6.0,5067,2383,161.0
2020-12-11,3712533,565912086,156.5,150.0,153.0,-2.0,3147,2383,156.0
2020-12-14,1547010,238878991,156.0,151.5,155.5,2.5,1184,2383,153.0
2020-12-15,2310243,351728019,155.5,150.5,150.5,-5.0,1820,2383,154.0
2020-12-16,2209981,339754709,155.0,151.5,154.5,4.0,1739,2383,153.0
2020-12-17,1815652,280891030,156.0,153.5,154.5,0.0,1405,2383,154.5
2020-12-18,2251661,352040506,158.0,155.0,155.0,0.5,1807,2383,155.0
2020-12-21,1619705,250435309,156.5,152.0,156.0,1.0,1131,2383,155.0
2020-12-22,1683285,260831342,156.5,153.0,153.0,-3.0,1322,2383,155.0
2020-12-23,7743139,1227251138,161.0,154.0,157.0,4.0,5469,2383,154.5
2020-12-24,2479163,392754162,160.0,157.0,157.5,0.5,1995,2383,159.5
2020-12-25,1360487,214352389,159.0,156.5,157.5,0.0,1102,2383,159.0
2020-12-28,1396114,219299160,159.0,156.0,157.0,-0.5,1132,2383,158.5
2020-12-29,2113282,330289336,158.0,155.0,156.0,-1.0,1549,2383,157.5
2020-12-30,1087193,169354830,157.0,155.0,155.5,-0.5,878,2383,157.0
2020-12-31,2486428,390894722,158.0,155.0,157.0,1.5,1678,2383,155.5
2021-01-04,2993690,467114327,157.5,155.0,156.5,-0.5,2111,2383,157.0
2021-01-05,4151071,660180901,160.5,156.5,159.0,2.5,2877,2383,157.0
2021-01-06,6219963,986336066,162.5,155.0,155.5,-3.5,4398,2383,161.0
2021-01-07,2149221,337210648,158.0,155.0,157.5,2.0,1569,2383,157.0
2021-01-08,2573585,408316456,160.0,157.0,159.0,1.5,1815,2383,158.0
2021-01-11,2186586,350312042,161.0,158.5,161.0,2.0,1735,2383,160.0
2021-01-12,2831445,448640234,162.5,156.0,157.0,-4.0,2291,2383,162.5
2021-01-13,2904233,461345629,160.0,156.0,159.5,2.5,2065,2383,157.0
2021-01-14,6503223,1062632578,166.0,159.0,165.5,6.0,4666,2383,159.5
2021-01-15,5151237,840763966,167.5,160.0,161.0,-4.5,3922,2383,167.0
2021-01-18,2598338,411196971,161.0,156.0,159.5,-1.5,1863,2383,160.0
2021-01-19,2186611,346270495,160.5,157.5,158.5,-1.0,1767,2383,160.0
2021-01-20,2619076,408392905,158.0,155.0,155.0,-3.5,2006,2383,158.0
2021-01-21,2380160,372712209,159.0,155.0,156.0,1.0,1556,2383,155.5
2021-01-22,3817208,610301974,161.5,156.0,161.5,5.5,2578,2383,157.5
2021-01-25,2293989,368877637,162.0,158.5,161.0,-0.5,1598,2383,160.5
2021-01-26,2777640,448205603,163.5,159.0,161.0,0.0,1792,2383,161.5
2021-01-27,2485033,399446040,163.0,160.0,162.5,1.5,1452,2383,161.5
2021-01-28,3590211,566651494,160.5,156.0,156.5,-6.0,2661,2383,159.0
2021-01-29,3570265,548123639,158.0,150.0,150.5,-6.0,2880,2383,157.0
2021-02-01,1955950,296105068,153.5,150.0,152.5,2.0,1579,2383,151.0
2021-02-02,2130837,331668191,157.0,153.5,155.0,2.5,1642,2383,154.0
2021-02-03,1536645,238558206,156.5,154.0,155.0,0.0,933,2383,155.5
2021-02-04,1516281,237978775,157.5,154.0,157.0,2.0,1173,2383,154.5
2021-02-05,6147659,992777667,164.0,158.0,161.5,4.5,4272,2383,159.0
2021-02-17,3546983,579875574,166.5,162.0,164.0,2.5,2649,2383,164.5
2021-02-18,2852997,469396727,166.0,163.0,164.5,0.5,1820,2383,165.0
2021-02-19,6927502,1170462614,171.5,163.5,169.0,4.5,4821,2383,164.5
2021-02-22,2987562,504365708,170.5,167.5,168.5,-0.5,2114,2383,169.5
2021-02-23,1748188,292808120,169.0,166.0,169.0,0.5,1480,2383,167.5
2021-02-24,4950547,838798282,174.0,166.0,166.5,-2.5,3234,2383,170.0
2021-02-25,5282660,867432971,169.0,162.5,163.0,-3.5,3867,2383,168.5
2021-02-26,8107553,1357631911,170.5,160.5,169.0,6.0,5307,2383,160.5
2021-03-02,7591199,1311903840,177.5,169.0,169.0,0.0,5603,2383,173.0
2021-03-03,2754297,467345173,172.5,166.5,172.0,3.0,2013,2383,170.5
2021-03-04,3546704,610213233,175.5,169.5,170.0,-2.0,2387,2383,173.0
2021-03-05,3457193,583873820,171.5,166.5,167.5,-2.5,2366,2383,168.0
2021-03-08,1928612,324506331,170.0,166.0,166.0,-1.5,1303,2383,169.5
2021-03-09,2634832,432412889,168.0,161.0,165.5,-0.5,1971,2383,166.0
2021-03-10,1252116,209535058,169.0,166.0,166.0,0.5,1076,2383,167.0
2021-03-11,2955805,494903554,168.5,165.5,167.5,1.5,1876,2383,166.0
2021-03-12,2460197,418865599,172.0,168.5,169.5,2.0,1915,2383,168.5
2021-03-15,978005,165267566,170.0,168.0,168.5,-1.0,877,2383,169.5
2021-03-16,1611080,271865683,170.0,167.5,170.0,1.5,1459,2383,169.0
2021-03-17,1260652,212577521,170.0,168.0,168.0,-2.0,1101,2383,169.5
2021-03-18,916832,154874969,169.5,168.5,169.0,1.0,738,2383,168.5
2021-03-19,1215182,203946016,169.5,166.0,168.5,-0.5,911,2383,168.0
2021-03-22,1212025,204981974,170.0,167.5,170.0,1.5,1001,2383,168.5
2021-03-23,3095575,489305164,171.5,169.0,169.0,-1.0,789,2383,171.5
2021-03-24,1152103,193635440,170.0,167.0,168.0,-1.0,770,2383,169.0
2021-03-25,2151315,356972126,168.0,165.0,165.0,-3.0,1246,2383,168.0
2021-03-26,1353712,225203673,167.5,165.0,166.5,1.5,1024,2383,166.5
2021-03-29,2693510,458995915,171.5,167.5,171.0,4.5,2157,2383,168.0
2021-03-30,784405,133163106,171.0,169.0,170.0,-1.0,643,2383,171.0
2021-03-31,877179,147967121,170.0,168.0,169.0,-1.0,784,2383,170.0
2021-04-01,915542,154051771,170.0,167.5,168.5,-0.5,830,2383,170.0
2021-04-06,1580145,264899606,169.5,167.0,167.5,-1.0,1378,2383,169.5
2021-04-07,1299211,219125270,169.5,167.5,169.0,1.5,992,2383,169.0
2021-04-08,2425647,414121736,172.0,168.5,171.5,2.5,1891,2383,170.0
2021-04-09,2897736,493460046,173.0,168.5,169.0,-2.5,2385,2383,173.0
2021-04-12,1336129,226918591,171.0,169.0,170.0,1.0,1127,2383,170.5
2021-04-13,1504520,254315428,171.0,166.0,167.0,-3.0,1362,2383,171.0
2021-04-14,6842174,1171612924,175.0,166.0,169.0,2.0,4825,2383,171.0
2021-04-15,1777001,298606580,170.5,167.0,168.5,-0.5,1432,2383,170.0
2021-04-16,1629364,275516220,170.0,168.0,169.5,1.0,1388,2383,170.0
2021-04-19,3363382,568129230,171.5,167.0,169.5,0.0,2716,2383,169.5
2021-04-20,7767058,1354764592,177.0,169.5,175.5,6.0,5822,2383,170.0
2021-04-21,5786564,1028007953,181.0,174.0,181.0,5.5,4614,2383,175.0
2021-04-22,7704081,1387645274,188.0,175.0,175.0,-6.0,5918,2383,183.0
2021-04-23,2306011,411308547,180.0,175.0,179.5,4.5,1888,2383,177.0
2021-04-26,2783006,503986223,183.0,178.0,182.0,2.5,2205,2383,182.5
2021-04-27,1987409,360664926,184.5,179.0,182.0,0.0,1664,2383,184.0
2021-04-28,3306566,588558220,182.0,176.5,178.5,-3.5,2561,2383,182.0
2021-04-29,2709750,481432504,180.5,175.5,178.0,-0.5,2048,2383,180.5
2021-05-03,5715475,1037259355,184.5,178.0,179.5,1.5,3904,2383,180.0
2021-05-04,4827073,838714542,183.0,166.5,173.0,-6.5,3807,2383,181.5
2021-05-05,3725730,630136810,175.0,165.0,165.0,-8.0,3139,2383,173.5
2021-05-06,3669259,609947297,171.0,163.0,166.5,1.5,2743,2383,168.0
2021-05-07,2897987,492146005,172.5,167.0,172.5,6.0,2132,2383,169.0
2021-05-10,2428860,414613542,175.5,167.0,168.0,-4.5,1710,2383,172.5
2021-05-11,4449420,717622871,166.0,158.0,161.0,-7.0,3463,2383,164.0
2021-05-12,6215508,930166842,159.5,145.0,150.0,-11.0,4412,2383,157.5
2021-05-13,3627754,537572461,153.0,141.5,151.5,1.5,2718,2383,145.0
2021-05-14,4037057,634005567,160.0,151.0,157.0,5.5,3220,2383,152.5
2021-05-17,3143854,476590608,157.0,146.0,155.0,-2.0,2550,2383,146.0
2021-05-18,1978008,312185597,160.5,155.0,159.0,4.0,1479,2383,157.0
2021-05-19,1153301,182399538,159.5,157.0,158.5,-0.5,981,2383,159.0
2021-05-20,721788,113759281,159.0,156.0,156.5,-2.0,545,2383,158.5
2021-05-21,1366513,213940761,159.5,155.0,156.5,0.0,1153,2383,159.5
2021-05-24,982277,153499666,159.0,153.5,158.5,2.0,922,2383,155.0
2021-05-25,1186672,190693766,162.0,158.5,161.0,2.5,872,2383,159.0
2021-05-26,840258,134569694,162.5,159.0,159.5,-1.5,691,2383,161.0
2021-05-27,1070932,168849388,159.0,156.5,157.0,-2.5,826,2383,157.5
2021-05-28,842373,134120873,160.5,158.0,158.5,1.5,638,2383,159.5
2021-05-31,2772851,449940607,164.0,159.5,164.0,5.5,2012,2383,160.0
2021-06-01,3000199,488514170,165.0,162.0,162.5,-1.5,1821,2383,164.0
2021-06-02,1851913,297223786,164.0,158.0,160.0,-2.5,1359,2383,162.0
2021-06-03,1301445,207434946,161.0,158.5,159.5,-0.5,1004,2383,160.5
2021-06-04,1289887,205738070,161.0,158.0,159.5,0.0,918,2383,158.5
2021-06-07,4155641,668342632,163.5,157.0,162.5,3.0,2502,2383,163.0
2021-06-08,5938111,992745290,171.0,162.0,168.5,6.0,3822,2383,162.5
2021-06-09,10952424,1936788538,182.0,168.0,179.0,10.5,7895,2383,168.5
2021-06-10,29374849,5677646646,196.5,182.0,196.5,17.5,13651,2383,183.5
2021-06-11,34600906,6973942456,209.0,192.5,202.0,5.5,22587,2383,196.0
2021-06-15,18446022,3874406697,216.5,205.5,207.5,5.5,13584,2383,207.5
2021-06-16,10022774,2095039139,213.5,203.5,210.0,2.5,6476,2383,207.0
2021-06-17,9326543,1975488007,216.0,208.5,214.0,4.0,6371,2383,210.5
2021-06-18,6417471,1353650705,213.5,207.5,212.0,-2.0,3579,2383,212.5
2021-06-21,4445448,936798908,213.5,207.0,213.5,1.5,3178,2383,210.5
2021-06-22,12493158,2619995094,224.0,201.5,204.5,-9.0,8457,2383,217.0
2021-06-23,8655966,1835392693,216.5,205.0,213.5,9.0,5990,2383,207.5
2021-06-24,5096666,1092875288,217.0,210.0,215.5,2.0,3858,2383,213.0
2021-06-25,5021195,1080298007,220.5,210.0,213.5,-2.0,3751,2383,217.0
2021-06-28,4975155,1072643527,221.5,212.0,214.0,0.5,3319,2383,214.5
2021-06-29,10641379,2420009609,235.0,213.5,235.0,21.0,6570,2383,217.0
2021-06-30,18671169,4125598200,234.5,212.0,218.0,-17.0,14015,2383,234.5
2021-07-01,8011537,1697341091,220.5,206.0,210.0,-8.0,5981,2383,219.0
2021-07-02,5759529,1232990402,218.0,210.5,216.5,6.5,3828,2383,213.5
2021-07-05,7626524,1689455672,226.0,216.0,223.0,6.5,4923,2383,219.0
2021-07-06,4964092,1088906270,224.5,217.0,218.0,-5.0,3216,2383,224.0
2021-07-07,5231293,1137496506,222.0,215.0,217.0,-1.0,3335,2383,219.0
2021-07-08,7384598,1599358330,222.0,213.0,219.0,2.0,3850,2383,218.0
2021-07-09,12597680,2806034593,228.5,217.5,218.5,-0.5,9165,2383,220.5
2021-07-12,7238932,1575345563,223.5,214.0,216.0,-2.5,4581,2383,223.0
2021-07-13,15267726,3423088512,228.5,217.0,223.5,7.5,9806,2383,218.0
2021-07-14,12040713,2735600758,234.5,220.0,231.0,7.5,8849,2383,227.0
2021-07-15,5245612,1196363532,233.0,224.5,229.0,-2.0,4211,2383,232.5
2021-07-16,6278959,1465762879,238.5,225.0,238.5,9.5,5102,2383,226.0
2021-07-19,10195543,2481216510,248.5,236.0,242.5,4.0,7919,2383,238.5
2021-07-20,7100844,1679715687,245.0,229.5,231.0,-11.5,5615,2383,238.0
2021-07-21,5365564,1271718732,242.0,232.0,236.0,5.0,4445,2383,236.0
2021-07-22,2536366,598341461,240.5,232.5,235.0,-1.0,2291,2383,238.0
2021-07-23,3364515,776567645,238.0,227.0,230.5,-4.5,2915,2383,237.5
2021-07-26,2198071,514444755,236.5,229.0,236.0,5.5,1855,2383,231.0
2021-07-27,2233621,518835827,238.5,227.0,231.0,-5.0,2063,2383,238.0
2021-07-28,4951061,1125974115,234.0,217.0,230.0,-1.0,3657,2383,228.0
2021-07-29,3122241,716886518,235.0,227.0,229.0,-1.0,2482,2383,234.0
2021-07-30,2861742,649880439,233.5,223.0,225.0,-4.0,2197,2383,230.0
2021-08-02,3165401,702079696,229.5,218.5,220.5,-4.5,2560,2383,225.0
2021-08-03,3344142,735016850,224.0,216.5,223.0,2.5,2576,2383,221.0
2021-08-04,3479976,763410473,224.5,217.0,218.5,-4.5,2736,2383,224.0
2021-08-05,2981516,658504292,223.5,217.5,222.5,4.0,2392,2383,218.5
2021-08-06,1111087,245222464,222.0,219.0,221.5,-1.0,942,2383,221.5
2021-08-09,1516541,330175106,223.5,214.0,215.5,-6.0,1383,2383,220.0
2021-08-10,3651285,784822397,220.0,209.0,215.5,0.0,2871,2383,215.5
2021-08-11,3762539,807151588,219.0,210.0,212.5,-3.0,2100,2383,214.0
2021-08-12,2528085,553274167,221.0,211.5,220.5,8.0,1796,2383,211.5
2021-08-13,3109418,659062846,219.0,207.5,208.0,-12.5,2442,2383,219.0
2021-08-16,2303554,472084678,208.0,200.0,205.0,-3.0,1863,2383,206.5
2021-08-17,3563416,756736393,216.5,208.0,208.0,3.0,2784,2383,208.0
2021-08-18,5386978,1173319662,224.0,205.5,222.5,14.5,4443,2383,206.5
2021-08-19,9510089,2187497364,235.0,219.5,228.0,5.5,6532,2383,220.5
2021-08-20,7939867,1843240821,236.5,224.5,235.5,7.5,5819,2383,228.0
2021-08-23,5241678,1216674407,237.0,228.5,231.5,-4.0,3730,2383,236.5
2021-08-24,5533389,1315467631,242.0,233.0,236.5,5.0,3959,2383,234.5
2021-08-25,3891669,910947089,239.5,231.0,234.0,-2.5,2954,2383,236.5
2021-08-26,2761040,633148325,233.0,223.5,232.0,0.0,2338,2383,229.5
2021-08-27,2439171,558617156,234.0,226.5,228.5,-3.5,1848,2383,232.5
2021-08-30,1325534,304902133,232.0,228.0,230.0,1.5,1075,2383,231.0
2021-08-31,2355632,540916363,234.0,225.0,234.0,4.0,1820,2383,228.5
2021-09-01,3538185,828254755,237.5,230.5,237.0,3.0,2389,2383,234.5
2021-09-02,2860728,671670733,239.5,230.5,232.0,-5.0,2273,2383,237.0
2021-09-03,3012496,691482765,234.5,226.0,232.0,0.0,2255,2383,234.0
2021-09-06,4327134,1015880804,240.0,230.5,231.0,-1.0,3136,2383,236.5
2021-09-07,2829082,647673331,234.5,226.5,228.0,-3.0,1870,2383,234.5
2021-09-08,4895510,1076541494,228.0,213.5,221.5,-6.5,3985,2383,226.5
2021-09-09,2424482,545256332,229.0,220.0,226.5,5.0,1833,2383,220.0
2021-09-10,1782241,398615701,226.5,221.5,225.0,-1.5,1409,2383,226.0
2021-09-13,1780112,393540838,225.5,219.0,219.5,-5.5,1525,2383,225.0
2021-09-14,1318616,292593181,224.0,219.5,222.5,3.0,1191,2383,219.5
2021-09-15,2422527,528789196,222.5,215.5,219.5,-3.0,2139,2383,222.5
2021-09-16,4256036,973010669,233.0,220.0,231.0,11.5,2917,2383,221.5
2021-09-17,3523563,808648385,232.5,227.5,227.5,-3.5,5295,2383,229.5
2021-09-22,3188414,736848972,235.5,222.0,232.5,5.0,2869,2383,224.5
2021-09-23,12178009,2977322090,251.5,234.0,249.0,16.5,10148,2383,239.0
2021-09-24,12195747,2943394123,251.5,236.5,238.0,-11.0,10251,2383,247.0
2021-09-27,7503191,1705745491,233.0,222.0,226.0,-12.0,5172,2383,226.5
2021-09-28,3860053,873632908,229.0,222.5,228.0,2.0,2554,2383,223.0
2021-09-29,8022625,1724814400,223.0,210.0,214.5,-13.5,5959,2383,222.5
2021-09-30,3816922,830737951,221.0,212.5,217.5,3.0,2381,2383,218.0
2021-10-01,2896722,613516205,215.5,209.0,210.0,-7.5,2561,2383,215.5
2021-10-04,1760462,371955126,214.5,209.0,209.5,-0.5,2491,2383,210.0
2021-10-05,3002016,641936546,219.0,202.0,218.0,8.5,2846,2383,208.0
2021-10-06,5403655,1125152158,220.0,202.5,203.0,-15.0,4785,2383,218.0
2021-10-07,3886538,820054570,215.5,203.5,211.5,8.5,2972,2383,203.5
2021-10-08,1663666,357725251,218.0,211.0,214.5,3.0,1617,2383,211.0
2021-10-12,1615560,337612996,214.5,206.5,207.0,-7.5,1263,2383,211.0
2021-10-13,2029990,411243879,210.0,200.0,200.0,-7.0,1788,2383,208.0
2021-10-14,2323748,476834586,208.0,201.0,206.5,6.5,1555,2383,203.5
2021-10-15,1764090,370549454,212.0,206.0,211.5,5.0,1490,2383,208.5
2021-10-18,1136837,237688349,213.0,206.5,207.0,-4.5,995,2383,211.0
2021-10-19,3677874,801529360,222.5,208.0,215.0,8.0,2759,2383,208.0
2021-10-20,2536608,557066798,223.5,217.0,217.0,2.0,1865,2383,218.0
2021-10-21,1099477,236957546,220.0,212.5,212.5,-4.5,1782,2383,219.0
2021-10-22,1090806,236389393,219.0,214.0,217.5,5.0,849,2383,214.5
2021-10-25,841692,183132724,219.0,215.5,218.0,0.5,741,2383,217.5
2021-10-26,870570,190746200,221.0,218.0,218.0,0.0,685,2383,220.0
2021-10-27,3137241,708672527,228.5,219.0,227.5,9.5,2576,2383,219.0
2021-10-28,11433545,2762254962,248.0,235.5,240.5,13.0,8569,2383,235.5
2021-10-29,7666308,1852949650,251.5,234.0,240.5,0.0,6601,2383,243.0
2021-11-01,4680703,1092960247,241.5,230.5,234.0,-6.5,7214,2383,238.0
2021-11-02,3154853,725616795,236.0,226.5,228.5,-5.5,2724,2383,236.0
2021-11-03,2680750,620834588,234.0,226.5,232.0,3.5,2241,2383,231.0
2021-11-04,1817331,421731924,234.5,229.5,231.5,-0.5,2165,2383,230.0
2021-11-05,1613978,370199868,233.5,226.5,230.5,-1.0,1837,2383,233.0
2021-11-08,1001769,229581138,232.0,227.5,230.0,-0.5,1038,2383,231.0
2021-11-09,1275242,297656230,236.0,231.5,232.0,2.0,1126,2383,233.5
2021-11-10,662350,153089289,233.5,230.0,231.0,-1.0,1099,2383,233.5
2021-11-11,1120092,259815032,235.0,228.0,229.5,-1.5,1177,2383,228.0
2021-11-12,928178,216425889,236.0,230.5,232.0,2.5,932,2383,233.0
2021-11-15,1554267,365614201,238.0,233.0,234.0,2.0,1230,2383,234.0
2021-11-16,1808097,419506827,235.5,230.0,233.0,-1.0,1811,2383,235.0
2021-11-17,3274470,763227409,240.0,229.0,233.0,0.0,2322,2383,235.0
2021-11-18,2822540,651901750,235.5,228.0,232.0,-1.0,2133,2383,234.5
2021-11-19,2299045,525307934,233.5,226.5,227.5,-4.5,2468,2383,233.5
2021-11-22,1422287,329763956,234.0,228.0,233.0,5.5,1063,2383,228.5
2021-11-23,1188790,272273832,232.5,228.0,228.5,-4.5,1273,2383,232.5
2021-11-24,7645834,1855554920,248.0,235.0,245.0,16.5,5799,2383,235.0
2021-11-25,13354418,3499820410,269.5,251.5,269.5,24.5,11216,2383,252.0
2021-11-26,10346820,2751245958,272.5,261.0,272.5,3.0,8292,2383,261.5
2021-11-29,7369631,2028123832,280.5,266.5,280.0,7.5,8431,2383,267.0
2021-11-30,6583983,1862776317,293.5,276.0,280.0,0.0,5939,2383,290.5
2021-12-01,5405655,1485961858,281.0,271.0,279.5,-0.5,5742,2383,275.5
2021-12-02,5100436,1378772512,278.0,267.0,269.0,-10.5,4430,2383,276.0
2021-12-03,3318212,903876104,276.0,266.0,274.5,5.5,3310,2383,272.0
2021-12-06,2830440,773308207,276.5,268.0,275.5,1.0,2569,2383,274.0
2021-12-07,5018950,1416577965,290.0,277.5,278.0,2.5,4409,2383,286.5
2021-12-08,2656552,743783324,283.0,276.0,280.0,2.0,2272,2383,280.0
2021-12-09,3861387,1081478967,293.0,273.5,276.5,-3.5,6450,2383,287.0
2021-12-10,2262431,632627794,284.0,272.0,280.0,3.5,1841,2383,276.5
2021-12-13,1531094,425334718,281.5,275.0,279.0,-1.0,2376,2383,278.0
2021-12-14,2102896,576015856,278.5,271.0,274.0,-5.0,2048,2383,278.0
2021-12-15,1730601,476177487,277.5,272.0,275.0,1.0,3923,2383,274.0
2021-12-16,2833114,797914702,285.0,277.0,282.5,7.5,3352,2383,279.0
2021-12-17,2642670,732747253,281.5,274.5,276.5,-6.0,3064,2383,280.0
2021-12-20,970258,269050701,281.0,275.5,275.5,-1.0,791,2383,276.5
2021-12-21,1259756,346605699,279.0,273.0,275.5,0.0,1458,2383,278.0
2021-12-22,1805876,496004077,279.0,270.5,275.5,0.0,1941,2383,279.0
2021-12-23,2346388,657563162,282.5,276.0,281.0,5.5,2158,2383,278.5
2021-12-24,1753914,487109045,283.0,275.0,276.5,-4.5,1655,2383,282.0
2021-12-27,1039564,287935006,280.0,273.5,277.5,1.0,970,2383,277.0
2021-12-28,950119,263313642,279.0,275.5,277.5,0.0,1063,2383,277.5
2021-12-29,729640,203899871,281.0,277.5,279.5,2.0,685,2383,279.0
2021-12-30,752368,209702936,281.5,277.5,278.0,-1.5,857,2383,281.0
2022-01-03,4494922,1277720664,298.0,275.0,277.5,-0.5,3658,2383,280.0
2022-01-04,3274668,906542295,280.0,274.0,277.0,-0.5,2926,2383,277.5
2022-01-05,2508203,700964606,281.5,276.0,280.5,3.5,1800,2383,277.5
2022-01-06,4177426,1188759813,288.5,279.0,285.0,4.5,3381,2383,279.0
2022-01-07,3024943,835167220,286.0,272.0,273.0,-12.0,3236,2383,285.5
2022-01-10,2271617,622175889,276.5,272.5,275.0,2.0,1737,2383,274.0
2022-01-11,2992931,793622836,274.5,261.0,262.5,-12.5,2929,2383,272.5
2022-01-12,1904187,496495351,270.0,256.5,262.0,-0.5,2681,2383,270.0
2022-01-13,2352797,614756657,266.5,259.0,262.0,0.0,2668,2383,262.5
2022-01-14,1449946,382305657,268.0,258.5,267.0,5.0,1617,2383,262.0
2022-01-17,2921830,786383903,274.0,261.5,274.0,7.0,3000,2383,267.0
2022-01-18,2820977,781887249,282.5,268.0,276.0,2.0,3507,2383,268.0
2022-01-19,1673500,467478916,282.0,270.0,281.5,5.5,1379,2383,270.0
2022-01-20,2103981,585311587,281.0,275.5,279.0,-2.5,1968,2383,278.0
2022-01-21,2275271,623785498,278.0,270.0,273.0,-6.0,2639,2383,275.5
2022-01-24,1004600,272469217,275.0,266.5,275.0,2.0,946,2383,267.0
2022-01-25,2089553,559081051,274.5,264.0,265.0,-10.0,5677,2383,274.0
2022-01-26,2285554,599869269,267.5,256.5,264.5,-0.5,3506,2383,266.5
2022-02-07,1778632,482954361,275.0,269.0,271.5,7.0,2203,2383,275.0
2022-02-08,3947632,1087978937,284.0,271.0,275.0,3.5,8570,2383,277.0
2022-02-09,1922074,530327120,279.5,274.0,275.5,0.5,1965,2383,276.5
2022-02-10,3119259,881220755,286.0,276.0,285.5,10.0,2628,2383,277.5
2022-02-11,2451918,689742063,285.0,279.0,279.0,-6.5,5299,2383,285.0
2022-02-14,961921,261946492,277.0,269.5,271.5,-7.5,1066,2383,277.0
2022-02-15,625154,170311017,274.0,270.5,271.0,-0.5,640,2383,271.0
2022-02-16,1507201,412466764,277.0,271.5,275.5,4.5,1037,2383,275.0
2022-02-17,1055739,293965218,280.0,276.0,280.0,4.5,1174,2383,276.5
2022-02-18,1488089,409668975,278.0,273.0,278.0,-2.0,1415,2383,276.0
2022-02-21,717334,198159429,278.0,274.0,278.0,0.0,796,2383,275.5
2022-02-22,1196162,330131349,279.0,272.5,279.0,1.0,1044,2383,275.5
2022-02-23,2606994,737813106,288.0,275.5,288.0,9.0,2528,2383,275.5
2022-02-24,2773505,781986044,287.0,278.0,279.0,-9.0,2362,2383,285.0
2022-02-25,3637881,998444669,286.5,267.0,270.0,-9.0,3074,2383,283.5
2022-03-01,2812500,758413585,274.5,265.0,273.0,3.0,2348,2383,272.0
2022-03-02,1303413,356243299,275.5,269.0,275.5,2.5,1067,2383,271.0
2022-03-03,1203484,329988557,279.0,272.0,274.0,-1.5,1126,2383,278.0
2022-03-04,823767,224220481,275.0,270.0,273.0,-1.0,771,2383,272.0
2022-03-07,2239630,584438983,267.5,257.5,262.0,-11.0,1995,2383,267.0
2022-03-08,1826209,468003738,263.5,249.5,254.0,-8.0,1688,2383,250.0
2022-03-09,1333352,339601859,258.0,252.0,254.0,0.0,1218,2383,257.0
2022-03-10,988807,257782187,262.0,258.0,260.0,6.0,815,2383,262.0
2022-03-11,1480487,375812979,261.0,251.0,253.0,-7.0,1143,2383,260.0
2022-03-14,1663284,416844101,256.5,248.0,252.5,-0.5,1411,2383,253.0
2022-03-15,1267800,317349679,254.5,248.5,249.0,-3.5,1333,2383,253.5
2022-03-16,1893296,464184285,252.5,241.0,244.5,-4.5,1653,2383,252.0
2022-03-17,2127631,542272749,258.5,248.5,258.5,14.0,1711,2383,251.5
2022-03-18,1136351,290787923,258.0,254.5,255.0,-3.5,639,2383,255.0
2022-03-21,194495,49887271,259.0,255.0,256.0,1.0,236,2383,258.5
2022-03-22,263592,68261017,263.0,257.0,257.5,1.5,299,2383,263.0
2022-03-23,522448,135223156,262.0,257.5,258.5,1.0,500,2383,260.5
2022-03-24,730490,187228991,258.5,254.0,257.0,-1.5,698,2383,258.5
2022-03-25,520882,134332149,260.0,257.0,257.0,0.0,528,2383,259.5
2022-03-28,739679,191219595,261.5,255.0,261.0,4.0,668,2383,257.0
2022-03-29,773137,201674306,263.0,258.5,259.0,-2.0,650,2383,261.5
2022-03-30,1590082,417977260,265.5,261.0,261.0,2.0,959,2383,261.5
2022-03-31,1171313,302359401,262.0,256.5,258.0,-3.0,1034,2383,261.0
2022-04-01,713412,184178422,261.0,255.0,261.0,3.0,542,2383,258.0
2022-04-06,647598,166656973,259.5,255.0,257.0,-4.0,584,2383,257.0
2022-04-07,1220880,310664773,258.0,251.0,255.0,-2.0,1077,2383,255.5
2022-04-08,982107,253765256,263.5,255.5,257.0,2.0,829,2383,260.0
2022-04-11,2803505,676453651,256.0,234.5,240.0,-17.0,2588,2383,255.5
2022-04-12,2507318,593293186,244.5,233.0,237.0,-3.0,2109,2383,233.5
2022-04-13,1175883,278728432,239.5,232.0,238.5,1.5,1675,2383,232.0
2022-04-14,687529,164702406,242.0,238.0,240.5,2.0,723,2383,238.5
2022-04-15,966075,227419672,237.0,234.0,235.5,-5.0,744,2383,237.0
2022-04-18,1014890,238131196,236.5,230.0,234.5,-1.0,557,2383,232.0
2022-04-19,1251895,296702351,240.5,234.0,236.0,1.5,937,2383,239.5
2022-04-20,735355,177318858,242.5,238.0,242.5,6.5,680,2383,238.0
2022-04-21,958777,233996468,246.0,240.5,245.0,2.5,882,2383,241.5
2022-04-22,677420,165151915,245.0,240.5,243.5,-1.5,603,2383,240.5
2022-04-25,1002541,237684258,240.5,235.0,235.5,-8.0,973,2383,238.0
2022-04-26,973222,229377952,239.0,233.0,235.5,0.0,916,2383,236.5
2022-04-27,1378875,317086571,235.0,224.0,233.0,-2.5,1228,2383,231.0
2022-04-28,4507305,987456410,238.5,214.0,216.0,-17.0,3945,2383,238.0
2022-04-29,2095306,464551260,224.0,218.5,222.0,6.0,1654,2383,219.0
2022-05-03,1496275,323185484,222.0,214.0,215.0,-7.0,1558,2383,219.0
2022-05-04,2752233,609692829,224.5,214.0,222.0,7.0,1975,2383,214.5
2022-05-05,2241672,503507107,227.5,221.0,222.0,0.0,1808,2383,224.0
2022-05-06,1651428,355479408,217.5,213.5,215.0,-7.0,1338,2383,215.0
2022-05-09,2270923,472805546,213.5,208.5,210.5,-4.5,1500,2383,213.5
2022-05-10,2313032,489225031,215.0,205.0,214.0,3.5,1564,2383,205.5
2022-05-11,1717318,366310613,216.0,210.0,210.5,-3.5,1424,2383,210.5
2022-05-12,1917961,411779216,217.5,211.0,213.0,2.5,1519,2383,212.5
2022-05-13,3441164,770025505,227.0,215.0,224.0,11.0,2956,2383,216.5
2022-05-16,3275308,728027134,230.5,216.5,219.5,-4.5,4901,2383,228.5
2022-05-17,1095693,242215011,223.0,218.5,221.0,1.5,1018,2383,220.0
2022-05-18,3255831,741981145,230.0,221.5,227.5,6.5,2877,2383,221.5
2022-05-19,2248493,503225805,227.0,220.5,226.0,-1.5,1872,2383,222.5
2022-05-20,1122673,255438571,229.0,224.5,228.0,2.0,941,2383,226.0
2022-05-23,1760525,401826762,231.5,225.0,226.0,-2.0,1505,2383,231.5
2022-05-24,1981071,449478420,230.0,223.0,225.0,-1.0,1553,2383,227.5
2022-05-25,948112,214582028,228.0,223.5,226.0,1.0,833,2383,225.0
2022-05-26,3260744,762123620,238.0,228.0,233.0,7.0,3106,2383,228.0
2022-05-27,3336147,786093491,242.0,230.5,232.5,-0.5,5203,2383,236.0
2022-05-30,1643085,382158918,235.5,228.0,233.0,0.5,3546,2383,235.5
2022-05-31,617882,143993647,235.0,231.0,232.5,-0.5,585,2383,233.0
2022-06-01,791238,182604754,234.0,228.5,230.0,-2.5,712,2383,233.0
2022-06-02,643058,145801564,230.0,224.5,225.0,-5.0,662,2383,229.5
2022-06-06,660799,151655481,231.5,224.5,230.0,5.0,641,2383,225.5
2022-06-07,539156,125279489,233.5,230.0,232.5,2.5,507,2383,230.0
2022-06-08,2577138,617036170,243.5,232.5,239.5,7.0,2526,2383,232.5
2022-06-09,882288,211999773,242.0,238.0,240.5,1.0,1334,2383,240.5
2022-06-10,921655,219994633,240.5,236.5,239.0,-1.5,854,2383,237.0
2022-06-13,610666,142598166,235.0,233.0,233.0,-6.0,612,2383,234.0
2022-06-14,1762732,401383835,233.0,225.5,228.0,-5.0,1587,2383,231.0
2022-06-15,1506254,341001109,231.0,223.0,224.0,-4.0,2351,2383,230.0
2022-06-16,2242105,488526635,229.0,211.5,212.5,-11.5,2519,2383,229.0
2022-06-17,2126631,437622440,211.0,202.5,206.0,-6.5,1855,2383,208.0
2022-06-20,2019887,405719828,208.0,195.5,195.5,-10.5,1814,2383,206.5
2022-06-21,1953136,384193100,199.0,193.0,197.0,1.5,1773,2383,198.0
2022-06-22,3883847,722140360,198.5,180.5,184.0,-13.0,3102,2383,198.0
2022-06-23,2067370,383865311,189.5,182.5,185.5,1.5,1712,2383,188.0
2022-06-24,1920123,361599691,192.5,184.0,187.0,1.5,1835,2383,187.0
2022-06-27,1773859,347676748,200.0,190.0,194.5,7.5,2090,2383,190.0
2022-06-28,1502549,285377599,195.5,185.0,191.5,-3.0,1346,2383,195.0
2022-06-29,502539,94782458,190.5,186.5,189.0,-2.5,479,2383,186.5
2022-06-30,2891325,518756922,190.0,177.0,178.5,-10.5,2223,2383,189.0
2022-07-01,1815461,321924104,183.5,173.0,173.5,-5.0,1418,2383,180.0
2022-07-04,1291777,221529175,177.5,168.0,172.5,-1.0,1739,2383,177.5
2022-07-05,1621218,275350526,177.0,165.5,170.5,-2.0,2584,2383,176.0
2022-07-06,3304500,547146562,174.0,162.0,163.5,-7.0,2760,2383,173.0
2022-07-07,3972124,648061938,166.5,158.0,165.0,1.5,2590,2383,166.0
2022-07-08,2373154,397607615,170.5,164.5,166.5,1.5,1657,2383,167.5
2022-07-11,1170172,196875790,170.5,166.0,168.0,1.5,1630,2383,169.0
2022-07-12,3595565,553318078,163.5,151.5,151.5,-16.5,3012,2383,162.5
2022-07-13,8388472,1252952555,156.0,145.0,149.0,-2.5,5752,2383,155.5
2022-07-14,5301314,817851643,158.0,147.0,157.0,8.0,3491,2383,148.5
2022-07-15,5523114,838050086,156.5,146.5,154.5,-2.5,3886,2383,154.5
2022-07-18,4256361,646447345,156.0,148.5,156.0,1.5,3206,2383,153.0
2022-07-19,4040717,648214185,164.0,153.0,160.0,4.0,2969,2383,153.0
2022-07-20,5917563,975359750,168.0,162.0,163.5,3.5,3989,2383,163.0
2022-07-21,3396754,570751915,170.0,163.5,170.0,6.5,2576,2383,166.0
2022-07-22,4884375,823709254,174.5,165.5,166.5,-3.5,3405,2383,171.5
2022-07-25,2836562,460465377,166.5,160.5,161.5,-5.0,2197,2383,166.0
2022-07-26,2117866,340226869,163.0,158.5,161.0,-0.5,1837,2383,162.0
2022-07-27,1059598,171191369,164.0,158.0,164.0,3.0,916,2383,161.0
2022-07-28,4115223,654467677,166.5,155.5,158.5,-5.5,3540,2383,166.5
2022-07-29,2838341,466998761,167.0,159.0,166.0,7.5,2272,2383,161.0
2022-08-01,3482746,585860273,171.5,163.5,168.0,2.0,2687,2383,167.5
2022-08-02,3203983,525014345,167.0,161.0,163.0,-5.0,3099,2383,166.0
2022-08-03,2136419,346410465,164.0,160.0,161.5,-1.5,1864,2383,162.0
2022-08-04,2724329,436500499,162.5,157.0,162.0,0.5,1781,2383,160.5
2022-08-05,1416613,231384402,164.5,161.0,163.5,1.5,1189,2383,162.0
2022-08-08,1337426,213381505,161.0,158.0,160.0,-3.5,1132,2383,160.5
2022-08-09,1213803,196320768,164.0,158.5,163.0,3.0,1140,2383,159.0
2022-08-10,1148263,186190479,163.5,160.5,161.5,-1.5,864,2383,161.0
2022-08-11,2948463,487148951,167.0,162.0,166.5,5.0,2541,2383,164.5
2022-08-12,3350333,569329962,172.5,165.5,171.0,4.5,2528,2383,166.5
2022-08-15,5233014,923121370,180.0,171.5,176.5,5.5,3945,2383,175.0
2022-08-16,2641195,466095735,178.0,175.0,175.0,-1.5,2303,2383,177.5
2022-08-17,2211935,389911226,178.0,174.0,176.0,1.0,1758,2383,176.0
2022-08-18,2322236,403337734,176.0,171.5,174.5,-1.5,1846,2383,175.0
2022-08-19,2629479,467983032,181.0,174.5,176.5,2.0,2063,2383,176.0
2022-08-22,4074793,707294987,178.0,170.0,174.0,-2.5,2336,2383,171.0
2022-08-23,2332985,406388095,176.0,172.0,174.0,0.0,1247,2383,172.0
2022-08-24,2956343,512586715,176.0,172.0,173.0,-1.0,1521,2383,175.0
2022-08-25,4769073,778203129,167.0,163.0,164.5,0.0,1477,2383,165.5
2022-08-26,1075037,178299238,167.0,164.5,165.5,1.0,875,2383,166.5
2022-08-29,1861877,293836649,161.0,156.5,157.5,-8.0,1678,2383,160.5
2022-08-30,1175772,186662424,161.5,157.0,160.0,2.5,842,2383,157.5
2022-08-31,577705,93257616,162.5,159.0,162.0,2.0,528,2383,159.5
2022-09-01,1492315,235790217,161.0,156.5,157.5,-4.5,1199,2383,161.0
2022-09-02,5851275,987121908,173.0,157.5,170.0,12.5,3840,2383,158.5
2022-09-05,8287610,1431565205,176.0,168.0,171.5,1.5,7843,2383,171.0
2022-09-06,8637339,1475423018,179.5,163.5,164.5,-7.0,7108,2383,172.0
2022-09-07,4129764,691189046,171.5,159.5,170.5,6.0,3453,2383,163.0
2022-09-08,4953754,847907650,175.5,169.0,170.0,-0.5,5361,2383,171.5
2022-09-12,2632038,449564466,174.5,168.0,171.0,1.0,2116,2383,173.5
2022-09-13,1944975,332984144,173.5,170.0,171.0,0.0,2276,2383,173.0
2022-09-14,1545597,258940517,170.0,165.0,166.5,-4.5,1360,2383,166.0
2022-09-15,4079294,705608925,176.0,166.0,174.0,7.5,4154,2383,167.5
2022-09-16,4861602,842191166,178.0,169.0,171.5,-2.5,5462,2383,174.0
2022-09-19,1554354,261958569,172.0,166.5,167.0,-4.5,1332,2383,171.5
2022-09-20,2645314,450137878,172.0,168.0,172.0,5.0,1964,2383,169.0
2022-09-21,2155504,366970644,172.5,168.5,170.5,-1.5,2418,2383,170.5
2022-09-22,2655232,445496163,169.5,165.0,168.5,-2.0,2187,2383,168.0
2022-09-23,1416259,237302669,170.5,165.5,166.5,-2.0,1869,2383,168.5
2022-09-26,2657908,438926137,167.5,161.0,167.5,1.0,2734,2383,166.5
2022-09-27,5536005,957471111,176.0,168.0,176.0,8.5,4761,2383,168.0
2022-09-28,6039742,1044699124,178.0,166.5,168.0,-8.0,6520,2383,176.0
2022-09-29,6867469,1118391295,172.5,155.5,158.5,-9.5,8658,2383,170.5
2022-09-30,5476219,832842987,160.0,149.0,160.0,1.5,4119,2383,153.5
2022-10-03,2862577,454520698,164.0,154.5,160.0,0.0,2196,2383,156.5
2022-10-04,2954619,474551793,165.0,157.0,161.5,1.5,2492,2383,163.0
2022-10-05,2809331,457421748,167.0,159.0,159.5,-2.0,3030,2383,164.5
2022-10-06,1437562,230323178,163.0,158.5,159.5,0.0,1363,2383,162.0
2022-10-07,1378485,215270159,159.5,154.5,155.0,-4.5,1293,2383,158.0
2022-10-11,4001990,570369456,150.5,139.5,139.5,-15.5,3383,2383,149.0
2022-10-12,3474018,478498146,141.5,134.0,138.0,-1.5,2549,2383,139.5
2022-10-13,2128814,291465900,139.0,134.5,136.5,-1.5,1615,2383,136.5
2022-10-14,1933848,275387824,144.5,140.0,141.5,5.0,1837,2383,142.5
2022-10-17,1678416,231062310,142.0,135.0,139.0,-2.5,1903,2383,138.0
2022-10-18,1115084,159525071,144.5,141.0,143.5,4.5,1037,2383,141.5
2022-10-19,1432309,205857920,146.5,142.0,142.0,-1.5,1512,2383,143.5
2022-10-20,3712836,511901125,144.0,133.0,144.0,2.0,3104,2383,140.5
2022-10-21,2706299,372555537,141.0,135.0,135.0,-9.0,2328,2383,140.0
2022-10-24,2918198,408455179,142.5,137.5,139.5,4.5,2086,2383,138.0
2022-10-25,5548413,745247849,139.0,130.5,136.0,-3.5,4575,2383,137.0
2022-10-26,5383276,701791824,134.5,128.0,130.0,-6.0,4315,2383,133.5
2022-10-27,4397439,601614392,139.5,130.5,139.0,9.0,3136,2383,131.5
2022-10-28,2433806,333486012,140.0,135.0,137.0,-2.0,2224,2383,135.5
2022-10-31,5746313,826501257,146.5,140.5,146.5,9.5,4170,2383,141.5
2022-11-01,7076327,1055487081,154.0,146.0,148.0,1.5,5524,2383,148.0
2022-11-02,9635328,1519323240,162.5,148.5,157.5,9.5,6262,2383,149.5
2022-11-03,4949348,787089634,161.5,153.5,160.5,3.0,3757,2383,154.5
2022-11-04,3879423,624303004,164.5,157.5,164.5,4.0,3349,2383,159.5
2022-11-07,4512320,735526277,166.5,158.5,164.5,0.0,3982,2383,166.0
2022-11-08,3749756,618958637,170.0,162.0,163.5,-1.0,2872,2383,165.5
2022-11-09,3079889,516363902,170.0,164.0,169.0,5.5,2549,2383,164.5
2022-11-10,1611019,272374298,171.0,166.5,170.5,1.5,1499,2383,168.0
2022-11-11,4338471,755481547,178.0,169.5,174.5,4.0,4523,2383,176.0
2022-11-14,3550836,613560461,178.0,170.5,172.0,-2.5,3045,2383,176.5
2022-11-15,1878157,324038224,174.5,169.5,173.5,1.5,1834,2383,172.0
2022-11-16,2687910,468461188,176.5,171.0,174.0,0.5,2728,2383,175.5
2022-11-17,2320203,408270130,178.0,173.0,175.5,1.5,2370,2383,174.0
2022-11-18,2268620,400956477,179.0,174.5,175.5,0.0,3849,2383,177.5
2022-11-21,1244002,216204411,177.5,172.5,172.5,-3.0,2030,2383,177.5
2022-11-22,2482927,436035982,177.5,172.5,177.0,4.5,2376,2383,173.5
2022-11-23,6345170,1160879692,188.0,176.0,186.0,9.0,8897,2383,178.5
2022-11-24,6115721,1132597683,188.5,180.0,186.5,0.5,6616,2383,187.0
2022-11-25,2762553,506109596,188.0,180.0,180.0,-6.5,3079,2383,187.0
2022-11-28,2932984,526329453,182.5,177.0,180.5,0.5,2118,2383,180.0
2022-11-29,2784879,508870722,186.0,179.5,182.5,2.0,2556,2383,180.0
2022-11-30,5789676,1099315084,194.0,182.0,190.5,8.0,4973,2383,184.0
2022-12-01,5784447,1138734182,201.0,191.5,196.5,6.0,5236,2383,193.5
2022-12-02,2058573,396757594,196.5,190.0,190.5,-6.0,5705,2383,196.5
2022-12-05,2112675,407149754,195.0,190.5,191.5,1.0,2519,2383,191.0
2022-12-06,3379197,642217835,193.0,189.0,189.5,-2.0,3288,2383,190.0
2022-12-07,3922349,724470138,189.0,181.0,186.5,-3.0,5154,2383,188.0
2022-12-08,3129247,592488291,194.0,183.5,193.5,7.0,2915,2383,185.0
2022-12-09,3160009,615499787,197.5,189.5,197.5,4.0,3268,2383,193.5
2022-12-12,4257333,811212458,196.0,188.0,189.5,-8.0,7627,2383,195.0
2022-12-13,1797924,339963114,192.5,186.0,187.0,-2.5,2195,2383,192.0
2022-12-14,3442409,646785883,193.5,183.5,189.0,2.0,2491,2383,189.0
2022-12-15,1771592,335837188,192.0,186.5,189.0,0.0,1723,2383,187.5
2022-12-16,6029921,1105350455,188.0,182.0,182.0,-7.0,3373,2383,185.5
2022-12-19,6506395,1176930813,183.5,177.5,181.5,-0.5,3263,2383,182.0
2022-12-20,6573129,1149494742,182.0,172.5,173.0,-8.5,4241,2383,180.0
2022-12-21,5851493,1006213544,175.0,169.5,172.5,-0.5,3088,2383,173.5
2022-12-22,4978203,871733789,178.0,171.0,178.0,5.5,2725,2383,175.0
2022-12-23,2034008,356765228,178.0,171.5,176.5,-1.5,1746,2383,173.0
2022-12-26,662679,116534729,179.0,173.5,174.5,-2.0,727,2383,177.0
2022-12-27,583766,102621516,176.5,174.5,176.0,1.5,553,2383,175.5
2022-12-28,600700,104199670,175.5,172.0,173.0,-3.0,584,2383,174.5
2022-12-29,1179951,203345318,174.5,169.0,174.0,1.0,1552,2383,171.5
2022-12-30,1200261,206902601,177.0,171.0,171.0,-3.0,1757,2383,176.0
2023-01-03,1490926,260000449,177.5,169.0,176.5,5.5,1391,2383,169.0
2023-01-04,1495316,267755945,181.0,174.5,180.0,3.5,2409,2383,175.0
2023-01-05,2811947,490610483,181.5,171.5,174.5,-5.5,2686,2383,180.0
2023-01-06,1724663,302507470,177.5,172.5,176.5,2.0,1377,2383,174.0
2023-01-09,2070739,378539966,185.0,179.5,185.0,8.5,1690,2383,179.5
2023-01-10,1140016,211643108,188.0,183.0,186.0,1.0,1181,2383,185.0
2023-01-11,1059697,193200937,187.5,181.0,181.0,-5.0,1724,2383,187.0
2023-01-12,1769045,325679538,187.0,182.0,184.0,3.0,2062,2383,183.0
2023-01-13,1599221,289360833,186.5,179.5,180.0,-4.0,2113,2383,186.5
2023-01-16,5361800,936620000,179.5,169.5,176.5,-3.5,4018,2383,176.5
2023-01-17,2013797,356768699,178.5,175.0,178.5,2.0,1445,2383,175.0
2023-01-30,1863400,337264405,184.5,179.5,180.5,2.0,1530,2383,184.0
2023-01-31,4262116,775329589,187.0,179.0,180.5,0.0,3557,2383,183.0
2023-02-01,5251469,994384227,194.0,182.0,189.0,8.5,4787,2383,184.0
2023-02-02,2557674,482171388,191.5,186.5,187.0,-2.0,5177,2383,189.5
2023-02-03,2367138,448944824,192.0,186.5,190.0,3.0,2191,2383,189.0
2023-02-06,1954149,360490460,188.0,182.5,182.5,-7.5,2981,2383,188.0
2023-02-07,1977944,361009546,184.5,181.0,184.0,1.5,1632,2383,182.5
2023-02-08,1658770,305416127,186.0,182.5,184.5,0.5,1775,2383,185.0
2023-02-09,1993140,375835338,191.0,183.5,190.0,5.5,2272,2383,185.0
2023-02-10,2298086,437538750,192.5,188.0,190.0,0.0,2153,2383,191.5
2023-02-13,2117818,405826592,193.5,189.5,191.5,1.5,4061,2383,190.5
2023-02-14,1495413,283720386,193.5,188.0,189.5,-2.0,4319,2383,193.0
2023-02-15,1417738,266439789,190.5,186.0,187.0,-2.5,1546,2383,188.5
2023-02-16,632926,120292847,191.0,188.5,190.5,3.5,597,2383,189.5
2023-02-17,818260,153431699,189.5,186.0,187.5,-3.0,1645,2383,188.5
2023-02-20,1782258,336038249,190.5,184.5,190.5,3.0,1610,2383,187.5
2023-02-21,1886553,362162800,193.5,189.5,192.0,1.5,1791,2383,190.5
2023-02-22,1667169,311228692,190.0,185.0,185.5,-6.5,5108,2383,190.0
2023-02-23,1324798,245350803,188.0,184.5,185.0,-0.5,1830,2383,187.0
2023-02-24,4137323,792402913,195.0,188.0,190.5,5.5,3373,2383,188.5
2023-03-01,1676924,313622851,190.5,185.0,188.0,-2.5,6757,2383,190.0
2023-03-02,736223,138742323,189.5,186.5,189.0,1.0,902,2383,188.0
2023-03-03,1898820,363220883,194.0,189.0,189.5,0.5,1601,2383,190.0
2023-03-06,1624556,312937963,195.0,191.5,192.5,3.0,1307,2383,191.5
2023-03-07,1302666,252747071,195.5,191.0,194.5,2.0,1284,2383,193.5
2023-03-08,844779,164149872,196.0,191.5,195.0,0.5,1223,2383,193.0
2023-03-09,2122009,405654531,196.0,190.0,190.0,-5.0,6848,2383,196.0
2023-03-10,1990800,369618884,191.0,182.5,183.5,-6.5,1780,2383,190.0
2023-03-13,2658607,475999778,183.0,177.0,180.0,-3.5,2380,2383,183.0
2023-03-14,3515408,611267859,178.5,171.0,172.5,-7.5,3405,2383,177.0
2023-03-15,2623173,451231230,175.0,170.5,171.0,-1.5,2291,2383,174.0
2023-03-16,2729330,464635001,173.5,168.0,169.5,-1.5,1970,2383,171.5
2023-03-17,2102880,357355649,172.5,168.0,170.5,1.0,1699,2383,171.5
2023-03-20,1548482,262951898,171.0,168.5,170.5,0.0,1265,2383,171.0
2023-03-21,2027098,350246537,174.5,170.5,173.0,2.5,1633,2383,172.0
2023-03-22,2669874,473631978,180.0,174.0,178.5,5.5,2159,2383,174.5
2023-03-23,2529749,449191928,179.0,176.0,178.0,-0.5,1721,2383,178.0
2023-03-24,1956764,348340551,179.5,177.0,177.0,-1.0,1414,2383,178.0
2023-03-27,1737347,311622322,181.0,176.5,180.0,3.0,1376,2383,178.5
2023-03-28,2085462,369018713,181.5,174.5,176.0,-4.0,1542,2383,180.0
2023-03-29,1646372,294203103,180.5,176.5,179.5,3.5,1140,2383,177.5
2023-03-30,1231844,224430981,183.0,180.5,183.0,3.5,1252,2383,181.0
2023-03-31,879309,160059642,184.5,181.0,182.0,-1.0,2089,2383,184.5
2023-04-06,1071941,191807165,182.5,178.0,178.5,-3.5,865,2383,181.0
2023-04-07,592782,107099663,182.0,179.5,179.5,1.0,550,2383,180.5
2023-04-10,539436,97580979,182.5,178.5,182.0,2.5,509,2383,180.0
2023-04-11,2030505,375133840,186.5,181.5,185.0,3.0,1461,2383,182.0
2023-04-12,1475899,274334028,188.0,184.0,185.5,0.5,1030,2383,185.5
2023-04-13,1926699,352255339,186.5,180.5,183.0,-2.5,1783,2383,184.0
2023-04-14,1744087,322944694,186.5,183.5,185.0,2.0,1210,2383,185.0
2023-04-17,1423493,260461808,184.5,180.5,183.5,-1.5,1727,2383,184.5
2023-04-18,495250,90441807,184.0,181.5,182.0,-1.5,527,2383,184.0
2023-04-19,2060564,365565090,182.5,175.0,176.5,-5.5,1853,2383,182.0
2023-04-20,1163266,203027769,177.0,173.0,173.0,-3.5,1047,2383,176.5
2023-04-21,2015699,343582060,174.0,169.0,169.0,-4.0,1732,2383,173.0
2023-04-24,1522096,255465706,171.0,166.5,167.0,-2.0,1452,2383,169.0
2023-04-25,2715387,438792235,168.0,159.0,160.0,-7.0,2569,2383,168.0
2023-04-26,4915331,751669590,159.0,150.0,153.5,-6.5,3967,2383,157.0
2023-04-27,6513694,1061335009,168.0,153.0,162.0,8.5,4841,2383,155.0
2023-04-28,3885216,643939556,169.0,163.0,163.5,1.5,3525,2383,164.5
2023-05-02,2114836,340837082,164.5,159.5,160.0,-3.5,2351,2383,164.0
2023-05-03,2292421,375029581,165.5,159.0,164.5,4.5,1688,2383,159.0
2023-05-04,2426780,400786467,167.5,163.0,164.0,-0.5,2503,2383,163.5
2023-05-05,3538771,597484454,170.5,163.0,170.0,6.0,2606,2383,163.5
2023-05-08,2244786,386649826,173.5,169.0,172.0,2.0,1812,2383,172.0
2023-05-09,1670488,284666830,172.5,168.0,171.0,-1.0,1275,2383,171.5
2023-05-10,1548154,260498279,171.0,167.0,168.0,-3.0,2435,2383,171.0
2023-05-11,1069513,177295832,169.0,164.5,165.5,-2.5,905,2383,168.5
2023-05-12,1825911,297787741,166.0,161.5,161.5,-4.0,1677,2383,165.0
2023-05-15,2083973,341147400,165.5,160.5,164.0,2.5,1307,2383,160.5
2023-05-16,2460813,418715520,171.5,167.5,170.5,6.5,1951,2383,169.0
2023-05-17,2190507,372572869,171.5,169.0,169.5,-1.0,4065,2383,170.5
2023-05-18,4830604,856794563,180.5,172.0,179.0,9.5,3403,2383,172.5
2023-05-19,5519226,1013186949,186.5,178.0,184.5,5.5,4035,2383,182.0
2023-05-22,13386171,2589590225,202.0,185.5,191.0,6.5,23877,2383,185.5
2023-05-23,5381922,1010351152,191.5,185.0,187.5,-3.5,10626,2383,191.5
2023-05-24,6821183,1302444778,194.5,187.5,190.5,3.0,5323,2383,189.5
2023-05-25,13972285,2794759039,206.5,190.5,204.0,13.5,14014,2383,198.0
2023-05-26,12235693,2511299506,211.0,200.5,202.5,-1.5,15768,2383,208.0
2023-05-29,7426722,1527203812,210.5,200.0,204.5,2.0,12410,2383,209.0
2023-05-30,5825477,1207489890,211.5,201.5,211.5,7.0,6964,2383,204.5
2023-05-31,8210034,1727482144,215.0,207.0,211.0,-0.5,13715,2383,212.5
2023-06-01,3588420,748373253,211.0,206.5,210.0,-1.0,3616,2383,210.0
2023-06-02,3620839,760434844,212.5,206.5,210.0,0.0,5536,2383,212.5
2023-06-05,2838818,593163154,212.0,205.0,209.0,-1.0,3484,2383,211.5
2023-06-06,5580342,1175664853,214.5,207.0,209.5,0.5,4272,2383,213.5
2023-06-07,7780010,1760458280,230.0,213.0,230.0,20.5,4474,2383,215.5
2023-06-08,13640741,3187066980,243.5,228.0,230.5,0.5,10659,2383,230.0
2023-06-09,7881494,1854425246,240.0,231.5,234.5,4.0,10302,2383,236.0
2023-06-12,5105975,1193746654,236.5,228.5,235.5,1.0,5058,2383,235.0
2023-06-13,5246133,1237698646,241.0,232.0,239.0,3.5,4922,2383,237.5
2023-06-14,6148319,1485704462,246.0,237.5,242.5,3.5,5482,2383,239.0
2023-06-15,5096124,1248103640,250.0,241.0,249.0,6.5,4780,2383,244.0
2023-06-16,4181101,1024130305,249.0,242.0,244.0,-5.0,10139,2383,249.0
2023-06-19,3925174,952162353,246.5,238.0,241.5,-2.5,3584,2383,243.5
2023-06-20,3672147,897232760,247.5,241.0,243.0,1.5,4836,2383,244.0
2023-06-21,2947624,710500351,244.5,238.5,240.5,-2.5,5814,2383,244.5
2023-06-26,4234059,981877970,236.0,230.0,232.0,-8.5,4880,2383,235.0
2023-06-27,4632739,1057951496,233.0,225.0,226.5,-5.5,5835,2383,227.5
2023-06-28,3274426,747420424,232.0,226.0,226.0,-0.5,2966,2383,231.0
2023-06-29,3581191,835689191,237.0,227.5,236.0,10.0,3874,2383,229.0
2023-06-30,3457257,833757403,245.0,233.5,243.5,7.5,3488,2383,235.0
2023-07-03,4839046,1177653950,248.5,235.0,247.5,4.0,5421,2383,238.5
2023-07-04,10168765,2639747163,269.5,246.0,263.0,15.5,10774,2383,248.0
2023-07-05,10747781,2881299239,275.5,259.0,269.0,6.0,9267,2383,265.5
2023-07-06,9860288,2652999166,274.0,263.0,266.5,-2.5,9390,2383,263.0
2023-07-07,5418441,1420667140,268.0,258.0,260.5,-6.0,7230,2383,264.5
2023-07-10,9467105,2606514582,283.5,260.5,277.5,17.0,9339,2383,261.0
2023-07-11,12148932,3562110941,304.0,279.0,295.0,17.5,12244,2383,279.0
2023-07-12,8398145,2498049281,305.0,291.5,297.5,2.5,13385,2383,291.5
2023-07-13,14660767,4519933033,319.0,297.5,304.5,7.0,14029,2383,300.0
2023-07-14,7555280,2314246795,314.0,298.0,306.5,2.0,9315,2383,310.0
2023-07-17,5780776,1768169484,313.0,301.0,305.0,-1.5,5609,2383,301.0
2023-07-18,14896757,4816352563,333.0,311.0,326.0,21.0,12132,2383,319.5
2023-07-19,8246589,2637270004,327.5,312.5,318.0,-8.0,8817,2383,325.5
2023-07-20,13801254,4565748163,340.0,324.0,330.5,12.5,11201,2383,327.0
2023-07-21,15059932,4892175722,334.5,299.5,324.5,-6.0,13027,2383,299.5
2023-07-24,11238191,3844560892,356.5,325.0,356.5,32.0,9690,2383,325.0
2023-07-25,15702782,5599646983,363.5,347.0,354.5,-2.0,11939,2383,356.0
2023-07-26,8196547,2927063286,362.0,350.5,354.0,-0.5,6636,2383,358.5
2023-07-27,3309066,1287226674,389.0,389.0,389.0,35.0,1322,2383,389.0
2023-07-28,23189159,9712980130,427.5,403.0,418.0,29.0,13820,2383,409.0
2023-07-31,15147056,6308929102,433.5,391.5,414.0,-4.0,12237,2383,428.5
2023-08-01,11234912,4573109131,419.5,397.0,403.5,-10.5,8936,2383,408.5
2023-08-02,19329296,7962073718,427.0,393.0,400.5,-3.0,17277,2383,405.5
2023-08-04,14920256,5943890822,406.0,388.0,400.0,-0.5,11574,2383,396.0
2023-08-07,17145182,7391150612,440.0,414.0,440.0,40.0,14625,2383,415.0
2023-08-08,14912520,6570935348,452.0,430.5,440.5,0.5,13375,2383,440.5
2023-08-09,10984770,4799181179,446.5,422.5,443.5,3.0,9419,2383,431.5
2023-08-10,17355275,7140313137,437.5,399.5,406.5,-37.0,14633,2383,434.5
2023-08-11,14415027,5811528780,413.5,391.5,405.0,-1.5,12076,2383,402.0
2023-08-14,8367610,3392124884,413.5,393.0,406.0,1.0,7266,2383,394.0
2023-08-15,10570332,4507679029,435.5,418.0,425.0,19.0,9448,2383,424.0
2023-08-16,9254828,4014615819,442.5,417.5,438.5,13.5,8435,2383,419.0
2023-08-17,10920202,4741581961,441.5,424.0,435.5,-3.0,9246,2383,437.5
2023-08-18,11626808,5014882587,443.5,416.5,427.0,-8.5,9906,2383,432.5
2023-08-21,4142101,1774747297,439.5,421.0,422.0,-5.0,3943,2383,435.0
2023-08-22,5847890,2537966300,439.5,426.5,433.5,11.5,5186,2383,433.0
2023-08-23,9555064,4238579649,454.5,431.0,442.0,8.5,9412,2383,433.5
2023-08-24,11764554,5308881009,462.0,441.0,445.0,0.0,10716,2383,450.0
2023-08-25,9562064,4089584673,442.0,415.5,420.0,-25.0,10378,2383,430.0
2023-08-28,6965503,2852793732,425.5,403.5,404.0,-16.0,7354,2383,423.0
2023-08-29,4830106,1949666002,411.5,397.0,403.5,-0.5,5299,2383,408.5
2023-08-30,8188741,3425313706,427.0,413.0,415.5,12.0,6672,2383,420.0
2023-08-31,14593075,6372400158,447.0,420.0,437.5,22.0,12765,2383,420.0
2023-09-01,9261262,4070256271,449.5,427.0,438.5,1.0,8224,2383,445.0
2023-09-04,8053599,3529031355,446.5,431.0,439.0,0.5,7204,2383,442.5
2023-09-05,12262664,5520630643,457.5,438.0,455.0,16.0,10359,2383,439.0
2023-09-06,10133950,4543868809,460.0,441.5,450.0,-5.0,9201,2383,460.0
2023-09-07,2900671,1293978217,449.5,442.0,446.5,-3.5,2918,2383,447.0
2023-09-08,6361899,2829788937,454.0,434.0,446.5,0.0,5482,2383,447.5
2023-09-11,6818507,2957574438,449.0,421.0,437.0,-9.5,6637,2383,448.0
2023-09-12,4757861,2068932163,442.0,425.0,431.0,-6.0,4456,2383,435.0
2023-09-13,9579753,3979373677,431.0,406.0,421.5,-9.5,9079,2383,431.0
2023-09-14,5522055,2346921163,432.0,421.0,424.0,2.5,5094,2383,423.0
2023-09-15,7495571,3150488108,426.0,411.5,423.0,-1.0,6384,2383,423.0
2023-09-18,5337020,2180377700,417.0,404.5,406.5,-16.5,5427,2383,417.0
2023-09-19,5788506,2317670993,411.5,394.0,398.0,-8.5,5921,2383,404.5
2023-09-20,6288270,2560937809,417.0,398.0,406.5,8.5,5554,2383,399.5
2023-09-21,7882720,3087591165,402.0,386.0,392.5,-14.0,7294,2383,398.0
2023-09-22,6408514,2531937359,406.0,382.0,402.0,9.5,5788,2383,389.0
2023-09-25,3447825,1404713289,412.0,400.0,408.5,6.5,3214,2383,402.0
2023-09-26,4038830,1670457657,417.0,409.0,415.0,6.5,3647,2383,410.0
2023-09-27,2913827,1206242816,418.0,406.5,418.0,3.0,2732,2383,412.0
2023-09-28,4797462,2051978065,433.0,421.0,428.0,10.0,4435,2383,421.5
2023-10-02,7657046,3432409047,454.5,438.0,449.0,21.0,7114,2383,438.0
2023-10-03,3745380,1654702411,451.5,435.0,435.5,-13.5,4258,2383,447.5
2023-10-04,3126453,1361579037,441.0,427.0,441.0,5.5,2881,2383,428.0
2023-10-05,5144620,2271947653,450.0,429.0,445.0,4.0,4938,2383,440.5
2023-10-06,5393601,2379987466,450.0,433.5,439.5,-5.5,4859,2383,449.5
2023-10-11,8466680,3716619042,449.0,430.0,431.0,-8.5,6417,2383,445.0
2023-10-12,4434033,1918751701,444.0,426.0,428.5,-2.5,4690,2383,435.5
2023-10-13,7512311,3258027629,443.5,423.0,425.5,-3.0,6761,2383,435.5
2023-10-16,4944808,2056151914,422.0,410.5,411.0,-14.5,4611,2383,421.0
2023-10-17,5484110,2277318745,421.0,404.0,418.0,7.0,4528,2383,417.0
2023-10-18,9348875,3770483176,412.0,397.0,402.0,-16.0,6596,2383,405.5
2023-10-19,5279621,2105248943,407.0,392.5,400.0,-2.0,4783,2383,393.0
2023-10-20,5390541,2142458418,405.5,386.0,403.0,3.0,4684,2383,398.5
2023-10-23,3584374,1442342186,408.0,397.5,400.0,-3.0,3090,2383,399.0
2023-10-24,3908212,1588701692,413.5,396.0,413.5,13.5,3611,2383,400.0
2023-10-25,3519887,1462257812,419.5,410.0,415.5,2.0,3059,2383,412.5
2023-10-26,8745847,3482992853,413.5,388.5,388.5,-27.0,8804,2383,410.0
2023-10-27,6507561,2523334386,396.0,381.5,383.0,-5.5,6584,2383,393.0
2023-10-30,3145517,1216925630,392.5,382.5,387.0,4.0,2890,2383,384.5
2023-10-31,7636905,2830273484,392.5,353.0,359.0,-28.0,8225,2383,389.5
2023-11-01,5667683,2039299281,363.0,352.0,363.0,4.0,4576,2383,361.0
2023-11-02,7254374,2770734442,390.0,371.5,383.0,20.0,6716,2383,371.5
2023-11-03,4209082,1627079117,393.0,381.0,388.0,5.0,3868,2383,382.5
2023-11-06,4721297,1880800533,401.0,393.0,400.5,12.5,4425,2383,395.5
2023-11-07,3628682,1447941904,404.5,395.0,399.5,-1.0,3921,2383,402.5
2023-11-08,4306042,1753393286,414.5,401.0,404.0,4.5,4160,2383,401.0
2023-11-09,3919081,1604095571,413.5,404.0,413.5,9.5,3396,2383,407.0
2023-11-10,3788160,1572707749,418.0,409.0,417.0,3.5,3259,2383,410.0
2023-11-13,3985596,1676164282,425.0,415.0,422.0,5.0,3052,2383,421.5
2023-11-14,4376964,1844175135,429.0,417.0,419.0,-3.0,3998,2383,422.5
2023-11-15,6609283,2755559808,426.5,409.5,411.0,-8.0,5399,2383,426.0
2023-11-16,4636568,1903457348,414.5,404.5,414.5,3.5,3815,2383,413.0
2023-11-17,3577346,1491940317,421.0,411.0,417.5,3.0,3235,2383,414.0
2023-11-20,7833906,3399987076,446.0,416.0,440.0,22.5,7504,2383,419.5
2023-11-21,7428182,3218883075,441.5,425.5,436.0,-4.0,6933,2383,440.0
2023-11-22,4380286,1865287555,431.5,422.0,424.5,-11.5,4397,2383,430.0
2023-11-23,4270731,1827146694,434.0,422.0,422.5,-2.0,3693,2383,426.0
2023-11-24,3559187,1509019747,430.5,419.5,422.0,-0.5,3095,2383,425.0
2023-11-27,6469906,2615835604,423.0,398.0,398.0,-24.0,7446,2383,422.0
2023-11-28,16053196,6104954880,390.0,373.5,378.5,-19.5,16800,2383,390.0
2023-11-29,10751745,4041525925,386.0,369.0,372.0,-6.5,11287,2383,380.0
2023-11-30,11882256,4504284814,386.0,371.0,380.0,8.0,10814,2383,378.0
2023-12-01,8863386,3436256475,395.5,377.0,389.0,9.0,8211,2383,381.0
2023-12-04,7491490,2963001426,403.0,389.5,391.5,2.5,6440,2383,394.0
2023-12-05,4294280,1642266662,387.5,377.5,385.0,-6.5,4833,2383,386.5
2023-12-06,2799744,1089947252,393.0,386.0,386.5,1.5,2867,2383,389.0
2023-12-07,2197563,848543077,389.5,383.0,384.0,-2.5,2122,2383,385.5
2023-12-08,4118155,1619087632,398.5,386.0,393.5,9.5,4042,2383,389.5
2023-12-11,1978319,776941971,395.5,391.5,391.5,-2.0,2102,2383,395.0
2023-12-12,3844776,1480099845,396.5,380.5,381.0,-10.5,4448,2383,393.0
2023-12-13,3525369,1355496730,390.0,381.0,383.0,2.0,3092,2383,383.5
2023-12-14,6628197,2511116310,387.5,375.5,378.0,-5.0,7012,2383,387.0
2023-12-15,8276157,3106119982,378.5,372.0,376.0,-2.0,6316,2383,375.5
2023-12-18,5568278,2061746627,377.5,368.5,368.5,-7.5,5412,2383,376.0
2023-12-19,6181154,2258314300,371.0,362.0,365.5,-3.0,4869,2383,371.0
2023-12-20,5545676,2042580132,372.5,365.0,366.5,1.0,3758,2383,366.5
2023-12-21,6066844,2242107989,373.0,359.0,371.0,4.5,4037,2383,364.5
2023-12-22,2841970,1065613603,377.5,371.0,375.5,4.5,2686,2383,374.0
2023-12-25,1922176,721377304,380.0,372.0,372.0,-3.5,1794,2383,378.0
2023-12-26,1136867,425266832,376.5,371.5,374.5,2.5,1216,2383,374.0
2023-12-27,1764830,665074823,379.5,372.5,377.5,3.0,1857,2383,377.0
2023-12-28,3620840,1379732949,386.5,377.0,377.0,-0.5,3562,2383,379.0
2023-12-29,1817794,691732399,383.0,376.0,382.0,5.0,1864,2383,377.0
2024-01-02,5112849,1880984499,382.0,363.0,366.0,-16.0,6325,2383,382.0
2024-01-03,3747117,1361594759,368.5,360.5,362.5,-3.5,3959,2383,363.0
2024-01-04,4014454,1439959797,366.0,353.0,361.5,-1.0,4545,2383,363.0
2024-01-05,2622097,952201759,365.5,358.0,365.5,4.0,2442,2383,361.5
2024-01-08,1932469,709411847,374.5,362.0,363.0,-2.5,2122,2383,371.0
2024-01-09,2531042,926370341,371.5,361.5,366.0,3.0,2383,2383,368.0
2024-01-10,2793665,1007519892,364.5,358.5,358.5,-7.5,2640,2383,363.0
2024-01-11,5614604,2076262216,378.5,355.0,376.0,17.5,5739,2383,355.5
2024-01-12,4808697,1831116951,383.0,374.0,381.5,5.5,4783,2383,374.0
2024-01-15,5955545,2305046265,393.0,381.5,385.0,3.5,5486,2383,383.5
2024-01-16,4325716,1686592408,394.0,383.5,392.0,7.0,4012,2383,385.0
2024-01-17,4165946,1626185316,395.5,384.0,385.0,-7.0,4054,2383,393.5
2024-01-18,2880310,1108813396,393.5,379.5,382.0,-3.0,3235,2383,385.0
2024-01-19,6899670,2711520329,398.0,382.0,396.0,14.0,6085,2383,388.0
2024-01-22,15049738,6455846689,435.5,412.5,435.5,39.5,11717,2383,415.0
2024-01-23,6968141,3030193897,439.0,426.5,439.0,3.5,6078,2383,429.5
2024-01-24,4152278,1796063817,441.0,424.5,424.5,-14.5,4496,2383,439.0
2024-01-25,5554263,2326076682,431.0,412.0,414.5,-10.0,10982,2383,430.0
2024-01-26,3788841,1570676279,419.5,408.5,414.5,0.0,3718,2383,416.5
2024-01-29,4513008,1932744717,434.0,418.5,431.5,17.0,4759,2383,418.5
2024-01-30,12845782,5858679649,474.5,429.0,470.5,39.0,12337,2383,437.5
2024-01-31,8109350,3799486553,478.0,460.0,461.0,-9.5,9810,2383,468.5
2024-02-01,7690692,3464917133,456.0,445.5,450.0,-11.0,7100,2383,454.0
2024-02-02,10318006,4906946287,484.0,463.0,475.0,25.0,9638,2383,465.0
2024-02-05,9473097,4655858956,500.0,480.0,497.5,22.5,9684,2383,480.5
2024-02-15,10073449,5438084959,547.0,530.0,545.0,47.5,11384,2383,535.0
2024-02-16,8554146,4545257931,550.0,514.0,534.0,-11.0,8644,2383,546.0
2024-02-19,5893887,3079497538,541.0,511.0,515.0,-19.0,7021,2383,529.0
2024-02-20,6662614,3346208169,513.0,491.0,509.0,-6.0,7945,2383,511.0
2024-02-21,4970999,2466776503,505.0,490.5,492.5,-16.5,6111,2383,499.5
2024-02-22,6621344,3357495565,519.0,490.5,490.5,-2.0,6997,2383,513.0
2024-02-23,8380472,4273129779,520.0,500.0,510.0,19.5,10989,2383,507.0
2024-02-26,4895437,2544552354,529.0,504.0,524.0,14.0,5669,2383,510.0
2024-02-27,6051428,3053264386,525.0,492.0,504.0,-20.0,7925,2383,525.0
2024-02-29,6242673,3104208681,505.0,493.0,495.0,-9.0,6336,2383,502.0
2024-03-01,8694750,4302901941,510.0,488.0,494.0,-1.0,9656,2383,498.0
2024-03-04,7611784,3731265790,502.0,482.0,487.0,-7.0,8653,2383,500.0
2024-03-05,7638570,3817309712,509.0,489.0,498.5,11.5,7982,2383,494.0
2024-03-06,6269798,3221051252,525.0,494.0,514.0,15.5,7928,2383,495.0
2024-03-07,11102086,5848524036,538.0,514.0,522.0,8.0,11305,2383,524.0
2024-03-08,9651029,4882998160,536.0,490.0,490.0,-32.0,14170,2383,536.0
2024-03-11,5410393,2678039876,501.0,486.5,496.0,6.0,5204,2383,488.0
2024-03-12,16682754,7795660968,498.0,450.0,450.0,-46.0,23403,2383,490.0
2024-03-13,21546926,8996833443,449.0,405.0,405.0,-45.0,27179,2383,444.0
2024-03-14,19691935,7814329634,410.0,390.0,394.0,-11.0,20532,2383,404.0
2024-03-15,17228995,7052738188,416.5,396.0,414.0,20.0,13646,2383,399.0
2024-03-18,9080125,3719165048,418.0,402.0,412.0,-2.0,8971,2383,416.0
2024-03-19,12151290,5048442487,424.5,407.0,418.0,6.0,11652,2383,413.5
2024-03-20,8834937,3642894499,423.5,406.0,406.0,-12.0,9552,2383,423.5
2024-03-21,10793298,4570802043,435.0,407.5,420.5,14.5,11236,2383,412.5
2024-03-22,9095051,3931292326,440.0,426.5,427.5,7.0,9564,2383,440.0
2024-03-25,3547474,1503712264,430.5,420.5,420.5,-7.0,4488,2383,427.5
2024-03-26,4462522,1850603948,429.0,407.0,409.0,-11.5,5910,2383,423.0
2024-03-27,2893948,1194485235,418.0,409.0,415.0,6.0,3342,2383,415.0
2024-03-28,7072331,2884229159,424.5,402.5,403.0,-12.0,8702,2383,419.0
2024-03-29,4330765,1747709816,407.5,400.0,403.5,0.5,4431,2383,403.0
2024-04-01,6118169,2450909190,408.5,397.5,398.5,-5.0,7045,2383,407.5
2024-04-02,4776252,1911992027,405.0,397.5,400.5,2.0,4890,2383,400.0
2024-04-03,7370136,3041173714,419.5,400.5,410.5,10.0,7313,2383,402.0
2024-04-08,19222190,8449114878,449.5,426.5,445.0,34.5,19390,2383,429.0
2024-04-09,10477721,4607963162,450.0,433.5,434.5,-10.5,12288,2383,445.0
2024-04-10,15604605,6467163929,438.0,400.0,405.5,-29.0,24074,2383,438.0
2024-04-11,7761177,3123823019,407.5,399.5,400.5,-5.0,10637,2383,402.5
2024-04-12,3658798,1475508858,408.0,401.0,402.0,1.5,5790,2383,403.5
2024-04-15,8830081,3431297225,403.5,383.0,383.0,-19.0,16069,2383,400.0
2024-04-16,8823594,3298356778,380.0,368.5,374.5,-8.5,11349,2383,375.0
2024-04-17,6661113,2492165458,378.0,371.0,372.5,-2.0,9546,2383,374.5
2024-04-18,5716034,2184195409,391.0,370.0,385.0,12.5,6865,2383,372.5
2024-04-19,8350109,3134739519,388.5,360.0,375.5,-9.5,10207,2383,378.5
2024-04-22,8216582,2958628021,372.5,350.5,350.5,-25.0,11647,2383,371.0
2024-04-23,8213861,3042316545,381.5,356.0,376.0,25.5,8409,2383,363.0
2024-04-24,9610753,3765654339,397.5,386.0,391.5,15.5,9697,2383,388.0
2024-04-25,7212360,2821015936,402.0,382.5,382.5,-9.0,8350,2383,385.0
2024-04-26,6005941,2379070751,402.0,390.0,397.0,14.5,6315,2383,393.0
2024-04-29,6071207,2475301420,412.0,403.0,406.5,9.5,6718,2383,407.5
2024-04-30,6922520,2858535459,417.5,401.5,412.0,5.5,8289,2383,412.0
2024-05-02,12772520,5445672731,434.0,417.5,421.5,9.5,15404,2383,426.0
2024-05-03,8572251,3638319467,435.0,416.5,416.5,-5.0,11963,2383,432.0
2024-05-06,6969908,2985089548,434.5,422.5,426.0,9.5,7564,2383,428.5
2024-05-07,6796078,2831022399,429.0,409.0,420.0,-6.0,7984,2383,429.0
2024-05-08,3967718,1680696908,428.0,417.5,425.5,5.5,4564,2383,420.0
2024-05-09,3631467,1540268110,429.0,419.0,422.5,-3.0,4146,2383,428.0
2024-05-10,3406227,1421928970,427.5,413.0,416.0,-6.5,4453,2383,427.5
2024-05-13,3939277,1609586275,415.5,403.5,412.0,-4.0,4846,2383,415.0
2024-05-14,4413752,1798128354,416.5,404.5,408.5,-3.5,5129,2383,412.0
2024-05-15,6789655,2849828113,426.0,411.0,420.5,12.0,7216,2383,414.5
2024-05-16,10767388,4688717975,439.5,427.5,433.5,13.0,11496,2383,428.0
2024-05-17,9906635,4417597997,451.5,432.5,448.0,14.5,11505,2383,437.0
2024-05-20,5410922,2367008227,450.5,432.0,432.0,-16.0,10044,2383,450.5
2024-05-21,3497487,1495617770,434.0,424.5,424.5,-7.5,4456,2383,432.0
2024-05-22,2932212,1262010555,434.5,425.0,431.0,6.5,3515,2383,429.5
2024-05-23,4107479,1761929292,437.5,421.0,430.5,-0.5,4406,2383,435.5
2024-05-24,2189093,940825938,433.5,424.0,430.5,0.0,2478,2383,425.5
2024-05-27,5121014,2221742138,442.0,429.0,434.5,4.0,5059,2383,437.5
2024-05-28,5629534,2404642459,437.5,422.5,422.5,-12.0,7480,2383,434.5
2024-05-29,3199560,1368375080,431.5,423.0,427.0,4.5,3567,2383,423.5
2024-05-30,4897802,2048092199,427.0,415.0,415.5,-11.5,6584,2383,427.0
2024-05-31,4853373,2004965715,419.5,408.5,408.5,-7.0,5837,2383,417.0
2024-06-03,9003274,3882483518,440.5,415.5,435.0,26.5,9143,2383,419.0
2024-06-04,4477082,1940901684,439.5,429.5,430.5,-4.5,4982,2383,434.5
2024-06-05,3200740,1379293918,436.0,423.5,434.5,4.0,3506,2383,436.0
2024-06-06,7336534,3217785509,444.5,430.0,442.0,7.5,8009,2383,442.0
2024-06-07,5080018,2236139242,449.0,435.0,438.0,-4.0,6908,2383,443.0
2024-06-11,7854222,3322716546,434.0,417.0,422.5,-15.5,9283,2383,433.0
2024-06-12,13263516,5961542371,462.0,430.5,452.5,30.0,14363,2383,431.5
2024-06-13,8050474,3668735554,466.5,448.0,451.5,-1.0,11188,2383,463.5
2024-06-14,6280502,2870493600,463.0,447.5,462.0,10.5,7358,2383,460.0
2024-06-17,5498371,2519485375,474.0,450.0,450.0,-12.0,8555,2383,473.0
2024-06-18,2393407,1082104029,458.0,448.0,451.0,1.0,3104,2383,456.0
2024-06-19,4131033,1860331761,457.5,444.0,444.5,-6.5,5757,2383,457.0
2024-06-20,5232475,2403661133,465.0,445.0,462.5,18.0,6304,2383,445.0
2024-06-21,5715913,2590860608,458.0,448.0,453.0,-9.5,7074,2383,457.0
2024-06-24,6199539,2844236443,467.0,448.0,457.5,4.5,5356,2383,453.0
2024-06-25,5597039,2565936644,464.0,445.0,464.0,6.5,5566,2383,458.5
2024-06-26,8708351,4120947685,479.0,467.5,472.5,8.5,9149,2383,472.5
2024-06-27,7964830,3794636852,482.0,466.5,479.5,7.0,7549,2383,471.0
2024-06-28,4358500,2079690821,483.5,474.0,475.0,-4.5,5493,2383,477.5
2024-07-01,4174255,1956020181,477.5,463.5,466.0,-9.0,6990,2383,475.0
2024-07-02,8192938,3922296262,487.5,464.0,484.5,18.5,8262,2383,471.0
2024-07-03,10321856,5139060701,506.0,488.0,492.5,8.0,12718,2383,491.0
2024-07-04,3694062,1827671222,502.0,491.5,494.0,1.5,5339,2383,500.0
2024-07-05,7255222,3687485268,515.0,495.5,508.0,14.0,7755,2383,498.0
2024-07-08,4203054,2115449542,511.0,498.5,501.0,-7.0,7005,2383,510.0
2024-07-09,3803611,1900816563,508.0,489.0,506.0,5.0,5173,2383,501.0
2024-07-10,3435711,1742110422,512.0,498.0,509.0,3.0,5821,2383,509.0
2024-07-11,3128053,1588366283,517.0,500.0,500.0,-9.0,4075,2383,514.0
2024-07-12,7815616,3752095111,493.0,470.0,470.0,-30.0,12775,2383,492.0
2024-07-15,4998002,2348382497,479.0,459.5,470.0,0.0,6187,2383,475.5
2024-07-16,2575873,1223559729,480.0,471.0,474.5,4.5,2998,2383,475.0
2024-07-17,5034091,2345279906,475.0,461.5,462.0,-12.5,7359,2383,474.0
2024-07-18,4973436,2217736812,451.0,441.0,447.5,-14.5,7865,2383,450.0
2024-07-19,5526901,2417899101,447.0,432.5,433.5,-14.0,7682,2383,445.5
2024-07-22,4369277,1843150392,435.0,413.0,416.5,-17.0,6214,2383,433.5
2024-07-23,5096838,2200272062,440.0,420.0,440.0,23.5,5946,2383,424.0
2024-07-26,4395081,1840451040,424.5,410.5,416.5,-23.5,6450,2383,417.0
2024-07-29,3963187,1650941347,425.0,409.0,411.0,-5.5,4612,2383,423.5
2024-07-30,6251092,2623420443,431.5,403.5,431.0,20.0,6512,2383,408.0
2024-07-31,5168562,2258782036,444.0,425.0,438.0,7.0,5261,2383,425.0
2024-08-01,12146308,5222170906,452.0,420.0,420.5,-17.5,15553,2383,448.5
2024-08-02,7126668,2969225637,426.0,402.5,413.5,-7.0,8141,2383,405.0
2024-08-05,11136046,4297046771,404.0,373.5,388.0,-25.5,11733,2383,395.0
2024-08-06,12460806,5170042125,426.5,394.5,426.5,38.5,11301,2383,425.0
2024-08-07,12405801,5470296007,448.0,428.5,444.0,17.5,12073,2383,430.5
2024-08-08,5023473,2213008708,446.0,433.0,442.0,-2.0,6831,2383,439.0
2024-08-09,6345298,2833578708,455.0,439.0,439.5,-2.5,10794,2383,451.5
2024-08-12,4042124,1801889693,451.0,439.0,446.5,7.0,4671,2383,445.0
2024-08-13,7620500,3306646243,448.5,428.0,428.0,-18.5,10141,2383,447.0
2024-08-14,4223624,1830556867,438.5,429.5,433.0,5.0,5249,2383,435.5
2024-08-15,2947159,1282736215,440.0,429.0,436.0,3.0,3408,2383,432.5
2024-08-16,4018531,1767503103,445.0,436.5,437.5,1.5,4509,2383,443.5
2024-08-19,3508944,1537774009,442.0,435.0,437.5,0.0,3403,2383,441.0
2024-08-20,4837222,2111162562,444.0,430.0,431.0,-6.5,5472,2383,440.0
2024-08-21,2549593,1103600851,437.0,429.5,430.0,-1.0,3089,2383,430.0
2024-08-22,1872372,810281852,435.0,430.0,433.0,3.0,2731,2383,430.0
2024-08-23,4852519,2124105608,446.5,427.0,446.0,13.0,5836,2383,431.0
2024-08-26,4505418,2007107919,453.5,439.0,439.0,-7.0,5334,2383,451.0
2024-08-27,2505916,1105575983,444.0,438.0,443.5,4.5,2930,2383,439.0
2024-08-28,4654769,2090745909,457.0,441.0,451.5,8.0,5645,2383,444.0
2024-08-29,4626632,2040773650,449.0,435.5,440.0,0.0,5212,2383,441.5
2024-08-30,9836460,4516900500,466.0,442.0,465.0,25.0,11533,2383,442.0
2024-09-02,8875401,4219583754,483.0,468.0,470.5,5.5,10566,2383,472.5
2024-09-03,17626325,8747776455,507.0,481.5,500.0,29.5,19717,2383,485.0
2024-09-04,13119731,6269230319,492.5,465.0,468.0,-32.0,24899,2383,475.0
2024-09-05,11306597,5510594828,497.0,473.0,491.0,23.0,11972,2383,479.5
2024-09-06,10388064,5039632335,493.0,476.0,490.5,-0.5,13152,2383,484.0
2024-09-09,6653739,3194673906,489.0,472.0,479.5,-11.0,8831,2383,479.0
2024-09-10,8473921,3944880721,485.5,454.0,458.0,-21.5,11334,2383,484.0
2024-09-11,3562270,1634617252,463.5,455.0,456.0,-2.0,3755,2383,463.5
2024-09-12,5390666,2567427364,483.0,467.5,479.5,23.5,6393,2383,474.5
2024-09-13,6175118,2894200576,485.0,462.0,463.5,-16.0,7991,2383,485.0
2024-09-16,3215489,1514004382,474.0,465.0,472.0,8.5,3627,2383,466.5
2024-09-18,3527874,1639620934,474.0,458.0,458.0,-14.0,4614,2383,468.0
2024-09-19,4049822,1911505074,477.0,462.0,475.0,17.0,4521,2383,465.0
2024-09-20,4381812,2081984020,482.5,471.0,472.0,-3.0,4302,2383,480.5
2024-09-23,2017110,952382764,480.0,468.5,468.5,-3.5,2751,2383,474.5
2024-09-24,4378808,2019513255,471.5,457.0,461.5,-7.0,5429,2383,470.0
2024-09-25,4528976,2126625321,475.0,463.5,473.0,11.5,4754,2383,467.0
2024-09-26,5372639,2524162040,478.0,465.5,466.0,-7.0,5451,2383,475.0
2024-09-27,3429042,1605203295,474.5,464.0,468.0,2.0,4113,2383,471.5
2024-09-30,5384339,2443597309,466.5,445.0,447.0,-21.0,8659,2383,466.5
2024-10-01,7315793,3237158223,456.5,437.5,442.0,-5.0,9181,2383,451.5
2024-10-04,12527939,5276135976,442.0,413.0,414.5,-27.5,17287,2383,442.0
2024-10-07,5625265,2404226391,433.0,416.5,431.5,17.0,6083,2383,418.5
2024-10-08,4989440,2144532516,435.5,422.0,433.0,1.5,5710,2383,433.0
2024-10-09,7203650,3046933212,436.0,417.0,419.0,-14.0,10445,2383,435.0
2024-10-11,5516131,2293861957,421.0,411.5,416.0,-3.0,7595,2383,420.5
2024-10-14,4237820,1771307075,421.5,414.0,417.5,1.5,4754,2383,418.5
2024-10-15,5292619,2214869411,424.0,414.5,418.0,0.5,6503,2383,422.0
2024-10-16,4682073,1946166567,419.0,412.0,416.0,-2.0,5418,2383,416.0
2024-10-17,6474726,2752487570,431.5,417.0,431.5,15.5,7413,2383,418.5
2024-10-18,7115043,3017825056,434.5,419.5,420.0,-11.5,8251,2383,434.5
2024-10-21,5402734,2312853489,432.0,421.0,428.5,8.5,5623,2383,422.0
2024-10-22,5674490,2469904085,438.5,426.5,436.0,7.5,6017,2383,426.5
2024-10-23,8618318,3826838792,449.5,434.5,444.0,8.0,9331,2383,436.0
2024-10-24,10092407,4352117387,447.0,426.0,428.5,-15.5,12854,2383,446.0
2024-10-25,2601394,1116123287,432.5,427.0,428.5,0.0,3028,2383,431.0
2024-10-28,3632679,1558753870,434.0,424.5,429.0,0.5,3820,2383,430.0
2024-10-29,3994435,1678194841,428.5,416.0,420.0,-9.0,5203,2383,427.5
2024-10-30,2878537,1209398149,423.5,417.5,419.5,-0.5,3420,2383,420.0
2024-11-01,6660007,2764410167,427.5,398.5,427.0,7.5,7567,2383,398.5
2024-11-04,2889370,1233864742,429.5,422.5,427.0,0.0,2929,2383,423.0
2024-11-05,3063745,1310847351,431.5,425.0,427.0,0.0,2912,2383,425.0
2024-11-06,4537725,1959767429,437.0,425.0,431.5,4.5,4650,2383,429.5
2024-11-07,3738605,1631862816,440.5,434.5,435.0,3.5,3374,2383,435.0
2024-11-08,3823509,1665382445,440.0,431.5,431.5,-3.5,3443,2383,437.0
2024-11-11,2611561,1135759334,437.0,428.0,435.0,3.5,2456,2383,432.5
2024-11-12,4139656,1795475790,439.0,429.0,429.0,-6.0,4113,2383,433.0
2024-11-13,3184002,1391537542,440.5,427.0,438.5,9.5,3851,2383,427.5
2024-11-14,4295829,1900052559,445.0,436.0,441.5,3.0,5042,2383,439.0
2024-11-15,5348760,2371147353,448.0,435.5,446.5,5.0,5862,2383,443.0
2024-11-18,5403503,2326718644,445.5,424.0,424.5,-22.0,11563,2383,444.0
2024-11-19,3534732,1527701988,436.0,426.5,434.0,9.5,2997,2383,426.5
2024-11-20,6565851,2937679102,453.0,434.0,447.5,13.5,7857,2383,434.0
2024-11-21,13888319,6539045899,483.0,445.0,473.0,25.5,17021,2383,445.5
2024-11-22,12668303,6151941299,493.0,474.5,482.0,9.0,13965,2383,477.0
2024-11-25,8306241,3980513514,491.0,472.5,478.0,-4.0,14078,2383,490.0
2024-11-26,6120311,2882225523,479.5,467.0,468.0,-10.0,12421,2383,475.5
2024-11-27,5331638,2503055810,475.0,464.5,467.5,-0.5,5318,2383,469.0
2024-11-28,5875109,2720132704,476.5,454.0,463.0,-4.5,9796,2383,465.5
2024-11-29,3650074,1699947033,471.5,456.5,468.5,5.5,3449,2383,459.0
2024-12-02,13949490,6899354124,504.0,473.0,504.0,35.5,17426,2383,474.5
2024-12-03,7951042,4016783068,513.0,497.5,510.0,6.0,9628,2383,506.0
2024-12-04,11496504,6039317207,534.0,506.0,534.0,24.0,14249,2383,510.0
2024-12-05,7091074,3730663195,535.0,520.0,527.0,-7.0,9254,2383,533.0
2024-12-06,9209945,4910178250,540.0,521.0,533.0,6.0,9914,2383,534.0
2024-12-09,8718044,4756750559,552.0,536.0,550.0,17.0,10578,2383,540.0
2024-12-10,5962046,3282973865,556.0,539.0,554.0,4.0,7575,2383,545.0
2024-12-11,10347638,5874028105,583.0,547.0,572.0,18.0,11328,2383,549.0
2024-12-12,6684332,3839338758,582.0,565.0,573.0,1.0,9014,2383,575.0
2024-12-13,10333426,6116202414,600.0,571.0,599.0,26.0,11558,2383,573.0
2024-12-16,8020873,4848395710,611.0,596.0,610.0,11.0,11111,2383,605.0
2024-12-17,9160915,5436832287,607.0,581.0,599.0,-11.0,13175,2383,607.0
2024-12-18,7227122,4374504657,615.0,586.0,615.0,16.0,8457,2383,597.0
2024-12-19,6330658,3867930093,620.0,596.0,617.0,2.0,11284,2383,603.0
2024-12-20,8561348,5146304163,621.0,591.0,596.0,-21.0,20221,2383,616.0
2024-12-23,5867527,3552559162,614.0,592.0,608.0,12.0,6263,2383,606.0
2024-12-24,4340346,2603916295,614.0,595.0,595.0,-13.0,11208,2383,610.0
2024-12-25,5773788,3434816758,605.0,588.0,591.0,-4.0,5431,2383,598.0
2024-12-26,5704647,3444824629,612.0,593.0,605.0,14.0,5409,2383,594.0
2024-12-27,6536806,4063419371,630.0,602.0,630.0,25.0,9722,2383,605.0
2024-12-30,3984456,2472332768,634.0,610.0,619.0,-11.0,12962,2383,630.0
2024-12-31,3214616,1992002021,628.0,614.0,618.0,-1.0,4668,2383,614.0
2025-01-02,6875291,4129674955,618.0,593.0,596.0,-22.0,8748,2383,615.0
2025-01-03,5069294,3057580147,611.0,598.0,604.0,8.0,4682,2383,601.0
2025-01-06,4446826,2722454959,620.0,600.0,620.0,16.0,4651,2383,606.0
2025-01-07,7377991,4472744646,633.0,598.0,603.0,-17.0,10833,2383,630.0
2025-01-08,6373253,3836954054,614.0,590.0,599.0,-4.0,9750,2383,600.0
2025-01-09,4770021,2830395411,606.0,583.0,585.0,-14.0,7551,2383,600.0
2025-01-10,4178245,2457357378,594.0,581.0,590.0,5.0,5134,2383,587.0
2025-01-13,5923276,3375585105,589.0,558.0,563.0,-27.0,7732,2383,588.0
2025-01-14,5008157,2857462827,584.0,552.0,578.0,15.0,5690,2383,569.0
2025-01-15,6785367,3945348489,598.0,572.0,577.0,-1.0,6592,2383,589.0
2025-01-16,7914656,4690431426,605.0,584.0,589.0,12.0,6804,2383,596.0
2025-01-17,4943103,2928646710,600.0,580.0,598.0,9.0,5324,2383,591.0
2025-01-20,2974884,1786964131,605.0,595.0,603.0,5.0,3434,2383,604.0
2025-01-21,5685885,3450896854,616.0,597.0,604.0,1.0,6578,2383,607.0
2025-01-22,5569765,3398236645,617.0,602.0,614.0,10.0,5437,2383,612.0
2025-02-03,6423488,3569499926,572.0,553.0,553.0,-61.0,9875,2383,558.0
2025-02-04,7610642,4183838311,563.0,540.0,546.0,-7.0,8372,2383,563.0
2025-02-05,6015979,3438486969,586.0,552.0,576.0,30.0,6713,2383,553.0
2025-02-06,7996637,4804602155,613.0,587.0,600.0,24.0,7903,2383,598.0
2025-02-07,5256751,3193894296,615.0,596.0,615.0,15.0,6417,2383,600.0
2025-02-10,3054482,1870514263,616.0,605.0,612.0,-3.0,3803,2383,612.0
2025-02-11,3676423,2272484663,627.0,610.0,620.0,8.0,5188,2383,612.0
2025-02-12,4751533,2908555376,627.0,603.0,604.0,-16.0,8490,2383,626.0
2025-02-13,2155063,1305685926,611.0,601.0,603.0,-1.0,2685,2383,610.0
2025-02-14,2206160,1321135231,607.0,594.0,595.0,-8.0,3732,2383,602.0
2025-02-17,3174579,1899976059,609.0,592.0,594.0,-1.0,4180,2383,602.0
2025-02-18,4199347,2554896604,613.0,597.0,612.0,18.0,5012,2383,598.0
2025-02-19,2967254,1814862854,616.0,607.0,611.0,-1.0,3389,2383,609.0
2025-02-20,3620805,2203294095,620.0,603.0,603.0,-8.0,4079,2383,616.0
2025-02-21,1865563,1126935993,609.0,600.0,601.0,-2.0,3072,2383,606.0
2025-02-24,6197155,3653172307,601.0,578.0,596.0,-5.0,7604,2383,594.0
2025-02-25,5585656,3239025745,594.0,573.0,576.0,-20.0,8997,2383,587.0
2025-02-26,14735498,9101919212,633.0,592.0,633.0,57.0,18402,2383,594.0
2025-02-27,34937759,22084613510,641.0,623.0,632.0,-1.0,12771,2383,639.0
2025-03-03,7401953,4612637533,637.0,613.0,626.0,-6.0,8456,2383,624.0
2025-03-04,6684173,4067413657,619.0,604.0,604.0,-22.0,9119,2383,611.0
2025-03-05,3392111,2071466126,620.0,606.0,606.0,2.0,4370,2383,611.0
2025-03-06,4558091,2764910687,619.0,601.0,603.0,-3.0,6131,2383,617.0
2025-03-07,8120097,4771440319,608.0,580.0,580.0,-23.0,12992,2383,601.0
2025-03-10,3803531,2184446280,589.0,567.0,571.0,-9.0,6125,2383,586.0
2025-03-11,4711308,2635015559,566.0,547.0,563.0,-8.0,6972,2383,557.0
2025-03-12,5505295,3202712374,594.0,572.0,573.0,10.0,6390,2383,573.0
2025-03-13,3207819,1874496916,593.0,579.0,580.0,7.0,3864,2383,590.0
2025-03-14,2243973,1310624562,590.0,580.0,580.0,0.0,2778,2383,585.0
2025-03-17,1921073,1126291345,590.0,581.0,586.0,6.0,2516,2383,587.0
2025-03-18,4236145,2542073949,608.0,589.0,606.0,20.0,5610,2383,589.0
2025-03-19,4649192,2739242060,603.0,581.0,585.0,-21.0,8262,2383,603.0
2025-03-20,3163092,1854074370,594.0,583.0,583.0,-2.0,3816,2383,590.0
2025-03-21,3788622,2250282081,601.0,585.0,595.0,12.0,3838,2383,585.0
2025-03-24,5483850,3326778766,617.0,597.0,604.0,9.0,5648,2383,598.0
2025-03-25,4231286,2579443299,617.0,603.0,611.0,7.0,4322,2383,614.0
2025-03-26,2121760,1282023138,610.0,600.0,607.0,-4.0,2831,2383,606.0
2025-03-27,3395780,2011367566,598.0,585.0,595.0,-12.0,7393,2383,594.0
2025-03-28,3176604,1864163745,598.0,579.0,585.0,-10.0,4340,2383,589.0
2025-03-31,4959586,2725442628,565.0,540.0,545.0,-40.0,8350,2383,556.0
2025-04-01,4270276,2325307332,555.0,538.0,545.0,0.0,5767,2383,549.0
2025-04-02,5210265,2789623305,554.0,523.0,527.0,-18.0,8237,2383,546.0
2025-04-07,690797,327782953,474.5,474.5,474.5,-52.5,1419,2383,474.5
2025-04-08,11511351,5080016313,455.0,429.0,452.0,-22.5,11132,2383,435.0
2025-04-09,8867895,3748199882,452.0,407.0,407.0,-45.0,9896,2383,443.0
2025-04-10,473291,211797662,447.5,447.5,447.5,40.5,535,2383,447.5
2025-04-11,9198781,4374696543,492.0,447.5,492.0,44.5,10713,2383,453.0
2025-04-14,9544135,4975704915,538.0,511.0,516.0,24.0,10966,2383,520.0
2025-04-15,5950276,3176459028,545.0,519.0,544.0,28.0,6581,2383,527.0
2025-04-16,4016560,2124449351,540.0,517.0,517.0,-27.0,11265,2383,531.0
2025-04-17,4645513,2391936759,526.0,507.0,515.0,-2.0,6389,2383,513.0
2025-04-18,3413061,1785768362,531.0,508.0,522.0,7.0,3733,2383,508.0
2025-04-21,3306031,1729128402,532.0,516.0,516.0,-6.0,3545,2383,522.0
2025-04-22,3766598,1910220356,521.0,497.0,499.0,-17.0,5030,2383,500.0
2025-04-23,3585624,1868259032,527.0,512.0,522.0,23.0,4025,2383,520.0
2025-04-24,2602311,1358380797,530.0,515.0,515.0,-7.0,2744,2383,525.0
2025-04-25,8109465,4489920817,566.0,527.0,566.0,51.0,11175,2383,527.0
2025-04-28,4677753,2611216603,564.0,551.0,557.0,-9.0,5737,2383,563.0
2025-04-29,4650935,2599953038,566.0,548.0,565.0,8.0,4666,2383,560.0
2025-04-30,3924021,2179800924,563.0,549.0,556.0,-9.0,4732,2383,559.0
2025-05-02,9240382,5600479978,611.0,586.0,611.0,55.0,11865,2383,590.0
2025-05-05,9422566,5803885306,628.0,604.0,623.0,12.0,11200,2383,611.0
2025-05-06,7327318,4561952274,635.0,611.0,624.0,1.0,8417,2383,612.0
2025-05-07,4277231,2648092286,632.0,611.0,612.0,-12.0,7300,2383,625.0
2025-05-08,13932287,9065987055,665.0,625.0,662.0,50.0,16572,2383,647.0
2025-05-09,9145587,6159402287,690.0,659.0,679.0,17.0,11730,2383,667.0
2025-05-12,5579741,3747233892,686.0,659.0,675.0,-4.0,13280,2383,681.0
2025-05-13,5695722,3852718531,690.0,665.0,674.0,-1.0,7058,2383,689.0
2025-05-14,5961660,4100064833,696.0,677.0,687.0,13.0,7410,2383,688.0
2025-05-15,3301070,2255356119,690.0,678.0,685.0,-2.0,4354,2383,683.0
2025-05-16,3473762,2379012761,693.0,679.0,684.0,-1.0,4267,2383,686.0
2025-05-19,3419902,2311055018,688.0,666.0,667.0,-17.0,5233,2383,684.0
2025-05-20,2610393,1766994754,684.0,672.0,676.0,9.0,3372,2383,677.0
2025-05-21,9676436,6841343551,725.0,680.0,720.0,44.0,13352,2383,684.0
2025-05-22,4144141,2969018898,723.0,711.0,714.0,-6.0,5300,2383,712.0
2025-05-23,5734837,4074273127,728.0,696.0,710.0,-4.0,6785,2383,721.0
2025-05-26,3466020,2470565002,720.0,707.0,707.0,-3.0,4389,2383,710.0
2025-05-27,3706730,2613878720,714.0,698.0,706.0,-1.0,4459,2383,710.0
2025-05-28,5294655,3806818954,728.0,710.0,721.0,15.0,6591,2383,718.0
2025-05-29,10167639,7663963382,766.0,742.0,749.0,28.0,12018,2383,742.0
2025-06-02,7093676,5336967334,762.0,741.0,758.0,9.0,7942,2383,744.0
2025-06-03,8890514,6919443821,788.0,760.0,784.0,26.0,10251,2383,762.0
2025-06-04,4922759,3860024471,795.0,775.0,780.0,-4.0,7492,2383,792.0
2025-06-05,3119049,2436026370,789.0,770.0,789.0,9.0,4607,2383,781.0
2025-06-06,3933270,3105472634,799.0,783.0,788.0,-1.0,5146,2383,789.0
2025-06-09,7333642,5838900709,822.0,763.0,820.0,32.0,10060,2383,791.0
2025-06-10,10964327,9519813885,900.0,825.0,890.0,70.0,15651,2383,832.0
2025-06-11,7619441,6653635104,887.0,863.0,873.0,-17.0,14747,2383,875.0
2025-06-12,5822674,5024574773,881.0,851.0,858.0,-15.0,11151,2383,868.0
2025-06-13,5862175,5045797203,869.0,848.0,860.0,2.0,8575,2383,848.0
2025-06-16,3976043,3456492493,879.0,851.0,879.0,19.0,6139,2383,852.0
2025-06-17,8819733,7740616965,902.0,857.0,867.0,-12.0,13741,2383,890.0
2025-06-18,9277378,7862759793,866.0,834.0,845.0,-22.0,14994,2383,855.0
2025-06-19,3877460,3275740221,852.0,838.0,845.0,0.0,5304,2383,846.0
2025-06-20,11781881,9836727325,848.0,822.0,838.0,-7.0,7934,2383,848.0
2025-06-23,6743454,5656905886,854.0,825.0,834.0,-4.0,5619,2383,825.0
2025-06-24,8497097,7303163558,870.0,843.0,860.0,26.0,8484,2383,845.0
2025-06-25,7344071,6359544085,890.0,858.0,858.0,-2.0,6985,2383,877.0
2025-06-26,7228346,6196593539,876.0,848.0,855.0,-3.0,7355,2383,869.0
2025-06-27,4825691,4175025918,877.0,856.0,866.0,11.0,5979,2383,858.0
2025-06-30,8094376,7192001186,903.0,869.0,882.0,16.0,11076,2383,869.0
2025-07-01,5440333,4869057044,901.0,884.0,900.0,18.0,6505,2383,894.0
2025-07-02,3922502,3534202009,909.0,892.0,903.0,3.0,5417,2383,894.0
2025-07-03,5379041,4961728577,942.0,899.0,928.0,25.0,8670,2383,911.0
2025-07-04,5620395,5263744544,963.0,921.0,923.0,-5.0,8975,2383,935.0
2025-07-07,3323602,3010131178,924.0,894.0,901.0,-22.0,6685,2383,917.0
2025-07-08,6809774,6363645961,956.0,908.0,953.0,52.0,10934,2383,910.0
2025-07-09,4835792,4615590426,965.0,944.0,957.0,4.0,7002,2383,944.0
2025-07-10,7298511,7111351986,990.0,957.0,957.0,0.0,11035,2383,964.0
2025-07-11,5473594,5143072559,961.0,927.0,941.0,-16.0,10173,2383,960.0
2025-07-14,3000154,2788544841,941.0,922.0,928.0,-13.0,7377,2383,935.0
2025-07-15,5478547,5225321057,970.0,932.0,970.0,42.0,9154,2383,933.0
2025-07-16,7254800,7173221702,1005.0,973.0,983.0,13.0,11390,2383,976.0
2025-07-17,4922288,4798217329,995.0,962.0,973.0,-10.0,8346,2383,986.0
2025-07-18,7214194,7269383967,1035.0,985.0,1025.0,52.0,11841,2383,988.0
2025-07-21,2506075,2526817105,1025.0,999.0,1015.0,-10.0,4521,2383,1025.0
2025-07-22,3560328,3575726361,1025.0,989.0,990.0,-25.0,13045,2383,1025.0
2025-07-23,3117087,3090596059,1010.0,979.0,988.0,-2.0,6028,2383,995.0
2025-07-24,3783168,3753649672,1005.0,981.0,989.0,1.0,6422,2383,992.0
2025-07-25,2259168,2237368630,999.0,981.0,994.0,5.0,3937,2383,994.0
2025-07-28,4034008,4127311435,1040.0,995.0,1025.0,31.0,6787,2383,997.0
2025-07-29,2298782,2326953130,1025.0,1000.0,1015.0,-10.0,3996,2383,1025.0
2025-07-30,4004893,4010177199,1035.0,988.0,1005.0,-10.0,8575,2383,1020.0
2025-07-31,5852711,6397747340,1105.0,1030.0,1105.0,100.0,8636,2383,1040.0
2025-08-01,8467239,9606066415,1165.0,1095.0,1120.0,15.0,11531,2383,1105.0
2025-08-04,4908230,5485789895,1145.0,1090.0,1110.0,-10.0,7147,2383,1115.0
2025-08-05,5335741,6079366230,1165.0,1120.0,1125.0,15.0,7311,2383,1140.0
2025-08-06,2513288,2795367130,1125.0,1100.0,1110.0,-15.0,4888,2383,1115.0
2025-08-07,3029173,3444152390,1155.0,1110.0,1145.0,35.0,5017,2383,1125.0
2025-08-08,1867919,2132028750,1150.0,1125.0,1150.0,5.0,4032,2383,1140.0
2025-08-11,2701985,3126543940,1175.0,1130.0,1155.0,5.0,4964,2383,1155.0
2025-08-12,2118730,2483212970,1195.0,1150.0,1175.0,20.0,4498,2383,1165.0
2025-08-13,4078132,4861762650,1215.0,1160.0,1200.0,25.0,6482,2383,1185.0
2025-08-14,2889899,3488154880,1225.0,1190.0,1210.0,10.0,4968,2383,1210.0
2025-08-15,4727059,5877323945,1280.0,1180.0,1280.0,70.0,7802,2383,1190.0
2025-08-18,3826361,4961267135,1310.0,1280.0,1305.0,25.0,6328,2383,1300.0
2025-08-19,5501803,6978352300,1345.0,1225.0,1230.0,-75.0,14554,2383,1305.0
2025-08-20,6288459,7379510240,1205.0,1150.0,1150.0,-80.0,13964,2383,1180.0
2025-08-21,6859474,8330094792,1260.0,1160.0,1235.0,85.0,10215,2383,1180.0
2025-08-22,4083609,4974658415,1260.0,1200.0,1205.0,-30.0,7595,2383,1245.0
2025-08-25,3174301,3949807390,1255.0,1225.0,1250.0,45.0,4978,2383,1250.0
2025-08-26,3723624,4594547470,1250.0,1205.0,1250.0,0.0,6643,2383,1250.0
2025-08-27,3832090,4873955090,1295.0,1245.0,1280.0,30.0,6600,2383,1260.0
2025-08-28,3032895,3782017623,1275.0,1220.0,1250.0,0.0,8753,2383,1270.0
2025-08-29,3200019,3991006807,1285.0,1220.0,1220.0,-30.0,7644,2383,1275.0
2025-09-01,6612946,7684363545,1225.0,1125.0,1155.0,-65.0,17674,2383,1210.0
2025-09-02,3843099,4400820610,1180.0,1125.0,1150.0,-5.0,6514,2383,1175.0
2025-09-03,2628346,3036726935,1170.0,1140.0,1165.0,15.0,4124,2383,1150.0
2025-09-04,8270060,9207742320,1155.0,1075.0,1115.0,-50.0,13509,2383,1115.0
2025-09-05,6042014,6951336705,1165.0,1130.0,1165.0,50.0,7794,2383,1155.0
2025-09-08,3623013,4210926600,1190.0,1145.0,1145.0,-20.0,5806,2383,1190.0
2025-09-09,7887357,9701083995,1255.0,1155.0,1225.0,80.0,15240,2383,1155.0
2025-09-10,5598958,7001348980,1270.0,1230.0,1255.0,30.0,7753,2383,1250.0
2025-09-11,8816136,11693867780,1380.0,1265.0,1325.0,70.0,18242,2383,1265.0
2025-09-12,5641107,7550165485,1360.0,1310.0,1345.0,20.0,8137,2383,1350.0
2025-09-15,3697369,4865551075,1345.0,1295.0,1315.0,-30.0,6556,2383,1345.0
2025-09-16,3637699,4746804900,1330.0,1280.0,1285.0,-30.0,11913,2383,1320.0
2025-09-17,3917468,5128760220,1325.0,1285.0,1315.0,30.0,5534,2383,1295.0
2025-09-18,2944001,3863236510,1340.0,1295.0,1335.0,20.0,5356,2383,1305.0
2025-09-19,4139490,5416677050,1350.0,1290.0,1290.0,-45.0,10231,2383,1345.0
2025-09-22,1647675,2137868220,1325.0,1280.0,1300.0,10.0,3842,2383,1305.0
2025-09-23,4099125,5529215005,1390.0,1295.0,1345.0,45.0,8481,2383,1305.0
2025-09-24,3479649,4518135090,1350.0,1280.0,1295.0,-50.0,9121,2383,1345.0
2025-09-25,2226381,2828260340,1305.0,1255.0,1255.0,-40.0,7193,2383,1285.0
2025-09-26,2104093,2587820455,1265.0,1215.0,1225.0,-30.0,5575,2383,1255.0
2025-09-30,2779305,3437716805,1265.0,1220.0,1225.0,0.0,4667,2383,1260.0
2025-10-01,2375218,2956836745,1265.0,1225.0,1230.0,5.0,4022,2383,1255.0
2025-10-02,4348785,5600701055,1320.0,1235.0,1295.0,65.0,7841,2383,1250.0
2025-10-03,2266621,2943142875,1310.0,1285.0,1305.0,10.0,4078,2383,1300.0
2025-10-07,6265409,8059377885,1375.0,1230.0,1235.0,-70.0,15834,2383,1375.0
2025-10-08,4854067,5806717720,1220.0,1180.0,1195.0,-40.0,13939,2383,1210.0
2025-10-09,3233734,3949991140,1235.0,1195.0,1235.0,40.0,5605,2383,1225.0
2025-10-13,3712557,4412986800,1200.0,1170.0,1200.0,-35.0,10801,2383,1180.0
2025-10-14,2742412,3267915345,1230.0,1165.0,1170.0,-30.0,7763,2383,1220.0
2025-10-15,5401683,6157044440,1165.0,1120.0,1140.0,-30.0,12506,2383,1150.0
2025-10-16,3627108,4173889910,1175.0,1135.0,1140.0,0.0,6963,2383,1140.0
2025-10-17,4231992,4688094115,1140.0,1085.0,1105.0,-35.0,11973,2383,1120.0
2025-10-20,3897083,4366367020,1155.0,1095.0,1125.0,20.0,6299,2383,1115.0
2025-10-21,1555620,1766270630,1155.0,1120.0,1130.0,5.0,3760,2383,1150.0
2025-10-22,1784191,1989364345,1130.0,1105.0,1120.0,-10.0,3994,2383,1130.0
2025-10-23,2426215,2703057340,1135.0,1105.0,1115.0,-5.0,4529,2383,1110.0
2025-10-27,5411535,6302640566,1185.0,1140.0,1165.0,50.0,9186,2383,1150.0
2025-10-28,6728445,8202980689,1260.0,1165.0,1255.0,90.0,12565,2383,1175.0
2025-10-29,5016245,6339504665,1290.0,1240.0,1250.0,-5.0,8491,2383,1285.0
2025-10-30,3703785,4717684975,1295.0,1250.0,1275.0,25.0,7579,2383,1265.0
2025-10-31,8702332,11837289620,1400.0,1300.0,1360.0,85.0,18752,2383,1300.0
2025-11-03,5890498,8288382190,1435.0,1360.0,1410.0,50.0,11643,2383,1385.0
2025-11-04,8531291,12678496100,1525.0,1435.0,1470.0,60.0,15334,2383,1440.0
2025-11-05,6133541,8787056768,1465.0,1390.0,1440.0,-30.0,13406,2383,1405.0
2025-11-06,3601162,5207761035,1460.0,1430.0,1450.0,10.0,6133,2383,1450.0
2025-11-07,4626964,6404223830,1435.0,1370.0,1370.0,-80.0,11495,2383,1420.0
2025-11-10,2695273,3673581325,1385.0,1345.0,1360.0,-10.0,5783,2383,1365.0
2025-11-11,4163786,5577392265,1380.0,1320.0,1320.0,-40.0,10297,2383,1375.0
2025-11-12,6163802,8484385545,1415.0,1340.0,1345.0,25.0,10645,2383,1355.0
2025-11-13,3322593,4538781480,1395.0,1320.0,1375.0,30.0,6555,2383,1335.0
2025-11-14,4781594,6639781122,1425.0,1335.0,1380.0,5.0,8906,2383,1340.0
2025-11-17,5649057,8285472280,1510.0,1425.0,1450.0,70.0,9867,2383,1465.0
2025-11-18,4537549,6273600100,1445.0,1340.0,1350.0,-100.0,11669,2383,1430.0
2025-11-19,3601315,4819689361,1360.0,1320.0,1330.0,-20.0,6824,2383,1350.0
2025-11-20,5096439,7225683700,1445.0,1385.0,1430.0,100.0,8704,2383,1420.0
2025-11-21,5419114,7198876335,1390.0,1295.0,1310.0,-120.0,13629,2383,1365.0
2025-11-24,3784040,5010508590,1345.0,1305.0,1320.0,10.0,4892,2383,1330.0
2025-11-25,5394717,7665470115,1450.0,1380.0,1450.0,130.0,10830,2383,1380.0
2025-11-26,7359314,10919840480,1535.0,1445.0,1470.0,20.0,11072,2383,1500.0
2025-11-27,3120888,4654389550,1515.0,1470.0,1495.0,25.0,6593,2383,1500.0
2025-11-28,4316056,6615762165,1560.0,1505.0,1525.0,30.0,8752,2383,1535.0
2025-12-01,2990569,4440109875,1515.0,1460.0,1475.0,-50.0,7789,2383,1515.0
2025-12-02,3779186,5618442110,1540.0,1440.0,1440.0,-35.0,10444,2383,1495.0
2025-12-03,3440938,4959107180,1470.0,1415.0,1430.0,-10.0,6810,2383,1465.0
2025-12-04,2385273,3404804695,1450.0,1405.0,1425.0,-5.0,4720,2383,1425.0
2025-12-05,4304112,6327379880,1505.0,1405.0,1495.0,70.0,8625,2383,1430.0
2025-12-08,2234064,3330315145,1500.0,1475.0,1485.0,-10.0,4492,2383,1500.0
2025-12-09,1963921,2950739550,1515.0,1480.0,1500.0,15.0,4430,2383,1485.0
2025-12-10,4569960,7134733905,1605.0,1485.0,1600.0,100.0,11727,2383,1505.0
2025-12-11,4675458,7478625725,1630.0,1560.0,1595.0,-5.0,8517,2383,1585.0
2025-12-12,2675966,4290050620,1635.0,1575.0,1605.0,10.0,4960,2383,1605.0
2025-12-15,2641880,4203695090,1625.0,1555.0,1605.0,0.0,5440,2383,1575.0
2025-12-16,4621237,7005332275,1590.0,1465.0,1495.0,-110.0,15215,2383,1580.0
2025-12-17,3562182,5402411347,1550.0,1495.0,1495.0,0.0,5715,2383,1505.0
2025-12-18,1749563,2616338410,1515.0,1470.0,1500.0,5.0,3441,2383,1470.0
2025-12-19,2430074,3757930115,1565.0,1530.0,1550.0,50.0,4410,2383,1535.0
2025-12-22,2386851,3800732630,1610.0,1560.0,1600.0,50.0,5636,2383,1575.0
2025-12-23,1428123,2301578690,1630.0,1590.0,1615.0,15.0,3834,2383,1615.0
2025-12-24,3715694,6196717130,1695.0,1630.0,1690.0,75.0,8671,2383,1650.0
2025-12-26,1801627,3007781820,1695.0,1640.0,1640.0,-50.0,5721,2383,1685.0
2025-12-29,2017216,3361906750,1680.0,1645.0,1675.0,35.0,3833,2383,1650.0
2025-12-30,1393168,2296726070,1665.0,1630.0,1645.0,-30.0,4474,2383,1665.0
2025-12-31,2439589,4023024285,1680.0,1615.0,1645.0,0.0,5987,2383,1680.0
2026-01-02,3537708,5679597855,1660.0,1580.0,1590.0,-55.0,12070,2383,1655.0
2026-01-05,4265842,6936186710,1690.0,1585.0,1620.0,30.0,7696,2383,1620.0
2026-01-06,4350109,7294892105,1705.0,1625.0,1695.0,75.0,8882,2383,1630.0
2026-01-07,10456647,16515822535,1720.0,1530.0,1580.0,-115.0,33025,2383,1720.0
2026-01-08,4210851,6609539845,1615.0,1540.0,1545.0,-35.0,15573,2383,1600.0
2026-01-09,3184351,5001999700,1600.0,1540.0,1565.0,20.0,7856,2383,1560.0
2026-01-12,3348576,5318295400,1610.0,1555.0,1610.0,45.0,7040,2383,1565.0
2026-01-13,3074410,4982763800,1650.0,1590.0,1635.0,25.0,7327,2383,1650.0
2026-01-14,2595477,4309163815,1675.0,1630.0,1670.0,35.0,6270,2383,1635.0
2026-01-15,5751542,9205746010,1700.0,1560.0,1570.0,-100.0,20425,2383,1660.0
2026-01-16,4158595,6661225360,1630.0,1570.0,1625.0,55.0,8317,2383,1615.0
2026-01-19,3928342,6192104320,1635.0,1545.0,1580.0,-45.0,11924,2383,1625.0
2026-01-20,2517558,4035608005,1620.0,1560.0,1615.0,35.0,5911,2383,1575.0
2026-01-21,3510961,5543267825,1610.0,1560.0,1560.0,-55.0,8813,2383,1590.0
2026-01-22,3886143,6378982050,1675.0,1585.0,1660.0,100.0,11240,2383,1610.0
2026-01-23,6140918,10740653485,1800.0,1655.0,1800.0,140.0,17170,2383,1675.0
2026-01-26,3270138,5737553675,1825.0,1715.0,1740.0,-60.0,12442,2383,1790.0
2026-01-27,3568216,6392548365,1840.0,1725.0,1820.0,80.0,9320,2383,1745.0
2026-01-28,4507607,8537506170,1945.0,1830.0,1900.0,80.0,11070,2383,1845.0
2026-01-29,4284179,7798309400,1925.0,1785.0,1790.0,-110.0,18876,2383,1925.0
2026-01-30,3216573,5690199320,1820.0,1735.0,1745.0,-45.0,10170,2383,1795.0
2026-02-02,3863878,6857690993,1815.0,1720.0,1785.0,40.0,7487,2383,1720.0
2026-02-03,4101444,7499412920,1875.0,1775.0,1855.0,70.0,9810,2383,1810.0
2026-02-04,6355031,12551548650,2040.0,1870.0,2040.0,185.0,18435,2383,1885.0
2026-02-05,5986326,11782076980,2035.0,1905.0,1950.0,-90.0,20675,2383,1980.0
2026-02-06,6159201,11995046515,2005.0,1840.0,1925.0,-25.0,12041,2383,1920.0
2026-02-09,5697621,11706690980,2110.0,1975.0,2080.0,155.0,13877,2383,2005.0
2026-02-10,3163230,6614751580,2130.0,2050.0,2105.0,25.0,7295,2383,2080.0
2026-02-11,5309302,11463181110,2210.0,2065.0,2195.0,90.0,10335,2383,2100.0
2026-02-23,4407490,9860572170,2370.0,2160.0,2175.0,-20.0,12765,2383,2275.0
2026-02-24,3773757,8571942645,2330.0,2155.0,2310.0,135.0,9074,2383,2210.0
2026-02-25,3740810,8982748550,2460.0,2315.0,2420.0,110.0,8944,2383,2335.0
2026-02-26,4713847,11532931595,2500.0,2395.0,2440.0,20.0,7877,2383,2500.0
2026-03-02,3331488,7929076350,2435.0,2280.0,2380.0,-60.0,11010,2383,2280.0
2026-03-03,3063218,7209203085,2430.0,2315.0,2320.0,-60.0,10553,2383,2355.0
2026-03-04,3828524,8514221195,2295.0,2180.0,2190.0,-130.0,14105,2383,2255.0
2026-03-05,3883828,9135039140,2395.0,2300.0,2365.0,175.0,8877,2383,2350.0
2026-03-06,2912192,6964516520,2470.0,2325.0,2360.0,-5.0,7709,2383,2340.0
2026-03-09,3391849,7335727400,2210.0,2125.0,2175.0,-185.0,13760,2383,2125.0
2026-03-10,3065582,7271580415,2390.0,2315.0,2375.0,200.0,9871,2383,2315.0
2026-03-11,4829317,11879555650,2520.0,2375.0,2450.0,75.0,11404,2383,2390.0
2026-03-12,5442114,14111345150,2665.0,2440.0,2600.0,150.0,13117,2383,2440.0
2026-03-13,4417368,11854665823,2765.0,2540.0,2705.0,105.0,11113,2383,2580.0
2026-03-16,4463265,11862232825,2785.0,2575.0,2585.0,-120.0,21652,2383,2785.0
2026-03-17,2921492,7860790015,2750.0,2625.0,2700.0,115.0,8847,2383,2645.0
2026-03-18,2925621,7912268795,2745.0,2670.0,2700.0,0.0,7919,2383,2740.0
2026-03-19,5842073,16662084605,2970.0,2660.0,2890.0,190.0,15915,2383,2700.0
2026-03-20,4588550,12932826435,2915.0,2720.0,2810.0,-80.0,13202,2383,2905.0
2026-03-23,3517744,9802872375,2880.0,2705.0,2795.0,-15.0,12041,2383,2715.0
2026-03-24,3977982,10964759150,2870.0,2670.0,2685.0,-110.0,14793,2383,2865.0
2026-03-25,3332111,9524535195,2915.0,2780.0,2845.0,160.0,9784,2383,2790.0
2026-03-26,4555967,13540701748,3035.0,2895.0,2945.0,100.0,11593,2383,2920.0
2026-03-27,2066364,5985026820,2950.0,2845.0,2910.0,-35.0,9318,2383,2900.0
2026-03-30,3755290,10420318595,2850.0,2705.0,2785.0,-125.0,18176,2383,2815.0
2026-03-31,5256642,14019630926,2830.0,2595.0,2600.0,-185.0,21082,2383,2780.0
2026-04-01,3039597,8584813555,2860.0,2745.0,2860.0,260.0,12612,2383,2800.0
2026-04-02,4147382,11863395991,2965.0,2775.0,2785.0,-75.0,12418,2383,2920.0
2026-04-07,3251323,9450841170,2970.0,2850.0,2885.0,100.0,8648,2383,2875.0
2026-04-08,2230541,7060264415,3170.0,3135.0,3170.0,285.0,9088,2383,3160.0
2026-04-09,3254067,10616229620,3350.0,3180.0,3220.0,50.0,10305,2383,3225.0
2026-04-10,3018570,10198767760,3435.0,3260.0,3420.0,200.0,10447,2383,3280.0
2026-04-13,2472083,8300411300,3440.0,3320.0,3325.0,-95.0,12174,2383,3430.0
2026-04-14,3407745,12271082905,3655.0,3490.0,3605.0,280.0,11989,2383,3490.0
2026-04-15,3998854,15134494450,3875.0,3700.0,3810.0,205.0,13142,2383,3870.0
2026-04-16,2880746,11023679510,3950.0,3760.0,3835.0,25.0,11575,2383,3950.0
2026-04-17,2796395,10633043245,3865.0,3730.0,3800.0,-35.0,15507,2383,3770.0
2026-04-20,3606415,13766771315,3915.0,3720.0,3850.0,50.0,14726,2383,3780.0
2026-04-21,2771442,10866762320,3990.0,3830.0,3950.0,100.0,11084,2383,3900.0
2026-04-22,2907731,11809686735,4200.0,3895.0,4065.0,115.0,13448,2383,3960.0
2026-04-23,4565537,19110108040,4440.0,3975.0,4100.0,35.0,21916,2383,4215.0
2026-04-24,4429294,19487669681,4485.0,4230.0,4475.0,375.0,17793,2383,4300.0
2026-04-27,5437579,25466732890,4800.0,4475.0,4730.0,255.0,20060,2383,4660.0
2026-04-28,4686444,20772148000,4655.0,4340.0,4375.0,-355.0,56415,2383,4650.0
2026-04-29,3600136,15652794716,4460.0,4160.0,4440.0,65.0,16317,2383,4165.0
2026-04-30,3472525,15926701156,4660.0,4485.0,4545.0,105.0,17153,2383,4550.0
2026-05-04,3046320,14263287170,4770.0,4530.0,4755.0,210.0,15092,2383,4605.0
2026-05-05,2020545,9461493525,4775.0,4600.0,4730.0,-25.0,19053,2383,4740.0
2026-05-06,3737170,18292990145,4995.0,4745.0,4950.0,220.0,18882,2383,4855.0
2026-05-07,2630939,13011764025,5115.0,4825.0,4960.0,10.0,19277,2383,5110.0
2026-05-08,2812108,13483465270,4905.0,4670.0,4750.0,-210.0,29132,2383,4810.0
2026-05-11,2728505,12896977185,4860.0,4480.0,4850.0,100.0,13716,2383,4480.0
2026-05-12,2661176,13219135825,5080.0,4805.0,4900.0,50.0,13438,2383,4805.0
2026-05-13,1933684,9490678615,5000.0,4800.0,4930.0,30.0,10884,2383,4880.0
2026-05-14,2342222,11817345315,5215.0,4920.0,4920.0,-10.0,12551,2383,5095.0
2026-05-15,2616036,12454482490,5020.0,4615.0,4615.0,-305.0,32960,2383,4960.0
2026-05-18,3423889,15137126505,4575.0,4300.0,4545.0,-70.0,21588,2383,4415.0
2026-05-19,1920778,8732368195,4675.0,4430.0,4535.0,-10.0,11026,2383,4515.0
2026-05-20,1950325,8634663015,4530.0,4360.0,4395.0,-140.0,15771,2383,4530.0
2026-05-21,2512472,11774126250,4785.0,4555.0,4690.0,295.0,11771,2383,4610.0
2026-05-22,3037648,15188295575,5085.0,4800.0,5005.0,315.0,18741,2383,4925.0
2026-05-25,1801298,9760185315,5505.0,5205.0,5505.0,500.0,14706,2383,5355.0
2026-05-26,2917258,15656253735,5635.0,5160.0,5290.0,-215.0,25164,2383,5635.0
2026-05-27,2342327,12711050610,5545.0,5300.0,5305.0,15.0,12785,2383,5500.0
2026-05-28,2289989,11958351295,5515.0,5025.0,5055.0,-250.0,22699,2383,5300.0
2026-05-29,3687942,18894538885,5250.0,4925.0,5120.0,65.0,11241,2383,4925.0
2026-06-01,2273627,11556925975,5280.0,4985.0,5070.0,-50.0,17071,2383,5130.0
2026-06-02,2172811,10696306390,5075.0,4820.0,4860.0,-210.0,31120,2383,5060.0
2026-06-03,2199236,10756555770,5010.0,4820.0,4830.0,-30.0,18961,2383,4910.0
2026-06-04,1722407,8312640340,4885.0,4740.0,4830.0,0.0,15595,2383,4880.0
2026-06-05,2909896,14022518030,5025.0,4545.0,4885.0,55.0,19394,2383,4780.0
2026-06-08,2667787,12467924760,4810.0,4530.0,4770.0,-115.0,17954,2383,4575.0
2026-06-09,2437441,12143783630,5065.0,4820.0,5065.0,295.0,14939,2383,4965.0
2026-06-10,2802050,14244593500,5245.0,4875.0,4940.0,-125.0,17288,2383,5080.0
2026-06-11,2793147,13974619575,5130.0,4800.0,5095.0,155.0,13302,2383,4995.0
2026-06-12,4224358,20840035313,5500.0,4750.0,4830.0,-265.0,42102,2383,5500.0
