date,capacity,turnover,high,low,close,change,transaction_volume,stock_code_id,open
2015-01-05,1368121,317927990,235.5,229.0,235.5,1.0,1092,2395,234.0
2015-01-06,1940161,444171708,235.0,223.5,225.5,-10.0,1556,2395,233.0
2015-01-07,1231635,277217875,227.5,223.5,224.0,-1.5,1024,2395,223.5
2015-01-08,1280161,294907030,233.5,227.0,230.0,6.0,1083,2395,228.0
2015-01-09,1470799,339434569,234.0,228.0,229.0,-1.0,1158,2395,234.0
2015-01-12,1116733,259277090,234.5,229.0,230.0,1.0,893,2395,229.0
2015-01-13,1607703,377565238,237.5,230.0,233.0,3.0,1195,2395,230.0
2015-01-14,1394977,330646026,239.0,233.0,238.0,5.0,1183,2395,233.0
2015-01-15,1236832,291014266,239.5,233.5,233.5,-4.5,868,2395,237.0
2015-01-16,970970,225682049,236.0,231.0,231.5,-2.0,825,2395,234.0
2015-01-19,376142,87855152,235.0,232.5,233.5,2.0,354,2395,234.0
2015-01-20,800770,188571950,237.0,233.5,235.0,1.5,616,2395,233.5
2015-01-21,663309,156128615,237.0,234.5,235.0,0.0,557,2395,236.5
2015-01-22,713656,169323316,239.0,235.5,236.0,1.0,621,2395,237.0
2015-01-23,937684,221407424,239.5,233.5,236.0,0.0,742,2395,239.0
2015-01-26,732854,174049320,238.5,236.5,237.5,1.5,599,2395,237.0
2015-01-27,2140770,519220570,245.0,238.5,241.0,3.5,1714,2395,239.0
2015-01-28,672197,163019871,244.5,240.0,243.0,2.0,615,2395,241.0
2015-01-29,833685,199776715,243.0,238.5,239.0,-4.0,493,2395,243.0
2015-01-30,1405848,336350245,241.0,238.0,238.0,-1.0,799,2395,239.0
2015-02-02,834185,199547085,241.0,237.5,241.0,3.0,688,2395,238.0
2015-02-03,1370533,334325519,245.5,241.0,243.0,2.0,1108,2395,242.0
2015-02-04,1065387,260905041,247.0,243.0,243.0,0.0,880,2395,245.0
2015-02-05,1012550,249102570,247.0,244.0,246.5,3.5,902,2395,244.0
2015-02-06,739275,181037001,248.5,242.0,243.0,-3.5,654,2395,247.0
2015-02-09,1157110,282592060,246.0,243.0,246.0,3.0,1065,2395,245.0
2015-02-10,878824,214165880,247.0,242.5,242.5,-3.5,713,2395,247.0
2015-02-11,2020986,489776830,246.0,240.5,240.5,-2.0,1378,2395,245.0
2015-02-12,1943147,465430748,241.0,237.5,241.0,0.5,1184,2395,240.5
2015-02-13,1041759,251150794,242.5,240.0,240.5,-0.5,905,2395,242.5
2015-02-24,2124927,521766042,247.0,242.5,246.0,5.5,1598,2395,243.5
2015-02-25,984011,241527195,249.0,244.0,245.0,-1.0,887,2395,248.5
2015-02-26,1372815,330164415,244.0,239.5,240.0,-5.0,979,2395,240.5
2015-03-02,998883,242734952,245.5,241.0,244.0,4.0,783,2395,244.0
2015-03-03,950095,232520275,246.0,243.5,245.0,1.0,834,2395,246.0
2015-03-04,2536032,637991596,256.0,244.5,254.0,9.0,1936,2395,245.0
2015-03-05,1138072,288209743,254.5,251.0,253.5,-0.5,817,2395,254.0
2015-03-06,1142715,293821470,260.0,252.5,259.0,5.5,941,2395,253.5
2015-03-09,943884,240985972,259.5,253.5,254.5,-4.5,664,2395,259.0
2015-03-10,1005540,254535844,254.5,252.0,252.5,-2.0,788,2395,253.0
2015-03-11,675278,168091080,250.5,248.0,248.0,-4.5,580,2395,250.0
2015-03-12,853234,210853412,250.0,245.5,247.5,-0.5,707,2395,248.0
2015-03-13,434799,108699250,252.0,248.0,250.0,2.5,392,2395,248.5
2015-03-16,500671,126099421,253.0,250.0,251.0,1.0,391,2395,250.0
2015-03-17,1125250,288684500,258.5,253.0,256.0,5.0,899,2395,254.0
2015-03-18,1081568,281064248,262.0,255.0,261.5,5.5,895,2395,256.0
2015-03-19,1376272,363396580,266.0,262.0,265.5,4.0,1004,2395,264.0
2015-03-20,1018738,270479308,268.0,263.0,266.5,1.0,688,2395,265.0
2015-03-23,1061604,278492645,267.0,260.5,263.5,-3.0,798,2395,266.5
2015-03-24,992216,265484700,271.0,261.5,270.5,7.0,810,2395,263.5
2015-03-25,2123477,582959175,278.0,268.0,275.0,4.5,1565,2395,270.0
2015-03-26,1528512,412369288,275.0,267.0,274.5,-0.5,989,2395,270.0
2015-03-27,3269929,844137733,270.0,255.5,255.5,-19.0,1511,2395,269.5
2015-03-30,4516092,1102366017,255.5,238.0,239.5,-16.0,2865,2395,249.5
2015-03-31,2912280,690121420,242.0,233.0,238.5,-1.0,2231,2395,241.0
2015-04-01,1967935,463517225,238.0,233.5,235.0,-3.5,1372,2395,237.0
2015-04-02,2926653,719677291,251.0,236.0,247.0,12.0,2140,2395,236.0
2015-04-07,956102,234852639,250.0,244.0,244.5,-2.5,821,2395,250.0
2015-04-08,1138484,273830048,247.0,237.5,238.0,-6.5,956,2395,243.5
2015-04-09,1723030,413941320,246.5,235.5,237.5,-0.5,1232,2395,244.0
2015-04-10,1267907,308385163,246.0,239.0,245.5,8.0,966,2395,240.0
2015-04-13,696140,171231080,247.5,242.0,247.0,1.5,624,2395,246.0
2015-04-14,1218739,306060854,253.0,247.0,252.5,5.5,1037,2395,248.0
2015-04-15,1572466,396697000,255.0,249.5,250.0,-2.5,1293,2395,254.0
2015-04-16,2753042,707342850,262.0,251.0,258.5,8.5,1753,2395,251.5
2015-04-17,1243238,311435000,258.0,247.0,248.0,-10.5,993,2395,256.0
2015-04-20,752834,185491410,250.0,244.0,247.5,-0.5,663,2395,248.0
2015-04-21,718323,175959812,250.0,242.0,243.0,-4.5,580,2395,249.0
2015-04-22,1536020,385357045,254.5,245.5,253.0,10.0,1333,2395,246.0
2015-04-23,1241458,315771916,257.0,252.0,252.0,-1.0,1071,2395,255.0
2015-04-24,1314516,338886367,259.0,254.0,258.5,6.5,1200,2395,255.0
2015-04-27,1729787,455869694,267.0,258.5,263.5,5.0,1491,2395,261.0
2015-04-28,1000424,261157597,266.5,258.0,259.0,-4.5,925,2395,264.0
2015-04-29,1647686,418061708,259.5,250.0,252.5,-6.5,1350,2395,258.0
2015-04-30,981742,249521094,258.0,252.0,253.5,1.0,826,2395,253.0
2015-05-04,939878,241193582,258.0,254.5,257.0,3.5,635,2395,255.0
2015-05-05,725418,183619878,258.0,250.0,254.5,-2.5,665,2395,258.0
2015-05-06,709974,180976351,256.5,252.5,255.5,1.0,570,2395,254.5
2015-05-07,927624,230402252,255.0,246.5,246.5,-9.0,798,2395,255.0
2015-05-08,712371,175782948,250.0,245.0,245.5,-1.0,604,2395,247.0
2015-05-11,710016,174453423,251.0,243.5,243.5,-2.0,577,2395,251.0
2015-05-12,477718,116838910,248.0,242.5,243.5,0.0,408,2395,244.0
2015-05-13,534106,131238076,247.0,243.5,245.5,2.0,448,2395,243.5
2015-05-14,965242,237818290,250.0,244.0,245.0,-0.5,834,2395,246.0
2015-05-15,984875,243186250,249.5,245.0,246.0,1.0,743,2395,247.5
2015-05-18,1032398,254036500,248.0,244.5,244.5,-1.5,514,2395,248.0
2015-05-19,759723,187284135,248.0,244.5,245.0,0.5,595,2395,248.0
2015-05-20,1042398,258061408,249.5,245.0,246.5,1.5,859,2395,245.0
2015-05-21,1215707,298242422,248.0,240.0,245.0,-1.5,933,2395,245.0
2015-05-22,1528180,372725780,248.0,241.0,242.0,-3.0,1075,2395,248.0
2015-05-25,1192152,288670704,246.5,240.5,241.5,-0.5,881,2395,246.5
2015-05-26,1123148,273633260,246.0,241.0,242.0,0.5,937,2395,243.5
2015-05-27,1056781,258116013,246.5,241.0,245.0,3.0,739,2395,242.0
2015-05-28,1530953,383768173,255.0,245.5,251.5,6.5,1344,2395,247.0
2015-05-29,906940,226106527,253.5,247.5,247.5,-4.0,608,2395,253.5
2015-06-01,711553,175340417,250.0,242.0,250.0,2.5,575,2395,248.0
2015-06-02,1305295,325017100,252.5,243.5,249.5,-0.5,1091,2395,249.5
2015-06-03,560029,137964076,251.0,244.5,245.0,-4.5,462,2395,250.0
2015-06-04,741565,179056100,245.0,239.5,239.5,-5.5,638,2395,244.0
2015-06-05,842799,199990858,241.0,235.0,237.0,-2.5,741,2395,239.0
2015-06-08,630751,150570240,242.5,235.0,240.0,3.0,550,2395,237.0
2015-06-09,1738976,389684744,238.0,217.0,218.0,-22.0,1432,2395,238.0
2015-06-10,1908374,435342520,232.0,219.5,230.0,12.0,1688,2395,220.0
2015-06-11,1801118,406402461,230.5,221.0,228.5,-1.5,1514,2395,230.0
2015-06-12,1406941,310296961,228.0,217.5,220.0,-8.5,1200,2395,228.0
2015-06-15,1121237,242703955,223.0,213.5,215.0,-5.0,865,2395,221.5
2015-06-16,2923810,590904120,212.0,198.0,200.5,-14.5,2231,2395,211.0
2015-06-17,3134825,658290250,214.5,204.0,210.5,10.0,2334,2395,204.0
2015-06-18,1296809,275194909,215.0,208.0,212.5,2.0,960,2395,212.0
2015-06-22,1517081,322549172,215.0,210.5,212.5,0.0,1099,2395,213.0
2015-06-23,1991657,417322511,211.0,208.0,209.0,0.0,1316,2395,210.0
2015-06-24,2126630,457923521,220.0,209.5,217.5,8.5,1632,2395,211.0
2015-06-25,2527588,560724790,224.0,218.5,221.0,3.5,1352,2395,219.0
2015-06-26,906933,198362358,223.5,216.0,216.5,-4.5,810,2395,221.0
2015-06-29,1715418,359178958,211.5,207.0,210.0,-6.5,1314,2395,211.0
2015-06-30,1805922,378235829,212.0,207.0,212.0,2.0,1287,2395,208.0
2015-07-01,1192072,255365980,216.5,210.0,216.0,4.0,901,2395,212.0
2015-07-02,1209606,256818290,218.0,211.0,212.0,-4.0,1034,2395,217.0
2015-07-03,968235,203203965,211.5,208.5,211.0,-1.0,825,2395,210.0
2015-07-06,1290038,275476056,215.0,209.0,213.0,2.0,1014,2395,209.0
2015-07-07,1636375,352523000,218.0,212.0,212.0,-1.0,1249,2395,215.0
2015-07-08,1242201,261226509,215.0,207.0,207.0,-5.0,961,2395,210.0
2015-07-09,1724953,355741294,211.5,202.5,203.5,-3.5,1269,2395,211.5
2015-07-13,1292581,265487767,208.0,204.5,205.5,2.0,1021,2395,207.5
2015-07-14,1308288,273725048,212.0,207.0,208.0,2.5,968,2395,208.0
2015-07-15,3666730,816397800,228.5,212.0,228.5,20.5,2524,2395,212.0
2015-07-16,2064821,471308546,233.5,223.5,226.0,-2.5,1707,2395,232.0
2015-07-17,1502015,338680360,231.0,223.0,223.0,-3.0,1295,2395,230.0
2015-07-20,1545736,347361229,227.0,223.0,225.0,2.0,1219,2395,226.0
2015-07-21,949344,209091680,226.5,217.0,219.5,-5.5,804,2395,226.5
2015-07-22,1544338,332756846,219.5,214.0,214.0,-5.5,1228,2395,215.5
2015-07-23,874000,186725500,217.0,210.0,216.5,2.5,722,2395,214.0
2015-07-24,1468283,309432062,216.5,207.0,210.0,-6.5,1228,2395,216.5
2015-07-27,1842802,380559310,212.0,201.0,203.5,-6.5,1422,2395,206.5
2015-07-28,1207673,250259579,209.5,203.0,208.0,4.5,1049,2395,205.5
2015-07-29,857115,177812920,210.0,204.5,207.0,-1.0,751,2395,207.5
2015-07-30,1126958,237404680,214.0,207.0,210.5,3.5,932,2395,207.0
2015-07-31,987478,210646814,215.5,210.5,213.0,2.5,736,2395,213.0
2015-08-03,1426136,300585648,219.0,208.0,219.0,6.0,1341,2395,213.0
2015-08-04,1322867,285047234,220.5,209.0,212.5,-6.5,1123,2395,220.0
2015-08-05,729775,158037675,218.5,210.5,217.5,5.0,664,2395,212.5
2015-08-06,792754,169325968,219.5,210.5,211.5,-6.0,654,2395,218.5
2015-08-07,1782579,371847748,213.0,202.0,213.0,1.5,1269,2395,209.0
2015-08-10,805359,174699403,219.5,212.5,217.0,4.0,741,2395,213.0
2015-08-11,1315856,289932964,224.5,217.0,217.0,0.0,1186,2395,221.0
2015-08-12,864627,188204037,219.5,215.0,219.0,2.0,796,2395,219.0
2015-08-13,1443990,321536771,227.0,217.0,223.5,4.5,1123,2395,220.0
2015-08-14,1465591,332493248,230.5,220.0,229.5,6.0,1151,2395,222.0
2015-08-17,1146436,256660761,230.0,218.5,218.5,-11.0,908,2395,229.5
2015-08-18,805217,174479655,221.0,214.5,215.0,-3.5,683,2395,219.0
2015-08-19,1425992,303102296,217.5,210.0,211.0,-4.0,1243,2395,214.0
2015-08-20,1807586,375889590,211.0,204.0,206.5,-4.5,1518,2395,209.0
2015-08-21,1603482,321726936,205.0,197.0,197.0,-9.5,1292,2395,203.0
2015-08-24,3283030,643778910,202.0,188.0,198.0,1.0,2654,2395,197.0
2015-08-25,1813114,364010124,207.0,195.0,198.5,0.5,1461,2395,198.0
2015-08-26,1241635,248395770,204.0,192.5,202.0,3.5,1063,2395,198.0
2015-08-27,1220431,249632708,207.5,202.0,203.0,1.0,1005,2395,205.0
2015-08-28,1132603,235600821,210.5,205.0,207.0,4.0,968,2395,207.0
2015-08-31,1021541,210069075,209.0,203.5,207.0,0.0,741,2395,209.0
2015-09-01,1036187,214292611,209.0,205.0,206.5,-0.5,924,2395,207.0
2015-09-02,1113111,227224584,206.5,202.5,203.5,-3.0,922,2395,206.5
2015-09-03,991455,205033730,209.5,204.5,205.5,2.0,852,2395,205.0
2015-09-04,568396,117682180,209.5,205.5,205.5,0.0,515,2395,207.5
2015-09-07,389935,81130574,210.0,205.0,207.0,1.5,329,2395,205.0
2015-09-08,1378205,280135730,206.5,202.0,202.0,-5.0,1187,2395,205.5
2015-09-09,1506783,310228231,207.5,204.5,205.5,3.5,1054,2395,204.5
2015-09-10,688540,142241240,208.5,205.0,205.5,0.0,603,2395,206.5
2015-09-11,691746,142888049,207.5,205.5,206.5,1.0,618,2395,205.5
2015-09-14,1685819,362086629,218.0,209.0,217.0,10.5,1403,2395,209.0
2015-09-15,933103,202648042,220.0,214.5,215.0,-2.0,754,2395,219.0
2015-09-16,1808047,401851887,224.0,218.0,222.5,7.5,1324,2395,219.0
2015-09-17,1783735,402097529,230.0,222.5,222.5,0.0,1408,2395,224.0
2015-09-18,1270881,286397844,227.5,222.0,225.0,2.5,955,2395,227.0
2015-09-21,910672,200974501,223.0,219.0,221.0,-4.0,719,2395,222.5
2015-09-22,671950,150664750,226.5,221.5,226.0,5.0,574,2395,223.0
2015-09-23,1074463,240156089,226.5,220.5,222.0,-4.0,919,2395,223.0
2015-09-24,936635,206305109,224.5,217.5,217.5,-4.5,752,2395,222.0
2015-09-25,762547,165825652,220.5,215.5,217.0,-0.5,531,2395,220.0
2015-09-30,1205403,267830772,225.0,215.0,225.0,8.0,958,2395,216.5
2015-10-01,1033773,233187652,228.5,221.0,225.0,0.0,862,2395,225.0
2015-10-02,514883,115979675,227.0,223.0,226.0,1.0,407,2395,225.0
2015-10-05,1085074,247489798,231.0,225.0,228.5,2.5,914,2395,228.0
2015-10-06,1371384,317483124,235.0,228.0,230.0,1.5,1157,2395,230.0
2015-10-07,1456949,342102862,239.5,226.5,238.0,8.0,1088,2395,230.0
2015-10-08,1346903,313983138,238.0,229.5,229.5,-8.5,1004,2395,238.0
2015-10-12,979623,228077846,235.0,229.5,233.0,3.5,817,2395,229.5
2015-10-13,1286716,304640408,240.0,231.5,239.5,6.5,1099,2395,233.0
2015-10-14,1848147,427813516,239.5,227.0,227.0,-12.5,1504,2395,239.5
2015-10-15,835776,190649037,230.0,226.5,227.5,0.5,712,2395,228.5
2015-10-16,504342,115833168,231.5,227.5,231.5,4.0,453,2395,227.5
2015-10-19,747469,174790007,236.0,232.0,233.5,2.0,684,2395,233.0
2015-10-20,589121,138115435,235.5,232.5,234.0,0.5,532,2395,234.0
2015-10-21,390138,90989516,236.0,231.0,233.0,-1.0,363,2395,235.0
2015-10-22,208590,48698060,234.0,232.0,234.0,1.0,208,2395,233.0
2015-10-23,833279,198097201,240.0,235.5,235.5,1.5,692,2395,238.0
2015-10-26,859740,206816463,242.0,239.0,241.0,5.5,711,2395,239.5
2015-10-27,603198,144326520,242.0,236.0,241.0,0.0,530,2395,242.0
2015-10-28,610853,145141014,240.0,236.0,238.0,-3.0,496,2395,240.0
2015-10-29,515470,121638950,240.0,234.0,236.5,-1.5,459,2395,240.0
2015-10-30,529430,124190050,236.5,233.5,233.5,-3.0,402,2395,236.5
2015-11-02,919439,211241665,234.0,225.0,234.0,0.5,791,2395,228.0
2015-11-03,1132202,260946960,233.5,229.0,230.0,-4.0,1014,2395,232.0
2015-11-04,1274955,293230150,234.0,227.0,230.0,0.0,1066,2395,230.0
2015-11-05,908820,207414100,229.5,227.0,228.0,-2.0,708,2395,229.0
2015-11-06,981981,222116214,229.5,224.0,225.0,-3.0,797,2395,227.0
2015-11-09,1066437,235271325,224.5,218.0,218.0,-7.0,913,2395,224.5
2015-11-10,725298,158823858,222.0,215.0,220.5,2.5,618,2395,216.0
2015-11-11,693416,151563896,222.0,217.0,217.0,-3.5,575,2395,220.0
2015-11-12,778400,165858700,218.0,210.0,213.5,-3.5,625,2395,216.0
2015-11-13,611461,129414423,214.5,210.5,210.5,-3.0,509,2395,210.5
2015-11-16,712065,147502780,209.0,206.0,208.5,-2.0,665,2395,207.0
2015-11-17,2263228,507360028,228.5,218.5,227.0,18.5,1834,2395,219.0
2015-11-18,1241639,272061580,226.0,216.5,217.0,-10.0,1076,2395,225.5
2015-11-19,646559,140968421,220.0,215.0,219.0,2.0,596,2395,219.5
2015-11-20,602038,130956284,220.5,216.0,218.0,-1.0,515,2395,219.0
2015-11-23,820342,181052617,223.5,217.0,223.5,5.5,727,2395,219.5
2015-11-24,775471,169670120,223.0,217.0,219.0,-4.5,673,2395,220.0
2015-11-25,613682,133912176,220.0,216.0,219.0,0.0,531,2395,220.0
2015-11-26,712822,157020518,222.0,219.0,220.0,1.0,629,2395,220.0
2015-11-27,556812,122657940,222.5,218.5,221.0,1.0,355,2395,221.0
2015-11-30,1307219,280965804,217.0,214.5,214.5,-6.5,669,2395,216.0
2015-12-01,1024098,224363606,223.0,213.0,222.0,7.5,825,2395,214.5
2015-12-02,696579,151757143,222.0,216.5,217.5,-4.5,608,2395,222.0
2015-12-03,973606,209193896,216.0,214.0,215.0,-2.5,806,2395,214.5
2015-12-04,906733,191722862,213.5,210.0,212.0,-3.0,746,2395,213.5
2015-12-07,782500,168813747,217.0,213.0,215.0,3.0,697,2395,213.0
2015-12-08,692735,146438585,216.0,210.0,210.0,-5.0,622,2395,215.0
2015-12-09,899936,185340781,210.5,205.0,205.0,-5.0,721,2395,208.5
2015-12-10,761835,155327097,207.0,200.0,206.5,1.5,670,2395,203.0
2015-12-11,1247048,263161128,213.0,208.0,212.5,6.0,948,2395,208.0
2015-12-14,583193,119983644,208.5,203.0,205.5,-7.0,500,2395,208.5
2015-12-15,425604,88553132,209.5,206.5,207.5,2.0,380,2395,206.5
2015-12-16,592418,124243526,212.0,208.0,208.0,0.5,447,2395,209.0
2015-12-17,801112,170591468,215.0,208.0,215.0,7.0,663,2395,208.5
2015-12-18,836598,179396424,217.5,210.0,213.5,-1.5,571,2395,213.0
2015-12-21,546743,117862344,217.0,212.0,217.0,3.5,491,2395,213.0
2015-12-22,676767,144127706,218.0,210.0,211.5,-5.5,494,2395,217.0
2015-12-23,478765,101320240,214.0,210.0,211.5,0.0,424,2395,213.0
2015-12-24,295082,62961548,214.5,212.0,213.0,1.5,247,2395,213.0
2015-12-25,71599,15247785,214.0,212.0,213.5,0.5,65,2395,214.0
2015-12-28,251322,54065408,217.0,213.5,214.5,1.0,221,2395,214.0
2015-12-29,227603,48493439,214.5,211.0,214.5,0.0,174,2395,211.5
2015-12-30,314848,67057928,215.5,211.0,211.0,-3.5,224,2395,214.5
2015-12-31,115111,24405476,214.0,210.5,211.5,0.5,82,2395,212.0
2016-01-04,670925,139411584,211.5,205.5,205.5,-6.0,595,2395,211.5
2016-01-05,811699,166541193,207.0,202.5,204.0,-1.5,649,2395,203.0
2016-01-06,949590,197715300,211.0,205.0,209.5,5.5,799,2395,206.5
2016-01-07,1095599,225491795,209.5,203.5,205.5,-4.0,871,2395,207.0
2016-01-08,1135874,232133252,206.0,201.0,203.0,-2.5,716,2395,201.0
2016-01-11,820972,166106798,205.5,200.0,205.0,2.0,658,2395,201.5
2016-01-12,607101,124612407,208.0,203.0,206.5,1.5,451,2395,208.0
2016-01-13,540082,112143056,209.5,206.0,209.5,3.0,469,2395,207.0
2016-01-14,688252,144215668,211.0,206.0,210.0,0.5,626,2395,209.0
2016-01-15,768160,161147359,212.5,209.0,210.0,0.0,602,2395,211.0
2016-01-18,814969,167890083,208.5,204.0,206.0,-4.0,609,2395,204.0
2016-01-19,619171,127964555,208.5,205.5,206.0,0.0,494,2395,206.0
2016-01-20,804596,163035993,207.0,200.5,202.0,-4.0,702,2395,206.0
2016-01-21,1285406,254559982,203.0,194.5,194.5,-7.5,931,2395,202.0
2016-01-22,1163406,231335401,203.0,195.0,200.5,6.0,905,2395,198.5
2016-01-25,769903,156961309,206.0,202.0,203.0,2.5,684,2395,203.0
2016-01-26,930459,188155136,203.5,200.0,201.5,-1.5,760,2395,200.5
2016-01-27,927791,190194737,207.5,202.0,207.5,6.0,718,2395,202.0
2016-01-28,1401955,285249865,206.5,201.0,202.0,-5.5,1062,2395,204.0
2016-01-29,3111528,621732160,203.0,197.5,198.5,-3.5,2293,2395,200.5
2016-01-30,481914,97444042,203.0,201.5,203.0,4.5,382,2395,201.5
2016-02-01,2119816,441575978,211.0,203.5,207.0,4.0,1660,2395,204.0
2016-02-02,1091948,230586499,214.0,207.5,211.5,4.5,883,2395,208.0
2016-02-03,1158902,239972261,211.0,205.0,206.0,-5.5,948,2395,210.0
2016-02-15,1405495,289688465,210.0,203.0,207.0,1.0,1193,2395,210.0
2016-02-16,966498,199989086,209.5,205.5,205.5,-1.5,840,2395,209.0
2016-02-17,654368,134974859,208.0,204.5,206.5,1.0,496,2395,206.5
2016-02-18,1148576,242930960,214.5,207.5,211.5,5.0,970,2395,209.0
2016-02-19,700835,150455604,215.5,212.5,215.5,4.0,581,2395,215.0
2016-02-22,684050,148373371,218.0,213.5,217.5,2.0,508,2395,215.0
2016-02-23,1317525,287910000,221.5,215.5,221.5,4.0,878,2395,217.5
2016-02-24,1343154,288884110,221.5,212.0,215.5,-6.0,999,2395,221.5
2016-02-25,700833,152069921,218.5,216.0,217.0,1.5,535,2395,217.0
2016-02-26,2573353,587405156,231.0,226.0,230.0,13.0,1729,2395,228.0
2016-03-01,4284777,1025723081,245.0,233.0,233.0,3.0,2774,2395,235.0
2016-03-02,2216995,511770350,237.5,228.0,230.0,-3.0,1445,2395,234.5
2016-03-03,1019841,234271430,234.0,227.5,230.0,0.0,749,2395,230.0
2016-03-04,1143209,266191797,234.5,230.5,234.5,4.5,884,2395,230.5
2016-03-07,583959,135553529,235.0,229.5,231.0,-3.5,525,2395,234.5
2016-03-08,893527,210645130,238.0,232.0,237.0,6.0,833,2395,232.0
2016-03-09,1170511,269263552,235.0,228.5,230.0,-7.0,892,2395,235.0
2016-03-10,609569,142660428,235.0,231.0,235.0,5.0,559,2395,231.0
2016-03-11,422689,99847915,238.0,235.0,235.0,0.0,380,2395,235.0
2016-03-14,330506,77683653,237.5,234.0,235.0,0.0,294,2395,235.5
2016-03-15,981610,230504240,237.0,233.0,234.5,-0.5,711,2395,235.0
2016-03-16,935636,219596138,236.5,234.0,235.0,0.5,649,2395,236.0
2016-03-17,1944801,472731143,244.5,240.0,244.0,9.0,1598,2395,240.0
2016-03-18,1309694,317837291,244.5,239.0,244.0,0.0,878,2395,244.0
2016-03-21,1145760,270895600,244.0,233.0,235.0,-9.0,901,2395,244.0
2016-03-22,689457,163278666,239.0,235.0,239.0,4.0,583,2395,236.5
2016-03-23,902048,216056540,242.0,237.5,242.0,3.0,642,2395,238.5
2016-03-24,713462,171347380,241.5,239.0,240.0,-2.0,652,2395,241.0
2016-03-25,603605,142302675,240.0,234.0,235.0,-5.0,546,2395,240.0
2016-03-28,691900,163855557,240.0,233.0,235.5,0.5,330,2395,233.0
2016-03-29,306252,72296220,237.5,234.5,236.5,1.0,278,2395,235.5
2016-03-30,1217239,286795193,238.0,234.5,235.0,-1.5,842,2395,236.0
2016-03-31,1303141,309492558,239.0,236.0,236.5,1.5,890,2395,237.5
2016-04-01,625078,146219652,236.0,231.5,235.0,-1.5,497,2395,234.5
2016-04-06,1097178,248778406,230.0,225.5,227.0,-8.0,944,2395,230.0
2016-04-07,507137,115375940,229.0,225.0,227.5,0.5,473,2395,225.0
2016-04-08,946560,212173776,226.0,222.5,226.0,-1.5,729,2395,225.0
2016-04-11,613900,141163200,233.0,227.0,229.0,3.0,489,2395,233.0
2016-04-12,747900,169270147,231.0,224.0,224.0,-5.0,541,2395,230.5
2016-04-13,609191,138621857,228.5,225.0,228.5,4.5,539,2395,225.0
2016-04-14,768514,178989720,236.0,229.5,231.5,3.0,667,2395,230.0
2016-04-15,522267,121416177,234.5,230.5,232.5,1.0,376,2395,230.5
2016-04-18,374556,87014880,234.5,230.0,231.5,-1.0,271,2395,231.5
2016-04-19,883644,201448509,235.0,224.5,225.5,-6.0,711,2395,231.5
2016-04-20,1033124,233683688,231.5,224.0,224.0,-1.5,838,2395,229.0
2016-04-21,645085,145426710,227.0,224.5,226.5,2.5,547,2395,226.0
2016-04-22,510397,113980780,226.5,221.5,222.5,-4.0,467,2395,226.5
2016-04-25,268299,60358574,227.0,222.0,227.0,4.5,258,2395,223.0
2016-04-26,322365,72685941,228.5,222.5,224.5,-2.5,290,2395,227.0
2016-04-27,752726,171733528,230.0,223.5,229.0,4.5,598,2395,223.5
2016-04-28,774744,175357876,230.0,223.5,226.0,-3.0,578,2395,230.0
2016-04-29,552655,125184185,228.5,224.0,228.0,2.0,482,2395,224.0
2016-05-03,1234066,283795248,232.0,228.0,229.5,1.5,633,2395,232.0
2016-05-04,1015247,228118328,229.0,223.0,223.5,-6.0,768,2395,228.0
2016-05-05,1113138,244981360,223.0,218.5,220.5,-3.0,763,2395,220.5
2016-05-06,1152339,253227843,221.5,217.0,219.5,-1.0,835,2395,221.0
2016-05-09,1046500,228992000,223.0,216.0,219.5,0.0,675,2395,221.0
2016-05-10,1458932,318286264,220.0,213.5,219.0,-0.5,718,2395,216.0
2016-05-11,1470188,322344360,220.5,218.5,219.0,0.0,823,2395,219.0
2016-05-12,1248064,270847768,219.5,215.5,218.0,-1.0,638,2395,219.0
2016-05-13,1168835,258694535,223.5,216.5,222.0,4.0,916,2395,217.5
2016-05-16,844205,188875920,227.5,218.0,226.0,4.0,746,2395,222.0
2016-05-17,774076,175809752,230.0,222.5,229.0,3.0,734,2395,227.5
2016-05-18,684631,156128178,230.0,225.0,229.0,0.0,583,2395,229.0
2016-05-19,504797,113944518,228.5,223.5,228.0,-1.0,476,2395,228.5
2016-05-20,310659,70170934,229.0,225.0,225.0,-3.0,282,2395,228.0
2016-05-23,805804,186406832,235.0,224.5,233.5,8.5,699,2395,227.0
2016-05-24,255797,59419810,233.5,231.0,231.5,-2.0,245,2395,231.5
2016-05-25,681374,160363448,236.5,233.0,236.5,5.0,609,2395,233.5
2016-05-26,781777,184809132,238.0,233.5,237.0,0.5,461,2395,235.0
2016-05-27,877504,209914956,240.5,237.5,240.5,3.5,774,2395,238.0
2016-05-30,1072825,257424000,242.0,237.5,242.0,1.5,857,2395,242.0
2016-05-31,1171538,281596272,241.5,237.5,241.0,-1.0,537,2395,238.5
2016-06-01,941819,229297336,245.0,240.5,244.0,3.0,829,2395,241.0
2016-06-02,620110,151066383,244.5,242.5,243.0,-1.0,446,2395,244.0
2016-06-03,1066391,260535204,245.0,243.5,245.0,2.0,714,2395,245.0
2016-06-04,55732,13576376,245.0,242.5,243.0,-2.0,61,2395,245.0
2016-06-06,424334,103472662,245.0,242.0,245.0,2.0,403,2395,243.0
2016-06-07,1152714,289546214,253.5,246.5,253.0,8.0,1034,2395,247.0
2016-06-08,1452216,369613148,258.0,250.0,254.5,1.5,1140,2395,254.5
2016-06-13,1437457,358966250,254.0,248.0,249.5,-5.0,1261,2395,253.0
2016-06-14,1624545,399949589,248.0,245.0,246.5,-3.0,965,2395,246.0
2016-06-15,630529,155849395,250.0,243.5,248.0,1.5,516,2395,246.0
2016-06-16,553219,134428717,248.0,241.0,243.0,-5.0,483,2395,247.0
2016-06-17,636659,156070624,246.5,243.0,246.0,3.0,477,2395,243.0
2016-06-20,636433,157641951,248.5,245.5,248.0,2.0,537,2395,247.0
2016-06-21,1011169,253017581,251.0,248.5,250.5,2.5,675,2395,249.0
2016-06-22,3332310,810616210,249.0,243.0,243.0,-7.5,745,2395,247.5
2016-06-23,445000,108549000,246.0,241.5,243.0,0.0,371,2395,244.0
2016-06-24,1186322,281154390,245.0,231.5,236.0,-7.0,911,2395,243.0
2016-06-27,639216,149473476,236.0,232.5,235.0,-1.0,598,2395,232.5
2016-06-28,466889,111348360,239.5,234.5,239.5,4.5,443,2395,234.5
2016-06-29,1166510,278541930,242.0,237.0,238.5,-1.0,707,2395,239.5
2016-06-30,1501219,363217217,247.5,236.5,244.5,0.0,1073,2395,239.0
2016-07-01,541629,132671089,247.0,242.0,242.5,-2.0,483,2395,245.0
2016-07-04,350412,86094352,247.5,242.0,246.5,4.0,334,2395,244.5
2016-07-05,319061,78724006,247.5,245.0,247.5,1.0,303,2395,247.5
2016-07-06,878575,211029725,245.0,239.0,241.5,-6.0,795,2395,245.0
2016-07-07,290137,70559654,245.0,242.0,243.5,2.0,284,2395,243.0
2016-07-11,866025,215431250,251.0,242.0,251.0,7.5,759,2395,247.0
2016-07-12,1210996,306500002,255.5,249.0,250.5,-0.5,1007,2395,252.0
2016-07-13,1024534,252110548,249.5,244.0,247.0,-3.5,789,2395,249.5
2016-07-14,1054311,263113630,251.0,246.5,251.0,4.0,595,2395,247.0
2016-07-15,659737,166055698,254.5,248.5,254.5,3.5,582,2395,248.5
2016-07-18,1024406,255222988,254.5,246.5,248.0,-6.5,596,2395,252.0
2016-07-19,758450,190772400,253.0,248.0,253.0,5.0,694,2395,249.0
2016-07-20,967482,246321928,257.0,251.5,256.0,3.0,850,2395,253.0
2016-07-21,600949,154396893,258.5,254.0,258.5,2.5,565,2395,257.0
2016-07-22,933511,234427239,258.0,248.0,249.0,-9.5,709,2395,258.0
2016-07-25,657142,165077000,255.0,248.5,251.5,2.5,479,2395,252.5
2016-07-26,438971,110481692,253.5,250.0,253.5,2.0,319,2395,251.0
2016-07-27,909309,228012257,253.5,248.5,253.0,-0.5,571,2395,253.5
2016-07-28,576953,144344703,254.0,249.5,250.5,-2.5,383,2395,254.0
2016-07-29,646778,160357390,251.5,246.5,248.0,-2.5,495,2395,250.5
2016-08-01,735530,183978470,253.0,248.0,249.0,1.0,625,2395,253.0
2016-08-02,1852702,454001445,251.5,240.5,246.0,-3.0,1491,2395,251.5
2016-08-03,1546731,378795422,247.0,240.0,246.0,0.0,943,2395,244.5
2016-08-04,1055559,258898073,247.0,244.0,247.0,1.0,684,2395,246.0
2016-08-05,650452,162594500,251.0,245.5,250.0,3.0,607,2395,247.0
2016-08-08,477981,120379655,252.5,250.5,252.5,2.5,417,2395,252.5
2016-08-09,586176,147968352,254.5,249.5,253.5,1.0,499,2395,252.5
2016-08-10,559354,142121089,255.0,252.0,255.0,1.5,522,2395,254.0
2016-08-11,859384,219789304,257.5,252.0,257.5,2.5,731,2395,254.5
2016-08-12,662544,170653808,258.5,256.0,258.5,1.0,553,2395,257.5
2016-08-15,653045,167540610,259.0,255.0,258.0,-0.5,578,2395,258.5
2016-08-16,507526,130474656,258.0,255.5,258.0,0.0,409,2395,258.0
2016-08-17,627719,160686502,258.5,254.0,256.5,-1.5,536,2395,256.0
2016-08-18,563381,142507012,255.0,251.0,253.5,-3.0,439,2395,255.0
2016-08-19,646944,162376052,253.0,250.0,250.0,-3.5,479,2395,252.0
2016-08-22,624736,158228444,255.0,249.5,255.0,5.0,549,2395,250.0
2016-08-23,685457,173833078,254.5,252.0,254.5,-0.5,462,2395,253.0
2016-08-24,745775,192564835,260.0,253.0,260.0,5.5,590,2395,256.0
2016-08-25,489511,126769838,260.0,258.0,258.0,-2.0,372,2395,260.0
2016-08-26,338651,87641931,260.0,257.0,260.0,2.0,303,2395,258.0
2016-08-29,244576,62929471,260.0,254.0,259.5,-0.5,221,2395,260.0
2016-08-30,431723,112055116,260.0,257.0,260.0,0.5,410,2395,257.0
2016-08-31,776172,201716629,263.0,258.0,259.5,-0.5,549,2395,258.0
2016-09-01,1440398,390806654,277.0,263.0,274.0,14.5,1189,2395,263.0
2016-09-02,522040,141778340,274.0,269.0,272.0,-2.0,497,2395,273.0
2016-09-05,695191,190997143,278.0,270.0,273.0,1.0,641,2395,270.0
2016-09-06,796360,221935350,282.0,273.0,282.0,9.0,518,2395,274.5
2016-09-07,444877,125482060,284.5,280.0,281.0,-1.0,396,2395,281.5
2016-09-08,1109042,318401012,289.5,282.0,287.5,6.5,874,2395,283.5
2016-09-09,903934,253561152,284.0,277.0,277.5,-10.0,833,2395,284.0
2016-09-10,304753,83137816,276.5,271.5,272.0,-5.5,245,2395,272.0
2016-09-12,838497,224484699,273.5,265.5,266.0,-6.0,707,2395,271.0
2016-09-13,996156,262275761,270.5,259.0,262.0,-4.0,882,2395,269.0
2016-09-14,1291540,340016215,267.5,260.0,262.5,0.5,791,2395,261.0
2016-09-19,1241387,323427894,262.5,258.0,259.5,-3.0,968,2395,262.5
2016-09-20,1099915,285209570,264.5,255.5,255.5,-4.0,914,2395,259.5
2016-09-21,1061144,276199162,264.0,256.0,263.0,7.5,680,2395,256.5
2016-09-22,409049,107304936,263.5,259.5,263.5,0.5,338,2395,263.0
2016-09-23,397241,104660624,264.5,261.0,264.0,0.5,351,2395,263.5
2016-09-26,432384,113946376,264.5,262.0,263.0,-1.0,360,2395,263.0
2016-09-29,1556144,423889964,277.0,262.5,276.0,13.0,1311,2395,263.5
2016-09-30,1052792,283957800,275.0,266.5,269.0,-7.0,802,2395,275.0
2016-10-03,477271,129120670,272.0,269.0,270.0,1.0,430,2395,270.0
2016-10-04,567154,152760888,272.0,266.5,272.0,2.0,510,2395,270.5
2016-10-05,702440,186778540,270.0,264.0,264.0,-8.0,636,2395,268.0
2016-10-06,829776,219958900,267.5,263.0,266.0,2.0,627,2395,266.0
2016-10-07,575197,151748903,266.5,262.5,264.5,-1.5,385,2395,266.0
2016-10-11,850422,221512064,267.0,256.0,261.0,-3.5,658,2395,267.0
2016-10-12,457774,118642514,263.0,256.0,262.5,1.5,403,2395,260.0
2016-10-13,1188827,303889366,262.0,253.0,257.0,-5.5,919,2395,261.5
2016-10-14,502752,129193385,259.0,254.0,257.5,0.5,432,2395,254.0
2016-10-17,561293,143557151,260.0,251.0,257.0,-0.5,494,2395,256.0
2016-10-18,429871,109646847,257.0,253.5,257.0,0.0,388,2395,254.0
2016-10-19,462190,118746400,258.5,254.5,258.5,1.5,378,2395,254.5
2016-10-20,275613,70502733,258.5,255.0,256.0,-2.5,242,2395,258.5
2016-10-21,210015,53745362,258.0,255.5,255.5,-0.5,180,2395,256.5
2016-10-24,235559,60064045,257.0,254.0,254.0,-1.5,211,2395,255.5
2016-10-25,291788,75009485,259.5,253.5,259.5,5.5,273,2395,254.0
2016-10-26,190827,49121039,260.0,256.5,257.0,-2.5,181,2395,260.0
2016-10-27,493343,125648854,257.5,253.0,254.5,-2.5,421,2395,257.0
2016-10-28,340168,86848703,256.5,254.5,255.5,1.0,193,2395,254.5
2016-10-31,802409,205491203,259.0,252.5,257.0,1.5,630,2395,254.0
2016-11-01,480450,123478774,259.0,255.5,257.0,0.0,439,2395,259.0
2016-11-02,665473,170854296,258.5,253.5,255.5,-1.5,586,2395,258.5
2016-11-03,755022,187668978,256.5,245.0,248.5,-7.0,574,2395,253.5
2016-11-04,461100,115193650,252.0,245.0,251.0,2.5,413,2395,248.0
2016-11-07,439088,111371630,255.0,252.0,253.0,2.0,363,2395,252.0
2016-11-08,1148049,286190250,253.5,246.0,246.5,-6.5,755,2395,251.0
2016-11-09,1403566,345967302,252.5,242.5,248.0,1.5,1044,2395,250.5
2016-11-10,726332,183882996,255.0,250.5,254.5,6.5,518,2395,252.0
2016-11-11,1247815,307301305,250.5,243.5,246.5,-8.0,981,2395,246.5
2016-11-14,741705,182141225,248.0,242.0,246.0,-0.5,596,2395,246.0
2016-11-15,706983,173727784,247.5,243.5,246.0,0.0,530,2395,243.5
2016-11-16,747988,186492524,250.5,245.5,248.0,2.0,498,2395,248.0
2016-11-17,535351,133233828,250.5,247.0,249.0,1.0,416,2395,249.0
2016-11-18,419250,104682250,250.5,246.0,250.0,1.0,343,2395,246.5
2016-11-21,358420,89268000,250.5,246.5,250.0,0.0,309,2395,248.5
2016-11-22,585938,147839500,255.0,248.5,252.0,2.0,527,2395,248.5
2016-11-23,543810,138797454,256.0,253.0,255.5,3.5,429,2395,253.0
2016-11-24,216099,54892844,255.5,252.5,254.5,-1.0,167,2395,255.5
2016-11-25,382706,96506012,253.0,251.0,252.5,-2.0,230,2395,253.0
2016-11-28,426856,109193871,257.0,252.5,256.5,4.0,254,2395,252.5
2016-11-29,348705,89416275,258.0,255.0,256.5,0.0,280,2395,258.0
2016-11-30,828198,212485490,258.0,254.5,256.5,0.0,402,2395,258.0
2016-12-01,361316,92164684,257.0,252.5,256.0,-0.5,317,2395,256.5
2016-12-02,469120,118956220,255.0,252.0,253.5,-2.5,411,2395,252.5
2016-12-05,381190,96124224,254.5,251.0,251.5,-2.0,222,2395,253.5
2016-12-06,372374,94597240,255.0,253.0,253.5,2.0,336,2395,254.0
2016-12-07,531270,133175160,253.5,249.5,251.0,-2.5,462,2395,253.5
2016-12-08,1095484,279097308,256.0,252.5,256.0,5.0,874,2395,253.0
2016-12-09,481599,124129943,259.0,254.5,259.0,3.0,411,2395,256.0
2016-12-12,431457,110362363,259.0,254.0,256.5,-2.5,373,2395,259.0
2016-12-13,447297,112957083,254.5,251.0,252.0,-4.5,424,2395,254.0
2016-12-14,489510,123753293,254.0,252.0,252.0,0.0,344,2395,252.5
2016-12-15,443558,111080833,251.5,249.0,251.0,-1.0,356,2395,251.0
2016-12-16,838816,209755405,253.0,248.5,250.0,-1.0,561,2395,252.0
2016-12-19,326024,80993298,250.0,247.0,248.0,-2.0,209,2395,250.0
2016-12-20,512860,128105600,252.0,247.0,251.5,3.5,296,2395,248.0
2016-12-21,561314,140228260,251.0,249.0,249.0,-2.5,207,2395,250.0
2016-12-22,290630,72346160,250.0,247.5,249.0,0.0,184,2395,248.0
2016-12-23,308983,76738207,249.0,247.5,247.5,-1.5,261,2395,249.0
2016-12-26,90090,22265500,248.0,246.5,247.5,0.0,84,2395,247.5
2016-12-27,152862,37850914,249.0,246.0,248.0,0.5,149,2395,248.5
2016-12-28,254558,63131384,250.0,247.0,249.0,1.0,170,2395,247.0
2016-12-29,388558,95949884,249.0,246.0,246.5,-2.5,315,2395,249.0
2016-12-30,458085,115492005,254.5,248.5,254.5,8.0,383,2395,249.0
2017-01-03,193950,48935873,254.5,251.0,252.5,-2.0,168,2395,254.5
2017-01-04,426411,106875372,255.0,248.0,250.0,-2.5,308,2395,254.5
2017-01-05,522931,131863608,253.5,250.0,253.0,3.0,290,2395,251.0
2017-01-06,454964,116651748,258.0,253.0,257.0,4.0,410,2395,253.5
2017-01-09,224519,57736421,259.0,255.5,257.5,0.5,212,2395,258.0
2017-01-10,558294,143559558,259.0,256.0,257.0,-0.5,371,2395,257.5
2017-01-11,320286,82547143,258.5,257.0,258.0,1.0,284,2395,258.0
2017-01-12,975750,255492622,264.0,258.5,262.0,4.0,809,2395,258.5
2017-01-13,587583,155666995,266.0,261.0,266.0,4.0,494,2395,264.0
2017-01-16,172281,45141122,265.5,260.5,262.0,-4.0,174,2395,264.0
2017-01-17,214744,56632541,265.5,262.0,263.5,1.5,193,2395,262.0
2017-01-18,536733,141467546,266.0,262.0,263.0,-0.5,504,2395,264.0
2017-01-19,701499,185218738,265.0,260.5,264.0,1.0,411,2395,263.0
2017-01-20,327528,86669420,265.0,263.0,265.0,1.0,299,2395,264.0
2017-01-23,362409,96332794,268.0,265.0,266.5,1.5,335,2395,267.0
2017-01-24,500352,132582280,266.5,263.0,265.0,-1.5,365,2395,265.5
2017-02-02,1382652,364064644,268.0,260.0,260.0,-5.0,915,2395,265.0
2017-02-03,772329,201195349,262.0,259.5,260.0,0.0,507,2395,261.0
2017-02-06,389031,103138215,267.0,259.0,265.0,5.0,268,2395,259.0
2017-02-07,1128905,295895515,265.0,258.5,263.0,-2.0,448,2395,264.0
2017-02-08,1469505,385169320,265.0,259.5,263.0,0.0,358,2395,261.5
2017-02-09,922949,247583531,270.0,265.5,270.0,7.0,631,2395,266.0
2017-02-10,945131,257114370,273.5,270.0,272.0,2.0,674,2395,272.0
2017-02-13,692248,185182810,270.0,265.5,267.5,-4.5,353,2395,270.0
2017-02-14,542511,145900459,269.5,267.5,269.0,1.5,251,2395,269.5
2017-02-15,673095,182486291,273.0,270.0,271.5,2.5,570,2395,270.0
2017-02-16,564445,151284260,272.0,266.0,268.0,-3.5,440,2395,272.0
2017-02-17,366260,97545420,270.0,264.5,265.5,-2.5,344,2395,269.0
2017-02-18,33299,8890632,267.5,265.5,267.5,2.0,34,2395,267.0
2017-02-20,654600,173603350,267.0,264.0,265.0,-2.5,311,2395,267.0
2017-02-21,656250,174164124,267.5,265.0,266.0,1.0,272,2395,267.5
2017-02-22,591876,158972016,269.5,267.5,268.0,2.0,445,2395,268.0
2017-02-23,372279,99382993,269.5,266.0,267.0,-1.0,316,2395,269.5
2017-02-24,941862,250663408,272.0,261.5,261.5,-5.5,685,2395,267.0
2017-03-01,1271419,330255581,262.5,258.5,258.5,-3.0,783,2395,260.5
2017-03-02,1777930,460018660,260.5,256.5,259.5,1.0,599,2395,259.5
2017-03-03,578421,148445039,262.5,255.0,257.0,-2.5,430,2395,259.5
2017-03-06,396412,100896148,257.0,253.0,254.0,-3.0,364,2395,257.0
2017-03-07,979182,248365444,257.5,252.0,252.5,-1.5,869,2395,256.0
2017-03-08,1035296,265255717,257.5,252.5,257.5,5.0,793,2395,252.5
2017-03-09,973430,248536940,257.5,252.5,257.5,0.0,830,2395,257.0
2017-03-10,865512,220097299,257.5,253.5,254.0,-3.5,713,2395,257.5
2017-03-13,763640,196142796,258.5,254.0,257.5,3.5,535,2395,254.0
2017-03-14,600321,154612355,259.5,255.5,256.0,-1.5,469,2395,255.5
2017-03-15,403352,102855760,256.5,254.0,256.0,0.0,347,2395,256.0
2017-03-16,611030,159318339,261.5,259.0,261.5,5.5,442,2395,259.5
2017-03-17,698691,181561469,261.0,258.0,261.0,-0.5,520,2395,260.0
2017-03-20,460028,118953252,261.0,257.0,259.0,-2.0,364,2395,261.0
2017-03-21,658591,171160569,261.5,259.0,261.5,2.5,465,2395,259.5
2017-03-22,1062708,271087248,257.5,254.0,256.5,-5.0,907,2395,256.0
2017-03-23,696974,178431344,259.0,254.5,258.0,1.5,613,2395,259.0
2017-03-24,593360,152965880,258.5,256.5,258.0,0.0,457,2395,258.5
2017-03-27,1016684,259125627,258.0,254.0,255.0,-3.0,686,2395,258.0
2017-03-28,1674180,420863195,257.5,245.0,251.0,-4.0,1225,2395,257.5
2017-03-29,1381543,343549836,251.0,247.0,249.0,-2.0,1088,2395,248.0
2017-03-30,597841,149069057,251.5,247.0,251.0,2.0,482,2395,251.0
2017-03-31,1005167,253796921,254.0,249.5,254.0,3.0,697,2395,249.5
2017-04-05,793769,198932976,256.0,248.0,250.0,-4.0,682,2395,256.0
2017-04-06,405312,101027124,251.5,248.5,249.0,-1.0,380,2395,251.5
2017-04-07,697553,173570236,250.5,248.0,249.5,0.5,594,2395,249.0
2017-04-10,822486,205023797,251.0,248.0,250.5,1.0,432,2395,248.0
2017-04-11,775510,193221000,253.5,248.0,248.5,-2.0,463,2395,253.5
2017-04-12,583806,143780694,248.5,245.0,246.0,-2.5,490,2395,246.5
2017-04-13,503643,124283464,248.0,244.0,247.0,1.0,379,2395,245.5
2017-04-14,323600,79841200,247.5,245.0,247.0,0.0,225,2395,247.0
2017-04-17,230300,56932349,248.5,245.5,248.0,1.0,198,2395,247.0
2017-04-18,418594,102621624,248.0,244.0,244.0,-4.0,346,2395,248.0
2017-04-19,1688629,400611263,242.5,232.0,237.0,-7.0,1052,2395,242.0
2017-04-20,1126776,266104438,238.0,235.0,236.5,-0.5,872,2395,235.5
2017-04-21,1270342,310223316,248.0,237.5,248.0,11.5,766,2395,237.5
2017-04-24,514355,123783910,247.0,238.5,239.0,-9.0,473,2395,247.0
2017-04-25,750908,181135095,244.0,239.5,242.0,3.0,517,2395,241.5
2017-04-26,1098910,265830950,244.0,240.5,243.0,1.0,833,2395,244.0
2017-04-27,505270,122530783,245.0,241.0,243.5,0.5,407,2395,243.0
2017-04-28,570948,138926285,245.5,242.5,244.0,0.5,464,2395,243.5
2017-05-02,635385,156098894,246.5,244.0,244.5,0.5,392,2395,245.5
2017-05-03,229615,56098251,246.0,243.0,244.5,0.0,223,2395,245.0
2017-05-04,504714,122450002,246.0,241.5,243.0,-1.5,454,2395,244.5
2017-05-05,351941,84788663,243.5,240.0,240.0,-3.0,334,2395,242.0
2017-05-08,1141780,269226200,243.0,234.0,234.0,-6.0,751,2395,243.0
2017-05-09,592416,139590346,237.0,234.5,236.0,2.0,434,2395,235.0
2017-05-10,989294,239666412,245.0,236.5,243.0,7.0,626,2395,239.0
2017-05-11,679948,163178202,244.0,239.0,239.5,-3.5,348,2395,244.0
2017-05-12,415045,100352160,244.5,240.0,242.0,2.5,362,2395,242.5
2017-05-15,655402,159688186,245.5,242.5,243.0,1.0,578,2395,245.5
2017-05-16,385072,93389530,244.5,241.0,243.5,0.5,346,2395,244.0
2017-05-17,503155,122392820,245.5,241.0,245.5,2.0,454,2395,244.0
2017-05-18,528522,127205581,243.0,240.0,241.0,-4.5,442,2395,243.0
2017-05-19,388237,93387995,241.0,240.0,240.5,-0.5,316,2395,241.0
2017-05-22,303706,72865970,242.0,239.0,240.0,-0.5,282,2395,239.5
2017-05-23,444004,106389964,241.0,238.0,241.0,1.0,365,2395,238.0
2017-05-24,542708,131031292,243.5,240.0,242.5,1.5,492,2395,241.0
2017-05-25,578693,141087092,244.5,242.0,244.5,2.0,538,2395,242.5
2017-05-26,650725,159515125,246.0,244.5,245.0,0.5,555,2395,246.0
2017-05-31,1069148,262256095,247.5,244.0,244.0,-1.0,657,2395,246.5
2017-06-01,455726,112061956,247.0,244.0,246.5,2.5,414,2395,246.0
2017-06-02,497830,122833340,247.5,245.5,247.5,1.0,449,2395,247.0
2017-06-03,78246,19396008,248.5,247.0,247.0,-0.5,58,2395,247.5
2017-06-05,676736,168053264,249.5,247.0,248.5,1.5,571,2395,247.0
2017-06-06,262748,65280252,249.0,248.0,249.0,0.5,253,2395,248.5
2017-06-07,1856854,464502925,252.5,249.5,252.5,3.5,546,2395,250.0
2017-06-08,887967,223244698,254.0,250.0,252.0,-0.5,430,2395,254.0
2017-06-09,455608,113043108,252.0,246.0,247.0,-5.0,398,2395,252.0
2017-06-12,581981,142298777,248.5,242.0,243.0,-4.0,432,2395,248.5
2017-06-13,1144909,276555137,244.0,240.0,241.0,-2.0,759,2395,243.0
2017-06-14,1089786,260187640,242.5,237.5,238.5,-2.5,796,2395,242.0
2017-06-15,671566,160371254,241.0,238.0,239.0,0.5,512,2395,238.5
2017-06-16,1755160,420621818,242.0,238.5,238.5,-0.5,623,2395,241.0
2017-06-19,944592,224937988,239.5,237.0,237.5,-1.0,768,2395,239.0
2017-06-20,522611,125543751,242.0,238.5,239.5,2.0,440,2395,239.0
2017-06-21,678340,163422780,242.5,238.5,241.5,2.0,564,2395,239.5
2017-06-22,452117,109623665,243.5,242.0,242.0,0.5,406,2395,243.5
2017-06-23,623491,149879322,242.0,239.0,240.0,-2.0,493,2395,242.0
2017-06-26,1029671,249449053,243.0,240.0,242.5,2.5,901,2395,240.0
2017-06-27,618692,150089656,244.0,241.5,242.0,-0.5,569,2395,243.5
2017-06-28,661600,159786595,243.0,239.5,242.0,0.0,534,2395,241.0
2017-06-29,1246095,302223680,244.0,242.0,243.0,1.0,831,2395,244.0
2017-06-30,2163690,469445100,222.0,214.5,215.5,0.0,1392,2395,215.0
2017-07-03,710021,153730099,218.0,215.5,216.5,1.0,630,2395,217.0
2017-07-04,922990,199088830,217.5,215.0,215.5,-1.0,691,2395,216.5
2017-07-05,1050175,224280625,215.5,212.5,213.5,-2.0,717,2395,215.0
2017-07-06,954197,203003658,214.5,211.5,212.5,-1.0,611,2395,214.0
2017-07-07,1478137,313043318,213.0,211.0,211.5,-1.0,1014,2395,212.0
2017-07-10,598703,126226536,212.0,210.0,211.0,-0.5,466,2395,212.0
2017-07-11,1574283,345196675,221.5,214.0,220.5,9.5,1227,2395,214.0
2017-07-12,1146197,253534537,223.5,219.0,219.0,-1.5,867,2395,221.5
2017-07-13,695265,154619987,223.0,221.0,222.0,3.0,570,2395,223.0
2017-07-14,1040790,235097360,227.0,222.5,226.0,4.0,827,2395,222.5
2017-07-17,1373619,309590132,227.0,224.0,225.0,-1.0,892,2395,227.0
2017-07-18,961203,214887295,225.0,222.0,224.0,-1.0,593,2395,225.0
2017-07-19,660923,149273554,227.0,222.5,226.5,2.5,576,2395,222.5
2017-07-20,539953,122336690,228.0,225.0,226.5,0.0,483,2395,228.0
2017-07-21,317092,71700335,227.0,225.0,226.5,0.0,274,2395,225.5
2017-07-24,782195,177912360,230.0,225.0,227.0,0.5,567,2395,226.5
2017-07-25,900113,206831716,231.5,226.0,231.5,4.5,766,2395,227.0
2017-07-26,1051466,243301612,233.5,227.5,227.5,-4.0,706,2395,232.0
2017-07-27,1297730,301831451,234.0,228.5,233.5,6.0,951,2395,229.0
2017-07-28,2101051,476406577,232.5,224.0,225.0,-8.5,1657,2395,232.5
2017-07-31,1106565,251829599,229.0,226.0,228.5,3.5,571,2395,227.0
2017-08-01,1350479,309152128,232.0,225.0,232.0,3.5,928,2395,230.0
2017-08-02,676889,156260637,233.0,229.0,233.0,1.0,514,2395,231.0
2017-08-03,849779,195221670,230.5,229.0,229.5,-3.5,729,2395,229.0
2017-08-04,767489,175473970,230.0,227.5,228.5,-1.0,611,2395,229.5
2017-08-07,682724,155757520,229.0,227.5,229.0,0.5,553,2395,228.5
2017-08-08,706470,161145160,229.0,227.5,228.0,-1.0,513,2395,229.0
2017-08-09,565719,128519291,229.0,226.0,228.0,0.0,468,2395,226.0
2017-08-10,1260139,279735062,228.0,219.0,223.0,-5.0,976,2395,228.0
2017-08-11,563293,124796839,223.5,220.0,223.0,0.0,439,2395,220.0
2017-08-14,461223,101734668,224.0,220.0,220.5,-2.5,455,2395,223.0
2017-08-15,200569,44598163,223.0,221.0,223.0,2.5,177,2395,222.0
2017-08-16,637478,140114682,222.5,217.0,219.0,-4.0,636,2395,222.0
2017-08-17,649394,144398468,224.5,219.5,223.5,4.5,646,2395,219.5
2017-08-18,1149410,254343953,224.0,219.0,222.5,-1.0,903,2395,221.0
2017-08-21,436153,96273213,222.5,219.0,222.0,-0.5,421,2395,222.5
2017-08-22,654180,147886000,228.0,222.5,226.5,4.5,640,2395,222.5
2017-08-23,603488,136190493,227.0,225.0,225.5,-1.0,666,2395,226.5
2017-08-24,868450,198384600,229.5,225.5,229.5,4.0,717,2395,225.5
2017-08-25,478977,109514756,229.5,227.0,229.5,0.0,450,2395,228.0
2017-08-28,283070,64734960,230.0,228.0,229.0,-0.5,284,2395,230.0
2017-08-29,361805,81874235,228.0,225.0,227.0,-2.0,324,2395,228.0
2017-08-30,434537,98120362,228.0,224.5,226.0,-1.0,444,2395,226.5
2017-08-31,749649,167073227,226.0,222.0,222.5,-3.5,504,2395,226.0
2017-09-01,618468,137453364,225.0,221.0,221.0,-1.5,546,2395,222.5
2017-09-04,281021,62697665,224.0,221.0,223.5,2.5,291,2395,221.0
2017-09-05,808425,182051326,226.0,223.0,226.0,2.5,630,2395,224.0
2017-09-06,492752,109928341,224.5,222.0,222.0,-4.0,323,2395,224.5
2017-09-07,615459,136458398,224.5,220.0,221.0,-1.0,548,2395,224.0
2017-09-08,421879,93854447,224.0,221.5,223.5,2.5,372,2395,222.5
2017-09-11,255120,56660140,224.0,221.0,222.5,-1.0,283,2395,224.0
2017-09-12,209236,46513769,224.0,221.5,222.0,-0.5,217,2395,223.0
2017-09-13,509124,111787208,222.5,218.0,219.0,-3.0,389,2395,222.5
2017-09-14,756641,164461943,219.0,217.0,217.5,-1.5,498,2395,218.0
2017-09-15,1570988,339885385,218.5,216.0,216.0,-1.5,770,2395,217.0
2017-09-18,572506,125373326,220.0,217.0,219.0,3.0,557,2395,219.0
2017-09-19,477327,103624786,219.0,216.0,216.5,-2.5,460,2395,219.0
2017-09-20,825776,178304501,216.5,215.0,215.5,-1.0,664,2395,216.5
2017-09-21,1303228,278998976,216.0,213.0,215.0,-0.5,991,2395,215.0
2017-09-22,499854,107463610,216.0,214.0,215.0,0.0,461,2395,215.0
2017-09-25,428606,92010290,216.0,213.0,215.5,0.5,436,2395,215.0
2017-09-26,720442,156077030,217.0,215.0,216.5,1.0,404,2395,216.0
2017-09-27,890330,192076100,216.5,215.0,216.5,0.0,403,2395,215.5
2017-09-28,557069,120346433,217.0,215.0,216.5,0.0,442,2395,217.0
2017-09-29,683782,147756194,216.5,215.5,216.0,-0.5,392,2395,216.0
2017-09-30,316596,67748544,215.5,213.0,213.0,-3.0,281,2395,215.5
2017-11-01,1690757,351185456,208.5,206.0,208.0,2.0,496,2395,206.0
2017-11-02,4752585,974204882,207.0,202.0,205.0,-3.0,568,2395,207.0
2017-11-03,1022894,207532317,206.0,202.0,204.5,-0.5,780,2395,205.0
2017-11-06,762847,156744329,207.0,204.0,207.0,2.5,624,2395,204.0
2017-11-07,933329,194831261,210.0,207.0,209.0,2.0,753,2395,207.0
2017-11-08,1848374,381261418,208.0,204.0,207.0,-2.0,1158,2395,208.0
2017-11-09,760366,156450896,207.0,204.5,206.0,-1.0,566,2395,205.5
2017-11-10,649074,132884670,206.0,204.0,205.0,-1.0,569,2395,206.0
2017-11-13,368164,75305620,205.0,203.5,205.0,0.0,263,2395,204.0
2017-11-14,656843,133329629,204.5,202.0,202.5,-2.5,511,2395,204.0
2017-11-15,1452226,290345152,203.0,198.5,200.0,-2.5,1073,2395,202.5
2017-11-16,462818,92830503,201.5,199.0,200.5,0.5,417,2395,199.0
2017-11-17,416348,83590768,202.0,200.0,200.0,-0.5,362,2395,200.5
2017-11-20,632602,127263298,202.5,200.0,201.5,1.5,576,2395,200.0
2017-11-21,1444431,288416631,202.0,198.5,199.0,-2.5,951,2395,202.0
2017-11-22,2779542,574070994,209.5,199.0,207.0,8.0,1763,2395,199.0
2017-11-23,1086072,224217591,208.5,204.5,205.0,-2.0,595,2395,208.5
2017-11-24,679253,139815618,207.0,204.0,205.5,0.5,520,2395,205.0
2017-11-27,398506,81373224,207.0,203.0,204.0,-1.5,391,2395,207.0
2017-11-28,630005,127698020,204.0,201.5,204.0,0.0,464,2395,204.0
2017-11-29,676538,136288176,204.0,201.0,201.5,-2.5,610,2395,204.0
2017-11-30,1365369,273633478,201.5,200.0,200.0,-1.5,715,2395,201.5
2017-12-01,717001,143578700,201.5,199.0,199.5,-0.5,668,2395,201.0
2017-12-04,693697,138641597,201.0,198.5,200.0,0.5,575,2395,199.0
2017-12-05,949786,189221486,200.0,197.0,200.0,0.0,795,2395,200.0
2017-12-06,681992,135894900,201.5,198.0,199.0,-1.0,589,2395,201.5
2017-12-07,1407280,284290914,204.5,199.5,201.5,2.5,1140,2395,203.0
2017-12-08,633319,126555300,202.5,199.0,199.5,-2.0,568,2395,200.0
2017-12-11,532583,107971849,203.5,200.5,203.0,3.5,441,2395,201.0
2017-12-12,394166,79482918,203.5,200.5,202.0,-1.0,255,2395,203.0
2017-12-13,217662,43736887,201.5,200.5,201.5,-0.5,216,2395,201.5
2017-12-14,634002,128615401,204.5,201.0,204.5,3.0,577,2395,202.0
2017-12-15,1489277,302745116,205.0,202.0,203.0,-1.5,746,2395,204.5
2017-12-18,800049,164823611,207.0,203.5,207.0,4.0,631,2395,204.5
2017-12-19,1599512,332736538,209.0,206.5,208.5,1.5,671,2395,208.0
2017-12-20,1512302,318575722,211.5,209.0,211.0,2.5,866,2395,209.0
2017-12-21,1041166,220377526,213.0,211.0,211.5,0.5,612,2395,211.0
2017-12-22,562294,118517385,212.5,210.0,210.5,-1.0,445,2395,212.0
2017-12-25,121986,25522074,210.0,208.5,209.5,-1.0,130,2395,210.0
2017-12-26,250140,52046480,209.0,207.0,207.5,-2.0,236,2395,209.0
2017-12-27,400379,83207332,209.5,205.5,208.0,0.5,347,2395,206.5
2017-12-28,694701,144624308,210.0,205.5,208.0,0.0,627,2395,206.5
2017-12-29,848901,178641710,211.5,209.0,210.5,2.5,676,2395,210.0
2018-01-02,979077,210116508,215.5,211.0,215.0,4.5,928,2395,212.0
2018-01-03,1470373,318734818,219.5,215.0,216.5,1.5,1095,2395,216.0
2018-01-04,1400344,299370937,217.5,212.0,213.5,-3.0,998,2395,217.5
2018-01-05,1302605,281135770,217.5,214.0,216.0,2.5,980,2395,214.5
2018-01-08,3352287,748873788,226.5,218.0,226.0,10.0,1943,2395,219.0
2018-01-09,4225772,946268760,226.0,222.5,225.0,-1.0,933,2395,226.0
2018-01-10,2047474,462125157,226.5,225.0,225.5,0.5,706,2395,226.5
2018-01-11,798869,179859525,225.5,223.5,225.5,0.0,609,2395,225.5
2018-01-12,612901,138468225,227.5,224.0,225.5,0.0,562,2395,225.0
2018-01-15,1454117,336072527,233.5,226.5,233.5,8.0,1058,2395,226.5
2018-01-16,638667,149085411,235.0,230.5,235.0,1.5,581,2395,232.0
2018-01-17,655247,153411551,235.0,232.0,235.0,0.0,606,2395,233.0
2018-01-18,992918,235708648,238.5,235.5,238.5,3.5,835,2395,236.5
2018-01-19,453410,107439043,239.0,235.0,237.0,-1.5,421,2395,238.0
2018-01-22,674364,158101540,237.0,231.5,237.0,0.0,574,2395,236.0
2018-01-23,576259,136312865,237.5,235.0,237.0,0.0,508,2395,237.0
2018-01-24,742936,174100664,237.0,233.0,235.0,-2.0,513,2395,237.0
2018-01-25,830677,195467918,236.5,233.5,235.5,0.5,510,2395,235.0
2018-01-26,716771,169324185,238.0,235.5,236.0,0.5,546,2395,236.0
2018-01-29,723975,168026225,238.0,229.0,231.0,-5.0,627,2395,238.0
2018-01-30,586389,134119692,231.0,227.0,228.0,-3.0,506,2395,231.0
2018-01-31,533277,121092156,229.0,225.5,228.0,0.0,406,2395,226.0
2018-02-01,824273,187045647,229.0,225.5,226.5,-1.5,373,2395,227.0
2018-02-02,701515,158663225,227.0,225.5,225.5,-1.0,530,2395,225.5
2018-02-05,678956,152914556,227.0,222.0,226.0,0.5,568,2395,225.0
2018-02-06,1637139,351851607,221.0,209.0,213.0,-13.0,1362,2395,217.0
2018-02-07,1273461,273609383,219.5,212.5,212.5,-0.5,708,2395,215.0
2018-02-08,1083218,235976740,220.0,214.0,219.0,6.5,724,2395,215.5
2018-02-09,1018705,214323895,213.0,208.0,209.5,-9.5,864,2395,212.0
2018-02-12,1281541,265770295,210.5,206.5,207.0,-2.5,760,2395,210.0
2018-02-21,1163838,248375874,216.0,210.5,212.5,5.5,895,2395,213.0
2018-02-22,672344,143177816,215.5,210.0,215.5,3.0,549,2395,210.0
2018-02-23,902313,194203338,216.5,214.0,216.5,1.0,480,2395,214.5
2018-02-26,367065,79380235,218.0,215.0,215.0,-1.5,343,2395,217.0
2018-02-27,569479,123832175,218.0,216.5,217.5,2.5,408,2395,217.5
2018-03-01,739896,159350320,217.5,212.5,215.5,-2.0,493,2395,216.0
2018-03-02,652177,138602298,213.5,211.0,213.5,-2.0,430,2395,212.0
2018-03-05,515006,109500791,216.5,210.5,211.0,-2.5,440,2395,216.5
2018-03-06,291790,62182140,215.0,212.0,212.5,1.5,258,2395,214.0
2018-03-07,566916,122416356,217.0,212.0,216.0,3.5,498,2395,212.0
2018-03-08,795360,171226700,217.0,214.5,215.0,-1.0,567,2395,216.5
2018-03-09,680418,147543378,218.0,215.0,217.5,2.5,547,2395,216.5
2018-03-12,768427,168473867,221.0,218.0,220.0,2.5,536,2395,219.5
2018-03-13,662878,146277160,221.5,220.0,221.5,1.5,489,2395,220.0
2018-03-14,474674,104128530,220.5,218.5,219.5,-2.0,256,2395,220.5
2018-03-15,418005,91219345,219.0,217.0,219.0,-0.5,308,2395,218.5
2018-03-16,1482588,317156420,219.0,212.0,213.5,-5.5,862,2395,219.0
2018-03-19,1424767,303046871,215.0,211.0,211.5,-2.0,725,2395,212.5
2018-03-20,1014349,212576988,210.5,208.5,210.0,-1.5,760,2395,209.0
2018-03-21,710542,150188778,213.0,209.5,212.5,2.5,442,2395,212.0
2018-03-22,687071,145925052,214.0,211.0,212.0,-0.5,469,2395,212.0
2018-03-23,1048725,219625475,210.5,208.0,209.5,-2.5,549,2395,208.5
2018-03-26,448658,94017506,211.0,207.5,209.5,0.0,363,2395,208.0
2018-03-27,493808,104320081,213.0,210.0,210.0,0.5,388,2395,211.5
2018-03-28,530952,111101920,212.0,208.0,209.0,-1.0,440,2395,209.5
2018-03-29,897666,187851023,211.5,208.0,209.0,0.0,565,2395,211.5
2018-03-30,433998,91095080,212.0,209.0,209.0,0.0,246,2395,212.0
2018-03-31,35778,7514658,211.0,209.5,210.0,1.0,36,2395,209.5
2018-04-02,526544,110767510,211.5,210.0,210.0,0.0,406,2395,210.5
2018-04-03,805950,167124324,208.5,206.5,207.0,-3.0,618,2395,208.5
2018-04-09,1406862,291602250,209.5,206.5,207.5,0.5,997,2395,207.0
2018-04-10,766795,158526065,208.5,206.0,206.0,-1.5,593,2395,206.5
2018-04-11,715496,147862072,209.0,205.5,206.0,0.0,558,2395,208.5
2018-04-12,387804,80220232,209.0,205.0,207.0,1.0,350,2395,208.0
2018-04-13,622604,129172632,208.5,206.5,207.0,0.0,379,2395,208.0
2018-04-16,601487,123923283,207.0,205.0,205.0,-2.0,562,2395,206.5
2018-04-17,1823437,367109085,206.0,200.0,201.5,-3.5,1370,2395,205.0
2018-04-18,884195,178706890,203.0,201.5,201.5,0.0,785,2395,202.5
2018-04-19,1402999,285362545,204.0,202.5,203.5,2.0,738,2395,202.5
2018-04-20,1924258,390640124,203.5,202.5,203.0,-0.5,538,2395,203.5
2018-04-23,484019,98824363,206.5,201.5,203.5,0.5,397,2395,203.0
2018-04-24,653535,132840105,204.0,201.5,203.5,0.0,488,2395,203.5
2018-04-25,483999,98305297,207.0,201.0,203.0,-0.5,422,2395,207.0
2018-04-26,400916,81084532,204.0,201.0,201.0,-2.0,286,2395,203.0
2018-04-27,653449,131196749,203.0,200.0,200.5,-0.5,400,2395,201.5
2018-04-30,877888,179667981,207.0,201.0,204.5,4.0,666,2395,201.0
2018-05-02,738470,148979952,204.0,200.0,201.0,-3.5,587,2395,203.0
2018-05-03,1211424,249306120,208.0,201.0,206.5,5.5,882,2395,201.0
2018-05-04,851721,175692384,207.5,204.0,204.0,-2.5,609,2395,205.5
2018-05-07,529202,108499708,205.5,203.5,205.5,1.5,369,2395,204.0
2018-05-08,502738,103514290,207.5,204.5,205.0,-0.5,294,2395,206.5
2018-05-09,308861,63408005,206.0,204.0,205.0,0.0,299,2395,205.5
2018-05-10,310593,64183953,208.0,205.5,206.5,1.5,272,2395,207.0
2018-05-11,246678,51355358,209.0,207.5,208.5,2.0,216,2395,207.5
2018-05-14,449676,94075108,210.0,208.5,208.5,0.0,375,2395,209.5
2018-05-15,446005,91487585,208.5,203.5,205.5,-3.0,376,2395,208.5
2018-05-16,414240,86354036,209.5,205.5,209.5,4.0,317,2395,206.0
2018-05-17,339053,70428439,210.0,206.5,206.5,-3.0,247,2395,210.0
2018-05-18,251903,51987421,208.5,205.0,206.0,-0.5,165,2395,207.0
2018-05-21,393127,81840350,209.5,206.0,209.0,3.0,324,2395,206.0
2018-05-22,466656,97713271,210.5,207.5,208.5,-0.5,414,2395,209.0
2018-05-23,321053,66693995,209.5,206.5,207.5,-1.0,306,2395,209.5
2018-05-24,170643,35480244,208.5,207.0,208.0,0.5,161,2395,208.0
2018-05-25,213895,44458265,209.0,206.5,208.0,0.0,207,2395,207.0
2018-05-28,224683,47036085,210.0,208.5,209.0,1.0,232,2395,209.0
2018-05-29,852456,177713018,210.0,207.5,209.0,0.0,268,2395,210.0
2018-05-30,764264,155948620,206.5,202.5,202.5,-6.5,673,2395,206.5
2018-05-31,1429890,290308950,205.5,202.0,203.0,0.5,642,2395,205.5
2018-06-01,308343,62690315,204.5,202.5,204.5,1.5,259,2395,203.0
2018-06-04,453290,93386592,207.0,205.0,205.5,1.0,359,2395,205.5
2018-06-05,494670,102526050,208.0,206.5,208.0,2.5,399,2395,207.5
2018-06-06,710398,146825386,208.5,205.5,207.0,-1.0,584,2395,206.5
2018-06-07,367401,75835507,208.0,205.5,207.0,0.0,343,2395,207.5
2018-06-08,988997,207951873,211.5,208.5,209.5,2.5,736,2395,209.5
2018-06-11,402802,84320212,211.5,208.0,208.5,-1.0,348,2395,211.0
2018-06-12,794832,165291638,209.0,206.5,207.0,-1.5,225,2395,207.0
2018-06-13,412716,85902568,209.5,207.0,207.0,0.0,314,2395,207.0
2018-06-14,529963,109359878,207.5,205.5,206.0,-1.0,463,2395,206.0
2018-06-15,1160956,239626436,208.0,205.0,206.5,0.5,515,2395,205.5
2018-06-19,1150704,233851580,204.5,202.0,203.5,-3.0,846,2395,204.5
2018-06-20,634078,129383541,205.5,202.0,204.5,1.0,478,2395,204.0
2018-06-21,671287,137269900,206.0,203.5,203.5,-1.0,445,2395,204.5
2018-06-22,378463,76522989,203.5,201.5,202.0,-1.5,284,2395,203.5
2018-06-25,586003,117639601,202.0,200.0,200.5,-1.5,471,2395,202.0
2018-06-26,886236,177103575,201.0,199.0,199.5,-1.0,709,2395,200.0
2018-06-27,844399,167578096,200.0,198.0,198.5,-1.0,681,2395,200.0
2018-06-28,1336978,263322166,199.0,195.5,195.5,-3.0,905,2395,199.0
2018-06-29,1298806,259643185,201.5,198.5,201.0,5.5,802,2395,199.0
2018-07-02,864233,172856000,203.0,198.5,199.0,-2.0,681,2395,201.0
2018-07-03,1388921,271461345,199.5,193.0,194.5,-4.5,975,2395,199.0
2018-07-04,541886,105892064,196.0,194.5,195.0,0.5,247,2395,196.0
2018-07-05,789741,153183378,196.0,193.0,193.0,-2.0,517,2395,196.0
2018-07-06,1901857,368799901,194.5,193.0,193.0,0.0,606,2395,193.5
2018-07-09,1165403,221413076,191.5,187.0,190.0,0.0,533,2395,187.0
2018-07-10,568893,109537849,194.0,191.0,193.0,3.0,425,2395,192.5
2018-07-11,393333,75515376,193.0,191.0,192.0,-1.0,241,2395,193.0
2018-07-12,409197,79499915,195.0,191.5,195.0,3.0,344,2395,192.0
2018-07-13,1278771,249288605,196.0,193.0,195.0,0.0,672,2395,196.0
2018-07-16,399899,78093305,196.5,194.5,195.0,0.0,334,2395,195.5
2018-07-17,946807,185213380,199.5,192.0,197.0,2.0,732,2395,194.0
2018-07-18,662273,132393235,202.0,197.0,202.0,5.0,543,2395,199.0
2018-07-19,513150,101902000,202.0,196.5,199.0,-3.0,430,2395,202.0
2018-07-20,316660,62735180,200.0,197.5,198.0,-1.0,233,2395,199.0
2018-07-23,261454,52246478,201.5,198.5,201.0,3.0,236,2395,200.0
2018-07-24,356323,71819423,202.5,198.0,202.5,1.5,303,2395,200.0
2018-07-25,317272,64264806,203.5,200.0,203.0,0.5,271,2395,202.5
2018-07-26,365262,73450424,203.0,197.5,202.5,-0.5,332,2395,203.0
2018-07-27,307030,62095030,203.0,201.5,202.5,0.0,233,2395,202.0
2018-07-30,747836,148800777,200.5,198.0,199.5,-3.0,475,2395,200.5
2018-07-31,645890,129729834,202.5,198.5,202.5,3.0,471,2395,201.0
2018-08-01,585672,118960416,204.5,201.0,204.5,2.0,447,2395,201.0
2018-08-02,257359,51693659,204.0,200.0,201.0,-3.5,209,2395,204.0
2018-08-03,177749,35694049,201.5,200.5,200.5,-0.5,166,2395,201.0
2018-08-06,190170,38182581,202.5,200.0,200.5,0.0,172,2395,200.0
2018-08-07,223970,44909500,201.0,200.0,200.5,0.0,184,2395,200.5
2018-08-08,447716,91228487,204.5,201.5,204.0,3.5,298,2395,202.0
2018-08-09,135825,27411235,203.0,201.5,201.5,-2.5,127,2395,203.0
2018-08-10,220358,44773847,204.0,201.0,203.5,2.0,175,2395,201.5
2018-08-13,448731,89602828,202.0,198.5,199.0,-4.5,357,2395,201.5
2018-08-14,271855,54111000,200.0,198.0,199.5,0.5,251,2395,198.0
2018-08-15,346866,68602661,200.0,196.0,196.0,-3.5,361,2395,198.5
2018-08-16,406112,80349064,200.0,196.0,197.0,1.0,349,2395,196.5
2018-08-17,190341,37787359,200.0,197.5,197.5,0.5,183,2395,198.0
2018-08-20,429476,85395772,200.5,197.0,197.0,-0.5,412,2395,198.5
2018-08-21,382500,76726500,201.5,199.5,201.5,4.5,338,2395,199.5
2018-08-22,382764,77247944,203.0,200.0,201.5,0.0,357,2395,202.5
2018-08-23,339158,69041648,204.0,202.0,203.5,2.0,326,2395,203.0
2018-08-24,247985,50325440,204.0,200.5,203.5,0.0,234,2395,203.0
2018-08-27,698293,144286944,209.0,204.0,209.0,5.5,603,2395,205.0
2018-08-28,729724,153064671,211.0,206.0,211.0,2.0,621,2395,209.0
2018-08-29,571202,120734920,212.5,209.5,211.0,0.0,487,2395,211.0
2018-08-30,605178,126431202,212.0,207.5,209.0,-2.0,494,2395,212.0
2018-08-31,1093811,228009499,209.0,205.0,209.0,0.0,570,2395,209.0
2018-09-03,283878,58768490,209.5,205.5,206.5,-2.5,263,2395,209.0
2018-09-04,140948,29276184,208.0,206.5,208.0,1.5,110,2395,208.0
2018-09-05,482219,99590718,208.0,205.5,207.0,-1.0,361,2395,208.0
2018-09-06,417508,86343148,208.5,204.0,207.0,0.0,340,2395,204.0
2018-09-07,642451,131454773,206.0,203.0,205.0,-2.0,515,2395,204.0
2018-09-10,932370,195351330,211.0,205.5,210.0,5.0,730,2395,207.0
2018-09-11,1053959,222534890,214.5,209.0,211.0,1.0,848,2395,212.0
2018-09-12,725037,152755786,213.0,206.5,212.0,1.0,528,2395,210.5
2018-09-13,719599,152787790,214.5,210.0,211.0,-1.0,595,2395,212.0
2018-09-14,990183,212329748,216.0,211.5,215.0,4.0,810,2395,211.5
2018-09-17,612458,131658512,215.5,214.0,215.0,0.0,445,2395,215.0
2018-09-18,746414,160768596,216.5,213.5,215.5,0.5,571,2395,214.0
2018-09-19,1823781,393909299,217.0,214.5,216.0,0.5,678,2395,215.5
2018-09-20,1007700,220732100,220.5,215.0,219.0,3.0,772,2395,216.0
2018-09-21,1226829,270483284,222.0,219.0,221.0,2.0,802,2395,220.0
2018-09-25,606563,134214923,222.0,218.5,222.0,1.0,561,2395,219.0
2018-09-26,1098318,248986512,229.0,222.5,227.5,5.5,905,2395,222.5
2018-09-27,1886802,434618866,235.0,225.5,234.5,7.0,1176,2395,225.5
2018-09-28,2520755,576458530,236.0,225.0,227.5,-7.0,1741,2395,236.0
2018-10-01,927552,209398252,229.5,223.5,227.0,-0.5,873,2395,227.0
2018-10-02,906247,201616334,225.0,220.5,222.5,-4.5,773,2395,224.5
2018-10-03,424527,93721467,222.5,220.0,221.0,-1.5,377,2395,221.0
2018-10-04,533094,117009629,220.5,218.0,219.5,-1.5,477,2395,219.0
2018-10-05,1063192,228960562,218.5,212.0,217.0,-2.5,822,2395,218.0
2018-10-08,828491,175861332,217.0,210.0,211.5,-5.5,747,2395,216.5
2018-10-09,1324328,273064229,210.0,205.0,205.5,-6.0,1071,2395,210.0
2018-10-11,1846351,360532647,200.5,186.5,195.0,-10.5,1509,2395,186.5
2018-10-12,1136483,222894600,201.0,190.5,200.0,5.0,1006,2395,190.5
2018-10-15,902334,178789966,200.5,195.0,199.0,-1.0,663,2395,200.0
2018-10-16,1271465,250485775,200.0,195.0,197.0,-2.0,799,2395,199.0
2018-10-17,881810,175929500,201.0,198.0,200.0,3.0,710,2395,198.5
2018-10-18,838166,170726946,205.0,200.0,205.0,5.0,683,2395,200.0
2018-10-19,624148,126993820,204.5,202.5,204.5,-0.5,408,2395,203.5
2018-10-22,409423,84261407,207.5,203.0,207.5,3.0,353,2395,205.0
2018-10-23,620113,127567552,209.0,204.0,205.0,-2.5,549,2395,208.5
2018-10-24,814090,168832810,209.5,204.5,207.5,2.5,729,2395,206.0
2018-10-25,1432825,293881711,207.5,203.0,206.0,-1.5,928,2395,203.0
2018-10-26,666142,136838252,208.5,203.0,206.0,0.0,529,2395,205.0
2018-10-29,849802,178293920,212.0,206.5,211.0,5.0,553,2395,209.0
2018-10-30,951177,197424316,213.5,205.5,207.0,-4.0,827,2395,213.0
2018-10-31,793002,168264924,213.0,210.0,213.0,6.0,591,2395,210.0
2018-11-01,857811,187323487,220.0,213.0,219.0,6.0,706,2395,214.0
2018-11-02,765349,166474054,221.0,215.5,217.5,-1.5,689,2395,220.0
2018-11-05,840390,183837520,221.0,216.0,220.0,2.5,590,2395,216.0
2018-11-06,707132,154697144,221.5,216.0,219.0,-1.0,610,2395,221.0
2018-11-07,1382069,312321594,228.0,219.5,228.0,9.0,965,2395,220.0
2018-11-08,1845276,425371704,233.0,228.0,230.5,2.5,1384,2395,230.0
2018-11-09,509260,116816540,231.0,227.5,231.0,0.5,470,2395,229.5
2018-11-12,576119,132570184,233.0,228.0,229.5,-1.5,475,2395,231.0
2018-11-13,809271,183295517,230.0,220.5,228.5,-1.0,695,2395,220.5
2018-11-14,318384,72500784,230.0,225.0,227.5,-1.0,307,2395,225.0
2018-11-15,390194,89635426,231.0,226.0,231.0,3.5,371,2395,227.5
2018-11-16,506445,116700905,233.0,229.0,230.5,-0.5,452,2395,232.5
2018-11-19,654193,148777326,233.0,225.0,226.0,-4.5,545,2395,233.0
2018-11-20,1346068,296770460,225.0,218.0,222.0,-4.0,1062,2395,225.0
2018-11-21,898626,197367594,220.5,218.0,220.0,-2.0,726,2395,220.0
2018-11-22,795242,175372998,223.5,217.5,219.0,-1.0,676,2395,220.0
2018-11-23,603229,133130651,222.5,217.5,221.0,2.0,525,2395,220.5
2018-11-26,706529,157399938,225.0,218.5,223.0,2.0,625,2395,223.0
2018-11-27,546998,122008554,225.5,219.5,224.0,1.0,508,2395,223.0
2018-11-28,828966,187634690,230.0,222.0,230.0,6.0,670,2395,225.0
2018-11-29,909432,205309913,230.5,224.0,225.5,-4.5,755,2395,230.0
2018-11-30,1366358,316372840,233.5,226.0,233.5,8.0,729,2395,227.0
2018-12-03,1436529,335793199,236.5,230.5,233.0,-0.5,1094,2395,234.0
2018-12-04,854970,198440050,235.0,229.5,232.0,-1.0,654,2395,231.5
2018-12-05,338636,77837644,232.5,226.5,229.5,-2.5,313,2395,230.0
2018-12-06,622019,140209756,231.0,223.0,225.5,-4.0,549,2395,231.0
2018-12-07,599292,137461008,231.0,227.5,230.5,5.0,499,2395,227.5
2018-12-10,513060,114921407,226.5,222.5,223.5,-7.0,452,2395,224.5
2018-12-11,368982,83277932,227.5,223.5,226.0,2.5,295,2395,224.5
2018-12-12,594787,134604288,231.5,225.0,225.5,-0.5,536,2395,231.5
2018-12-13,669612,152305536,229.0,226.5,228.0,2.5,601,2395,228.0
2018-12-14,585747,130059087,226.0,221.0,221.0,-7.0,511,2395,226.0
2018-12-17,580502,128852444,224.0,219.5,223.0,2.0,492,2395,224.0
2018-12-18,286376,64001848,224.0,221.0,224.0,1.0,201,2395,221.0
2018-12-19,573657,128241511,225.0,221.0,224.5,0.5,536,2395,223.0
2018-12-20,776487,172290666,226.0,219.5,219.5,-5.0,656,2395,224.5
2018-12-21,1258082,271660212,218.5,215.0,215.0,-4.5,706,2395,216.0
2018-12-22,80272,17233843,215.0,213.5,215.0,0.0,86,2395,215.0
2018-12-24,362516,77636956,215.0,213.0,214.5,-0.5,312,2395,213.5
2018-12-25,218162,46311668,214.5,210.0,212.0,-2.5,184,2395,214.5
2018-12-26,142433,30004296,213.0,210.0,210.0,-2.0,120,2395,211.5
2018-12-27,304544,64794684,215.5,211.0,214.0,4.0,283,2395,213.0
2018-12-28,559153,117799436,214.0,210.0,210.5,-3.5,419,2395,214.0
2019-01-02,696400,147393800,215.0,210.0,211.0,0.5,505,2395,211.5
2019-01-03,312426,66540090,214.0,211.0,214.0,3.0,270,2395,211.0
2019-01-04,679562,146946454,218.0,211.0,218.0,4.0,547,2395,211.5
2019-01-07,584369,126959254,219.5,215.0,217.0,-1.0,490,2395,219.5
2019-01-08,414781,90302258,220.0,214.5,218.0,1.0,326,2395,217.0
2019-01-09,639120,141715020,224.0,218.0,222.0,4.0,556,2395,220.0
2019-01-10,703300,156197100,224.0,220.0,223.0,1.0,355,2395,222.0
2019-01-11,635277,140864355,223.0,219.5,222.0,-1.0,507,2395,221.5
2019-01-14,398616,86826172,222.0,216.0,216.5,-5.5,371,2395,222.0
2019-01-15,646950,143311922,223.0,216.5,222.0,5.5,467,2395,219.5
2019-01-16,507890,113912912,226.0,222.0,223.5,1.5,434,2395,224.0
2019-01-17,222182,49649222,225.0,222.5,222.5,-1.0,211,2395,225.0
2019-01-18,817881,185557923,229.0,222.0,229.0,6.5,662,2395,223.0
2019-01-21,696160,160071640,231.5,226.0,230.0,1.0,553,2395,230.0
2019-01-22,529141,121072148,230.0,227.0,229.5,-0.5,412,2395,230.0
2019-01-23,307668,70171304,229.5,226.5,228.0,-1.5,282,2395,227.0
2019-01-24,645246,147754834,230.0,226.5,230.0,2.0,502,2395,226.5
2019-01-25,594075,136906659,231.5,227.5,231.0,1.0,398,2395,229.5
2019-01-28,690933,158385157,231.0,227.5,231.0,0.0,548,2395,231.0
2019-01-29,457444,103375344,229.0,224.0,226.0,-5.0,368,2395,229.0
2019-01-30,700376,159776912,229.5,225.5,228.5,2.5,526,2395,227.5
2019-02-11,1354106,309651293,231.0,226.0,226.0,-2.5,895,2395,230.0
2019-02-12,813288,183101652,228.5,224.0,225.0,-1.0,601,2395,226.0
2019-02-13,1444360,320974140,226.5,216.5,225.5,0.5,1098,2395,225.0
2019-02-14,775606,174102850,226.5,222.5,226.5,1.0,638,2395,225.5
2019-02-15,1557344,360821964,234.0,226.5,232.5,6.0,1127,2395,226.5
2019-02-18,1573705,364042292,233.5,228.0,229.5,-3.0,586,2395,233.0
2019-02-19,282672,64425544,231.0,226.5,228.0,-1.5,265,2395,231.0
2019-02-20,888773,204243790,231.5,227.5,230.0,2.0,749,2395,228.0
2019-02-21,964792,222033368,234.0,227.5,230.0,0.0,790,2395,230.0
2019-02-22,1015489,234343459,232.0,228.5,231.0,1.0,778,2395,230.0
2019-02-25,1745820,407968461,236.0,232.0,234.5,3.5,1092,2395,236.0
2019-02-26,1361589,318154537,235.0,232.0,234.5,0.0,744,2395,233.5
2019-02-27,1160267,272101978,235.5,232.0,235.0,0.5,737,2395,235.0
2019-03-04,1748227,409091437,238.0,229.5,232.0,-3.0,1367,2395,235.0
2019-03-05,2270654,544655460,243.0,234.5,241.5,9.5,1678,2395,234.5
2019-03-06,895262,215193380,242.0,238.5,240.0,-1.5,798,2395,239.5
2019-03-07,718815,171059840,241.5,236.0,237.0,-3.0,469,2395,239.5
2019-03-08,593068,142111645,241.5,238.0,238.0,1.0,524,2395,240.0
2019-03-11,551671,132308369,240.5,238.5,240.0,2.0,463,2395,240.5
2019-03-12,684113,163991894,242.0,238.5,238.5,-1.5,555,2395,242.0
2019-03-13,1426132,347719576,246.0,241.5,244.0,5.5,1028,2395,241.5
2019-03-14,1364529,341241943,257.0,246.0,250.0,6.0,1134,2395,250.0
2019-03-15,1593213,399502635,253.5,245.5,251.0,1.0,1006,2395,249.5
2019-03-18,1724507,443205519,260.0,254.5,256.5,5.5,1394,2395,256.0
2019-03-19,602513,154745815,259.0,252.5,256.5,0.0,476,2395,256.0
2019-03-20,1043932,271063956,261.5,254.5,260.0,3.5,828,2395,256.0
2019-03-21,1083896,281771064,261.5,258.5,260.0,0.0,874,2395,260.0
2019-03-22,963317,248796786,260.0,255.5,259.0,-1.0,675,2395,260.0
2019-03-25,823001,210120248,256.5,253.5,256.5,-2.5,647,2395,255.5
2019-03-26,624036,162237288,261.5,258.0,260.0,3.5,519,2395,259.0
2019-03-27,476868,124555680,262.0,258.5,262.0,2.0,459,2395,260.0
2019-03-28,371269,96023992,260.5,257.0,258.5,-3.5,333,2395,259.0
2019-03-29,670926,171361630,259.5,253.5,256.0,-2.5,524,2395,259.5
2019-04-01,977981,247871712,258.5,251.5,254.0,-2.0,669,2395,257.0
2019-04-02,930683,234941433,257.5,251.0,252.0,-2.0,802,2395,254.0
2019-04-03,1129226,280686808,251.5,247.0,248.0,-4.0,810,2395,250.0
2019-04-08,1166605,292623710,252.5,248.5,252.0,4.0,689,2395,252.0
2019-04-09,777039,194096250,250.5,249.0,250.0,-2.0,544,2395,250.0
2019-04-10,457553,114018750,250.0,247.0,250.0,0.0,391,2395,248.5
2019-04-11,679831,169185498,256.0,243.5,248.5,-1.5,598,2395,252.0
2019-04-12,426957,106118379,250.5,246.5,248.5,0.0,348,2395,250.0
2019-04-15,477732,118694415,250.5,247.0,248.0,-0.5,308,2395,250.0
2019-04-16,547261,135366967,250.0,245.5,248.0,0.0,462,2395,249.5
2019-04-17,448483,110833535,250.0,246.0,248.0,0.0,339,2395,247.0
2019-04-18,580577,142607649,249.5,244.0,245.5,-2.5,354,2395,248.5
2019-04-19,326969,79829975,247.5,242.5,242.5,-3.0,334,2395,247.5
2019-04-22,285173,69328039,246.0,242.0,243.0,0.5,280,2395,245.0
2019-04-23,396791,96186213,244.0,240.5,244.0,1.0,365,2395,242.0
2019-04-24,916173,226932731,250.0,246.0,247.5,3.5,679,2395,246.5
2019-04-25,749046,188310062,253.0,247.5,253.0,5.5,615,2395,247.5
2019-04-26,550998,136404504,250.5,246.0,249.0,-4.0,482,2395,250.5
2019-04-29,301271,75172250,251.0,246.5,251.0,2.0,282,2395,249.0
2019-04-30,372929,92913321,251.0,247.0,250.0,-1.0,331,2395,251.0
2019-05-02,749713,186065111,253.0,244.5,247.0,-3.0,662,2395,251.0
2019-05-03,347861,86496667,250.5,247.0,248.5,1.5,307,2395,248.0
2019-05-06,363964,88999216,246.0,243.0,245.0,-3.5,298,2395,245.0
2019-05-07,767839,187762791,247.0,243.5,245.0,0.0,431,2395,247.0
2019-05-08,1524743,383372479,254.5,245.0,253.0,8.0,1169,2395,245.0
2019-05-09,1367876,346130436,254.5,251.5,251.5,-1.5,908,2395,253.0
2019-05-10,1116938,282789438,255.5,248.5,252.0,0.5,882,2395,251.0
2019-05-13,616032,154191436,254.0,246.0,248.0,-4.0,501,2395,252.0
2019-05-14,564845,138980525,250.0,243.0,245.0,-3.0,504,2395,243.5
2019-05-15,833640,207095080,250.5,243.0,247.0,2.0,505,2395,243.0
2019-05-16,472382,116689590,249.0,245.0,247.0,0.0,400,2395,246.0
2019-05-17,1044099,260547453,251.0,245.5,248.5,1.5,896,2395,246.0
2019-05-20,757261,188263445,251.0,246.0,247.0,-1.5,584,2395,250.0
2019-05-21,1164051,283275546,246.5,241.0,244.0,-3.0,984,2395,246.5
2019-05-22,526342,129180606,248.0,243.0,243.0,-1.0,422,2395,244.0
2019-05-23,427496,105157524,248.0,243.0,245.0,2.0,378,2395,245.5
2019-05-24,710326,178017652,254.5,246.0,253.0,8.0,637,2395,246.0
2019-05-27,658481,166520968,255.5,251.0,253.0,0.0,559,2395,255.0
2019-05-28,1831219,463090609,255.0,251.5,252.5,-0.5,475,2395,254.5
2019-05-29,592305,150102011,255.0,252.0,253.0,0.5,521,2395,252.5
2019-05-30,986920,255354860,260.0,253.0,259.0,6.0,905,2395,253.0
2019-05-31,1658257,438440091,269.5,257.5,265.0,6.0,1417,2395,258.5
2019-06-03,923260,239945840,264.5,258.0,258.0,-7.0,822,2395,264.0
2019-06-04,1010774,262479302,261.0,256.5,259.5,1.5,795,2395,256.5
2019-06-05,485866,126064428,263.0,257.5,259.5,0.0,429,2395,261.5
2019-06-06,581897,151003926,261.0,257.0,259.5,0.0,484,2395,259.5
2019-06-10,1405941,371469778,269.5,259.5,260.0,0.5,1206,2395,261.5
2019-06-11,512925,132967800,262.5,256.5,258.0,-2.0,467,2395,258.0
2019-06-12,497097,129221526,262.0,257.5,260.0,2.0,407,2395,258.0
2019-06-13,594407,153715599,264.0,256.0,257.0,-3.0,506,2395,261.0
2019-06-14,607553,157650947,262.0,256.0,259.5,2.5,457,2395,257.0
2019-06-17,508468,132124440,261.5,258.0,259.5,0.0,458,2395,259.5
2019-06-18,402610,103833071,260.5,255.5,257.5,-2.0,355,2395,258.0
2019-06-19,1166148,305106980,264.5,259.5,260.5,3.0,1030,2395,260.5
2019-06-20,837190,219522400,265.0,259.5,259.5,-1.0,685,2395,264.5
2019-06-21,1111033,287843014,263.0,258.0,258.0,-1.5,738,2395,259.5
2019-06-24,483078,126242780,263.0,258.0,261.5,3.5,428,2395,258.0
2019-06-25,370076,97140870,264.0,260.5,263.5,2.0,343,2395,261.5
2019-06-26,704418,186676852,266.0,263.5,264.5,1.0,607,2395,266.0
2019-06-27,1235510,327541640,267.0,262.5,266.0,1.5,937,2395,264.5
2019-06-28,913984,241831612,267.0,263.0,264.0,-2.0,445,2395,267.0
2019-07-01,590338,156088394,268.0,261.5,264.5,0.5,542,2395,267.0
2019-07-02,396009,103405340,265.0,260.0,260.0,-4.5,405,2395,265.0
2019-07-03,219019,56763421,261.5,258.0,260.5,0.5,229,2395,260.0
2019-07-04,414586,108528032,263.0,259.0,263.0,2.5,339,2395,259.0
2019-07-05,332977,86691066,263.5,259.0,260.0,-3.0,299,2395,263.0
2019-07-08,435107,113933141,264.0,259.0,264.0,4.0,390,2395,259.0
2019-07-09,524718,135178599,259.0,257.0,257.0,0.0,399,2395,258.0
2019-07-10,374179,96243182,258.0,256.0,258.0,1.0,314,2395,258.0
2019-07-11,1475348,383870828,262.5,258.0,261.0,3.0,586,2395,259.0
2019-07-12,1500660,390301100,261.5,259.0,260.0,-1.0,337,2395,260.0
2019-07-15,560817,145476603,261.5,258.0,258.5,-1.5,463,2395,261.0
2019-07-16,1013731,263873422,262.0,259.0,260.5,2.0,512,2395,259.5
2019-07-17,1519278,395254780,261.5,259.5,261.5,1.0,509,2395,261.5
2019-07-18,452691,116908969,261.0,257.0,259.0,-2.5,389,2395,259.5
2019-07-19,224068,58316680,261.0,257.0,261.0,2.0,194,2395,259.0
2019-07-22,382836,99964532,262.0,260.0,260.5,-0.5,308,2395,261.5
2019-07-23,924988,246946266,270.0,260.5,269.5,9.0,786,2395,261.0
2019-07-24,972058,260361394,271.5,265.5,266.0,-3.5,765,2395,269.0
2019-07-25,1242744,333219519,271.0,267.0,268.0,2.0,659,2395,268.0
2019-07-26,635473,167358672,266.0,262.0,264.5,-3.5,499,2395,266.0
2019-07-29,947989,248322116,263.5,261.0,261.5,-3.0,632,2395,262.5
2019-07-30,789046,208675598,266.5,261.5,265.0,3.5,624,2395,263.0
2019-07-31,764747,200771584,265.0,260.5,263.0,-2.0,611,2395,263.0
2019-08-01,540193,141689160,263.5,260.0,262.5,-0.5,506,2395,260.0
2019-08-02,529639,137076179,261.0,257.5,258.5,-4.0,495,2395,258.5
2019-08-05,1004370,258310090,260.0,256.0,257.0,-1.5,807,2395,257.5
2019-08-06,1080019,273484815,255.5,250.0,254.5,-2.5,908,2395,252.0
2019-08-07,1212556,312395448,259.5,253.0,258.0,3.5,1066,2395,254.5
2019-08-08,853817,220242786,259.5,257.0,258.0,0.0,655,2395,259.5
2019-08-12,919940,236123140,259.0,255.0,255.5,-2.5,654,2395,255.0
2019-08-13,1562443,409990456,265.0,256.5,261.0,5.5,1167,2395,258.0
2019-08-14,1165104,304658244,264.0,259.5,262.0,1.0,524,2395,260.5
2019-08-15,502669,129831602,260.5,256.5,258.0,-4.0,460,2395,256.5
2019-08-16,1948746,508334206,267.0,255.5,261.5,3.5,1310,2395,258.0
2019-08-19,798028,213118930,269.0,263.0,267.5,6.0,653,2395,265.0
2019-08-20,1604806,438318238,275.0,269.5,275.0,7.5,1223,2395,270.0
2019-08-21,1321879,356479008,275.0,266.0,269.5,-5.5,1000,2395,275.0
2019-08-22,2143091,569502115,272.5,264.5,265.0,-4.5,656,2395,272.5
2019-08-23,495652,132548754,269.5,266.0,267.0,2.0,469,2395,266.5
2019-08-26,338242,88432521,263.5,259.5,261.0,-6.0,318,2395,262.5
2019-08-27,1038941,273505101,266.0,262.5,263.0,2.0,521,2395,265.0
2019-08-28,494773,130832799,266.0,263.0,264.5,1.5,411,2395,263.0
2019-08-29,1249611,335914219,275.0,265.5,265.5,1.0,1030,2395,268.0
2019-08-30,861723,230303095,270.0,265.5,267.0,1.5,658,2395,268.0
2019-09-02,226428,60658059,269.5,266.5,267.5,0.5,231,2395,269.5
2019-09-03,309036,81846504,270.0,263.5,263.5,-4.0,292,2395,270.0
2019-09-04,757787,201726268,268.0,263.5,266.0,2.5,665,2395,266.0
2019-09-05,1610009,432392403,269.5,268.0,269.0,3.0,826,2395,268.5
2019-09-06,590225,160542807,274.0,268.0,274.0,5.0,554,2395,270.0
2019-09-09,135451,36803439,274.0,271.0,271.5,-2.5,131,2395,272.0
2019-09-10,605201,162779464,274.5,268.0,268.5,-3.0,516,2395,272.5
2019-09-11,542553,147417363,273.5,268.5,272.0,3.5,482,2395,269.5
2019-09-12,370564,101089844,274.0,272.0,273.0,1.0,342,2395,274.0
2019-09-16,661032,181423236,277.0,273.0,274.5,1.5,528,2395,275.0
2019-09-17,420056,114690288,274.0,272.0,273.0,-1.5,363,2395,274.0
2019-09-18,661064,180788272,276.5,270.0,274.5,1.5,537,2395,272.5
2019-09-19,1062521,285438170,273.5,266.0,269.5,-5.0,913,2395,273.5
2019-09-20,1020521,277371492,273.0,269.5,272.0,2.5,412,2395,271.5
2019-09-23,229637,62541627,274.0,270.5,272.5,0.5,211,2395,272.0
2019-09-24,562290,154343100,276.5,271.5,276.5,4.0,471,2395,273.5
2019-09-25,487469,133335753,276.0,272.0,272.5,-4.0,279,2395,276.0
2019-09-26,885287,242873518,276.0,272.5,274.5,2.0,292,2395,275.0
2019-09-27,477325,130241236,274.5,271.0,273.0,-1.5,348,2395,274.5
2019-10-01,1071727,302328333,292.0,278.5,281.0,8.0,918,2395,285.0
2019-10-02,555134,154918313,280.5,278.0,279.0,-2.0,414,2395,278.5
2019-10-03,617746,171861634,281.0,274.0,281.0,2.0,570,2395,274.0
2019-10-04,325839,91083081,281.0,279.0,279.5,-1.5,256,2395,279.5
2019-10-07,318038,89040640,281.5,279.0,281.5,2.0,221,2395,279.5
2019-10-08,956529,272779467,290.5,281.5,284.0,2.5,797,2395,287.0
2019-10-09,437663,122506977,285.5,279.0,279.0,-5.0,383,2395,282.0
2019-10-14,601964,168967920,283.5,279.5,279.5,0.5,497,2395,283.5
2019-10-15,492022,138016190,281.5,279.0,281.5,2.0,358,2395,281.0
2019-10-16,632366,179815444,286.0,280.5,285.5,4.0,573,2395,282.0
2019-10-17,425145,121667894,287.5,283.5,287.5,2.0,367,2395,285.5
2019-10-18,267885,76655840,287.5,285.0,285.5,-2.0,222,2395,287.5
2019-10-21,341471,97609764,287.5,285.0,285.5,0.0,211,2395,286.0
2019-10-22,589046,169977248,290.0,286.0,289.5,4.0,443,2395,286.0
2019-10-23,592536,172149868,293.0,286.0,289.5,0.0,556,2395,287.0
2019-10-24,578924,170480156,296.0,290.5,296.0,6.5,541,2395,292.5
2019-10-25,1076931,321350246,304.5,295.0,297.5,1.5,881,2395,298.5
2019-10-28,347886,103270256,299.5,296.0,296.0,-1.5,357,2395,299.5
2019-10-29,308711,91740884,301.0,296.0,296.0,0.0,301,2395,300.0
2019-10-30,391480,116134773,300.0,293.5,299.0,3.0,367,2395,296.0
2019-10-31,726883,218103400,301.5,297.0,301.5,2.5,569,2395,301.0
2019-11-01,439812,133218122,304.5,300.0,303.0,1.5,395,2395,302.0
2019-11-04,1227235,380194723,313.0,306.0,310.5,7.5,1037,2395,306.0
2019-11-05,665295,206738360,313.5,308.5,310.0,-0.5,556,2395,311.0
2019-11-06,745513,230354904,312.0,308.0,308.5,-1.5,572,2395,312.0
2019-11-07,914843,284346987,314.0,307.5,310.0,1.5,738,2395,310.0
2019-11-08,996813,307598278,311.0,305.0,308.5,-1.5,616,2395,310.0
2019-11-11,712832,218586776,308.5,305.0,306.5,-2.0,509,2395,308.0
2019-11-12,1326066,410075328,311.5,307.5,309.0,2.5,551,2395,307.5
2019-11-13,697686,217313429,314.5,308.5,313.5,4.5,475,2395,308.5
2019-11-14,380461,118241637,313.5,309.5,310.5,-3.0,289,2395,313.5
2019-11-15,496300,155603400,315.0,311.5,313.5,3.0,463,2395,312.0
2019-11-18,694408,217082204,313.5,311.5,313.5,0.0,530,2395,312.5
2019-11-19,651070,206035130,318.0,312.5,317.0,3.5,434,2395,312.5
2019-11-20,343440,109340135,320.0,316.5,320.0,3.0,336,2395,318.5
2019-11-21,1312534,408864864,317.5,307.0,310.0,-10.0,984,2395,317.0
2019-11-22,711046,223251990,316.5,310.0,316.0,6.0,627,2395,312.5
2019-11-25,726781,228304234,316.0,312.0,314.0,-2.0,584,2395,314.5
2019-11-26,2978272,925560214,315.0,309.5,309.5,-4.5,918,2395,315.0
2019-11-27,1014898,307310094,307.5,299.5,304.5,-5.0,887,2395,307.0
2019-11-28,366835,111259744,305.5,301.0,301.5,-3.0,357,2395,304.5
2019-11-29,1091686,326510699,301.5,295.5,299.5,-2.0,840,2395,300.5
2019-12-02,465206,139399800,303.0,297.0,300.0,0.5,349,2395,301.0
2019-12-03,374606,112848512,303.0,299.0,302.0,2.0,316,2395,303.0
2019-12-04,610990,183138000,303.5,297.5,302.0,0.0,510,2395,303.5
2019-12-05,750118,226861018,308.0,298.5,300.5,-1.5,656,2395,304.0
2019-12-06,368924,110254852,301.5,297.5,298.0,-2.5,311,2395,300.5
2019-12-09,776891,232007780,300.5,296.0,300.0,2.0,492,2395,300.0
2019-12-10,962527,283565225,300.0,292.5,296.0,-4.0,723,2395,300.0
2019-12-11,357423,106221417,299.0,294.0,298.0,2.0,311,2395,297.0
2019-12-12,532659,159342723,301.0,295.5,297.5,-0.5,469,2395,299.0
2019-12-13,445871,133691929,301.5,298.0,299.5,2.0,405,2395,299.0
2019-12-16,363470,108770000,301.0,298.0,298.0,-1.5,314,2395,298.0
2019-12-17,613324,183001052,300.0,296.0,300.0,2.0,543,2395,296.5
2019-12-18,789677,237511454,302.0,298.0,302.0,2.0,593,2395,301.5
2019-12-19,829890,253384720,317.0,297.5,298.5,-3.5,727,2395,317.0
2019-12-20,776851,234735370,305.5,301.0,301.5,3.0,391,2395,302.5
2019-12-23,391509,120190010,309.5,299.0,308.0,6.5,308,2395,299.0
2019-12-24,156488,47687340,310.0,303.0,303.0,-5.0,173,2395,310.0
2019-12-25,217654,66068470,307.0,301.0,307.0,4.0,233,2395,305.0
2019-12-26,157362,48168087,308.0,304.0,305.0,-2.0,156,2395,308.0
2019-12-27,286717,88592053,310.0,306.5,310.0,5.0,260,2395,308.0
2019-12-30,364854,112094678,309.5,305.0,307.5,-2.5,295,2395,309.5
2019-12-31,320001,97100803,307.0,301.5,302.0,-5.5,291,2395,306.5
2020-01-02,524740,157247500,305.0,298.0,298.5,-3.5,478,2395,303.0
2020-01-03,325058,97768400,302.0,298.5,301.0,2.5,332,2395,301.5
2020-01-06,225214,67319486,301.0,298.0,298.5,-2.5,204,2395,298.0
2020-01-07,352659,106025200,302.0,298.5,300.5,2.0,310,2395,298.5
2020-01-08,355889,106297862,302.5,295.0,299.0,-1.5,288,2395,302.5
2020-01-09,493587,150231239,307.0,302.0,305.0,6.0,443,2395,302.5
2020-01-10,430018,130844430,307.5,303.0,305.0,0.0,356,2395,305.0
2020-01-13,345247,106286195,309.5,305.5,308.5,3.5,339,2395,307.0
2020-01-14,400064,123720212,310.0,307.5,310.0,1.5,326,2395,308.5
2020-01-15,612503,189954676,312.0,306.0,311.0,1.0,527,2395,308.5
2020-01-16,542527,168393127,312.0,308.0,310.5,-0.5,504,2395,309.0
2020-01-17,933739,293954785,318.0,312.0,316.0,5.5,701,2395,312.5
2020-01-20,685049,216010358,318.0,314.0,314.5,-1.5,526,2395,314.5
2020-01-30,1675231,497612721,310.0,288.0,290.0,-24.5,1418,2395,310.0
2020-01-31,794049,233224325,299.0,291.0,291.0,1.0,627,2395,297.0
2020-02-03,834522,247014247,301.5,291.5,295.0,4.0,734,2395,294.0
2020-02-04,869603,262438709,304.0,298.0,303.0,8.0,690,2395,300.0
2020-02-05,393897,119519688,305.0,298.5,304.0,1.0,345,2395,304.0
2020-02-06,556639,170590395,308.0,304.5,306.0,2.0,337,2395,305.5
2020-02-07,741213,226141539,308.5,301.5,305.0,-1.0,657,2395,303.0
2020-02-10,456014,138662742,307.5,301.0,303.0,-2.0,401,2395,303.0
2020-02-11,556427,168335167,304.0,301.0,302.5,-0.5,502,2395,303.0
2020-02-12,550601,170016108,312.0,303.0,309.0,6.5,488,2395,305.0
2020-02-13,660124,204422816,311.0,307.0,311.0,2.0,579,2395,307.0
2020-02-14,400213,124179391,312.0,308.0,309.0,-2.0,347,2395,309.5
2020-02-17,480871,149832510,314.0,306.0,312.0,3.0,436,2395,306.5
2020-02-18,430781,133252610,311.0,308.0,310.0,-2.0,385,2395,309.5
2020-02-19,475311,147655503,314.0,309.0,309.5,-0.5,389,2395,310.0
2020-02-20,393114,121414662,313.5,306.5,306.5,-3.0,364,2395,313.0
2020-02-21,308728,94268173,308.0,303.5,303.5,-3.0,300,2395,305.5
2020-02-24,474761,141119517,301.0,295.0,297.0,-6.5,437,2395,298.0
2020-02-25,353834,105552700,302.0,293.5,299.0,2.0,310,2395,293.5
2020-02-26,1086291,320526136,300.5,292.5,296.0,-3.0,915,2395,293.5
2020-02-27,941148,277733432,298.5,292.5,294.5,-1.5,605,2395,292.5
2020-03-02,2143000,609671340,292.5,280.5,281.0,-13.5,1685,2395,288.0
2020-03-03,988116,283718256,291.0,284.5,291.0,10.0,741,2395,284.5
2020-03-04,725415,213411755,299.0,289.5,297.0,6.0,514,2395,290.0
2020-03-05,622824,186202728,302.0,296.0,296.5,-0.5,542,2395,297.0
2020-03-06,810827,236727138,296.0,290.5,291.5,-5.0,567,2395,296.0
2020-03-09,1569863,449448229,291.0,282.0,282.5,-9.0,1201,2395,290.0
2020-03-10,2232698,609297940,280.5,269.5,275.5,-7.0,1547,2395,280.0
2020-03-11,1709165,482358585,290.0,275.5,277.0,1.5,1111,2395,286.0
2020-03-12,1961065,525835225,275.0,261.0,264.0,-13.0,1545,2395,271.0
2020-03-13,3392788,842381556,266.0,238.0,261.5,-2.5,2406,2395,239.0
2020-03-16,1964887,485485880,263.5,238.0,238.0,-23.5,1600,2395,260.0
2020-03-17,2010245,470912565,240.5,219.0,237.5,-0.5,1535,2395,224.5
2020-03-18,2262074,553208863,250.0,235.0,241.5,4.0,1806,2395,235.0
2020-03-19,1845087,425185459,238.5,225.5,230.0,-11.5,1464,2395,228.5
2020-03-20,2169792,518855080,246.0,226.5,240.5,10.5,1507,2395,226.5
2020-03-23,1546160,365989280,244.5,227.0,234.0,-6.5,1045,2395,227.5
2020-03-24,1761247,429837274,253.0,236.5,242.0,8.0,1327,2395,239.0
2020-03-25,1076413,268319924,253.5,245.5,248.0,6.0,873,2395,245.5
2020-03-26,1288413,333351119,264.5,251.0,257.0,9.0,1099,2395,253.0
2020-03-27,1288359,331464968,271.0,249.5,252.0,-5.0,976,2395,269.5
2020-03-30,827322,203638330,249.0,242.5,246.0,-6.0,628,2395,245.0
2020-03-31,1294106,321420944,251.0,244.0,249.5,3.5,899,2395,247.0
2020-04-01,892269,219777674,249.5,244.0,244.5,-5.0,701,2395,247.5
2020-04-06,1762499,450612243,259.0,250.0,257.0,12.5,1393,2395,253.0
2020-04-07,1462092,378652644,265.0,256.5,259.0,2.0,1308,2395,265.0
2020-04-08,799375,204716000,258.0,253.5,256.0,-3.0,687,2395,254.5
2020-04-09,689258,177784190,260.5,255.0,257.5,1.5,583,2395,256.5
2020-04-10,471371,121237960,259.5,255.0,259.5,2.0,385,2395,257.5
2020-04-13,395244,102657311,262.0,257.0,258.5,-1.0,363,2395,259.0
2020-04-14,884262,233456124,266.0,259.5,265.0,6.5,609,2395,260.5
2020-04-15,733242,195913680,270.0,264.0,267.5,2.5,651,2395,266.0
2020-04-16,984238,264123284,272.0,264.5,266.5,-1.0,809,2395,269.0
2020-04-17,1420117,399513083,291.0,272.0,279.0,12.5,1281,2395,272.0
2020-04-20,929783,260697957,286.0,277.5,278.0,-1.0,838,2395,279.0
2020-04-21,1268949,340068934,277.5,265.0,265.0,-13.0,1135,2395,275.0
2020-04-22,960192,249974380,265.0,257.0,262.0,-3.0,828,2395,260.0
2020-04-23,1286430,339374950,271.5,258.0,263.0,1.0,1131,2395,265.5
2020-04-24,930883,246842700,267.5,261.5,264.5,1.5,797,2395,261.5
2020-04-27,1611614,443356710,280.0,270.0,275.0,10.5,1227,2395,274.0
2020-04-28,679900,187494800,278.0,273.0,277.0,2.0,584,2395,276.0
2020-04-29,709401,197837275,281.0,276.5,279.5,2.5,620,2395,277.0
2020-04-30,918580,258301060,284.0,277.0,284.0,4.5,741,2395,279.0
2020-05-04,1086286,296075150,275.0,269.0,272.5,-11.5,1016,2395,269.0
2020-05-05,357811,98473714,276.5,274.0,274.0,1.5,323,2395,274.5
2020-05-06,423161,115598453,276.0,270.5,272.5,-1.5,364,2395,274.0
2020-05-07,1221791,341513480,283.0,272.0,282.0,9.5,817,2395,272.5
2020-05-08,1553364,450809196,295.0,287.0,291.0,9.0,1215,2395,288.0
2020-05-11,918678,267807455,294.5,289.0,292.0,1.0,758,2395,294.0
2020-05-12,1389663,400137944,292.0,287.0,287.5,-4.5,954,2395,287.5
2020-05-13,754196,217692948,291.0,285.0,288.0,0.5,572,2395,285.0
2020-05-14,443400,125779296,287.5,282.0,283.0,-5.0,411,2395,286.0
2020-05-15,731568,204431176,285.5,276.5,278.0,-5.0,604,2395,285.0
2020-05-18,685830,191541480,282.0,275.0,279.5,1.5,522,2395,275.0
2020-05-19,815050,235294800,291.5,284.5,288.0,8.5,713,2395,291.5
2020-05-20,488940,139844367,290.0,284.0,285.0,-3.0,455,2395,288.0
2020-05-21,401149,114810114,289.0,284.5,287.0,2.0,368,2395,284.5
2020-05-22,702174,196125129,284.5,277.0,277.0,-10.0,647,2395,284.5
2020-05-25,326534,90979851,283.0,272.5,283.0,6.0,308,2395,279.5
2020-05-26,880560,254887615,291.0,284.0,290.0,7.0,780,2395,285.5
2020-05-27,405604,116618064,291.0,285.0,289.0,-1.0,377,2395,288.0
2020-05-28,1392123,408762662,299.0,288.5,294.0,5.0,1206,2395,291.0
2020-05-29,1142777,337577823,300.0,289.0,297.0,3.0,584,2395,300.0
2020-06-01,861838,256557710,301.5,294.0,294.0,-3.0,793,2395,300.0
2020-06-02,564650,166422600,298.0,292.0,294.0,0.0,497,2395,294.5
2020-06-03,863764,255788644,299.5,293.0,296.5,2.5,802,2395,298.0
2020-06-04,914517,272070566,299.5,295.5,298.0,1.5,786,2395,296.5
2020-06-05,622011,183694228,298.0,294.0,294.5,-3.5,534,2395,297.0
2020-06-08,743067,219345765,298.0,292.5,297.0,2.5,703,2395,295.5
2020-06-09,500036,147362620,297.0,293.0,295.0,-2.0,445,2395,297.0
2020-06-10,732384,215531853,296.0,293.0,294.0,-1.0,645,2395,294.0
2020-06-11,548872,162106427,298.5,292.5,294.0,0.0,475,2395,295.5
2020-06-12,581931,169162421,292.5,289.0,290.0,-4.0,521,2395,291.0
2020-06-15,651436,190328898,295.5,289.5,292.0,2.0,498,2395,290.5
2020-06-16,711367,212427672,300.5,293.0,297.5,5.5,594,2395,294.0
2020-06-17,623475,185334625,299.0,295.5,296.5,-1.0,483,2395,295.5
2020-06-18,293193,87250104,299.0,295.5,298.5,2.0,273,2395,298.5
2020-06-19,1260156,373668864,300.0,295.5,295.5,-3.0,671,2395,297.0
2020-06-22,194993,58149407,299.5,296.0,298.0,2.5,186,2395,296.0
2020-06-23,523323,155351785,300.5,295.0,295.0,-3.0,434,2395,299.5
2020-06-24,520549,153505178,298.0,294.0,294.0,-1.0,385,2395,296.0
2020-06-29,1307003,378888382,294.5,285.5,293.0,-1.0,1029,2395,294.0
2020-06-30,612156,180556488,297.0,291.5,295.5,2.5,404,2395,294.5
2020-07-01,669046,200285800,301.5,294.5,300.0,4.5,568,2395,294.5
2020-07-02,611653,184404178,305.0,298.5,303.0,3.0,484,2395,298.5
2020-07-03,2309121,735286160,326.0,310.0,315.5,12.5,1885,2395,310.0
2020-07-06,1500074,485563198,328.5,316.0,328.0,12.5,1174,2395,320.0
2020-07-07,1689910,561253840,344.0,324.0,326.0,-2.0,1388,2395,340.0
2020-07-08,1033402,335593880,326.0,323.0,325.5,-0.5,554,2395,324.5
2020-07-09,538179,177040113,333.5,326.0,328.0,2.5,461,2395,326.0
2020-07-10,1107869,359335358,328.5,321.5,321.5,-6.5,675,2395,327.5
2020-07-13,616736,199664647,325.5,322.0,323.5,2.0,478,2395,322.0
2020-07-14,204547,65684181,322.5,320.0,321.0,-2.5,196,2395,320.0
2020-07-15,795887,258925257,328.5,315.5,327.5,6.5,641,2395,321.5
2020-07-16,462092,150131808,332.0,322.0,323.0,-4.5,440,2395,331.0
2020-07-17,523381,169455249,326.0,320.0,325.5,2.5,491,2395,320.0
2020-07-20,285656,93443168,329.0,323.5,329.0,3.5,299,2395,327.0
2020-07-21,1823514,614229662,344.5,327.0,333.0,4.0,1603,2395,327.5
2020-07-22,805925,270954650,341.0,331.5,335.0,2.0,688,2395,333.0
2020-07-23,902588,300568892,339.5,330.0,333.5,-1.5,744,2395,339.5
2020-07-24,804784,265479504,332.5,328.0,328.5,-5.0,718,2395,329.5
2020-07-27,815120,268575407,332.0,326.5,328.0,-0.5,723,2395,328.0
2020-07-28,941542,308145108,332.0,325.0,326.0,-2.0,811,2395,326.5
2020-07-29,691944,227164744,332.0,325.5,327.5,1.5,573,2395,325.5
2020-07-30,2168192,743233512,346.5,337.0,345.5,18.0,1575,2395,337.0
2020-07-31,2445847,758347417,314.5,305.0,309.0,0.0,1554,2395,307.0
2020-08-03,2196251,675830061,312.0,305.5,307.0,-2.0,1177,2395,309.0
2020-08-04,555802,172058328,313.0,306.0,310.0,3.0,438,2395,309.5
2020-08-05,483687,149797496,314.0,308.0,310.0,0.0,474,2395,314.0
2020-08-06,1995264,600404660,307.5,296.0,300.5,-9.5,1705,2395,307.0
2020-08-07,1259907,377472321,302.0,296.5,300.0,-0.5,928,2395,296.5
2020-08-10,1047911,314616246,301.5,298.5,300.0,0.0,936,2395,300.5
2020-08-11,966135,292345905,307.0,299.0,302.0,2.0,719,2395,299.0
2020-08-12,1088417,330450353,306.0,300.5,303.0,1.0,777,2395,304.0
2020-08-13,665606,202472128,308.5,301.0,301.5,-1.5,533,2395,306.5
2020-08-14,994935,302254730,307.5,301.5,301.5,0.0,572,2395,307.5
2020-08-17,495302,151909355,308.0,303.0,307.5,6.0,466,2395,304.5
2020-08-18,1301204,405244748,315.0,306.0,312.0,4.5,902,2395,307.5
2020-08-19,737190,230756748,317.0,306.0,312.5,0.5,615,2395,306.5
2020-08-20,1759443,542831830,313.5,304.5,306.5,-6.0,1088,2395,311.5
2020-08-21,641399,197885791,310.0,305.0,308.0,1.5,584,2395,309.5
2020-08-24,685364,214185107,315.0,307.0,311.5,3.5,590,2395,307.0
2020-08-25,891376,282176208,319.5,310.5,316.0,4.5,666,2395,310.5
2020-08-26,434429,135820777,317.5,311.0,312.0,-4.0,411,2395,316.0
2020-08-27,406324,125742236,314.0,307.5,309.0,-3.0,370,2395,312.5
2020-08-28,773707,240887019,314.5,306.5,311.0,2.0,685,2395,308.0
2020-08-31,811373,248813757,315.5,303.5,303.5,-7.5,443,2395,315.5
2020-09-01,1201988,362565854,306.0,300.5,301.5,-2.0,416,2395,305.0
2020-09-02,445996,135319779,307.5,300.5,303.5,2.0,387,2395,302.5
2020-09-03,446055,136097690,309.5,301.5,301.5,-2.0,400,2395,305.0
2020-09-04,666395,199888185,303.5,297.0,299.5,-2.0,549,2395,300.0
2020-09-07,592816,175315658,302.0,293.0,293.0,-6.5,510,2395,302.0
2020-09-08,386522,113171468,295.5,288.5,294.0,1.0,467,2395,292.0
2020-09-09,842972,238655892,289.5,281.0,283.0,-11.0,808,2395,289.5
2020-09-10,460869,132823772,290.5,286.0,289.0,6.0,499,2395,286.0
2020-09-11,379864,107628876,288.0,282.5,282.5,-6.5,366,2395,288.0
2020-09-14,650192,187396796,291.5,284.5,288.0,5.5,610,2395,285.5
2020-09-15,473482,136429352,290.0,285.5,287.5,-0.5,503,2395,287.0
2020-09-16,1106760,318615380,290.5,285.0,287.5,0.0,871,2395,288.0
2020-09-17,1252272,366277777,297.0,287.5,291.5,4.0,1090,2395,287.5
2020-09-18,1020989,299822250,295.5,291.5,294.0,2.5,659,2395,294.0
2020-09-21,345361,100693912,294.5,290.0,292.0,-2.0,342,2395,294.0
2020-09-22,442594,128119072,291.5,287.0,288.0,-4.0,353,2395,290.5
2020-09-23,586985,168759666,289.5,286.0,288.5,0.5,404,2395,288.0
2020-09-24,1099247,308982654,284.5,280.0,280.0,-8.5,913,2395,282.0
2020-09-25,831770,230887830,282.5,274.0,279.0,-1.0,727,2395,279.0
2020-09-28,388314,110056014,284.5,281.0,283.5,4.5,351,2395,282.0
2020-09-29,453496,129150609,287.0,282.0,284.5,1.0,285,2395,285.0
2020-09-30,1071660,311664050,294.5,286.0,291.0,6.5,682,2395,287.0
2020-10-05,689273,199188351,297.0,285.0,286.5,-4.5,646,2395,297.0
2020-10-06,671087,197243078,296.0,291.0,294.0,7.5,597,2395,292.0
2020-10-07,612716,179700424,295.5,290.5,294.0,0.0,491,2395,294.0
2020-10-08,441169,130044097,296.0,291.5,295.5,1.5,393,2395,294.5
2020-10-12,1131159,338508018,304.0,293.5,304.0,8.5,953,2395,295.0
2020-10-13,1013567,300447399,303.0,291.5,299.5,-4.5,935,2395,301.0
2020-10-14,1291180,387914424,304.0,295.5,299.5,0.0,955,2395,299.5
2020-10-15,646305,192296975,300.5,295.0,296.5,-3.0,587,2395,296.5
2020-10-16,876094,263443874,303.0,297.0,300.0,3.5,678,2395,297.0
2020-10-19,777981,236515300,306.0,301.0,302.0,2.0,659,2395,301.0
2020-10-20,997901,295156196,301.0,294.5,295.5,-6.5,894,2395,301.0
2020-10-21,678558,201311668,299.0,293.5,295.5,0.0,624,2395,295.5
2020-10-22,331292,97578198,297.5,292.5,293.0,-2.5,279,2395,292.5
2020-10-23,487505,144160980,298.0,292.5,295.0,2.0,383,2395,297.5
2020-10-26,573056,171068584,301.0,295.0,297.0,2.0,569,2395,295.0
2020-10-27,653352,193308410,298.0,293.0,295.5,-1.5,462,2395,293.0
2020-10-28,618880,182641049,297.0,294.0,296.0,0.5,555,2395,295.0
2020-10-29,484457,140737800,294.0,289.0,289.0,-7.0,451,2395,292.5
2020-10-30,597617,172721213,291.0,286.0,289.0,0.0,506,2395,289.0
2020-11-02,824821,235328430,290.0,282.0,286.0,-3.0,778,2395,286.5
2020-11-03,693536,202864358,295.0,287.5,292.5,6.5,634,2395,288.5
2020-11-04,252851,74025948,295.5,289.5,293.0,0.5,256,2395,293.0
2020-11-05,738356,212935608,291.5,285.5,288.0,-5.0,688,2395,291.5
2020-11-06,707884,203728496,291.0,286.5,287.5,-0.5,589,2395,291.0
2020-11-09,1421681,417480205,302.0,287.0,295.0,7.5,1247,2395,287.5
2020-11-10,842017,248411879,298.5,291.0,295.5,0.5,674,2395,291.0
2020-11-11,1158239,346414878,301.0,294.5,299.0,3.5,941,2395,297.5
2020-11-12,925305,275310938,301.0,295.0,296.0,-3.0,516,2395,299.5
2020-11-13,372419,109459471,296.5,292.0,294.5,-1.5,357,2395,294.0
2020-11-16,1340465,408105843,307.5,297.5,307.5,13.0,1248,2395,299.5
2020-11-17,883267,272689712,312.0,306.5,308.5,1.0,809,2395,307.5
2020-11-18,1155446,361213074,315.0,307.5,314.5,6.0,1138,2395,310.0
2020-11-19,1045711,329458371,318.0,312.0,315.0,0.5,870,2395,315.0
2020-11-20,901828,284942059,318.5,312.5,317.0,2.0,792,2395,313.5
2020-11-23,1272871,406208376,322.0,316.0,320.0,3.0,1086,2395,318.0
2020-11-24,477199,151316443,318.5,315.5,317.0,-3.0,518,2395,318.0
2020-11-25,1210331,376335673,317.0,306.5,308.0,-9.0,1033,2395,317.0
2020-11-26,1161789,355464845,309.5,303.0,308.0,0.0,920,2395,309.0
2020-11-27,881556,272810602,313.5,306.0,311.0,3.0,802,2395,306.0
2020-11-30,2314604,710834076,314.0,303.0,307.0,-4.0,861,2395,313.0
2020-12-01,604876,186513505,310.5,304.5,310.0,3.0,541,2395,305.0
2020-12-02,707234,218166036,312.0,307.0,307.5,-2.5,531,2395,312.0
2020-12-03,791480,243463873,309.5,305.5,308.0,0.5,708,2395,305.5
2020-12-04,1375813,434388648,319.5,311.5,315.0,7.0,1086,2395,312.0
2020-12-07,582792,183993843,318.0,312.5,315.5,0.5,546,2395,317.5
2020-12-08,542095,169455457,315.0,311.0,313.0,-2.5,545,2395,313.5
2020-12-09,483924,152422284,316.0,311.5,315.0,2.0,409,2395,313.0
2020-12-10,709924,223456319,317.5,311.5,315.0,0.0,658,2395,312.5
2020-12-11,821176,259278757,317.5,314.5,315.5,0.5,699,2395,314.5
2020-12-14,2441494,790581238,336.0,316.5,318.5,3.0,1677,2395,319.5
2020-12-15,1292580,409514916,322.5,313.0,315.0,-3.5,802,2395,318.0
2020-12-16,1887742,615749686,333.5,318.0,330.0,15.0,1386,2395,319.0
2020-12-17,1476972,486855730,333.0,325.0,329.5,-0.5,1215,2395,328.0
2020-12-18,3398657,1172557489,350.0,335.0,350.0,20.5,2272,2395,337.0
2020-12-21,1482173,498018133,344.5,329.5,337.0,-13.0,1190,2395,344.5
2020-12-22,923533,313587631,342.0,332.5,340.0,3.0,800,2395,332.5
2020-12-23,531285,176512798,340.0,330.0,330.0,-10.0,569,2395,340.0
2020-12-24,386948,129066387,337.5,330.0,332.5,2.5,390,2395,330.0
2020-12-25,226655,74896354,335.0,326.0,328.5,-4.0,243,2395,334.5
2020-12-28,502896,168518220,337.5,328.0,335.0,6.5,487,2395,328.5
2020-12-29,365399,123942062,341.5,334.5,341.0,6.0,403,2395,338.0
2020-12-30,902874,312025131,351.0,336.5,349.0,8.0,879,2395,338.5
2020-12-31,812071,285233319,360.0,345.0,350.0,1.0,676,2395,349.5
2021-01-04,1085894,379571866,354.0,344.5,349.0,-1.0,952,2395,345.0
2021-01-05,1383513,473801309,349.5,339.0,343.5,-5.5,1085,2395,349.0
2021-01-06,752054,255754974,343.5,337.0,339.0,-4.5,701,2395,337.5
2021-01-07,1680975,580232782,349.5,339.5,344.5,5.5,927,2395,343.0
2021-01-08,2260635,767280811,344.0,336.0,340.0,-4.5,1380,2395,339.5
2021-01-11,1307058,456045826,352.5,340.0,352.5,12.5,1019,2395,343.0
2021-01-12,2446281,883012737,370.0,351.5,363.5,11.0,1881,2395,354.0
2021-01-13,1800841,663914715,373.0,366.0,368.5,5.0,1340,2395,369.0
2021-01-14,1548535,559767116,367.0,357.0,367.0,-1.5,1217,2395,367.0
2021-01-15,2056951,748657327,371.0,361.5,361.5,-5.5,855,2395,363.5
2021-01-18,2188484,805031735,370.0,361.5,369.5,8.0,810,2395,361.5
2021-01-19,2507225,976482624,396.0,372.0,393.0,23.5,1558,2395,374.5
2021-01-20,1969200,743910794,384.5,372.0,374.0,-19.0,1683,2395,384.5
2021-01-21,2658503,982596122,382.0,356.0,370.0,-4.0,2001,2395,370.0
2021-01-22,2259294,796495005,365.5,346.0,346.0,-24.0,2214,2395,365.0
2021-01-25,1316167,460666430,354.0,345.0,350.0,4.0,1154,2395,347.0
2021-01-26,1227307,428324913,355.0,343.0,348.5,-1.5,1025,2395,350.0
2021-01-27,1284710,453894955,360.0,352.5,354.5,6.0,960,2395,356.0
2021-01-28,1814238,633931828,354.5,346.5,350.5,-4.0,895,2395,351.0
2021-01-29,1780366,618046806,355.0,344.0,346.0,-4.5,1207,2395,345.5
2021-02-01,878089,303809690,352.0,343.0,346.0,0.0,628,2395,346.5
2021-02-02,1306840,460428373,357.0,345.0,352.0,6.0,805,2395,350.0
2021-02-03,1706620,600421789,355.0,348.0,354.0,2.0,666,2395,355.0
2021-02-04,816907,289301997,357.0,346.5,354.5,0.5,767,2395,349.0
2021-02-05,500055,175585475,356.0,349.0,349.5,-5.0,477,2395,352.0
2021-02-17,2425985,888870876,373.5,352.5,371.0,21.5,1804,2395,365.0
2021-02-18,739619,271798148,371.5,365.0,370.0,-1.0,598,2395,365.5
2021-02-19,1081916,400058109,379.0,367.0,368.5,-1.5,984,2395,367.5
2021-02-22,1030850,385196258,382.0,369.5,370.0,1.5,905,2395,374.5
2021-02-23,833663,310829522,377.0,368.0,372.0,2.0,696,2395,372.0
2021-02-24,1699647,629125734,376.5,360.5,368.5,-3.5,904,2395,375.0
2021-02-25,1484641,552779626,375.0,367.0,373.5,5.0,959,2395,369.0
2021-02-26,2906801,1059089399,373.5,361.5,362.5,-11.0,1912,2395,372.0
2021-03-02,2037266,756266592,378.0,366.0,367.0,4.5,1618,2395,370.0
2021-03-03,2025889,756843723,377.0,370.5,376.5,9.5,1078,2395,374.0
2021-03-04,1938950,712331299,373.0,365.0,367.0,-9.5,1098,2395,373.0
2021-03-05,1347576,491558963,370.5,355.5,365.5,-1.5,1002,2395,356.5
2021-03-08,1922773,706614227,377.0,358.5,362.5,-3.0,1229,2395,370.5
2021-03-09,2161042,801695878,377.0,363.5,369.0,6.5,1599,2395,363.5
2021-03-10,798021,296194537,379.5,364.0,366.0,-3.0,699,2395,371.5
2021-03-11,2460638,873413121,365.5,350.0,354.0,-12.0,2381,2395,363.0
2021-03-12,1048074,368706841,354.0,350.0,350.5,-3.5,989,2395,353.0
2021-03-15,709014,249939737,355.0,350.5,354.0,3.5,618,2395,350.5
2021-03-16,1172698,419849124,362.0,354.0,356.5,2.5,979,2395,356.0
2021-03-17,1009103,358262355,360.0,351.0,354.0,-2.5,1028,2395,356.0
2021-03-18,651602,233399188,360.0,355.0,357.5,3.5,606,2395,357.5
2021-03-19,1943140,682327286,354.0,348.0,352.5,-5.0,1073,2395,352.0
2021-03-22,424072,149863832,355.5,351.0,354.0,1.5,435,2395,352.0
2021-03-23,494736,173974993,354.0,350.5,352.0,-2.0,460,2395,352.0
2021-03-24,484316,170280571,354.0,349.0,353.0,1.0,489,2395,352.0
2021-03-25,650220,230988935,359.0,352.0,354.5,1.5,573,2395,352.0
2021-03-26,794292,281648341,358.0,352.5,354.5,0.0,693,2395,353.5
2021-03-29,790375,281089853,357.0,353.0,356.5,2.0,641,2395,353.0
2021-03-30,828288,297703112,363.0,356.5,359.5,3.0,770,2395,359.5
2021-03-31,852901,303383403,362.0,353.0,354.0,-5.5,613,2395,362.0
2021-04-01,392745,139471184,358.5,352.5,353.5,-0.5,388,2395,357.0
2021-04-06,1164887,421791872,365.0,358.0,362.5,9.0,1057,2395,358.0
2021-04-07,917027,325690474,362.0,352.0,356.0,-6.5,890,2395,361.0
2021-04-08,407309,144769704,357.0,354.0,355.5,-0.5,619,2395,354.0
2021-04-09,962507,347876814,365.0,357.5,361.0,5.5,771,2395,357.5
2021-04-12,1021836,362525069,359.0,353.5,354.5,-6.5,541,2395,356.5
2021-04-13,750965,266699323,358.0,352.0,353.5,-1.0,698,2395,356.5
2021-04-14,1075074,379255255,356.0,349.0,353.0,-0.5,972,2395,353.0
2021-04-15,598120,211201494,356.5,351.0,353.5,0.5,571,2395,356.5
2021-04-16,674398,239101708,356.5,352.0,355.0,1.5,547,2395,353.5
2021-04-19,707818,253113076,360.5,354.0,357.5,2.5,680,2395,355.0
2021-04-20,939334,338082046,364.0,356.5,360.0,2.5,821,2395,361.0
2021-04-21,953752,337099039,357.5,351.0,352.5,-7.5,896,2395,355.5
2021-04-22,783318,276151203,355.5,350.0,351.0,-1.5,652,2395,355.5
2021-04-23,646753,226691547,352.5,349.0,351.0,0.0,620,2395,352.0
2021-04-26,984483,346391273,355.0,348.0,352.0,1.0,917,2395,353.5
2021-04-27,704621,248327379,355.0,350.0,354.0,2.0,637,2395,353.0
2021-04-28,458954,161924709,354.0,351.0,354.0,0.0,454,2395,354.0
2021-04-29,752444,267786577,358.0,350.5,356.0,2.0,659,2395,350.5
2021-05-03,855389,306710648,361.0,355.0,358.5,2.5,781,2395,355.0
2021-05-04,1114634,391886890,360.0,345.0,348.0,-10.5,1036,2395,360.0
2021-05-05,657096,227128765,353.5,340.0,343.0,-5.0,735,2395,350.0
2021-05-06,1063681,363000600,348.0,336.0,344.0,1.0,914,2395,348.0
2021-05-07,1861651,648009503,352.0,343.5,348.0,4.0,1180,2395,346.5
2021-05-10,1051060,364262620,351.0,344.5,346.5,-1.5,529,2395,350.0
2021-05-11,1365503,455261607,350.0,326.5,326.5,-20.0,1175,2395,350.0
2021-05-12,2431251,785114106,338.0,303.5,318.5,-8.0,1829,2395,320.0
2021-05-13,1961738,621726500,325.0,311.0,312.0,-6.5,1672,2395,323.0
2021-05-14,1591956,511282287,325.0,311.5,324.5,12.5,1108,2395,311.5
2021-05-17,1050180,336730580,325.5,314.0,322.5,-2.0,877,2395,325.0
2021-05-18,2098204,683531112,330.0,318.5,327.5,5.0,861,2395,321.5
2021-05-19,1569422,508369983,328.0,321.0,322.5,-5.0,742,2395,322.0
2021-05-20,1415960,457283452,325.5,316.5,322.5,0.0,1032,2395,322.5
2021-05-21,1075457,345435374,327.0,317.5,319.0,-3.5,1023,2395,320.5
2021-05-24,817424,260750347,322.5,313.0,320.0,1.0,736,2395,316.0
2021-05-25,2001730,643450697,326.0,316.0,323.0,3.0,1295,2395,317.5
2021-05-26,794464,257018363,327.5,320.0,325.5,2.5,698,2395,320.5
2021-05-27,3691776,1199377618,331.0,315.5,325.0,-0.5,1469,2395,320.0
2021-05-28,821857,268138986,329.5,324.0,326.5,1.5,748,2395,326.5
2021-05-31,901077,296598222,332.0,327.0,329.5,3.0,782,2395,327.5
2021-06-01,648609,211080342,330.5,323.0,323.0,-6.5,679,2395,329.0
2021-06-02,1284368,415222267,327.0,320.0,324.0,1.0,1087,2395,324.5
2021-06-03,1337841,430607917,326.5,320.0,320.0,-4.0,1144,2395,323.5
2021-06-04,1045176,338837860,328.0,316.0,324.5,4.5,773,2395,316.0
2021-06-07,453601,146560481,326.5,319.0,324.5,0.0,454,2395,324.0
2021-06-08,580917,189277156,328.5,324.0,326.5,2.0,511,2395,326.5
2021-06-09,588334,192144410,328.5,324.0,326.5,0.0,455,2395,326.5
2021-06-10,1056856,346817313,330.5,325.0,325.5,-1.0,944,2395,326.0
2021-06-11,301698,98386334,328.5,325.0,325.5,0.0,305,2395,325.5
2021-06-15,1174015,385763867,335.0,323.0,326.0,0.5,975,2395,326.0
2021-06-16,978342,320742320,331.0,324.5,329.0,3.0,656,2395,324.5
2021-06-17,1022958,338796812,334.5,325.5,334.5,5.5,710,2395,325.5
2021-06-18,2265122,763609705,341.0,328.0,338.5,4.0,1436,2395,331.0
2021-06-21,1006183,333455589,340.0,326.5,332.0,-6.5,864,2395,340.0
2021-06-22,729566,240879660,337.5,327.5,327.5,-4.5,618,2395,337.5
2021-06-23,1248811,423236132,343.5,329.0,341.5,14.0,1089,2395,332.0
2021-06-24,1149098,394427705,346.5,338.0,343.0,1.5,984,2395,341.5
2021-06-25,684883,233149462,346.5,338.5,338.5,-4.5,649,2395,341.0
2021-06-28,492466,166573145,342.5,336.0,338.0,-0.5,496,2395,338.5
2021-06-29,1431990,492880564,349.5,336.5,344.5,6.5,1150,2395,345.0
2021-06-30,1247069,431849021,351.5,342.0,345.0,0.5,1027,2395,342.0
2021-07-01,518028,175856273,346.0,334.0,334.0,-11.0,479,2395,343.0
2021-07-02,1065241,351965437,334.5,328.0,328.0,-6.0,866,2395,330.5
2021-07-05,1054586,358419857,342.0,332.5,341.0,13.0,912,2395,332.5
2021-07-06,955103,327370101,347.0,339.0,343.0,2.0,887,2395,340.0
2021-07-07,741854,255990261,347.5,338.5,347.0,4.0,589,2395,341.0
2021-07-08,1133272,389680856,347.5,338.0,344.5,0.0,867,2395,340.0
2021-07-09,1183879,408075600,349.0,337.5,348.0,3.5,947,2395,340.0
2021-07-12,982135,342601451,353.0,343.0,349.5,1.5,820,2395,350.0
2021-07-13,2004642,732371545,372.0,355.0,370.0,20.5,1823,2395,360.0
2021-07-14,770760,279835230,366.5,358.0,366.5,-3.5,738,2395,363.0
2021-07-15,763694,275998806,369.5,359.0,360.0,-6.5,659,2395,369.5
2021-07-16,783826,283902760,366.0,355.0,365.0,5.0,690,2395,355.5
2021-07-19,759093,273929324,365.0,355.0,364.0,-1.0,626,2395,356.0
2021-07-20,452989,163006701,362.5,356.5,357.0,-7.0,306,2395,359.0
2021-07-21,1160605,420601804,370.0,354.0,369.0,12.0,723,2395,354.0
2021-07-22,1271534,470108456,373.0,362.0,370.0,1.0,1139,2395,364.0
2021-07-23,333167,123132478,373.0,365.5,367.0,-3.0,381,2395,370.0
2021-07-26,679758,252725840,375.0,364.5,374.5,7.5,649,2395,364.5
2021-07-27,658845,244894414,374.5,370.0,370.5,-4.0,459,2395,374.5
2021-07-28,600827,217137472,372.0,357.5,360.0,-10.5,608,2395,370.5
2021-07-29,577385,210729784,370.0,362.5,363.5,3.5,383,2395,366.0
2021-07-30,745264,272558290,375.0,360.5,364.0,0.5,603,2395,375.0
2021-08-02,1387484,499749393,370.0,354.5,362.0,-2.0,1026,2395,357.0
2021-08-03,1054466,379594944,366.5,356.0,359.5,-2.5,862,2395,359.5
2021-08-04,507469,184687931,368.0,362.0,363.0,3.5,416,2395,365.5
2021-08-05,1344280,493368674,374.5,362.0,366.0,3.0,1237,2395,374.5
2021-08-06,1165886,423581256,370.5,356.5,365.5,-0.5,961,2395,362.5
2021-08-09,1782154,640730717,370.0,350.5,370.0,4.5,1081,2395,360.5
2021-08-10,756548,274649458,368.5,357.5,357.5,-12.5,568,2395,368.5
2021-08-11,592382,214346910,365.0,357.5,362.5,5.0,526,2395,358.0
2021-08-12,845984,304130629,366.0,357.0,357.0,-5.5,727,2395,360.5
2021-08-13,655498,233475306,358.5,353.5,356.0,-1.0,615,2395,357.0
2021-08-16,1001558,353307445,360.5,347.5,350.0,-6.0,648,2395,351.0
2021-08-17,658598,234385471,358.0,351.5,355.5,5.5,525,2395,351.5
2021-08-18,684915,246882907,364.5,357.0,364.5,9.0,624,2395,358.0
2021-08-19,828995,299666413,366.0,356.5,362.0,-2.5,764,2395,364.5
2021-08-20,904035,331126386,373.0,363.0,365.0,3.0,508,2395,366.0
2021-08-23,618334,229025674,372.5,365.0,370.0,5.0,555,2395,365.0
2021-08-24,288278,107304510,374.0,370.0,372.0,2.0,339,2395,371.0
2021-08-25,461092,172454349,375.5,373.0,374.5,2.5,461,2395,375.0
2021-08-26,648342,237991915,370.0,362.5,370.0,-4.5,624,2395,370.0
2021-08-27,593814,220294632,375.0,365.5,375.0,5.0,646,2395,365.5
2021-08-30,1041093,395881577,385.0,372.0,385.0,10.0,1109,2395,372.0
2021-08-31,1049265,402465254,386.0,375.0,386.0,1.0,725,2395,381.0
2021-09-01,825372,317262190,387.0,381.0,384.0,-2.0,734,2395,381.0
2021-09-02,827661,320368432,389.0,384.0,385.0,1.0,802,2395,387.5
2021-09-03,958121,368684735,387.0,381.0,386.0,1.0,688,2395,384.0
2021-09-06,526225,203493826,389.0,382.5,385.0,-1.0,522,2395,383.5
2021-09-07,725264,282753012,395.0,385.0,390.0,5.0,716,2395,386.5
2021-09-08,750055,292306574,391.5,387.5,390.0,0.0,630,2395,389.5
2021-09-09,1264875,494964421,395.5,383.5,392.0,2.0,1107,2395,388.0
2021-09-10,545961,215286230,395.5,392.0,394.0,2.0,525,2395,395.0
2021-09-13,8365509,3087566257,388.0,368.5,375.0,-19.0,923,2395,382.0
2021-09-14,1821525,674266161,376.0,361.0,372.0,-3.0,1391,2395,368.5
2021-09-15,940734,346301446,373.0,365.0,366.5,-5.5,1001,2395,365.5
2021-09-16,946200,350684228,373.0,368.5,371.0,4.5,956,2395,371.0
2021-09-17,1654268,610080982,372.5,366.5,367.5,-3.5,848,2395,372.0
2021-09-22,1199413,438811371,370.0,363.0,365.0,-2.5,1108,2395,366.0
2021-09-23,1708137,632832418,373.5,368.5,371.5,6.5,1069,2395,370.0
2021-09-24,634505,234469057,372.5,368.0,369.5,-2.0,663,2395,371.0
2021-09-27,685453,251630897,370.5,363.0,367.5,-2.0,621,2395,366.5
2021-09-28,2116006,769133832,370.0,360.5,364.0,-3.5,772,2395,365.0
2021-09-29,1060331,379716530,364.0,353.0,358.0,-6.0,922,2395,363.0
2021-09-30,2153358,781127562,365.5,353.5,365.0,7.0,1099,2395,358.0
2021-10-01,1259213,444891012,368.0,348.0,352.5,-12.5,1057,2395,365.0
2021-10-04,552993,195588813,357.0,349.0,353.5,1.0,465,2395,352.5
2021-10-05,869498,299130158,353.5,341.0,341.5,-12.0,840,2395,353.5
2021-10-06,1070979,366651380,347.5,338.5,340.5,-1.0,757,2395,345.0
2021-10-07,801297,277733115,350.0,342.5,345.0,4.5,704,2395,347.0
2021-10-08,733653,258949498,357.0,350.5,350.5,5.5,621,2395,351.0
2021-10-12,882634,305948795,350.5,340.5,348.5,-2.0,798,2395,350.5
2021-10-13,611425,210912233,354.0,341.0,341.0,-7.5,610,2395,348.5
2021-10-14,641714,222908487,351.0,345.0,345.5,4.5,625,2395,350.0
2021-10-15,1223024,429350276,353.5,348.0,352.0,6.5,891,2395,350.0
2021-10-18,360246,124474642,353.5,341.0,342.0,-10.0,365,2395,352.0
2021-10-19,670443,232841792,349.5,345.0,348.0,6.0,584,2395,349.0
2021-10-20,977861,341916543,354.0,346.0,350.0,2.0,706,2395,353.5
2021-10-21,568930,199425257,354.5,346.0,348.0,-2.0,556,2395,354.5
2021-10-22,652997,226418186,348.5,343.5,347.5,-0.5,436,2395,348.0
2021-10-25,734272,256327177,352.5,342.5,351.0,3.5,684,2395,346.0
2021-10-26,895063,320988408,362.0,352.0,361.0,10.0,822,2395,354.0
2021-10-27,576414,206285815,360.0,355.5,357.5,-3.5,527,2395,357.0
2021-10-28,784646,285301088,367.0,356.5,364.5,7.0,580,2395,356.5
2021-10-29,759657,275245516,366.0,358.0,363.0,-1.5,591,2395,364.0
2021-11-01,500729,182833677,369.0,362.0,366.5,3.5,422,2395,369.0
2021-11-02,441176,161018730,369.5,362.5,364.5,-2.0,423,2395,369.0
2021-11-03,334660,120921593,368.0,358.0,361.5,-3.0,376,2395,363.5
2021-11-04,1548606,570158538,372.0,359.5,369.5,8.0,1113,2395,365.5
2021-11-05,788758,295392245,376.5,369.5,374.0,4.5,677,2395,370.5
2021-11-08,544911,205301429,383.5,371.5,376.5,2.5,547,2395,378.0
2021-11-09,1399261,542256066,393.5,376.5,389.0,12.5,1248,2395,376.5
2021-11-10,697818,267626320,388.5,380.0,383.0,-6.0,695,2395,388.5
2021-11-11,361157,139287122,389.0,379.5,388.5,5.5,378,2395,385.0
2021-11-12,576664,224043720,391.5,384.0,387.5,-1.0,469,2395,388.0
2021-11-15,911880,357571978,398.0,389.0,392.0,4.5,843,2395,389.5
2021-11-16,850433,333796120,394.5,389.5,392.0,0.0,786,2395,391.5
2021-11-17,826583,320101397,392.0,383.0,386.5,-5.5,1157,2395,388.0
2021-11-18,751995,288339582,388.0,379.0,385.0,-1.5,673,2395,385.0
2021-11-19,543902,207991248,388.0,380.0,382.5,-2.5,468,2395,385.0
2021-11-22,270880,104993223,390.0,385.0,389.0,6.5,268,2395,385.5
2021-11-23,599819,230834977,389.0,380.5,387.0,-2.0,490,2395,389.0
2021-11-24,542118,210503029,393.0,384.0,386.0,-1.0,461,2395,388.5
2021-11-25,370748,143662007,391.0,383.0,389.5,3.5,309,2395,390.0
2021-11-26,468607,177518818,385.0,375.0,376.0,-13.5,567,2395,384.5
2021-11-29,446386,167952241,382.0,373.0,376.0,0.0,490,2395,378.5
2021-11-30,1746113,664256271,383.0,372.0,382.0,6.0,897,2395,372.0
2021-12-01,1215367,451338116,379.0,353.0,370.5,-11.5,1167,2395,353.0
2021-12-02,1015061,382023226,380.0,367.0,379.5,9.0,964,2395,367.0
2021-12-03,1013342,379509869,381.5,369.5,374.0,-5.5,844,2395,379.5
2021-12-06,1041110,391219226,382.0,372.0,377.5,3.5,759,2395,373.0
2021-12-07,989262,368988982,375.5,370.0,373.5,-4.0,655,2395,374.0
2021-12-08,830990,319924700,387.5,376.0,386.0,12.5,790,2395,379.0
2021-12-09,794874,310791505,393.5,386.0,392.0,6.0,584,2395,386.0
2021-12-10,820579,313183638,389.0,379.0,380.5,-11.5,1016,2395,389.0
2021-12-13,1292749,495318866,389.5,377.5,381.0,0.5,1085,2395,384.0
2021-12-14,631907,241826464,385.0,376.5,382.0,1.0,560,2395,377.0
2021-12-15,467134,177809617,383.0,378.0,380.5,-1.5,480,2395,379.5
2021-12-16,1437636,566615926,398.0,384.0,397.0,16.5,1344,2395,384.0
2021-12-17,3517409,1407829289,408.0,396.0,399.0,2.0,1566,2395,397.0
2021-12-20,1557033,611073373,409.5,382.0,389.0,-10.0,1700,2395,386.5
2021-12-21,687119,265364816,390.0,382.5,387.0,-2.0,604,2395,389.0
2021-12-22,278803,108015523,391.5,385.0,386.5,-0.5,306,2395,388.0
2021-12-23,566618,224249139,401.5,386.5,394.5,8.0,563,2395,386.5
2021-12-24,251151,99910855,402.0,393.0,397.0,2.5,293,2395,395.5
2021-12-27,337000,133423993,399.5,393.0,398.0,1.0,310,2395,397.0
2021-12-28,578228,230140405,401.0,395.0,400.0,2.0,555,2395,399.5
2021-12-29,353216,140955428,400.5,397.0,400.5,0.5,344,2395,400.0
2021-12-30,240367,95511636,399.5,395.5,396.5,-4.0,310,2395,397.0
2022-01-03,824839,329983036,407.0,396.0,397.0,0.5,717,2395,401.0
2022-01-04,569152,225771790,399.5,394.0,397.0,0.0,631,2395,397.0
2022-01-05,924900,369392905,404.0,393.0,400.0,3.0,809,2395,393.0
2022-01-06,882803,346370087,397.0,389.0,394.5,-5.5,1199,2395,396.0
2022-01-07,706630,273898221,394.5,382.5,386.5,-8.0,727,2395,394.5
2022-01-10,501744,195811273,394.0,383.5,394.0,7.5,396,2395,383.5
2022-01-11,840684,328092350,394.0,385.0,391.5,-2.5,728,2395,391.0
2022-01-12,930344,367143556,402.5,391.5,394.0,2.5,631,2395,393.0
2022-01-13,895368,347082463,398.5,383.0,385.5,-8.5,873,2395,398.0
2022-01-14,735652,282193430,389.0,381.5,383.0,-2.5,488,2395,387.5
2022-01-17,1094415,416598612,384.0,376.5,382.5,-0.5,985,2395,381.0
2022-01-18,777249,302628122,393.0,383.0,390.5,8.0,708,2395,383.0
2022-01-19,1336644,524678755,402.0,385.5,389.5,-1.0,1155,2395,400.5
2022-01-20,1568653,617697898,397.5,388.0,397.5,8.0,871,2395,394.5
2022-01-21,872684,338290661,397.0,383.0,383.0,-14.5,1065,2395,389.5
2022-01-24,1012613,391973283,392.0,383.0,388.0,5.0,542,2395,386.0
2022-01-25,908624,346316750,391.5,378.5,382.0,-6.0,893,2395,380.5
2022-01-26,713974,272984381,387.0,379.0,380.5,-1.5,1478,2395,384.0
2022-02-07,2530258,958752356,383.5,370.0,380.0,-0.5,1559,2395,379.0
2022-02-08,1106146,430990741,392.5,380.0,390.0,10.0,743,2395,380.0
2022-02-09,1066635,412926652,391.5,385.5,386.0,-4.0,587,2395,387.0
2022-02-10,592664,229407898,390.0,382.0,390.0,4.0,565,2395,386.0
2022-02-11,761441,297210230,392.0,386.0,392.0,2.0,645,2395,392.0
2022-02-14,699434,265485005,386.0,377.0,379.0,-13.0,713,2395,386.0
2022-02-15,446958,170950276,386.0,379.5,381.5,2.5,458,2395,379.5
2022-02-16,397216,154785225,392.0,385.0,392.0,10.5,504,2395,388.0
2022-02-17,402427,157719783,394.0,387.5,392.5,0.5,357,2395,392.0
2022-02-18,307833,119392906,392.0,385.0,386.5,-6.0,369,2395,389.5
2022-02-21,297645,115079900,389.5,382.5,389.0,2.5,265,2395,382.5
2022-02-22,1346335,500767729,385.0,372.0,375.5,-13.5,1207,2395,384.0
2022-02-23,728386,269512430,382.0,375.0,377.0,1.5,576,2395,379.5
2022-02-24,1000648,371678991,377.0,368.0,369.5,-7.5,963,2395,376.5
2022-02-25,1025669,376149173,371.5,364.0,366.5,-3.0,803,2395,365.5
2022-03-01,1283858,477256234,377.0,369.0,371.0,4.5,1090,2395,370.0
2022-03-02,916417,339573100,374.0,366.0,372.0,1.0,854,2395,370.0
2022-03-03,1595226,601671770,385.0,372.5,372.5,0.5,1042,2395,381.0
2022-03-04,1036797,381598016,375.5,364.0,364.5,-8.0,1021,2395,367.0
2022-03-07,943374,330501258,357.0,346.0,349.5,-15.0,1170,2395,354.0
2022-03-08,1052504,368436991,353.5,343.5,350.5,1.0,952,2395,347.0
2022-03-09,1267420,453133473,363.5,352.0,356.0,5.5,1064,2395,353.0
2022-03-10,2248074,816837364,367.5,358.5,362.5,6.5,1182,2395,358.5
2022-03-11,1129242,413030207,370.0,360.5,364.0,1.5,977,2395,365.0
2022-03-14,1618634,577263084,361.0,353.0,356.5,-7.5,1280,2395,360.0
2022-03-15,1446692,530013538,369.0,356.0,367.0,10.5,1125,2395,359.5
2022-03-16,1841380,673223290,371.0,358.5,366.0,-1.0,1356,2395,366.0
2022-03-17,1436334,543812333,382.5,374.0,379.5,13.5,1275,2395,379.5
2022-03-18,2021750,741621643,382.0,362.5,362.5,-17.0,1193,2395,380.0
2022-03-21,858352,312760945,368.0,361.5,363.0,0.5,768,2395,365.0
2022-03-22,640691,236201934,371.5,365.0,369.0,6.0,514,2395,369.0
2022-03-23,690030,258136819,377.5,370.0,374.5,5.5,623,2395,374.0
2022-03-24,1010433,375666571,377.5,368.0,370.5,-4.0,1582,2395,374.0
2022-03-25,695708,252766801,371.5,362.0,362.0,-8.5,666,2395,365.0
2022-03-28,987012,351214475,360.0,350.0,359.5,-2.5,741,2395,353.5
2022-03-29,531037,191216662,362.5,357.0,360.0,0.5,1055,2395,360.0
2022-03-30,680229,246910115,365.0,361.0,362.0,2.0,642,2395,362.0
2022-03-31,977824,360281179,371.0,365.0,369.5,7.5,566,2395,366.0
2022-04-01,1312534,487411883,375.0,363.0,374.5,5.0,916,2395,368.0
2022-04-06,1301523,480299638,374.0,366.0,370.0,-4.5,1050,2395,366.0
2022-04-07,1661526,604342108,371.5,361.0,361.0,-9.0,1962,2395,366.0
2022-04-08,815924,295640463,366.0,360.0,363.0,2.0,681,2395,366.0
2022-04-11,751016,272419335,365.0,360.0,362.5,-0.5,668,2395,363.0
2022-04-12,749789,274548428,368.5,362.5,366.0,3.5,636,2395,365.0
2022-04-13,631099,233681871,372.5,367.5,371.0,5.0,581,2395,370.0
2022-04-14,1043712,396863440,382.0,373.0,380.0,9.0,1782,2395,376.0
2022-04-15,430957,160182513,381.0,366.5,366.5,-13.5,488,2395,380.0
2022-04-18,270017,98837484,369.0,362.5,366.5,0.0,1279,2395,363.0
2022-04-19,913553,341525321,378.5,366.5,370.5,4.0,1309,2395,367.0
2022-04-20,789812,290398972,372.0,366.0,366.0,-4.5,627,2395,369.5
2022-04-21,1062167,397744006,378.0,370.0,377.0,11.0,823,2395,370.0
2022-04-22,1208540,451488850,380.5,366.5,376.0,-1.0,1041,2395,368.0
2022-04-25,988673,366861897,374.5,367.0,374.0,-2.0,1868,2395,367.0
2022-04-26,802172,296776958,372.5,366.5,370.5,-3.5,1652,2395,370.0
2022-04-27,963123,352888348,371.0,362.5,365.0,-5.5,1423,2395,371.0
2022-04-28,1012940,370609659,368.5,361.5,368.5,3.5,846,2395,364.5
2022-04-29,509804,188303375,372.0,365.5,369.5,1.0,380,2395,365.5
2022-05-03,635692,234525203,373.5,366.5,368.5,-1.0,1503,2395,369.5
2022-05-04,433151,162430214,377.5,371.0,376.0,7.5,1411,2395,374.0
2022-05-05,2518457,878135274,373.0,340.0,344.5,-31.5,3906,2395,371.0
2022-05-06,1025263,350128963,344.5,335.5,343.0,-1.5,1913,2395,336.0
2022-05-09,555329,188011549,345.0,332.0,341.0,-2.0,1200,2395,332.0
2022-05-10,1274562,421991941,336.5,329.0,332.0,-9.0,2096,2395,329.0
2022-05-11,855412,281451609,331.0,325.0,330.0,-2.0,1697,2395,328.0
2022-05-12,702167,229311230,330.5,325.0,325.5,-4.5,1655,2395,327.0
2022-05-13,978872,330991420,341.5,333.0,339.5,14.0,1896,2395,338.5
2022-05-16,893816,313000521,352.5,346.5,351.5,12.0,1818,2395,346.5
2022-05-17,964427,339405642,357.5,349.0,351.0,-0.5,1398,2395,357.5
2022-05-18,955172,340564020,360.0,348.0,358.5,7.5,1825,2395,348.0
2022-05-19,1125184,407019431,366.5,345.0,365.0,6.5,1878,2395,345.0
2022-05-20,1495025,553405819,377.0,362.5,364.0,-1.0,2299,2395,366.5
2022-05-23,694580,251388514,370.0,358.0,358.5,-5.5,680,2395,368.0
2022-05-24,1228605,434015863,362.0,349.0,349.0,-9.5,1069,2395,358.0
2022-05-25,942550,333534570,357.0,349.5,353.0,4.0,791,2395,352.5
2022-05-26,604678,213623253,356.0,349.0,351.0,-2.0,646,2395,354.0
2022-05-27,1016872,368670571,366.0,353.0,363.5,12.5,958,2395,353.0
2022-05-30,908418,333442185,369.5,361.0,367.0,3.5,869,2395,369.0
2022-05-31,3924892,1423471014,371.0,361.0,361.0,-6.0,1299,2395,367.0
2022-06-01,874476,314325307,363.5,357.5,358.0,-3.0,799,2395,363.5
2022-06-02,1327984,461519940,353.5,343.0,348.5,-9.5,1216,2395,353.5
2022-06-06,767462,273448654,361.0,352.0,358.0,9.5,881,2395,353.0
2022-06-07,817955,285593917,354.0,347.0,348.0,-10.0,761,2395,352.0
2022-06-08,855842,299313966,355.5,347.5,349.0,1.0,757,2395,349.0
2022-06-09,454592,160230012,354.5,350.0,353.0,4.0,388,2395,350.0
2022-06-10,521716,179883357,348.0,340.0,346.5,-6.5,555,2395,343.0
2022-06-13,1193783,399018802,339.0,331.0,334.5,-12.0,1263,2395,338.5
2022-06-14,613949,205995444,338.0,332.5,336.0,1.5,606,2395,336.5
2022-06-15,843008,282215915,339.5,328.0,336.0,0.0,831,2395,333.5
2022-06-16,778262,264614833,345.5,336.0,336.0,0.0,700,2395,339.0
2022-06-17,1531625,504180040,331.0,327.0,329.5,-6.5,852,2395,327.5
2022-06-20,456217,150734804,334.5,328.5,330.0,0.5,1047,2395,330.0
2022-06-21,677316,228568261,342.0,333.0,338.0,8.0,626,2395,342.0
2022-06-22,931304,317794609,344.0,338.5,341.0,3.0,934,2395,341.0
2022-06-23,882621,299599186,346.0,335.5,338.5,-2.5,795,2395,345.5
2022-06-24,908915,314496136,350.0,341.5,346.0,7.5,833,2395,345.0
2022-06-27,652732,230709708,355.0,346.5,354.0,8.0,715,2395,346.5
2022-06-28,588487,204404337,352.0,345.0,347.5,-6.5,491,2395,352.0
2022-06-29,892651,310931034,351.5,340.5,350.0,2.5,787,2395,340.5
2022-06-30,1544006,537890009,352.0,343.5,346.0,-4.0,1243,2395,347.5
2022-07-01,975246,339671109,353.5,342.0,346.5,0.5,846,2395,342.5
2022-07-04,786241,267601089,352.0,335.0,339.0,-7.5,759,2395,352.0
2022-07-05,936422,318809494,352.0,333.0,338.0,-1.0,830,2395,347.0
2022-07-06,1310981,433486266,335.0,328.5,328.5,-9.5,1246,2395,334.0
2022-07-07,1007392,327081247,332.0,317.0,327.5,0.0,820,2395,323.0
2022-07-08,1690480,561855678,344.5,326.0,331.0,3.5,1485,2395,344.5
2022-07-11,502197,167108211,338.5,330.0,331.0,0.0,453,2395,338.5
2022-07-12,1092520,346825878,323.0,313.5,317.0,-14.0,1085,2395,321.0
2022-07-13,1036345,332433775,325.0,318.0,320.5,3.5,896,2395,323.0
2022-07-14,806315,262697557,329.5,320.0,327.0,6.5,727,2395,323.5
2022-07-15,741543,248674952,339.0,327.0,337.5,10.5,648,2395,328.5
2022-07-18,948059,323103298,350.0,336.5,338.5,1.0,802,2395,342.5
2022-07-19,348963,117133649,340.0,332.0,335.0,-3.5,325,2395,340.0
2022-07-20,939665,318675510,343.5,335.0,336.0,1.0,755,2395,339.5
2022-07-21,932773,316195266,344.0,334.0,340.5,4.5,708,2395,343.0
2022-07-22,411554,139477424,342.0,336.5,337.5,-3.0,403,2395,337.0
2022-07-25,390474,132855744,341.5,337.0,341.0,3.5,380,2395,337.5
2022-07-26,869571,287978095,338.5,328.0,330.5,-10.5,1401,2395,338.5
2022-07-27,983652,328403488,338.5,329.5,338.0,7.5,724,2395,330.0
2022-07-28,373992,126763087,341.0,336.5,339.5,1.5,355,2395,338.5
2022-07-29,912561,313047925,348.0,339.0,342.5,3.0,679,2395,344.5
2022-08-01,1078810,375162010,350.0,344.0,349.0,6.5,819,2395,349.5
2022-08-02,967124,336091167,351.5,343.0,349.0,0.0,844,2395,343.0
2022-08-03,888296,309454164,352.0,345.5,348.5,-0.5,801,2395,352.0
2022-08-04,972584,336388836,353.5,342.0,342.0,-6.5,881,2395,353.0
2022-08-05,1596056,571981157,363.5,352.5,354.5,12.5,1424,2395,359.0
2022-08-08,817328,287291337,360.5,346.5,346.5,-8.0,931,2395,356.0
2022-08-09,566985,198028272,352.0,346.0,349.5,3.0,552,2395,352.0
2022-08-10,619034,211151576,343.5,339.5,340.0,-9.5,684,2395,343.0
2022-08-11,676286,230999971,347.0,339.0,340.0,0.0,624,2395,347.0
2022-08-12,421762,143084965,344.0,338.0,338.0,-2.0,430,2395,343.0
2022-08-15,476981,161962909,343.0,337.5,341.0,3.0,560,2395,343.0
2022-08-16,617155,210790035,344.5,339.0,342.5,1.5,621,2395,343.5
2022-08-17,665710,226919093,342.5,339.0,342.0,-0.5,607,2395,340.5
2022-08-18,779760,263919099,341.5,334.5,340.5,-1.5,726,2395,341.0
2022-08-19,728092,251221333,347.0,340.5,347.0,6.5,676,2395,340.5
2022-08-22,584582,200708470,346.0,342.5,343.0,-4.0,546,2395,343.0
2022-08-23,987124,332432952,341.0,333.0,334.0,-9.0,869,2395,341.0
2022-08-24,883620,288184199,335.0,322.0,322.0,-12.0,1163,2395,335.0
2022-08-25,388997,127663301,330.0,324.0,328.5,6.5,470,2395,324.0
2022-08-26,484892,159359123,331.5,326.5,328.0,-0.5,681,2395,330.0
2022-08-29,533324,169794136,320.0,316.0,319.5,-8.5,660,2395,318.0
2022-08-30,577521,187034935,326.0,319.5,325.0,5.5,559,2395,320.0
2022-08-31,711611,232470285,327.5,321.5,327.5,2.5,475,2395,326.0
2022-09-01,1020052,324589636,320.5,316.0,318.5,-9.0,1083,2395,318.5
2022-09-02,634951,198976079,320.5,311.0,312.0,-6.5,1010,2395,320.0
2022-09-05,633536,196157373,316.5,307.0,310.5,-1.5,751,2395,316.5
2022-09-06,348507,109536311,319.0,312.5,314.0,3.5,452,2395,319.0
2022-09-07,805943,248961293,313.5,304.0,311.5,-2.5,829,2395,308.0
2022-09-08,895232,278970264,314.0,307.5,313.5,2.0,808,2395,312.0
2022-09-12,1200817,387672146,326.5,319.5,324.0,10.5,814,2395,320.0
2022-09-13,783436,254156630,326.0,323.5,324.0,0.0,1255,2395,326.0
2022-09-14,563090,180409017,323.0,315.0,321.5,-2.5,1559,2395,315.0
2022-09-15,710110,227508701,324.0,313.5,322.5,1.0,1919,2395,317.0
2022-09-16,972887,311094897,325.5,316.0,320.0,-2.5,619,2395,325.5
2022-09-19,372592,119441854,323.0,318.0,321.0,1.0,553,2395,323.0
2022-09-20,508260,161894034,321.5,313.5,320.5,-0.5,1103,2395,320.0
2022-09-21,782760,249684891,323.5,316.5,317.0,-3.5,1168,2395,317.0
2022-09-22,602326,188933706,319.5,310.0,315.5,-1.5,759,2395,310.5
2022-09-23,647441,199538922,315.5,305.5,306.5,-9.0,1094,2395,315.5
2022-09-26,733839,220927692,306.5,299.5,299.5,-7.0,841,2395,306.5
2022-09-27,695334,208785884,304.0,299.5,300.0,0.5,644,2395,300.0
2022-09-28,1846517,555017294,304.0,298.5,301.0,1.0,1028,2395,300.0
2022-09-29,1189892,355190637,301.5,296.0,297.0,-4.0,1085,2395,298.0
2022-09-30,839085,246277203,297.5,290.0,293.5,-3.5,738,2395,297.0
2022-10-03,1058845,313534622,300.0,291.5,297.0,3.5,905,2395,295.0
2022-10-04,723326,216979949,302.5,298.0,299.5,2.5,911,2395,300.5
2022-10-05,862563,261644464,305.5,299.0,302.5,3.0,859,2395,301.0
2022-10-06,447269,135578011,305.5,301.5,302.5,0.0,541,2395,301.5
2022-10-07,346322,104602358,305.0,298.5,301.5,-1.0,528,2395,299.0
2022-10-11,1800802,537019900,296.0,291.0,292.5,-9.0,1120,2395,291.5
2022-10-12,393893,116307430,298.0,293.0,296.5,4.0,376,2395,295.0
2022-10-13,679815,197999068,295.5,289.0,290.5,-6.0,682,2395,295.5
2022-10-14,990368,291048907,299.5,292.0,292.5,2.0,840,2395,294.0
2022-10-17,438592,128218887,296.0,289.5,295.0,2.5,552,2395,290.5
2022-10-18,1004027,301848687,302.5,296.0,301.5,6.5,1103,2395,298.5
2022-10-19,968854,289234205,302.0,296.0,297.5,-4.0,1655,2395,300.0
2022-10-20,1565990,470444944,311.0,288.0,311.0,13.5,1185,2395,290.0
2022-10-21,1379230,413127122,305.0,298.0,298.0,-13.0,1046,2395,305.0
2022-10-24,763739,226260024,305.0,292.0,293.0,-5.0,1185,2395,300.5
2022-10-25,574444,169269349,299.5,292.5,294.0,1.0,551,2395,299.5
2022-10-26,668316,198371959,299.0,292.0,297.0,3.0,875,2395,295.5
2022-10-27,1701579,511122137,304.5,296.0,299.0,2.0,1198,2395,299.5
2022-10-28,784232,231453420,300.5,293.0,293.5,-5.5,885,2395,300.5
2022-10-31,917157,268565676,297.0,290.5,293.0,-0.5,722,2395,295.0
2022-11-01,1408767,418291484,301.5,293.0,297.0,4.0,971,2395,295.0
2022-11-02,1750308,521709478,300.5,295.5,298.0,1.0,688,2395,297.0
2022-11-03,2109132,596428508,293.5,275.0,281.0,-17.0,2391,2395,293.0
2022-11-04,3363918,923415294,278.0,269.0,277.0,-4.0,1584,2395,278.0
2022-11-07,2153735,626214844,293.0,282.5,292.0,15.0,1235,2395,288.0
2022-11-08,728187,217442465,301.0,294.0,299.5,7.5,993,2395,294.5
2022-11-09,773661,236970517,308.0,302.0,308.0,8.5,864,2395,302.0
2022-11-10,1019550,305683949,304.0,296.5,300.5,-7.5,1868,2395,300.5
2022-11-11,1125056,352315437,316.0,310.0,315.0,14.5,1071,2395,312.5
2022-11-14,1060354,338425738,321.5,317.0,319.0,4.0,2314,2395,318.0
2022-11-15,986139,316010230,324.5,311.5,323.5,4.5,977,2395,313.5
2022-11-16,1081951,347529897,323.5,318.0,323.0,-0.5,1714,2395,318.5
2022-11-17,370405,117218917,319.5,314.5,316.5,-6.5,1118,2395,316.0
2022-11-18,798953,249783402,318.0,310.0,312.5,-4.0,2429,2395,315.5
2022-11-21,291639,91001470,315.0,310.0,311.0,-1.5,428,2395,313.0
2022-11-22,432200,134270901,313.0,305.5,313.0,2.0,1687,2395,310.0
2022-11-23,710057,226178561,321.0,314.0,318.5,5.5,836,2395,319.0
2022-11-24,754555,242831774,327.5,317.5,321.0,2.5,1139,2395,325.0
2022-11-25,549795,175209324,323.5,315.5,317.5,-3.5,1618,2395,322.5
2022-11-28,524673,166109829,319.5,313.0,317.0,-0.5,764,2395,313.0
2022-11-29,671436,213356799,320.0,315.0,319.5,2.5,570,2395,320.0
2022-11-30,2709422,895359638,333.0,315.0,333.0,13.5,1162,2395,317.5
2022-12-01,806570,263850841,331.0,324.5,325.5,-7.5,2651,2395,331.0
2022-12-02,1279500,413383182,326.5,320.5,323.0,-2.5,987,2395,325.5
2022-12-05,786857,260201997,334.5,324.0,330.0,7.0,795,2395,324.0
2022-12-06,711751,231996302,329.5,323.0,327.0,-3.0,702,2395,329.5
2022-12-07,701186,231698058,332.5,324.5,331.5,4.5,742,2395,326.5
2022-12-08,593911,194824480,334.5,325.5,329.5,-2.0,629,2395,333.5
2022-12-09,541282,179882598,334.5,327.0,334.5,5.0,574,2395,330.0
2022-12-12,515727,167449629,331.0,322.5,323.5,-11.0,714,2395,331.0
2022-12-13,930588,303947782,331.0,324.0,325.5,2.0,674,2395,326.0
2022-12-14,1405478,475115248,341.5,328.5,340.0,14.5,1437,2395,330.0
2022-12-15,906818,311544764,346.5,337.0,344.5,4.5,942,2395,337.0
2022-12-16,1118377,376793497,341.0,332.5,337.0,-7.5,1040,2395,333.5
2022-12-19,848796,283145010,339.0,325.0,339.0,2.0,853,2395,325.5
2022-12-20,720293,237914838,339.0,324.0,325.0,-14.0,1814,2395,335.0
2022-12-21,569526,189271776,336.5,328.5,332.5,7.5,565,2395,332.5
2022-12-22,348946,117782374,339.5,332.5,338.0,5.5,443,2395,334.5
2022-12-23,273364,90706557,335.0,328.5,333.0,-5.0,438,2395,332.0
2022-12-26,249305,84149175,340.0,332.0,337.0,4.0,453,2395,332.5
2022-12-27,106108,35766963,339.5,335.0,335.5,-1.5,178,2395,339.0
2022-12-28,217135,71886801,334.5,329.5,330.5,-5.0,421,2395,331.5
2022-12-29,407504,133750939,331.5,326.0,330.0,-0.5,631,2395,326.0
2022-12-30,241200,80040894,334.5,330.0,331.0,1.0,470,2395,330.0
2023-01-03,411141,135166801,334.5,324.0,334.0,3.0,482,2395,329.5
2023-01-04,411044,138109964,338.0,332.0,336.5,2.5,400,2395,333.0
2023-01-05,339331,115594844,342.0,338.5,341.0,4.5,442,2395,338.5
2023-01-06,330858,112408438,343.0,337.5,338.0,-3.0,555,2395,341.0
2023-01-09,715180,246485455,347.0,341.5,346.5,8.5,749,2395,345.0
2023-01-10,504593,174823612,349.0,344.0,346.0,-0.5,522,2395,344.0
2023-01-11,1042195,349892814,345.5,331.0,335.0,-11.0,1166,2395,344.0
2023-01-12,1064435,349060314,335.0,326.0,329.0,-6.0,1030,2395,335.0
2023-01-13,1047287,350345540,337.5,332.5,334.5,5.5,820,2395,334.0
2023-01-16,845533,292065157,349.5,338.0,346.5,12.0,1158,2395,340.0
2023-01-17,575172,195160518,346.5,337.0,338.0,-8.5,752,2395,346.5
2023-01-30,2297620,793449691,352.0,336.0,351.5,13.5,1992,2395,341.5
2023-01-31,1363081,469234184,351.0,340.0,341.0,-10.5,994,2395,350.5
2023-02-01,762896,263333789,347.5,340.0,346.0,5.0,702,2395,345.5
2023-02-02,974183,341269001,353.5,343.5,352.5,6.5,962,2395,347.0
2023-02-03,837485,297160361,360.0,349.0,360.0,7.5,867,2395,352.0
2023-02-06,906264,325734081,362.5,353.5,359.5,-0.5,995,2395,355.5
2023-02-07,1045833,376760294,363.0,355.5,362.5,3.0,906,2395,360.0
2023-02-08,783935,284539793,366.5,358.5,364.5,2.0,888,2395,360.0
2023-02-09,462175,166313327,363.5,358.0,359.5,-5.0,544,2395,360.5
2023-02-10,360759,128949520,359.5,355.5,358.0,-1.5,374,2395,358.5
2023-02-13,677786,245132609,364.5,357.5,364.5,6.5,517,2395,359.5
2023-02-14,665617,243001963,369.0,360.5,369.0,4.5,661,2395,364.0
2023-02-15,531103,190873903,366.0,356.0,357.5,-11.5,966,2395,365.0
2023-02-16,437703,158372032,365.0,358.0,362.0,4.5,597,2395,358.0
2023-02-17,247091,88228540,360.0,356.0,356.0,-6.0,435,2395,358.0
2023-02-20,468185,167572216,361.5,353.5,359.0,3.0,484,2395,356.0
2023-02-21,431081,153543371,358.0,354.0,357.0,-2.0,617,2395,356.5
2023-02-22,384609,136904261,358.0,352.0,358.0,1.0,417,2395,356.5
2023-02-23,521196,187350096,362.0,357.5,360.0,2.0,564,2395,358.0
2023-02-24,1233255,442202342,364.0,356.5,357.0,-3.0,784,2395,361.0
2023-03-01,1424280,511640463,365.0,356.0,356.5,-0.5,1376,2395,365.0
2023-03-02,922540,323729947,358.0,347.5,349.0,-7.5,1166,2395,358.0
2023-03-03,1056931,377255415,362.0,351.0,358.5,9.5,997,2395,354.0
2023-03-06,1318494,470183173,361.0,353.5,354.5,-4.0,1468,2395,359.5
2023-03-07,774643,279051239,362.0,356.0,361.0,6.5,792,2395,357.0
2023-03-08,692155,245767900,359.0,353.0,355.0,-6.0,849,2395,357.0
2023-03-09,545552,193767908,357.5,354.0,355.0,0.0,564,2395,355.5
2023-03-10,973557,342598461,354.0,350.0,353.0,-2.0,1024,2395,351.5
2023-03-13,889452,314218347,356.0,350.5,354.0,1.0,830,2395,354.0
2023-03-14,1245066,434729564,353.0,347.0,348.5,-5.5,999,2395,351.0
2023-03-15,1043376,372410442,361.5,354.0,355.0,6.5,957,2395,355.0
2023-03-16,610483,218485923,361.0,355.0,359.0,4.0,777,2395,355.0
2023-03-17,882156,319100383,363.0,358.5,363.0,4.0,828,2395,361.0
2023-03-20,555292,199286271,362.5,356.5,358.0,-5.0,598,2395,362.5
2023-03-21,346498,124983958,362.0,359.0,361.0,3.0,437,2395,361.0
2023-03-22,635559,233437004,370.0,361.5,368.5,7.5,857,2395,362.0
2023-03-23,1451185,545220904,380.5,366.0,379.0,10.5,1648,2395,368.0
2023-03-24,862448,327193329,381.5,376.0,380.0,1.0,907,2395,379.0
2023-03-27,780280,293865993,380.0,373.5,378.0,-2.0,984,2395,378.5
2023-03-28,1182593,444812121,382.0,373.5,375.0,-3.0,1116,2395,376.0
2023-03-29,648644,242667970,379.5,371.5,375.0,0.0,738,2395,372.5
2023-03-30,638178,237057964,376.5,368.5,372.0,-3.0,1208,2395,375.5
2023-03-31,1164464,433160988,376.0,369.0,371.0,-1.0,857,2395,372.0
2023-04-06,1362598,488578442,362.5,356.0,358.5,-12.5,1838,2395,360.0
2023-04-07,671296,237586612,358.0,352.0,353.0,-5.5,1140,2395,356.0
2023-04-10,440622,157411238,359.0,354.5,358.0,5.0,794,2395,358.0
2023-04-11,997939,361924724,365.0,358.5,364.5,6.5,985,2395,361.0
2023-04-12,863661,319829751,372.5,364.5,372.0,7.5,1084,2395,366.0
2023-04-13,517013,192083442,374.5,368.5,371.0,-1.0,699,2395,372.0
2023-04-14,743486,277628295,380.0,369.5,372.5,1.5,1025,2395,378.0
2023-04-17,584888,219532284,377.5,372.0,376.0,3.5,770,2395,372.5
2023-04-18,461227,171298531,376.0,370.0,371.0,-5.0,608,2395,376.0
2023-04-19,659260,247071804,377.0,369.5,374.0,3.0,750,2395,371.0
2023-04-20,646493,237881214,371.5,365.5,367.0,-7.0,899,2395,370.0
2023-04-21,1052413,380564933,370.5,357.5,358.0,-9.0,1197,2395,370.5
2023-04-24,449779,164026537,367.0,358.0,367.0,9.0,562,2395,358.0
2023-04-25,625983,224869703,366.0,356.5,358.0,-9.0,936,2395,361.5
2023-04-26,991862,363531828,379.0,359.0,363.0,5.0,1133,2395,379.0
2023-04-27,554121,202956824,369.0,363.5,366.5,3.5,550,2395,365.5
2023-04-28,632670,233958260,371.5,366.0,371.0,4.5,573,2395,368.0
2023-05-02,783727,289789426,374.5,367.0,370.0,-1.0,957,2395,372.5
2023-05-03,600067,222659031,373.0,368.0,372.0,2.0,647,2395,371.0
2023-05-04,1897582,718159374,383.0,374.0,380.0,8.0,1725,2395,377.0
2023-05-05,669816,253601820,384.0,375.0,380.0,0.0,764,2395,384.0
2023-05-08,413020,157301899,384.5,379.5,381.5,1.5,712,2395,381.0
2023-05-09,1090450,418965781,387.5,378.0,385.0,3.5,1181,2395,384.5
2023-05-10,949652,363048965,385.0,378.0,384.0,-1.0,982,2395,385.0
2023-05-11,943825,364981107,392.0,382.5,384.5,0.5,1106,2395,384.0
2023-05-12,798223,309850673,390.0,382.0,389.5,5.0,832,2395,382.0
2023-05-15,485154,187570992,394.0,382.0,386.0,-3.5,684,2395,394.0
2023-05-16,1342752,527663200,396.0,389.5,395.0,9.0,1417,2395,390.0
2023-05-17,1745091,702176186,407.0,394.0,406.0,11.0,1764,2395,395.0
2023-05-18,2118367,843626870,405.0,393.5,393.5,-12.5,3108,2395,401.0
2023-05-19,1562077,618034873,401.5,392.0,396.0,2.5,1431,2395,396.0
2023-05-22,897182,360098782,404.5,396.0,401.5,5.5,1084,2395,396.0
2023-05-23,623353,248808318,402.0,397.0,398.0,-3.5,753,2395,401.0
2023-05-24,759919,301897436,400.0,394.0,400.0,2.0,802,2395,396.0
2023-05-25,996192,399360620,403.0,397.5,402.0,2.0,793,2395,399.0
2023-05-26,1243777,495550581,401.5,394.5,400.0,-2.0,1399,2395,396.0
2023-05-29,720217,290159015,406.5,400.0,402.5,2.5,831,2395,400.0
2023-05-30,793779,318325870,404.5,397.5,401.0,-1.5,933,2395,402.5
2023-05-31,3409695,1379498206,407.0,394.5,407.0,6.0,1638,2395,398.0
2023-06-01,1135326,450556456,401.0,395.0,396.5,-10.5,1313,2395,401.0
2023-06-02,1061739,420122914,398.0,392.0,396.0,-0.5,1137,2395,395.0
2023-06-05,834821,328664466,396.0,391.5,394.0,-2.0,1069,2395,395.0
2023-06-06,782585,309997260,399.5,392.5,397.0,3.0,965,2395,394.5
2023-06-07,1662108,660962840,401.0,396.5,400.5,3.5,914,2395,399.0
2023-06-08,600850,238314565,402.5,393.5,395.0,-5.5,762,2395,401.0
2023-06-09,1017193,409707651,405.0,398.0,405.0,10.0,1058,2395,400.0
2023-06-12,608375,244282835,409.5,398.0,399.5,-5.5,924,2395,401.5
2023-06-13,910212,370703525,410.0,401.0,409.5,10.0,1132,2395,402.0
2023-06-14,610391,249488262,412.5,406.0,409.0,-0.5,883,2395,410.0
2023-06-15,1340201,554395132,420.0,409.0,414.0,5.0,1897,2395,410.5
2023-06-16,1489051,618786612,416.5,412.0,416.5,2.5,1293,2395,414.0
2023-06-19,962946,404139120,424.5,416.5,419.5,3.0,1114,2395,419.5
2023-06-20,1052882,431313101,420.5,406.5,408.0,-11.5,1449,2395,420.5
2023-06-21,1126473,468815328,420.0,408.5,418.0,10.0,1201,2395,411.0
2023-06-26,1482909,600557703,416.0,401.5,404.5,-13.5,1764,2395,405.0
2023-06-27,652480,265027482,409.0,402.0,404.5,0.0,799,2395,402.0
2023-06-28,338629,137310238,408.5,402.0,406.5,2.0,476,2395,402.0
2023-06-29,651361,262116135,410.0,399.0,401.0,-5.5,1079,2395,410.0
2023-06-30,1070057,434884118,409.5,398.0,409.5,8.5,1046,2395,399.0
2023-07-03,2387656,1013075726,430.0,407.5,430.0,20.5,2345,2395,409.5
2023-07-04,1668979,646312999,391.5,383.5,387.5,0.0,2207,2395,388.0
2023-07-05,1189856,462472043,395.5,386.5,387.5,0.0,1340,2395,395.5
2023-07-06,2173167,830345529,384.0,379.5,382.0,-5.5,1848,2395,383.5
2023-07-07,2362934,882157525,377.0,370.0,374.5,-7.5,2352,2395,375.0
2023-07-10,1537461,571095425,374.0,366.5,370.5,-4.0,1528,2395,373.5
2023-07-11,679827,257431737,380.5,372.5,379.0,8.5,887,2395,374.0
2023-07-12,772373,294470605,383.0,375.0,383.0,4.0,834,2395,375.0
2023-07-13,1720561,673996680,397.0,384.5,390.0,7.0,1546,2395,385.5
2023-07-14,1298294,518053163,402.5,392.0,400.0,10.0,1476,2395,393.5
2023-07-17,2020380,816967034,410.5,402.0,403.0,3.0,1742,2395,409.5
2023-07-18,655268,262947750,406.0,398.0,400.5,-2.5,771,2395,398.5
2023-07-19,1230472,492153586,404.0,398.0,400.0,-0.5,1051,2395,399.5
2023-07-20,2031521,807990750,400.0,396.0,396.5,-3.5,989,2395,398.0
2023-07-21,640674,256702743,405.0,391.0,402.5,6.0,802,2395,395.5
2023-07-24,1121487,449092392,404.0,398.5,400.0,-2.5,957,2395,398.5
2023-07-25,844096,343949073,410.0,402.5,407.0,7.0,1071,2395,402.5
2023-07-26,375082,150717060,409.5,400.0,400.0,-7.0,678,2395,407.0
2023-07-27,1953134,777437938,404.5,394.0,395.0,-5.0,2195,2395,404.5
2023-07-28,665936,265448111,402.5,392.0,402.0,7.0,831,2395,392.0
2023-07-31,1071688,423035892,403.5,391.5,391.5,-10.5,1873,2395,403.0
2023-08-01,1020122,403495680,399.0,390.5,396.0,4.5,1161,2395,397.5
2023-08-02,1825240,700025598,393.0,380.0,382.0,-14.0,2189,2395,392.0
2023-08-04,3087578,1102258601,373.0,350.0,353.0,-29.0,4596,2395,373.0
2023-08-07,1150619,411854588,363.0,352.0,357.5,4.5,1488,2395,352.0
2023-08-08,1619344,572107453,357.0,348.5,354.5,-3.0,2300,2395,351.5
2023-08-09,1693442,596899232,355.5,348.5,352.0,-2.5,1432,2395,354.0
2023-08-10,1560274,542908953,355.0,343.5,347.0,-5.0,1950,2395,352.0
2023-08-11,1089406,381213672,354.0,347.0,348.0,1.0,1225,2395,347.0
2023-08-14,758092,263988048,353.0,345.5,347.5,-0.5,1127,2395,350.0
2023-08-15,968577,335840532,349.0,345.0,345.0,-2.5,1069,2395,349.0
2023-08-16,1086743,376890456,349.0,338.0,349.0,4.0,1228,2395,338.0
2023-08-17,1130025,392217092,349.5,340.0,349.0,0.0,1331,2395,340.0
2023-08-18,1254041,434610779,351.0,343.5,345.5,-3.5,1425,2395,347.0
2023-08-21,940568,326759200,350.0,345.0,346.0,0.5,879,2395,348.0
2023-08-22,1068406,371508420,350.0,346.5,347.5,1.5,941,2395,347.0
2023-08-23,591869,205829566,350.0,344.0,347.5,0.0,702,2395,346.0
2023-08-24,1130049,395035659,352.0,347.0,349.5,2.0,1173,2395,350.5
2023-08-25,691715,239248652,349.5,345.0,345.0,-4.5,883,2395,349.5
2023-08-28,690974,238168753,345.5,342.0,345.0,0.0,958,2395,345.5
2023-08-29,731690,252922569,347.5,341.0,346.5,1.5,866,2395,345.5
2023-08-30,1162794,408133840,354.0,347.0,349.5,3.0,1191,2395,347.0
2023-08-31,1742919,601237238,350.0,343.0,344.0,-5.5,1443,2395,350.0
2023-09-01,813773,281197011,347.5,344.5,344.5,0.5,809,2395,344.5
2023-09-04,744769,257141225,346.5,343.5,346.0,1.5,897,2395,344.0
2023-09-05,538862,185302404,346.0,342.0,346.0,0.0,927,2395,344.0
2023-09-06,1321494,455024432,347.0,343.5,344.0,-2.0,1192,2395,345.5
2023-09-07,636912,219657582,346.5,342.5,344.0,0.0,799,2395,343.5
2023-09-08,466786,161168134,347.0,342.0,345.0,1.0,593,2395,342.5
2023-09-11,1365696,462378647,346.0,333.5,339.0,-6.0,2022,2395,346.0
2023-09-12,791594,273398737,347.5,340.0,346.0,7.0,803,2395,342.0
2023-09-13,954345,331511074,351.0,343.5,347.0,1.0,1065,2395,344.0
2023-09-14,840397,295601553,353.5,346.5,352.5,5.5,984,2395,347.0
2023-09-15,1572210,552091920,353.0,349.5,351.0,-1.5,1006,2395,350.0
2023-09-18,787520,273620776,351.0,344.0,345.0,-6.0,1080,2395,348.0
2023-09-19,901474,310695437,346.5,341.5,345.0,0.0,984,2395,345.5
2023-09-20,1274908,437733442,345.0,341.0,342.5,-2.5,1307,2395,343.5
2023-09-21,1530833,513543063,340.5,333.0,336.5,-6.0,2003,2395,339.0
2023-09-22,724704,249769336,347.5,336.5,347.0,10.5,847,2395,336.5
2023-09-25,1096511,382466555,352.0,344.0,349.5,2.5,1098,2395,345.0
2023-09-26,982904,339600831,347.5,343.0,346.0,-3.5,1042,2395,344.0
2023-09-27,685088,236589183,346.5,342.5,346.5,0.5,669,2395,343.0
2023-09-28,1116971,386104426,351.0,343.5,345.0,-1.5,945,2395,346.5
2023-10-02,804191,277481512,347.0,342.5,344.5,-0.5,831,2395,344.0
2023-10-03,444600,153083908,346.0,341.5,343.5,-1.0,601,2395,341.5
2023-10-04,663050,227261348,345.5,340.5,343.5,0.0,808,2395,341.0
2023-10-05,584733,202866850,349.5,345.0,346.0,2.5,678,2395,347.5
2023-10-06,312404,108212040,350.0,345.0,345.5,-0.5,588,2395,349.0
2023-10-11,2426118,830835105,350.0,334.0,343.5,-2.0,2236,2395,350.0
2023-10-12,1404650,492684428,354.0,344.0,353.0,9.5,1503,2395,347.0
2023-10-13,919446,317683797,350.0,343.5,345.0,-8.0,1045,2395,348.5
2023-10-16,535145,184005613,346.5,342.0,344.5,-0.5,790,2395,346.0
2023-10-17,643997,221738874,346.5,342.0,343.0,-1.5,730,2395,346.0
2023-10-18,1106953,381751364,352.5,341.0,343.0,0.0,1124,2395,352.0
2023-10-19,1158346,391580581,342.0,335.0,339.0,-4.0,1565,2395,340.5
2023-10-20,1158840,386122191,336.5,330.0,333.0,-6.0,1533,2395,334.0
2023-10-23,1008678,333729665,333.5,325.0,333.0,0.0,1305,2395,326.0
2023-10-24,548598,183331825,336.0,330.5,336.0,3.0,735,2395,333.0
2023-10-25,513023,172563387,339.0,335.5,336.0,0.0,660,2395,337.5
2023-10-26,1040592,344550718,336.0,328.0,330.5,-5.5,1243,2395,336.0
2023-10-27,325177,108677959,336.5,332.0,333.5,3.0,500,2395,333.0
2023-10-30,458566,152733135,336.5,331.5,332.5,-1.0,649,2395,331.5
2023-10-31,996020,330430059,334.0,330.0,331.5,-1.0,859,2395,330.5
2023-11-01,738264,245444840,334.5,331.0,331.5,0.0,741,2395,333.0
2023-11-02,1332175,438607263,333.0,321.5,331.5,0.0,1604,2395,325.0
2023-11-03,582693,197420086,342.5,334.0,338.5,7.0,806,2395,334.5
2023-11-06,745689,257113104,346.0,343.0,345.0,6.5,1054,2395,344.5
2023-11-07,677125,232971994,347.5,341.5,344.5,-0.5,724,2395,346.0
2023-11-08,883492,305528833,347.5,345.0,345.0,0.5,743,2395,345.5
2023-11-09,522573,178997891,344.0,341.5,341.5,-3.5,741,2395,341.5
2023-11-10,708712,240491883,341.5,335.0,340.0,-1.5,920,2395,338.0
2023-11-13,506799,174074207,348.5,341.0,342.5,2.5,596,2395,345.5
2023-11-14,883644,303752495,346.5,341.5,342.5,0.0,792,2395,346.5
2023-11-15,2158020,758828516,355.0,347.5,353.0,10.5,1496,2395,351.5
2023-11-16,1123501,392387494,359.0,344.5,346.5,-6.5,1425,2395,354.5
2023-11-17,883132,307032189,350.5,343.0,348.0,1.5,959,2395,346.5
2023-11-20,989588,340924097,349.5,342.5,344.5,-3.5,1236,2395,348.0
2023-11-21,1269032,444601981,352.5,346.0,352.5,8.0,1303,2395,347.0
2023-11-22,573921,198341304,352.5,344.0,345.0,-7.5,1082,2395,352.5
2023-11-23,660079,227897811,348.0,341.5,346.0,1.0,825,2395,343.5
2023-11-24,765908,267404805,352.0,345.0,348.0,2.0,963,2395,349.5
2023-11-27,837374,290023938,351.5,343.5,345.5,-2.5,977,2395,350.0
2023-11-28,1106319,386244512,353.0,344.0,349.5,4.0,1187,2395,345.5
2023-11-29,1291901,456831352,356.0,350.5,354.0,4.5,1401,2395,350.5
2023-11-30,3643171,1285365111,353.5,348.5,353.5,-0.5,1495,2395,352.0
2023-12-01,509022,179931356,355.0,351.5,354.5,1.0,666,2395,353.0
2023-12-04,399545,142222944,357.5,354.5,356.5,2.0,698,2395,355.0
2023-12-05,717581,252394347,357.0,349.5,351.0,-5.5,1009,2395,353.5
2023-12-06,776609,272576951,354.0,349.0,350.0,-1.0,722,2395,351.0
2023-12-07,400359,140587919,353.0,349.5,351.5,1.5,608,2395,352.5
2023-12-08,752316,265023864,354.0,350.5,352.0,0.5,616,2395,353.0
2023-12-11,1102810,397590691,363.5,354.5,363.5,11.5,1449,2395,357.0
2023-12-12,988905,360134451,368.0,360.5,364.5,1.0,1327,2395,367.0
2023-12-13,1009510,368160741,369.5,359.5,366.0,1.5,1202,2395,369.5
2023-12-14,1629057,599004558,373.0,364.0,367.5,1.5,1588,2395,372.0
2023-12-15,3164134,1154187679,368.0,360.5,365.0,-2.5,1758,2395,361.0
2023-12-18,504461,182344503,364.0,359.5,362.0,-3.0,928,2395,360.0
2023-12-19,808912,290857546,361.5,358.0,360.5,-1.5,869,2395,359.0
2023-12-20,688274,247394947,362.5,358.0,358.0,-2.5,820,2395,360.0
2023-12-21,607552,217935677,361.0,352.0,359.5,1.5,762,2395,352.0
2023-12-22,700563,251777252,361.0,355.0,359.5,0.0,594,2395,355.0
2023-12-25,168063,61073262,364.5,360.0,364.0,4.5,426,2395,360.0
2023-12-26,439343,159274344,366.0,361.0,362.0,-2.0,759,2395,366.0
2023-12-27,959138,351867533,370.0,361.5,367.5,5.5,1194,2395,361.5
2023-12-28,864471,319424651,371.0,365.0,369.0,1.5,1138,2395,368.0
2023-12-29,528722,195984278,372.0,368.0,372.0,3.0,724,2395,368.5
2024-01-02,472270,174370979,372.0,367.0,369.5,-2.5,798,2395,371.5
2024-01-03,792648,286150412,367.0,359.5,360.0,-9.5,1252,2395,365.5
2024-01-04,649855,234161584,362.0,359.0,360.0,0.0,723,2395,360.0
2024-01-05,893875,321709546,362.0,357.5,358.5,-1.5,851,2395,357.5
2024-01-08,1044556,378610914,367.0,359.5,361.0,2.5,1169,2395,361.0
2024-01-09,530890,191587525,362.5,360.0,360.0,-1.0,670,2395,362.0
2024-01-10,583980,210467640,363.0,358.0,360.0,0.0,747,2395,363.0
2024-01-11,569782,204456203,360.0,357.5,359.0,-1.0,696,2395,360.0
2024-01-12,710262,250950795,355.0,350.0,354.5,-4.5,1059,2395,353.5
2024-01-15,395904,140268633,356.5,353.0,354.0,-0.5,573,2395,355.0
2024-01-16,1418302,485197038,348.0,340.0,340.5,-13.5,2303,2395,346.0
2024-01-17,2467061,825536383,339.0,331.5,331.5,-9.0,3019,2395,336.0
2024-01-18,838915,279607514,335.5,331.5,331.5,0.0,1227,2395,332.0
2024-01-19,1396223,466151858,336.5,329.5,334.5,3.0,1579,2395,329.5
2024-01-22,1243531,422007313,345.0,335.5,337.5,3.0,1679,2395,339.5
2024-01-23,1017119,346140781,344.0,337.5,340.5,3.0,1220,2395,342.0
2024-01-24,522782,177862192,342.5,338.0,338.5,-2.0,813,2395,341.5
2024-01-25,542092,182928129,341.0,336.0,336.0,-2.5,816,2395,341.0
2024-01-26,351036,118442801,339.0,334.5,337.0,1.0,642,2395,336.0
2024-01-29,497719,168184829,340.0,333.5,338.0,1.0,783,2395,335.0
2024-01-30,650220,220371048,341.5,337.0,337.5,-0.5,778,2395,339.5
2024-01-31,804023,272146302,340.0,336.0,337.5,0.0,669,2395,340.0
2024-02-01,1856971,646454471,351.5,339.5,350.5,13.0,1717,2395,339.5
2024-02-02,2003064,723754907,365.5,352.0,365.0,14.5,2289,2395,352.5
2024-02-05,2622506,969062576,372.0,363.0,370.5,5.5,2420,2395,369.5
2024-02-15,4850300,1860714308,400.0,373.0,383.5,13.0,4233,2395,400.0
2024-02-16,1495920,567194012,381.5,376.0,380.5,-3.0,1737,2395,380.0
2024-02-19,1443781,559652270,390.0,384.0,390.0,9.5,1580,2395,384.0
2024-02-20,1507198,584982815,391.0,383.0,391.0,1.0,1453,2395,384.5
2024-02-21,1292429,504621091,392.0,385.0,392.0,1.0,1308,2395,388.0
2024-02-22,998880,387199660,392.0,386.5,387.0,-5.0,1168,2395,392.0
2024-02-23,1689207,649135344,387.0,379.5,380.0,-7.0,1450,2395,385.5
2024-02-26,1330376,505050923,381.5,377.0,381.5,1.5,1042,2395,378.5
2024-02-27,1059884,399708237,381.5,373.0,378.5,-3.0,1192,2395,380.0
2024-02-29,2401070,930713241,390.0,377.0,390.0,11.5,1562,2395,380.0
2024-03-01,872102,340928599,394.0,386.0,392.0,2.0,1281,2395,387.5
2024-03-04,845785,328450228,390.5,387.0,387.0,-5.0,1536,2395,389.0
2024-03-05,1163914,452812772,394.0,385.5,389.5,2.5,1931,2395,387.0
2024-03-06,795306,310750081,392.5,386.5,390.5,1.0,1257,2395,389.0
2024-03-07,2049779,811878309,400.0,389.0,397.0,6.5,2827,2395,398.0
2024-03-08,1767669,694256273,396.0,388.0,393.0,-4.0,2052,2395,391.0
2024-03-11,3573350,1458399733,432.0,396.5,406.5,13.5,4861,2395,400.0
2024-03-12,1190469,482410226,409.5,403.5,404.0,-2.5,1301,2395,406.5
2024-03-13,1727164,681370814,398.0,392.0,395.0,-9.0,2495,2395,396.0
2024-03-14,1287812,504696586,395.0,389.5,393.0,-2.0,1418,2395,395.0
2024-03-15,2003537,784194846,392.5,387.5,392.0,-1.0,1144,2395,388.0
2024-03-18,749475,293303452,398.0,388.5,389.5,-2.5,1076,2395,393.0
2024-03-19,1313965,514279453,395.0,384.0,392.5,3.0,1160,2395,388.0
2024-03-20,836971,330633203,397.5,391.5,395.0,2.5,864,2395,392.0
2024-03-21,944156,376861293,402.0,395.0,400.0,5.0,1170,2395,398.0
2024-03-22,641830,256169708,401.0,396.0,400.0,0.0,866,2395,396.5
2024-03-25,571598,229938007,406.5,399.0,400.5,0.5,925,2395,400.0
2024-03-26,1142993,463792359,412.0,400.0,404.5,4.0,1542,2395,400.0
2024-03-27,484485,196230990,408.0,400.5,406.0,1.5,727,2395,400.5
2024-03-28,846848,343441421,408.0,402.5,407.0,1.0,1076,2395,404.0
2024-03-29,905078,366171148,410.0,402.0,404.0,-3.0,992,2395,406.0
2024-04-01,978397,391394314,406.5,398.0,400.0,-4.0,1154,2395,406.0
2024-04-02,1016763,402239407,401.0,393.5,395.5,-4.5,1404,2395,398.5
2024-04-03,1144386,446921115,395.5,387.5,390.5,-5.0,1465,2395,395.5
2024-04-08,2900366,1121878586,390.5,380.5,389.0,-1.5,2463,2395,386.0
2024-04-09,974796,383172579,394.5,387.0,394.5,5.5,1089,2395,387.0
2024-04-10,952088,368774552,393.5,383.5,384.0,-10.5,1693,2395,392.0
2024-04-11,559965,215237662,386.0,382.5,386.0,2.0,817,2395,383.5
2024-04-12,1429982,543132242,383.5,378.0,378.5,-7.5,1986,2395,379.5
2024-04-15,1189236,447140389,381.0,374.0,374.5,-4.0,1476,2395,381.0
2024-04-16,1125155,412808529,372.0,364.0,365.0,-9.5,1802,2395,371.5
2024-04-17,581946,215601334,373.0,366.0,371.0,6.0,856,2395,368.5
2024-04-18,815042,301083978,373.0,364.0,372.0,1.0,884,2395,369.5
2024-04-19,1217786,444601138,369.0,359.5,365.0,-7.0,1749,2395,365.5
2024-04-22,842083,310029258,371.5,365.5,368.5,3.5,1041,2395,371.5
2024-04-23,1186631,435579841,375.0,363.5,366.5,-2.0,1392,2395,375.0
2024-04-24,623763,232252275,373.5,369.5,373.5,7.0,817,2395,370.0
2024-04-25,802726,294247301,375.0,364.5,365.0,-8.5,1200,2395,375.0
2024-04-26,1133480,418116378,373.0,366.5,368.0,3.0,845,2395,366.5
2024-04-29,1239505,470025747,383.5,371.0,380.0,12.0,1378,2395,371.0
2024-04-30,978357,371697233,382.5,378.5,380.0,0.0,579,2395,378.5
2024-05-02,2902255,1053796217,372.0,357.5,357.5,-22.5,4390,2395,366.5
2024-05-03,1548748,553768351,360.0,353.5,357.0,-0.5,2161,2395,358.5
2024-05-06,1459218,512649298,354.5,347.5,350.0,-7.0,2202,2395,351.0
2024-05-07,1880092,660995275,354.5,348.5,353.0,3.0,1638,2395,348.5
2024-05-08,1380029,489659258,357.5,351.5,356.5,3.5,971,2395,352.5
2024-05-09,383703,136794164,360.0,354.0,355.5,-1.0,781,2395,354.0
2024-05-10,740486,260272734,354.5,350.0,352.0,-3.5,981,2395,354.5
2024-05-13,630451,221514205,354.0,349.5,352.0,0.0,987,2395,350.0
2024-05-14,684306,239332256,353.0,348.5,349.5,-2.5,1210,2395,349.5
2024-05-15,760392,271926473,361.5,354.0,355.0,5.5,1148,2395,354.0
2024-05-16,1013006,362797695,359.5,355.0,357.5,2.5,1207,2395,358.5
2024-05-17,1552512,547704539,356.5,351.0,351.0,-6.5,1196,2395,353.0
2024-05-20,521610,183651248,354.0,350.0,352.5,1.5,883,2395,351.0
2024-05-21,980824,343460655,353.0,349.0,350.0,-2.5,1019,2395,352.5
2024-05-22,563255,201884670,361.0,350.5,358.0,8.0,861,2395,352.0
2024-05-23,738620,266484203,363.5,358.5,361.5,3.5,970,2395,358.5
2024-05-24,1015487,362170219,359.0,355.0,356.0,-5.5,1047,2395,356.5
2024-05-27,788760,282692081,360.5,356.0,359.0,3.0,1114,2395,357.0
2024-05-28,970974,354095173,366.0,361.0,364.0,5.0,1197,2395,363.0
2024-05-29,1096070,396396561,366.0,358.5,359.0,-5.0,1347,2395,361.5
2024-05-30,1162327,410925093,358.5,350.0,351.5,-7.5,1694,2395,357.5
2024-05-31,1653230,584433788,356.5,351.5,353.0,1.5,1124,2395,351.5
2024-06-03,2036135,753811264,383.5,362.0,362.0,9.0,3001,2395,375.0
2024-06-04,1753722,638478813,373.5,361.0,362.0,0.0,1880,2395,363.0
2024-06-05,912028,330263753,365.5,359.5,361.0,-1.0,1019,2395,359.5
2024-06-06,1183733,425549057,364.0,357.0,360.0,-1.0,1793,2395,361.0
2024-06-07,547862,196925969,361.0,357.5,359.5,-0.5,798,2395,360.0
2024-06-11,1213565,426916450,354.5,350.5,350.5,-9.0,1940,2395,354.0
2024-06-12,1738601,608737677,354.5,349.0,349.5,-1.0,1973,2395,349.0
2024-06-13,2208607,790477330,361.0,351.0,358.0,8.5,2150,2395,353.5
2024-06-14,849437,307348267,364.0,358.0,361.5,3.5,1255,2395,358.5
2024-06-17,1070090,394062206,371.0,363.0,367.5,6.0,1597,2395,363.5
2024-06-18,1236018,457276351,372.0,367.0,370.0,2.5,1301,2395,368.5
2024-06-19,1055449,392995215,374.5,370.0,370.0,0.0,1304,2395,371.0
2024-06-20,1269859,474093012,377.0,366.0,375.0,5.0,1549,2395,370.5
2024-06-21,1540701,575953404,378.0,371.0,372.5,-2.5,1518,2395,375.0
2024-06-24,1018773,382094160,377.0,372.0,375.0,2.5,1210,2395,372.5
2024-06-25,1022145,379654143,375.0,366.0,372.0,-3.0,1267,2395,374.0
2024-06-26,753376,280365595,376.0,369.0,370.5,-1.5,1176,2395,369.5
2024-06-27,1280492,470289334,371.5,360.0,370.0,-0.5,1483,2395,366.0
2024-06-28,1133844,420944519,375.0,368.0,370.0,0.0,1021,2395,368.0
2024-07-01,857851,317491841,373.0,368.0,368.0,-2.0,960,2395,372.0
2024-07-02,1250884,457354899,368.0,363.0,365.5,-2.5,1361,2395,367.0
2024-07-03,507888,187600578,373.0,368.5,369.0,3.5,606,2395,369.5
2024-07-04,1545458,574397671,374.0,370.0,371.0,2.0,991,2395,373.0
2024-07-05,610835,229023265,378.0,372.5,374.0,3.0,856,2395,372.5
2024-07-08,648993,242536637,375.0,369.0,375.0,1.0,957,2395,373.5
2024-07-09,1005694,375494512,377.0,372.0,373.5,-1.5,744,2395,375.0
2024-07-10,801815,299871014,376.0,372.5,372.5,-1.0,1015,2395,375.0
2024-07-11,1250727,470633877,381.0,368.0,378.5,6.0,1422,2395,368.0
2024-07-12,731601,275580380,381.0,373.0,376.0,-2.5,899,2395,378.5
2024-07-15,345163,129559107,380.5,374.0,374.5,-1.5,679,2395,380.5
2024-07-16,886762,336542780,382.5,374.5,380.0,5.5,1236,2395,374.5
2024-07-17,1286494,483354663,378.0,374.0,374.5,-5.5,1506,2395,377.5
2024-07-18,1167629,430189691,372.0,360.5,370.5,0.0,1611,2395,367.0
2024-07-19,785209,289543483,371.5,366.0,367.5,-3.0,1062,2395,367.5
2024-07-22,1649128,617927798,381.5,369.0,373.0,5.5,2064,2395,373.5
2024-07-23,836545,311586574,377.0,369.5,371.0,-2.0,1234,2395,373.0
2024-07-26,2528343,888969358,358.0,349.0,350.0,-21.0,3914,2395,358.0
2024-07-29,1381352,492318853,360.5,353.0,354.0,4.0,1328,2395,354.0
2024-07-30,1487811,512504343,356.5,340.0,344.5,-9.5,2135,2395,356.0
2024-07-31,1181924,411024044,352.0,343.5,346.5,2.0,1193,2395,344.0
2024-08-01,1543943,542363796,354.5,348.0,352.0,5.5,1470,2395,348.5
2024-08-02,1084155,374251424,348.5,340.5,347.0,-5.0,1284,2395,343.0
2024-08-05,1964490,642976524,338.0,319.0,327.0,-20.0,2739,2395,338.0
2024-08-06,1593822,514083743,332.5,315.0,324.0,-3.0,2391,2395,327.0
2024-08-07,757942,254205099,339.5,322.5,339.5,15.5,1180,2395,322.5
2024-08-08,739010,248381336,339.5,334.0,336.0,-3.5,953,2395,334.0
2024-08-09,897061,308751507,350.5,339.5,339.5,3.5,1072,2395,340.0
2024-08-12,573889,199608185,351.0,343.5,345.5,6.0,783,2395,348.0
2024-08-13,650871,225296282,348.0,344.0,346.5,1.0,748,2395,347.5
2024-08-14,1025231,357456579,352.0,346.5,348.5,2.0,1069,2395,350.0
2024-08-15,846713,294858264,353.5,346.5,347.5,-1.0,877,2395,347.5
2024-08-16,1097633,386059177,356.0,348.5,351.0,3.5,1014,2395,353.5
2024-08-19,1163594,406413292,353.0,347.0,348.0,-3.0,1002,2395,352.0
2024-08-20,449839,157328433,351.5,348.5,348.5,0.5,589,2395,351.0
2024-08-21,886348,308376489,351.0,346.5,347.0,-1.5,801,2395,350.0
2024-08-22,344019,119454045,351.0,345.0,346.5,-0.5,580,2395,347.0
2024-08-23,286032,99044619,348.5,343.0,346.5,0.0,454,2395,343.5
2024-08-26,837453,294167506,353.0,348.5,352.0,5.5,896,2395,348.5
2024-08-27,615833,212898632,347.5,343.0,345.5,-6.5,829,2395,347.0
2024-08-28,431828,150370975,350.0,345.0,347.5,2.0,557,2395,345.5
2024-08-29,654299,228248938,351.0,343.0,350.0,2.5,736,2395,345.5
2024-08-30,1855992,648450276,351.5,348.5,349.0,-1.0,1011,2395,350.0
2024-09-02,511406,178858097,353.0,348.0,348.0,-1.0,540,2395,349.0
2024-09-03,1081984,378796609,354.0,348.0,348.0,0.0,684,2395,350.0
2024-09-04,2318659,758427002,333.0,321.5,324.0,-24.0,4851,2395,328.0
2024-09-05,1120831,366634775,331.5,323.0,323.5,-0.5,1312,2395,328.0
2024-09-06,983518,321079950,329.0,320.0,327.0,3.5,1067,2395,325.0
2024-09-09,1785388,560216051,322.0,306.0,321.5,-5.5,1991,2395,310.0
2024-09-10,631913,203487851,326.5,318.5,319.5,-2.0,996,2395,320.5
2024-09-11,712047,229463269,325.0,320.0,320.0,0.5,549,2395,322.0
2024-09-12,803798,260581244,326.5,319.5,323.5,3.5,1858,2395,326.5
2024-09-13,477541,155625232,328.0,323.5,325.5,2.0,1295,2395,323.5
2024-09-16,545133,177217442,328.0,322.5,325.5,0.0,1503,2395,327.0
2024-09-18,761209,244606575,328.5,319.0,320.0,-5.5,1074,2395,328.5
2024-09-19,988615,317603639,325.5,318.0,322.5,2.5,1001,2395,320.5
2024-09-20,1788773,593614081,333.5,327.0,332.5,10.0,1554,2395,327.0
2024-09-23,588065,197518433,338.5,327.5,336.0,3.5,753,2395,336.5
2024-09-24,677052,223606954,335.5,325.5,332.0,-4.0,1075,2395,335.5
2024-09-25,1248435,424465937,345.0,335.5,336.5,4.5,1356,2395,340.0
2024-09-26,1293726,438102581,343.0,334.5,338.5,2.0,1353,2395,341.0
2024-09-27,1060710,358641197,344.0,335.0,338.0,-0.5,1285,2395,344.0
2024-09-30,1900123,617478931,331.5,321.5,321.5,-16.5,2533,2395,324.0
2024-10-01,1344367,429620314,323.0,318.0,319.0,-2.5,2420,2395,320.0
2024-10-04,2212044,704653309,322.0,312.5,319.0,0.0,1621,2395,312.5
2024-10-07,1394450,441493275,320.5,313.0,316.0,-3.0,2012,2395,319.5
2024-10-08,1720120,540355968,317.5,311.5,314.0,-2.0,1715,2395,313.5
2024-10-09,1516399,482772449,322.0,313.5,318.5,4.5,1342,2395,313.5
2024-10-11,975492,311637135,323.0,316.5,317.5,-1.0,1810,2395,323.0
2024-10-14,751054,240508581,323.5,315.5,323.5,6.0,1780,2395,319.0
2024-10-15,705087,230398901,329.5,322.0,327.0,3.5,1058,2395,324.5
2024-10-16,829770,266386974,323.0,319.0,321.5,-5.5,2484,2395,321.0
2024-10-17,303489,98378606,326.5,320.0,325.0,3.5,417,2395,320.0
2024-10-18,689596,224897145,331.0,323.5,324.5,-0.5,899,2395,329.0
2024-10-21,639903,209934185,332.0,325.5,328.0,3.5,778,2395,331.5
2024-10-22,1556393,501649857,325.0,318.5,321.5,-6.5,2296,2395,321.5
2024-10-23,1343344,427479457,324.5,315.5,316.0,-5.5,2051,2395,320.0
2024-10-24,689371,218527301,320.5,312.0,318.0,2.0,947,2395,313.0
2024-10-25,356369,113459291,321.0,317.0,318.0,0.0,696,2395,320.0
2024-10-28,448122,143199384,322.5,316.5,320.0,2.0,757,2395,321.5
2024-10-29,911017,288882706,325.5,313.5,316.0,-4.0,1253,2395,325.5
2024-10-30,1058474,337680573,321.5,313.5,320.0,4.0,1017,2395,313.5
2024-11-01,2124674,653245682,314.5,298.0,313.5,-6.5,3604,2395,298.0
2024-11-04,752329,239591524,322.0,313.0,322.0,8.5,960,2395,315.5
2024-11-05,862594,278998236,326.5,319.0,325.0,3.0,1784,2395,322.0
2024-11-06,1196886,391232565,329.5,325.0,327.0,2.0,2277,2395,325.5
2024-11-07,1419627,476593150,341.0,323.5,336.5,9.5,1909,2395,324.0
2024-11-08,1343052,450636483,341.0,332.0,333.5,-3.0,1365,2395,339.5
2024-11-11,2945188,952066401,328.0,319.5,324.0,-9.5,8837,2395,324.5
2024-11-12,2648308,850552477,323.5,319.0,321.5,-2.5,2318,2395,319.5
2024-11-13,2080882,673425461,325.5,319.0,325.0,3.5,1990,2395,319.0
2024-11-14,1678896,549430412,329.5,324.0,328.0,3.0,1426,2395,324.0
2024-11-15,1227799,404928458,337.0,326.0,327.0,-1.0,2845,2395,328.0
2024-11-18,935153,304852813,327.5,323.5,327.0,0.0,1135,2395,326.5
2024-11-19,1035925,340211284,332.0,323.0,331.5,4.5,996,2395,323.0
2024-11-20,1735322,584463664,340.0,329.0,340.0,8.5,1436,2395,331.5
2024-11-21,1153576,394330396,344.0,337.0,342.0,2.0,1252,2395,337.5
2024-11-22,1272356,443892137,351.5,345.0,349.0,7.0,1474,2395,345.0
2024-11-25,4340287,1532083386,359.0,349.5,349.5,0.5,2305,2395,358.0
2024-11-26,696614,242261333,351.5,344.5,347.5,-2.0,916,2395,346.5
2024-11-27,961800,335021893,352.0,343.5,346.5,-1.0,1120,2395,345.0
2024-11-28,801452,276191152,348.5,341.5,342.5,-4.0,946,2395,346.5
2024-11-29,1103455,371595398,342.0,333.5,335.5,-7.0,1060,2395,337.5
2024-12-02,1077222,374980710,352.0,337.5,347.0,11.5,1300,2395,340.5
2024-12-03,2533616,911200949,364.0,348.0,362.0,15.0,2860,2395,350.0
2024-12-04,895246,322857686,365.0,358.5,360.0,-2.0,1041,2395,361.0
2024-12-05,553559,199452297,362.5,357.0,360.0,0.0,768,2395,359.0
2024-12-06,518285,185594614,361.0,356.0,357.0,-3.0,1024,2395,360.0
2024-12-09,578325,205485932,359.0,351.0,355.5,-1.5,875,2395,357.0
2024-12-10,706595,250225978,357.5,352.0,353.5,-2.0,638,2395,357.5
2024-12-11,598827,212663256,357.5,350.0,355.0,1.5,736,2395,350.5
2024-12-12,999708,351926591,355.5,349.0,352.0,-3.0,870,2395,352.0
2024-12-13,578875,204371578,355.5,349.5,352.5,0.5,747,2395,352.0
2024-12-16,845618,297326060,357.0,349.5,351.0,-1.5,815,2395,355.0
2024-12-17,1460226,513223745,354.0,349.0,351.5,0.5,769,2395,349.0
2024-12-18,851333,303911183,359.0,350.5,359.0,7.5,1046,2395,351.0
2024-12-19,1251688,437083188,352.5,345.0,352.5,-6.5,1479,2395,346.0
2024-12-20,1706523,583433364,351.5,339.0,339.0,-13.5,1982,2395,347.0
2024-12-23,1052895,367172186,351.5,342.0,351.5,12.5,1089,2395,342.0
2024-12-24,646269,226698184,355.5,347.5,348.5,-3.0,809,2395,351.0
2024-12-25,171913,60305490,353.5,349.0,351.5,3.0,340,2395,350.5
2024-12-26,166251,58043827,353.0,348.0,348.0,-3.5,445,2395,351.0
2024-12-27,210208,73471770,351.0,346.0,351.0,3.0,372,2395,346.5
2024-12-30,230256,79973968,353.0,345.5,345.5,-5.5,463,2395,353.0
2024-12-31,719979,247534722,346.5,341.0,346.5,1.0,895,2395,342.0
2025-01-02,601435,206945652,346.5,340.5,344.0,-2.5,911,2395,344.5
2025-01-03,296872,102318815,347.0,342.0,345.0,1.0,468,2395,345.5
2025-01-06,563673,198318845,354.0,348.0,354.0,9.0,1184,2395,348.5
2025-01-07,871622,314520878,364.0,355.5,360.0,6.0,1378,2395,355.5
2025-01-08,2260285,850093361,381.0,358.0,378.0,18.0,3128,2395,360.0
2025-01-09,1148220,422221316,378.0,360.0,360.0,-18.0,2525,2395,378.0
2025-01-10,903139,327384827,365.0,357.0,363.0,3.0,1176,2395,357.5
2025-01-13,1257232,449682756,361.5,352.5,357.5,-5.5,1576,2395,359.5
2025-01-14,579926,206383325,359.5,353.0,357.0,-0.5,855,2395,356.5
2025-01-15,469851,166415656,359.0,351.0,353.0,-4.0,683,2395,357.5
2025-01-16,970863,353763559,373.0,355.0,364.5,11.5,1219,2395,355.0
2025-01-17,1075904,392632111,367.5,361.0,365.0,0.5,956,2395,364.0
2025-01-20,570001,208479974,370.0,363.5,365.5,0.5,807,2395,365.0
2025-01-21,1157101,426242384,373.0,363.0,367.0,1.5,1271,2395,365.5
2025-01-22,1845110,696747409,383.0,368.5,379.0,12.0,2113,2395,369.5
2025-02-03,3653932,1386953915,397.5,371.0,374.5,-4.5,4277,2395,397.5
2025-02-04,5124210,1980692620,397.0,375.0,375.0,0.5,4679,2395,387.0
2025-02-05,5972591,2451622479,412.5,398.0,412.5,37.5,4179,2395,398.0
2025-02-06,4077971,1683469647,418.5,408.5,410.5,-2.0,4831,2395,412.5
2025-02-07,3011066,1249435892,425.0,409.5,411.5,1.0,4534,2395,410.0
2025-02-10,2805146,1151870531,414.5,406.5,409.0,-2.5,3474,2395,411.5
2025-02-11,1575064,645121019,414.0,406.5,409.0,0.0,1875,2395,410.0
2025-02-12,2037889,826092540,411.0,400.0,408.0,-1.0,3233,2395,410.5
2025-02-13,2240154,896696912,406.0,394.5,402.5,-5.5,3792,2395,403.5
2025-02-14,2276686,908950297,403.0,395.5,400.0,-2.5,2501,2395,403.0
2025-02-17,1876022,748186933,402.5,394.5,401.5,1.5,2808,2395,400.5
2025-02-18,2133054,865183579,410.0,396.5,407.5,6.0,2721,2395,400.0
2025-02-19,1820350,745170961,416.0,402.5,406.5,-1.0,2201,2395,407.5
2025-02-20,2068323,856907622,418.0,408.0,415.0,8.5,2644,2395,408.5
2025-02-21,1546538,644969548,421.5,414.0,418.0,3.0,1862,2395,420.0
2025-02-24,1635367,675092910,417.0,410.0,415.0,-3.0,1562,2395,414.5
2025-02-25,1890862,776333664,418.0,405.0,406.0,-9.0,2113,2395,414.0
2025-02-26,2347964,955401880,414.0,399.0,409.5,3.5,2657,2395,402.5
2025-02-27,1470172,597549973,410.5,404.0,406.0,-3.5,1287,2395,409.5
2025-03-03,2792914,1117640140,404.5,396.0,400.5,-5.5,2686,2395,397.5
2025-03-04,1984727,784468229,398.0,390.0,395.5,-5.0,2308,2395,395.0
2025-03-05,2919603,1141659331,396.0,388.5,390.0,-5.5,2938,2395,394.0
2025-03-06,2980405,1219193251,413.0,403.5,409.0,19.0,3614,2395,405.0
2025-03-07,2631503,1045006597,409.0,393.5,395.0,-14.0,3449,2395,409.0
2025-03-10,2078008,820973374,397.5,392.5,394.5,-0.5,1507,2395,394.5
2025-03-11,2314732,900963360,397.5,376.5,395.0,0.5,2575,2395,385.0
2025-03-12,3850126,1503931903,397.0,386.5,390.5,-4.5,2531,2395,397.0
2025-03-13,1618563,633897779,396.5,388.5,391.5,1.0,1423,2395,393.0
2025-03-14,2560331,976278101,395.0,378.5,382.0,-9.5,2427,2395,395.0
2025-03-17,1379945,527440522,384.0,377.5,383.5,1.5,1613,2395,380.0
2025-03-18,1537087,596918515,390.0,384.0,390.0,6.5,1520,2395,384.5
2025-03-19,1442597,558276280,391.0,382.0,387.0,-3.0,1304,2395,389.5
2025-03-20,2352669,925594617,397.0,388.0,394.0,7.0,2086,2395,388.0
2025-03-21,2181105,853097873,393.5,389.0,391.0,-3.0,1069,2395,391.0
2025-03-24,1377219,545527254,402.0,390.5,390.5,-0.5,1237,2395,396.0
2025-03-25,643558,252964703,397.0,391.0,394.0,3.5,678,2395,394.0
2025-03-26,932572,370195434,398.5,393.0,398.5,4.5,981,2395,394.0
2025-03-27,693071,273744223,397.5,391.5,396.0,-2.5,759,2395,394.0
2025-03-28,908930,353610680,397.0,383.0,388.0,-8.0,1262,2395,396.0
2025-03-31,1207584,454527297,382.0,372.5,375.0,-13.0,1425,2395,374.5
2025-04-01,1048922,400418181,385.5,373.0,384.0,9.0,1066,2395,375.0
2025-04-02,1152510,449926420,395.0,378.5,390.0,6.0,1243,2395,382.5
2025-04-07,393115,137983365,351.0,351.0,351.0,-39.0,659,2395,351.0
2025-04-08,2816507,926504726,338.0,321.0,332.0,-19.0,3005,2395,323.0
2025-04-09,2161929,675422458,331.0,299.5,305.5,-26.5,2832,2395,319.5
2025-04-10,1574345,527301920,336.0,326.5,336.0,30.5,1112,2395,336.0
2025-04-11,2483689,808980064,335.0,311.0,333.0,-3.0,3372,2395,312.5
2025-04-14,2263163,764353858,344.0,331.5,338.5,5.5,2530,2395,331.5
2025-04-15,1690828,580640669,347.5,336.0,346.5,8.0,1637,2395,339.5
2025-04-16,2202498,748796018,342.5,336.5,341.0,-5.5,1496,2395,342.5
2025-04-17,1811429,586214813,336.0,317.5,324.0,-17.0,2334,2395,336.0
2025-04-18,579864,190573694,332.0,322.5,330.5,6.5,740,2395,324.0
2025-04-21,481933,156267334,332.0,322.0,325.0,-5.5,1024,2395,332.0
2025-04-22,694971,222764872,323.5,317.0,320.5,-4.5,852,2395,323.0
2025-04-23,1464290,485632262,335.0,327.0,331.5,11.0,1530,2395,327.0
2025-04-24,1034417,338549209,332.0,324.5,327.5,-4.0,1102,2395,331.0
2025-04-25,1426798,479714918,341.5,332.0,333.0,5.5,1450,2395,333.5
2025-04-28,993636,337315918,342.5,333.0,341.0,8.0,1209,2395,333.5
2025-04-29,1204395,414962086,347.5,340.5,345.0,4.0,1197,2395,344.0
2025-04-30,2706010,915913178,346.0,334.5,337.0,-8.0,1816,2395,343.0
2025-05-02,1239636,420241473,343.0,333.0,339.5,2.5,1438,2395,339.0
2025-05-05,1197552,408009456,345.5,335.5,339.0,-0.5,1390,2395,345.0
2025-05-06,1601580,551378400,349.0,339.0,345.0,6.0,1831,2395,345.0
2025-05-07,1760630,602090706,351.0,337.5,340.5,-4.5,966,2395,351.0
2025-05-08,979131,334740862,345.5,337.0,342.5,2.0,913,2395,340.0
2025-05-09,1145807,390076441,344.0,338.0,341.5,-1.0,1181,2395,341.5
2025-05-12,1265913,439254772,349.5,344.5,347.5,6.0,1077,2395,345.0
2025-05-13,2321323,814826464,359.5,344.5,347.0,-0.5,1648,2395,354.0
2025-05-14,1308472,451805692,348.0,342.0,347.0,0.0,1488,2395,345.0
2025-05-15,1230835,425637940,349.0,344.0,344.0,-3.0,1425,2395,347.5
2025-05-16,659040,228690181,349.0,345.5,345.5,1.5,1061,2395,347.5
2025-05-19,1488641,517395166,350.5,344.0,344.0,-1.5,1275,2395,347.0
2025-05-20,1501660,518082255,349.0,343.0,345.0,1.0,1367,2395,349.0
2025-05-21,5484452,1902214602,349.5,344.5,349.5,4.5,1829,2395,348.0
2025-05-22,1391118,477540785,348.5,341.5,343.5,-6.0,1511,2395,347.5
2025-05-23,1173511,402927112,347.5,339.5,342.5,-1.0,1219,2395,346.0
2025-05-26,1473329,513019265,352.0,342.0,349.0,6.5,1752,2395,342.5
2025-05-27,1166092,404100175,351.5,343.0,343.0,-6.0,1269,2395,348.5
2025-05-28,770999,265860142,348.0,341.5,345.5,2.5,801,2395,345.0
2025-05-29,3941309,1351708793,349.0,341.5,342.0,-3.5,1601,2395,347.0
2025-06-02,1390886,470107419,341.0,334.0,340.0,-2.0,1317,2395,334.0
2025-06-03,756467,259397942,345.0,340.0,343.0,3.0,832,2395,342.0
2025-06-04,1392459,479840654,348.5,341.0,345.5,2.5,1255,2395,346.5
2025-06-05,844059,293922058,351.0,342.5,349.0,3.5,1098,2395,342.5
2025-06-06,1350286,459083366,348.0,337.0,339.5,-9.5,2218,2395,347.5
2025-06-09,677938,232980207,345.0,341.0,344.5,5.0,838,2395,341.0
2025-06-10,833721,289270455,349.0,344.0,346.0,1.5,960,2395,346.5
2025-06-11,1355585,474570167,352.0,345.5,351.5,5.5,911,2395,345.5
2025-06-12,777498,271142823,352.0,346.5,348.0,-3.5,1033,2395,348.0
2025-06-13,1183611,407914941,347.0,341.5,345.0,-3.0,1182,2395,344.0
2025-06-16,1565228,529347020,342.5,336.0,339.0,-6.0,1397,2395,342.5
2025-06-17,1195078,404640024,344.0,336.5,337.0,-2.0,1154,2395,342.5
2025-06-18,704550,238825780,340.5,336.5,340.0,3.0,804,2395,337.0
2025-06-19,1275095,424630423,337.5,331.5,332.5,-7.5,1649,2395,337.0
2025-06-20,916120,301886602,333.5,327.0,329.5,-3.0,1061,2395,331.5
2025-06-23,926235,302732746,329.0,322.5,327.5,-2.0,1081,2395,325.0
2025-06-24,674376,224563127,336.0,331.5,333.5,6.0,734,2395,334.0
2025-06-25,1102244,369730290,337.5,334.0,334.5,1.0,969,2395,335.5
2025-06-26,748112,252902588,341.5,334.5,336.5,2.0,954,2395,336.5
2025-06-27,896490,303222849,340.0,336.0,339.5,3.0,1028,2395,339.5
2025-06-30,808797,274787301,341.5,336.0,340.0,0.5,871,2395,339.5
2025-07-01,1050186,358829083,344.0,339.0,340.0,0.0,1092,2395,339.0
2025-07-02,695546,236014821,343.0,338.0,338.0,-2.0,752,2395,339.0
2025-07-03,1132312,387919308,344.0,339.0,343.0,5.0,948,2395,339.5
2025-07-04,648279,222897092,346.0,341.5,344.0,1.0,737,2395,343.5
2025-07-07,621599,212288470,348.0,339.5,339.5,-4.5,923,2395,348.0
2025-07-08,1512126,512451600,341.5,335.5,340.5,1.0,1077,2395,339.5
2025-07-09,1420888,484942948,343.5,337.0,342.0,1.5,973,2395,337.0
2025-07-10,1319705,455353604,347.0,342.0,345.5,3.5,952,2395,342.0
2025-07-11,1290833,450045058,351.0,346.0,348.5,3.0,1059,2395,348.0
2025-07-14,598420,205905850,352.0,342.0,342.0,-6.5,853,2395,352.0
2025-07-15,812750,275537997,343.0,337.0,337.5,-4.5,1213,2395,342.0
2025-07-16,1125866,380603007,341.0,336.5,337.5,0.0,1469,2395,337.5
2025-07-17,771624,255385637,332.5,328.0,331.0,0.0,1174,2395,329.0
2025-07-18,878679,295351312,339.0,333.0,334.0,3.0,1026,2395,335.0
2025-07-21,901995,307095371,343.5,334.5,340.5,6.5,1196,2395,336.0
2025-07-22,753009,253410854,344.5,333.5,334.5,-6.0,1132,2395,341.0
2025-07-23,977293,331711068,341.0,336.5,339.0,4.5,872,2395,339.0
2025-07-24,638380,215924598,340.0,337.0,338.0,-1.0,903,2395,340.0
2025-07-25,892601,305891893,346.5,338.0,341.0,3.0,1060,2395,339.0
2025-07-28,1084090,369670402,343.5,339.0,340.0,-1.0,1189,2395,342.0
2025-07-29,863317,288752617,342.0,332.5,333.0,-7.0,1198,2395,342.0
2025-07-30,905726,306308124,339.5,335.0,339.0,6.0,992,2395,338.0
2025-07-31,731488,245947220,340.0,334.5,335.5,-3.5,840,2395,338.0
2025-08-01,3339267,1075857479,333.0,317.5,317.5,-18.0,5652,2395,332.0
2025-08-04,2037417,653038830,325.5,312.5,323.0,5.5,2149,2395,316.0
2025-08-05,2725088,883648635,329.5,318.5,328.0,5.0,3824,2395,324.0
2025-08-06,2276822,741523726,328.0,322.0,325.5,-2.5,3197,2395,326.0
2025-08-07,3402119,1123982719,333.0,327.0,329.0,3.5,2747,2395,328.5
2025-08-08,3139660,1020331198,331.5,322.0,322.0,-7.0,3188,2395,329.0
2025-08-11,4163389,1328156888,325.5,316.0,319.0,-3.0,3777,2395,325.0
2025-08-12,2110881,674208657,321.5,317.0,319.0,0.0,1982,2395,319.0
2025-08-13,2212607,701907934,324.0,314.5,315.5,-3.5,3158,2395,322.0
2025-08-14,3617070,1141681965,318.5,314.5,315.0,-0.5,3016,2395,318.5
2025-08-15,2261209,717653585,319.0,313.5,318.0,3.0,1643,2395,315.0
2025-08-18,2106102,667275155,321.5,314.5,315.0,-3.0,2428,2395,318.0
2025-08-19,2254522,710249639,317.0,314.0,315.5,0.5,2082,2395,315.0
2025-08-20,2502981,780527958,317.0,310.0,310.0,-5.5,2961,2395,315.5
2025-08-21,1446631,456228917,317.5,313.5,315.0,5.0,1561,2395,315.0
2025-08-22,1526913,480679578,317.5,311.0,315.0,0.0,1519,2395,314.5
2025-08-25,1429642,457314600,322.5,317.0,319.0,4.0,1904,2395,318.5
2025-08-26,4871391,1575070828,328.0,319.5,322.0,3.0,3200,2395,322.0
2025-08-27,7247165,2511916749,354.0,338.0,354.0,32.0,10154,2395,338.0
2025-08-28,13982712,5074430131,377.0,354.0,354.5,0.5,16242,2395,364.5
2025-08-29,6474708,2256787933,360.5,344.0,344.0,-10.5,9278,2395,358.5
2025-09-01,4696150,1637751545,356.0,344.0,344.0,0.0,6281,2395,348.0
2025-09-02,2433905,828033752,348.0,335.5,337.5,-6.5,4088,2395,347.0
2025-09-03,2000274,675617087,341.0,336.0,336.5,-1.0,2601,2395,337.0
2025-09-04,2144826,721826078,339.5,333.5,333.5,-3.0,3277,2395,335.5
2025-09-05,1354655,459973967,342.5,335.0,341.0,7.5,2008,2395,335.5
2025-09-08,1551229,526998762,345.0,337.0,338.0,-3.0,2166,2395,343.0
2025-09-09,1668228,567503151,342.0,337.0,340.5,2.5,2119,2395,341.0
2025-09-10,2749415,962103154,353.5,341.0,351.0,10.5,3965,2395,341.0
2025-09-11,2424854,845150593,354.5,344.0,344.0,-7.0,3167,2395,352.5
2025-09-12,1762200,609201754,348.0,344.0,344.0,0.0,1934,2395,344.5
2025-09-15,1492737,504386251,344.0,335.0,337.0,-7.0,2599,2395,344.0
2025-09-16,1997964,671561777,338.0,334.5,335.0,-2.0,2242,2395,337.0
2025-09-17,2393585,785810333,332.5,324.0,324.0,-11.0,4769,2395,329.5
2025-09-18,3192882,1041662120,331.5,320.0,326.0,2.0,3370,2395,320.0
2025-09-19,4164881,1346691649,329.0,321.5,324.0,-2.0,3900,2395,329.0
2025-09-22,1951395,636916144,329.5,324.5,325.0,1.0,2055,2395,324.5
2025-09-23,1599508,525625491,333.5,326.0,327.5,2.5,1888,2395,329.5
2025-09-24,1283295,419542196,329.5,325.0,327.0,-0.5,1879,2395,327.5
2025-09-25,1847631,595182903,324.5,321.0,321.0,-6.0,3337,2395,324.0
2025-09-26,2471524,783520559,322.0,314.0,316.5,-4.5,3425,2395,322.0
2025-09-30,2499450,800087664,324.5,317.5,319.0,2.5,2658,2395,318.5
2025-10-01,1310766,417979568,322.0,315.0,318.0,-1.0,1756,2395,315.0
2025-10-02,869712,276447792,321.5,316.5,317.0,-1.0,2070,2395,321.0
2025-10-03,1188839,377968317,320.0,316.0,319.0,2.0,1604,2395,317.0
2025-10-07,1952279,629231003,324.5,319.0,323.0,4.0,2010,2395,319.0
2025-10-08,1712111,557674986,327.5,321.0,326.0,3.0,1763,2395,323.0
2025-10-09,2391744,785817751,332.0,325.0,326.5,0.5,2873,2395,330.0
2025-10-13,2073613,661278378,322.0,312.5,320.5,-6.0,4096,2395,317.0
2025-10-14,2138251,694362062,331.0,318.5,318.5,-2.0,2530,2395,323.0
2025-10-15,1842463,593313933,324.0,319.5,323.5,5.0,2047,2395,320.5
2025-10-16,1178488,385484798,329.5,324.5,326.5,3.0,2337,2395,325.5
2025-10-17,981259,319210827,328.0,323.5,325.0,-1.5,4457,2395,323.5
2025-10-20,1672479,541860669,330.5,321.5,322.0,-3.0,2057,2395,329.5
2025-10-21,1873596,606621756,326.0,320.5,325.0,3.0,2190,2395,324.0
2025-10-22,995437,324784831,327.5,324.0,326.5,1.5,1764,2395,325.5
2025-10-23,558358,180457508,325.0,321.0,323.5,-3.0,1940,2395,325.0
2025-10-27,1778413,575948045,327.5,320.0,325.0,1.5,2858,2395,327.5
2025-10-28,2508846,829744353,334.5,328.0,328.5,3.5,3356,2395,328.5
2025-10-29,1403990,465258646,332.5,328.5,330.5,2.0,3846,2395,331.5
2025-10-30,1586210,519678469,334.5,323.5,325.0,-5.5,2670,2395,331.5
2025-10-31,4261329,1346115410,326.0,313.0,313.5,-11.5,8240,2395,325.0
2025-11-03,2198962,691785641,318.0,310.0,316.5,3.0,3121,2395,310.0
2025-11-04,2525228,787556637,318.5,309.0,309.0,-7.5,4555,2395,315.0
2025-11-05,2047897,626542176,309.5,302.5,308.0,-1.0,3260,2395,305.0
2025-11-06,2185439,680826417,315.5,307.0,312.5,4.5,2667,2395,312.0
2025-11-07,2422735,744474460,314.0,303.5,303.5,-9.0,4129,2395,311.5
2025-11-10,1449858,437097088,304.5,300.0,300.0,-3.5,3813,2395,304.0
2025-11-11,1542927,462869415,303.5,298.0,298.0,-2.0,3227,2395,302.0
2025-11-12,1765729,528866177,301.5,298.0,298.0,0.0,2411,2395,300.5
2025-11-13,2388498,702882853,296.5,291.0,295.0,-3.0,3910,2395,296.0
2025-11-14,2110757,616969106,295.0,289.0,290.5,-4.5,3490,2395,291.0
2025-11-17,2403329,705528777,296.0,290.5,293.0,2.5,2770,2395,292.5
2025-11-18,3180588,906600639,290.5,281.0,281.0,-12.0,5814,2395,289.0
2025-11-19,2998392,834612733,284.0,276.0,276.5,-4.5,4159,2395,283.0
2025-11-20,2794245,782345450,283.5,277.5,280.0,3.5,3043,2395,282.0
2025-11-21,3454103,974826159,287.5,273.0,281.5,1.5,3357,2395,273.5
2025-11-24,5516891,1578266017,291.0,280.0,287.0,5.5,3676,2395,283.0
2025-11-25,2796646,796682829,289.0,283.0,285.0,-2.0,4129,2395,287.0
2025-11-26,1811615,521337590,289.5,284.0,289.5,4.5,2226,2395,284.0
2025-11-27,2129047,613277827,291.5,286.5,288.0,-1.5,2850,2395,288.0
2025-11-28,1558855,448187030,290.0,285.0,288.0,0.0,1763,2395,287.0
2025-12-01,1645970,477361416,295.0,288.0,288.0,0.0,2238,2395,290.5
2025-12-02,1330890,381971717,290.0,285.0,287.0,-1.0,1845,2395,290.0
2025-12-03,1175652,339891084,291.0,287.5,287.5,0.5,1446,2395,290.0
2025-12-04,922138,266977050,292.0,288.0,290.0,2.5,1553,2395,288.0
2025-12-05,1428638,409879204,291.5,285.0,287.0,-3.0,2248,2395,291.0
2025-12-08,953156,272909473,289.0,285.0,286.0,-1.0,1903,2395,289.0
2025-12-09,1476870,419812500,290.0,282.0,284.5,-1.5,2742,2395,289.0
2025-12-10,1742856,491791020,284.0,280.5,282.5,-2.0,2277,2395,282.0
2025-12-11,1447975,409341930,285.0,281.5,281.5,-1.0,2186,2395,284.5
2025-12-12,1627436,456582383,284.0,279.0,280.0,-1.5,2609,2395,284.0
2025-12-15,1703415,471230668,279.5,272.5,276.5,-3.5,2985,2395,275.5
2025-12-16,2555623,701936231,278.5,272.0,274.0,-2.5,3242,2395,275.0
2025-12-17,1883651,517573097,276.5,273.5,273.5,-0.5,2044,2395,274.0
2025-12-18,1371990,376068871,276.0,271.0,275.0,1.5,1976,2395,272.0
2025-12-19,3178278,894720110,282.5,274.5,282.5,7.5,1882,2395,274.5
2025-12-22,874658,247461556,284.5,280.0,283.0,0.5,1375,2395,284.0
2025-12-23,1162191,331283685,286.5,283.0,284.5,1.5,1529,2395,283.0
2025-12-24,1225418,353302005,292.0,286.0,286.0,1.5,1761,2395,286.5
2025-12-26,648611,184787039,288.0,283.5,284.5,-1.5,1249,2395,287.5
2025-12-29,582828,167000824,288.0,284.0,286.5,2.0,1064,2395,285.0
2025-12-30,942271,270515751,289.0,284.0,287.0,0.5,2207,2395,285.0
2025-12-31,858392,247438001,290.5,286.0,288.0,1.0,1421,2395,289.5
2026-01-02,1602712,463204404,294.5,285.0,286.5,-1.5,3089,2395,291.0
2026-01-05,1457349,421753845,292.0,287.5,289.5,3.0,2037,2395,290.0
2026-01-06,1627973,467939475,291.5,285.5,288.0,-1.5,2643,2395,291.5
2026-01-07,1566949,454733663,294.0,288.0,288.5,0.5,2120,2395,288.5
2026-01-08,1433310,411249559,292.0,285.0,285.5,-3.0,2160,2395,291.5
2026-01-09,1812392,522699489,291.0,285.0,288.5,3.0,2159,2395,286.5
2026-01-12,1383957,398455108,293.5,286.0,288.0,-0.5,2248,2395,293.5
2026-01-13,1769171,509813215,292.5,285.0,287.0,-1.0,2127,2395,291.5
2026-01-14,1872935,546529697,294.0,288.0,292.5,5.5,2569,2395,290.0
2026-01-15,2221868,642162973,296.5,286.5,287.5,-5.0,2875,2395,293.5
2026-01-16,1763124,507091993,290.5,286.0,287.5,0.0,2272,2395,289.5
2026-01-19,2135313,615174262,290.5,285.0,287.0,-0.5,2564,2395,287.5
2026-01-20,3681100,1033692146,287.0,278.5,280.0,-7.0,6345,2395,286.0
2026-01-21,3286050,906533559,278.0,274.5,275.0,-5.0,4296,2395,276.5
2026-01-22,3298438,931620836,285.5,277.5,285.5,10.5,2415,2395,279.5
2026-01-23,2212909,634598269,289.5,283.0,288.0,2.5,2641,2395,286.0
2026-01-26,1494869,430822651,290.5,286.0,288.5,0.5,2120,2395,289.0
2026-01-27,1818978,527662211,293.0,287.0,290.5,2.0,2437,2395,290.0
2026-01-28,3382549,999155566,300.0,290.5,298.5,8.0,4056,2395,291.5
2026-01-29,5524843,1657483577,309.0,291.0,305.0,6.5,6476,2395,308.0
2026-01-30,5114573,1526453560,304.0,293.0,299.5,-5.5,5394,2395,301.0
2026-02-02,4031753,1183093406,303.0,290.5,291.5,-8.0,4741,2395,300.5
2026-02-03,2470931,718317647,296.0,288.0,290.0,-1.5,3104,2395,296.0
2026-02-04,1492981,430766139,291.5,287.5,287.5,-2.5,2283,2395,288.0
2026-02-05,1362734,394453122,293.0,285.5,287.5,0.0,1914,2395,286.5
2026-02-06,1939721,554426161,288.0,283.0,287.5,0.0,2376,2395,287.5
2026-02-09,2450562,720564779,302.0,290.0,291.0,3.5,3031,2395,298.0
2026-02-10,2350035,692258379,297.5,290.5,297.5,6.5,3089,2395,291.5
2026-02-11,4338052,1319499560,307.0,299.5,305.0,7.5,6274,2395,300.0
2026-02-23,5505664,1739215411,324.0,310.0,315.0,10.0,9941,2395,320.0
2026-02-24,4866239,1555906508,324.5,311.5,324.0,9.0,7677,2395,314.0
2026-02-25,5146369,1700118064,334.0,324.5,333.0,9.0,11631,2395,325.0
2026-02-26,5708946,1898504726,336.5,325.5,336.5,3.5,9650,2395,332.0
2026-03-02,5795583,1946039039,342.5,331.0,336.5,0.0,6271,2395,340.0
2026-03-03,4245858,1403821430,338.5,326.0,330.0,-6.5,5439,2395,336.5
2026-03-04,4359482,1382233305,325.0,311.5,311.5,-18.5,5918,2395,324.5
2026-03-05,6795655,2315528899,342.5,334.0,342.5,31.0,9726,2395,335.5
2026-03-06,20083460,7349129217,376.5,344.5,375.0,32.5,22569,2395,349.0
2026-03-09,8360252,2943269893,367.0,343.0,347.0,-28.0,9892,2395,346.0
2026-03-10,7015849,2452822708,362.5,338.5,345.5,-1.5,8369,2395,355.0
2026-03-11,3584252,1243258981,353.5,342.5,346.0,0.5,5256,2395,352.5
2026-03-12,2778897,950207985,346.0,337.0,345.0,-1.0,4606,2395,344.0
2026-03-13,2283902,779732771,344.0,336.5,342.5,-2.5,2985,2395,340.0
2026-03-16,2875934,983800339,352.5,337.5,340.0,-2.5,4043,2395,348.0
2026-03-17,2483539,861123782,350.0,342.5,348.0,8.0,3396,2395,345.5
2026-03-18,2456943,858920151,354.0,346.0,349.0,1.0,3644,2395,352.0
2026-03-19,1805308,616558788,345.0,339.0,342.0,-7.0,3245,2395,344.0
2026-03-20,4204405,1440726148,345.5,338.0,344.0,2.0,3533,2395,340.5
2026-03-23,2600820,866989927,339.5,330.0,330.0,-14.0,4426,2395,336.5
2026-03-24,1592173,528903305,337.0,328.0,330.0,0.0,2368,2395,335.0
2026-03-25,1495264,500393713,337.5,332.0,333.5,3.5,2050,2395,337.0
2026-03-26,3120575,1064230666,346.5,335.5,339.0,5.5,3820,2395,336.0
2026-03-27,1783446,592012232,336.0,329.0,332.5,-6.5,2629,2395,333.5
2026-03-30,2195039,709866188,328.5,321.5,321.5,-11.0,3748,2395,323.0
2026-03-31,4336957,1385356459,324.0,313.5,318.5,-3.0,4309,2395,319.5
2026-04-01,1943014,643837550,334.0,328.0,331.0,12.5,3879,2395,328.5
2026-04-02,2038229,658237357,334.0,317.0,323.5,-7.5,3029,2395,334.0
2026-04-07,1325892,427988762,325.5,318.5,322.5,-1.0,2362,2395,321.5
2026-04-08,3507052,1210901446,351.5,335.0,348.5,26.0,4840,2395,339.0
2026-04-09,2795111,972389987,353.5,345.0,348.0,-0.5,3362,2395,350.0
2026-04-10,2574500,895893774,356.0,343.5,346.0,-2.0,3386,2395,350.0
2026-04-13,2053407,701606585,346.5,339.5,342.5,-3.5,2886,2395,345.0
2026-04-14,2414958,834061037,349.5,342.5,344.0,1.5,2837,2395,346.0
2026-04-15,2818772,980437551,351.5,345.5,348.0,4.0,3324,2395,350.0
2026-04-16,3946978,1402000616,362.0,351.5,355.0,7.0,4652,2395,353.0
2026-04-17,5334989,1951475482,372.0,359.5,366.0,11.0,6347,2395,360.0
2026-04-20,3362601,1237930508,376.5,363.0,363.5,-2.5,4641,2395,375.0
2026-04-21,2497446,903430665,368.0,355.5,364.5,1.0,3898,2395,368.0
2026-04-22,2504454,909100196,366.0,361.0,361.0,-3.5,3194,2395,363.0
2026-04-23,2674896,959004532,370.0,348.0,356.5,-4.5,4120,2395,361.5
2026-04-24,1858933,655284764,358.0,349.0,354.0,-2.5,3034,2395,357.0
2026-04-27,3812756,1381586202,367.0,356.5,363.0,9.0,4530,2395,356.5
2026-04-28,3617389,1335822359,376.0,364.5,367.0,4.0,4408,2395,370.0
2026-04-29,2157712,790216304,371.0,363.0,366.0,-1.0,2911,2395,370.0
2026-04-30,3072034,1111238984,369.5,357.5,359.5,-6.5,4151,2395,367.0
2026-05-04,8477702,3266214888,395.0,364.5,395.0,35.5,10892,2395,369.0
2026-05-05,5246646,2078070185,403.5,388.0,396.5,1.5,8132,2395,391.0
2026-05-06,7142460,2911339033,415.0,399.0,409.5,13.0,8483,2395,400.5
2026-05-07,9165942,4082958952,450.0,423.5,444.0,34.5,14474,2395,445.0
2026-05-08,10464742,4995165389,488.0,449.5,476.5,32.5,13709,2395,450.0
2026-05-11,5602704,2679798554,486.0,463.0,478.5,2.0,7140,2395,483.0
2026-05-12,6168779,3035976834,500.0,484.0,494.5,16.0,7732,2395,487.0
2026-05-13,5162857,2413833411,480.5,459.5,464.5,-30.0,9021,2395,477.5
2026-05-14,4931462,2284535313,471.0,456.5,465.0,0.5,6034,2395,461.0
2026-05-15,4933263,2340304800,494.5,458.5,459.5,-5.5,7695,2395,480.5
2026-05-18,4156066,1878788044,462.0,439.0,457.5,-2.0,5492,2395,451.0
2026-05-19,4170741,1939808182,477.0,457.5,461.5,4.0,5677,2395,463.0
2026-05-20,3232585,1494121079,471.0,457.5,465.0,3.5,3791,2395,462.0
2026-05-21,3953423,1846411653,479.5,462.0,463.5,-1.5,5242,2395,475.0
2026-05-22,5009787,2341012865,472.5,458.5,469.0,5.5,5040,2395,467.0
2026-05-25,5141719,2575511581,510.0,490.5,498.5,29.5,8899,2395,499.0
2026-05-26,4127639,2067220455,511.0,485.5,510.0,11.5,7164,2395,498.5
2026-05-27,4521072,2323157024,530.0,503.0,509.0,-1.0,6707,2395,507.0
2026-05-28,4642973,2322915820,523.0,488.5,490.5,-18.5,7929,2395,509.0
2026-05-29,10573832,5269181279,515.0,492.0,495.0,4.5,6142,2395,496.0
2026-06-01,3813940,1970690498,525.0,505.0,517.0,22.0,6275,2395,505.0
2026-06-02,6795914,3527114795,530.0,508.0,515.0,-2.0,8790,2395,520.0
2026-06-03,4019813,2052268022,520.0,500.0,513.0,-2.0,5577,2395,519.0
2026-06-04,4921053,2581606448,539.0,508.0,522.0,9.0,6656,2395,509.0
2026-06-05,5250790,2626871308,515.0,493.0,496.0,-26.0,8802,2395,511.0
2026-06-08,3763357,1756849366,474.5,456.0,471.0,-25.0,7101,2395,456.0
2026-06-09,4107302,1993736378,492.0,473.5,489.5,18.5,5180,2395,473.5
2026-06-10,3732799,1771099989,493.0,462.0,465.5,-24.0,7245,2395,485.0
2026-06-11,4185113,1917928173,467.0,449.0,464.0,-1.5,5788,2395,456.0
2026-06-12,1178582,558450501,481.0,469.5,473.0,9.0,2429,2395,475.0
2026-06-15,1974869,961071795,494.0,480.5,485.0,12.0,3314,2395,486.0
2026-06-16,1707551,818866126,493.0,475.0,480.0,-5.0,3476,2395,493.0
2026-06-17,2442444,1179518234,488.5,470.5,488.5,8.5,3059,2395,472.0
2026-06-18,4327273,2143923387,504.0,490.0,494.0,5.5,4420,2395,494.5
