date,capacity,turnover,high,low,close,change,transaction_volume,stock_code_id,open
2015-01-05,16911465,1427536792,86.6,80.9,86.6,5.6,7267,2408,81.6
2015-01-06,27721875,2374991930,89.3,82.1,82.6,-4.0,13203,2408,86.4
2015-01-07,12483512,1010448784,82.5,80.0,80.6,-2.0,5454,2408,81.8
2015-01-08,8208941,675532868,83.3,80.7,81.8,1.2,4260,2408,80.7
2015-01-09,9031909,746646529,83.9,81.0,81.0,-0.8,4424,2408,83.8
2015-01-12,8354369,666764844,81.6,78.3,78.8,-2.2,3598,2408,81.1
2015-01-13,9783204,753368217,78.5,76.2,76.2,-2.6,4230,2408,77.3
2015-01-14,8711711,656027621,77.5,74.1,77.3,1.1,4669,2408,75.6
2015-01-15,4041655,310224019,77.5,75.8,76.1,-1.2,2355,2408,77.0
2015-01-16,4220030,318102335,76.1,74.5,75.2,-0.9,2440,2408,75.8
2015-01-19,6794959,494921825,75.2,70.5,71.8,-3.4,3551,2408,75.1
2015-01-20,8027400,604812869,76.8,71.8,76.8,5.0,4184,2408,71.8
2015-01-21,11702813,914137169,79.6,76.9,76.9,0.1,5892,2408,78.1
2015-01-22,9788892,776561886,80.4,77.4,79.7,2.8,4622,2408,78.5
2015-01-23,6197636,495206880,81.4,79.0,79.0,-0.7,3362,2408,80.7
2015-01-26,3767387,299695616,80.4,79.0,79.3,0.3,1862,2408,79.0
2015-01-27,5002541,399587187,80.9,79.0,79.8,0.5,2471,2408,80.4
2015-01-28,11748604,916329398,80.3,77.0,77.1,-2.7,5589,2408,79.8
2015-01-29,5327301,411332672,78.3,75.9,77.4,0.3,3193,2408,76.5
2015-01-30,3615405,277376785,78.2,75.8,76.3,-1.1,1961,2408,78.1
2015-02-02,2936169,221583303,76.6,74.5,75.3,-1.0,1727,2408,75.9
2015-02-03,3364927,254657647,76.5,74.7,75.8,0.5,2021,2408,75.2
2015-02-04,3575078,276168696,78.1,76.5,77.3,1.5,1964,2408,76.5
2015-02-05,12967224,1029123186,80.2,78.5,79.5,2.2,5757,2408,78.8
2015-02-06,4963229,394885238,80.8,79.0,79.0,-0.5,2750,2408,80.5
2015-02-09,2518978,197863438,79.3,78.0,79.0,0.0,1443,2408,78.8
2015-02-10,2599482,205055070,79.6,78.2,78.4,-0.6,1737,2408,79.4
2015-02-11,3948136,308840132,80.0,76.9,77.7,-0.7,2228,2408,79.9
2015-02-12,2254291,175485043,78.4,77.2,78.0,0.3,1601,2408,77.5
2015-02-13,1602640,125328597,78.8,77.7,77.8,-0.2,1170,2408,78.8
2015-02-24,1784279,139161207,78.9,77.5,77.7,-0.1,1191,2408,78.9
2015-02-25,6191511,493283069,80.4,78.5,79.2,1.5,3307,2408,78.6
2015-02-26,3258544,253819844,78.5,77.1,78.4,-0.8,2002,2408,78.2
2015-03-02,1463078,114010356,78.6,77.4,78.3,-0.1,1180,2408,78.4
2015-03-03,3741402,296028316,79.8,78.1,79.5,1.2,2089,2408,78.6
2015-03-04,1934305,152044890,79.2,78.1,78.6,-0.9,1216,2408,78.9
2015-03-05,6742830,538040171,80.5,78.8,79.5,0.9,3558,2408,79.2
2015-03-06,2539367,200940691,80.0,78.6,78.9,-0.6,1538,2408,79.8
2015-03-09,3016720,235798549,79.5,77.5,77.6,-1.3,1763,2408,78.9
2015-03-10,2608094,201311903,78.2,76.6,76.9,-0.7,1649,2408,77.7
2015-03-11,2453678,188677457,77.7,75.6,77.7,0.8,1656,2408,75.7
2015-03-12,5257333,414713889,79.9,77.2,79.5,1.8,2792,2408,77.8
2015-03-13,8458915,674796408,81.3,78.3,78.3,-1.2,4474,2408,80.8
2015-03-16,3081754,240796407,79.1,77.6,77.6,-0.7,1846,2408,78.7
2015-03-17,3665475,283853896,78.5,76.8,76.9,-0.7,2139,2408,78.5
2015-03-18,4265531,332013854,78.4,76.9,78.4,1.5,2306,2408,77.0
2015-03-19,4031155,316669086,79.3,78.1,78.2,-0.2,2381,2408,78.8
2015-03-20,9798409,765718902,78.8,77.4,78.3,0.1,2131,2408,78.6
2015-03-23,3456516,273609192,79.7,78.5,78.5,0.2,1895,2408,79.5
2015-03-24,1870073,147315267,79.2,78.3,79.1,0.6,1209,2408,78.8
2015-03-25,2502849,196035496,79.1,77.8,78.5,-0.6,1310,2408,79.1
2015-03-26,1950446,153161211,79.0,77.6,78.7,0.2,1238,2408,78.0
2015-03-27,4088139,318151813,79.3,76.1,78.2,-0.5,2165,2408,79.0
2015-03-30,2801806,220190268,79.2,77.6,78.1,-0.1,1647,2408,78.7
2015-03-31,2505909,196867920,79.0,78.0,79.0,0.9,1231,2408,78.9
2015-04-01,1359799,106772529,79.0,78.2,78.3,-0.7,850,2408,79.0
2015-04-02,2472703,194572669,79.6,77.9,77.9,-0.4,1406,2408,79.2
2015-04-07,2329351,180071070,78.3,77.0,77.0,-0.9,1339,2408,77.8
2015-04-08,6348774,462652954,76.9,71.7,71.7,-5.3,3648,2408,76.9
2015-04-09,5601455,396652273,72.4,68.9,68.9,-2.8,3607,2408,71.7
2015-04-10,2936408,205663750,71.0,69.5,69.9,1.0,1942,2408,69.9
2015-04-13,3567501,256858640,73.3,70.3,72.7,2.8,2458,2408,70.5
2015-04-14,2550526,184789072,73.1,71.8,72.3,-0.4,1557,2408,72.7
2015-04-15,2015783,144700737,73.2,70.7,70.7,-1.6,1426,2408,72.5
2015-04-16,2329557,164579390,71.5,69.9,70.2,-0.5,1411,2408,70.9
2015-04-17,1676525,117320874,70.5,69.7,70.0,-0.2,1290,2408,70.2
2015-04-20,2141082,151332039,71.4,70.0,70.4,0.4,1595,2408,70.7
2015-04-21,1765607,125149817,71.2,70.5,70.5,0.1,1223,2408,70.8
2015-04-22,3140707,227449911,73.5,70.6,73.3,2.8,2019,2408,71.3
2015-04-23,4388756,323480763,74.6,72.7,74.2,0.9,2416,2408,73.9
2015-04-24,3054372,223359284,74.0,72.5,72.7,-1.5,2237,2408,73.9
2015-04-27,1848252,135045512,73.7,72.5,72.8,0.1,1400,2408,72.7
2015-04-28,2115955,151172984,72.9,70.6,71.4,-1.4,1491,2408,72.8
2015-04-29,7050685,473043124,68.9,66.5,66.9,-4.5,3755,2408,68.9
2015-04-30,2679482,182502649,68.6,67.5,68.6,1.7,1877,2408,67.5
2015-05-04,1651200,113088743,69.1,67.8,68.2,-0.4,1069,2408,69.1
2015-05-05,5079404,329774377,68.0,63.6,64.4,-3.8,2729,2408,67.0
2015-05-06,4465148,289143475,66.0,63.5,65.6,1.2,2736,2408,64.0
2015-05-07,3412379,217592296,64.7,62.8,63.2,-2.4,2155,2408,64.7
2015-05-08,3345716,208481339,63.6,61.6,62.1,-1.1,2247,2408,62.8
2015-05-11,4201341,252054219,63.4,58.2,59.0,-3.1,2379,2408,63.1
2015-05-12,6946415,423204233,63.0,58.6,62.5,3.5,4298,2408,59.3
2015-05-13,6600758,408735285,63.4,60.4,62.4,-0.1,3652,2408,60.6
2015-05-14,3210058,201483296,63.5,62.2,62.2,-0.2,1791,2408,63.5
2015-05-15,1509632,93480465,62.6,61.5,61.6,-0.6,1119,2408,62.2
2015-05-18,3518594,209057845,61.5,58.0,58.8,-2.8,2192,2408,61.5
2015-05-19,3125285,189168008,61.7,58.9,61.7,2.9,1949,2408,58.9
2015-05-20,9317748,597111672,65.1,62.9,64.2,2.5,4382,2408,64.0
2015-05-21,5539403,359075753,66.0,63.0,65.2,1.0,3020,2408,63.7
2015-05-22,8493233,579789456,69.6,65.8,68.3,3.1,4240,2408,66.0
2015-05-25,4391540,295494498,68.1,66.5,66.6,-1.7,2516,2408,66.9
2015-05-26,3606569,243332648,68.2,66.3,67.7,1.1,2057,2408,67.1
2015-05-27,3532212,239354032,68.5,66.8,67.9,0.2,1738,2408,67.3
2015-05-28,6601077,454146929,70.3,67.0,67.0,-0.9,3360,2408,69.3
2015-05-29,2814249,188163483,67.8,66.5,67.0,0.0,1586,2408,67.6
2015-06-01,4290877,279046807,66.4,64.0,65.2,-1.8,1851,2408,66.4
2015-06-02,2775015,183734174,67.3,65.3,65.6,0.4,1483,2408,65.3
2015-06-03,5542409,365710558,67.7,63.9,67.0,1.4,2664,2408,65.6
2015-06-04,3201839,210125135,66.9,64.5,65.3,-1.7,1671,2408,66.5
2015-06-05,4093367,261981988,64.7,63.2,64.0,-1.3,1940,2408,64.0
2015-06-08,1966469,126254516,65.2,62.5,64.2,0.2,1185,2408,64.0
2015-06-09,1970948,123085905,64.1,61.3,61.3,-2.9,1266,2408,62.9
2015-06-10,2457869,155910516,64.3,61.9,64.3,3.0,1337,2408,61.9
2015-06-11,2800802,180455493,64.9,63.8,64.3,0.0,1386,2408,64.9
2015-06-12,1453164,92196732,64.7,62.7,63.0,-1.3,735,2408,64.6
2015-06-15,984248,61952282,63.5,62.3,62.9,-0.1,702,2408,63.5
2015-06-16,3367991,204850547,62.3,60.0,60.4,-2.5,1608,2408,61.8
2015-06-17,3585325,212033004,60.5,57.8,58.6,-1.8,2140,2408,60.4
2015-06-18,1828287,108540498,60.0,58.6,59.2,0.6,925,2408,58.6
2015-06-22,2703231,158669426,59.9,58.0,58.5,-0.7,1415,2408,59.8
2015-06-23,1725676,101688908,59.5,58.3,58.3,-0.2,967,2408,59.0
2015-06-24,3362902,190884539,58.7,55.6,56.9,-1.4,1915,2408,58.3
2015-06-25,2061068,116568330,57.7,55.8,56.8,-0.1,1329,2408,57.0
2015-06-26,3263501,186565786,57.9,55.5,57.4,0.6,1696,2408,55.5
2015-06-29,7192636,378589698,55.2,51.7,51.7,-5.7,2988,2408,55.2
2015-06-30,3869376,199723419,52.1,50.9,51.7,0.0,2096,2408,51.2
2015-07-01,3176368,164307204,52.5,51.3,51.5,-0.2,1978,2408,52.1
2015-07-02,4591908,236809646,52.6,50.5,50.5,-1.0,2587,2408,51.9
2015-07-03,4245663,212696506,51.2,49.6,49.75,-0.75,2097,2408,51.2
2015-07-06,5096189,238126322,50.0,44.85,44.9,-4.85,2768,2408,49.65
2015-07-07,9492626,405770528,46.2,40.45,42.35,-2.55,5044,2408,45.6
2015-07-08,7402366,308517382,42.9,40.85,41.7,-0.65,3860,2408,42.55
2015-07-09,6646042,253015046,39.3,36.5,37.6,0.0,2991,2408,39.05
2015-07-13,4127174,157602537,38.9,37.6,37.75,0.15,2098,2408,38.5
2015-07-14,11319502,458456914,41.4,38.2,40.8,3.05,5041,2408,38.2
2015-07-15,10354412,395990501,40.8,36.8,36.8,-4.0,5176,2408,40.8
2015-07-16,9834173,353943669,37.3,34.8,36.35,-0.45,5238,2408,36.8
2015-07-17,4147562,151747182,37.25,36.0,36.0,-0.35,2243,2408,36.9
2015-07-20,3096152,110524232,36.6,34.9,35.05,-0.95,1725,2408,36.4
2015-07-21,8207068,298849345,38.5,35.0,37.7,2.65,3968,2408,35.05
2015-07-22,6609203,240816515,37.0,35.8,36.55,-1.15,3715,2408,36.65
2015-07-23,8614327,300329468,36.2,33.2,33.95,-2.6,4226,2408,35.8
2015-07-24,4615587,160971907,35.3,34.35,34.6,0.65,2238,2408,34.35
2015-07-27,6042440,196427143,34.2,31.15,31.15,-3.45,2941,2408,34.0
2015-07-28,6860346,224907818,33.85,31.2,33.15,2.0,3386,2408,31.2
2015-07-29,6553857,220527857,34.45,33.1,33.1,-0.05,3321,2408,34.0
2015-07-30,4698587,157899460,33.95,33.3,33.7,0.6,2073,2408,33.3
2015-07-31,5603669,186512155,34.25,32.4,34.25,0.55,2869,2408,33.9
2015-08-03,8093919,287770560,36.5,34.95,34.95,0.7,3581,2408,36.35
2015-08-04,6183501,205689982,35.1,31.95,31.95,-3.0,3329,2408,35.0
2015-08-05,4626788,153270739,33.65,32.2,33.5,1.55,2414,2408,32.6
2015-08-06,4342551,142600433,33.5,32.0,33.0,-0.5,2374,2408,32.9
2015-08-07,2048737,67875010,33.6,32.45,33.4,0.4,1263,2408,33.0
2015-08-10,3702447,129580520,36.4,32.8,35.4,2.0,1877,2408,33.0
2015-08-11,4839269,170012505,36.2,34.15,34.8,-0.6,2498,2408,35.95
2015-08-12,6424686,229486846,36.45,34.2,36.25,1.45,3014,2408,34.5
2015-08-13,9611519,366589016,39.85,36.4,39.85,3.6,4790,2408,36.9
2015-08-14,11752644,476958200,42.35,38.9,41.25,1.4,5814,2408,39.5
2015-08-17,8299679,325423897,41.0,37.2,37.65,-3.6,4159,2408,40.05
2015-08-18,6286546,243066620,39.3,37.8,38.9,1.25,3402,2408,38.2
2015-08-19,7227888,270342663,38.3,36.3,37.15,-1.75,3657,2408,37.9
2015-08-20,5031677,191951054,38.8,36.8,38.8,1.65,2591,2408,36.95
2015-08-21,12649806,502750484,40.7,38.15,39.0,0.2,6088,2408,38.55
2015-08-24,16641857,665784531,41.7,38.8,39.9,0.9,8029,2408,41.0
2015-08-25,10496417,416479348,40.45,38.3,39.85,-0.05,5308,2408,39.9
2015-08-26,9280058,356506697,39.9,37.5,38.05,-1.8,5254,2408,39.9
2015-08-27,6362372,242890286,38.85,37.7,37.7,-0.35,2984,2408,38.5
2015-08-28,12594330,503317316,41.3,38.95,40.0,2.3,5684,2408,39.15
2015-08-31,10907886,445807908,41.85,39.7,40.15,0.15,5777,2408,40.05
2015-09-01,6690553,272213474,41.65,40.05,40.3,0.15,3842,2408,40.65
2015-09-02,9937280,411407769,42.7,39.5,41.9,1.6,5153,2408,39.8
2015-09-03,15049163,673770583,45.55,44.0,44.2,2.3,6970,2408,44.6
2015-09-04,9962833,432907133,45.15,41.85,41.85,-2.35,5071,2408,44.3
2015-09-07,5683095,240082499,42.85,41.55,42.15,0.3,2896,2408,41.85
2015-09-08,4180123,177153268,43.0,41.7,43.0,0.85,1955,2408,42.5
2015-09-09,7854293,351239158,45.3,44.25,44.45,1.45,3616,2408,44.7
2015-09-10,3833692,169401698,44.7,43.6,44.1,-0.35,1985,2408,43.6
2015-09-11,3632250,158005428,44.3,42.8,43.4,-0.7,1813,2408,44.1
2015-09-14,3510405,149596907,43.7,42.05,42.1,-1.3,1763,2408,43.7
2015-09-15,4096429,174907284,43.15,42.15,42.95,0.85,2157,2408,42.15
2015-09-16,3843205,165564678,43.75,42.55,42.55,-0.4,1955,2408,43.5
2015-09-17,2975552,127809315,43.25,42.7,42.7,0.15,1398,2408,43.0
2015-09-18,3428875,148432722,43.85,42.5,43.15,0.45,1798,2408,43.1
2015-09-21,2842219,119951546,42.65,42.05,42.25,-0.9,1499,2408,42.6
2015-09-22,1942950,82275539,42.7,42.15,42.15,-0.1,1063,2408,42.6
2015-09-23,5953433,239447037,41.75,39.1,39.45,-2.7,3118,2408,41.75
2015-09-24,8146642,309522312,39.7,37.0,37.0,-2.45,3483,2408,39.4
2015-09-25,5452000,201215987,37.8,36.1,37.7,0.7,2600,2408,36.2
2015-09-30,4233788,154994067,37.15,36.25,36.5,-1.2,2172,2408,36.9
2015-10-01,5662701,210787565,37.5,36.85,37.2,0.7,2529,2408,37.45
2015-10-02,5537460,206055320,37.6,36.75,37.0,-0.2,2550,2408,37.2
2015-10-05,9536014,371086882,39.7,38.25,38.65,1.65,4642,2408,38.25
2015-10-06,8789249,330935562,39.25,36.55,37.3,-1.35,4080,2408,39.25
2015-10-07,7244173,283478119,40.0,37.85,40.0,2.7,3701,2408,37.85
2015-10-08,6477556,251623533,40.45,37.95,38.05,-1.95,3039,2408,40.35
2015-10-12,6711831,263328538,40.1,38.0,40.0,1.95,3117,2408,38.4
2015-10-13,5582828,221887115,40.2,39.4,39.65,-0.35,2832,2408,40.0
2015-10-14,6089003,248609911,41.3,39.8,40.5,0.85,3285,2408,39.8
2015-10-15,7491038,309856430,42.15,40.7,40.75,0.25,3775,2408,41.7
2015-10-16,7087446,289595204,41.5,40.0,41.5,0.75,2807,2408,40.85
2015-10-19,3269322,134738790,41.6,40.95,41.5,0.0,1911,2408,41.35
2015-10-20,3874080,162512499,42.45,41.5,41.5,0.0,2087,2408,42.0
2015-10-21,5860056,227534634,39.25,38.1,38.95,-2.55,2698,2408,38.1
2015-10-22,2851339,112130495,39.6,38.6,39.4,0.45,1391,2408,38.6
2015-10-23,2388168,94981909,40.35,39.3,39.3,-0.1,1188,2408,40.1
2015-10-26,3083793,123357270,40.35,39.6,40.2,0.9,1459,2408,39.95
2015-10-27,5369457,219887928,41.4,40.15,40.9,0.7,2294,2408,40.15
2015-10-28,3552171,144064573,41.2,40.25,40.25,-0.65,2206,2408,41.2
2015-10-29,4633989,186464452,40.9,39.4,39.55,-0.7,2617,2408,40.75
2015-10-30,5751858,226591367,40.15,38.8,40.05,0.5,2462,2408,39.55
2015-11-02,4462200,177283400,40.15,39.25,39.45,-0.6,1840,2408,40.0
2015-11-03,4481763,180368521,40.75,39.55,40.0,0.55,2158,2408,39.8
2015-11-04,7610228,313361408,42.0,40.5,41.35,1.35,3743,2408,40.7
2015-11-05,4123979,169628144,41.85,40.8,40.85,-0.5,2110,2408,41.7
2015-11-06,4073679,163287843,40.65,39.65,39.7,-1.15,2159,2408,40.65
2015-11-09,2803837,110761856,40.25,39.15,39.15,-0.55,1460,2408,39.8
2015-11-10,2651853,102478146,39.0,38.3,39.0,-0.15,1647,2408,38.6
2015-11-11,3063662,118481418,39.6,38.05,38.05,-0.95,1727,2408,39.05
2015-11-12,3117283,119102731,38.8,37.55,38.35,0.3,1773,2408,38.75
2015-11-13,2685918,102122504,38.8,37.5,37.5,-0.85,1403,2408,37.9
2015-11-16,2020320,75037174,37.75,36.55,37.55,0.05,1271,2408,37.0
2015-11-17,2387924,90674929,38.3,37.65,37.7,0.15,1238,2408,38.2
2015-11-18,2379113,89927384,38.2,37.45,37.45,-0.25,1363,2408,37.85
2015-11-19,1598262,60552171,38.1,37.55,37.95,0.5,966,2408,38.0
2015-11-20,2011413,75313489,38.1,37.05,37.3,-0.65,1133,2408,38.1
2015-11-23,2976061,109148221,37.3,36.35,36.4,-0.9,1565,2408,37.25
2015-11-24,2398362,88547047,37.35,36.4,36.8,0.4,1466,2408,36.8
2015-11-25,1724394,63252426,37.2,36.2,36.5,-0.3,1220,2408,37.2
2015-11-26,4190081,159301845,38.6,36.8,38.6,2.1,2393,2408,36.8
2015-11-27,10028123,395390205,40.05,38.9,39.2,0.6,4487,2408,40.0
2015-11-30,16613373,687971705,43.05,39.05,42.75,3.55,7130,2408,39.2
2015-12-01,10937561,466425121,43.5,41.5,41.7,-1.05,5307,2408,42.8
2015-12-02,5195672,214357575,42.1,40.8,41.0,-0.7,2625,2408,41.95
2015-12-03,8780008,373361026,43.6,40.5,42.5,1.5,4294,2408,40.9
2015-12-04,5072420,211121669,42.3,41.15,41.45,-1.05,2487,2408,42.0
2015-12-07,4963422,204605956,42.4,40.7,40.7,-0.75,2397,2408,41.7
2015-12-08,5265287,207824968,40.4,39.0,39.0,-1.7,2812,2408,40.4
2015-12-09,3945685,153126865,39.3,38.45,38.65,-0.35,2057,2408,39.0
2015-12-10,2915344,112313241,38.9,38.3,38.45,-0.2,1497,2408,38.75
2015-12-11,4515756,171171593,38.85,37.0,38.0,-0.45,1829,2408,38.7
2015-12-14,6195884,240004056,39.4,37.5,38.65,0.65,3374,2408,37.6
2015-12-15,3150341,133889479,42.5,42.5,42.5,3.85,930,2408,42.5
2015-12-16,26396302,1177656050,46.0,43.65,43.8,1.3,9940,2408,46.0
2015-12-17,26332289,1233188085,48.15,43.6,48.15,4.35,8587,2408,43.8
2015-12-18,29409694,1513551656,52.9,48.5,52.9,4.75,11764,2408,48.5
2015-12-21,22768235,1252462469,57.9,52.3,57.5,4.6,10102,2408,52.9
2015-12-22,24250762,1299577260,56.3,51.8,51.8,-5.7,9966,2408,56.0
2015-12-23,19394813,959694766,50.5,48.55,49.5,-2.3,7554,2408,49.25
2015-12-24,10750416,520150308,49.6,47.7,47.7,-1.8,4611,2408,49.55
2015-12-25,16930576,856115122,51.7,48.15,50.8,3.1,7360,2408,48.2
2015-12-28,9296775,471484070,52.2,49.6,49.6,-1.2,4229,2408,52.2
2015-12-29,19441216,902627052,47.9,44.9,46.6,0.0,7228,2408,44.9
2015-12-30,9803662,462475885,47.95,46.55,46.55,-0.05,4036,2408,46.8
2015-12-31,8831333,404876953,46.65,45.45,45.7,-0.85,3726,2408,46.0
2016-01-04,6819978,311328445,46.2,44.85,44.85,-0.85,3325,2408,45.5
2016-01-05,7258539,327813902,45.8,44.7,44.7,-0.15,3421,2408,44.85
2016-01-06,11093050,481611998,44.9,42.15,42.95,-1.75,5181,2408,44.8
2016-01-07,9178646,385740437,43.3,40.75,42.2,-0.75,4146,2408,42.9
2016-01-08,7879763,333156690,42.9,41.7,42.9,0.7,2866,2408,41.8
2016-01-11,14431945,640056151,45.8,42.45,44.8,1.9,6623,2408,42.85
2016-01-12,12388615,540784384,45.45,42.05,42.05,-2.75,5715,2408,44.3
2016-01-13,8037887,342290431,43.3,41.8,42.45,0.4,3417,2408,42.6
2016-01-14,6734873,284217051,43.0,40.95,43.0,0.55,2596,2408,41.9
2016-01-15,6611057,284124659,43.65,42.55,42.55,-0.45,2178,2408,43.5
2016-01-18,8020576,340979915,42.95,41.35,42.95,0.4,3094,2408,41.35
2016-01-19,46078581,1931716012,42.8,41.15,41.3,-1.65,24962,2408,42.65
2016-01-20,37277381,1517191872,42.2,38.5,38.5,-2.8,16335,2408,41.5
2016-01-21,13022339,508097221,39.45,38.55,38.9,0.4,6297,2408,39.3
2016-01-22,15051729,604532296,40.75,39.5,40.3,1.4,7049,2408,40.0
2016-01-25,8247094,335106010,40.9,40.4,40.5,0.2,3691,2408,40.8
2016-01-26,4481211,179728218,40.35,39.8,40.2,-0.3,1962,2408,40.0
2016-01-27,7804046,315292685,41.0,39.75,39.8,-0.4,3233,2408,41.0
2016-01-28,13200551,512227389,39.3,38.3,38.75,-1.05,6410,2408,39.3
2016-01-29,8915459,349504050,39.85,38.4,39.65,0.9,4183,2408,38.8
2016-01-30,16328420,676290478,42.3,40.85,40.85,1.2,7356,2408,40.85
2016-02-01,10198885,405399577,40.25,39.5,39.5,-1.35,5304,2408,40.1
2016-02-02,6889629,270932931,39.95,38.95,38.95,-0.55,3767,2408,39.95
2016-02-03,8005894,306011528,38.65,37.9,38.1,-0.85,3980,2408,38.6
2016-02-15,3137032,118982004,38.2,37.6,38.0,-0.1,1770,2408,37.65
2016-02-16,4410806,170222119,38.85,38.1,38.75,0.75,2356,2408,38.25
2016-02-17,7101699,280370513,39.85,39.1,39.1,0.35,3755,2408,39.5
2016-02-18,6909210,271285046,39.8,39.0,39.1,0.0,3047,2408,39.75
2016-02-19,9822525,391441250,40.3,39.15,39.85,0.75,5096,2408,39.2
2016-02-22,7846363,314378097,40.6,39.5,40.5,0.65,3848,2408,39.85
2016-02-23,7619181,306095018,40.5,39.8,40.25,-0.25,3044,2408,40.4
2016-02-24,4978090,200607387,40.6,40.15,40.25,0.0,2469,2408,40.15
2016-02-25,7769764,314447943,40.6,40.25,40.4,0.15,2984,2408,40.25
2016-02-26,11842507,486823767,41.6,40.5,41.2,0.8,4871,2408,40.5
2016-03-01,4576206,187980498,41.4,40.8,40.85,-0.35,2297,2408,41.15
2016-03-02,6279380,256173083,41.25,40.4,40.4,-0.45,2816,2408,41.0
2016-03-03,5043629,204364721,40.85,40.25,40.3,-0.1,2367,2408,40.55
2016-03-04,11455014,472458401,41.65,40.4,41.45,1.15,4724,2408,40.5
2016-03-07,27931141,1202195078,44.0,42.0,42.7,1.25,10889,2408,42.0
2016-03-08,10908453,454842096,42.45,41.3,41.4,-1.3,5240,2408,42.4
2016-03-09,4668114,190437082,41.1,40.55,40.85,-0.55,2345,2408,40.9
2016-03-10,5319271,216801116,41.3,40.45,40.55,-0.3,2584,2408,41.0
2016-03-11,3244559,132397390,41.0,40.55,40.95,0.4,1565,2408,40.6
2016-03-14,12587742,526560274,42.25,41.15,42.0,1.05,4557,2408,41.2
2016-03-15,12682351,532080078,42.85,40.85,40.85,-1.15,5255,2408,42.4
2016-03-16,9459997,393863808,42.15,41.35,41.5,0.65,4015,2408,41.7
2016-03-17,7141194,293415847,41.9,40.55,40.75,-0.75,3473,2408,41.75
2016-03-18,5591266,227522505,40.9,40.55,40.55,-0.2,2769,2408,40.9
2016-03-21,9245692,368934839,40.4,39.25,40.05,-0.5,4045,2408,40.3
2016-03-22,5405025,217156727,40.7,39.8,39.85,-0.2,2603,2408,40.3
2016-03-23,3671303,146479204,40.1,39.75,39.9,0.05,1976,2408,39.9
2016-03-24,4899391,195921087,40.4,39.55,39.95,0.05,2184,2408,39.8
2016-03-25,2838842,113916589,40.4,39.9,40.05,0.1,1306,2408,40.0
2016-03-28,2752391,109844702,40.1,39.75,39.8,-0.25,1415,2408,40.1
2016-03-29,5584651,223824857,40.6,39.85,39.9,0.1,2283,2408,40.0
2016-03-30,5125328,205897576,40.4,40.0,40.0,0.1,2387,2408,40.1
2016-03-31,2935030,117651832,40.3,39.95,39.95,-0.05,1200,2408,40.15
2016-04-01,3387809,135302095,40.15,39.75,39.9,-0.05,1777,2408,39.9
2016-04-06,4542568,179023409,39.9,39.25,39.25,-0.65,2369,2408,39.85
2016-04-07,4970374,192609308,39.35,38.35,38.85,-0.4,2657,2408,39.3
2016-04-08,3368345,130321905,38.9,38.45,38.6,-0.25,1848,2408,38.5
2016-04-11,3399687,131133559,38.75,38.25,38.6,0.0,1978,2408,38.6
2016-04-12,4014127,153619147,38.5,37.9,37.9,-0.7,2162,2408,38.45
2016-04-13,6502718,245105390,38.2,37.3,37.65,-0.25,3134,2408,38.1
2016-04-14,13160918,515419762,39.65,38.6,38.6,0.95,5675,2408,38.6
2016-04-15,4952250,190765760,38.9,38.0,38.9,0.3,2682,2408,38.5
2016-04-18,3267127,127770103,39.4,38.7,39.1,0.2,1610,2408,38.85
2016-04-19,5753031,225407939,39.6,38.75,39.5,0.4,2543,2408,39.2
2016-04-20,5975980,233346021,39.65,38.45,38.45,-1.05,2506,2408,39.6
2016-04-21,4058433,155031489,38.8,37.9,37.9,-0.55,1936,2408,38.8
2016-04-22,4954417,185294739,38.0,36.9,37.2,-0.7,2396,2408,37.9
2016-04-25,6242557,235063685,38.2,36.95,38.1,0.9,2764,2408,37.15
2016-04-26,4993605,188753917,38.15,37.55,37.65,-0.45,2071,2408,38.05
2016-04-27,8347596,316980693,38.4,37.6,37.6,-0.05,3404,2408,38.1
2016-04-28,12519623,480322574,38.75,37.75,38.5,0.9,6021,2408,38.0
2016-04-29,5694653,215821841,38.15,37.7,37.7,-0.8,3021,2408,38.1
2016-05-03,4924346,184588376,37.8,37.35,37.4,-0.3,2557,2408,37.7
2016-05-04,4236526,158602077,37.65,37.05,37.25,-0.15,2221,2408,37.4
2016-05-05,3166939,118644070,37.6,37.25,37.5,0.25,1876,2408,37.3
2016-05-06,4622784,175380246,38.25,37.35,37.9,0.4,2109,2408,37.6
2016-05-09,3943265,149562069,38.15,37.5,38.1,0.2,2002,2408,37.9
2016-05-10,3505506,133086191,38.3,37.65,38.0,-0.1,1614,2408,38.1
2016-05-11,3585904,135614331,38.2,37.55,37.55,-0.45,2036,2408,38.0
2016-05-12,3603479,136602048,38.1,37.5,38.0,0.45,1804,2408,37.55
2016-05-13,23836407,953996939,40.6,39.65,39.9,1.9,8288,2408,40.1
2016-05-16,15659123,632116535,40.85,39.7,40.0,0.1,5847,2408,39.9
2016-05-17,7588845,300840865,40.35,39.2,39.4,-0.6,3326,2408,40.0
2016-05-18,7748414,302595782,39.75,38.55,38.7,-0.7,3777,2408,39.4
2016-05-19,6337375,243425950,39.05,38.05,38.3,-0.4,3203,2408,38.7
2016-05-20,6217496,241068744,39.1,38.2,39.1,0.8,2754,2408,38.3
2016-05-23,6779190,267469596,39.7,39.0,39.7,0.6,2793,2408,39.3
2016-05-24,6102695,241082217,39.85,39.1,39.45,-0.25,2696,2408,39.7
2016-05-25,10352471,405026209,39.75,38.75,38.8,-0.65,4272,2408,39.7
2016-05-26,6174855,242171095,39.6,38.9,38.9,0.1,2873,2408,38.9
2016-05-27,8490673,335178009,39.85,39.05,39.8,0.9,4115,2408,39.2
2016-05-30,20215759,817900595,40.95,39.95,40.65,0.85,6793,2408,40.0
2016-05-31,62994972,2512976610,40.8,39.7,39.7,-0.95,9495,2408,40.8
2016-06-01,9128812,363423041,40.15,39.55,39.55,-0.15,3851,2408,40.1
2016-06-02,13067918,522447727,40.2,39.8,39.9,0.35,3586,2408,39.85
2016-06-03,10709388,420779082,39.9,38.95,39.05,-0.85,4612,2408,39.85
2016-06-04,1463559,57255371,39.25,39.05,39.15,0.1,590,2408,39.2
2016-06-06,3818874,148414094,39.45,38.65,38.8,-0.35,1832,2408,39.35
2016-06-07,7953891,312574248,39.55,38.5,39.55,0.75,3789,2408,38.95
2016-06-08,5186070,204370231,39.85,39.15,39.45,-0.1,2391,2408,39.8
2016-06-13,20957882,751936044,36.7,35.55,35.9,-3.55,6515,2408,36.55
2016-06-14,20241762,725908237,36.6,35.15,35.9,0.0,7471,2408,35.4
2016-06-15,10160723,368934147,36.75,36.0,36.25,0.35,3959,2408,36.3
2016-06-16,5654154,204160294,36.5,35.95,36.0,-0.25,2693,2408,36.3
2016-06-17,16198707,606577509,38.9,36.3,37.0,1.0,6325,2408,36.55
2016-06-20,7005558,263598834,37.8,37.3,37.75,0.75,3026,2408,37.75
2016-06-21,8531275,325836225,38.55,37.7,38.55,0.8,3761,2408,37.85
2016-06-22,8754150,339988164,39.3,38.2,38.2,-0.35,3788,2408,39.0
2016-06-23,2923572,111596986,38.55,38.0,38.05,-0.15,1364,2408,38.3
2016-06-24,11500873,441833832,39.2,37.3,38.25,0.2,5966,2408,38.8
2016-06-27,4193943,160254259,38.6,37.95,38.4,0.15,1596,2408,38.2
2016-06-28,5147697,198409775,38.75,38.25,38.5,0.1,2635,2408,38.4
2016-06-29,8398615,330089648,39.6,39.0,39.1,0.6,3309,2408,39.0
2016-06-30,5054104,198904319,39.55,39.2,39.4,0.3,1877,2408,39.55
2016-07-01,7670328,299097360,39.75,38.6,38.75,-0.65,2874,2408,39.6
2016-07-04,2706656,105177396,39.0,38.65,38.95,0.2,1183,2408,38.75
2016-07-05,1662283,64702492,39.05,38.8,38.95,0.0,865,2408,39.0
2016-07-06,2715697,104600779,38.9,38.3,38.3,-0.65,1810,2408,38.9
2016-07-07,2436462,93746569,38.7,38.3,38.3,0.0,1140,2408,38.5
2016-07-11,3129687,121386715,38.9,38.55,38.9,0.6,1438,2408,38.8
2016-07-12,2635860,103153792,39.35,39.0,39.05,0.15,1381,2408,39.35
2016-07-13,10280808,407946579,40.15,39.25,39.8,0.75,4252,2408,39.3
2016-07-14,9105163,367638213,40.85,40.0,40.0,0.2,3989,2408,40.6
2016-07-15,6370854,256262428,40.45,40.05,40.25,0.25,2557,2408,40.4
2016-07-18,4684666,187343801,40.35,39.85,39.9,-0.35,2393,2408,40.35
2016-07-19,6109509,244839610,40.2,39.95,40.15,0.25,2112,2408,40.15
2016-07-20,11382781,454740857,40.1,39.85,39.9,-0.25,3377,2408,40.1
2016-07-21,18063734,695204505,39.3,37.85,38.8,0.0,5382,2408,38.0
2016-07-22,3635779,140421612,38.9,38.35,38.55,-0.25,2050,2408,38.85
2016-07-25,4261911,164000913,38.95,38.1,38.6,0.05,2268,2408,38.9
2016-07-26,9307891,366621400,39.9,38.7,39.6,1.0,3849,2408,39.0
2016-07-27,11499566,457144424,40.5,39.0,39.0,-0.6,4498,2408,40.5
2016-07-28,9638597,365904175,38.5,37.5,37.6,-1.4,5004,2408,38.2
2016-07-29,4708801,177386784,37.85,37.5,37.7,0.1,2743,2408,37.5
2016-08-01,4386913,165204601,37.9,37.45,37.9,0.2,2021,2408,37.75
2016-08-02,5029548,188189694,37.75,37.2,37.4,-0.5,2771,2408,37.75
2016-08-03,3484805,129147241,37.3,36.9,36.9,-0.5,1666,2408,37.3
2016-08-04,2104096,77761576,37.1,36.85,37.0,0.1,1107,2408,37.0
2016-08-05,4349947,162017002,37.6,36.95,37.6,0.6,2428,2408,37.2
2016-08-08,4329186,160420376,37.7,36.75,36.85,-0.75,2534,2408,37.7
2016-08-09,4628259,169747359,37.25,36.35,36.4,-0.45,2459,2408,37.05
2016-08-10,5153599,190798358,37.4,36.35,37.15,0.75,2759,2408,36.6
2016-08-11,3884043,142076011,37.0,36.4,36.6,-0.55,2007,2408,37.0
2016-08-12,1975718,72499008,36.9,36.55,36.6,0.0,1216,2408,36.8
2016-08-15,2765469,102299286,37.3,36.7,37.15,0.55,1244,2408,36.85
2016-08-16,3932961,146579431,37.6,37.15,37.3,0.15,1679,2408,37.2
2016-08-17,3371932,124114190,37.3,36.65,36.75,-0.55,2243,2408,37.2
2016-08-18,1665116,61041422,36.85,36.55,36.7,-0.05,1254,2408,36.8
2016-08-19,2769035,102147063,37.2,36.7,36.7,0.0,1638,2408,36.9
2016-08-22,3118666,114817310,37.0,36.55,36.75,0.05,1432,2408,36.9
2016-08-23,3359938,124058442,37.1,36.7,36.85,0.1,1534,2408,36.75
2016-08-24,1932231,70958274,37.0,36.55,36.55,-0.3,1177,2408,36.85
2016-08-25,2589804,94792558,36.8,36.5,36.7,0.15,1239,2408,36.5
2016-08-26,11124016,418225188,38.05,36.8,37.6,0.9,3829,2408,36.8
2016-08-29,4733649,178438580,38.0,37.4,37.65,0.05,1903,2408,37.65
2016-08-30,5387076,204169150,38.05,37.6,37.9,0.25,2827,2408,37.75
2016-08-31,4312120,161438325,37.85,37.15,37.5,-0.4,1456,2408,37.85
2016-09-01,2403149,89097398,37.35,36.9,37.0,-0.5,1227,2408,37.3
2016-09-02,4378828,162790925,37.35,36.8,37.25,0.25,1965,2408,37.1
2016-09-05,5866209,221689425,38.0,37.5,37.75,0.5,2905,2408,37.5
2016-09-06,4890826,185040573,38.0,37.7,37.95,0.2,2355,2408,37.75
2016-09-07,10080154,385392553,38.45,37.8,38.3,0.35,3679,2408,37.95
2016-09-08,12618322,489769744,39.35,38.3,38.9,0.6,5272,2408,38.3
2016-09-09,5512709,213542508,39.0,38.4,38.8,-0.1,2903,2408,38.9
2016-09-10,4674833,177780310,38.35,37.8,37.85,-0.95,2573,2408,38.05
2016-09-12,9844814,381874156,39.2,38.35,38.8,0.95,4274,2408,38.4
2016-09-13,10033745,388011896,39.1,38.3,38.4,-0.4,5463,2408,39.1
2016-09-14,9198362,356307596,38.85,38.35,38.85,0.45,2114,2408,38.55
2016-09-19,9270669,365302266,39.7,39.1,39.55,0.7,4414,2408,39.2
2016-09-20,3700250,145428351,39.55,39.1,39.45,-0.1,1494,2408,39.1
2016-09-21,4916008,193192412,39.75,39.05,39.2,-0.25,2182,2408,39.5
2016-09-22,5001356,197987122,39.9,39.4,39.5,0.3,2684,2408,39.7
2016-09-23,13120518,526951785,40.7,39.7,39.8,0.3,5287,2408,40.0
2016-09-26,13179990,533654870,40.9,39.55,40.4,0.6,4132,2408,39.8
2016-09-29,17281796,704863387,41.3,40.45,40.5,0.1,6072,2408,40.85
2016-09-30,9364791,371994277,40.35,39.25,39.25,-1.25,4155,2408,40.35
2016-10-03,5410501,214310900,39.85,39.35,39.45,0.2,2101,2408,39.55
2016-10-04,12485777,501063580,40.6,39.6,40.0,0.55,3774,2408,39.75
2016-10-05,18242074,741578249,41.1,40.3,40.3,0.3,6077,2408,40.8
2016-10-06,6681633,269266620,40.75,40.0,40.0,-0.3,2475,2408,40.75
2016-10-07,16007398,646106064,40.85,39.95,39.95,-0.05,5431,2408,40.15
2016-10-11,16039633,646795012,40.85,39.8,40.15,0.2,6823,2408,40.4
2016-10-12,10586908,426202469,40.4,39.95,40.25,0.1,3675,2408,40.2
2016-10-13,8244967,331307630,40.5,39.95,40.15,-0.1,2942,2408,40.4
2016-10-14,8848568,349144299,40.05,39.0,39.3,-0.85,3455,2408,39.9
2016-10-17,5543253,218943853,39.65,39.3,39.4,0.1,2464,2408,39.55
2016-10-18,3420413,134944558,39.6,39.3,39.45,0.05,1514,2408,39.5
2016-10-19,10803365,431889307,40.3,39.6,40.0,0.55,3749,2408,39.6
2016-10-20,10355914,419538767,40.7,40.1,40.45,0.45,3724,2408,40.1
2016-10-21,7965650,321372315,40.55,40.05,40.35,-0.1,2209,2408,40.45
2016-10-24,10892575,446987287,41.5,40.5,40.95,0.6,3322,2408,40.5
2016-10-25,7837533,318607020,41.05,40.45,40.55,-0.4,2949,2408,41.0
2016-10-26,18878421,779927461,41.7,40.75,41.25,0.7,5679,2408,40.8
2016-10-27,25537313,1060110974,41.95,40.9,40.9,-0.35,8668,2408,41.6
2016-10-28,8139956,332462362,41.25,40.5,40.6,-0.3,3533,2408,41.0
2016-10-31,8341963,341244164,41.2,40.5,40.95,0.35,3473,2408,40.75
2016-11-01,4542359,185317901,40.95,40.65,40.7,-0.25,2332,2408,40.9
2016-11-02,7536039,301741034,40.5,39.75,39.8,-0.9,3705,2408,40.4
2016-11-03,8135803,326006812,40.3,39.95,40.0,0.2,3511,2408,40.05
2016-11-04,4763705,190763712,40.2,39.85,39.95,-0.05,2356,2408,40.0
2016-11-07,3333543,133557920,40.25,39.95,40.0,0.05,1284,2408,40.15
2016-11-08,6586867,265483790,40.5,40.1,40.15,0.15,2573,2408,40.3
2016-11-09,11344624,443465355,40.4,38.4,38.4,-1.75,4217,2408,40.3
2016-11-10,11949444,477469910,40.4,39.35,40.2,1.8,4111,2408,40.0
2016-11-11,6478582,255477481,39.75,39.25,39.25,-0.95,3210,2408,39.6
2016-11-14,5021157,197364696,39.8,39.05,39.2,-0.05,1956,2408,39.4
2016-11-15,4609176,179313566,39.25,38.7,38.75,-0.45,2208,2408,39.2
2016-11-16,4425425,172774765,39.4,38.85,38.9,0.15,1547,2408,39.15
2016-11-17,2978136,116335524,39.3,38.9,39.0,0.1,1406,2408,39.3
2016-11-18,9016132,360904434,40.25,39.85,39.85,0.85,3259,2408,40.1
2016-11-21,6699877,268732080,40.25,39.85,40.1,0.25,2016,2408,40.0
2016-11-22,17026425,695792350,41.3,40.2,40.45,0.35,5046,2408,40.25
2016-11-23,23203019,958947241,41.7,40.7,41.55,1.1,6727,2408,40.7
2016-11-24,49062084,2176183733,45.45,41.75,45.0,3.45,18309,2408,41.75
2016-11-25,29372928,1288141954,45.15,43.0,43.35,-1.65,12116,2408,45.0
2016-11-28,34131533,1535014401,46.4,43.9,44.5,1.15,12567,2408,43.9
2016-11-29,9164914,407646804,44.75,44.0,44.5,0.0,3716,2408,44.3
2016-11-30,11434754,509908806,45.25,44.35,44.5,0.0,3583,2408,44.6
2016-12-01,15338368,693114852,45.85,44.8,45.25,0.75,6460,2408,44.8
2016-12-02,11780763,524976892,44.8,44.1,44.75,-0.5,5035,2408,44.5
2016-12-05,7678405,342642029,45.15,44.3,44.6,-0.15,3399,2408,45.0
2016-12-06,24667711,1114757518,46.3,44.3,44.3,-0.3,9246,2408,45.6
2016-12-07,12221872,545644616,45.4,44.3,44.3,0.0,5406,2408,45.2
2016-12-08,20329013,907621452,45.4,44.2,44.3,0.0,9024,2408,45.3
2016-12-09,24572885,1108481419,45.45,44.55,45.3,1.0,8109,2408,44.95
2016-12-12,33415103,1566792491,47.8,45.7,47.0,1.7,13637,2408,46.0
2016-12-13,14300423,666184795,46.9,46.35,46.8,-0.2,6095,2408,46.75
2016-12-14,16254788,770437520,47.8,47.05,47.4,0.6,6850,2408,47.15
2016-12-15,12246897,580429650,47.7,46.95,47.5,0.1,5435,2408,47.5
2016-12-16,21853783,1061415021,49.2,47.6,48.5,1.0,9087,2408,47.9
2016-12-19,10931137,524549863,48.7,47.65,47.7,-0.8,4635,2408,48.7
2016-12-20,13503509,639659664,48.2,46.95,47.7,0.0,7637,2408,48.1
2016-12-21,8024114,382393826,48.3,47.45,47.45,-0.25,4342,2408,48.25
2016-12-22,25289001,1228277967,48.95,48.1,48.45,1.0,9543,2408,48.7
2016-12-23,35761139,1785461928,50.6,49.55,49.55,1.1,14850,2408,49.7
2016-12-26,14154156,692295481,49.9,48.4,48.75,-0.8,5794,2408,49.9
2016-12-27,8996720,432771965,48.6,47.9,48.0,-0.75,3840,2408,48.35
2016-12-28,7784429,376216913,48.8,47.85,48.8,0.8,3982,2408,48.2
2016-12-29,7428290,359015969,48.8,48.1,48.25,-0.55,3609,2408,48.3
2016-12-30,5472239,264586602,48.65,48.2,48.3,0.05,2785,2408,48.4
2017-01-03,12836755,607864003,48.2,47.05,47.25,-1.05,6702,2408,48.2
2017-01-04,10317597,492307197,48.1,47.4,47.65,0.4,4429,2408,47.7
2017-01-05,13856300,671699428,48.85,48.1,48.4,0.75,6669,2408,48.3
2017-01-06,11754231,575463155,49.55,48.6,48.75,0.35,4913,2408,48.7
2017-01-09,6690904,326132669,49.1,48.5,48.65,-0.1,3174,2408,48.85
2017-01-10,12210944,590447558,49.1,47.75,47.75,-0.9,5403,2408,48.85
2017-01-11,7157918,342955814,48.25,47.65,47.85,0.1,3150,2408,48.1
2017-01-12,13041079,616287363,48.05,46.85,47.15,-0.7,5952,2408,47.95
2017-01-13,11922478,553307584,47.0,46.15,46.35,-0.8,4785,2408,46.9
2017-01-16,11888703,549593732,46.75,45.75,46.5,0.15,4851,2408,46.7
2017-01-17,12341552,582828629,47.7,46.6,47.7,1.2,5454,2408,46.7
2017-01-18,15737404,747898481,48.05,46.95,47.9,0.2,5263,2408,46.95
2017-01-19,12237591,592625109,48.8,48.2,48.2,0.3,5222,2408,48.5
2017-01-20,7477747,358689722,48.2,47.75,47.8,-0.4,3800,2408,47.9
2017-01-23,7161591,342607314,48.35,47.5,47.5,-0.3,3162,2408,47.8
2017-01-24,12158192,582954326,48.35,47.4,48.0,0.5,4127,2408,47.6
2017-02-02,17203892,837441156,49.45,48.3,48.3,0.3,5803,2408,49.25
2017-02-03,19761216,931497109,48.3,46.55,46.7,-1.6,7716,2408,48.3
2017-02-06,10071221,469885074,47.0,46.4,46.55,-0.15,4031,2408,46.7
2017-02-07,6684290,311432290,46.8,46.3,46.6,0.05,3102,2408,46.5
2017-02-08,12527843,575321568,46.85,45.2,45.85,-0.75,5841,2408,46.6
2017-02-09,5537560,254757776,46.6,45.8,46.0,0.15,2431,2408,45.85
2017-02-10,8874092,408143429,46.45,45.7,45.75,-0.25,3962,2408,46.25
2017-02-13,12390990,579243403,47.15,45.85,47.1,1.35,6531,2408,46.0
2017-02-14,8074224,377894864,47.1,46.5,46.65,-0.45,3295,2408,47.1
2017-02-15,11853652,551261559,46.7,46.15,46.65,0.0,5009,2408,46.6
2017-02-16,6936500,322839788,46.85,46.1,46.7,0.05,3021,2408,46.7
2017-02-17,4667695,217246636,46.75,46.4,46.4,-0.3,2681,2408,46.7
2017-02-18,2677874,124707284,46.85,46.4,46.45,0.05,1389,2408,46.5
2017-02-20,8575842,393806411,46.65,45.55,45.55,-0.9,4667,2408,46.55
2017-02-21,9343200,431414566,46.55,45.4,46.35,0.8,4294,2408,45.4
2017-02-22,4138327,191728992,46.65,46.05,46.25,-0.1,2075,2408,46.6
2017-02-23,8440038,381684130,46.25,45.55,45.7,-0.55,3494,2408,46.25
2017-02-24,8971009,406585290,45.8,45.1,45.5,-0.2,3640,2408,45.75
2017-03-01,5849163,264209496,45.6,44.75,45.05,-0.45,3122,2408,45.5
2017-03-02,4390773,199948020,45.95,45.15,45.35,0.3,2149,2408,45.6
2017-03-03,5094762,232906048,46.15,45.15,46.1,0.75,2801,2408,45.2
2017-03-06,13072396,613547256,47.35,46.55,46.55,0.45,5381,2408,46.8
2017-03-07,5674830,264555282,46.8,46.3,46.6,0.05,3539,2408,46.8
2017-03-08,5143644,239831391,46.8,46.35,46.6,0.0,2593,2408,46.7
2017-03-09,11342481,529708956,47.3,46.2,46.55,-0.05,4932,2408,46.85
2017-03-10,21112841,939198070,45.5,43.8,44.4,-2.15,9442,2408,45.5
2017-03-13,5253099,234532897,44.8,44.1,44.65,0.25,3068,2408,44.1
2017-03-14,5914581,267083327,45.4,44.9,45.15,0.5,2852,2408,44.95
2017-03-15,5398031,240820266,45.15,44.3,44.5,-0.65,2495,2408,45.05
2017-03-16,14310794,648544314,45.6,44.8,45.5,1.0,5768,2408,45.3
2017-03-17,10554052,482561921,46.4,45.1,46.4,0.9,4977,2408,45.6
2017-03-20,15145373,716729978,48.0,46.75,47.2,0.8,6254,2408,47.0
2017-03-21,7705092,366672864,48.0,47.25,47.35,0.15,3720,2408,48.0
2017-03-22,5714897,267624959,47.15,46.2,47.15,-0.2,2949,2408,46.7
2017-03-23,15549007,743233337,48.15,47.35,47.5,0.35,5765,2408,47.35
2017-03-24,33134531,1623980221,49.8,48.2,48.9,1.4,10596,2408,49.0
2017-03-27,28988894,1420008996,50.2,47.5,47.5,-1.4,10216,2408,49.5
2017-03-28,12648425,604237691,48.55,47.3,47.7,0.2,5456,2408,48.25
2017-03-29,8950518,424786990,48.2,47.15,47.6,-0.1,3303,2408,47.6
2017-03-30,20539920,999249355,49.25,47.65,48.7,1.1,7459,2408,47.75
2017-03-31,17369399,849249020,49.55,48.35,48.4,-0.3,5913,2408,49.3
2017-04-05,11222130,541244778,49.1,47.75,47.9,-0.5,4749,2408,48.65
2017-04-06,8979976,433798462,48.6,47.95,48.55,0.65,4134,2408,48.1
2017-04-07,8725181,418533288,48.5,47.6,48.0,-0.55,3547,2408,48.5
2017-04-10,3807476,181872855,48.2,47.65,47.65,-0.35,1804,2408,48.1
2017-04-11,5500891,262438022,48.3,47.35,47.35,-0.3,2710,2408,48.05
2017-04-12,8569884,400297869,47.45,46.3,46.65,-0.7,3317,2408,47.4
2017-04-13,10066455,480516983,48.25,46.75,47.95,1.3,4109,2408,46.8
2017-04-14,8736996,414097251,47.8,47.1,47.55,-0.4,4178,2408,47.6
2017-04-17,8340274,395227843,48.1,46.85,47.1,-0.45,3695,2408,48.0
2017-04-18,5682423,269786456,47.8,47.3,47.55,0.45,2026,2408,47.8
2017-04-19,4491870,211842808,47.75,46.8,46.9,-0.65,2346,2408,47.7
2017-04-20,5251751,243853961,46.95,46.15,46.3,-0.6,2597,2408,46.9
2017-04-21,4651942,216703498,46.8,46.45,46.5,0.2,2588,2408,46.75
2017-04-24,7912674,362713642,46.6,45.5,45.7,-0.8,3643,2408,46.5
2017-04-25,14011389,651071937,47.3,45.25,47.2,1.5,6179,2408,46.0
2017-04-26,17067547,816476701,48.15,47.3,48.15,0.95,7167,2408,47.7
2017-04-27,22548253,1087824698,48.7,47.65,47.7,-0.45,9159,2408,48.7
2017-04-28,13630111,657351578,48.5,47.95,48.15,0.45,5143,2408,48.5
2017-05-02,35610783,1752116217,49.4,48.65,49.35,1.2,8854,2408,49.0
2017-05-03,11235699,554784951,49.75,49.1,49.2,-0.15,4955,2408,49.45
2017-05-04,13290788,660995751,49.9,49.45,49.8,0.6,5538,2408,49.65
2017-05-05,14991168,745831155,49.95,49.35,49.7,-0.1,5158,2408,49.9
2017-05-08,18349049,923018497,50.7,49.9,49.9,0.2,7422,2408,50.0
2017-05-09,19510131,987749951,51.5,50.0,50.4,0.5,7795,2408,50.5
2017-05-10,11766988,596927748,51.0,50.1,50.8,0.4,5742,2408,50.8
2017-05-11,12355652,622044010,51.1,49.55,50.2,-0.6,4524,2408,51.0
2017-05-12,9259529,467020699,51.0,49.8,51.0,0.8,4031,2408,50.5
2017-05-15,28026812,1486058110,54.6,51.3,53.6,2.6,9239,2408,51.4
2017-05-16,15460350,813334536,53.7,51.7,52.0,-1.6,6075,2408,53.6
2017-05-17,6292818,323903180,52.2,51.2,51.3,-0.7,2859,2408,51.8
2017-05-18,9755395,492254188,51.0,50.0,50.6,-0.7,4546,2408,50.5
2017-05-19,5810978,295892461,51.5,50.6,50.6,0.0,2597,2408,51.1
2017-05-22,3954309,199642693,51.1,50.2,50.3,-0.3,1946,2408,51.1
2017-05-23,4148616,209086706,50.8,50.1,50.5,0.2,1821,2408,50.6
2017-05-24,8796962,449555650,51.7,50.5,50.9,0.4,4019,2408,51.0
2017-05-25,4983716,254313372,51.6,50.5,50.9,0.0,2272,2408,51.6
2017-05-26,4129373,209344683,51.1,50.5,50.7,-0.2,1784,2408,51.0
2017-05-31,7225603,369366651,51.8,50.7,50.9,0.2,3668,2408,51.2
2017-06-01,6027037,309642562,51.8,51.0,51.5,0.6,3194,2408,51.4
2017-06-02,22341874,1187434625,53.8,51.6,53.6,2.1,7309,2408,51.8
2017-06-03,7085202,380411322,54.4,53.1,53.4,-0.2,2356,2408,54.1
2017-06-05,18294809,996757978,55.0,53.6,54.5,1.1,5882,2408,53.6
2017-06-06,5088370,274734187,54.4,53.7,54.0,-0.5,2252,2408,54.4
2017-06-07,12654229,668588082,53.7,52.3,52.5,-1.5,4610,2408,53.7
2017-06-08,6300974,334746911,53.9,52.7,52.8,0.3,3090,2408,53.2
2017-06-09,6114516,320448759,53.3,52.0,52.0,-0.8,3036,2408,53.0
2017-06-12,7264368,376005252,52.4,51.2,52.3,0.3,3542,2408,51.2
2017-06-13,6061680,317202360,53.3,51.9,52.0,-0.3,3053,2408,53.0
2017-06-14,5434148,280594013,52.5,51.0,51.7,-0.3,2933,2408,52.4
2017-06-15,4241306,218222273,52.0,51.0,51.8,0.1,2284,2408,51.9
2017-06-16,6513606,336263595,52.2,51.4,51.7,-0.1,2797,2408,51.8
2017-06-19,16953786,898081413,53.9,51.8,53.7,2.0,6413,2408,51.9
2017-06-20,12735641,666613490,52.9,51.9,52.0,0.0,4966,2408,52.9
2017-06-21,6798188,354204097,52.7,51.1,52.5,0.5,3626,2408,51.9
2017-06-22,5435695,287770202,53.2,52.7,52.9,0.4,2200,2408,52.8
2017-06-23,3129593,165084000,53.2,52.5,52.6,-0.3,1613,2408,53.1
2017-06-26,10961710,585446662,54.2,52.3,53.7,1.1,4407,2408,52.8
2017-06-27,17032451,930002069,55.3,53.7,54.8,1.1,5786,2408,54.3
2017-06-28,7997483,435902910,55.0,53.9,54.4,-0.4,3709,2408,54.8
2017-06-29,6454423,353203353,55.4,54.3,54.3,-0.1,2298,2408,54.9
2017-06-30,6047676,328411878,54.8,53.4,54.8,0.5,2581,2408,54.4
2017-07-03,9330622,510225326,55.3,54.1,54.3,-0.5,3772,2408,55.3
2017-07-04,6594424,355219027,54.2,53.6,53.8,-0.5,2533,2408,54.1
2017-07-05,8917865,485318285,55.0,53.7,55.0,1.2,3631,2408,54.5
2017-07-06,15095811,842983994,56.5,55.0,55.0,0.0,5648,2408,55.6
2017-07-07,5648892,309106891,55.0,54.2,54.9,-0.1,2575,2408,54.9
2017-07-10,6974010,385649950,55.7,54.5,55.3,0.4,3588,2408,55.1
2017-07-11,12483859,696438004,56.3,55.1,56.2,0.9,4025,2408,55.7
2017-07-12,11064541,625002196,57.1,56.0,56.3,0.1,4322,2408,57.1
2017-07-13,7138793,404503420,57.2,56.0,56.6,0.3,3274,2408,56.1
2017-07-14,7484409,425017256,57.1,56.5,56.7,0.1,3174,2408,56.7
2017-07-17,20164472,1174669360,59.0,57.3,58.6,1.9,7385,2408,57.4
2017-07-18,34946286,2090905446,62.0,57.3,61.3,2.7,12932,2408,57.6
2017-07-19,16599573,1013926963,61.9,60.3,60.6,-0.7,7500,2408,61.1
2017-07-20,13439566,820861527,61.7,60.1,60.8,0.2,5072,2408,60.1
2017-07-21,23135187,1447385981,63.8,60.8,63.3,2.5,8625,2408,60.8
2017-07-24,21934977,1409411240,66.1,62.3,65.0,1.7,8022,2408,63.3
2017-07-25,12385066,800097071,65.1,64.0,64.0,-1.0,7406,2408,64.8
2017-07-26,16478433,1039756940,63.5,62.4,62.8,-1.2,5904,2408,63.2
2017-07-27,12286213,784779312,64.5,62.9,63.9,1.1,6435,2408,63.0
2017-07-28,6972775,441745281,64.0,62.7,63.4,-0.5,4040,2408,63.9
2017-07-31,10958982,682627564,63.4,61.9,62.4,-1.0,5161,2408,63.0
2017-08-01,12381606,776654746,63.7,61.3,63.0,0.6,5448,2408,62.2
2017-08-02,8003240,500846480,63.3,62.0,62.2,-0.8,3752,2408,63.3
2017-08-03,5437921,337906605,62.8,61.7,62.0,-0.2,2869,2408,62.2
2017-08-04,5002945,308904101,62.3,61.5,61.7,-0.3,2693,2408,62.1
2017-08-07,4660399,288984487,62.3,61.7,62.0,0.3,2076,2408,62.0
2017-08-08,10330979,652267877,64.0,62.1,63.2,1.2,4951,2408,62.5
2017-08-09,7143079,446864173,63.3,62.1,62.2,-1.0,3645,2408,63.3
2017-08-10,9863425,599070016,62.0,60.0,60.5,-1.7,4282,2408,62.0
2017-08-11,14757291,888542957,61.1,59.7,60.1,-0.4,3882,2408,60.1
2017-08-14,11978299,739222691,62.5,61.0,61.9,1.8,5111,2408,61.9
2017-08-15,9464139,594565118,63.5,62.1,62.1,0.2,3874,2408,63.0
2017-08-16,5597304,347885400,62.6,61.8,62.1,0.0,3086,2408,61.9
2017-08-17,8541633,537905264,63.3,62.5,62.8,0.7,3701,2408,62.9
2017-08-18,4847353,300481286,62.3,61.6,62.0,-0.8,2541,2408,62.1
2017-08-21,5371878,337001117,63.3,61.9,62.9,0.9,3095,2408,62.1
2017-08-22,5684159,354582174,62.8,62.1,62.3,-0.6,2917,2408,62.4
2017-08-23,5509233,346256578,63.1,62.4,62.5,0.2,2686,2408,62.9
2017-08-24,10988278,699571469,64.2,63.2,64.0,1.5,4162,2408,63.5
2017-08-25,6257891,399532644,64.1,63.6,63.8,-0.2,3087,2408,64.1
2017-08-28,7407617,476775988,64.8,64.0,64.5,0.7,3291,2408,64.4
2017-08-29,11839937,766940048,65.8,63.7,63.7,-0.8,4944,2408,64.9
2017-08-30,4813755,310486020,65.0,64.1,64.2,0.5,2510,2408,64.9
2017-08-31,6784534,438326122,65.2,64.2,64.7,0.5,3152,2408,64.7
2017-09-01,4046514,261424430,65.0,64.4,64.4,-0.3,2097,2408,64.9
2017-09-04,5553845,356192062,64.8,63.8,64.0,-0.4,2592,2408,64.6
2017-09-05,6360878,405005444,64.3,63.4,63.5,-0.5,3186,2408,64.1
2017-09-06,8178622,515910093,63.9,62.7,63.0,-0.5,4884,2408,63.2
2017-09-07,8783752,549785852,63.5,62.1,62.3,-0.7,4010,2408,63.3
2017-09-08,9318462,594568820,64.5,62.8,64.5,2.2,4064,2408,63.0
2017-09-11,5328207,342360142,65.0,63.7,64.2,-0.3,2924,2408,64.9
2017-09-12,35892049,2445395761,69.9,64.9,68.0,3.8,13783,2408,64.9
2017-09-13,20446508,1371821299,68.7,66.2,66.3,-1.7,9403,2408,68.2
2017-09-14,31617330,2185242097,70.3,66.9,68.7,2.4,10507,2408,67.2
2017-09-15,60543704,4423954044,75.5,68.9,75.5,6.8,21237,2408,68.9
2017-09-18,71742368,5772246995,82.8,78.0,79.8,4.3,26725,2408,78.0
2017-09-19,31382287,2479831394,81.0,76.6,76.9,-2.9,13723,2408,79.5
2017-09-20,36519965,2918303219,81.3,78.2,80.5,3.6,16372,2408,79.0
2017-09-21,59310401,5050712956,87.6,81.8,85.6,5.1,22586,2408,82.1
2017-09-22,40455838,3421094692,87.9,83.3,84.0,-1.6,17010,2408,87.0
2017-09-25,27173164,2290976670,85.4,83.1,84.0,0.0,11324,2408,85.0
2017-09-26,30719086,2473283980,82.9,78.6,80.5,-3.5,13949,2408,82.0
2017-09-27,25353264,2113819520,84.5,82.0,84.0,3.5,10460,2408,82.9
2017-09-28,35355530,3063660264,88.6,85.4,85.8,1.8,13863,2408,88.6
2017-09-29,31786406,2738929676,88.2,83.9,85.8,0.0,12521,2408,84.8
2017-09-30,19720400,1707652529,88.0,86.0,86.3,0.5,7665,2408,86.9
2017-10-02,81632729,6975070848,91.2,87.5,90.7,4.4,21033,2408,88.0
2017-10-03,28323295,2528506239,91.0,88.7,88.8,-1.9,11520,2408,91.0
2017-10-05,24619143,2161219190,88.8,87.2,87.3,-1.5,9426,2408,87.9
2017-10-06,27005136,2304100715,87.3,84.8,84.8,-2.5,11000,2408,87.1
2017-10-11,37818418,3271458033,88.0,85.8,85.8,1.0,13371,2408,87.0
2017-10-12,19175263,1658204624,87.7,85.8,85.9,0.1,7628,2408,86.0
2017-10-13,35664112,3102304844,88.7,84.9,87.1,1.2,15402,2408,85.8
2017-10-16,31585741,2779931042,88.9,86.5,88.9,1.8,12604,2408,87.4
2017-10-17,43372764,3859319131,90.5,86.0,86.0,-2.9,18559,2408,90.0
2017-10-18,31872454,2744771444,87.4,85.2,86.2,0.2,11596,2408,86.3
2017-10-19,24855078,2173099122,88.5,86.5,86.5,0.3,9402,2408,87.4
2017-10-20,19131024,1665177549,87.5,86.0,87.4,0.9,6371,2408,86.3
2017-10-23,14821224,1302679067,88.7,87.4,87.5,0.1,5263,2408,88.5
2017-10-24,12634436,1101758811,88.0,86.6,86.6,-0.9,4324,2408,87.5
2017-10-25,9293143,805086398,87.5,86.1,86.1,-0.5,5108,2408,87.5
2017-10-26,8106864,702378817,87.4,85.4,87.4,1.3,3888,2408,86.7
2017-10-27,19952060,1689078469,87.4,83.0,83.4,-4.0,8590,2408,87.4
2017-10-30,23539079,1940687766,86.5,82.9,83.2,-0.2,8394,2408,84.3
2017-10-31,27376851,2244207592,83.6,81.1,81.8,-1.4,12491,2408,83.3
2017-11-01,32410136,2793751232,88.3,84.6,87.3,5.5,14604,2408,84.7
2017-11-02,14550066,1249997310,86.6,85.0,85.5,-1.8,8304,2408,86.5
2017-11-03,10474809,884641456,86.0,83.8,84.1,-1.4,5532,2408,85.9
2017-11-06,6330750,537857293,85.5,84.6,85.0,0.9,3778,2408,84.8
2017-11-07,26002522,2299927714,90.1,86.8,87.3,2.3,12407,2408,87.6
2017-11-08,14497807,1276059466,89.1,87.3,87.8,0.5,7012,2408,88.0
2017-11-09,13537460,1167123971,88.2,84.2,85.2,-2.6,6863,2408,88.0
2017-11-10,20467424,1702718992,84.7,82.5,82.7,-2.5,8943,2408,84.7
2017-11-13,86028855,6989053299,83.3,81.3,82.0,-0.7,8640,2408,82.8
2017-11-14,21996293,1829326976,84.3,81.9,82.7,0.7,8881,2408,83.5
2017-11-15,12316148,1004779998,83.4,82.3,82.5,-0.2,5056,2408,82.9
2017-11-16,13479165,1099849505,82.9,81.3,81.4,-1.1,5772,2408,81.9
2017-11-17,9192935,757656333,82.9,82.0,82.6,1.2,4172,2408,82.3
2017-11-20,4396793,362986854,83.4,82.0,82.0,-0.6,2626,2408,83.4
2017-11-21,15690294,1314024327,85.0,82.3,84.0,2.0,7479,2408,82.7
2017-11-22,20239298,1745723669,87.5,85.1,86.0,2.0,10356,2408,86.8
2017-11-23,42074349,3729292003,90.2,86.6,87.7,1.7,17133,2408,87.0
2017-11-24,8706144,761228652,88.0,86.7,86.8,-0.9,4848,2408,87.9
2017-11-27,18234592,1556899950,87.3,84.5,85.1,-1.7,6270,2408,87.3
2017-11-28,13535217,1131524526,84.8,82.9,83.2,-1.9,6456,2408,84.5
2017-11-29,16587454,1378045840,84.8,82.1,82.4,-0.8,8507,2408,84.8
2017-11-30,41998335,3272671930,79.6,76.5,77.8,-4.6,15209,2408,79.1
2017-12-01,35242479,2672432104,77.6,74.8,75.6,-2.2,15127,2408,77.2
2017-12-04,30809088,2253732257,75.6,71.6,73.2,-2.4,12326,2408,75.6
2017-12-05,42344491,3024938418,73.8,69.6,73.8,0.6,16517,2408,71.2
2017-12-06,24728806,1840907183,75.8,73.2,73.4,-0.4,11144,2408,74.3
2017-12-07,21848508,1638308692,76.2,73.8,73.8,0.4,9623,2408,75.8
2017-12-08,22960780,1746131866,77.3,74.8,77.3,3.5,10757,2408,75.9
2017-12-11,16348389,1263572042,78.6,75.7,78.0,0.7,8088,2408,77.0
2017-12-12,10097389,778802477,78.2,76.4,76.9,-1.1,4752,2408,78.1
2017-12-13,6950784,534592468,77.5,76.0,77.2,0.3,3815,2408,76.7
2017-12-14,7825616,610113222,78.5,77.2,77.8,0.6,4028,2408,77.5
2017-12-15,6827709,531410102,78.3,76.6,78.2,0.4,3497,2408,78.0
2017-12-18,5781073,454867423,79.2,78.4,78.7,0.5,3254,2408,78.7
2017-12-19,13337273,1066635558,80.7,79.3,79.6,0.9,5695,2408,79.6
2017-12-20,14756217,1191056774,81.3,79.9,80.9,1.3,6588,2408,80.0
2017-12-21,13827556,1104966137,81.1,78.5,78.9,-2.0,5753,2408,80.7
2017-12-22,9309827,722420810,78.7,76.7,77.8,-1.1,4516,2408,78.2
2017-12-25,7207733,553347310,78.1,75.7,76.2,-1.6,3520,2408,77.9
2017-12-26,9952923,742450071,76.0,73.8,74.1,-2.1,4277,2408,75.9
2017-12-27,11252172,826328928,74.4,72.9,74.0,-0.1,4928,2408,73.6
2017-12-28,13715293,1048402324,77.3,74.5,76.3,2.3,5634,2408,74.5
2017-12-29,9844585,747158263,76.7,75.1,76.2,-0.1,4932,2408,76.2
2018-01-02,10962238,853981329,79.7,76.2,78.0,1.8,4957,2408,77.2
2018-01-03,18004924,1444164520,80.8,79.5,80.3,2.3,7229,2408,79.6
2018-01-04,13902189,1128531091,82.0,80.4,81.5,1.2,7226,2408,81.3
2018-01-05,29159382,2431597643,84.2,82.0,83.5,2.0,10868,2408,82.0
2018-01-08,17244766,1453722970,85.3,83.1,83.5,0.0,7751,2408,84.5
2018-01-09,8268605,688208425,84.4,82.6,82.6,-0.9,3582,2408,83.8
2018-01-10,20008135,1584686096,80.9,78.0,78.3,-4.3,9006,2408,80.9
2018-01-11,11507938,924554812,81.3,79.4,80.3,2.0,6015,2408,79.4
2018-01-12,10038682,810755080,81.5,79.4,81.4,1.1,5700,2408,81.1
2018-01-15,10414827,857486941,83.4,81.3,83.4,2.0,4724,2408,81.8
2018-01-16,23414019,1981073415,85.4,83.2,85.0,1.6,9335,2408,83.6
2018-01-17,41266358,3416590614,85.8,81.0,81.0,-4.0,18114,2408,85.8
2018-01-18,16279254,1343839460,83.4,82.0,82.0,1.0,8660,2408,82.0
2018-01-19,13812714,1119513494,82.4,80.6,80.6,-1.4,7953,2408,82.2
2018-01-22,12879477,1031716523,81.1,79.2,80.5,-0.1,6367,2408,79.8
2018-01-23,10779648,869628322,81.7,79.5,80.2,-0.3,5862,2408,81.0
2018-01-24,7439342,598346208,80.8,80.1,80.5,0.3,3389,2408,80.8
2018-01-25,16397747,1299178219,80.6,78.0,78.5,-2.0,7697,2408,80.3
2018-01-26,9036627,715993956,79.9,78.5,79.4,0.9,4768,2408,79.2
2018-01-29,6703005,530717168,80.0,78.8,78.8,-0.6,3596,2408,80.0
2018-01-30,9788954,772175155,79.8,78.2,78.4,-0.4,4357,2408,78.6
2018-01-31,14619873,1150253037,79.4,77.2,79.4,1.0,6496,2408,78.0
2018-02-01,15517057,1257664017,81.5,80.2,81.2,1.8,7642,2408,80.3
2018-02-02,12674351,1016144225,81.0,79.6,79.6,-1.6,5512,2408,81.0
2018-02-05,15636075,1204649666,77.9,76.3,77.4,-2.2,6286,2408,76.5
2018-02-06,23574058,1735315992,75.9,71.1,72.4,-5.0,10315,2408,75.1
2018-02-07,24396183,1838117742,77.9,73.5,73.6,1.2,11637,2408,77.9
2018-02-08,12488858,911616104,74.7,72.2,72.7,-0.9,5540,2408,74.0
2018-02-09,12295536,877724975,73.7,68.6,73.3,0.6,6012,2408,69.8
2018-02-12,16222301,1223360696,76.4,74.0,76.0,2.7,5941,2408,74.0
2018-02-21,31367436,2501370980,80.5,79.0,79.9,3.9,12862,2408,80.1
2018-02-22,15627228,1238491524,79.7,79.0,79.3,-0.6,7784,2408,79.2
2018-02-23,18825191,1498245775,80.4,78.8,79.9,0.6,7454,2408,79.3
2018-02-26,26039806,2108721400,81.7,80.1,81.0,1.1,8339,2408,80.6
2018-02-27,50657139,4128691192,82.6,80.8,80.8,-0.2,13493,2408,82.0
2018-03-01,34807228,2683374012,80.7,78.6,78.7,-2.1,9863,2408,80.4
2018-03-02,16387912,1283771828,79.5,77.3,78.4,-0.3,8278,2408,78.0
2018-03-05,7626048,599982947,79.4,77.8,78.4,0.0,4192,2408,79.2
2018-03-06,12148244,971114498,80.5,79.4,79.6,1.2,5264,2408,80.1
2018-03-07,13155163,1055194506,80.8,79.5,80.0,0.4,5481,2408,80.4
2018-03-08,26349652,2161061144,82.7,80.4,82.0,2.0,11057,2408,80.4
2018-03-09,17857592,1487519512,83.8,82.7,83.3,1.3,6848,2408,83.0
2018-03-12,19411816,1632076228,85.0,82.8,83.0,-0.3,8022,2408,83.8
2018-03-13,57825786,5084077280,90.0,85.8,89.9,6.9,23456,2408,85.8
2018-03-14,34326031,3097904649,92.5,89.0,89.4,-0.5,15430,2408,90.0
2018-03-15,19065949,1721727942,91.0,89.4,91.0,1.6,8540,2408,89.9
2018-03-16,44285316,4133380970,94.2,92.0,94.2,3.2,18134,2408,92.0
2018-03-19,39841528,3876566088,99.3,95.0,97.0,2.8,17754,2408,95.0
2018-03-20,24366093,2335692170,96.9,95.0,95.0,-2.0,9864,2408,95.2
2018-03-21,29152011,2863541194,99.4,96.5,99.0,4.0,13721,2408,96.8
2018-03-22,26458452,2566608770,99.0,95.2,96.3,-2.7,12115,2408,97.2
2018-03-23,27748981,2577614789,94.5,90.2,94.5,-1.8,10737,2408,90.2
2018-03-26,23425774,2165848455,93.8,91.7,92.0,-2.5,10738,2408,92.9
2018-03-27,20359330,1925808632,95.7,93.2,95.4,3.4,10075,2408,94.0
2018-03-28,23782487,2182878817,93.5,90.5,90.7,-4.7,11127,2408,93.5
2018-03-29,12072843,1105876452,92.4,90.4,92.3,1.6,6532,2408,91.6
2018-03-30,12909862,1188689955,93.8,91.1,91.8,-0.5,6272,2408,93.5
2018-03-31,3733886,342603795,92.2,91.2,92.0,0.2,1704,2408,92.0
2018-04-02,8683438,800862340,92.9,91.7,91.7,-0.3,4415,2408,92.5
2018-04-03,10804800,975770340,91.0,89.5,90.6,-1.1,5295,2408,90.2
2018-04-09,19053348,1689026284,90.2,87.3,88.5,-2.1,8423,2408,90.1
2018-04-10,14043360,1275401838,92.7,87.7,91.9,3.4,7138,2408,88.0
2018-04-11,15596723,1451991721,95.0,91.2,91.2,-0.7,6894,2408,95.0
2018-04-12,12513873,1157677468,93.2,91.9,92.5,1.3,5633,2408,92.0
2018-04-13,15371930,1445779346,94.9,92.7,93.4,0.9,7945,2408,93.8
2018-04-16,10296413,950994353,93.0,92.0,92.2,-1.2,5657,2408,93.0
2018-04-17,12431104,1121607491,92.5,89.0,89.5,-2.7,6934,2408,92.5
2018-04-18,22355592,2078542470,94.2,92.2,93.1,3.6,11859,2408,92.5
2018-04-19,32815733,3164198027,98.3,94.5,97.9,4.8,15646,2408,95.0
2018-04-20,25973683,2452661859,96.4,92.7,92.7,-5.2,11398,2408,94.5
2018-04-23,9520210,884410730,93.9,91.8,93.0,0.3,4586,2408,93.1
2018-04-24,18525402,1670296368,91.7,88.5,90.1,-2.9,8172,2408,91.6
2018-04-25,8120930,730301535,91.0,88.4,90.8,0.7,4564,2408,88.6
2018-04-26,12251927,1131176600,93.6,90.6,91.8,1.0,5867,2408,92.5
2018-04-27,13290356,1242255319,94.2,92.9,93.1,1.3,6102,2408,93.9
2018-04-30,8585539,793643427,93.4,91.3,93.0,-0.1,4366,2408,93.0
2018-05-02,10880103,1005073524,93.9,91.1,91.7,-1.3,5657,2408,93.9
2018-05-03,11821796,1063683241,91.0,89.3,89.9,-1.8,5649,2408,91.0
2018-05-04,7862141,720098876,92.5,90.7,91.7,1.8,3925,2408,90.9
2018-05-07,8348541,774518438,93.8,92.0,92.6,0.9,3715,2408,93.8
2018-05-08,27252202,2565707504,94.8,93.6,94.0,1.4,6894,2408,93.8
2018-05-09,19346504,1819556176,94.6,93.3,94.4,0.4,4887,2408,93.9
2018-05-10,8999761,848610355,96.0,93.2,93.6,-0.8,4601,2408,96.0
2018-05-11,18048983,1739702649,97.4,94.5,95.6,2.0,8053,2408,95.0
2018-05-14,7967384,763181369,97.3,95.0,95.3,-0.3,4404,2408,96.9
2018-05-15,6483588,617357397,96.4,94.1,95.5,0.2,3262,2408,96.0
2018-05-16,48293037,4858447692,104.0,96.1,102.5,7.0,20834,2408,96.1
2018-05-17,40058004,4187422370,107.5,101.0,101.5,-1.0,18108,2408,106.0
2018-05-18,17780512,1768046993,100.5,98.6,98.9,-2.6,9225,2408,100.5
2018-05-21,12141535,1209006931,101.5,98.6,99.0,0.1,6330,2408,100.0
2018-05-22,19027970,1893544190,102.5,96.9,97.2,-1.8,8127,2408,101.0
2018-05-23,20684197,2053485992,101.0,98.3,99.3,2.1,10615,2408,100.5
2018-05-24,16584308,1676816420,102.5,99.8,102.0,2.7,7209,2408,100.5
2018-05-25,12655900,1289831432,104.0,100.0,100.5,-1.5,6485,2408,103.5
2018-05-28,13763663,1368059506,100.5,98.8,99.3,-1.2,6455,2408,100.5
2018-05-29,8893519,881661708,100.0,98.6,98.9,-0.4,4884,2408,99.7
2018-05-30,21468907,2064751682,97.7,94.0,96.5,-2.4,10041,2408,94.0
2018-05-31,18637942,1840570621,99.6,97.5,99.6,3.1,7094,2408,98.0
2018-06-01,11091554,1085144591,98.8,97.3,97.5,-2.1,5407,2408,97.6
2018-06-04,14754585,1470021200,101.5,98.0,100.5,3.0,7268,2408,98.0
2018-06-05,12375468,1252699719,103.0,99.6,101.0,0.5,5724,2408,102.5
2018-06-06,8570919,859372200,102.0,99.8,100.0,-1.0,4540,2408,101.5
2018-06-07,15293338,1534698572,101.5,99.5,101.0,1.0,4516,2408,100.5
2018-06-08,10281196,1028700329,101.5,98.8,99.8,-1.2,4548,2408,101.5
2018-06-11,5888807,589038700,101.0,99.4,100.5,0.7,2659,2408,100.0
2018-06-12,12570433,1235262020,100.5,97.3,97.6,-2.9,6307,2408,99.8
2018-06-13,19385860,1842498863,97.4,94.0,94.0,-3.6,10378,2408,97.4
2018-06-14,13810492,1281031084,93.9,91.5,93.0,-1.0,7465,2408,93.7
2018-06-15,9880827,913275861,93.8,91.6,92.3,-0.7,5054,2408,93.1
2018-06-19,14305800,1311557964,93.5,90.6,90.6,-1.7,6757,2408,91.9
2018-06-20,10190200,925469000,92.0,90.2,90.4,-0.2,5402,2408,91.7
2018-06-21,10922037,1008416310,93.0,91.0,92.5,2.1,5553,2408,91.5
2018-06-22,10855746,994508198,92.5,90.8,92.5,0.0,4866,2408,92.5
2018-06-25,17186803,1519224525,91.4,86.5,86.5,-6.0,9813,2408,90.8
2018-06-26,21095734,1767716624,85.4,82.1,85.4,-1.1,9598,2408,84.3
2018-06-27,13319125,1167724183,88.6,86.6,87.2,1.8,6310,2408,86.6
2018-06-28,12341103,1017203454,83.3,81.2,83.0,0.0,5881,2408,82.6
2018-06-29,10296174,854828771,84.0,82.5,83.2,0.2,4970,2408,83.0
2018-07-02,8785104,719554737,83.6,80.8,81.0,-2.2,4576,2408,83.6
2018-07-03,9517989,784620084,83.2,81.7,81.8,0.8,5430,2408,82.0
2018-07-04,11634275,948189019,82.5,80.8,80.9,-0.9,5103,2408,81.8
2018-07-05,12143744,965014994,81.3,77.7,78.1,-2.8,5748,2408,80.8
2018-07-06,11088009,880591106,80.1,78.6,79.3,1.2,5434,2408,79.5
2018-07-09,16539393,1343137533,82.7,79.5,81.0,1.7,7023,2408,79.5
2018-07-10,15633761,1299301258,84.0,81.6,83.9,2.9,6969,2408,81.6
2018-07-11,11151102,931551841,84.8,82.2,83.6,-0.3,5753,2408,84.0
2018-07-12,16941431,1452876338,86.5,84.5,86.0,2.4,8376,2408,85.3
2018-07-13,16327613,1433116084,89.0,86.2,88.8,2.8,7527,2408,86.5
2018-07-16,13133926,1146020112,89.7,86.0,86.0,-2.8,6606,2408,89.3
2018-07-17,11597859,1011458813,88.3,86.0,88.1,2.1,5407,2408,86.1
2018-07-18,41645860,3559223755,88.1,83.7,84.0,-4.1,19338,2408,88.1
2018-07-19,29973386,2436474298,83.0,80.2,80.2,-3.8,14037,2408,83.0
2018-07-20,17100985,1380636266,81.6,80.1,80.5,0.3,8505,2408,80.7
2018-07-23,20432812,1605342348,80.3,78.0,78.5,-2.0,9183,2408,80.2
2018-07-24,15151803,1189566132,79.4,77.8,78.7,0.2,6792,2408,78.0
2018-07-25,16072640,1288891440,81.3,78.3,80.7,2.0,8149,2408,78.4
2018-07-26,13600246,1106753527,82.5,80.5,81.0,0.3,6121,2408,81.6
2018-07-27,8558234,699738448,82.2,81.4,81.9,0.9,4596,2408,81.4
2018-07-30,10440081,836852680,81.9,79.5,79.6,-2.3,5919,2408,81.9
2018-07-31,11477693,904881903,79.6,78.3,78.6,-1.0,6007,2408,79.5
2018-08-01,11452898,903010096,79.7,78.0,79.6,1.0,5462,2408,78.3
2018-08-02,8977377,703316297,79.5,77.9,78.4,-1.2,4740,2408,79.5
2018-08-03,29809422,2287121370,78.7,75.7,75.8,-2.6,13468,2408,78.5
2018-08-06,23612486,1749795796,75.0,73.6,73.6,-2.2,10859,2408,75.0
2018-08-07,18179650,1349771071,74.8,73.2,74.3,0.7,7397,2408,73.6
2018-08-08,18916998,1411149952,75.7,73.7,73.7,-0.6,8169,2408,75.0
2018-08-09,7063052,523382147,74.6,73.7,73.8,0.1,4008,2408,74.1
2018-08-10,8097574,595695834,74.2,73.0,73.2,-0.6,4231,2408,73.8
2018-08-13,23498779,1642288929,72.5,67.6,68.9,-4.3,10843,2408,72.5
2018-08-14,15048130,1038844514,70.5,67.6,70.2,1.3,7168,2408,69.7
2018-08-15,13072711,893029698,70.4,67.7,67.7,-2.5,7171,2408,70.4
2018-08-16,21293768,1406718781,68.4,63.5,67.3,-0.4,10612,2408,65.0
2018-08-17,14530845,963818470,67.9,65.0,65.0,-2.3,7742,2408,67.8
2018-08-20,14912144,991821604,67.6,65.6,65.7,0.7,8080,2408,66.6
2018-08-21,23649964,1612269116,69.4,66.2,68.5,2.8,12000,2408,67.2
2018-08-22,15399143,1046472924,69.7,67.0,67.4,-1.1,7966,2408,69.6
2018-08-23,9455491,633951632,67.6,66.6,67.3,-0.1,3914,2408,67.5
2018-08-24,6618950,445762515,68.0,66.8,67.4,0.1,3644,2408,67.6
2018-08-27,15259816,1058679021,70.3,67.7,70.1,2.7,6948,2408,68.1
2018-08-28,14814608,1060566266,72.3,70.7,70.7,0.6,7437,2408,71.5
2018-08-29,9517378,670573957,71.4,69.6,69.9,-0.8,5353,2408,71.1
2018-08-30,6239431,433927609,70.3,69.0,69.8,-0.1,3481,2408,69.9
2018-08-31,11311863,782712234,69.7,68.2,69.7,-0.1,5113,2408,69.2
2018-09-03,10552552,714778854,69.7,66.6,66.7,-3.0,5809,2408,69.7
2018-09-04,4594776,310338697,68.2,67.1,67.6,0.9,2699,2408,67.4
2018-09-05,9310104,622052321,67.9,66.2,66.6,-1.0,4559,2408,67.6
2018-09-06,25052637,1607250368,65.4,63.5,63.6,-3.0,12276,2408,65.0
2018-09-07,43903884,2584091000,60.7,57.3,57.5,-6.1,19362,2408,59.3
2018-09-10,22870055,1339009254,59.9,57.6,59.4,1.9,10191,2408,57.6
2018-09-11,14966607,896740589,60.8,58.9,60.1,0.7,7363,2408,60.0
2018-09-12,16715439,966964010,58.9,57.3,57.4,-2.7,7124,2408,58.9
2018-09-13,16617681,958416698,58.7,56.2,57.5,0.1,7559,2408,56.5
2018-09-14,13777979,819129130,60.0,58.9,59.6,2.1,6986,2408,59.4
2018-09-17,24236129,1486500625,62.9,59.5,61.2,1.6,10752,2408,60.2
2018-09-18,13211697,788917070,60.3,59.3,59.3,-1.9,6980,2408,60.0
2018-09-19,19221946,1162894840,61.2,60.0,60.0,0.7,8463,2408,61.1
2018-09-20,9814401,584386953,60.3,59.1,59.5,-0.5,4623,2408,60.0
2018-09-21,25798593,1496762407,58.7,57.0,58.5,-1.0,9894,2408,58.5
2018-09-25,21344235,1294170516,62.0,58.3,61.7,3.2,8911,2408,58.3
2018-09-26,13303202,802828014,61.0,59.7,60.2,-1.5,7031,2408,60.7
2018-09-27,9420742,559300120,59.8,59.0,59.8,-0.4,4921,2408,59.1
2018-09-28,13033810,768365062,60.4,58.1,58.1,-1.7,6221,2408,60.2
2018-10-01,8366136,493340137,59.5,58.2,59.2,1.1,4903,2408,58.2
2018-10-02,5689033,333475547,59.2,58.3,58.4,-0.8,3168,2408,59.2
2018-10-03,5355551,311544617,59.0,57.7,57.8,-0.6,2682,2408,58.8
2018-10-04,29715765,1633672013,56.7,53.8,53.9,-3.9,14040,2408,56.7
2018-10-05,23454541,1234934487,53.7,51.3,52.2,-1.7,11107,2408,52.9
2018-10-08,9710155,510786687,53.2,51.9,52.7,0.5,5088,2408,52.0
2018-10-09,13242862,702742486,54.2,52.3,52.3,-0.4,5770,2408,53.3
2018-10-11,24371582,1174435718,49.2,47.1,48.5,-3.8,10152,2408,48.6
2018-10-12,24773586,1293811402,53.3,50.1,53.3,4.8,9159,2408,50.6
2018-10-15,42208140,2370723194,57.2,54.0,57.2,3.9,16892,2408,54.0
2018-10-16,41987701,2319383958,57.2,54.1,54.1,-3.1,17851,2408,57.2
2018-10-17,31927247,1765212653,56.6,54.2,54.4,0.3,15452,2408,55.7
2018-10-18,29963402,1569846204,53.9,51.2,51.5,-2.9,14811,2408,53.5
2018-10-19,31552813,1597662450,52.1,48.8,52.1,0.6,13512,2408,49.25
2018-10-22,14642003,757969059,53.0,50.3,52.5,0.4,7537,2408,51.0
2018-10-23,14087416,717093616,51.4,50.5,50.5,-2.0,7261,2408,51.0
2018-10-24,23430891,1167643343,50.7,49.2,49.3,-1.2,10176,2408,50.4
2018-10-25,37766123,1738907960,46.9,45.1,45.75,-3.55,16776,2408,46.7
2018-10-26,20854635,961565238,46.9,45.15,46.0,0.25,10003,2408,46.7
2018-10-29,16734678,773682605,46.95,45.35,46.6,0.6,6977,2408,46.35
2018-10-30,25048022,1204010608,49.05,46.35,48.5,1.9,11404,2408,46.4
2018-10-31,34943234,1774511406,51.9,49.4,51.4,2.9,14244,2408,49.55
2018-11-01,32609279,1747148260,54.5,51.0,54.4,3.0,14786,2408,51.6
2018-11-02,47552056,2690723926,57.8,55.4,56.1,1.7,19164,2408,57.0
2018-11-05,17858595,994805030,56.3,54.9,55.7,-0.4,8980,2408,55.8
2018-11-06,22637311,1208838181,55.0,52.2,52.2,-3.5,10695,2408,55.0
2018-11-07,14241969,771063983,55.3,52.3,55.2,3.0,7167,2408,52.3
2018-11-08,17603852,972500521,57.3,53.8,53.8,-1.4,8238,2408,57.0
2018-11-09,11203229,604437299,54.6,52.8,54.2,0.4,5739,2408,53.4
2018-11-12,11290160,603551140,54.1,53.1,53.8,-0.4,5070,2408,53.5
2018-11-13,48611057,2711463255,57.4,54.2,56.2,2.4,18702,2408,55.0
2018-11-14,23169716,1312210485,57.2,56.0,56.5,0.3,9722,2408,56.3
2018-11-15,10285126,576007556,56.9,55.5,55.9,-0.6,4859,2408,56.7
2018-11-16,17518015,977489725,56.8,54.5,54.6,-1.3,8270,2408,56.8
2018-11-19,22892293,1299873237,57.5,55.4,57.5,2.9,11188,2408,55.8
2018-11-20,16612274,947607892,57.8,56.3,57.5,0.0,7305,2408,56.5
2018-11-21,16744952,959054516,57.9,56.4,57.8,0.3,9086,2408,56.9
2018-11-22,17439393,1011607494,58.5,57.2,58.0,0.2,7529,2408,57.8
2018-11-23,13142165,747893499,58.1,56.1,56.1,-1.9,6061,2408,58.0
2018-11-26,19453634,1115773620,58.2,56.1,57.3,1.2,8836,2408,56.6
2018-11-27,20011328,1142367124,58.4,55.7,58.0,0.7,8961,2408,56.3
2018-11-28,18280560,1071847703,59.4,57.7,58.6,0.6,8284,2408,58.3
2018-11-29,36093769,2216931150,63.2,60.0,60.3,1.7,16314,2408,60.0
2018-11-30,27674155,1688991635,61.6,60.6,61.0,0.7,8226,2408,60.6
2018-12-03,37002397,2343712367,64.3,62.3,62.8,1.8,13234,2408,63.2
2018-12-04,17919029,1116135092,63.1,61.8,62.0,-0.8,7270,2408,62.5
2018-12-05,35958557,2048387573,57.7,56.0,56.9,-5.1,15633,2408,57.0
2018-12-06,22289755,1231446999,56.8,54.3,55.0,-1.9,10686,2408,56.5
2018-12-07,12008806,668636662,56.1,55.2,55.7,0.7,6636,2408,55.8
2018-12-10,28889461,1515188533,53.6,51.3,52.1,-3.6,11996,2408,53.5
2018-12-11,13212690,697289402,53.4,51.8,52.9,0.8,6712,2408,52.4
2018-12-12,15771981,842516714,53.9,53.0,53.7,0.8,6257,2408,53.2
2018-12-13,12848504,694364663,54.5,53.4,54.3,0.6,6535,2408,54.0
2018-12-14,10455603,556623476,53.8,52.4,53.5,-0.8,5620,2408,53.6
2018-12-17,6416380,342508964,53.6,52.9,53.5,0.0,3961,2408,52.9
2018-12-18,13374835,719021815,54.6,52.6,54.5,1.0,6360,2408,53.1
2018-12-19,13793475,735816195,53.9,52.9,53.7,-0.8,6307,2408,53.4
2018-12-20,12595644,670127654,53.7,52.5,53.2,-0.5,6417,2408,52.9
2018-12-21,11895786,634654805,53.9,52.2,53.9,0.7,3546,2408,53.0
2018-12-22,1348471,72182694,53.8,53.2,53.5,-0.4,780,2408,53.4
2018-12-24,11441993,630032299,56.0,53.2,56.0,2.5,5004,2408,53.3
2018-12-25,9788961,544729888,57.0,53.8,57.0,1.0,4312,2408,53.8
2018-12-26,16631497,921367024,57.6,54.1,54.1,-2.9,7893,2408,57.3
2018-12-27,9430395,525388430,56.3,55.2,55.8,1.7,4362,2408,55.5
2018-12-28,8796551,486929705,56.4,54.6,55.0,-0.8,3760,2408,56.3
2019-01-02,9468759,521562692,55.9,54.6,55.0,0.0,4064,2408,55.5
2019-01-03,25274154,1324305481,54.7,51.4,51.5,-3.5,12257,2408,54.7
2019-01-04,17431836,878799030,51.6,49.5,51.6,0.1,8421,2408,50.1
2019-01-07,13123200,682695667,52.7,51.4,51.8,0.2,5072,2408,52.4
2019-01-08,6178206,320473442,52.4,51.5,51.7,-0.1,3430,2408,52.3
2019-01-09,11244511,589707619,53.0,52.0,52.5,0.8,5477,2408,52.0
2019-01-10,18655637,1003726160,54.5,52.9,53.8,1.3,7980,2408,53.3
2019-01-11,16154116,863550800,54.6,52.4,53.5,-0.3,6191,2408,54.5
2019-01-14,9390852,493437527,53.5,52.0,52.0,-1.5,4963,2408,53.0
2019-01-15,14878330,790884911,54.2,51.7,53.6,1.6,6846,2408,51.7
2019-01-16,36515804,2048130393,57.2,54.2,56.4,2.8,16899,2408,54.5
2019-01-17,23392552,1301824130,56.9,55.0,55.1,-1.3,9997,2408,56.3
2019-01-18,17348222,972560684,56.6,55.4,56.4,1.3,6892,2408,55.4
2019-01-21,11336892,646372044,57.3,56.6,57.2,0.8,6568,2408,57.2
2019-01-22,5256309,298331713,57.2,56.4,56.5,-0.7,2658,2408,57.2
2019-01-23,15625569,887599033,57.5,55.7,57.0,0.5,6456,2408,56.1
2019-01-24,22538447,1322157986,59.7,57.6,59.6,2.6,11189,2408,57.6
2019-01-25,24680831,1493993660,61.9,59.3,60.0,0.4,10552,2408,61.8
2019-01-28,17092868,1045742750,61.8,60.8,60.8,0.8,6755,2408,61.0
2019-01-29,14602687,863586033,60.2,58.5,58.8,-2.0,7591,2408,60.2
2019-01-30,11079510,661816250,60.2,58.8,60.1,1.3,5773,2408,58.8
2019-02-11,16726888,997119196,60.8,59.0,59.0,-1.1,7806,2408,60.8
2019-02-12,12268681,732775760,60.1,59.1,60.0,1.0,5112,2408,59.2
2019-02-13,17017079,1019380632,60.8,59.0,60.5,0.5,7989,2408,60.5
2019-02-14,22538894,1399640028,63.0,60.5,62.1,1.6,10557,2408,61.0
2019-02-15,21774791,1327221716,62.5,60.0,60.0,-2.1,8388,2408,62.1
2019-02-18,8695778,525021458,60.8,60.1,60.2,0.2,4150,2408,60.5
2019-02-19,6374602,385398512,60.9,60.0,60.5,0.3,3010,2408,60.1
2019-02-20,7308956,440698706,60.6,60.1,60.6,0.1,3706,2408,60.2
2019-02-21,7699349,467911367,61.0,60.5,60.8,0.2,3646,2408,60.8
2019-02-22,18279189,1127787129,62.5,60.4,60.9,0.1,8652,2408,60.7
2019-02-25,12931141,797812367,62.3,61.3,61.6,0.7,5582,2408,61.7
2019-02-26,17603559,1094891876,62.7,61.6,62.0,0.4,7200,2408,61.6
2019-02-27,18697279,1171483434,63.2,62.2,62.2,0.2,8321,2408,62.8
2019-03-04,53442888,3475221920,67.1,63.9,64.8,2.6,22874,2408,67.1
2019-03-05,21244500,1352364100,64.4,63.1,63.1,-1.7,11556,2408,63.9
2019-03-06,24728202,1522056662,62.3,61.1,61.4,-1.7,13955,2408,61.1
2019-03-07,19288813,1166444073,61.4,60.0,60.0,-1.4,10388,2408,60.8
2019-03-08,14312939,859000379,60.8,59.0,60.5,0.5,7168,2408,59.3
2019-03-11,10884403,659404244,60.9,60.3,60.4,-0.1,5826,2408,60.5
2019-03-12,9693905,592686669,61.6,60.8,60.8,0.4,4997,2408,61.1
2019-03-13,12592661,761896640,61.2,60.1,60.1,-0.7,5287,2408,60.8
2019-03-14,11313247,681158034,60.6,60.0,60.3,0.2,5414,2408,60.1
2019-03-15,17799873,1074437399,60.9,60.1,60.1,-0.2,4952,2408,60.5
2019-03-18,18115845,1079786700,60.5,59.0,59.5,-0.6,9641,2408,60.5
2019-03-19,8481778,507118980,60.1,59.6,59.7,0.2,5826,2408,59.8
2019-03-20,11681383,702156821,60.7,59.7,60.6,0.9,6231,2408,59.9
2019-03-21,31767529,1992538983,63.6,62.1,62.8,2.2,13394,2408,63.6
2019-03-22,25952791,1654332581,64.7,63.0,63.1,0.3,12146,2408,64.0
2019-03-25,16153328,990137366,62.0,60.8,61.1,-2.0,7146,2408,62.0
2019-03-26,11561456,707911338,61.8,60.7,61.0,-0.1,5080,2408,61.7
2019-03-27,7890559,482312192,61.6,60.7,61.1,0.1,4100,2408,61.2
2019-03-28,8785986,532288431,60.9,60.2,60.8,-0.3,3959,2408,60.6
2019-03-29,7956707,486623840,61.4,60.8,61.4,0.6,3433,2408,60.8
2019-04-01,12307945,759383116,62.4,61.0,61.0,-0.4,5801,2408,62.3
2019-04-02,17245786,1066411875,62.4,61.2,61.7,0.7,8053,2408,61.5
2019-04-03,10009165,621794456,62.5,61.7,62.3,0.6,4438,2408,62.0
2019-04-08,17620595,1105069085,63.2,62.1,63.0,0.7,8349,2408,62.3
2019-04-09,6550014,410898352,63.3,62.5,62.6,-0.4,3390,2408,63.3
2019-04-10,7158327,446800021,62.7,62.1,62.5,-0.1,4067,2408,62.5
2019-04-11,11718119,729631846,63.2,61.6,61.6,-0.9,5463,2408,62.9
2019-04-12,16381082,994749666,61.5,60.4,60.5,-1.1,7523,2408,61.2
2019-04-15,9142519,562545494,61.9,60.8,61.7,1.2,4283,2408,61.1
2019-04-16,11865037,740910895,62.7,61.8,62.7,1.0,5610,2408,61.9
2019-04-17,30731797,1947023061,64.2,61.7,63.9,1.2,12553,2408,62.7
2019-04-18,14365278,914233118,64.3,62.8,63.1,-0.8,6776,2408,64.2
2019-04-19,10400185,664205956,64.4,63.3,63.7,0.6,4753,2408,63.5
2019-04-22,5236253,334861019,64.3,63.7,63.8,0.1,2423,2408,64.1
2019-04-23,20277109,1310629946,65.4,63.4,64.9,1.1,8484,2408,64.4
2019-04-24,20393870,1329407405,65.8,64.6,65.4,0.5,8685,2408,64.9
2019-04-25,30878279,2043034262,67.0,64.8,65.5,0.1,13377,2408,65.4
2019-04-26,13586170,893523920,66.2,64.7,66.0,0.5,6725,2408,65.5
2019-04-29,12882550,841150720,66.4,64.5,64.7,-1.3,5547,2408,66.0
2019-04-30,13400509,872970263,65.8,64.6,65.4,0.7,4901,2408,64.6
2019-05-02,8987839,592263400,66.4,65.5,65.7,0.3,4245,2408,65.8
2019-05-03,11720593,776441828,66.8,65.6,66.7,1.0,5030,2408,65.7
2019-05-06,16025939,1044947596,66.0,64.7,65.0,-1.7,6621,2408,66.0
2019-05-07,8825884,582406044,66.4,65.3,66.2,1.2,4309,2408,65.3
2019-05-08,6725366,441437196,66.0,65.0,65.9,-0.3,3505,2408,65.2
2019-05-09,12002963,778215603,65.7,64.0,64.2,-1.7,5691,2408,65.5
2019-05-10,11167354,718571779,65.3,63.3,63.8,-0.4,4722,2408,64.4
2019-05-13,15245100,947788971,64.1,61.0,61.1,-2.7,7573,2408,63.5
2019-05-14,15948487,965812334,61.5,59.2,61.5,0.4,7722,2408,59.9
2019-05-15,12024976,747706294,62.9,61.7,62.0,0.5,5673,2408,61.7
2019-05-16,10908341,670657865,62.2,61.0,61.0,-1.0,4849,2408,62.2
2019-05-17,9301090,566582662,61.6,60.6,60.6,-0.4,4161,2408,61.2
2019-05-20,7071609,430516349,61.3,60.6,60.9,0.3,3801,2408,60.6
2019-05-21,9656487,590348788,61.5,60.7,61.5,0.6,5114,2408,60.8
2019-05-22,5028086,307627760,61.6,60.8,60.8,-0.7,2799,2408,61.5
2019-05-23,10796795,648815087,60.4,59.9,60.2,-0.6,4529,2408,60.3
2019-05-24,8537404,511655466,60.3,59.6,59.8,-0.4,4040,2408,60.0
2019-05-27,6250988,379195761,61.5,60.1,60.5,0.7,3384,2408,60.1
2019-05-28,15135270,920926527,61.3,60.3,60.9,0.4,2786,2408,61.3
2019-05-29,24612819,1441949121,60.0,57.8,58.0,-2.9,12298,2408,59.7
2019-05-30,14206511,839397646,60.0,58.2,60.0,2.0,7144,2408,58.4
2019-05-31,18070150,1106527453,61.8,60.3,61.6,1.6,8501,2408,60.4
2019-06-03,9794165,602966891,62.2,60.6,61.9,0.3,4973,2408,61.0
2019-06-04,12908283,787527605,61.2,60.8,60.9,-1.0,6083,2408,61.2
2019-06-05,11789943,720702423,62.2,60.5,60.5,-0.4,6207,2408,61.6
2019-06-06,17602215,1043708324,60.2,58.8,59.2,-1.3,8549,2408,60.1
2019-06-10,14247770,846787303,60.0,59.1,59.3,0.1,6716,2408,60.0
2019-06-11,10850960,646888086,59.9,59.3,59.4,0.1,5431,2408,59.5
2019-06-12,11700569,704181774,60.7,59.7,60.7,1.3,5429,2408,59.8
2019-06-13,7434822,452126842,61.2,60.1,60.9,0.2,4890,2408,60.5
2019-06-14,7363811,449017971,61.2,60.8,60.8,-0.1,4301,2408,60.9
2019-06-17,6864361,419697581,61.5,60.8,60.9,0.1,3598,2408,60.9
2019-06-18,6322391,385047293,61.3,60.7,60.9,0.0,3138,2408,61.2
2019-06-19,18375034,1137877208,62.3,61.4,62.1,1.2,8956,2408,61.5
2019-06-20,10055258,627133988,62.8,61.8,62.3,0.2,5550,2408,62.1
2019-06-21,13248311,835094593,63.4,62.5,63.0,0.7,6007,2408,62.5
2019-06-24,8805308,556369549,63.5,62.6,63.1,0.1,4365,2408,63.2
2019-06-25,18486563,1180982590,64.6,63.3,63.3,0.2,8179,2408,63.3
2019-06-26,12692418,810531152,64.9,63.2,63.7,0.4,6412,2408,64.5
2019-06-27,13649724,872970983,64.3,63.6,64.1,0.4,5495,2408,63.6
2019-06-28,12518923,806177200,64.6,64.1,64.5,0.4,5240,2408,64.6
2019-07-01,22547008,1485942928,66.2,65.3,66.0,1.5,9971,2408,66.0
2019-07-02,19465379,1290985192,66.7,66.2,66.3,0.3,8214,2408,66.2
2019-07-03,29251850,1917616003,66.3,64.7,65.2,-1.1,12606,2408,66.0
2019-07-04,39507055,2331467370,59.8,58.1,59.2,0.0,13579,2408,58.1
2019-07-05,22847130,1398476660,62.3,59.7,62.0,2.8,11504,2408,59.8
2019-07-08,19246116,1181536976,63.0,60.3,61.0,-1.0,9658,2408,61.9
2019-07-09,20813380,1288545542,62.8,60.8,62.8,1.8,9246,2408,61.7
2019-07-10,35834712,2293082619,64.5,63.2,64.4,1.6,15885,2408,64.0
2019-07-11,36232234,2364564632,65.6,64.7,65.4,1.0,13190,2408,65.6
2019-07-12,68227197,4585627072,69.2,65.8,66.7,1.3,27924,2408,66.0
2019-07-15,42377590,2905472582,69.9,66.8,69.9,3.2,17581,2408,66.8
2019-07-16,34205853,2341439103,70.0,67.3,67.9,-2.0,16453,2408,69.9
2019-07-17,26744506,1804671393,68.9,66.4,67.7,-0.2,11659,2408,66.6
2019-07-18,20655496,1393622361,68.8,66.7,66.7,-1.0,8445,2408,68.5
2019-07-19,15351772,1035900316,68.4,66.8,67.7,1.0,7045,2408,67.9
2019-07-22,39338075,2735580408,70.0,68.6,69.8,2.1,19693,2408,68.6
2019-07-23,41862778,3020022941,72.9,71.3,72.3,2.5,21019,2408,71.3
2019-07-24,28900151,2057194088,72.0,70.3,71.8,-0.5,12831,2408,71.7
2019-07-25,42286443,3161315711,76.6,72.3,76.5,4.7,20089,2408,72.6
2019-07-26,34412833,2620499746,77.8,74.3,77.0,0.5,15523,2408,74.3
2019-07-29,27592028,2082481042,76.5,74.8,74.8,-2.2,12408,2408,76.2
2019-07-30,32283921,2423778598,77.0,73.4,75.8,1.0,15517,2408,76.3
2019-07-31,31822594,2350606256,76.0,72.8,74.0,-1.8,15497,2408,76.0
2019-08-01,23291150,1706508742,74.1,71.5,74.1,0.1,10850,2408,72.0
2019-08-02,34296753,2481914107,73.4,71.8,72.3,-1.8,14265,2408,72.7
2019-08-05,22004093,1574235468,73.2,70.7,70.9,-1.4,10037,2408,72.7
2019-08-06,29157084,2008976841,69.8,68.1,69.2,-1.7,14113,2408,68.1
2019-08-07,17170273,1207772438,71.3,69.8,69.8,0.6,8212,2408,70.5
2019-08-08,28102842,1928148676,69.9,68.1,68.1,-1.7,13375,2408,68.5
2019-08-12,21444982,1477559130,69.7,67.3,69.3,1.2,8888,2408,67.4
2019-08-13,14731674,1012639754,69.7,67.9,68.8,-0.5,6940,2408,69.0
2019-08-14,31856494,2289860688,72.5,70.7,72.5,3.7,15026,2408,71.6
2019-08-15,21743656,1551329796,72.3,70.4,71.4,-1.1,9932,2408,71.5
2019-08-16,15702821,1121644216,72.4,70.4,71.3,-0.1,7703,2408,72.0
2019-08-19,10515560,749618570,72.4,70.8,71.5,0.2,5679,2408,72.4
2019-08-20,20625510,1451213771,72.2,69.2,69.6,-1.9,10178,2408,72.2
2019-08-21,11580639,810459330,70.5,69.3,70.2,0.6,6971,2408,69.7
2019-08-22,8639442,608586915,70.9,70.0,70.3,0.1,4457,2408,70.9
2019-08-23,10354473,737391708,71.5,70.7,71.5,1.2,5224,2408,71.5
2019-08-26,11791814,834277469,71.8,69.7,71.1,-0.4,6347,2408,70.0
2019-08-27,15832553,1143755011,72.7,71.5,72.4,1.3,5796,2408,72.1
2019-08-28,12982225,945889870,73.5,72.0,73.5,1.1,5806,2408,72.5
2019-08-29,22627899,1613739400,73.0,70.6,70.9,-2.6,10300,2408,72.3
2019-08-30,27476327,1945601922,72.1,70.0,70.4,-0.5,10411,2408,71.8
2019-09-02,11808827,844836681,72.0,70.6,71.8,1.4,4987,2408,71.2
2019-09-03,8098390,578046592,72.4,70.8,71.2,-0.6,4394,2408,72.1
2019-09-04,23168472,1696937156,73.9,72.5,73.0,1.8,9805,2408,72.5
2019-09-05,51735888,3930350482,77.2,73.9,76.9,3.9,20041,2408,73.9
2019-09-06,19900218,1534619729,78.5,76.3,77.1,0.2,10076,2408,77.9
2019-09-09,11530703,885660720,78.3,76.2,76.5,-0.6,5219,2408,78.3
2019-09-10,16330218,1252588659,77.6,76.2,76.5,0.0,5923,2408,76.8
2019-09-11,8286510,636341251,77.3,76.4,76.9,0.4,3537,2408,77.3
2019-09-12,8852045,688053269,78.0,77.5,77.8,0.9,4797,2408,77.5
2019-09-16,18250310,1426965985,79.4,76.4,78.1,0.3,9169,2408,77.1
2019-09-17,35519090,2904620420,83.3,79.0,82.0,3.9,17535,2408,79.5
2019-09-18,23282170,1918579560,83.4,81.6,82.1,0.1,10490,2408,82.0
2019-09-19,9787935,798375684,83.0,80.8,81.4,-0.7,5275,2408,82.6
2019-09-20,10494918,865590872,82.9,81.6,82.9,1.5,5149,2408,82.0
2019-09-23,16248561,1368643231,85.3,82.5,85.0,2.1,8761,2408,83.4
2019-09-24,15586754,1331304608,86.7,84.5,85.4,0.4,8631,2408,85.5
2019-09-25,9968445,840649871,85.0,83.5,85.0,-0.4,5291,2408,84.5
2019-09-26,18040347,1507951396,85.6,82.2,84.3,-0.7,8108,2408,85.3
2019-09-27,23454824,1911073890,82.4,80.5,80.5,-3.8,12659,2408,81.8
2019-10-01,14509189,1193390787,83.1,81.1,83.1,2.6,7470,2408,82.4
2019-10-02,11600664,952809448,82.9,81.2,82.0,-1.1,5722,2408,82.8
2019-10-03,18015357,1443244760,81.2,79.5,79.9,-2.1,8512,2408,80.6
2019-10-04,19478546,1553569525,80.4,79.0,79.2,-0.7,8455,2408,80.2
2019-10-07,12115543,986594241,82.2,79.6,81.7,2.5,6274,2408,79.8
2019-10-08,25046572,1976602248,79.6,78.5,78.6,-3.1,12021,2408,79.2
2019-10-09,50835812,3722567948,75.1,71.4,71.4,-7.2,22261,2408,74.7
2019-10-14,30343590,2211291357,74.3,71.7,71.7,0.3,13029,2408,73.1
2019-10-15,22391580,1572247716,72.5,69.4,69.6,-2.1,10816,2408,72.1
2019-10-16,17159630,1207597167,71.2,69.8,70.0,0.4,8915,2408,70.6
2019-10-17,10746575,752223830,70.9,69.3,70.4,0.4,5507,2408,70.4
2019-10-18,24249868,1744368522,72.9,70.8,72.3,1.9,11324,2408,70.9
2019-10-21,11976309,856773672,72.3,70.8,71.6,-0.7,5851,2408,71.7
2019-10-22,18507250,1314785287,72.4,70.5,70.9,-0.7,8416,2408,71.8
2019-10-23,10779952,763952790,71.4,70.5,70.6,-0.3,5011,2408,70.8
2019-10-24,9889531,702742040,71.4,70.7,71.3,0.7,4974,2408,71.0
2019-10-25,17067740,1236953215,73.5,71.7,71.7,0.4,8547,2408,72.7
2019-10-28,6210832,447612502,72.4,71.8,71.9,0.2,3300,2408,72.4
2019-10-29,10237019,739914552,72.8,72.0,72.3,0.4,4648,2408,72.2
2019-10-30,15193784,1080713248,72.0,70.8,71.1,-1.2,7097,2408,71.2
2019-10-31,16161423,1134824771,70.9,69.8,70.0,-1.1,7674,2408,70.8
2019-11-01,12239309,856915730,70.6,69.3,70.6,0.6,6487,2408,69.3
2019-11-04,12509029,876510130,71.0,69.7,69.8,-0.8,6815,2408,70.7
2019-11-05,51107655,3696641150,73.0,70.4,73.0,3.2,14633,2408,70.8
2019-11-06,17952964,1314613269,74.0,72.3,72.5,-0.5,8050,2408,73.5
2019-11-07,5005931,361435684,72.9,71.7,72.4,-0.1,2644,2408,72.8
2019-11-08,4837186,350468632,72.9,72.1,72.4,0.0,2369,2408,72.9
2019-11-11,7572076,541184196,72.4,70.9,71.2,-1.2,3338,2408,72.4
2019-11-12,4197965,301289983,72.0,71.4,72.0,0.8,2365,2408,71.8
2019-11-13,11761001,828449857,71.4,69.8,69.9,-2.1,6156,2408,70.8
2019-11-14,25419040,1719222566,70.0,66.8,67.2,-2.7,13086,2408,69.9
2019-11-15,13483345,926337205,69.4,67.5,69.0,1.8,6980,2408,67.5
2019-11-18,16129813,1149083279,71.8,70.2,71.1,2.1,7759,2408,70.3
2019-11-19,13559669,971812912,72.3,71.0,71.2,0.1,6222,2408,71.4
2019-11-20,13482808,955072268,71.7,70.0,71.0,-0.2,4660,2408,71.2
2019-11-21,12285202,848820951,69.5,68.4,69.3,-1.7,6617,2408,69.5
2019-11-22,9709519,683863529,71.4,69.6,70.1,0.8,4949,2408,69.6
2019-11-25,5676237,401715062,71.1,70.1,70.8,0.7,3732,2408,70.8
2019-11-26,13635539,971215644,71.7,70.8,70.8,0.0,4830,2408,71.4
2019-11-27,10795651,769871671,71.9,69.5,71.1,0.3,5400,2408,69.6
2019-11-28,8893963,638803631,72.1,71.3,71.7,0.6,4476,2408,71.5
2019-11-29,10056986,717572089,72.1,70.8,71.2,-0.5,3651,2408,72.0
2019-12-02,6237463,443334997,71.6,70.4,71.6,0.4,3175,2408,71.5
2019-12-03,23893493,1745582105,73.7,71.1,73.3,1.7,11164,2408,71.5
2019-12-04,20199355,1474487832,73.9,71.7,72.6,-0.7,10686,2408,73.0
2019-12-05,46583891,3562733907,78.8,73.2,77.2,4.6,23807,2408,73.3
2019-12-06,24005184,1839733611,78.0,75.3,75.3,-1.9,12697,2408,78.0
2019-12-09,16725755,1280505080,77.4,75.4,76.0,0.7,8514,2408,76.0
2019-12-10,11329891,856968969,76.3,75.0,75.1,-0.9,6081,2408,76.0
2019-12-11,18859639,1437618118,77.3,75.4,75.6,0.5,8760,2408,75.5
2019-12-12,21433361,1652539697,77.8,76.1,77.3,1.7,11045,2408,76.4
2019-12-13,40919075,3267974436,81.0,78.3,79.6,2.3,18336,2408,80.9
2019-12-16,36223589,2998795489,83.8,80.0,82.8,3.2,16856,2408,80.0
2019-12-17,33660617,2858937641,86.0,83.2,85.3,2.5,16727,2408,83.8
2019-12-18,21639650,1819145400,85.0,83.1,84.0,-1.3,11047,2408,83.7
2019-12-19,28825497,2455921145,86.2,84.1,85.5,1.5,12428,2408,85.0
2019-12-20,21348271,1794211410,85.5,83.5,83.5,-2.0,9465,2408,83.9
2019-12-23,10916352,904782744,83.7,82.3,82.6,-0.9,5025,2408,83.5
2019-12-24,9668952,805260675,83.8,82.5,83.5,0.9,4485,2408,82.6
2019-12-25,5538692,463592828,84.1,83.3,84.1,0.6,2688,2408,83.3
2019-12-26,4308624,362322608,84.9,83.7,83.7,-0.4,2147,2408,84.7
2019-12-27,6948565,585210970,85.0,83.6,83.6,-0.1,3928,2408,84.3
2019-12-30,11670430,989406362,85.5,83.9,84.5,0.9,5910,2408,84.0
2019-12-31,8145598,681279519,84.4,83.2,83.4,-1.1,4502,2408,84.0
2020-01-02,39909583,3470538038,89.7,84.5,86.0,2.6,21014,2408,85.0
2020-01-03,18771916,1597541741,87.6,83.6,84.8,-1.2,9653,2408,87.4
2020-01-06,7741278,648294621,84.7,83.3,83.7,-1.1,4068,2408,84.0
2020-01-07,16643874,1353175852,84.2,80.0,81.1,-2.6,8977,2408,83.4
2020-01-08,25273946,2102892722,84.6,82.0,82.6,1.5,11943,2408,82.5
2020-01-09,14067766,1183321659,84.8,83.1,83.4,0.8,8440,2408,84.8
2020-01-10,11330221,950555982,84.8,82.8,84.3,0.9,5726,2408,83.6
2020-01-13,22769190,1958564324,87.3,84.3,85.5,1.2,13049,2408,85.0
2020-01-14,10277966,877021563,86.4,84.5,85.3,-0.2,5240,2408,86.3
2020-01-15,7547167,639147187,86.1,83.8,83.8,-1.5,4305,2408,86.1
2020-01-16,9343213,779130542,84.4,82.8,83.4,-0.4,5042,2408,84.0
2020-01-17,8028392,669125047,84.2,82.9,83.6,0.2,4149,2408,84.2
2020-01-20,11357538,965451065,85.4,84.4,85.2,1.6,5634,2408,84.5
2020-01-30,19179714,1524418064,82.1,77.5,77.8,-7.4,9997,2408,82.0
2020-01-31,15225694,1200043326,80.8,77.5,78.1,0.3,8033,2408,78.6
2020-02-03,11822187,915858203,79.4,74.2,79.4,1.3,6138,2408,75.2
2020-02-04,9951627,790582299,80.4,78.1,79.9,0.5,5803,2408,79.8
2020-02-05,30902694,2577565656,84.8,81.5,84.4,4.5,14000,2408,82.5
2020-02-06,13576811,1152147435,85.4,83.8,85.1,0.7,7332,2408,85.4
2020-02-07,10261379,866807236,85.2,83.4,84.3,-0.8,5271,2408,84.5
2020-02-10,8225723,683489665,84.0,82.3,83.5,-0.8,4783,2408,82.9
2020-02-11,7788211,656221235,85.1,83.4,85.1,1.6,4336,2408,84.0
2020-02-12,10126549,857075468,85.0,84.4,84.7,-0.4,5760,2408,85.0
2020-02-13,20343159,1756344086,86.9,85.6,86.5,1.8,9521,2408,85.9
2020-02-14,7400705,639765990,86.8,85.8,86.8,0.3,4070,2408,86.3
2020-02-17,12730878,1117498489,88.7,86.0,88.0,1.2,7573,2408,86.5
2020-02-18,21712885,1844351301,87.2,83.8,83.8,-4.2,12406,2408,87.1
2020-02-19,12080531,1018269200,85.4,82.1,84.8,1.0,7230,2408,83.9
2020-02-20,15447462,1298646008,85.9,83.2,83.6,-1.2,8325,2408,85.8
2020-02-21,6932963,584167466,84.7,83.7,84.4,0.8,3868,2408,84.4
2020-02-24,11128577,942416650,85.6,82.6,84.5,0.1,5643,2408,82.6
2020-02-25,14275753,1189353411,83.9,82.9,83.3,-1.2,7111,2408,83.2
2020-02-26,14196041,1162015538,82.5,81.3,81.4,-1.9,7390,2408,81.6
2020-02-27,21665858,1703361546,81.7,77.3,77.3,-4.1,11746,2408,81.2
2020-03-02,22102390,1689465219,78.0,74.3,76.3,-1.0,9535,2408,75.2
2020-03-03,16055384,1255050571,79.0,77.6,77.8,1.5,6583,2408,79.0
2020-03-04,12159741,950697737,78.8,77.0,78.6,0.8,5226,2408,78.3
2020-03-05,14291334,1143093375,80.6,79.2,80.1,1.5,7015,2408,79.3
2020-03-06,9876939,774984565,79.5,77.5,78.5,-1.6,6024,2408,78.7
2020-03-09,13471976,1021815976,77.5,74.8,74.8,-3.7,8274,2408,76.9
2020-03-10,11111452,823782400,75.4,73.0,74.9,0.1,6084,2408,73.0
2020-03-11,8695424,645944976,75.6,72.6,72.6,-2.3,5151,2408,75.5
2020-03-12,29770828,1999381749,71.1,65.5,66.0,-6.6,15403,2408,70.8
2020-03-13,21329411,1295427152,63.6,59.5,62.9,-3.1,9980,2408,60.0
2020-03-16,17321014,1053845421,64.3,58.6,59.2,-3.7,9529,2408,63.3
2020-03-17,21638878,1200127890,58.3,54.1,54.1,-5.1,11169,2408,55.2
2020-03-18,21734141,1144418607,55.9,50.2,50.2,-3.9,11722,2408,55.5
2020-03-19,26442362,1214255439,48.7,45.2,45.2,-5.0,9880,2408,47.6
2020-03-20,29903626,1450427386,49.7,47.1,48.65,3.45,14027,2408,47.1
2020-03-23,23707617,1056604925,46.95,44.0,44.2,-4.45,12473,2408,46.9
2020-03-24,20880717,999762413,48.6,46.3,48.3,4.1,10110,2408,46.3
2020-03-25,24144179,1263013987,53.1,51.2,52.6,4.3,12658,2408,51.2
2020-03-26,30983113,1656972694,55.4,50.6,54.0,1.4,14515,2408,53.8
2020-03-27,28260723,1588578216,59.0,55.0,55.0,1.0,14804,2408,59.0
2020-03-30,18925557,1010758774,54.4,52.0,53.9,-1.1,9336,2408,52.8
2020-03-31,29117247,1562806638,55.2,52.0,53.7,-0.2,11531,2408,54.8
2020-04-01,14857376,794526632,54.2,52.4,53.9,0.2,7393,2408,53.2
2020-04-06,19304629,1068538128,56.4,54.0,56.4,2.5,10382,2408,54.7
2020-04-07,37686738,2291730256,62.0,59.2,62.0,5.6,18726,2408,59.2
2020-04-08,31098176,1949088665,64.0,60.9,63.4,1.4,16821,2408,61.5
2020-04-09,22919965,1454515379,65.2,62.3,62.6,-0.8,12326,2408,63.7
2020-04-10,14006722,869579988,63.0,61.6,62.0,-0.6,6832,2408,62.0
2020-04-13,22669306,1366457270,61.0,59.6,59.8,-2.2,12900,2408,60.6
2020-04-14,15014318,912782898,61.2,60.2,60.7,0.9,7395,2408,60.4
2020-04-15,26509047,1623721285,62.2,60.2,61.3,0.6,12245,2408,60.7
2020-04-16,18688686,1146325183,61.8,60.3,61.6,0.3,9517,2408,60.5
2020-04-17,24121234,1496984403,63.4,60.8,61.1,-0.5,12210,2408,62.9
2020-04-20,12020664,733318486,61.5,60.5,60.8,-0.3,6513,2408,61.0
2020-04-21,25885652,1525336333,60.5,57.8,58.0,-2.8,14337,2408,60.4
2020-04-22,19454891,1137504130,60.0,56.1,59.9,1.9,10468,2408,56.8
2020-04-23,14654747,875740246,60.8,58.7,59.4,-0.5,7961,2408,60.5
2020-04-24,10205607,604515944,59.7,58.9,59.1,-0.3,6109,2408,59.4
2020-04-27,16325545,994478490,61.8,59.9,61.6,2.5,8491,2408,60.0
2020-04-28,26065038,1633392881,63.4,61.3,63.2,1.6,13281,2408,62.8
2020-04-29,23151660,1484405416,64.9,63.2,64.2,1.0,12515,2408,63.8
2020-04-30,23952836,1560005891,66.0,64.7,65.0,0.8,11329,2408,65.7
2020-05-04,15558882,977323457,63.6,62.0,62.8,-2.2,8546,2408,62.1
2020-05-05,9435807,597194808,64.1,62.5,63.0,0.2,5268,2408,63.9
2020-05-06,14559753,928982478,64.5,63.3,63.3,0.3,7970,2408,63.9
2020-05-07,17556107,1128009097,64.9,63.1,64.4,1.1,9265,2408,63.5
2020-05-08,11259368,723039775,65.1,63.8,63.8,-0.6,6308,2408,65.0
2020-05-11,10481412,679284920,65.3,64.2,64.7,0.9,5785,2408,64.3
2020-05-12,13266213,845250667,64.6,63.1,63.6,-1.1,7246,2408,64.5
2020-05-13,11985748,754892683,63.5,62.6,62.9,-0.7,5941,2408,63.0
2020-05-14,24571431,1497528243,62.3,59.8,60.0,-2.9,14681,2408,61.9
2020-05-15,14924042,899819433,61.4,59.2,60.1,0.1,7625,2408,61.2
2020-05-18,14473424,853959016,60.1,58.5,58.5,-1.6,8799,2408,59.1
2020-05-19,13564275,802191101,59.8,58.6,59.2,0.7,6241,2408,59.7
2020-05-20,10004291,602439031,61.0,59.6,59.9,0.7,5735,2408,60.0
2020-05-21,8582622,521527542,61.4,60.2,60.8,0.9,4517,2408,60.4
2020-05-22,10279132,617235120,61.2,59.3,59.4,-1.4,6111,2408,60.6
2020-05-25,7085671,417019160,59.8,58.0,59.7,0.3,4192,2408,59.5
2020-05-26,11500623,697536697,61.3,59.7,60.7,1.0,6325,2408,59.9
2020-05-27,8655075,526686733,61.2,60.4,60.7,0.0,4960,2408,61.0
2020-05-28,29491698,1831074378,63.4,60.8,60.9,0.2,15480,2408,63.0
2020-05-29,20591714,1236089270,60.7,59.7,59.8,-1.1,8439,2408,60.2
2020-06-01,10053092,611429280,61.1,60.3,60.9,1.1,5337,2408,60.9
2020-06-02,14260048,863092185,61.4,60.0,60.1,-0.8,7444,2408,60.8
2020-06-03,18988199,1154137550,61.4,59.7,61.2,1.1,8273,2408,60.7
2020-06-04,39551479,2475059878,63.2,61.8,62.2,1.0,18855,2408,62.0
2020-06-05,38561632,2456640835,64.3,62.8,64.2,2.0,18044,2408,63.1
2020-06-08,33778647,2155237248,65.3,62.6,63.8,-0.4,15177,2408,64.9
2020-06-09,20722916,1316703151,64.5,63.0,63.4,-0.4,9916,2408,63.9
2020-06-10,14467026,923363264,64.3,63.4,64.0,0.6,6394,2408,63.6
2020-06-11,20335555,1273914610,64.0,61.6,61.8,-2.2,10669,2408,64.0
2020-06-12,13359687,810037709,61.3,59.5,61.2,-0.6,6954,2408,59.8
2020-06-15,17770959,1073717110,61.1,60.0,60.0,-1.2,10728,2408,60.7
2020-06-16,11191312,684235774,61.5,60.5,61.5,1.5,5414,2408,60.6
2020-06-17,10484524,638126264,62.0,60.4,60.6,-0.9,5728,2408,61.7
2020-06-18,12311826,742041718,60.6,60.0,60.4,-0.2,5874,2408,60.6
2020-06-19,23045854,1382848940,60.5,59.8,59.8,-0.6,9162,2408,60.1
2020-06-22,11582623,695292780,60.6,59.8,59.9,0.1,4322,2408,60.0
2020-06-23,10604259,636749878,60.5,59.5,60.0,0.1,3916,2408,60.4
2020-06-24,15822620,957456131,60.9,59.9,60.8,0.8,5751,2408,60.0
2020-06-29,16722939,997950840,60.6,58.8,59.5,-1.3,6259,2408,60.6
2020-06-30,11349802,689977822,61.2,60.4,61.0,1.5,5653,2408,60.7
2020-07-01,17584073,1075970634,61.5,60.8,61.0,0.0,7302,2408,61.5
2020-07-02,10403022,628330717,60.8,59.9,60.5,0.0,5273,2408,59.9
2020-07-03,13219715,792060700,60.5,59.7,59.8,-0.7,7393,2408,60.5
2020-07-06,15598688,936083290,60.4,59.3,60.2,0.4,7623,2408,59.5
2020-07-07,18864134,1139283597,60.8,59.7,60.8,0.6,7193,2408,60.5
2020-07-08,11117957,671942976,60.8,60.1,60.2,-0.6,5211,2408,60.6
2020-07-09,16286951,992457211,61.4,60.3,61.0,0.8,7725,2408,60.5
2020-07-10,15394281,924829725,61.5,59.5,59.6,-1.4,7978,2408,61.4
2020-07-13,40903250,2538787821,63.4,60.2,62.7,3.1,19849,2408,60.4
2020-07-14,37810461,2346591120,63.5,61.2,61.5,-1.2,18499,2408,63.5
2020-07-15,24300993,1478168060,62.2,60.1,60.1,-1.4,11738,2408,62.2
2020-07-16,16225529,983428992,61.3,60.2,60.3,0.2,5821,2408,60.9
2020-07-17,8926925,539724556,61.0,60.1,60.2,-0.1,3753,2408,61.0
2020-07-20,9049456,549059604,61.1,60.3,60.8,0.6,3927,2408,60.9
2020-07-21,15247935,932749635,61.5,60.5,61.2,0.4,6260,2408,61.2
2020-07-22,19347009,1201141829,62.9,61.5,61.7,0.5,8911,2408,61.8
2020-07-23,13080401,809015462,62.2,61.4,62.0,0.3,5725,2408,61.9
2020-07-24,19187527,1175023169,62.4,60.2,60.4,-1.6,8914,2408,62.0
2020-07-27,14899710,893119236,61.1,59.5,59.6,-0.8,6873,2408,60.4
2020-07-28,11820005,707020774,60.4,59.5,59.5,-0.1,5346,2408,59.8
2020-07-29,13592852,800427568,59.5,58.3,58.9,-0.6,6975,2408,59.1
2020-07-30,11756002,705205300,60.5,59.0,60.2,1.3,5180,2408,59.7
2020-07-31,12179099,738764582,61.2,59.8,60.6,0.4,4512,2408,60.1
2020-08-03,12875018,768670259,60.9,59.2,59.3,-1.3,6641,2408,60.8
2020-08-04,15918900,935883263,59.5,58.5,58.7,-0.6,7178,2408,59.4
2020-08-05,22068989,1283522329,58.8,58.0,58.0,-0.7,11849,2408,58.6
2020-08-06,37016419,2099453516,58.2,56.1,56.4,-1.6,18560,2408,58.0
2020-08-07,25918784,1429051797,56.4,54.5,55.0,-1.4,14412,2408,56.2
2020-08-10,21943599,1190973842,54.8,53.7,54.4,-0.6,8153,2408,54.7
2020-08-11,16656896,926960376,56.2,54.5,55.7,1.3,9284,2408,54.5
2020-08-12,20809621,1135269385,55.2,53.7,55.1,-0.6,9671,2408,54.9
2020-08-13,8493116,470232521,55.8,54.8,55.4,0.3,4640,2408,55.7
2020-08-14,11210587,613663042,55.2,54.1,55.1,-0.3,5605,2408,54.5
2020-08-17,9980505,544743698,55.1,54.3,54.4,-0.7,5503,2408,55.0
2020-08-18,15952149,881584205,55.9,54.4,55.1,0.7,7155,2408,54.9
2020-08-19,38210153,1998649437,54.1,50.5,51.8,-3.3,20996,2408,54.0
2020-08-20,27732867,1379302193,51.7,48.0,49.2,-2.6,15964,2408,51.6
2020-08-21,15310953,762253371,50.6,49.0,49.85,0.65,8704,2408,50.2
2020-08-24,12192621,616792573,51.1,49.6,51.0,1.15,6712,2408,49.9
2020-08-25,17574230,923794285,53.0,51.6,53.0,2.0,9266,2408,51.8
2020-08-26,14857612,794038832,54.0,52.6,53.4,0.4,7684,2408,53.1
2020-08-27,10713008,578706816,54.8,53.5,54.0,0.6,5576,2408,53.7
2020-08-28,5886334,317259936,54.3,53.5,53.9,-0.1,3215,2408,54.1
2020-08-31,19119315,1004872530,54.5,51.8,51.9,-2.0,8105,2408,54.1
2020-09-01,9867723,510695371,52.4,50.8,52.3,0.4,5377,2408,51.8
2020-09-02,15295645,782231301,52.1,50.8,51.1,-1.2,7964,2408,52.0
2020-09-03,24891012,1327062016,54.3,52.2,53.2,2.1,12093,2408,52.5
2020-09-04,8662853,452151209,52.8,51.5,52.8,-0.4,4592,2408,51.7
2020-09-07,22908147,1249527077,55.2,52.8,54.3,1.5,11312,2408,53.1
2020-09-08,14432392,789234960,55.3,53.8,54.8,0.5,7698,2408,55.1
2020-09-09,7914468,426818547,54.4,53.4,54.2,-0.6,4447,2408,54.1
2020-09-10,10299924,548726839,54.2,52.8,53.0,-1.2,5368,2408,54.2
2020-09-11,3946722,209989950,53.7,52.7,53.3,0.3,2371,2408,53.5
2020-09-14,18644211,1021027741,55.5,53.5,54.8,1.5,8691,2408,53.6
2020-09-15,12921968,708062044,55.6,54.2,54.5,-0.3,6051,2408,55.3
2020-09-16,10237061,562766843,55.2,54.4,55.2,0.7,5257,2408,54.9
2020-09-17,27334003,1537335535,56.8,55.0,56.8,1.6,13079,2408,55.4
2020-09-18,16460482,935164713,57.6,56.3,56.3,-0.5,7872,2408,57.4
2020-09-21,12672377,720659217,57.4,56.2,56.6,0.3,6349,2408,56.3
2020-09-22,13204549,730238402,56.6,54.8,54.9,-1.7,7106,2408,56.6
2020-09-23,13226005,711345255,55.2,53.0,53.3,-1.6,7469,2408,55.0
2020-09-24,11282430,599906118,53.9,52.2,52.9,-0.4,5962,2408,52.7
2020-09-25,9188211,484202902,53.6,52.3,52.5,-0.4,4341,2408,53.3
2020-09-28,13639203,749230465,56.0,53.1,55.1,2.6,7390,2408,53.3
2020-09-29,27776076,1567069079,57.1,55.2,56.9,1.8,13047,2408,56.0
2020-09-30,20921893,1194473232,57.5,55.9,57.5,0.6,10330,2408,56.5
2020-10-05,15582237,882859803,58.0,56.0,56.3,-1.2,7183,2408,57.3
2020-10-06,9047334,512705523,57.3,56.2,56.6,0.3,4589,2408,57.0
2020-10-07,45411471,2674625996,60.0,56.7,59.6,3.0,21897,2408,57.0
2020-10-08,36389707,2152304659,60.1,57.9,59.4,-0.2,18159,2408,59.8
2020-10-12,33412665,2033685614,61.5,59.4,60.5,1.1,16313,2408,59.6
2020-10-13,31800641,1913825330,61.4,58.7,61.4,0.9,15571,2408,60.0
2020-10-14,47270454,2956399693,63.3,61.2,62.3,0.9,21550,2408,61.7
2020-10-15,20094907,1245023367,62.8,61.4,61.5,-0.8,8809,2408,62.1
2020-10-16,15421856,934801424,61.7,60.1,60.1,-1.4,7586,2408,61.5
2020-10-19,14874112,917936493,62.3,60.5,61.8,1.7,8221,2408,60.5
2020-10-20,10468246,646701067,62.2,61.1,62.1,0.3,5790,2408,61.8
2020-10-21,9953508,616708277,62.6,61.6,61.9,-0.2,4634,2408,62.5
2020-10-22,11116301,684990302,62.1,60.8,61.8,-0.1,3555,2408,61.6
2020-10-23,9995561,613621973,61.7,61.0,61.4,-0.4,5344,2408,61.4
2020-10-26,12025256,728769009,61.9,60.1,60.5,-0.9,6522,2408,61.2
2020-10-27,14066685,838389349,60.4,59.3,59.5,-1.0,6641,2408,59.8
2020-10-28,16108450,945858172,60.1,58.1,58.3,-1.2,8443,2408,59.8
2020-10-29,10691375,621278718,59.0,56.9,58.2,-0.1,5555,2408,57.1
2020-10-30,9842918,569470403,58.6,57.1,57.8,-0.4,4901,2408,57.8
2020-11-02,6267916,361962123,58.2,57.4,57.8,0.0,3785,2408,57.8
2020-11-03,8225758,483249163,59.3,58.2,58.8,1.0,4509,2408,58.4
2020-11-04,14354908,841323036,59.5,57.8,59.0,0.2,6929,2408,59.5
2020-11-05,7396706,438581369,59.8,58.7,59.4,0.4,3312,2408,59.4
2020-11-06,11230733,671123059,60.1,59.4,59.8,0.4,6264,2408,60.0
2020-11-09,8666562,524436603,60.9,60.1,60.4,0.6,4691,2408,60.6
2020-11-10,8798226,532301808,61.0,60.1,60.6,0.2,4860,2408,60.4
2020-11-11,12984617,775774318,60.8,59.1,60.0,-0.6,7130,2408,60.7
2020-11-12,26850151,1658621758,62.4,60.3,62.0,2.0,13920,2408,60.6
2020-11-13,13092331,812490656,62.8,61.3,62.2,0.2,7254,2408,62.2
2020-11-16,38549299,2466810636,64.6,63.1,64.2,2.0,17429,2408,63.3
2020-11-17,48921143,3266605278,67.4,65.5,67.1,2.9,24486,2408,65.5
2020-11-18,23553105,1576481591,68.5,65.6,67.0,-0.1,11945,2408,67.1
2020-11-19,20955234,1417720013,68.3,66.1,67.8,0.8,9821,2408,66.4
2020-11-20,17070443,1171941874,69.0,67.7,68.8,1.0,7930,2408,68.0
2020-11-23,28346871,2020430250,72.1,69.4,71.6,2.8,13514,2408,70.1
2020-11-24,21114158,1506645039,73.1,70.4,71.0,-0.6,10010,2408,73.0
2020-11-25,19266256,1352899078,72.4,69.2,69.3,-1.7,9674,2408,71.5
2020-11-26,13434274,938086658,70.9,68.4,70.7,1.4,7321,2408,69.3
2020-11-27,18465038,1330165583,73.0,70.2,71.3,0.6,10076,2408,70.7
2020-11-30,20577989,1493161573,73.5,71.6,72.4,1.1,8187,2408,72.3
2020-12-01,47966991,3638455009,78.2,72.6,76.9,4.5,23108,2408,72.8
2020-12-02,58006301,4700685262,83.0,78.5,81.5,4.6,30455,2408,79.1
2020-12-03,38152844,3196496936,85.0,82.5,83.8,2.3,19012,2408,84.0
2020-12-04,52113257,4574782207,89.5,86.0,87.6,3.8,25259,2408,86.4
2020-12-07,36695915,3263271544,90.8,87.5,88.3,0.7,18734,2408,88.7
2020-12-08,22617770,1978485632,88.8,85.5,88.0,-0.3,12535,2408,86.3
2020-12-09,28642340,2590262037,92.0,88.2,91.9,3.9,14410,2408,88.9
2020-12-10,21002963,1870870537,90.4,88.0,88.3,-3.6,11654,2408,90.3
2020-12-11,33248598,2822367235,87.9,82.9,85.3,-3.0,17413,2408,87.5
2020-12-14,12022129,1021465996,85.8,83.0,85.3,0.0,7260,2408,84.3
2020-12-15,13583394,1155381367,87.0,83.8,84.1,-1.2,7305,2408,85.0
2020-12-16,13461924,1161253704,86.8,85.5,85.8,1.7,7924,2408,85.5
2020-12-17,12317291,1067832137,88.1,85.7,85.7,-0.1,6856,2408,86.3
2020-12-18,7558784,647426864,87.2,84.8,84.8,-0.9,4042,2408,86.3
2020-12-21,17272199,1462264616,86.5,83.8,84.2,-0.6,8491,2408,86.4
2020-12-22,23263371,1926078069,85.0,80.4,81.2,-3.0,12961,2408,84.2
2020-12-23,15011725,1227053929,83.2,80.1,83.0,1.8,7553,2408,81.2
2020-12-24,15089320,1282418920,86.4,83.3,85.3,2.3,8785,2408,83.7
2020-12-25,11690574,991439145,86.4,83.3,84.0,-1.3,7644,2408,85.6
2020-12-28,26868484,2362748574,89.7,84.0,89.1,5.1,15652,2408,84.8
2020-12-29,17741594,1546407506,89.1,86.1,87.0,-2.1,9478,2408,89.0
2020-12-30,15862043,1385651694,88.7,86.5,87.3,0.3,10122,2408,87.5
2020-12-31,11159667,968191394,88.2,85.7,86.8,-0.5,6748,2408,88.0
2021-01-04,29325674,2638732229,91.5,87.7,90.7,3.9,16271,2408,88.5
2021-01-05,28169975,2594530252,94.5,88.8,90.5,-0.2,14384,2408,90.2
2021-01-06,26135472,2411055645,95.0,89.2,91.5,1.0,13619,2408,93.5
2021-01-07,15503505,1439987285,94.0,91.6,92.8,1.3,8214,2408,93.0
2021-01-08,30515751,2907802028,96.9,93.3,96.7,3.9,17166,2408,95.0
2021-01-11,36196093,3322008448,93.5,90.9,91.2,-5.5,19899,2408,92.8
2021-01-12,27375116,2436729522,92.8,86.9,87.7,-3.5,15439,2408,92.0
2021-01-13,18674543,1651669625,89.7,86.5,88.7,1.0,11285,2408,88.1
2021-01-14,17015456,1530178469,91.8,87.5,89.8,1.1,9986,2408,88.5
2021-01-15,20617920,1805055077,90.8,85.6,86.2,-3.6,11783,2408,90.3
2021-01-18,15567480,1320993901,86.9,82.6,86.0,-0.2,8984,2408,85.6
2021-01-19,12633818,1086168421,87.3,84.7,86.8,0.8,7806,2408,86.7
2021-01-20,21624962,1854070642,88.7,84.0,84.3,-2.5,12338,2408,87.9
2021-01-21,11763386,1012246857,87.5,84.5,85.8,1.5,7136,2408,84.5
2021-01-22,8584403,730242707,86.0,84.5,85.4,-0.4,5697,2408,85.5
2021-01-25,11694916,986543368,86.4,82.8,85.1,-0.3,6576,2408,85.0
2021-01-26,11050489,923914251,85.6,82.8,83.0,-2.1,6812,2408,85.3
2021-01-27,10431718,861949391,84.3,81.6,82.5,-0.5,5755,2408,83.5
2021-01-28,19387911,1543957048,81.5,78.7,79.4,-3.1,10483,2408,79.9
2021-01-29,19314557,1569051044,83.0,79.6,79.9,0.5,10241,2408,80.5
2021-02-01,28231960,2385084518,86.8,80.3,86.3,6.4,16874,2408,81.1
2021-02-02,39430552,3476270483,89.3,85.6,86.9,0.6,21238,2408,87.5
2021-02-03,16227305,1416754419,89.0,86.1,86.3,-0.6,8070,2408,88.5
2021-02-04,9939581,855253178,86.8,85.0,86.6,0.3,5267,2408,85.3
2021-02-05,10515895,916492578,88.4,86.3,86.7,0.1,5812,2408,87.4
2021-02-17,25917161,2340735878,91.5,89.1,89.9,3.2,14219,2408,91.0
2021-02-18,13868372,1249497468,90.8,89.4,89.9,0.0,7461,2408,90.0
2021-02-19,43217979,4023095720,95.0,90.9,93.0,3.1,23122,2408,92.0
2021-02-22,32618425,3167261938,98.6,95.3,97.1,4.1,18115,2408,95.3
2021-02-23,23109185,2248298405,99.3,94.7,98.4,1.3,13250,2408,95.8
2021-02-24,33083962,3277272621,101.5,96.6,96.6,-1.8,17200,2408,98.2
2021-02-25,29438189,2939484772,102.0,98.2,98.5,1.9,13787,2408,100.0
2021-02-26,23763368,2297718266,98.2,95.4,96.5,-2.0,11173,2408,95.8
2021-03-02,19418321,1899792522,101.0,95.0,95.5,-1.0,10714,2408,99.5
2021-03-03,27814257,2562447072,96.2,90.6,92.0,-3.5,14602,2408,95.8
2021-03-04,25889052,2401704899,95.0,91.6,91.8,-0.2,14313,2408,92.9
2021-03-05,22374608,2004705996,91.4,88.0,89.7,-2.1,12396,2408,88.6
2021-03-08,16624209,1497613840,92.4,88.6,88.6,-1.1,8434,2408,92.3
2021-03-09,15149151,1317165513,89.6,85.5,86.7,-1.9,9240,2408,88.2
2021-03-10,15496569,1372738666,90.4,87.5,87.6,0.9,9528,2408,88.0
2021-03-11,14495222,1308557604,91.4,88.5,91.4,3.8,8029,2408,88.9
2021-03-12,21730049,2023323593,94.4,91.6,93.5,2.1,12365,2408,93.1
2021-03-15,7976900,739626612,93.5,91.6,93.2,-0.3,5114,2408,93.0
2021-03-16,8823908,827996502,94.7,93.1,93.4,0.2,6353,2408,93.7
2021-03-17,8145090,753898573,94.3,91.5,91.9,-1.5,5271,2408,93.9
2021-03-18,21504077,2042065777,96.0,93.0,95.5,3.6,11686,2408,93.2
2021-03-19,15029061,1399282254,94.6,92.4,92.5,-3.0,7800,2408,94.1
2021-03-22,10647536,970073138,92.8,90.2,90.9,-1.6,6590,2408,92.7
2021-03-23,7969503,734178867,92.9,91.2,91.7,0.8,4982,2408,91.5
2021-03-24,7701897,692735761,91.4,90.0,90.0,-1.7,4724,2408,90.4
2021-03-25,6602552,590663645,90.4,88.7,89.6,-0.4,4222,2408,90.1
2021-03-26,8381514,766472709,92.3,90.1,91.9,2.3,4933,2408,90.2
2021-03-29,12437980,1140789163,93.2,90.8,91.2,-0.7,8606,2408,92.9
2021-03-30,8178868,748605837,92.4,90.6,92.2,1.0,4761,2408,91.2
2021-03-31,13376712,1240340043,93.8,91.6,91.9,-0.3,6615,2408,92.0
2021-04-01,65107167,6434258729,100.5,96.2,100.5,8.6,31384,2408,96.4
2021-04-06,42435207,4166866090,101.5,96.9,97.3,-3.2,21929,2408,101.0
2021-04-07,19005927,1848222890,98.8,96.2,97.1,-0.2,11562,2408,98.1
2021-04-08,16086347,1575004671,98.6,96.4,98.3,1.2,8953,2408,97.5
2021-04-09,44341541,4487714779,105.0,97.0,102.5,4.2,23001,2408,98.7
2021-04-12,41503543,4153609911,105.0,98.5,99.1,-3.4,21579,2408,105.0
2021-04-13,29225603,2969613759,104.0,99.0,100.0,0.9,15365,2408,100.5
2021-04-14,24771757,2472682946,103.0,97.1,99.7,-0.3,14311,2408,101.5
2021-04-15,12822854,1269894717,100.5,98.2,99.0,-0.7,8001,2408,100.5
2021-04-16,13002201,1290222181,100.5,98.1,98.7,-0.3,7242,2408,99.4
2021-04-19,11645751,1165919124,101.5,99.1,99.4,0.7,6973,2408,99.8
2021-04-20,17063063,1713955719,102.0,99.5,99.7,0.3,9633,2408,100.5
2021-04-21,22268553,2202560493,101.5,98.0,98.3,-1.4,13889,2408,100.5
2021-04-22,35697151,3396346855,99.0,92.2,93.4,-4.9,22322,2408,98.7
2021-04-23,19883526,1857313720,94.8,92.5,94.4,1.0,11533,2408,93.7
2021-04-26,14575576,1392534933,96.4,94.5,95.9,1.5,8711,2408,94.9
2021-04-27,14297969,1349724472,96.3,93.4,94.0,-1.9,8670,2408,96.2
2021-04-28,11834461,1117843730,95.7,93.6,94.4,0.4,6290,2408,94.7
2021-04-29,17254789,1596851892,94.6,91.6,91.6,-2.8,10113,2408,94.0
2021-05-03,24595705,2193509644,93.0,87.5,87.7,-3.9,13591,2408,93.0
2021-05-04,27268233,2314144097,89.3,81.6,85.3,-2.4,14353,2408,88.5
2021-05-05,18613449,1573875220,87.0,82.7,82.7,-2.6,10183,2408,86.5
2021-05-06,21791654,1832060950,86.2,82.3,82.9,0.2,10525,2408,83.7
2021-05-07,23448417,1985242109,85.8,83.1,85.5,2.6,11265,2408,84.3
2021-05-10,18722514,1556394524,85.7,82.0,82.1,-3.4,9444,2408,85.7
2021-05-11,27866000,2169196602,80.6,76.1,76.5,-5.6,15061,2408,80.0
2021-05-12,38004072,2740716503,77.0,68.9,73.4,-3.1,19156,2408,76.0
2021-05-13,27273730,2016038361,76.3,69.6,74.3,0.9,14738,2408,71.4
2021-05-14,19825797,1477488436,76.6,72.2,73.0,-1.3,10319,2408,75.8
2021-05-17,18890546,1339556967,73.1,67.0,71.7,-1.3,9492,2408,67.0
2021-05-18,22596886,1702089888,77.5,72.8,76.8,5.1,10911,2408,73.0
2021-05-19,17465640,1308177576,76.7,73.7,75.1,-1.7,8692,2408,75.6
2021-05-20,10272192,774616940,76.5,74.2,75.2,0.1,5937,2408,74.3
2021-05-21,10953097,842944426,78.6,75.5,76.3,1.1,6540,2408,77.8
2021-05-24,10000578,757238084,77.4,74.4,76.6,0.3,6050,2408,75.0
2021-05-25,22335031,1755302833,79.8,77.5,78.8,2.2,11171,2408,77.9
2021-05-26,13100131,1025823153,80.2,77.1,77.8,-1.0,7168,2408,79.7
2021-05-27,14820311,1145443895,78.4,76.0,78.3,0.5,8060,2408,77.6
2021-05-28,21599607,1747527031,82.5,78.9,80.6,2.3,13346,2408,79.3
2021-05-31,10988690,896390620,82.4,80.9,81.9,1.3,6623,2408,81.4
2021-06-01,15322893,1261810762,84.0,81.2,81.3,-0.6,8854,2408,82.4
2021-06-02,10489494,853140573,82.8,80.1,81.6,0.3,5736,2408,82.3
2021-06-03,19272126,1606416685,84.5,81.8,83.6,2.0,10162,2408,82.0
2021-06-04,23036006,1902629552,84.6,81.8,82.2,-1.4,12086,2408,84.6
2021-06-07,21476762,1712034285,82.0,78.1,79.4,-2.8,12825,2408,81.9
2021-06-08,11063282,887846732,81.5,79.6,80.1,0.7,6527,2408,80.2
2021-06-09,22430454,1746775410,79.4,77.0,77.2,-2.9,13020,2408,79.2
2021-06-10,15959567,1255289000,79.5,77.0,79.5,2.3,8940,2408,77.3
2021-06-11,11903138,943631053,80.5,78.5,78.8,-0.7,6831,2408,79.9
2021-06-15,10776168,846172497,79.6,78.1,78.7,-0.1,5990,2408,78.8
2021-06-16,14115895,1123205349,80.4,78.6,79.1,0.4,7709,2408,79.5
2021-06-17,11637547,912921058,79.0,78.0,78.9,-0.2,6629,2408,79.0
2021-06-18,11014339,874621550,80.2,78.9,78.9,0.0,4807,2408,79.3
2021-06-21,26795489,2029420093,78.1,74.7,74.7,-4.2,17282,2408,77.9
2021-06-22,14468750,1087938472,76.1,74.5,75.2,0.5,7367,2408,75.8
2021-06-23,24573558,1849376506,76.7,73.0,76.6,1.4,14266,2408,75.3
2021-06-24,14948832,1153599357,77.9,76.5,77.6,1.0,7820,2408,76.6
2021-06-25,35217522,2832121944,81.4,78.8,80.0,2.4,19879,2408,78.9
2021-06-28,26665568,2170052975,82.3,80.1,81.2,1.2,15535,2408,81.3
2021-06-29,18877645,1512836687,82.0,79.2,79.3,-1.9,11777,2408,82.0
2021-06-30,16345720,1295914451,80.0,78.8,79.7,0.4,8758,2408,79.1
2021-07-01,20124043,1581639173,79.9,77.5,78.0,-1.7,11552,2408,79.9
2021-07-02,19610866,1560484446,80.3,78.4,79.5,1.5,11036,2408,78.9
2021-07-05,19840150,1594126797,81.5,79.6,80.4,0.9,10430,2408,80.8
2021-07-06,16031420,1276739713,80.8,79.0,79.1,-1.3,8484,2408,80.7
2021-07-07,16851820,1342489350,80.4,78.8,79.5,0.4,7689,2408,79.5
2021-07-08,19968588,1570940622,79.8,78.2,78.4,-1.1,9475,2408,79.2
2021-07-09,21199120,1643352771,78.6,76.7,78.6,0.2,10508,2408,77.5
2021-07-12,48038268,3730154178,80.0,76.4,76.4,-2.2,24142,2408,79.7
2021-07-13,49093548,3825128975,79.2,76.6,76.9,0.5,20738,2408,77.0
2021-07-14,27619041,2152194393,78.7,77.0,77.8,0.9,11461,2408,77.8
2021-07-15,18985207,1491195839,79.1,78.0,78.6,0.8,9773,2408,78.3
2021-07-16,23745748,1834531812,78.1,76.9,77.4,-1.2,12756,2408,78.0
2021-07-19,23015912,1744792657,76.6,75.5,75.6,-1.8,13778,2408,76.1
2021-07-20,15293706,1143575569,75.5,74.5,74.5,-1.1,9131,2408,75.0
2021-07-21,38821753,2820442165,75.1,71.2,71.5,-3.0,22457,2408,75.0
2021-07-22,21961443,1621068442,74.8,72.5,73.7,2.2,10730,2408,72.5
2021-07-23,19496133,1426740411,74.6,72.2,73.4,-0.3,9084,2408,74.4
2021-07-26,11002252,809902190,74.2,73.0,73.5,0.1,5074,2408,73.7
2021-07-27,18220622,1348754536,74.5,73.0,73.3,-0.2,6817,2408,73.9
2021-07-28,14747835,1057717985,72.9,70.6,72.2,-1.1,7737,2408,72.5
2021-07-29,9460927,683809662,73.2,72.0,72.0,-0.2,4882,2408,72.9
2021-07-30,12702534,919703776,73.0,72.0,72.3,0.3,5334,2408,72.6
2021-08-02,17994655,1338589334,75.1,72.7,74.5,2.2,9227,2408,73.2
2021-08-03,14214858,1070635997,75.8,74.6,75.8,1.3,7523,2408,74.8
2021-08-04,17964469,1361629895,76.8,75.1,75.5,-0.3,9079,2408,76.8
2021-08-05,14691477,1102394272,75.7,74.4,75.2,0.0,7332,2408,75.3
2021-08-06,11520238,854024299,75.3,73.6,73.6,-1.6,6557,2408,75.2
2021-08-09,12165718,891521132,74.4,72.1,73.7,0.1,5773,2408,73.4
2021-08-10,21282285,1526677768,74.1,70.6,70.9,-2.8,11167,2408,73.9
2021-08-11,44724082,3049112457,69.4,67.2,67.3,-3.6,22269,2408,69.0
2021-08-12,26245367,1739133497,67.1,65.6,66.3,-1.0,13498,2408,67.0
2021-08-13,28761484,1859369304,65.9,63.5,64.3,-2.0,13752,2408,65.1
2021-08-16,23803701,1560685179,66.7,63.3,66.3,2.0,10955,2408,63.7
2021-08-17,21810633,1456815529,67.8,66.0,66.6,0.3,10193,2408,67.1
2021-08-18,14886220,1010326937,69.0,66.1,69.0,2.4,8626,2408,66.6
2021-08-19,17524417,1165167670,67.6,65.7,65.7,-3.3,8487,2408,67.0
2021-08-20,13569607,889369038,66.8,64.5,64.6,-1.1,6406,2408,66.6
2021-08-23,7679022,511170672,67.2,65.5,66.8,2.2,4221,2408,65.7
2021-08-24,9348558,621329862,68.1,65.4,66.0,-0.8,5440,2408,67.5
2021-08-25,5940902,396114716,67.1,66.1,67.0,1.0,3225,2408,66.2
2021-08-26,13518562,890730032,67.8,65.2,65.3,-1.7,7193,2408,67.6
2021-08-27,12756411,828501969,65.7,64.3,65.0,-0.3,5711,2408,64.8
2021-08-30,7295419,479813979,66.6,65.1,66.4,1.4,4559,2408,65.9
2021-08-31,8026995,530903282,66.9,65.5,66.4,0.0,3814,2408,66.0
2021-09-01,15943494,1076779566,68.5,66.3,68.1,1.7,7682,2408,66.5
2021-09-02,10469861,699596407,68.1,66.0,66.2,-1.9,6096,2408,68.1
2021-09-03,9974783,660267660,66.9,65.8,66.0,-0.2,5183,2408,66.8
2021-09-06,13380267,897236126,67.8,66.2,66.4,0.4,6565,2408,66.9
2021-09-07,10825756,709546353,67.0,65.1,65.2,-1.2,5814,2408,67.0
2021-09-08,12858185,825316559,65.4,63.8,64.3,-0.9,7189,2408,65.2
2021-09-09,7371987,478390432,65.6,63.7,65.6,1.3,4036,2408,64.0
2021-09-10,9874993,655145702,67.0,64.8,66.8,1.2,5682,2408,65.8
2021-09-13,7306027,483862279,67.3,65.8,65.8,-1.0,4070,2408,67.0
2021-09-14,8389829,554870709,66.9,65.6,66.2,0.4,3738,2408,66.2
2021-09-15,17189060,1108924397,66.0,64.0,64.0,-2.2,9407,2408,65.3
2021-09-16,6504393,417915560,64.7,63.9,64.6,0.6,3088,2408,64.3
2021-09-17,9003620,582148201,64.9,64.0,64.9,0.3,2867,2408,64.7
2021-09-22,11723471,737953176,63.8,62.5,63.0,-1.9,5670,2408,63.8
2021-09-23,9860102,635257674,64.8,63.6,64.4,1.4,4707,2408,63.7
2021-09-24,4857319,315003955,65.2,64.5,64.9,0.5,2611,2408,64.8
2021-09-27,4324198,279124992,64.9,64.3,64.6,-0.3,2344,2408,64.8
2021-09-28,18832706,1243211843,66.7,64.4,66.3,1.7,8209,2408,64.8
2021-09-29,28462889,1878987315,67.2,64.2,67.2,0.9,14674,2408,65.0
2021-09-30,30827196,2071620738,68.3,65.9,65.9,-1.3,14812,2408,66.6
2021-10-01,13293071,859915878,66.2,64.0,64.3,-1.6,7568,2408,66.0
2021-10-04,12035151,780500698,65.6,63.7,64.9,0.6,6124,2408,64.7
2021-10-05,14684262,938379265,64.7,63.2,64.6,-0.3,7395,2408,63.9
2021-10-06,24214032,1515583381,64.8,61.4,61.4,-3.2,12228,2408,64.8
2021-10-07,13115107,811922792,62.4,61.4,61.6,0.2,6856,2408,61.7
2021-10-08,9746715,606277706,63.1,61.6,61.6,0.0,5004,2408,61.9
2021-10-12,12562804,764011391,61.6,59.9,61.0,-0.6,6476,2408,61.4
2021-10-13,16102347,967000520,61.9,59.4,59.4,-1.6,7390,2408,61.6
2021-10-14,18467796,1142532407,62.4,60.2,62.3,2.9,9559,2408,60.5
2021-10-15,13928225,885384028,64.0,62.6,63.7,1.4,7902,2408,63.4
2021-10-18,10760208,678784113,64.6,62.1,62.7,-1.0,7375,2408,64.0
2021-10-19,6735719,424892241,63.8,62.0,63.5,0.8,3903,2408,62.9
2021-10-20,4154699,263482890,63.8,63.0,63.5,0.0,2333,2408,63.6
2021-10-21,6544543,413614680,63.9,62.5,62.5,-1.0,3053,2408,63.2
2021-10-22,9532404,592648553,62.7,61.8,62.1,-0.4,4283,2408,62.5
2021-10-25,8379612,526685802,63.5,61.9,63.5,1.4,3461,2408,61.9
2021-10-26,9997460,637141212,64.4,63.4,63.7,0.2,4138,2408,63.8
2021-10-27,18092605,1180618773,66.2,63.4,66.2,2.5,9637,2408,63.7
2021-10-28,14887666,985528851,67.2,64.7,66.5,0.3,7719,2408,65.1
2021-10-29,13510626,903729139,67.3,66.0,66.5,0.0,8168,2408,67.2
2021-11-01,7964030,536270932,68.0,66.8,67.0,0.5,5813,2408,67.7
2021-11-02,16625354,1123369993,69.0,65.8,66.5,-0.5,9320,2408,67.8
2021-11-03,16105614,1100984262,69.0,66.9,68.6,2.1,9402,2408,67.0
2021-11-04,16769075,1128218697,69.0,66.5,66.7,-1.9,11105,2408,69.0
2021-11-05,13029553,861632357,67.3,65.5,65.7,-1.0,6889,2408,67.0
2021-11-08,11598891,777989049,67.6,66.0,67.6,1.9,6640,2408,66.1
2021-11-09,16437468,1124330174,68.8,67.4,68.7,1.1,9548,2408,67.7
2021-11-10,16080705,1118462473,70.0,68.5,69.9,1.2,9986,2408,69.3
2021-11-11,10226295,701353714,69.3,68.0,68.0,-1.9,7158,2408,69.0
2021-11-12,6113487,419639862,69.2,68.2,68.7,0.7,3681,2408,68.8
2021-11-15,12560158,881710000,70.6,69.3,70.3,1.6,7259,2408,69.3
2021-11-16,9547608,672193858,70.8,69.7,70.8,0.5,5689,2408,70.4
2021-11-17,11550133,822018064,72.0,70.4,71.0,0.2,6856,2408,71.1
2021-11-18,8466670,603705968,71.6,70.6,71.6,0.6,5360,2408,71.2
2021-11-19,11671357,818632031,72.0,69.5,69.6,-2.0,7543,2408,71.8
2021-11-22,50484857,3774299847,76.0,71.5,75.4,5.8,24243,2408,71.7
2021-11-23,31620097,2386040874,76.6,73.7,75.7,0.3,17965,2408,76.0
2021-11-24,12709513,959470374,76.2,74.4,75.4,-0.3,7514,2408,75.0
2021-11-25,10299651,771256112,76.0,74.3,74.4,-1.0,7276,2408,76.0
2021-11-26,14556914,1078151543,75.2,73.1,73.5,-0.9,8537,2408,74.5
2021-11-29,13003517,949896845,74.4,71.1,73.3,-0.2,8061,2408,72.1
2021-11-30,31197078,2354990053,76.4,74.1,74.2,0.9,16853,2408,74.1
2021-12-01,20047171,1515989604,76.0,74.1,76.0,1.8,11489,2408,74.1
2021-12-02,61010333,4841440345,80.0,78.3,79.8,3.8,34668,2408,78.3
2021-12-03,33711626,2641373769,79.2,76.9,78.8,-1.0,24939,2408,76.9
2021-12-06,14634371,1136667129,79.1,77.1,77.5,-1.3,15681,2408,79.0
2021-12-07,9369207,724670279,78.1,76.6,77.5,0.0,6707,2408,77.9
2021-12-08,15424120,1197116739,78.8,76.9,76.9,-0.6,9830,2408,78.5
2021-12-09,9625382,745593722,78.0,76.4,77.5,0.6,5946,2408,77.0
2021-12-10,9219625,716719746,78.3,76.5,77.8,0.3,5331,2408,77.2
2021-12-13,7049563,546867080,78.7,76.6,76.6,-1.2,5779,2408,78.5
2021-12-14,9243857,697453503,76.3,74.8,74.8,-1.8,8557,2408,76.0
2021-12-15,5946520,451313719,76.4,74.8,76.0,1.2,5340,2408,74.8
2021-12-16,11018113,836707650,77.5,75.0,76.0,0.0,8081,2408,76.9
2021-12-17,5809323,438662580,76.2,74.6,75.7,-0.3,3660,2408,75.1
2021-12-20,13804112,1058467636,78.3,75.5,75.9,0.2,8001,2408,76.3
2021-12-21,17953537,1389171051,78.4,76.6,76.8,0.9,9433,2408,78.1
2021-12-22,28364017,2216898050,79.9,76.3,76.5,-0.3,17919,2408,79.5
2021-12-23,11620562,885183866,77.5,75.8,75.9,-0.6,9252,2408,77.4
2021-12-24,6947685,529643460,77.0,75.6,75.7,-0.2,4363,2408,77.0
2021-12-27,4538580,346545886,76.7,75.7,76.6,0.9,2560,2408,76.2
2021-12-28,6473885,496078430,77.0,76.0,76.7,0.1,4801,2408,76.9
2021-12-29,3109971,238564370,77.0,76.1,76.6,-0.1,2516,2408,76.9
2021-12-30,15683659,1223738716,78.5,77.3,78.1,1.5,9559,2408,77.5
2022-01-03,11445518,879111607,78.0,76.0,76.2,-1.9,10096,2408,77.8
2022-01-04,7409922,568904972,77.2,76.5,77.2,1.0,3445,2408,76.8
2022-01-05,11504907,875352394,77.2,75.5,75.9,-1.3,6668,2408,77.2
2022-01-06,11854260,876753414,75.2,73.3,73.8,-2.1,9405,2408,75.0
2022-01-07,10521269,778307498,74.8,73.4,73.7,-0.1,5223,2408,74.0
2022-01-10,5145379,382273250,74.9,72.7,74.9,1.2,2893,2408,73.5
2022-01-11,6151475,454352052,74.6,73.2,73.5,-1.4,4806,2408,74.1
2022-01-12,7337186,544674808,74.8,73.6,74.4,0.9,4274,2408,74.2
2022-01-13,6816488,507251950,75.2,73.9,74.6,0.2,4964,2408,74.4
2022-01-14,7199837,535539402,75.0,73.8,74.3,-0.3,4189,2408,74.3
2022-01-17,5719251,424786898,74.9,73.9,74.4,0.1,4634,2408,74.3
2022-01-18,7275922,549540405,76.0,74.6,75.1,0.7,4882,2408,74.9
2022-01-19,5927915,446008069,75.8,74.3,75.2,0.1,3906,2408,74.4
2022-01-20,4861481,365110111,75.6,74.6,75.1,-0.1,2754,2408,75.1
2022-01-21,15253081,1108434328,74.8,72.0,72.3,-2.8,12755,2408,74.3
2022-01-24,8544331,616812334,73.1,71.0,72.6,0.3,5678,2408,71.6
2022-01-25,8718292,632869665,74.0,71.8,72.0,-0.6,6847,2408,72.0
2022-01-26,4040153,292488788,73.5,71.8,72.0,0.0,3200,2408,72.4
2022-02-07,18169892,1379078553,76.4,74.3,76.4,4.4,10008,2408,75.0
2022-02-08,11839771,915489988,77.9,76.6,77.4,1.0,7003,2408,77.0
2022-02-09,14137441,1089144471,78.8,77.4,78.5,1.1,7621,2408,78.0
2022-02-10,8852331,696812269,79.0,78.2,79.0,0.5,6116,2408,78.8
2022-02-11,17573012,1386165922,79.5,77.9,79.0,0.0,10345,2408,78.6
2022-02-14,11793578,923054443,78.9,77.5,78.7,-0.3,6243,2408,78.4
2022-02-15,9948206,787876222,79.5,78.7,78.8,0.1,6164,2408,79.0
2022-02-16,18735468,1504531664,80.6,79.5,80.5,1.7,12376,2408,80.0
2022-02-17,36846194,3045619909,84.2,80.8,82.7,2.2,24608,2408,81.0
2022-02-18,21192066,1766293993,84.0,81.6,83.5,0.8,11590,2408,81.8
2022-02-21,13608482,1105042287,83.1,80.3,80.4,-3.1,16083,2408,83.0
2022-02-22,11771596,923237753,79.4,77.7,78.7,-1.7,10633,2408,79.2
2022-02-23,7783324,615831499,80.4,78.5,79.0,0.3,7212,2408,78.8
2022-02-24,14655112,1125492186,77.7,75.9,76.3,-2.7,9920,2408,77.5
2022-02-25,8880081,686775936,78.2,76.8,77.1,0.8,4541,2408,77.5
2022-03-01,11729232,930403503,80.0,77.5,79.9,2.8,7267,2408,78.2
2022-03-02,7939064,630414041,80.1,78.3,79.7,-0.2,4930,2408,79.0
2022-03-03,14399088,1184866904,83.3,81.6,82.6,2.9,9452,2408,82.3
2022-03-04,9231277,757082538,82.8,80.5,81.6,-1.0,7050,2408,81.3
2022-03-07,18402984,1415935731,79.6,76.0,76.9,-4.7,18481,2408,79.6
2022-03-08,13468086,1017118209,77.6,74.3,74.7,-2.2,12556,2408,75.9
2022-03-09,6418748,483515449,76.5,74.8,74.9,0.2,6062,2408,76.0
2022-03-10,10649777,817313739,77.5,76.2,76.7,1.8,7589,2408,76.3
2022-03-11,8161975,613608340,76.3,74.6,75.6,-1.1,8260,2408,76.0
2022-03-14,9234125,694628739,76.2,74.7,75.7,0.1,4995,2408,75.8
2022-03-15,12492919,919514658,75.5,73.0,73.0,-2.7,8527,2408,75.3
2022-03-16,19482067,1392075658,73.8,70.5,70.9,-2.1,15520,2408,73.5
2022-03-17,13193975,971778464,74.3,72.6,74.2,3.3,8381,2408,73.0
2022-03-18,6787128,505601081,74.8,73.9,74.8,0.6,3791,2408,74.2
2022-03-21,5585167,418560782,75.4,74.3,74.9,0.1,4309,2408,75.0
2022-03-22,11150733,824118606,75.3,73.4,74.0,-0.9,9168,2408,75.1
2022-03-23,14132321,1039978095,74.7,73.0,73.7,-0.3,8709,2408,74.5
2022-03-24,30281688,2146660799,73.0,70.3,71.3,-2.4,22385,2408,73.0
2022-03-25,25898904,1797441013,71.1,68.9,68.9,-2.4,19816,2408,71.0
2022-03-28,9694662,668576149,69.9,67.5,69.8,0.9,8578,2408,68.2
2022-03-29,10191848,704765445,69.8,68.7,69.0,-0.8,6630,2408,69.8
2022-03-30,7030163,488963507,70.4,69.1,69.3,0.3,4688,2408,70.0
2022-03-31,9880666,687491018,70.2,69.2,69.2,-0.1,4707,2408,69.5
2022-04-01,10546456,722682338,69.2,68.0,69.2,0.0,5654,2408,68.5
2022-04-06,19414704,1298021669,68.5,66.5,66.6,-2.6,11075,2408,68.3
2022-04-07,12488798,833871177,67.7,66.2,66.2,-0.4,7316,2408,66.8
2022-04-08,7120723,475691229,67.2,66.4,66.8,0.6,3465,2408,66.8
2022-04-11,9315358,619498780,67.6,65.7,66.8,0.0,6045,2408,66.8
2022-04-12,11303698,740544251,66.3,65.1,65.5,-1.3,6214,2408,66.2
2022-04-13,7135707,474295649,66.8,65.8,66.7,1.2,4146,2408,66.0
2022-04-14,19681361,1270317591,66.7,64.1,64.1,-2.6,12148,2408,66.7
2022-04-15,7842033,500775731,64.7,63.3,63.9,-0.2,4158,2408,63.6
2022-04-18,5160499,329698406,64.9,63.3,63.8,-0.1,4246,2408,63.3
2022-04-19,5812849,374678990,65.0,64.1,64.4,0.6,3202,2408,64.6
2022-04-20,10101387,658665293,65.8,64.4,65.3,0.9,6360,2408,65.1
2022-04-21,8515621,563067139,66.9,65.3,66.9,1.6,4214,2408,65.9
2022-04-22,8313290,549625439,66.5,65.5,66.4,-0.5,5215,2408,66.0
2022-04-25,10672114,685243819,65.3,63.6,64.3,-2.1,7391,2408,65.0
2022-04-26,7787796,499450234,64.9,63.7,64.2,-0.1,4382,2408,64.7
2022-04-27,8752188,545723258,63.2,61.5,63.2,-1.0,6345,2408,62.7
2022-04-28,8019616,514401411,64.7,63.2,64.2,1.0,5210,2408,63.6
2022-04-29,8184465,536381676,65.9,64.9,65.6,1.4,3798,2408,65.1
2022-05-03,6591858,432700913,66.0,65.2,65.9,0.3,4300,2408,65.6
2022-05-04,7592756,501333380,66.5,65.4,66.1,0.2,4980,2408,65.8
2022-05-05,11187476,751637083,68.0,66.4,67.0,0.9,6721,2408,67.5
2022-05-06,7160697,475589206,66.9,65.4,66.8,-0.2,4412,2408,65.4
2022-05-09,5820890,381782220,66.5,65.1,65.1,-1.7,4299,2408,65.9
2022-05-10,8886782,582998617,66.2,64.1,66.0,0.9,5188,2408,64.2
2022-05-11,8024685,522140812,65.6,64.2,65.2,-0.8,5040,2408,65.5
2022-05-12,7050120,457454165,65.5,64.5,64.6,-0.6,3801,2408,64.5
2022-05-13,5511568,359807010,65.9,64.9,65.5,0.9,3018,2408,65.4
2022-05-16,15724608,1057077214,68.0,66.4,66.9,1.4,7783,2408,66.5
2022-05-17,7004515,469463426,67.6,66.6,67.0,0.1,5894,2408,67.3
2022-05-18,6880656,464014286,68.0,67.0,67.2,0.2,5265,2408,67.6
2022-05-19,5487055,363802494,66.9,65.6,66.9,-0.3,4388,2408,66.3
2022-05-20,3774285,252432416,67.4,66.4,66.8,-0.1,3157,2408,67.4
2022-05-23,4627864,307104568,67.4,65.8,66.4,-0.4,2675,2408,67.4
2022-05-24,7570001,492743761,66.6,64.3,64.3,-2.1,4301,2408,66.6
2022-05-25,6875583,443398726,65.0,64.0,64.7,0.4,4165,2408,64.9
2022-05-26,7068255,454046737,65.5,63.5,63.5,-1.2,4039,2408,65.3
2022-05-27,8517588,543544478,64.6,63.4,63.9,0.4,4445,2408,64.3
2022-05-30,8522765,557302407,65.9,64.4,65.8,1.9,4881,2408,64.5
2022-05-31,13639611,901195713,66.8,64.9,66.8,1.0,4860,2408,65.7
2022-06-01,6203758,414409098,67.3,66.1,66.8,0.0,3174,2408,66.3
2022-06-02,3183748,212420211,67.0,66.2,66.8,0.0,1908,2408,66.3
2022-06-06,5495019,365466677,67.2,65.6,66.8,0.0,3005,2408,66.2
2022-06-07,4273108,281629666,66.2,65.6,65.8,-1.0,2736,2408,66.1
2022-06-08,3693522,244433887,66.5,65.9,66.1,0.3,2039,2408,66.2
2022-06-09,4104597,270521135,66.4,65.5,65.7,-0.4,2522,2408,66.3
2022-06-10,5830202,379426437,65.7,64.8,65.1,-0.6,2910,2408,65.1
2022-06-13,14650324,910536927,62.8,61.6,62.2,-2.9,8067,2408,62.4
2022-06-14,7921212,489584644,62.3,61.3,62.2,0.0,4093,2408,61.7
2022-06-15,11528473,711655483,62.5,61.2,61.2,-1.0,5798,2408,61.9
2022-06-16,7244141,443978238,62.4,60.4,60.4,-0.8,4495,2408,62.1
2022-06-17,7634857,457006086,60.3,59.3,60.1,-0.3,3649,2408,60.0
2022-06-20,5616607,334309117,60.6,59.0,59.5,-0.6,3204,2408,60.6
2022-06-21,7409503,444004304,60.2,59.4,60.0,0.5,3684,2408,59.8
2022-06-22,7063917,416309440,60.3,58.0,58.1,-1.9,4562,2408,60.3
2022-06-23,6663421,389886993,59.4,57.8,58.3,0.2,3858,2408,59.0
2022-06-24,8509118,490423380,59.7,58.3,58.9,0.6,3896,2408,59.0
2022-06-27,8179325,474326233,59.9,59.3,59.8,0.9,3491,2408,59.5
2022-06-28,7630542,448062903,59.8,58.1,58.9,-0.9,3777,2408,59.8
2022-06-29,12757117,734062839,58.1,57.1,57.1,-1.8,6881,2408,58.0
2022-06-30,33986158,1690079740,51.5,48.5,49.4,0.0,17401,2408,50.8
2022-07-01,23372598,1136609383,49.55,48.15,48.3,-1.1,9644,2408,49.3
2022-07-04,11990874,582313070,49.3,47.65,49.15,0.85,4868,2408,48.3
2022-07-05,9391993,458095953,49.75,47.85,49.4,0.25,5451,2408,49.7
2022-07-06,11246952,550609205,49.9,48.25,48.6,-0.8,5669,2408,49.4
2022-07-07,15267268,757439372,50.5,48.2,50.5,1.9,7383,2408,49.1
2022-07-08,17944705,897932600,51.2,49.15,49.65,-0.85,7204,2408,50.5
2022-07-11,12752511,622810304,49.4,48.35,49.0,-0.65,5183,2408,49.05
2022-07-12,11644377,554835908,48.5,47.15,47.35,-1.65,6343,2408,48.4
2022-07-13,13016964,642346180,50.2,48.55,49.0,1.65,6410,2408,48.55
2022-07-14,8235519,408367191,50.0,48.3,49.85,0.85,4641,2408,48.55
2022-07-15,12589746,639623421,51.6,49.35,51.4,1.55,6003,2408,49.65
2022-07-18,22604685,1215107505,54.7,51.5,54.2,2.8,9648,2408,51.8
2022-07-19,11994055,638234039,53.7,52.8,53.0,-1.2,7364,2408,53.0
2022-07-20,14376081,771031718,54.3,53.1,53.4,0.4,6159,2408,54.0
2022-07-21,7534937,407613473,54.5,53.3,54.3,0.9,3441,2408,53.4
2022-07-22,14169515,758495644,54.2,53.0,53.7,-0.6,6256,2408,54.0
2022-07-25,7968106,419360359,53.0,52.0,52.7,-1.0,3992,2408,53.0
2022-07-26,5983337,314672988,53.1,52.2,52.5,-0.2,2510,2408,52.6
2022-07-27,4819016,252834855,53.1,51.9,52.6,0.1,2182,2408,52.6
2022-07-28,4795114,251670033,53.1,52.1,52.5,-0.1,2259,2408,52.9
2022-07-29,5806670,304882291,53.1,52.1,52.3,-0.2,2758,2408,53.1
2022-08-01,6018456,314062847,52.6,51.5,52.2,-0.1,2760,2408,52.5
2022-08-02,9674287,490505895,51.8,50.0,50.4,-1.8,4621,2408,51.8
2022-08-03,8859214,453172979,51.5,50.2,51.2,0.8,4891,2408,50.4
2022-08-04,6898118,352449399,51.7,50.4,51.0,-0.2,4091,2408,50.5
2022-08-05,8751460,464747464,53.5,51.9,53.2,2.2,5063,2408,51.9
2022-08-08,5914275,313165517,53.4,52.3,53.1,-0.1,3001,2408,52.9
2022-08-09,4995316,264768508,53.4,52.5,52.9,-0.2,3404,2408,52.9
2022-08-10,7423879,385040696,52.4,51.6,51.6,-1.3,3609,2408,52.3
2022-08-11,5012982,265703069,53.4,52.6,53.0,1.4,3014,2408,52.7
2022-08-12,5866363,316092069,54.3,53.1,54.1,1.1,3586,2408,53.3
2022-08-15,4973692,267683260,54.7,53.4,53.8,-0.3,2852,2408,54.5
2022-08-16,3537044,189786781,54.0,53.4,53.8,0.0,2229,2408,53.9
2022-08-17,6298976,340987138,55.0,53.2,55.0,1.2,3022,2408,53.6
2022-08-18,6743338,362074038,54.4,53.3,53.6,-1.4,3815,2408,54.4
2022-08-19,4503984,244372275,54.7,53.8,54.3,0.7,2697,2408,53.8
2022-08-22,3221815,173663055,54.2,53.4,53.9,-0.4,1951,2408,53.6
2022-08-23,3866860,206578510,53.8,53.1,53.4,-0.5,1949,2408,53.2
2022-08-24,5488258,290477489,53.7,52.6,52.6,-0.8,3230,2408,53.7
2022-08-25,3030006,161757314,53.7,53.0,53.6,1.0,1981,2408,53.0
2022-08-26,3876915,208505328,54.3,53.4,53.5,-0.1,2416,2408,54.3
2022-08-29,3892983,204380704,52.9,52.1,52.5,-1.0,2450,2408,52.2
2022-08-30,3588250,188566121,53.0,52.1,52.7,0.2,2387,2408,52.5
2022-08-31,5743523,306237469,53.8,52.5,53.4,0.7,2000,2408,52.7
2022-09-01,5577837,293702917,53.0,52.3,52.6,-0.8,3039,2408,52.7
2022-09-02,3458580,181214891,52.9,52.1,52.1,-0.5,2125,2408,52.7
2022-09-05,5022276,257833502,52.5,50.9,51.1,-1.0,2939,2408,52.3
2022-09-06,5864102,299750038,51.8,50.2,51.2,0.1,3382,2408,50.6
2022-09-07,7431565,377143328,51.5,50.0,50.6,-0.6,4625,2408,50.5
2022-09-08,5779079,294184115,51.3,50.4,51.1,0.5,3148,2408,51.2
2022-09-12,4146847,217018139,52.6,52.0,52.3,1.2,2317,2408,52.1
2022-09-13,4691560,245868940,52.8,52.1,52.4,0.1,2619,2408,52.8
2022-09-14,10761082,545933153,51.2,50.3,50.7,-1.7,6788,2408,51.2
2022-09-15,5650146,286590488,51.2,50.4,50.4,-0.3,3144,2408,51.0
2022-09-16,15731066,775349651,50.2,48.8,49.1,-1.3,9088,2408,50.2
2022-09-19,11182736,541165156,49.25,48.0,48.6,-0.5,7225,2408,49.2
2022-09-20,12977656,621587513,49.1,47.55,47.65,-0.95,10011,2408,49.1
2022-09-21,8547546,403588872,47.75,47.05,47.15,-0.5,6007,2408,47.5
2022-09-22,8007618,372777408,47.0,46.0,46.8,-0.35,4621,2408,47.0
2022-09-23,7432159,354153540,48.1,46.85,47.6,0.8,4490,2408,46.95
2022-09-26,13634151,624840234,46.55,45.5,45.65,-1.95,7995,2408,46.4
2022-09-27,5412521,247842564,46.2,45.25,46.0,0.35,2647,2408,45.75
2022-09-28,9870575,452132278,46.9,45.3,45.5,-0.5,5136,2408,46.45
2022-09-29,9307505,434166397,47.35,46.0,47.15,1.65,4658,2408,46.05
2022-09-30,14558400,697617605,48.95,46.0,48.95,1.8,7866,2408,46.3
2022-10-03,12623989,599414907,48.05,46.7,47.55,-1.4,7186,2408,48.0
2022-10-04,16197145,798693430,50.2,48.3,49.95,2.4,9081,2408,49.0
2022-10-05,25087606,1277874037,51.6,50.1,51.4,1.45,11541,2408,51.0
2022-10-06,13147421,660964875,51.5,49.6,50.2,-1.2,6134,2408,51.5
2022-10-07,6671673,333909520,50.4,49.65,50.2,0.0,3198,2408,49.85
2022-10-11,14029386,695359655,50.0,48.6,49.75,-0.45,6672,2408,49.2
2022-10-12,30451211,1587256479,53.0,50.6,52.7,2.95,15743,2408,51.7
2022-10-13,16237186,841317481,52.7,51.0,51.4,-1.3,8920,2408,51.7
2022-10-14,31408549,1702604076,55.6,52.1,55.2,3.8,15802,2408,52.8
2022-10-17,17204490,945217699,56.4,53.6,56.2,1.0,10618,2408,53.7
2022-10-18,17400785,969228399,57.0,54.6,55.8,-0.4,12267,2408,56.9
2022-10-19,20069987,1086101317,55.3,53.5,53.8,-2.0,12802,2408,54.7
2022-10-20,25855012,1417070603,55.7,53.1,55.7,1.9,13650,2408,53.5
2022-10-21,18638228,1045913313,56.8,55.1,55.7,0.0,10806,2408,55.2
2022-10-24,16137771,910770694,57.7,55.3,55.6,-0.1,8119,2408,57.1
2022-10-25,11562130,630313996,56.3,53.8,54.1,-1.5,8033,2408,55.9
2022-10-26,9263298,505154543,55.0,54.1,54.5,0.4,4946,2408,54.4
2022-10-27,10766810,592482899,55.4,54.5,55.0,0.5,4946,2408,54.7
2022-10-28,13240174,705589365,54.5,52.8,53.1,-1.9,8266,2408,53.8
2022-10-31,9062807,492331759,54.9,53.2,54.5,1.4,4224,2408,54.0
2022-11-01,7288940,395551944,55.0,54.0,54.0,-0.5,4114,2408,54.2
2022-11-02,5681805,309917810,54.9,53.6,54.8,0.8,3194,2408,53.6
2022-11-03,10144372,561731135,56.4,53.8,56.0,1.2,5393,2408,53.9
2022-11-04,8679335,475804067,55.6,54.2,54.9,-1.1,5806,2408,55.6
2022-11-07,13585536,768568179,57.3,55.2,56.9,2.0,6829,2408,55.4
2022-11-08,12435378,708120226,57.4,56.5,57.1,0.2,5227,2408,57.2
2022-11-09,10413413,602503441,58.2,57.3,58.1,1.0,5321,2408,57.5
2022-11-10,6925277,399167416,58.2,57.0,58.0,-0.1,3550,2408,57.8
2022-11-11,19296996,1147873385,59.9,58.6,59.8,1.8,10935,2408,59.3
2022-11-14,13016566,781182444,60.5,59.7,59.9,0.1,6991,2408,60.0
2022-11-15,10258939,608838404,59.7,58.7,59.7,-0.2,4926,2408,59.5
2022-11-16,9698486,580565430,60.4,59.0,60.1,0.4,5236,2408,59.7
2022-11-17,16996664,997311930,59.4,57.3,58.9,-1.2,8801,2408,58.5
2022-11-18,20678802,1259339344,62.0,59.2,60.7,1.8,12237,2408,59.4
2022-11-21,14158132,833400982,60.9,58.1,58.4,-2.3,8411,2408,60.9
2022-11-22,9303061,545084322,59.2,57.6,59.2,0.8,5058,2408,58.6
2022-11-23,8224653,491772549,60.2,59.2,59.8,0.6,4386,2408,59.5
2022-11-24,7481113,449386538,60.4,59.7,59.9,0.1,3477,2408,59.9
2022-11-25,6584183,394240891,60.6,59.4,59.7,-0.2,3104,2408,60.3
2022-11-28,10418539,611749123,59.1,58.2,58.5,-1.2,5366,2408,59.0
2022-11-29,17570959,1001197986,57.9,56.6,57.2,-1.3,8968,2408,57.9
2022-11-30,17579197,994927609,56.9,56.0,56.8,-0.4,7515,2408,56.1
2022-12-01,13835727,802343350,58.9,57.0,57.5,0.7,7504,2408,58.5
2022-12-02,17164019,967631254,57.2,55.9,56.1,-1.4,9382,2408,56.9
2022-12-05,7580031,427578122,56.9,56.0,56.2,0.1,3645,2408,56.0
2022-12-06,15085665,823025233,55.7,54.1,54.3,-1.9,8082,2408,55.6
2022-12-07,8669448,466700719,54.5,53.5,53.5,-0.8,4742,2408,54.2
2022-12-08,8653920,466471100,54.5,53.0,54.0,0.5,4338,2408,53.5
2022-12-09,8465475,456394649,54.8,53.6,53.7,-0.3,3812,2408,54.5
2022-12-12,7258729,395452875,55.1,53.3,54.8,1.1,4061,2408,53.5
2022-12-13,7507436,412772398,55.4,54.6,54.8,0.0,3392,2408,55.1
2022-12-14,7300405,405022879,55.8,55.0,55.5,0.7,3907,2408,55.1
2022-12-15,4809919,268067663,56.1,55.1,55.9,0.4,2690,2408,55.3
2022-12-16,8734338,477020306,55.1,54.3,54.5,-1.4,4067,2408,55.1
2022-12-19,6310919,340949448,54.6,53.7,53.7,-0.8,3155,2408,54.2
2022-12-20,10471584,551699273,53.9,52.0,52.0,-1.7,6379,2408,53.8
2022-12-21,7997323,415302452,52.6,51.5,51.5,-0.5,3444,2408,52.1
2022-12-22,6443016,333706656,52.5,51.5,51.7,0.2,3371,2408,52.2
2022-12-23,5240812,266493369,51.5,50.1,51.4,-0.3,2952,2408,50.5
2022-12-26,1873533,96592024,51.8,51.2,51.5,0.1,1381,2408,51.7
2022-12-27,2763383,143829202,52.3,51.6,51.9,0.4,1787,2408,51.6
2022-12-28,3348466,172256812,51.9,51.2,51.3,-0.6,2185,2408,51.6
2022-12-29,4290189,220583792,52.0,50.5,51.8,0.5,2144,2408,50.8
2022-12-30,2400093,124047536,52.3,51.2,51.2,-0.6,1671,2408,52.2
2023-01-03,7492900,393042779,53.2,51.0,53.0,1.8,4007,2408,51.0
2023-01-04,9049463,486813998,54.3,53.1,54.1,1.1,5128,2408,53.2
2023-01-05,17506891,966935677,56.1,54.4,54.9,0.8,8106,2408,56.0
2023-01-06,9955000,541852578,55.3,53.7,55.0,0.1,5024,2408,53.9
2023-01-09,12692822,712563010,56.7,55.4,56.7,1.7,7433,2408,55.6
2023-01-10,10024354,569562398,57.5,56.2,56.5,-0.2,6606,2408,56.8
2023-01-11,10033128,569207061,57.2,55.8,57.0,0.5,5474,2408,56.8
2023-01-12,4147426,234331469,57.1,56.2,56.2,-0.8,2840,2408,57.0
2023-01-13,5282902,296416334,56.8,55.7,56.0,-0.2,2792,2408,56.7
2023-01-16,9181583,525032017,57.5,56.2,57.5,1.5,5631,2408,56.8
2023-01-17,7441187,427985497,57.8,56.8,57.7,0.2,3672,2408,56.8
2023-01-30,24243103,1458880323,61.2,59.0,60.3,2.6,12038,2408,60.5
2023-01-31,14748173,861690436,60.2,57.6,57.8,-2.5,8715,2408,60.0
2023-02-01,7907417,458425369,58.5,57.3,58.2,0.4,4018,2408,58.2
2023-02-02,12790241,764480926,60.1,58.6,59.9,1.7,6768,2408,59.1
2023-02-03,7333360,439121300,60.2,59.4,59.9,0.0,4144,2408,60.0
2023-02-06,6851301,400768342,59.4,58.1,58.1,-1.8,4202,2408,59.4
2023-02-07,3577407,208493726,58.7,57.8,58.2,0.1,2230,2408,58.0
2023-02-08,6565423,385292712,59.2,58.3,58.4,0.2,3426,2408,58.4
2023-02-09,7661931,443679285,58.4,57.5,58.0,-0.4,4474,2408,58.0
2023-02-10,5634426,328488302,59.0,57.5,58.3,0.3,2542,2408,57.7
2023-02-13,5472088,315269321,58.0,57.1,57.6,-0.7,2960,2408,58.0
2023-02-14,5179587,302434392,58.8,57.8,58.4,0.8,2761,2408,57.9
2023-02-15,4634967,270962056,59.0,58.0,58.5,0.1,3229,2408,58.3
2023-02-16,8722018,520224534,60.0,58.5,59.7,1.2,4460,2408,58.5
2023-02-17,5971745,357068012,60.1,59.2,59.7,0.0,3555,2408,59.3
2023-02-20,3549216,213534302,60.5,59.7,60.0,0.3,2511,2408,59.7
2023-02-21,3872607,233101887,60.5,59.9,60.4,0.4,2074,2408,60.5
2023-02-22,7290699,429301502,59.5,58.5,58.7,-1.7,4576,2408,59.5
2023-02-23,5596637,331449864,59.6,58.6,59.5,0.8,2647,2408,59.1
2023-02-24,7969973,469300028,60.1,58.4,58.4,-1.1,3369,2408,60.1
2023-03-01,6581065,378562521,58.2,57.2,57.3,-1.1,4267,2408,57.9
2023-03-02,10113052,579240723,58.1,56.6,57.3,0.0,5025,2408,58.0
2023-03-03,5739113,331504912,58.1,57.1,57.9,0.6,3068,2408,57.8
2023-03-06,6760474,391056576,58.4,57.6,57.7,-0.2,3960,2408,58.1
2023-03-07,4316295,252014600,58.8,57.7,58.5,0.8,2675,2408,58.0
2023-03-08,18024145,1087997284,61.0,58.6,61.0,2.5,10247,2408,58.9
2023-03-09,13591158,817841888,61.4,59.0,59.1,-1.9,10551,2408,61.3
2023-03-10,6711615,393155498,59.0,57.9,58.7,-0.4,3970,2408,58.8
2023-03-13,6170911,361474242,59.1,58.0,58.5,-0.2,3349,2408,58.3
2023-03-14,6637914,385892396,58.8,57.6,58.0,-0.5,3447,2408,58.0
2023-03-15,4691222,273882762,58.9,58.0,58.0,0.0,2686,2408,58.4
2023-03-16,3858414,223189089,58.2,57.5,57.7,-0.3,2671,2408,58.0
2023-03-17,12525187,744350989,60.0,58.4,59.3,1.6,4332,2408,58.5
2023-03-20,3415875,202354186,59.8,58.8,59.2,-0.1,2711,2408,59.6
2023-03-21,5876502,344540367,59.6,58.2,58.6,-0.6,3963,2408,59.4
2023-03-22,5381241,319700286,59.8,59.0,59.1,0.5,2754,2408,59.1
2023-03-23,7672975,460738774,60.6,58.9,59.8,0.7,5252,2408,59.1
2023-03-24,27783325,1747614468,64.7,61.2,63.3,3.5,15958,2408,61.5
2023-03-27,11591830,732603112,63.7,62.4,63.2,-0.1,8046,2408,63.2
2023-03-28,10576128,664759070,63.2,62.5,62.5,-0.7,5237,2408,63.0
2023-03-29,12316625,755797783,62.7,60.8,61.0,-1.5,6449,2408,62.5
2023-03-30,28891243,1860976622,65.3,63.6,63.9,2.9,16118,2408,65.0
2023-03-31,39636500,2626729964,67.0,64.5,66.5,2.6,22573,2408,65.0
2023-04-06,24061913,1581049472,66.6,64.1,66.4,-0.1,15702,2408,64.9
2023-04-07,25837704,1765154673,68.8,67.5,68.6,2.2,13120,2408,68.7
2023-04-10,22925977,1536847705,68.3,66.3,66.7,-1.9,14253,2408,68.0
2023-04-11,26721551,1828014756,69.0,67.8,68.2,1.5,14858,2408,68.0
2023-04-12,34888902,2405961483,69.9,67.2,69.1,0.9,16617,2408,68.2
2023-04-13,17364963,1177748464,68.8,67.4,67.5,-1.6,9833,2408,68.7
2023-04-14,9342835,632358136,68.2,67.2,67.6,0.1,5530,2408,68.0
2023-04-17,10770890,730091293,68.3,66.9,68.0,0.4,4745,2408,66.9
2023-04-18,6674245,449920907,67.9,67.0,67.3,-0.7,4018,2408,67.6
2023-04-19,8287512,556821849,67.7,66.9,67.0,-0.3,4763,2408,67.3
2023-04-20,10469093,686066895,66.4,65.0,65.5,-1.5,6361,2408,66.4
2023-04-21,9489829,615218944,66.2,64.2,64.5,-1.0,5670,2408,65.5
2023-04-24,7835320,505613978,65.6,63.8,64.2,-0.3,4529,2408,64.6
2023-04-25,9760408,627867255,65.9,63.1,63.5,-0.7,6102,2408,64.7
2023-04-26,7203769,456127095,64.2,62.3,64.1,0.6,3571,2408,63.2
2023-04-27,8321175,541896063,65.6,64.5,65.6,1.5,4507,2408,65.0
2023-04-28,16828157,1132521475,68.0,66.2,67.8,2.2,8763,2408,66.4
2023-05-02,6893383,461405999,67.8,66.5,66.7,-1.1,4749,2408,67.8
2023-05-03,8245657,552460745,67.5,66.2,67.1,0.4,4789,2408,66.3
2023-05-04,7737716,521749318,68.0,66.3,68.0,0.9,4580,2408,66.5
2023-05-05,9299080,622204047,67.7,66.6,66.7,-1.3,6063,2408,67.2
2023-05-08,9260289,603894342,67.0,64.4,64.8,-1.9,6615,2408,66.7
2023-05-09,5810858,375754302,65.6,64.2,64.7,-0.1,3363,2408,65.2
2023-05-10,4955276,317010014,64.5,63.6,64.2,-0.5,3228,2408,64.5
2023-05-11,4723487,300444032,64.5,63.2,63.3,-0.9,3671,2408,64.2
2023-05-12,4681336,295726288,63.8,62.6,63.8,0.5,2950,2408,63.0
2023-05-15,5738015,368035467,64.8,63.2,63.9,0.1,3365,2408,63.3
2023-05-16,6177244,401387290,65.7,64.6,64.6,0.7,3501,2408,65.1
2023-05-17,25645575,1741094461,68.7,66.4,68.0,3.4,14253,2408,67.7
2023-05-18,18627254,1293782797,70.2,68.6,69.3,1.3,10978,2408,68.6
2023-05-19,13136526,912529913,70.0,68.4,69.9,0.6,7367,2408,69.9
2023-05-22,21332203,1506875510,72.9,69.4,70.1,0.2,10116,2408,72.0
2023-05-23,11505748,800190259,70.2,68.6,69.9,-0.2,7066,2408,70.0
2023-05-24,15095441,1055191316,71.2,68.9,69.9,0.0,8273,2408,69.7
2023-05-25,33561601,2390707213,72.4,69.6,72.4,2.5,12054,2408,69.9
2023-05-26,21260321,1527512165,73.3,70.6,71.9,-0.5,12618,2408,72.9
2023-05-29,14046942,999598164,72.3,70.6,71.2,-0.7,7513,2408,72.1
2023-05-30,8886610,634778271,71.9,70.5,71.9,0.7,5161,2408,71.7
2023-05-31,21111080,1537292240,73.5,71.3,73.5,1.6,8406,2408,71.3
2023-06-01,13268008,951142052,72.7,71.1,71.4,-2.1,9621,2408,72.6
2023-06-02,12757554,928677911,73.4,71.7,72.9,1.5,6656,2408,72.0
2023-06-05,6998880,506259101,73.0,71.9,72.1,-0.8,5160,2408,72.9
2023-06-06,4881641,352263847,72.6,71.7,72.4,0.3,3372,2408,72.5
2023-06-07,7188623,515630904,72.5,71.2,71.9,-0.5,6782,2408,72.5
2023-06-08,8519182,601029992,71.7,70.0,70.2,-1.7,5661,2408,71.7
2023-06-09,6047180,429574053,71.4,70.5,71.3,1.1,3111,2408,70.9
2023-06-12,10064940,732609601,73.3,71.5,72.9,1.6,5335,2408,71.7
2023-06-13,17086258,1275195664,75.5,73.3,74.8,1.9,9430,2408,73.7
2023-06-14,18365048,1392975822,76.9,74.8,76.2,1.4,9307,2408,76.4
2023-06-15,11694931,879668236,76.4,74.5,75.3,-0.9,5891,2408,76.4
2023-06-16,19508386,1511664954,78.8,74.6,78.5,3.2,9522,2408,75.2
2023-06-19,9540572,745342562,78.8,77.2,78.0,-0.5,5244,2408,78.0
2023-06-20,9215315,716232706,78.6,77.0,77.4,-0.6,4476,2408,78.0
2023-06-21,19708212,1471408441,76.9,73.7,74.6,-2.8,11184,2408,76.6
2023-06-26,20628647,1502717854,73.6,72.2,73.0,-1.6,9037,2408,73.5
2023-06-27,19355951,1379312798,73.0,70.6,70.8,-2.2,11027,2408,73.0
2023-06-28,10647067,744728474,70.8,69.2,69.5,0.0,5285,2408,70.3
2023-06-29,15544064,1124441932,73.2,71.6,72.2,2.7,7646,2408,72.0
2023-06-30,16817189,1187840191,71.5,69.9,70.8,-1.4,8125,2408,71.5
2023-07-03,6077012,426752665,70.6,70.0,70.1,-0.7,4241,2408,70.5
2023-07-04,8459940,594932560,70.7,69.7,70.4,0.3,5093,2408,70.1
2023-07-05,8256833,579226993,70.8,69.6,70.1,-0.3,4821,2408,70.6
2023-07-06,6271016,438941525,70.5,69.3,70.1,0.0,3967,2408,69.8
2023-07-07,9606135,662400229,69.6,68.0,69.1,-1.0,6382,2408,69.6
2023-07-10,8384046,588205217,71.4,69.1,69.7,0.6,5032,2408,69.2
2023-07-11,10002000,703479764,71.2,69.7,69.9,0.2,5007,2408,70.9
2023-07-12,9486574,661690256,70.6,68.5,70.1,0.2,5443,2408,70.6
2023-07-13,10964475,782481211,72.0,70.4,70.9,0.8,5945,2408,70.4
2023-07-14,5854215,418385843,71.9,70.7,71.7,0.8,5019,2408,71.0
2023-07-17,5484572,392792138,72.4,70.5,71.7,0.0,3826,2408,71.7
2023-07-18,7354033,516119523,71.8,69.5,69.5,-2.2,5388,2408,71.7
2023-07-19,12357839,875201905,71.5,69.9,70.4,0.9,5525,2408,70.2
2023-07-20,4656175,327242031,70.9,69.5,70.3,-0.1,4428,2408,70.2
2023-07-21,11835297,824886590,70.2,69.1,70.1,-0.2,6585,2408,69.6
2023-07-24,5430375,377252774,70.2,69.1,69.3,-0.8,3624,2408,70.1
2023-07-25,8371057,575011414,69.9,68.1,68.2,-1.1,4921,2408,69.5
2023-07-26,12479975,836654218,68.4,66.2,67.1,-1.1,6341,2408,68.3
2023-07-27,15224333,1080569989,72.6,67.8,71.4,4.3,7878,2408,67.8
2023-07-28,22095359,1635850420,75.5,72.8,74.8,3.4,13688,2408,72.9
2023-07-31,11712625,860686633,75.7,72.2,72.3,-2.5,13127,2408,75.3
2023-08-01,9086310,648559928,73.1,70.7,71.0,-1.3,5908,2408,72.5
2023-08-02,9445720,656950480,70.6,69.0,69.1,-1.9,5768,2408,70.5
2023-08-04,6792166,474274583,70.4,68.3,69.9,0.8,5084,2408,69.2
2023-08-07,2895743,202638783,70.4,69.2,70.0,0.1,2393,2408,69.3
2023-08-08,6472159,445329422,69.5,68.1,68.5,-1.5,4639,2408,69.5
2023-08-09,3511396,241161620,69.0,68.2,68.9,0.4,2535,2408,68.4
2023-08-10,6953045,468133441,68.3,67.0,67.1,-1.8,4865,2408,68.3
2023-08-11,5123134,347391844,68.6,67.2,67.9,0.8,2488,2408,68.0
2023-08-14,11269753,731299512,68.0,64.0,64.9,-3.0,7392,2408,68.0
2023-08-15,5552331,360712647,66.2,64.3,64.6,-0.3,3978,2408,65.9
2023-08-16,9009886,572515661,64.3,63.2,63.7,-0.9,5321,2408,64.1
2023-08-17,12850703,835621756,66.2,62.4,65.6,1.9,5531,2408,63.5
2023-08-18,8159377,532104667,65.8,64.5,64.6,-1.0,5153,2408,65.3
2023-08-21,5226663,332988474,64.7,63.2,63.4,-1.2,3053,2408,64.3
2023-08-22,3294522,209979996,64.2,63.3,63.5,0.1,1778,2408,63.9
2023-08-23,6721133,424424395,63.9,62.8,63.5,0.0,3993,2408,63.9
2023-08-24,5963862,388775963,65.8,64.1,65.3,1.8,3486,2408,64.3
2023-08-25,4487947,293260295,65.9,64.8,65.0,-0.3,2648,2408,65.4
2023-08-28,3259189,213347238,66.0,64.6,65.6,0.6,2104,2408,65.9
2023-08-29,4042922,265334621,66.5,64.8,66.2,0.6,2583,2408,65.8
2023-08-30,5452609,364391466,67.5,66.3,66.7,0.5,3263,2408,67.3
2023-08-31,10105798,680675572,68.7,66.5,66.6,-0.1,4756,2408,66.9
2023-09-01,12885961,884884011,69.7,67.0,68.2,1.6,7619,2408,67.1
2023-09-04,6671805,451202802,68.6,67.1,67.6,-0.6,4806,2408,67.2
2023-09-05,5068086,343613356,68.8,67.1,68.1,0.5,2710,2408,67.6
2023-09-06,3291813,224166549,68.5,67.6,68.0,-0.1,2287,2408,68.2
2023-09-07,7388849,502635001,69.2,67.2,67.2,-0.8,4409,2408,67.4
2023-09-08,4355757,290749089,67.7,66.0,67.2,0.0,3413,2408,67.1
2023-09-11,5344482,353096975,66.8,65.6,65.7,-1.5,3526,2408,66.7
2023-09-12,4282658,285639548,67.2,65.9,66.8,1.1,2756,2408,65.9
2023-09-13,9529400,649732634,68.8,66.9,68.4,1.6,5197,2408,66.9
2023-09-14,12208144,849873343,70.0,68.8,70.0,1.6,7885,2408,69.3
2023-09-15,30008492,2168048896,73.5,69.7,72.4,2.4,15395,2408,70.5
2023-09-18,11469283,834955439,74.2,71.2,72.3,-0.1,8582,2408,72.4
2023-09-19,8398760,606950135,73.3,71.5,71.7,-0.6,5390,2408,72.6
2023-09-20,7662019,542374585,71.4,70.0,70.7,-1.0,6012,2408,71.4
2023-09-21,12806554,924334038,72.8,69.9,72.8,2.1,9300,2408,70.0
2023-09-22,7462659,538108276,72.9,71.6,72.0,-0.8,5476,2408,72.9
2023-09-25,5425331,389415427,72.8,71.2,71.6,-0.4,4210,2408,72.8
2023-09-26,5077746,359135170,71.3,70.3,70.3,-1.3,5408,2408,71.1
2023-09-27,7234441,502915384,70.4,68.8,69.8,-0.5,7252,2408,69.2
2023-09-28,27374042,1819043732,68.0,65.6,65.6,-4.2,18140,2408,67.8
2023-10-02,9006321,608524537,68.0,67.0,67.6,2.0,5029,2408,67.3
2023-10-03,13619527,940210535,70.5,67.7,68.1,0.5,8703,2408,67.9
2023-10-04,5929207,402943125,69.0,67.1,67.7,-0.4,5552,2408,67.7
2023-10-05,7907252,549650880,70.0,68.2,69.5,1.8,5164,2408,68.2
2023-10-06,6292276,437476282,70.2,68.9,69.2,-0.3,5063,2408,70.2
2023-10-11,13577752,957479226,71.2,68.9,70.7,1.5,7924,2408,69.7
2023-10-12,20210704,1405209476,71.2,67.3,71.0,0.3,12248,2408,69.4
2023-10-13,12156524,859352931,71.7,69.6,70.8,-0.2,7276,2408,69.9
2023-10-16,6047777,425144116,70.8,69.6,70.6,-0.2,4612,2408,70.8
2023-10-17,11686448,829643764,71.5,70.2,70.9,0.3,7105,2408,70.5
2023-10-18,11880086,834142242,71.5,69.6,70.2,-0.7,8035,2408,71.2
2023-10-19,8223519,579448356,70.9,69.9,70.5,0.3,4398,2408,69.9
2023-10-20,7925934,556482155,70.8,69.7,70.3,-0.2,5088,2408,69.9
2023-10-23,6432602,449639856,70.7,69.5,69.6,-0.7,3624,2408,70.5
2023-10-24,9657117,657036541,69.4,67.4,67.8,-1.8,6560,2408,69.3
2023-10-25,4778064,325243360,68.7,67.9,68.0,0.2,2992,2408,67.9
2023-10-26,10462626,695743102,67.4,66.1,66.1,-1.9,7532,2408,67.3
2023-10-27,11710159,760815102,66.4,64.5,64.8,-1.3,6637,2408,66.4
2023-10-30,6520606,420528178,65.4,64.1,64.9,0.1,5398,2408,64.5
2023-10-31,5049220,329032732,66.3,64.7,64.7,-0.2,3102,2408,65.1
2023-11-01,3449704,222825846,65.4,64.0,64.5,-0.2,2597,2408,65.4
2023-11-02,8316966,544051122,66.1,65.1,65.6,1.1,5571,2408,65.5
2023-11-03,6558064,432569798,66.4,65.5,66.1,0.5,4270,2408,65.9
2023-11-06,16236645,1055248032,65.9,64.0,65.4,-0.7,10045,2408,65.3
2023-11-07,8667953,572784102,66.7,64.8,65.9,0.5,5492,2408,65.0
2023-11-08,4175817,273759984,66.0,65.3,65.4,-0.5,2949,2408,65.9
2023-11-09,5576306,360711486,65.2,64.3,64.6,-0.8,3741,2408,65.2
2023-11-10,6352324,407372038,65.3,63.6,63.7,-0.9,4804,2408,64.3
2023-11-13,12047039,763391450,64.2,62.6,63.6,-0.1,6636,2408,64.2
2023-11-14,11884801,781036298,66.5,64.1,66.1,2.5,7197,2408,64.3
2023-11-15,20283028,1384341264,69.3,66.9,67.6,1.5,11758,2408,67.0
2023-11-16,7564339,509933314,68.5,66.7,67.2,-0.4,4637,2408,67.8
2023-11-17,6922846,466173227,67.9,66.8,67.4,0.2,4542,2408,67.4
2023-11-20,19168828,1342424201,71.3,67.7,70.0,2.6,11252,2408,67.9
2023-11-21,18852757,1328385098,71.1,69.4,70.6,0.6,11975,2408,70.9
2023-11-22,17432562,1223895933,70.8,69.4,70.7,0.1,11252,2408,70.0
2023-11-23,16272412,1148770459,71.2,70.2,70.7,0.0,7755,2408,70.6
2023-11-24,24276537,1697683771,70.9,68.7,70.8,0.1,12709,2408,70.9
2023-11-27,22786235,1591475050,70.7,69.0,70.1,-0.7,8610,2408,70.7
2023-11-28,49782715,3611312138,73.5,69.9,73.5,3.4,21642,2408,70.4
2023-11-29,42221008,3107136754,74.6,72.6,74.2,0.7,16064,2408,73.8
2023-11-30,39552987,2948278926,75.0,73.6,75.0,0.8,15230,2408,74.6
2023-12-01,20486169,1513027217,74.5,73.5,73.7,-1.3,12130,2408,74.4
2023-12-04,15830862,1174242842,75.2,73.6,74.0,0.3,7911,2408,73.8
2023-12-05,10528022,765999410,73.8,72.1,73.2,-0.8,5954,2408,73.5
2023-12-06,11981006,867053000,74.0,71.9,72.0,-1.2,6312,2408,73.9
2023-12-07,12154931,865187060,72.2,70.4,70.7,-1.3,5194,2408,71.5
2023-12-08,9753485,699642228,72.3,70.9,72.1,1.4,4794,2408,71.7
2023-12-11,6706002,484905966,73.0,71.9,72.2,0.1,3384,2408,72.5
2023-12-12,13391859,980776719,74.8,72.3,72.5,0.3,7203,2408,74.0
2023-12-13,8925202,653172610,73.7,72.3,73.7,1.2,6022,2408,72.9
2023-12-14,24924848,1847553606,76.9,72.6,72.8,-0.9,12131,2408,74.7
2023-12-15,41717048,3116742964,76.2,73.2,74.5,1.7,13431,2408,73.3
2023-12-18,11947618,882025578,74.8,73.2,73.4,-1.1,7569,2408,74.5
2023-12-19,10428251,765048214,74.1,72.3,73.1,-0.3,6071,2408,74.0
2023-12-20,11969966,866091572,73.4,71.6,71.8,-1.3,7489,2408,73.1
2023-12-21,22520091,1677355439,75.8,71.1,75.4,3.6,13113,2408,71.1
2023-12-22,37273976,2882600527,79.8,75.4,75.9,0.5,21156,2408,76.9
2023-12-25,5791659,438098603,76.6,75.1,75.4,-0.5,5284,2408,76.5
2023-12-26,14947963,1154657500,78.0,75.3,78.0,2.6,8411,2408,75.3
2023-12-27,26700149,2110169850,79.9,77.4,79.7,1.7,14356,2408,77.9
2023-12-28,23418425,1846926634,80.3,77.5,78.3,-1.4,11623,2408,79.7
2023-12-29,10722445,837653049,79.0,77.4,78.0,-0.3,5231,2408,78.7
2024-01-02,8547186,656233125,78.6,76.2,76.5,-1.5,5034,2408,78.0
2024-01-03,20415790,1503398699,75.5,72.8,73.1,-3.4,10975,2408,75.4
2024-01-04,10012129,740532251,74.6,72.9,74.4,1.3,5954,2408,73.5
2024-01-05,8912452,666129689,75.8,74.1,74.7,0.3,4781,2408,75.0
2024-01-08,7816915,575402836,75.4,73.0,73.1,-1.6,5437,2408,75.4
2024-01-09,7788156,570379142,74.4,72.6,72.6,-0.5,4842,2408,74.0
2024-01-10,10412564,745218653,72.9,71.0,71.5,-1.1,6694,2408,72.4
2024-01-11,30347061,2101667541,72.1,68.0,69.4,-2.1,18099,2408,71.9
2024-01-12,11434414,788425266,69.9,68.5,68.8,-0.6,7261,2408,69.9
2024-01-15,14824124,1050169490,71.7,69.1,71.5,2.7,8174,2408,69.5
2024-01-16,12089599,843664822,70.5,69.2,69.4,-2.1,7406,2408,70.5
2024-01-17,15882825,1088146731,70.2,67.8,67.8,-1.6,9321,2408,69.5
2024-01-18,10076705,688345594,69.3,67.8,68.2,0.4,5623,2408,68.5
2024-01-19,8065309,559030482,69.9,68.6,69.3,1.1,4187,2408,69.0
2024-01-22,15212909,1052416496,70.6,68.5,69.3,0.0,7379,2408,70.1
2024-01-23,22403067,1589360202,72.3,69.3,70.7,1.4,11641,2408,69.3
2024-01-24,16548542,1186900109,72.5,70.8,71.6,0.9,9367,2408,71.4
2024-01-25,7304351,520206676,72.0,70.8,71.0,-0.6,3519,2408,71.8
2024-01-26,5765744,409182609,71.5,70.6,71.0,0.0,3309,2408,71.0
2024-01-29,6754958,477888679,71.5,69.9,70.8,-0.2,3316,2408,70.9
2024-01-30,10036003,698451017,70.9,69.1,69.3,-1.5,5185,2408,70.8
2024-01-31,6073312,419113600,69.8,68.5,68.7,-0.6,3137,2408,69.0
2024-02-01,4561463,314270226,69.4,68.3,69.2,0.5,2615,2408,69.4
2024-02-02,12537855,853141083,69.5,67.5,67.6,-1.6,8093,2408,69.4
2024-02-05,8711067,587899933,68.3,66.8,68.2,0.6,4759,2408,67.2
2024-02-15,41310009,2718277032,69.4,64.1,65.4,-2.8,24166,2408,69.4
2024-02-16,24468055,1594871172,66.1,64.3,65.9,0.5,13128,2408,65.4
2024-02-19,17037520,1123845773,66.9,64.7,66.6,0.7,10895,2408,65.8
2024-02-20,14675604,990611363,68.2,66.2,67.8,1.2,8306,2408,66.5
2024-02-21,14437969,980565073,68.5,67.2,67.3,-0.5,7167,2408,67.7
2024-02-22,14843850,1002954820,68.3,66.8,68.1,0.8,6872,2408,67.7
2024-02-23,24187076,1654688475,69.2,67.6,67.7,-0.4,11754,2408,68.7
2024-02-26,11602872,784938785,68.1,67.0,67.9,0.2,6014,2408,67.4
2024-02-27,19578067,1317571988,69.1,66.3,66.3,-1.6,12339,2408,69.0
2024-02-29,14204349,955328525,67.9,66.4,67.3,1.0,6436,2408,66.8
2024-03-01,13497577,895379225,67.3,65.7,66.3,-1.0,8415,2408,67.2
2024-03-04,15055518,1002046731,67.4,66.0,66.5,0.2,6732,2408,66.8
2024-03-05,9307667,614485535,67.0,65.7,65.8,-0.7,5420,2408,66.6
2024-03-06,15629353,1021742834,66.4,65.0,65.1,-0.7,9278,2408,66.1
2024-03-07,16219307,1072996715,67.2,65.4,65.7,0.6,8843,2408,65.7
2024-03-08,15532368,1016104762,66.2,64.5,65.0,-0.7,8231,2408,65.8
2024-03-11,17368895,1150281863,67.0,64.8,65.8,0.8,8721,2408,64.8
2024-03-12,11213910,736282563,66.3,65.3,65.7,-0.1,7333,2408,66.2
2024-03-13,25767364,1651414991,66.1,63.1,63.3,-2.4,16273,2408,65.8
2024-03-14,12473231,796012000,64.9,63.2,63.8,0.5,7093,2408,64.0
2024-03-15,8946528,571080179,64.2,63.6,63.9,0.1,3828,2408,63.9
2024-03-18,17746439,1111856050,63.9,62.1,62.4,-1.5,11679,2408,63.9
2024-03-19,10094779,630513151,62.9,62.1,62.3,-0.1,5559,2408,62.3
2024-03-20,10551993,653987087,62.8,61.4,61.5,-0.8,7457,2408,62.6
2024-03-21,73677830,4861464370,67.6,63.6,67.6,6.1,32279,2408,66.0
2024-03-22,81751866,5712193744,71.5,69.0,69.6,2.0,40563,2408,70.9
2024-03-25,16714375,1141630798,69.7,67.0,68.5,-1.1,11028,2408,69.7
2024-03-26,26046529,1791000830,70.5,67.5,68.1,-0.4,14914,2408,69.7
2024-03-27,12715591,865203637,68.8,67.6,67.9,-0.2,9324,2408,68.0
2024-03-28,16304315,1111334838,69.2,67.6,67.6,-0.3,8574,2408,68.0
2024-03-29,7330161,496725382,68.1,67.4,67.7,0.1,4391,2408,67.6
2024-04-01,19442865,1344242238,69.8,68.2,69.4,1.7,10786,2408,68.4
2024-04-02,21255263,1487187361,71.3,69.0,69.1,-0.3,13299,2408,70.7
2024-04-03,12331968,839244085,68.7,67.6,68.2,-0.9,8523,2408,68.6
2024-04-08,13720880,940717781,69.6,67.8,68.1,-0.1,8263,2408,68.8
2024-04-09,9347886,638992096,69.0,67.8,68.4,0.3,5947,2408,68.4
2024-04-10,34048367,2390940574,71.4,68.4,70.2,1.8,18662,2408,68.7
2024-04-11,27165069,1912476028,71.3,68.6,70.6,0.4,18205,2408,69.5
2024-04-12,32264534,2313619099,72.3,70.6,71.8,1.2,21193,2408,71.2
2024-04-15,13972714,977014097,70.9,69.3,70.0,-1.8,10566,2408,70.2
2024-04-16,26382750,1753996123,69.3,64.6,65.5,-4.5,17134,2408,69.1
2024-04-17,17077218,1111899971,66.2,64.5,64.5,-1.0,11470,2408,66.0
2024-04-18,9339524,602336712,65.4,63.6,64.3,-0.2,6548,2408,63.8
2024-04-19,18501427,1154382896,64.1,60.9,62.0,-2.3,13243,2408,63.6
2024-04-22,16104720,986912860,62.5,60.6,61.2,-0.8,10141,2408,61.9
2024-04-23,12738975,793494582,63.2,61.4,62.8,1.6,7457,2408,62.0
2024-04-24,17605256,1150004332,66.0,64.0,65.5,2.7,9803,2408,64.0
2024-04-25,14396493,945849302,66.7,64.5,65.6,0.1,8380,2408,65.6
2024-04-26,11654235,764698765,66.2,65.2,65.7,0.1,7229,2408,66.0
2024-04-29,11893136,799119144,67.7,66.5,67.5,1.8,7399,2408,66.5
2024-04-30,9440922,628029381,67.4,66.0,66.1,-1.4,6269,2408,67.0
2024-05-02,8392619,556162357,66.8,65.7,66.6,0.5,5219,2408,66.1
2024-05-03,13722229,912278486,67.8,65.6,65.8,-0.8,6358,2408,67.0
2024-05-06,22866684,1545629965,68.7,66.3,66.9,1.1,11436,2408,66.8
2024-05-07,20887781,1416344315,69.3,66.6,66.8,-0.1,10081,2408,68.8
2024-05-08,7692251,513254556,67.2,66.3,66.6,-0.2,4108,2408,66.9
2024-05-09,20177080,1311738282,66.3,64.0,64.0,-2.6,11175,2408,66.2
2024-05-10,11781262,754974432,64.8,63.4,64.4,0.4,5503,2408,64.2
2024-05-13,7863897,506333883,64.8,64.0,64.4,0.0,3544,2408,64.5
2024-05-14,8256019,536147276,65.4,64.2,64.8,0.4,3481,2408,64.5
2024-05-15,6474488,420828761,65.5,64.5,64.6,-0.2,4401,2408,65.3
2024-05-16,16971192,1087775915,65.3,63.5,64.0,-0.6,8236,2408,65.0
2024-05-17,25074674,1578077954,64.0,62.3,62.8,-1.2,13171,2408,63.7
2024-05-20,14261718,902407350,63.7,62.6,63.3,0.5,5701,2408,63.1
2024-05-21,11857314,755712486,64.2,63.3,63.5,0.2,6342,2408,63.7
2024-05-22,9566066,615806990,64.7,63.8,64.6,1.1,4717,2408,64.0
2024-05-23,8129572,522864613,65.1,64.0,64.2,-0.4,4193,2408,64.9
2024-05-24,10130532,654334966,65.3,63.8,64.4,0.2,3953,2408,64.0
2024-05-27,9670497,628540567,65.9,63.9,64.8,0.4,5345,2408,64.6
2024-05-28,15385732,1017312289,66.8,65.0,66.5,1.7,8752,2408,65.3
2024-05-29,8316211,551477749,66.9,65.8,66.0,-0.5,5847,2408,66.6
2024-05-30,18482221,1214196069,66.5,64.8,64.8,-1.2,10771,2408,66.3
2024-05-31,11909612,773467619,65.9,64.5,64.5,-0.3,5306,2408,65.2
2024-06-03,4837659,311647744,65.5,64.1,64.2,-0.3,3234,2408,65.0
2024-06-04,7466927,473462166,64.2,63.0,63.2,-1.0,5640,2408,64.0
2024-06-05,4444110,280665886,63.7,62.8,63.0,-0.2,2947,2408,63.2
2024-06-06,4784015,304999044,64.4,63.3,63.4,0.4,3231,2408,63.9
2024-06-07,5085704,326825028,64.8,63.4,64.8,1.4,3718,2408,63.4
2024-06-11,7708423,495730441,64.9,63.9,64.3,-0.5,4922,2408,64.8
2024-06-12,5571856,358771790,64.7,63.7,64.6,0.3,2979,2408,64.6
2024-06-13,14419468,951442968,66.9,64.9,66.0,1.4,8359,2408,65.1
2024-06-14,9218066,609525486,66.7,65.7,66.2,0.2,5777,2408,66.5
2024-06-17,21804329,1469652541,68.3,66.1,67.9,1.7,12625,2408,66.2
2024-06-18,57862868,4077572355,72.0,68.4,72.0,4.1,32273,2408,68.5
2024-06-19,37208629,2662753493,73.8,70.5,70.7,-1.3,27908,2408,73.4
2024-06-20,51964359,3813621618,75.4,71.0,72.7,2.0,30471,2408,71.1
2024-06-21,26717540,1940199518,74.0,71.2,72.2,-0.5,19004,2408,71.5
2024-06-24,29431988,2060789056,71.5,68.8,69.1,-3.1,18264,2408,71.5
2024-06-25,16930974,1152293462,69.6,67.2,68.5,-0.6,10519,2408,69.5
2024-06-26,12928838,891661116,69.8,68.2,68.5,0.0,7465,2408,69.8
2024-06-27,13300101,902470537,68.5,66.7,68.2,-0.3,7063,2408,67.9
2024-06-28,10899881,755063688,69.9,68.2,69.7,1.5,6068,2408,68.2
2024-07-01,11824407,817550031,70.2,68.8,69.0,-0.7,6425,2408,69.8
2024-07-02,15861565,1084811872,69.9,68.0,68.3,-0.7,8500,2408,69.9
2024-07-03,47163429,3422925391,75.0,68.8,73.7,5.4,23060,2408,69.1
2024-07-04,28617209,2114852683,74.4,73.3,74.1,0.4,16697,2408,73.9
2024-07-05,9913473,731431599,74.6,73.2,73.9,-0.2,8241,2408,74.5
2024-07-08,11547572,853869852,74.5,72.9,74.5,0.6,9792,2408,74.3
2024-07-09,19563045,1425684257,74.5,71.1,73.0,-1.5,14124,2408,73.8
2024-07-10,13665676,990775618,73.8,71.7,72.3,-0.7,6511,2408,73.2
2024-07-11,35217003,2461391879,71.9,68.0,70.1,-2.2,18008,2408,71.5
2024-07-12,14364580,990531410,69.8,68.5,68.5,-1.6,8618,2408,69.0
2024-07-15,10959270,745113483,69.1,67.5,67.7,-0.8,6466,2408,68.6
2024-07-16,11613508,788848889,68.8,67.5,67.5,-0.2,6308,2408,67.7
2024-07-17,23336020,1568075353,68.0,66.6,66.9,-0.6,11162,2408,67.5
2024-07-18,12854719,856857015,67.5,65.4,67.0,0.1,7047,2408,66.1
2024-07-19,27590871,1796822301,66.6,64.0,64.2,-2.8,16334,2408,66.5
2024-07-22,28673540,1792221191,64.5,61.6,61.9,-2.3,13994,2408,64.1
2024-07-23,38782654,2373915333,62.6,60.6,60.6,-1.3,19140,2408,62.5
2024-07-26,40107825,2316253037,58.5,56.7,58.1,-2.5,18721,2408,57.8
2024-07-29,13966838,811354981,59.2,57.3,57.5,-0.6,7980,2408,58.6
2024-07-30,19341343,1095349936,57.5,56.0,57.1,-0.4,9929,2408,57.2
2024-07-31,13297184,761500793,58.0,56.4,57.1,0.0,6799,2408,57.0
2024-08-01,14597821,851860528,59.3,57.6,58.3,1.2,8070,2408,58.2
2024-08-02,27722561,1547337923,57.0,54.9,54.9,-3.4,15889,2408,57.0
2024-08-05,29292378,1463928394,52.0,49.45,49.95,-4.95,16050,2408,51.2
2024-08-06,20102259,997481381,52.0,47.25,49.9,-0.05,12316,2408,52.0
2024-08-07,40169447,1993879369,50.5,48.35,50.0,0.1,16322,2408,49.1
2024-08-08,21884762,1076154474,50.2,48.2,49.5,-0.5,11017,2408,48.5
2024-08-09,19167643,976445339,51.9,49.85,51.0,1.5,9766,2408,50.2
2024-08-12,19063909,1014838574,53.7,51.6,53.0,2.0,9693,2408,51.8
2024-08-13,7910189,418679372,53.5,52.5,52.8,-0.2,4356,2408,53.0
2024-08-14,14670095,802107294,56.0,53.6,54.3,1.5,7836,2408,53.6
2024-08-15,8616456,469194663,54.8,53.6,54.6,0.3,4996,2408,54.4
2024-08-16,11668137,651163556,56.4,55.5,55.7,1.1,6574,2408,56.0
2024-08-19,8905662,502039804,56.9,55.7,56.6,0.9,4941,2408,56.0
2024-08-20,10579528,595785140,57.2,55.7,55.7,-0.9,6467,2408,56.7
2024-08-21,8804043,482678203,55.4,54.5,54.6,-1.1,4683,2408,55.1
2024-08-22,5821028,318485687,55.2,54.2,54.8,0.2,3329,2408,54.2
2024-08-23,12067096,646868688,54.5,52.9,54.1,-0.7,6110,2408,54.5
2024-08-26,7050811,382629998,54.9,53.5,53.8,-0.3,3719,2408,54.2
2024-08-27,6379772,338953647,53.6,52.8,53.2,-0.6,3734,2408,53.5
2024-08-28,9799177,523575028,54.0,52.8,53.5,0.3,4774,2408,53.7
2024-08-29,9924923,527733394,53.6,52.7,53.4,-0.1,4331,2408,53.0
2024-08-30,12003454,636640571,54.1,52.6,52.7,-0.7,4803,2408,53.8
2024-09-02,6815500,355400172,53.1,51.6,51.6,-1.1,4567,2408,52.9
2024-09-03,12533522,633463578,51.5,50.0,50.0,-1.6,7496,2408,51.5
2024-09-04,30173806,1440647656,48.2,46.8,47.55,-2.45,17717,2408,47.85
2024-09-05,23813802,1117632610,48.6,45.8,46.0,-1.55,16397,2408,48.0
2024-09-06,13648296,630490157,46.8,45.5,46.45,0.45,7639,2408,46.0
2024-09-09,10539489,481326474,46.25,45.25,46.05,-0.4,7064,2408,45.3
2024-09-10,16170570,728599064,46.3,44.3,44.5,-1.55,9654,2408,46.25
2024-09-11,5988960,270329545,45.75,44.5,45.1,0.6,3368,2408,44.5
2024-09-12,9591538,446643332,47.0,45.6,46.95,1.85,5141,2408,45.9
2024-09-13,9011795,417317727,46.55,46.0,46.3,-0.65,5262,2408,46.45
2024-09-16,7346929,341645437,46.8,46.1,46.6,0.3,3345,2408,46.3
2024-09-18,11540313,528866499,46.7,45.2,45.2,-1.4,6895,2408,46.65
2024-09-19,13006994,587276369,45.55,44.8,45.25,0.05,5321,2408,45.3
2024-09-20,38369673,1754364607,46.45,45.3,45.8,0.55,9034,2408,45.6
2024-09-23,14132546,661717305,47.45,46.2,46.65,0.85,8399,2408,46.3
2024-09-24,10997440,506160016,46.5,45.7,46.35,-0.3,6376,2408,46.05
2024-09-25,13628941,643855238,47.45,46.8,47.3,0.95,7333,2408,46.8
2024-09-26,28026753,1351394220,50.1,47.3,47.3,0.0,13744,2408,50.0
2024-09-27,21771372,1048371160,48.65,47.65,48.15,0.85,10561,2408,47.7
2024-09-30,11981501,572196469,48.3,47.3,47.35,-0.8,6059,2408,47.7
2024-10-01,9547143,444852467,47.6,46.2,46.25,-1.1,6178,2408,47.35
2024-10-04,14395203,659921349,46.75,45.35,45.5,-0.75,7508,2408,46.35
2024-10-07,16466974,740520085,45.65,44.6,45.15,-0.35,9297,2408,45.6
2024-10-08,16129225,714123511,44.95,43.85,44.4,-0.75,8917,2408,44.85
2024-10-09,12576869,553635876,44.75,43.5,43.5,-0.9,7788,2408,44.6
2024-10-11,15285116,648301034,42.85,42.0,42.5,-1.0,9741,2408,42.8
2024-10-14,8008215,345689457,43.8,42.25,43.8,1.3,4624,2408,42.35
2024-10-15,8178628,361891118,44.5,43.95,44.05,0.25,4512,2408,44.0
2024-10-16,11893181,508882968,43.65,42.6,42.65,-1.4,8043,2408,43.65
2024-10-17,9743634,429781121,44.45,43.05,44.3,1.65,4741,2408,43.1
2024-10-18,9185302,407134471,44.85,43.85,43.85,-0.45,5045,2408,44.5
2024-10-21,5236309,232463504,44.8,43.8,44.6,0.75,3247,2408,44.4
2024-10-22,5007553,220197394,44.5,43.7,44.2,-0.4,3575,2408,44.4
2024-10-23,4901063,214798465,44.4,43.5,43.65,-0.55,3213,2408,44.2
2024-10-24,5263763,227458521,43.65,42.9,42.9,-0.75,3487,2408,43.65
2024-10-25,3398825,146100869,43.45,42.8,43.05,0.15,2400,2408,43.2
2024-10-28,4627594,199378995,43.6,42.6,43.35,0.3,2713,2408,43.5
2024-10-29,6888673,291742720,43.1,42.05,42.3,-1.05,4436,2408,43.0
2024-10-30,6259551,266425192,43.45,42.1,42.3,0.0,3415,2408,42.9
2024-11-01,11717538,482915036,41.75,40.7,41.45,-0.85,6274,2408,41.7
2024-11-04,19083966,769316339,41.4,39.9,40.2,-1.25,10427,2408,41.25
2024-11-05,11473987,458305053,40.4,39.25,40.05,-0.15,4911,2408,39.3
2024-11-06,7450356,303060086,40.9,40.3,40.75,0.7,3979,2408,40.3
2024-11-07,9074420,377653871,42.1,40.75,42.05,1.3,4895,2408,40.75
2024-11-08,10531647,434197844,42.3,40.65,40.7,-1.35,6086,2408,42.1
2024-11-11,6588951,264996673,40.85,39.85,40.4,-0.3,4259,2408,40.8
2024-11-12,11592885,454950085,40.1,38.9,39.0,-1.4,7226,2408,39.6
2024-11-13,20121287,766702214,38.7,37.6,38.15,-0.85,9709,2408,38.25
2024-11-14,17259366,642779365,38.1,36.85,36.85,-1.3,9142,2408,38.05
2024-11-15,7752391,290420569,38.2,36.8,37.5,0.65,4455,2408,36.85
2024-11-18,7943381,295783902,37.75,36.95,37.25,-0.25,4657,2408,37.3
2024-11-19,7397033,274230239,37.7,36.75,37.05,-0.2,4907,2408,37.45
2024-11-20,13220274,481142779,37.1,36.0,36.25,-0.8,7549,2408,37.1
2024-11-21,7916403,288306212,36.8,36.05,36.65,0.4,4585,2408,36.5
2024-11-22,10076378,366749878,37.25,35.85,35.85,-0.8,6168,2408,37.0
2024-11-25,15913103,576085679,36.5,35.6,36.3,0.45,5533,2408,36.25
2024-11-26,7747989,279457421,36.7,35.65,35.8,-0.5,5350,2408,36.2
2024-11-27,10414006,366761951,36.1,34.95,34.95,-0.85,5886,2408,35.8
2024-11-28,22429391,757946077,34.85,33.4,33.75,-1.2,10564,2408,34.8
2024-11-29,23639962,785173212,33.65,32.95,33.45,-0.3,10452,2408,33.55
2024-12-02,17919109,599946974,34.4,33.0,33.05,-0.4,7900,2408,33.8
2024-12-03,16089060,538428432,33.8,33.0,33.8,0.75,7338,2408,33.55
2024-12-04,14152137,475037919,34.3,33.1,33.25,-0.55,7583,2408,33.9
2024-12-05,9192159,304882347,33.65,33.0,33.0,-0.25,5020,2408,33.45
2024-12-06,9429099,314365289,33.85,33.05,33.15,0.15,4824,2408,33.2
2024-12-09,12982746,424668098,33.65,32.4,32.5,-0.65,7089,2408,33.65
2024-12-10,11322112,368902816,33.35,32.05,32.3,-0.2,5980,2408,32.6
2024-12-11,26585899,819585540,31.8,30.25,30.5,-1.8,13352,2408,31.75
2024-12-12,12983934,402822243,31.45,30.65,30.9,0.4,6823,2408,30.65
2024-12-13,20737199,614172652,30.3,29.2,29.4,-1.5,11048,2408,30.2
2024-12-16,35316633,1028989733,29.95,28.8,28.8,-0.6,10016,2408,29.7
2024-12-17,34188242,1046015939,31.6,29.7,30.75,1.95,15790,2408,30.0
2024-12-18,28832845,915064251,32.45,30.8,32.2,1.45,13359,2408,31.1
2024-12-19,31927551,1024836316,33.35,31.0,31.85,-0.35,14843,2408,31.3
2024-12-20,17874435,550817233,31.4,30.4,30.4,-1.45,8596,2408,31.25
2024-12-23,13856149,432589469,32.1,30.8,31.0,0.6,6415,2408,31.0
2024-12-24,16028105,512542669,32.7,31.2,31.9,0.9,8828,2408,31.2
2024-12-25,9875400,309871388,32.1,31.1,31.2,-0.7,5262,2408,32.1
2024-12-26,7365083,228441666,31.8,30.7,30.7,-0.5,3907,2408,31.2
2024-12-27,5670157,173462173,31.1,30.3,30.8,0.1,3270,2408,31.1
2024-12-30,8705077,261293130,30.5,29.75,29.75,-1.05,4832,2408,30.5
2024-12-31,14628298,425502030,29.5,28.8,29.25,-0.5,6782,2408,29.4
2025-01-02,11193940,320613394,29.15,28.4,28.45,-0.8,6537,2408,29.1
2025-01-03,15271916,431405027,29.3,27.6,27.65,-0.8,8051,2408,28.55
2025-01-06,19122475,532618195,28.4,27.6,27.6,-0.05,8402,2408,28.05
2025-01-07,41521324,1184846989,29.9,27.8,28.4,0.8,17917,2408,28.8
2025-01-08,21770674,605176064,28.75,27.35,27.45,-0.95,10816,2408,28.55
2025-01-09,31125418,818503878,27.1,25.75,25.75,-1.7,13525,2408,27.1
2025-01-10,21576966,564628001,26.8,25.7,25.95,0.2,8567,2408,25.75
2025-01-13,22593776,569633388,26.0,24.7,25.4,-0.55,10068,2408,25.75
2025-01-14,22426075,582865888,26.65,25.5,26.65,1.25,7670,2408,25.7
2025-01-15,26117024,716965380,28.25,26.0,28.0,1.35,11940,2408,26.35
2025-01-16,48191579,1403796773,30.1,28.0,28.85,0.85,19550,2408,28.0
2025-01-17,18817738,551210412,29.7,29.0,29.55,0.7,9140,2408,29.05
2025-01-20,22774036,688173126,30.8,29.1,30.8,1.25,10322,2408,29.85
2025-01-21,14872547,447353717,30.55,29.6,30.0,-0.8,7953,2408,30.5
2025-01-22,12270531,368668934,30.45,29.8,30.1,0.1,4913,2408,30.4
2025-02-03,26680370,749641454,29.55,27.4,27.95,-2.15,11453,2408,29.0
2025-02-04,13771345,377369076,28.2,27.15,27.25,-0.7,6369,2408,28.2
2025-02-05,8406328,231312773,27.75,27.3,27.5,0.25,4050,2408,27.55
2025-02-06,10063022,277460572,27.9,27.25,27.75,0.25,4247,2408,27.6
2025-02-07,10455761,297624777,28.85,27.6,28.8,1.05,5677,2408,27.95
2025-02-10,7454238,209171431,28.5,27.85,28.0,-0.8,3978,2408,28.5
2025-02-11,9372066,262314410,28.65,27.6,27.6,-0.4,4667,2408,28.3
2025-02-12,13046135,365015062,28.35,27.5,27.9,0.3,5216,2408,27.5
2025-02-13,29711896,879586550,30.65,27.4,30.65,2.75,11197,2408,27.55
2025-02-14,86058631,2736931104,33.55,29.6,32.3,1.65,37136,2408,31.0
2025-02-17,61618182,2061386093,34.6,31.85,34.35,2.05,31657,2408,32.45
2025-02-18,70572131,2504601826,36.65,33.65,35.6,1.25,33858,2408,34.35
2025-02-19,75445186,2879770249,39.15,36.0,39.15,3.55,30775,2408,36.1
2025-02-20,166562657,6446231794,40.3,37.3,38.8,-0.35,58987,2408,40.3
2025-02-21,145228359,5819323562,42.55,37.6,41.45,2.65,58222,2408,38.4
2025-02-24,65649173,2683007108,41.9,40.25,40.85,-0.6,26376,2408,40.45
2025-02-25,133452391,5572050976,43.9,38.95,42.9,2.05,60953,2408,39.8
2025-02-26,67742649,2853936204,42.95,41.35,41.4,-1.5,34863,2408,42.5
2025-02-27,203772618,8019149142,42.5,38.65,38.65,-2.75,41019,2408,41.6
2025-03-03,77908408,2968457090,39.65,37.2,37.75,-0.9,31713,2408,38.1
2025-03-04,42083559,1567410518,38.15,36.4,38.1,0.35,19278,2408,37.4
2025-03-05,32269338,1230057384,38.7,37.55,38.3,0.2,15119,2408,38.05
2025-03-06,30773477,1154008495,38.3,36.8,36.8,-1.5,15445,2408,38.2
2025-03-07,92611780,3620786842,40.45,36.6,39.95,3.15,42797,2408,36.8
2025-03-10,108106112,4280494474,40.75,38.5,39.35,-0.6,51625,2408,40.5
2025-03-11,40539423,1530355599,38.3,37.25,38.0,-1.35,20961,2408,38.05
2025-03-12,101910418,4074946249,41.4,37.6,40.55,2.55,44812,2408,37.95
2025-03-13,151407976,6417244548,43.85,41.0,41.6,1.05,75036,2408,41.05
2025-03-14,93718976,3946490583,43.2,40.75,43.0,1.4,46638,2408,42.1
2025-03-17,93264786,4057458903,44.9,42.25,42.45,-0.55,44471,2408,43.5
2025-03-18,54891042,2308720670,43.2,41.25,41.35,-1.1,26852,2408,42.85
2025-03-19,84289270,3600403745,43.8,41.5,42.25,0.9,40321,2408,41.8
2025-03-20,153168715,6817835349,46.05,42.6,46.05,3.8,68360,2408,43.0
2025-03-21,96601004,4347740370,45.9,43.85,44.6,-1.45,46802,2408,45.8
2025-03-24,66183075,2865967215,45.0,42.3,42.3,-2.3,32791,2408,44.6
2025-03-25,47991748,1996436539,43.5,40.65,40.65,-1.65,25162,2408,43.0
2025-03-26,48705435,2047757112,42.9,41.0,41.7,1.05,22246,2408,41.0
2025-03-27,49402746,2095374484,43.35,41.5,42.0,0.3,24411,2408,41.5
2025-03-28,35898538,1478471595,42.65,40.2,40.3,-1.7,19393,2408,42.45
2025-03-31,43507998,1640108053,38.8,37.05,37.4,-2.9,20740,2408,37.5
2025-04-01,36040403,1365005147,38.35,37.35,38.3,0.9,16638,2408,37.7
2025-04-02,56269950,2242093180,41.75,37.7,41.1,2.8,25893,2408,38.1
2025-04-07,12521778,463305786,37.0,37.0,37.0,-4.1,2700,2408,37.0
2025-04-08,67787477,2345745740,37.0,33.3,33.55,-3.45,25213,2408,34.9
2025-04-09,45411447,1408760209,32.6,30.2,30.2,-3.35,18804,2408,31.5
2025-04-10,7839275,260263895,33.2,33.2,33.2,3.0,2350,2408,33.2
2025-04-11,78901108,2565969085,33.85,30.0,33.0,-0.2,37193,2408,30.85
2025-04-14,63418827,2220773658,36.0,33.85,35.2,2.2,30771,2408,33.85
2025-04-15,65479539,2307105949,36.8,34.5,34.55,-0.65,37014,2408,35.85
2025-04-16,60532868,2031767248,35.05,32.6,32.75,-1.8,30916,2408,34.3
2025-04-17,65164290,2104796989,33.6,31.65,32.1,-0.65,27042,2408,32.95
2025-04-18,111705373,3853706829,35.3,32.0,35.3,3.2,30236,2408,32.2
2025-04-21,210439788,7784273442,38.8,35.05,38.8,3.5,74474,2408,35.35
2025-04-22,296891279,11757022357,41.2,38.2,39.35,0.55,119460,2408,39.2
2025-04-23,224992356,8958573562,41.8,38.45,38.6,-0.75,95087,2408,41.0
2025-04-24,133304712,5096531744,39.45,36.95,37.4,-1.2,51810,2408,38.45
2025-04-25,115438840,4346588729,38.9,36.85,37.0,-0.4,50318,2408,38.4
2025-04-28,43183312,1601900990,37.7,36.6,37.1,0.1,20117,2408,37.55
2025-04-29,47483229,1772648903,37.9,37.0,37.2,0.1,19246,2408,37.4
2025-04-30,49299825,1805979358,37.7,35.9,36.0,-1.2,21248,2408,37.35
2025-05-02,31145675,1120995052,36.65,35.65,35.65,-0.35,14161,2408,36.45
2025-05-05,46975609,1624355401,36.05,33.5,34.25,-1.4,19416,2408,35.75
2025-05-06,49421184,1735882924,35.85,34.1,35.4,1.15,21330,2408,34.4
2025-05-07,28671524,1004044966,35.85,34.6,34.65,-0.75,13187,2408,35.8
2025-05-08,42245471,1496333898,36.3,34.9,34.95,0.3,17773,2408,35.15
2025-05-09,33705794,1160829844,35.4,34.05,34.35,-0.6,14758,2408,35.15
2025-05-12,69600335,2522034708,37.5,34.3,37.2,2.85,32447,2408,34.65
2025-05-13,147390211,5857822771,40.9,37.8,40.9,3.7,60665,2408,39.45
2025-05-14,260759751,11203078168,44.95,40.35,44.95,4.05,94900,2408,41.65
2025-05-15,215742286,9780055458,46.2,44.4,45.3,0.35,90950,2408,45.45
2025-05-16,126807035,5784016719,46.6,44.7,45.65,0.35,51872,2408,45.3
2025-05-19,88048148,3937848631,46.0,43.8,43.95,-1.7,38962,2408,45.65
2025-05-20,125634172,5598850773,45.8,43.5,45.25,1.3,48673,2408,44.4
2025-05-21,118976961,5284548351,46.3,43.35,43.65,-1.6,49936,2408,45.4
2025-05-22,68745572,2948279368,43.8,42.1,42.85,-0.8,26557,2408,43.4
2025-05-23,60853818,2620897145,43.75,42.55,42.55,-0.3,25460,2408,43.15
2025-05-26,58152903,2446862475,43.0,41.2,42.8,0.25,23902,2408,42.65
2025-05-27,46122338,1941669412,43.1,41.6,41.95,-0.85,20326,2408,42.5
2025-05-28,117457696,5054215016,44.8,41.35,41.7,-0.25,46900,2408,43.65
2025-05-29,164662019,7278300671,45.85,42.2,45.55,3.85,70904,2408,42.45
2025-06-02,122785870,5484414740,45.8,43.1,45.8,0.25,54937,2408,45.1
2025-06-03,149082580,6806935242,46.95,44.6,45.85,0.05,59250,2408,46.05
2025-06-04,228816694,11068446203,50.3,45.7,49.25,3.4,95181,2408,46.3
2025-06-05,220404931,11486084026,53.9,49.3,52.5,3.25,94188,2408,50.1
2025-06-06,161087028,8450672474,53.6,51.6,52.0,-0.5,62253,2408,52.6
2025-06-09,116497517,6088138395,54.0,51.3,51.7,-0.3,46113,2408,52.8
2025-06-10,152748796,8265442470,55.3,52.4,54.3,2.6,67476,2408,52.8
2025-06-11,117280175,6268531954,55.3,52.1,52.7,-1.6,72548,2408,55.2
2025-06-12,81256150,4326136197,54.2,51.7,54.1,1.4,33728,2408,52.5
2025-06-13,106796704,5738060556,55.2,52.5,53.5,-0.6,52590,2408,53.6
2025-06-16,131943382,7115672150,55.7,52.6,52.9,-0.6,54433,2408,54.6
2025-06-17,73229269,3945392900,54.4,53.4,53.8,0.9,29384,2408,53.5
2025-06-18,182835587,10556059986,59.1,54.7,59.1,5.3,64652,2408,54.8
2025-06-19,235233977,14183653690,61.5,58.9,60.4,1.3,101246,2408,60.5
2025-06-20,150606170,8915752669,60.9,57.4,58.9,-1.5,58030,2408,60.5
2025-06-23,96552674,5647141804,59.4,57.3,58.4,-0.5,39212,2408,57.8
2025-06-24,192564170,11044915865,59.9,54.4,56.7,-1.7,82163,2408,59.7
2025-06-25,137251151,7747024252,58.4,54.9,55.0,-1.7,60523,2408,56.6
2025-06-26,136818562,7482904073,56.4,53.5,53.9,-1.1,50642,2408,55.3
2025-06-27,89191262,4784071296,55.2,52.9,53.1,-0.8,35360,2408,54.8
2025-06-30,74175534,3862575554,53.7,51.0,51.2,-1.9,29424,2408,53.5
2025-07-01,107628711,5427896027,52.3,49.4,49.5,-1.7,46733,2408,51.9
2025-07-02,127779362,6345467638,51.1,48.35,49.45,-0.05,55628,2408,49.8
2025-07-03,104238892,5241345844,51.0,49.3,50.6,1.15,40207,2408,49.9
2025-07-04,135338728,6627755421,51.2,47.7,48.45,-2.15,56559,2408,51.0
2025-07-07,66059789,3211536513,49.3,47.8,48.9,0.45,28194,2408,48.5
2025-07-08,70051738,3391517083,49.2,47.85,48.5,-0.4,29762,2408,48.65
2025-07-09,47172849,2283616620,48.85,47.95,48.4,-0.1,18425,2408,48.6
2025-07-10,71747685,3409188587,48.6,47.0,47.15,-1.25,28861,2408,48.5
2025-07-11,134889618,5871573901,46.35,42.5,42.95,-4.2,60277,2408,46.0
2025-07-14,64343369,2779693728,43.65,42.55,43.4,0.45,26143,2408,42.8
2025-07-15,85640177,3606676167,43.4,41.3,41.75,-1.65,37593,2408,43.15
2025-07-16,49275682,2055201559,42.25,41.35,41.4,-0.35,21733,2408,42.0
2025-07-17,107838585,4633952020,44.2,41.25,43.1,1.7,45739,2408,41.4
2025-07-18,55679763,2373421856,43.55,42.0,42.25,-0.85,24198,2408,43.4
2025-07-21,32786842,1376179308,42.6,41.55,41.95,-0.3,14692,2408,42.4
2025-07-22,45012830,1849424268,42.35,40.2,40.55,-1.4,20507,2408,42.05
2025-07-23,75965064,3236153646,43.45,41.0,43.05,2.5,30603,2408,41.05
2025-07-24,78163561,3360942113,44.1,42.0,43.0,-0.05,33329,2408,44.05
2025-07-25,41315347,1788728774,43.75,42.8,43.25,0.25,17501,2408,42.9
2025-07-28,36354582,1575447252,43.8,42.6,43.3,0.05,15808,2408,43.55
2025-07-29,33516080,1431864396,43.75,42.15,42.2,-1.1,14770,2408,43.0
2025-07-30,86797131,3855150573,45.8,42.1,44.9,2.7,42363,2408,42.3
2025-07-31,74110049,3296367498,45.5,43.6,44.55,-0.35,32618,2408,44.9
2025-08-01,43114380,1898570315,44.75,42.3,44.45,-0.1,20217,2408,43.05
2025-08-04,30716389,1345057203,44.6,43.1,43.75,-0.7,13180,2408,43.65
2025-08-05,49796978,2235139762,45.8,44.3,44.4,0.65,23598,2408,44.5
2025-08-06,28802563,1260452641,44.6,43.35,43.35,-1.05,16567,2408,44.6
2025-08-07,57758616,2455261643,43.7,42.1,42.2,-1.15,25004,2408,43.35
2025-08-08,94684747,4224206392,46.2,42.45,43.95,1.75,42968,2408,42.5
2025-08-11,54973787,2440996010,45.4,43.8,43.8,-0.15,32296,2408,45.1
2025-08-12,107010806,5045311325,47.95,45.05,47.45,3.65,50669,2408,45.05
2025-08-13,99339905,4703767191,49.1,46.0,46.05,-1.4,49272,2408,48.75
2025-08-14,36332995,1681905635,47.15,45.55,46.35,0.3,17428,2408,46.1
2025-08-15,61881796,2908992107,48.25,45.4,48.0,1.65,28611,2408,46.35
2025-08-18,61333443,2919871873,48.4,47.1,47.35,-0.65,29365,2408,47.5
2025-08-19,49762321,2324647115,48.3,45.7,45.75,-1.6,22768,2408,47.7
2025-08-20,40840948,1831750859,46.15,44.05,44.55,-1.2,18430,2408,45.25
2025-08-21,32445785,1493858073,46.75,44.75,46.45,1.9,16277,2408,44.85
2025-08-22,20878785,952169636,46.35,45.0,45.35,-1.1,11294,2408,46.1
2025-08-25,46093614,2175877264,47.9,46.25,46.95,1.6,21476,2408,46.3
2025-08-26,21769684,1022126752,47.55,46.25,47.45,0.5,14370,2408,46.8
2025-08-27,38564515,1840135061,48.3,47.15,47.8,0.35,16911,2408,47.5
2025-08-28,25010560,1179464964,48.0,46.65,46.65,-1.15,15399,2408,48.0
2025-08-29,84741007,4093178878,50.3,47.0,47.0,0.35,36842,2408,47.7
2025-09-01,27786909,1298122711,47.5,45.85,46.75,-0.25,15138,2408,46.85
2025-09-02,30642714,1412069299,47.3,45.2,45.65,-1.1,15500,2408,47.3
2025-09-03,38198651,1790245873,47.85,46.05,46.35,0.7,19390,2408,46.25
2025-09-04,78540787,3814446569,49.65,47.6,48.2,1.85,36941,2408,48.8
2025-09-05,162013609,8401615241,53.0,49.1,53.0,4.8,66314,2408,49.4
2025-09-08,331104845,18290503451,58.3,51.8,53.5,0.5,119749,2408,57.8
2025-09-09,118505197,6439181597,55.9,52.8,53.9,0.4,55978,2408,53.5
2025-09-10,98707440,5424041701,56.0,54.0,54.4,0.5,48861,2408,54.6
2025-09-11,168155667,9597927400,59.0,55.4,56.5,2.1,68583,2408,55.5
2025-09-12,187210685,10893844812,60.5,55.5,57.4,0.9,86054,2408,59.3
2025-09-15,254694617,15523049646,63.1,57.4,63.1,5.7,106570,2408,60.1
2025-09-16,443163507,29870846020,69.4,63.6,69.2,6.1,163863,2408,65.0
2025-09-17,353614328,24963686986,73.7,67.7,73.3,4.1,163455,2408,69.2
2025-09-18,340363102,26650040314,80.0,75.3,80.0,6.7,156149,2408,76.0
2025-09-19,219078657,17479343835,81.4,78.6,79.2,-0.8,100458,2408,81.0
2025-09-22,212268465,17217434213,84.5,78.9,80.8,1.6,101441,2408,79.3
2025-09-23,46967368,3752421482,81.0,78.3,81.0,0.2,26914,2408,80.8
2025-09-24,46123209,3529868142,80.2,75.0,76.0,-5.0,27364,2408,80.2
2025-09-25,26404083,2020943922,78.4,74.3,76.6,0.6,16138,2408,74.3
2025-09-26,45605620,3261201419,75.0,70.1,71.0,-5.6,25211,2408,75.0
2025-09-30,31158952,2292574617,75.0,72.5,73.0,2.0,15791,2408,73.5
2025-10-01,26053794,1975256987,76.9,73.2,76.2,3.2,16375,2408,73.2
2025-10-02,32987374,2645311545,81.2,79.2,79.7,3.5,20040,2408,81.2
2025-10-03,47766544,3916666785,83.0,79.3,83.0,3.3,28084,2408,79.9
2025-10-07,52179282,4697156692,91.2,87.2,91.2,8.2,30664,2408,87.2
2025-10-08,41561491,3674500278,91.2,85.7,90.8,-0.4,24452,2408,88.4
2025-10-09,219259632,21282755179,99.8,92.0,98.5,7.7,128102,2408,96.7
2025-10-13,177182917,16957065041,98.5,93.0,95.6,-2.9,88995,2408,93.5
2025-10-14,371601393,34957584262,101.0,87.1,89.1,-6.5,213742,2408,98.1
2025-10-15,184866513,16373897308,91.5,85.0,86.3,-2.8,111623,2408,91.1
2025-10-16,139293308,13102584977,94.9,89.2,94.9,8.6,43086,2408,89.2
2025-10-17,264907109,26846236201,104.0,98.0,104.0,9.1,119591,2408,98.3
2025-10-20,216252568,23062498152,110.0,104.0,107.0,3.0,116478,2408,108.0
2025-10-21,105119091,11208661844,109.5,104.0,105.5,-1.5,55878,2408,107.0
2025-10-22,104796480,11181182185,111.0,102.0,110.0,4.5,52556,2408,103.0
2025-10-23,109837450,11917436052,111.0,106.0,109.5,-0.5,53814,2408,108.5
2025-10-27,27957079,3354849480,120.0,120.0,120.0,10.5,14978,2408,120.0
2025-10-28,220692840,28241553843,131.5,123.0,130.0,10.0,114527,2408,124.0
2025-10-29,194530568,25581052285,136.5,125.5,133.0,3.0,105822,2408,132.0
2025-10-30,174638893,23501288418,139.0,130.5,134.5,1.5,100437,2408,134.5
2025-10-31,124717002,16312243925,134.0,127.5,132.5,-2.0,67474,2408,133.5
2025-11-03,169158183,23711117786,145.5,135.0,137.0,4.5,92239,2408,136.0
2025-11-04,152507836,21020907507,143.0,131.0,131.5,-5.5,81248,2408,141.0
2025-11-05,244967950,32340958805,140.5,122.0,138.0,6.5,117854,2408,122.0
2025-11-06,276959366,40134430222,149.0,139.0,148.0,10.0,135776,2408,142.0
2025-11-07,233103202,34735609412,153.5,145.0,147.0,-1.0,130434,2408,148.5
2025-11-10,180212057,28260748677,161.5,151.0,161.5,14.5,93933,2408,153.0
2025-11-11,286107518,48049633690,172.5,164.0,164.5,3.0,159604,2408,167.5
2025-11-12,192259424,31239059130,166.5,158.0,163.0,-1.5,114810,2408,160.0
2025-11-13,363056591,60642579958,178.5,156.5,163.5,0.5,210417,2408,164.5
2025-11-14,219349095,34390306502,162.0,150.5,158.5,-5.0,130949,2408,156.0
2025-11-17,188655297,31773230419,172.5,164.0,166.5,8.0,100173,2408,170.0
2025-11-18,192854043,31357278408,168.0,156.0,160.5,-6.0,102353,2408,165.0
2025-11-19,153622899,24398003873,162.5,154.0,160.0,-0.5,89924,2408,156.5
2025-11-20,405613000,63205412496,169.5,144.5,155.5,-4.5,212636,2408,169.5
2025-11-21,134957835,19109788240,145.0,140.0,140.0,-15.5,72844,2408,141.5
2025-11-24,177387374,25274460444,145.5,138.5,143.0,3.0,81963,2408,141.0
2025-11-25,195798197,29035785562,156.0,142.0,143.5,0.5,92887,2408,153.5
2025-11-26,165577185,22771540062,145.5,133.0,136.5,-7.0,89332,2408,142.5
2025-11-27,140139975,20076800905,146.0,139.5,146.0,9.5,78550,2408,141.5
2025-11-28,109499388,16022753648,149.5,142.5,146.0,0.0,56449,2408,146.0
2025-12-01,97816970,14504940820,152.0,144.0,149.5,3.5,55535,2408,147.0
2025-12-02,122170507,18171758132,152.5,144.5,149.5,0.0,59064,2408,152.5
2025-12-03,200254754,30627152986,158.0,148.0,151.0,1.5,101244,2408,153.0
2025-12-04,135892677,20340541956,152.5,145.5,151.0,0.0,72025,2408,151.0
2025-12-05,141034633,21299040991,156.0,146.5,153.0,2.0,69620,2408,150.5
2025-12-08,48697439,7791605764,163.5,156.0,163.5,10.5,37572,2408,156.0
2025-12-09,27319281,4409973114,165.0,159.0,162.0,-1.5,22607,2408,165.0
2025-12-10,26800283,4220514361,162.5,155.0,156.0,-6.0,24049,2408,162.0
2025-12-11,15169179,2387423657,160.0,156.0,156.0,0.0,13168,2408,160.0
2025-12-12,26669665,4283683150,162.0,158.0,162.0,6.0,22986,2408,158.0
2025-12-15,17448943,2801837180,163.0,156.0,162.5,0.5,15143,2408,157.0
2025-12-16,25043527,3944993985,161.0,154.5,158.0,-4.5,23135,2408,160.0
2025-12-17,30151093,4916932625,164.5,158.5,164.5,6.5,24419,2408,160.5
2025-12-18,40687506,6829411532,171.0,164.5,170.0,5.5,32932,2408,164.5
2025-12-19,38432181,6696526541,177.0,170.0,174.5,4.5,33019,2408,177.0
2025-12-22,156426861,28532331047,186.0,178.5,180.0,5.5,85053,2408,184.5
2025-12-23,74676446,13288033868,181.5,176.0,176.5,-3.5,50113,2408,181.0
2025-12-24,118963502,21761126886,190.0,175.0,189.0,12.5,76870,2408,177.5
2025-12-26,78418819,14843503286,191.5,187.0,189.0,0.0,51034,2408,190.5
2025-12-29,72720023,13680899804,191.0,184.5,188.5,-0.5,63246,2408,189.5
2025-12-30,152110265,29625238629,200.0,189.0,194.5,6.0,107014,2408,189.0
2025-12-31,115478826,22500427783,201.0,189.5,193.0,-1.5,69855,2408,196.5
2026-01-02,138960869,27966612651,208.5,191.0,207.0,14.0,93081,2408,192.5
2026-01-05,114428383,23897718926,213.0,206.5,208.0,1.0,63085,2408,211.0
2026-01-06,154970722,34552758206,228.5,213.0,228.5,20.5,115992,2408,214.0
2026-01-07,166211293,39945993492,248.0,230.0,241.0,12.5,104140,2408,242.0
2026-01-08,90272147,21876191274,247.0,237.0,241.5,0.5,53253,2408,239.5
2026-01-09,21095873,4673757350,233.0,217.5,217.5,-24.0,18973,2408,233.0
2026-01-12,15870590,3660092159,239.0,222.0,239.0,21.5,12065,2408,225.5
2026-01-13,11040441,2560460072,245.0,224.5,230.0,-9.0,11082,2408,245.0
2026-01-14,10586482,2467400590,236.5,225.0,236.5,6.5,6694,2408,225.0
2026-01-15,7581987,1808965459,242.5,235.5,237.5,1.0,5016,2408,235.5
2026-01-16,16081545,4023609597,255.0,244.5,250.0,12.5,12257,2408,244.5
2026-01-19,13083599,3591033552,275.0,270.0,275.0,25.0,9892,2408,270.0
2026-01-20,27036020,7051473340,274.0,247.5,272.0,-3.0,19166,2408,247.5
2026-01-21,28926625,7279068721,267.0,245.0,251.0,-21.0,20928,2408,266.0
2026-01-22,22556646,6083794449,276.0,262.0,266.5,15.5,15327,2408,270.0
2026-01-23,167399779,45412500149,282.5,256.0,271.5,5.0,107042,2408,275.0
2026-01-26,112336106,31970213309,295.0,274.5,286.0,14.5,75291,2408,279.5
2026-01-27,76875660,21559552495,286.0,274.0,277.0,-9.0,62574,2408,283.0
2026-01-28,118256822,34646841366,299.5,285.0,297.0,20.0,105377,2408,288.0
2026-01-29,128064431,38543701667,313.0,287.0,297.0,0.0,105432,2408,306.0
2026-01-30,127839132,40403420894,326.5,303.5,326.5,29.5,99765,2408,303.5
2026-02-02,99879925,29977011614,310.0,294.0,294.0,-32.5,96807,2408,310.0
2026-02-03,177860167,51267904086,314.5,265.0,277.5,-16.5,157880,2408,312.0
2026-02-04,102753596,29469033612,298.0,273.5,295.0,17.5,100434,2408,279.5
2026-02-05,88050378,24470488956,286.0,269.0,275.0,-20.0,87437,2408,282.0
2026-02-06,133131168,34838843909,277.5,251.0,264.0,-11.0,91731,2408,260.0
2026-02-09,88633773,24592767221,283.0,269.0,274.5,10.5,79537,2408,282.5
2026-02-10,96717244,26293104289,281.0,263.5,271.0,-3.5,84126,2408,276.5
2026-02-11,91754473,25248458155,281.0,264.5,278.0,7.0,64005,2408,266.5
2026-02-23,92665480,27145542238,298.5,286.5,289.0,11.0,79481,2408,295.0
2026-02-24,94108231,27773122221,303.0,286.0,298.0,9.0,81299,2408,292.0
2026-02-25,68339903,19651509022,298.0,283.0,288.0,-10.0,78014,2408,298.0
2026-02-26,65835407,18730098462,291.5,277.0,285.5,-2.5,52949,2408,290.0
2026-03-02,53402138,15058681450,291.0,267.5,285.0,-0.5,49109,2408,268.0
2026-03-03,90115002,23960559884,288.0,256.5,256.5,-28.5,87905,2408,287.0
2026-03-04,106985500,25341542026,246.5,231.0,234.5,-22.0,76239,2408,238.0
2026-03-05,21495563,5535106842,257.5,257.5,257.5,23.0,11659,2408,257.5
2026-03-06,161663082,39665984073,262.0,232.5,233.0,-24.5,128758,2408,259.0
2026-03-09,22142051,4649830710,210.0,210.0,210.0,-23.0,33278,2408,210.0
2026-03-10,115081371,25826218674,231.0,215.0,231.0,21.0,71923,2408,220.0
2026-03-11,90316151,22598240503,254.0,240.0,254.0,23.0,50803,2408,245.0
2026-03-12,152212129,37804144695,261.5,239.0,239.5,-14.5,119132,2408,257.0
2026-03-13,95267222,22842696759,245.5,235.0,238.0,-1.5,69195,2408,237.5
2026-03-16,93491414,23972661595,261.5,245.5,261.5,23.5,71279,2408,247.0
2026-03-17,132621447,36484096132,284.5,266.5,271.5,10.0,93539,2408,267.0
2026-03-18,102342490,28659751368,288.5,271.5,276.0,4.5,82497,2408,284.5
2026-03-19,84244597,22281324233,272.5,260.0,260.0,-16.0,82631,2408,268.5
2026-03-20,159686881,38541047423,264.5,234.0,234.0,-26.0,155620,2408,264.5
2026-03-23,78708847,17541630989,230.0,217.5,223.0,-11.0,67346,2408,217.5
2026-03-24,149698558,32051988722,227.0,204.0,216.5,-6.5,106374,2408,226.5
2026-03-25,97313083,21887158782,229.5,218.5,226.5,10.0,69050,2408,226.5
2026-03-26,185144097,44151062439,249.0,225.0,225.5,-1.0,125715,2408,249.0
2026-03-27,133271176,28518129664,220.0,207.0,219.5,-6.0,96100,2408,217.0
2026-03-30,125717079,27799385503,227.0,213.5,220.5,1.0,79945,2408,215.0
2026-03-31,147689561,29884282717,210.0,198.5,198.5,-22.0,116397,2408,207.5
2026-05-04,144354307,33090084460,237.0,217.0,237.0,21.5,90185,2408,223.0
2026-05-05,207567196,52287102259,259.0,242.5,256.5,19.5,152583,2408,243.0
2026-05-06,149468917,41976574062,282.0,270.5,282.0,25.5,94252,2408,282.0
2026-05-07,197355586,56847178802,296.0,278.0,287.0,5.0,148175,2408,293.0
2026-05-08,130863185,35916310367,289.0,260.0,274.0,-13.0,116318,2408,282.0
2026-05-11,108987498,32695136671,301.0,296.0,301.0,27.0,76500,2408,300.5
2026-05-12,217595653,68140168347,325.0,301.0,321.0,20.0,154695,2408,312.5
2026-05-13,106103420,33107146624,322.5,303.0,321.0,0.0,96741,2408,311.5
2026-05-14,181771498,62955324296,353.0,335.5,341.0,20.0,135150,2408,342.5
2026-05-15,160442326,51559971288,334.5,308.5,311.5,-29.5,157539,2408,330.5
2026-05-18,117077708,34848943740,309.0,287.0,305.0,-6.5,102174,2408,300.0
2026-05-19,118906988,33486284188,295.0,274.5,274.5,-30.5,125786,2408,291.5
2026-05-20,123868197,34285119840,285.0,265.5,275.0,0.5,95865,2408,279.5
2026-05-21,149826596,43245094529,295.0,280.0,293.0,18.0,115113,2408,291.5
2026-05-22,157819181,49097892683,321.0,296.0,310.5,17.5,126835,2408,299.5
2026-05-25,155862832,46339036561,303.5,288.0,296.0,-14.5,158466,2408,295.0
2026-05-26,152949355,46543796893,314.0,295.5,303.5,7.5,117437,2408,300.5
2026-05-27,206216639,66247740234,333.5,306.0,312.0,8.5,156396,2408,333.0
2026-05-28,226715301,74036809070,339.0,306.0,324.0,12.0,190239,2408,310.0
2026-05-29,140975644,48771147023,351.5,338.5,347.0,23.0,107092,2408,347.5
2026-06-01,129059908,48664627382,381.5,359.5,381.5,34.5,86076,2408,362.0
2026-06-02,171631936,70374287100,419.5,395.0,419.5,38.0,131859,2408,401.0
2026-06-03,151116427,62258657706,430.5,400.0,401.5,-18.0,147557,2408,430.0
2026-06-04,115749814,46111908202,409.5,392.0,395.0,-6.5,103258,2408,395.5
2026-06-05,121599979,43896148267,374.0,355.5,360.0,-35.0,130112,2408,370.0
2026-06-08,104497957,35072470566,348.0,324.0,339.5,-20.5,91854,2408,324.0
2026-06-09,99865292,35093184816,366.0,342.0,363.0,23.5,83355,2408,350.5
2026-06-10,99760905,34841236334,366.5,330.0,333.0,-30.0,97646,2408,351.5
2026-06-11,101519192,34490797306,353.5,325.0,340.0,7.0,84564,2408,336.0
2026-06-12,94572799,35160836564,374.0,365.0,374.0,34.0,71355,2408,368.5
2026-06-15,132122225,51911168309,399.5,382.0,395.5,21.5,101813,2408,391.0
2026-06-16,170526873,71330096492,432.5,396.0,425.0,29.5,145796,2408,402.5
2026-06-17,101278057,43196236781,437.0,412.0,437.0,12.0,93511,2408,415.0
2026-06-18,180896115,80554395206,459.5,427.5,459.5,22.5,146039,2408,443.5
2026-06-22,96419516,48012641721,505.0,480.0,505.0,45.5,84782,2408,484.0
2026-06-23,164235709,77273681198,500.0,454.5,454.5,-50.5,190559,2408,488.0
