date,capacity,turnover,high,low,close,change,transaction_volume,stock_code_id,open
2015-01-05,135611476,2279454915,17.3,16.0,17.3,1.1,19567,2409,16.05
2015-01-06,176689260,3062338089,17.6,17.1,17.2,-0.1,28743,2409,17.25
2015-01-07,180075856,3161581201,18.3,16.9,17.7,0.5,29734,2409,17.2
2015-01-08,191641996,3584296627,18.9,18.3,18.9,1.2,30927,2409,18.3
2015-01-09,155968744,2929077191,19.0,18.5,18.5,-0.4,24038,2409,19.0
2015-01-12,132566453,2480714953,19.15,18.35,18.35,-0.15,22724,2409,18.5
2015-01-13,75844973,1393653484,18.6,18.15,18.25,-0.1,14889,2409,18.4
2015-01-14,74983168,1383145312,18.7,18.25,18.3,0.05,14780,2409,18.35
2015-01-15,59877832,1095932138,18.6,18.15,18.15,-0.15,10534,2409,18.6
2015-01-16,93520803,1668798413,18.3,17.6,17.8,-0.35,16161,2409,18.2
2015-01-19,87548034,1620543816,18.75,18.25,18.5,0.7,16172,2409,18.3
2015-01-20,63654398,1180115272,18.75,18.25,18.6,0.1,11268,2409,18.5
2015-01-21,172904657,3038901914,18.3,17.3,17.3,-1.3,24860,2409,18.3
2015-01-22,179740782,3129546132,17.65,17.1,17.5,0.2,26495,2409,17.3
2015-01-23,80033518,1413665112,17.9,17.45,17.45,-0.05,12398,2409,17.85
2015-01-26,70200759,1256775748,18.15,17.5,18.0,0.55,13327,2409,17.6
2015-01-27,100528520,1826318152,18.65,17.85,17.85,-0.15,17067,2409,18.4
2015-01-28,69193422,1244886772,18.2,17.85,18.2,0.35,11912,2409,17.85
2015-01-29,97314764,1785701600,18.5,18.15,18.45,0.25,16053,2409,18.25
2015-01-30,250329908,4357990456,17.75,17.2,17.3,-1.15,34726,2409,17.7
2015-02-02,164746745,2776895599,17.25,16.6,16.65,-0.65,25541,2409,17.1
2015-02-03,165779652,2724956692,17.2,16.7,17.2,0.55,17674,2409,16.75
2015-02-04,102847605,1714373074,17.4,16.85,16.9,-0.3,12843,2409,17.35
2015-02-05,48209003,813041995,17.0,16.7,17.0,0.1,10149,2409,16.9
2015-02-06,53668704,902635632,17.25,17.0,17.2,0.2,8408,2409,17.25
2015-02-09,54356907,924125114,17.3,17.05,17.25,0.05,8250,2409,17.3
2015-02-10,76810938,1289491826,17.3,16.55,16.8,-0.45,15108,2409,17.25
2015-02-11,87026805,1484796203,17.25,16.85,16.95,0.15,13378,2409,17.0
2015-02-12,37633457,640403705,17.15,16.9,17.05,0.1,7134,2409,17.15
2015-02-13,63011212,1087146176,17.4,17.1,17.4,0.35,13428,2409,17.15
2015-02-24,128491771,2160894442,17.35,16.5,16.6,-0.8,22510,2409,17.35
2015-02-25,84547799,1394182990,16.7,16.35,16.6,0.0,15954,2409,16.6
2015-02-26,43005668,716474954,16.8,16.55,16.55,-0.05,8483,2409,16.6
2015-03-02,168114190,2637787067,16.55,15.4,15.45,-1.1,29947,2409,16.55
2015-03-03,96615227,1504880600,15.75,15.35,15.65,0.2,18442,2409,15.5
2015-03-04,63287213,984327536,15.7,15.4,15.7,0.05,10735,2409,15.45
2015-03-05,69461410,1079928696,15.75,15.4,15.45,-0.25,11279,2409,15.65
2015-03-06,74807850,1144935244,15.45,15.15,15.45,0.0,12791,2409,15.25
2015-03-09,64538121,978279996,15.25,15.05,15.1,-0.35,12789,2409,15.15
2015-03-10,61917761,936581610,15.25,15.05,15.05,-0.05,11774,2409,15.1
2015-03-11,89206926,1348717038,15.25,14.85,15.15,0.1,15257,2409,14.95
2015-03-12,190498940,3019389340,16.2,15.25,16.0,0.85,31194,2409,15.3
2015-03-13,83597269,1331794796,16.05,15.8,15.8,-0.2,17069,2409,16.0
2015-03-16,104620273,1698737512,16.45,15.95,16.15,0.35,16635,2409,15.95
2015-03-17,81367468,1330163890,16.6,16.1,16.1,-0.05,12871,2409,16.5
2015-03-18,72638584,1175346988,16.3,16.0,16.2,0.1,11447,2409,16.25
2015-03-19,47611291,777280390,16.5,16.25,16.35,0.15,8303,2409,16.4
2015-03-20,74044557,1183842147,16.2,15.8,15.8,-0.55,10768,2409,16.2
2015-03-23,58644981,943470269,16.25,15.8,16.2,0.4,13408,2409,15.85
2015-03-24,42396042,685222835,16.35,16.05,16.15,-0.05,8132,2409,16.2
2015-03-25,40901330,652916115,16.25,15.8,15.85,-0.3,7282,2409,16.2
2015-03-26,76789641,1193242644,15.7,15.35,15.7,-0.15,10272,2409,15.6
2015-03-27,38141610,594739108,15.85,15.45,15.5,-0.2,7969,2409,15.8
2015-03-30,34144215,525869675,15.65,15.2,15.35,-0.15,6938,2409,15.5
2015-03-31,58777703,920757750,15.95,15.4,15.75,0.4,8252,2409,15.4
2015-04-01,78013220,1243012182,16.15,15.75,15.75,0.0,12621,2409,15.85
2015-04-02,42716261,674897772,15.9,15.65,15.8,0.05,7972,2409,15.85
2015-04-07,107379243,1643344158,15.85,15.1,15.2,-0.6,18234,2409,15.8
2015-04-08,84407793,1271598395,15.35,14.95,15.1,-0.1,13539,2409,15.0
2015-04-09,43859424,668850022,15.45,15.1,15.1,0.0,8049,2409,15.2
2015-04-10,82104433,1227660364,15.3,14.7,14.9,-0.2,12354,2409,15.3
2015-04-13,50786520,770646348,15.35,15.0,15.35,0.45,9155,2409,15.05
2015-04-14,54880400,839805169,15.45,15.15,15.25,-0.1,7982,2409,15.35
2015-04-15,55156074,831737987,15.25,14.95,15.1,-0.15,9127,2409,15.15
2015-04-16,27489810,416940449,15.25,15.1,15.15,0.05,5001,2409,15.1
2015-04-17,63148552,964878008,15.45,15.1,15.35,0.2,10541,2409,15.25
2015-04-20,73112689,1129669717,15.6,15.25,15.6,0.25,11207,2409,15.3
2015-04-21,158686792,2536215727,16.35,15.55,15.55,-0.05,22962,2409,15.9
2015-04-22,83902410,1284754102,15.55,15.15,15.15,-0.4,13330,2409,15.55
2015-04-23,78179990,1204043997,15.6,15.25,15.3,0.15,13934,2409,15.4
2015-04-24,124549035,1963679741,16.0,15.45,15.95,0.65,18459,2409,15.55
2015-04-27,88498391,1419050130,16.2,15.9,15.95,0.0,13377,2409,16.15
2015-04-28,87083444,1387980670,16.15,15.7,16.0,0.05,14003,2409,15.95
2015-04-29,149546555,2333704856,16.2,15.4,15.4,-0.6,22953,2409,16.15
2015-04-30,68632844,1062484241,15.6,15.3,15.45,0.05,10404,2409,15.5
2015-05-04,44934080,693751732,15.6,15.3,15.45,0.0,8907,2409,15.5
2015-05-05,27514029,425792593,15.55,15.35,15.45,0.0,4643,2409,15.55
2015-05-06,63209036,971889021,15.55,15.2,15.25,-0.2,9534,2409,15.45
2015-05-07,51022494,787540475,15.55,15.2,15.45,0.2,9325,2409,15.25
2015-05-08,50179396,764670563,15.45,15.1,15.2,-0.25,8802,2409,15.3
2015-05-11,48828628,746473296,15.5,15.1,15.3,0.1,10797,2409,15.4
2015-05-12,25619222,388350576,15.25,15.05,15.15,-0.15,6413,2409,15.05
2015-05-13,33036918,506598498,15.45,15.1,15.45,0.3,6258,2409,15.15
2015-05-14,38635429,593313345,15.6,15.2,15.2,-0.25,8628,2409,15.45
2015-05-15,27895707,427975480,15.45,15.25,15.3,0.1,4894,2409,15.35
2015-05-18,37276336,573937159,15.5,15.3,15.35,0.05,5935,2409,15.3
2015-05-19,172559399,2756912904,16.3,15.45,16.15,0.8,24355,2409,15.45
2015-05-20,100502501,1628952938,16.35,16.05,16.1,-0.05,15925,2409,16.25
2015-05-21,65781945,1056946913,16.25,15.8,16.2,0.1,12791,2409,16.0
2015-05-22,193328870,3232396086,17.1,16.25,16.6,0.4,31083,2409,16.3
2015-05-25,65714421,1100325034,16.9,16.6,16.7,0.1,11878,2409,16.65
2015-05-26,54351773,907967117,16.9,16.55,16.7,0.0,9680,2409,16.8
2015-05-27,142919448,2444288189,17.45,16.7,17.1,0.4,22886,2409,16.75
2015-05-28,119844131,2059182762,17.5,16.9,16.95,-0.15,17523,2409,17.4
2015-05-29,88098339,1487406004,17.15,16.7,16.85,-0.1,14396,2409,17.1
2015-06-01,78941977,1284735745,16.7,16.0,16.15,-0.7,14803,2409,16.6
2015-06-02,62541877,1021900799,16.5,16.05,16.3,0.15,10378,2409,16.15
2015-06-03,63866408,1038175950,16.75,16.15,16.25,-0.05,11531,2409,16.3
2015-06-04,92416116,1485599431,16.45,15.8,15.8,-0.45,15253,2409,16.15
2015-06-05,103710402,1606802255,15.9,15.2,15.6,-0.2,16643,2409,15.8
2015-06-08,52508461,819275337,15.8,15.3,15.6,0.0,9718,2409,15.75
2015-06-09,113983795,1700537864,15.4,14.5,14.5,-1.1,18777,2409,15.4
2015-06-10,71803947,1078380155,15.25,14.8,15.0,0.5,12008,2409,14.85
2015-06-11,58731221,868531431,15.15,14.6,14.75,-0.25,10287,2409,15.15
2015-06-12,51146419,749790252,15.0,14.5,14.55,-0.2,9674,2409,14.5
2015-06-15,49992071,717553552,14.55,14.05,14.4,-0.15,8687,2409,14.3
2015-06-16,34871401,502308763,14.5,14.3,14.5,0.1,6796,2409,14.3
2015-06-17,64595196,949909202,14.95,14.4,14.65,0.15,11476,2409,14.45
2015-06-18,46787295,682055166,14.8,14.5,14.5,-0.15,9459,2409,14.75
2015-06-22,44813095,662416976,14.9,14.6,14.8,0.3,7842,2409,14.7
2015-06-23,56741593,831810386,14.9,14.45,14.5,-0.3,12972,2409,14.9
2015-06-24,97935568,1374938596,14.55,13.8,14.0,-0.5,17622,2409,14.5
2015-06-25,72970028,1033438013,14.45,13.95,14.1,0.1,16401,2409,14.1
2015-06-26,24543337,345856618,14.2,14.0,14.05,-0.05,5614,2409,14.1
2015-06-29,68027480,907541666,13.7,13.2,13.25,-0.8,12936,2409,13.7
2015-06-30,89417904,1203496820,13.65,13.25,13.65,0.4,12750,2409,13.25
2015-07-01,43759263,604893355,14.0,13.5,13.85,0.2,8798,2409,13.65
2015-07-02,42142239,587430500,14.05,13.8,14.0,0.15,6652,2409,13.9
2015-07-03,58659655,812397992,14.1,13.75,13.75,-0.25,8401,2409,14.1
2015-07-06,51228433,676483484,13.4,13.05,13.05,0.0,8328,2409,13.2
2015-07-07,73445632,950127439,13.25,12.7,12.75,-0.3,11173,2409,13.05
2015-07-08,118569970,1484050000,12.85,12.2,12.7,-0.05,16143,2409,12.7
2015-07-09,84067947,1078113642,13.1,12.4,12.85,0.15,14007,2409,12.7
2015-07-13,58580102,753021828,13.1,12.65,12.75,-0.1,10661,2409,13.1
2015-07-14,56784903,733699222,13.2,12.75,12.75,0.0,10014,2409,12.85
2015-07-15,32688658,418743418,13.0,12.7,12.75,0.0,8663,2409,12.9
2015-07-16,90089745,1118268690,12.9,12.2,12.45,-0.3,13979,2409,12.8
2015-07-17,90171270,1093791174,12.45,11.95,12.05,-0.4,16655,2409,12.45
2015-07-20,117568904,1361908030,12.1,11.4,11.45,-0.6,17865,2409,12.05
2015-07-21,98220489,1122326594,11.6,11.15,11.6,0.15,13365,2409,11.4
2015-07-22,80306858,924674575,11.75,11.3,11.3,-0.3,13731,2409,11.6
2015-07-23,63548870,710907734,11.35,11.0,11.1,-0.2,13656,2409,11.25
2015-07-24,67507683,767198842,11.55,11.2,11.5,0.4,12551,2409,11.25
2015-07-27,90780070,1013428070,11.45,10.95,10.95,-0.55,14745,2409,11.4
2015-07-28,101893633,1151172845,11.55,11.0,11.45,0.5,17910,2409,11.05
2015-07-29,152182050,1655535071,11.3,10.65,10.65,-0.8,21888,2409,11.25
2015-07-30,138626322,1472232879,10.9,10.45,10.5,-0.15,18780,2409,10.65
2015-07-31,146409816,1508253308,10.75,10.05,10.1,-0.4,19958,2409,10.7
2015-08-03,75420618,767019070,10.35,10.05,10.25,0.15,13520,2409,10.3
2015-08-04,127846933,1333946984,10.6,10.3,10.4,0.15,16743,2409,10.45
2015-08-05,85354997,880556399,10.5,10.2,10.2,-0.2,12242,2409,10.4
2015-08-06,132132437,1297413749,10.2,9.7,9.71,-0.49,20271,2409,10.15
2015-08-07,63635738,621073202,9.91,9.52,9.72,0.01,12713,2409,9.52
2015-08-10,49499330,479798808,9.79,9.62,9.73,0.01,8634,2409,9.78
2015-08-11,46178197,451478479,9.94,9.68,9.69,-0.04,10130,2409,9.81
2015-08-12,51224421,499982430,9.85,9.69,9.75,0.06,8206,2409,9.71
2015-08-13,59143591,588274789,10.1,9.8,10.1,0.35,11724,2409,9.87
2015-08-14,61162282,599313890,10.1,9.7,9.79,-0.31,12436,2409,10.05
2015-08-17,48044857,474432741,9.97,9.79,9.79,0.0,9869,2409,9.92
2015-08-18,69463311,685779955,10.05,9.75,9.75,-0.04,12786,2409,9.86
2015-08-19,102574630,966481265,9.7,9.25,9.25,-0.5,14840,2409,9.55
2015-08-20,62322909,582773472,9.46,9.27,9.32,0.07,12821,2409,9.3
2015-08-21,90816624,821645557,9.2,8.95,8.95,-0.37,14466,2409,9.14
2015-08-24,109899596,943874475,8.82,8.29,8.6,-0.35,16782,2409,8.66
2015-08-25,110783182,1009741702,9.34,8.74,9.34,0.74,18684,2409,8.78
2015-08-26,67200213,620649016,9.34,9.06,9.24,-0.1,13413,2409,9.3
2015-08-27,114360981,1092266572,9.86,9.35,9.48,0.24,22195,2409,9.35
2015-08-28,111838177,1102667018,9.97,9.7,9.92,0.44,18856,2409,9.79
2015-08-31,166717949,1694858357,10.55,9.72,10.5,0.58,24858,2409,9.85
2015-09-01,89180647,911328317,10.55,10.05,10.05,-0.45,13598,2409,10.2
2015-09-02,94832538,945819730,10.25,9.8,10.0,-0.05,15203,2409,9.81
2015-09-03,101573352,1039210702,10.35,10.0,10.3,0.3,13152,2409,10.1
2015-09-04,92976236,963376454,10.6,10.15,10.2,-0.1,13648,2409,10.3
2015-09-07,50664678,513202759,10.3,10.0,10.15,-0.05,8222,2409,10.1
2015-09-08,53769852,555597066,10.45,10.25,10.25,0.1,9040,2409,10.3
2015-09-09,156950812,1688339630,10.95,10.5,10.8,0.55,24459,2409,10.6
2015-09-10,65165149,695999054,10.8,10.55,10.75,-0.05,9030,2409,10.75
2015-09-11,55429507,600785263,10.95,10.75,10.85,0.1,7724,2409,10.75
2015-09-14,61203681,669809951,11.2,10.8,10.85,0.0,8976,2409,10.95
2015-09-15,42822172,460996033,10.9,10.65,10.8,-0.05,6775,2409,10.85
2015-09-16,92772050,1017721871,11.1,10.85,10.95,0.15,10655,2409,10.9
2015-09-17,75527713,834289351,11.15,10.9,11.1,0.15,11648,2409,11.15
2015-09-18,43554197,480342467,11.1,10.95,11.0,-0.1,5841,2409,11.1
2015-09-21,60457057,631720563,10.75,10.35,10.35,-0.65,11082,2409,10.7
2015-09-22,102862334,1053255522,10.55,10.05,10.3,-0.05,16554,2409,10.5
2015-09-23,85334381,852056497,10.15,9.9,9.9,-0.4,15764,2409,10.0
2015-09-24,70424441,692764840,9.98,9.72,9.72,-0.18,12153,2409,9.9
2015-09-25,40134116,394937278,9.93,9.73,9.89,0.17,10821,2409,9.85
2015-09-30,64276928,620337781,9.73,9.58,9.71,-0.18,12065,2409,9.65
2015-10-01,42031896,414410815,9.96,9.75,9.86,0.15,8616,2409,9.8
2015-10-02,43099414,431542043,10.1,9.91,9.98,0.12,7226,2409,9.97
2015-10-05,41612796,416247440,10.1,9.96,9.96,-0.02,5762,2409,10.05
2015-10-06,56101757,559877062,10.15,9.85,9.85,-0.11,8339,2409,10.05
2015-10-07,41116057,409294304,10.05,9.8,9.99,0.14,7682,2409,9.86
2015-10-08,33576271,335875488,10.1,9.95,9.95,-0.04,6302,2409,10.05
2015-10-12,84520878,855366726,10.2,9.96,10.2,0.25,10844,2409,10.0
2015-10-13,48565060,497670593,10.35,10.15,10.3,0.1,7420,2409,10.2
2015-10-14,54910807,571706593,10.6,10.2,10.35,0.05,8065,2409,10.3
2015-10-15,50150891,524289772,10.6,10.3,10.45,0.1,9173,2409,10.5
2015-10-16,61181697,633970004,10.5,10.2,10.35,-0.1,8914,2409,10.5
2015-10-19,31136847,323021004,10.45,10.3,10.35,0.0,7749,2409,10.3
2015-10-20,43357158,446934747,10.45,10.2,10.2,-0.15,7014,2409,10.35
2015-10-21,98522787,970068033,9.95,9.74,9.8,-0.4,21963,2409,9.94
2015-10-22,42450650,416459520,9.88,9.74,9.8,0.0,7788,2409,9.74
2015-10-23,61458231,604601060,9.94,9.76,9.78,-0.02,11728,2409,9.92
2015-10-26,50220469,492814644,9.88,9.78,9.83,0.05,10438,2409,9.8
2015-10-27,47756015,471771958,9.94,9.79,9.94,0.11,9600,2409,9.84
2015-10-28,58891837,581032046,9.9,9.8,9.86,-0.08,9388,2409,9.9
2015-10-29,66807158,656637681,9.94,9.75,9.77,-0.09,10008,2409,9.91
2015-10-30,61059179,588758771,9.81,9.5,9.57,-0.2,11063,2409,9.8
2015-11-02,30366956,292870893,9.74,9.5,9.73,0.16,6628,2409,9.52
2015-11-03,39318815,387711140,9.91,9.81,9.84,0.11,8735,2409,9.82
2015-11-04,61943528,614742413,9.96,9.87,9.95,0.11,9441,2409,9.89
2015-11-05,68322659,684731263,10.15,9.89,10.15,0.2,10801,2409,9.95
2015-11-06,75879539,745790837,9.99,9.76,9.76,-0.39,13329,2409,9.94
2015-11-09,39968146,386337751,9.83,9.58,9.58,-0.18,9254,2409,9.73
2015-11-10,48176216,457540861,9.62,9.4,9.42,-0.16,9873,2409,9.54
2015-11-11,61885181,574914490,9.51,9.18,9.23,-0.19,10819,2409,9.4
2015-11-12,30777201,284556183,9.31,9.19,9.23,0.0,6165,2409,9.25
2015-11-13,64547757,584780370,9.16,9.0,9.0,-0.23,10887,2409,9.13
2015-11-16,41597659,367585268,8.93,8.75,8.89,-0.11,9123,2409,8.81
2015-11-17,43091136,390162014,9.15,8.99,9.0,0.11,8637,2409,9.02
2015-11-18,38246295,346181766,9.16,8.96,8.97,-0.03,7368,2409,9.1
2015-11-19,31957506,290908527,9.18,9.02,9.11,0.14,6432,2409,9.02
2015-11-20,28824305,262795901,9.18,9.06,9.06,-0.05,5489,2409,9.12
2015-11-23,18954460,173218009,9.19,9.11,9.15,0.09,4145,2409,9.18
2015-11-24,33893340,304442580,9.08,8.91,8.91,-0.24,6864,2409,9.06
2015-11-25,43024579,376663219,8.88,8.67,8.75,-0.16,8513,2409,8.85
2015-11-26,34533406,311077367,9.11,8.8,8.96,0.21,7461,2409,8.88
2015-11-27,33645415,300872325,9.05,8.88,8.88,-0.08,6284,2409,9.02
2015-11-30,63088007,551066992,8.83,8.67,8.74,-0.14,7238,2409,8.82
2015-12-01,31580555,280819148,8.96,8.77,8.91,0.17,6798,2409,8.86
2015-12-02,32045250,283085803,8.9,8.77,8.83,-0.08,5874,2409,8.85
2015-12-03,35103225,307256047,8.8,8.72,8.73,-0.1,6473,2409,8.75
2015-12-04,41092801,359849842,8.79,8.69,8.75,0.02,6757,2409,8.7
2015-12-07,49340661,438845092,8.98,8.81,8.89,0.14,6493,2409,8.81
2015-12-08,34907634,305841061,8.9,8.72,8.73,-0.16,7253,2409,8.88
2015-12-09,42304674,364072823,8.73,8.54,8.59,-0.14,7222,2409,8.72
2015-12-10,56650187,479219223,8.57,8.35,8.49,-0.1,8728,2409,8.56
2015-12-11,49194516,415912202,8.57,8.33,8.33,-0.16,7558,2409,8.5
2015-12-14,46018760,373832071,8.22,8.03,8.11,-0.22,7193,2409,8.18
2015-12-15,70091052,597427754,8.77,8.15,8.68,0.57,10519,2409,8.15
2015-12-16,90902401,813520001,9.09,8.8,8.8,0.12,13600,2409,8.91
2015-12-17,52594445,460077416,8.86,8.67,8.77,-0.03,9214,2409,8.8
2015-12-18,51620161,443758653,8.7,8.51,8.67,-0.1,8148,2409,8.6
2015-12-21,195168212,1804889378,9.53,8.63,9.53,0.86,22035,2409,8.65
2015-12-22,197348841,1893638984,9.76,9.35,9.55,0.02,28126,2409,9.65
2015-12-23,214899075,2134310154,10.15,9.62,9.9,0.35,27126,2409,9.68
2015-12-24,109453834,1099660604,10.25,9.95,9.95,0.05,14194,2409,10.1
2015-12-25,48969221,486371382,10.05,9.83,9.98,0.03,7608,2409,9.95
2015-12-28,49933414,491131845,9.99,9.78,9.79,-0.19,9386,2409,9.94
2015-12-29,54734936,535405656,9.93,9.6,9.85,0.06,9520,2409,9.79
2015-12-30,62260562,614053343,10.05,9.7,9.7,-0.15,9655,2409,9.91
2015-12-31,21817907,211695710,9.77,9.62,9.73,0.03,4864,2409,9.74
2016-01-04,49336792,471210556,9.87,9.41,9.46,-0.27,9797,2409,9.83
2016-01-05,60730210,568200872,9.53,9.2,9.2,-0.26,11036,2409,9.46
2016-01-06,50959911,464510298,9.28,9.04,9.09,-0.11,9420,2409,9.25
2016-01-07,61575385,559109965,9.18,9.0,9.08,-0.01,10566,2409,9.1
2016-01-08,41460815,375982368,9.13,9.02,9.12,0.04,7430,2409,9.05
2016-01-11,59312222,527013198,9.02,8.78,9.02,-0.1,11292,2409,8.84
2016-01-12,179941694,1719489715,9.82,9.04,9.53,0.51,27495,2409,9.08
2016-01-13,104811692,1022039552,9.9,9.6,9.6,0.07,18113,2409,9.79
2016-01-14,50738136,479705078,9.56,9.32,9.43,-0.17,9416,2409,9.42
2016-01-15,80180281,736597741,9.5,9.02,9.06,-0.37,13812,2409,9.43
2016-01-18,43238613,390315024,9.16,8.85,9.09,0.03,9084,2409,8.85
2016-01-19,24638577,223445545,9.15,9.01,9.05,-0.04,5171,2409,9.09
2016-01-20,57448529,508076220,9.08,8.7,8.75,-0.3,9967,2409,9.01
2016-01-21,37178020,331589172,9.07,8.81,8.81,0.06,7301,2409,8.83
2016-01-22,36469205,326982583,9.13,8.86,8.88,0.07,6844,2409,9.11
2016-01-25,44590817,397207317,9.0,8.86,8.87,-0.01,7502,2409,9.0
2016-01-26,44476535,393413197,8.94,8.8,8.82,-0.05,7764,2409,8.85
2016-01-27,29885884,263402689,8.93,8.73,8.73,-0.09,4937,2409,8.88
2016-01-28,33247601,292608533,8.89,8.75,8.76,0.03,5376,2409,8.77
2016-01-29,94643150,806179244,8.66,8.4,8.58,-0.18,14657,2409,8.66
2016-01-30,39883941,351140461,8.89,8.64,8.77,0.19,6568,2409,8.64
2016-02-01,63765907,566562566,9.01,8.7,8.85,0.08,9385,2409,8.7
2016-02-02,87010129,753686366,8.82,8.59,8.61,-0.24,13871,2409,8.72
2016-02-03,60654014,512290223,8.57,8.4,8.4,-0.21,10915,2409,8.54
2016-02-15,38687583,320468708,8.33,8.21,8.26,-0.14,8214,2409,8.3
2016-02-16,37601243,320329194,8.64,8.34,8.62,0.36,7719,2409,8.34
2016-02-17,48277078,414079876,8.69,8.48,8.48,-0.14,7890,2409,8.69
2016-02-18,79747271,689423309,8.77,8.58,8.65,0.17,11164,2409,8.61
2016-02-19,42768047,364902961,8.63,8.48,8.49,-0.16,8113,2409,8.57
2016-02-22,43805736,370828665,8.58,8.4,8.4,-0.09,8071,2409,8.58
2016-02-23,78066136,667500880,8.66,8.42,8.57,0.17,11839,2409,8.45
2016-02-24,168205733,1518898589,9.26,8.69,8.96,0.39,25555,2409,8.69
2016-02-25,123645394,1127378458,9.25,9.02,9.1,0.14,17686,2409,9.05
2016-02-26,54503603,490313727,9.15,8.88,9.01,-0.09,8869,2409,9.14
2016-03-01,40270614,364382805,9.15,9.01,9.04,0.03,8015,2409,9.1
2016-03-02,91553691,844881317,9.32,9.13,9.18,0.14,13256,2409,9.19
2016-03-03,92919551,860046830,9.44,9.15,9.19,0.01,12727,2409,9.25
2016-03-04,87600208,799353472,9.22,9.05,9.08,-0.11,12635,2409,9.18
2016-03-07,73234301,661858499,9.15,8.95,8.95,-0.13,11192,2409,9.15
2016-03-08,107437015,987481072,9.31,8.97,9.3,0.35,15933,2409,8.97
2016-03-09,86974413,810777116,9.38,9.25,9.3,0.0,13647,2409,9.38
2016-03-10,162594270,1557211501,9.8,9.27,9.7,0.4,22190,2409,9.35
2016-03-11,79209559,766964745,9.77,9.62,9.7,0.0,13500,2409,9.69
2016-03-14,104803275,1039259623,10.05,9.74,9.83,0.13,16312,2409,9.79
2016-03-15,147545212,1461971035,10.05,9.78,9.78,-0.05,17868,2409,9.93
2016-03-16,134595020,1349739910,10.15,9.94,10.05,0.27,15967,2409,9.95
2016-03-17,120323582,1209226806,10.35,9.86,9.86,-0.19,16403,2409,10.15
2016-03-18,56933700,564649193,10.05,9.85,9.93,0.07,8444,2409,9.9
2016-03-21,29104799,288324356,9.99,9.83,9.95,0.02,5951,2409,9.98
2016-03-22,80945168,785524424,9.97,9.51,9.75,-0.2,13310,2409,9.97
2016-03-23,36717507,357795970,9.87,9.64,9.72,-0.03,9310,2409,9.64
2016-03-24,50186387,482984337,9.79,9.54,9.54,-0.18,9670,2409,9.72
2016-03-25,23353346,223242884,9.63,9.5,9.55,0.01,4665,2409,9.6
2016-03-28,68037374,668879342,9.99,9.6,9.73,0.18,10254,2409,9.6
2016-03-29,63517097,617310954,9.93,9.6,9.6,-0.13,11155,2409,9.73
2016-03-30,66604796,652118384,9.85,9.73,9.75,0.15,11659,2409,9.78
2016-03-31,53238955,515625193,9.81,9.62,9.67,-0.08,9834,2409,9.76
2016-04-01,45841784,436037106,9.64,9.43,9.51,-0.16,8242,2409,9.61
2016-04-06,46942356,433786298,9.38,9.2,9.2,-0.31,11054,2409,9.37
2016-04-07,44222219,401426503,9.26,9.01,9.01,-0.19,8949,2409,9.22
2016-04-08,133528526,1283587612,9.8,9.24,9.71,0.7,23022,2409,9.28
2016-04-11,79619841,776004061,9.85,9.53,9.85,0.14,12428,2409,9.68
2016-04-12,58550012,575668283,9.99,9.69,9.69,-0.16,10309,2409,9.93
2016-04-13,44376906,438235062,9.93,9.81,9.86,0.17,7401,2409,9.81
2016-04-14,52773922,525251912,10.1,9.88,9.88,0.02,8503,2409,9.99
2016-04-15,24983022,246902145,9.93,9.79,9.9,0.02,4827,2409,9.87
2016-04-18,38714455,385409144,10.05,9.85,9.98,0.08,7051,2409,9.9
2016-04-19,55025699,548605901,10.1,9.82,9.82,-0.16,7483,2409,10.05
2016-04-20,37469437,367161673,9.9,9.73,9.81,-0.01,8307,2409,9.9
2016-04-21,33925086,337047183,10.05,9.83,9.89,0.08,7397,2409,9.95
2016-04-22,40819294,404346364,9.99,9.81,9.9,0.01,7767,2409,9.93
2016-04-25,34572948,337628837,9.86,9.72,9.74,-0.16,5910,2409,9.86
2016-04-26,45326299,435599664,9.74,9.51,9.52,-0.22,8898,2409,9.65
2016-04-27,38769105,373453262,9.78,9.52,9.57,0.05,7556,2409,9.56
2016-04-28,34680539,330733234,9.71,9.42,9.54,-0.03,6419,2409,9.69
2016-04-29,37441435,351430664,9.44,9.31,9.4,-0.14,6466,2409,9.4
2016-05-03,70924513,646632286,9.35,9.01,9.02,-0.38,12262,2409,9.35
2016-05-04,65759124,581453427,9.02,8.7,8.72,-0.3,11863,2409,8.91
2016-05-05,56604709,491063047,8.82,8.57,8.67,-0.05,11385,2409,8.71
2016-05-06,40652675,351797178,8.71,8.6,8.63,-0.04,8478,2409,8.7
2016-05-09,51369549,455703405,8.98,8.73,8.81,0.18,9623,2409,8.73
2016-05-10,30243311,264351035,8.79,8.71,8.72,-0.09,6575,2409,8.77
2016-05-11,42057084,363589864,8.87,8.58,8.58,-0.14,8864,2409,8.78
2016-05-12,38348580,331784308,8.77,8.55,8.75,0.17,6758,2409,8.58
2016-05-13,40463806,347248265,8.7,8.5,8.58,-0.17,8114,2409,8.7
2016-05-16,30611080,261102340,8.63,8.5,8.58,0.0,6507,2409,8.51
2016-05-17,34551039,295486842,8.62,8.51,8.55,-0.03,6272,2409,8.58
2016-05-18,43763931,369918488,8.52,8.41,8.45,-0.1,10569,2409,8.5
2016-05-19,39388215,332738443,8.53,8.41,8.41,-0.04,6621,2409,8.44
2016-05-20,45469715,388357556,8.63,8.41,8.55,0.14,7302,2409,8.43
2016-05-23,98817465,888030862,9.19,8.62,9.07,0.52,15913,2409,8.63
2016-05-24,41896490,374218692,9.02,8.89,8.89,-0.18,9002,2409,8.92
2016-05-25,35023375,315822849,9.11,8.95,8.96,0.07,9290,2409,9.1
2016-05-26,22125093,198074535,9.03,8.91,8.97,0.01,5595,2409,9.0
2016-05-27,30356940,273740010,9.07,8.97,9.02,0.05,5342,2409,9.04
2016-05-30,35390129,317215006,9.02,8.91,8.92,-0.1,7168,2409,9.02
2016-05-31,49995439,452054173,9.1,8.92,9.06,0.14,5779,2409,8.93
2016-06-01,69000717,643037080,9.4,9.11,9.32,0.26,13842,2409,9.11
2016-06-02,43925815,407150101,9.38,9.14,9.2,-0.12,7094,2409,9.33
2016-06-03,30868060,283108756,9.29,9.12,9.15,-0.05,4939,2409,9.21
2016-06-04,8896804,81920480,9.25,9.16,9.19,0.04,1811,2409,9.22
2016-06-06,68457715,644834779,9.62,9.25,9.29,0.1,10466,2409,9.25
2016-06-07,32302436,301977441,9.43,9.26,9.34,0.05,6394,2409,9.4
2016-06-08,34576661,322255697,9.38,9.25,9.31,-0.03,6723,2409,9.34
2016-06-13,38912293,356232063,9.32,9.05,9.05,-0.26,6936,2409,9.26
2016-06-14,25480465,234270270,9.26,9.04,9.25,0.2,6347,2409,9.04
2016-06-15,26018078,240584591,9.3,9.12,9.27,0.02,6041,2409,9.24
2016-06-16,47906620,438367777,9.3,9.08,9.13,-0.14,6835,2409,9.3
2016-06-17,56017472,519623033,9.39,9.18,9.19,0.06,11425,2409,9.28
2016-06-20,36721055,345358174,9.49,9.35,9.4,0.21,7489,2409,9.49
2016-06-21,45681428,429988780,9.49,9.32,9.32,-0.08,7994,2409,9.46
2016-06-22,29596114,277473567,9.43,9.32,9.43,0.11,6445,2409,9.35
2016-06-23,34347279,324507975,9.5,9.38,9.42,-0.01,5553,2409,9.5
2016-06-24,81817815,768606823,9.59,9.27,9.35,-0.07,14221,2409,9.5
2016-06-27,43100369,406913577,9.55,9.26,9.54,0.19,6582,2409,9.26
2016-06-28,59534025,572897793,9.73,9.47,9.7,0.16,9839,2409,9.5
2016-06-29,230454766,2341983862,10.35,9.97,10.25,0.55,27658,2409,10.0
2016-06-30,253845754,2733569844,11.0,10.5,10.95,0.7,34315,2409,10.55
2016-07-01,161129647,1781746401,11.4,10.85,11.0,0.05,21162,2409,11.35
2016-07-04,96694829,1073427407,11.3,10.9,11.2,0.2,14197,2409,11.0
2016-07-05,77552029,870353269,11.4,11.1,11.25,0.05,11194,2409,11.2
2016-07-06,95828720,1061859683,11.2,11.0,11.0,-0.25,11975,2409,11.15
2016-07-07,150781444,1657352342,11.2,10.8,10.9,0.0,16403,2409,10.9
2016-07-11,109147764,1216671437,11.3,11.0,11.1,0.2,14416,2409,11.2
2016-07-12,67826797,744732987,11.15,10.8,10.9,-0.2,11705,2409,11.1
2016-07-13,112677766,1248981107,11.3,10.85,11.3,0.4,16326,2409,11.0
2016-07-14,63050601,708539021,11.4,11.1,11.15,-0.15,10307,2409,11.25
2016-07-15,56752747,638570278,11.35,11.15,11.25,0.1,10235,2409,11.2
2016-07-18,119031201,1393815979,11.85,11.4,11.75,0.5,17582,2409,11.4
2016-07-19,212565423,2553223387,12.25,11.75,12.25,0.5,25272,2409,12.0
2016-07-20,100409457,1227315946,12.35,12.1,12.25,0.0,18305,2409,12.3
2016-07-21,232732041,3005361704,13.2,12.5,12.75,0.5,34748,2409,12.5
2016-07-22,122082105,1537004353,12.85,12.35,12.6,-0.15,19079,2409,12.85
2016-07-25,123395255,1519252670,12.8,12.05,12.3,-0.3,16947,2409,12.7
2016-07-26,114027218,1414055844,12.55,12.2,12.45,0.15,17385,2409,12.3
2016-07-27,178522042,2277867818,13.0,12.45,12.65,0.2,21015,2409,12.55
2016-07-28,203055684,2651280097,13.35,12.85,12.9,0.25,23594,2409,13.3
2016-07-29,102096672,1316667223,13.05,12.75,12.95,0.05,13895,2409,13.0
2016-08-01,61452307,795331935,13.1,12.8,12.9,-0.05,10912,2409,13.05
2016-08-02,59641353,774130839,13.05,12.9,13.05,0.15,8264,2409,12.95
2016-08-03,90530430,1178948940,13.15,12.85,13.05,0.0,9619,2409,13.0
2016-08-04,45809465,596274108,13.15,12.9,13.0,-0.05,6444,2409,13.1
2016-08-05,138907895,1843389619,13.45,13.0,13.35,0.35,15784,2409,13.1
2016-08-08,99890486,1361215659,13.75,13.55,13.6,0.25,11941,2409,13.65
2016-08-09,67895389,911433542,13.6,13.25,13.35,-0.25,9931,2409,13.6
2016-08-10,87327203,1134099339,13.3,12.8,13.0,-0.35,13762,2409,13.3
2016-08-11,117753113,1492853174,12.95,12.5,12.7,-0.3,16100,2409,12.95
2016-08-12,52485658,665777854,12.85,12.55,12.7,0.0,11210,2409,12.8
2016-08-15,113899853,1398674723,12.7,12.15,12.15,-0.55,15832,2409,12.7
2016-08-16,105173553,1295965215,12.45,12.1,12.45,0.3,14064,2409,12.1
2016-08-17,69216032,857520269,12.65,12.15,12.3,-0.15,11466,2409,12.5
2016-08-18,48530189,592912938,12.3,12.1,12.25,-0.05,8334,2409,12.3
2016-08-19,129976076,1653224402,12.95,12.5,12.7,0.45,16174,2409,12.5
2016-08-22,78511698,999913118,12.9,12.55,12.7,0.0,10773,2409,12.85
2016-08-23,63026719,797703372,12.8,12.5,12.6,-0.1,8255,2409,12.65
2016-08-24,67080429,834616976,12.75,12.3,12.4,-0.2,9914,2409,12.7
2016-08-25,122774868,1570266479,12.95,12.5,12.95,0.55,17513,2409,12.55
2016-08-26,45825926,589986808,12.95,12.8,12.85,-0.1,8317,2409,12.95
2016-08-29,54589205,684880959,12.8,12.35,12.55,-0.3,8407,2409,12.75
2016-08-30,42059596,535973725,12.85,12.6,12.85,0.3,7592,2409,12.7
2016-08-31,85211205,1069212728,12.8,12.4,12.5,-0.35,10780,2409,12.8
2016-09-01,75717013,922227483,12.35,12.1,12.1,-0.4,12348,2409,12.3
2016-09-02,108490469,1277101900,12.15,11.55,11.75,-0.35,15637,2409,12.15
2016-09-05,88303922,1064678718,12.25,11.9,12.2,0.45,14122,2409,11.95
2016-09-06,34242448,416938280,12.25,12.05,12.25,0.05,6450,2409,12.15
2016-09-07,30835870,375043501,12.25,12.1,12.1,-0.15,5712,2409,12.2
2016-09-08,45367888,545861056,12.15,11.95,12.0,-0.1,7741,2409,12.05
2016-09-09,56350705,664041106,11.9,11.7,11.75,-0.25,9818,2409,11.8
2016-09-10,66171121,746444632,11.35,11.15,11.3,-0.45,10053,2409,11.35
2016-09-12,72047106,819398669,11.55,11.25,11.25,-0.05,8858,2409,11.25
2016-09-13,108011834,1239703988,11.75,11.3,11.4,0.15,14369,2409,11.6
2016-09-14,79599026,895569824,11.45,11.15,11.15,-0.25,11270,2409,11.4
2016-09-19,57137394,648307221,11.45,11.2,11.35,0.2,8243,2409,11.3
2016-09-20,93904729,1087116620,11.8,11.35,11.65,0.3,13206,2409,11.35
2016-09-21,136664514,1631852120,12.1,11.8,11.9,0.25,16198,2409,11.9
2016-09-22,47602511,562214157,12.05,11.65,11.65,-0.25,8091,2409,12.0
2016-09-23,33682056,397482562,11.9,11.65,11.85,0.2,6169,2409,11.7
2016-09-26,34645336,404891582,11.8,11.6,11.6,-0.25,6841,2409,11.75
2016-09-29,48214773,560089618,11.8,11.5,11.55,-0.05,8683,2409,11.75
2016-09-30,33776389,387503582,11.55,11.4,11.5,-0.05,6067,2409,11.5
2016-10-03,150306028,1805858889,12.2,11.6,12.15,0.65,18363,2409,11.65
2016-10-04,66868603,808204519,12.15,12.0,12.15,0.0,8394,2409,12.05
2016-10-05,47137442,574725107,12.3,12.0,12.25,0.1,10141,2409,12.1
2016-10-06,53991671,666763875,12.45,12.25,12.3,0.05,7728,2409,12.4
2016-10-07,50747418,613082810,12.3,12.0,12.0,-0.3,7280,2409,12.3
2016-10-11,80505514,947921556,12.2,11.55,11.65,-0.35,10013,2409,12.15
2016-10-12,58608298,683687734,11.8,11.45,11.7,0.05,7967,2409,11.6
2016-10-13,52724080,618649307,11.8,11.6,11.8,0.1,7911,2409,11.75
2016-10-14,48833703,568904338,11.8,11.55,11.6,-0.2,5485,2409,11.8
2016-10-17,39065281,452823092,11.7,11.5,11.6,0.0,6795,2409,11.6
2016-10-18,32696115,382296316,11.75,11.6,11.75,0.15,5382,2409,11.7
2016-10-19,58835365,702431812,12.05,11.75,11.95,0.2,8719,2409,11.75
2016-10-20,35259160,422207270,12.05,11.9,12.0,0.05,5114,2409,12.0
2016-10-21,169886545,2115202161,12.6,12.1,12.45,0.45,18719,2409,12.1
2016-10-24,112207357,1436000115,12.9,12.65,12.8,0.35,16582,2409,12.65
2016-10-25,123853814,1615241332,13.15,12.9,13.0,0.2,18658,2409,13.0
2016-10-26,54921152,714793426,13.1,12.9,13.1,0.1,7899,2409,12.9
2016-10-27,74424899,965495657,13.25,12.8,12.85,-0.25,11339,2409,13.2
2016-10-28,141955248,1778723704,12.95,12.35,12.35,-0.5,19609,2409,12.95
2016-10-31,124227843,1496970716,12.25,11.95,12.0,-0.35,18508,2409,12.2
2016-11-01,65898509,804769609,12.35,12.05,12.25,0.25,10470,2409,12.1
2016-11-02,59167960,714547040,12.2,12.0,12.1,-0.15,6943,2409,12.05
2016-11-03,49221597,592227331,12.2,11.95,11.95,-0.15,8000,2409,12.0
2016-11-04,51469424,619818538,12.15,11.9,12.0,0.05,7977,2409,12.0
2016-11-07,34187407,411669333,12.15,11.95,12.0,0.0,5520,2409,12.05
2016-11-08,49097687,601089505,12.35,12.15,12.25,0.25,8330,2409,12.2
2016-11-09,116508410,1376308504,12.3,11.5,11.5,-0.75,16479,2409,12.25
2016-11-10,71864591,855240303,12.1,11.8,11.8,0.3,9745,2409,11.85
2016-11-11,70828768,811221736,11.6,11.35,11.45,-0.35,11567,2409,11.55
2016-11-14,41513754,470312045,11.45,11.25,11.35,-0.1,7548,2409,11.35
2016-11-15,60034820,689412321,11.6,11.35,11.4,0.05,8347,2409,11.35
2016-11-16,46304511,533562255,11.65,11.4,11.4,0.0,7843,2409,11.6
2016-11-17,61740508,717312890,11.7,11.45,11.65,0.25,8174,2409,11.5
2016-11-18,44332237,515682027,11.75,11.5,11.65,0.0,7754,2409,11.65
2016-11-21,50043801,588293787,11.85,11.65,11.75,0.1,7490,2409,11.65
2016-11-22,53094502,623800793,11.85,11.65,11.75,0.0,6978,2409,11.75
2016-11-23,30165788,354419904,11.85,11.65,11.65,-0.1,5312,2409,11.75
2016-11-24,28764552,332632882,11.7,11.5,11.55,-0.1,5018,2409,11.65
2016-11-25,20741751,240486793,11.65,11.5,11.65,0.1,3310,2409,11.55
2016-11-28,33310887,386617162,11.7,11.5,11.5,-0.15,5334,2409,11.7
2016-11-29,32345810,373224152,11.65,11.45,11.55,0.05,5309,2409,11.5
2016-11-30,46602314,535985818,11.65,11.45,11.45,-0.1,4496,2409,11.55
2016-12-01,40053273,460896597,11.65,11.45,11.45,0.0,5974,2409,11.55
2016-12-02,39503651,448047635,11.4,11.3,11.35,-0.1,8512,2409,11.4
2016-12-05,31634127,362910889,11.6,11.35,11.55,0.2,5658,2409,11.35
2016-12-06,27074762,311690287,11.6,11.45,11.5,-0.05,4235,2409,11.55
2016-12-07,56303627,659170935,11.8,11.5,11.8,0.3,9250,2409,11.55
2016-12-08,93766484,1123628232,12.05,11.9,12.0,0.2,12110,2409,11.95
2016-12-09,34045347,404348825,12.0,11.8,11.9,-0.1,5948,2409,11.95
2016-12-12,28915188,341006519,11.95,11.7,11.75,-0.15,4884,2409,11.85
2016-12-13,61870474,731363053,11.95,11.7,11.75,0.0,6450,2409,11.7
2016-12-14,26910474,316190538,11.9,11.7,11.7,-0.05,5274,2409,11.8
2016-12-15,34853384,411804937,11.9,11.65,11.9,0.2,5336,2409,11.7
2016-12-16,43903432,524309784,12.0,11.85,11.9,0.0,9566,2409,11.95
2016-12-19,23896989,281140196,11.9,11.7,11.75,-0.15,3570,2409,11.9
2016-12-20,36584293,434284531,11.95,11.8,11.85,0.1,6121,2409,11.8
2016-12-21,103849279,1254816181,12.2,11.95,12.1,0.25,13479,2409,11.95
2016-12-22,41043544,497011978,12.2,12.05,12.05,-0.05,6092,2409,12.15
2016-12-23,45832419,556293836,12.3,12.0,12.0,-0.05,6404,2409,12.15
2016-12-26,16933782,202458529,12.1,11.9,11.9,-0.1,2455,2409,12.1
2016-12-27,18163813,215562425,12.0,11.8,11.85,-0.05,2599,2409,11.95
2016-12-28,28779086,341850695,11.95,11.8,11.9,0.05,3831,2409,11.85
2016-12-29,24576943,289982365,11.9,11.75,11.75,-0.15,4210,2409,11.85
2016-12-30,25121671,295941908,11.85,11.7,11.8,0.05,4342,2409,11.8
2017-01-03,54852394,657219128,12.1,11.75,12.0,0.2,7124,2409,11.8
2017-01-04,43268134,518815314,12.1,11.9,11.95,-0.05,5909,2409,12.05
2017-01-05,102730401,1244463198,12.25,11.85,12.25,0.3,12270,2409,11.95
2017-01-06,109319966,1367059655,12.6,12.4,12.55,0.3,15330,2409,12.4
2017-01-09,123685639,1593902843,13.1,12.7,12.85,0.3,16915,2409,12.85
2017-01-10,70718586,908351533,13.0,12.7,12.8,-0.05,9724,2409,12.9
2017-01-11,51174553,655072017,12.95,12.7,12.8,0.0,7247,2409,12.9
2017-01-12,80668580,1042947193,13.05,12.8,12.9,0.1,11999,2409,12.8
2017-01-13,83336377,1082587151,13.1,12.85,13.05,0.15,10136,2409,12.9
2017-01-16,60736954,784067736,13.1,12.8,12.85,-0.2,7781,2409,13.0
2017-01-17,27111570,348267472,12.9,12.8,12.85,0.0,4424,2409,12.85
2017-01-18,73169516,951225399,13.1,12.8,12.95,0.1,10050,2409,12.85
2017-01-19,42763644,552156684,13.0,12.85,12.85,-0.1,5178,2409,12.95
2017-01-20,43817336,562275558,12.9,12.75,12.8,-0.05,6348,2409,12.85
2017-01-23,40196970,514399229,12.9,12.7,12.85,0.05,6764,2409,12.9
2017-01-24,61408325,788543681,12.9,12.75,12.9,0.05,10178,2409,12.8
2017-02-02,182658832,2438347133,13.65,13.0,13.4,0.5,23089,2409,13.1
2017-02-03,75533615,1001454703,13.5,13.1,13.15,-0.25,12073,2409,13.45
2017-02-06,67226971,888880730,13.4,13.05,13.2,0.05,8740,2409,13.25
2017-02-07,87449547,1136988122,13.2,12.9,12.9,-0.3,10944,2409,13.15
2017-02-08,149817549,1876399574,12.85,12.35,12.4,-0.5,18995,2409,12.85
2017-02-09,106677128,1324596374,12.6,12.15,12.6,0.2,14203,2409,12.35
2017-02-10,78116843,971048719,12.7,12.3,12.35,-0.25,11226,2409,12.65
2017-02-13,161934730,1926598205,12.5,11.4,11.9,-0.45,20634,2409,12.45
2017-02-14,102471531,1213574531,12.05,11.7,11.8,-0.1,15187,2409,11.7
2017-02-15,165212985,1991769170,12.2,11.8,12.0,0.2,22495,2409,11.8
2017-02-16,65318957,779073624,12.15,11.8,11.85,-0.15,9858,2409,12.15
2017-02-17,66742742,795900017,12.0,11.8,11.95,0.1,9770,2409,11.9
2017-02-18,21743609,259618885,12.0,11.85,11.9,-0.05,4667,2409,11.95
2017-02-20,57752477,680646834,11.95,11.7,11.75,-0.15,8139,2409,11.85
2017-02-21,59001969,700788810,11.95,11.75,11.85,0.1,8226,2409,11.8
2017-02-22,145765507,1784675886,12.4,12.05,12.2,0.35,17387,2409,12.1
2017-02-23,75497830,919569732,12.3,12.1,12.2,0.0,7084,2409,12.25
2017-02-24,44534911,540317832,12.25,12.0,12.2,0.0,6553,2409,12.25
2017-03-01,64397909,773094704,12.2,11.9,11.9,-0.3,10160,2409,12.15
2017-03-02,52530939,629836270,12.1,11.95,11.95,0.05,6347,2409,12.0
2017-03-03,46635812,554205864,12.0,11.75,11.9,-0.05,7406,2409,11.95
2017-03-06,49180240,590562330,12.1,11.9,12.05,0.15,6207,2409,11.95
2017-03-07,48772911,586844435,12.1,11.95,12.05,0.0,4228,2409,12.05
2017-03-08,85845862,1041687012,12.2,12.0,12.2,0.15,9909,2409,12.0
2017-03-09,56592412,687314842,12.3,12.05,12.1,-0.1,7188,2409,12.3
2017-03-10,57242101,684450284,12.05,11.9,11.9,-0.2,7278,2409,12.05
2017-03-13,31856385,378397590,11.95,11.85,11.85,-0.05,4009,2409,11.85
2017-03-14,47083640,564185941,12.05,11.9,11.95,0.1,6504,2409,11.95
2017-03-15,40267138,483627229,12.1,11.9,11.95,0.0,7644,2409,12.05
2017-03-16,62734905,758586158,12.15,12.0,12.1,0.15,8356,2409,12.05
2017-03-17,47345824,573072637,12.2,12.0,12.1,0.0,5482,2409,12.15
2017-03-20,33001331,396600677,12.15,11.95,12.05,-0.05,5221,2409,12.1
2017-03-21,52497839,631535197,12.15,11.95,11.95,-0.1,7747,2409,12.05
2017-03-22,61298745,726614142,11.9,11.8,11.9,-0.05,9556,2409,11.85
2017-03-23,62961542,758161404,12.15,11.95,12.0,0.1,7705,2409,12.05
2017-03-24,42304033,505212505,12.05,11.9,11.9,-0.1,9815,2409,12.0
2017-03-27,34516452,412210218,12.0,11.85,11.95,0.05,5542,2409,11.9
2017-03-28,72944708,863030102,12.0,11.7,11.8,-0.15,10594,2409,12.0
2017-03-29,123457647,1480780264,12.1,11.8,12.05,0.25,16601,2409,11.8
2017-03-30,38208710,456869974,12.05,11.9,11.9,-0.15,6896,2409,12.0
2017-03-31,66236351,790812618,12.1,11.85,11.85,-0.05,8638,2409,11.9
2017-04-05,50914179,605421214,11.95,11.85,11.85,0.0,8393,2409,11.9
2017-04-06,66125905,790914910,12.05,11.85,12.05,0.2,9750,2409,11.9
2017-04-07,103028606,1244442361,12.2,11.9,12.15,0.1,12356,2409,12.15
2017-04-10,223119660,2776395293,12.65,12.2,12.5,0.35,26384,2409,12.2
2017-04-11,117394766,1466594046,12.7,12.3,12.35,-0.15,15276,2409,12.6
2017-04-12,158439604,2006517745,12.9,12.4,12.8,0.45,23560,2409,12.5
2017-04-13,196604389,2555816557,13.25,12.75,12.85,0.05,24213,2409,12.9
2017-04-14,121979253,1575267615,13.15,12.75,12.85,0.0,18393,2409,12.8
2017-04-17,146658764,1927323612,13.35,12.9,13.1,0.25,18806,2409,13.3
2017-04-18,81431678,1066049964,13.25,13.0,13.0,-0.1,9751,2409,13.25
2017-04-19,158528984,2023105680,13.05,12.5,12.5,-0.5,20084,2409,12.9
2017-04-20,75927003,947042867,12.65,12.35,12.4,-0.1,11204,2409,12.55
2017-04-21,85625760,1071188596,12.7,12.4,12.45,0.05,11266,2409,12.6
2017-04-24,70638089,865981020,12.5,12.1,12.25,-0.2,11099,2409,12.45
2017-04-25,126001848,1576901326,12.7,12.25,12.7,0.45,16739,2409,12.3
2017-04-26,61189478,774819339,12.85,12.55,12.7,0.0,12932,2409,12.8
2017-04-27,107870169,1368074840,12.85,12.5,12.6,-0.1,12838,2409,12.75
2017-04-28,202608994,2591389037,13.0,12.6,12.6,0.0,21608,2409,12.95
2017-05-02,86097571,1084836025,12.7,12.45,12.7,0.1,10219,2409,12.7
2017-05-03,45156333,568363842,12.7,12.55,12.55,-0.15,6712,2409,12.65
2017-05-04,48925568,616283035,12.7,12.5,12.6,0.05,7330,2409,12.6
2017-05-05,58782613,734449428,12.65,12.4,12.4,-0.2,8624,2409,12.6
2017-05-08,105033042,1285890430,12.5,12.1,12.15,-0.25,11303,2409,12.45
2017-05-09,172175491,2009984257,11.8,11.55,11.6,-0.55,23693,2409,11.65
2017-05-10,85316374,1001117702,11.85,11.6,11.75,0.15,11310,2409,11.6
2017-05-11,118334194,1369883709,11.85,11.45,11.45,-0.3,15519,2409,11.85
2017-05-12,51332828,590080435,11.6,11.4,11.5,0.05,8730,2409,11.45
2017-05-15,38493254,446407044,11.65,11.55,11.6,0.1,7075,2409,11.6
2017-05-16,67227190,787746982,11.8,11.6,11.75,0.15,12589,2409,11.65
2017-05-17,59941957,703937711,11.85,11.65,11.75,0.0,8707,2409,11.8
2017-05-18,41364972,481158844,11.7,11.55,11.6,-0.15,6805,2409,11.6
2017-05-19,125984830,1498394387,12.0,11.75,11.9,0.3,14340,2409,11.75
2017-05-22,54759896,647023397,11.95,11.75,11.75,-0.15,9646,2409,11.95
2017-05-23,43370948,516068940,11.95,11.8,11.9,0.15,8012,2409,11.8
2017-05-24,34399098,409896318,12.0,11.85,11.9,0.0,6194,2409,11.95
2017-05-25,43985286,522848744,11.95,11.85,11.9,0.0,8096,2409,11.95
2017-05-26,59721597,703872275,11.9,11.75,11.75,-0.15,7161,2409,11.9
2017-05-31,45985616,541681856,11.85,11.75,11.75,0.0,5158,2409,11.8
2017-06-01,31020227,366068787,11.85,11.75,11.8,0.05,4246,2409,11.8
2017-06-02,29194575,345517897,11.9,11.8,11.85,0.05,3451,2409,11.85
2017-06-03,15235277,179953397,11.85,11.75,11.85,0.0,2307,2409,11.85
2017-06-05,84788049,1013791788,12.05,11.8,12.0,0.15,11011,2409,11.85
2017-06-06,108534334,1322477935,12.25,12.05,12.25,0.25,12794,2409,12.05
2017-06-07,177534642,2226753077,12.65,12.35,12.55,0.3,19156,2409,12.35
2017-06-08,88498289,1103517396,12.65,12.4,12.4,-0.15,11592,2409,12.65
2017-06-09,76523201,939973309,12.5,12.15,12.15,-0.25,10446,2409,12.4
2017-06-12,41240558,500023695,12.2,12.0,12.2,0.05,7046,2409,12.05
2017-06-13,29146122,354665357,12.25,12.15,12.15,-0.05,3860,2409,12.15
2017-06-14,62681892,755928370,12.25,11.9,12.05,-0.1,7751,2409,12.25
2017-06-15,71917419,874431376,12.35,12.0,12.35,0.3,9878,2409,12.15
2017-06-16,136289230,1703125288,12.55,12.35,12.55,0.2,13955,2409,12.4
2017-06-19,61730490,771419998,12.6,12.45,12.45,-0.1,8141,2409,12.55
2017-06-20,78985506,991656154,12.65,12.45,12.5,0.05,9456,2409,12.5
2017-06-21,142333969,1805009403,12.8,12.4,12.75,0.25,18392,2409,12.45
2017-06-22,94122615,1202160060,12.9,12.7,12.7,-0.05,9167,2409,12.8
2017-06-23,154618686,1997623048,13.0,12.75,12.85,0.15,15608,2409,12.8
2017-06-26,164389838,2154280918,13.2,13.0,13.15,0.3,19987,2409,13.0
2017-06-27,225930566,3029899129,13.6,13.2,13.4,0.25,33495,2409,13.4
2017-06-28,301833606,4255308833,14.4,13.8,13.95,0.55,34340,2409,14.4
2017-06-29,148279874,2068970700,14.2,13.7,13.75,-0.2,16830,2409,14.2
2017-06-30,181860768,2506868696,13.9,13.6,13.9,0.15,17035,2409,13.65
2017-07-03,151328438,2036418576,13.6,13.35,13.55,0.0,17421,2409,13.45
2017-07-04,128561757,1713819417,13.65,13.1,13.15,-0.4,18470,2409,13.55
2017-07-05,75016560,989896954,13.3,13.05,13.25,0.1,9782,2409,13.25
2017-07-06,94658627,1244122016,13.3,13.05,13.15,-0.1,7935,2409,13.2
2017-07-07,136903963,1767970445,13.05,12.8,12.8,-0.35,14350,2409,12.95
2017-07-10,90902920,1162072426,12.9,12.7,12.75,-0.05,8609,2409,12.85
2017-07-11,110333560,1437096830,13.1,12.85,13.05,0.3,12162,2409,12.85
2017-07-12,86956752,1129583403,13.15,12.9,12.9,-0.15,10444,2409,13.1
2017-07-13,151586026,1917903019,12.8,12.55,12.55,-0.35,18136,2409,12.8
2017-07-14,79045565,993854678,12.7,12.45,12.5,-0.05,10519,2409,12.5
2017-07-17,84612060,1051604594,12.65,12.3,12.35,-0.15,10807,2409,12.65
2017-07-18,96074906,1208735861,12.7,12.35,12.65,0.3,10050,2409,12.4
2017-07-19,100799286,1277517085,12.8,12.55,12.55,-0.1,14725,2409,12.7
2017-07-20,130451485,1601017926,12.4,12.2,12.2,-0.35,16175,2409,12.3
2017-07-21,163639368,1976626959,12.25,11.95,12.2,0.0,20191,2409,12.1
2017-07-24,70988229,862938336,12.3,12.05,12.15,-0.05,9266,2409,12.2
2017-07-25,70076800,854176415,12.3,12.05,12.25,0.1,8934,2409,12.15
2017-07-26,75921467,921706573,12.3,12.05,12.1,-0.15,9233,2409,12.25
2017-07-27,120973375,1489645052,12.4,12.2,12.25,0.15,15539,2409,12.3
2017-07-28,77926653,944880369,12.2,12.05,12.1,-0.15,9007,2409,12.2
2017-07-31,49717528,604392307,12.25,12.05,12.2,0.1,6780,2409,12.15
2017-08-01,51161674,626747796,12.3,12.2,12.25,0.05,6987,2409,12.25
2017-08-02,74273015,900282416,12.2,12.05,12.1,-0.15,8537,2409,12.15
2017-08-03,54966545,664416865,12.15,12.05,12.1,0.0,7202,2409,12.1
2017-08-04,78078831,948911439,12.3,12.0,12.2,0.1,8415,2409,12.05
2017-08-07,70691740,855794712,12.2,12.05,12.05,-0.15,7055,2409,12.1
2017-08-08,70825350,852734450,12.1,12.0,12.0,-0.05,8210,2409,12.1
2017-08-09,107378569,1278107833,12.05,11.8,11.8,-0.2,13151,2409,12.0
2017-08-10,77364239,910681315,11.95,11.7,11.7,-0.1,9356,2409,11.8
2017-08-11,120913742,1440820749,12.0,11.7,12.0,0.3,9749,2409,11.7
2017-08-14,59040806,703697915,12.05,11.8,11.8,-0.2,7353,2409,12.0
2017-08-15,84180714,1009105391,12.05,11.9,11.9,0.1,7865,2409,11.95
2017-08-16,89977746,1053101393,11.8,11.6,11.7,-0.2,11821,2409,11.75
2017-08-17,108682696,1292349185,12.0,11.75,11.95,0.25,11280,2409,11.75
2017-08-18,38122810,450264983,11.9,11.75,11.8,-0.15,7027,2409,11.85
2017-08-21,81250483,973964434,12.05,11.8,12.0,0.2,9792,2409,11.85
2017-08-22,146249170,1792253284,12.3,12.15,12.3,0.3,16495,2409,12.15
2017-08-23,86434009,1053301322,12.35,12.1,12.1,-0.2,11079,2409,12.35
2017-08-24,68811284,832365054,12.2,12.05,12.1,0.0,9209,2409,12.1
2017-08-25,72905278,882821826,12.2,12.05,12.15,0.05,9480,2409,12.15
2017-08-28,160021413,1975823087,12.45,12.25,12.35,0.2,15702,2409,12.25
2017-08-29,55593494,682020518,12.4,12.2,12.25,-0.1,7677,2409,12.35
2017-08-30,94712907,1166502346,12.4,12.2,12.35,0.1,11108,2409,12.25
2017-08-31,79196062,980822407,12.45,12.3,12.4,0.05,9062,2409,12.4
2017-09-01,59062643,730552292,12.45,12.3,12.4,0.0,8609,2409,12.4
2017-09-04,54783446,674142380,12.4,12.2,12.25,-0.15,6165,2409,12.35
2017-09-05,119143724,1481975457,12.55,12.3,12.55,0.3,12753,2409,12.3
2017-09-06,98846922,1218684558,12.45,12.2,12.25,-0.3,12109,2409,12.4
2017-09-07,77117553,947423806,12.4,12.2,12.2,-0.05,7449,2409,12.35
2017-09-08,71286307,881824837,12.45,12.3,12.35,0.15,8031,2409,12.3
2017-09-11,45898245,564515106,12.4,12.25,12.3,-0.05,5450,2409,12.4
2017-09-12,54233705,668270744,12.4,12.25,12.3,0.0,5660,2409,12.35
2017-09-13,58721151,725634871,12.45,12.25,12.4,0.1,6655,2409,12.35
2017-09-14,33871863,420114817,12.45,12.35,12.4,0.0,5088,2409,12.45
2017-09-15,56929884,706797667,12.45,12.35,12.45,0.05,7098,2409,12.45
2017-09-18,304425201,3917540363,13.1,12.6,13.05,0.6,33697,2409,12.6
2017-09-19,232362168,2987909225,13.15,12.6,12.6,-0.45,24484,2409,13.1
2017-09-20,135909896,1718841839,12.8,12.5,12.7,0.1,14443,2409,12.6
2017-09-21,73626081,934202860,12.8,12.6,12.65,-0.05,9477,2409,12.75
2017-09-22,89682587,1123527029,12.75,12.45,12.45,-0.2,10599,2409,12.65
2017-09-25,54066776,668057663,12.55,12.3,12.3,-0.15,8039,2409,12.5
2017-09-26,69803523,854821422,12.4,12.1,12.15,-0.15,9123,2409,12.25
2017-09-27,53994147,662518409,12.4,12.2,12.2,0.05,6613,2409,12.25
2017-09-28,72377440,879643745,12.3,12.05,12.05,-0.15,8599,2409,12.3
2017-09-29,94369624,1140668154,12.2,11.95,12.15,0.1,8867,2409,12.05
2017-09-30,21098271,256880956,12.25,12.15,12.15,0.0,3683,2409,12.2
2017-10-02,24939657,303973397,12.25,12.15,12.15,0.0,3592,2409,12.2
2017-10-03,30933371,376430869,12.25,12.15,12.15,0.0,3921,2409,12.15
2017-10-05,58187301,717406923,12.4,12.2,12.35,0.2,6317,2409,12.25
2017-10-06,37206878,459063566,12.45,12.25,12.35,0.0,4647,2409,12.35
2017-10-11,67337095,817679589,12.25,12.05,12.2,-0.15,6917,2409,12.05
2017-10-12,44860725,544762484,12.25,12.1,12.1,-0.1,5795,2409,12.2
2017-10-13,44051608,538894048,12.3,12.15,12.2,0.1,5486,2409,12.15
2017-10-16,52616976,648449198,12.4,12.25,12.3,0.1,7082,2409,12.3
2017-10-17,28393154,348125053,12.35,12.2,12.25,-0.05,4279,2409,12.35
2017-10-18,33429712,409987218,12.35,12.2,12.25,0.0,5675,2409,12.3
2017-10-19,158301677,1978568332,12.65,12.3,12.55,0.3,16095,2409,12.35
2017-10-20,82157578,1029529806,12.6,12.4,12.6,0.05,6946,2409,12.45
2017-10-23,84018311,1047135594,12.6,12.35,12.35,-0.25,8332,2409,12.5
2017-10-24,58673612,718762161,12.3,12.2,12.25,-0.1,6721,2409,12.3
2017-10-25,61257626,759112279,12.45,12.3,12.45,0.2,6206,2409,12.35
2017-10-26,113055892,1423806127,12.7,12.5,12.55,0.1,11655,2409,12.6
2017-10-27,126309723,1572588526,12.55,12.35,12.35,-0.2,11721,2409,12.5
2017-10-30,48540674,598852614,12.5,12.25,12.35,0.0,5737,2409,12.45
2017-10-31,33593641,413341308,12.35,12.25,12.35,0.0,3847,2409,12.35
2017-11-01,66345320,824358177,12.5,12.3,12.45,0.1,7393,2409,12.35
2017-11-02,61247222,761600761,12.55,12.35,12.35,-0.1,6402,2409,12.5
2017-11-03,50461621,628053940,12.5,12.35,12.5,0.15,5169,2409,12.4
2017-11-06,61738671,771059567,12.55,12.4,12.55,0.05,5610,2409,12.55
2017-11-07,31454626,393224900,12.6,12.45,12.5,-0.05,5108,2409,12.55
2017-11-08,62903862,778311273,12.45,12.3,12.4,-0.1,6276,2409,12.4
2017-11-09,51203149,637077404,12.5,12.4,12.4,0.0,5953,2409,12.45
2017-11-10,44747344,551593451,12.45,12.3,12.3,-0.1,5827,2409,12.4
2017-11-13,40074530,490862010,12.35,12.2,12.2,-0.1,5249,2409,12.3
2017-11-14,53615900,658901305,12.35,12.2,12.25,0.05,6506,2409,12.25
2017-11-15,34084769,418848844,12.35,12.25,12.25,0.0,6220,2409,12.3
2017-11-16,84443872,1048948574,12.55,12.3,12.4,0.15,11530,2409,12.4
2017-11-17,60037889,751035497,12.6,12.4,12.45,0.05,7170,2409,12.6
2017-11-20,101742575,1282714656,12.65,12.55,12.65,0.2,13873,2409,12.55
2017-11-21,68468171,867822153,12.75,12.6,12.7,0.05,9768,2409,12.7
2017-11-22,243130775,3145870561,13.05,12.8,12.9,0.2,27328,2409,12.8
2017-11-23,113056902,1462280290,13.05,12.8,12.95,0.05,10559,2409,13.0
2017-11-24,239463149,3174889644,13.45,12.95,13.3,0.35,28512,2409,13.0
2017-11-27,127724982,1694035478,13.45,13.05,13.05,-0.25,15061,2409,13.4
2017-11-28,102446499,1351423791,13.3,13.05,13.15,0.1,10251,2409,13.1
2017-11-29,122192308,1599062004,13.35,12.95,13.05,-0.1,12124,2409,13.25
2017-11-30,118821137,1519370677,12.9,12.7,12.75,-0.3,12579,2409,12.8
2017-12-01,72278474,913352165,12.8,12.55,12.55,-0.2,10045,2409,12.8
2017-12-04,147779525,1867695040,12.75,12.45,12.55,0.0,9846,2409,12.55
2017-12-05,65506392,825482042,12.7,12.5,12.6,0.05,7199,2409,12.55
2017-12-06,72632312,917889458,12.8,12.5,12.6,0.0,8731,2409,12.7
2017-12-07,77439682,968257036,12.65,12.35,12.4,-0.2,9058,2409,12.6
2017-12-08,61495480,763969134,12.5,12.3,12.5,0.1,7153,2409,12.5
2017-12-11,78671183,998277889,12.8,12.5,12.7,0.2,6738,2409,12.55
2017-12-12,36190046,455621157,12.75,12.5,12.55,-0.15,4466,2409,12.7
2017-12-13,35906458,451026057,12.65,12.45,12.6,0.05,3841,2409,12.5
2017-12-14,30111576,379426193,12.65,12.55,12.6,0.0,3638,2409,12.6
2017-12-15,47711713,597245169,12.6,12.4,12.6,0.0,4711,2409,12.6
2017-12-18,18894803,236522970,12.6,12.45,12.5,-0.1,3257,2409,12.55
2017-12-19,34604124,429494759,12.5,12.35,12.35,-0.15,4971,2409,12.5
2017-12-20,44613112,552386553,12.5,12.3,12.35,0.0,6317,2409,12.35
2017-12-21,24016497,296371242,12.4,12.3,12.3,-0.05,3165,2409,12.35
2017-12-22,18937523,235235433,12.45,12.35,12.45,0.15,2443,2409,12.4
2017-12-25,17142906,213597353,12.5,12.4,12.45,0.0,2229,2409,12.5
2017-12-26,25150833,311010466,12.5,12.3,12.35,-0.1,2843,2409,12.45
2017-12-27,25684024,317357625,12.4,12.3,12.35,0.0,2995,2409,12.35
2017-12-28,32204848,401137116,12.5,12.35,12.5,0.15,4067,2409,12.4
2017-12-29,23247063,289461205,12.55,12.4,12.4,-0.1,3353,2409,12.55
2018-01-02,36296346,449354341,12.45,12.35,12.35,-0.05,8519,2409,12.4
2018-01-03,40395182,503541774,12.55,12.4,12.45,0.1,9092,2409,12.4
2018-01-04,75023561,944241892,12.7,12.5,12.5,0.05,10441,2409,12.55
2018-01-05,38785738,483565007,12.55,12.4,12.5,0.0,6629,2409,12.55
2018-01-08,36358963,456333992,12.65,12.5,12.6,0.1,7371,2409,12.6
2018-01-09,55544056,689592242,12.55,12.35,12.35,-0.25,9456,2409,12.55
2018-01-10,26035814,322113474,12.4,12.35,12.4,0.05,5820,2409,12.4
2018-01-11,25479277,315765789,12.45,12.35,12.4,0.0,6736,2409,12.4
2018-01-12,120797090,1521458233,12.7,12.4,12.6,0.2,17755,2409,12.45
2018-01-15,74758720,954115945,12.85,12.7,12.75,0.15,11529,2409,12.8
2018-01-16,182010238,2360081694,13.1,12.7,13.05,0.3,21404,2409,12.75
2018-01-17,142881621,1880410189,13.25,13.05,13.15,0.1,19207,2409,13.15
2018-01-18,102375418,1344527834,13.25,13.05,13.05,-0.1,12401,2409,13.25
2018-01-19,91246755,1196181089,13.2,13.05,13.2,0.15,12702,2409,13.15
2018-01-22,222028936,2989043665,13.6,13.25,13.55,0.35,31931,2409,13.3
2018-01-23,144342428,1924657711,13.65,13.15,13.2,-0.35,16995,2409,13.6
2018-01-24,386404197,5320374726,14.05,13.5,13.8,0.6,41594,2409,13.7
2018-01-25,283706127,4017787478,14.35,14.0,14.05,0.25,38295,2409,14.2
2018-01-26,159507688,2252676592,14.3,13.9,14.3,0.25,25093,2409,14.15
2018-01-29,115317941,1650648215,14.45,14.2,14.25,-0.05,17905,2409,14.4
2018-01-30,148078343,2065650384,14.2,13.75,13.8,-0.45,22667,2409,14.2
2018-01-31,142967478,1960145904,13.9,13.5,13.9,0.1,15815,2409,13.65
2018-02-01,148606832,2019422206,13.75,13.5,13.5,-0.4,25041,2409,13.7
2018-02-02,76842518,1035381572,13.6,13.35,13.5,0.0,10948,2409,13.35
2018-02-05,98149397,1300806625,13.35,13.15,13.35,-0.15,10395,2409,13.15
2018-02-06,218960974,2802555122,13.15,12.5,12.8,-0.55,23450,2409,13.1
2018-02-07,186721496,2472631918,13.35,13.1,13.3,0.5,17555,2409,13.15
2018-02-08,286131531,3882730185,13.9,13.2,13.8,0.5,32855,2409,13.25
2018-02-09,204615523,2741591409,13.55,13.3,13.35,-0.45,25522,2409,13.3
2018-02-12,110611932,1465050921,13.45,13.1,13.1,-0.25,14466,2409,13.4
2018-02-21,127968642,1726613509,13.65,13.4,13.4,0.3,18104,2409,13.5
2018-02-22,69557150,925259812,13.4,13.25,13.3,-0.1,9843,2409,13.3
2018-02-23,50831600,676860392,13.4,13.25,13.3,0.0,11378,2409,13.35
2018-02-26,47569508,631069494,13.35,13.2,13.25,-0.05,6191,2409,13.3
2018-02-27,51379647,678233692,13.35,13.1,13.1,-0.15,7422,2409,13.3
2018-03-01,90819982,1181550273,13.3,12.85,13.2,0.1,10367,2409,12.9
2018-03-02,38898383,506200579,13.1,12.95,13.0,-0.2,7492,2409,13.05
2018-03-05,44886531,583866553,13.1,12.95,13.0,0.0,6176,2409,13.0
2018-03-06,24471060,319370580,13.1,13.0,13.05,0.05,5311,2409,13.1
2018-03-07,32562522,422966814,13.05,12.95,12.95,-0.1,5659,2409,13.0
2018-03-08,173084442,2330302474,13.75,13.0,13.65,0.7,19832,2409,13.0
2018-03-09,134819852,1830581727,13.7,13.5,13.5,-0.15,16228,2409,13.55
2018-03-12,60146594,811294937,13.65,13.35,13.45,-0.05,8504,2409,13.6
2018-03-13,33070414,446337806,13.55,13.4,13.55,0.1,5329,2409,13.45
2018-03-14,69735222,949408119,13.8,13.5,13.5,-0.05,9208,2409,13.5
2018-03-15,44935299,607277663,13.6,13.45,13.55,0.05,5232,2409,13.55
2018-03-16,41886755,569098931,13.65,13.5,13.65,0.1,5550,2409,13.55
2018-03-19,112910335,1568172449,14.05,13.7,13.85,0.2,14903,2409,13.7
2018-03-20,111224439,1551356946,14.1,13.75,14.0,0.15,14171,2409,13.8
2018-03-21,69568788,970103304,14.1,13.85,13.85,-0.15,10816,2409,14.0
2018-03-22,60135838,826488947,13.95,13.6,13.7,-0.15,9217,2409,13.9
2018-03-23,70032826,928127066,13.6,13.35,13.55,-0.15,8437,2409,13.4
2018-03-26,154107685,2115634868,13.8,13.65,13.65,0.1,18732,2409,13.7
2018-03-27,53362891,733189766,13.85,13.65,13.65,0.0,8759,2409,13.75
2018-03-28,41874026,569009180,13.7,13.55,13.55,-0.1,8118,2409,13.65
2018-03-29,43372412,587778716,13.65,13.5,13.5,-0.05,8040,2409,13.55
2018-03-30,38637297,526449216,13.7,13.55,13.65,0.15,6261,2409,13.6
2018-03-31,19976355,271904984,13.7,13.55,13.6,-0.05,3621,2409,13.7
2018-04-02,66438082,912719585,13.85,13.55,13.75,0.15,8039,2409,13.65
2018-04-03,35705642,486997641,13.7,13.6,13.65,-0.1,6099,2409,13.65
2018-04-09,84073364,1129030469,13.55,13.35,13.35,-0.3,12687,2409,13.5
2018-04-10,50848520,672931095,13.3,13.1,13.3,-0.05,8948,2409,13.25
2018-04-11,23552085,314976915,13.45,13.3,13.3,0.0,5149,2409,13.4
2018-04-12,29997336,402806436,13.5,13.35,13.45,0.15,5575,2409,13.35
2018-04-13,26315090,353513081,13.55,13.35,13.35,-0.1,4896,2409,13.5
2018-04-16,44940882,591595215,13.4,13.05,13.1,-0.25,8935,2409,13.35
2018-04-17,113528802,1449780799,13.1,12.55,12.6,-0.5,19681,2409,13.05
2018-04-18,44583271,566126568,12.8,12.6,12.75,0.15,7967,2409,12.65
2018-04-19,61614236,789039655,12.9,12.75,12.85,0.1,11094,2409,12.85
2018-04-20,35406502,448321503,12.75,12.6,12.65,-0.2,6334,2409,12.7
2018-04-23,56657205,707653359,12.6,12.4,12.4,-0.25,10489,2409,12.55
2018-04-24,69467367,845555933,12.45,12.05,12.1,-0.3,12591,2409,12.4
2018-04-25,83196125,999080454,12.25,11.9,12.15,0.05,14324,2409,11.95
2018-04-26,80529158,971744543,12.25,11.95,12.0,-0.15,11283,2409,12.2
2018-04-27,107795338,1344851365,12.65,12.3,12.55,0.55,13915,2409,12.3
2018-04-30,51701644,642625339,12.55,12.35,12.4,-0.15,7390,2409,12.55
2018-05-02,36984635,457065017,12.45,12.3,12.35,-0.05,6171,2409,12.35
2018-05-03,43954454,544647388,12.5,12.3,12.35,0.0,5972,2409,12.3
2018-05-04,28475033,354273834,12.55,12.35,12.4,0.05,5931,2409,12.35
2018-05-07,33076661,409458340,12.5,12.3,12.3,-0.1,6942,2409,12.45
2018-05-08,98523163,1248563297,12.8,12.3,12.8,0.5,14212,2409,12.3
2018-05-09,49476437,628710626,12.9,12.6,12.6,-0.2,8801,2409,12.75
2018-05-10,28568634,360561005,12.7,12.55,12.6,0.0,5906,2409,12.65
2018-05-11,33485138,425538999,12.8,12.6,12.65,0.05,7027,2409,12.7
2018-05-14,35946193,458181013,12.8,12.65,12.7,0.05,5069,2409,12.75
2018-05-15,26596275,340169424,12.85,12.7,12.8,0.1,7411,2409,12.8
2018-05-16,41741229,537762254,13.05,12.75,12.85,0.05,8298,2409,12.8
2018-05-17,38626369,497440965,13.0,12.75,12.85,0.0,6514,2409,12.8
2018-05-18,30113236,386223842,12.9,12.75,12.75,-0.1,6036,2409,12.8
2018-05-21,22499224,287967521,12.9,12.75,12.75,0.0,4491,2409,12.75
2018-05-22,20516891,263080432,12.9,12.75,12.8,0.05,3630,2409,12.85
2018-05-23,32977387,423264626,12.9,12.8,12.8,0.0,7292,2409,12.85
2018-05-24,24634762,314871527,12.85,12.75,12.75,-0.05,4535,2409,12.8
2018-05-25,28877619,367807585,12.8,12.7,12.7,-0.05,5460,2409,12.75
2018-05-28,22801639,290201679,12.75,12.7,12.75,0.05,4464,2409,12.7
2018-05-29,28626352,366983918,12.9,12.7,12.85,0.1,4256,2409,12.7
2018-05-30,36317433,463503140,12.8,12.7,12.8,-0.05,9004,2409,12.75
2018-05-31,83854327,1094538222,13.15,12.85,13.15,0.35,10287,2409,12.85
2018-06-01,76641081,1020308693,13.45,13.2,13.25,0.1,14618,2409,13.2
2018-06-04,40353217,538593146,13.4,13.3,13.35,0.1,7015,2409,13.35
2018-06-05,54229834,715110289,13.35,13.05,13.1,-0.25,11300,2409,13.3
2018-06-06,35266169,467583451,13.35,13.1,13.25,0.15,7047,2409,13.1
2018-06-07,75729139,1013574361,13.55,13.2,13.35,0.1,10086,2409,13.25
2018-06-08,46352562,618596547,13.4,13.3,13.3,-0.05,7258,2409,13.35
2018-06-11,30863613,410879046,13.4,13.25,13.3,0.0,4229,2409,13.35
2018-06-12,33106446,441474400,13.4,13.25,13.35,0.05,4479,2409,13.3
2018-06-13,35781023,478108288,13.4,13.3,13.3,-0.05,5708,2409,13.3
2018-06-14,28031695,373676923,13.4,13.3,13.3,0.0,4094,2409,13.3
2018-06-15,106499695,1437890465,13.6,13.4,13.5,0.2,9649,2409,13.4
2018-06-19,88743780,1171224735,13.3,13.15,13.15,-0.35,15674,2409,13.2
2018-06-20,90720341,1207322684,13.55,13.05,13.5,0.35,17977,2409,13.05
2018-06-21,50385166,671829421,13.45,13.2,13.25,-0.25,6408,2409,13.4
2018-06-22,63156517,819145577,13.15,12.85,12.95,-0.3,9988,2409,13.1
2018-06-25,31252656,403086981,13.0,12.85,12.85,-0.1,5608,2409,12.9
2018-06-26,25620023,326399975,12.85,12.7,12.7,-0.15,5682,2409,12.8
2018-06-27,27307762,349621836,12.9,12.75,12.75,0.05,5408,2409,12.8
2018-06-28,39092607,493731649,12.7,12.6,12.6,-0.15,7709,2409,12.65
2018-06-29,30445875,390781608,12.95,12.75,12.9,0.3,5362,2409,12.8
2018-07-02,33957174,440025470,13.05,12.9,12.9,0.0,5640,2409,12.95
2018-07-03,26227364,337338408,13.0,12.8,12.8,-0.1,5305,2409,12.95
2018-07-04,16661628,213281867,12.85,12.75,12.8,0.0,3080,2409,12.75
2018-07-05,20771333,267369489,12.95,12.8,12.8,0.0,3646,2409,12.85
2018-07-06,64406266,839696808,13.2,12.9,13.0,0.2,8984,2409,13.1
2018-07-09,129557985,1731941122,13.5,13.2,13.5,0.5,14307,2409,13.25
2018-07-10,145624847,1960796850,13.7,13.3,13.4,-0.1,16584,2409,13.7
2018-07-11,116950605,1565017851,13.45,13.25,13.4,0.0,14827,2409,13.35
2018-07-12,108334635,1304354011,12.15,12.0,12.0,0.0,16302,2409,12.05
2018-07-13,43954252,527842824,12.1,11.95,12.05,0.05,7450,2409,12.05
2018-07-16,41419169,498277278,12.1,12.0,12.0,-0.05,7882,2409,12.05
2018-07-17,51555520,618962440,12.1,11.9,12.0,0.0,7239,2409,12.0
2018-07-18,58544789,712517406,12.25,12.05,12.2,0.2,13145,2409,12.1
2018-07-19,40374713,497381172,12.4,12.25,12.4,0.2,5638,2409,12.3
2018-07-20,55132239,687581847,12.6,12.4,12.45,0.05,7751,2409,12.45
2018-07-23,34638341,431081387,12.55,12.4,12.4,-0.05,5551,2409,12.5
2018-07-24,32481388,402107916,12.45,12.3,12.3,-0.1,4518,2409,12.4
2018-07-25,31944805,397326788,12.5,12.35,12.45,0.15,4338,2409,12.35
2018-07-26,31095123,384348229,12.45,12.3,12.35,-0.1,5600,2409,12.45
2018-07-27,132335188,1667404368,12.7,12.4,12.7,0.35,15519,2409,12.4
2018-07-30,110014564,1421920296,13.0,12.75,13.0,0.3,14929,2409,12.8
2018-07-31,117495663,1541910614,13.2,13.0,13.2,0.2,18732,2409,13.1
2018-08-01,94897981,1258204119,13.35,13.15,13.25,0.05,10863,2409,13.3
2018-08-02,73404123,963482467,13.3,13.05,13.15,-0.1,8094,2409,13.3
2018-08-03,47690651,628630070,13.25,13.1,13.2,0.05,6764,2409,13.2
2018-08-06,44263299,588511587,13.35,13.2,13.35,0.15,6485,2409,13.25
2018-08-07,58068229,775934607,13.45,13.25,13.35,0.0,8357,2409,13.45
2018-08-08,36634375,489207206,13.45,13.3,13.35,0.0,5947,2409,13.45
2018-08-09,37170535,494175765,13.4,13.25,13.25,-0.1,4922,2409,13.4
2018-08-10,46997796,611446587,13.2,12.9,12.9,-0.35,6809,2409,13.2
2018-08-13,37009482,473278900,12.9,12.7,12.8,-0.1,5671,2409,12.75
2018-08-14,35530581,463005003,13.1,12.9,13.0,0.2,5262,2409,12.95
2018-08-15,47488544,610554782,13.0,12.75,12.8,-0.2,6838,2409,12.9
2018-08-16,30898516,395806136,12.95,12.7,12.8,0.0,4066,2409,12.75
2018-08-17,35098400,455333500,13.1,12.85,13.1,0.3,7705,2409,12.95
2018-08-20,48416623,638259283,13.25,13.1,13.15,0.05,6076,2409,13.25
2018-08-21,30675293,399744159,13.2,12.95,13.05,-0.1,4627,2409,13.15
2018-08-22,21926966,284641376,13.1,12.9,13.0,-0.05,3723,2409,13.05
2018-08-23,20180603,263214639,13.1,12.95,13.1,0.1,3407,2409,13.0
2018-08-24,23252532,300429648,13.1,12.85,12.9,-0.2,4236,2409,13.0
2018-08-27,17519078,227327077,13.05,12.9,13.0,0.1,3392,2409,13.05
2018-08-28,19477657,253479841,13.1,12.95,13.0,0.0,3670,2409,13.05
2018-08-29,21469303,279178989,13.1,12.95,13.1,0.1,4213,2409,13.0
2018-08-30,99493224,1327018225,13.45,13.2,13.2,0.1,13390,2409,13.3
2018-08-31,28952843,382838042,13.3,13.1,13.3,0.1,4728,2409,13.2
2018-09-03,19892463,263045147,13.4,13.1,13.1,-0.2,3673,2409,13.3
2018-09-04,13026912,171302981,13.2,13.1,13.2,0.1,2589,2409,13.15
2018-09-05,27112334,355445284,13.25,13.05,13.1,-0.1,3607,2409,13.2
2018-09-06,25481534,331651944,13.1,12.9,13.05,-0.05,3255,2409,13.0
2018-09-07,38726685,498028161,13.0,12.75,12.9,-0.15,5766,2409,13.0
2018-09-10,36021305,456904165,12.85,12.6,12.6,-0.3,5563,2409,12.85
2018-09-11,17622357,223849242,12.8,12.55,12.75,0.15,2820,2409,12.6
2018-09-12,30162205,386025552,12.9,12.65,12.9,0.15,3926,2409,12.8
2018-09-13,16675826,214620038,13.0,12.75,12.9,0.0,3602,2409,12.95
2018-09-14,46477765,604258995,13.1,12.85,13.1,0.2,8859,2409,13.0
2018-09-17,17314856,224509096,13.1,12.9,12.95,-0.15,6061,2409,13.05
2018-09-18,14492088,186518704,12.95,12.8,12.8,-0.15,2932,2409,12.85
2018-09-19,17255227,221953742,12.9,12.8,12.9,0.1,3506,2409,12.9
2018-09-20,22863577,293494161,12.95,12.75,12.75,-0.15,2999,2409,12.95
2018-09-21,30520702,388768813,12.85,12.65,12.85,0.1,4813,2409,12.8
2018-09-25,19473454,248991706,12.85,12.7,12.75,-0.1,2917,2409,12.8
2018-09-26,18850186,241343699,12.85,12.75,12.8,0.05,3510,2409,12.8
2018-09-27,43266170,561722365,13.05,12.8,13.0,0.2,8033,2409,12.85
2018-09-28,18713340,242328061,13.05,12.9,12.9,-0.1,3516,2409,13.0
2018-10-01,29416419,378166138,13.0,12.75,12.8,-0.1,4192,2409,12.9
2018-10-02,17636698,224744481,12.85,12.7,12.75,-0.05,4491,2409,12.8
2018-10-03,12335940,157488670,12.85,12.7,12.8,0.05,2369,2409,12.75
2018-10-04,28297192,356914277,12.75,12.55,12.55,-0.25,6701,2409,12.75
2018-10-05,36640229,455757171,12.55,12.3,12.4,-0.15,6445,2409,12.5
2018-10-08,23344616,289669819,12.55,12.25,12.4,0.0,4169,2409,12.25
2018-10-09,23116054,288194512,12.55,12.35,12.5,0.1,3799,2409,12.5
2018-10-11,97989305,1139138888,12.0,11.25,11.3,-1.2,15109,2409,11.9
2018-10-12,32606877,379213957,11.85,11.35,11.85,0.55,7459,2409,11.4
2018-10-15,23166623,271112702,11.85,11.6,11.7,-0.15,3587,2409,11.8
2018-10-16,22112587,256422951,11.75,11.5,11.55,-0.15,4291,2409,11.6
2018-10-17,21561142,251440478,11.8,11.6,11.7,0.15,4297,2409,11.75
2018-10-18,15415309,178743553,11.75,11.5,11.5,-0.2,3369,2409,11.7
2018-10-19,60389303,692968831,11.65,11.2,11.5,0.0,5106,2409,11.35
2018-10-22,25190019,292296204,11.75,11.3,11.65,0.15,4117,2409,11.5
2018-10-23,34930777,398519762,11.65,11.25,11.35,-0.3,6053,2409,11.5
2018-10-24,46866194,544370430,11.8,11.35,11.75,0.4,7180,2409,11.45
2018-10-25,53953650,615664591,11.7,11.3,11.3,-0.45,6398,2409,11.4
2018-10-26,40264700,464344640,11.7,11.4,11.5,0.2,5736,2409,11.45
2018-10-29,42923569,506524595,11.9,11.55,11.9,0.4,9070,2409,11.6
2018-10-30,22465593,264917603,11.95,11.7,11.75,-0.15,3544,2409,11.95
2018-10-31,58566649,705941299,12.2,11.9,12.2,0.45,6143,2409,12.2
2018-11-01,87102803,1036389606,12.15,11.7,11.75,-0.45,10839,2409,11.95
2018-11-02,29524263,347838615,11.95,11.7,11.7,-0.05,4699,2409,11.9
2018-11-05,35540309,412952919,11.75,11.55,11.65,-0.05,4580,2409,11.65
2018-11-06,52587660,624594504,11.95,11.65,11.9,0.25,7740,2409,11.7
2018-11-07,25981240,312184180,12.1,11.9,12.05,0.15,5728,2409,12.0
2018-11-08,38587657,469688885,12.25,12.05,12.2,0.15,7110,2409,12.2
2018-11-09,27247357,331587206,12.2,12.1,12.2,0.0,5910,2409,12.2
2018-11-12,32276345,397584424,12.4,12.1,12.35,0.15,5846,2409,12.1
2018-11-13,28635393,351547430,12.4,12.1,12.4,0.05,4578,2409,12.1
2018-11-14,39128822,488412863,12.55,12.35,12.55,0.15,6765,2409,12.45
2018-11-15,30827734,388170690,12.65,12.45,12.6,0.05,5963,2409,12.6
2018-11-16,35978309,455994248,12.75,12.55,12.75,0.15,6717,2409,12.7
2018-11-19,17307540,220123453,12.75,12.65,12.75,0.0,3516,2409,12.75
2018-11-20,19797248,247502010,12.65,12.4,12.4,-0.35,4314,2409,12.65
2018-11-21,33655649,416135509,12.55,12.25,12.55,0.15,5639,2409,12.3
2018-11-22,12057824,149749458,12.55,12.35,12.4,-0.15,2354,2409,12.5
2018-11-23,23672980,295153038,12.55,12.3,12.5,0.1,3517,2409,12.3
2018-11-26,15916854,200458590,12.7,12.5,12.6,0.1,2930,2409,12.55
2018-11-27,27856594,353320295,12.75,12.5,12.7,0.1,4901,2409,12.55
2018-11-28,20163779,257090563,12.8,12.65,12.8,0.1,4280,2409,12.7
2018-11-29,24675726,315631050,12.9,12.7,12.7,-0.1,4900,2409,12.9
2018-11-30,40392222,510638913,12.85,12.55,12.55,-0.15,3819,2409,12.7
2018-12-03,31416737,400093414,12.85,12.65,12.7,0.15,3698,2409,12.7
2018-12-04,30224449,386279156,12.85,12.7,12.75,0.05,4337,2409,12.7
2018-12-05,16492032,207364490,12.65,12.5,12.55,-0.2,2685,2409,12.55
2018-12-06,34194930,425828119,12.6,12.35,12.5,-0.05,5356,2409,12.55
2018-12-07,23829119,299474909,12.65,12.5,12.55,0.05,4442,2409,12.5
2018-12-10,18439006,227410210,12.45,12.2,12.35,-0.2,3293,2409,12.4
2018-12-11,15675715,193828812,12.45,12.3,12.35,0.0,3916,2409,12.4
2018-12-12,19385277,240458001,12.45,12.35,12.4,0.05,3140,2409,12.45
2018-12-13,14746460,183272535,12.45,12.4,12.45,0.05,3309,2409,12.4
2018-12-14,17399645,215281822,12.45,12.3,12.4,-0.05,2645,2409,12.4
2018-12-17,12221402,150333303,12.35,12.25,12.3,-0.1,2181,2409,12.3
2018-12-18,53647572,659892567,12.45,12.2,12.4,0.1,5260,2409,12.3
2018-12-19,13731032,170248875,12.45,12.35,12.45,0.05,3977,2409,12.4
2018-12-20,14559572,179796118,12.4,12.3,12.35,-0.1,2277,2409,12.3
2018-12-21,24783900,303290369,12.35,12.2,12.2,-0.15,2522,2409,12.35
2018-12-22,6584494,80791134,12.45,12.15,12.45,0.25,1508,2409,12.2
2018-12-24,15786194,193432654,12.35,12.2,12.2,-0.25,2528,2409,12.35
2018-12-25,14475785,174439970,12.15,12.0,12.0,-0.2,2125,2409,12.0
2018-12-26,14088389,168951586,12.1,11.9,12.0,0.0,2424,2409,12.0
2018-12-27,10994370,133738475,12.2,12.1,12.2,0.2,2685,2409,12.15
2018-12-28,11530805,140999605,12.3,12.1,12.3,0.1,1999,2409,12.2
2019-01-02,15675587,188902542,12.3,11.95,11.95,-0.35,3260,2409,12.3
2019-01-03,16088720,191986818,12.0,11.9,11.9,-0.05,3385,2409,11.9
2019-01-04,21044818,250968944,12.05,11.75,11.9,0.0,3079,2409,11.85
2019-01-07,15568012,188085575,12.15,11.95,12.1,0.2,3610,2409,12.1
2019-01-08,12132098,147624472,12.2,12.1,12.15,0.05,3657,2409,12.15
2019-01-09,29407122,365161413,12.45,12.3,12.45,0.3,6461,2409,12.3
2019-01-10,26465106,328509895,12.5,12.3,12.45,0.0,3909,2409,12.4
2019-01-11,17409982,216624610,12.5,12.4,12.45,0.0,3035,2409,12.45
2019-01-14,11799491,146941509,12.5,12.4,12.45,0.0,2328,2409,12.5
2019-01-15,21480504,269012761,12.55,12.45,12.55,0.1,4172,2409,12.5
2019-01-16,22360602,278240360,12.6,12.35,12.4,-0.15,3866,2409,12.5
2019-01-17,20305833,252330547,12.5,12.35,12.45,0.05,3259,2409,12.4
2019-01-18,16153175,201117630,12.5,12.4,12.45,0.0,3203,2409,12.45
2019-01-21,20921896,260654518,12.5,12.4,12.45,0.0,3081,2409,12.5
2019-01-22,15354817,189116682,12.45,12.25,12.3,-0.15,3112,2409,12.45
2019-01-23,10937487,135140688,12.4,12.3,12.4,0.1,2482,2409,12.35
2019-01-24,16663736,207223300,12.5,12.4,12.45,0.05,2600,2409,12.45
2019-01-25,33010558,415702723,12.65,12.45,12.65,0.2,5467,2409,12.5
2019-01-28,19077889,238943756,12.6,12.45,12.6,-0.05,3931,2409,12.6
2019-01-29,43147463,546023503,12.75,12.5,12.75,0.15,6095,2409,12.55
2019-01-30,117921504,1418836029,12.35,11.9,11.9,-0.85,16303,2409,12.3
2019-02-11,132739168,1509285584,11.55,11.25,11.25,-0.65,20637,2409,11.5
2019-02-12,153191952,1667619612,11.0,10.75,10.95,-0.3,22393,2409,10.9
2019-02-13,110102271,1203663181,11.05,10.75,10.95,0.0,13058,2409,10.75
2019-02-14,72394338,801854622,11.2,10.95,11.05,0.1,11031,2409,11.05
2019-02-15,55288370,606468179,11.05,10.9,10.9,-0.15,8781,2409,11.0
2019-02-18,36837685,405809385,11.1,10.9,11.0,0.1,7571,2409,10.95
2019-02-19,19236433,212134613,11.1,10.95,11.0,0.0,3627,2409,11.05
2019-02-20,44378859,491779309,11.15,11.0,11.1,0.1,9563,2409,11.05
2019-02-21,64319854,704944478,11.15,10.9,10.95,-0.15,9423,2409,11.1
2019-02-22,56365924,617973178,11.05,10.9,11.05,0.1,9200,2409,10.95
2019-02-25,43398866,479385386,11.1,11.0,11.05,0.0,5845,2409,11.05
2019-02-26,42614084,472516911,11.15,11.0,11.1,0.05,7646,2409,11.05
2019-02-27,94111561,1072819113,11.5,11.25,11.35,0.25,14853,2409,11.25
2019-03-04,60925998,690864730,11.5,11.2,11.4,0.05,9465,2409,11.3
2019-03-05,39535572,451818154,11.5,11.35,11.4,0.0,6681,2409,11.45
2019-03-06,76604890,891511916,11.7,11.5,11.7,0.3,12596,2409,11.5
2019-03-07,35949981,416701198,11.75,11.5,11.6,-0.1,6207,2409,11.7
2019-03-08,40860952,471059196,11.65,11.4,11.55,-0.05,5629,2409,11.55
2019-03-11,44387974,515931408,11.8,11.45,11.5,-0.05,7643,2409,11.5
2019-03-12,38806510,452793215,11.75,11.6,11.65,0.15,7227,2409,11.6
2019-03-13,76250334,885607069,11.7,11.55,11.6,-0.05,4789,2409,11.55
2019-03-14,61157946,704211159,11.65,11.4,11.4,-0.2,5821,2409,11.6
2019-03-15,116468228,1338842312,11.6,11.4,11.45,0.05,5942,2409,11.4
2019-03-18,19277009,222744752,11.6,11.5,11.55,0.1,2719,2409,11.55
2019-03-19,40889268,468342564,11.55,11.4,11.4,-0.15,5140,2409,11.55
2019-03-20,45811574,524020836,11.55,11.35,11.45,0.05,5927,2409,11.45
2019-03-21,29068081,332155580,11.5,11.4,11.4,-0.05,4121,2409,11.45
2019-03-22,70180717,811679491,11.65,11.45,11.6,0.2,8589,2409,11.5
2019-03-25,39610871,452487154,11.6,11.4,11.5,-0.1,6991,2409,11.5
2019-03-26,18766610,216604514,11.6,11.5,11.55,0.05,3428,2409,11.6
2019-03-27,30816129,352344037,11.55,11.4,11.4,-0.15,5093,2409,11.55
2019-03-28,41614262,469509192,11.45,11.2,11.2,-0.2,7662,2409,11.4
2019-03-29,30967472,349890908,11.35,11.2,11.35,0.15,4011,2409,11.25
2019-04-01,14698617,166377632,11.4,11.3,11.3,-0.05,3784,2409,11.35
2019-04-02,25354810,286039689,11.35,11.2,11.25,-0.05,8279,2409,11.35
2019-04-03,23390033,264527836,11.35,11.25,11.3,0.05,4314,2409,11.3
2019-04-08,24579242,281413527,11.5,11.35,11.5,0.2,6436,2409,11.4
2019-04-09,43122671,496676798,11.6,11.45,11.55,0.05,4787,2409,11.5
2019-04-10,24723881,282313525,11.5,11.4,11.4,-0.15,4772,2409,11.45
2019-04-11,51134860,585909769,11.55,11.4,11.45,0.05,5016,2409,11.55
2019-04-12,24311813,277776489,11.5,11.4,11.4,-0.05,3989,2409,11.45
2019-04-15,24246321,277446989,11.5,11.4,11.4,0.0,4706,2409,11.45
2019-04-16,22067998,250116293,11.45,11.3,11.3,-0.1,4582,2409,11.4
2019-04-17,34492351,393664691,11.5,11.3,11.4,0.1,4845,2409,11.35
2019-04-18,35116691,397408640,11.45,11.25,11.3,-0.1,5513,2409,11.45
2019-04-19,18404872,208281125,11.4,11.25,11.25,-0.05,3669,2409,11.35
2019-04-22,17147865,192981665,11.35,11.2,11.2,-0.05,3352,2409,11.3
2019-04-23,14221943,159499637,11.3,11.15,11.25,0.05,2493,2409,11.25
2019-04-24,25430323,283591858,11.25,11.1,11.1,-0.15,4275,2409,11.25
2019-04-25,35278689,392058465,11.2,11.05,11.1,0.0,6859,2409,11.1
2019-04-26,65001545,704280879,10.95,10.75,10.85,-0.25,10608,2409,10.95
2019-04-29,40430645,438453256,10.9,10.8,10.85,0.0,6929,2409,10.85
2019-04-30,37683772,411524761,11.05,10.8,11.05,0.2,6192,2409,10.85
2019-05-02,31585270,345028508,11.05,10.85,10.85,-0.2,7817,2409,11.0
2019-05-03,17604254,192118118,11.0,10.85,10.9,0.05,3180,2409,10.9
2019-05-06,28613359,307270739,10.85,10.7,10.7,-0.2,7042,2409,10.85
2019-05-07,23132911,249805763,10.9,10.75,10.75,0.05,5127,2409,10.75
2019-05-08,27767175,294113005,10.65,10.55,10.55,-0.2,5762,2409,10.65
2019-05-09,38783012,403455130,10.55,10.3,10.35,-0.2,7449,2409,10.5
2019-05-10,37972377,387830619,10.45,10.1,10.1,-0.25,8153,2409,10.3
2019-05-13,27129939,275552803,10.25,10.1,10.15,0.05,5180,2409,10.1
2019-05-14,33827242,339620235,10.1,9.96,10.05,-0.1,5912,2409,10.05
2019-05-15,28813098,291246115,10.2,10.05,10.1,0.05,4202,2409,10.05
2019-05-16,44745364,445009054,10.1,9.79,9.86,-0.24,9525,2409,10.1
2019-05-17,39063688,381222980,9.95,9.56,9.61,-0.25,9674,2409,9.83
2019-05-20,34984361,335613911,9.68,9.53,9.55,-0.06,6590,2409,9.6
2019-05-21,52708918,490567224,9.53,9.23,9.27,-0.28,10712,2409,9.53
2019-05-22,33268225,310325012,9.43,9.2,9.37,0.1,7241,2409,9.23
2019-05-23,39684024,365332398,9.37,9.12,9.19,-0.18,8155,2409,9.37
2019-05-24,38223405,352824591,9.34,9.15,9.16,-0.03,7213,2409,9.15
2019-05-27,25976109,238861577,9.29,9.12,9.21,0.05,4475,2409,9.2
2019-05-28,87007889,786930182,9.18,9.0,9.03,-0.18,10737,2409,9.18
2019-05-29,47205473,421632850,9.0,8.88,8.91,-0.12,10505,2409,9.0
2019-05-30,32674359,294270678,9.07,8.91,9.02,0.11,6242,2409,8.91
2019-05-31,48321767,446386328,9.32,9.01,9.3,0.28,9439,2409,9.01
2019-06-03,16832139,154775226,9.25,9.11,9.25,-0.05,3531,2409,9.22
2019-06-04,25250679,231853453,9.23,9.13,9.16,-0.09,4845,2409,9.22
2019-06-05,25230892,233709378,9.3,9.21,9.25,0.09,4993,2409,9.29
2019-06-06,28637719,261030568,9.24,9.06,9.06,-0.19,5482,2409,9.24
2019-06-10,21862128,199466357,9.19,9.1,9.11,0.05,5320,2409,9.1
2019-06-11,30558295,283203765,9.34,9.13,9.31,0.2,6831,2409,9.17
2019-06-12,45054787,417957255,9.42,9.18,9.2,-0.11,7795,2409,9.34
2019-06-13,22726658,207858207,9.2,9.1,9.16,-0.04,4100,2409,9.14
2019-06-14,33329716,304107888,9.19,9.08,9.19,0.03,7127,2409,9.14
2019-06-17,14548098,133120190,9.21,9.11,9.11,-0.08,4631,2409,9.19
2019-06-18,25886309,234855703,9.13,9.05,9.05,-0.06,6295,2409,9.1
2019-06-19,35136458,319944758,9.19,9.03,9.19,0.14,9210,2409,9.15
2019-06-20,30589302,281238713,9.24,9.16,9.2,0.01,6373,2409,9.19
2019-06-21,55623146,513368716,9.31,9.16,9.22,0.02,6024,2409,9.25
2019-06-24,26850856,246472425,9.25,9.15,9.15,-0.07,5548,2409,9.25
2019-06-25,38755136,354227699,9.22,9.08,9.08,-0.07,5244,2409,9.18
2019-06-26,31602422,287423949,9.14,9.08,9.08,0.0,5266,2409,9.09
2019-06-27,81555710,764679024,9.5,9.11,9.44,0.36,14249,2409,9.14
2019-06-28,44913464,419329982,9.51,9.26,9.3,-0.14,8997,2409,9.45
2019-07-01,48253430,452671068,9.48,9.3,9.37,0.07,10979,2409,9.45
2019-07-02,16203387,151344639,9.38,9.3,9.34,-0.03,3649,2409,9.37
2019-07-03,21206050,198422175,9.4,9.31,9.31,-0.03,4146,2409,9.34
2019-07-04,15960087,148949618,9.37,9.3,9.35,0.04,3361,2409,9.36
2019-07-05,44483600,420066726,9.48,9.37,9.47,0.12,6499,2409,9.38
2019-07-08,46645448,435267965,9.47,9.27,9.32,-0.15,8653,2409,9.47
2019-07-09,46520607,429460424,9.31,9.2,9.21,-0.11,9913,2409,9.31
2019-07-10,73591547,683805027,9.37,9.23,9.3,0.09,11037,2409,9.25
2019-07-11,71243346,640507593,9.06,8.91,9.03,0.0,13270,2409,8.91
2019-07-12,36051535,322714605,9.0,8.92,8.93,-0.1,7572,2409,8.99
2019-07-15,28714814,255035820,8.93,8.82,8.93,0.0,5739,2409,8.93
2019-07-16,29003068,258909461,8.97,8.89,8.92,-0.01,6650,2409,8.95
2019-07-17,94637808,873181056,9.3,8.96,9.25,0.33,15789,2409,8.96
2019-07-18,50898299,465245056,9.28,9.07,9.09,-0.16,8946,2409,9.25
2019-07-19,40552246,367090167,9.15,9.01,9.01,-0.08,7466,2409,9.14
2019-07-22,22908509,206523732,9.06,8.96,8.96,-0.05,4672,2409,9.02
2019-07-23,30376523,271761017,9.0,8.92,8.93,-0.03,5689,2409,8.98
2019-07-24,25096015,223794537,8.96,8.9,8.9,-0.03,5158,2409,8.93
2019-07-25,45934481,405347136,8.89,8.81,8.81,-0.09,7961,2409,8.88
2019-07-26,73616382,634755615,8.74,8.55,8.59,-0.22,14033,2409,8.74
2019-07-29,47959411,409040935,8.57,8.5,8.53,-0.06,8736,2409,8.55
2019-07-30,56401450,477211293,8.54,8.4,8.4,-0.13,10145,2409,8.53
2019-07-31,90018349,742092553,8.36,8.12,8.27,-0.13,18189,2409,8.35
2019-08-01,62113594,504231747,8.17,8.1,8.1,-0.17,19745,2409,8.17
2019-08-02,69237127,554676237,8.14,7.93,8.14,0.04,12823,2409,8.02
2019-08-05,55502527,441322158,8.04,7.91,7.91,-0.23,12398,2409,8.0
2019-08-06,67629272,515709747,7.78,7.51,7.77,-0.14,13108,2409,7.68
2019-08-07,57321973,435463756,7.76,7.51,7.52,-0.25,13043,2409,7.76
2019-08-08,56216054,430516436,7.77,7.48,7.66,0.14,10483,2409,7.48
2019-08-12,46616993,349160066,7.57,7.45,7.45,-0.21,9379,2409,7.57
2019-08-13,60423034,442328253,7.42,7.27,7.27,-0.18,10115,2409,7.38
2019-08-14,86977647,629341124,7.36,7.11,7.11,-0.16,14414,2409,7.35
2019-08-15,80684620,565360049,7.09,6.92,7.03,-0.08,13775,2409,6.99
2019-08-16,108242375,796138266,7.52,7.06,7.42,0.39,17926,2409,7.07
2019-08-19,90728797,702120181,7.84,7.53,7.8,0.38,16329,2409,7.58
2019-08-20,82469720,644912028,7.97,7.71,7.71,-0.09,14214,2409,7.93
2019-08-21,51623810,406612385,7.95,7.81,7.87,0.16,10645,2409,7.89
2019-08-22,61169218,471904547,7.92,7.62,7.64,-0.23,11591,2409,7.9
2019-08-23,38582189,297220247,7.77,7.63,7.76,0.12,8564,2409,7.64
2019-08-26,43452348,334054267,7.77,7.64,7.65,-0.11,7359,2409,7.7
2019-08-27,71640110,540648415,7.73,7.45,7.45,-0.2,8701,2409,7.72
2019-08-28,49361702,371395619,7.57,7.47,7.52,0.07,7091,2409,7.47
2019-08-29,77630360,602846687,7.88,7.57,7.83,0.31,15985,2409,7.6
2019-08-30,114319345,931777257,8.29,7.88,8.18,0.35,17372,2409,7.88
2019-09-02,39306940,320092923,8.24,8.07,8.12,-0.06,7372,2409,8.24
2019-09-03,47868512,384241404,8.19,7.94,7.94,-0.18,10380,2409,8.14
2019-09-04,35628187,285867596,8.09,7.96,8.04,0.1,5678,2409,7.96
2019-09-05,44991885,361217637,8.13,7.99,8.04,0.0,6820,2409,8.11
2019-09-06,61144046,495989685,8.18,8.01,8.16,0.12,10777,2409,8.08
2019-09-09,61311050,498374092,8.2,8.09,8.1,-0.06,8692,2409,8.16
2019-09-10,169914001,1413138636,8.47,8.2,8.21,0.11,23024,2409,8.27
2019-09-11,169870194,1440455137,8.64,8.3,8.61,0.4,25378,2409,8.3
2019-09-12,95661284,824383555,8.8,8.52,8.55,-0.06,14861,2409,8.79
2019-09-16,49995942,422648818,8.63,8.38,8.48,-0.07,9031,2409,8.63
2019-09-17,70981300,588930839,8.42,8.26,8.26,-0.22,12180,2409,8.36
2019-09-18,36517584,302744606,8.34,8.25,8.3,0.04,7069,2409,8.25
2019-09-19,53348810,436350557,8.34,8.1,8.11,-0.19,11094,2409,8.3
2019-09-20,113336533,939974881,8.39,8.11,8.39,0.28,11396,2409,8.11
2019-09-23,35464353,293865703,8.35,8.22,8.35,-0.04,6420,2409,8.3
2019-09-24,24967216,207715206,8.38,8.27,8.3,-0.05,4664,2409,8.29
2019-09-25,35561604,290647928,8.22,8.14,8.15,-0.15,6439,2409,8.19
2019-09-26,49232224,397366529,8.19,8.0,8.0,-0.15,9090,2409,8.14
2019-09-27,35951432,283807916,7.99,7.83,7.86,-0.14,9406,2409,7.98
2019-10-01,37315616,297228760,8.08,7.77,7.97,0.11,7799,2409,7.77
2019-10-02,52845433,411679107,7.87,7.75,7.75,-0.22,8086,2409,7.76
2019-10-03,50649428,393571746,7.9,7.53,7.9,0.15,10696,2409,7.62
2019-10-04,53099939,423605560,8.08,7.83,8.03,0.13,7436,2409,7.88
2019-10-07,19179052,153533076,8.05,7.94,8.01,-0.02,4461,2409,8.03
2019-10-08,28387487,229060476,8.12,8.01,8.02,0.01,4409,2409,8.02
2019-10-09,39907575,317200388,8.04,7.89,7.89,-0.13,5242,2409,7.97
2019-10-14,65388754,535368448,8.27,7.95,8.19,0.3,10661,2409,8.0
2019-10-15,37931501,312125936,8.28,8.19,8.2,0.01,8250,2409,8.21
2019-10-16,49092468,406271307,8.32,8.23,8.25,0.05,9227,2409,8.27
2019-10-17,31228840,259202679,8.37,8.25,8.3,0.05,6279,2409,8.37
2019-10-18,42513274,353580116,8.37,8.22,8.36,0.06,4896,2409,8.3
2019-10-21,19975845,166358602,8.36,8.28,8.31,-0.05,3409,2409,8.31
2019-10-22,23534423,194813290,8.35,8.22,8.22,-0.09,4017,2409,8.31
2019-10-23,59077920,478558697,8.23,8.03,8.03,-0.19,11008,2409,8.22
2019-10-24,52468098,425350905,8.19,8.0,8.19,0.16,9053,2409,8.03
2019-10-25,31481590,258454212,8.28,8.1,8.25,0.06,5255,2409,8.18
2019-10-28,15990922,131660301,8.28,8.2,8.2,-0.05,3653,2409,8.25
2019-10-29,26840787,219500076,8.25,8.1,8.1,-0.1,6793,2409,8.21
2019-10-30,21709279,176790592,8.18,8.1,8.1,0.0,5002,2409,8.14
2019-10-31,114947569,892398458,7.96,7.67,7.8,-0.3,19793,2409,7.95
2019-11-01,47068492,361738062,7.75,7.6,7.72,-0.08,9078,2409,7.69
2019-11-04,44407864,349839276,8.0,7.75,7.92,0.2,10462,2409,7.75
2019-11-05,35161377,280778646,8.04,7.92,8.04,0.12,5616,2409,7.93
2019-11-06,67015656,545360347,8.26,7.97,8.22,0.18,11220,2409,8.06
2019-11-07,47178310,387601655,8.32,8.12,8.2,-0.02,9908,2409,8.2
2019-11-08,44689406,364068691,8.27,8.03,8.04,-0.16,10509,2409,8.18
2019-11-11,33465356,264132893,8.06,7.85,7.85,-0.19,6787,2409,8.04
2019-11-12,16950794,132888204,7.95,7.81,7.81,-0.04,4026,2409,7.95
2019-11-13,24217601,188518890,7.85,7.76,7.76,-0.05,4839,2409,7.77
2019-11-14,35071363,271048803,7.8,7.69,7.71,-0.05,6603,2409,7.79
2019-11-15,61090873,486337054,8.06,7.84,7.87,0.16,8678,2409,7.85
2019-11-18,24618718,194506511,7.95,7.87,7.92,0.05,3961,2409,7.87
2019-11-19,24455591,193916355,7.99,7.88,7.95,0.03,4786,2409,7.92
2019-11-20,47467413,380155188,8.04,7.95,8.02,0.07,5389,2409,7.96
2019-11-21,29279166,232880200,8.02,7.92,7.94,-0.08,4159,2409,8.0
2019-11-22,35417493,284305016,8.07,7.96,8.02,0.08,5912,2409,7.96
2019-11-25,61227724,496110808,8.16,8.02,8.13,0.11,8759,2409,8.07
2019-11-26,80766911,649335128,8.18,8.0,8.0,-0.13,6234,2409,8.15
2019-11-27,133604064,1113161339,8.53,8.05,8.3,0.3,20200,2409,8.06
2019-11-28,94897439,794524141,8.46,8.25,8.46,0.16,15457,2409,8.32
2019-11-29,188170147,1628534666,8.81,8.42,8.78,0.32,26998,2409,8.48
2019-12-02,101922717,885190520,8.87,8.57,8.59,-0.19,16530,2409,8.85
2019-12-03,62217475,527968734,8.63,8.39,8.43,-0.16,12748,2409,8.51
2019-12-04,50940755,430141226,8.52,8.37,8.48,0.05,11544,2409,8.43
2019-12-05,40231849,339113142,8.55,8.36,8.36,-0.12,6652,2409,8.53
2019-12-06,54030460,447421917,8.44,8.2,8.21,-0.15,15271,2409,8.39
2019-12-09,274060525,2441201724,9.03,8.6,9.03,0.82,29720,2409,8.65
2019-12-10,293574573,2722707871,9.51,9.02,9.38,0.35,37110,2409,9.07
2019-12-11,136935724,1275871054,9.45,9.21,9.29,-0.09,20656,2409,9.41
2019-12-12,100963292,939516303,9.4,9.22,9.33,0.04,14807,2409,9.35
2019-12-13,195540992,1865269666,9.7,9.34,9.58,0.25,26657,2409,9.42
2019-12-16,253905644,2537183374,10.2,9.76,10.1,0.52,32848,2409,9.8
2019-12-17,123146764,1242820279,10.2,9.91,10.2,0.1,21546,2409,10.15
2019-12-18,136827447,1401614885,10.4,10.0,10.3,0.1,16246,2409,10.05
2019-12-19,96824248,983103959,10.4,10.0,10.15,-0.15,12159,2409,10.3
2019-12-20,87500435,883896268,10.3,10.05,10.05,-0.1,9060,2409,10.2
2019-12-23,38815836,394077895,10.25,10.05,10.2,0.15,6741,2409,10.2
2019-12-24,38689775,390413400,10.25,10.0,10.0,-0.2,6684,2409,10.2
2019-12-25,62056072,632383835,10.25,10.05,10.15,0.15,8842,2409,10.05
2019-12-26,23633834,239687203,10.25,10.05,10.1,-0.05,4450,2409,10.2
2019-12-27,75524675,776580634,10.45,10.1,10.15,0.05,10588,2409,10.1
2019-12-30,35080888,355087994,10.25,10.05,10.1,-0.05,4819,2409,10.15
2019-12-31,26549151,268024332,10.15,10.05,10.05,-0.05,4332,2409,10.1
2020-01-02,34118400,346424676,10.2,10.1,10.15,0.1,4804,2409,10.15
2020-01-03,68859648,690661050,10.25,9.89,10.05,-0.1,9759,2409,10.2
2020-01-06,67039572,669719890,10.2,9.89,9.96,-0.09,9020,2409,10.1
2020-01-07,66052483,665339301,10.2,9.98,10.05,0.09,8179,2409,10.05
2020-01-08,145245556,1483285506,10.35,9.85,10.35,0.3,16630,2409,9.96
2020-01-09,103550909,1063426114,10.4,10.1,10.15,-0.2,9150,2409,10.35
2020-01-10,51302820,518002600,10.2,10.05,10.05,-0.1,5845,2409,10.15
2020-01-13,93641879,968195053,10.5,10.1,10.35,0.3,11597,2409,10.15
2020-01-14,87082196,913311246,10.6,10.35,10.45,0.1,11130,2409,10.45
2020-01-15,56670165,586277855,10.5,10.2,10.3,-0.15,6857,2409,10.45
2020-01-16,32778613,338667807,10.4,10.25,10.3,0.0,3790,2409,10.4
2020-01-17,43471832,452787807,10.5,10.3,10.45,0.15,5544,2409,10.35
2020-01-20,44709321,471551695,10.6,10.45,10.55,0.1,6326,2409,10.5
2020-01-30,119319965,1166362173,10.15,9.51,9.75,-0.8,20534,2409,10.15
2020-01-31,102306463,1027239089,10.25,9.8,10.1,0.35,12441,2409,9.8
2020-02-03,210505961,2228705001,11.05,9.82,11.0,0.9,33378,2409,9.99
2020-02-04,182107029,2038780528,11.35,10.85,11.3,0.3,24517,2409,11.1
2020-02-05,198499403,2233453887,11.65,10.9,11.1,-0.2,31766,2409,11.3
2020-02-06,88874698,991463435,11.35,11.0,11.2,0.1,12937,2409,11.2
2020-02-07,135768758,1494930788,11.25,10.75,11.05,-0.15,17138,2409,10.9
2020-02-10,169633376,1930631426,11.5,11.1,11.5,0.45,20952,2409,11.15
2020-02-11,103243896,1173329566,11.55,11.25,11.3,-0.2,15146,2409,11.5
2020-02-12,88115411,986932141,11.35,11.1,11.1,-0.2,13492,2409,11.3
2020-02-13,84998512,932737808,11.2,10.8,10.9,-0.2,13233,2409,11.1
2020-02-14,48894426,532116369,11.0,10.8,10.95,0.05,7672,2409,10.85
2020-02-17,76603383,808343385,10.9,10.4,10.5,-0.45,13816,2409,10.9
2020-02-18,83111821,885772130,10.85,10.5,10.5,0.0,11769,2409,10.6
2020-02-19,84016458,902982169,10.85,10.6,10.8,0.3,11146,2409,10.7
2020-02-20,46129795,496523247,10.9,10.65,10.75,-0.05,6217,2409,10.9
2020-02-21,67280347,707764204,10.75,10.4,10.5,-0.25,10020,2409,10.7
2020-02-24,64511187,688614996,10.8,10.55,10.75,0.25,9487,2409,10.55
2020-02-25,47266491,498709516,10.7,10.5,10.5,-0.25,8624,2409,10.6
2020-02-26,130317193,1313295160,10.35,9.91,9.99,-0.51,21113,2409,10.25
2020-02-27,139095293,1332996423,9.98,9.4,9.5,-0.49,24009,2409,9.95
2020-03-02,73401480,686092578,9.57,9.12,9.33,-0.17,14935,2409,9.19
2020-03-03,78965501,741818576,9.63,9.26,9.27,-0.06,15595,2409,9.61
2020-03-04,77656521,736822022,9.64,9.27,9.58,0.31,12348,2409,9.31
2020-03-05,58167971,559744772,9.75,9.55,9.64,0.06,9811,2409,9.72
2020-03-06,54344531,509332628,9.56,9.3,9.34,-0.3,11458,2409,9.53
2020-03-09,65342966,594980626,9.32,9.0,9.0,-0.34,15955,2409,9.19
2020-03-10,85428566,769644854,9.25,8.85,8.99,-0.01,16021,2409,8.9
2020-03-11,62618106,556142027,9.05,8.72,8.75,-0.24,12691,2409,8.99
2020-03-12,135125110,1103772176,8.66,8.01,8.04,-0.71,23632,2409,8.65
2020-03-13,131197412,977772647,7.77,7.3,7.69,-0.35,23451,2409,7.46
2020-03-16,95530771,738634280,7.97,7.52,7.58,-0.11,16541,2409,7.8
2020-03-17,116265952,852082219,7.58,7.24,7.25,-0.33,19155,2409,7.35
2020-03-18,112842850,822144252,7.41,7.1,7.1,-0.15,20698,2409,7.36
2020-03-19,152334413,996736571,6.97,6.39,6.39,-0.71,24242,2409,6.95
2020-03-20,152300291,1023131488,6.95,6.56,6.67,0.28,28586,2409,6.56
2020-03-23,84050691,517247371,6.26,6.1,6.1,-0.57,24243,2409,6.21
2020-03-24,81527202,508801420,6.39,6.15,6.19,0.09,16375,2409,6.25
2020-03-25,126553195,829961474,6.68,6.4,6.59,0.4,19537,2409,6.49
2020-03-26,111006199,723853008,6.66,6.36,6.55,-0.04,15523,2409,6.62
2020-03-27,113068058,767236625,6.86,6.71,6.77,0.22,18806,2409,6.8
2020-03-30,79543854,507409115,6.48,6.2,6.48,-0.29,12999,2409,6.4
2020-03-31,160028015,1031011869,6.62,6.13,6.34,-0.14,14754,2409,6.61
2020-04-01,150999021,1027871924,6.97,6.4,6.97,0.63,19703,2409,6.48
2020-04-06,220069100,1584982080,7.42,7.0,7.19,0.22,30639,2409,7.1
2020-04-07,131986129,962364162,7.45,7.15,7.21,0.02,19349,2409,7.32
2020-04-08,82386604,606870527,7.47,7.23,7.4,0.19,14515,2409,7.25
2020-04-09,121593405,903003724,7.54,7.25,7.41,0.01,20458,2409,7.44
2020-04-10,62177979,458560678,7.45,7.29,7.44,0.03,9610,2409,7.37
2020-04-13,76088023,569022925,7.65,7.33,7.35,-0.09,13210,2409,7.49
2020-04-14,64800121,484307924,7.52,7.42,7.49,0.14,10588,2409,7.45
2020-04-15,59289117,448522886,7.62,7.5,7.56,0.07,11793,2409,7.56
2020-04-16,51389364,382408232,7.51,7.41,7.42,-0.14,9465,2409,7.5
2020-04-17,88925542,664313950,7.64,7.35,7.37,-0.05,15388,2409,7.52
2020-04-20,49195054,362746058,7.46,7.25,7.41,0.04,8727,2409,7.37
2020-04-21,86940055,625443760,7.41,7.06,7.07,-0.34,15379,2409,7.41
2020-04-22,96268941,698870506,7.38,6.96,7.33,0.26,15415,2409,7.02
2020-04-23,48798728,359985620,7.47,7.29,7.35,0.02,10471,2409,7.39
2020-04-24,67132660,500202002,7.51,7.34,7.45,0.1,9595,2409,7.37
2020-04-27,158916330,1244466216,8.13,7.51,7.97,0.52,25593,2409,7.6
2020-04-28,105789513,840570880,8.14,7.81,7.82,-0.15,18546,2409,8.03
2020-04-29,52824876,413201308,7.91,7.76,7.83,0.01,10634,2409,7.88
2020-04-30,63146075,498045929,7.93,7.83,7.9,0.07,9630,2409,7.88
2020-05-04,97056273,728797530,7.57,7.45,7.48,-0.42,20359,2409,7.55
2020-05-05,55348423,415652581,7.57,7.44,7.48,0.0,10906,2409,7.54
2020-05-06,77092342,567579805,7.45,7.3,7.3,-0.18,14802,2409,7.44
2020-05-07,58406934,428023021,7.39,7.3,7.32,0.02,9994,2409,7.3
2020-05-08,50035439,368872469,7.42,7.32,7.39,0.07,8754,2409,7.42
2020-05-11,189873878,1481092178,8.04,7.54,7.83,0.44,30463,2409,7.56
2020-05-12,188672009,1509501427,8.12,7.88,8.02,0.19,32407,2409,7.91
2020-05-13,97178866,766340356,8.03,7.81,7.83,-0.19,16781,2409,8.02
2020-05-14,64261836,496449455,7.83,7.65,7.66,-0.17,12019,2409,7.78
2020-05-15,62703573,480546312,7.81,7.58,7.61,-0.05,10501,2409,7.78
2020-05-18,46792351,352793835,7.65,7.5,7.5,-0.11,8652,2409,7.61
2020-05-19,74359826,545460628,7.78,7.56,7.66,0.16,9143,2409,7.66
2020-05-20,62918768,487016101,7.88,7.63,7.63,-0.03,12210,2409,7.72
2020-05-21,46618898,361754907,7.84,7.67,7.73,0.1,8384,2409,7.7
2020-05-22,43433821,330740636,7.72,7.56,7.56,-0.17,8433,2409,7.71
2020-05-25,39253518,296511119,7.65,7.43,7.6,0.04,7127,2409,7.58
2020-05-26,48532979,375476755,7.8,7.62,7.71,0.11,8647,2409,7.68
2020-05-27,46752040,363574923,7.87,7.71,7.72,0.01,8615,2409,7.79
2020-05-28,47173243,364637232,7.83,7.63,7.7,-0.02,7849,2409,7.78
2020-05-29,88161580,671236275,7.71,7.56,7.58,-0.12,11965,2409,7.63
2020-06-01,53732373,418237568,7.85,7.64,7.77,0.19,10302,2409,7.7
2020-06-02,66178821,521362042,7.98,7.8,7.83,0.06,12068,2409,7.92
2020-06-03,319629141,2677638142,8.61,8.01,8.61,0.78,40924,2409,8.06
2020-06-04,216049237,1866900585,8.83,8.44,8.49,-0.12,34522,2409,8.81
2020-06-05,202912739,1802370001,9.07,8.5,8.97,0.48,35125,2409,8.51
2020-06-08,148915438,1361408018,9.29,9.01,9.09,0.12,24540,2409,9.12
2020-06-09,77580020,699387251,9.12,8.9,8.99,-0.1,13367,2409,9.1
2020-06-10,203402645,1912962211,9.58,9.13,9.58,0.59,34166,2409,9.22
2020-06-11,174527193,1645790183,9.75,9.15,9.19,-0.39,31821,2409,9.53
2020-06-12,115839618,1039106180,9.15,8.74,9.1,-0.09,19230,2409,8.75
2020-06-15,87654861,794048598,9.27,8.9,8.91,-0.19,13699,2409,9.25
2020-06-16,52571862,473947140,9.13,8.95,8.99,0.08,9127,2409,9.1
2020-06-17,49944657,445268729,9.05,8.85,8.9,-0.09,10380,2409,9.02
2020-06-18,183605544,1699370205,9.4,9.12,9.25,0.35,24226,2409,9.15
2020-06-19,273874924,2600641543,9.77,9.25,9.25,0.0,39403,2409,9.4
2020-06-22,73761349,679851701,9.35,9.15,9.2,-0.05,12188,2409,9.3
2020-06-23,110086361,1032149891,9.5,9.27,9.37,0.17,19213,2409,9.36
2020-06-24,87932968,829059792,9.55,9.34,9.34,-0.03,12958,2409,9.49
2020-06-29,69006941,639066509,9.32,9.22,9.3,-0.04,10400,2409,9.27
2020-06-30,52662422,487699978,9.36,9.21,9.26,-0.04,7101,2409,9.35
2020-07-01,56401517,522821665,9.34,9.2,9.23,-0.03,8540,2409,9.33
2020-07-02,103293791,970378394,9.51,9.23,9.48,0.25,17246,2409,9.28
2020-07-03,160841386,1502596376,9.55,9.16,9.48,0.0,24896,2409,9.53
2020-07-06,326167945,3299081740,10.4,9.52,10.2,0.72,41770,2409,9.52
2020-07-07,246148006,2532131682,10.6,10.05,10.2,0.0,30436,2409,10.35
2020-07-08,71869576,728335694,10.25,10.05,10.1,-0.1,12277,2409,10.2
2020-07-09,92444011,924397698,10.25,9.89,9.91,-0.19,16421,2409,10.2
2020-07-10,100651036,972347513,9.95,9.55,9.56,-0.35,17617,2409,9.92
2020-07-13,97902962,972026845,10.1,9.81,9.9,0.34,15540,2409,9.83
2020-07-14,60585611,596091862,10.0,9.71,9.87,-0.03,10506,2409,9.9
2020-07-15,116866252,1167781176,10.2,9.8,9.8,-0.07,16695,2409,10.1
2020-07-16,41532493,407901923,9.92,9.77,9.77,-0.03,7082,2409,9.9
2020-07-17,65692865,649919517,10.05,9.75,9.8,0.03,10555,2409,9.91
2020-07-20,32368683,314344781,9.84,9.65,9.75,-0.05,5734,2409,9.81
2020-07-21,63655847,630970061,10.0,9.82,9.85,0.1,10208,2409,9.82
2020-07-22,63395193,633004678,10.05,9.93,9.97,0.12,9924,2409,9.97
2020-07-23,74891841,746655079,10.1,9.9,9.91,-0.06,10450,2409,9.97
2020-07-24,195388565,1863187393,9.9,9.34,9.42,-0.49,28117,2409,9.89
2020-07-27,87092889,823199223,9.67,9.33,9.35,-0.07,14219,2409,9.51
2020-07-28,62680919,587795776,9.54,9.3,9.31,-0.04,14828,2409,9.36
2020-07-29,47318937,444602196,9.5,9.31,9.34,0.03,8538,2409,9.38
2020-07-30,97338233,931258585,9.79,9.34,9.79,0.45,14928,2409,9.48
2020-07-31,201411490,2015999721,10.15,9.9,9.99,0.2,26311,2409,9.98
2020-08-03,99039841,1005724110,10.3,10.05,10.05,0.06,14971,2409,10.25
2020-08-04,133418824,1368372119,10.4,10.05,10.3,0.25,17635,2409,10.2
2020-08-05,100089277,1039336136,10.6,10.2,10.2,-0.1,13712,2409,10.45
2020-08-06,64958625,654206094,10.25,9.96,10.05,-0.15,11366,2409,10.2
2020-08-07,63217631,631597979,10.2,9.9,9.93,-0.12,10360,2409,10.05
2020-08-10,72387511,732595910,10.25,10.0,10.0,0.07,9333,2409,10.1
2020-08-11,51781661,516675438,10.1,9.91,9.91,-0.09,9582,2409,10.05
2020-08-12,47701311,470278126,9.99,9.81,9.81,-0.1,10364,2409,9.91
2020-08-13,42825481,419641730,9.94,9.72,9.74,-0.07,9041,2409,9.9
2020-08-14,50359663,493814324,9.93,9.63,9.85,0.11,13873,2409,9.68
2020-08-17,44900659,443895941,9.98,9.74,9.95,0.1,7975,2409,9.87
2020-08-18,34973593,348422855,10.05,9.92,9.92,-0.03,5687,2409,10.0
2020-08-19,81952438,825533278,10.2,9.95,10.05,0.13,13835,2409,9.96
2020-08-20,181153544,1705242449,10.1,9.06,9.25,-0.8,31815,2409,10.05
2020-08-21,108437219,1036074037,9.69,9.43,9.67,0.42,19693,2409,9.46
2020-08-24,138766982,1371644693,10.1,9.71,9.73,0.06,23462,2409,9.78
2020-08-25,93121097,925283425,10.1,9.82,9.94,0.21,17433,2409,9.83
2020-08-26,125093594,1255022718,10.2,9.9,9.99,0.05,18664,2409,10.05
2020-08-27,470929098,4957171101,10.9,10.15,10.7,0.71,58416,2409,10.15
2020-08-28,177808028,1872937386,10.75,10.35,10.45,-0.25,23526,2409,10.7
2020-08-31,167515763,1773520463,10.9,10.35,10.45,0.0,18491,2409,10.7
2020-09-01,158072508,1687297160,10.8,10.45,10.75,0.3,19272,2409,10.6
2020-09-02,126383473,1351050413,10.85,10.5,10.8,0.05,16812,2409,10.8
2020-09-03,667023078,7799365059,11.85,11.25,11.85,1.05,62615,2409,11.3
2020-09-04,567169283,6830341926,12.45,11.5,12.4,0.55,77307,2409,11.55
2020-09-07,278555528,3434315254,12.6,12.0,12.1,-0.3,40741,2409,12.45
2020-09-08,181907596,2162219219,12.35,11.7,11.8,-0.3,24700,2409,12.25
2020-09-09,296116137,3580155102,12.45,11.55,12.4,0.6,37694,2409,11.65
2020-09-10,336831213,4233628488,12.95,12.2,12.25,-0.15,41711,2409,12.6
2020-09-11,176569888,2163684182,12.6,12.0,12.1,-0.15,21046,2409,12.35
2020-09-14,87102633,1059778272,12.35,12.0,12.2,0.1,12461,2409,12.25
2020-09-15,121017816,1499919372,12.6,12.25,12.35,0.15,16221,2409,12.3
2020-09-16,177605314,2147584756,12.55,11.9,11.95,-0.4,26252,2409,12.5
2020-09-17,110173793,1314988555,12.1,11.75,12.1,0.15,14688,2409,11.95
2020-09-18,94294289,1124154940,12.1,11.8,11.9,-0.2,12295,2409,12.05
2020-09-21,111642690,1327786475,12.1,11.7,11.7,-0.2,18632,2409,12.05
2020-09-22,117899838,1388554068,11.95,11.6,11.7,0.0,13988,2409,11.8
2020-09-23,83755696,988881622,12.0,11.65,11.8,0.1,10971,2409,11.9
2020-09-24,182607641,2065613200,11.65,11.1,11.15,-0.65,25697,2409,11.6
2020-09-25,183312087,1999851763,11.4,10.6,10.75,-0.4,22140,2409,11.25
2020-09-28,83481266,910737226,11.05,10.75,11.0,0.25,12445,2409,10.95
2020-09-29,72186546,799560403,11.2,10.9,11.05,0.05,8384,2409,11.15
2020-09-30,52236150,579612112,11.2,10.95,11.2,0.15,6096,2409,11.1
2020-10-05,68443051,759765453,11.3,11.0,11.15,-0.05,8977,2409,11.25
2020-10-06,122613046,1405025436,11.6,11.15,11.6,0.45,16434,2409,11.25
2020-10-07,86881456,996588535,11.55,11.35,11.55,-0.05,11299,2409,11.5
2020-10-08,90832599,1043649918,11.7,11.35,11.5,-0.05,10396,2409,11.7
2020-10-12,120206872,1371838851,11.65,11.2,11.3,-0.2,14302,2409,11.65
2020-10-13,148120399,1719554118,11.75,11.35,11.75,0.45,19447,2409,11.35
2020-10-14,147354379,1735019900,12.0,11.6,11.6,-0.15,18420,2409,11.7
2020-10-15,96228479,1119715067,11.8,11.5,11.65,0.05,13461,2409,11.7
2020-10-16,75864047,871560156,11.7,11.3,11.3,-0.35,10683,2409,11.65
2020-10-19,55127657,629977859,11.6,11.3,11.4,0.1,8693,2409,11.4
2020-10-20,47000833,532480141,11.5,11.25,11.3,-0.1,7395,2409,11.4
2020-10-21,101634776,1176701804,11.7,11.4,11.55,0.25,17968,2409,11.45
2020-10-22,49332291,567344580,11.6,11.4,11.5,-0.05,7239,2409,11.6
2020-10-23,45822200,529626369,11.6,11.5,11.55,0.05,6952,2409,11.55
2020-10-26,133436030,1573316970,11.95,11.6,11.8,0.25,18476,2409,11.65
2020-10-27,84672267,994362769,11.85,11.55,11.8,0.0,9524,2409,11.65
2020-10-28,74643307,863642164,11.8,11.4,11.45,-0.35,12950,2409,11.8
2020-10-29,197650896,2299916156,11.9,11.05,11.8,0.35,24593,2409,11.2
2020-10-30,182926987,2134561277,11.85,11.5,11.55,-0.25,19009,2409,11.65
2020-11-02,69550368,807525038,11.75,11.5,11.55,0.0,8031,2409,11.65
2020-11-03,74185763,869908377,11.85,11.6,11.8,0.25,9846,2409,11.7
2020-11-04,108559549,1278766207,12.0,11.6,11.65,-0.15,13617,2409,11.85
2020-11-05,54702340,639139774,11.75,11.6,11.7,0.05,8169,2409,11.75
2020-11-06,113226270,1301257246,11.75,11.4,11.45,-0.25,15784,2409,11.7
2020-11-09,110582419,1267402283,11.65,11.3,11.55,0.1,13470,2409,11.6
2020-11-10,137367997,1558455581,11.65,11.2,11.2,-0.35,19800,2409,11.65
2020-11-11,156865434,1722764562,11.25,10.85,10.95,-0.25,26638,2409,11.2
2020-11-12,112255950,1208411162,11.05,10.6,10.7,-0.25,17267,2409,11.0
2020-11-13,175464250,1847181021,10.7,10.35,10.55,-0.15,21986,2409,10.65
2020-11-16,80979040,865638739,10.8,10.6,10.65,0.1,10861,2409,10.7
2020-11-17,107987042,1136532183,10.75,10.4,10.5,-0.15,14935,2409,10.65
2020-11-18,147576422,1569007961,10.9,10.45,10.9,0.4,15613,2409,10.45
2020-11-19,190851164,2140551217,11.35,11.0,11.25,0.35,23647,2409,11.1
2020-11-20,91922844,1036430589,11.4,11.15,11.3,0.05,11654,2409,11.3
2020-11-23,104603236,1197494616,11.6,11.3,11.5,0.2,14275,2409,11.4
2020-11-24,190716001,2243979448,11.95,11.6,11.8,0.3,30464,2409,11.6
2020-11-25,115513784,1367643390,12.0,11.65,11.7,-0.1,17688,2409,11.95
2020-11-26,196451808,2359645683,12.2,11.75,12.1,0.4,27954,2409,11.8
2020-11-27,149895985,1812281279,12.3,11.95,12.0,-0.1,20240,2409,12.2
2020-11-30,221543375,2709092435,12.4,12.05,12.2,0.2,24316,2409,12.15
2020-12-01,500025770,6500828424,13.4,12.4,13.15,0.95,66328,2409,12.45
2020-12-02,464375027,6366347079,14.0,13.25,13.85,0.7,80287,2409,13.4
2020-12-03,307513861,4300937583,14.25,13.7,14.0,0.15,47833,2409,14.05
2020-12-04,481059403,7239193794,15.4,14.25,15.4,1.4,68918,2409,14.3
2020-12-07,706913246,11052033989,16.5,14.85,15.2,-0.2,112008,2409,15.6
2020-12-08,326889674,4879480766,15.35,14.6,14.85,-0.35,51616,2409,15.2
2020-12-09,278927188,4279233486,15.75,14.9,15.6,0.75,45604,2409,15.05
2020-12-10,248787252,3814475564,15.75,15.0,15.1,-0.5,44790,2409,15.45
2020-12-11,283131911,4267927562,15.6,14.5,14.85,-0.25,41073,2409,15.4
2020-12-14,476365731,7371121665,16.0,14.85,15.2,0.35,59176,2409,15.25
2020-12-15,265318529,3968191706,15.45,14.55,14.55,-0.65,39857,2409,15.35
2020-12-16,124142652,1823992026,14.95,14.5,14.75,0.2,22777,2409,14.85
2020-12-17,180701402,2701362755,15.25,14.65,15.0,0.25,26668,2409,14.85
2020-12-18,163817152,2411392930,15.05,14.5,14.5,-0.5,26389,2409,14.9
2020-12-21,113936287,1657581959,14.9,14.15,14.65,0.15,20770,2409,14.7
2020-12-22,231786556,3441027876,15.2,14.4,14.45,-0.2,34599,2409,14.8
2020-12-23,113105025,1652722701,14.8,14.45,14.55,0.1,16533,2409,14.6
2020-12-24,75564596,1104754152,14.8,14.5,14.6,0.05,12969,2409,14.6
2020-12-25,219930736,3321039061,15.3,14.75,15.15,0.55,35868,2409,14.8
2020-12-28,300180127,4645224959,15.75,15.15,15.5,0.35,44893,2409,15.35
2020-12-29,185239233,2840454138,15.75,15.05,15.1,-0.4,35034,2409,15.65
2020-12-30,198503575,2908454159,15.05,14.5,14.65,-0.45,41390,2409,15.0
2020-12-31,282674930,3982736788,14.7,13.9,14.0,-0.65,51095,2409,14.65
2021-01-04,128569709,1821749771,14.45,14.0,14.2,0.2,23060,2409,14.05
2021-01-05,106369666,1482341519,14.2,13.8,14.0,-0.2,21857,2409,14.2
2021-01-06,272412902,3642851147,14.1,13.0,13.5,-0.5,49994,2409,14.0
2021-01-07,190804481,2636414186,13.95,13.6,13.8,0.3,23240,2409,13.9
2021-01-08,137268896,1870358813,13.95,13.4,13.9,0.1,20410,2409,13.9
2021-01-11,143972664,2035572530,14.25,14.0,14.15,0.25,21314,2409,14.15
2021-01-12,116987988,1632029071,14.25,13.75,13.9,-0.25,15390,2409,14.25
2021-01-13,571169504,8549841278,15.25,14.25,15.05,1.15,75237,2409,14.3
2021-01-14,284062732,4288875096,15.35,14.75,14.8,-0.25,45237,2409,15.25
2021-01-15,173391155,2551448765,15.05,14.4,14.7,-0.1,25100,2409,14.95
2021-01-18,181702542,2701901554,15.05,14.65,14.8,0.1,24653,2409,14.9
2021-01-19,105344774,1548017503,14.95,14.55,14.7,-0.1,17009,2409,14.9
2021-01-20,233283155,3287723916,14.75,13.7,13.75,-0.95,41392,2409,14.65
2021-01-21,200509080,2884792841,14.8,14.0,14.1,0.35,30158,2409,14.15
2021-01-22,117865345,1688317125,14.5,14.1,14.5,0.4,16446,2409,14.2
2021-01-25,130003181,1908422269,14.85,14.45,14.7,0.2,19296,2409,14.5
2021-01-26,125528670,1809868288,14.7,14.2,14.2,-0.5,20005,2409,14.6
2021-01-27,123800622,1764087150,14.4,14.0,14.4,0.2,19580,2409,14.35
2021-01-28,124109352,1779501958,14.6,14.0,14.5,0.1,18068,2409,14.05
2021-01-29,509887060,7691678936,15.35,14.75,14.75,0.25,65904,2409,14.8
2021-02-01,611713279,9521081364,15.85,15.15,15.85,1.1,86087,2409,15.2
2021-02-02,769887383,12583660081,16.75,15.95,16.45,0.6,111283,2409,16.4
2021-02-03,707776838,12068752880,17.55,16.35,17.55,1.1,111615,2409,16.55
2021-02-04,625387000,10602176509,17.55,16.4,16.45,-1.1,109834,2409,17.2
2021-02-05,436079246,7100058655,16.8,16.0,16.1,-0.35,68479,2409,16.6
2021-02-17,227513227,3764512345,16.85,16.35,16.6,0.5,40597,2409,16.8
2021-02-18,160862220,2642980004,16.65,16.3,16.4,-0.2,29846,2409,16.6
2021-02-19,332471603,5635431779,17.15,16.45,17.05,0.65,51138,2409,16.5
2021-02-22,318557972,5681636073,18.25,17.35,18.05,1.0,62258,2409,17.4
2021-02-23,193297905,3463817305,18.2,17.6,17.9,-0.15,40015,2409,18.0
2021-02-24,351334036,6555144692,19.15,18.0,18.25,0.35,67342,2409,18.05
2021-02-25,626859252,12424540363,20.05,19.15,19.85,1.6,95021,2409,19.35
2021-02-26,439323283,8399186346,19.5,18.9,18.9,-0.95,84960,2409,19.4
2021-03-02,271162651,5212214054,19.7,18.7,18.75,-0.15,44457,2409,19.65
2021-03-03,216928678,4127661592,19.35,18.75,19.2,0.45,38474,2409,19.2
2021-03-04,213134247,4088641109,19.5,18.95,19.05,-0.15,34745,2409,19.0
2021-03-05,191538886,3548197403,18.9,18.35,18.5,-0.55,39973,2409,18.85
2021-03-08,156304526,2899742504,18.95,18.2,18.2,-0.3,30806,2409,18.7
2021-03-09,127189727,2335250739,18.65,18.1,18.4,0.2,21601,2409,18.3
2021-03-10,119541846,2227436105,18.95,18.35,18.4,0.0,21665,2409,18.85
2021-03-11,85659215,1580487241,18.6,18.3,18.45,0.05,14521,2409,18.5
2021-03-12,124728372,2304012137,18.65,18.25,18.6,0.15,20279,2409,18.55
2021-03-15,69611577,1283931506,18.65,18.35,18.4,-0.2,13613,2409,18.6
2021-03-16,75933194,1404006258,18.7,18.35,18.4,0.0,17031,2409,18.55
2021-03-17,91126018,1692022234,18.7,18.35,18.65,0.25,19858,2409,18.5
2021-03-18,212572479,4080212486,19.45,18.8,19.1,0.45,44359,2409,18.85
2021-03-19,144059392,2736536676,19.2,18.7,19.1,0.0,25584,2409,18.95
2021-03-22,460834794,9092537522,20.2,18.9,20.0,0.9,86144,2409,19.3
2021-03-23,427358716,8529349919,20.8,19.7,19.75,-0.25,69872,2409,20.3
2021-03-24,288416619,5833499847,20.55,19.75,20.5,0.75,52844,2409,19.8
2021-03-25,339283117,6792765255,20.8,19.45,19.5,-1.0,67773,2409,20.6
2021-03-26,197686575,3935725394,20.25,19.4,20.15,0.65,40248,2409,19.7
2021-03-29,472002041,9987649796,21.95,20.2,21.3,1.15,92106,2409,20.2
2021-03-30,247161423,5309095813,21.85,21.15,21.5,0.2,47438,2409,21.55
2021-03-31,155410053,3303800039,21.65,21.05,21.05,-0.45,33597,2409,21.6
2021-04-01,152802322,3198711345,21.35,20.7,21.05,0.0,33975,2409,21.15
2021-04-06,134226581,2874637549,21.75,21.15,21.15,0.1,27127,2409,21.55
2021-04-07,372109979,8399665966,23.2,21.3,23.2,2.05,73212,2409,21.35
2021-04-08,251225092,5875872962,23.75,22.8,23.35,0.15,56993,2409,23.4
2021-04-09,333054247,8248899890,25.5,24.0,24.6,1.25,74212,2409,24.0
2021-04-12,358891487,9440437201,27.05,25.2,27.05,2.45,88832,2409,25.65
2021-04-13,397716242,10430088298,27.0,25.4,25.6,-1.45,106684,2409,26.25
2021-04-14,422623824,10484129813,26.4,23.3,24.8,-0.8,98965,2409,25.7
2021-04-15,263872124,6736631877,26.2,24.9,25.3,0.5,60578,2409,25.25
2021-04-16,134107515,3417722718,25.85,25.1,25.85,0.55,35358,2409,25.4
2021-04-19,325788751,8672028776,27.2,25.6,27.2,1.35,74735,2409,26.1
2021-04-20,273554096,7421711574,27.6,26.45,26.9,-0.3,65349,2409,27.25
2021-04-21,437870214,12556414116,29.5,27.3,29.1,2.2,101986,2409,27.5
2021-04-22,686121327,20411844555,31.5,27.6,28.0,-1.1,174805,2409,30.5
2021-04-23,310712328,8770031167,29.3,27.05,28.85,0.85,84367,2409,28.0
2021-04-26,325096491,9649755401,30.4,28.75,30.2,1.35,76934,2409,29.35
2021-04-27,370906455,11604874639,32.0,30.5,31.1,0.9,96528,2409,31.25
2021-04-28,456349843,14964147131,33.75,31.55,33.35,2.25,114509,2409,31.7
2021-04-29,489401316,16413301071,35.55,32.5,33.15,-0.2,140532,2409,35.2
2021-05-03,466245924,14238653293,31.65,29.85,29.85,-3.3,146927,2409,31.0
2021-05-04,576889384,16068954636,30.5,26.9,27.4,-2.45,144226,2409,29.0
2021-05-05,368541251,10154348559,28.45,26.35,27.0,-0.4,96196,2409,27.4
2021-05-06,420151189,11116903030,28.15,25.05,25.7,-1.3,99989,2409,27.6
2021-05-07,418489571,11226251470,28.2,25.35,28.15,2.45,102716,2409,26.45
2021-05-10,288979530,7851955439,28.0,26.65,26.85,-1.3,76773,2409,27.95
2021-05-11,365083405,8961335483,25.4,24.2,24.2,-2.65,101484,2409,24.85
2021-05-12,588895666,13303983523,24.2,21.8,22.0,-2.2,124520,2409,23.85
2021-05-13,472851611,10208354437,22.75,20.1,21.8,-0.2,99922,2409,20.6
2021-05-14,417683330,9435294398,23.7,21.35,21.85,0.05,94777,2409,22.8
2021-05-17,378125200,7750070724,21.8,19.7,20.0,-1.85,73044,2409,19.8
2021-05-18,340458360,7432575942,22.0,21.15,22.0,2.0,47465,2409,21.45
2021-05-19,733470330,16825130472,23.95,21.85,23.25,1.25,159748,2409,22.2
2021-05-20,354213058,7927226192,23.15,21.65,21.85,-1.4,82589,2409,22.75
2021-05-21,366027842,8042087186,22.8,21.35,21.7,-0.15,82306,2409,22.5
2021-05-24,311184896,6872135570,22.9,20.9,22.6,0.9,70465,2409,21.4
2021-05-25,447619546,10416428039,23.9,22.8,22.85,0.25,92610,2409,23.15
2021-05-26,239392624,5380081515,23.2,22.2,22.2,-0.65,54147,2409,22.95
2021-05-27,332309831,7449273265,23.05,21.75,22.5,0.3,58269,2409,21.85
2021-05-28,325082427,7604679492,23.7,23.0,23.5,1.0,69922,2409,23.2
2021-05-31,738684620,18550438966,25.85,23.75,25.85,2.35,150115,2409,24.25
2021-06-01,666680370,17473424042,26.8,25.7,25.7,-0.15,151625,2409,26.3
2021-06-02,395218406,10088555326,26.45,24.7,24.95,-0.75,99722,2409,26.05
2021-06-03,399709193,9977380461,25.45,24.3,24.85,-0.1,94263,2409,25.3
2021-06-04,244465324,6037924362,25.2,24.35,24.4,-0.45,60587,2409,24.95
2021-06-07,514111837,13022001047,26.0,24.5,25.3,0.9,118202,2409,25.1
2021-06-08,196478601,4916526253,25.45,24.75,24.85,-0.45,49266,2409,25.3
2021-06-09,312756840,7655573035,25.25,23.8,23.85,-1.0,79012,2409,24.85
2021-06-10,353850865,8161833806,24.15,22.5,22.75,-1.1,97827,2409,23.95
2021-06-11,231093126,5313106249,23.4,22.45,23.05,0.3,58657,2409,22.7
2021-06-15,257052688,5766915129,22.95,22.2,22.2,-0.85,68407,2409,22.8
2021-06-16,380631834,8028791008,21.7,20.8,20.8,-1.4,106101,2409,21.7
2021-06-17,421896759,9236102247,22.85,21.25,22.85,2.05,94023,2409,21.3
2021-06-18,539918260,12393223678,23.6,22.45,22.5,-0.35,110704,2409,22.85
2021-06-21,289207523,6637156933,23.3,22.6,23.1,0.6,60735,2409,22.7
2021-06-22,252215380,5948932204,24.15,22.9,23.5,0.4,60169,2409,23.9
2021-06-23,311874504,7490417637,24.35,23.5,24.2,0.7,70203,2409,23.95
2021-06-24,194641516,4643909899,24.35,23.6,23.65,0.0,48534,2409,24.3
2021-06-25,148012312,3473246423,23.95,23.05,23.05,-0.6,40565,2409,23.8
2021-06-28,153703152,3576273908,23.65,22.75,23.5,0.45,40006,2409,23.4
2021-06-29,203162143,4637005651,23.65,22.45,22.45,-1.05,58615,2409,23.6
2021-06-30,136585460,3072948276,22.8,22.15,22.65,0.2,33484,2409,22.6
2021-07-01,144954529,3276945701,23.05,22.2,22.25,-0.4,33168,2409,22.8
2021-07-02,183001327,4152738314,23.15,22.3,22.6,0.35,42364,2409,22.3
2021-07-05,125429430,2815795731,22.7,22.2,22.5,-0.1,28464,2409,22.6
2021-07-06,110335586,2449999091,22.7,22.0,22.0,-0.5,29744,2409,22.65
2021-07-07,105194119,2316690910,22.4,21.75,21.75,-0.25,31585,2409,22.05
2021-07-08,370800852,8463402428,23.6,22.0,22.25,0.5,82655,2409,22.0
2021-07-09,173705498,3886806339,22.65,22.1,22.25,0.0,39365,2409,22.35
2021-07-12,101890050,2274018198,22.8,22.1,22.1,-0.15,25105,2409,22.8
2021-07-13,133809789,2980761921,22.7,21.95,21.95,-0.15,33783,2409,22.3
2021-07-14,223796681,4735556900,22.3,20.55,20.85,-1.1,65262,2409,22.3
2021-07-15,142444473,3004944420,21.6,20.35,21.6,0.75,36086,2409,20.85
2021-07-16,143848912,3103726495,22.15,21.1,21.35,-0.25,32872,2409,21.55
2021-07-19,74866867,1569314768,21.25,20.8,20.9,-0.45,20453,2409,21.15
2021-07-20,152829089,3099293426,20.75,20.05,20.1,-0.8,46240,2409,20.65
2021-07-21,275361788,5368521812,20.45,19.05,19.15,-0.95,70537,2409,20.4
2021-07-22,218685168,4352871806,20.4,19.5,19.7,0.55,49624,2409,19.6
2021-07-23,174639688,3535720278,20.75,19.65,20.7,1.0,39054,2409,20.1
2021-07-26,193871165,4117176650,21.6,20.8,21.15,0.45,40036,2409,21.15
2021-07-27,97789080,2028718895,21.3,20.45,20.5,-0.65,23661,2409,21.15
2021-07-28,175180682,3628552856,21.3,19.8,21.25,0.75,41215,2409,20.35
2021-07-29,232805983,4942502744,21.9,20.7,21.05,-0.2,47221,2409,21.9
2021-07-30,206201852,4358648699,21.55,20.55,20.65,-0.4,43453,2409,21.3
2021-08-02,142832626,2967064284,21.35,20.1,21.3,0.65,36317,2409,20.65
2021-08-03,140189151,3001418744,21.8,21.1,21.35,0.05,30291,2409,21.5
2021-08-04,724377495,16452318098,23.45,21.6,23.4,2.05,151634,2409,21.75
2021-08-05,409902652,9324524877,23.45,22.15,22.3,-1.1,96112,2409,23.4
2021-08-06,164723579,3591785901,22.1,21.6,21.6,-0.7,42887,2409,22.1
2021-08-09,151969786,3276878664,22.25,21.0,21.6,0.0,37878,2409,21.3
2021-08-10,80622719,1724790579,21.8,21.1,21.15,-0.45,22246,2409,21.8
2021-08-11,111839362,2349337293,21.45,20.65,20.85,-0.3,29631,2409,21.1
2021-08-12,56399874,1174473264,21.05,20.7,20.75,-0.1,13623,2409,20.95
2021-08-13,93051359,1915131698,20.85,20.4,20.4,-0.35,21201,2409,20.8
2021-08-16,137651551,2751609651,20.45,19.8,19.9,-0.5,31037,2409,20.1
2021-08-17,86749060,1736272225,20.25,19.85,19.85,-0.05,18318,2409,20.05
2021-08-18,120243073,2440908518,20.7,19.7,20.7,0.85,26605,2409,19.8
2021-08-19,131316339,2629691589,20.4,19.75,19.75,-0.95,31442,2409,20.3
2021-08-20,187871279,3616408609,19.85,19.0,19.05,-0.7,45042,2409,19.75
2021-08-23,148333787,2818731693,19.2,18.8,19.05,0.0,30534,2409,18.8
2021-08-24,331799758,6001837374,19.0,17.6,17.8,-1.25,75844,2409,18.95
2021-08-25,159735305,2886615941,18.35,17.75,18.0,0.2,35659,2409,17.9
2021-08-26,92935027,1672312906,18.2,17.85,17.9,-0.1,20931,2409,18.2
2021-08-27,151498862,2762919811,18.5,17.95,18.1,0.2,29255,2409,18.0
2021-08-30,85017867,1531735192,18.25,17.9,18.0,-0.1,17192,2409,18.15
2021-08-31,166642526,2937469903,18.0,17.4,17.6,-0.4,30929,2409,18.0
2021-09-01,105244102,1880981066,18.1,17.6,17.8,0.2,21200,2409,17.7
2021-09-02,149594397,2600242113,17.85,17.25,17.25,-0.55,30982,2409,17.85
2021-09-03,83144946,1442737365,17.5,17.2,17.25,0.0,18425,2409,17.35
2021-09-06,204463874,3413964029,17.05,16.25,16.95,-0.3,41329,2409,16.75
2021-09-07,178970209,3133981113,17.85,17.3,17.6,0.65,33884,2409,17.4
2021-09-08,96403265,1669458892,17.55,17.05,17.5,-0.1,21683,2409,17.3
2021-09-09,68022527,1200504405,17.8,17.5,17.7,0.2,15277,2409,17.65
2021-09-10,121263002,2185509254,18.25,17.85,17.9,0.2,26363,2409,17.9
2021-09-13,65411471,1168931237,18.1,17.6,17.95,0.05,15799,2409,17.9
2021-09-14,52087384,927950292,18.15,17.6,17.65,-0.3,12185,2409,18.1
2021-09-15,89113894,1586832390,18.1,17.5,17.8,0.15,22727,2409,17.6
2021-09-16,68017095,1196900722,17.95,17.45,17.6,-0.2,17131,2409,17.9
2021-09-17,97846214,1718120185,17.85,17.35,17.45,-0.15,14362,2409,17.45
2021-09-22,197471099,3288389836,16.95,16.3,16.95,-0.5,29778,2409,16.9
2021-09-23,138330162,2329963765,17.15,16.6,16.85,-0.1,23205,2409,17.15
2021-09-24,127904559,2211642593,17.6,16.75,17.5,0.65,23120,2409,16.9
2021-09-27,166407662,2988594760,18.25,17.5,18.15,0.65,36230,2409,17.55
2021-09-28,103758873,1864117850,18.2,17.7,17.95,-0.2,17202,2409,18.05
2021-09-29,107499956,1928584353,18.15,17.55,18.1,0.15,22214,2409,17.65
2021-09-30,194235117,3489526829,18.65,17.65,17.65,-0.45,35637,2409,18.4
2021-10-01,110424304,1943857914,18.0,17.2,17.25,-0.4,21943,2409,17.6
2021-10-04,86512755,1481066695,17.6,16.8,16.8,-0.45,18554,2409,17.45
2021-10-05,154727413,2712034338,17.95,16.5,17.85,1.05,33860,2409,16.6
2021-10-06,102871943,1813701102,17.95,17.4,17.5,-0.35,23225,2409,17.75
2021-10-07,71524569,1256321120,17.75,17.4,17.4,-0.1,15296,2409,17.7
2021-10-08,81716501,1423793167,17.85,17.05,17.1,-0.3,17539,2409,17.6
2021-10-12,71206521,1221219607,17.4,16.95,17.05,-0.05,16819,2409,17.25
2021-10-13,58911902,998817046,17.2,16.8,16.8,-0.25,17257,2409,17.15
2021-10-14,43716511,743274126,17.15,16.8,17.05,0.25,9261,2409,17.0
2021-10-15,68649732,1187999422,17.45,17.1,17.35,0.3,16411,2409,17.2
2021-10-18,48050813,830496686,17.5,17.15,17.25,-0.1,10862,2409,17.4
2021-10-19,54403217,954081471,17.7,17.3,17.6,0.35,11238,2409,17.35
2021-10-20,86863379,1503011162,17.75,17.0,17.0,-0.6,21764,2409,17.75
2021-10-21,89449955,1521859697,17.2,16.7,17.2,0.2,19472,2409,17.0
2021-10-22,59477297,1004010117,17.1,16.8,16.85,-0.35,13799,2409,17.0
2021-10-25,33347151,567120292,17.15,16.75,17.15,0.3,8005,2409,16.8
2021-10-26,37332375,641266551,17.25,17.1,17.25,0.1,8073,2409,17.2
2021-10-27,72752146,1275302487,17.7,17.2,17.6,0.35,13744,2409,17.25
2021-10-28,431050123,8222346123,19.35,18.25,19.15,1.55,78699,2409,18.3
2021-10-29,252057667,4852401608,19.6,18.85,19.2,0.05,50427,2409,19.2
2021-11-01,112793892,2181334844,19.65,19.1,19.2,0.0,23190,2409,19.6
2021-11-02,83296958,1595843601,19.5,18.9,19.0,-0.2,20411,2409,19.25
2021-11-03,177508631,3490245991,20.0,19.0,19.95,0.95,35719,2409,19.0
2021-11-04,111472533,2207582986,20.15,19.55,19.6,-0.35,26812,2409,20.0
2021-11-05,310766226,6365333806,20.8,19.95,20.7,1.1,59059,2409,20.45
2021-11-08,182910950,3825939161,21.4,20.3,21.1,0.4,41091,2409,20.85
2021-11-09,145129138,3013048202,21.15,20.5,20.55,-0.55,34723,2409,21.15
2021-11-10,123654273,2515606626,20.85,20.0,20.0,-0.55,31077,2409,20.5
2021-11-11,91795563,1842667435,20.4,19.75,19.9,-0.1,21705,2409,19.8
2021-11-12,56743515,1140300176,20.3,19.9,20.3,0.4,13004,2409,20.1
2021-11-15,63735303,1290712476,20.4,20.1,20.3,0.0,13146,2409,20.4
2021-11-16,113724933,2251800350,20.3,19.55,19.6,-0.7,33181,2409,20.3
2021-11-17,101414735,2023362036,20.2,19.6,20.1,0.5,23514,2409,19.6
2021-11-18,365001007,7789793259,22.1,20.3,21.5,1.4,80878,2409,20.4
2021-11-19,243959401,5351523638,22.35,21.6,21.85,0.35,55925,2409,22.1
2021-11-22,140625533,3112186009,22.5,21.85,21.85,0.0,35192,2409,22.15
2021-11-23,114795097,2431730373,21.65,21.0,21.05,-0.8,33786,2409,21.55
2021-11-24,61650979,1297849172,21.25,20.9,21.15,0.1,16926,2409,21.0
2021-11-25,70905913,1493968662,21.4,20.95,21.05,-0.1,19143,2409,21.3
2021-11-26,84543013,1765344877,21.35,20.5,20.55,-0.5,21328,2409,21.05
2021-11-29,91437678,1856418231,20.65,19.85,20.65,0.1,20213,2409,20.1
2021-11-30,209507271,4247710252,21.05,20.1,20.1,-0.55,34380,2409,20.9
2021-12-01,74041109,1510082367,20.65,20.0,20.5,0.4,15971,2409,20.0
2021-12-02,58239813,1195978102,20.8,20.35,20.5,0.0,13218,2409,20.45
2021-12-03,102948202,2158524158,21.2,20.7,20.85,0.35,20844,2409,20.8
2021-12-06,65835076,1378862927,21.2,20.65,21.1,0.25,15268,2409,20.85
2021-12-07,159886250,3454140572,21.9,21.2,21.9,0.8,35679,2409,21.4
2021-12-08,136292405,2996814332,22.2,21.7,21.9,0.0,30590,2409,22.05
2021-12-09,302837303,6865223236,23.05,22.1,22.2,0.3,68591,2409,22.3
2021-12-10,127408755,2851912511,22.7,22.0,22.2,0.0,29906,2409,22.45
2021-12-13,79270080,1763183765,22.6,22.0,22.0,-0.2,20859,2409,22.45
2021-12-14,79498809,1725981235,21.95,21.55,21.55,-0.45,20942,2409,21.85
2021-12-15,173919936,3909508950,22.95,21.55,22.9,1.35,44147,2409,21.6
2021-12-16,259815749,6045183777,23.5,22.95,23.15,0.25,68259,2409,23.15
2021-12-17,183607001,4248743271,23.45,22.75,23.1,-0.05,38315,2409,22.85
2021-12-20,116017530,2670957970,23.25,22.85,22.85,-0.25,26123,2409,23.1
2021-12-21,122290596,2749737092,22.8,22.2,22.35,-0.5,32959,2409,22.8
2021-12-22,79672199,1784206106,22.75,22.2,22.25,-0.1,15577,2409,22.45
2021-12-23,63480249,1419110130,22.65,22.2,22.2,-0.05,12446,2409,22.35
2021-12-24,49699740,1112748188,22.6,22.25,22.45,0.25,13962,2409,22.45
2021-12-27,72941932,1663549785,23.0,22.5,22.7,0.25,18876,2409,22.5
2021-12-28,51370173,1167730403,23.0,22.6,22.65,-0.05,13133,2409,22.9
2021-12-29,39207178,888893738,22.85,22.5,22.75,0.1,9558,2409,22.7
2021-12-30,84382942,1939618562,23.15,22.75,22.9,0.15,17830,2409,22.8
2022-01-03,73402304,1673485453,23.2,22.55,22.6,-0.3,17555,2409,23.15
2022-01-04,86224063,1981749701,23.25,22.7,22.95,0.35,20843,2409,22.75
2022-01-05,48738784,1112975989,23.05,22.7,22.8,-0.15,11322,2409,23.05
2022-01-06,68034808,1528313023,22.7,22.3,22.4,-0.4,16535,2409,22.7
2022-01-07,99923076,2202598853,22.65,21.85,21.85,-0.55,24061,2409,22.6
2022-01-10,99005855,2221526281,22.7,21.65,22.5,0.65,21053,2409,21.8
2022-01-11,179577097,4120560651,23.1,22.6,22.85,0.35,41590,2409,22.7
2022-01-12,93891152,2149436691,23.3,22.6,22.65,-0.2,21503,2409,23.2
2022-01-13,60981880,1369450855,22.7,22.3,22.4,-0.25,16712,2409,22.65
2022-01-14,97122495,2127090455,22.25,21.65,22.0,-0.4,24157,2409,22.2
2022-01-17,64167038,1406461127,22.15,21.75,21.9,-0.1,14026,2409,22.05
2022-01-18,42550535,934397214,22.2,21.85,21.85,-0.05,10054,2409,22.0
2022-01-19,37014551,805960659,21.9,21.6,21.75,-0.1,14080,2409,21.65
2022-01-20,123334324,2776473838,22.9,22.1,22.35,0.6,28649,2409,22.15
2022-01-21,227334187,4824032268,21.5,21.0,21.1,-1.25,56124,2409,21.25
2022-01-24,137164372,2803488837,20.75,20.15,20.3,-0.8,33720,2409,20.6
2022-01-25,155906512,3091708421,20.25,19.55,19.6,-0.7,41981,2409,20.1
2022-01-26,80758126,1619796095,20.25,19.75,20.15,0.55,19857,2409,19.8
2022-02-07,77714202,1595786628,20.9,20.15,20.85,0.7,19957,2409,20.55
2022-02-08,68230567,1415485503,20.95,20.6,20.7,-0.15,18624,2409,20.7
2022-02-09,144371048,3110250643,21.85,21.15,21.7,1.0,33738,2409,21.3
2022-02-10,90503174,1973388534,22.0,21.5,21.9,0.2,22170,2409,21.85
2022-02-11,121045546,2583407562,21.65,21.1,21.6,-0.3,30766,2409,21.15
2022-02-14,97913487,2046814155,21.1,20.8,20.95,-0.65,27024,2409,21.1
2022-02-15,91513885,1893612270,21.1,20.4,20.4,-0.55,31509,2409,21.1
2022-02-16,72743762,1496994975,20.9,20.35,20.45,0.05,23610,2409,20.85
2022-02-17,46319770,951477116,20.65,20.45,20.6,0.15,15356,2409,20.55
2022-02-18,52033951,1060559682,20.55,20.25,20.4,-0.2,13959,2409,20.35
2022-02-21,85526347,1779749046,21.2,20.15,21.1,0.7,23125,2409,20.3
2022-02-22,80864341,1666542664,20.8,20.35,20.6,-0.5,22461,2409,20.8
2022-02-23,56429612,1173837941,21.0,20.65,20.7,0.1,57120,2409,20.9
2022-02-24,73826101,1512730272,20.8,20.25,20.35,-0.35,20295,2409,20.6
2022-02-25,59228885,1212490003,20.65,20.3,20.55,0.2,13882,2409,20.5
2022-03-01,76067427,1589301733,21.1,20.6,20.95,0.4,16513,2409,20.75
2022-03-02,48746602,1019382045,21.1,20.7,21.0,0.05,13176,2409,20.8
2022-03-03,57840324,1226327667,21.4,21.1,21.1,0.1,15390,2409,21.15
2022-03-04,94292581,2009960858,21.6,20.9,21.2,0.1,22616,2409,20.95
2022-03-07,86769365,1802946657,21.15,20.65,20.7,-0.5,23608,2409,21.1
2022-03-08,162058429,3437968615,21.5,20.45,21.2,0.5,37100,2409,20.5
2022-03-09,100811605,2142425996,21.6,21.05,21.05,-0.15,24804,2409,21.5
2022-03-10,86421644,1842272351,21.6,21.1,21.25,0.2,17382,2409,21.35
2022-03-11,91775686,1968748224,21.6,21.2,21.5,0.25,15661,2409,21.35
2022-03-14,174176515,3853091164,22.4,21.65,22.3,0.8,42866,2409,21.65
2022-03-15,115005895,2533919575,22.2,21.8,22.15,-0.15,27495,2409,22.2
2022-03-16,197974334,4257410023,22.5,20.55,21.15,-1.0,50198,2409,22.4
2022-03-17,111188811,2358210070,21.45,20.95,21.25,0.1,24428,2409,21.4
2022-03-18,85536423,1794555282,21.15,20.8,21.05,-0.2,16869,2409,21.05
2022-03-21,51661071,1089172948,21.2,20.95,21.1,0.05,11729,2409,21.1
2022-03-22,34907748,735262048,21.2,20.95,21.15,0.05,8970,2409,21.0
2022-03-23,62145825,1318115398,21.4,21.1,21.3,0.15,12713,2409,21.25
2022-03-24,39643060,838734163,21.3,21.05,21.05,-0.25,9283,2409,21.2
2022-03-25,75609289,1573220600,21.1,20.6,20.65,-0.4,26264,2409,21.05
2022-03-28,68506109,1390081273,20.5,20.15,20.45,-0.2,21631,2409,20.5
2022-03-29,214145033,4293333396,20.25,19.8,20.05,-0.4,51865,2409,20.2
2022-03-30,69833369,1400927525,20.25,20.0,20.0,-0.05,20622,2409,20.1
2022-03-31,89355680,1771625608,20.1,19.7,19.85,-0.15,26984,2409,20.0
2022-04-01,70674556,1382527055,19.75,19.55,19.7,-0.15,20664,2409,19.75
2022-04-06,77345779,1540551465,20.1,19.55,20.1,0.4,18737,2409,19.55
2022-04-07,61431283,1211206971,20.05,19.5,19.5,-0.6,20851,2409,20.0
2022-04-08,34987621,688018916,19.8,19.55,19.7,0.2,8824,2409,19.6
2022-04-11,83668481,1612836912,19.8,19.0,19.0,-0.7,24762,2409,19.8
2022-04-12,77527248,1478454545,19.3,18.8,19.05,0.05,14900,2409,19.0
2022-04-13,34672068,676253740,19.65,19.25,19.55,0.5,11183,2409,19.4
2022-04-14,40479054,791223930,19.75,19.4,19.45,-0.1,16479,2409,19.6
2022-04-15,30980084,593718159,19.4,19.05,19.05,-0.4,10083,2409,19.25
2022-04-18,64918669,1203699555,18.85,18.35,18.4,-0.65,19401,2409,18.8
2022-04-19,46842941,867872681,18.95,18.55,18.55,0.15,9625,2409,18.7
2022-04-20,68438363,1274374875,18.9,18.3,18.85,0.3,21643,2409,18.6
2022-04-21,58986696,1094118127,18.65,18.35,18.55,-0.3,18314,2409,18.6
2022-04-22,53215006,982788527,18.65,18.2,18.45,-0.1,11865,2409,18.3
2022-04-25,88657137,1586289198,18.1,17.7,17.7,-0.75,21872,2409,18.1
2022-04-26,122265707,2106206498,17.8,17.0,17.0,-0.7,28308,2409,17.75
2022-04-27,135725476,2196182651,16.4,15.8,16.3,-0.7,28092,2409,16.3
2022-04-28,121443312,2045164912,17.2,16.2,17.1,0.8,26152,2409,16.5
2022-04-29,74237240,1264693794,17.25,16.8,17.15,0.05,16626,2409,17.15
2022-05-03,56748928,990931429,17.7,16.95,17.7,0.55,13430,2409,17.05
2022-05-04,42043930,745270222,17.95,17.45,17.65,-0.05,10680,2409,17.8
2022-05-05,62788556,1131547926,18.2,17.85,18.05,0.4,12859,2409,17.85
2022-05-06,50385335,893617995,18.0,17.4,17.95,-0.1,10927,2409,17.5
2022-05-09,58902226,1024744348,17.8,17.2,17.3,-0.65,14099,2409,17.55
2022-05-10,86033505,1482315156,17.4,16.85,17.4,0.1,18083,2409,16.9
2022-05-11,34208590,587244920,17.4,17.05,17.1,-0.3,9976,2409,17.35
2022-05-12,48703527,837862276,17.45,17.0,17.1,0.0,11001,2409,17.0
2022-05-13,46584953,796059818,17.35,16.9,17.0,-0.1,9754,2409,17.25
2022-05-16,47504061,809554527,17.3,16.65,17.15,0.15,10700,2409,17.0
2022-05-17,30563585,524574108,17.25,17.05,17.15,0.0,7020,2409,17.15
2022-05-18,118925166,2121846272,18.1,17.35,18.05,0.9,25273,2409,17.4
2022-05-19,84916976,1471348067,17.5,17.2,17.25,-0.8,17537,2409,17.35
2022-05-20,39192428,673397805,17.3,17.05,17.2,-0.05,8670,2409,17.25
2022-05-23,52702996,900597642,17.25,17.0,17.05,-0.15,9359,2409,17.15
2022-05-24,43738866,744064902,17.25,16.85,16.85,-0.2,9950,2409,17.05
2022-05-25,56693875,956267231,17.05,16.7,17.05,0.2,10740,2409,16.9
2022-05-26,32796242,558717173,17.2,16.9,16.95,-0.1,8265,2409,17.1
2022-05-27,54816561,948759501,17.45,17.1,17.35,0.4,11553,2409,17.15
2022-05-30,37535199,652882246,17.55,17.3,17.4,0.05,9049,2409,17.5
2022-05-31,93627675,1660135724,18.0,17.2,18.0,0.6,10080,2409,17.5
2022-06-01,49805031,880574442,17.85,17.55,17.6,-0.4,10589,2409,17.7
2022-06-02,30994402,546890670,17.75,17.5,17.7,0.1,6470,2409,17.6
2022-06-06,33291643,591829732,17.95,17.55,17.75,0.05,7914,2409,17.7
2022-06-07,29815585,531748764,17.95,17.7,17.85,0.1,6289,2409,17.85
2022-06-08,23490913,418900267,18.0,17.75,17.8,-0.05,6078,2409,18.0
2022-06-09,49851435,900408977,18.25,17.8,18.05,0.25,11253,2409,17.85
2022-06-10,27055237,482737637,17.95,17.7,17.75,-0.3,6199,2409,17.95
2022-06-13,37172257,641142777,17.4,17.15,17.2,-0.55,9971,2409,17.4
2022-06-14,41407606,702695830,17.1,16.85,17.0,-0.2,10314,2409,17.0
2022-06-15,68733272,1190147953,17.65,16.9,17.4,0.4,20903,2409,16.9
2022-06-16,51448486,887805042,17.6,16.9,17.1,-0.3,10802,2409,17.5
2022-06-17,119252377,2032738414,17.25,16.5,17.25,0.15,16769,2409,16.85
2022-06-20,61948275,1035174203,17.2,16.45,16.45,-0.8,15414,2409,17.1
2022-06-21,52235526,870402580,16.85,16.35,16.75,0.3,9367,2409,16.6
2022-06-22,78530400,1266243695,16.85,16.2,16.25,-0.5,14860,2409,16.8
2022-06-23,96414668,1503237716,16.35,15.15,15.15,-1.1,25712,2409,16.3
2022-06-24,75348834,1196252169,16.25,15.3,16.1,0.95,16589,2409,15.3
2022-06-27,48746693,809313437,16.9,16.05,16.75,0.65,11280,2409,16.15
2022-06-28,37846314,637427098,17.0,16.7,16.85,0.1,6276,2409,16.95
2022-06-29,47932291,811571976,17.15,16.75,16.75,-0.1,9457,2409,17.05
2022-06-30,52265299,864661599,16.95,16.3,16.3,-0.45,11242,2409,16.9
2022-07-01,81127646,1263441307,16.4,15.05,15.05,-1.25,20576,2409,16.3
2022-07-04,57933350,832202677,14.6,14.05,14.45,0.0,11180,2409,14.05
2022-07-05,40002000,592614329,15.1,14.55,14.85,0.4,9249,2409,14.8
2022-07-06,123173400,1920062956,16.25,14.9,14.95,0.1,25179,2409,15.5
2022-07-07,52214963,786556102,15.4,14.65,15.2,0.25,10134,2409,15.1
2022-07-08,45495370,705802882,15.8,15.2,15.55,0.35,9295,2409,15.2
2022-07-11,50650261,756710668,15.5,14.7,14.75,-0.8,12363,2409,15.4
2022-07-12,39127353,561401053,14.65,14.2,14.25,-0.5,8850,2409,14.5
2022-07-13,60788986,913417906,15.3,14.7,14.95,0.7,13606,2409,14.7
2022-07-14,49737268,721161464,14.7,14.3,14.6,-0.35,11855,2409,14.55
2022-07-15,51781708,740082513,14.45,14.1,14.3,-0.3,11633,2409,14.45
2022-07-18,63129583,926692164,14.95,14.3,14.65,0.35,12681,2409,14.3
2022-07-19,44670569,653030677,14.8,14.5,14.55,-0.1,8884,2409,14.65
2022-07-20,59296042,881955217,15.0,14.65,14.9,0.35,12764,2409,14.85
2022-07-21,59729459,876638584,14.95,14.45,14.8,-0.1,13084,2409,14.85
2022-07-22,59509207,890844684,15.2,14.8,14.85,0.05,11245,2409,14.85
2022-07-25,46139158,668467883,14.8,14.35,14.45,-0.4,9507,2409,14.7
2022-07-26,29241706,419430366,14.55,14.25,14.3,-0.15,6688,2409,14.3
2022-07-27,94557814,1299009412,14.3,13.45,13.7,-0.6,23667,2409,14.25
2022-07-28,86299562,1159908558,14.0,13.2,13.25,-0.45,20247,2409,13.8
2022-07-29,81440802,1075627571,13.4,13.0,13.35,0.1,15076,2409,13.25
2022-08-01,41734419,563858805,13.75,13.15,13.55,0.2,10064,2409,13.3
2022-08-02,73356796,1004504803,13.9,13.4,13.9,0.35,13924,2409,13.5
2022-08-03,55503807,768805399,14.1,13.65,13.85,-0.05,11095,2409,13.7
2022-08-04,30765732,424995775,13.95,13.65,13.85,0.0,6356,2409,13.9
2022-08-05,25329734,354047630,14.1,13.9,13.95,0.1,5198,2409,14.0
2022-08-08,58708721,835791552,14.5,14.1,14.2,0.25,11329,2409,14.1
2022-08-09,34688601,496836310,14.45,14.15,14.45,0.25,7994,2409,14.2
2022-08-10,25367034,364257911,14.5,14.2,14.35,-0.1,5065,2409,14.25
2022-08-11,114016790,1726016659,15.5,14.6,15.3,0.95,24093,2409,14.65
2022-08-12,63374588,960686238,15.4,15.1,15.1,-0.2,11824,2409,15.2
2022-08-15,30215324,459777873,15.4,15.1,15.25,0.15,8581,2409,15.2
2022-08-16,83160663,1308703206,15.95,15.35,15.85,0.6,17763,2409,15.4
2022-08-17,72670489,1165513289,16.2,15.85,16.15,0.3,29063,2409,16.0
2022-08-18,34464356,544912865,16.0,15.7,15.7,-0.45,9004,2409,16.0
2022-08-19,169967535,2840322761,17.15,15.7,16.95,1.25,36196,2409,15.7
2022-08-22,59277923,994306666,16.95,16.6,16.95,0.0,12630,2409,16.65
2022-08-23,96785104,1563542218,16.8,15.75,16.0,-0.95,26039,2409,16.8
2022-08-24,44791468,724969058,16.4,16.05,16.15,0.15,9994,2409,16.3
2022-08-25,39157787,630929865,16.3,15.95,16.1,-0.05,7331,2409,16.3
2022-08-26,25098139,404140237,16.25,16.0,16.15,0.05,6229,2409,16.25
2022-08-29,60744158,957323283,16.05,15.4,15.75,-0.4,11540,2409,15.7
2022-08-30,69214560,1139413680,16.7,16.15,16.4,0.65,16660,2409,16.15
2022-08-31,53743432,891257446,16.75,16.15,16.75,0.35,11116,2409,16.2
2022-09-01,98424979,1669901428,17.25,16.45,17.1,0.35,23008,2409,16.65
2022-09-02,63622671,1079912418,17.35,16.7,16.9,-0.2,14847,2409,17.05
2022-09-05,77674615,1338313918,17.45,16.8,17.4,0.5,18101,2409,16.9
2022-09-06,66939766,1168326468,17.7,17.25,17.5,0.1,16361,2409,17.35
2022-09-07,67941022,1182873972,17.6,17.1,17.4,-0.1,15266,2409,17.4
2022-09-08,55878686,975153398,17.6,17.3,17.35,-0.05,11405,2409,17.45
2022-09-12,38834848,675137500,17.6,17.25,17.25,-0.1,9753,2409,17.5
2022-09-13,36780016,637614155,17.5,17.2,17.35,0.1,8168,2409,17.4
2022-09-14,43708407,746557620,17.2,16.95,17.05,-0.3,13755,2409,17.05
2022-09-15,142287634,2536200510,18.0,17.25,18.0,0.95,30469,2409,17.3
2022-09-16,101168745,1815624663,18.15,17.8,18.1,0.1,19367,2409,18.05
2022-09-19,60867848,1088473528,18.1,17.65,17.95,-0.15,12949,2409,18.1
2022-09-20,100024407,1742351187,18.05,17.1,17.1,-0.85,30238,2409,18.0
2022-09-21,160105455,2672670661,17.45,16.3,16.8,-0.3,61721,2409,17.15
2022-09-22,96638672,1571991792,16.7,16.05,16.25,-0.55,21893,2409,16.45
2022-09-23,54361975,871603043,16.35,15.8,15.8,-0.45,14019,2409,16.2
2022-09-26,43419512,661986945,15.6,15.05,15.1,-0.7,9521,2409,15.6
2022-09-27,44968339,678727587,15.4,15.0,15.05,-0.05,10089,2409,15.25
2022-09-28,56937807,840749075,15.0,14.6,14.7,-0.35,12839,2409,14.95
2022-10-11,71435572,1163186687,16.7,15.9,16.45,0.0,25169,2409,16.15
2022-10-12,77189770,1231608123,16.55,15.3,16.45,0.0,23430,2409,16.45
2022-10-13,79582120,1333949969,17.15,16.25,16.8,0.35,20391,2409,16.3
2022-10-14,64127019,1104038977,17.45,16.95,17.15,0.35,13280,2409,17.1
2022-10-17,109492393,1957788133,18.3,17.35,18.0,0.85,33575,2409,17.4
2022-10-18,72632346,1337016899,18.95,18.0,18.2,0.2,22519,2409,18.95
2022-10-19,62722254,1129109104,18.25,17.65,18.15,-0.05,15772,2409,18.0
2022-10-20,88215687,1598394756,18.7,17.35,18.7,0.55,17671,2409,17.7
2022-10-21,58027515,1058751941,18.7,17.85,17.9,-0.8,26927,2409,18.45
2022-10-24,63309684,1106067280,18.1,17.05,17.1,-0.8,32591,2409,17.9
2022-10-25,54592305,931041331,17.4,16.7,16.85,-0.25,17932,2409,17.2
2022-10-26,49698327,844890573,17.3,16.55,17.15,0.3,12351,2409,16.95
2022-10-27,114375074,1906022772,17.4,15.9,17.4,0.25,28308,2409,16.5
2022-10-28,43547386,742296787,17.25,16.7,17.2,-0.2,13012,2409,17.0
2022-10-31,37625362,644905633,17.45,16.9,16.9,-0.3,10584,2409,17.4
2022-11-01,45373054,790167150,17.55,17.1,17.5,0.6,10492,2409,17.25
2022-11-02,48852361,870348978,18.05,17.3,18.05,0.55,13292,2409,17.35
2022-11-03,40267995,714685492,18.05,17.55,17.6,-0.45,10359,2409,17.7
2022-11-04,46101013,812077383,17.95,17.2,17.9,0.3,10299,2409,17.3
2022-11-07,31314284,558470892,18.0,17.65,17.8,-0.1,8038,2409,17.85
2022-11-08,36110918,646944204,18.3,17.7,17.7,-0.1,9846,2409,18.15
2022-11-09,27990940,500776170,18.0,17.75,17.9,0.2,6964,2409,17.85
2022-11-10,41153052,718047452,17.75,17.3,17.35,-0.55,12739,2409,17.75
2022-11-11,58330468,1040022892,18.1,17.6,17.7,0.35,12002,2409,17.85
2022-11-14,35065176,627701250,18.05,17.65,17.95,0.25,7859,2409,17.7
2022-11-15,39424120,707855055,18.1,17.7,18.1,0.15,9895,2409,17.85
2022-11-16,49967481,883674830,18.05,17.55,17.55,-0.55,16264,2409,18.05
2022-11-17,57676239,986444971,17.4,16.95,17.05,-0.5,26029,2409,17.4
2022-11-18,56006232,943245133,17.25,16.65,16.7,-0.35,13950,2409,17.25
2022-11-21,42633695,700388677,16.65,16.3,16.35,-0.35,10343,2409,16.65
2022-11-22,49227247,796106330,16.4,16.0,16.05,-0.3,13153,2409,16.35
2022-11-23,40241995,663377501,16.6,16.2,16.5,0.45,9071,2409,16.2
2022-11-24,39023319,639050814,16.7,16.25,16.3,-0.2,10580,2409,16.7
2022-11-25,38558194,630438232,16.55,16.2,16.3,0.0,9926,2409,16.3
2022-11-28,41653222,669347705,16.25,15.95,16.0,-0.3,10158,2409,16.15
2022-11-29,23395306,376011311,16.2,15.85,16.15,0.15,6333,2409,15.95
2022-11-30,44504109,718679460,16.4,15.9,16.1,-0.05,7675,2409,16.05
2022-12-01,46384607,757131753,16.45,16.15,16.35,0.25,10771,2409,16.35
2022-12-02,30970376,503520088,16.35,16.1,16.3,-0.05,7751,2409,16.25
2022-12-05,47663530,785133039,16.65,16.2,16.55,0.25,10440,2409,16.25
2022-12-06,43049925,697341987,16.55,16.0,16.0,-0.55,10709,2409,16.55
2022-12-07,49205470,778995238,16.05,15.65,15.65,-0.35,14099,2409,15.9
2022-12-08,22541885,353626718,15.85,15.5,15.65,0.0,6046,2409,15.7
2022-12-09,18713248,294350540,15.8,15.65,15.7,0.05,4597,2409,15.75
2022-12-12,32534874,506362110,15.7,15.4,15.7,0.0,8355,2409,15.6
2022-12-13,39120134,610618979,15.95,15.4,15.45,-0.25,12398,2409,15.9
2022-12-14,32309118,506794516,15.95,15.45,15.75,0.3,8842,2409,15.6
2022-12-15,39250181,610690504,15.75,15.5,15.5,-0.25,12443,2409,15.65
2022-12-16,167022827,2522460850,15.4,15.05,15.05,-0.45,19567,2409,15.2
2022-12-19,64892737,975290619,15.25,14.95,14.95,-0.1,13162,2409,15.1
2022-12-20,67190969,1001544971,15.15,14.8,14.8,-0.15,12129,2409,14.9
2022-12-21,68474393,1009838493,15.0,14.65,14.65,-0.15,17290,2409,14.95
2022-12-22,80803902,1236794616,15.55,14.85,15.3,0.65,13221,2409,14.85
2022-12-23,36393849,557682900,15.45,15.0,15.4,0.1,7043,2409,15.15
2022-12-26,18597546,288578203,15.65,15.35,15.5,0.1,5247,2409,15.5
2022-12-27,17797050,276956583,15.7,15.45,15.5,0.0,4994,2409,15.6
2022-12-28,22621973,345200394,15.55,15.1,15.15,-0.35,6450,2409,15.5
2022-12-29,25890053,390586365,15.2,15.0,15.1,-0.05,5584,2409,15.15
2022-12-30,14971246,225561324,15.25,15.0,15.0,-0.1,4598,2409,15.2
2023-01-03,31622801,483330386,15.45,15.0,15.45,0.45,7071,2409,15.0
2023-01-04,42499265,669312475,15.95,15.4,15.7,0.25,9499,2409,15.4
2023-01-05,28140611,440231723,15.9,15.5,15.55,-0.15,9711,2409,15.85
2023-01-06,75069769,1193951171,16.05,15.6,15.95,0.4,13129,2409,15.65
2023-01-09,35711628,571017336,16.1,15.85,16.05,0.1,7284,2409,16.05
2023-01-10,25778839,411187624,16.05,15.8,16.0,-0.05,6411,2409,16.0
2023-01-11,29433593,473860779,16.25,15.95,16.1,0.1,6278,2409,16.1
2023-01-12,17637350,282466460,16.2,15.9,15.95,-0.15,5532,2409,16.15
2023-01-13,19600695,312440784,16.05,15.8,15.9,-0.05,4954,2409,16.05
2023-01-16,14041394,223879299,16.05,15.85,15.9,0.0,3777,2409,15.95
2023-01-17,21000171,333343109,16.0,15.8,15.85,-0.05,4940,2409,15.95
2023-01-30,81861978,1351511495,16.65,16.1,16.65,0.8,25392,2409,16.2
2023-01-31,55184304,924855654,16.95,16.4,16.75,0.1,13143,2409,16.5
2023-02-01,36369661,602329121,16.8,16.35,16.65,-0.1,10101,2409,16.75
2023-02-02,24915605,418318564,16.85,16.6,16.8,0.15,9066,2409,16.7
2023-02-03,25595656,424734731,16.85,16.5,16.5,-0.3,8927,2409,16.85
2023-02-06,19160886,317273915,16.7,16.45,16.5,0.0,5325,2409,16.45
2023-02-07,58502292,989817386,17.1,16.65,17.0,0.5,14692,2409,16.65
2023-02-08,112562833,1977349221,17.9,16.9,17.7,0.7,26456,2409,17.1
2023-02-09,67980943,1192860796,17.85,17.1,17.65,-0.05,16607,2409,17.35
2023-02-10,55683620,964108033,17.65,17.15,17.15,-0.5,15110,2409,17.6
2023-02-13,57844947,965870880,17.25,16.5,16.55,-0.6,22241,2409,17.1
2023-02-14,55227544,941201075,17.25,16.7,17.15,0.6,13180,2409,16.75
2023-02-15,57644731,998965050,17.6,16.9,17.25,0.1,15391,2409,17.0
2023-02-16,80995009,1442444208,18.0,17.4,17.95,0.7,23829,2409,17.5
2023-02-17,78446062,1420716918,18.35,17.7,18.2,0.25,19885,2409,17.8
2023-02-20,118317474,2212111202,18.95,18.2,18.85,0.65,32562,2409,18.5
2023-02-21,55262439,1030213555,18.9,18.45,18.6,-0.25,15877,2409,18.6
2023-02-22,54477818,1013496545,18.75,18.35,18.75,0.15,12701,2409,18.4
2023-02-23,74074175,1358678288,18.75,18.15,18.3,-0.45,20250,2409,18.7
2023-02-24,87641154,1632293242,18.8,18.15,18.6,0.3,16209,2409,18.15
2023-03-01,64476347,1200699577,18.95,18.4,18.65,0.05,13513,2409,18.7
2023-03-02,53896197,988291418,18.65,18.15,18.25,-0.4,14180,2409,18.55
2023-03-03,96364286,1814429215,19.2,18.45,18.95,0.7,23225,2409,18.55
2023-03-06,63231333,1214737178,19.4,19.0,19.25,0.3,16888,2409,19.05
2023-03-07,49622003,941277722,19.15,18.65,19.15,-0.1,15649,2409,19.05
2023-03-08,31619453,603230332,19.25,18.8,19.25,0.1,9211,2409,18.95
2023-03-09,50988284,956699344,19.35,18.5,18.5,-0.75,21837,2409,19.35
2023-03-10,51895373,944054182,18.45,18.0,18.15,-0.35,12844,2409,18.3
2023-03-13,29999609,542997608,18.3,17.85,18.25,0.1,8341,2409,18.05
2023-03-14,46572324,825532581,18.05,17.55,17.65,-0.6,14780,2409,18.0
2023-03-15,34304614,606296045,17.9,17.45,17.45,-0.2,10569,2409,17.9
2023-03-16,36020134,636188657,17.8,17.4,17.75,0.3,8810,2409,17.55
2023-03-17,72403670,1295945359,18.1,17.5,18.0,0.25,11720,2409,17.8
2023-03-20,15450398,277509712,18.1,17.85,18.0,0.0,4799,2409,17.95
2023-03-21,39993526,735641833,18.7,18.15,18.25,0.25,10897,2409,18.4
2023-03-22,18864708,343944348,18.45,18.1,18.15,-0.1,7294,2409,18.4
2023-03-23,18280410,331390320,18.3,18.0,18.1,-0.05,6446,2409,18.1
2023-03-24,31082684,572063640,18.55,18.15,18.5,0.4,9145,2409,18.2
2023-03-27,25022077,464283129,18.75,18.4,18.45,-0.05,7049,2409,18.55
2023-03-28,31574256,575415588,18.65,18.05,18.15,-0.3,8417,2409,18.45
2023-03-29,30329719,557520381,18.5,18.2,18.5,0.35,7545,2409,18.2
2023-03-30,24246404,444290690,18.55,18.15,18.35,-0.15,6247,2409,18.5
2023-03-31,26200045,482303484,18.55,18.25,18.4,0.05,5455,2409,18.3
2023-04-06,29404695,542807548,18.7,18.05,18.6,0.2,8136,2409,18.35
2023-04-07,15938116,295904920,18.75,18.4,18.5,-0.1,5147,2409,18.7
2023-04-10,15362677,283922103,18.6,18.35,18.55,0.05,3714,2409,18.45
2023-04-11,23525805,439145512,18.75,18.55,18.7,0.15,6317,2409,18.65
2023-04-12,29648683,551965724,18.85,18.4,18.8,0.1,8086,2409,18.65
2023-04-13,71632995,1361283261,19.3,18.7,18.85,0.05,15152,2409,18.95
2023-04-14,42002861,800333384,19.3,18.85,19.1,0.25,10850,2409,19.05
2023-04-17,28908419,549929465,19.2,18.85,19.1,0.0,8315,2409,19.1
2023-04-18,49208600,926685050,19.15,18.7,18.75,-0.35,9708,2409,19.1
2023-04-19,41227853,758787944,18.85,18.2,18.25,-0.5,14669,2409,18.8
2023-04-20,28004323,507302388,18.25,18.0,18.1,-0.15,7689,2409,18.15
2023-04-21,46150190,846742226,18.75,18.1,18.25,0.15,11584,2409,18.25
2023-04-24,15045413,275286478,18.4,18.2,18.35,0.1,4901,2409,18.2
2023-04-25,31524402,570524127,18.5,17.9,17.95,-0.4,8388,2409,18.45
2023-04-26,19333332,346553274,18.1,17.8,17.9,-0.05,5814,2409,17.95
2023-04-27,20821327,369123573,18.0,17.6,17.7,-0.2,6691,2409,17.9
2023-04-28,98814304,1701223997,17.85,17.0,17.0,-0.7,26828,2409,17.8
2023-05-02,38150868,658528360,17.45,17.1,17.3,0.3,11366,2409,17.2
2023-05-03,25840127,443608258,17.35,17.05,17.05,-0.25,8268,2409,17.25
2023-05-04,20962047,357473095,17.2,16.9,17.1,0.05,6073,2409,17.05
2023-05-05,16220917,280341460,17.4,17.1,17.3,0.2,4722,2409,17.15
2023-05-08,29263053,508080234,17.6,17.2,17.25,-0.05,6865,2409,17.5
2023-05-09,51076364,905116534,17.95,17.35,17.7,0.45,11987,2409,17.4
2023-05-10,21858413,383442492,17.7,17.45,17.55,-0.15,5783,2409,17.6
2023-05-11,23610225,407245705,17.55,17.1,17.1,-0.45,7149,2409,17.55
2023-05-12,21671482,367834202,17.1,16.9,16.95,-0.15,7885,2409,17.1
2023-05-15,15868780,269162816,17.1,16.8,17.05,0.1,4323,2409,16.95
2023-05-16,17365802,296691804,17.15,16.95,17.05,0.0,5532,2409,17.05
2023-05-17,29089753,502872977,17.4,17.05,17.25,0.2,9540,2409,17.1
2023-05-18,26222788,451926283,17.35,17.05,17.25,0.0,7574,2409,17.3
2023-05-19,20161461,349617928,17.4,17.25,17.4,0.15,5236,2409,17.3
2023-05-22,41471772,735183727,17.85,17.5,17.8,0.4,9986,2409,17.55
2023-05-23,37529455,663667358,17.9,17.55,17.6,-0.2,9415,2409,17.9
2023-05-24,19704503,346252636,17.75,17.45,17.65,0.05,6728,2409,17.5
2023-05-25,21889129,385374620,17.75,17.5,17.5,-0.15,4902,2409,17.7
2023-05-26,21289219,372050494,17.7,17.4,17.4,-0.1,6293,2409,17.5
2023-05-29,36122931,640128558,17.9,17.45,17.65,0.25,8130,2409,17.5
2023-05-30,20916627,368781443,17.75,17.55,17.6,-0.05,6537,2409,17.7
2023-05-31,43967040,775438049,17.8,17.6,17.6,0.0,5499,2409,17.75
2023-06-01,14642898,258301281,17.75,17.6,17.6,0.0,4151,2409,17.7
2023-06-02,26934180,475128466,17.8,17.5,17.75,0.15,7348,2409,17.65
2023-06-05,79033207,1449303797,18.75,17.75,18.5,0.75,21362,2409,17.85
2023-06-06,45960980,854424317,18.75,18.25,18.7,0.2,12332,2409,18.5
2023-06-07,35506385,661038225,18.9,18.5,18.55,-0.15,10999,2409,18.75
2023-06-08,29450972,537743365,18.55,18.15,18.25,-0.3,9679,2409,18.55
2023-06-09,23573005,429639254,18.35,18.1,18.25,0.0,6803,2409,18.35
2023-06-12,30144567,557050285,18.6,18.35,18.45,0.2,8568,2409,18.35
2023-06-13,33108371,611373248,18.6,18.3,18.55,0.1,8973,2409,18.5
2023-06-14,20614653,379891834,18.55,18.35,18.35,-0.2,7464,2409,18.5
2023-06-15,26570022,486644917,18.45,18.2,18.4,0.05,7531,2409,18.4
2023-06-16,80302071,1502384696,18.9,18.6,18.65,0.25,14618,2409,18.6
2023-06-19,184150968,3659393504,20.35,18.55,20.2,1.55,43480,2409,18.6
2023-06-20,91328502,1805971474,20.2,19.6,19.6,-0.6,20638,2409,20.2
2023-06-21,92633793,1865299152,20.5,19.75,20.1,0.5,23676,2409,19.75
2023-06-26,66455831,1321952101,20.4,19.65,19.7,-0.4,18700,2409,20.05
2023-06-27,67114386,1282373950,19.65,18.85,18.85,-0.85,24135,2409,19.6
2023-06-28,34182570,644348625,19.15,18.7,18.7,-0.15,8956,2409,19.1
2023-06-29,27557968,519006281,19.1,18.7,18.75,0.05,7713,2409,18.95
2023-06-30,27082780,504662880,18.75,18.55,18.6,-0.15,7780,2409,18.7
2023-07-03,29596242,552533384,18.95,18.55,18.55,-0.05,9430,2409,18.8
2023-07-04,29867086,558710731,18.85,18.5,18.75,0.2,7809,2409,18.6
2023-07-05,25708895,480475525,18.85,18.55,18.65,-0.1,7364,2409,18.65
2023-07-06,93974275,1800547677,19.6,18.8,18.9,0.25,22214,2409,19.1
2023-07-07,48277908,893569904,18.75,18.4,18.4,-0.5,14527,2409,18.75
2023-07-10,30376595,562726888,18.7,18.35,18.6,0.2,6928,2409,18.4
2023-07-11,63775240,1223512351,19.35,18.9,19.25,0.65,14692,2409,18.9
2023-07-12,44882038,860592843,19.55,18.9,19.05,-0.2,12887,2409,19.35
2023-07-13,28623733,548231691,19.35,19.0,19.05,0.0,7340,2409,19.25
2023-07-14,30872965,590136085,19.3,18.95,19.1,0.05,7568,2409,19.2
2023-07-17,39686757,768003823,19.5,19.1,19.45,0.35,9636,2409,19.15
2023-07-18,44283306,847986795,19.6,19.0,19.0,-0.45,12478,2409,19.55
2023-07-19,40455460,763110863,19.2,18.65,18.85,-0.15,18284,2409,19.1
2023-07-20,26400670,501544104,19.2,18.8,19.15,0.3,7351,2409,18.95
2023-07-21,43682660,837713270,19.4,19.0,19.2,0.05,9491,2409,19.2
2023-07-24,33804176,644309144,19.4,18.9,18.9,-0.3,9345,2409,19.35
2023-07-25,29451984,564868089,19.3,19.0,19.15,0.25,7779,2409,19.1
2023-07-26,97289232,1918611050,20.0,19.25,19.8,0.65,26664,2409,19.25
2023-07-27,283153028,5911485070,21.65,19.6,21.4,1.6,68179,2409,19.9
2023-07-28,139690216,2964381873,21.6,20.85,21.25,-0.15,35630,2409,21.4
2023-07-31,83689003,1751620910,21.55,20.6,20.7,-0.55,26169,2409,21.5
2023-08-01,49387592,1037872272,21.25,20.75,20.95,0.25,12879,2409,20.8
2023-08-02,60974697,1251463864,21.0,20.2,20.5,-0.45,22369,2409,20.8
2023-08-04,36060590,745829140,20.9,20.4,20.85,0.35,10308,2409,20.5
2023-08-07,45318164,922321829,20.8,20.2,20.4,-0.45,14945,2409,20.75
2023-08-08,38644282,793172491,20.8,20.35,20.4,0.0,11533,2409,20.55
2023-08-09,35252533,718809029,20.6,20.3,20.4,0.0,9498,2409,20.6
2023-08-10,60024145,1150953134,19.8,18.9,18.95,0.0,17501,2409,19.75
2023-08-11,32214594,601655578,19.05,18.5,18.5,-0.45,11084,2409,19.0
2023-08-14,31954589,579105787,18.45,18.0,18.1,-0.4,8666,2409,18.45
2023-08-15,37022151,686495838,18.8,18.35,18.5,0.4,7693,2409,18.4
2023-08-16,27833149,504536820,18.35,18.0,18.05,-0.45,9966,2409,18.35
2023-08-17,32866984,585187371,18.0,17.55,17.9,-0.15,8816,2409,17.9
2023-08-18,29537723,526119478,18.1,17.6,17.65,-0.25,8970,2409,18.0
2023-08-21,11538472,205428756,17.9,17.7,17.8,0.15,3765,2409,17.7
2023-08-22,37364327,666356692,18.1,17.7,17.7,-0.1,5559,2409,18.05
2023-08-23,12405021,221173092,18.0,17.75,17.8,0.1,3676,2409,17.85
2023-08-24,22427482,400953857,18.1,17.75,17.9,0.1,5260,2409,17.9
2023-08-25,15813742,280637360,17.85,17.7,17.7,-0.2,5078,2409,17.75
2023-08-28,16844925,300202702,18.1,17.65,17.7,0.0,5458,2409,17.75
2023-08-29,11759567,208768066,17.9,17.7,17.75,0.05,3191,2409,17.85
2023-08-30,21516856,381083806,17.9,17.6,17.75,0.0,6384,2409,17.85
2023-08-31,40981524,733430399,18.1,17.75,17.8,0.05,9608,2409,17.85
2023-09-01,13276503,238058991,18.0,17.8,17.9,0.1,4590,2409,17.9
2023-09-04,40082316,702721577,17.95,17.4,17.45,-0.45,11234,2409,17.9
2023-09-05,29882112,518739622,17.55,17.2,17.55,0.1,8735,2409,17.4
2023-09-06,109775111,1855272277,17.1,16.8,16.85,-0.7,25596,2409,16.95
2023-09-07,60903480,1005813809,16.65,16.35,16.45,-0.4,15560,2409,16.6
2023-09-08,47379669,783513180,16.7,16.35,16.55,0.1,9074,2409,16.45
2023-09-11,48269459,812608545,17.1,16.65,16.7,0.15,10708,2409,16.75
2023-09-12,35688386,596168018,16.9,16.45,16.85,0.15,7778,2409,16.7
2023-09-13,16574625,279401626,17.05,16.75,16.75,-0.1,5572,2409,16.9
2023-09-14,12689145,214099062,16.95,16.8,16.95,0.2,4361,2409,16.85
2023-09-15,47952680,815522901,17.2,16.75,17.0,0.05,8745,2409,16.95
2023-09-18,11537566,196194907,17.15,16.9,17.0,0.0,4505,2409,16.9
2023-09-19,13338657,225429738,17.1,16.8,16.85,-0.15,4208,2409,17.05
2023-09-20,17458957,292173398,16.85,16.65,16.7,-0.15,6639,2409,16.85
2023-09-21,20711181,343301948,16.8,16.5,16.5,-0.2,6303,2409,16.6
2023-09-22,11345584,188380082,16.7,16.45,16.65,0.15,4014,2409,16.45
2023-09-25,11874838,198222528,16.8,16.6,16.7,0.05,3403,2409,16.7
2023-09-26,15245584,251656919,16.7,16.45,16.45,-0.25,5947,2409,16.65
2023-09-27,12231989,201217177,16.55,16.35,16.4,-0.05,3790,2409,16.4
2023-09-28,11296919,185613399,16.5,16.4,16.4,0.0,4101,2409,16.45
2023-10-02,35929250,579235421,16.5,16.0,16.05,-0.35,11745,2409,16.5
2023-10-03,104584778,1737038870,17.2,16.2,16.2,0.15,28118,2409,16.8
2023-10-04,47552084,754457503,16.2,15.7,15.8,-0.4,15354,2409,16.15
2023-10-05,24121115,384502170,16.1,15.75,15.95,0.15,6760,2409,15.75
2023-10-06,26411258,416535682,15.95,15.7,15.7,-0.25,9083,2409,15.95
2023-10-11,31947751,499944022,15.8,15.5,15.6,-0.1,9358,2409,15.7
2023-10-12,27972987,445200255,16.05,15.7,16.0,0.4,7921,2409,15.75
2023-10-13,21760831,349079594,16.15,15.75,16.1,0.1,6531,2409,16.0
2023-10-16,23522818,371381082,15.95,15.7,15.75,-0.35,6130,2409,15.9
2023-10-17,20323494,320854133,15.9,15.7,15.7,-0.05,6272,2409,15.85
2023-10-18,49712593,779674381,15.9,15.55,15.7,0.0,7303,2409,15.65
2023-10-19,23931369,370981293,15.75,15.35,15.4,-0.3,7516,2409,15.6
2023-10-20,31408095,479248827,15.45,15.05,15.3,-0.1,7580,2409,15.25
2023-10-23,34315740,516594652,15.25,15.0,15.0,-0.3,10377,2409,15.15
2023-10-24,31261227,471746715,15.25,14.95,15.2,0.2,10411,2409,15.0
2023-10-25,59404725,931124179,15.85,15.35,15.75,0.55,12455,2409,15.4
2023-10-26,26538689,410965078,15.6,15.3,15.5,-0.25,6701,2409,15.4
2023-10-27,25671286,396239495,15.6,15.35,15.35,-0.15,5719,2409,15.5
2023-10-30,24526665,382004530,15.7,15.35,15.65,0.3,6858,2409,15.4
2023-10-31,31586071,495296113,15.9,15.45,15.6,-0.05,8237,2409,15.75
2023-11-01,34312609,526360223,15.7,15.2,15.2,-0.4,9677,2409,15.7
2023-11-02,48357324,762852556,16.0,15.3,15.9,0.7,12681,2409,15.3
2023-11-03,36984423,597816979,16.3,15.95,16.25,0.35,9601,2409,16.0
2023-11-06,24375025,397500583,16.45,16.15,16.3,0.05,7205,2409,16.35
2023-11-07,26616117,425623835,16.2,15.9,15.95,-0.35,7184,2409,16.2
2023-11-08,21180426,337537094,16.05,15.8,15.9,-0.05,4241,2409,15.8
2023-11-09,19009002,304123252,16.15,15.9,16.0,0.1,4716,2409,15.9
2023-11-10,13751014,217341953,15.9,15.7,15.8,-0.2,4590,2409,15.85
2023-11-13,15008074,237423182,15.9,15.7,15.9,0.1,4839,2409,15.9
2023-11-14,14606456,231548871,15.95,15.75,15.9,0.0,4322,2409,15.95
2023-11-15,39842504,645701177,16.35,15.95,16.35,0.45,9988,2409,16.05
2023-11-16,24400302,400722110,16.5,16.25,16.5,0.15,7140,2409,16.45
2023-11-17,21061181,348238117,16.6,16.4,16.6,0.1,6083,2409,16.55
2023-11-20,25268989,417092592,16.8,16.35,16.4,-0.2,7548,2409,16.6
2023-11-21,21112039,348128711,16.6,16.4,16.55,0.15,6884,2409,16.45
2023-11-22,16466591,269125275,16.5,16.25,16.3,-0.25,5568,2409,16.4
2023-11-23,14290848,233973560,16.5,16.25,16.35,0.05,3580,2409,16.35
2023-11-24,14297006,235067655,16.55,16.3,16.45,0.1,3787,2409,16.45
2023-11-27,15829348,258737908,16.55,16.25,16.3,-0.15,4582,2409,16.5
2023-11-28,38951701,648064154,16.75,16.35,16.7,0.4,9081,2409,16.4
2023-11-29,22934405,378634947,16.7,16.45,16.5,-0.2,7443,2409,16.65
2023-11-30,50641798,827738041,16.5,16.2,16.35,-0.15,7332,2409,16.5
2023-12-01,28013273,462995631,16.8,16.4,16.45,0.1,6822,2409,16.45
2023-12-04,66479835,1126700120,17.25,16.75,16.85,0.4,14245,2409,16.75
2023-12-05,32049655,541266313,17.05,16.7,17.05,0.2,8733,2409,16.8
2023-12-06,28738163,480659376,17.0,16.6,16.65,-0.4,8130,2409,16.95
2023-12-07,11976931,199714899,16.8,16.6,16.65,0.0,3329,2409,16.65
2023-12-08,14924240,248000026,16.8,16.55,16.6,-0.05,4618,2409,16.75
2023-12-11,12985197,215224288,16.7,16.5,16.6,0.0,4036,2409,16.6
2023-12-12,27928392,454749746,16.65,16.2,16.2,-0.4,8647,2409,16.6
2023-12-13,18535780,301179855,16.4,16.1,16.2,0.0,5412,2409,16.35
2023-12-14,17470551,283926258,16.4,16.15,16.25,0.05,6420,2409,16.3
2023-12-15,46872204,767347342,16.55,16.3,16.3,0.05,8449,2409,16.35
2023-12-18,27594797,449970851,16.4,16.2,16.3,0.0,5509,2409,16.3
2023-12-19,48118376,771631048,16.35,15.9,16.0,-0.3,11478,2409,16.3
2023-12-20,45875947,753742517,16.6,16.0,16.5,0.5,10068,2409,16.05
2023-12-21,33473502,552586188,16.6,16.3,16.6,0.1,7595,2409,16.3
2023-12-22,88208840,1507139529,17.4,16.65,17.0,0.4,18757,2409,16.65
2023-12-25,28922471,494846012,17.25,16.95,17.15,0.15,7405,2409,17.05
2023-12-26,107033237,1902444137,18.0,17.25,18.0,0.85,26364,2409,17.25
2023-12-27,43054480,772627472,18.15,17.8,17.95,-0.05,11872,2409,18.1
2023-12-28,34538078,623081541,18.15,17.9,18.1,0.15,10421,2409,18.05
2023-12-29,35201753,640015035,18.4,18.05,18.15,0.05,9882,2409,18.15
2024-01-02,30172791,553707796,18.5,18.15,18.35,0.2,9010,2409,18.3
2024-01-03,33591010,600580517,18.15,17.75,17.75,-0.6,11489,2409,18.1
2024-01-04,22636592,404626371,18.0,17.7,17.95,0.2,6226,2409,17.75
2024-01-05,102081259,1903558305,18.95,18.1,18.8,0.85,27363,2409,18.1
2024-01-08,132733803,2560454379,19.7,18.9,19.2,0.4,32996,2409,19.35
2024-01-09,51084525,969427282,19.5,18.75,18.8,-0.4,14639,2409,19.3
2024-01-10,38514541,710310198,18.8,18.25,18.35,-0.45,12488,2409,18.8
2024-01-11,41272202,764631319,18.95,18.25,18.3,-0.05,12190,2409,18.5
2024-01-12,22041617,403508003,18.6,18.2,18.25,-0.05,8537,2409,18.35
2024-01-15,37691750,684985795,18.6,18.0,18.05,-0.2,10993,2409,18.15
2024-01-16,51810279,950384359,18.55,17.9,18.45,0.4,13324,2409,18.0
2024-01-17,45034311,819616697,18.5,18.1,18.1,-0.35,12077,2409,18.3
2024-01-18,100186935,1851342017,18.95,18.15,18.25,0.15,23429,2409,18.3
2024-01-19,66641784,1204838656,18.35,17.7,18.3,0.05,16291,2409,18.3
2024-01-22,44064853,806721367,18.65,18.1,18.35,0.05,11857,2409,18.4
2024-01-23,184758403,3568778911,19.75,18.65,19.2,0.85,40829,2409,18.65
2024-01-24,68895061,1313400785,19.4,18.85,18.95,-0.25,20396,2409,19.1
2024-01-25,30834903,583038525,19.0,18.8,18.95,0.0,8005,2409,18.95
2024-01-26,41476294,792598008,19.3,18.8,19.0,0.05,9540,2409,19.05
2024-01-29,37683182,710255832,19.1,18.65,18.9,-0.1,9774,2409,19.1
2024-01-30,32691153,610352364,18.95,18.5,18.5,-0.4,11436,2409,18.95
2024-01-31,56665664,1046064650,18.6,18.25,18.4,-0.1,7705,2409,18.55
2024-02-01,71271750,1276212852,18.6,17.65,17.8,-0.6,27409,2409,18.45
2024-02-02,26917660,487310352,18.3,17.95,18.05,0.25,8387,2409,18.05
2024-02-05,26795212,479418898,18.15,17.7,18.05,0.0,9143,2409,17.9
2024-02-15,35107940,629368770,18.3,17.7,17.85,-0.2,9876,2409,18.2
2024-02-16,18638045,334031362,18.05,17.8,17.9,0.05,5572,2409,17.9
2024-02-19,30460028,556462836,18.45,18.0,18.25,0.35,8316,2409,18.05
2024-02-20,16953986,308294027,18.4,18.1,18.1,-0.15,4944,2409,18.35
2024-02-21,22710238,411158998,18.4,17.9,17.9,-0.2,9754,2409,18.2
2024-02-22,14774081,264039817,18.05,17.8,17.8,-0.1,5396,2409,18.05
2024-02-23,23113386,413821747,18.05,17.7,17.85,0.05,7414,2409,17.85
2024-02-26,19535146,345535341,17.85,17.55,17.55,-0.3,9231,2409,17.85
2024-02-27,28880698,500628664,17.55,17.15,17.25,-0.3,10530,2409,17.55
2024-02-29,27949988,486592735,17.5,17.15,17.5,0.25,6416,2409,17.2
2024-03-01,36461095,629379262,17.6,17.1,17.1,-0.4,16533,2409,17.5
2024-03-04,24030940,414835077,17.4,17.05,17.3,0.2,6858,2409,17.15
2024-03-05,32066539,550783205,17.55,17.05,17.1,-0.2,9572,2409,17.3
2024-03-06,20490658,351560536,17.3,17.1,17.1,0.0,6387,2409,17.15
2024-03-07,35736834,610648826,17.4,16.9,16.9,-0.2,10490,2409,17.25
2024-03-08,30960724,519756466,17.0,16.7,16.75,-0.15,10094,2409,16.9
2024-03-11,49000466,852295159,17.6,17.0,17.55,0.8,11810,2409,17.05
2024-03-12,47318803,840838328,18.0,17.5,18.0,0.45,12220,2409,17.65
2024-03-13,30167953,540207549,18.05,17.75,18.0,0.0,8554,2409,17.85
2024-03-14,31476779,568719885,18.15,17.9,18.15,0.15,8956,2409,17.9
2024-03-15,65521425,1188816831,18.35,17.85,18.35,0.2,13607,2409,18.25
2024-03-18,28777178,514939320,18.2,17.75,17.85,-0.5,8706,2409,18.2
2024-03-19,14906191,265689703,17.9,17.75,17.8,-0.05,4952,2409,17.8
2024-03-20,24171672,430513434,18.0,17.7,17.85,0.05,8388,2409,17.9
2024-03-21,35005693,636608636,18.35,18.0,18.2,0.35,9339,2409,18.05
2024-03-22,40324783,739880220,18.5,18.1,18.4,0.2,11842,2409,18.35
2024-03-25,28253561,517222732,18.45,18.05,18.4,0.0,8995,2409,18.45
2024-03-26,20382194,370566708,18.45,18.0,18.1,-0.3,6728,2409,18.35
2024-03-27,20116403,363445207,18.2,18.0,18.05,-0.05,7693,2409,18.1
2024-03-28,14599938,263890582,18.2,18.0,18.1,0.05,4487,2409,18.05
2024-03-29,20583289,371121235,18.3,17.9,17.9,-0.2,8609,2409,18.15
2024-04-01,18021507,326679363,18.3,17.95,18.2,0.3,5416,2409,18.0
2024-04-02,13782658,249520418,18.25,18.0,18.05,-0.15,4341,2409,18.2
2024-04-03,36156199,641768367,18.0,17.65,17.7,-0.35,14808,2409,18.0
2024-04-08,28286700,507929450,18.2,17.6,18.15,0.45,7450,2409,17.7
2024-04-09,102188886,1909771628,18.95,18.05,18.9,0.75,23260,2409,18.3
2024-04-10,57235706,1087030348,19.35,18.7,18.7,-0.2,14990,2409,18.9
2024-04-11,58117451,1061335959,18.7,18.0,18.15,-0.55,18634,2409,18.7
2024-04-12,34491697,619260478,18.15,17.85,17.9,-0.25,12985,2409,18.05
2024-04-15,26685573,479598975,18.15,17.85,17.9,0.0,6297,2409,17.85
2024-04-16,42997050,758644700,17.9,17.45,17.6,-0.3,12819,2409,17.85
2024-04-17,31935288,562467623,17.8,17.5,17.55,-0.05,11120,2409,17.7
2024-04-18,27277343,483812299,17.95,17.55,17.65,0.1,6581,2409,17.55
2024-04-19,57278456,990160104,17.85,16.9,17.15,-0.5,21703,2409,17.5
2024-04-22,38036854,643587880,17.25,16.75,16.85,-0.3,13091,2409,17.25
2024-04-23,52985453,927494733,17.8,17.2,17.35,0.5,10926,2409,17.25
2024-04-24,69969510,1196126219,17.25,16.8,17.25,-0.1,15711,2409,17.05
2024-04-25,45058625,787084011,17.6,17.25,17.45,0.2,9641,2409,17.25
2024-04-26,86728405,1572260356,18.6,17.5,18.25,0.8,19271,2409,17.55
2024-04-29,44959212,827062392,18.55,18.25,18.4,0.15,11506,2409,18.4
2024-04-30,52040002,965767927,18.8,18.3,18.3,-0.1,11262,2409,18.45
2024-05-02,64991602,1156873011,18.2,17.5,17.9,-0.4,18755,2409,18.15
2024-05-03,34746742,627103348,18.25,17.85,18.25,0.35,8187,2409,18.1
2024-05-06,26052140,470397268,18.25,18.0,18.0,-0.25,7512,2409,18.2
2024-05-07,24986309,445714706,18.15,17.7,17.85,-0.15,7449,2409,17.95
2024-05-08,17104771,303619646,17.95,17.7,17.7,-0.15,6322,2409,17.85
2024-05-09,19304882,340548510,17.9,17.5,17.5,-0.2,8425,2409,17.75
2024-05-10,33045364,573913063,17.6,17.15,17.5,0.0,10176,2409,17.6
2024-05-13,22060096,390172601,17.8,17.5,17.75,0.25,6280,2409,17.7
2024-05-14,12413335,220833220,17.9,17.7,17.75,0.0,4245,2409,17.8
2024-05-15,59858833,1092129184,18.45,17.8,18.15,0.4,15745,2409,17.95
2024-05-16,78225366,1443312471,18.7,18.05,18.6,0.45,17566,2409,18.3
2024-05-17,40516510,738419995,18.6,18.1,18.1,-0.5,12801,2409,18.5
2024-05-20,39400633,721751515,18.5,18.2,18.2,0.1,8552,2409,18.25
2024-05-21,34499626,620406236,18.3,17.85,17.9,-0.3,10955,2409,18.25
2024-05-22,111412430,2077791604,19.0,17.95,18.4,0.5,27836,2409,18.0
2024-05-23,56423856,1020093377,18.4,17.95,18.0,-0.4,15925,2409,18.25
2024-05-24,22736064,410620456,18.2,17.85,18.2,0.2,7537,2409,17.95
2024-05-27,48628576,892191374,18.55,18.05,18.35,0.15,10615,2409,18.3
2024-05-28,38226353,698018745,18.35,18.05,18.3,-0.05,9878,2409,18.35
2024-05-29,38590385,696053335,18.3,17.9,17.95,-0.35,11834,2409,18.25
2024-05-30,40989622,742278508,18.45,17.8,18.0,0.05,8763,2409,17.85
2024-05-31,44713804,799786711,18.15,17.8,17.8,-0.2,9978,2409,18.05
2024-06-03,21792547,389898593,18.1,17.8,17.8,0.0,7503,2409,18.0
2024-06-04,41619403,730352082,17.75,17.45,17.5,-0.3,11907,2409,17.7
2024-06-05,16641969,292297427,17.7,17.5,17.5,0.0,4771,2409,17.5
2024-06-06,28507374,500556149,17.9,17.45,17.45,-0.05,7132,2409,17.65
2024-06-07,42039086,753215209,18.05,17.55,18.05,0.6,11007,2409,17.55
2024-06-11,42513196,764384073,18.2,17.85,17.95,-0.1,9040,2409,18.0
2024-06-12,36658407,651746485,18.1,17.65,17.65,-0.3,9715,2409,18.0
2024-06-13,27788808,498039653,18.15,17.7,17.95,0.3,6774,2409,17.8
2024-06-14,46491538,843476171,18.3,17.8,18.3,0.35,10521,2409,18.0
2024-06-17,87963996,1641473754,18.85,18.35,18.55,0.25,19055,2409,18.4
2024-06-18,34915606,643320142,18.6,18.25,18.45,-0.1,8244,2409,18.55
2024-06-19,39515543,721966702,18.5,18.15,18.25,-0.2,12138,2409,18.5
2024-06-20,29458840,537451711,18.4,18.15,18.15,-0.1,7525,2409,18.25
2024-06-21,334349459,6337901051,19.55,18.15,18.85,0.7,56723,2409,18.2
2024-06-24,153845120,2854333856,19.0,18.35,18.35,-0.5,25840,2409,18.95
2024-06-25,157070605,2819172416,18.45,17.75,17.95,-0.4,29698,2409,18.35
2024-06-26,147410536,2609610250,18.05,17.55,17.7,-0.25,28622,2409,17.95
2024-06-27,98804612,1751255311,17.9,17.55,17.7,0.0,10916,2409,17.6
2024-06-28,25031105,447925084,18.0,17.8,17.8,0.1,5976,2409,17.85
2024-07-01,20124615,357376655,17.95,17.7,17.7,-0.1,5494,2409,17.9
2024-07-02,22555431,397581310,17.7,17.55,17.6,-0.1,6662,2409,17.65
2024-07-03,25758878,458173810,17.85,17.65,17.85,0.25,5532,2409,17.7
2024-07-04,51239500,923575710,18.15,17.9,18.0,0.15,9366,2409,18.0
2024-07-05,55462661,1014497126,18.45,18.0,18.45,0.45,11174,2409,18.1
2024-07-08,39409810,722527370,18.45,18.1,18.4,-0.05,7966,2409,18.45
2024-07-09,36981151,673377821,18.45,18.05,18.25,-0.15,7093,2409,18.4
2024-07-10,82430539,1531223399,18.7,18.25,18.65,0.4,13562,2409,18.35
2024-07-11,94828751,1790224027,19.1,18.4,18.9,0.25,18267,2409,18.55
2024-07-12,205059194,4023204674,20.1,18.85,19.75,0.85,40346,2409,18.85
2024-07-15,80554706,1549843601,19.8,19.0,19.1,-0.65,21158,2409,19.8
2024-07-16,24047644,457102868,19.25,18.9,18.9,-0.2,7907,2409,19.1
2024-07-17,84212393,1631130326,19.7,18.9,19.2,0.3,20016,2409,18.95
2024-07-18,50357991,961958368,19.35,18.85,19.15,-0.05,12459,2409,19.1
2024-07-19,61909408,1185454208,19.3,19.0,19.0,-0.15,11720,2409,19.25
2024-07-22,58819705,1098891108,19.25,18.4,18.4,-0.6,20391,2409,19.2
2024-07-23,95820146,1736564125,18.65,17.9,17.9,-0.5,37735,2409,18.45
2024-07-26,94728781,1685430209,18.15,17.4,18.05,0.15,22334,2409,17.75
2024-07-29,43292797,776024935,18.3,17.75,17.8,-0.25,15541,2409,18.15
2024-07-30,40513163,725050814,18.2,17.65,18.2,0.4,11234,2409,17.8
2024-07-31,59127520,1071081103,18.55,17.85,17.85,-0.35,15758,2409,18.15
2024-08-01,52870265,945536246,18.15,17.7,17.85,0.0,15365,2409,17.95
2024-08-02,56203422,998929105,17.9,17.6,17.75,-0.1,13292,2409,17.8
2024-08-05,167127547,2567317906,16.4,15.2,15.3,0.0,36251,2409,16.3
2024-08-06,92520520,1373604901,15.6,14.4,14.75,-0.55,25637,2409,15.45
2024-08-07,100687391,1506251174,15.25,14.75,14.95,0.2,17309,2409,14.8
2024-08-08,49018137,739304887,15.3,14.75,15.05,0.1,10580,2409,14.95
2024-08-09,53847005,829284162,15.65,15.15,15.45,0.4,11607,2409,15.15
2024-08-12,33636491,524399900,15.8,15.4,15.55,0.1,9185,2409,15.6
2024-08-13,14914200,231396467,15.65,15.45,15.5,-0.05,4285,2409,15.6
2024-08-14,30276682,477246867,15.9,15.65,15.75,0.25,7250,2409,15.7
2024-08-15,24802477,391810742,15.95,15.6,15.85,0.1,6272,2409,15.9
2024-08-16,62803396,1035282094,16.7,16.0,16.6,0.75,16014,2409,16.05
2024-08-19,21011594,349811693,16.75,16.5,16.7,0.1,6757,2409,16.7
2024-08-20,25126253,415989828,16.75,16.4,16.45,-0.25,7684,2409,16.75
2024-08-21,25368265,411498625,16.35,16.1,16.2,-0.25,8894,2409,16.3
2024-08-22,55752851,930541112,16.95,16.25,16.85,0.65,11162,2409,16.25
2024-08-23,44147248,741354012,17.0,16.55,16.9,0.05,8436,2409,16.7
2024-08-26,97981506,1676672741,17.5,16.85,16.9,0.0,20334,2409,17.35
2024-08-27,39853620,668069232,17.0,16.55,16.9,0.0,8340,2409,17.0
2024-08-28,50144352,847868237,17.15,16.7,16.75,-0.15,11479,2409,17.1
2024-08-29,29175500,489410249,16.95,16.6,16.75,0.0,8643,2409,16.6
2024-08-30,41953084,694228600,16.9,16.45,16.45,-0.3,10024,2409,16.8
2024-09-02,16956293,277170956,16.6,16.25,16.35,-0.1,5147,2409,16.55
2024-09-03,18960992,307094343,16.35,16.1,16.1,-0.25,5889,2409,16.35
2024-09-04,41838957,653010268,15.85,15.25,15.55,-0.55,12417,2409,15.6
2024-09-05,26159255,408403803,15.85,15.4,15.4,-0.15,8331,2409,15.7
2024-09-06,28145131,439630657,15.85,15.35,15.65,0.25,5359,2409,15.45
2024-09-09,32064162,494165231,15.7,15.15,15.6,-0.05,6912,2409,15.25
2024-09-10,34279063,533198945,15.8,15.35,15.4,-0.2,6370,2409,15.7
2024-09-11,29867544,470605043,15.95,15.45,15.85,0.45,6747,2409,15.45
2024-09-12,30335490,490519381,16.3,16.0,16.25,0.4,6608,2409,16.0
2024-09-13,14392060,233090503,16.3,16.1,16.25,0.0,3435,2409,16.15
2024-09-16,88641491,1498415259,17.2,16.45,17.05,0.8,16513,2409,16.65
2024-09-18,31978662,538829615,17.15,16.65,16.65,-0.4,9716,2409,16.9
2024-09-19,21334331,357147608,16.85,16.6,16.75,0.1,4893,2409,16.85
2024-09-20,45998310,781085914,17.15,16.7,17.05,0.3,8461,2409,16.9
2024-09-23,24160810,407947912,17.1,16.75,16.9,-0.15,8192,2409,17.05
2024-09-24,20875173,352278854,17.0,16.75,16.9,0.0,4936,2409,16.8
2024-09-25,27447172,463948978,17.0,16.8,16.95,0.05,5402,2409,16.95
2024-09-26,73772475,1275829934,17.7,16.9,17.1,0.15,12680,2409,17.25
2024-09-27,36531346,627963297,17.3,17.0,17.2,0.1,6786,2409,17.2
2024-09-30,23257416,399494082,17.4,17.05,17.05,-0.15,6220,2409,17.15
2024-10-01,14519872,245844225,17.15,16.8,17.0,-0.05,4352,2409,17.1
2024-10-04,20396127,346613151,17.15,16.8,16.9,-0.1,5308,2409,16.8
2024-10-07,18755856,318000647,17.1,16.8,17.1,0.2,5571,2409,16.95
2024-10-08,25854322,435470041,17.2,16.7,16.75,-0.35,6540,2409,17.15
2024-10-09,15949826,265969341,16.9,16.6,16.6,-0.15,4478,2409,16.85
2024-10-11,14629422,244528275,16.9,16.55,16.65,0.05,3767,2409,16.55
2024-10-14,13174057,221770247,16.95,16.55,16.95,0.3,3853,2409,16.6
2024-10-15,23815294,405540197,17.2,16.8,17.0,0.05,5901,2409,17.0
2024-10-16,14198754,239114966,16.95,16.75,16.85,-0.15,5113,2409,16.9
2024-10-17,14139907,240948041,17.15,16.9,17.05,0.2,3969,2409,16.95
2024-10-18,30405309,523973494,17.4,17.0,17.15,0.1,7794,2409,17.1
2024-10-21,17753083,302494551,17.25,16.95,17.0,-0.15,4548,2409,17.2
2024-10-22,35878656,618705587,17.4,16.9,17.4,0.4,9227,2409,17.0
2024-10-23,24707706,429725118,17.65,17.15,17.15,-0.25,7468,2409,17.5
2024-10-24,11093085,189797105,17.25,17.05,17.05,-0.1,3471,2409,17.15
2024-10-25,19689290,338048240,17.4,17.0,17.3,0.25,4395,2409,17.05
2024-10-28,15354567,262546854,17.3,17.0,17.1,-0.2,4192,2409,17.2
2024-10-29,14487825,244601535,17.15,16.8,16.8,-0.3,5083,2409,17.1
2024-10-30,18015119,299829824,16.95,16.5,16.6,-0.2,4928,2409,16.9
2024-11-01,34503798,561270126,16.4,16.0,16.35,-0.25,8514,2409,16.2
2024-11-04,25695714,413720649,16.45,16.0,16.05,-0.3,8875,2409,16.4
2024-11-05,20263375,330734359,16.45,16.05,16.45,0.4,5337,2409,16.05
2024-11-06,19852759,323675555,16.5,16.2,16.25,-0.2,6316,2409,16.5
2024-11-07,43999861,742846881,17.1,16.2,16.95,0.7,11224,2409,16.25
2024-11-08,26113199,432748121,16.95,16.4,16.4,-0.55,8398,2409,16.85
2024-11-11,25679277,415450726,16.4,16.05,16.2,-0.2,6481,2409,16.4
2024-11-12,28572760,456863236,16.15,15.9,15.9,-0.3,7405,2409,16.05
2024-11-13,16358864,260027582,16.05,15.8,15.85,-0.05,5066,2409,15.9
2024-11-14,22602812,354131606,15.95,15.55,15.55,-0.3,6360,2409,15.85
2024-11-15,18556216,296147495,16.1,15.5,15.95,0.4,4961,2409,15.5
2024-11-18,21122982,334580019,16.0,15.75,15.85,-0.1,5871,2409,15.95
2024-11-19,15654457,249022623,16.1,15.7,15.95,0.1,4486,2409,15.9
2024-11-20,15343564,241602927,15.95,15.65,15.7,-0.25,5217,2409,15.85
2024-11-21,14338824,225482740,15.9,15.55,15.7,0.0,3737,2409,15.6
2024-11-22,16010175,254798252,16.1,15.8,15.8,0.1,3908,2409,15.85
2024-11-25,27833117,445092144,16.15,15.85,15.9,0.1,4335,2409,16.1
2024-11-26,12393186,197184229,16.1,15.75,15.85,-0.05,3267,2409,15.95
2024-11-27,15153104,238603616,15.95,15.6,15.6,-0.25,4798,2409,15.9
2024-11-28,17300661,267894242,15.7,15.35,15.45,-0.15,4755,2409,15.7
2024-11-29,15760278,245380303,15.75,15.35,15.6,0.15,3886,2409,15.45
2024-12-02,9300968,146118577,15.8,15.65,15.65,0.05,2475,2409,15.7
2024-12-03,11182238,178047798,16.0,15.75,16.0,0.35,3791,2409,15.75
2024-12-04,8049306,127532312,16.0,15.8,15.8,-0.2,2959,2409,16.0
2024-12-05,14226188,224890854,16.0,15.7,15.7,-0.1,3180,2409,15.9
2024-12-06,8903806,140882222,15.9,15.75,15.8,0.1,3143,2409,15.8
2024-12-09,12092102,189117206,15.9,15.55,15.55,-0.25,4267,2409,15.85
2024-12-10,12009113,188557767,15.95,15.6,15.6,0.05,3171,2409,15.7
2024-12-11,22130749,350481654,16.1,15.45,15.75,0.15,6550,2409,15.6
2024-12-12,27073157,434225864,16.15,15.85,16.05,0.3,6141,2409,15.95
2024-12-13,20922880,330593478,16.0,15.65,15.75,-0.3,4905,2409,16.0
2024-12-16,25230711,394718216,15.9,15.5,15.5,-0.25,4771,2409,15.8
2024-12-17,28447792,434067197,15.6,15.1,15.15,-0.35,7022,2409,15.55
2024-12-18,15184342,229872666,15.25,15.0,15.2,0.05,4206,2409,15.1
2024-12-19,22735634,339433869,15.05,14.85,14.9,-0.3,7149,2409,14.95
2024-12-20,40037242,583618667,14.9,14.4,14.4,-0.5,10191,2409,14.85
2024-12-23,36252358,550640450,15.4,14.65,15.35,0.95,8339,2409,14.7
2024-12-24,17228784,264564027,15.55,15.2,15.2,-0.15,5051,2409,15.4
2024-12-25,14297900,216920375,15.35,15.05,15.15,-0.05,3700,2409,15.3
2024-12-26,6266291,95442281,15.35,15.15,15.15,0.0,2224,2409,15.25
2024-12-27,6505469,98134744,15.15,15.05,15.1,-0.05,2297,2409,15.1
2024-12-30,15450699,232008322,15.25,14.85,14.85,-0.25,4257,2409,15.2
2024-12-31,20069882,294195740,14.8,14.55,14.65,-0.2,6899,2409,14.75
2025-01-02,28069592,405466931,14.6,14.3,14.4,-0.25,7634,2409,14.55
2025-01-03,19233191,276764365,14.6,14.3,14.3,-0.1,5185,2409,14.5
2025-01-06,20316656,294918089,14.7,14.3,14.5,0.2,5665,2409,14.4
2025-01-07,30001867,443822026,14.95,14.65,14.7,0.2,6580,2409,14.7
2025-01-08,16117297,235123822,14.7,14.5,14.6,-0.1,4442,2409,14.7
2025-01-09,30577576,435844825,14.55,14.05,14.1,-0.5,8743,2409,14.5
2025-01-10,35205990,489357988,14.15,13.75,13.8,-0.3,9106,2409,14.1
2025-01-13,42005467,564110266,13.85,13.3,13.4,-0.4,9893,2409,13.8
2025-01-14,36173691,485904476,13.55,13.35,13.4,0.0,8474,2409,13.45
2025-01-15,31237743,432317490,14.05,13.55,13.8,0.4,7491,2409,13.55
2025-01-16,23558564,327757088,14.2,13.7,13.7,-0.1,6140,2409,14.15
2025-01-17,16169548,223235857,13.95,13.7,13.8,0.1,3945,2409,13.9
2025-01-20,14536220,200212939,13.9,13.6,13.85,0.05,3986,2409,13.85
2025-01-21,27335871,378394290,14.15,13.7,13.75,-0.1,6662,2409,14.0
2025-01-22,38784861,541860741,14.15,13.8,14.15,0.4,6894,2409,13.85
2025-02-03,29106542,400680501,13.9,13.65,13.75,-0.4,8245,2409,13.8
2025-02-04,18890143,257819653,13.95,13.5,13.5,-0.25,5882,2409,13.8
2025-02-05,18197971,251538946,13.95,13.6,13.95,0.45,4351,2409,13.6
2025-02-06,18243389,250925650,13.85,13.65,13.75,-0.2,4661,2409,13.8
2025-02-07,12881327,178374126,13.95,13.75,13.8,0.05,4123,2409,13.85
2025-02-10,19349835,262847670,13.8,13.45,13.55,-0.25,7572,2409,13.75
2025-02-11,14517189,197057696,13.75,13.5,13.5,-0.05,4643,2409,13.65
2025-02-12,33450838,460257598,14.1,13.55,13.65,0.15,7763,2409,13.7
2025-02-13,37373803,522000563,14.1,13.6,14.05,0.4,8477,2409,13.65
2025-02-14,78860013,1135331758,14.8,14.1,14.35,0.3,17101,2409,14.75
2025-02-17,32360454,469929622,14.7,14.4,14.45,0.1,8273,2409,14.5
2025-02-18,20858390,299558261,14.5,14.25,14.4,-0.05,5802,2409,14.5
2025-02-19,67789123,1011741110,15.1,14.65,15.0,0.6,14642,2409,14.65
2025-02-20,32179518,483474568,15.15,14.9,15.0,0.0,10262,2409,15.05
2025-02-21,17150677,257580811,15.1,14.95,15.1,0.1,5718,2409,15.05
2025-02-24,14895843,223287237,15.05,14.85,15.05,-0.05,4544,2409,14.95
2025-02-25,29528177,446603779,15.2,14.95,15.1,0.05,6114,2409,15.05
2025-02-26,29929871,449825987,15.15,14.85,15.15,0.05,8158,2409,15.05
2025-02-27,54837531,835854983,15.45,14.95,15.25,0.1,11095,2409,15.05
2025-03-03,36049311,536088643,15.2,14.75,14.8,-0.45,8647,2409,15.2
2025-03-04,26468020,386102107,14.75,14.35,14.7,-0.1,6597,2409,14.55
2025-03-05,34594313,522997966,15.35,14.65,15.2,0.5,8498,2409,14.7
2025-03-06,26938903,410806171,15.55,15.05,15.05,-0.15,6694,2409,15.3
2025-03-07,16336818,245804359,15.15,15.0,15.0,-0.05,4487,2409,15.05
2025-03-10,24509437,368589378,15.2,14.9,15.0,0.0,6004,2409,15.05
2025-03-11,38623143,572237826,15.2,14.45,15.1,0.1,9846,2409,14.85
2025-03-12,34038466,513236075,15.25,14.85,15.25,0.15,7057,2409,14.95
2025-03-13,39181455,586619690,15.3,14.7,14.9,-0.35,8610,2409,15.15
2025-03-14,65736532,1000894748,15.45,15.0,15.3,0.4,12543,2409,15.05
2025-03-17,33716544,517457526,15.6,15.15,15.4,0.1,7713,2409,15.25
2025-03-18,25398210,388135261,15.4,15.15,15.35,-0.05,7027,2409,15.3
2025-03-19,31701209,485979765,15.45,15.2,15.4,0.05,6727,2409,15.25
2025-03-20,24835420,381864965,15.5,15.3,15.35,-0.05,5838,2409,15.45
2025-03-21,62174954,936921472,15.35,14.85,15.05,-0.3,8732,2409,15.35
2025-03-24,22987896,347426944,15.25,14.9,15.25,0.2,5827,2409,15.1
2025-03-25,50696230,756744117,15.25,14.7,14.7,-0.55,9301,2409,15.2
2025-03-26,36585496,549618475,15.15,14.85,15.15,0.45,7248,2409,14.9
2025-03-27,24633913,367742847,15.1,14.8,14.9,-0.25,4567,2409,14.95
2025-03-28,41122018,597668959,14.95,14.3,14.3,-0.6,8959,2409,14.95
2025-03-31,53078734,721499445,13.9,13.4,13.45,-0.85,12709,2409,13.85
2025-04-01,25678859,353817652,14.0,13.5,13.8,0.35,6594,2409,13.55
2025-04-02,30320742,429366850,14.3,13.95,14.25,0.45,6277,2409,14.0
2025-04-07,8821231,113351954,12.85,12.85,12.85,-1.4,4142,2409,12.85
2025-04-08,94179640,1129033105,12.85,11.6,11.75,-1.1,18903,2409,12.85
2025-04-09,73262910,807764348,11.7,10.6,10.6,-1.15,17002,2409,11.3
2025-04-10,12951345,150883035,11.65,11.65,11.65,1.05,2546,2409,11.65
2025-04-11,40457521,470730899,11.95,11.05,11.85,0.2,8999,2409,11.15
2025-04-14,43876292,544314940,12.6,12.2,12.35,0.5,10586,2409,12.3
2025-04-15,32730454,416152650,13.0,12.4,12.85,0.5,6801,2409,12.45
2025-04-16,33924967,423660660,12.7,12.35,12.4,-0.45,7350,2409,12.65
2025-04-17,29798850,370005041,12.7,12.15,12.3,-0.1,5403,2409,12.4
2025-04-18,30021021,371269725,12.5,12.25,12.3,0.0,4510,2409,12.35
2025-04-21,11907155,146241184,12.4,12.2,12.2,-0.1,3252,2409,12.35
2025-04-22,13984046,169598721,12.3,12.05,12.1,-0.1,3526,2409,12.1
2025-04-23,19281161,238819399,12.5,12.3,12.4,0.3,4828,2409,12.4
2025-04-24,18635526,226375764,12.4,12.05,12.05,-0.35,5114,2409,12.4
2025-04-25,19207930,236980871,12.45,12.25,12.3,0.25,4342,2409,12.25
2025-04-28,11814292,145159024,12.4,12.2,12.3,0.0,3578,2409,12.35
2025-04-29,15254407,189167076,12.5,12.25,12.45,0.15,4220,2409,12.3
2025-04-30,13558963,167267816,12.45,12.25,12.3,-0.15,3698,2409,12.45
2025-05-02,51399395,669379284,13.2,12.8,13.15,0.85,10665,2409,12.85
2025-05-05,47974112,637769401,13.55,13.1,13.25,0.1,9046,2409,13.35
2025-05-06,31094726,414646298,13.45,13.1,13.45,0.2,6966,2409,13.25
2025-05-07,31263285,422756849,13.75,13.25,13.55,0.1,7386,2409,13.5
2025-05-08,25463243,341331346,13.55,13.3,13.4,-0.15,5915,2409,13.45
2025-05-09,15179530,203536792,13.5,13.3,13.5,0.1,4317,2409,13.4
2025-05-12,17487703,237372346,13.65,13.45,13.6,0.1,4573,2409,13.5
2025-05-13,23459020,318239150,13.75,13.4,13.5,-0.1,5368,2409,13.75
2025-05-14,24190658,329262513,13.75,13.45,13.7,0.2,5431,2409,13.65
2025-05-15,23030622,313541130,13.75,13.5,13.65,-0.05,4082,2409,13.7
2025-05-16,18156329,248988645,13.8,13.65,13.7,0.05,4577,2409,13.65
2025-05-19,14546671,197406759,13.75,13.45,13.5,-0.2,3749,2409,13.75
2025-05-20,22690530,308542142,13.75,13.4,13.75,0.25,4344,2409,13.6
2025-05-21,18025760,247381775,13.85,13.65,13.7,-0.05,4292,2409,13.7
2025-05-22,16792890,228813634,13.8,13.55,13.65,-0.05,3939,2409,13.65
2025-05-23,14062841,191715534,13.7,13.6,13.6,-0.05,3109,2409,13.6
2025-05-26,18607777,251758251,13.75,13.45,13.45,-0.15,4489,2409,13.65
2025-05-27,18447982,246518780,13.65,13.25,13.25,-0.2,4414,2409,13.55
2025-05-28,21732481,285568439,13.45,12.95,13.2,-0.05,5455,2409,13.35
2025-05-29,57998219,748022715,13.2,12.85,12.85,-0.35,7415,2409,13.15
2025-06-02,27850125,349347471,12.9,12.4,12.45,-0.4,6681,2409,12.85
2025-06-03,14070239,176438335,12.7,12.45,12.5,0.05,3535,2409,12.6
2025-06-04,23634635,298790839,12.8,12.55,12.6,0.1,4872,2409,12.55
2025-06-05,23591136,306037913,13.1,12.6,13.1,0.5,5877,2409,12.6
2025-06-06,31482705,408663998,13.25,12.85,13.1,0.0,11227,2409,13.0
2025-06-09,29952378,381614149,13.15,12.6,12.65,-0.45,7551,2409,13.1
2025-06-10,30319370,388523670,13.0,12.7,12.75,0.1,8030,2409,12.75
2025-06-11,24733458,315459329,12.9,12.7,12.75,0.0,4815,2409,12.85
2025-06-12,23094081,293662682,12.9,12.65,12.65,-0.1,5091,2409,12.8
2025-06-13,29144797,370755356,12.85,12.55,12.7,0.05,4850,2409,12.65
2025-06-16,17928337,225672292,12.7,12.5,12.65,-0.05,4062,2409,12.65
2025-06-17,13401582,169424739,12.75,12.55,12.65,0.0,3823,2409,12.7
2025-06-18,19427647,247016989,12.8,12.55,12.75,0.1,5573,2409,12.6
2025-06-19,18495765,230976562,12.75,12.4,12.4,-0.35,4844,2409,12.7
2025-06-20,70937301,854253721,12.5,11.95,11.95,-0.45,9151,2409,12.4
2025-06-23,27886090,331785188,12.05,11.7,12.05,0.1,6304,2409,11.8
2025-06-24,24573583,300339969,12.3,12.1,12.25,0.2,5625,2409,12.2
2025-06-25,21667186,267069234,12.45,12.15,12.35,0.1,5062,2409,12.35
2025-06-26,30608369,384711077,12.75,12.35,12.45,0.1,6489,2409,12.4
2025-06-27,27712173,351359919,12.8,12.5,12.7,0.25,6398,2409,12.65
2025-06-30,20212684,251752383,12.65,12.3,12.35,-0.35,4927,2409,12.6
2025-07-01,51125439,626609433,12.7,12.0,12.25,-0.1,9709,2409,12.35
2025-07-02,15335584,188966614,12.4,12.25,12.4,0.15,3568,2409,12.25
2025-07-03,36428025,463720041,12.85,12.45,12.8,0.4,7659,2409,12.45
2025-07-04,28581822,361773231,12.95,12.5,12.6,-0.2,5137,2409,12.9
2025-07-07,13980444,174588959,12.65,12.4,12.5,-0.1,3011,2409,12.6
2025-07-08,15762409,195759202,12.6,12.3,12.4,-0.1,3409,2409,12.5
2025-07-09,10950393,136481692,12.5,12.3,12.5,0.1,3131,2409,12.4
2025-07-10,19587466,240550167,12.55,12.2,12.25,-0.25,3965,2409,12.45
2025-07-11,22684384,277007313,12.35,12.1,12.2,-0.05,4704,2409,12.25
2025-07-14,8435507,102889023,12.25,12.1,12.2,0.0,2364,2409,12.25
2025-07-15,21070159,256245027,12.3,12.05,12.15,-0.05,4443,2409,12.15
2025-07-16,22134881,267295157,12.2,11.95,12.05,-0.1,5622,2409,12.1
2025-07-17,17922708,219606935,12.35,12.1,12.3,0.25,5103,2409,12.15
2025-07-18,15188653,185890924,12.4,12.15,12.15,-0.15,4457,2409,12.35
2025-07-21,16164108,195173798,12.25,12.0,12.0,-0.15,5222,2409,12.2
2025-07-22,31942022,378369425,12.05,11.7,11.7,-0.3,8866,2409,12.05
2025-07-23,21737163,260925044,12.1,11.8,12.1,0.4,5940,2409,11.8
2025-07-24,17318832,208377201,12.15,11.9,12.05,-0.05,5165,2409,12.1
2025-07-25,19618216,239283853,12.25,12.05,12.2,0.15,4581,2409,12.05
2025-07-28,24187024,299153096,12.5,12.2,12.4,0.2,5809,2409,12.2
2025-07-29,19924031,248690912,12.65,12.35,12.45,0.05,5032,2409,12.4
2025-07-30,19688810,246572939,12.6,12.35,12.6,0.15,4794,2409,12.45
2025-07-31,47542780,576750670,12.55,12.0,12.0,-0.6,9982,2409,12.5
2025-08-01,31333876,372733156,12.0,11.75,11.9,-0.1,7313,2409,12.0
2025-08-04,26596677,317357750,12.0,11.8,12.0,0.1,5141,2409,11.9
2025-08-05,30017894,359271368,12.1,11.8,12.05,0.0,7262,2409,11.85
2025-08-06,27468408,333160962,12.25,12.0,12.1,0.05,6518,2409,12.05
2025-08-07,19600955,237376827,12.2,12.05,12.05,-0.05,4473,2409,12.1
2025-08-08,22497220,269275756,12.15,11.9,11.9,-0.15,5965,2409,12.1
2025-08-11,19178313,228264807,12.0,11.8,11.95,0.05,4873,2409,11.85
2025-08-12,26978821,324959902,12.15,11.9,12.05,0.1,5298,2409,11.9
2025-08-13,36273041,439553949,12.3,11.95,12.05,0.0,7282,2409,12.1
2025-08-14,45401629,554999992,12.3,12.15,12.25,0.2,8132,2409,12.15
2025-08-15,36714261,452575464,12.4,12.2,12.4,0.15,7273,2409,12.35
2025-08-18,43687325,548041272,12.7,12.3,12.55,0.15,7277,2409,12.4
2025-08-19,30663380,388305287,12.8,12.55,12.65,0.1,5810,2409,12.6
2025-08-20,27051577,336716201,12.6,12.35,12.45,-0.2,6918,2409,12.6
2025-08-21,79297640,1027228074,13.3,12.45,13.0,0.55,14948,2409,12.5
2025-08-22,36464812,466593760,13.0,12.65,12.65,-0.35,7987,2409,13.0
2025-08-25,32569388,415244362,12.95,12.65,12.7,0.05,7804,2409,12.9
2025-08-26,77358701,997653566,13.0,12.6,13.0,0.3,8376,2409,12.8
2025-08-27,44375446,566319573,12.95,12.6,12.7,-0.3,11281,2409,12.8
2025-08-28,67614299,878335805,13.1,12.8,13.05,0.35,10379,2409,12.8
2025-08-29,34027329,440616397,13.2,12.85,12.85,-0.2,8263,2409,13.2
2025-09-01,27414259,347243865,12.9,12.55,12.55,-0.3,6445,2409,12.9
2025-09-02,37570731,467682258,12.8,12.25,12.3,-0.25,8479,2409,12.65
2025-09-03,25343078,312163755,12.45,12.25,12.25,-0.05,6830,2409,12.3
2025-09-04,28146674,346333965,12.4,12.25,12.3,0.05,5658,2409,12.4
2025-09-05,30941664,382610971,12.5,12.25,12.3,0.0,6302,2409,12.4
2025-09-08,43884037,546996167,12.6,12.35,12.5,0.2,6925,2409,12.35
2025-09-09,38042186,473522614,12.6,12.35,12.45,-0.05,5953,2409,12.55
2025-09-10,71397058,892811115,12.65,12.4,12.55,0.1,6657,2409,12.6
2025-09-11,60522205,748754182,12.6,12.2,12.3,-0.25,8809,2409,12.6
2025-09-12,60018366,750667531,12.65,12.35,12.55,0.25,7728,2409,12.35
2025-09-15,26381521,330227212,12.6,12.45,12.5,-0.05,5310,2409,12.6
2025-09-16,51134682,644896643,12.75,12.4,12.7,0.2,8447,2409,12.6
2025-09-17,152860018,2042388315,13.65,12.7,13.5,0.8,28085,2409,12.7
2025-09-18,122135597,1671228567,13.9,13.35,13.7,0.2,22073,2409,13.5
2025-09-19,109108897,1472469722,13.7,13.3,13.55,-0.15,14934,2409,13.7
2025-09-22,41098993,555013779,13.75,13.35,13.5,-0.05,8770,2409,13.6
2025-09-23,80243882,1095825372,13.95,13.35,13.7,0.2,14832,2409,13.65
2025-09-24,47219850,640544416,13.7,13.4,13.6,-0.1,8753,2409,13.6
2025-09-25,192976631,2779524489,14.9,13.6,14.1,0.5,35634,2409,13.6
2025-09-26,75113058,1026202165,14.05,13.45,13.65,-0.45,14660,2409,14.05
2025-09-30,38805428,530445637,13.8,13.55,13.65,0.0,6800,2409,13.8
2025-10-01,61326504,852994831,14.15,13.7,13.75,0.1,11198,2409,13.75
2025-10-02,62496452,872889474,14.3,13.75,13.8,0.05,10419,2409,14.1
2025-10-03,41555563,573457775,14.05,13.55,13.8,0.0,8157,2409,13.85
2025-10-07,50327924,705033318,14.15,13.8,14.0,0.2,9023,2409,13.85
2025-10-08,36681244,512475607,14.1,13.8,14.1,0.1,7279,2409,14.0
2025-10-09,65514645,928349294,14.4,14.0,14.0,-0.1,11692,2409,14.2
2025-10-13,79228615,1067058801,13.6,13.3,13.55,-0.45,14010,2409,13.5
2025-10-14,68063874,910929242,13.85,13.2,13.2,-0.35,13122,2409,13.7
2025-10-15,54817998,717771422,13.3,13.0,13.15,-0.05,10142,2409,13.25
2025-10-16,28835889,382117205,13.4,13.15,13.25,0.1,5749,2409,13.2
2025-10-17,32295849,426661861,13.4,13.1,13.2,-0.05,6019,2409,13.25
2025-10-20,30206866,398885653,13.35,13.1,13.25,0.05,6517,2409,13.25
2025-10-21,53885675,703547443,13.25,13.0,13.05,-0.2,14548,2409,13.25
2025-10-22,37000980,484823985,13.15,13.0,13.15,0.1,5117,2409,13.1
2025-10-23,44055900,579971943,13.25,13.05,13.2,0.05,5585,2409,13.15
2025-10-27,51406994,680250402,13.45,13.1,13.2,0.0,11005,2409,13.35
2025-10-28,34888861,456475814,13.25,13.0,13.1,-0.1,6660,2409,13.25
2025-10-29,37010137,484305426,13.2,13.0,13.05,-0.05,7202,2409,13.1
2025-10-30,53771932,695511476,13.25,12.8,12.8,-0.25,10862,2409,13.15
2025-10-31,104470504,1287981474,12.65,12.15,12.15,-0.65,21702,2409,12.55
2025-11-03,81186499,977511497,12.3,11.9,11.9,-0.25,16601,2409,12.15
2025-11-04,60339690,712048642,12.1,11.65,11.65,-0.25,14954,2409,11.95
2025-11-05,56868217,667548513,12.0,11.4,11.8,0.15,15059,2409,11.55
2025-11-06,50916261,604663515,12.0,11.75,11.85,0.05,8548,2409,11.85
2025-11-07,33735541,405864419,12.15,11.85,12.0,0.15,9924,2409,11.85
2025-11-10,30301209,360869458,12.1,11.85,11.9,-0.1,6125,2409,12.1
2025-11-11,46596809,547794560,11.95,11.65,11.7,-0.2,11930,2409,11.9
2025-11-12,26985417,320617155,11.95,11.7,11.85,0.15,5361,2409,11.7
2025-11-13,34846328,415393675,12.1,11.8,12.0,0.15,7671,2409,11.95
2025-11-14,56862004,673447634,12.0,11.7,11.7,-0.3,9487,2409,11.9
2025-11-17,56681819,663083454,12.05,11.55,11.55,-0.15,11933,2409,11.95
2025-11-18,43495389,492745283,11.6,11.15,11.15,-0.4,10017,2409,11.5
2025-11-19,42995414,477030064,11.3,11.0,11.0,-0.15,9434,2409,11.1
2025-11-20,25344206,282413307,11.2,11.05,11.15,0.15,7193,2409,11.1
2025-11-21,55957215,612029210,11.15,10.8,10.8,-0.35,11605,2409,11.0
2025-11-24,604153657,6558647210,11.1,10.8,10.85,0.05,15812,2409,10.9
2025-11-25,56969427,632072214,11.25,10.9,11.05,0.2,8605,2409,10.95
2025-11-26,59450843,671097457,11.4,11.15,11.3,0.25,9866,2409,11.15
2025-11-27,44063235,503436144,11.55,11.3,11.5,0.2,7288,2409,11.45
2025-11-28,44422127,517133791,11.75,11.5,11.6,0.1,9098,2409,11.5
2025-12-01,44725504,511818828,11.6,11.35,11.35,-0.25,7848,2409,11.6
2025-12-02,45198364,514596991,11.5,11.25,11.35,0.0,6503,2409,11.35
2025-12-03,59204280,689663618,11.85,11.4,11.65,0.3,11041,2409,11.4
2025-12-04,40981811,484391114,11.9,11.7,11.85,0.2,7911,2409,11.7
2025-12-05,47522956,556265477,11.85,11.6,11.65,-0.2,7483,2409,11.85
2025-12-08,33196280,387786878,11.85,11.6,11.6,-0.05,5971,2409,11.7
2025-12-09,41002250,468163097,11.65,11.3,11.3,-0.3,8118,2409,11.65
2025-12-10,54221862,627424919,11.75,11.35,11.6,0.3,8054,2409,11.45
2025-12-11,34287490,392510319,11.65,11.35,11.4,-0.2,6301,2409,11.65
2025-12-12,33361059,381408987,11.55,11.35,11.35,-0.05,5748,2409,11.45
2025-12-15,39204186,449091899,11.6,11.2,11.45,0.1,6951,2409,11.3
2025-12-16,35736847,405621424,11.5,11.25,11.3,-0.15,6891,2409,11.4
2025-12-17,23234280,264098177,11.5,11.25,11.3,0.0,5888,2409,11.4
2025-12-18,25395204,284185693,11.35,11.1,11.15,-0.15,6536,2409,11.3
2025-12-19,31818009,356896289,11.3,11.15,11.25,0.1,5083,2409,11.2
2025-12-22,28396620,320657560,11.4,11.2,11.25,0.0,5470,2409,11.3
2025-12-23,47570502,540531128,11.55,11.25,11.3,0.05,7800,2409,11.45
2025-12-24,55673459,638135201,11.65,11.35,11.45,0.15,8501,2409,11.5
2025-12-26,36099090,409011985,11.5,11.2,11.4,-0.05,7122,2409,11.5
2025-12-29,205806258,2453820409,12.2,11.5,11.8,0.4,32836,2409,11.5
2025-12-30,193408988,2304846235,12.15,11.6,12.05,0.25,31826,2409,11.75
2025-12-31,222138081,2758772406,12.8,12.05,12.25,0.2,37468,2409,12.05
2026-01-02,198404879,2448490473,12.65,11.9,12.6,0.35,29552,2409,12.2
2026-01-05,264402662,3584984906,13.85,12.9,13.85,1.25,38712,2409,12.9
2026-01-06,322393571,4790456155,15.2,14.3,15.2,1.35,47866,2409,14.5
2026-01-07,852102789,14033733355,16.7,15.8,16.7,1.5,153022,2409,16.4
2026-01-08,941714067,15592457732,17.5,15.6,15.65,-1.05,198199,2409,16.95
2026-01-09,463145002,6862175682,15.8,14.4,14.5,-1.15,106158,2409,15.3
2026-01-12,490312435,7497345174,15.9,14.25,15.3,0.8,96209,2409,14.65
2026-01-13,469826641,7286517881,16.2,15.0,15.15,-0.15,109581,2409,15.55
2026-01-14,334748286,5141762317,15.9,15.05,15.15,0.0,66135,2409,15.15
2026-01-15,241047944,3677314472,15.55,15.05,15.25,0.1,54885,2409,15.25
2026-01-16,346971232,5402166871,15.9,15.25,15.7,0.45,66739,2409,15.4
2026-01-19,470528067,7971886717,17.25,15.9,17.25,1.55,70365,2409,16.05
2026-01-20,616653167,10439860447,17.5,16.5,16.6,-0.65,131276,2409,17.25
2026-01-21,414140275,6649493546,16.7,15.55,15.9,-0.7,94350,2409,16.3
2026-01-22,329980193,5277181291,16.75,15.3,15.35,-0.55,73460,2409,16.45
2026-01-23,203738228,3079865102,15.6,14.9,15.05,-0.3,42912,2409,15.4
2026-01-26,104980040,1598430603,15.5,15.1,15.25,0.2,24678,2409,15.2
2026-01-27,200855096,2934796189,15.35,14.3,14.45,-0.8,50446,2409,15.35
2026-01-28,193878780,2789565211,14.9,14.0,14.1,-0.35,44715,2409,14.6
2026-01-29,167849983,2318732967,14.15,13.65,13.8,-0.3,35479,2409,14.1
2026-01-30,165436353,2282338671,14.1,13.4,13.75,-0.05,35815,2409,13.95
2026-02-02,102975916,1385979389,13.85,13.3,13.35,-0.4,23154,2409,13.5
2026-02-03,92724780,1263176037,13.9,13.3,13.8,0.45,19990,2409,13.6
2026-02-04,192059385,2855191477,15.15,14.25,15.15,1.35,30225,2409,14.6
2026-02-05,562772945,8843013897,16.4,15.25,15.6,0.45,116679,2409,15.95
2026-02-06,288979637,4460140142,15.8,15.0,15.2,-0.4,58982,2409,15.3
2026-02-09,155399653,2356123119,15.75,14.9,15.0,-0.2,36395,2409,15.7
2026-02-10,99919580,1474563705,14.95,14.6,14.75,-0.25,23018,2409,14.7
2026-02-11,494698496,7787040416,16.2,15.1,16.15,1.4,100056,2409,15.2
2026-02-23,502786904,8212279169,16.9,15.85,15.95,-0.2,111972,2409,16.2
2026-02-24,253048735,4074472469,16.4,15.8,16.35,0.4,48985,2409,15.95
2026-02-25,514513168,8654588609,17.6,16.05,16.1,-0.25,107655,2409,16.75
2026-02-26,260143767,4271246962,16.8,15.95,16.6,0.5,52997,2409,16.25
2026-03-02,348697992,5823519913,17.2,15.9,16.85,0.25,72025,2409,15.9
2026-03-03,337400739,5403553005,17.0,15.5,15.75,-1.1,75889,2409,17.0
2026-03-04,170774526,2573868153,15.5,14.75,14.95,-0.8,39732,2409,15.2
2026-03-05,132447520,2035982832,15.75,15.05,15.3,0.35,30727,2409,15.55
2026-03-06,153938723,2411495152,16.0,14.95,15.85,0.55,34061,2409,15.2
2026-03-09,146884600,2228929122,15.6,14.7,15.6,-0.25,33870,2409,15.0
2026-03-10,192794084,3026813952,16.2,15.35,15.7,0.1,40873,2409,15.95
2026-03-11,365665113,6027803729,16.85,15.85,16.65,0.95,71317,2409,15.9
2026-03-12,596969740,10323453435,18.0,16.65,17.25,0.6,130493,2409,16.75
2026-03-13,324520122,5392253524,17.15,16.15,16.55,-0.7,71931,2409,16.75
2026-03-16,251276745,3966247129,16.6,15.4,15.7,-0.85,59666,2409,16.55
2026-03-17,151158923,2433952295,16.4,15.7,15.9,0.2,35324,2409,15.8
2026-03-18,144840416,2319824693,16.4,15.65,16.2,0.3,40472,2409,16.2
2026-03-19,92579289,1466419151,16.05,15.7,15.75,-0.45,24396,2409,15.95
2026-03-20,90992642,1418355847,15.95,15.4,15.6,-0.15,21027,2409,15.9
2026-03-23,88089012,1325491953,15.3,14.85,14.85,-0.75,27088,2409,15.15
2026-03-24,75680952,1122241362,15.25,14.55,14.65,-0.2,23601,2409,15.2
2026-03-25,55204862,827756141,15.2,14.8,15.0,0.35,15706,2409,15.05
2026-03-26,58205039,874933604,15.3,14.75,14.8,-0.2,15237,2409,15.1
2026-03-27,76126658,1101061952,14.75,14.3,14.4,-0.4,20253,2409,14.6
2026-03-30,45208931,639889538,14.3,14.0,14.3,-0.1,12649,2409,14.0
2026-03-31,91827245,1329260207,14.85,14.05,14.5,0.2,17732,2409,14.3
2026-04-01,206249608,3249585255,15.95,14.95,15.95,1.45,31152,2409,15.15
2026-04-02,700945979,11824969601,17.4,16.4,16.85,0.9,136320,2409,16.5
2026-04-07,343798881,5720632647,17.65,16.05,16.25,-0.6,77378,2409,17.5
2026-04-08,341826176,5808755899,17.35,16.65,17.05,0.8,79621,2409,16.7
2026-04-09,671934540,12355198357,18.75,16.8,18.75,1.7,103188,2409,17.2
2026-04-10,839678020,15141025298,19.5,17.15,18.15,-0.6,183074,2409,19.4
2026-04-13,247422592,4438554484,18.3,17.6,18.0,-0.15,58114,2409,18.05
2026-04-14,556950317,10680063922,19.8,18.4,19.8,1.8,122661,2409,18.4
2026-04-15,697359696,13896260329,20.6,19.3,20.05,0.25,173433,2409,19.95
2026-04-16,651170065,13649685904,21.85,19.9,20.7,0.65,157639,2409,20.35
2026-04-17,365101354,7327853059,20.65,19.8,19.85,-0.85,101849,2409,20.4
2026-04-20,309422157,6020217091,20.0,19.1,19.25,-0.6,78362,2409,20.0
2026-04-21,252160910,4818637867,19.7,18.7,18.9,-0.35,65593,2409,19.35
2026-04-22,191097726,3558229934,18.95,18.4,18.55,-0.35,48287,2409,18.85
2026-04-23,315846972,5645704413,18.85,17.3,17.75,-0.8,74328,2409,18.7
2026-04-24,203074622,3499556602,17.85,16.9,17.2,-0.55,48026,2409,17.8
2026-04-27,190151171,3271750330,17.5,16.7,17.35,0.15,43776,2409,17.25
2026-04-28,103227781,1791292742,17.6,17.15,17.2,-0.15,26444,2409,17.35
2026-04-29,124810952,2176755691,17.75,17.1,17.3,0.1,29656,2409,17.2
2026-04-30,107364483,1848269219,17.6,16.95,17.2,-0.1,28807,2409,17.5
2026-05-04,185186551,3136071873,17.25,16.6,16.95,-0.25,42204,2409,16.9
2026-05-05,283447210,5032852194,18.0,17.2,17.85,0.9,62920,2409,17.25
2026-05-06,247854591,4453271250,18.4,17.5,18.05,0.2,55123,2409,18.15
2026-05-07,263748821,4863644405,18.8,18.05,18.35,0.3,58964,2409,18.3
2026-05-08,206094211,3759293502,18.9,17.75,17.85,-0.5,50112,2409,18.45
2026-05-11,317856734,5962696962,19.1,18.25,18.85,1.0,71032,2409,18.5
2026-05-12,730161791,14571744276,20.7,18.85,20.7,1.85,157393,2409,19.2
2026-05-13,518461486,10352556408,20.5,19.25,20.2,-0.5,112794,2409,20.2
2026-05-14,323755549,6389666549,20.7,19.3,19.55,-0.65,75106,2409,20.7
2026-05-15,317634644,6197288940,20.3,18.9,19.05,-0.5,73456,2409,19.6
2026-05-18,207880657,3909620018,19.5,18.2,19.25,0.2,49528,2409,18.8
2026-05-19,189970827,3697706078,20.15,19.0,19.15,-0.1,47118,2409,19.25
2026-05-20,118262550,2231386247,19.3,18.6,18.75,-0.4,32463,2409,19.25
2026-05-21,367725205,7389343836,20.45,19.05,20.2,1.45,78698,2409,19.1
2026-05-22,394425774,8576715690,22.2,20.55,22.2,2.0,88361,2409,20.85
2026-05-25,82302936,2006614918,24.4,24.15,24.4,2.2,20780,2409,24.35
2026-05-26,818361725,18791948866,25.8,22.0,22.0,-2.4,225043,2409,25.5
2026-05-27,566175271,12131631799,22.2,20.5,21.8,-0.2,151241,2409,22.15
2026-05-28,538705306,12037450511,23.4,21.2,21.2,-0.6,144457,2409,21.9
2026-05-29,481574851,10879111164,23.2,21.9,23.0,1.8,113440,2409,22.35
2026-06-01,564845158,13630475797,24.8,23.1,23.8,0.8,151652,2409,23.8
2026-06-02,720567401,17746430190,26.15,23.3,26.15,2.35,178184,2409,24.05
2026-06-03,706729442,19688643243,28.75,26.7,28.75,2.6,170008,2409,27.5
2026-06-04,878685417,24993531751,29.6,27.5,29.25,0.5,235811,2409,28.4
2026-06-05,607774938,16622717101,28.4,26.35,27.1,-2.15,176278,2409,28.0
2026-06-08,69133057,1686844928,24.4,24.4,24.4,-2.7,29873,2409,24.4
2026-06-09,505972455,12450721851,25.2,24.0,24.0,-0.4,139754,2409,25.0
2026-06-10,368098295,8753435309,24.7,22.85,22.95,-1.05,106246,2409,23.4
2026-06-11,320575053,7346923496,23.75,22.2,23.15,0.2,86898,2409,22.75
2026-06-12,300437623,7258189774,25.0,23.45,23.5,0.35,77459,2409,24.6
2026-06-15,234168728,5717210992,25.0,24.1,24.1,0.6,65477,2409,24.45
2026-06-16,203629435,4930142524,24.75,23.9,23.9,-0.2,60858,2409,24.5
2026-06-17,559042864,14341012362,26.25,23.35,26.25,2.35,108850,2409,23.6
2026-06-18,828311957,22785902829,28.6,26.05,28.15,1.9,223044,2409,27.45
2026-06-22,297702512,9054098011,30.95,29.1,30.95,2.8,77452,2409,29.45
2026-06-23,957929040,29442304912,33.0,29.0,29.05,-1.9,286790,2409,31.1
2026-06-24,894026718,27272349411,31.95,28.25,30.5,1.45,239401,2409,28.4
2026-06-25,416200717,12542229719,31.1,29.3,30.4,-0.1,124384,2409,30.9
