date,capacity,turnover,high,low,close,change,transaction_volume,stock_code_id,open
2015-01-05,7788379,202746901,26.3,25.3,26.15,0.7,3157,2449,25.45
2015-01-06,14554526,384946768,26.65,25.9,26.1,-0.05,4643,2449,26.1
2015-01-07,14625441,391176894,27.1,26.2,26.95,0.85,5185,2449,26.4
2015-01-08,11294423,305420593,27.15,26.8,27.05,0.1,3888,2449,27.1
2015-01-09,10421145,284449715,27.7,26.95,27.0,-0.05,2960,2449,27.3
2015-01-12,6839612,184617542,27.15,26.85,26.95,-0.05,2479,2449,26.85
2015-01-13,4667765,126466424,27.25,26.8,27.0,0.05,1629,2449,26.95
2015-01-14,4882360,131210472,27.15,26.65,27.05,0.05,1802,2449,27.0
2015-01-15,3265460,87575369,27.0,26.7,26.7,-0.35,1571,2449,26.8
2015-01-16,9669993,252706603,26.8,25.7,25.7,-1.0,3942,2449,26.8
2015-01-19,4146937,108697680,26.35,26.0,26.25,0.55,1693,2449,26.0
2015-01-20,3324128,88223509,26.75,26.25,26.35,0.1,1529,2449,26.25
2015-01-21,4275471,112310784,26.55,26.1,26.2,-0.15,1988,2449,26.4
2015-01-22,5842520,155786586,26.8,26.25,26.55,0.35,2113,2449,26.25
2015-01-23,11450932,308200559,27.1,26.65,26.9,0.35,2798,2449,26.65
2015-01-26,5976935,159640972,27.0,26.35,26.6,-0.3,2720,2449,26.9
2015-01-27,7813834,209737194,27.1,26.65,26.65,0.05,2550,2449,26.85
2015-01-28,5407717,143748543,26.9,26.45,26.65,0.0,2098,2449,26.65
2015-01-29,7428340,199092500,27.0,26.6,26.65,0.0,2398,2449,26.8
2015-01-30,5535659,147899271,26.85,26.6,26.6,-0.05,2445,2449,26.65
2015-02-02,6117523,163151133,26.85,26.5,26.7,0.1,2362,2449,26.85
2015-02-03,13894499,375421273,27.25,26.7,27.0,0.3,6148,2449,26.95
2015-02-04,6376710,172212529,27.2,26.75,27.0,0.0,3273,2449,27.1
2015-02-05,4511885,120398121,27.15,26.45,26.65,-0.35,2210,2449,26.8
2015-02-06,6222987,167771741,27.1,26.8,26.85,0.2,3605,2449,27.0
2015-02-09,12068296,329242922,27.5,26.9,27.15,0.3,5309,2449,27.0
2015-02-10,12346374,328288252,27.0,26.3,26.5,-0.65,5610,2449,26.8
2015-02-11,4724018,125814919,26.75,26.5,26.6,0.1,2793,2449,26.6
2015-02-12,3182486,84847622,26.75,26.55,26.6,0.0,1901,2449,26.7
2015-02-13,4532535,120626038,26.8,26.45,26.45,-0.15,1525,2449,26.55
2015-02-24,5603916,149507565,26.9,26.5,26.55,0.1,2777,2449,26.9
2015-02-25,10825056,289527222,26.9,26.5,26.85,0.3,4146,2449,26.55
2015-02-26,10419110,278853861,27.0,26.55,26.6,-0.25,3671,2449,26.9
2015-03-02,13815399,372947081,27.25,26.75,27.1,0.5,4811,2449,26.8
2015-03-03,50791242,1447498911,28.95,27.3,28.95,1.85,12418,2449,27.3
2015-03-04,34167231,1002021010,29.75,28.6,28.6,-0.35,11242,2449,29.15
2015-03-05,14721054,423917584,29.25,28.4,29.15,0.55,5139,2449,28.65
2015-03-06,23439649,696884217,30.15,29.3,29.6,0.45,8026,2449,29.5
2015-03-09,14797089,434141032,29.6,29.2,29.35,-0.25,4135,2449,29.5
2015-03-10,8529518,251638298,29.8,29.3,29.6,0.25,4050,2449,29.55
2015-03-11,5701469,167317035,29.5,29.25,29.3,-0.3,2098,2449,29.3
2015-03-12,15561832,464679657,30.1,29.35,29.85,0.55,5778,2449,29.6
2015-03-13,7634832,227934453,30.15,29.65,29.7,-0.15,3206,2449,29.9
2015-03-16,6346640,186725804,29.9,29.15,29.35,-0.35,2721,2449,29.9
2015-03-17,13870494,403119480,29.55,28.75,29.05,-0.3,4418,2449,29.4
2015-03-18,5282670,154343454,29.35,29.0,29.15,0.1,2453,2449,29.1
2015-03-19,7165350,210692918,29.55,29.2,29.4,0.25,2460,2449,29.35
2015-03-20,7392455,218444052,29.7,29.2,29.55,0.15,2777,2449,29.4
2015-03-23,4856634,143648779,29.75,29.45,29.5,-0.05,1937,2449,29.6
2015-03-24,5869544,171663070,29.7,29.05,29.15,-0.35,2361,2449,29.5
2015-03-25,7762922,226489188,29.45,28.9,29.15,0.0,2470,2449,29.3
2015-03-26,8796985,252091025,29.0,28.4,28.55,-0.6,4166,2449,28.8
2015-03-27,7361963,207007020,28.85,27.85,27.85,-0.7,3016,2449,28.3
2015-03-30,4272795,120048760,28.4,28.0,28.0,0.15,2458,2449,28.3
2015-03-31,6769386,192159439,28.55,28.15,28.45,0.45,3231,2449,28.25
2015-04-01,5143870,144286810,28.45,27.9,27.95,-0.5,2824,2449,28.45
2015-04-02,6771216,189711498,28.2,27.8,28.0,0.05,2948,2449,28.1
2015-04-07,6974943,197782466,28.5,28.0,28.4,0.4,2646,2449,28.0
2015-04-08,9759051,275279019,28.5,28.0,28.1,-0.3,4543,2449,28.5
2015-04-09,6827903,192651734,28.4,28.0,28.1,0.0,2722,2449,28.0
2015-04-10,4192065,118574919,28.4,28.1,28.2,0.1,2252,2449,28.1
2015-04-13,5041484,142700866,28.5,28.05,28.5,0.3,2311,2449,28.45
2015-04-14,4841948,137788044,28.6,28.25,28.45,-0.05,2504,2449,28.35
2015-04-15,3669797,103282064,28.5,28.05,28.15,-0.3,1891,2449,28.45
2015-04-16,3248627,91415106,28.25,28.05,28.1,-0.05,1883,2449,28.15
2015-04-17,6388496,177304930,28.05,27.5,27.5,-0.6,2838,2449,28.0
2015-04-20,8738004,236550429,27.5,26.95,27.3,-0.2,3362,2449,27.5
2015-04-21,5854849,159453107,27.6,26.95,27.35,0.05,3094,2449,27.2
2015-04-22,5299197,144662216,27.55,27.0,27.3,-0.05,2654,2449,27.35
2015-04-23,9239649,251233728,27.55,27.0,27.3,0.0,4853,2449,27.4
2015-04-24,11299490,307205618,27.45,27.05,27.4,0.1,5889,2449,27.1
2015-04-27,5520896,152245914,27.75,27.25,27.7,0.3,2254,2449,27.5
2015-04-28,6156306,171529089,28.05,27.75,27.8,0.1,3070,2449,28.05
2015-04-29,6785160,188908527,28.0,27.55,27.9,0.1,2335,2449,27.8
2015-04-30,5139277,143734491,28.1,27.85,27.95,0.05,2221,2449,27.9
2015-05-04,7560453,206687387,27.95,27.15,27.15,-0.8,2640,2449,27.95
2015-05-05,4218443,115024735,27.45,27.05,27.35,0.2,1339,2449,27.2
2015-05-06,4023162,109551343,27.35,27.0,27.3,-0.05,2255,2449,27.0
2015-05-07,5339592,145514305,27.5,27.1,27.4,0.1,2226,2449,27.2
2015-05-08,4968236,134953142,27.45,27.1,27.15,-0.25,2663,2449,27.4
2015-05-11,4054496,110334592,27.4,27.1,27.15,0.0,1609,2449,27.15
2015-05-12,10276275,271788133,27.25,26.15,26.55,-0.6,4146,2449,27.1
2015-05-13,5422277,147315551,27.4,26.95,27.2,0.65,1925,2449,27.4
2015-05-14,3427547,92716719,27.3,26.8,27.0,-0.2,1443,2449,27.2
2015-05-15,2613119,70804013,27.2,26.95,27.05,0.05,1145,2449,27.0
2015-05-18,2966934,79889040,27.05,26.7,27.0,-0.05,1686,2449,27.05
2015-05-19,2450228,66644756,27.3,27.0,27.15,0.15,1112,2449,27.1
2015-05-20,3765504,101521000,27.15,26.75,26.85,-0.3,1810,2449,27.15
2015-05-21,2289893,61714007,27.2,26.6,27.05,0.2,1005,2449,26.65
2015-05-22,2658821,71640845,27.2,26.8,26.8,-0.25,1316,2449,26.95
2015-05-25,1693158,45775998,27.3,26.75,27.05,0.25,962,2449,26.8
2015-05-26,1514872,41030844,27.3,27.0,27.1,0.05,794,2449,27.3
2015-05-27,2716685,74432458,27.55,27.1,27.5,0.4,1220,2449,27.3
2015-05-28,5280585,146591447,27.95,27.65,27.75,0.25,2343,2449,27.8
2015-05-29,4162415,114895234,27.8,27.45,27.45,-0.3,1829,2449,27.75
2015-06-01,6007957,167448246,28.15,27.45,28.15,0.7,1907,2449,27.6
2015-06-02,7808835,221282978,28.7,28.05,28.05,-0.1,2737,2449,28.2
2015-06-03,2830145,79215432,28.15,27.85,28.0,-0.05,1315,2449,28.0
2015-06-04,4636437,128258644,28.3,27.25,27.3,-0.7,2272,2449,28.05
2015-06-05,3249813,88030614,27.6,26.4,27.45,0.15,1501,2449,27.4
2015-06-08,8692633,244464572,28.5,27.0,28.4,0.95,3939,2449,27.0
2015-06-09,5185405,142872209,28.35,26.6,26.6,-1.8,2294,2449,28.3
2015-06-10,3116428,84107696,27.15,26.85,27.1,0.5,1499,2449,27.0
2015-06-11,4425005,119789330,27.35,26.85,26.9,-0.2,1535,2449,27.3
2015-06-12,2519021,68358820,27.5,26.85,27.5,0.6,1169,2449,26.9
2015-06-15,3477696,95903956,27.85,27.25,27.25,-0.25,1325,2449,27.65
2015-06-16,3066631,82718717,27.3,26.85,26.9,-0.35,1288,2449,27.25
2015-06-17,2651915,71353660,27.1,26.6,27.0,0.1,1618,2449,26.9
2015-06-18,2947367,80933381,27.6,27.3,27.35,0.35,1320,2449,27.3
2015-06-22,3342087,91148812,27.55,27.1,27.15,-0.2,1739,2449,27.35
2015-06-23,3774071,103266517,27.6,27.15,27.25,0.1,1749,2449,27.2
2015-06-24,2633123,71742547,27.45,27.15,27.25,0.0,1624,2449,27.45
2015-06-25,7497617,209159621,28.3,27.3,28.0,0.75,3076,2449,27.5
2015-06-26,5186086,144926417,28.35,27.6,27.65,-0.35,2155,2449,28.35
2015-06-29,4346271,117984689,27.55,26.85,27.2,-0.45,2261,2449,27.5
2015-06-30,4073730,110211992,27.3,26.85,26.95,-0.25,2190,2449,26.85
2015-07-01,2776226,75303822,27.3,27.0,27.0,0.05,1461,2449,27.1
2015-07-02,3685513,99566501,27.15,26.85,27.0,0.0,1908,2449,27.0
2015-07-03,3824426,102555964,27.0,26.7,26.8,-0.2,1659,2449,26.9
2015-07-06,3593935,96086009,27.05,26.6,26.65,-0.15,1888,2449,26.8
2015-07-07,1986814,53315829,27.1,26.65,26.7,0.05,1059,2449,26.95
2015-07-08,6815645,176994005,26.65,25.4,25.55,-1.15,2864,2449,26.5
2015-07-09,6735440,170680192,26.45,23.75,26.05,0.5,2946,2449,24.55
2015-07-13,5448992,141757942,26.45,25.8,25.95,-0.1,2989,2449,26.45
2015-07-14,9020866,237611372,26.8,26.1,26.3,0.35,3319,2449,26.15
2015-07-15,10605284,255449596,24.8,23.7,23.7,0.0,4235,2449,24.7
2015-07-16,7224990,170894259,24.0,23.45,23.5,-0.2,2999,2449,23.9
2015-07-17,14167815,319612695,23.65,22.2,22.35,-1.15,5297,2449,23.45
2015-07-20,6411041,143675468,22.65,22.15,22.65,0.3,2859,2449,22.4
2015-07-21,7397674,163210012,22.75,21.65,22.0,-0.65,2978,2449,22.65
2015-07-22,3441632,76582889,22.4,22.05,22.25,0.25,1581,2449,22.2
2015-07-23,4860519,106829936,22.4,21.7,21.7,-0.55,2116,2449,22.35
2015-07-24,11412610,239777450,21.7,20.6,20.9,-0.8,4234,2449,21.3
2015-07-27,7169520,144940300,21.0,19.75,19.75,-1.15,2629,2449,20.6
2015-07-28,6501454,131877625,20.65,19.8,20.55,0.8,2597,2449,19.9
2015-07-29,12578505,272439206,22.05,21.2,21.95,1.4,5378,2449,21.5
2015-07-30,7009714,151336561,21.9,21.4,21.4,-0.55,3515,2449,21.55
2015-07-31,4635844,98353622,21.6,21.0,21.3,-0.1,2259,2449,21.5
2015-08-03,4507154,94997310,21.35,20.85,21.35,0.05,1974,2449,21.3
2015-08-04,8820794,181853681,21.3,20.3,20.6,-0.75,3779,2449,21.2
2015-08-05,5814879,118374229,20.55,20.0,20.4,-0.2,2700,2449,20.35
2015-08-06,8028943,166147717,21.3,20.4,20.4,0.0,3364,2449,21.3
2015-08-07,2168025,44262358,20.65,20.05,20.5,0.1,1220,2449,20.3
2015-08-10,3242586,66823786,20.85,20.35,20.7,0.2,1479,2449,20.6
2015-08-11,5466763,114200814,21.3,20.5,20.5,-0.2,2514,2449,21.2
2015-08-12,4547605,93019907,20.6,20.35,20.45,-0.05,1955,2449,20.5
2015-08-13,3826109,79594496,21.15,20.55,21.0,0.55,1691,2449,20.65
2015-08-14,2856809,60460869,21.3,21.0,21.25,0.25,1123,2449,21.3
2015-08-17,3999954,82970936,20.85,20.65,20.75,-0.5,1739,2449,20.65
2015-08-18,2953851,60679657,20.9,20.3,20.35,-0.4,1583,2449,20.85
2015-08-19,5486605,110400317,20.4,19.9,20.3,-0.05,2585,2449,20.2
2015-08-20,2445783,49862371,20.6,20.05,20.3,0.0,1419,2449,20.1
2015-08-21,4768832,95343751,20.15,19.7,20.0,-0.3,2280,2449,19.8
2015-08-24,7333872,139334806,19.7,18.2,19.1,-0.9,2548,2449,19.3
2015-08-25,7523838,139887798,19.3,17.35,19.2,0.1,2675,2449,17.35
2015-08-26,3417171,65270179,19.35,18.9,19.25,0.05,1525,2449,19.25
2015-08-27,4602855,91047303,20.1,19.45,19.6,0.35,2192,2449,19.45
2015-08-28,4260884,86738973,20.65,19.8,20.45,0.85,1929,2449,19.85
2015-08-31,5203833,108542743,21.1,20.65,20.9,0.45,2845,2449,20.9
2015-09-01,4719405,99202373,21.3,20.8,21.3,0.4,2149,2449,20.9
2015-09-02,4310346,89961726,21.0,20.7,20.85,-0.45,1613,2449,20.9
2015-09-03,2997042,63350733,21.3,20.9,21.1,0.25,1461,2449,21.05
2015-09-04,3768363,79291226,21.45,20.7,20.7,-0.4,1795,2449,21.05
2015-09-07,3532945,73785355,21.05,20.5,20.9,0.2,1470,2449,20.6
2015-09-08,2384080,50297031,21.2,20.9,21.15,0.25,1303,2449,21.2
2015-09-09,4661897,100783277,21.9,21.45,21.55,0.4,2033,2449,21.5
2015-09-10,5462879,115577016,21.5,21.05,21.1,-0.45,2312,2449,21.5
2015-09-11,4528758,96507116,21.4,21.1,21.35,0.25,2031,2449,21.1
2015-09-14,4486533,95137393,21.5,21.0,21.15,-0.2,1810,2449,21.45
2015-09-15,5525809,118268707,21.6,21.1,21.5,0.35,2918,2449,21.25
2015-09-16,4759312,102489615,21.75,21.25,21.7,0.2,2065,2449,21.6
2015-09-17,4309856,94137870,21.95,21.75,21.8,0.1,1574,2449,21.85
2015-09-18,10192830,225300680,22.5,21.75,22.0,0.2,3609,2449,21.75
2015-09-21,5383714,116920116,22.0,21.3,21.7,-0.3,2089,2449,22.0
2015-09-22,4644231,100250172,21.95,21.5,21.55,-0.15,1811,2449,21.9
2015-09-23,6363129,134114492,21.5,20.95,20.95,-0.6,2228,2449,21.35
2015-09-24,7358016,156596036,21.6,21.1,21.1,0.15,2519,2449,21.2
2015-09-25,3139173,66534647,21.4,21.05,21.1,0.0,1383,2449,21.4
2015-09-30,5877505,121089004,20.9,20.4,20.9,-0.2,2730,2449,20.45
2015-11-02,12431495,258549215,21.1,20.5,20.8,0.0,4381,2449,20.75
2015-11-03,19352172,413096723,21.65,21.05,21.45,0.65,6443,2449,21.2
2015-11-04,12459640,268180089,21.75,21.35,21.45,0.0,3850,2449,21.6
2015-11-05,7284504,158085081,21.9,21.55,21.8,0.35,2286,2449,21.55
2015-11-06,12962979,274509053,21.7,20.95,21.1,-0.7,4245,2449,21.7
2015-11-09,8142310,169963425,21.2,20.7,20.85,-0.25,2897,2449,21.05
2015-11-10,6844021,142348533,20.95,20.7,20.8,-0.05,2315,2449,20.85
2015-11-11,5372133,111599362,21.0,20.7,20.8,0.0,1559,2449,20.9
2015-11-12,7394890,152406323,21.05,20.4,20.65,-0.15,2822,2449,21.0
2015-11-13,3790808,77930097,20.75,20.4,20.55,-0.1,1373,2449,20.45
2015-11-16,4246290,86969359,20.75,20.25,20.5,-0.05,1753,2449,20.45
2015-11-17,4587916,95818404,21.1,20.65,20.8,0.3,1885,2449,20.75
2015-11-18,6921313,142489216,21.15,20.2,20.2,-0.6,2619,2449,21.15
2015-11-19,3505030,71518706,20.65,20.3,20.45,0.25,1726,2449,20.5
2015-11-20,1750263,35915738,20.7,20.3,20.45,0.0,772,2449,20.55
2015-11-23,1509894,31034411,20.7,20.45,20.55,0.1,793,2449,20.55
2015-11-24,3472246,70532075,20.7,20.2,20.2,-0.35,1641,2449,20.7
2015-11-25,3203721,64173054,20.45,19.9,19.95,-0.25,1451,2449,20.4
2015-11-26,2781156,56179197,20.35,20.05,20.2,0.25,1243,2449,20.1
2015-11-27,2318501,46606091,20.35,20.0,20.1,-0.1,1073,2449,20.35
2015-11-30,3331502,66757587,20.2,19.9,20.05,-0.05,1585,2449,20.0
2015-12-01,2918513,58813856,20.35,20.05,20.1,0.05,1585,2449,20.35
2015-12-02,3074824,62508237,20.45,20.2,20.3,0.2,1594,2449,20.3
2015-12-03,1550431,31501640,20.4,20.25,20.3,0.0,720,2449,20.3
2015-12-04,4054099,82355761,20.55,20.1,20.55,0.25,2180,2449,20.3
2015-12-07,7560304,158606984,21.15,20.75,21.0,0.45,2372,2449,20.8
2015-12-08,4306410,88846146,21.1,20.5,20.6,-0.4,2014,2449,21.1
2015-12-09,3505054,71047283,20.6,20.15,20.25,-0.35,1355,2449,20.6
2015-12-10,3081257,62311913,20.45,20.0,20.2,-0.05,1707,2449,20.25
2015-12-11,3211056,64745020,20.45,20.0,20.0,-0.2,1558,2449,20.35
2015-12-14,2800699,56514195,20.3,19.95,20.2,0.2,1302,2449,20.1
2015-12-15,12998162,274529886,21.7,20.3,21.25,1.05,4845,2449,20.35
2015-12-16,13718604,292202590,21.85,20.8,20.8,-0.45,4714,2449,21.7
2015-12-17,11229680,240473965,21.7,21.0,21.6,0.8,4012,2449,21.1
2015-12-18,20075171,443183958,22.6,21.3,22.4,0.8,6454,2449,21.6
2015-12-21,15969528,354822737,22.8,21.75,22.05,-0.35,5377,2449,22.2
2015-12-22,5612243,123642405,22.45,21.8,21.9,-0.15,2415,2449,22.25
2015-12-23,8164306,177853287,22.15,21.6,21.6,-0.3,3508,2449,22.1
2015-12-24,5396370,115975934,21.95,21.3,21.35,-0.25,2473,2449,21.85
2015-12-25,5076582,110777677,22.15,21.45,22.05,0.7,2157,2449,21.55
2015-12-28,4726509,103702222,22.25,21.8,21.9,-0.15,2504,2449,22.2
2015-12-29,3309611,71834830,22.0,21.6,21.6,-0.3,1864,2449,21.9
2015-12-30,3352079,72066887,21.8,21.4,21.45,-0.15,1708,2449,21.8
2015-12-31,3590148,77455318,21.75,21.4,21.55,0.1,1305,2449,21.65
2016-01-04,4101911,88160588,21.7,21.25,21.25,-0.3,1621,2449,21.65
2016-01-05,5103763,110197489,21.95,21.1,21.65,0.4,2304,2449,21.25
2016-01-06,6517339,140049636,21.85,21.1,21.8,0.15,2347,2449,21.5
2016-01-07,11891447,254074871,21.9,20.9,21.2,-0.6,4131,2449,21.8
2016-01-08,8672714,181070052,21.1,20.6,21.05,-0.15,3427,2449,21.0
2016-01-11,3611449,74610599,20.95,20.5,20.6,-0.45,1573,2449,20.95
2016-01-12,5221205,108906568,21.05,20.6,20.6,0.0,1891,2449,21.0
2016-01-13,7462385,151671163,20.95,20.0,20.05,-0.55,2965,2449,20.9
2016-01-14,4715715,93167373,20.25,19.3,20.25,0.2,1799,2449,19.75
2016-01-15,2854194,57540593,20.4,20.0,20.2,-0.05,1064,2449,20.25
2016-01-18,4724446,96195051,20.75,19.45,20.75,0.55,1870,2449,19.45
2016-01-19,5357549,110163229,20.85,20.45,20.65,-0.1,1950,2449,20.6
2016-01-20,3307876,67950795,20.65,20.4,20.5,-0.15,1589,2449,20.5
2016-01-21,3663008,76335762,21.0,20.6,20.8,0.3,1943,2449,21.0
2016-01-22,3782525,78813214,21.15,20.65,20.8,0.0,1563,2449,20.9
2016-01-25,2276541,47924211,21.15,20.9,21.0,0.2,960,2449,20.9
2016-01-26,2106546,44347232,21.2,20.95,20.95,-0.05,758,2449,21.1
2016-01-27,3745805,79011877,21.25,20.9,20.95,0.0,1230,2449,21.05
2016-01-28,4628437,98767496,21.55,21.0,21.5,0.55,1862,2449,21.2
2016-01-29,8032534,175054633,22.0,21.5,22.0,0.5,3068,2449,21.7
2016-01-30,3450294,75878718,22.3,21.8,21.95,-0.05,1326,2449,22.2
2016-02-01,3920315,86189004,22.1,21.7,22.1,0.15,1649,2449,22.0
2016-02-02,5768383,129167098,22.55,22.0,22.3,0.2,2566,2449,22.1
2016-02-03,6118557,137617887,22.65,22.1,22.35,0.05,2608,2449,22.3
2016-02-15,7259582,164882747,22.95,21.9,22.8,0.45,3077,2449,22.0
2016-02-16,4877032,111156407,22.95,22.45,22.85,0.05,2040,2449,22.7
2016-02-17,10292658,240075040,23.55,23.1,23.35,0.5,3012,2449,23.3
2016-02-18,8881979,208773194,23.75,23.25,23.55,0.2,2449,2449,23.4
2016-02-19,17935737,444842600,25.4,24.1,24.9,1.35,6024,2449,24.1
2016-02-22,6876193,170417344,25.1,24.6,24.8,-0.1,2826,2449,25.0
2016-02-23,10609778,265692730,25.3,24.8,24.95,0.15,4392,2449,24.9
2016-02-24,8378229,209950268,25.3,24.8,25.0,0.05,3836,2449,25.0
2016-02-25,6831728,171166577,25.2,24.9,25.05,0.05,3925,2449,25.2
2016-02-26,13933956,361298456,26.45,25.2,26.15,1.1,5486,2449,25.25
2016-03-01,8921323,232118706,26.3,25.65,26.1,-0.05,3901,2449,26.3
2016-03-02,16712108,451111166,27.2,26.35,27.15,1.05,6559,2449,26.35
2016-03-03,15218186,406408470,27.0,26.3,26.6,-0.55,7150,2449,27.0
2016-03-04,14468232,390631074,27.15,26.8,27.1,0.5,5362,2449,26.95
2016-03-07,13412197,371235402,28.0,27.3,27.45,0.35,5673,2449,27.5
2016-03-08,11611929,317405253,27.8,26.7,27.4,-0.05,4062,2449,27.4
2016-03-09,7928883,216347744,27.65,27.15,27.35,-0.05,4133,2449,27.6
2016-03-10,11439248,317445424,28.0,27.4,27.55,0.2,4127,2449,27.65
2016-03-11,8397256,230158636,27.9,27.1,27.2,-0.35,2439,2449,27.85
2016-03-14,7187932,196771114,27.5,27.05,27.45,0.25,2185,2449,27.4
2016-03-15,22460618,625755894,28.25,27.4,27.8,0.35,6287,2449,27.5
2016-03-16,18319133,498231650,27.95,26.6,27.0,-0.8,7092,2449,27.8
2016-03-17,11719566,320312930,27.6,26.95,27.5,0.5,3883,2449,27.0
2016-03-18,7739725,210510233,27.5,26.9,27.3,-0.2,2784,2449,27.5
2016-03-21,4796452,130518447,27.3,27.1,27.3,0.0,2223,2449,27.15
2016-03-22,10587349,291098645,28.2,27.1,27.9,0.6,3917,2449,27.3
2016-03-23,5949679,164340998,27.9,27.4,27.55,-0.35,2752,2449,27.9
2016-03-24,5867365,158311242,27.55,26.6,26.8,-0.75,2977,2449,27.55
2016-03-25,2841647,75865381,27.0,26.5,26.55,-0.25,1029,2449,26.8
2016-03-28,4076145,109160995,27.0,26.3,26.8,0.25,2073,2449,26.55
2016-03-29,13432338,369058540,27.75,26.8,27.6,0.8,5190,2449,26.95
2016-03-30,19619227,552357164,28.65,27.5,28.05,0.45,7657,2449,27.9
2016-03-31,18268111,519885062,28.6,27.65,28.6,0.55,7460,2449,28.15
2016-04-01,8877277,248944356,28.75,27.55,27.6,-1.0,4538,2449,28.75
2016-04-06,6248170,171982923,27.85,26.9,27.7,0.1,2338,2449,27.65
2016-04-07,4050220,111016890,27.85,27.0,27.3,-0.4,1604,2449,27.85
2016-04-08,6592363,181673474,27.75,27.3,27.65,0.35,2491,2449,27.6
2016-04-11,5112759,141823718,28.1,27.35,27.65,0.0,2197,2449,27.65
2016-04-12,5076305,139384642,27.75,27.2,27.25,-0.4,2108,2449,27.75
2016-04-13,4535416,123308282,27.5,27.05,27.1,-0.15,2034,2449,27.3
2016-04-14,4656271,128705693,27.95,27.2,27.45,0.35,2243,2449,27.3
2016-04-15,5862618,159809255,27.55,26.95,27.4,-0.05,2000,2449,27.3
2016-04-18,4396641,119461957,27.55,26.85,27.05,-0.35,1826,2449,27.2
2016-04-19,2594250,70264650,27.35,26.95,27.1,0.05,1373,2449,27.05
2016-04-20,7450051,198087887,27.1,26.3,26.4,-0.7,4019,2449,27.0
2016-04-21,7157842,187171722,26.65,25.95,26.15,-0.25,3716,2449,26.45
2016-04-22,8310589,217903021,26.55,26.05,26.2,0.05,2974,2449,26.45
2016-04-25,11331134,310176992,27.8,26.2,27.8,1.6,4502,2449,26.2
2016-04-26,8256683,229604027,28.0,27.35,27.8,0.0,3769,2449,28.0
2016-04-27,11520731,326460202,28.5,27.9,28.5,0.7,4254,2449,27.95
2016-04-28,10817385,310017461,28.9,28.4,28.65,0.15,4216,2449,28.7
2016-04-29,7154129,203873701,28.65,28.15,28.5,-0.15,2712,2449,28.5
2016-05-03,10698531,293616366,28.5,27.15,27.45,-1.05,4868,2449,28.5
2016-05-04,7600943,208557639,28.0,27.0,27.45,0.0,3050,2449,27.95
2016-05-05,4248705,117338767,27.95,27.45,27.6,0.15,1799,2449,27.5
2016-05-06,12007045,334730348,28.2,27.4,27.9,0.3,4949,2449,28.0
2016-05-09,5118043,142211794,28.0,27.5,27.95,0.05,2089,2449,27.9
2016-05-10,11748915,327849410,28.3,27.6,27.6,-0.35,4735,2449,27.95
2016-05-11,14998655,424840211,28.7,27.85,28.6,1.0,4740,2449,27.9
2016-05-12,14781607,429080493,29.6,28.2,28.3,-0.3,5400,2449,28.6
2016-05-13,12283974,354787920,29.15,28.5,29.15,0.85,4495,2449,28.9
2016-05-16,11916194,336815621,29.05,27.8,27.8,-1.35,5100,2449,29.05
2016-05-17,6918637,196291022,28.75,28.2,28.2,0.4,3820,2449,28.7
2016-05-18,5215528,147226021,28.55,28.0,28.0,-0.2,3238,2449,28.0
2016-05-19,3383742,95192409,28.4,28.0,28.0,0.0,1721,2449,28.4
2016-05-20,2774544,77396518,28.2,27.8,27.8,-0.2,1888,2449,28.2
2016-05-23,2758490,77608531,28.35,27.6,28.25,0.45,1395,2449,27.95
2016-05-24,3492243,97331761,28.1,27.75,27.8,-0.45,1871,2449,28.0
2016-05-25,6461414,183018401,28.75,27.9,28.2,0.4,2829,2449,27.95
2016-05-26,4302505,121366460,28.6,28.0,28.05,-0.15,1934,2449,28.05
2016-05-27,22296556,646128460,29.35,28.45,29.1,1.05,6732,2449,28.6
2016-05-30,9954858,290789654,29.5,28.75,29.25,0.15,3996,2449,29.1
2016-05-31,14885033,445718651,30.35,29.05,30.05,0.8,5160,2449,29.2
2016-06-01,12095831,369813432,31.0,30.2,30.25,0.2,4965,2449,30.2
2016-06-02,5021715,149432686,30.25,29.45,29.65,-0.6,2322,2449,30.25
2016-06-03,6302216,188331791,30.3,29.45,29.6,-0.05,3145,2449,29.7
2016-06-04,4680799,140088892,30.65,29.55,29.65,0.05,2489,2449,30.45
2016-06-06,6448154,194011600,30.3,29.8,30.1,0.45,2567,2449,29.85
2016-06-07,6673714,200997766,30.45,29.95,30.0,-0.1,3143,2449,30.2
2016-06-08,5727291,171749893,30.3,29.75,30.0,0.0,2744,2449,30.2
2016-06-13,5905655,177315385,30.25,29.5,30.0,0.0,3013,2449,30.2
2016-06-14,4758110,144079950,30.6,30.0,30.1,0.1,2228,2449,30.1
2016-06-15,3645372,109844960,30.5,30.0,30.1,0.0,1865,2449,30.5
2016-06-16,7411746,220095449,30.15,29.4,29.6,-0.5,3205,2449,30.05
2016-06-17,7899737,233636070,29.8,29.3,29.7,0.1,3287,2449,29.7
2016-06-20,8135671,241055341,30.1,29.35,29.55,-0.15,3440,2449,29.7
2016-06-21,7452531,216517807,29.45,28.9,29.0,-0.55,3222,2449,29.4
2016-06-22,5461169,160231749,29.65,29.0,29.2,0.2,2478,2449,29.0
2016-06-23,7059483,202351582,29.15,28.5,28.55,-0.65,3842,2449,29.15
2016-06-24,9982739,277825865,28.55,27.2,27.35,-1.2,4753,2449,28.55
2016-06-27,5284941,146177959,28.05,26.85,27.75,0.4,2558,2449,27.0
2016-06-28,5610468,154795633,28.0,27.15,27.65,-0.1,2583,2449,27.35
2016-06-29,7854736,223985742,28.85,27.85,28.75,1.1,3834,2449,28.0
2016-06-30,6999710,199351808,28.75,28.15,28.55,-0.2,2940,2449,28.75
2016-07-01,4476985,126911220,28.8,28.15,28.2,-0.35,2042,2449,28.6
2016-07-04,3284770,92940976,28.55,28.0,28.2,0.0,1515,2449,28.05
2016-07-05,9601396,264824086,28.2,27.35,27.4,-0.8,4462,2449,28.2
2016-07-06,10952976,306974570,28.3,27.65,28.2,0.8,4162,2449,27.8
2016-07-07,8127820,231662600,28.75,28.1,28.65,0.45,2906,2449,28.4
2016-07-11,7131671,205153651,28.95,28.65,28.75,0.1,2754,2449,28.9
2016-07-12,6025266,170237026,28.7,28.05,28.55,-0.2,2694,2449,28.65
2016-07-13,8926232,250754311,28.45,27.9,27.9,-0.65,2960,2449,28.45
2016-07-14,8275763,229445437,28.15,27.5,27.65,-0.25,3555,2449,27.85
2016-07-15,6654051,183771593,27.9,27.5,27.55,-0.1,3303,2449,27.9
2016-07-18,3637188,100545961,27.8,27.55,27.6,0.05,1694,2449,27.6
2016-07-19,6397959,179399402,28.25,27.65,28.1,0.5,2705,2449,27.65
2016-07-20,6291798,176282644,28.15,27.8,28.05,-0.05,3065,2449,28.1
2016-07-21,3779420,106811943,28.4,28.1,28.25,0.2,1689,2449,28.1
2016-07-22,8123749,232881140,28.8,28.3,28.65,0.4,2991,2449,28.45
2016-07-25,8047267,230430679,28.95,28.15,28.65,0.0,2910,2449,28.8
2016-07-26,5789314,164875847,28.85,28.3,28.5,-0.15,1850,2449,28.8
2016-07-27,4517579,128750499,28.75,28.3,28.35,-0.15,1928,2449,28.5
2016-07-28,25099290,739694770,30.0,28.55,30.0,1.65,7837,2449,28.65
2016-07-29,34366966,1057145288,31.1,30.4,30.55,0.55,11150,2449,31.0
2016-08-01,20208491,638481991,31.9,30.9,31.75,1.2,9433,2449,30.9
2016-08-02,12698882,400587120,32.0,31.3,31.5,-0.25,6005,2449,32.0
2016-08-03,7665153,237279112,31.25,30.8,30.95,-0.55,3715,2449,31.0
2016-08-04,10181600,313654522,31.45,30.55,30.65,-0.3,4106,2449,31.2
2016-08-05,12926108,402169544,31.4,30.8,30.8,0.15,5292,2449,31.05
2016-08-08,6518119,203130114,31.45,31.0,31.0,0.2,3125,2449,31.2
2016-08-09,14425424,457758239,32.3,31.15,31.3,0.3,6363,2449,31.2
2016-08-10,8619547,268970950,31.4,31.0,31.3,0.0,4119,2449,31.3
2016-08-11,9946619,307799189,31.3,30.6,31.05,-0.25,3361,2449,31.3
2016-08-12,10647096,317726399,30.1,29.55,29.85,0.0,3385,2449,29.9
2016-08-15,5135222,155066122,30.5,30.05,30.25,0.4,2145,2449,30.05
2016-08-16,4524214,135290940,30.25,29.7,29.95,-0.3,2183,2449,30.25
2016-08-17,9890974,287875396,29.95,28.7,28.9,-1.05,4045,2449,29.95
2016-08-18,9826108,290681153,30.0,28.9,30.0,1.1,3641,2449,29.0
2016-08-19,9056739,267546280,30.0,29.1,29.1,-0.9,3483,2449,29.9
2016-08-22,9483886,271451439,29.3,27.85,29.0,-0.1,4115,2449,29.3
2016-08-23,7275631,211861955,29.4,28.95,29.25,0.25,3309,2449,29.1
2016-08-24,5709946,164664325,29.4,28.65,28.9,-0.35,2841,2449,29.4
2016-08-25,7370819,211760262,28.95,28.5,28.9,0.0,2961,2449,28.9
2016-08-26,4865683,141227755,29.3,28.8,28.95,0.05,2348,2449,28.9
2016-08-29,7131403,205242549,29.05,28.5,28.85,-0.1,2450,2449,29.0
2016-08-30,4206568,121801882,29.1,28.75,29.0,0.15,1640,2449,29.0
2016-08-31,4966812,143818798,29.15,28.7,29.15,0.15,1776,2449,29.0
2016-09-01,3211734,93019383,29.15,28.85,28.85,-0.3,1501,2449,29.15
2016-09-02,4058202,117469108,29.15,28.7,29.1,0.25,1879,2449,28.9
2016-09-05,7249015,213849633,29.7,29.25,29.3,0.2,2882,2449,29.55
2016-09-06,5726382,168078859,29.6,29.15,29.25,-0.05,2439,2449,29.5
2016-09-07,4523077,132976284,29.55,29.3,29.35,0.1,1749,2449,29.3
2016-09-08,8674987,256596099,29.95,29.3,29.35,0.0,3368,2449,29.4
2016-09-09,4161579,122243297,29.5,29.25,29.3,-0.05,1791,2449,29.4
2016-09-10,7857481,224428627,28.95,28.4,28.4,-0.9,2921,2449,28.9
2016-09-12,7778521,218545488,28.5,27.8,27.85,-0.55,2877,2449,28.4
2016-09-13,7291500,204950400,28.35,27.9,28.05,0.2,2469,2449,28.05
2016-09-14,6449783,180263891,28.15,27.75,28.05,0.0,2420,2449,28.0
2016-09-19,3643886,103720245,28.65,28.2,28.5,0.45,1771,2449,28.4
2016-09-20,5049317,141968217,28.4,28.0,28.0,-0.5,2626,2449,28.4
2016-09-21,8196959,232015419,28.8,27.9,28.8,0.8,3964,2449,28.0
2016-09-22,17648408,494283683,28.6,27.75,27.75,-1.05,7356,2449,28.6
2016-09-23,13100031,359379736,27.85,27.2,27.25,-0.5,5358,2449,27.75
2016-09-26,8312215,227427012,27.5,27.25,27.35,0.1,3345,2449,27.25
2016-09-29,8790027,242004178,27.75,27.35,27.45,0.1,3258,2449,27.55
2016-09-30,10246217,284862954,28.1,27.4,27.85,0.4,4372,2449,27.6
2016-10-03,12252053,349607700,28.65,28.4,28.55,0.7,4650,2449,28.4
2016-10-04,8149374,233225738,28.75,28.45,28.7,0.15,3630,2449,28.65
2016-10-05,7794201,224783848,28.95,28.55,28.9,0.2,3774,2449,28.8
2016-10-06,6962243,201404430,29.0,28.85,28.9,0.0,2925,2449,29.0
2016-10-07,5354958,154192395,29.1,28.5,28.6,-0.3,2055,2449,29.05
2016-10-11,4398633,124591088,28.85,28.05,28.35,-0.25,2116,2449,28.7
2016-10-12,4435860,125051446,28.45,27.95,28.2,-0.15,1624,2449,28.35
2016-10-13,4246516,119447598,28.45,28.0,28.05,-0.15,2245,2449,28.3
2016-10-14,7423905,204775834,28.0,27.4,27.4,-0.65,3505,2449,27.95
2016-10-17,4572419,125581947,27.8,27.2,27.7,0.3,2496,2449,27.3
2016-10-18,4246192,117758181,27.95,27.35,27.95,0.25,2631,2449,27.7
2016-10-19,4213702,117765662,28.1,27.8,27.95,0.0,2633,2449,28.0
2016-10-20,2976528,83819258,28.35,27.9,28.15,0.2,1924,2449,28.0
2016-10-21,14206641,403793153,28.6,28.15,28.4,0.25,4138,2449,28.2
2016-10-24,5085327,144083359,28.5,28.2,28.35,-0.05,2551,2449,28.4
2016-10-25,5735644,162837396,28.55,28.1,28.5,0.15,2820,2449,28.35
2016-10-26,4798249,135078322,28.5,28.0,28.0,-0.5,2233,2449,28.25
2016-10-27,7646891,215364548,28.5,28.0,28.0,0.0,3635,2449,28.4
2016-10-28,6256632,173226534,28.0,27.55,27.55,-0.45,3240,2449,27.95
2016-10-31,4446105,123195041,27.95,27.3,27.75,0.2,1818,2449,27.6
2016-11-01,4018139,111007269,27.75,27.5,27.55,-0.2,2882,2449,27.5
2016-11-02,4325567,119439704,27.75,27.45,27.45,-0.1,2356,2449,27.6
2016-11-03,8053272,221355209,27.7,27.35,27.55,0.1,3785,2449,27.35
2016-11-04,5777765,158125376,27.55,27.3,27.3,-0.25,3277,2449,27.45
2016-11-07,8870794,242572429,27.5,27.2,27.25,-0.05,3414,2449,27.5
2016-11-08,7612681,207771469,27.5,27.1,27.5,0.25,3390,2449,27.25
2016-11-09,16142059,427692532,27.35,25.35,26.25,-1.25,6355,2449,27.15
2016-11-10,8238956,223779935,27.45,26.5,27.25,1.0,2972,2449,26.5
2016-11-11,9638216,255537996,26.9,26.3,26.3,-0.95,4382,2449,26.9
2016-11-14,6411187,166465334,26.3,25.5,25.9,-0.4,3366,2449,26.1
2016-11-15,6181884,163210163,26.65,25.9,26.55,0.65,3650,2449,25.9
2016-11-16,4439863,118338006,26.8,26.55,26.65,0.1,2873,2449,26.8
2016-11-17,4637654,123486761,26.8,26.4,26.6,-0.05,1694,2449,26.65
2016-11-18,2942159,78253113,26.7,26.45,26.7,0.1,1550,2449,26.5
2016-11-21,5330665,143201118,27.0,26.7,26.85,0.15,2942,2449,26.8
2016-11-22,5839051,156657857,26.95,26.75,26.8,-0.05,2533,2449,26.75
2016-11-23,5995955,162152882,27.25,26.85,27.0,0.2,3243,2449,26.9
2016-11-24,3563261,96558017,27.25,26.9,27.15,0.15,1949,2449,27.05
2016-11-25,2839636,76904099,27.3,27.0,27.05,-0.1,1335,2449,27.15
2016-11-28,4046801,108973661,27.05,26.85,26.9,-0.15,1662,2449,26.9
2016-11-29,5171280,137299968,26.85,26.45,26.5,-0.4,2368,2449,26.8
2016-11-30,5728491,151219755,26.65,26.3,26.35,-0.15,2437,2449,26.3
2016-12-01,4876217,128040767,26.45,26.15,26.15,-0.2,2910,2449,26.3
2016-12-02,5982736,155547636,26.1,25.85,26.0,-0.15,3190,2449,26.05
2016-12-05,4613901,120865503,26.4,25.9,26.2,0.2,2721,2449,26.0
2016-12-06,7177784,188951083,26.5,26.15,26.15,-0.05,3696,2449,26.3
2016-12-07,4805601,126763062,26.5,26.2,26.5,0.35,2668,2449,26.3
2016-12-08,5579923,148564197,26.8,26.4,26.7,0.2,2910,2449,26.6
2016-12-09,5263385,140266898,26.8,26.5,26.8,0.1,2656,2449,26.55
2016-12-12,3359820,89093128,26.8,26.4,26.45,-0.35,1948,2449,26.8
2016-12-13,2332434,61662278,26.55,26.35,26.5,0.05,1305,2449,26.35
2016-12-14,5909734,157846043,27.0,26.5,26.55,0.05,2816,2449,26.8
2016-12-15,5526815,145283602,26.5,26.15,26.5,-0.05,2213,2449,26.45
2016-12-16,3800307,99923168,26.4,26.2,26.3,-0.2,1842,2449,26.35
2016-12-19,3560825,92972935,26.35,26.0,26.0,-0.3,1873,2449,26.3
2016-12-20,1960889,51074352,26.15,25.95,26.1,0.1,1054,2449,26.05
2016-12-21,2816547,73342422,26.15,25.95,26.0,-0.1,1562,2449,26.1
2016-12-22,4563259,118599034,26.1,25.9,26.0,0.0,1469,2449,25.95
2016-12-23,2715196,70202209,26.0,25.75,25.85,-0.15,1347,2449,25.95
2016-12-26,1525156,39207410,25.95,25.6,25.7,-0.15,763,2449,25.8
2016-12-27,3026225,77088409,25.8,25.25,25.4,-0.3,1590,2449,25.7
2016-12-28,3438900,87944248,25.75,25.4,25.6,0.2,1320,2449,25.4
2016-12-29,4268636,108221301,25.6,25.25,25.25,-0.35,1828,2449,25.6
2016-12-30,5207705,131693294,25.5,25.1,25.2,-0.05,2306,2449,25.3
2017-01-03,7751041,201595267,26.4,25.35,26.35,1.15,3792,2449,25.4
2017-01-04,5872483,155642697,26.65,26.25,26.5,0.15,3348,2449,26.4
2017-01-05,6843635,183392102,26.9,26.55,26.9,0.4,3415,2449,26.65
2017-01-06,9319434,252221203,27.15,26.95,27.1,0.2,3899,2449,27.05
2017-01-09,6333465,169917452,27.05,26.7,26.7,-0.4,2796,2449,27.05
2017-01-10,3824742,102544630,26.9,26.75,26.8,0.1,2284,2449,26.75
2017-01-11,3454923,92754682,27.0,26.7,26.95,0.15,1928,2449,26.85
2017-01-12,5610665,149999440,26.85,26.65,26.7,-0.25,2740,2449,26.7
2017-01-13,5709155,150467170,26.6,26.25,26.25,-0.45,3062,2449,26.45
2017-01-16,4685406,123112221,26.45,26.05,26.45,0.2,2914,2449,26.1
2017-01-17,2411529,63953166,26.65,26.25,26.55,0.1,1600,2449,26.25
2017-01-18,5503917,147468326,26.95,26.5,26.85,0.3,3034,2449,26.6
2017-01-19,2755138,73606912,26.95,26.55,26.55,-0.3,1669,2449,26.9
2017-01-20,2087139,55245415,26.65,26.4,26.45,-0.1,1427,2449,26.5
2017-01-23,3365054,89259263,26.8,26.4,26.45,0.0,1722,2449,26.8
2017-01-24,8719255,234702385,27.15,26.5,27.0,0.55,4190,2449,26.5
2017-02-02,7399923,202212095,27.45,27.1,27.3,0.3,3337,2449,27.15
2017-02-03,5619101,154157902,27.6,27.2,27.4,0.1,2888,2449,27.3
2017-02-06,15203000,426856350,28.45,27.4,28.15,0.75,5865,2449,27.4
2017-02-07,24961724,714642211,28.9,28.15,28.75,0.6,7896,2449,28.2
2017-02-08,10802904,310403349,28.95,28.25,28.7,-0.05,3938,2449,28.75
2017-02-09,10973472,317181574,29.0,28.7,28.9,0.2,5081,2449,28.7
2017-02-10,13006931,377922142,29.2,28.65,28.65,-0.25,5326,2449,29.2
2017-02-13,15128649,445071862,29.75,28.75,29.5,0.85,7189,2449,28.9
2017-02-14,10885500,319242509,29.7,29.05,29.1,-0.4,3886,2449,29.4
2017-02-15,14715179,435054211,29.8,29.1,29.7,0.6,6564,2449,29.15
2017-02-16,8145204,240392794,30.0,29.25,29.85,0.15,3400,2449,30.0
2017-02-17,10652396,312597084,29.85,29.15,29.35,-0.5,3893,2449,29.85
2017-02-18,4545443,133648852,29.65,29.1,29.3,-0.05,1511,2449,29.25
2017-02-20,6622844,193342526,29.6,29.0,29.0,-0.3,2936,2449,29.55
2017-02-21,5625667,161921242,29.2,28.45,28.9,-0.1,2726,2449,29.0
2017-02-22,5458891,158683650,29.3,28.9,29.3,0.4,2508,2449,29.15
2017-02-23,6998723,202143434,29.25,28.65,28.65,-0.65,3186,2449,28.95
2017-02-24,4141735,119451580,28.95,28.7,28.75,0.1,2643,2449,28.75
2017-03-01,5135813,146682504,28.9,28.35,28.7,-0.05,2345,2449,28.85
2017-03-02,4458869,126774634,28.95,28.25,28.3,-0.4,2213,2449,28.95
2017-03-03,16013751,444620315,28.2,27.5,27.6,-0.7,5335,2449,28.1
2017-03-06,11817294,327679829,28.05,27.5,27.65,0.05,4770,2449,28.0
2017-03-07,9430664,260421504,27.8,27.45,27.55,-0.1,4189,2449,27.6
2017-03-08,10493040,291825228,28.2,27.35,28.05,0.5,3945,2449,27.6
2017-03-09,10586359,292459802,28.0,27.5,27.6,-0.45,4593,2449,28.0
2017-03-10,7905314,216024270,27.6,27.15,27.25,-0.35,3915,2449,27.6
2017-03-13,6249425,173174543,27.85,27.3,27.7,0.45,3250,2449,27.4
2017-03-14,8149870,225967909,27.9,27.55,27.65,-0.05,3789,2449,27.7
2017-03-15,6388815,177417767,27.9,27.65,27.75,0.1,2933,2449,27.75
2017-03-16,20271620,566097889,28.3,27.7,27.7,-0.05,4328,2449,27.9
2017-03-17,15824441,434022924,27.7,27.3,27.4,-0.3,7577,2449,27.7
2017-03-20,4846692,133227572,27.6,27.35,27.5,0.1,2123,2449,27.4
2017-03-21,8313065,227992032,27.6,27.3,27.4,-0.1,4173,2449,27.45
2017-03-22,7022850,191077859,27.5,26.85,27.35,-0.05,3306,2449,27.25
2017-03-23,9228580,252830686,27.6,27.3,27.4,0.05,4076,2449,27.35
2017-03-24,5608884,154907452,27.7,27.4,27.7,0.3,2210,2449,27.5
2017-03-27,3834498,105960250,27.85,27.5,27.5,-0.2,1912,2449,27.8
2017-03-28,6043852,167176021,27.95,27.45,27.7,0.2,2421,2449,27.55
2017-03-29,6968616,194043687,27.95,27.7,27.95,0.25,3556,2449,27.8
2017-03-30,5835639,163165715,28.1,27.8,28.1,0.15,2625,2449,28.0
2017-03-31,3416422,95636533,28.1,27.9,28.0,-0.1,1626,2449,28.1
2017-04-05,5051008,141026876,28.1,27.8,27.9,-0.1,2276,2449,28.0
2017-04-06,2882875,80263585,28.05,27.7,27.95,0.05,1317,2449,27.9
2017-04-07,3231404,89614500,27.9,27.6,27.65,-0.3,1523,2449,27.9
2017-04-10,4197720,116019159,27.8,27.45,27.55,-0.1,1493,2449,27.75
2017-04-11,4474001,122871260,27.75,27.3,27.45,-0.1,1982,2449,27.55
2017-04-12,6357247,172271683,27.35,27.0,27.1,-0.35,2924,2449,27.25
2017-04-13,1906014,51517467,27.15,26.85,27.05,-0.05,920,2449,26.85
2017-04-14,4983430,133420305,27.15,26.5,26.8,-0.25,2240,2449,27.0
2017-04-17,5138125,135483887,26.85,26.2,26.35,-0.45,2045,2449,26.75
2017-04-18,5526271,146831177,26.9,26.4,26.9,0.55,2122,2449,26.6
2017-04-19,4676047,126194139,27.2,26.7,26.95,0.05,1902,2449,26.75
2017-04-20,5827082,158672252,27.55,26.9,27.1,0.15,2995,2449,26.9
2017-04-21,5355130,146801753,27.55,27.2,27.45,0.35,3638,2449,27.4
2017-04-24,6028609,162697939,27.4,26.8,26.85,-0.6,2752,2449,27.3
2017-04-25,6462483,174195234,27.2,26.7,27.2,0.35,2854,2449,26.8
2017-04-26,23102133,626248285,27.2,26.9,27.15,-0.05,1838,2449,27.0
2017-04-27,4412678,120084081,27.35,27.1,27.25,0.1,1655,2449,27.1
2017-04-28,1781207,48488075,27.35,27.1,27.25,0.0,631,2449,27.15
2017-05-02,41659260,1194469528,29.0,28.1,28.75,1.5,12752,2449,28.4
2017-05-03,17424260,505310810,29.4,28.7,28.8,0.05,6119,2449,29.3
2017-05-04,13268982,378380874,29.0,28.3,28.65,-0.15,4623,2449,29.0
2017-05-05,19353767,562215280,29.25,28.65,29.2,0.55,6438,2449,28.8
2017-05-08,38468593,1136676453,29.9,29.2,29.6,0.4,11115,2449,29.75
2017-05-09,16180244,476858863,29.75,29.3,29.5,-0.1,6437,2449,29.6
2017-05-10,15040172,446743474,29.8,29.6,29.75,0.25,5711,2449,29.65
2017-05-11,19791248,593215808,30.25,29.6,29.6,-0.15,7082,2449,29.9
2017-05-12,8681989,255422818,29.7,29.3,29.3,-0.3,4215,2449,29.55
2017-05-15,6272480,183308159,29.45,29.05,29.25,-0.05,2352,2449,29.3
2017-05-16,6817084,201905119,29.9,29.3,29.55,0.3,2617,2449,29.35
2017-05-17,4592130,134691648,29.75,29.2,29.25,-0.3,1822,2449,29.7
2017-05-18,3887172,113131458,29.25,28.8,29.15,-0.1,1932,2449,28.9
2017-05-19,4165119,122634272,29.65,29.05,29.25,0.1,2106,2449,29.05
2017-05-22,2726925,79936162,29.5,29.2,29.2,-0.05,1642,2449,29.4
2017-05-23,4414523,130134372,29.65,29.3,29.45,0.25,1950,2449,29.3
2017-05-24,5936249,176031043,29.75,29.55,29.6,0.15,2291,2449,29.65
2017-05-25,7005782,205978817,29.8,29.25,29.3,-0.3,2552,2449,29.65
2017-05-26,9764203,288020730,29.7,29.3,29.65,0.35,3588,2449,29.3
2017-05-31,6518531,192318649,29.7,29.35,29.4,-0.25,2490,2449,29.5
2017-06-01,5485135,161611505,29.7,29.3,29.4,0.0,2413,2449,29.4
2017-06-02,8463563,250560832,29.75,29.35,29.7,0.3,3470,2449,29.4
2017-06-03,4290461,126298869,29.75,29.3,29.55,-0.15,1715,2449,29.7
2017-06-05,19501411,583960432,30.25,29.35,30.2,0.65,5828,2449,29.55
2017-06-06,20940528,641011440,30.9,30.1,30.1,-0.1,6659,2449,30.4
2017-06-07,8270933,247768596,30.4,29.7,29.8,-0.3,3665,2449,30.35
2017-06-08,5294522,158287750,30.15,29.65,29.9,0.1,1941,2449,29.8
2017-06-09,6748667,202223919,30.25,29.75,29.9,0.0,1791,2449,30.05
2017-06-12,4492685,133709624,29.95,29.5,29.75,-0.15,2058,2449,29.7
2017-06-13,6060508,179624057,29.95,29.45,29.7,-0.05,3217,2449,29.85
2017-06-14,8102069,238625833,29.8,29.25,29.55,-0.15,3523,2449,29.8
2017-06-15,3637426,107351533,29.75,29.3,29.7,0.15,2250,2449,29.55
2017-06-16,15640802,475086690,30.75,29.55,30.65,0.95,6776,2449,29.7
2017-06-19,16294558,507700498,31.6,30.8,31.15,0.5,6455,2449,30.9
2017-06-20,11568756,362226507,31.55,31.05,31.4,0.25,4676,2449,31.25
2017-06-21,11238381,354509732,31.8,31.2,31.8,0.4,6065,2449,31.3
2017-06-22,11875896,378832831,32.1,31.65,31.75,-0.05,4551,2449,31.9
2017-06-23,7030694,223431171,32.0,31.65,31.7,-0.05,4045,2449,31.7
2017-06-26,9121655,290636590,32.0,31.6,31.95,0.25,3823,2449,31.7
2017-06-27,14204099,457151708,32.4,31.9,32.25,0.3,5322,2449,32.0
2017-06-28,7551320,238263744,32.25,31.25,31.3,-0.95,3289,2449,32.25
2017-06-29,6909264,217554126,31.75,31.25,31.35,0.05,3319,2449,31.35
2017-06-30,4927207,152921522,31.2,30.8,31.15,-0.2,2111,2449,31.15
2017-07-03,8038494,248568664,31.25,30.7,31.0,-0.15,2833,2449,31.15
2017-07-04,7210229,209202041,29.2,28.8,28.8,0.0,3219,2449,29.2
2017-07-05,5891227,167907383,28.85,28.3,28.6,-0.2,3177,2449,28.65
2017-07-06,8096895,233897398,29.05,28.55,29.05,0.45,3806,2449,28.55
2017-07-07,6856912,196422544,28.95,28.55,28.75,-0.3,2033,2449,28.9
2017-07-10,5211616,149924612,29.0,28.45,29.0,0.25,2111,2449,28.75
2017-07-11,7741738,226671191,29.5,29.0,29.3,0.3,2207,2449,29.1
2017-07-12,5709718,168308885,29.75,29.05,29.6,0.3,2073,2449,29.2
2017-07-13,4290636,126604570,29.8,29.4,29.45,-0.15,1386,2449,29.8
2017-07-14,3064752,90338216,29.6,29.4,29.5,0.05,1484,2449,29.45
2017-07-17,2652446,78248009,29.6,29.45,29.45,-0.05,1497,2449,29.55
2017-07-18,3068484,90119022,29.5,29.25,29.4,-0.05,1039,2449,29.45
2017-07-19,13912889,403689520,30.0,29.4,29.5,0.1,3247,2449,29.85
2017-07-20,5240106,155305222,29.9,29.45,29.55,0.05,2110,2449,29.6
2017-07-21,2936395,86791764,29.65,29.4,29.6,0.05,1491,2449,29.5
2017-07-24,2809071,82899291,29.65,29.45,29.55,-0.05,1259,2449,29.6
2017-07-25,4536592,134197478,29.8,29.45,29.5,-0.05,1899,2449,29.6
2017-07-26,11379009,340909856,30.25,29.5,30.15,0.65,3996,2449,29.5
2017-07-27,9475704,287960598,30.75,30.05,30.4,0.25,3572,2449,30.4
2017-07-28,6284162,188044165,30.3,29.7,29.85,-0.55,2347,2449,30.3
2017-07-31,2631513,79009690,30.2,29.65,30.1,0.25,1408,2449,29.85
2017-08-01,3942743,117179123,30.1,29.5,29.85,-0.25,2015,2449,30.1
2017-08-02,5635127,166003820,29.9,29.25,29.35,-0.5,2076,2449,29.85
2017-08-03,4977690,148224169,30.0,29.35,29.9,0.55,2092,2449,29.4
2017-08-04,9825856,297351552,30.6,29.55,30.5,0.6,3354,2449,29.9
2017-08-07,7743850,235137308,30.75,30.05,30.35,-0.15,3241,2449,30.7
2017-08-08,6378643,194834264,30.7,30.35,30.6,0.25,2915,2449,30.65
2017-08-09,5975963,181571822,30.75,30.1,30.4,-0.2,2561,2449,30.7
2017-08-10,8229572,245600604,30.5,29.55,29.8,-0.6,3001,2449,30.5
2017-08-11,4028758,118855764,29.9,29.25,29.45,-0.35,1863,2449,29.25
2017-08-14,3820275,111384654,29.6,28.9,29.0,-0.45,1548,2449,29.6
2017-08-15,2934333,85747330,29.55,29.0,29.4,0.4,1032,2449,29.3
2017-08-16,1931270,56686841,29.6,29.1,29.3,-0.1,1088,2449,29.35
2017-08-17,3224847,91142033,29.6,29.2,29.5,0.2,1171,2449,29.3
2017-08-18,3062898,89234912,29.3,29.0,29.25,-0.25,1513,2449,29.15
2017-08-21,2914299,84471729,29.2,28.85,29.15,-0.1,1212,2449,29.0
2017-08-22,3470974,102283484,29.65,29.0,29.4,0.25,1534,2449,29.0
2017-08-23,5699218,167000910,29.65,29.15,29.25,-0.15,2232,2449,29.65
2017-08-24,2923732,85766037,29.6,29.1,29.4,0.15,1412,2449,29.25
2017-08-25,4065264,119421011,29.6,29.25,29.35,-0.05,1341,2449,29.4
2017-08-28,3958513,116400226,29.55,29.25,29.45,0.1,1778,2449,29.45
2017-08-29,3249571,95182559,29.5,29.1,29.1,-0.35,1789,2449,29.45
2017-08-30,3479060,101135890,29.3,29.0,29.0,-0.1,1959,2449,29.2
2017-08-31,3745951,108725262,29.4,28.85,29.25,0.25,1552,2449,29.15
2017-09-01,2001102,58097539,29.3,28.95,28.95,-0.3,996,2449,29.3
2017-09-04,1546301,45008452,29.3,28.95,29.15,0.2,798,2449,29.05
2017-09-05,4390854,128288878,29.35,29.0,29.35,0.2,1428,2449,29.15
2017-09-06,7948535,233585664,29.55,29.2,29.2,-0.15,2672,2449,29.45
2017-09-07,2433048,71280735,29.5,29.2,29.2,0.0,1280,2449,29.5
2017-09-08,11417138,339135314,30.1,29.05,30.05,0.85,4380,2449,29.4
2017-09-11,5642406,168467175,30.4,29.65,29.65,-0.4,3355,2449,30.2
2017-09-12,3866571,115115254,29.95,29.6,29.95,0.3,1728,2449,29.7
2017-09-13,12785635,390077639,30.95,29.9,30.7,0.75,5054,2449,30.2
2017-09-14,11568416,359812875,31.45,30.65,31.15,0.45,5059,2449,31.0
2017-09-15,6750870,208437356,31.15,30.4,31.0,-0.15,1816,2449,31.15
2017-09-18,12689979,402296266,32.2,31.1,31.75,0.75,3891,2449,31.1
2017-09-19,10785937,336266757,32.1,30.5,30.65,-1.1,4289,2449,31.9
2017-09-20,8513624,262733866,31.25,30.4,31.1,0.45,3411,2449,30.85
2017-09-21,6171811,190677297,31.05,30.7,31.0,-0.1,3257,2449,31.0
2017-09-22,5655399,172635749,31.15,30.3,30.35,-0.65,2340,2449,31.05
2017-09-25,4564242,137972310,30.65,29.9,30.2,-0.15,2352,2449,30.5
2017-09-26,7665050,228079166,30.3,29.35,29.35,-0.85,3720,2449,30.2
2017-09-27,4425147,133094817,30.55,29.55,30.2,0.85,2360,2449,29.55
2017-09-28,3685153,109653322,30.5,29.45,29.6,-0.6,1876,2449,30.5
2017-09-29,4509549,132588847,29.75,29.0,29.75,0.15,1990,2449,29.6
2017-09-30,1549208,46110281,30.05,29.55,29.75,0.0,1055,2449,29.8
2017-10-02,5912297,179496552,30.65,29.75,30.55,0.8,2006,2449,29.9
2017-10-03,11017557,339340429,31.2,30.5,31.0,0.45,4031,2449,30.55
2017-10-05,4601115,142549094,31.15,30.85,30.9,-0.1,2105,2449,31.1
2017-10-06,8193865,254417215,31.25,30.6,31.15,0.25,2718,2449,31.0
2017-10-11,5047343,156660852,31.5,30.6,30.7,-0.45,2694,2449,31.3
2017-10-12,3387080,104809162,31.15,30.75,31.0,0.3,1586,2449,31.0
2017-10-13,12371808,393968686,32.55,31.0,31.9,0.9,5188,2449,31.1
2017-10-16,4561087,145190502,32.2,31.65,31.85,-0.05,2377,2449,32.1
2017-10-17,3623577,115124196,32.0,31.65,31.65,-0.2,1532,2449,31.95
2017-10-18,4842215,153810389,32.3,31.4,31.5,-0.15,2119,2449,32.0
2017-10-19,5263387,168119085,32.2,31.6,31.8,0.3,3091,2449,31.6
2017-10-20,12636533,408149773,32.5,31.75,32.5,0.7,3134,2449,31.85
2017-10-23,15554534,514837640,33.55,32.5,32.55,0.05,5981,2449,33.2
2017-10-24,5697104,187356933,33.25,32.55,32.9,0.35,2826,2449,32.65
2017-10-25,10614182,353973006,33.85,32.8,33.6,0.7,4216,2449,33.15
2017-10-26,9253699,302159187,33.45,32.35,32.4,-1.2,4692,2449,33.45
2017-10-27,8631500,274325744,32.45,31.1,31.6,-0.8,4139,2449,32.45
2017-10-30,4056013,128398952,32.05,31.35,31.7,0.1,1752,2449,31.85
2017-10-31,5951060,191043003,32.6,31.55,31.95,0.25,2524,2449,31.75
2017-11-01,4949568,158928426,32.35,31.95,32.1,0.15,2360,2449,32.2
2017-11-02,4994462,160530633,32.55,31.65,31.75,-0.35,2221,2449,32.3
2017-11-03,3373624,107162266,32.05,31.6,31.75,0.0,1298,2449,32.05
2017-11-06,6356103,198814686,31.85,31.0,31.05,-0.7,2924,2449,31.8
2017-11-07,11565633,351699514,30.8,30.15,30.6,-0.45,5899,2449,30.8
2017-11-08,6389639,196344328,31.2,30.3,31.2,0.6,3198,2449,30.35
2017-11-09,4640799,143113566,31.35,30.5,30.5,-0.7,2474,2449,31.25
2017-11-10,4446160,134005881,30.4,30.0,30.25,-0.25,2339,2449,30.35
2017-11-13,2370928,71581190,30.6,30.0,30.1,-0.15,1193,2449,30.15
2017-11-14,2620785,79228119,30.6,30.05,30.1,0.0,1295,2449,30.15
2017-11-15,3749436,114555081,30.8,30.15,30.75,0.65,2119,2449,30.15
2017-11-16,2885581,87833870,30.6,30.25,30.6,-0.15,1369,2449,30.5
2017-11-17,5226773,161234895,31.1,30.6,30.6,0.0,2356,2449,30.9
2017-11-20,8570706,268988421,31.85,30.75,31.75,1.15,3303,2449,31.0
2017-11-21,13412908,432551574,32.6,31.85,32.25,0.5,5134,2449,32.0
2017-11-22,5079958,163731034,32.6,31.95,32.4,0.15,2598,2449,32.6
2017-11-23,2482705,80029989,32.5,32.05,32.3,-0.1,1151,2449,32.4
2017-11-24,5722576,183336529,32.45,31.9,31.95,-0.35,1331,2449,32.45
2017-11-27,4028139,126645090,32.3,30.95,31.4,-0.55,2220,2449,32.3
2017-11-28,3607569,112625758,31.65,31.0,31.05,-0.35,1905,2449,31.65
2017-11-29,4590690,142654554,31.25,31.0,31.25,0.2,1471,2449,31.25
2017-11-30,2648565,82195915,31.25,30.85,31.1,-0.15,1091,2449,30.85
2017-12-01,4932336,153421725,31.55,30.65,31.0,-0.1,2531,2449,31.35
2017-12-04,1314500,40752043,31.2,30.6,31.0,0.0,578,2449,31.1
2017-12-05,3968515,120461274,30.7,29.5,30.5,-0.5,2027,2449,30.6
2017-12-06,7444954,221111340,30.35,29.4,29.4,-1.1,2828,2449,30.1
2017-12-07,9962290,284422329,29.35,28.25,28.25,-1.15,4118,2449,29.35
2017-12-08,3775405,107490866,28.8,28.15,28.45,0.2,2001,2449,28.35
2017-12-11,3123533,90720507,29.45,28.5,29.25,0.8,1559,2449,28.55
2017-12-12,1786208,51988336,29.3,28.9,29.05,-0.2,795,2449,29.3
2017-12-13,1749290,50820548,29.25,28.85,29.2,0.15,709,2449,29.15
2017-12-14,2178208,64224139,29.9,29.15,29.65,0.45,1071,2449,29.35
2017-12-15,7269058,209988879,29.7,28.45,29.1,-0.55,4068,2449,29.65
2017-12-18,3075108,88773282,29.3,28.5,29.05,-0.05,1666,2449,28.5
2017-12-19,1962178,56607009,29.2,28.7,28.75,-0.3,1601,2449,29.05
2017-12-20,6460670,192460944,30.25,28.7,29.6,0.85,2560,2449,28.7
2017-12-21,1799658,53266436,29.75,29.45,29.7,0.1,992,2449,29.5
2017-12-22,1119545,32836712,29.8,29.15,29.3,-0.4,679,2449,29.8
2017-12-25,578168,16875326,29.4,29.0,29.1,-0.2,327,2449,29.3
2017-12-26,1791732,52619716,29.65,29.05,29.45,0.35,1111,2449,29.3
2017-12-27,1175369,34714602,29.7,29.3,29.4,-0.05,932,2449,29.45
2017-12-28,1097236,32181749,29.5,29.2,29.25,-0.15,661,2449,29.4
2017-12-29,5083172,152254334,30.4,29.35,30.25,1.0,2306,2449,29.35
2018-01-02,6155527,186931969,31.1,29.8,30.95,0.7,2457,2449,30.05
2018-01-03,6577089,200593988,31.15,30.2,30.45,-0.5,3385,2449,31.05
2018-01-04,4770033,145054900,30.95,30.0,30.85,0.4,2504,2449,30.45
2018-01-05,2982883,90463645,30.9,30.15,30.3,-0.55,1356,2449,30.8
2018-01-08,2768307,83344187,30.3,30.0,30.1,-0.2,1643,2449,30.2
2018-01-09,3857303,117296436,30.75,30.2,30.5,0.4,1843,2449,30.2
2018-01-10,2259881,68718779,30.65,30.05,30.5,0.0,1164,2449,30.55
2018-01-11,4485650,137027215,30.65,30.25,30.65,0.15,1333,2449,30.3
2018-01-12,2246580,68869938,30.75,30.5,30.65,0.0,1304,2449,30.55
2018-01-15,5800320,180097908,31.4,30.65,31.0,0.35,2240,2449,30.65
2018-01-16,3694634,115479331,31.5,30.9,31.5,0.5,1856,2449,31.2
2018-01-17,1687558,53073313,31.6,31.3,31.5,0.0,1169,2449,31.5
2018-01-18,3586299,113127312,31.85,31.25,31.5,0.0,1470,2449,31.55
2018-01-19,3222447,101683099,31.8,31.35,31.35,-0.15,1632,2449,31.6
2018-01-22,5600051,178347998,32.1,31.4,31.75,0.4,2556,2449,31.4
2018-01-23,3192343,100006057,31.95,31.0,31.3,-0.45,1562,2449,31.75
2018-01-24,5817010,179371400,31.35,30.6,31.0,-0.3,2729,2449,31.35
2018-01-25,6400766,195986154,30.95,30.4,30.45,-0.55,2402,2449,30.75
2018-01-26,4834795,144928400,30.45,29.65,29.95,-0.5,2219,2449,30.45
2018-01-29,2924006,88193730,30.45,30.0,30.1,0.15,1614,2449,30.1
2018-01-30,1332637,40106719,30.25,30.0,30.15,0.05,687,2449,30.0
2018-01-31,3942645,118226813,30.15,29.75,30.15,0.0,2272,2449,29.95
2018-02-01,1765763,53347745,30.35,30.1,30.3,0.15,820,2449,30.15
2018-02-02,1433270,43304850,30.35,30.0,30.2,-0.1,1100,2449,30.3
2018-02-05,4807674,144976301,30.9,29.5,30.9,0.7,1316,2449,29.55
2018-02-06,8395353,253202753,30.7,29.7,30.45,-0.45,3561,2449,30.45
2018-02-07,4333513,131931781,31.15,29.95,30.0,-0.45,2243,2449,31.0
2018-02-08,1691464,50868120,30.35,29.8,30.05,0.05,1011,2449,30.0
2018-02-09,3813178,112963390,30.35,28.55,30.0,-0.05,1771,2449,29.4
2018-02-12,1777624,53169452,30.25,29.55,29.9,-0.1,887,2449,30.05
2018-02-21,5829829,179315936,31.15,30.2,30.95,1.05,2668,2449,30.5
2018-02-22,2329056,71226895,30.75,30.4,30.4,-0.55,1193,2449,30.55
2018-02-23,2400443,73095461,30.7,30.35,30.4,0.0,1456,2449,30.6
2018-02-26,9560081,299755306,31.9,30.5,31.9,1.5,3851,2449,30.6
2018-02-27,9565470,303014725,32.3,31.25,31.5,-0.4,3825,2449,32.0
2018-03-01,4138024,130283797,31.8,30.8,31.65,0.15,2182,2449,30.8
2018-03-02,6343114,200970260,32.1,31.2,31.95,0.3,2299,2449,31.7
2018-03-05,6337464,200199284,32.4,30.9,30.9,-1.05,2575,2449,32.35
2018-03-06,2312817,72587403,31.6,31.15,31.5,0.6,993,2449,31.45
2018-03-07,2833555,89681347,31.9,31.35,31.6,0.1,1413,2449,31.5
2018-03-08,3654349,115887268,32.1,31.55,31.6,0.0,1710,2449,31.9
2018-03-09,5394267,172193591,32.1,31.7,32.0,0.4,2487,2449,31.95
2018-03-12,10103855,331494218,33.1,32.4,32.95,0.95,4086,2449,32.45
2018-03-13,5457504,179958422,33.35,32.75,32.75,-0.2,2340,2449,33.35
2018-03-14,3778224,122775659,32.95,32.15,32.6,-0.15,2161,2449,32.95
2018-03-15,21992936,673834742,31.5,30.2,30.2,-2.4,8507,2449,31.5
2018-03-16,13481861,410130374,31.2,29.8,31.2,1.0,5796,2449,30.3
2018-03-19,13595384,420345704,31.2,30.45,31.0,-0.2,5977,2449,30.8
2018-03-20,5969642,183444765,30.95,30.6,30.7,-0.3,2978,2449,30.75
2018-03-21,5514196,170666476,31.25,30.75,30.8,0.1,3086,2449,30.9
2018-03-22,4804615,148915835,31.2,30.75,30.9,0.1,2691,2449,30.9
2018-03-23,5573674,169140071,30.65,29.9,30.65,-0.25,2787,2449,30.0
2018-03-26,5149729,156230465,30.55,30.1,30.35,-0.3,2546,2449,30.3
2018-03-27,9789976,302691288,31.4,30.45,31.2,0.85,2760,2449,30.6
2018-03-28,6184426,191837856,31.2,30.8,31.05,-0.15,2536,2449,30.9
2018-03-29,6438154,195428509,30.9,30.2,30.25,-0.8,3617,2449,30.8
2018-03-30,4412865,134101910,30.6,30.2,30.25,0.0,2011,2449,30.6
2018-03-31,1159504,35386917,30.6,30.4,30.5,0.25,876,2449,30.4
2018-04-02,1531287,46800633,30.7,30.4,30.6,0.1,1170,2449,30.65
2018-04-03,1990247,60503245,30.6,30.15,30.6,0.0,1339,2449,30.15
2018-04-09,2040367,62025020,30.7,30.25,30.35,-0.25,992,2449,30.65
2018-04-10,2642694,80695265,30.7,30.25,30.65,0.3,1594,2449,30.35
2018-04-11,2946706,89530985,30.6,30.3,30.3,-0.35,902,2449,30.4
2018-04-12,2993528,91456725,30.75,30.3,30.7,0.4,1376,2449,30.3
2018-04-13,3647109,110974299,30.7,30.3,30.4,-0.3,1780,2449,30.7
2018-04-16,3105671,94629291,30.6,30.3,30.4,0.0,1910,2449,30.4
2018-04-17,4967937,151390327,30.75,30.3,30.6,0.2,2688,2449,30.4
2018-04-18,4570331,138157958,30.7,30.05,30.2,-0.4,2365,2449,30.6
2018-04-19,2398166,72919540,30.5,30.2,30.5,0.3,1460,2449,30.2
2018-04-20,3216626,97759826,30.5,30.15,30.5,0.0,1240,2449,30.25
2018-04-23,2678251,81280462,30.55,30.2,30.55,0.05,1550,2449,30.5
2018-04-24,5280100,160225447,30.7,29.95,30.5,-0.05,2139,2449,30.7
2018-04-25,6951712,206344720,30.3,29.35,29.4,-1.1,3110,2449,30.3
2018-04-26,10438301,301335167,29.4,28.5,28.55,-0.85,5829,2449,29.4
2018-04-27,3062858,87999555,28.85,28.6,28.8,0.25,1887,2449,28.7
2018-04-30,3070927,89577448,29.4,28.8,29.4,0.6,1566,2449,28.85
2018-05-02,2193125,64384917,29.6,29.05,29.55,0.15,1564,2449,29.4
2018-05-03,3307921,97190688,29.65,29.05,29.3,-0.25,1619,2449,29.25
2018-05-04,3799288,110270694,29.4,28.8,28.85,-0.45,1419,2449,29.15
2018-05-07,8510875,238131800,28.85,27.6,27.85,-1.0,4367,2449,28.85
2018-05-08,5179540,144278082,28.0,27.8,27.8,-0.05,2530,2449,27.85
2018-05-09,2930717,81269291,28.0,27.6,27.75,-0.05,1494,2449,27.9
2018-05-10,2768265,77828495,28.25,27.85,28.1,0.35,1686,2449,27.9
2018-05-11,2526571,71390303,28.35,28.1,28.25,0.15,1257,2449,28.2
2018-05-14,2081192,58977622,28.45,28.15,28.35,0.1,969,2449,28.3
2018-05-15,3947160,111860902,28.45,28.1,28.35,0.0,1379,2449,28.4
2018-05-16,1639597,46411818,28.4,28.2,28.3,-0.05,729,2449,28.35
2018-05-17,4626617,130131883,28.3,28.05,28.1,-0.2,2050,2449,28.3
2018-05-18,4532398,126346578,28.1,27.8,27.8,-0.3,2292,2449,28.0
2018-05-21,2705680,76188819,28.3,28.0,28.15,0.35,1397,2449,28.3
2018-05-22,3284573,92110295,28.2,27.95,28.05,-0.1,1850,2449,28.1
2018-05-23,2134207,59866196,28.15,28.0,28.05,0.0,1223,2449,28.05
2018-05-24,4015703,113363968,28.3,28.05,28.3,0.25,1713,2449,28.1
2018-05-25,4005636,113470794,28.45,28.15,28.3,0.0,2460,2449,28.35
2018-05-28,1712367,48186247,28.3,28.0,28.2,-0.1,942,2449,28.3
2018-05-29,4229510,120504381,28.6,28.3,28.55,0.35,1846,2449,28.3
2018-05-30,5784232,162606028,28.45,28.0,28.15,-0.4,2410,2449,28.4
2018-05-31,8730904,248668734,28.9,28.1,28.1,-0.05,3524,2449,28.55
2018-06-01,2365941,66898975,28.4,28.15,28.3,0.2,1154,2449,28.25
2018-06-04,2493791,71338477,28.7,28.4,28.65,0.35,1237,2449,28.55
2018-06-05,3327589,95228532,28.8,28.4,28.5,-0.15,1431,2449,28.75
2018-06-06,2653657,76276984,28.9,28.6,28.75,0.25,1215,2449,28.6
2018-06-07,4726965,137526924,29.25,28.85,29.1,0.35,2164,2449,28.9
2018-06-08,3002932,87278780,29.2,28.9,29.0,-0.1,1595,2449,29.1
2018-06-11,2089055,60027824,29.05,28.65,28.75,-0.25,1072,2449,29.0
2018-06-12,3211815,92648780,29.05,28.6,28.85,0.1,1295,2449,28.7
2018-06-13,2783100,79605347,28.8,28.5,28.5,-0.35,1178,2449,28.65
2018-06-14,3146696,90388703,28.9,28.45,28.6,0.1,1878,2449,28.45
2018-06-15,4780931,137005624,28.95,28.55,28.55,-0.05,1396,2449,28.65
2018-06-19,3842185,110204888,28.85,28.55,28.75,0.2,1715,2449,28.8
2018-06-20,4621625,131919284,28.7,28.45,28.55,-0.2,1757,2449,28.55
2018-06-21,3881591,110716638,28.75,28.5,28.5,-0.05,999,2449,28.6
2018-06-22,2936151,83577685,28.6,28.3,28.5,0.0,1259,2449,28.45
2018-06-25,3159588,89228647,28.6,28.1,28.15,-0.35,1760,2449,28.55
2018-06-26,5009438,138801664,28.05,27.5,27.7,-0.45,2373,2449,28.05
2018-06-27,4231812,117061842,27.85,27.55,27.65,-0.05,2345,2449,27.7
2018-06-28,3391415,93668628,27.7,27.5,27.65,0.0,1598,2449,27.65
2018-06-29,2215822,61283845,27.75,27.55,27.75,0.1,1036,2449,27.65
2018-07-02,1359858,37839638,27.95,27.7,27.85,0.1,911,2449,27.7
2018-07-03,6070029,169149897,28.2,27.5,27.5,-0.35,1913,2449,27.8
2018-07-04,1619800,44703037,27.7,27.55,27.55,0.05,1176,2449,27.55
2018-07-05,2309030,63518721,27.7,27.35,27.4,-0.15,1087,2449,27.6
2018-07-06,3142683,85723658,27.5,27.0,27.25,-0.15,1855,2449,27.4
2018-07-09,1485805,40672372,27.5,27.25,27.4,0.15,1045,2449,27.25
2018-07-10,1413326,39046557,27.8,27.4,27.65,0.25,1115,2449,27.4
2018-07-11,3018070,83045382,27.75,27.4,27.4,-0.25,1674,2449,27.45
2018-07-12,1803343,49590596,27.7,27.4,27.7,0.3,1140,2449,27.6
2018-07-13,5702530,157559926,27.8,27.5,27.7,0.0,2105,2449,27.8
2018-07-16,4148700,115425800,27.95,27.7,27.7,0.0,1848,2449,27.9
2018-07-17,5319253,148556734,28.2,27.75,28.0,0.3,1971,2449,27.8
2018-07-18,5262701,138082173,26.4,26.15,26.3,0.0,2894,2449,26.3
2018-07-19,4120673,106600809,26.5,26.2,26.2,-0.1,1933,2449,26.4
2018-07-20,2338159,62093299,26.85,26.3,26.75,0.55,1109,2449,26.35
2018-07-23,2377749,63263369,26.75,26.45,26.65,-0.1,869,2449,26.75
2018-07-24,972174,25835839,26.7,26.4,26.7,0.05,398,2449,26.65
2018-07-25,1346477,36002805,26.9,26.65,26.75,0.05,595,2449,26.9
2018-07-26,5391893,146478342,27.7,26.75,27.25,0.5,2324,2449,26.75
2018-07-27,6758798,181339659,27.25,26.6,26.65,-0.6,2922,2449,27.15
2018-07-30,3205482,82951572,26.7,26.25,26.45,-0.2,1225,2449,26.5
2018-07-31,2538993,66918407,26.45,26.25,26.4,-0.05,1197,2449,26.35
2018-08-01,1533891,40548901,26.6,26.35,26.55,0.15,836,2449,26.6
2018-08-02,1898558,50025167,26.6,26.25,26.25,-0.3,1007,2449,26.6
2018-08-03,5567491,145211282,26.3,25.95,26.15,-0.1,2409,2449,26.3
2018-08-06,3756407,97900868,26.15,26.0,26.05,-0.1,1737,2449,26.15
2018-08-07,1190804,31049712,26.2,26.0,26.1,0.05,591,2449,26.2
2018-08-08,3620526,94721626,26.35,26.0,26.15,0.05,1364,2449,26.05
2018-08-09,19522520,482232305,25.65,24.1,24.2,-1.95,9450,2449,25.6
2018-08-10,16117840,373726672,24.35,22.5,23.05,-1.15,7168,2449,24.3
2018-08-13,8759419,197256475,22.8,22.15,22.8,-0.25,3463,2449,22.6
2018-08-14,7755833,173790220,22.75,22.15,22.4,-0.4,2425,2449,22.7
2018-08-15,7290495,162497904,22.55,22.05,22.15,-0.25,2006,2449,22.25
2018-08-16,10847301,234432094,21.9,21.3,21.6,-0.55,4192,2449,21.9
2018-08-17,6786775,146507010,21.9,21.45,21.5,-0.1,2583,2449,21.75
2018-08-20,7794865,164766770,21.6,21.0,21.1,-0.4,3572,2449,21.5
2018-08-21,3391302,72176774,21.45,21.15,21.2,0.1,1523,2449,21.2
2018-08-22,4953473,107805274,21.95,21.35,21.8,0.6,2350,2449,21.4
2018-08-23,3944863,84792737,21.95,21.35,21.4,-0.4,1579,2449,21.95
2018-08-24,3766106,80771228,21.6,21.35,21.35,-0.05,1556,2449,21.45
2018-08-27,3299800,71836602,22.0,21.45,21.95,0.6,1517,2449,21.5
2018-08-28,5385735,119237053,22.4,21.95,22.0,0.05,2795,2449,22.05
2018-08-29,2296367,50478836,22.1,21.85,22.0,0.0,1011,2449,22.05
2018-08-30,2793980,61502810,22.15,21.9,21.9,-0.1,1576,2449,22.05
2018-08-31,2828696,61498246,21.9,21.65,21.7,-0.2,1370,2449,21.9
2018-09-03,3187288,68870805,21.75,21.5,21.5,-0.2,1209,2449,21.65
2018-09-04,2747414,59070464,21.65,21.4,21.4,-0.1,1281,2449,21.55
2018-09-05,2425571,52013863,21.55,21.35,21.35,-0.05,1247,2449,21.55
2018-09-06,3493026,74457357,21.5,21.2,21.2,-0.15,1459,2449,21.4
2018-09-07,5230545,110358545,21.4,20.8,21.05,-0.15,1845,2449,21.35
2018-09-10,12294767,246616775,20.8,19.8,19.95,-1.1,4454,2449,20.75
2018-09-11,9271222,184607843,20.05,19.65,19.95,0.0,3339,2449,20.0
2018-09-12,6574955,130388710,20.0,19.7,19.95,0.0,2122,2449,19.9
2018-09-13,3513091,71121169,20.55,20.0,20.55,0.6,1841,2449,20.1
2018-09-14,3850946,80250217,21.05,20.7,20.75,0.2,1491,2449,20.85
2018-09-17,1690866,35226098,21.05,20.6,20.8,0.05,663,2449,20.65
2018-09-18,1377237,28401452,20.8,20.5,20.5,-0.3,781,2449,20.7
2018-09-19,2015166,41868096,20.85,20.7,20.8,0.3,937,2449,20.7
2018-09-20,2561297,52737144,20.8,20.5,20.5,-0.3,1189,2449,20.8
2018-09-21,2431113,50158430,20.75,20.55,20.65,0.15,853,2449,20.75
2018-09-25,2865505,59546670,21.0,20.6,20.75,0.1,1316,2449,20.65
2018-09-26,3339495,68591618,20.95,20.3,20.3,-0.45,1464,2449,20.7
2018-09-27,2501303,50621128,20.5,20.1,20.1,-0.2,1374,2449,20.35
2018-09-28,1583072,32291116,20.5,20.2,20.4,0.3,908,2449,20.2
2018-10-01,2899928,59662521,20.9,20.4,20.5,0.1,1430,2449,20.55
2018-10-02,2347819,48221618,20.65,20.45,20.6,0.1,1460,2449,20.5
2018-10-03,5456495,114194263,21.1,20.7,21.05,0.45,2058,2449,20.7
2018-10-04,3301850,69410813,21.25,20.9,20.9,-0.15,1384,2449,21.1
2018-10-05,3235948,67145464,21.05,20.3,20.75,-0.15,1220,2449,20.9
2018-10-08,2541135,52682046,20.9,20.45,20.7,-0.05,1020,2449,20.75
2018-10-09,9339669,183470020,20.6,19.15,19.65,-1.05,4018,2449,20.4
2018-10-11,10208929,191565382,19.1,18.15,19.05,-0.6,3826,2449,18.65
2018-10-12,3525470,66466162,19.05,18.6,19.0,-0.05,1917,2449,18.65
2018-10-15,2077000,39651098,19.25,18.95,18.95,-0.05,976,2449,19.15
2018-10-16,1997314,38118494,19.2,18.95,19.1,0.15,1179,2449,18.95
2018-10-17,2098400,40735918,19.6,19.2,19.2,0.1,1173,2449,19.3
2018-10-18,2094155,40188924,19.3,19.1,19.25,0.05,1248,2449,19.15
2018-10-19,3580751,67935291,19.2,18.65,18.95,-0.3,1069,2449,19.0
2018-10-22,2318824,43845370,19.15,18.8,18.8,-0.15,958,2449,18.95
2018-10-23,2595632,49135620,19.15,18.75,18.9,0.1,1188,2449,18.8
2018-10-24,2832486,53068084,18.9,18.6,18.75,-0.15,1356,2449,18.8
2018-10-25,4696861,84563739,18.3,17.8,18.2,-0.55,1883,2449,18.3
2018-10-26,4053522,73064069,18.5,17.8,18.05,-0.15,1888,2449,18.5
2018-10-29,5628798,97484450,18.1,16.9,17.8,-0.25,2178,2449,18.05
2018-10-30,2066873,36481637,17.8,17.5,17.75,-0.05,1141,2449,17.6
2018-10-31,2248598,40355814,18.05,17.8,18.05,0.3,1289,2449,17.85
2018-11-01,1909968,34504719,18.2,17.9,18.05,0.0,1022,2449,18.0
2018-11-02,2380151,43475818,18.4,18.1,18.25,0.2,1346,2449,18.15
2018-11-05,1934633,35014867,18.25,18.0,18.05,-0.2,1333,2449,18.25
2018-11-06,2480390,44316876,18.1,17.7,17.85,-0.2,1514,2449,18.05
2018-11-07,8935881,171379782,19.5,18.85,19.5,1.65,3942,2449,19.3
2018-11-08,6433599,126716002,19.95,19.35,19.85,0.35,3546,2449,19.7
2018-11-09,5191950,99453450,19.9,18.7,19.0,-0.85,2508,2449,19.85
2018-11-12,2924881,55776989,19.3,18.7,19.05,0.05,1333,2449,18.9
2018-11-13,4225338,81059165,19.6,18.5,19.45,0.4,1927,2449,18.7
2018-11-14,4078867,80883790,20.05,19.3,20.05,0.6,1778,2449,19.45
2018-11-15,8197896,168834756,20.85,20.0,20.7,0.65,3637,2449,20.05
2018-11-16,5873611,121205292,20.9,20.35,20.8,0.1,2006,2449,20.55
2018-11-19,2292158,47494822,20.9,20.6,20.75,-0.05,822,2449,20.75
2018-11-20,1846773,38105100,20.8,20.5,20.7,-0.05,712,2449,20.7
2018-11-21,2111252,43354315,20.65,20.35,20.5,-0.2,998,2449,20.5
2018-11-22,2734463,56390989,20.75,20.45,20.6,0.1,921,2449,20.7
2018-11-23,2096828,42811530,20.65,20.25,20.25,-0.35,965,2449,20.6
2018-11-26,4121502,85138362,21.0,20.25,20.95,0.7,1503,2449,20.3
2018-11-27,2193630,45524904,20.95,20.6,20.8,-0.15,1035,2449,20.95
2018-11-28,2470119,51074724,20.95,20.5,20.8,0.0,1432,2449,20.9
2018-11-29,3423282,71246098,21.0,20.7,20.75,-0.05,1264,2449,21.0
2018-11-30,6152729,129137159,21.25,20.65,21.0,0.25,2201,2449,20.75
2018-12-03,6287241,134315026,21.65,21.1,21.5,0.5,2129,2449,21.2
2018-12-04,6379955,134281078,21.5,20.85,20.85,-0.65,2565,2449,21.5
2018-12-05,6829531,143674090,21.4,20.45,21.05,0.2,2923,2449,20.5
2018-12-06,4223889,87626405,21.0,20.55,20.8,-0.25,1895,2449,20.85
2018-12-07,20339366,443322335,22.3,21.0,21.95,1.15,6226,2449,21.3
2018-12-10,11999560,259765979,22.15,21.35,21.5,-0.45,3937,2449,21.55
2018-12-11,11139754,238367305,21.9,20.9,21.9,0.4,3884,2449,21.45
2018-12-12,29897698,640208210,22.2,20.5,21.6,-0.3,8505,2449,21.55
2018-12-13,32010170,728313110,23.35,21.85,23.05,1.45,9451,2449,22.0
2018-12-14,42155870,942198500,23.6,21.1,21.5,-1.55,13631,2449,22.85
2018-12-17,15440327,340852253,22.35,21.25,22.2,0.7,5600,2449,21.65
2018-12-18,17319145,385981830,22.6,21.65,22.3,0.1,6612,2449,21.7
2018-12-19,13602987,309754151,23.1,22.3,23.0,0.7,6026,2449,22.5
2018-12-20,15534693,361509789,23.65,22.7,23.3,0.3,5936,2449,22.75
2018-12-21,13018484,304212042,23.65,22.85,23.6,0.3,4999,2449,23.2
2018-12-22,5080694,119672856,23.75,23.4,23.5,-0.1,1685,2449,23.4
2018-12-24,7052574,166025563,23.65,23.35,23.65,0.15,2150,2449,23.65
2018-12-25,6605045,155787110,23.85,23.2,23.85,0.2,2302,2449,23.4
2018-12-26,6586801,157293987,24.3,23.5,23.5,-0.35,2825,2449,24.0
2018-12-27,12782617,293975283,23.8,22.6,22.7,-0.8,4874,2449,23.7
2018-12-28,6295288,145007214,23.3,22.75,23.25,0.55,2444,2449,22.75
2019-01-02,5306443,121875230,23.25,22.65,23.05,-0.2,2146,2449,23.2
2019-01-03,7752449,176581301,23.2,22.3,22.4,-0.65,2861,2449,22.9
2019-01-04,15276495,328305937,22.45,21.05,21.35,-1.05,5209,2449,22.4
2019-01-07,7322697,158909051,21.95,21.5,21.6,0.25,2830,2449,21.8
2019-01-08,2775366,60529152,21.95,21.65,21.8,0.2,1422,2449,21.65
2019-01-09,4774077,104311475,22.0,21.75,21.8,0.0,1952,2449,21.95
2019-01-10,6126010,132030815,21.85,21.4,21.55,-0.25,2449,2449,21.8
2019-01-11,3569785,77434793,21.9,21.55,21.55,0.0,1530,2449,21.75
2019-01-14,3623512,78067799,21.8,21.2,21.4,-0.15,2001,2449,21.6
2019-01-15,4735269,101574057,21.7,21.3,21.35,-0.05,1676,2449,21.3
2019-01-16,9184496,200984211,22.15,21.75,21.8,0.45,3618,2449,21.8
2019-01-17,6043201,133115362,22.2,21.9,22.05,0.25,3110,2449,22.05
2019-01-18,4748489,105443701,22.4,22.0,22.1,0.05,2472,2449,22.25
2019-01-21,3819107,84099854,22.25,21.85,22.0,-0.1,1695,2449,22.25
2019-01-22,24583544,569058562,23.6,22.2,23.05,1.05,8387,2449,22.2
2019-01-23,21569923,511155797,23.95,23.3,23.9,0.85,8266,2449,23.3
2019-01-24,7383607,174111738,23.8,23.4,23.55,-0.35,3391,2449,23.8
2019-01-25,12751452,297647673,23.6,23.05,23.4,-0.15,4446,2449,23.45
2019-01-28,7566048,177820918,23.7,23.25,23.5,0.1,2972,2449,23.6
2019-01-29,6447255,150239989,23.55,23.0,23.3,-0.2,2548,2449,23.3
2019-01-30,4599709,107286772,23.45,23.2,23.3,0.0,1589,2449,23.25
2019-02-11,4313152,99384977,23.6,22.8,22.9,-0.4,1934,2449,23.6
2019-02-12,6498439,152648318,23.75,23.1,23.4,0.5,2280,2449,23.15
2019-02-13,3791409,88333267,23.6,23.15,23.35,-0.05,1338,2449,23.45
2019-02-14,2847815,66551677,23.45,23.2,23.35,0.0,1169,2449,23.25
2019-02-15,5298101,122364273,23.45,22.85,22.9,-0.45,1835,2449,23.45
2019-02-18,2453972,56453604,23.1,22.95,22.95,0.05,1199,2449,23.1
2019-02-19,3224810,74184857,23.1,22.9,23.1,0.15,1347,2449,22.9
2019-02-20,13742010,324715127,23.9,23.1,23.7,0.6,4694,2449,23.3
2019-02-21,24693363,606276101,25.4,23.9,24.8,1.1,9681,2449,24.0
2019-02-22,36452794,934900375,26.4,24.55,25.75,0.95,14340,2449,24.55
2019-02-25,21917499,567223336,26.3,25.3,25.6,-0.15,7874,2449,25.9
2019-02-26,10542837,271883212,26.25,25.5,26.1,0.5,4493,2449,25.9
2019-02-27,9246294,235007444,26.05,25.2,25.25,-0.85,3980,2449,25.9
2019-03-04,11553960,292789854,25.95,24.8,25.85,0.6,4604,2449,25.25
2019-03-05,8752836,223967415,26.1,25.4,25.4,-0.45,4331,2449,25.8
2019-03-06,6803442,172721383,25.8,25.15,25.15,-0.25,3102,2449,25.5
2019-03-07,6902571,172661496,25.4,24.65,24.7,-0.45,3487,2449,25.3
2019-03-08,4847963,119538680,24.9,24.5,24.6,-0.1,2201,2449,24.65
2019-03-11,5567925,137174437,24.85,24.5,24.5,-0.1,2174,2449,24.65
2019-03-12,9639261,239866490,25.25,24.55,24.65,0.15,4548,2449,24.8
2019-03-13,6819009,168971875,24.95,24.55,24.95,0.3,3169,2449,24.7
2019-03-14,10412085,256460844,25.25,24.3,24.4,-0.55,4475,2449,25.25
2019-03-15,11976384,291771012,24.8,23.8,24.55,0.15,5002,2449,24.2
2019-03-18,40337539,1055247334,26.7,25.7,26.7,2.15,14227,2449,25.75
2019-03-19,19299686,508656536,27.35,25.9,26.0,-0.7,7764,2449,27.05
2019-03-20,9767469,255128194,26.4,25.95,26.1,0.1,5131,2449,26.4
2019-03-21,6068521,158368813,26.35,26.0,26.05,-0.05,2517,2449,26.25
2019-03-22,13538775,345808639,26.3,25.1,25.35,-0.7,7141,2449,26.2
2019-03-25,7475189,189464878,25.7,24.9,25.7,0.35,3425,2449,25.0
2019-03-26,7312983,189126717,26.25,25.55,25.7,0.0,3447,2449,25.8
2019-03-27,3466604,89641173,26.1,25.7,25.9,0.2,1670,2449,25.95
2019-03-28,4268714,109296937,25.9,25.5,25.5,-0.4,2066,2449,25.85
2019-03-29,14466444,379830928,26.75,25.7,26.25,0.75,5539,2449,25.8
2019-04-01,14514030,384767606,26.75,26.15,26.7,0.45,4716,2449,26.5
2019-04-02,18778487,512513559,27.75,27.0,27.05,0.35,8111,2449,27.0
2019-04-03,17040605,469662623,27.85,27.4,27.5,0.45,5335,2449,27.5
2019-04-08,13738628,380318769,28.1,27.3,27.75,0.25,5372,2449,27.9
2019-04-09,6229937,173671205,28.05,27.75,27.75,0.0,2713,2449,28.0
2019-04-10,22045033,625267996,28.8,27.75,27.95,0.2,8141,2449,27.8
2019-04-11,13734322,386172383,28.5,27.85,28.25,0.3,4814,2449,28.5
2019-04-12,11835714,333099877,28.5,27.5,28.35,0.1,4544,2449,28.1
2019-04-15,15273906,434448294,28.7,28.1,28.55,0.2,5641,2449,28.45
2019-04-16,29294238,858952008,29.85,28.55,29.1,0.55,10958,2449,28.55
2019-04-17,32907074,939779358,28.95,28.25,28.55,-0.55,8906,2449,28.25
2019-04-18,21656632,617636358,28.95,28.15,28.5,-0.05,8825,2449,28.85
2019-04-19,5781566,164881705,28.9,28.3,28.3,-0.2,2873,2449,28.8
2019-04-22,30100259,888144270,30.15,28.6,30.1,1.8,11655,2449,29.05
2019-04-23,18430273,532114910,30.0,28.45,28.55,-1.55,8379,2449,29.8
2019-04-24,8975158,256698576,28.9,28.4,28.7,0.15,4190,2449,28.7
2019-04-25,6898461,196516686,28.8,28.25,28.5,-0.2,3967,2449,28.75
2019-04-26,6126971,174936021,28.75,28.25,28.5,0.0,3150,2449,28.5
2019-04-29,11380988,326133095,29.1,28.0,29.0,0.5,3850,2449,28.75
2019-04-30,7379655,210795173,29.05,28.35,28.6,-0.4,3243,2449,29.0
2019-05-02,4098083,116273803,28.7,28.15,28.45,-0.15,2282,2449,28.7
2019-05-03,2757842,78856689,28.7,28.5,28.65,0.2,1817,2449,28.6
2019-05-06,10609836,304586351,28.95,28.2,28.95,0.3,4111,2449,28.45
2019-05-07,13121128,387346736,29.9,29.2,29.25,0.3,5603,2449,29.45
2019-05-08,7072480,207404055,29.5,28.9,29.45,0.2,3321,2449,29.0
2019-05-09,7349530,213717670,29.5,28.8,29.0,-0.45,3465,2449,29.5
2019-05-10,14726226,431550652,29.9,28.45,28.8,-0.2,5709,2449,29.4
2019-05-13,6186399,175881548,28.7,28.2,28.4,-0.4,2872,2449,28.55
2019-05-14,11739985,328694767,28.9,27.1,28.55,0.15,4928,2449,27.8
2019-05-15,16259665,481204039,29.9,28.65,29.85,1.3,7084,2449,28.7
2019-05-16,11231902,334855911,30.1,29.4,29.4,-0.45,4411,2449,29.85
2019-05-17,25342495,705464027,29.4,26.65,26.65,-2.75,10662,2449,29.4
2019-05-20,19191700,503797687,27.35,25.15,27.0,0.35,8268,2449,26.45
2019-05-21,12920515,338151690,26.9,25.6,26.4,-0.6,5938,2449,26.7
2019-05-22,5436862,145446173,26.9,26.55,26.55,0.15,2608,2449,26.7
2019-05-23,10504494,267918893,26.1,25.1,25.4,-1.15,4790,2449,25.95
2019-05-24,8419418,216568950,25.95,25.15,25.4,0.0,3233,2449,25.15
2019-05-27,2675006,68531898,25.85,25.5,25.5,0.1,1456,2449,25.65
2019-05-28,8273129,208016775,26.0,24.6,24.6,-0.9,2317,2449,25.65
2019-05-29,6361156,160314737,25.65,24.35,25.6,1.0,2972,2449,24.8
2019-05-30,6102119,157269894,26.0,25.55,25.7,0.1,2440,2449,25.6
2019-05-31,4445406,116095769,26.4,25.6,26.3,0.6,2178,2449,25.6
2019-06-03,5170646,137455420,27.05,25.65,26.9,0.6,2497,2449,25.9
2019-06-04,10995489,293272656,27.4,26.0,26.0,-0.9,5377,2449,27.0
2019-06-05,7414617,193558926,26.5,25.8,25.8,-0.2,3505,2449,26.35
2019-06-06,5564827,145266202,26.4,25.8,26.0,0.2,2986,2449,26.15
2019-06-10,4856613,127191223,26.45,26.05,26.15,0.15,3089,2449,26.45
2019-06-11,3291090,86541214,26.4,26.2,26.3,0.15,1770,2449,26.3
2019-06-12,4291693,113333987,26.6,26.25,26.3,0.0,2196,2449,26.4
2019-06-13,9123320,233811133,26.05,25.45,25.5,-0.8,4299,2449,26.05
2019-06-14,7753439,198026600,26.0,25.2,25.2,-0.3,3636,2449,25.65
2019-06-17,4966373,124735820,25.4,24.95,24.95,-0.25,2813,2449,25.2
2019-06-18,6468937,164997122,25.75,25.05,25.7,0.75,3432,2449,25.05
2019-06-19,10184093,267224421,26.45,26.05,26.25,0.55,5229,2449,26.3
2019-06-20,5363139,140902740,26.4,26.15,26.3,0.05,2334,2449,26.25
2019-06-21,10374355,270819982,26.4,25.8,26.0,-0.3,3137,2449,26.35
2019-06-24,7227766,191371732,26.7,26.1,26.6,0.6,3005,2449,26.25
2019-06-25,11684185,313149051,27.3,26.3,26.3,-0.3,5002,2449,26.85
2019-06-26,13022296,339866284,26.55,25.9,26.15,-0.15,4407,2449,26.3
2019-06-27,14839924,397632362,27.1,26.2,26.8,0.65,5989,2449,26.25
2019-06-28,13544270,364288883,27.15,26.55,26.8,0.0,5229,2449,27.1
2019-07-01,29785130,858942620,29.35,27.8,29.0,2.2,10340,2449,28.15
2019-07-02,13054285,377652039,29.2,28.7,28.95,-0.05,5626,2449,29.0
2019-07-03,13352719,377588566,29.0,28.0,28.0,-0.95,6221,2449,29.0
2019-07-04,19555192,563889268,29.15,27.85,29.0,1.0,8507,2449,28.3
2019-07-05,17691027,519885629,29.7,28.85,29.3,0.3,7617,2449,29.3
2019-07-08,10916244,320763032,29.65,29.1,29.25,-0.05,4412,2449,29.3
2019-07-09,7354751,215683657,29.6,29.15,29.2,-0.05,3581,2449,29.5
2019-07-10,8157203,240111901,29.65,29.25,29.4,0.2,3305,2449,29.5
2019-07-11,17882903,533338786,30.0,29.55,30.0,0.6,6972,2449,29.7
2019-07-12,28754241,891852551,31.45,30.25,31.1,1.1,12312,2449,30.25
2019-07-15,17221555,541712617,31.75,31.1,31.5,0.4,5965,2449,31.35
2019-07-16,14061386,442410709,31.85,31.15,31.4,-0.1,5867,2449,31.7
2019-07-17,26477507,850132260,32.7,31.3,32.55,1.15,10127,2449,31.4
2019-07-18,19005609,586300893,31.4,30.3,30.3,0.0,8631,2449,31.2
2019-07-19,29700097,923136936,31.6,30.45,30.45,0.15,9975,2449,30.8
2019-07-22,28015200,895339244,32.4,31.15,32.3,1.85,12259,2449,31.3
2019-07-23,22086442,711300728,32.9,31.55,32.4,0.1,8983,2449,32.8
2019-07-24,9455911,303335702,32.45,31.7,32.05,-0.35,4888,2449,32.4
2019-07-25,15034168,489224530,32.9,32.25,32.45,0.4,6170,2449,32.6
2019-07-26,6167909,200399102,32.65,32.15,32.5,0.05,3303,2449,32.45
2019-07-29,7948600,256072950,32.85,31.85,32.0,-0.5,3615,2449,32.6
2019-07-30,12274512,394336830,32.6,31.65,32.45,0.45,5241,2449,32.0
2019-07-31,12206673,393105576,32.7,31.7,32.55,0.1,5048,2449,32.45
2019-08-01,20138130,664037644,33.55,31.85,32.9,0.35,7936,2449,31.85
2019-08-02,13843595,437657212,32.2,31.1,31.25,-1.65,6021,2449,31.85
2019-08-05,15014472,469263948,31.9,30.8,30.9,-0.35,5962,2449,31.25
2019-08-06,19791351,621255670,32.1,30.05,32.1,1.2,8943,2449,30.05
2019-08-07,15568328,498858121,32.6,31.6,31.75,-0.35,6365,2449,31.95
2019-08-08,19263333,612343323,32.15,31.6,31.7,-0.05,4200,2449,31.8
2019-08-12,8832989,283466881,32.3,31.65,32.15,0.45,3361,2449,31.9
2019-08-13,10624832,337427718,32.3,31.25,31.55,-0.6,3707,2449,31.9
2019-08-14,13094358,415978489,32.25,31.1,31.1,-0.45,3814,2449,32.1
2019-08-15,53799918,1758034063,33.6,30.95,33.25,2.15,19704,2449,31.1
2019-08-16,49562391,1705131895,35.2,33.7,34.25,1.0,18548,2449,34.3
2019-08-19,21810652,738899170,34.8,33.55,33.8,-0.45,10133,2449,34.65
2019-08-20,15744668,531784070,34.4,33.3,33.45,-0.35,7055,2449,34.15
2019-08-21,47390260,1617452351,35.05,33.3,33.95,0.5,18950,2449,33.65
2019-08-22,28601940,987173795,34.95,33.95,34.7,0.75,10874,2449,34.5
2019-08-23,23884932,826341469,35.45,34.05,34.05,-0.65,9632,2449,35.0
2019-08-26,11007895,368439721,33.85,32.8,33.4,-0.65,4990,2449,33.0
2019-08-27,8383475,283210403,34.15,33.4,33.4,0.0,3727,2449,34.0
2019-08-28,15167549,519626609,34.6,33.9,34.2,0.8,6141,2449,34.2
2019-08-29,20435436,707749033,35.1,34.3,34.5,0.3,8138,2449,34.8
2019-08-30,13190544,456041664,35.0,34.15,34.15,-0.35,5122,2449,35.0
2019-09-02,15214835,529593432,35.3,34.35,34.8,0.65,6199,2449,34.4
2019-09-03,6394354,220473697,34.95,34.3,34.4,-0.4,3370,2449,34.85
2019-09-04,9013985,309900168,34.65,34.2,34.35,-0.05,4594,2449,34.3
2019-09-05,31692601,1116576828,36.9,34.6,34.6,0.25,12991,2449,35.45
2019-09-06,23308508,814919680,35.45,34.45,34.95,0.35,9023,2449,34.8
2019-09-09,10600022,369843552,35.45,34.55,34.7,-0.25,4392,2449,35.3
2019-09-10,7913080,270032870,34.6,33.85,34.0,-0.7,4052,2449,34.5
2019-09-11,6667360,227158390,34.4,33.75,34.1,0.1,3208,2449,34.35
2019-09-12,9000470,311990416,34.9,34.35,34.85,0.75,3782,2449,34.5
2019-09-16,7355754,253689481,34.95,34.3,34.4,-0.45,3171,2449,34.9
2019-09-17,14741428,498210461,34.25,33.6,33.65,-0.75,5525,2449,34.25
2019-09-18,13736327,466553309,34.2,33.7,34.05,0.4,4934,2449,33.75
2019-09-19,11382308,388114711,34.45,33.9,34.25,0.2,4315,2449,34.25
2019-09-20,19631863,679904755,35.0,34.05,35.0,0.75,7811,2449,34.35
2019-09-23,42305122,1530518486,36.9,35.3,36.6,1.6,16346,2449,35.7
2019-09-24,39676974,1494106321,38.2,37.0,37.45,0.85,16114,2449,37.1
2019-09-25,22307589,833819986,37.8,36.8,37.7,0.25,8549,2449,37.3
2019-09-26,39019628,1412708370,37.95,35.0,35.0,-2.7,16420,2449,37.75
2019-09-27,20118298,702969771,35.65,34.1,34.85,-0.15,9399,2449,35.25
2019-10-01,12015993,419974294,35.4,34.6,34.85,0.0,5355,2449,35.35
2019-10-02,8848861,309559585,35.3,34.4,35.2,0.35,4346,2449,34.75
2019-10-03,14750009,509252855,34.85,34.2,34.55,-0.65,6535,2449,34.2
2019-10-04,9707943,338773205,35.1,34.5,34.95,0.4,4810,2449,34.8
2019-10-07,16962608,608025158,36.45,35.2,35.65,0.7,7898,2449,35.2
2019-10-08,8258788,295375842,36.0,35.5,35.6,-0.05,3940,2449,35.95
2019-10-09,8182035,286114425,35.25,34.75,35.0,-0.6,4312,2449,35.2
2019-10-14,16057500,580537711,36.75,35.5,36.0,1.0,6834,2449,35.55
2019-10-15,9160182,331643499,36.45,36.05,36.05,0.05,4122,2449,36.1
2019-10-16,18531308,674127872,36.9,35.7,36.45,0.4,8495,2449,36.2
2019-10-17,20189241,733368701,37.15,35.6,35.7,-0.75,8655,2449,36.85
2019-10-18,16219721,582188378,36.5,35.55,35.8,0.1,5174,2449,36.1
2019-10-21,9092135,323405360,36.05,35.4,35.7,-0.1,3992,2449,35.9
2019-10-22,9264291,332584328,36.2,35.7,35.7,0.0,3813,2449,35.9
2019-10-23,14893855,542308568,36.7,35.75,36.3,0.6,6532,2449,35.75
2019-10-24,10497783,383481165,36.8,36.2,36.75,0.45,4939,2449,36.6
2019-10-25,7867854,286268049,36.75,36.15,36.2,-0.55,3682,2449,36.7
2019-10-28,31340291,1178776058,38.45,36.25,38.1,1.9,13067,2449,36.25
2019-10-29,27588985,1062379411,39.35,37.55,37.9,-0.2,13223,2449,39.0
2019-10-30,8010778,303812164,38.25,37.55,38.0,0.1,3476,2449,38.0
2019-10-31,9395351,356936274,38.25,37.6,38.25,0.25,4700,2449,38.05
2019-11-01,6822323,257642395,38.05,37.55,37.8,-0.45,3207,2449,38.0
2019-11-04,8296164,314049847,38.3,37.55,37.9,0.1,4565,2449,38.0
2019-11-05,5512315,208136352,38.1,37.6,37.85,-0.05,2907,2449,37.9
2019-11-06,9971974,372351567,37.95,36.75,37.3,-0.55,4801,2449,37.9
2019-11-07,7571072,280396834,37.75,36.75,36.75,-0.55,3689,2449,37.6
2019-11-08,7496990,280056072,37.75,36.85,37.45,0.7,4084,2449,36.85
2019-11-11,19957746,752829115,38.8,36.8,36.85,-0.6,8641,2449,38.45
2019-11-12,40187578,1554367328,39.5,37.2,39.5,2.65,15125,2449,37.3
2019-11-13,16573550,640362881,39.4,38.05,38.8,-0.7,8183,2449,39.4
2019-11-14,16729314,631412006,38.5,37.35,37.5,-1.3,7249,2449,38.45
2019-11-15,6467311,243649758,38.05,37.3,37.35,-0.15,3309,2449,37.85
2019-11-18,8143615,309297223,38.2,37.6,38.2,0.85,3497,2449,37.7
2019-11-19,24661932,948354970,39.4,37.65,37.65,-0.55,10748,2449,38.55
2019-11-20,7587677,286849535,38.1,37.4,38.0,0.35,3451,2449,37.75
2019-11-21,6799189,257562222,38.25,37.55,38.25,0.25,3218,2449,37.6
2019-11-22,4747628,180740020,38.4,37.85,37.95,-0.3,2407,2449,38.25
2019-11-25,5363073,202464991,38.2,37.55,37.7,-0.25,2829,2449,38.0
2019-11-26,8793664,329489828,38.0,37.2,37.2,-0.5,4736,2449,37.85
2019-11-27,7201344,267603078,37.55,37.0,37.0,-0.2,3384,2449,37.45
2019-11-28,5750920,215237155,37.65,37.1,37.5,0.5,2596,2449,37.1
2019-11-29,8831196,326757205,37.55,36.6,36.9,-0.6,3919,2449,37.55
2019-12-02,8150869,296164150,37.1,36.0,36.25,-0.65,4057,2449,36.9
2019-12-03,7972127,287419524,36.4,35.8,36.05,-0.2,3682,2449,35.8
2019-12-04,6692813,241268721,36.35,35.85,36.2,0.15,3238,2449,35.85
2019-12-05,9429585,347484218,37.25,36.3,37.15,0.95,4355,2449,36.4
2019-12-06,9723346,362253312,37.75,37.0,37.2,0.05,4631,2449,37.25
2019-12-09,11461001,433597923,38.2,37.35,37.8,0.6,4711,2449,37.75
2019-12-10,8147218,310082992,38.4,37.45,38.4,0.6,3788,2449,37.8
2019-12-11,8830096,336690598,38.65,37.9,38.05,-0.35,4277,2449,38.6
2019-12-12,11335620,432197057,38.4,37.95,38.05,0.0,3974,2449,38.1
2019-12-13,24184759,930892865,38.9,37.95,38.6,0.55,8813,2449,38.2
2019-12-16,9846332,379791765,38.85,38.0,38.7,0.1,4397,2449,38.8
2019-12-17,11341500,442765850,39.4,38.6,39.0,0.3,5460,2449,38.75
2019-12-18,8536402,330748649,39.15,38.4,38.85,-0.15,4045,2449,38.9
2019-12-19,5583693,217592882,39.25,38.8,38.95,0.1,2630,2449,39.2
2019-12-20,11368093,440713717,39.2,38.45,38.45,-0.5,4637,2449,39.1
2019-12-23,12198764,462088497,38.55,37.5,37.6,-0.85,4822,2449,38.45
2019-12-24,10701563,402215648,37.95,37.2,37.75,0.15,5125,2449,37.85
2019-12-25,2635415,99741169,38.0,37.7,38.0,0.25,1428,2449,37.9
2019-12-26,5563243,208864557,38.05,37.4,37.45,-0.55,2622,2449,38.0
2019-12-27,3403956,127493688,37.65,37.35,37.45,0.0,1824,2449,37.6
2019-12-30,6518726,246476649,38.15,37.4,37.95,0.5,2776,2449,37.55
2019-12-31,4622157,173578434,37.85,37.4,37.55,-0.4,2026,2449,37.6
2020-01-02,9767496,370686288,38.35,37.4,38.2,0.65,4172,2449,37.6
2020-01-03,23307907,883627239,38.65,37.3,37.3,-0.9,8793,2449,38.4
2020-01-06,18959593,688467493,36.95,35.85,36.05,-1.25,8455,2449,36.6
2020-01-07,12450821,453245265,36.9,36.05,36.25,0.2,4974,2449,36.4
2020-01-08,9168973,330498407,36.3,35.65,36.3,0.05,3832,2449,35.95
2020-01-09,8133781,300170897,37.15,36.5,37.0,0.7,4021,2449,36.75
2020-01-10,6129342,226309405,37.35,36.6,36.8,-0.2,2416,2449,37.3
2020-01-13,4847587,180614996,37.4,37.0,37.4,0.6,2456,2449,37.2
2020-01-14,8055163,301467160,37.75,37.15,37.5,0.1,3803,2449,37.5
2020-01-15,8231640,305276330,37.7,36.85,36.9,-0.6,3442,2449,37.7
2020-01-16,5167233,191753533,37.45,36.9,37.1,0.2,2557,2449,37.0
2020-01-17,7937697,291386139,37.25,36.55,36.65,-0.45,3921,2449,36.9
2020-01-20,10439153,379364375,36.55,36.2,36.3,-0.35,4397,2449,36.5
2020-01-30,21388339,717041137,34.25,32.8,32.85,-3.45,9323,2449,34.0
2020-01-31,14084354,460720153,33.6,32.2,32.65,-0.2,6282,2449,32.85
2020-02-03,17652334,555588173,32.65,30.0,32.3,-0.35,8001,2449,31.8
2020-02-04,8066332,263783384,33.1,31.8,32.9,0.6,3475,2449,31.8
2020-02-05,7802807,258247181,33.45,32.6,32.75,-0.15,3799,2449,33.05
2020-02-06,16540200,568727600,35.2,33.4,35.1,2.35,6767,2449,33.55
2020-02-07,12445765,422330169,34.4,33.5,33.8,-1.3,6056,2449,34.3
2020-02-10,5232578,176980657,34.3,32.8,33.95,0.15,2981,2449,33.0
2020-02-11,14734873,515776080,35.6,33.85,35.6,1.65,6226,2449,33.95
2020-02-12,12457672,445453042,36.1,35.2,36.0,0.4,4855,2449,35.6
2020-02-13,9061121,326847714,36.4,35.6,36.0,0.0,3756,2449,36.05
2020-02-14,5365941,193332914,36.25,35.9,35.95,-0.05,2089,2449,36.0
2020-02-17,7301618,258489995,35.85,35.05,35.4,-0.55,3685,2449,35.8
2020-02-18,8327779,290262805,35.4,34.7,34.7,-0.7,4118,2449,34.95
2020-02-19,4666168,161554158,34.85,34.3,34.7,0.0,2369,2449,34.8
2020-02-20,2914816,101629373,35.1,34.65,34.85,0.15,1562,2449,34.95
2020-02-21,3196647,110601560,34.85,34.35,34.4,-0.45,1583,2449,34.7
2020-02-24,4981962,171753170,35.1,33.9,35.1,0.7,2147,2449,34.05
2020-02-25,5912782,203933543,34.9,34.1,34.35,-0.75,2740,2449,34.5
2020-02-26,6434278,218137567,34.05,33.8,33.8,-0.55,3381,2449,33.95
2020-02-27,7269169,241425686,34.05,32.75,32.75,-1.05,3374,2449,34.0
2020-03-02,8731782,280615347,32.6,31.3,32.3,-0.45,4268,2449,31.35
2020-03-03,5837082,196232634,34.0,33.15,33.5,1.2,3009,2449,33.8
2020-03-04,5667281,192214711,34.3,33.1,34.05,0.55,3230,2449,33.4
2020-03-05,4940521,170240186,34.85,34.25,34.25,0.2,2436,2449,34.65
2020-03-06,9506478,327668102,34.8,34.0,34.0,-0.25,4476,2449,34.75
2020-03-09,10001130,333787540,34.25,32.8,32.8,-1.2,4861,2449,33.55
2020-03-10,7270142,241116950,33.6,32.65,33.3,0.5,3186,2449,32.65
2020-03-11,6969669,235189915,34.15,33.3,33.5,0.2,3922,2449,33.45
2020-03-12,13651161,431272602,33.0,30.75,31.1,-2.4,6559,2449,33.0
2020-03-13,17177517,511840508,32.35,28.4,30.4,-0.7,7984,2449,28.5
2020-03-16,17067486,533055705,32.45,30.2,30.5,0.1,8439,2449,30.6
2020-03-17,17193799,523100170,31.4,29.9,30.0,-0.5,7990,2449,30.5
2020-03-18,15930452,493760351,31.75,30.2,30.9,0.9,8131,2449,30.2
2020-03-19,19230576,575897775,31.3,28.45,29.6,-1.3,8831,2449,30.9
2020-03-20,14589114,456809884,31.8,30.7,30.7,1.1,7278,2449,31.5
2020-03-23,13137676,393692505,30.9,28.8,29.6,-1.1,5657,2449,29.9
2020-03-24,10920389,338568668,31.6,30.55,30.85,1.25,5510,2449,30.55
2020-03-25,16062170,505081479,32.3,30.9,30.9,0.05,7954,2449,31.5
2020-03-26,15869630,503663460,32.3,30.85,32.1,1.2,8349,2449,31.35
2020-03-27,16569095,524374308,32.8,30.8,31.0,-1.1,8459,2449,32.7
2020-03-30,6731348,203966156,30.65,29.8,30.4,-0.6,3433,2449,30.15
2020-03-31,8460578,255818101,30.85,30.0,30.25,-0.15,4671,2449,30.8
2020-04-01,4734932,142649380,30.35,29.9,30.15,-0.1,2650,2449,30.35
2020-04-06,9565146,288628844,30.6,29.8,30.15,0.0,4851,2449,30.5
2020-04-07,12580069,390294605,31.7,30.5,31.65,1.5,5722,2449,30.65
2020-04-08,19997373,656038009,33.45,32.1,33.05,1.4,9284,2449,32.3
2020-04-09,15879521,535071397,34.25,33.1,33.5,0.45,7524,2449,33.7
2020-04-10,9806338,330692095,34.3,33.45,33.5,0.0,4655,2449,33.75
2020-04-13,6380427,213998741,33.95,33.05,33.5,0.0,3198,2449,33.55
2020-04-14,9805782,333528446,34.3,33.7,34.15,0.65,4931,2449,33.7
2020-04-15,11342856,392707286,34.95,34.3,34.85,0.7,5545,2449,34.3
2020-04-16,27167615,977194125,36.5,34.65,36.35,1.5,13517,2449,34.85
2020-04-17,27078387,989254307,37.85,35.5,35.6,-0.75,12832,2449,37.5
2020-04-20,11282963,400102781,36.0,35.15,35.35,-0.25,5304,2449,35.8
2020-04-21,18025376,616190137,35.1,33.55,34.0,-1.35,8638,2449,35.1
2020-04-22,7984262,270302307,34.4,33.0,34.35,0.35,3928,2449,33.5
2020-04-23,6446668,221475772,34.75,33.95,34.3,-0.05,3399,2449,34.5
2020-04-24,8471354,293958702,35.2,33.95,35.2,0.9,4585,2449,34.2
2020-04-27,19363353,692590115,36.1,35.3,36.1,0.9,7430,2449,35.75
2020-04-28,9151431,329498620,36.45,35.75,35.8,-0.3,5090,2449,36.25
2020-04-29,6475113,232003338,36.1,35.65,35.75,-0.05,3406,2449,35.85
2020-04-30,10187861,367104096,36.3,35.85,36.0,0.25,4165,2449,36.25
2020-05-04,9567152,336226127,35.5,34.6,35.2,-0.8,4767,2449,35.0
2020-05-05,8874211,315686147,36.0,35.05,35.95,0.75,3800,2449,35.65
2020-05-06,9758554,351202200,36.5,35.3,35.95,0.0,4272,2449,35.7
2020-05-07,15115864,550528140,36.7,36.25,36.35,0.4,6635,2449,36.45
2020-05-08,7339909,266834888,36.8,36.0,36.35,0.0,3546,2449,36.8
2020-05-11,12765401,470201902,37.35,36.4,36.45,0.1,5687,2449,37.0
2020-05-12,9360347,341489606,36.9,36.05,36.2,-0.25,4681,2449,36.5
2020-05-13,6842310,249172287,36.85,36.05,36.6,0.4,3441,2449,36.2
2020-05-14,8040367,292071992,36.75,36.0,36.1,-0.5,4104,2449,36.4
2020-05-15,8706316,311712093,36.65,35.35,35.55,-0.55,4382,2449,36.5
2020-05-18,44539526,1451116337,34.45,32.0,32.0,-3.55,22077,2449,33.5
2020-05-19,42020319,1310264322,32.55,30.5,31.05,-0.95,21098,2449,32.5
2020-05-20,39757144,1212734247,30.95,30.3,30.3,-0.75,19321,2449,30.8
2020-05-21,46274456,1472737560,32.35,31.1,32.3,2.0,21867,2449,31.1
2020-05-22,22698124,721484040,32.1,31.6,31.6,-0.7,11467,2449,32.05
2020-05-25,19391160,601690052,31.8,30.35,31.1,-0.5,10181,2449,31.65
2020-05-26,16965356,529950751,31.45,31.1,31.1,0.0,8161,2449,31.3
2020-05-27,19999748,618983886,31.3,30.8,30.8,-0.3,8336,2449,31.15
2020-05-28,27429862,843088206,31.1,30.5,30.5,-0.3,11899,2449,31.0
2020-05-29,27643503,834829229,30.6,30.0,30.1,-0.4,11866,2449,30.3
2020-06-01,24754194,755989564,31.0,30.25,30.95,0.85,10185,2449,30.35
2020-06-02,21970031,679959057,31.15,30.7,31.1,0.15,9396,2449,31.05
2020-06-03,24196737,760413896,31.7,31.1,31.6,0.5,9496,2449,31.3
2020-06-04,22329216,702504044,31.9,31.15,31.4,-0.2,9767,2449,31.8
2020-06-05,22794296,725981522,32.15,31.4,31.95,0.55,9643,2449,31.5
2020-06-08,40358263,1328733879,33.2,32.5,33.0,1.05,18687,2449,32.9
2020-06-09,21068927,689900486,33.25,32.5,32.75,-0.25,10692,2449,33.1
2020-06-10,13760402,449937281,32.95,32.4,32.9,0.15,6296,2449,32.95
2020-06-11,33130100,1074882400,33.05,31.75,31.8,-1.1,13660,2449,33.0
2020-06-12,18660678,586926639,32.1,30.6,32.0,0.2,8596,2449,30.6
2020-06-15,13025861,415217926,32.3,31.5,31.7,-0.3,5967,2449,32.3
2020-06-16,16159265,521333872,32.45,31.9,32.45,0.75,7019,2449,32.2
2020-06-17,20488590,670939251,33.0,32.3,32.75,0.3,9191,2449,32.7
2020-06-18,15047396,493607595,33.0,32.55,32.75,0.0,7173,2449,32.8
2020-06-19,21025444,693591676,33.2,32.7,33.2,0.45,8233,2449,32.9
2020-06-22,22050168,734590555,33.7,33.0,33.0,-0.2,9075,2449,33.3
2020-06-23,17605550,583366617,33.4,32.75,33.05,0.05,6630,2449,33.3
2020-06-24,26232753,883599316,33.9,33.35,33.6,0.55,10301,2449,33.5
2020-06-29,24894264,835254464,34.0,33.1,33.4,-0.2,10616,2449,33.4
2020-06-30,23017377,782706934,34.45,33.5,34.35,0.95,10325,2449,33.65
2020-07-01,28746894,1003182540,35.2,34.5,34.95,0.6,13297,2449,34.65
2020-07-02,20368969,712884380,35.4,34.55,35.4,0.45,8940,2449,35.05
2020-07-03,44205574,1596771196,36.4,35.65,36.2,0.8,18838,2449,36.35
2020-07-06,33438199,1225177751,37.1,36.2,37.1,0.9,15230,2449,36.25
2020-07-07,50448738,1896663183,38.15,36.65,37.8,0.7,21532,2449,38.0
2020-07-08,43421621,1685661576,39.3,38.05,38.95,1.15,17010,2449,38.2
2020-07-09,42911758,1692892823,39.9,38.5,39.55,0.6,18241,2449,39.9
2020-07-10,44217711,1716608526,39.8,38.1,38.55,-1.0,17578,2449,39.75
2020-07-13,35873429,1297591150,36.8,35.65,36.2,0.0,18023,2449,36.75
2020-07-14,34357877,1206404621,35.9,34.7,34.75,-1.45,17094,2449,35.7
2020-07-15,22729447,783775270,35.25,34.0,34.1,-0.65,11802,2449,34.85
2020-07-16,20116055,693928701,34.95,34.1,34.35,0.25,9246,2449,34.3
2020-07-17,31670319,1103650135,35.4,34.45,34.85,0.5,11823,2449,34.95
2020-07-20,25394672,895728010,35.7,34.8,35.2,0.35,11292,2449,35.45
2020-07-21,21899043,772890671,35.6,35.0,35.45,0.25,8539,2449,35.45
2020-07-22,11593745,411101841,35.6,35.3,35.4,-0.05,6010,2449,35.5
2020-07-23,33727384,1217544345,36.6,35.6,36.45,1.05,14372,2449,35.65
2020-07-24,69906889,2586015881,37.5,36.1,36.75,0.3,34278,2449,36.95
2020-07-27,37268057,1343791217,37.25,35.5,35.5,-1.25,17021,2449,36.85
2020-07-28,27879361,985967182,36.5,34.5,34.8,-0.7,11991,2449,35.5
2020-07-29,11944952,417348712,35.3,34.7,34.85,0.05,5274,2449,34.95
2020-07-30,12517323,439740222,35.45,34.9,35.4,0.55,4991,2449,35.15
2020-07-31,11088943,392386360,35.7,35.15,35.5,0.1,4391,2449,35.55
2020-08-03,17774148,630220228,35.75,35.1,35.45,-0.05,8015,2449,35.6
2020-08-04,22139523,783668411,35.75,35.15,35.3,-0.15,9696,2449,35.6
2020-08-05,36257128,1296143789,36.2,35.5,35.7,0.4,15241,2449,35.6
2020-08-06,23853606,843057391,36.0,35.0,35.05,-0.65,11112,2449,36.0
2020-08-07,20998615,725400394,35.05,34.3,34.45,-0.6,11443,2449,35.05
2020-08-10,45891090,1642710638,36.4,34.8,35.6,1.15,18345,2449,35.05
2020-08-11,19576549,698412560,36.0,35.5,35.65,0.05,8655,2449,35.75
2020-08-12,18867720,673705215,35.9,35.45,35.8,0.15,7335,2449,35.65
2020-08-13,17994154,637482973,36.05,35.05,35.5,-0.3,9195,2449,36.0
2020-08-14,23286755,834027744,36.0,35.5,35.8,0.3,9600,2449,35.65
2020-08-17,20045525,723948311,36.3,35.85,36.1,0.3,8869,2449,36.0
2020-08-18,43513114,1506535422,36.05,34.0,34.45,-1.65,24267,2449,36.0
2020-08-19,41875204,1408524458,34.65,32.8,32.95,-1.5,20026,2449,34.3
2020-08-20,35471629,1124994345,32.55,31.05,31.45,-1.5,15885,2449,32.5
2020-08-21,19024697,607616493,32.3,31.65,31.75,0.3,9036,2449,32.0
2020-08-24,23473566,729197038,31.7,30.85,31.2,-0.55,10303,2449,31.65
2020-08-25,14331832,449401332,31.65,31.1,31.4,0.2,6360,2449,31.25
2020-08-26,15094654,470271147,31.45,31.05,31.2,-0.2,6854,2449,31.4
2020-08-27,17597426,554402219,31.9,31.15,31.45,0.25,8102,2449,31.4
2020-08-28,7460309,233649817,31.5,31.1,31.5,0.05,3644,2449,31.4
2020-08-31,14671538,461404792,31.8,31.2,31.2,-0.3,6331,2449,31.5
2020-09-01,13766219,427198797,31.3,30.8,31.05,-0.15,7151,2449,31.2
2020-09-02,12686531,394477386,31.45,30.9,31.0,-0.05,6230,2449,31.2
2020-09-03,19066719,594133574,31.45,30.9,30.95,-0.05,8701,2449,31.3
2020-09-04,12315642,377827610,31.2,30.15,31.15,0.2,5489,2449,30.5
2020-09-07,13094614,408652555,31.4,30.9,31.4,0.25,5605,2449,31.2
2020-09-08,10109585,317622438,31.7,31.25,31.25,-0.15,4914,2449,31.45
2020-09-09,9248970,286235899,31.3,30.7,31.2,-0.05,4461,2449,31.05
2020-09-10,14509858,448272748,31.4,30.75,30.8,-0.4,7713,2449,31.35
2020-09-11,10411338,318373985,30.8,30.5,30.55,-0.25,4606,2449,30.8
2020-09-14,10354752,319868553,31.05,30.6,31.0,0.45,4210,2449,30.6
2020-09-15,16732877,526732490,31.7,31.05,31.55,0.55,6674,2449,31.15
2020-09-16,12002363,378337315,31.85,31.35,31.35,-0.2,5541,2449,31.75
2020-09-17,10308245,319864958,31.35,30.9,30.95,-0.4,4980,2449,31.35
2020-09-18,8376570,259783706,31.3,30.8,31.3,0.35,3104,2449,31.0
2020-09-21,16429880,504977207,31.3,30.5,30.5,-0.8,6932,2449,31.3
2020-09-22,15077591,454203392,30.4,29.85,30.15,-0.35,6039,2449,30.4
2020-09-23,16767017,500455042,30.35,29.7,29.75,-0.4,7281,2449,30.3
2020-09-24,14893137,445928510,30.25,29.45,29.9,0.15,6623,2449,29.6
2020-09-25,14051648,423320335,30.5,29.9,30.5,0.6,5845,2449,30.2
2020-09-28,10055401,308938144,30.9,30.6,30.65,0.15,4834,2449,30.75
2020-09-29,6202686,188963845,30.8,30.35,30.4,-0.25,3007,2449,30.8
2020-09-30,3934563,120032022,30.65,30.3,30.5,0.1,1725,2449,30.45
2020-10-05,3710331,113386915,30.7,30.4,30.6,0.1,2242,2449,30.45
2020-10-06,7135629,218057291,30.75,30.35,30.45,-0.15,3342,2449,30.75
2020-10-07,9610843,290380652,30.45,30.05,30.1,-0.35,4393,2449,30.35
2020-10-08,14833411,453207828,30.8,30.15,30.75,0.65,5943,2449,30.25
2020-10-12,7165280,220087348,30.95,30.5,30.75,0.0,3041,2449,30.95
2020-10-13,6896670,208677595,30.7,30.1,30.25,-0.5,3326,2449,30.7
2020-10-14,4554324,138602675,30.65,30.3,30.45,0.2,2013,2449,30.3
2020-10-15,5727173,174679326,30.7,30.25,30.55,0.1,2323,2449,30.45
2020-10-16,4779401,145922105,30.75,30.3,30.3,-0.25,2198,2449,30.65
2020-10-19,4718791,143831523,30.6,30.4,30.5,0.2,1707,2449,30.4
2020-10-20,14461117,448195627,31.3,30.65,30.95,0.45,6463,2449,30.7
2020-10-21,6971283,215870473,31.25,30.8,30.9,-0.05,3364,2449,31.2
2020-10-22,9766627,302497474,31.15,30.7,31.15,0.25,2467,2449,30.9
2020-10-23,5157768,160164925,31.2,30.9,31.1,-0.05,2358,2449,31.2
2020-10-26,7081061,218079460,31.2,30.7,30.7,-0.4,3288,2449,31.2
2020-10-27,8125042,246542482,30.45,30.2,30.35,-0.35,3654,2449,30.3
2020-10-28,6410982,194968752,30.6,30.3,30.4,0.05,2607,2449,30.35
2020-10-29,6955374,209507328,30.35,29.9,30.25,-0.15,2864,2449,30.0
2020-10-30,7249252,218134716,30.4,29.95,29.95,-0.3,3023,2449,30.3
2020-11-02,6659778,199583539,30.2,29.8,30.05,0.1,3283,2449,30.15
2020-11-03,4722219,142935208,30.45,30.1,30.25,0.2,2271,2449,30.2
2020-11-04,17059811,528881998,31.35,30.45,31.05,0.8,7576,2449,30.5
2020-11-05,30427479,964487023,31.95,31.15,31.9,0.85,13397,2449,31.4
2020-11-06,26707706,853660407,32.55,31.5,31.85,-0.05,11011,2449,32.4
2020-11-09,13982695,446416425,32.25,31.7,31.95,0.1,6341,2449,32.15
2020-11-10,14573631,466398848,32.2,31.65,32.15,0.2,6197,2449,32.1
2020-11-11,12742820,412363186,32.5,32.1,32.35,0.2,6496,2449,32.15
2020-11-12,10777949,348666635,32.7,32.1,32.15,-0.2,4319,2449,32.6
2020-11-13,6923470,222088833,32.25,31.85,32.15,0.0,3045,2449,32.15
2020-11-16,12841148,417065077,32.6,32.35,32.5,0.35,5064,2449,32.5
2020-11-17,11498286,376245080,33.0,32.5,32.55,0.05,5128,2449,32.75
2020-11-18,8110651,263249933,32.6,32.25,32.5,-0.05,4065,2449,32.55
2020-11-19,6718990,218154371,32.65,32.3,32.35,-0.15,4415,2449,32.5
2020-11-20,7468144,241895680,32.5,32.2,32.5,0.15,3912,2449,32.3
2020-11-23,32623330,1095122728,34.0,32.65,33.9,1.4,13868,2449,32.7
2020-11-24,26660566,905913560,34.6,33.5,33.9,0.0,11771,2449,33.95
2020-11-25,13568669,458410171,34.4,33.35,33.7,-0.2,6452,2449,34.2
2020-11-26,15598740,532711572,34.4,34.0,34.2,0.5,6608,2449,34.1
2020-11-27,22111736,767936444,34.95,34.35,34.9,0.7,10570,2449,34.6
2020-11-30,32064716,1141312194,35.9,35.2,35.4,0.5,13032,2449,35.2
2020-12-01,16673108,590450653,35.85,35.0,35.55,0.15,7707,2449,35.7
2020-12-02,13480712,478140353,35.85,35.3,35.45,-0.1,5648,2449,35.85
2020-12-03,18301108,640941404,35.5,34.65,34.9,-0.55,8195,2449,35.5
2020-12-04,23133772,820889239,35.75,35.05,35.6,0.7,10403,2449,35.05
2020-12-07,27421129,981463364,36.4,35.3,35.95,0.35,11287,2449,36.0
2020-12-08,20811805,747563142,36.25,35.6,35.95,0.0,9205,2449,36.0
2020-12-09,18289068,662289420,36.5,36.0,36.15,0.2,8329,2449,36.1
2020-12-10,17224899,619305249,36.3,35.5,35.8,-0.35,7807,2449,36.3
2020-12-11,17941384,632314879,36.0,34.6,35.35,-0.45,7830,2449,35.85
2020-12-14,7474384,264708178,35.7,35.05,35.45,0.1,3463,2449,35.55
2020-12-15,11044481,385527594,35.6,34.6,34.7,-0.75,5068,2449,35.5
2020-12-16,8421803,295757892,35.3,34.9,35.05,0.35,4338,2449,35.0
2020-12-17,6521390,226736350,35.1,34.65,34.75,-0.3,3224,2449,35.1
2020-12-18,23348330,795366786,34.85,33.8,34.0,-0.75,10519,2449,34.75
2020-12-21,12039255,408728137,34.2,33.6,34.2,0.2,5678,2449,34.0
2020-12-22,10240540,349540481,34.6,33.65,33.65,-0.55,4955,2449,34.2
2020-12-23,10446091,351985941,34.0,33.55,33.55,-0.1,4742,2449,33.7
2020-12-24,8041046,272437629,34.1,33.65,33.7,0.15,3306,2449,33.65
2020-12-25,12228942,420913251,34.7,33.95,34.6,0.9,5813,2449,34.0
2020-12-28,15048775,526748899,35.3,34.7,35.0,0.4,7206,2449,35.3
2020-12-29,9952499,343942327,35.0,34.4,34.45,-0.55,4979,2449,35.0
2020-12-30,4658289,161195097,34.8,34.5,34.6,0.15,2403,2449,34.7
2020-12-31,7446999,258811188,34.95,34.6,34.75,0.15,3004,2449,34.65
2021-01-04,7908385,276100373,35.1,34.8,34.95,0.2,3644,2449,35.0
2021-01-05,9941277,347068554,35.15,34.5,35.1,0.15,5159,2449,34.95
2021-01-06,22754986,798613830,35.6,34.6,34.7,-0.4,9466,2449,35.2
2021-01-07,17349890,614006994,35.65,35.1,35.15,0.45,7852,2449,35.3
2021-01-08,15202717,538507655,35.8,35.25,35.5,0.35,6506,2449,35.75
2021-01-11,16362898,585569114,36.0,35.5,35.95,0.45,7327,2449,35.5
2021-01-12,31706182,1148444070,36.8,35.65,35.75,-0.2,13530,2449,36.1
2021-01-13,26080794,944306538,36.5,35.7,36.4,0.65,10797,2449,36.1
2021-01-14,17762112,647271429,36.7,36.1,36.4,0.0,7517,2449,36.7
2021-01-15,23460402,853249888,36.7,35.8,36.2,-0.2,9060,2449,36.6
2021-01-18,34073755,1249606834,37.15,35.6,37.0,0.8,14785,2449,36.45
2021-01-19,100774331,3909914563,39.75,37.6,38.3,1.3,45110,2449,37.6
2021-01-20,76867440,2979593849,39.6,37.5,39.0,0.7,34160,2449,38.9
2021-01-21,102353692,4069269551,40.9,38.55,39.0,0.0,40868,2449,39.5
2021-01-22,86069624,3479500225,41.25,39.0,41.2,2.2,35100,2449,39.3
2021-01-25,66358460,2711391027,42.55,39.7,40.75,-0.45,28459,2449,41.95
2021-01-26,42765493,1708147375,41.1,39.0,39.15,-1.6,19544,2449,40.7
2021-01-27,22488761,878190965,39.75,38.6,39.1,-0.05,10221,2449,39.65
2021-01-28,26955000,1026200544,38.55,37.65,38.4,-0.7,12737,2449,37.85
2021-01-29,23336882,881623845,39.0,36.95,37.0,-1.4,10885,2449,38.85
2021-02-01,16479166,605451803,37.3,36.1,37.15,0.15,8348,2449,36.7
2021-02-02,12744618,480203769,37.95,37.25,37.8,0.65,5733,2449,37.4
2021-02-03,13283263,495189446,37.85,37.0,37.1,-0.7,6218,2449,37.8
2021-02-04,10555224,389915097,37.4,36.6,36.75,-0.35,5167,2449,37.0
2021-02-05,35417789,1350253305,38.65,36.95,38.5,1.75,16534,2449,37.25
2021-02-17,42366453,1699061711,40.95,39.45,40.0,1.5,20595,2449,40.9
2021-02-18,20584664,827942686,40.6,39.85,40.2,0.2,9828,2449,40.45
2021-02-19,20996610,838495778,40.4,39.55,40.35,0.15,9244,2449,40.0
2021-02-22,23491153,941708638,40.55,39.9,40.1,-0.25,10314,2449,40.35
2021-02-23,24116694,945633437,39.55,38.8,39.25,-0.85,12938,2449,39.55
2021-02-24,20867231,821782363,39.95,39.0,39.0,-0.25,8805,2449,39.15
2021-02-25,46688857,1877351293,40.9,39.3,40.9,1.9,18682,2449,39.75
2021-02-26,32286545,1289096164,40.3,39.75,39.8,-1.1,13658,2449,39.85
2021-03-02,22908385,919711262,40.85,39.3,39.8,0.0,9213,2449,40.3
2021-03-03,21893140,857050613,39.95,38.8,39.25,-0.55,10053,2449,39.8
2021-03-04,15735910,608773776,39.0,38.5,38.6,-0.65,7836,2449,38.85
2021-03-05,10311239,393327713,38.5,37.7,38.35,-0.25,5476,2449,37.95
2021-03-08,12411372,478518885,39.0,38.2,38.3,-0.05,5520,2449,38.85
2021-03-09,16328095,635005272,39.2,38.3,39.2,0.9,7554,2449,38.6
2021-03-10,12710802,500390105,39.65,39.05,39.55,0.35,5602,2449,39.5
2021-03-11,17079547,681736688,40.25,39.5,40.05,0.5,8251,2449,39.8
2021-03-12,15112893,605396473,40.6,39.6,39.9,-0.15,7349,2449,40.4
2021-03-15,32628224,1327922799,41.15,40.2,40.45,0.55,13785,2449,40.25
2021-03-16,20940278,856233225,41.15,40.7,40.85,0.4,9145,2449,40.95
2021-03-17,16743397,684414782,41.4,40.5,40.8,-0.05,8012,2449,41.2
2021-03-18,22246449,916039181,41.4,40.85,41.25,0.45,9979,2449,41.15
2021-03-19,13750174,559881060,41.15,40.55,40.75,-0.5,6666,2449,40.95
2021-03-22,13885930,558897776,40.8,39.85,40.7,-0.05,7438,2449,40.75
2021-03-23,32572848,1335086197,41.8,40.6,41.75,1.05,14623,2449,41.0
2021-03-24,25283704,1040582777,42.0,40.75,40.95,-0.8,12118,2449,41.65
2021-03-25,13510957,550453903,41.4,40.35,40.65,-0.3,5396,2449,40.85
2021-03-26,9478116,387326406,41.15,40.65,40.9,0.25,4542,2449,40.9
2021-03-29,9164581,376536289,41.45,40.9,41.05,0.15,4919,2449,41.25
2021-03-30,16387510,677582548,41.6,41.15,41.55,0.5,7184,2449,41.35
2021-03-31,21038138,875710816,42.15,41.2,41.2,-0.35,9257,2449,41.9
2021-04-01,14631970,610186088,42.0,41.35,41.8,0.6,6880,2449,41.7
2021-04-06,22647307,957359030,42.75,42.0,42.1,0.3,11145,2449,42.4
2021-04-07,17241068,728030749,42.65,41.75,42.65,0.55,8802,2449,42.3
2021-04-08,20768889,895117690,43.5,42.4,43.45,0.8,10642,2449,42.85
2021-04-09,27237366,1206040641,44.9,43.65,44.05,0.6,13897,2449,44.5
2021-04-12,15561158,679133902,44.45,43.3,43.3,-0.75,8325,2449,44.2
2021-04-13,19256799,823674950,43.45,42.1,42.15,-1.15,9016,2449,43.3
2021-04-14,22770655,947959477,42.55,40.6,42.2,0.05,9966,2449,42.3
2021-04-15,28982755,1259905396,44.2,42.25,44.2,2.0,13305,2449,42.6
2021-04-16,21718451,957112927,44.7,43.5,44.15,-0.05,10280,2449,44.55
2021-04-19,11332698,495602413,44.2,43.6,43.65,-0.5,5475,2449,44.2
2021-04-20,10257622,451335523,44.3,43.65,43.9,0.25,5269,2449,43.7
2021-04-21,14384294,634624612,44.35,43.85,44.25,0.35,6502,2449,44.0
2021-04-22,25644047,1134588744,45.35,43.2,43.3,-0.95,11473,2449,44.9
2021-04-23,33682213,1512347796,45.35,43.4,45.35,2.05,15578,2449,43.6
2021-04-26,40021148,1904506731,48.95,46.0,48.3,2.95,19260,2449,46.0
2021-04-27,16788037,803173067,48.3,47.2,48.2,-0.1,8613,2449,48.1
2021-04-28,35182325,1747517697,50.7,48.6,49.1,0.9,18077,2449,49.4
2021-04-29,35197504,1779390252,52.0,49.3,49.5,0.4,16375,2449,50.3
2021-05-03,19238712,953113643,50.4,48.55,49.0,-0.5,10330,2449,49.55
2021-05-04,37767647,1787840649,49.5,45.1,48.15,-0.85,18457,2449,49.0
2021-05-05,22996707,1100863148,49.3,46.5,46.5,-1.65,12121,2449,48.45
2021-05-06,17158368,795723758,47.4,45.4,45.9,-0.6,7793,2449,47.2
2021-05-07,13383539,632547012,48.0,46.15,47.45,1.55,7001,2449,46.85
2021-05-10,22622093,1087769442,49.45,47.2,47.5,0.05,10187,2449,48.0
2021-05-11,19232795,892936042,47.35,45.1,45.8,-1.7,7729,2449,46.9
2021-05-12,28191520,1218020423,45.85,41.25,42.95,-2.85,13870,2449,45.5
2021-05-13,17706055,747934156,43.5,40.3,42.05,-0.9,9079,2449,41.9
2021-05-14,13189752,564790355,44.1,42.05,42.25,0.2,6562,2449,43.5
2021-05-17,16109524,642970980,41.8,38.65,39.45,-2.8,7651,2449,39.1
2021-05-18,15926733,660932728,42.45,40.1,42.15,2.7,8190,2449,40.6
2021-05-19,15348601,630038724,41.95,40.5,41.3,-0.85,7466,2449,41.25
2021-05-20,10706676,433324609,41.15,40.15,40.2,-1.1,5404,2449,40.5
2021-05-21,7876634,318904928,41.2,40.15,40.4,0.2,4150,2449,40.9
2021-05-24,8882335,355939568,40.75,39.75,40.65,0.25,4243,2449,40.2
2021-05-25,14104919,591768709,42.6,41.05,42.05,1.4,6909,2449,41.35
2021-05-26,7303697,308737358,42.95,41.9,42.0,-0.05,3574,2449,42.4
2021-05-27,5683825,237082546,42.15,41.15,41.8,-0.2,2721,2449,42.0
2021-05-28,10503256,448030739,43.15,42.1,42.75,0.95,5194,2449,42.4
2021-05-31,9607824,414075675,43.45,42.7,43.2,0.45,4553,2449,43.2
2021-06-01,9838307,432894464,44.8,43.3,43.75,0.55,5191,2449,43.45
2021-06-02,9984055,431444568,43.9,42.75,43.2,-0.55,4806,2449,43.85
2021-06-03,31309962,1312668445,42.5,41.2,42.2,-1.0,15867,2449,41.8
2021-06-04,29130303,1212079243,42.3,41.0,41.7,-0.5,14084,2449,41.3
2021-06-07,55428246,2297271540,42.5,40.2,42.5,0.8,26193,2449,40.8
2021-06-08,35902703,1491869446,42.2,41.05,42.15,-0.35,17994,2449,41.8
2021-06-09,17280140,724163834,42.35,41.6,41.75,-0.4,7953,2449,41.8
2021-06-10,16780902,709734222,42.85,41.9,42.15,0.4,7490,2449,42.0
2021-06-11,11379390,484699493,42.95,42.2,42.9,0.75,5992,2449,42.5
2021-06-15,19311262,816694071,43.35,41.6,42.25,-0.65,8832,2449,43.35
2021-06-16,10346688,436188234,42.5,41.8,42.1,-0.15,4441,2449,41.95
2021-06-17,9531680,406660894,43.15,42.05,43.15,1.05,4493,2449,42.2
2021-06-18,13224627,564092872,43.35,42.25,42.25,-0.9,5338,2449,43.35
2021-06-21,10288021,429585896,42.45,41.5,41.5,-0.75,5459,2449,42.1
2021-06-22,6754793,281739313,42.1,41.5,41.5,0.0,3340,2449,42.0
2021-06-23,10886878,462225478,43.0,41.65,42.9,1.4,5100,2449,41.75
2021-06-24,7136705,304037632,43.25,42.25,42.4,-0.5,3691,2449,43.25
2021-06-25,6695206,283673512,42.8,42.05,42.15,-0.25,3248,2449,42.55
2021-06-28,4605489,194153405,42.45,41.9,42.25,0.1,2191,2449,42.3
2021-06-29,16081897,689829619,43.35,42.2,42.7,0.45,7193,2449,42.5
2021-06-30,32155830,1425023647,45.0,43.1,44.9,2.2,14495,2449,43.2
2021-07-01,16760685,739310393,44.85,43.7,43.85,-1.05,8240,2449,44.8
2021-07-02,8300246,361019375,43.8,43.25,43.6,-0.25,3935,2449,43.75
2021-07-05,6956247,307767775,44.5,43.75,44.35,0.75,3742,2449,43.85
2021-07-06,7152450,317350448,44.75,44.0,44.4,0.05,4331,2449,44.4
2021-07-07,7897292,347926229,44.6,43.7,44.0,-0.4,4502,2449,44.4
2021-07-08,5774126,253843756,44.45,43.65,43.7,-0.3,3031,2449,44.05
2021-07-09,7449636,326379118,44.3,43.2,43.6,-0.1,3730,2449,43.5
2021-07-12,6206149,273777861,44.4,43.75,44.4,0.8,3275,2449,44.05
2021-07-13,16137019,716911344,45.3,43.65,43.8,-0.6,8504,2449,44.8
2021-07-14,23530478,1064041437,46.45,44.6,44.65,0.85,11888,2449,44.8
2021-07-15,10107806,453202106,45.2,44.55,44.9,0.25,5397,2449,45.1
2021-07-16,14805128,671114778,45.8,44.5,45.4,0.5,6674,2449,44.6
2021-07-19,11397130,520258814,46.1,45.25,45.5,0.1,5479,2449,45.7
2021-07-20,10791411,486966289,45.6,44.7,45.0,-0.5,5541,2449,45.0
2021-07-21,12504417,567070686,45.95,44.8,45.3,0.3,6020,2449,45.95
2021-07-22,39111182,1844065138,48.0,45.75,47.95,2.65,19485,2449,45.85
2021-07-23,30641463,1454504047,48.65,46.65,46.75,-1.2,16175,2449,48.4
2021-07-26,12904785,610890408,47.95,46.65,47.5,0.75,5977,2449,46.75
2021-07-27,12460033,590537312,48.1,46.85,46.85,-0.65,6432,2449,47.7
2021-07-28,13505225,614695713,46.7,43.9,45.5,-1.35,6891,2449,46.5
2021-07-29,6219460,285243870,46.25,45.25,45.95,0.45,3473,2449,46.2
2021-07-30,15298543,720594859,47.95,46.3,46.4,0.45,8105,2449,46.5
2021-08-02,9124218,429795914,47.65,46.7,46.95,0.55,4643,2449,46.8
2021-08-03,28938099,1393126999,48.75,47.8,48.0,1.05,13868,2449,47.8
2021-08-04,18273732,881824885,48.75,47.8,48.2,0.2,8411,2449,48.4
2021-08-05,27616596,1353409597,49.9,48.05,49.9,1.7,12410,2449,48.5
2021-08-06,46271977,2340011370,51.4,49.55,50.3,0.4,24028,2449,50.5
2021-08-09,26328936,1305186166,50.8,48.5,48.55,-1.75,14306,2449,50.2
2021-08-10,18779385,902415105,49.05,47.3,47.85,-0.7,9925,2449,48.55
2021-08-11,17025694,815999646,48.7,47.05,48.0,0.15,8503,2449,47.8
2021-08-12,13672359,654785986,48.4,47.4,47.8,-0.2,6422,2449,47.9
2021-08-13,21607969,995470374,48.0,45.0,45.0,-2.8,11740,2449,48.0
2021-08-16,10372671,466102415,45.65,44.5,44.7,-0.3,4920,2449,45.1
2021-08-17,13705306,603121612,45.25,43.2,43.2,-1.5,7233,2449,45.15
2021-08-18,20537151,907442161,45.25,42.55,45.0,1.8,6857,2449,42.85
2021-08-19,30581079,1277786657,42.4,40.7,40.7,0.0,12508,2449,42.4
2021-08-20,14677569,605376065,41.8,40.65,41.5,0.8,6071,2449,41.35
2021-08-23,14114902,601971218,43.0,42.2,42.7,1.2,6968,2449,42.5
2021-08-24,12826403,551911881,43.8,42.5,43.55,0.85,5094,2449,43.0
2021-08-25,8326690,365527244,44.25,43.2,44.1,0.55,4565,2449,43.55
2021-08-26,16506933,740528390,45.2,44.1,45.15,1.05,7974,2449,44.1
2021-08-27,20662380,947168122,46.65,44.8,45.65,0.5,10771,2449,45.0
2021-08-30,9796474,449381131,46.4,45.35,45.75,0.1,5027,2449,45.85
2021-08-31,9322135,421228031,45.7,44.7,45.6,-0.15,4931,2449,45.65
2021-09-01,10920092,502356367,46.5,45.45,46.4,0.8,5815,2449,45.8
2021-09-02,9970582,454977845,46.45,45.0,45.0,-1.4,5664,2449,46.15
2021-09-03,16364879,754953899,46.6,45.4,46.4,1.4,7366,2449,45.55
2021-09-06,13583223,628586151,47.25,45.7,45.75,-0.65,6297,2449,47.0
2021-09-07,8223045,372707376,46.2,44.9,45.35,-0.4,4750,2449,45.8
2021-09-08,14156666,623969015,45.15,43.55,43.65,-1.7,7649,2449,45.0
2021-09-09,14414437,629726304,44.1,43.4,43.8,0.15,6694,2449,43.6
2021-09-10,6487272,288238292,45.0,43.85,44.85,1.05,3430,2449,43.9
2021-09-13,6681946,297037407,45.15,44.1,44.2,-0.65,4035,2449,44.85
2021-09-14,5391008,236970753,44.5,43.7,43.8,-0.4,3330,2449,44.45
2021-09-15,5341176,232367492,44.15,43.25,43.3,-0.5,3245,2449,43.8
2021-09-16,3696686,160468957,43.85,43.2,43.3,0.0,2122,2449,43.5
2021-09-17,5813399,250739803,43.5,42.8,43.2,-0.1,2994,2449,43.5
2021-09-22,9992469,421522092,42.75,41.8,42.0,-1.2,4922,2449,42.0
2021-09-23,10116412,434277654,43.6,42.5,42.5,0.5,5490,2449,42.55
2021-09-24,7841389,335742928,43.1,42.55,42.55,0.05,3661,2449,42.85
2021-09-27,7515042,317110433,42.75,42.0,42.0,-0.55,3704,2449,42.65
2021-09-28,5244343,218198238,42.0,41.25,41.7,-0.3,2765,2449,41.8
2021-09-29,9503469,388266278,41.1,40.65,40.8,-0.9,4888,2449,41.0
2021-09-30,9921359,402163030,41.1,39.8,40.95,0.15,5382,2449,40.8
2021-10-01,11193769,446661470,40.65,39.5,39.65,-1.3,5612,2449,40.45
2021-10-04,10640397,423329988,40.45,39.3,39.35,-0.3,4654,2449,40.1
2021-10-05,9648277,370650927,39.3,37.55,39.25,-0.1,5461,2449,37.7
2021-10-06,8820344,349135575,40.05,38.85,39.4,0.15,4575,2449,39.45
2021-10-07,7658178,307100754,40.45,39.6,40.1,0.7,3869,2449,39.8
2021-10-08,12500639,491151376,40.1,38.7,38.7,-1.4,6422,2449,40.05
2021-10-12,10558687,401759524,38.65,37.6,37.8,-0.9,5203,2449,38.0
2021-10-13,11159301,414690824,38.15,36.75,36.8,-1.0,5798,2449,37.9
2021-10-14,7959039,293157094,37.4,36.4,37.0,0.2,4621,2449,37.05
2021-10-15,8225233,312737173,38.35,37.5,38.1,1.1,5278,2449,37.6
2021-10-18,5868092,224873643,38.6,37.85,38.35,0.25,3292,2449,38.1
2021-10-19,6090241,236488583,39.1,38.25,39.05,0.7,3874,2449,38.35
2021-10-20,5139224,200604602,39.35,38.8,38.9,-0.15,3200,2449,39.3
2021-10-21,11051551,428703966,39.45,38.55,38.55,-0.35,3267,2449,38.9
2021-10-22,6218233,242849438,39.35,38.75,39.05,0.5,2799,2449,38.9
2021-10-25,3306648,129084533,39.25,38.7,39.15,0.1,1651,2449,38.9
2021-10-26,5426031,214244923,39.75,39.25,39.55,0.4,2614,2449,39.35
2021-10-27,7057902,280123347,39.9,39.35,39.85,0.3,3366,2449,39.4
2021-10-28,5881700,236673126,40.45,39.65,40.4,0.55,3192,2449,39.75
2021-10-29,6966621,277972911,40.8,39.55,39.75,-0.65,3872,2449,40.65
2021-11-01,3975926,158795959,40.1,39.65,40.1,0.35,2069,2449,39.65
2021-11-02,3877201,155279853,40.6,39.7,39.8,-0.3,2141,2449,40.2
2021-11-03,19132602,781592753,41.9,40.15,40.4,0.6,9769,2449,40.75
2021-11-04,11856357,485856521,41.45,40.65,40.8,0.4,5758,2449,40.9
2021-11-05,14713832,608612674,41.85,40.8,41.7,0.9,7040,2449,41.0
2021-11-08,13594031,572419064,42.6,41.8,41.95,0.25,7189,2449,42.1
2021-11-09,8350354,348669282,42.2,41.5,41.85,-0.1,5006,2449,42.2
2021-11-10,8535536,356018685,42.1,41.3,41.95,0.1,4439,2449,41.35
2021-11-11,5904599,245870695,41.8,41.45,41.55,-0.4,3218,2449,41.6
2021-11-12,9779291,411132009,42.35,41.7,42.1,0.55,4753,2449,41.85
2021-11-15,7018935,295904076,42.4,41.9,42.15,0.05,4154,2449,42.3
2021-11-16,14058820,600541642,43.15,42.5,42.7,0.55,6539,2449,42.5
2021-11-17,17640681,766878756,43.75,42.9,43.7,1.0,9245,2449,43.0
2021-11-18,21557724,939128088,44.0,43.4,43.45,-0.25,6442,2449,43.95
2021-11-19,17093395,757130606,44.8,43.8,43.9,0.45,8445,2449,43.95
2021-11-22,10610849,463185375,44.2,43.2,43.35,-0.55,6182,2449,43.95
2021-11-23,12096658,520317882,43.5,42.35,43.5,0.15,5506,2449,43.25
2021-11-24,10505672,450097659,43.65,42.5,42.7,-0.8,6323,2449,43.65
2021-11-25,3944764,169901071,43.3,42.9,42.95,0.25,2544,2449,43.2
2021-11-26,6052766,256022326,42.95,42.0,42.05,-0.9,3429,2449,42.9
2021-11-29,6755624,284040005,42.7,41.2,42.5,0.45,3574,2449,41.5
2021-11-30,13704602,599018111,44.2,43.1,43.6,1.1,6377,2449,43.3
2021-12-01,8800359,385768869,44.1,43.4,43.95,0.35,5629,2449,44.0
2021-12-02,5659420,248151847,44.1,43.5,43.7,-0.25,4783,2449,43.9
2021-12-03,7774174,343525447,44.5,43.8,44.4,0.7,4775,2449,44.0
2021-12-06,8009477,356780818,44.95,43.85,44.95,0.55,5896,2449,44.35
2021-12-07,14708632,666756830,45.75,45.0,45.45,0.5,7698,2449,45.45
2021-12-08,8848746,402095092,45.85,45.05,45.05,-0.4,6562,2449,45.85
2021-12-09,10961179,490046739,45.5,44.15,44.4,-0.65,6366,2449,45.4
2021-12-10,9153629,405369457,44.75,44.05,44.3,-0.1,7366,2449,44.7
2021-12-13,3485821,155284792,44.75,44.4,44.4,0.1,2452,2449,44.45
2021-12-14,3940482,172999554,44.3,43.7,43.7,-0.7,3014,2449,44.3
2021-12-15,5349616,235374784,44.4,43.7,43.75,0.05,3278,2449,44.0
2021-12-16,4580348,202076343,44.35,43.9,44.2,0.45,2678,2449,44.1
2021-12-17,6981068,304231478,44.0,43.35,43.4,-0.8,3896,2449,44.0
2021-12-20,5017410,217369805,43.7,43.0,43.2,-0.2,2985,2449,43.25
2021-12-21,4354413,189125812,43.8,43.2,43.25,0.05,2522,2449,43.25
2021-12-22,5441671,235469628,43.7,43.1,43.2,-0.05,3426,2449,43.5
2021-12-23,7157663,311899849,44.1,43.3,43.55,0.35,3780,2449,43.55
2021-12-24,3462114,151370508,43.9,43.55,43.8,0.25,2104,2449,43.8
2021-12-27,3834151,168838222,44.15,43.8,44.1,0.3,2267,2449,44.0
2021-12-28,5962985,265850665,44.8,44.3,44.6,0.5,3470,2449,44.4
2021-12-29,4298369,191114498,44.7,44.15,44.55,-0.05,2941,2449,44.6
2021-12-30,6028803,269522144,44.9,44.3,44.8,0.25,3166,2449,44.6
2022-01-03,7274021,327363227,45.55,44.55,44.55,-0.25,4139,2449,45.15
2022-01-04,5384888,240319133,44.9,44.45,44.5,-0.05,2834,2449,44.6
2022-01-05,7220332,323377049,45.15,44.4,44.85,0.35,3948,2449,44.8
2022-01-06,5074466,225104537,44.6,44.1,44.25,-0.6,3285,2449,44.55
2022-01-07,17193808,773078759,45.35,44.55,44.65,0.4,8442,2449,44.8
2022-01-10,5792155,257468934,44.95,44.1,44.3,-0.35,4808,2449,44.7
2022-01-11,4826250,215142926,44.85,44.25,44.45,0.15,2645,2449,44.3
2022-01-12,5240698,231457627,44.8,43.8,44.05,-0.4,3323,2449,44.75
2022-01-13,22928598,1034046506,45.5,44.15,45.45,1.4,10077,2449,44.2
2022-01-14,19132455,857994229,46.05,43.9,44.4,-1.05,11766,2449,45.75
2022-01-17,24666627,1139028676,46.9,44.45,46.9,2.5,12913,2449,44.5
2022-01-18,25632011,1209551747,47.75,46.25,47.05,0.15,14340,2449,46.3
2022-01-19,13192666,621645485,47.4,46.1,47.2,0.15,8412,2449,46.1
2022-01-20,12249752,577334062,47.55,46.7,46.7,-0.5,5726,2449,46.75
2022-01-21,11327906,522122250,46.7,45.3,46.1,-0.6,5548,2449,46.45
2022-01-24,11321167,515828333,46.1,44.75,45.85,-0.25,8662,2449,45.7
2022-01-25,7456343,339971411,46.1,45.1,45.3,-0.55,5451,2449,45.25
2022-01-26,5792668,260864552,45.5,44.8,44.8,-0.5,5320,2449,45.2
2022-02-07,11117532,492169677,45.5,43.65,44.05,-0.75,9425,2449,45.5
2022-02-08,13518402,593857920,44.4,43.65,43.9,-0.15,6905,2449,44.2
2022-02-09,10665218,470816193,44.35,44.0,44.15,0.25,5094,2449,44.15
2022-02-10,7137773,318179511,44.8,44.3,44.55,0.4,4450,2449,44.4
2022-02-11,4878823,216551054,44.65,44.15,44.4,-0.15,3248,2449,44.4
2022-02-14,8328577,362119704,44.0,43.2,43.3,-1.1,5492,2449,44.0
2022-02-15,9409377,407595787,43.9,42.7,43.55,0.25,5481,2449,43.05
2022-02-16,7632001,336533812,44.3,43.8,43.8,0.25,5136,2449,43.95
2022-02-17,8528569,377683243,44.7,43.85,44.1,0.3,4454,2449,43.85
2022-02-18,2383371,105070756,44.25,43.6,44.15,0.05,1780,2449,43.65
2022-02-21,3462681,152681590,44.45,43.8,44.05,-0.1,2119,2449,44.05
2022-02-22,6329315,274198918,44.0,43.0,43.1,-0.95,4041,2449,43.9
2022-02-23,2592910,112902282,43.75,43.25,43.6,0.5,1751,2449,43.25
2022-02-24,6927784,297800245,43.55,42.5,42.75,-0.85,4644,2449,43.3
2022-02-25,5764171,250934899,43.75,43.0,43.5,0.75,3624,2449,43.1
2022-03-01,4238154,185358966,43.9,43.3,43.85,0.35,2874,2449,43.6
2022-03-02,3325904,145143241,43.85,43.5,43.6,-0.25,2630,2449,43.75
2022-03-03,3439561,151706888,44.4,43.9,44.1,0.5,2422,2449,43.95
2022-03-04,3294922,144796782,44.2,43.6,43.9,-0.2,1628,2449,43.95
2022-03-07,9985366,424536645,43.75,41.95,41.95,-1.95,7342,2449,43.75
2022-03-08,10240729,424999082,42.15,41.0,41.95,0.0,5790,2449,41.5
2022-03-09,5798350,242709818,42.1,41.6,41.85,-0.1,4475,2449,42.1
2022-03-10,4110996,175089739,42.85,42.35,42.45,0.6,2697,2449,42.55
2022-03-11,4835134,204117878,42.75,41.95,42.0,-0.45,3059,2449,42.5
2022-03-14,4764820,204171789,43.15,42.35,43.05,1.05,2657,2449,42.35
2022-03-15,3388245,143740930,43.05,42.05,42.1,-0.95,2129,2449,43.05
2022-03-16,5281515,222662601,42.85,41.9,42.25,0.15,2870,2449,42.75
2022-03-17,5079610,216125678,43.0,42.35,42.6,0.35,2935,2449,42.7
2022-03-18,3187100,135381764,42.9,42.25,42.45,-0.15,1989,2449,42.8
2022-03-21,2943021,125931508,42.95,42.55,42.85,0.4,1648,2449,42.55
2022-03-22,3532413,151304563,43.05,42.6,43.0,0.15,2251,2449,42.95
2022-03-23,5939864,255951142,43.35,42.85,43.0,0.0,4232,2449,43.3
2022-03-24,5479286,236236932,43.35,42.85,43.35,0.35,4166,2449,42.9
2022-03-25,6615648,285267076,43.65,42.85,43.05,-0.3,3479,2449,43.6
2022-03-28,2712409,116358534,43.25,42.5,43.0,-0.05,1875,2449,42.9
2022-03-29,3548150,152362097,43.15,42.7,42.75,-0.25,1896,2449,43.1
2022-03-30,3758127,161564904,43.1,42.8,42.95,0.2,1967,2449,43.1
2022-03-31,1945788,83484742,43.0,42.8,42.85,-0.1,1051,2449,42.95
2022-04-01,3707930,156511718,42.6,42.1,42.2,-0.65,2445,2449,42.6
2022-04-06,10892353,448166690,42.15,40.8,41.0,-1.2,6785,2449,42.1
2022-04-07,5900968,240349730,41.1,40.35,40.4,-0.6,3519,2449,41.0
2022-04-08,5712521,233988537,41.35,40.7,41.0,0.6,3457,2449,41.2
2022-04-11,7108081,290958653,41.4,40.5,40.6,-0.4,3711,2449,41.4
2022-04-12,5536634,224614671,40.95,40.2,40.8,0.2,2746,2449,40.6
2022-04-13,4195370,172205092,41.45,40.55,41.35,0.55,3012,2449,41.0
2022-04-14,2073871,85577567,41.45,41.1,41.3,-0.05,1512,2449,41.45
2022-04-15,3013859,122995443,41.05,40.65,40.8,-0.5,2014,2449,41.05
2022-04-18,2311201,94222523,41.0,40.3,40.8,0.0,1516,2449,40.8
2022-04-19,1515439,62429072,41.3,40.95,41.25,0.45,1231,2449,40.95
2022-04-20,2868944,118116051,41.4,40.95,41.2,-0.05,1969,2449,41.4
2022-04-21,3428149,141178101,41.45,41.0,41.05,-0.15,1813,2449,41.3
2022-04-22,1834601,75062384,41.1,40.75,40.95,-0.1,1257,2449,40.8
2022-04-25,3967206,159680276,40.45,40.15,40.15,-0.8,2303,2449,40.4
2022-04-26,2865924,115140828,40.55,40.05,40.05,-0.1,1930,2449,40.3
2022-04-27,4320464,170943112,40.2,39.1,40.0,-0.05,3042,2449,39.75
2022-04-28,3696327,150326403,41.0,40.2,40.75,0.75,1838,2449,40.3
2022-04-29,3649354,149240021,41.6,40.45,40.45,-0.3,2424,2449,41.55
2022-05-03,1776571,72331507,40.95,40.45,40.95,0.5,1284,2449,40.5
2022-05-04,3983615,161420830,41.15,40.2,40.3,-0.65,2693,2449,41.05
2022-05-05,6096664,251328702,41.75,40.8,41.45,1.15,2846,2449,40.85
2022-05-06,7845801,326937127,42.1,40.7,41.95,0.5,3967,2449,40.7
2022-05-09,27206991,1172114366,43.95,42.15,42.9,0.95,14733,2449,42.3
2022-05-10,12662062,539108767,43.5,41.35,43.5,0.6,7083,2449,42.25
2022-05-11,8751143,376988714,43.95,42.75,42.95,-0.55,5589,2449,43.6
2022-05-12,8103511,345652698,43.2,42.15,42.3,-0.65,4533,2449,42.95
2022-05-13,5568475,237751931,43.0,42.3,42.85,0.55,3101,2449,42.85
2022-05-16,5759987,249015638,43.75,43.0,43.1,0.25,3651,2449,43.6
2022-05-17,6219162,271185784,43.8,43.2,43.75,0.65,3850,2449,43.45
2022-05-18,8990537,395861383,44.3,43.75,43.9,0.15,5821,2449,44.0
2022-05-19,13176860,583308422,44.65,43.1,44.6,0.7,7851,2449,43.25
2022-05-20,6340874,281199932,44.85,44.1,44.2,-0.4,4040,2449,44.85
2022-05-23,5083887,224091399,44.65,43.7,44.1,-0.1,3621,2449,44.65
2022-05-24,3409655,150723768,44.4,44.05,44.3,0.2,2299,2449,44.4
2022-05-25,7662367,339557881,44.5,44.0,44.3,0.0,4398,2449,44.3
2022-05-26,5199374,229249026,44.65,43.7,43.75,-0.55,3224,2449,44.65
2022-05-27,6007492,265704527,44.5,43.8,44.3,0.55,3256,2449,44.0
2022-05-30,10118009,455463449,45.35,44.45,45.3,1.0,5648,2449,44.95
2022-05-31,8293096,378209555,45.9,45.05,45.85,0.55,4396,2449,45.2
2022-06-01,4061918,185904249,46.0,45.6,45.8,-0.05,2764,2449,45.95
2022-06-02,3999443,181618125,45.6,45.2,45.5,-0.3,2474,2449,45.55
2022-06-06,6013137,275279363,46.1,45.3,45.75,0.25,3426,2449,45.7
2022-06-07,5383237,247269440,46.2,45.7,45.85,0.1,3766,2449,45.85
2022-06-08,5546062,255159005,46.15,45.5,46.1,0.25,3915,2449,46.0
2022-06-09,3545228,163286837,46.2,45.75,46.1,0.0,2035,2449,46.0
2022-06-10,3009767,138586364,46.2,45.55,46.1,0.0,1875,2449,45.75
2022-06-13,7735185,352622366,46.0,45.05,45.75,-0.35,4002,2449,45.25
2022-06-14,8440240,388237911,46.55,45.3,46.45,0.7,5015,2449,45.3
2022-06-15,7487193,344251478,46.6,45.7,45.7,-0.75,4954,2449,46.45
2022-06-16,6287996,290082013,46.6,45.6,45.6,-0.1,3847,2449,46.0
2022-06-17,7406844,332641723,45.3,44.25,45.1,-0.5,3534,2449,44.95
2022-06-20,6996470,309596483,45.3,43.6,43.65,-1.45,4996,2449,45.1
2022-06-21,7013237,314448528,45.05,44.35,44.8,1.15,3234,2449,44.55
2022-06-22,9304328,404985966,44.8,42.9,42.9,-1.9,7362,2449,44.8
2022-06-23,9008204,382277506,43.3,42.0,42.0,-0.9,6166,2449,42.9
2022-06-24,7216944,301202452,42.5,41.15,41.55,-0.45,5660,2449,41.9
2022-06-27,3974714,167634170,42.5,41.95,41.95,0.4,2848,2449,42.5
2022-06-28,4139568,171409557,42.15,41.1,41.4,-0.55,3050,2449,42.15
2022-06-29,4878843,199324535,41.15,40.6,40.8,-0.6,2698,2449,41.1
2022-06-30,9725401,390085674,41.05,39.6,40.0,-0.8,4999,2449,41.0
2022-07-01,8618525,340297015,41.0,38.7,39.85,-0.15,4930,2449,40.05
2022-07-04,9686191,369394424,39.65,37.3,37.3,-2.55,5773,2449,39.35
2022-07-05,5676291,213908054,38.4,37.1,37.8,0.5,4155,2449,38.25
2022-07-06,11714283,428324750,37.8,35.9,35.9,-1.9,6208,2449,37.7
2022-07-07,9853831,362092963,37.6,35.9,36.9,1.0,5142,2449,36.45
2022-07-08,9362175,351605616,37.95,37.25,37.6,0.7,4829,2449,37.75
2022-07-11,12576715,480846413,41.0,37.3,37.6,0.0,5764,2449,41.0
2022-07-12,8295962,302193713,37.45,36.05,36.1,-1.5,4249,2449,37.45
2022-07-13,11613991,421909948,37.0,36.05,36.4,0.3,5375,2449,36.8
2022-07-14,8475302,312601375,37.35,36.0,37.25,0.85,4339,2449,36.25
2022-07-15,8450549,319345230,38.3,37.25,38.0,0.75,4956,2449,37.45
2022-07-18,11320867,440331273,39.2,38.55,39.0,1.0,5266,2449,38.8
2022-07-19,13642380,539311540,40.25,38.6,39.85,0.85,5626,2449,39.0
2022-07-20,19647375,800291457,41.2,40.35,40.6,0.75,8074,2449,40.5
2022-07-21,19660983,744509325,38.4,37.65,38.25,0.0,6668,2449,37.7
2022-07-22,9990420,386306194,40.4,38.3,38.7,0.45,4738,2449,38.8
2022-07-25,4244780,163686425,38.8,38.2,38.5,-0.2,2743,2449,38.7
2022-07-26,5834726,222567677,38.65,37.85,37.9,-0.6,2859,2449,38.65
2022-07-27,5634542,215569678,38.8,37.85,38.75,0.85,3375,2449,37.9
2022-07-28,5339833,208314771,39.3,38.7,39.1,0.35,3164,2449,39.3
2022-07-29,5500845,215151361,39.3,38.8,39.25,0.15,2246,2449,39.2
2022-08-01,3291473,128324890,39.15,38.6,39.15,-0.1,2373,2449,38.95
2022-08-02,6382491,247852690,39.05,38.45,39.05,-0.1,3148,2449,38.8
2022-08-03,6419828,251791919,39.55,38.75,39.45,0.4,3042,2449,38.8
2022-08-04,6284539,248438180,39.8,39.2,39.6,0.15,3635,2449,39.45
2022-08-05,6266000,249934764,40.0,39.65,40.0,0.4,2693,2449,39.8
2022-08-08,11113965,429534012,39.2,38.35,38.7,-1.3,6601,2449,38.9
2022-08-09,17983891,672367597,38.3,37.05,37.25,-1.45,10765,2449,38.25
2022-08-10,10279184,378591853,37.4,36.65,36.65,-0.6,6270,2449,36.7
2022-08-11,9211148,343304999,37.45,37.0,37.2,0.55,4683,2449,37.15
2022-08-12,7980968,300423598,37.85,37.15,37.7,0.5,4290,2449,37.15
2022-08-15,7920653,301766997,38.4,37.8,38.0,0.3,4459,2449,38.0
2022-08-16,8157243,310787041,38.35,37.85,38.05,0.05,5208,2449,38.0
2022-08-17,5511247,209304569,38.3,37.75,37.75,-0.3,3297,2449,38.2
2022-08-18,6147258,230939934,37.8,37.45,37.45,-0.3,3462,2449,37.65
2022-08-19,5854393,223146150,38.3,37.65,38.2,0.75,3001,2449,37.65
2022-08-22,5685514,217864835,38.65,37.95,38.2,0.0,2773,2449,38.1
2022-08-23,7073328,266492224,38.0,37.55,37.6,-0.6,3792,2449,37.95
2022-08-24,5030129,189355823,37.85,37.55,37.55,-0.05,2543,2449,37.65
2022-08-25,4087198,153860276,37.85,37.5,37.6,0.05,2096,2449,37.7
2022-08-26,3829337,145241995,38.1,37.8,37.85,0.25,2278,2449,37.9
2022-08-29,3847513,143128509,37.35,37.05,37.25,-0.6,2390,2449,37.25
2022-08-30,7637408,283153209,37.25,36.95,37.05,-0.2,4094,2449,37.15
2022-08-31,3053347,114023321,37.5,37.1,37.35,0.3,1564,2449,37.15
2022-09-01,6200559,229107132,37.3,36.8,36.8,-0.55,3501,2449,37.2
2022-09-02,6890209,251314012,37.05,36.2,36.4,-0.4,4156,2449,37.0
2022-09-05,5281763,191951967,36.7,36.05,36.2,-0.2,2611,2449,36.45
2022-09-06,8647392,310196919,36.5,35.6,35.75,-0.45,5291,2449,36.4
2022-09-07,6361101,224533491,35.6,34.9,35.4,-0.35,3714,2449,35.5
2022-09-08,4955826,177308102,36.1,35.25,36.0,0.6,3665,2449,35.6
2022-09-12,3227975,117255807,36.6,36.1,36.15,0.15,2225,2449,36.4
2022-09-13,3243438,117544348,36.6,36.05,36.2,0.05,2076,2449,36.4
2022-09-14,4798996,170812999,35.75,35.3,35.6,-0.6,3105,2449,35.5
2022-09-15,4709465,167827686,35.9,35.45,35.45,-0.15,2813,2449,35.65
2022-09-16,15688997,549325358,35.45,34.5,35.45,0.0,6104,2449,35.35
2022-09-19,8125597,285209005,35.3,34.85,35.2,-0.25,3634,2449,35.15
2022-09-20,10031245,350232670,35.5,34.7,34.95,-0.25,4306,2449,35.3
2022-09-21,10914229,379484392,35.0,34.6,34.75,-0.2,4320,2449,35.0
2022-09-22,7671533,264944707,34.7,34.3,34.55,-0.2,3002,2449,34.6
2022-09-23,10112662,344516394,34.45,33.9,33.95,-0.6,5937,2449,34.4
2022-09-26,15320393,494970965,33.5,31.8,31.8,-2.15,8004,2449,33.45
2022-09-27,7492066,237052486,32.1,31.3,31.8,0.0,4297,2449,31.95
2022-09-28,7749837,244055587,32.3,31.1,31.1,-0.7,5070,2449,31.9
2022-09-29,7672335,238741476,31.65,30.7,31.2,0.1,5219,2449,31.5
2022-09-30,8229256,251465601,30.85,30.2,30.8,-0.4,4495,2449,30.5
2022-10-03,7058784,214766199,30.65,30.1,30.55,-0.25,3322,2449,30.55
2022-10-04,6070397,189343738,31.45,30.9,31.3,0.75,3184,2449,30.95
2022-10-05,8786319,282991669,32.55,31.8,32.15,0.85,4997,2449,31.85
2022-10-06,11114046,350402961,32.3,31.25,31.5,-0.65,4779,2449,32.25
2022-10-07,4160074,131006342,31.75,31.2,31.5,0.0,2324,2449,31.4
2022-10-11,9365817,285049959,30.8,30.15,30.3,-1.2,4650,2449,30.8
2022-10-12,7097597,213867731,30.4,29.75,30.2,-0.1,3558,2449,30.25
2022-10-13,5067752,151547999,30.4,29.65,29.7,-0.5,2918,2449,30.3
2022-10-14,7290716,225731010,31.25,30.35,31.15,1.45,3828,2449,30.35
2022-10-17,5953355,182499339,31.0,30.3,30.9,-0.25,3093,2449,30.65
2022-10-18,6662058,209496365,31.8,31.25,31.5,0.6,3833,2449,31.3
2022-10-19,5592622,175417777,31.8,31.0,31.0,-0.5,2998,2449,31.5
2022-10-20,11645994,370061147,32.3,30.65,32.3,1.3,3222,2449,30.9
2022-10-21,5565176,177964016,32.15,31.55,31.65,-0.65,2502,2449,31.9
2022-10-24,3353723,107650330,32.3,31.9,32.0,0.35,2112,2449,32.05
2022-10-25,3130588,99326705,32.4,31.5,31.5,-0.5,1831,2449,32.0
2022-10-26,3745822,119251477,32.0,31.5,31.85,0.35,2040,2449,31.9
2022-10-27,7748469,253448598,32.95,32.05,32.85,1.0,4856,2449,32.05
2022-10-28,4086186,131774192,32.65,32.05,32.05,-0.8,3071,2449,32.65
2022-10-31,6148858,199959653,32.8,32.15,32.7,0.65,2411,2449,32.5
2022-11-01,3356876,110044162,32.95,32.5,32.9,0.2,2421,2449,32.7
2022-11-02,3169281,104928409,33.3,32.75,33.15,0.25,2260,2449,32.95
2022-11-03,3032971,100284164,33.2,32.75,33.1,-0.05,2082,2449,33.05
2022-11-04,3429482,113282655,33.35,32.65,33.2,0.1,2197,2449,33.1
2022-11-07,5332501,178708855,33.8,33.25,33.5,0.3,2860,2449,33.7
2022-11-08,7037425,235802718,33.85,33.1,33.2,-0.3,4128,2449,33.8
2022-11-09,8447907,284629165,34.0,33.5,33.85,0.65,3589,2449,33.5
2022-11-10,4549428,153817460,34.0,33.5,33.95,0.1,2476,2449,33.65
2022-11-11,8381697,289740345,35.2,34.3,34.45,0.5,4473,2449,34.7
2022-11-14,9059973,317502028,35.3,34.65,35.0,0.55,5757,2449,34.8
2022-11-15,6792797,240374882,35.6,34.8,35.45,0.45,3894,2449,35.2
2022-11-16,9079588,325525220,36.2,35.35,35.9,0.45,5511,2449,35.65
2022-11-17,6287820,224367943,35.9,35.35,35.7,-0.2,3631,2449,35.85
2022-11-18,7454172,268345609,36.45,35.65,35.95,0.25,4647,2449,35.7
2022-11-21,3718607,132938047,36.05,35.5,35.55,-0.4,2341,2449,36.0
2022-11-22,5298106,186578376,35.45,35.0,35.2,-0.35,3261,2449,35.45
2022-11-23,2574139,90994493,35.6,35.2,35.25,0.05,1599,2449,35.5
2022-11-24,3063689,108402314,35.6,35.15,35.45,0.2,2061,2449,35.5
2022-11-25,2607551,91873533,35.45,35.05,35.05,-0.4,1739,2449,35.4
2022-11-28,2564194,89936222,35.3,34.75,35.05,0.0,1416,2449,34.9
2022-11-29,2528612,88862855,35.35,34.8,35.25,0.2,1615,2449,35.05
2022-11-30,2990154,106202339,35.7,35.25,35.55,0.3,1789,2449,35.3
2022-12-01,5555482,200835580,36.3,35.9,36.2,0.65,3522,2449,35.95
2022-12-02,5583560,203939285,36.8,36.2,36.4,0.2,3174,2449,36.2
2022-12-05,4700404,170706819,36.65,36.1,36.2,-0.2,3288,2449,36.6
2022-12-06,4883124,175932807,36.5,35.75,35.75,-0.45,2701,2449,36.1
2022-12-07,5537935,195553154,35.75,34.9,35.1,-0.65,3362,2449,35.75
2022-12-08,2666708,93590102,35.4,34.85,35.1,0.0,1809,2449,35.1
2022-12-09,2581009,91470836,35.6,35.15,35.6,0.5,1816,2449,35.2
2022-12-12,3203080,114292011,36.05,35.2,35.95,0.35,2152,2449,35.5
2022-12-13,3276506,118294806,36.35,35.85,36.1,0.15,2410,2449,36.05
2022-12-14,4602841,167466125,36.5,36.0,36.45,0.35,3211,2449,36.25
2022-12-15,5020641,184133241,36.9,36.25,36.85,0.4,3370,2449,36.4
2022-12-16,10674419,392142094,37.15,36.05,37.15,0.3,5656,2449,36.15
2022-12-19,13028586,485892547,37.5,36.5,37.5,0.35,6766,2449,37.0
2022-12-20,12049125,445598500,37.55,36.55,36.65,-0.85,6356,2449,37.4
2022-12-21,8492804,311321617,37.15,36.35,36.5,-0.15,4159,2449,36.8
2022-12-22,7926561,293788840,37.35,36.65,37.05,0.55,3760,2449,36.65
2022-12-23,4505240,163494261,36.8,36.0,36.4,-0.65,3643,2449,36.8
2022-12-26,1301885,47282820,36.45,36.15,36.4,0.0,830,2449,36.4
2022-12-27,1640969,59956757,36.65,36.4,36.55,0.15,1071,2449,36.6
2022-12-28,2710815,97718919,36.4,35.9,36.1,-0.45,1782,2449,36.4
2022-12-29,2750584,98371072,36.2,35.4,35.95,-0.15,2068,2449,35.85
2022-12-30,2868463,104028992,36.4,36.05,36.2,0.25,1740,2449,36.15
2023-01-03,2406713,87534767,36.6,36.0,36.6,0.4,1625,2449,36.3
2023-01-04,1526684,55701439,36.65,36.35,36.4,-0.2,1122,2449,36.5
2023-01-05,1975983,72272768,36.7,36.4,36.55,0.15,1363,2449,36.6
2023-01-06,1949400,71342600,36.7,36.45,36.65,0.1,990,2449,36.6
2023-01-09,3821523,142656215,37.6,36.9,37.45,0.8,2269,2449,37.05
2023-01-10,2226660,83261998,37.65,37.25,37.4,-0.05,1469,2449,37.6
2023-01-11,2643432,98703315,37.5,37.2,37.4,0.0,1483,2449,37.4
2023-01-12,2796424,104094787,37.5,37.1,37.1,-0.3,1716,2449,37.45
2023-01-13,3023367,112283518,37.4,36.95,37.15,0.05,1813,2449,37.3
2023-01-16,1784934,66291492,37.25,36.95,37.2,0.05,1116,2449,37.0
2023-01-17,3100504,115320113,37.35,37.1,37.15,-0.05,1579,2449,37.35
2023-01-30,8950185,338436554,38.1,37.45,37.95,0.8,4161,2449,37.6
2023-01-31,4974970,189676068,38.3,37.9,38.3,0.35,3047,2449,37.95
2023-02-01,5845718,226060492,38.85,38.4,38.75,0.45,3483,2449,38.5
2023-02-02,13905219,552068072,40.1,39.0,39.6,0.85,7017,2449,39.05
2023-02-03,7558819,302541905,40.3,39.3,40.25,0.65,4280,2449,39.6
2023-02-06,3591967,142875968,39.95,39.5,39.8,-0.45,2259,2449,39.95
2023-02-07,4259954,170284466,40.1,39.45,40.1,0.3,2581,2449,39.5
2023-02-08,4150947,167181924,40.45,40.1,40.15,0.05,2706,2449,40.3
2023-02-09,4635311,186243083,40.4,39.95,40.05,-0.1,2385,2449,40.0
2023-02-10,4663744,186243279,40.25,39.65,39.9,-0.15,2600,2449,40.05
2023-02-13,2984088,119696416,40.35,39.8,40.35,0.45,2086,2449,40.0
2023-02-14,2649572,106568457,40.55,40.05,40.2,-0.15,1733,2449,40.45
2023-02-15,7789782,316690892,40.95,40.15,40.9,0.7,4223,2449,40.15
2023-02-16,7243956,296970131,41.4,40.6,40.8,-0.1,4216,2449,41.0
2023-02-17,3551764,143695299,40.6,40.3,40.45,-0.35,2141,2449,40.6
2023-02-20,3038782,123074485,40.65,40.35,40.6,0.15,2013,2449,40.45
2023-02-21,2731604,110942204,40.85,40.3,40.75,0.15,1681,2449,40.6
2023-02-22,4587302,185188710,40.65,40.2,40.55,-0.2,1898,2449,40.65
2023-02-23,10754059,445313171,41.8,40.6,41.5,0.95,5930,2449,40.6
2023-02-24,6055142,253132894,42.0,41.25,41.85,0.35,3680,2449,41.8
2023-03-01,6404555,269483792,42.45,41.4,42.4,0.55,3847,2449,41.75
2023-03-02,4252823,180528708,42.65,42.15,42.45,0.05,2598,2449,42.45
2023-03-03,31641442,1428793401,45.8,44.45,45.2,2.75,16738,2449,44.85
2023-03-06,17653257,813086061,46.5,45.65,46.15,0.95,10442,2449,45.95
2023-03-07,12380079,572263107,46.75,45.7,46.75,0.6,7598,2449,46.35
2023-03-08,15352938,722568641,47.5,46.05,47.45,0.7,10991,2449,46.05
2023-03-09,29605432,1439883265,49.0,47.9,48.9,1.45,16727,2449,48.15
2023-03-10,23904252,1136035000,48.75,46.85,46.95,-1.95,18412,2449,48.75
2023-03-13,18513677,870328318,47.75,46.25,47.75,0.8,10454,2449,46.5
2023-03-14,16097428,768308361,48.2,47.2,47.65,-0.1,9450,2449,47.5
2023-03-15,15683700,764491920,49.2,48.3,48.85,1.2,8636,2449,48.9
2023-03-16,13616043,656967564,48.8,47.7,48.35,-0.5,10018,2449,48.7
2023-03-17,17032956,837468497,49.45,48.8,49.3,0.95,8970,2449,49.25
2023-03-20,14666140,729262568,50.3,49.0,49.55,0.25,9972,2449,49.45
2023-03-21,15116659,748139279,50.5,48.8,49.55,0.0,11403,2449,50.2
2023-03-22,10079396,494859441,49.95,48.85,48.95,-0.6,6769,2449,49.95
2023-03-23,12145542,599907241,49.8,48.8,49.8,0.85,6049,2449,48.9
2023-03-24,6972734,344321475,49.9,49.1,49.2,-0.6,5964,2449,49.85
2023-03-27,7645335,371931625,48.9,48.2,48.9,-0.3,5167,2449,48.85
2023-03-28,6671181,323214459,49.0,48.15,48.5,-0.4,5153,2449,48.95
2023-03-29,8015538,383943334,48.75,47.5,47.7,-0.8,5919,2449,48.5
2023-03-30,7274043,352820153,48.8,47.9,48.7,1.0,4995,2449,47.95
2023-03-31,6813877,332942958,49.3,48.5,48.5,-0.2,4661,2449,49.1
2023-04-06,6410645,311137628,48.85,47.75,48.8,0.3,4344,2449,48.55
2023-04-07,3763960,182950687,49.05,48.4,48.4,-0.4,3432,2449,48.75
2023-04-10,4460207,214470339,48.4,47.8,48.2,-0.2,3132,2449,48.35
2023-04-11,5896632,286248353,48.9,47.9,48.6,0.4,4180,2449,48.2
2023-04-12,3131216,152379283,48.8,48.4,48.6,0.0,2781,2449,48.65
2023-04-13,5649676,271575180,48.55,47.8,47.8,-0.8,4116,2449,48.45
2023-04-14,6819796,324429906,48.1,47.15,47.55,-0.25,4531,2449,47.9
2023-04-17,15879558,742098863,47.8,46.2,46.65,-0.9,9449,2449,47.5
2023-04-18,11824337,546624519,47.0,45.9,46.0,-0.65,6398,2449,46.9
2023-04-19,6929280,319859343,46.5,45.9,46.15,0.15,3907,2449,46.1
2023-04-20,7158157,330489871,46.55,45.95,46.0,-0.15,3867,2449,46.4
2023-04-21,8478408,390880514,46.5,45.9,46.0,0.0,4834,2449,46.0
2023-04-24,9942869,459401198,46.55,45.65,46.2,0.2,5603,2449,45.95
2023-04-25,11609724,526249060,46.1,45.0,45.0,-1.2,6924,2449,46.1
2023-04-26,9374060,422423390,45.5,44.6,45.3,0.3,5258,2449,44.6
2023-04-27,8963462,412023672,46.5,45.1,46.2,0.9,5566,2449,45.55
2023-04-28,10107468,474037635,47.25,46.5,47.0,0.8,4462,2449,46.9
2023-05-02,7511310,350283180,47.1,46.25,46.5,-0.5,4399,2449,47.05
2023-05-03,3242232,150507175,46.7,46.1,46.4,-0.1,1899,2449,46.3
2023-05-04,3670866,171300851,46.9,46.35,46.8,0.4,1976,2449,46.4
2023-05-05,2658242,124421043,46.95,46.55,46.75,-0.05,1703,2449,46.65
2023-05-08,9212457,424701916,47.05,45.7,45.8,-0.95,5454,2449,47.0
2023-05-09,6658538,303167624,45.9,45.25,45.3,-0.5,3652,2449,45.55
2023-05-10,4652220,211092027,45.65,45.15,45.35,0.05,3240,2449,45.25
2023-05-11,5308937,242383364,45.9,45.3,45.5,0.15,3807,2449,45.55
2023-05-12,1893059,86093201,45.8,45.2,45.65,0.15,1480,2449,45.3
2023-05-15,3417868,155930182,46.0,45.4,45.7,0.05,1903,2449,45.45
2023-05-16,3426722,157302934,46.1,45.7,45.75,0.05,2146,2449,45.7
2023-05-17,3233906,149777284,46.55,45.9,46.5,0.75,2168,2449,45.9
2023-05-18,4407814,206571212,47.0,46.7,46.85,0.35,2734,2449,46.8
2023-05-19,5098688,238711751,47.05,46.55,46.8,-0.05,2923,2449,46.95
2023-05-22,3195855,149409951,46.9,46.55,46.8,0.0,1831,2449,46.55
2023-05-23,3502344,164106484,46.95,46.65,46.8,0.0,1992,2449,46.8
2023-05-24,5491993,259545338,47.5,46.8,47.5,0.7,3424,2449,46.8
2023-05-25,7834345,376333231,48.25,47.7,48.05,0.55,5143,2449,48.0
2023-05-26,40623125,2054494527,51.7,48.85,51.1,3.05,23083,2449,48.9
2023-05-29,36655887,1974410648,54.6,53.0,53.7,2.6,22984,2449,54.2
2023-05-30,19463518,1048688027,54.8,53.0,53.9,0.2,11087,2449,54.5
2023-05-31,14876888,799581690,54.3,53.2,54.0,0.1,8517,2449,54.2
2023-06-01,13316457,701715785,53.6,52.2,52.4,-1.6,8859,2449,53.5
2023-06-02,17231678,927237394,54.3,52.5,54.2,1.8,9792,2449,52.5
2023-06-05,12625466,677742168,54.8,52.9,53.2,-1.0,9060,2449,54.6
2023-06-06,11436198,609710040,54.1,52.2,54.0,0.8,7088,2449,52.9
2023-06-07,10268940,554704948,54.3,53.4,54.0,0.0,6936,2449,53.8
2023-06-08,11633287,625575598,54.1,52.9,54.0,0.0,6340,2449,53.5
2023-06-09,12958846,701724396,54.7,53.4,54.3,0.3,6509,2449,54.1
2023-06-12,11334804,617141062,55.2,53.8,54.3,0.0,6497,2449,55.0
2023-06-13,42612817,2436300860,58.2,55.6,57.4,3.1,22064,2449,56.3
2023-06-14,26905531,1552434808,58.8,56.5,57.1,-0.3,15656,2449,57.7
2023-06-15,11858312,674236283,57.5,56.3,57.0,-0.1,7386,2449,57.5
2023-06-16,19846305,1113580479,57.0,55.4,56.5,-0.5,9240,2449,57.0
2023-06-19,6262930,351369014,56.5,55.9,56.0,-0.5,3142,2449,56.0
2023-06-20,4906959,273935963,56.2,55.5,55.8,-0.2,2938,2449,56.1
2023-06-21,11366521,631686791,56.1,54.8,55.9,0.1,6592,2449,55.6
2023-06-26,12672226,723307204,57.5,55.4,57.5,1.6,7687,2449,56.0
2023-06-27,18463977,1059154142,58.2,56.6,57.0,-0.5,10386,2449,57.6
2023-06-28,10828511,618728589,57.7,56.7,57.1,0.1,5002,2449,57.2
2023-06-29,14036473,793758918,57.9,55.4,56.4,-0.7,7865,2449,57.4
2023-06-30,7938109,448809647,57.0,55.8,57.0,0.6,4410,2449,56.4
2023-07-03,20726536,1228478964,60.0,58.0,59.4,2.4,12605,2449,58.3
2023-07-04,26668100,1635904576,62.4,60.2,61.3,1.9,15228,2449,62.3
2023-07-05,15794772,952136198,61.3,59.7,60.0,-1.3,8906,2449,61.3
2023-07-06,16916607,1008732793,60.4,58.9,59.5,-0.5,9803,2449,59.5
2023-07-07,22805604,1365659330,60.8,59.0,59.5,0.0,9177,2449,59.5
2023-07-10,10988233,651684896,60.0,58.8,59.2,-0.3,5831,2449,59.9
2023-07-11,15941484,947349068,59.8,58.8,59.4,0.2,7043,2449,59.6
2023-07-12,34547805,2135700957,62.7,59.7,62.2,2.8,15217,2449,59.7
2023-07-13,55579492,3376261810,62.8,59.4,60.3,0.0,21878,2449,59.5
2023-07-14,22829660,1364697901,61.3,58.5,60.1,-0.2,12109,2449,61.0
2023-07-17,52372841,3396303713,66.1,60.5,65.8,5.7,25595,2449,60.6
2023-07-18,52312787,3393489610,68.5,62.0,63.6,-2.2,30223,2449,66.7
2023-07-19,21318800,1375264632,65.5,63.6,63.9,0.3,12938,2449,64.1
2023-07-20,13328657,842326630,64.2,62.4,63.4,-0.5,8631,2449,63.2
2023-07-21,17164619,1091014722,64.7,62.0,64.7,1.3,10093,2449,62.3
2023-07-24,22037910,1439025494,66.5,64.3,64.8,0.1,15018,2449,65.9
2023-07-25,19223560,1227231917,65.6,63.0,63.0,-1.8,11661,2449,65.4
2023-07-26,13636663,854092643,63.6,62.1,62.3,-0.7,8049,2449,63.6
2023-07-27,12573785,786308360,63.4,61.9,62.5,0.2,7394,2449,63.3
2023-07-28,13223350,836296366,64.0,62.3,64.0,1.5,7096,2449,63.5
2023-07-31,19425832,1237208590,65.2,62.4,63.0,-1.0,11265,2449,64.6
2023-08-01,23872354,1459692701,63.1,60.1,61.6,-1.4,15874,2449,62.9
2023-08-02,17368096,1059256068,62.9,59.7,60.7,-0.9,11149,2449,61.7
2023-08-04,13113091,783270752,60.5,58.7,60.4,-0.3,8570,2449,60.0
2023-08-07,28960700,1842844134,64.9,60.6,64.7,4.3,16415,2449,62.2
2023-08-08,21173800,1372699641,65.5,63.7,65.3,0.6,14031,2449,65.0
2023-08-09,11516942,744723253,65.8,64.0,64.5,-0.8,8664,2449,65.5
2023-08-10,13450062,832262619,64.0,60.7,61.1,-3.4,9843,2449,64.0
2023-08-11,6034084,374424264,62.8,61.3,62.1,1.0,4148,2449,61.7
2023-08-14,6116710,376434006,62.2,60.9,61.5,-0.6,4030,2449,61.7
2023-08-15,12830311,818204676,64.4,62.2,63.8,2.3,8134,2449,62.2
2023-08-16,12413708,800833683,65.0,62.8,65.0,1.2,7925,2449,62.9
2023-08-17,13024615,840267983,65.0,63.7,64.9,-0.1,10160,2449,64.4
2023-08-18,12625365,795618007,65.0,61.7,62.0,-2.9,10781,2449,64.4
2023-08-21,9861148,631505161,64.5,62.8,64.3,2.3,6502,2449,63.0
2023-08-22,52713650,3570076994,69.7,65.2,69.1,4.8,32962,2449,65.3
2023-08-23,89864564,6635142841,76.0,70.0,76.0,6.9,53890,2449,70.7
2023-08-24,95057980,7541822809,83.5,75.6,78.5,2.5,50714,2449,83.5
2023-08-25,66575175,5339877846,82.6,78.8,79.5,1.0,39244,2449,79.0
2023-08-28,42364850,3260310751,81.8,74.1,75.4,-4.1,27708,2449,81.2
2023-08-29,24023850,1807886359,76.7,73.7,75.1,-0.3,17291,2449,76.0
2023-08-30,28586451,2218312241,78.8,76.3,77.2,2.1,20356,2449,77.6
2023-08-31,18277345,1402484722,77.8,75.8,76.8,-0.4,11504,2449,76.8
2023-09-01,12824247,977228956,77.4,75.3,75.8,-1.0,7946,2449,77.2
2023-09-04,13928305,1072335377,77.9,75.3,77.9,2.1,9189,2449,75.6
2023-09-05,15532747,1200691357,78.4,75.6,78.2,0.3,9984,2449,77.5
2023-09-06,17019415,1344714750,79.8,77.9,79.8,1.6,11198,2449,78.7
2023-09-07,18964423,1505477830,80.7,77.6,78.9,-0.9,13048,2449,78.6
2023-09-08,8356541,657470616,79.4,77.7,79.0,0.1,6633,2449,78.4
2023-09-11,12387666,958556092,79.0,76.2,76.9,-2.1,8819,2449,79.0
2023-09-12,10872792,845716857,78.8,76.2,78.1,1.2,6876,2449,76.6
2023-09-13,11043335,850034588,78.3,76.1,76.8,-1.3,8401,2449,77.6
2023-09-14,16591097,1295453993,79.7,77.0,78.0,1.2,10761,2449,77.5
2023-09-15,30126793,2421950898,81.4,77.7,80.9,2.9,17404,2449,77.9
2023-09-18,16494479,1315016524,80.6,78.6,79.6,-1.3,11216,2449,80.1
2023-09-19,24680623,2000495036,82.4,78.7,81.0,1.4,15454,2449,79.4
2023-09-20,44113507,3497922928,83.0,76.3,76.8,-4.2,29651,2449,82.2
2023-09-21,32067309,2376285128,75.7,73.1,74.6,-2.2,19017,2449,75.7
2023-09-22,25690981,1966612928,77.5,73.8,77.5,2.9,16794,2449,74.1
2023-09-25,13834419,1079873455,79.0,77.5,77.6,0.1,10033,2449,78.2
2023-09-26,9246919,718275824,78.8,76.7,77.1,-0.5,6753,2449,78.3
2023-09-27,10667377,820470537,77.6,76.2,77.6,0.5,7861,2449,76.6
2023-09-28,17598095,1348292489,78.5,75.6,76.0,-1.6,10391,2449,77.6
2023-10-02,11397487,889760383,78.8,76.8,78.8,2.8,7472,2449,77.4
2023-10-03,8413189,660321117,79.3,78.1,78.1,-0.7,6208,2449,78.5
2023-10-04,11851907,907385690,77.7,75.4,76.7,-1.4,8861,2449,75.7
2023-10-05,8897750,695308598,78.7,77.3,78.5,1.8,5820,2449,77.6
2023-10-06,10238523,802137449,79.8,77.4,77.7,-0.8,7949,2449,79.5
2023-10-11,23632121,1885403303,80.5,78.0,80.2,2.5,12971,2449,79.0
2023-10-12,16906056,1364277711,81.5,79.6,81.0,0.8,11314,2449,81.2
2023-10-13,18963049,1555872383,84.0,79.2,83.1,2.1,16601,2449,80.6
2023-10-16,14893470,1213958314,83.0,80.3,81.8,-1.3,13766,2449,82.9
2023-10-17,23944164,2002030848,85.1,82.0,82.8,1.0,16264,2449,82.7
2023-10-18,24504300,1996178081,83.7,80.6,81.5,-1.3,10575,2449,82.9
2023-10-19,22889525,1916804753,85.1,80.6,84.9,3.4,15749,2449,80.6
2023-10-20,55419764,4768520785,91.2,83.6,86.3,1.4,33208,2449,84.8
2023-10-23,21953950,1849042693,86.6,82.7,82.7,-3.6,15128,2449,85.8
2023-10-24,20404894,1707136311,85.7,82.2,83.1,0.4,13543,2449,83.3
2023-10-25,9845918,815300929,84.3,82.0,82.0,-1.1,7781,2449,83.6
2023-10-26,20925112,1665944211,80.9,78.2,79.6,-2.4,13438,2449,80.2
2023-10-27,15847268,1237287516,79.9,77.1,77.4,-2.2,10629,2449,79.9
2023-10-30,10122575,799941728,79.7,77.4,79.5,2.1,7488,2449,77.7
2023-10-31,13927057,1082050209,80.3,76.1,76.3,-3.2,10420,2449,80.2
2023-11-01,9072628,692314815,77.4,75.6,76.4,0.1,6243,2449,76.9
2023-11-02,12264451,972327407,80.2,77.6,79.7,3.3,7408,2449,77.7
2023-11-03,12824911,1032802684,81.7,78.9,80.7,1.0,9897,2449,80.5
2023-11-06,23222211,1930677163,84.2,81.5,83.4,2.7,14715,2449,81.5
2023-11-07,10527130,869971949,83.4,82.1,82.7,-0.7,10718,2449,83.4
2023-11-08,10946944,912963106,84.0,82.0,83.3,0.6,6909,2449,83.2
2023-11-09,8946636,747927304,84.6,82.9,83.8,0.5,7160,2449,83.9
2023-11-10,5007675,412082969,83.4,81.6,81.9,-1.9,4146,2449,83.4
2023-11-13,27068324,2330932273,87.4,83.2,86.7,4.8,18064,2449,83.3
2023-11-14,20084383,1769077636,88.9,86.8,88.0,1.3,16609,2449,87.4
2023-11-15,29950371,2563647292,90.0,83.8,83.8,-4.2,26709,2449,90.0
2023-11-16,6734371,566109551,84.6,83.3,84.2,0.4,4405,2449,84.1
2023-11-17,7429711,632493077,85.5,84.2,85.1,0.9,4837,2449,84.2
2023-11-20,10049410,836597202,84.7,82.6,83.1,-2.0,7819,2449,84.7
2023-11-21,10007014,833360716,84.4,82.6,82.7,-0.4,6998,2449,84.0
2023-11-22,8603502,703986855,82.8,81.1,81.6,-1.1,6478,2449,82.8
2023-11-23,6623900,544275964,83.5,81.5,82.1,0.5,4597,2449,82.1
2023-11-24,5134069,418449649,82.5,80.8,81.5,-0.6,3784,2449,82.5
2023-11-27,5589532,454102031,82.3,80.6,80.8,-0.7,4436,2449,81.5
2023-11-28,7588624,626494868,83.3,81.1,83.0,2.2,5516,2449,81.2
2023-11-29,10464165,859816848,83.9,81.4,81.4,-1.6,8168,2449,83.0
2023-11-30,11624036,957458618,82.9,80.8,82.8,1.4,6566,2449,81.6
2023-12-01,6517342,536751619,83.0,81.6,82.8,0.0,5034,2449,83.0
2023-12-04,9908395,832096640,84.8,83.0,84.2,1.4,7129,2449,83.4
2023-12-05,9924287,826501738,84.7,82.3,83.1,-1.1,8489,2449,83.8
2023-12-06,13879191,1184000165,86.6,83.4,86.5,3.4,9752,2449,83.7
2023-12-07,8341191,712793810,86.1,84.8,85.5,-1.0,6712,2449,84.9
2023-12-08,13284082,1116738517,86.8,83.2,83.3,-2.2,18132,2449,86.3
2023-12-11,8017824,663916212,83.7,81.1,83.2,-0.1,4745,2449,81.2
2023-12-12,14780458,1260751170,86.0,83.5,85.9,2.7,8717,2449,83.5
2023-12-13,21284237,1876508251,89.5,86.2,89.5,3.6,14624,2449,86.6
2023-12-14,37706286,3549133672,95.6,91.9,93.5,4.0,34511,2449,92.0
2023-12-15,21843608,1984474568,95.0,89.0,89.0,-4.5,17836,2449,94.4
2023-12-18,16979972,1463198642,89.0,85.3,85.4,-3.6,10611,2449,89.0
2023-12-19,14369517,1222881339,87.3,84.0,84.2,-1.2,8749,2449,85.7
2023-12-20,9355183,800861874,86.2,84.8,85.4,1.2,5515,2449,85.5
2023-12-21,10348984,866104294,84.7,83.2,83.4,-2.0,7044,2449,84.6
2023-12-22,9406255,786874493,85.3,82.9,83.6,0.2,6111,2449,84.3
2023-12-25,7722124,642878924,84.0,82.9,83.5,-0.1,5553,2449,84.0
2023-12-26,8275691,693089844,84.2,83.1,83.6,0.1,5354,2449,83.8
2023-12-27,9810900,835064085,86.0,83.8,85.7,2.1,6805,2449,84.5
2023-12-28,9494222,817282137,87.6,84.9,84.9,-0.8,7017,2449,86.0
2023-12-29,4787010,406693324,85.5,84.4,84.9,0.0,4709,2449,85.3
2024-01-02,8597038,726394062,85.6,84.0,84.0,-0.9,4547,2449,85.1
2024-01-03,8115805,675675651,83.9,82.4,83.5,-0.5,5502,2449,83.6
2024-01-04,13413104,1105585585,84.1,81.4,83.1,-0.4,9183,2449,83.5
2024-01-05,6898932,571597385,83.8,82.3,82.9,-0.2,4374,2449,83.6
2024-01-08,13261666,1084405210,83.6,80.6,81.6,-1.3,8512,2449,83.5
2024-01-09,7403578,607987841,82.8,81.5,82.1,0.5,5273,2449,82.4
2024-01-10,7867717,639527647,82.4,80.6,81.8,-0.3,5524,2449,82.0
2024-01-11,29877010,2349009695,81.9,77.7,78.0,-3.8,18428,2449,81.8
2024-01-12,38138186,2896274672,77.3,75.0,75.6,-2.4,20531,2449,77.0
2024-01-15,14932667,1147617633,78.0,75.6,77.7,2.1,9643,2449,76.5
2024-01-16,16616700,1302894113,79.0,77.6,78.6,0.9,9675,2449,78.2
2024-01-17,16440592,1284562658,79.5,77.0,77.2,-1.4,10311,2449,79.1
2024-01-18,20553834,1640910930,80.5,78.7,79.7,2.5,12513,2449,79.1
2024-01-19,20044828,1633686692,82.9,80.3,81.3,1.6,13741,2449,82.4
2024-01-22,19797625,1651898365,84.2,82.1,84.1,2.8,12119,2449,82.2
2024-01-23,11234628,930657155,84.6,82.1,82.1,-2.0,9498,2449,84.6
2024-01-24,7475509,616310333,83.2,81.7,82.1,0.0,5092,2449,82.2
2024-01-25,8194835,678382675,83.4,82.2,82.2,0.1,5297,2449,82.5
2024-01-26,8595761,707945777,83.1,80.4,82.9,0.7,5940,2449,82.0
2024-01-29,5784943,481451314,83.8,82.2,83.8,0.9,3561,2449,82.9
2024-01-30,6716060,563711762,84.2,83.5,84.0,0.2,4193,2449,84.2
2024-01-31,6130244,515442111,84.4,83.7,84.0,0.0,4778,2449,84.3
2024-02-01,6810871,566004174,84.0,82.4,82.7,-1.3,11286,2449,83.8
2024-02-02,5041141,415535627,83.6,81.7,82.2,-0.5,3632,2449,83.1
2024-02-05,6693549,550049087,82.7,81.3,82.2,0.0,4220,2449,82.2
2024-02-15,23901001,2035415952,86.2,83.0,85.4,3.2,13094,2449,83.3
2024-02-16,29763304,2662296372,90.7,86.9,90.0,4.6,19592,2449,87.6
2024-02-19,12857424,1134973695,89.8,87.3,87.7,-2.3,10269,2449,89.3
2024-02-20,9890072,860900919,88.2,86.2,87.5,-0.2,7718,2449,87.5
2024-02-21,6487409,566158135,87.9,86.8,87.5,0.0,5093,2449,87.6
2024-02-22,33750277,3081277927,93.5,88.8,93.5,6.0,19460,2449,90.0
2024-02-23,55986775,5416612389,99.8,93.7,94.8,1.3,38304,2449,95.5
2024-02-26,26217145,2373914032,94.0,89.3,89.5,-5.3,22734,2449,94.0
2024-02-27,14244237,1277401010,91.0,88.2,89.5,0.0,9125,2449,89.5
2024-02-29,14135246,1256632635,90.0,87.6,88.8,-0.7,8075,2449,88.7
2024-03-01,14008118,1270603741,92.3,89.1,89.5,0.7,9082,2449,90.5
2024-03-04,25234321,2384030885,96.7,91.2,96.0,6.5,19027,2449,92.4
2024-03-05,27054025,2606381434,97.7,94.2,97.4,1.4,19946,2449,97.1
2024-03-06,38939124,3969031533,106.5,94.4,106.0,8.6,28939,2449,95.7
2024-03-07,55224014,6226940622,116.5,108.5,116.5,10.5,36415,2449,110.5
2024-03-08,71575787,8245603821,123.0,108.5,111.0,-5.5,43027,2449,120.0
2024-03-11,21159770,2283008645,112.0,106.5,108.0,-3.0,14367,2449,111.5
2024-03-12,14357457,1569854592,111.5,106.5,109.5,1.5,9755,2449,107.0
2024-03-13,20784708,2234629734,110.0,105.5,108.5,-1.0,10787,2449,109.0
2024-03-14,14618740,1536589420,107.5,103.5,104.5,-4.0,9072,2449,106.0
2024-03-15,16168944,1719712069,108.0,102.5,107.5,3.0,8726,2449,103.5
2024-03-18,39361229,4338193519,112.0,108.0,111.0,3.5,20798,2449,110.5
2024-03-19,22733145,2487567893,111.0,108.0,109.0,-2.0,12027,2449,110.0
2024-03-20,33282887,3675277549,115.0,107.0,107.5,-1.5,20503,2449,110.0
2024-03-21,19930349,2139434824,109.0,105.0,108.5,1.0,12334,2449,108.0
2024-03-22,44780053,5029518728,116.0,109.0,109.5,1.0,24196,2449,112.0
2024-03-25,18783125,2063992459,112.5,108.5,108.5,-1.0,9904,2449,110.5
2024-03-26,13620070,1448727919,109.0,104.0,105.5,-3.0,8704,2449,108.5
2024-03-27,9124171,970707045,107.5,105.5,106.0,0.5,5530,2449,106.5
2024-03-28,10287984,1095699234,108.0,104.5,106.0,0.0,5417,2449,106.5
2024-03-29,5874188,619135330,107.0,104.5,105.5,-0.5,4677,2449,107.0
2024-04-01,9607455,997686712,106.0,102.5,103.0,-2.5,6998,2449,105.5
2024-04-02,11972681,1276328303,108.0,103.5,107.0,4.0,7629,2449,103.5
2024-04-03,9403513,1004334734,108.0,105.5,106.5,-0.5,6464,2449,108.0
2024-04-08,10041204,1071297708,109.5,105.0,106.5,0.0,6524,2449,107.0
2024-04-09,13644068,1450650501,108.5,105.0,106.5,0.0,7235,2449,105.5
2024-04-10,12419029,1328671801,109.0,106.0,106.0,-0.5,6719,2449,107.0
2024-04-11,11866788,1245161184,107.5,103.5,106.0,0.0,7125,2449,106.0
2024-04-12,11311936,1218211144,109.5,106.5,107.0,1.0,7174,2449,106.5
2024-04-15,13481050,1415106047,106.0,104.0,104.5,-2.5,7306,2449,106.0
2024-04-16,20722076,2078792564,103.5,98.6,99.7,-4.8,12400,2449,103.5
2024-04-17,9352778,957989565,103.5,100.0,102.5,2.8,5868,2449,100.0
2024-04-18,8025957,818196116,103.0,100.0,102.0,-0.5,4230,2449,101.0
2024-04-19,21094915,2093980439,101.5,95.7,99.0,-3.0,11191,2449,100.0
2024-04-22,12763418,1232784069,98.4,95.4,96.0,-3.0,8282,2449,98.3
2024-04-23,26877625,2482138047,97.9,89.9,92.3,-3.7,18058,2449,97.1
2024-04-24,14926967,1430520629,97.4,94.6,96.1,3.8,10072,2449,94.8
2024-04-25,12610436,1196688816,96.5,93.0,95.5,-0.6,9575,2449,95.0
2024-04-26,0,0,,,,0.0,0,2449,
2024-04-29,50649270,5180631380,105.0,98.0,98.9,0.0,26512,2449,104.0
2024-04-30,24037776,2336832970,101.0,95.6,95.8,-3.1,16703,2449,100.0
2024-05-02,11833945,1115542861,95.0,93.3,94.9,-0.9,7750,2449,94.6
2024-05-03,9546639,905833505,96.5,93.3,93.5,-1.4,8093,2449,96.5
2024-05-06,56358224,4866106450,91.0,84.3,87.0,-6.5,40209,2449,90.9
2024-05-07,25007410,2180689855,89.0,86.3,87.5,0.5,15506,2449,87.2
2024-05-08,14181072,1241523956,88.5,86.4,87.6,0.1,9677,2449,87.3
2024-05-09,20654321,1770413028,88.1,85.0,85.0,-2.6,14119,2449,87.7
2024-05-10,15821158,1356234917,86.8,84.6,86.0,1.0,9760,2449,85.4
2024-05-13,13591140,1159823046,87.0,84.5,85.4,-0.6,10208,2449,87.0
2024-05-14,9135110,778413260,85.9,84.6,85.3,-0.1,6368,2449,85.4
2024-05-15,18006248,1487270404,86.4,84.5,84.5,-0.8,9557,2449,85.9
2024-05-16,16332184,1415842864,87.4,85.1,86.8,2.3,10076,2449,85.1
2024-05-17,27288493,2416223598,89.9,87.3,88.8,2.0,17379,2449,87.6
2024-05-20,26434225,2384740321,91.6,88.8,88.9,0.1,16890,2449,90.7
2024-05-21,12878553,1161989217,91.3,89.2,90.4,1.5,9488,2449,89.5
2024-05-22,14481665,1307844427,91.9,89.7,90.2,-0.2,9759,2449,91.3
2024-05-23,19008841,1700531536,92.0,88.0,88.2,-2.0,13126,2449,91.4
2024-05-24,8321238,735139557,89.2,87.1,88.4,0.2,6357,2449,88.2
2024-05-27,12332572,1115205632,91.1,89.2,90.9,2.5,8300,2449,89.4
2024-05-28,11683423,1056682305,91.5,89.9,90.0,-0.9,7999,2449,91.5
2024-05-29,18426628,1679644537,91.8,90.5,90.7,0.7,10651,2449,91.0
2024-05-30,13702160,1243553768,91.7,89.6,90.4,-0.3,11236,2449,90.2
2024-05-31,23782143,2121975609,90.8,88.2,88.2,-2.2,15247,2449,90.5
2024-06-03,24056702,2185222084,92.5,89.6,90.7,2.5,15958,2449,90.1
2024-06-04,18393659,1679042758,92.4,90.4,90.6,-0.1,13270,2449,90.6
2024-06-05,14386212,1292181181,91.6,89.2,89.2,-1.4,9229,2449,91.5
2024-06-06,11799323,1055170723,90.5,88.6,89.4,0.2,8153,2449,90.1
2024-06-07,10732666,956813755,89.8,88.6,88.9,-0.5,7244,2449,89.7
2024-06-11,21991099,1911450155,88.9,85.4,87.4,-1.5,11745,2449,88.4
2024-06-12,9659592,847233346,88.6,87.4,87.7,0.3,4978,2449,87.8
2024-06-13,40268085,3742935050,96.3,88.2,94.7,7.0,23268,2449,89.1
2024-06-14,39973115,3834745823,97.9,94.1,95.9,1.2,26029,2449,94.9
2024-06-17,54649815,5535765971,104.5,98.6,99.5,3.6,31958,2449,100.0
2024-06-18,44412540,4582499890,105.0,101.0,104.5,5.0,22264,2449,102.0
2024-06-19,57383993,6203934506,110.5,103.0,109.0,4.5,28820,2449,105.0
2024-06-20,47500966,5316141831,115.0,109.0,112.0,3.0,28979,2449,110.5
2024-06-21,38761860,4279834843,113.0,106.5,112.0,0.0,21488,2449,109.5
2024-06-24,82539709,9753197292,122.0,113.5,115.0,3.0,43369,2449,113.5
2024-06-25,47176235,5382377308,118.0,109.0,117.5,2.5,30284,2449,114.0
2024-06-26,57772849,6890440949,123.0,117.0,118.0,0.5,34042,2449,118.5
2024-06-27,24958448,2960886566,120.0,115.5,120.0,2.0,14729,2449,117.0
2024-06-28,24058477,2874345136,121.0,118.0,119.0,-1.0,11602,2449,119.5
2024-07-01,29207953,3413985753,120.0,115.0,116.5,-2.5,14088,2449,118.5
2024-07-02,56616776,6281979841,116.5,108.0,111.5,-5.0,25485,2449,116.5
2024-07-03,40177837,4659659506,118.0,113.0,117.5,6.0,18841,2449,113.5
2024-07-04,33950977,4052143628,121.5,117.0,119.5,2.0,18045,2449,119.5
2024-07-05,16208085,1939840448,121.0,117.5,121.0,1.5,9830,2449,120.0
2024-07-08,44623539,5728768561,133.0,119.0,133.0,12.0,24744,2449,121.5
2024-07-09,86304381,11626581666,139.0,131.0,131.5,-1.5,48771,2449,136.5
2024-07-10,35741831,4792990752,137.0,130.0,135.0,3.5,20634,2449,131.0
2024-07-11,28612081,3811747773,136.5,130.0,131.0,-4.0,17693,2449,136.5
2024-07-12,35402158,4469568576,129.0,124.5,127.5,-3.5,19102,2449,127.0
2024-07-15,26511147,3390485450,130.5,124.0,128.5,1.0,16417,2449,128.0
2024-07-16,38224166,4926639931,132.0,125.5,129.0,0.0,20258,2449,126.5
2024-07-17,48404017,6077334426,130.0,120.0,127.5,-1.5,31186,2449,129.5
2024-07-18,41993348,5014693668,124.0,116.0,119.0,-8.5,26204,2449,119.5
2024-07-19,27754825,3361501651,123.0,118.5,119.5,0.5,15425,2449,119.0
2024-07-22,36256034,4116861290,120.0,110.5,112.0,-7.5,18885,2449,120.0
2024-07-23,22779425,2570654009,115.5,111.0,112.5,0.5,14831,2449,115.5
2024-07-26,27907354,3002430520,111.0,102.0,108.5,-4.0,15234,2449,104.0
2024-07-29,22452323,2418636148,111.0,105.0,105.5,-3.0,12600,2449,110.0
2024-07-30,18070698,1900443378,107.5,103.0,106.5,1.0,9880,2449,104.0
2024-07-31,14723513,1560404312,108.0,104.5,105.0,-1.5,7767,2449,105.0
2024-08-01,38408071,4326234856,115.0,108.5,113.0,8.0,17951,2449,110.0
2024-08-02,28458877,2997479425,108.5,102.5,103.5,-9.5,20649,2449,107.0
2024-08-05,32062445,3019230480,97.5,93.2,93.7,-9.8,18172,2449,94.8
2024-08-06,31125468,2969248822,98.5,89.1,97.4,3.7,19704,2449,97.5
2024-08-07,46642760,4820669380,107.0,96.6,102.5,5.1,25640,2449,98.0
2024-08-08,24892855,2563008220,106.0,98.6,103.5,1.0,16107,2449,100.0
2024-08-09,32310903,3625858412,113.5,108.5,113.5,10.0,17023,2449,113.0
2024-08-12,61725228,7234582031,120.5,111.5,118.5,5.0,32980,2449,112.5
2024-08-13,21981789,2571135540,119.5,115.0,117.0,-1.5,14007,2449,118.5
2024-08-14,45756234,5518348737,124.0,116.5,119.5,2.5,26706,2449,119.0
2024-08-15,19668809,2360979321,122.0,118.0,119.0,-0.5,13419,2449,120.5
2024-08-16,31701616,3916389258,125.5,121.5,122.0,3.0,18807,2449,122.5
2024-08-19,13865499,1698004533,124.0,120.5,123.5,1.5,9136,2449,122.0
2024-08-20,19763659,2421339714,125.0,120.5,122.0,-1.5,11585,2449,124.0
2024-08-21,15659563,1871566239,121.5,118.0,120.0,-2.0,9516,2449,120.5
2024-08-22,10292498,1235782154,122.0,119.0,120.0,0.0,6289,2449,121.0
2024-08-23,12913262,1550510773,123.0,117.0,123.0,3.0,7582,2449,118.5
2024-08-26,17646409,2159811645,124.5,120.0,121.0,-2.0,11409,2449,124.5
2024-08-27,11431338,1364973312,121.0,118.5,119.5,-1.5,7118,2449,120.0
2024-08-28,13979859,1691291628,123.0,119.0,120.5,1.0,8300,2449,120.0
2024-08-29,13010478,1563888871,121.5,116.5,120.5,0.0,6724,2449,117.0
2024-08-30,8655779,1042661401,121.5,119.5,121.0,0.5,5686,2449,121.0
2024-09-02,5275069,639771529,122.5,120.0,121.0,0.0,3863,2449,122.0
2024-09-03,12998958,1542020992,122.0,117.0,118.0,-3.0,9073,2449,122.0
2024-09-04,21794405,2472805144,118.0,107.5,114.5,-3.5,12357,2449,109.5
2024-09-05,11439095,1308050875,117.0,111.5,112.0,-2.5,6878,2449,115.5
2024-09-06,7712101,856499049,112.5,110.0,111.5,-0.5,5017,2449,112.5
2024-09-09,9040340,1007796652,113.0,107.5,113.0,1.5,5063,2449,108.0
2024-09-10,9623125,1077339297,115.0,108.5,110.5,-2.5,6088,2449,114.0
2024-09-11,5696426,637542731,112.5,110.0,112.5,2.0,3209,2449,111.5
2024-09-12,20652319,2415948041,120.0,113.5,118.0,5.5,11362,2449,116.5
2024-09-13,10691504,1241369834,118.5,114.5,115.0,-3.0,6950,2449,118.0
2024-09-16,5930119,682374160,116.5,114.0,114.5,-0.5,3879,2449,116.5
2024-09-18,13400854,1493452625,114.0,110.0,110.0,-4.5,8550,2449,114.0
2024-09-19,15490976,1713879242,113.0,109.0,110.5,0.5,7439,2449,111.0
2024-09-20,33826607,3769155241,115.0,110.0,110.0,-0.5,10915,2449,112.0
2024-09-23,18098293,1955669836,110.5,107.0,107.0,-3.0,11241,2449,110.0
2024-09-24,16636363,1768664710,108.5,105.0,107.0,0.0,8876,2449,107.5
2024-09-25,34274890,3880225911,116.5,109.5,112.5,5.5,19240,2449,109.5
2024-09-26,19212428,2187669717,116.0,112.0,112.5,0.0,11302,2449,113.0
2024-09-27,32275463,3785582415,119.5,112.5,117.5,5.0,18531,2449,114.0
2024-09-30,18055779,2072208700,117.0,112.5,112.5,-5.0,10365,2449,117.0
2024-10-01,13668960,1535762479,115.5,110.0,112.0,-0.5,8665,2449,114.0
2024-10-04,15512108,1683400351,112.5,107.0,108.5,-3.5,10822,2449,111.5
2024-10-07,15843210,1776119321,113.5,110.0,111.5,3.0,9277,2449,110.5
2024-10-08,12634752,1412844174,114.0,110.0,113.5,2.0,6854,2449,111.5
2024-10-09,71771714,8704923060,124.5,115.0,124.5,11.0,38205,2449,118.0
2024-10-11,68741149,8660902431,129.0,123.5,125.5,1.0,45650,2449,127.0
2024-10-14,31479851,3974650002,128.0,123.0,128.0,2.5,17973,2449,125.0
2024-10-15,26654643,3412361579,130.5,126.5,128.0,0.0,18779,2449,129.0
2024-10-16,53585964,7052327463,135.5,125.0,133.5,5.5,28814,2449,126.0
2024-10-17,43710186,5894287716,137.5,133.0,134.5,1.0,25998,2449,135.0
2024-10-18,52015123,6709674606,136.5,125.0,127.5,-7.0,36027,2449,136.0
2024-10-21,33829701,4445609231,134.0,128.5,131.0,3.5,22528,2449,129.0
2024-10-22,40233692,5425041928,137.0,131.5,136.0,5.0,22157,2449,131.5
2024-10-23,22023833,2988533491,137.5,134.5,134.5,-1.5,12243,2449,136.0
2024-10-24,18659855,2460998586,137.0,129.5,130.0,-4.5,18054,2449,137.0
2024-10-25,16709241,2181250016,131.5,129.5,130.5,0.5,7457,2449,129.5
2024-10-28,13159992,1705119786,134.0,127.0,128.5,-2.0,8764,2449,132.0
2024-10-29,14844463,1862260947,127.5,124.0,125.5,-3.0,8340,2449,127.0
2024-10-30,19237655,2402744046,126.5,122.0,125.5,0.0,10625,2449,125.5
2024-11-01,10374162,1298995979,127.5,120.5,127.5,2.0,6322,2449,121.0
2024-11-04,11130955,1415417076,129.5,125.0,128.5,1.0,6781,2449,128.0
2024-11-05,10132308,1316523379,132.0,126.5,130.0,1.5,6423,2449,126.5
2024-11-06,41597306,5655033445,140.5,131.0,137.0,7.0,24137,2449,131.5
2024-11-07,34807659,4866573154,143.0,135.0,139.0,2.0,23276,2449,137.0
2024-11-08,19332259,2707203646,141.5,138.0,139.5,0.5,11821,2449,140.5
2024-11-11,44880275,5958642093,136.5,129.5,133.5,-6.0,25864,2449,136.0
2024-11-12,20416422,2676706716,133.5,128.5,130.0,-3.5,10788,2449,131.5
2024-11-13,18983836,2454213718,131.5,128.0,128.5,-1.5,11540,2449,130.0
2024-11-14,21978767,2777734987,131.0,124.0,126.0,-2.5,14864,2449,129.0
2024-11-15,12738446,1585085417,127.0,123.0,124.0,-2.0,9208,2449,126.0
2024-11-18,15761829,1919229355,125.5,119.5,121.5,-2.5,9482,2449,124.0
2024-11-19,18832572,2375966448,128.0,124.0,127.0,5.5,10517,2449,124.0
2024-11-20,17399133,2195415048,129.0,124.5,126.5,-0.5,12373,2449,128.5
2024-11-21,8721041,1100361847,127.5,124.5,126.5,0.0,5032,2449,126.0
2024-11-22,24262139,3131294873,130.5,127.5,130.0,3.5,13932,2449,129.5
2024-11-25,24097064,3119420087,132.5,127.0,128.0,-2.0,16232,2449,131.0
2024-11-26,9958575,1256355131,127.5,125.0,125.5,-2.5,7338,2449,127.0
2024-11-27,9940030,1238476439,126.5,123.0,123.0,-2.5,7261,2449,125.5
2024-11-28,10646673,1306569226,124.5,121.0,123.5,0.5,7016,2449,123.5
2024-11-29,8229156,1028525746,127.0,121.5,126.5,3.0,4942,2449,122.0
2024-12-02,7782391,987301816,128.0,126.0,127.0,0.5,5638,2449,128.0
2024-12-03,13261376,1704610117,130.5,127.0,127.5,0.5,8518,2449,129.5
2024-12-04,16163844,2038271529,128.5,125.0,126.0,-1.5,10015,2449,127.5
2024-12-05,16644228,2121768801,129.0,126.0,126.5,0.5,9782,2449,126.0
2024-12-06,23610136,2997565239,129.5,125.5,125.5,-1.0,9799,2449,126.5
2024-12-09,20268331,2475350404,126.5,120.5,121.0,-4.5,16171,2449,126.0
2024-12-10,20152924,2398745854,121.5,117.5,117.5,-3.5,15322,2449,120.5
2024-12-11,18774814,2183038688,118.0,114.5,117.0,-0.5,10410,2449,116.5
2024-12-12,12224030,1432368784,118.5,116.0,116.0,-1.0,8674,2449,118.0
2024-12-13,12920283,1536059427,120.0,116.5,119.0,3.0,8325,2449,117.0
2024-12-16,33948048,3890039448,121.0,111.0,111.5,-7.5,21695,2449,120.5
2024-12-17,35854850,3936272092,112.0,108.0,109.5,-2.0,19872,2449,111.0
2024-12-18,28813649,3245711508,116.0,109.0,115.5,6.0,15444,2449,111.0
2024-12-19,19472979,2236956840,117.5,112.0,116.0,0.5,10317,2449,112.5
2024-12-20,23076299,2691988361,118.5,114.5,116.5,0.5,11364,2449,116.5
2024-12-23,19470106,2255705009,118.0,114.5,115.5,-1.0,10047,2449,117.0
2024-12-24,12445419,1441282652,118.5,114.0,114.0,-1.5,7201,2449,117.0
2024-12-25,10570232,1232248907,117.5,114.5,117.0,3.0,7073,2449,115.5
2024-12-26,7979481,925888074,117.5,115.5,115.5,-1.5,4268,2449,117.0
2024-12-27,4449001,514183030,117.0,115.0,115.5,0.0,3149,2449,116.0
2024-12-30,21044704,2356241133,116.0,110.0,110.0,-5.5,15504,2449,116.0
2024-12-31,17057829,1901448331,112.5,109.0,111.5,1.5,7481,2449,110.0
2025-01-02,9502555,1071699065,114.0,111.5,113.0,1.5,5063,2449,111.5
2025-01-03,9594587,1092019953,115.0,112.5,113.5,0.5,6366,2449,113.5
2025-01-06,10615652,1228017879,117.0,114.0,116.5,3.0,6525,2449,114.5
2025-01-07,31729949,3838809275,123.5,118.0,119.5,3.0,19120,2449,119.0
2025-01-08,12173523,1450171399,120.0,118.0,119.0,-0.5,13584,2449,118.5
2025-01-09,14349934,1720118165,122.0,117.5,118.5,-0.5,8440,2449,120.0
2025-01-10,8370147,999240268,121.0,117.5,119.0,0.5,5481,2449,118.0
2025-01-13,18298004,2091929627,118.5,112.0,112.0,-7.0,11076,2449,118.0
2025-01-14,15190754,1694054476,113.0,110.5,111.5,-0.5,10016,2449,111.5
2025-01-15,19355449,2103600048,113.0,106.5,107.5,-4.0,15610,2449,111.5
2025-01-16,16306611,1791784904,112.0,108.5,109.0,1.5,9287,2449,110.5
2025-01-17,11361192,1251345202,112.0,108.5,111.0,2.0,6910,2449,110.0
2025-01-20,10510012,1188953091,115.0,110.5,114.0,3.0,6904,2449,111.0
2025-01-21,6137896,701013152,115.0,113.5,114.0,0.0,3891,2449,114.0
2025-01-22,8525478,967267996,115.5,112.0,113.5,-0.5,5641,2449,115.0
2025-02-03,28435940,2932573455,105.0,102.5,102.5,-11.0,22620,2449,103.5
2025-02-04,40468911,4026636830,102.5,98.0,98.1,-4.4,27358,2449,102.5
2025-02-05,23838984,2421929647,103.0,99.2,101.5,3.4,13248,2449,99.4
2025-02-06,23208977,2440776202,107.0,102.5,106.5,5.0,14161,2449,102.5
2025-02-07,10541909,1132398288,108.5,105.5,108.5,2.0,6757,2449,106.0
2025-02-10,11376518,1229211553,109.5,106.0,107.5,-1.0,6700,2449,107.0
2025-02-11,10106103,1093479370,109.0,107.5,108.0,0.5,5702,2449,108.0
2025-02-12,8427943,908304244,108.5,106.5,108.0,0.0,5065,2449,108.0
2025-02-13,12808629,1400652819,111.0,107.5,109.5,1.5,6574,2449,108.0
2025-02-14,17810092,1997002232,114.0,110.5,112.0,2.5,9547,2449,111.5
2025-02-17,12763039,1441747707,114.5,111.0,114.0,2.0,7109,2449,111.0
2025-02-18,9836553,1125040603,115.5,112.5,115.0,1.0,5785,2449,113.0
2025-02-19,9567014,1101925045,116.0,114.0,115.0,0.0,5880,2449,114.5
2025-02-20,15951437,1799994832,116.0,112.0,112.0,-3.0,10361,2449,115.0
2025-02-21,16088403,1832990115,116.5,111.5,115.5,3.5,8674,2449,112.5
2025-02-24,14112052,1615912626,116.0,113.5,114.0,-1.5,8991,2449,114.5
2025-02-25,16132564,1795889422,112.5,110.5,111.0,-3.0,9528,2449,112.5
2025-02-26,9411166,1043977754,112.0,110.0,111.0,0.0,6356,2449,110.5
2025-02-27,16447740,1786713976,112.5,107.0,107.5,-3.5,11578,2449,111.5
2025-03-03,19478970,2004691092,105.5,101.0,102.5,-5.0,15857,2449,103.0
2025-03-04,13354650,1365585669,104.0,100.0,104.0,1.5,9290,2449,100.0
2025-03-05,9201735,961312719,105.5,103.5,104.0,0.0,5804,2449,104.0
2025-03-06,13629781,1407670168,105.0,102.5,102.5,-1.5,8511,2449,104.5
2025-03-07,8579934,878951510,103.5,101.0,102.0,-0.5,6129,2449,101.0
2025-03-10,11263932,1163892787,105.0,101.5,104.0,2.0,5438,2449,103.0
2025-03-11,14530681,1470180102,102.5,99.3,102.0,-2.0,8017,2449,102.0
2025-03-12,4561206,468157136,103.5,102.0,102.0,0.0,3397,2449,102.5
2025-03-13,6198178,630231015,104.0,100.0,100.5,-1.5,5304,2449,103.0
2025-03-14,12746313,1271571231,101.5,98.9,99.7,-0.8,9825,2449,101.0
2025-03-17,9127614,914476014,101.5,99.5,99.5,-0.2,5758,2449,100.5
2025-03-18,12570581,1251301065,100.5,98.5,99.7,0.2,9815,2449,100.0
2025-03-19,9092990,900770015,100.5,98.4,98.4,-1.3,9198,2449,99.5
2025-03-20,18161176,1823619073,102.0,98.7,101.0,2.6,11102,2449,99.2
2025-03-21,15303857,1526001681,101.0,98.3,100.5,-0.5,9770,2449,101.0
2025-03-24,8178608,811167915,101.0,98.6,98.6,-1.9,6607,2449,100.5
2025-03-25,13218579,1292775960,100.5,95.5,97.7,-0.9,11059,2449,99.8
2025-03-26,9587194,942076155,99.5,97.3,98.0,0.3,5427,2449,98.0
2025-03-27,11788944,1129579005,97.2,95.1,95.1,-2.9,10237,2449,97.2
2025-03-28,14128779,1317438807,95.3,92.3,92.3,-2.8,10763,2449,94.8
2025-03-31,22275390,1973319981,91.0,87.4,87.7,-4.6,15610,2449,88.2
2025-04-01,13762885,1233838585,91.0,87.8,90.8,3.1,8591,2449,89.0
2025-04-02,6270535,576163512,92.5,90.5,92.1,1.3,5058,2449,91.4
2025-04-07,1271393,105398048,82.9,82.9,82.9,-9.2,1918,2449,82.9
2025-04-08,17961140,1343252431,76.0,74.7,74.7,-8.2,12029,2449,74.7
2025-04-09,25965645,1902962249,78.4,70.0,71.8,-2.9,15587,2449,78.4
2025-04-10,3110722,245435884,78.9,78.9,78.9,7.1,1295,2449,78.9
2025-04-11,17869791,1427427509,83.0,73.8,83.0,4.1,17489,2449,77.6
2025-04-14,17010028,1468440993,88.5,84.9,85.2,2.2,12632,2449,86.5
2025-04-15,8118907,700273374,87.1,84.3,86.4,1.2,6486,2449,85.5
2025-04-16,6953127,590222882,86.4,84.0,84.0,-2.4,10027,2449,85.0
2025-04-17,9421782,775338562,83.9,81.4,81.7,-2.3,7376,2449,83.0
2025-04-18,7098979,592449232,84.6,82.5,82.8,1.1,5151,2449,82.5
2025-04-21,4297396,351050627,83.4,80.4,80.4,-2.4,4084,2449,82.9
2025-04-22,7162639,578317076,82.5,79.3,79.3,-1.1,5380,2449,79.5
2025-04-23,10402829,862081936,84.5,81.3,83.2,3.9,7440,2449,82.0
2025-04-24,9007750,745073139,83.9,82.0,82.0,-1.2,6869,2449,83.7
2025-04-25,14809590,1253900078,85.7,83.3,84.5,2.5,11098,2449,84.0
2025-04-28,13151376,1154029652,88.7,85.4,88.0,3.5,10354,2449,85.7
2025-04-29,11655636,1019910031,88.2,86.3,87.6,-0.4,11669,2449,87.1
2025-04-30,7157145,624419666,88.3,86.6,86.8,-0.8,5875,2449,88.3
2025-05-02,7558708,660703901,88.0,86.8,87.3,0.5,4653,2449,88.0
2025-05-05,7772071,669558301,88.2,84.5,86.7,-0.6,5582,2449,87.6
2025-05-06,5947443,521185726,88.4,86.3,87.2,0.5,5357,2449,86.5
2025-05-07,4583243,399662854,87.9,86.2,87.1,-0.1,4085,2449,87.2
2025-05-08,8692168,775361211,90.2,88.0,89.3,2.2,7533,2449,88.0
2025-05-09,7118048,635372114,90.5,88.1,89.8,0.5,6132,2449,89.9
2025-05-12,24525745,2308259468,96.8,91.1,93.8,4.0,16620,2449,91.3
2025-05-13,22767327,2117882877,95.2,91.5,91.6,-2.2,16801,2449,95.1
2025-05-14,39475169,3872271516,100.5,92.9,100.5,8.9,28449,2449,93.0
2025-05-15,27126427,2664734772,99.8,96.8,98.2,-2.3,24452,2449,99.8
2025-05-16,10366876,1018372727,99.4,97.5,97.8,-0.4,7701,2449,98.0
2025-05-19,11364697,1095895409,98.1,95.6,95.6,-2.2,8540,2449,97.5
2025-05-20,12957372,1250102920,97.5,95.6,95.7,0.1,8457,2449,96.6
2025-05-21,11433097,1111243438,97.9,95.6,97.8,2.1,7363,2449,96.1
2025-05-22,10916825,1059994623,97.6,96.6,97.1,-0.7,6411,2449,96.8
2025-05-23,8356023,810671098,97.8,96.6,96.8,-0.3,5520,2449,96.8
2025-05-26,5502431,528852139,97.0,95.5,95.8,-1.0,4231,2449,96.3
2025-05-27,6059796,580818249,96.8,95.1,95.3,-0.5,4534,2449,96.0
2025-05-28,9974573,957104363,97.2,94.1,95.3,0.0,6728,2449,96.5
2025-05-29,20594292,2006442816,99.4,95.8,97.0,1.7,11683,2449,96.2
2025-06-02,16083202,1500214699,96.8,92.0,92.5,-4.5,12296,2449,96.0
2025-06-03,10931951,1032492727,96.1,92.5,95.7,3.2,7271,2449,92.5
2025-06-04,15965274,1568234673,99.2,96.8,97.8,2.1,10135,2449,96.8
2025-06-05,16945323,1682143789,100.5,97.4,99.3,1.5,12434,2449,97.6
2025-06-06,9992490,989051083,100.5,98.1,99.0,-0.3,9992,2449,98.5
2025-06-09,14707680,1485586137,102.0,99.4,102.0,3.0,9561,2449,99.4
2025-06-10,18291510,1884293718,104.0,101.0,103.5,1.5,10348,2449,102.0
2025-06-11,18049529,1813443907,103.5,99.5,99.5,-4.0,12438,2449,102.5
2025-06-12,9988586,996764052,100.5,98.8,100.0,0.5,6169,2449,99.1
2025-06-13,11965239,1206203918,102.0,99.0,101.5,1.5,7411,2449,99.2
2025-06-16,8412338,853351448,102.5,100.0,102.5,1.0,4935,2449,100.5
2025-06-17,16849195,1741237426,104.5,102.0,103.0,0.5,9355,2449,103.0
2025-06-18,11325455,1169408494,104.5,102.0,102.5,-0.5,6325,2449,102.5
2025-06-19,9404012,947996533,103.0,99.9,100.5,-2.0,6203,2449,102.5
2025-06-20,9411830,941092450,101.5,99.3,100.0,-0.5,5226,2449,101.0
2025-06-23,7515112,752020641,101.0,98.2,101.0,1.0,4734,2449,99.2
2025-06-24,17665584,1848807582,106.0,102.0,104.5,3.5,10259,2449,102.5
2025-06-25,9892107,1034492929,105.5,104.0,104.5,0.0,6439,2449,105.5
2025-06-26,17828883,1837285528,105.5,101.5,102.5,-2.0,9502,2449,105.0
2025-06-27,11490110,1199042276,105.0,102.0,105.0,2.5,7215,2449,103.0
2025-06-30,16454971,1698519951,106.0,102.0,102.0,-3.0,8370,2449,105.5
2025-07-01,13552672,1403279700,105.0,102.5,103.0,1.0,6913,2449,103.0
2025-07-02,15656470,1624309138,105.5,103.0,103.5,0.5,7633,2449,103.5
2025-07-03,24577835,2618503156,108.0,104.5,107.5,4.0,13994,2449,104.5
2025-07-04,25726932,2764211537,109.0,105.5,107.0,-0.5,14282,2449,108.5
2025-07-07,23361724,2509216690,108.5,105.0,108.0,1.0,10857,2449,107.5
2025-07-08,16733085,1738049846,106.5,102.5,104.0,-4.0,9876,2449,106.5
2025-07-09,13708685,1444523777,106.0,103.5,106.0,2.0,7664,2449,105.0
2025-07-10,12795210,1303764087,103.5,100.5,101.5,0.0,8508,2449,102.5
2025-07-11,9546277,983102254,104.0,101.5,103.0,1.5,5591,2449,101.5
2025-07-14,13276629,1331238325,103.0,99.4,99.5,-3.5,10886,2449,103.0
2025-07-15,18424611,1882803261,103.5,99.9,103.5,4.0,10243,2449,99.9
2025-07-16,46125840,5008897962,111.0,104.0,109.5,6.0,26153,2449,104.5
2025-07-17,58636449,6603589597,117.0,109.5,111.5,2.0,29694,2449,116.0
2025-07-18,33116607,3672677232,114.0,109.0,109.5,-2.0,16519,2449,114.0
2025-07-21,38019457,4320801481,116.0,109.0,114.5,5.0,19350,2449,110.0
2025-07-22,33816216,3824562898,116.5,110.0,111.0,-3.5,21088,2449,114.5
2025-07-23,18276161,2050909227,114.0,111.0,111.5,0.5,10038,2449,112.0
2025-07-24,17580316,1996537505,115.0,111.0,114.5,3.0,9420,2449,112.0
2025-07-25,10183458,1148104631,114.5,112.0,112.0,-2.5,6306,2449,114.5
2025-07-28,27699638,3184080052,116.5,112.5,115.0,3.0,12125,2449,113.0
2025-07-29,30417857,3491489670,117.5,112.0,115.0,0.0,18357,2449,116.5
2025-07-30,18457023,2112506346,115.5,113.5,114.5,-0.5,8801,2449,115.5
2025-07-31,30150815,3533878293,119.5,114.5,118.0,3.5,17758,2449,115.0
2025-08-01,33796515,4019380834,122.5,113.5,120.0,2.0,21033,2449,114.0
2025-08-04,18333874,2166311260,121.0,116.5,117.5,-2.5,12423,2449,119.5
2025-08-05,19979226,2368030776,120.5,117.5,118.5,1.0,12505,2449,119.0
2025-08-06,11796470,1376799159,118.0,116.0,116.0,-2.5,9414,2449,118.0
2025-08-07,47217991,5719714069,123.5,117.5,121.5,5.5,28255,2449,117.5
2025-08-08,98544107,13032622745,133.5,124.5,133.5,12.0,48939,2449,125.0
2025-08-11,117491664,16467087722,144.0,137.0,140.0,6.5,68418,2449,138.5
2025-08-12,40621987,5731182668,142.5,139.0,141.0,1.0,25663,2449,142.0
2025-08-13,45497748,6367038521,142.5,137.0,140.0,-1.0,29238,2449,142.0
2025-08-14,38241840,5347370019,143.5,137.0,139.5,-0.5,28328,2449,141.0
2025-08-15,20251874,2814828163,141.0,138.0,138.5,-1.0,13615,2449,140.0
2025-08-18,24863616,3466060905,141.0,137.5,141.0,2.5,15166,2449,139.0
2025-08-19,38279172,5354166342,143.5,137.0,137.0,-4.0,23442,2449,143.5
2025-08-20,43011101,5591735141,134.5,127.0,127.5,-9.5,32284,2449,132.0
2025-08-21,24702464,3273822328,136.0,129.5,133.0,5.5,21336,2449,130.0
2025-08-22,16429748,2164984031,133.5,130.5,131.5,-1.5,9580,2449,132.5
2025-08-25,24775417,3366244614,137.5,134.0,135.5,4.0,15635,2449,135.5
2025-08-26,32527134,4534196386,141.5,135.0,139.5,4.0,29314,2449,135.5
2025-08-27,28238875,3969365041,142.5,139.0,139.0,-0.5,19724,2449,141.0
2025-08-28,38607630,5493099377,144.5,138.5,142.0,3.0,24142,2449,140.0
2025-08-29,20339305,3163199080,156.0,153.0,156.0,14.0,12067,2449,153.0
2025-09-01,142085653,22913346129,166.5,156.5,158.5,2.5,84481,2449,162.0
2025-09-02,88302506,13686449409,164.0,149.0,152.0,-6.5,64600,2449,161.0
2025-09-03,31031820,4751176432,155.0,149.5,153.5,1.5,28192,2449,152.5
2025-09-04,29364237,4495187485,158.0,150.5,151.0,-2.5,22420,2449,156.5
2025-09-05,57271319,9045487899,161.5,152.5,160.0,9.0,38704,2449,152.5
2025-09-08,85652417,14294302149,171.0,162.0,169.0,9.0,64682,2449,167.0
2025-09-09,46338636,7790501243,170.5,166.0,170.5,1.5,39975,2449,168.0
2025-09-10,44393945,7623672334,174.0,168.5,172.5,2.0,33270,2449,172.5
2025-09-11,37833377,6366996186,174.0,165.0,166.0,-6.5,33041,2449,173.5
2025-09-12,24270052,4039247583,170.0,164.0,166.0,0.0,17273,2449,169.0
2025-09-15,21808385,3605836174,167.0,163.0,166.5,0.5,14337,2449,166.0
2025-09-16,19072178,3170161349,168.0,164.5,166.0,-0.5,14454,2449,167.0
2025-09-17,24810863,4143190132,170.0,164.0,165.0,-1.0,16564,2449,166.0
2025-09-18,30801867,5201366295,171.5,165.5,167.5,2.5,22798,2449,166.5
2025-09-19,21645392,3650167447,170.5,166.0,169.5,2.0,14050,2449,168.5
2025-09-22,32749126,5617912896,179.5,168.0,171.0,1.5,21787,2449,175.0
2025-09-23,22415852,3775480163,173.5,166.0,167.0,-4.0,18963,2449,173.0
2025-09-24,14754462,2442303744,167.5,164.0,166.0,-1.0,12066,2449,167.5
2025-09-25,15812585,2646434485,169.5,164.5,166.0,0.0,10504,2449,166.0
2025-09-26,36869274,5825929831,166.0,155.5,155.5,-10.5,30824,2449,165.0
2025-09-30,19822688,3186450050,164.0,156.0,164.0,8.5,22433,2449,156.0
2025-10-01,15120730,2478471986,166.0,162.0,165.0,1.0,17706,2449,164.0
2025-10-02,25150243,4234723303,171.0,166.0,167.5,2.5,23445,2449,167.5
2025-10-03,12959727,2189534506,170.5,166.5,169.0,1.5,9467,2449,167.5
2025-10-07,23664958,4087937689,176.0,171.0,172.5,3.5,21641,2449,172.0
2025-10-08,23108569,4011502465,176.0,171.5,174.0,1.5,21042,2449,172.5
2025-10-09,17394433,3062430671,179.0,174.5,176.0,2.0,13515,2449,176.5
2025-10-13,19438938,3305784147,172.5,166.5,170.0,-6.0,45466,2449,167.0
2025-10-14,28081441,4698039936,173.5,161.5,161.5,-8.5,20709,2449,172.0
2025-10-15,16493879,2720630163,167.5,160.0,166.0,4.5,12065,2449,163.5
2025-10-16,49425775,8746879733,182.0,168.5,180.5,14.5,35924,2449,168.5
2025-10-17,44474623,7847757548,183.0,171.5,175.0,-5.5,65237,2449,177.0
2025-10-20,16711824,2959043028,179.5,174.0,178.0,3.0,14039,2449,176.5
2025-10-21,33733675,6204269602,187.5,179.0,184.0,6.0,27526,2449,181.0
2025-10-22,30425722,5404246211,182.5,175.5,176.5,-7.5,26746,2449,182.5
2025-10-23,17439234,3057086344,177.0,173.0,175.0,-1.5,11434,2449,173.5
2025-10-27,42748644,7939377890,191.0,179.0,188.0,13.0,31682,2449,179.5
2025-10-28,27821501,5192547858,191.0,182.0,188.5,0.5,46155,2449,187.0
2025-10-29,58898222,12056850446,207.0,197.0,207.0,18.5,35722,2449,199.0
2025-10-30,47925991,9722511184,207.5,198.0,203.0,-4.0,43486,2449,207.0
2025-10-31,61053840,13061069783,219.0,204.0,217.0,14.0,49736,2449,204.5
2025-11-03,41412619,9257084883,226.5,220.0,224.0,7.0,39895,2449,223.0
2025-11-04,35068048,7725354923,231.0,214.0,214.0,-10.0,45745,2449,230.0
2025-11-05,35493875,7580656032,222.0,205.5,220.5,6.5,32304,2449,206.0
2025-11-06,30246229,6669197261,228.0,216.0,217.5,-3.0,46012,2449,226.0
2025-11-07,20904119,4504243916,221.0,212.0,213.5,-4.0,22082,2449,213.5
2025-11-10,24783461,5327329059,220.0,208.0,217.0,3.5,20014,2449,214.0
2025-11-11,21376150,4646494047,223.0,213.0,213.0,-4.0,19797,2449,221.0
2025-11-12,14744014,3103346139,214.5,208.0,210.5,-2.5,15195,2449,214.0
2025-11-13,18763815,4013670285,217.5,210.5,215.5,5.0,13698,2449,212.0
2025-11-14,18485760,3868864039,213.5,206.5,208.5,-7.0,24532,2449,210.5
2025-11-17,30242060,6521235770,219.5,209.0,213.5,5.0,21790,2449,209.5
2025-11-18,42563696,8657138435,212.5,198.0,198.0,-15.5,53391,2449,209.5
2025-11-19,34808605,6938294112,202.0,196.5,196.5,-1.5,20189,2449,200.0
2025-11-20,42698853,9001552919,215.0,205.5,211.5,15.0,35321,2449,207.0
2025-11-21,42360998,8624735320,208.0,196.5,204.5,-7.0,30101,2449,200.5
2025-11-24,120850985,24662446574,209.0,203.0,203.5,-1.0,23532,2449,208.5
2025-11-25,29202498,6075766938,212.0,205.0,205.0,1.5,21873,2449,210.0
2025-11-26,31918651,6803042821,218.0,207.5,212.0,7.0,21840,2449,208.0
2025-11-27,37184770,8183742031,224.0,215.0,222.0,10.0,33966,2449,215.0
2025-11-28,40719791,9184394915,233.0,216.5,229.0,7.0,50033,2449,223.0
2025-12-01,32917410,7236437932,228.5,216.5,217.5,-11.5,46662,2449,228.0
2025-12-02,48833307,11110738601,232.5,221.5,226.5,9.0,35556,2449,221.5
2025-12-03,27639017,6251290772,232.0,221.5,226.0,-0.5,37728,2449,229.0
2025-12-04,22535690,4968915243,225.0,217.5,220.5,-5.5,20257,2449,225.0
2025-12-05,15204982,3355452190,223.0,218.5,221.5,1.0,11701,2449,220.0
2025-12-08,17059893,3849592895,228.0,221.0,228.0,6.5,14571,2449,221.0
2025-12-09,27405333,6283180791,235.0,225.5,228.5,0.5,32386,2449,228.5
2025-12-10,14090506,3228453429,231.5,227.0,229.0,0.5,10924,2449,229.0
2025-12-11,21378228,4804226177,232.0,221.0,221.5,-7.5,48369,2449,231.0
2025-12-12,19094010,4331284575,230.5,222.0,230.0,8.5,14637,2449,224.0
2025-12-15,17602096,3899442629,224.0,219.5,221.5,-8.5,31228,2449,223.5
2025-12-16,16918112,3673078984,223.0,214.0,216.0,-5.5,15711,2449,221.0
2025-12-17,16508137,3570117127,220.0,213.0,215.0,-1.0,13893,2449,217.5
2025-12-18,17601014,3697391205,213.5,208.0,208.5,-6.5,16868,2449,213.0
2025-12-19,11702010,2514890898,216.5,212.0,215.5,7.0,8497,2449,212.0
2025-12-22,19024563,4230008275,227.0,219.0,221.0,5.5,14171,2449,219.0
2025-12-23,8092137,1791923110,224.0,220.0,220.0,-1.0,8674,2449,222.5
2025-12-24,9835279,2175667828,224.0,219.0,219.0,-1.0,34916,2449,222.0
2025-12-26,11160586,2490799415,225.5,220.5,223.0,4.0,9627,2449,220.5
2025-12-29,63582297,15028993218,245.0,227.0,245.0,22.0,61999,2449,234.0
2025-12-30,52967198,13012416574,250.5,240.5,243.5,-1.5,59620,2449,245.0
2025-12-31,63445168,15920227882,261.5,244.0,247.5,4.0,66457,2449,246.0
2026-01-02,57297864,15211858904,272.0,252.5,267.5,20.0,63337,2449,253.5
2026-01-05,43235444,11399423226,274.0,258.5,263.0,-4.5,52690,2449,273.0
2026-01-06,25829669,6917697446,271.0,263.0,267.0,4.0,24330,2449,263.0
2026-01-07,25557113,6920556463,276.0,266.5,266.5,-0.5,33867,2449,270.5
2026-01-08,18209796,4763409123,264.5,258.5,263.0,-3.5,25826,2449,264.0
2026-01-09,20399595,5291164468,266.0,252.0,263.5,0.5,20842,2449,259.5
2026-01-12,24159085,6475317064,271.0,263.5,270.0,6.5,26545,2449,267.5
2026-01-13,27923161,7578920725,279.5,265.0,270.5,0.5,33677,2449,273.5
2026-01-14,15675308,4226421508,271.5,267.0,270.5,0.0,31047,2449,270.0
2026-01-15,19953479,5311859738,271.5,263.0,267.5,-3.0,20346,2449,271.5
2026-01-16,26587387,7264439751,278.5,269.0,273.5,6.0,22422,2449,272.0
2026-01-19,18283023,5000148965,280.0,270.0,271.5,-2.0,37133,2449,273.5
2026-01-20,17352958,4717499925,277.0,265.5,274.5,3.0,31944,2449,272.0
2026-01-21,17051786,4612919687,278.0,266.0,267.0,-7.5,29985,2449,271.0
2026-01-22,19821466,5443752972,277.0,272.0,274.5,7.5,17883,2449,272.0
2026-01-23,31111991,8834275877,292.0,272.5,286.5,12.0,62868,2449,279.0
2026-01-26,25952980,7681761507,303.5,284.0,297.5,11.0,34768,2449,286.0
2026-01-27,29314304,8896114044,313.5,292.5,300.0,2.5,44881,2449,298.0
2026-01-28,21393165,6521558231,311.5,299.0,311.0,11.0,43752,2449,302.5
2026-01-29,27049688,8403611688,324.0,303.5,305.0,-6.0,46237,2449,315.0
2026-01-30,17513955,5225421733,306.0,295.0,296.0,-9.0,30971,2449,303.0
2026-02-02,17191140,4908944906,293.5,280.0,285.0,-11.0,27048,2449,289.5
2026-02-03,12950856,3801776670,301.0,288.5,293.5,8.5,17505,2449,295.0
2026-02-04,12024686,3521744254,297.5,287.0,297.0,3.5,13116,2449,293.0
2026-02-05,18258783,5181781092,292.0,277.5,280.5,-16.5,26023,2449,291.0
2026-02-06,31636332,8997065239,292.0,277.5,283.5,3.0,28316,2449,286.5
2026-02-09,20671710,6138782953,301.5,291.5,291.5,8.0,24439,2449,297.0
2026-02-10,25947331,7864554958,308.0,297.0,302.0,10.5,41108,2449,298.5
2026-02-11,22935692,7128621239,318.0,301.0,313.5,11.5,35650,2449,309.0
2026-02-23,27444010,8858920801,331.5,313.0,316.5,3.0,44481,2449,322.5
2026-02-24,19845357,6420373807,329.5,315.0,326.0,9.5,27831,2449,317.0
2026-02-25,18500913,5947306389,333.0,318.0,320.0,-6.0,27032,2449,333.0
2026-02-26,18744498,6086835770,329.5,317.0,327.0,7.0,14591,2449,318.5
2026-03-02,13136560,4161141575,322.0,308.0,316.0,-11.0,20122,2449,313.5
2026-03-03,12226251,3794687952,321.5,305.0,305.0,-11.0,17921,2449,315.5
2026-03-04,21866760,6191368887,296.5,276.0,278.0,-27.0,29371,2449,291.5
2026-03-05,16564064,4905772760,304.5,290.5,295.0,17.0,17268,2449,295.0
2026-03-06,14259457,4099144722,293.5,283.5,284.5,-10.5,18848,2449,291.0
2026-03-09,27843335,7448257219,275.0,256.5,272.0,-12.5,27816,2449,256.5
2026-03-10,25917202,7630774904,299.0,287.0,293.0,21.0,23070,2449,291.0
2026-03-11,23535036,7144190557,307.0,297.0,306.0,13.0,22888,2449,301.0
2026-03-12,17050804,5134439911,307.0,297.0,300.0,-6.0,18423,2449,304.5
2026-03-13,12594274,3736625411,302.0,291.0,295.5,-4.5,15403,2449,293.5
2026-03-16,15037067,4388607603,303.0,288.0,288.0,-7.5,19682,2449,298.0
2026-03-17,10911277,3191455172,296.0,290.0,294.0,6.0,11313,2449,293.0
2026-03-18,35571257,11243708670,323.0,302.0,323.0,29.0,36648,2449,302.0
2026-03-19,23917130,7687952922,328.0,315.0,316.0,-7.0,35562,2449,320.5
2026-03-20,48134842,14752395227,318.0,298.5,308.0,-8.0,33677,2449,318.0
2026-03-23,23004822,6696243758,301.5,284.0,286.0,-22.0,33224,2449,297.5
2026-03-24,16302561,4632166742,296.5,278.0,278.5,-7.5,24941,2449,296.0
2026-03-25,14622121,4218915726,291.0,284.0,288.5,10.0,16374,2449,286.0
2026-03-26,15867718,4632150966,298.5,288.0,288.0,-0.5,16079,2449,291.0
2026-03-27,18800589,5212668017,284.0,274.0,278.5,-9.5,30214,2449,280.5
2026-03-30,17223335,4634222389,273.0,262.5,272.0,-6.5,27944,2449,270.5
2026-03-31,20207522,5351095811,273.0,260.5,261.0,-11.0,22733,2449,269.0
2026-04-01,20066612,5596972972,283.5,273.5,280.5,19.5,20141,2449,277.0
2026-04-02,28958269,7663602719,284.0,255.5,259.0,-21.5,47504,2449,284.0
2026-04-07,13484280,3596697364,270.0,263.0,268.0,9.0,14715,2449,268.0
2026-04-08,16308372,4568845309,286.5,275.0,280.0,12.0,18624,2449,281.0
2026-04-09,16986670,4712845229,282.0,273.0,275.0,-5.0,26882,2449,281.5
2026-04-10,12317884,3415494314,282.5,273.5,277.5,2.5,16497,2449,280.0
2026-04-13,39987329,11643783882,301.5,274.0,295.0,17.5,39114,2449,281.0
2026-04-14,33693374,10131449067,308.0,291.0,301.0,6.0,36647,2449,308.0
2026-04-15,28983839,8569001857,304.0,290.0,291.0,-10.0,49255,2449,303.0
2026-04-16,24883282,7093476449,295.0,281.5,283.5,-7.5,42536,2449,293.0
2026-04-17,27061832,7496248724,284.5,274.0,275.0,-8.5,45126,2449,283.5
2026-04-20,25391077,7000062130,283.0,271.0,271.0,-4.0,36400,2449,277.0
2026-04-21,26718859,7421622375,282.0,269.0,281.0,10.0,29775,2449,274.5
2026-04-22,24583028,7001985024,289.5,277.0,287.5,6.5,27613,2449,280.0
2026-04-23,55713491,16073128242,303.0,272.0,277.5,-10.0,63213,2449,293.0
2026-04-24,36880960,10461896184,291.0,274.0,286.0,8.5,54156,2449,284.0
2026-04-27,32859139,9384187757,296.0,279.0,283.5,-2.5,33435,2449,292.0
2026-04-28,25169719,7201248765,290.0,282.0,283.5,0.0,22372,2449,288.0
2026-04-29,32863838,9163375303,287.5,272.5,283.5,0.0,29372,2449,281.5
2026-04-30,71863037,21704401588,311.0,286.5,302.5,19.0,74094,2449,287.0
2026-05-04,30326432,10057974787,332.5,324.5,332.5,30.0,19663,2449,328.5
2026-05-05,60762678,21477122427,364.5,341.0,354.0,21.5,62171,2449,341.0
2026-05-06,57121125,19263954672,362.5,325.0,328.5,-25.5,78352,2449,362.0
2026-05-07,30225784,10138346315,343.5,327.0,339.0,10.5,37624,2449,332.5
2026-05-08,40147269,12796627240,341.0,306.5,311.0,-28.0,65437,2449,336.0
2026-05-11,63413896,18989466854,316.0,294.0,299.5,-11.5,90542,2449,316.0
2026-05-12,41675314,12450146315,302.5,295.0,301.0,1.5,53256,2449,302.5
2026-05-13,36714364,11027981495,306.0,294.0,305.0,4.0,44062,2449,297.0
2026-05-14,39127707,11686105875,309.0,295.5,296.0,-9.0,57863,2449,309.0
2026-05-15,36263194,10895768914,306.5,295.5,299.5,3.5,39618,2449,299.5
2026-05-18,28058967,8248703528,299.5,286.0,295.0,-4.5,40695,2449,298.0
2026-05-19,25944056,7635444205,302.0,289.0,289.0,-6.0,32829,2449,297.0
2026-05-20,33608273,9408626552,289.0,276.5,277.5,-11.5,49815,2449,288.5
2026-05-21,22235703,6399817878,292.5,285.0,286.0,8.5,27455,2449,286.0
2026-05-22,26407806,7831615608,301.0,290.5,296.0,10.0,32351,2449,292.0
2026-05-25,53596825,16740011640,318.5,302.5,317.0,21.0,57086,2449,305.0
2026-05-26,100783059,33522073189,348.5,308.0,338.5,21.5,103011,2449,319.5
2026-05-27,95192733,30805625536,345.0,308.5,315.5,-23.0,124787,2449,344.5
2026-05-28,72840078,23573939442,334.0,312.0,320.0,4.5,79042,2449,315.5
2026-05-29,68983487,22141333928,329.5,311.5,328.5,8.5,86382,2449,329.0
2026-06-01,51661349,16604612288,329.5,317.0,318.0,-10.5,65688,2449,328.5
2026-06-02,48921030,15087448885,324.0,298.0,306.5,-11.5,66950,2449,320.5
2026-06-03,46358752,14903242768,328.0,309.0,322.5,16.0,47216,2449,309.5
2026-06-04,39706538,12954227452,333.0,315.5,322.0,-0.5,57056,2449,320.5
2026-06-05,28827200,8893792545,317.5,300.5,309.5,-12.5,58067,2449,317.5
2026-06-08,37192419,10492762311,289.5,279.0,288.5,-21.0,54668,2449,279.5
2026-06-09,23113376,6681823299,293.0,283.5,291.0,2.5,31757,2449,290.0
2026-06-10,31183365,8741326894,291.0,271.5,272.0,-19.0,51831,2449,287.0
2026-06-11,20303142,5482407954,275.5,263.5,272.0,0.0,30910,2449,269.5
2026-06-12,16442069,4659439334,287.0,280.5,282.0,10.0,18588,2449,285.0
2026-06-15,24332715,6909370341,298.0,280.5,281.0,-1.0,34873,2449,292.0
2026-06-16,15208454,4249952571,284.0,277.5,278.0,-3.0,23349,2449,284.0
2026-06-17,8684534,2422924897,281.5,273.0,280.5,2.5,15763,2449,276.0
2026-06-18,52543047,16053690850,308.5,287.0,308.5,28.0,32512,2449,287.0
2026-06-22,81551317,27012879769,339.0,314.0,339.0,30.5,77097,2449,314.0
2026-06-23,76716982,25877127021,353.5,325.0,329.5,-9.5,78903,2449,338.5
2026-06-24,42402486,13901489285,336.5,318.0,333.5,4.0,65095,2449,329.5
2026-06-25,33666372,11323191207,347.0,330.0,334.5,1.0,33712,2449,338.5
2026-06-26,52126159,17168471048,349.5,306.5,308.0,-26.5,61352,2449,330.0
2026-06-29,16785342,5192831026,316.0,304.0,308.5,0.5,21591,2449,311.0
