date,capacity,turnover,high,low,close,change,transaction_volume,stock_code_id,open
2016-10-27,79716801,1762148850,24.8,20.5,24.05,0.0,26176,2633,20.6
2016-10-28,49799509,1150206748,24.5,22.05,22.15,-1.9,20184,2633,24.5
2016-10-31,20287411,426853504,21.8,20.65,20.85,-1.3,7930,2633,21.8
2016-11-01,13016520,270558774,21.2,20.1,20.4,-0.45,5570,2633,20.8
2016-11-02,19289510,373167831,20.05,19.0,19.05,-1.35,7994,2633,20.0
2016-11-03,10086548,197745413,20.0,19.15,19.6,0.55,4585,2633,19.15
2016-11-04,4551205,88126292,19.6,19.2,19.35,-0.25,2089,2633,19.6
2016-11-07,6248331,119784034,19.4,19.1,19.2,-0.15,2787,2633,19.35
2016-11-08,3767780,72278287,19.45,19.1,19.1,-0.1,1656,2633,19.1
2016-11-09,14353745,265831967,19.2,18.2,18.45,-0.65,5339,2633,19.1
2016-11-10,5802598,108427775,18.95,18.5,18.6,0.15,2373,2633,18.7
2016-11-11,5445900,99165366,18.5,18.15,18.2,-0.4,2154,2633,18.4
2016-11-14,3097917,57007107,18.6,18.2,18.5,0.3,1424,2633,18.2
2016-11-15,2390376,44298945,18.65,18.35,18.5,0.0,1085,2633,18.5
2016-11-16,4346156,82464586,19.2,18.6,18.95,0.45,2094,2633,18.65
2016-11-17,2019568,38045345,19.05,18.75,18.75,-0.2,1168,2633,19.05
2016-11-18,2071003,38996082,18.95,18.65,18.8,0.05,1076,2633,18.8
2016-11-21,2171960,40820224,18.9,18.7,18.75,-0.05,981,2633,18.85
2016-11-22,2529675,47429707,18.8,18.7,18.75,0.0,1082,2633,18.8
2016-11-23,2775450,51822828,18.8,18.6,18.65,-0.1,1313,2633,18.75
2016-11-24,6059205,115363795,19.2,18.9,19.0,0.35,2853,2633,19.0
2016-11-25,2623900,49497920,19.0,18.8,18.8,-0.2,1428,2633,19.0
2016-11-28,2697280,50614913,18.85,18.65,18.75,-0.05,1182,2633,18.8
2016-11-29,3676046,69618602,19.15,18.7,19.0,0.25,1433,2633,18.75
2016-11-30,2546522,48536318,19.2,19.0,19.05,0.05,1020,2633,19.05
2016-12-01,2528882,48232746,19.2,19.0,19.05,0.0,1380,2633,19.15
2016-12-02,1448564,27448570,19.05,18.85,18.9,-0.15,732,2633,19.05
2016-12-05,2111109,40102171,19.05,18.9,19.0,0.1,955,2633,18.9
2016-12-06,2875700,54308438,19.0,18.8,18.9,-0.1,1571,2633,19.0
2016-12-07,1644037,30996022,18.95,18.8,18.85,-0.05,707,2633,18.85
2016-12-08,2304843,43615887,19.0,18.85,18.9,0.05,790,2633,18.9
2016-12-09,2128500,40442281,19.15,18.9,18.95,0.05,918,2633,19.1
2016-12-12,2557718,48151433,19.0,18.75,18.75,-0.2,953,2633,18.95
2016-12-13,2739701,51390329,18.9,18.7,18.7,-0.05,1168,2633,18.85
2016-12-14,1256560,23532010,18.8,18.65,18.7,0.0,544,2633,18.7
2016-12-15,2351800,43823700,18.7,18.6,18.65,-0.05,936,2633,18.65
2016-12-16,5472521,100874872,18.65,18.3,18.5,-0.15,2027,2633,18.65
2016-12-19,2134350,39061490,18.5,18.2,18.25,-0.25,1019,2633,18.45
2016-12-20,1685955,30806468,18.4,18.2,18.25,0.0,770,2633,18.25
2016-12-21,1856163,34165444,18.5,18.3,18.45,0.2,801,2633,18.3
2016-12-22,2620039,47814556,18.45,18.2,18.2,-0.25,899,2633,18.4
2016-12-23,1607880,29322001,18.3,18.15,18.25,0.05,719,2633,18.2
2016-12-26,1365924,25016893,18.4,18.25,18.35,0.1,526,2633,18.35
2016-12-27,1098396,20154635,18.4,18.3,18.35,0.0,572,2633,18.35
2016-12-28,1205900,22121554,18.4,18.3,18.35,0.0,523,2633,18.35
2016-12-29,1009087,18509297,18.4,18.3,18.35,0.0,498,2633,18.3
2016-12-30,1839367,33813622,18.45,18.3,18.4,0.05,791,2633,18.3
2017-01-03,4731840,88870527,19.0,18.4,18.85,0.45,1832,2633,18.4
2017-01-04,7970370,148774338,18.85,18.65,18.8,-0.05,925,2633,18.85
2017-01-05,13423711,258979728,19.7,18.85,19.2,0.4,4794,2633,18.85
2017-01-06,5951855,115040984,19.4,19.2,19.4,0.2,2021,2633,19.2
2017-01-09,8186421,157643033,19.5,19.15,19.25,-0.15,2024,2633,19.5
2017-01-10,4641251,89551812,19.4,19.25,19.3,0.05,1309,2633,19.25
2017-01-11,2894930,55875299,19.4,19.2,19.25,-0.05,1162,2633,19.35
2017-01-12,3776474,72548913,19.3,19.15,19.3,0.05,1226,2633,19.25
2017-01-13,7893946,152532645,19.4,19.3,19.35,0.05,2011,2633,19.3
2017-01-16,3911403,75599762,19.45,19.25,19.35,0.0,1232,2633,19.4
2017-01-17,3601018,69547191,19.4,19.25,19.3,-0.05,977,2633,19.35
2017-01-18,4844207,92747647,19.35,19.05,19.15,-0.15,1389,2633,19.3
2017-01-19,1967067,37483072,19.2,19.0,19.0,-0.15,786,2633,19.2
2017-01-20,2987952,56748388,19.05,18.95,19.0,0.0,913,2633,19.0
2017-01-23,3544513,67628247,19.15,19.0,19.1,0.1,1000,2633,19.0
2017-01-24,3378049,64540129,19.15,19.05,19.1,0.0,1125,2633,19.1
2017-02-02,4536202,86559888,19.25,19.0,19.0,-0.1,1631,2633,19.15
2017-02-03,4527255,86430660,19.2,19.0,19.1,0.1,1448,2633,19.0
2017-02-06,4055601,77552767,19.2,19.05,19.2,0.1,1332,2633,19.2
2017-02-07,6025665,115964432,19.35,19.1,19.3,0.1,1990,2633,19.2
2017-02-08,11251466,220268758,19.75,19.3,19.65,0.35,3578,2633,19.35
2017-02-09,7417060,145585580,19.8,19.55,19.65,0.0,3337,2633,19.7
2017-02-10,8347130,161769374,19.55,19.15,19.35,-0.3,3031,2633,19.45
2017-02-13,3974998,76970473,19.45,19.25,19.4,0.05,1524,2633,19.35
2017-02-14,4605840,89548973,19.5,19.35,19.5,0.1,1656,2633,19.45
2017-02-15,4424674,86516262,19.6,19.4,19.55,0.05,1987,2633,19.5
2017-02-16,3739059,73196120,19.65,19.5,19.6,0.05,1739,2633,19.65
2017-02-17,8197981,162832830,20.0,19.6,19.9,0.3,2995,2633,19.6
2017-02-18,2720649,54051992,19.95,19.8,19.85,-0.05,1069,2633,19.9
2017-02-20,4036550,80459008,20.0,19.85,19.95,0.1,1522,2633,19.95
2017-02-21,14446266,293651989,20.5,19.95,20.5,0.55,4900,2633,19.95
2017-02-22,27909520,594640238,21.85,20.6,21.45,0.95,9654,2633,20.6
2017-02-23,10750298,228201036,21.6,21.0,21.2,-0.25,4437,2633,21.5
2017-02-24,10458035,223551102,21.6,21.0,21.55,0.35,3619,2633,21.1
2017-03-01,6080011,130157442,21.7,21.2,21.4,-0.15,2488,2633,21.6
2017-03-02,10388167,218721807,21.55,20.7,21.0,-0.4,3738,2633,21.45
2017-03-03,4222847,89223088,21.3,21.0,21.15,0.15,1913,2633,21.05
2017-03-06,4173512,88872942,21.45,21.2,21.25,0.1,1928,2633,21.35
2017-03-07,3869098,81654296,21.25,21.0,21.1,-0.15,1798,2633,21.2
2017-03-08,3570258,75260156,21.25,21.05,21.05,-0.05,1486,2633,21.1
2017-03-09,5803696,121586889,21.15,20.8,21.15,0.1,2273,2633,21.0
2017-03-10,4886519,102206099,21.15,20.6,21.1,-0.05,1740,2633,21.0
2017-03-13,3615333,75530942,21.05,20.8,20.85,-0.25,1814,2633,20.8
2017-03-14,4030278,83721996,20.85,20.65,20.85,0.0,1644,2633,20.75
2017-03-15,3685642,76414907,20.85,20.65,20.85,0.0,1548,2633,20.75
2017-03-16,8736403,184795538,21.35,20.8,21.25,0.4,3012,2633,20.85
2017-03-17,3147159,66584089,21.3,21.05,21.2,-0.05,1456,2633,21.25
2017-03-20,2199664,46287147,21.2,20.95,21.0,-0.2,1032,2633,21.2
2017-03-21,3441688,72247998,21.1,20.95,20.95,-0.05,1450,2633,21.0
2017-03-22,4303514,90031618,21.1,20.7,21.1,0.15,1652,2633,20.8
2017-03-23,2364221,49609480,21.1,20.9,20.95,-0.15,1078,2633,21.1
2017-03-24,2060433,43182155,21.05,20.85,21.0,0.05,849,2633,21.0
2017-03-27,2079642,43494070,21.0,20.85,20.85,-0.15,878,2633,21.0
2017-03-28,2717644,56600902,20.95,20.75,20.8,-0.05,1081,2633,20.8
2017-03-29,7134642,150820732,21.25,20.85,21.1,0.3,2228,2633,20.85
2017-03-30,7922846,169338550,21.5,21.2,21.4,0.3,2999,2633,21.3
2017-03-31,3869172,82720805,21.5,21.3,21.35,-0.05,1692,2633,21.45
2017-04-05,6763542,144986399,21.6,21.3,21.4,0.05,2827,2633,21.5
2017-04-06,12372370,269397337,22.0,21.45,21.75,0.35,3799,2633,21.6
2017-04-07,4086240,88522886,21.85,21.5,21.7,-0.05,1721,2633,21.85
2017-04-10,4082401,87770408,21.75,21.4,21.45,-0.25,1691,2633,21.7
2017-04-11,3983209,85669039,21.7,21.4,21.45,0.0,1546,2633,21.45
2017-04-12,3508492,75058800,21.5,21.3,21.3,-0.15,1463,2633,21.4
2017-04-13,7012243,151186960,21.8,21.3,21.6,0.3,2571,2633,21.35
2017-04-14,5743831,122945132,21.6,21.3,21.4,-0.2,1793,2633,21.6
2017-04-17,3161562,67647981,21.45,21.25,21.45,0.05,1314,2633,21.4
2017-04-18,24729964,543923485,22.2,21.5,22.2,0.75,6436,2633,21.5
2017-04-19,13045787,288975579,22.35,21.85,22.25,0.05,3999,2633,22.15
2017-04-20,20433228,465125231,23.15,22.15,23.0,0.75,6654,2633,22.25
2017-04-21,12551523,287458359,23.1,22.6,22.9,-0.1,3937,2633,23.0
2017-04-24,6228340,142246604,23.0,22.75,22.95,0.05,2674,2633,22.9
2017-04-25,4780005,109672682,23.15,22.85,22.85,-0.1,2035,2633,23.0
2017-04-26,4970531,113645667,23.0,22.7,22.95,0.1,2240,2633,22.85
2017-04-27,3853380,88295191,23.0,22.8,23.0,0.05,1659,2633,22.95
2017-04-28,10002810,233302915,23.5,22.95,23.35,0.35,3604,2633,23.0
2017-05-02,10901864,257997858,23.9,23.4,23.75,0.4,3693,2633,23.4
2017-05-03,7409234,174693067,23.9,23.45,23.45,-0.3,2950,2633,23.8
2017-05-04,6914453,161255921,23.6,23.15,23.25,-0.2,2265,2633,23.5
2017-05-05,5661000,131552742,23.4,23.15,23.15,-0.1,2079,2633,23.35
2017-05-08,5608636,129400147,23.35,22.9,23.15,0.0,2145,2633,23.2
2017-05-09,9604046,223878009,23.6,23.1,23.35,0.2,2854,2633,23.15
2017-05-10,7734929,181783028,23.65,23.3,23.6,0.25,1979,2633,23.35
2017-05-11,11322338,268261348,23.8,23.55,23.8,0.2,2913,2633,23.6
2017-05-12,7080561,168726988,23.95,23.75,23.85,0.05,2475,2633,23.8
2017-05-15,8904501,211195612,23.9,23.6,23.7,-0.15,3080,2633,23.9
2017-05-16,31430816,733029959,23.95,22.75,22.95,-0.75,7518,2633,23.7
2017-05-17,14839510,341791422,23.4,22.7,23.1,0.15,5291,2633,22.8
2017-05-18,16924235,396020103,23.85,22.85,23.45,0.35,5459,2633,22.95
2017-05-19,10215216,241474107,23.8,23.4,23.8,0.35,4419,2633,23.6
2017-05-22,5441689,129366924,23.95,23.65,23.7,-0.1,2391,2633,23.9
2017-05-23,25409637,613535653,24.55,23.65,24.3,0.6,7577,2633,23.7
2017-05-24,14439025,348094183,24.4,23.85,23.9,-0.4,4814,2633,24.2
2017-05-25,14121989,334282583,24.0,23.5,23.5,-0.4,4966,2633,23.85
2017-05-26,17501752,417344987,24.2,23.55,23.6,0.1,5149,2633,23.6
2017-05-31,134533870,3376012550,25.4,23.65,25.4,1.8,14030,2633,23.85
2017-06-01,65951214,1722204171,27.5,25.2,26.35,0.95,19132,2633,25.2
2017-06-02,26722714,711551222,27.2,26.1,26.45,0.1,8938,2633,26.5
2017-06-03,7654662,201774502,26.8,26.2,26.3,-0.15,2871,2633,26.75
2017-06-05,16368606,426897706,26.5,25.85,26.1,-0.2,5474,2633,26.4
2017-06-06,8936322,233499572,26.35,26.05,26.1,0.0,3022,2633,26.2
2017-06-07,14465327,382346727,26.75,26.15,26.35,0.25,4737,2633,26.15
2017-06-08,9373860,245348325,26.5,26.05,26.2,-0.15,3265,2633,26.5
2017-06-09,10089478,261875558,26.3,25.8,25.8,-0.4,3711,2633,26.2
2017-06-12,12902141,327518346,25.8,25.2,25.2,-0.6,4315,2633,25.65
2017-06-13,12519019,323421725,26.15,25.4,25.7,0.5,4036,2633,25.4
2017-06-14,11246141,285765289,25.95,25.2,25.5,-0.2,3903,2633,25.8
2017-06-15,7860498,199755445,25.75,25.25,25.6,0.1,2684,2633,25.45
2017-06-16,20758008,538577988,26.2,25.4,25.95,0.35,5585,2633,25.65
2017-06-19,9038606,232030515,26.0,25.55,25.6,-0.35,2724,2633,25.95
2017-06-20,6728541,172482798,25.85,25.5,25.55,-0.05,2123,2633,25.6
2017-06-21,9511612,241240488,25.55,25.3,25.35,-0.2,3527,2633,25.55
2017-06-22,6190003,157268166,25.5,25.25,25.45,0.1,1645,2633,25.35
2017-06-23,8038084,203163198,25.6,25.1,25.15,-0.3,2541,2633,25.45
2017-06-26,6219801,157537898,25.45,25.15,25.35,0.2,2394,2633,25.15
2017-06-27,4368840,110544497,25.45,25.25,25.3,-0.05,1397,2633,25.4
2017-06-28,6464693,164312524,25.65,25.2,25.45,0.15,2212,2633,25.3
2017-06-29,4222708,107169487,25.6,25.3,25.35,-0.1,1524,2633,25.6
2017-06-30,3889105,98832559,25.5,25.25,25.45,0.1,1258,2633,25.35
2017-07-03,3564576,90390336,25.5,25.3,25.35,-0.1,1011,2633,25.5
2017-07-04,4134614,104574871,25.4,25.2,25.2,-0.15,1437,2633,25.3
2017-07-05,9243983,235800456,25.7,25.2,25.6,0.4,2769,2633,25.2
2017-07-06,8095937,204890245,25.65,25.2,25.25,-0.35,2998,2633,25.6
2017-07-07,3683976,92840432,25.3,25.15,25.25,0.0,1829,2633,25.2
2017-07-10,4914778,123380722,25.3,25.0,25.05,-0.2,1736,2633,25.25
2017-07-11,3426887,86500039,25.3,25.1,25.3,0.25,1232,2633,25.1
2017-07-12,3364758,84866249,25.3,25.15,25.25,-0.05,1155,2633,25.25
2017-07-13,5502060,139729763,25.5,25.2,25.45,0.2,2093,2633,25.25
2017-07-14,7388699,189047166,25.65,25.35,25.65,0.2,2602,2633,25.5
2017-07-17,9313828,241678778,26.15,25.75,26.0,0.35,3517,2633,25.8
2017-07-18,9368501,244016393,26.15,25.75,26.15,0.15,2816,2633,26.0
2017-07-19,7528670,196914721,26.25,26.0,26.15,0.0,2668,2633,26.25
2017-07-20,5601935,146388589,26.2,26.0,26.2,0.05,2500,2633,26.15
2017-07-21,4270251,111453247,26.25,26.0,26.05,-0.15,1495,2633,26.25
2017-07-24,3737838,96819951,26.0,25.85,25.85,-0.2,1632,2633,26.0
2017-07-25,3899113,101162572,26.05,25.85,26.0,0.15,957,2633,25.85
2017-07-26,5689196,147849475,26.05,25.9,26.0,0.0,1584,2633,26.0
2017-07-27,6863479,178277654,26.05,25.85,26.0,0.0,1866,2633,26.0
2017-07-28,10103670,263037570,26.2,25.85,26.0,0.0,2160,2633,26.0
2017-07-31,8226667,213562292,26.05,25.85,26.05,0.05,2284,2633,26.0
2017-08-01,7999479,204192260,25.65,25.4,25.6,0.0,2401,2633,25.4
2017-08-02,4893817,125052560,25.65,25.45,25.55,-0.05,2071,2633,25.6
2017-08-03,5965344,151060777,25.5,25.2,25.4,-0.15,1966,2633,25.45
2017-08-04,5011166,126287588,25.35,25.1,25.2,-0.2,1790,2633,25.3
2017-08-07,5853850,149159016,25.55,25.35,25.5,0.3,1773,2633,25.35
2017-08-08,2692194,68370123,25.5,25.3,25.35,-0.15,1116,2633,25.5
2017-08-09,4524900,114747058,25.45,25.25,25.4,0.05,2023,2633,25.25
2017-08-10,8833387,220951349,25.4,24.75,25.0,-0.4,2799,2633,25.3
2017-08-11,4978952,124478091,25.5,24.6,25.0,0.0,1740,2633,24.6
2017-08-14,5534738,138424200,25.15,24.8,25.0,0.0,2012,2633,25.0
2017-08-15,2963790,74514119,25.3,25.05,25.1,0.1,1318,2633,25.1
2017-08-16,3934220,99147207,25.3,25.05,25.2,0.1,1841,2633,25.05
2017-08-17,3922105,99092739,25.3,25.15,25.3,0.1,2179,2633,25.25
2017-08-18,3803399,95672525,25.25,25.1,25.15,-0.15,1910,2633,25.2
2017-08-21,30045667,783254923,26.5,25.2,26.45,1.3,8820,2633,25.2
2017-08-22,15285078,401752617,26.85,26.1,26.1,-0.35,5083,2633,26.6
2017-08-23,7647096,198669474,26.3,25.85,25.9,-0.2,2876,2633,26.15
2017-08-24,9725063,253681281,26.2,25.9,26.15,0.25,4362,2633,25.9
2017-08-25,6464104,168411054,26.25,25.85,26.0,-0.15,3110,2633,26.2
2017-08-28,5435623,141364045,26.25,25.9,25.95,-0.05,2193,2633,26.0
2017-08-29,4374224,113378003,26.1,25.85,25.9,-0.05,2259,2633,26.0
2017-08-30,9666754,253215896,26.4,25.9,26.3,0.4,3434,2633,26.05
2017-08-31,15958314,421691792,26.7,26.1,26.6,0.3,4580,2633,26.45
2017-09-01,11948258,314757301,26.6,26.1,26.4,-0.2,4985,2633,26.6
2017-09-04,8242212,215048314,26.25,26.0,26.05,-0.35,3061,2633,26.25
2017-09-05,6821425,177659308,26.25,25.95,26.05,0.0,2734,2633,26.1
2017-09-06,11201447,288503853,26.05,25.5,25.6,-0.45,4463,2633,26.05
2017-09-07,9777440,249346087,25.75,25.3,25.3,-0.3,3598,2633,25.6
2017-09-08,10915019,277850031,25.65,25.3,25.65,0.35,3406,2633,25.5
2017-09-11,6445733,164423658,25.75,25.35,25.45,-0.2,2936,2633,25.75
2017-09-12,7569840,192505764,25.55,25.35,25.4,-0.05,4524,2633,25.5
2017-09-13,9956365,251397063,25.5,25.15,25.15,-0.25,4127,2633,25.45
2017-09-14,5693066,143910614,25.35,25.1,25.35,0.2,2142,2633,25.1
2017-09-15,67348737,1706671998,25.4,25.15,25.35,0.0,3715,2633,25.3
2017-09-18,5608732,143175892,25.65,25.35,25.65,0.3,2798,2633,25.4
2017-09-19,3771263,95513097,25.65,25.2,25.2,-0.45,1436,2633,25.65
2017-09-20,3926715,98636571,25.25,25.05,25.15,-0.05,1181,2633,25.2
2017-09-21,2254213,56742261,25.25,25.1,25.1,-0.05,1022,2633,25.1
2017-09-22,3395109,85079220,25.15,25.0,25.0,-0.1,1602,2633,25.1
2017-09-25,6659954,163882909,25.05,24.2,24.55,-0.45,2697,2633,25.0
2017-09-26,4577863,113586197,25.3,24.35,24.8,0.25,1738,2633,24.55
2017-09-27,3612439,88999264,24.8,24.5,24.55,-0.25,1895,2633,24.8
2017-09-28,6772690,164629650,24.65,24.05,24.1,-0.45,2474,2633,24.55
2017-09-29,8795217,209974019,24.25,23.55,24.05,-0.05,2995,2633,24.1
2017-09-30,1658651,40012834,24.2,24.0,24.1,0.05,610,2633,24.0
2017-10-02,3104950,75407181,24.5,24.1,24.2,0.1,1615,2633,24.25
2017-10-03,2257099,54852764,24.45,24.1,24.35,0.15,1221,2633,24.2
2017-10-05,2196167,53557571,24.5,24.25,24.35,0.0,996,2633,24.35
2017-10-06,4537461,111753929,24.9,24.25,24.6,0.25,1744,2633,24.35
2017-10-11,6675618,165975600,25.0,24.7,24.9,0.3,2443,2633,24.85
2017-10-12,3050510,75207294,24.8,24.6,24.65,-0.25,1480,2633,24.75
2017-10-13,3514680,85719734,24.65,24.3,24.3,-0.35,1687,2633,24.65
2017-10-16,4619575,113538047,24.75,24.25,24.7,0.4,1454,2633,24.25
2017-10-17,2422787,59421481,24.8,24.4,24.45,-0.25,878,2633,24.75
2017-10-18,1927187,47137826,24.55,24.35,24.55,0.1,976,2633,24.45
2017-10-19,2093783,50985017,24.45,24.3,24.3,-0.25,999,2633,24.45
2017-10-20,1525026,37072975,24.4,24.2,24.3,0.0,626,2633,24.25
2017-10-23,1644501,40114669,24.5,24.3,24.3,0.0,698,2633,24.5
2017-10-24,11265095,277577177,24.75,24.25,24.6,0.3,1816,2633,24.3
2017-10-25,2174945,53333095,24.65,24.4,24.4,-0.2,813,2633,24.6
2017-10-26,1409451,34451860,24.5,24.4,24.4,0.0,573,2633,24.4
2017-10-27,1929290,47050216,24.55,24.3,24.35,-0.05,826,2633,24.4
2017-10-30,2363447,57262084,24.45,24.15,24.15,-0.2,1016,2633,24.3
2017-10-31,1977550,47734807,24.2,24.1,24.1,-0.05,1102,2633,24.15
2017-11-01,2078321,50137492,24.2,24.05,24.1,0.0,823,2633,24.15
2017-11-02,2355064,56608987,24.15,24.0,24.0,-0.1,1032,2633,24.1
2017-11-03,1265321,30473247,24.2,24.0,24.15,0.15,519,2633,24.0
2017-11-06,1884101,45466246,24.3,24.05,24.1,-0.05,778,2633,24.1
2017-11-07,2487400,59817250,24.2,24.0,24.0,-0.1,1035,2633,24.1
2017-11-08,4309844,103160245,24.0,23.85,23.85,-0.15,2272,2633,24.0
2017-11-09,2473858,59145339,24.0,23.85,23.95,0.1,1077,2633,23.85
2017-11-10,2660936,63310665,23.95,23.7,23.8,-0.15,1180,2633,23.95
2017-11-13,2156560,51143376,23.85,23.65,23.65,-0.15,1018,2633,23.8
2017-11-14,1941765,45957292,23.75,23.6,23.65,0.0,1003,2633,23.65
2017-11-15,2507257,59092621,23.7,23.5,23.55,-0.1,1238,2633,23.65
2017-11-16,4616211,108111152,23.55,23.35,23.35,-0.2,1978,2633,23.55
2017-11-17,2494656,58303260,23.45,23.3,23.35,0.0,1074,2633,23.4
2017-11-20,5843424,134715335,23.35,23.0,23.0,-0.35,2487,2633,23.3
2017-11-21,5873198,137277591,23.75,23.0,23.5,0.5,2106,2633,23.0
2017-11-22,7107105,169775432,24.1,23.6,23.85,0.35,3163,2633,23.6
2017-11-23,1992337,47480793,24.05,23.7,23.75,-0.1,1125,2633,23.95
2017-11-24,2155906,51175343,23.8,23.7,23.7,-0.05,1063,2633,23.7
2017-11-27,1792270,42477560,23.95,23.6,23.6,-0.1,823,2633,23.7
2017-11-28,1773793,41790498,23.7,23.5,23.5,-0.1,924,2633,23.6
2017-11-29,1825354,42936377,23.6,23.45,23.55,0.05,839,2633,23.6
2017-11-30,7435317,177297158,24.0,23.5,24.0,0.45,1675,2633,23.6
2017-12-01,2859118,67692788,24.1,23.5,23.65,-0.35,1322,2633,24.05
2017-12-04,1384045,32648157,23.75,23.5,23.65,0.0,691,2633,23.65
2017-12-05,2532850,59625956,23.7,23.45,23.55,-0.1,1103,2633,23.65
2017-12-06,2057609,48063374,23.55,23.25,23.35,-0.2,972,2633,23.35
2017-12-07,1961700,45539494,23.35,23.15,23.15,-0.2,946,2633,23.35
2017-12-08,2621677,60812368,23.25,23.1,23.25,0.1,1251,2633,23.15
2017-12-11,1913193,44413440,23.35,23.15,23.15,-0.1,966,2633,23.25
2017-12-12,1986677,45958815,23.25,23.05,23.1,-0.05,1147,2633,23.15
2017-12-13,2427318,56647229,23.55,23.05,23.55,0.45,1201,2633,23.05
2017-12-14,1268904,29817790,23.6,23.4,23.5,-0.05,618,2633,23.6
2017-12-15,3195184,75296366,23.7,23.3,23.7,0.2,836,2633,23.5
2017-12-18,1558785,36780877,23.75,23.5,23.5,-0.2,965,2633,23.75
2017-12-19,1249531,29170727,23.55,23.3,23.3,-0.2,644,2633,23.5
2017-12-20,791516,18486515,23.4,23.3,23.4,0.1,417,2633,23.35
2017-12-21,1042550,24368237,23.4,23.3,23.35,-0.05,433,2633,23.4
2017-12-22,1241689,28893702,23.4,23.25,23.25,-0.1,629,2633,23.35
2017-12-25,1048399,24503282,23.4,23.25,23.35,0.1,647,2633,23.25
2017-12-26,1099285,25568535,23.35,23.2,23.25,-0.1,467,2633,23.25
2017-12-27,2216832,51598228,23.35,23.25,23.3,0.05,629,2633,23.25
2017-12-28,2879944,67715675,23.65,23.3,23.6,0.3,1200,2633,23.3
2017-12-29,3475176,81649631,23.65,23.4,23.5,-0.1,1019,2633,23.6
2018-01-02,2396750,56762022,23.9,23.5,23.65,0.15,957,2633,23.55
2018-01-03,2505721,59381863,23.8,23.65,23.7,0.05,900,2633,23.65
2018-01-04,1668734,39494566,23.75,23.6,23.7,0.0,673,2633,23.75
2018-01-05,1915166,45254728,23.8,23.55,23.65,-0.05,1060,2633,23.8
2018-01-08,1789690,42283782,23.7,23.55,23.6,-0.05,980,2633,23.65
2018-01-09,1790124,42304778,23.7,23.55,23.7,0.1,804,2633,23.6
2018-01-10,2760753,65561764,23.8,23.6,23.8,0.1,1134,2633,23.7
2018-01-11,2062921,48828412,23.8,23.6,23.7,-0.1,1013,2633,23.8
2018-01-12,3351782,79712315,23.9,23.7,23.75,0.05,1468,2633,23.8
2018-01-15,1996693,47435331,23.8,23.7,23.8,0.05,884,2633,23.8
2018-01-16,2189502,52019644,23.8,23.7,23.8,0.0,1149,2633,23.8
2018-01-17,4642374,111047776,24.0,23.8,24.0,0.2,2441,2633,23.8
2018-01-18,3367151,80729574,24.05,23.9,23.95,-0.05,1398,2633,24.0
2018-01-19,2253096,53709543,23.95,23.8,23.85,-0.1,966,2633,23.95
2018-01-22,1833981,43578338,23.85,23.7,23.8,-0.05,850,2633,23.8
2018-01-23,1598525,38023908,23.85,23.7,23.85,0.05,895,2633,23.75
2018-01-24,1867357,44434907,23.85,23.7,23.85,0.0,659,2633,23.85
2018-01-25,2526500,60261771,23.9,23.8,23.85,0.0,1086,2633,23.85
2018-01-26,2837849,67711730,23.95,23.8,23.9,0.05,1094,2633,23.85
2018-01-29,2155230,51440786,23.95,23.8,23.85,-0.05,1224,2633,23.95
2018-01-30,2111900,50059173,23.85,23.65,23.65,-0.2,1010,2633,23.85
2018-01-31,2800456,66494714,23.85,23.5,23.85,0.2,1092,2633,23.6
2018-02-01,900440,21390212,23.85,23.7,23.75,-0.1,469,2633,23.85
2018-02-02,1711400,40418905,23.7,23.55,23.55,-0.2,720,2633,23.6
2018-02-05,1881387,43871244,23.45,23.2,23.3,-0.25,1153,2633,23.35
2018-02-06,8885290,200293670,23.05,22.15,22.35,-0.95,3812,2633,23.0
2018-02-07,5618473,126222002,22.75,22.0,22.35,0.0,2727,2633,22.0
2018-02-08,2302201,51272788,22.55,22.15,22.3,-0.05,1065,2633,22.4
2018-02-09,4222775,91639702,22.0,21.4,21.85,-0.45,1898,2633,21.55
2018-02-12,3644859,79752088,21.95,21.8,21.85,0.0,1606,2633,21.85
2018-02-21,3461132,77737573,22.65,22.0,22.65,0.8,1781,2633,22.15
2018-02-22,2289302,51883368,22.9,22.5,22.7,0.05,1236,2633,22.65
2018-02-23,2983601,67626998,22.8,22.6,22.75,0.05,1590,2633,22.7
2018-02-26,2249750,51212348,22.9,22.6,22.65,-0.1,1342,2633,22.8
2018-02-27,2345791,53313225,22.85,22.65,22.65,0.0,867,2633,22.85
2018-03-01,2166731,48991336,22.8,22.4,22.65,0.0,1263,2633,22.45
2018-03-02,2441300,54860121,22.7,22.35,22.55,-0.1,1379,2633,22.45
2018-03-05,3094000,69168391,22.55,22.2,22.2,-0.35,1551,2633,22.45
2018-03-06,1269280,28349112,22.45,22.25,22.25,0.05,658,2633,22.45
2018-03-07,2270849,50823561,22.45,22.25,22.35,0.1,1055,2633,22.25
2018-03-08,1669711,37431278,22.5,22.35,22.45,0.1,940,2633,22.35
2018-03-09,1778359,39991372,22.55,22.45,22.45,0.0,648,2633,22.45
2018-03-12,2001444,45107568,22.6,22.45,22.6,0.15,831,2633,22.5
2018-03-13,1869703,42408186,22.75,22.55,22.75,0.15,991,2633,22.55
2018-03-14,2486171,56741963,22.9,22.75,22.8,0.05,997,2633,22.75
2018-03-15,1139691,26001665,22.9,22.75,22.75,-0.05,614,2633,22.8
2018-03-16,4051054,92587671,22.9,22.7,22.9,0.15,1309,2633,22.75
2018-03-19,1458510,33384485,22.95,22.8,22.85,-0.05,1015,2633,22.9
2018-03-20,1478215,33659795,22.85,22.7,22.8,-0.05,819,2633,22.75
2018-03-21,919609,20942485,22.85,22.7,22.8,0.0,474,2633,22.8
2018-03-22,1994188,45390925,22.8,22.7,22.75,-0.05,876,2633,22.8
2018-03-23,2542228,57152175,22.55,22.4,22.45,-0.3,1358,2633,22.5
2018-03-26,1662569,37408030,22.6,22.4,22.6,0.15,915,2633,22.45
2018-03-27,1274398,28821607,22.7,22.55,22.55,-0.05,802,2633,22.65
2018-03-28,931637,20960819,22.6,22.45,22.45,-0.1,574,2633,22.55
2018-03-29,2778811,62101417,22.6,22.3,22.3,-0.15,1592,2633,22.6
2018-03-30,1761059,39657167,22.65,22.35,22.6,0.3,704,2633,22.35
2018-03-31,668950,15003261,22.6,22.4,22.4,-0.2,339,2633,22.6
2018-04-02,1145001,25676668,22.5,22.35,22.4,0.0,526,2633,22.4
2018-04-03,2835499,63499196,22.45,22.3,22.45,0.05,1309,2633,22.35
2018-04-09,1691248,37930122,22.5,22.35,22.5,0.05,794,2633,22.45
2018-04-10,1437232,32374072,22.65,22.35,22.55,0.05,894,2633,22.45
2018-04-11,1493625,33784237,22.7,22.55,22.6,0.05,763,2633,22.55
2018-04-12,2230701,50702548,22.85,22.6,22.85,0.25,1111,2633,22.7
2018-04-13,1926899,44052927,22.9,22.8,22.85,0.0,974,2633,22.85
2018-04-16,1224558,27879235,22.9,22.7,22.8,-0.05,597,2633,22.85
2018-04-17,5988953,138544793,23.3,22.85,23.2,0.4,2287,2633,22.85
2018-04-18,2548451,58836460,23.4,22.95,23.0,-0.2,1285,2633,23.3
2018-04-19,2159296,49880184,23.2,22.9,23.1,0.1,1270,2633,22.9
2018-04-20,1466412,33749939,23.1,22.95,23.05,-0.05,714,2633,23.1
2018-04-23,2141599,48864884,23.0,22.7,22.7,-0.35,1058,2633,23.0
2018-04-24,2954541,66775128,22.8,22.5,22.55,-0.15,1113,2633,22.75
2018-04-25,1704445,38393069,22.6,22.4,22.6,0.05,1036,2633,22.5
2018-04-26,2273800,51468055,22.75,22.5,22.5,-0.1,1219,2633,22.65
2018-04-27,2553012,57749763,22.75,22.5,22.7,0.2,1010,2633,22.5
2018-04-30,2926252,66626464,22.85,22.65,22.8,0.1,739,2633,22.7
2018-05-02,2542185,58039518,22.85,22.75,22.85,0.05,1370,2633,22.8
2018-05-03,1875915,42406362,22.7,22.5,22.5,-0.35,1137,2633,22.6
2018-05-04,1671400,37547295,22.55,22.4,22.45,-0.05,872,2633,22.45
2018-05-07,1241600,27829096,22.55,22.35,22.4,-0.05,675,2633,22.55
2018-05-08,1728356,38673718,22.45,22.3,22.35,-0.05,1068,2633,22.35
2018-05-09,2152237,48208711,22.45,22.3,22.4,0.05,1160,2633,22.35
2018-05-10,1868324,41731801,22.4,22.3,22.3,-0.1,866,2633,22.4
2018-05-11,3192076,72645768,22.85,22.5,22.85,0.55,1399,2633,22.5
2018-05-14,5226877,120816336,23.35,22.85,23.35,0.5,1828,2633,23.1
2018-05-15,6503776,152860756,23.65,23.4,23.4,0.05,2955,2633,23.5
2018-05-16,2536330,59268685,23.5,23.3,23.4,0.0,1434,2633,23.5
2018-05-17,2808723,65835313,23.5,23.35,23.4,0.0,1273,2633,23.5
2018-05-18,2393948,56317123,23.6,23.4,23.5,0.1,1129,2633,23.5
2018-05-21,3743490,88916171,23.8,23.65,23.8,0.3,1813,2633,23.65
2018-05-22,2550745,60614146,23.85,23.65,23.7,-0.1,1271,2633,23.8
2018-05-23,2974903,70679634,23.9,23.6,23.75,0.05,1507,2633,23.6
2018-05-24,4299745,102782148,24.0,23.75,23.95,0.2,1773,2633,23.8
2018-05-25,5395817,129099908,24.0,23.8,23.95,0.0,2046,2633,23.9
2018-05-28,2347553,56146807,24.0,23.75,23.95,0.0,1108,2633,23.95
2018-05-29,1937805,46296190,24.0,23.85,23.9,-0.05,1009,2633,23.95
2018-05-30,4789814,112882573,23.85,23.4,23.5,-0.4,2437,2633,23.85
2018-05-31,21581269,501608568,23.85,23.1,23.15,-0.35,3077,2633,23.5
2018-06-01,3831847,89526272,23.7,23.2,23.55,0.4,1663,2633,23.3
2018-06-04,2885410,68481511,23.95,23.55,23.9,0.35,1383,2633,23.55
2018-06-05,2185513,52031948,23.9,23.7,23.8,-0.1,1124,2633,23.9
2018-06-06,1820863,43307887,23.85,23.7,23.85,0.05,1063,2633,23.8
2018-06-07,1738141,41322941,23.85,23.7,23.85,0.0,880,2633,23.85
2018-06-08,1573129,37229743,23.75,23.6,23.7,-0.15,855,2633,23.7
2018-06-11,1086882,25773945,23.8,23.6,23.7,0.0,752,2633,23.6
2018-06-12,1435570,33833258,23.65,23.5,23.55,-0.15,784,2633,23.55
2018-06-13,1242883,29228956,23.6,23.5,23.5,-0.05,835,2633,23.5
2018-06-14,2013383,46980820,23.4,23.3,23.3,-0.2,880,2633,23.4
2018-06-15,4671719,111724236,24.1,23.2,24.1,0.8,961,2633,23.3
2018-06-19,3632107,85219059,23.7,23.3,23.4,-0.7,1731,2633,23.7
2018-06-20,2381939,55920642,23.8,23.25,23.7,0.3,1255,2633,23.35
2018-06-21,2092127,49160767,23.7,23.35,23.6,-0.1,1285,2633,23.45
2018-06-22,1953039,45938715,23.6,23.4,23.5,-0.1,1069,2633,23.55
2018-06-25,2590805,60714130,23.6,23.35,23.55,0.05,1489,2633,23.4
2018-06-26,1704690,39914939,23.5,23.3,23.4,-0.15,901,2633,23.5
2018-06-27,1802246,42148953,23.5,23.3,23.4,0.0,969,2633,23.5
2018-06-28,2473929,58282820,23.8,23.3,23.7,0.3,1288,2633,23.4
2018-06-29,4696971,111971959,23.95,23.5,23.9,0.2,2242,2633,23.7
2018-07-02,2492683,59555748,24.0,23.8,23.85,-0.05,1599,2633,23.9
2018-07-03,1745220,41201990,23.8,23.5,23.6,-0.25,1032,2633,23.65
2018-07-04,9179800,220104707,24.1,23.6,24.05,0.45,2038,2633,23.6
2018-07-05,16462472,398490316,24.3,24.0,24.3,0.25,3498,2633,24.0
2018-07-06,14578032,354642020,24.45,24.2,24.3,0.0,3976,2633,24.4
2018-07-09,6052810,147124625,24.45,24.15,24.35,0.05,1722,2633,24.4
2018-07-10,6174148,150419399,24.45,24.25,24.45,0.1,2568,2633,24.4
2018-07-11,6096631,148284775,24.4,24.1,24.3,-0.15,1825,2633,24.15
2018-07-12,4393349,107102659,24.45,24.2,24.35,0.05,1227,2633,24.3
2018-07-13,4977816,121497763,24.5,24.35,24.5,0.15,2251,2633,24.4
2018-07-16,4332634,107105629,24.85,24.5,24.8,0.3,2054,2633,24.5
2018-07-17,8534228,213585850,25.2,24.8,25.15,0.35,3301,2633,24.9
2018-07-18,5406905,135873675,25.3,25.0,25.1,-0.05,2299,2633,25.25
2018-07-19,4452653,111841425,25.25,25.05,25.05,-0.05,1535,2633,25.2
2018-07-20,4814594,120738066,25.15,25.0,25.15,0.1,1615,2633,25.0
2018-07-23,3521413,88346175,25.2,25.05,25.1,-0.05,1132,2633,25.1
2018-07-24,2660555,66697594,25.1,25.0,25.1,0.0,842,2633,25.1
2018-07-25,3591988,89876090,25.05,25.0,25.05,-0.05,1333,2633,25.05
2018-07-26,3120768,78052400,25.05,24.95,25.0,-0.05,934,2633,25.05
2018-07-27,3300008,82552950,25.05,25.0,25.0,0.0,1156,2633,25.0
2018-07-30,7591028,190268086,25.1,25.0,25.1,0.1,1755,2633,25.0
2018-07-31,7560556,186464209,24.85,24.4,24.85,0.0,2097,2633,24.4
2018-08-01,5782640,142232869,24.85,24.5,24.6,-0.25,2530,2633,24.85
2018-08-02,3057674,75384055,24.75,24.5,24.65,0.05,1358,2633,24.5
2018-08-03,3704962,91284856,24.75,24.45,24.7,0.05,1107,2633,24.55
2018-08-06,2012161,49797506,24.9,24.6,24.6,-0.1,1125,2633,24.7
2018-08-07,1718685,42336080,24.7,24.6,24.6,0.0,820,2633,24.6
2018-08-08,6088497,151823789,25.05,24.6,25.05,0.45,1922,2633,24.65
2018-08-09,3080401,76759925,25.0,24.8,25.0,-0.05,1473,2633,24.8
2018-08-10,6059165,152078751,25.25,24.9,25.25,0.25,1574,2633,25.1
2018-08-13,8823682,223851796,25.65,25.05,25.1,-0.15,2758,2633,25.25
2018-08-14,4526744,114185675,25.3,25.0,25.25,0.15,1408,2633,25.0
2018-08-15,4451228,112334184,25.35,25.1,25.2,-0.05,1582,2633,25.1
2018-08-16,3877195,96861425,25.2,24.9,25.0,-0.2,1910,2633,25.2
2018-08-17,3841167,96751890,25.25,25.05,25.15,0.15,1377,2633,25.1
2018-08-20,3979895,100438193,25.3,25.1,25.2,0.05,1356,2633,25.15
2018-08-21,5701812,144737251,25.5,25.25,25.5,0.3,1935,2633,25.3
2018-08-22,12021132,310422532,26.1,25.5,26.0,0.5,3055,2633,25.5
2018-08-23,9993141,259506166,26.1,25.65,26.1,0.1,2321,2633,26.0
2018-08-24,8461232,220381533,26.15,25.9,26.15,0.05,1704,2633,26.0
2018-08-27,3718113,97091434,26.2,26.05,26.15,0.0,1314,2633,26.2
2018-08-28,5440269,141152144,26.15,25.8,26.0,-0.15,1625,2633,26.15
2018-08-29,3507843,90716079,26.0,25.8,25.85,-0.15,1577,2633,26.0
2018-08-30,3755144,96460832,25.85,25.6,25.65,-0.2,1725,2633,25.8
2018-08-31,6232626,160770442,25.9,25.55,25.9,0.25,1356,2633,25.65
2018-09-03,3208507,82597999,25.9,25.65,25.7,-0.2,1304,2633,25.9
2018-09-04,2830563,73138041,25.9,25.65,25.9,0.2,787,2633,25.7
2018-09-05,3752399,97060577,25.9,25.8,25.9,0.0,1419,2633,25.9
2018-09-06,6027058,154679831,25.9,25.5,25.75,-0.15,1870,2633,25.85
2018-09-07,5209585,132887586,25.7,25.45,25.55,-0.2,2194,2633,25.7
2018-09-10,3791811,96375922,25.6,25.2,25.5,-0.05,1417,2633,25.55
2018-09-11,2899641,73893338,25.55,25.4,25.5,0.0,1635,2633,25.5
2018-09-12,7482134,192078842,25.8,25.5,25.75,0.25,2794,2633,25.5
2018-09-13,3610858,93353713,25.9,25.8,25.85,0.1,1717,2633,25.8
2018-09-14,2897586,74701599,25.95,25.7,25.7,-0.15,1530,2633,25.95
2018-09-17,1914632,49287320,25.8,25.65,25.8,0.1,984,2633,25.7
2018-09-18,7683148,200278035,26.2,25.8,26.1,0.3,2643,2633,25.8
2018-09-19,4873048,127471591,26.25,26.1,26.15,0.05,2303,2633,26.2
2018-09-20,8624856,227765725,26.5,26.2,26.5,0.35,3191,2633,26.2
2018-09-21,9334565,251134120,27.2,26.8,26.95,0.45,3019,2633,26.8
2018-09-25,20546716,571564844,28.05,26.9,28.05,1.1,6280,2633,26.95
2018-09-26,16548579,467579540,28.8,27.75,28.55,0.5,4919,2633,28.0
2018-09-27,13155593,377697157,29.0,28.3,29.0,0.45,4541,2633,28.3
2018-09-28,24831805,740663223,30.0,29.15,29.9,0.9,7166,2633,29.15
2018-10-01,14179399,429193266,30.7,29.8,30.25,0.35,5538,2633,30.2
2018-10-02,12807555,379358753,30.35,29.2,29.5,-0.75,5001,2633,30.25
2018-10-03,9107425,272036641,30.15,29.5,29.8,0.3,3348,2633,29.6
2018-10-04,13528690,393865510,29.8,28.85,28.95,-0.85,4863,2633,29.8
2018-10-05,17712986,497975730,28.8,27.5,28.35,-0.6,5785,2633,28.5
2018-10-08,9160245,260788747,28.8,28.1,28.55,0.2,3314,2633,28.15
2018-10-09,7383640,210918436,28.7,28.3,28.5,-0.05,2478,2633,28.55
2018-10-11,18246796,495848798,27.6,26.7,27.05,-1.45,6697,2633,27.2
2018-10-12,11897123,333285898,28.6,27.25,28.4,1.35,4721,2633,27.25
2018-10-15,8294239,228860310,28.2,27.25,27.4,-1.0,3451,2633,28.1
2018-10-16,8476105,235317402,28.1,27.0,27.85,0.45,3627,2633,27.1
2018-10-17,5049417,141245433,28.3,27.7,27.7,-0.15,3034,2633,28.0
2018-10-18,22103375,644751250,29.65,27.85,29.6,1.9,8560,2633,28.1
2018-10-19,11541957,338441288,29.85,28.7,29.05,-0.55,5190,2633,29.1
2018-10-22,6818540,200154877,29.65,29.1,29.15,0.1,3429,2633,29.5
2018-10-23,21337973,633007103,30.2,29.05,29.05,-0.1,7804,2633,29.45
2018-10-24,10095759,293526640,29.55,28.3,29.25,0.2,4926,2633,29.1
2018-10-25,14521945,424362855,29.75,28.5,28.85,-0.4,6372,2633,28.55
2018-10-26,17574767,521118361,30.15,29.2,29.5,0.65,7258,2633,29.3
2018-10-29,30687366,930508381,30.95,29.4,30.9,1.4,9271,2633,29.8
2018-10-30,27003343,823856433,31.45,29.8,30.35,-0.55,11252,2633,31.25
2018-10-31,10491395,320659847,30.9,30.3,30.7,0.35,4358,2633,30.7
2018-11-01,10852698,327687694,30.9,29.9,30.0,-0.7,4671,2633,30.7
2018-11-02,9600443,292665363,30.9,30.05,30.55,0.55,4503,2633,30.25
2018-11-05,4866355,148160391,30.8,30.25,30.55,0.0,2142,2633,30.55
2018-11-06,2979008,90612176,30.65,30.3,30.3,-0.25,1575,2633,30.55
2018-11-07,29457845,927240089,32.1,30.5,31.15,0.85,11719,2633,30.55
2018-11-08,11031611,341807222,31.55,30.6,30.95,-0.2,4772,2633,31.4
2018-11-09,5837352,181600388,31.4,30.9,31.1,0.15,2541,2633,31.05
2018-11-12,7491451,235376466,31.65,30.8,31.35,0.25,4127,2633,31.1
2018-11-13,7950618,248994345,31.5,30.9,31.3,-0.05,4292,2633,31.05
2018-11-14,12316440,391918580,32.0,31.4,32.0,0.7,4744,2633,31.5
2018-11-15,9035026,288621561,32.4,31.65,31.9,-0.1,4412,2633,32.35
2018-11-16,15337953,497024733,32.55,32.05,32.55,0.65,5583,2633,32.35
2018-11-19,13030816,429770728,33.3,32.65,32.85,0.3,5238,2633,33.0
2018-11-20,10720604,354279123,33.3,32.65,33.1,0.25,3849,2633,32.85
2018-11-21,9949112,326934746,33.3,32.5,32.6,-0.5,4782,2633,33.1
2018-11-22,15853794,505131730,32.9,31.4,31.7,-0.9,7325,2633,32.6
2018-11-23,6903369,219455409,32.0,31.5,31.85,0.15,2855,2633,31.7
2018-11-26,12545981,393891040,32.15,30.95,31.2,-0.65,4898,2633,32.05
2018-11-27,10833281,335518562,31.45,30.75,30.85,-0.35,4774,2633,31.4
2018-11-28,12489920,386749881,31.15,30.8,31.1,0.25,5481,2633,30.9
2018-11-29,12859928,396837368,31.45,30.45,30.85,-0.25,5925,2633,31.35
2018-11-30,42309848,1329472748,32.5,30.9,30.9,0.05,8385,2633,31.05
2018-12-03,22730865,715376393,31.75,31.1,31.45,0.55,5848,2633,31.1
2018-12-04,9713579,304180669,31.5,30.9,31.35,-0.1,3298,2633,31.5
2018-12-05,10178813,314700503,31.35,30.7,31.0,-0.35,3056,2633,31.15
2018-12-06,7502333,230565982,31.25,30.5,30.55,-0.45,3102,2633,31.25
2018-12-07,5044380,154389898,30.75,30.55,30.55,0.0,1978,2633,30.75
2018-12-10,7860012,238102852,30.5,30.05,30.15,-0.4,2210,2633,30.5
2018-12-11,11519790,348741837,30.5,30.15,30.15,0.0,3200,2633,30.2
2018-12-12,10407620,316623639,30.6,30.3,30.35,0.2,2443,2633,30.35
2018-12-13,10258815,315871317,30.9,30.6,30.85,0.5,2835,2633,30.7
2018-12-14,5709138,176576096,31.3,30.75,30.75,-0.1,2278,2633,31.0
2018-12-17,5275512,162305187,30.9,30.65,30.65,-0.1,1577,2633,30.9
2018-12-18,8355444,257853039,31.15,30.55,30.7,0.05,2286,2633,30.7
2018-12-19,5918498,181561877,30.8,30.55,30.75,0.05,2260,2633,30.75
2018-12-20,6294917,192566848,30.75,30.4,30.6,-0.15,2417,2633,30.65
2018-12-21,8293379,254098484,30.8,30.45,30.7,0.1,1867,2633,30.6
2018-12-22,1320685,40378226,30.7,30.5,30.55,-0.15,564,2633,30.7
2018-12-24,3925360,120075837,30.65,30.45,30.55,0.0,1531,2633,30.6
2018-12-25,7016588,210745590,30.45,29.85,29.9,-0.65,3294,2633,30.4
2018-12-26,5709897,169435228,29.8,29.5,29.6,-0.3,2312,2633,29.65
2018-12-27,6524540,196149911,30.15,29.8,30.15,0.55,2331,2633,29.9
2018-12-28,9935687,302699077,30.75,30.15,30.55,0.4,2824,2633,30.15
2019-01-02,3913581,118652439,30.7,30.05,30.2,-0.35,1938,2633,30.7
2019-01-03,5321204,160176308,30.3,29.85,30.2,0.0,2109,2633,30.05
2019-01-04,6817987,206411994,30.5,29.85,30.4,0.2,2168,2633,30.0
2019-01-07,4632630,142033000,30.8,30.55,30.65,0.25,2056,2633,30.6
2019-01-08,3062509,93521715,30.7,30.45,30.5,-0.15,1632,2633,30.65
2019-01-09,7713933,237348823,30.9,30.5,30.8,0.3,2884,2633,30.55
2019-01-10,3798842,116961552,30.85,30.6,30.85,0.05,1807,2633,30.8
2019-01-11,4221011,129951615,30.85,30.7,30.75,-0.1,1742,2633,30.85
2019-01-14,4832974,148153734,30.8,30.6,30.65,-0.1,1949,2633,30.75
2019-01-15,8942942,277304032,31.3,30.65,31.05,0.4,3008,2633,30.65
2019-01-16,3801609,117527612,31.05,30.85,30.9,-0.15,1610,2633,31.05
2019-01-17,4539302,139904334,30.95,30.75,30.85,-0.05,1448,2633,30.9
2019-01-18,7033384,216983771,30.95,30.7,30.95,0.1,2214,2633,30.9
2019-01-21,4855084,150327066,31.05,30.85,30.95,0.0,1881,2633,31.0
2019-01-22,3867013,119135968,30.95,30.7,30.9,-0.05,1582,2633,30.95
2019-01-23,3700266,113843315,30.85,30.7,30.8,-0.1,1410,2633,30.85
2019-01-24,3411322,105180232,30.95,30.7,30.9,0.1,1351,2633,30.8
2019-01-25,4386148,135294012,30.9,30.75,30.85,-0.05,1662,2633,30.9
2019-01-28,4760009,147183179,31.0,30.8,30.95,0.1,1652,2633,30.85
2019-01-29,5505151,170385931,31.0,30.85,31.0,0.05,2043,2633,30.9
2019-01-30,8575487,266799661,31.25,30.95,31.15,0.15,2599,2633,31.0
2019-02-11,8203991,254224621,31.2,30.9,30.9,-0.25,3473,2633,31.15
2019-02-12,9930764,304302170,30.85,30.5,30.6,-0.3,3482,2633,30.85
2019-02-13,8604767,264359351,30.85,30.65,30.7,0.1,4346,2633,30.7
2019-02-14,9573735,297010508,31.2,30.7,31.05,0.35,3787,2633,30.75
2019-02-15,4939998,153178327,31.1,30.85,31.1,0.05,2769,2633,31.05
2019-02-18,3718481,115658897,31.15,31.0,31.05,-0.05,1425,2633,31.1
2019-02-19,4330033,134090367,31.05,30.8,30.95,-0.1,1547,2633,31.05
2019-02-20,7280248,225465638,31.05,30.85,31.0,0.05,1866,2633,30.95
2019-02-21,3402901,105301281,31.0,30.85,30.95,-0.05,1759,2633,31.0
2019-02-22,4221332,130595492,31.0,30.8,31.0,0.05,1114,2633,30.9
2019-02-25,7508125,232765082,31.1,30.95,31.0,0.0,1561,2633,31.0
2019-02-26,24269431,779931756,32.7,31.15,32.2,1.2,8424,2633,31.15
2019-02-27,21395686,700504138,33.0,32.25,33.0,0.8,8038,2633,32.25
2019-03-04,12954768,430075437,33.45,33.0,33.25,0.25,5418,2633,33.1
2019-03-05,22741530,774741956,34.65,33.1,34.45,1.2,7802,2633,33.2
2019-03-06,24014299,835791015,35.1,34.5,35.0,0.55,8314,2633,34.55
2019-03-07,13514619,468705875,35.0,34.1,34.75,-0.25,4906,2633,35.0
2019-03-08,13707775,469496747,34.65,33.95,34.35,-0.4,5181,2633,34.65
2019-03-11,8217712,283029237,34.9,34.15,34.35,0.0,3664,2633,34.35
2019-03-12,7254586,250948106,34.85,34.3,34.65,0.3,2955,2633,34.55
2019-03-13,3803868,131139186,34.65,34.4,34.45,-0.2,1689,2633,34.65
2019-03-14,7434846,256811449,34.75,34.4,34.55,0.1,2383,2633,34.45
2019-03-15,11567875,402715519,35.2,34.25,34.9,0.35,3737,2633,34.55
2019-03-18,6866288,239058172,35.0,34.4,34.95,0.05,2653,2633,34.95
2019-03-19,7189783,252013924,35.15,34.75,35.1,0.15,2432,2633,34.95
2019-03-20,15533775,556875831,36.25,35.1,35.85,0.75,6124,2633,35.15
2019-03-21,18175654,637892400,35.7,34.8,35.05,-0.8,6933,2633,35.7
2019-03-22,8587743,299985066,35.2,34.7,35.05,0.0,3697,2633,35.15
2019-03-25,5200936,181219146,35.0,34.4,34.9,-0.15,2353,2633,34.5
2019-03-26,5174817,181898595,35.3,34.9,35.2,0.3,1786,2633,34.95
2019-03-27,3275051,115228330,35.25,35.05,35.2,0.0,1419,2633,35.2
2019-03-28,6025057,212620958,35.6,35.05,35.6,0.4,1848,2633,35.25
2019-03-29,7622794,273281684,36.0,35.5,36.0,0.4,2869,2633,35.8
2019-04-01,7428323,264097755,36.1,35.3,35.45,-0.55,3363,2633,36.0
2019-04-02,8672890,308195681,35.95,35.15,35.85,0.4,3494,2633,35.4
2019-04-03,3951927,140493238,35.9,35.45,35.45,-0.4,2089,2633,35.9
2019-04-08,7316242,260665402,35.85,35.4,35.7,0.25,2767,2633,35.45
2019-04-09,3879105,138000275,35.75,35.5,35.7,0.0,1545,2633,35.7
2019-04-10,6388170,226957586,35.6,35.4,35.6,-0.1,2175,2633,35.6
2019-04-11,7780008,274479659,35.6,35.0,35.1,-0.5,2859,2633,35.6
2019-04-12,6722323,235397405,35.1,34.95,35.1,0.0,2828,2633,35.05
2019-04-15,4512025,158570718,35.25,35.05,35.15,0.05,2566,2633,35.1
2019-04-16,6697287,237078942,35.6,35.05,35.6,0.45,4139,2633,35.15
2019-04-17,7628980,270896881,35.65,35.3,35.6,0.0,3439,2633,35.6
2019-04-18,11038911,396686379,36.25,35.3,36.0,0.4,3877,2633,35.6
2019-04-19,14195276,522508299,37.4,35.95,37.0,1.0,5544,2633,36.0
2019-04-22,12563529,474671493,38.4,37.3,37.55,0.55,6141,2633,37.3
2019-04-23,9253083,344266104,37.5,36.65,37.25,-0.3,4026,2633,37.25
2019-04-24,6130931,229023946,37.6,37.0,37.5,0.25,2685,2633,37.25
2019-04-25,6083978,227988214,38.0,37.25,37.5,0.0,2840,2633,38.0
2019-04-26,4057110,151668813,37.5,37.3,37.5,0.0,2350,2633,37.45
2019-04-29,4117109,154400630,37.8,37.3,37.55,0.05,2672,2633,37.5
2019-04-30,5207230,194939693,37.65,37.3,37.6,0.05,2657,2633,37.55
2019-05-02,3204378,119874603,37.7,37.3,37.4,-0.2,1896,2633,37.6
2019-05-03,3280722,122809677,37.5,37.35,37.5,0.1,1805,2633,37.5
2019-05-06,4188908,156763081,37.8,37.3,37.4,-0.1,2135,2633,37.4
2019-05-07,5305696,198491419,37.55,37.35,37.35,-0.05,2651,2633,37.5
2019-05-08,4976144,185498326,37.35,37.1,37.35,0.0,1801,2633,37.3
2019-05-09,10387689,382968048,37.25,36.5,36.55,-0.8,5049,2633,37.2
2019-05-10,6616930,242646450,36.9,36.5,36.6,0.05,3914,2633,36.55
2019-05-13,21507013,829062344,39.5,36.75,38.95,2.35,8945,2633,37.0
2019-05-14,18394178,717071959,39.6,38.6,39.2,0.25,9304,2633,38.8
2019-05-15,26760663,1089312259,41.5,39.85,41.25,2.05,10212,2633,40.0
2019-05-16,14330074,585541621,41.6,40.3,40.45,-0.8,6882,2633,41.25
2019-05-17,9229522,373667043,41.1,40.1,40.15,-0.3,5043,2633,40.55
2019-05-20,13305041,546535484,41.8,40.2,40.55,0.4,6090,2633,40.5
2019-05-21,13218672,546118460,41.7,40.85,41.7,1.15,6869,2633,41.0
2019-05-22,17926624,765435263,43.15,42.05,42.7,1.0,9043,2633,42.4
2019-05-23,13781434,587411552,43.0,41.9,42.7,0.0,6941,2633,42.75
2019-05-24,10299691,440913063,43.3,42.35,42.95,0.25,5880,2633,43.0
2019-05-27,6148258,264776042,43.5,42.85,43.05,0.1,3338,2633,43.3
2019-05-28,27922110,1156908177,43.05,40.55,41.0,-2.05,10846,2633,43.05
2019-05-29,14659461,609512562,42.0,40.2,42.0,1.0,6695,2633,40.8
2019-05-30,15281943,655405367,43.2,42.3,43.1,1.1,6617,2633,42.3
2019-05-31,12347807,533520348,43.5,42.6,43.5,0.4,5565,2633,43.2
2019-06-03,25882787,1163350022,45.45,43.5,45.35,1.85,11550,2633,43.5
2019-06-04,10236713,459471579,45.3,44.7,44.85,-0.5,5393,2633,45.0
2019-06-05,15650332,711430112,46.15,44.4,46.15,1.3,6667,2633,45.0
2019-06-06,17210274,796899367,46.7,45.6,46.65,0.5,7368,2633,46.5
2019-06-10,10527718,491655686,47.0,46.15,46.95,0.3,5051,2633,46.45
2019-06-11,9925743,462150020,47.0,46.1,46.6,-0.35,4941,2633,46.8
2019-06-12,16214589,741286017,46.55,45.25,45.25,-1.35,7066,2633,46.4
2019-06-13,10769657,494139981,46.1,45.3,46.05,0.8,4815,2633,45.3
2019-06-14,11545131,534615547,46.85,45.7,45.85,-0.2,5383,2633,46.6
2019-06-17,9179211,419004000,46.4,45.35,45.4,-0.45,4008,2633,45.75
2019-06-18,9741793,445684878,46.2,45.1,46.0,0.6,4247,2633,45.45
2019-06-19,8818582,407766886,46.45,45.85,46.35,0.35,5060,2633,46.15
2019-06-20,8353497,384326514,46.8,45.7,45.8,-0.55,4037,2633,46.7
2019-06-21,8929440,409840740,46.3,45.6,46.0,0.2,3749,2633,46.0
2019-06-24,4946772,228439880,46.3,45.95,46.25,0.25,2469,2633,46.0
2019-06-25,3841387,177272226,46.5,45.95,46.25,0.0,2133,2633,46.5
2019-06-26,3366147,154992606,46.35,45.95,45.95,-0.3,1670,2633,46.3
2019-06-27,6034617,278728842,46.4,45.95,46.2,0.25,2806,2633,46.0
2019-06-28,5321854,243895591,46.2,45.65,45.7,-0.5,2335,2633,46.0
2019-07-01,16184990,725370561,45.6,44.45,44.75,-0.95,7046,2633,45.5
2019-07-02,20217392,885597592,44.65,43.3,43.65,-1.1,9471,2633,44.1
2019-07-03,9299384,412171596,44.65,43.75,44.15,0.5,4357,2633,43.75
2019-07-04,2750802,121760569,44.55,44.15,44.2,0.05,1585,2633,44.2
2019-07-05,2032919,89651797,44.35,43.9,44.2,0.0,1183,2633,44.25
2019-07-08,2675074,118225210,44.35,44.05,44.25,0.05,1447,2633,44.2
2019-07-09,2502582,110432348,44.25,44.05,44.1,-0.15,1454,2633,44.25
2019-07-10,5483752,245147890,44.95,44.1,44.75,0.65,2854,2633,44.45
2019-07-11,9145420,403061355,45.0,43.55,44.0,-0.75,3912,2633,45.0
2019-07-12,6240641,272787914,44.0,43.6,43.7,-0.3,2982,2633,44.0
2019-07-15,3827162,166972294,44.0,43.4,43.85,0.15,1857,2633,43.7
2019-07-16,4557827,198990062,43.95,43.45,43.5,-0.35,2200,2633,43.9
2019-07-17,5699109,247327085,43.8,43.2,43.35,-0.15,2651,2633,43.5
2019-07-18,3736057,162793039,43.75,43.35,43.7,0.35,1682,2633,43.35
2019-07-19,4509221,197939850,44.15,43.7,43.8,0.1,2126,2633,44.0
2019-07-22,8226109,356733450,44.0,43.15,43.15,-0.65,3937,2633,44.0
2019-07-23,10507666,454937638,43.75,42.8,43.45,0.3,4396,2633,43.15
2019-07-24,8343428,354117334,42.7,42.05,42.15,0.0,3976,2633,42.5
2019-07-25,9227669,386105898,42.25,41.3,41.85,-0.3,4366,2633,42.2
2019-07-26,7451986,309242795,41.8,41.4,41.45,-0.4,2968,2633,41.8
2019-07-29,7609228,317312017,42.2,41.45,41.65,0.2,3323,2633,41.45
2019-07-30,4051361,169182023,41.95,41.65,41.75,0.1,2170,2633,41.7
2019-07-31,3562532,148345599,41.85,41.5,41.6,-0.15,1830,2633,41.75
2019-08-01,5772598,238603003,41.6,41.0,41.5,-0.1,2991,2633,41.0
2019-08-02,7422820,303133922,41.2,40.65,41.0,-0.5,3560,2633,41.0
2019-08-05,7496403,304831170,41.35,40.3,41.25,0.25,3696,2633,40.75
2019-08-06,6993326,284935886,41.2,40.1,40.8,-0.45,3469,2633,40.4
2019-08-07,4680987,192127851,41.8,40.8,41.1,0.3,2864,2633,40.8
2019-08-08,3867804,159886840,41.6,41.05,41.35,0.25,1866,2633,41.3
2019-08-12,6412774,263974129,41.6,40.9,41.0,-0.35,2630,2633,41.05
2019-08-13,9717653,390515244,40.95,39.8,40.1,-0.9,4703,2633,40.95
2019-08-14,9443330,378673560,40.6,39.8,40.1,0.0,4202,2633,40.2
2019-08-15,23983078,924573566,39.9,37.9,38.0,-2.1,9011,2633,39.9
2019-08-16,17260763,667098913,39.2,38.0,38.4,0.4,5862,2633,38.0
2019-08-19,10525233,401974434,38.6,37.9,38.3,-0.1,4167,2633,38.6
2019-08-20,8411740,320339501,38.3,37.8,38.3,0.0,3105,2633,38.2
2019-08-21,11963787,452425664,38.1,37.65,37.65,-0.65,5160,2633,38.1
2019-08-22,12580564,468740393,37.9,37.0,37.0,-0.65,5670,2633,37.5
2019-08-23,13208992,486988492,37.35,36.35,37.25,0.25,5379,2633,37.0
2019-08-26,6459374,237878408,37.2,36.6,36.75,-0.5,2830,2633,37.05
2019-08-27,7623892,280728230,37.0,36.6,36.95,0.2,2415,2633,36.75
2019-08-28,8275173,309666961,38.0,36.95,37.45,0.5,3772,2633,37.0
2019-08-29,8171465,305653720,37.9,37.0,37.85,0.4,2685,2633,37.3
2019-08-30,11515513,436577544,38.15,37.6,37.9,0.05,3533,2633,38.1
2019-09-02,3471719,132035718,38.15,37.9,37.95,0.05,1768,2633,37.95
2019-09-03,2873514,108791255,38.0,37.75,37.8,-0.15,1233,2633,38.0
2019-09-04,5166178,195494515,37.95,37.7,37.9,0.1,2360,2633,37.85
2019-09-05,7334495,278847846,38.15,37.85,38.15,0.25,2900,2633,38.1
2019-09-06,5841182,222868469,38.45,37.9,38.35,0.2,2440,2633,38.1
2019-09-09,8677630,328818447,38.3,37.65,37.9,-0.45,3531,2633,38.3
2019-09-10,13811309,510733275,37.7,36.8,36.9,-1.0,6666,2633,37.7
2019-09-11,21766041,783935106,36.6,35.45,36.3,-0.6,8912,2633,36.6
2019-09-12,8585989,316650724,37.3,36.4,36.6,0.3,3921,2633,36.5
2019-09-16,4757898,174839476,36.9,36.5,36.75,0.15,2244,2633,36.6
2019-09-17,5201228,191216380,36.9,36.5,36.85,0.1,1977,2633,36.75
2019-09-18,4080332,150120736,36.95,36.6,36.6,-0.25,2199,2633,36.75
2019-09-19,5210021,190318808,36.75,36.4,36.75,0.15,2311,2633,36.45
2019-09-20,5695271,208336878,36.8,36.5,36.6,-0.15,1775,2633,36.8
2019-09-23,3913259,143161734,36.9,36.35,36.4,-0.2,2666,2633,36.65
2019-09-24,5964644,215292348,36.5,36.0,36.05,-0.35,3467,2633,36.4
2019-09-25,11459577,406629024,36.05,35.2,35.45,-0.6,5428,2633,36.0
2019-09-26,6037915,214074817,35.85,35.15,35.35,-0.1,2861,2633,35.45
2019-09-27,3482352,123266389,35.65,35.2,35.3,-0.05,1613,2633,35.25
2019-10-01,10064889,351859974,35.65,34.7,35.0,-0.3,4602,2633,35.6
2019-10-02,5695073,196662308,34.9,34.4,34.4,-0.6,2910,2633,34.9
2019-10-03,5329905,181665627,34.3,33.8,34.15,-0.25,2463,2633,34.0
2019-10-04,17142059,610438679,36.5,34.1,35.55,1.4,7592,2633,34.1
2019-10-07,6750965,237643701,35.85,34.85,35.05,-0.5,3186,2633,35.75
2019-10-08,5863881,204013334,35.4,34.6,34.6,-0.45,3107,2633,35.0
2019-10-09,4159049,144164839,34.95,34.2,34.7,0.1,2315,2633,34.55
2019-10-14,4323567,151405961,35.35,34.75,35.05,0.35,2549,2633,35.35
2019-10-15,2694538,94531900,35.25,34.9,35.25,0.2,1569,2633,35.15
2019-10-16,4709454,166492789,35.65,35.05,35.65,0.4,2032,2633,35.35
2019-10-17,3026607,107609453,35.65,35.4,35.45,-0.2,1505,2633,35.65
2019-10-18,4178504,146902185,35.55,34.9,35.0,-0.45,1900,2633,35.5
2019-10-21,2596668,91744688,35.5,35.0,35.35,0.35,1457,2633,35.05
2019-10-22,4191731,149580695,35.95,35.35,35.7,0.35,2082,2633,35.35
2019-10-23,4182634,147952191,35.7,35.2,35.25,-0.45,2346,2633,35.7
2019-10-24,2564944,91138585,35.65,35.25,35.65,0.4,1430,2633,35.35
2019-10-25,4499763,161258867,35.9,35.6,35.85,0.2,2667,2633,35.65
2019-10-28,3326450,119530700,36.15,35.8,35.85,0.0,1799,2633,36.05
2019-10-29,3976141,142165926,36.0,35.55,35.85,0.0,1757,2633,36.0
2019-10-30,4479614,160076196,35.95,35.55,35.95,0.1,1636,2633,35.8
2019-10-31,4623111,166547650,36.15,35.85,36.05,0.1,1847,2633,35.95
2019-11-01,3104269,111654553,36.2,35.85,36.0,-0.05,1819,2633,36.05
2019-11-04,3114126,112305116,36.2,35.85,36.2,0.2,1620,2633,36.0
2019-11-05,3100154,112154809,36.35,36.05,36.35,0.15,1324,2633,36.05
2019-11-06,3249489,117934460,36.4,36.2,36.3,-0.05,1536,2633,36.35
2019-11-07,2945702,107213331,36.5,36.3,36.4,0.1,1576,2633,36.35
2019-11-08,3831321,139147411,36.5,35.9,36.5,0.1,1963,2633,36.45
2019-11-11,4536611,164813046,36.55,36.15,36.3,-0.2,2135,2633,36.5
2019-11-12,3187712,115447978,36.45,36.0,36.4,0.1,1699,2633,36.45
2019-11-13,7844080,278664031,36.25,35.2,35.2,-1.2,3974,2633,36.25
2019-11-14,3423910,121116251,35.55,35.1,35.3,0.1,1888,2633,35.2
2019-11-15,3177075,113348930,35.9,35.45,35.7,0.4,1663,2633,35.5
2019-11-18,2768240,99200743,36.05,35.6,36.05,0.35,1229,2633,35.8
2019-11-19,2315746,83183373,36.1,35.7,36.0,-0.05,1017,2633,35.75
2019-11-20,2828742,102139344,36.2,35.9,36.2,0.2,1376,2633,36.0
2019-11-21,4919211,177918456,36.45,35.75,36.4,0.2,2018,2633,36.15
2019-11-22,2044602,74324714,36.45,36.2,36.45,0.05,1016,2633,36.4
2019-11-25,2254252,81991574,36.5,36.25,36.35,-0.1,1290,2633,36.5
2019-11-26,8669363,313314310,36.4,36.05,36.05,-0.3,1760,2633,36.4
2019-11-27,2059103,74393319,36.3,36.0,36.15,0.1,1138,2633,36.3
2019-11-28,1506941,54493153,36.3,36.0,36.2,0.05,974,2633,36.15
2019-11-29,3507608,126146224,36.2,35.8,35.95,-0.25,1157,2633,36.2
2019-12-02,1293732,46653702,36.15,35.9,36.1,0.15,765,2633,36.05
2019-12-03,2497399,89486414,36.0,35.7,35.75,-0.35,1233,2633,35.95
2019-12-04,1582640,56639090,35.95,35.65,35.95,0.2,820,2633,35.7
2019-12-05,1042662,37420182,36.0,35.8,35.85,-0.1,591,2633,36.0
2019-12-06,973739,34967906,36.0,35.85,35.85,0.0,547,2633,36.0
2019-12-09,2267055,81068163,35.9,35.7,35.7,-0.15,1164,2633,35.9
2019-12-10,1764413,62822228,35.7,35.5,35.65,-0.05,1271,2633,35.7
2019-12-11,2065262,73759981,35.9,35.6,35.9,0.25,998,2633,35.6
2019-12-12,5377862,194419966,36.5,35.8,36.3,0.4,2576,2633,35.9
2019-12-13,2931153,106204534,36.4,36.1,36.1,-0.2,1564,2633,36.35
2019-12-16,3629826,130996078,36.25,35.9,36.2,0.1,1769,2633,36.1
2019-12-17,3247773,117490666,36.35,36.0,36.35,0.15,1778,2633,36.2
2019-12-18,4254664,154538195,36.4,36.2,36.3,-0.05,1941,2633,36.3
2019-12-19,2881567,104568669,36.4,36.15,36.3,0.0,1314,2633,36.3
2019-12-20,18153718,681984793,38.15,36.25,38.15,1.85,7242,2633,36.4
2019-12-23,26981392,1054431862,39.7,38.2,39.7,1.55,12127,2633,38.5
2019-12-24,21208951,844975005,40.5,39.05,39.2,-0.5,11040,2633,39.8
2019-12-25,7852699,306167322,39.6,38.65,38.8,-0.4,4804,2633,39.2
2019-12-26,6271766,241820257,39.15,38.25,38.45,-0.35,3536,2633,38.85
2019-12-27,5477799,210769027,38.75,38.35,38.6,0.15,2741,2633,38.65
2019-12-30,3746765,144248264,38.75,38.3,38.6,0.0,2134,2633,38.65
2019-12-31,3521736,135271629,38.6,38.3,38.4,-0.2,1766,2633,38.5
2020-01-02,3847924,147230670,38.5,38.15,38.25,-0.15,2236,2633,38.45
2020-01-03,8640416,335439867,39.6,38.25,38.85,0.6,4807,2633,38.25
2020-01-06,6157297,234712019,38.6,37.85,37.9,-0.95,3003,2633,38.35
2020-01-07,4448701,169153288,38.4,37.85,37.9,0.0,2048,2633,38.0
2020-01-08,4789968,180209698,37.85,37.5,37.5,-0.4,2360,2633,37.6
2020-01-09,4008259,152579363,38.2,37.6,38.15,0.65,1959,2633,37.6
2020-01-10,6409436,246762132,38.9,38.2,38.25,0.1,3452,2633,38.2
2020-01-13,7394993,287226627,39.15,38.5,38.8,0.55,3524,2633,38.5
2020-01-14,4115668,160067759,39.1,38.8,38.8,0.0,1948,2633,38.9
2020-01-15,4471907,172880736,38.95,38.35,38.55,-0.25,2135,2633,38.85
2020-01-16,3091610,119948822,38.9,38.65,38.8,0.25,1499,2633,38.85
2020-01-17,3638833,141439437,39.0,38.75,39.0,0.2,1952,2633,38.9
2020-01-20,4037954,157538936,39.1,38.9,38.95,-0.05,1864,2633,39.05
2020-01-30,16730652,610906661,37.3,36.0,36.05,-2.9,7139,2633,36.2
2020-01-31,6400182,232215986,36.8,36.05,36.15,0.1,3073,2633,36.05
2020-02-03,6780763,239751418,35.8,34.7,35.55,-0.6,3054,2633,35.8
2020-02-04,4885683,176138175,36.45,35.4,36.2,0.65,2670,2633,35.45
2020-02-05,3268409,117958423,36.3,35.8,36.05,-0.15,1570,2633,36.2
2020-02-06,3924526,143294387,36.75,36.35,36.55,0.5,1762,2633,36.6
2020-02-07,2747793,99563459,36.5,36.1,36.15,-0.4,1460,2633,36.5
2020-02-10,6552067,234879912,36.3,35.55,35.8,-0.35,2490,2633,36.1
2020-02-11,2075481,74596752,36.2,35.8,35.9,0.1,1273,2633,35.95
2020-02-12,4795135,172578304,36.15,35.7,36.0,0.1,2568,2633,35.8
2020-02-13,4067981,146511001,36.15,35.95,36.0,0.0,1753,2633,36.0
2020-02-14,2739676,98365297,36.0,35.85,35.9,-0.1,1711,2633,35.9
2020-02-17,3696757,131964512,35.85,35.55,35.6,-0.3,1671,2633,35.8
2020-02-18,3581684,127135853,35.65,35.35,35.65,0.05,1798,2633,35.55
2020-02-19,2822800,101341709,36.15,35.55,36.05,0.4,1528,2633,35.6
2020-02-20,4587334,163579132,36.0,35.5,35.55,-0.5,2367,2633,36.0
2020-02-21,4892917,173606608,35.65,35.35,35.5,-0.05,2169,2633,35.55
2020-02-24,7921488,277430419,35.2,34.85,35.1,-0.4,3525,2633,35.1
2020-02-25,5342920,186663770,35.1,34.65,35.0,-0.1,2879,2633,34.75
2020-02-26,6809890,236061507,34.85,34.55,34.55,-0.45,3376,2633,34.6
2020-02-27,8092348,278769772,34.6,34.3,34.5,-0.05,2786,2633,34.5
2020-03-02,9188918,310394312,34.0,33.4,33.7,-0.8,4938,2633,33.6
2020-03-03,8152901,275501617,34.0,33.65,33.65,-0.05,3597,2633,33.95
2020-03-04,6719880,228071743,34.45,33.65,34.25,0.6,3437,2633,33.65
2020-03-05,6128750,209862836,34.45,34.1,34.35,0.1,3595,2633,34.3
2020-03-06,7873681,266981054,34.35,33.7,33.7,-0.65,3810,2633,34.35
2020-03-09,10389304,344088422,33.3,33.0,33.0,-0.7,5579,2633,33.3
2020-03-10,9798859,318237997,32.9,32.1,32.65,-0.35,4012,2633,32.1
2020-03-11,6994188,228119470,32.85,32.3,32.4,-0.25,3638,2633,32.6
2020-03-12,14870102,465942548,32.0,31.0,31.1,-1.3,7405,2633,32.0
2020-03-13,22914304,665989032,29.95,28.15,29.7,-1.4,9900,2633,28.2
2020-03-16,8876578,264426205,30.0,29.6,29.6,-0.1,4052,2633,29.7
2020-03-17,18430346,528272486,29.3,28.25,28.4,-1.2,7092,2633,29.0
2020-03-18,14398503,401925284,28.4,27.4,27.8,-0.6,6208,2633,27.5
2020-03-19,14642247,390754614,27.4,25.95,27.05,-0.75,5488,2633,26.95
2020-03-20,14026137,388637146,28.2,27.1,27.55,0.5,5387,2633,27.1
2020-03-23,9463518,263976745,28.3,26.6,27.8,0.25,3755,2633,27.45
2020-03-24,11058588,319834401,29.15,28.5,28.9,1.1,4118,2633,28.5
2020-03-25,8252444,243918492,29.85,29.2,29.55,0.65,3594,2633,29.4
2020-03-26,5471216,161319717,29.85,29.1,29.4,-0.15,2248,2633,29.55
2020-03-27,5595960,165653294,30.0,29.35,29.45,0.05,2568,2633,29.9
2020-03-30,6310219,180412249,28.9,28.0,28.7,-0.75,2909,2633,28.5
2020-03-31,6706744,194000785,29.3,28.7,28.75,0.05,2456,2633,29.0
2020-04-01,4773516,135971064,28.7,28.35,28.35,-0.4,2343,2633,28.7
2020-04-06,5340074,151214595,28.7,28.05,28.4,0.05,2142,2633,28.5
2020-04-07,8397122,242824251,29.2,28.55,28.85,0.45,4106,2633,28.6
2020-04-08,10392524,309618267,30.2,28.75,30.0,1.15,4982,2633,28.85
2020-04-09,14470385,454909577,32.15,30.75,31.65,1.65,7435,2633,30.85
2020-04-10,6305211,199285096,31.95,31.2,31.65,0.0,3998,2633,31.55
2020-04-13,4481614,140039730,31.7,31.05,31.05,-0.6,2035,2633,31.65
2020-04-14,6389625,202863717,31.9,31.25,31.85,0.8,2795,2633,31.5
2020-04-15,6531422,211323559,32.6,32.0,32.45,0.6,2972,2633,32.0
2020-04-16,4848973,155909012,32.35,31.9,32.15,-0.3,2104,2633,32.3
2020-04-17,6291334,204305253,32.8,32.2,32.25,0.1,2446,2633,32.45
2020-04-20,4021165,129383274,32.35,31.85,32.35,0.1,1884,2633,32.0
2020-04-21,5512652,174976664,32.35,31.5,31.5,-0.85,2915,2633,32.0
2020-04-22,4737582,148030634,31.7,30.7,31.6,0.1,2378,2633,31.3
2020-04-23,3096131,98255472,31.95,31.6,31.75,0.15,1096,2633,31.7
2020-04-24,1796268,56670476,31.8,31.5,31.5,-0.25,929,2633,31.8
2020-04-27,5077661,163189228,32.35,31.8,32.25,0.75,2046,2633,31.8
2020-04-28,6259269,205587140,33.05,32.45,33.05,0.8,2914,2633,32.5
2020-04-29,8455338,286240265,34.3,33.05,34.0,0.95,3564,2633,33.1
2020-04-30,9030380,309363108,34.65,34.05,34.1,0.1,3427,2633,34.6
2020-05-04,6010634,200409259,33.7,32.85,33.45,-0.65,3471,2633,33.0
2020-05-05,3640535,121775515,33.65,33.3,33.35,-0.1,2053,2633,33.5
2020-05-06,2882157,96167099,33.5,33.0,33.4,0.05,1371,2633,33.45
2020-05-07,3465367,115690873,33.6,33.25,33.45,0.05,1797,2633,33.4
2020-05-08,3563251,119449154,33.75,33.4,33.5,0.05,2040,2633,33.6
2020-05-11,4799015,162866988,34.4,33.55,33.85,0.35,2442,2633,33.6
2020-05-12,3722701,124688481,33.75,33.4,33.4,-0.45,2105,2633,33.55
2020-05-13,3592281,121095065,34.3,33.3,33.9,0.5,1699,2633,33.35
2020-05-14,3003226,101172146,33.9,33.55,33.6,-0.3,1425,2633,33.8
2020-05-15,2900978,97253499,33.8,33.3,33.5,-0.1,1257,2633,33.8
2020-05-18,3955241,133255769,34.0,33.3,33.8,0.3,1559,2633,33.35
2020-05-19,12424364,431054196,35.0,34.5,34.55,0.75,5716,2633,34.9
2020-05-20,12566246,440600608,35.35,34.7,35.1,0.55,5389,2633,34.75
2020-05-21,15086537,540455766,36.2,35.35,36.1,1.0,6613,2633,35.55
2020-05-22,8052545,287441290,36.1,35.45,35.45,-0.65,4042,2633,36.1
2020-05-25,23773708,875286036,37.5,35.5,37.3,1.85,9310,2633,35.55
2020-05-26,22275263,848198670,38.5,37.65,38.25,0.95,10142,2633,38.0
2020-05-27,29864997,1174311797,39.9,38.6,39.3,1.05,14334,2633,38.6
2020-05-28,20923002,814847840,39.95,38.1,38.45,-0.85,10772,2633,39.95
2020-05-29,19808867,750579146,38.4,37.7,37.7,-0.75,6817,2633,38.4
2020-06-01,13808985,530465004,39.0,38.2,38.3,0.6,6115,2633,38.2
2020-06-02,8527262,325296486,38.45,38.0,38.15,-0.15,5399,2633,38.4
2020-06-03,9242552,354484751,38.65,38.15,38.4,0.25,4474,2633,38.5
2020-06-04,7392603,283902065,38.8,38.2,38.4,0.0,3454,2633,38.6
2020-06-05,7368092,284170976,38.8,38.25,38.65,0.25,3320,2633,38.4
2020-06-08,12818345,496605113,38.9,38.5,38.75,0.1,6942,2633,38.7
2020-06-09,6857832,263884094,38.8,38.35,38.5,-0.25,2949,2633,38.75
2020-06-10,5782042,223165604,38.75,38.45,38.5,0.0,2967,2633,38.55
2020-06-11,10904535,416185237,38.5,37.9,38.0,-0.5,4160,2633,38.5
2020-06-12,10086293,377030809,37.7,37.0,37.5,-0.5,4312,2633,37.1
2020-06-15,7282846,271068347,37.6,37.05,37.05,-0.45,4475,2633,37.5
2020-06-16,5786109,216097983,37.65,37.15,37.55,0.5,3590,2633,37.4
2020-06-17,10718822,397978636,37.65,37.0,37.2,-0.35,6026,2633,37.6
2020-06-18,10540973,388668433,37.2,36.8,36.8,-0.4,4955,2633,37.2
2020-06-19,12262014,450687752,37.2,36.5,36.5,-0.3,4850,2633,37.0
2020-06-22,10745920,390235222,36.7,36.15,36.15,-0.35,6158,2633,36.55
2020-06-23,7414999,270282802,36.75,36.15,36.55,0.4,4172,2633,36.15
2020-06-24,8210010,303006114,37.15,36.7,36.85,0.3,4188,2633,36.7
2020-06-29,4167054,152307479,36.85,36.35,36.5,-0.35,2029,2633,36.75
2020-06-30,4982426,181833121,36.75,36.3,36.5,0.0,2146,2633,36.6
2020-07-01,7759923,284192148,36.8,36.5,36.5,0.0,3330,2633,36.7
2020-07-02,6462171,237605504,36.9,36.5,36.75,0.25,2100,2633,36.6
2020-07-03,4580983,169496257,37.15,36.85,37.05,0.3,2079,2633,37.1
2020-07-06,7081958,262917764,37.3,37.05,37.15,0.1,2729,2633,37.15
2020-07-07,10326656,382368183,37.3,36.85,37.15,0.0,3912,2633,37.25
2020-07-08,10511661,382627763,36.55,36.15,36.55,0.0,4157,2633,36.2
2020-07-09,10210911,369305404,36.65,36.0,36.05,-0.5,5120,2633,36.65
2020-07-10,8855483,315019179,36.0,35.4,35.4,-0.65,4270,2633,36.0
2020-07-13,9159203,321935231,35.4,35.05,35.2,-0.2,3708,2633,35.4
2020-07-14,8485250,295755942,35.2,34.7,34.7,-0.5,3605,2633,35.2
2020-07-15,9001085,318162995,35.85,34.75,35.25,0.55,4075,2633,34.75
2020-07-16,7431867,260100757,35.3,34.8,34.8,-0.45,3595,2633,35.25
2020-07-17,4100244,143493268,35.3,34.85,35.0,0.2,1995,2633,35.3
2020-07-20,2619261,91037200,35.0,34.6,34.9,-0.1,1487,2633,34.9
2020-07-21,3483013,121900651,35.15,34.9,34.95,0.05,1734,2633,34.9
2020-07-22,3322686,115813910,35.0,34.8,34.8,-0.15,1526,2633,34.95
2020-07-23,2664091,92499570,34.9,34.65,34.8,0.0,1471,2633,34.8
2020-07-24,3963131,137190101,34.75,34.55,34.6,-0.2,1556,2633,34.6
2020-07-27,6575034,224604447,34.55,34.0,34.05,-0.55,2913,2633,34.55
2020-07-28,7347453,247448385,33.9,33.2,33.8,-0.25,3204,2633,33.75
2020-07-29,8022067,271399304,34.5,33.45,33.55,-0.25,3899,2633,33.7
2020-07-30,6721624,224491087,33.8,33.3,33.35,-0.2,2974,2633,33.7
2020-07-31,7290806,244487604,34.0,33.3,33.3,-0.05,2997,2633,33.3
2020-08-03,6657459,220368341,33.45,32.9,32.95,-0.35,3163,2633,33.3
2020-08-04,4026859,133802995,33.45,32.9,33.3,0.35,1809,2633,32.95
2020-08-05,6843848,229100464,33.8,33.3,33.3,0.0,3298,2633,33.3
2020-08-06,8239568,273941326,33.65,32.95,33.0,-0.3,3419,2633,33.4
2020-08-07,11510683,375750187,33.15,32.4,32.45,-0.55,5085,2633,33.0
2020-08-10,4054218,131300959,32.7,32.15,32.6,0.15,1986,2633,32.45
2020-08-11,6084510,196523209,32.6,32.2,32.2,-0.4,2807,2633,32.6
2020-08-12,4266668,137783503,32.4,32.2,32.25,0.05,2046,2633,32.2
2020-08-13,4197734,137014391,32.75,32.3,32.7,0.45,1927,2633,32.3
2020-08-14,14084119,473216036,34.0,32.5,33.95,1.25,6863,2633,32.7
2020-08-17,7158923,243087800,34.3,33.5,33.95,0.0,3640,2633,34.1
2020-08-18,5682120,190263340,33.95,33.4,33.45,-0.5,2693,2633,33.75
2020-08-19,3953873,131879741,33.7,33.2,33.2,-0.25,2118,2633,33.5
2020-08-20,9504036,308188019,33.1,32.05,32.35,-0.85,4907,2633,33.05
2020-08-21,4107612,133971964,32.8,32.4,32.6,0.25,2064,2633,32.4
2020-08-24,3037702,98310189,32.55,32.25,32.35,-0.25,1412,2633,32.55
2020-08-25,6281454,207000163,33.3,32.4,33.0,0.65,2737,2633,32.4
2020-08-26,3157546,103885735,33.2,32.8,32.85,-0.15,1547,2633,33.1
2020-08-27,3037864,99057628,32.9,32.5,32.6,-0.25,1590,2633,32.85
2020-08-28,3153395,102902567,32.8,32.5,32.6,0.0,1317,2633,32.6
2020-08-31,8056841,263174203,33.0,32.5,32.5,-0.1,2338,2633,32.6
2020-09-01,3830770,123976151,32.5,32.25,32.35,-0.15,1423,2633,32.5
2020-09-02,3577776,115979843,32.65,32.3,32.45,0.1,1459,2633,32.55
2020-09-03,3384723,110376078,32.8,32.4,32.55,0.1,1588,2633,32.5
2020-09-04,4781584,154534897,32.45,32.2,32.35,-0.2,2038,2633,32.4
2020-09-07,3379430,109665115,32.55,32.35,32.4,0.05,1411,2633,32.45
2020-09-08,3381353,109876549,32.65,32.35,32.4,0.0,1567,2633,32.4
2020-09-09,5587941,178873379,32.3,31.55,32.15,-0.25,2929,2633,32.25
2020-09-10,2598681,83726979,32.35,32.15,32.2,0.05,1196,2633,32.3
2020-09-11,4082191,130510841,32.3,31.85,31.95,-0.25,2189,2633,32.15
2020-09-14,3122229,99799462,32.05,31.85,32.05,0.1,1359,2633,32.0
2020-09-15,1970063,63391260,32.25,32.0,32.15,0.1,1015,2633,32.05
2020-09-16,2380086,76573313,32.3,32.1,32.15,0.0,1064,2633,32.3
2020-09-17,3286764,105269650,32.25,31.95,32.0,-0.15,1699,2633,32.1
2020-09-18,6113589,194811760,32.0,31.7,32.0,0.0,2848,2633,31.85
2020-09-21,3388918,108581954,32.25,31.9,31.9,-0.1,1395,2633,32.0
2020-09-22,3326351,105326900,31.85,31.55,31.6,-0.3,1708,2633,31.85
2020-09-23,3265148,103037553,31.75,31.5,31.55,-0.05,1656,2633,31.65
2020-09-24,10083842,309350506,31.55,30.3,30.35,-1.2,4950,2633,31.4
2020-09-25,4674811,143424549,31.0,30.45,30.75,0.4,1994,2633,30.45
2020-09-28,3226137,101170561,31.8,30.95,31.35,0.6,1362,2633,30.95
2020-09-29,4275340,134465186,31.7,31.3,31.4,0.05,1283,2633,31.45
2020-09-30,3793407,120191684,31.8,31.6,31.65,0.25,1362,2633,31.6
2020-10-05,3020347,95974242,32.0,31.55,31.55,-0.1,1480,2633,31.8
2020-10-06,3279453,103803138,31.85,31.45,31.6,0.05,1552,2633,31.7
2020-10-07,2280658,71789754,31.65,31.4,31.45,-0.15,1062,2633,31.65
2020-10-08,3941285,123147895,31.6,31.15,31.25,-0.2,1756,2633,31.6
2020-10-12,3610611,112216947,31.35,31.0,31.1,-0.15,1781,2633,31.25
2020-10-13,2722066,83936982,31.05,30.7,30.85,-0.25,1318,2633,31.05
2020-10-14,3065983,95742862,31.45,30.85,31.2,0.35,1077,2633,30.85
2020-10-15,3450992,106349441,31.2,30.7,30.75,-0.45,1709,2633,31.15
2020-10-16,3616360,111340765,31.0,30.65,30.65,-0.1,1837,2633,30.75
2020-10-19,2477445,76119564,30.8,30.6,30.7,0.05,1158,2633,30.65
2020-10-20,2729465,83372339,30.7,30.5,30.55,-0.15,1341,2633,30.7
2020-10-21,3987215,121772141,30.7,30.4,30.55,0.0,1797,2633,30.55
2020-10-22,3255505,99511422,30.65,30.45,30.6,0.05,1278,2633,30.5
2020-10-23,3775908,115414068,30.75,30.45,30.5,-0.1,1262,2633,30.5
2020-10-26,3212525,99277275,31.05,30.55,30.9,0.4,1384,2633,30.55
2020-10-27,4963160,152944566,30.95,30.7,30.8,-0.1,1490,2633,30.85
2020-10-28,3321871,101392491,30.8,30.4,30.5,-0.3,1804,2633,30.75
2020-10-29,3515574,106140353,30.35,30.05,30.25,-0.25,1971,2633,30.35
2020-10-30,4487118,135213870,30.25,30.0,30.25,0.0,1724,2633,30.1
2020-11-02,2484467,75036586,30.25,30.15,30.25,0.0,1386,2633,30.2
2020-11-03,3737142,113457724,30.45,30.2,30.3,0.05,1514,2633,30.25
2020-11-04,3501188,106033655,30.4,30.2,30.2,-0.1,1127,2633,30.4
2020-11-05,5352671,162404687,30.65,30.1,30.2,0.0,2326,2633,30.35
2020-11-06,3682584,111488974,30.35,30.15,30.3,0.1,1378,2633,30.2
2020-11-09,5321344,163619113,30.85,30.3,30.8,0.5,1807,2633,30.5
2020-11-10,17389559,552420948,32.75,31.25,31.6,0.8,6949,2633,31.3
2020-11-11,8724256,276024265,31.85,31.4,31.7,0.1,3771,2633,31.75
2020-11-12,6182259,194553094,31.9,31.35,31.45,-0.25,1690,2633,31.9
2020-11-13,4719978,147422654,31.45,31.1,31.3,-0.15,1523,2633,31.4
2020-11-16,6967895,220404549,31.95,31.3,31.65,0.35,2800,2633,31.4
2020-11-17,7028295,221532273,31.7,31.4,31.55,-0.1,2691,2633,31.65
2020-11-18,7340270,233184822,31.9,31.55,31.8,0.25,2624,2633,31.55
2020-11-19,6781525,214056747,31.8,31.35,31.45,-0.35,2359,2633,31.8
2020-11-20,8068807,252734147,31.5,31.15,31.4,-0.05,2934,2633,31.5
2020-11-23,8023732,252186984,31.65,31.25,31.4,0.0,2656,2633,31.45
2020-11-24,5727096,179534826,31.6,31.25,31.35,-0.05,2222,2633,31.45
2020-11-25,8012545,250768418,31.55,31.15,31.3,-0.05,3067,2633,31.5
2020-11-26,5741616,179174686,31.45,31.15,31.2,-0.1,2351,2633,31.4
2020-11-27,5824731,181601531,31.3,31.1,31.25,0.05,2237,2633,31.25
2020-11-30,18127928,566703232,31.45,30.95,31.45,0.2,4374,2633,31.3
2020-12-01,7331589,228210912,31.5,31.0,31.1,-0.35,2876,2633,31.5
2020-12-02,9183655,285232533,31.15,31.0,31.05,-0.05,2471,2633,31.1
2020-12-03,8542202,267462661,31.45,31.0,31.3,0.25,3324,2633,31.1
2020-12-04,11333996,358389621,31.8,31.4,31.6,0.3,4074,2633,31.4
2020-12-07,8056827,252140245,31.7,31.2,31.25,-0.35,3255,2633,31.7
2020-12-08,10025074,311003380,31.15,30.95,30.95,-0.3,5176,2633,31.1
2020-12-09,7514991,232076613,31.05,30.8,30.85,-0.1,2869,2633,30.95
2020-12-10,8314137,256162504,30.95,30.7,30.8,-0.05,3461,2633,30.85
2020-12-11,6764532,208261690,30.95,30.7,30.75,-0.05,2584,2633,30.75
2020-12-14,6063136,187241678,31.0,30.75,30.8,0.05,1941,2633,30.75
2020-12-15,9529009,291772186,30.9,30.4,30.4,-0.4,4585,2633,30.75
2020-12-16,8091664,248847836,30.9,30.6,30.7,0.3,3420,2633,30.6
2020-12-17,3805354,116794523,30.8,30.6,30.7,0.0,1488,2633,30.75
2020-12-18,7475634,229205476,30.75,30.6,30.65,-0.05,2059,2633,30.7
2020-12-21,7993514,248660786,31.3,30.6,31.2,0.55,3777,2633,30.6
2020-12-22,9588215,295543784,31.3,30.5,30.5,-0.7,3790,2633,31.3
2020-12-23,10978873,332963293,30.6,30.15,30.55,0.05,3475,2633,30.5
2020-12-24,6258101,192530398,30.95,30.55,30.75,0.2,1898,2633,30.6
2020-12-25,4565442,140771092,30.95,30.75,30.9,0.15,1754,2633,30.8
2020-12-28,14180337,445062695,31.8,30.95,31.3,0.4,4677,2633,30.95
2020-12-29,5620712,176024387,31.55,31.2,31.3,0.0,2109,2633,31.5
2020-12-30,7001863,219031122,31.45,31.15,31.4,0.1,2532,2633,31.35
2020-12-31,9126748,288001090,31.8,31.25,31.7,0.3,3368,2633,31.45
2021-01-04,10135638,316191358,31.7,31.1,31.1,-0.6,4230,2633,31.7
2021-01-05,6678916,205604831,31.1,30.7,30.75,-0.35,3511,2633,31.1
2021-01-06,11088426,338907243,30.85,30.35,30.55,-0.2,5127,2633,30.75
2021-01-07,7219763,222004324,30.9,30.6,30.75,0.2,2662,2633,30.65
2021-01-08,10257461,313377258,30.8,30.35,30.7,-0.05,4708,2633,30.75
2021-01-11,8719287,267025394,30.8,30.5,30.7,0.0,2940,2633,30.7
2021-01-12,10256764,313029628,30.8,30.4,30.65,-0.05,5284,2633,30.7
2021-01-13,10047326,306299449,30.65,30.4,30.5,-0.15,4233,2633,30.65
2021-01-14,6831146,209224808,30.85,30.35,30.6,0.1,2788,2633,30.5
2021-01-15,8265152,250920512,30.6,30.25,30.3,-0.3,3359,2633,30.6
2021-01-18,9699999,291156038,30.25,29.85,30.05,-0.25,4742,2633,30.25
2021-01-19,8648633,259236216,30.1,29.85,30.0,-0.05,3779,2633,30.0
2021-01-20,17838589,524446333,30.0,29.05,29.05,-0.95,10469,2633,30.0
2021-01-21,7060857,206294207,29.45,29.05,29.1,0.05,4065,2633,29.05
2021-01-22,7958492,231696746,29.25,29.0,29.15,0.05,3402,2633,29.1
2021-01-25,6198405,179750700,29.25,28.8,29.2,0.05,3452,2633,29.0
2021-01-26,6422688,186755342,29.2,29.0,29.2,0.0,3294,2633,29.1
2021-01-27,7365901,216367362,29.65,29.2,29.25,0.05,3368,2633,29.25
2021-01-28,6482252,188466310,29.25,28.9,29.05,-0.2,3453,2633,29.2
2021-01-29,13389616,388145196,29.15,28.9,28.9,-0.15,4037,2633,29.0
2021-02-01,4713793,135865589,28.9,28.7,28.8,-0.1,2770,2633,28.8
2021-02-02,4473042,129326243,29.15,28.55,29.15,0.35,2694,2633,28.7
2021-02-03,7060969,205548677,29.3,28.9,29.1,-0.05,2570,2633,29.15
2021-02-04,5903007,171323817,29.2,28.85,29.2,0.1,3327,2633,28.95
2021-02-05,6972858,204416498,29.5,29.0,29.4,0.2,3491,2633,29.2
2021-02-17,8949836,264576372,29.85,29.2,29.8,0.4,4325,2633,29.4
2021-02-18,7693076,230461475,30.1,29.7,29.85,0.05,2878,2633,29.8
2021-02-19,5325849,158577576,30.0,29.6,30.0,0.15,2397,2633,29.8
2021-02-22,7465718,224778520,30.25,30.0,30.05,0.05,3030,2633,30.0
2021-02-23,10609346,323947164,30.7,30.05,30.7,0.65,4348,2633,30.05
2021-02-24,8963353,275880878,31.0,30.55,30.65,-0.05,3910,2633,30.8
2021-02-25,12407236,383692204,31.0,30.8,31.0,0.35,4634,2633,30.9
2021-02-26,19266761,586309234,31.0,30.15,30.15,-0.85,5387,2633,31.0
2021-03-02,8213610,251217993,30.8,30.4,30.5,0.35,3322,2633,30.55
2021-03-03,10309071,317985815,31.0,30.6,31.0,0.5,3556,2633,30.7
2021-03-04,9871819,301616107,30.9,30.3,30.4,-0.6,3360,2633,30.85
2021-03-05,6917703,211460816,30.8,30.15,30.6,0.2,2930,2633,30.15
2021-03-08,4436578,136306905,30.95,30.55,30.55,-0.05,1869,2633,30.9
2021-03-09,7113638,218820035,30.95,30.6,30.75,0.2,2033,2633,30.85
2021-03-10,4009405,123261795,30.9,30.6,30.75,0.0,1666,2633,30.9
2021-03-11,5865847,180794044,30.9,30.75,30.85,0.1,2170,2633,30.9
2021-03-12,3751718,115351399,30.9,30.65,30.8,-0.05,1836,2633,30.9
2021-03-15,5238486,160727371,30.8,30.6,30.7,-0.1,2266,2633,30.7
2021-03-16,4873971,149443815,30.75,30.55,30.65,-0.05,2045,2633,30.7
2021-03-17,7004277,213957730,30.7,30.4,30.5,-0.15,3276,2633,30.6
2021-03-18,8841326,273311996,31.0,30.8,30.8,0.3,3481,2633,31.0
2021-03-19,11611320,356918854,31.2,30.4,31.2,0.4,4046,2633,30.8
2021-03-22,7579953,233508912,31.0,30.7,30.75,-0.45,3159,2633,31.0
2021-03-23,5590078,171271391,30.75,30.55,30.55,-0.2,2444,2633,30.75
2021-03-24,6338988,193996055,30.7,30.45,30.7,0.15,1995,2633,30.65
2021-03-25,4479406,136819284,30.65,30.45,30.6,-0.1,2288,2633,30.6
2021-03-26,4236134,129388974,30.65,30.45,30.5,-0.1,2100,2633,30.6
2021-03-29,4655299,142977207,30.85,30.5,30.85,0.35,2052,2633,30.55
2021-03-30,6785078,209958928,31.05,30.85,31.0,0.15,2927,2633,30.9
2021-03-31,10190817,319242701,31.5,31.0,31.45,0.45,4344,2633,31.1
2021-04-01,8000939,249434780,31.55,31.0,31.1,-0.35,3602,2633,31.5
2021-04-06,6040076,187276584,31.35,30.85,30.85,-0.25,3331,2633,31.25
2021-04-07,3976292,122796416,31.0,30.8,31.0,0.15,1996,2633,30.85
2021-04-08,6636757,205572188,31.15,30.85,31.0,0.0,2574,2633,30.95
2021-04-09,5708599,176383948,30.95,30.85,30.9,-0.1,2038,2633,30.95
2021-04-12,6856289,211037146,30.9,30.7,30.85,-0.05,2621,2633,30.8
2021-04-13,5565000,171143408,30.85,30.7,30.7,-0.15,2596,2633,30.85
2021-04-14,5175655,158652882,30.8,30.55,30.65,-0.05,2332,2633,30.7
2021-04-15,5953811,182187535,30.65,30.55,30.6,-0.05,2256,2633,30.65
2021-04-16,4705465,144752731,30.9,30.65,30.9,0.3,2168,2633,30.65
2021-04-19,10449454,325316552,31.3,30.85,31.25,0.35,4240,2633,30.95
2021-04-20,12453268,391827596,31.55,31.2,31.55,0.3,5481,2633,31.25
2021-04-21,7870801,247802078,31.65,31.35,31.35,-0.2,3745,2633,31.55
2021-04-22,10524956,329338114,31.5,31.0,31.25,-0.1,3942,2633,31.5
2021-04-23,6391841,198762826,31.3,31.0,31.2,-0.05,2116,2633,31.25
2021-04-26,7375956,230316990,31.4,31.0,31.35,0.15,2685,2633,31.15
2021-04-27,5576769,174408407,31.35,31.2,31.35,0.0,2050,2633,31.35
2021-04-28,4567757,143209817,31.45,31.25,31.4,0.05,2107,2633,31.3
2021-04-29,6079169,190641071,31.45,31.25,31.45,0.05,2075,2633,31.35
2021-05-03,9081414,280976093,31.35,30.75,30.75,-0.7,3533,2633,31.3
2021-05-04,9611502,292781686,30.9,30.2,30.35,-0.4,4102,2633,30.8
2021-05-05,4039056,123082304,30.7,30.25,30.55,0.2,1586,2633,30.3
2021-05-06,5865136,178652138,30.65,30.35,30.6,0.05,2054,2633,30.5
2021-05-07,4682250,144443109,31.0,30.6,31.0,0.4,2422,2633,30.6
2021-05-10,6709514,207293578,31.3,31.0,31.25,0.25,2256,2633,31.15
2021-05-11,11753824,358291207,31.05,30.05,30.1,-1.15,4783,2633,31.0
2021-05-12,20489827,595174435,29.95,28.2,28.65,-1.45,9485,2633,29.6
2021-05-13,13285430,375760730,28.8,27.5,28.3,-0.35,6046,2633,28.4
2021-05-14,7222491,206523662,28.85,28.35,28.85,0.55,3368,2633,28.35
2021-05-17,15071384,410752911,27.8,26.8,27.0,-1.85,6799,2633,26.8
2021-05-18,9594273,265079508,27.95,27.1,27.85,0.85,4315,2633,27.1
2021-05-19,5348481,151624783,28.55,27.85,28.5,0.65,2268,2633,27.9
2021-05-20,5298223,149051005,28.3,28.0,28.15,-0.35,2378,2633,28.05
2021-05-21,6351593,178451353,28.55,27.9,28.1,-0.05,3154,2633,28.15
2021-05-24,3680420,103438711,28.25,28.0,28.1,0.0,2251,2633,28.0
2021-05-25,4154681,117551590,28.5,28.1,28.3,0.2,2054,2633,28.15
2021-05-26,3417969,96386889,28.35,28.1,28.25,-0.05,1665,2633,28.3
2021-05-27,11788217,340828366,29.25,28.05,29.25,1.0,2665,2633,28.2
2021-05-28,6382062,184618110,29.15,28.65,28.9,-0.35,3266,2633,29.15
2021-05-31,6460880,188732722,29.45,28.8,29.45,0.55,3519,2633,28.9
2021-06-01,5584271,166169942,29.95,29.4,29.95,0.5,3797,2633,29.45
2021-06-02,6203743,186440734,30.2,29.85,30.2,0.25,3975,2633,29.95
2021-06-03,4064842,122317588,30.35,29.9,30.15,-0.05,2040,2633,30.1
2021-06-04,3060970,91640277,30.05,29.8,30.0,-0.15,1890,2633,30.0
2021-06-07,6038524,176905738,29.7,29.05,29.2,-0.8,3182,2633,29.6
2021-06-08,4623264,135233664,29.6,29.1,29.15,-0.05,2211,2633,29.2
2021-06-09,2277514,66610992,29.35,29.15,29.35,0.2,1193,2633,29.15
2021-06-10,3289116,96757512,29.55,29.35,29.4,0.05,1515,2633,29.35
2021-06-11,2928704,86883656,29.8,29.45,29.65,0.25,1344,2633,29.55
2021-06-15,2982923,89022458,30.0,29.75,29.75,0.1,1484,2633,29.8
2021-06-16,3033403,90044126,29.85,29.55,29.55,-0.2,1735,2633,29.8
2021-06-17,3646222,106871398,29.45,29.2,29.4,-0.15,1887,2633,29.4
2021-06-18,19029235,552876111,29.4,29.0,29.0,-0.4,4042,2633,29.35
2021-06-21,6874630,202365898,29.8,29.05,29.45,0.45,3420,2633,29.05
2021-06-22,6982310,208534075,30.1,29.6,29.7,0.25,3157,2633,29.6
2021-06-23,5889646,176304227,30.0,29.75,30.0,0.3,2957,2633,29.9
2021-06-24,3020125,90422538,30.0,29.85,29.95,-0.05,1393,2633,30.0
2021-06-25,3567515,107068619,30.1,29.9,30.05,0.1,1566,2633,29.95
2021-06-28,3668957,109599774,30.05,29.7,30.05,0.0,1666,2633,30.0
2021-06-29,4340933,129532381,30.0,29.6,30.0,-0.05,2527,2633,30.0
2021-06-30,3490819,104337872,29.95,29.8,29.9,-0.1,1814,2633,29.95
2021-07-01,2885901,86088712,29.95,29.7,29.9,0.0,1448,2633,29.8
2021-07-02,3061306,91174478,29.85,29.75,29.8,-0.1,1335,2633,29.8
2021-07-05,3102915,92726989,30.0,29.7,29.95,0.15,1354,2633,29.8
2021-07-06,4828422,145054223,30.25,29.9,29.95,0.0,2168,2633,29.95
2021-07-07,3848454,115002875,30.0,29.75,29.9,-0.05,2079,2633,29.9
2021-07-08,3945416,117858813,30.0,29.8,29.95,0.05,2477,2633,29.95
2021-07-09,4299205,127779679,29.9,29.6,29.85,-0.1,2230,2633,29.85
2021-07-12,2275947,67819638,29.95,29.7,29.7,-0.15,1179,2633,29.95
2021-07-13,2512167,74788591,29.9,29.7,29.8,0.1,1240,2633,29.8
2021-07-14,3205445,95140889,29.9,29.6,29.7,-0.1,1324,2633,29.85
2021-07-15,2568732,76418795,29.85,29.65,29.85,0.15,1184,2633,29.8
2021-07-16,3948215,118138010,30.0,29.8,29.9,0.05,2303,2633,29.8
2021-07-19,4446717,133347528,30.15,29.8,30.15,0.25,2151,2633,29.9
2021-07-20,4075939,122299494,30.15,29.85,29.95,-0.2,1660,2633,30.1
2021-07-21,3768645,112688827,30.1,29.75,29.85,-0.1,1721,2633,30.0
2021-07-22,3392739,101861259,30.1,29.9,30.1,0.25,1392,2633,30.0
2021-07-23,10618040,325229231,30.9,30.1,30.9,0.8,4360,2633,30.1
2021-07-26,6322846,193515267,31.1,30.25,30.55,-0.35,3044,2633,31.1
2021-07-27,3830793,115661913,30.4,30.0,30.15,-0.4,1750,2633,30.4
2021-07-28,5200464,155462340,30.35,29.8,29.9,-0.25,3075,2633,30.15
2021-07-29,2528600,76248988,30.4,29.9,30.4,0.5,1233,2633,30.0
2021-07-30,3135831,94739123,30.35,30.05,30.35,-0.05,1355,2633,30.3
2021-08-02,2991032,90453937,30.35,30.05,30.35,0.0,1488,2633,30.2
2021-08-03,2259261,68402019,30.4,30.15,30.4,0.05,1124,2633,30.15
2021-08-04,1693370,51379521,30.45,30.2,30.35,-0.05,1009,2633,30.25
2021-08-05,2355670,71358749,30.45,30.15,30.45,0.1,1006,2633,30.3
2021-08-06,1824523,55244937,30.5,30.2,30.25,-0.2,1079,2633,30.45
2021-08-09,2985063,89696601,30.25,29.85,30.1,-0.15,1548,2633,30.05
2021-08-10,3892188,116936761,30.25,29.9,29.95,-0.15,1820,2633,30.2
2021-08-11,3436409,103150434,30.2,29.9,29.95,0.0,1254,2633,29.95
2021-08-12,2619497,78443802,30.1,29.9,29.9,-0.05,1150,2633,30.0
2021-08-13,4234350,126724311,30.0,29.85,30.0,0.1,1651,2633,29.9
2021-08-16,6880817,200561186,29.4,29.0,29.1,0.0,3188,2633,29.3
2021-08-17,4455525,129506907,29.25,29.0,29.1,0.0,2091,2633,29.15
2021-08-18,5700357,165112996,29.3,28.8,29.3,0.2,2923,2633,29.05
2021-08-19,5453591,157905211,29.3,28.85,29.05,-0.25,2382,2633,29.3
2021-08-20,5023617,144911615,29.0,28.75,28.8,-0.25,2287,2633,28.85
2021-08-23,3402994,99855475,29.45,28.9,29.4,0.6,1308,2633,29.0
2021-08-24,4299583,127728444,29.8,29.4,29.8,0.4,1894,2633,29.55
2021-08-25,3107152,92856983,30.0,29.75,30.0,0.2,1361,2633,29.9
2021-08-26,2429376,72260212,30.0,29.6,29.9,-0.1,1251,2633,30.0
2021-08-27,2080020,62138216,30.0,29.7,29.9,0.0,1036,2633,29.9
2021-08-30,2365944,70669668,30.0,29.75,30.0,0.1,1111,2633,29.9
2021-08-31,6567876,197558443,30.2,29.8,30.2,0.2,2024,2633,30.0
2021-09-01,2180375,65712143,30.25,30.0,30.15,-0.05,1115,2633,30.2
2021-09-02,1477938,44311047,30.2,29.85,29.85,-0.3,864,2633,30.1
2021-09-03,2141004,64274583,30.1,29.95,30.05,0.2,1097,2633,30.0
2021-09-06,1852964,55421846,30.1,29.85,29.9,-0.15,1008,2633,30.1
2021-09-07,2294894,68182137,29.95,29.6,29.75,-0.15,1189,2633,29.9
2021-09-08,2904459,85801734,29.75,29.45,29.65,-0.1,1569,2633,29.75
2021-09-09,2177138,64137693,29.6,29.4,29.4,-0.25,1001,2633,29.5
2021-09-10,1522799,45110579,29.75,29.45,29.75,0.35,862,2633,29.55
2021-09-13,1183170,35093421,29.8,29.5,29.7,-0.05,698,2633,29.75
2021-09-14,3373839,100787751,29.95,29.7,29.9,0.2,1351,2633,29.85
2021-09-15,2733378,81863383,30.0,29.8,30.0,0.1,1281,2633,29.9
2021-09-16,2779448,83179883,30.0,29.7,29.95,-0.05,1337,2633,30.0
2021-09-17,9126857,268897817,30.1,29.2,29.2,-0.75,1737,2633,29.95
2021-09-22,9768122,285509472,29.75,28.95,29.35,0.15,4901,2633,29.2
2021-09-23,3356284,99661710,29.85,29.45,29.85,0.5,1511,2633,29.6
2021-09-24,2018226,60364027,30.0,29.8,29.95,0.1,1058,2633,29.9
2021-09-27,2200838,65845061,30.0,29.8,29.85,-0.1,1033,2633,30.0
2021-09-28,1922669,57280225,29.9,29.5,29.9,0.05,983,2633,29.85
2021-09-29,3510276,103725022,29.7,29.45,29.6,-0.3,2038,2633,29.7
2021-09-30,3485440,102852263,29.8,29.3,29.6,0.0,1600,2633,29.45
2021-10-01,5300497,155087789,29.55,29.1,29.2,-0.4,2743,2633,29.45
2021-10-04,6059478,176073108,29.4,28.9,29.0,-0.2,2905,2633,29.3
2021-10-05,4013202,116367413,29.25,28.8,29.0,0.0,2304,2633,29.0
2021-10-06,4725602,136640384,29.15,28.85,28.85,-0.15,2811,2633,29.1
2021-10-07,3841849,112059445,29.3,28.9,29.15,0.3,2642,2633,29.1
2021-10-08,2055470,59881324,29.25,29.05,29.1,-0.05,1250,2633,29.15
2021-10-12,4578773,132115011,29.05,28.2,28.85,-0.25,2367,2633,28.9
2021-10-13,2913345,84303350,29.15,28.8,28.85,0.0,1668,2633,29.15
2021-10-14,3485734,101134776,29.25,28.85,28.85,0.0,2260,2633,29.1
2021-10-15,3527367,103146952,29.35,28.95,29.35,0.5,1840,2633,29.05
2021-10-18,4381987,128777034,29.6,29.1,29.3,-0.05,1684,2633,29.5
2021-10-19,4128264,121475074,29.55,29.35,29.35,0.05,2475,2633,29.45
2021-10-20,2375027,69816619,29.5,29.3,29.35,0.0,1498,2633,29.4
2021-10-21,2474582,72756241,29.5,29.35,29.35,0.0,1472,2633,29.4
2021-10-22,1323771,38762848,29.4,29.2,29.3,-0.05,905,2633,29.35
2021-10-25,1404605,41060243,29.35,29.15,29.25,-0.05,969,2633,29.25
2021-10-26,2658398,77798790,29.35,29.1,29.25,0.0,1395,2633,29.25
2021-10-27,2471581,71949190,29.25,29.05,29.1,-0.15,1418,2633,29.15
2021-10-28,2757820,80078369,29.15,29.0,29.05,-0.05,1579,2633,29.1
2021-10-29,5399068,156407455,29.1,28.8,29.05,0.0,2381,2633,29.05
2021-11-01,2657409,77172407,29.2,29.0,29.0,-0.05,1526,2633,29.15
2021-11-02,4806156,139387460,29.2,28.9,28.95,-0.05,2375,2633,29.0
2021-11-03,3269354,94805991,29.1,28.95,29.0,0.05,2124,2633,29.0
2021-11-04,4157722,120465748,29.1,28.9,29.0,0.0,2232,2633,29.0
2021-11-05,2886007,83489252,29.05,28.8,29.05,0.05,2095,2633,28.95
2021-11-08,4336167,126072535,29.15,28.95,29.15,0.1,2355,2633,29.05
2021-11-09,7774253,227495332,29.4,29.0,29.35,0.2,4956,2633,29.15
2021-11-10,2938000,85898623,29.35,29.15,29.25,-0.1,1739,2633,29.2
2021-11-11,2681425,78235868,29.3,29.1,29.2,-0.05,1489,2633,29.25
2021-11-12,1967408,57329121,29.3,29.1,29.2,0.0,1246,2633,29.2
2021-11-15,3820505,111253407,29.25,29.05,29.15,-0.05,2011,2633,29.2
2021-11-16,3594147,104643856,29.2,29.05,29.15,0.0,1975,2633,29.1
2021-11-17,9405238,274387943,29.3,29.05,29.2,0.05,2615,2633,29.15
2021-11-18,6365646,186185535,29.35,29.15,29.35,0.15,2848,2633,29.25
2021-11-19,7206017,212907902,29.75,29.4,29.4,0.05,3116,2633,29.5
2021-11-22,6452465,191235729,29.8,29.4,29.7,0.3,2642,2633,29.5
2021-11-23,4747693,141065021,29.8,29.6,29.6,-0.1,2188,2633,29.8
2021-11-24,6512870,194598587,30.0,29.6,29.95,0.35,3084,2633,29.7
2021-11-25,17721661,538605054,30.7,30.1,30.6,0.65,7226,2633,30.1
2021-11-26,11626253,351151988,30.7,29.95,30.05,-0.55,5479,2633,30.6
2021-11-29,7689497,227492859,29.8,29.3,29.5,-0.55,3473,2633,29.6
2021-11-30,17187946,512133195,30.2,29.45,29.65,0.15,3946,2633,29.6
2021-12-01,4259772,126884254,29.95,29.5,29.9,0.25,2147,2633,29.5
2021-12-02,5158141,153291512,29.9,29.55,29.9,0.0,2775,2633,29.65
2021-12-03,3529588,104959475,29.9,29.65,29.65,-0.25,1962,2633,29.9
2021-12-06,3846849,113590002,29.65,29.3,29.55,-0.1,1926,2633,29.65
2021-12-07,3179568,93920822,29.7,29.45,29.65,0.1,1916,2633,29.55
2021-12-08,3374300,100241338,29.85,29.6,29.75,0.1,1910,2633,29.85
2021-12-09,3757049,112248578,29.95,29.8,29.9,0.15,2069,2633,29.85
2021-12-10,4044788,120528750,29.95,29.65,29.75,-0.15,1871,2633,29.9
2021-12-13,5015291,148371951,29.85,29.5,29.5,-0.25,2440,2633,29.8
2021-12-14,5096253,149522096,29.5,29.25,29.3,-0.2,2477,2633,29.45
2021-12-15,4371317,127647102,29.3,29.15,29.15,-0.15,2048,2633,29.25
2021-12-16,4631258,135802364,29.45,29.15,29.45,0.3,2047,2633,29.2
2021-12-17,8450928,247071614,29.6,29.1,29.15,-0.3,2567,2633,29.4
2021-12-20,2512778,73413484,29.3,29.15,29.3,0.15,1113,2633,29.2
2021-12-21,2166820,63506211,29.4,29.15,29.35,0.05,876,2633,29.3
2021-12-22,1720847,50543348,29.45,29.25,29.35,0.0,779,2633,29.4
2021-12-23,1987553,58381311,29.45,29.3,29.35,0.0,851,2633,29.45
2021-12-24,2094555,61504996,29.45,29.3,29.4,0.05,873,2633,29.45
2021-12-27,2225493,65329343,29.45,29.25,29.45,0.05,941,2633,29.35
2021-12-28,4423308,130762564,29.65,29.4,29.6,0.15,1675,2633,29.5
2021-12-29,2687576,79516049,29.7,29.4,29.6,0.0,1185,2633,29.6
2021-12-30,2433592,71965971,29.6,29.5,29.6,0.0,1127,2633,29.6
2022-01-03,2350986,69156692,29.6,29.25,29.4,-0.2,1282,2633,29.6
2022-01-04,2667146,78109554,29.4,29.25,29.35,-0.05,4732,2633,29.35
2022-01-05,2161372,63496044,29.5,29.25,29.3,-0.05,1091,2633,29.35
2022-01-06,2409334,70716457,29.4,29.25,29.4,0.1,1429,2633,29.25
2022-01-07,2559080,74949922,29.4,29.2,29.35,-0.05,1405,2633,29.4
2022-01-10,2419718,70677599,29.3,29.1,29.2,-0.15,1320,2633,29.3
2022-01-11,2341721,68539301,29.35,29.1,29.35,0.15,1289,2633,29.2
2022-01-12,1591713,46600565,29.35,29.2,29.35,0.0,1184,2633,29.35
2022-01-13,2289376,67264939,29.45,29.3,29.45,0.1,1368,2633,29.35
2022-01-14,2175595,63625294,29.4,29.15,29.25,-0.2,1403,2633,29.3
2022-01-17,3208541,93393010,29.25,29.05,29.1,-0.15,1579,2633,29.15
2022-01-18,3857446,112104409,29.15,28.95,29.15,0.05,1772,2633,29.05
2022-01-19,10019861,288895030,29.15,28.65,28.8,-0.35,4920,2633,29.1
2022-01-20,4124166,118768686,28.95,28.7,28.85,0.05,2157,2633,28.8
2022-01-21,7624718,217689680,28.8,28.45,28.55,-0.3,4120,2633,28.75
2022-01-24,4593051,130067633,28.55,28.2,28.45,-0.1,2505,2633,28.5
2022-01-25,7973018,224250276,28.3,28.0,28.15,-0.3,4243,2633,28.25
2022-01-26,3232262,91558759,28.45,28.15,28.45,0.3,1666,2633,28.15
2022-02-07,6187939,175612721,28.6,28.15,28.4,-0.05,3366,2633,28.4
2022-02-08,4691078,134257291,28.75,28.45,28.6,0.2,2469,2633,28.55
2022-02-09,4616959,133491417,29.15,28.6,29.15,0.55,2678,2633,28.65
2022-02-10,2750921,79964064,29.2,28.9,29.2,0.05,1437,2633,29.15
2022-02-11,1819411,52933665,29.2,29.0,29.15,-0.05,988,2633,29.0
2022-02-14,2281248,65920069,29.1,28.75,29.0,-0.15,1400,2633,29.1
2022-02-15,2651093,76880338,29.1,28.8,29.0,0.0,1846,2633,28.85
2022-02-16,1878732,54639978,29.2,29.0,29.05,0.05,1283,2633,29.15
2022-02-17,10304210,303425512,29.55,29.1,29.5,0.45,3276,2633,29.2
2022-02-18,4553946,134582512,29.65,29.25,29.45,-0.05,2331,2633,29.25
2022-02-21,2625365,77036849,29.55,29.2,29.3,-0.15,1201,2633,29.45
2022-02-22,4024275,116956481,29.3,28.95,29.2,-0.1,1836,2633,29.3
2022-02-23,2581592,75501883,29.45,29.05,29.15,-0.05,1500,2633,29.05
2022-02-24,4819321,140138925,29.3,28.9,29.0,-0.15,2373,2633,29.2
2022-02-25,8903059,260847527,29.55,28.9,29.55,0.55,2605,2633,28.95
2022-03-01,4287675,126319087,29.55,29.35,29.5,-0.05,2251,2633,29.5
2022-03-02,4342229,127785146,29.55,29.3,29.55,0.05,2070,2633,29.5
2022-03-03,4728959,138522859,29.55,29.2,29.35,-0.2,2306,2633,29.5
2022-03-04,3647913,106361109,29.35,28.95,29.2,-0.15,1976,2633,29.05
2022-03-07,8443482,241688550,28.9,28.5,28.5,-0.7,4686,2633,28.9
2022-03-08,7222099,203819110,28.6,28.05,28.05,-0.45,4241,2633,28.35
2022-03-09,2688459,75995893,28.45,28.2,28.2,0.15,1572,2633,28.3
2022-03-10,2274823,65055915,28.7,28.45,28.65,0.45,1263,2633,28.45
2022-03-11,1942826,55385896,28.7,28.4,28.4,-0.25,1164,2633,28.65
2022-03-14,1993915,56999577,28.7,28.45,28.7,0.3,1016,2633,28.5
2022-03-15,2369415,67214302,28.7,28.25,28.45,-0.25,1653,2633,28.7
2022-03-16,2346155,66785698,28.6,28.35,28.45,0.0,1310,2633,28.4
2022-03-17,4576102,132274851,29.1,28.8,28.9,0.45,2350,2633,28.85
2022-03-18,8224381,241879439,29.65,28.85,29.65,0.75,2052,2633,28.9
2022-03-21,4089293,118984096,29.35,28.95,29.1,-0.55,1752,2633,29.35
2022-03-22,1704051,49674746,29.3,29.0,29.2,0.1,1054,2633,29.15
2022-03-23,1755833,51220033,29.25,29.1,29.2,0.0,1042,2633,29.25
2022-03-24,2512601,72967648,29.25,28.95,29.0,-0.2,2074,2633,29.1
2022-03-25,2113481,60955141,29.05,28.8,28.8,-0.2,1346,2633,28.9
2022-03-28,2326650,66658668,28.75,28.55,28.75,-0.05,1323,2633,28.6
2022-03-29,1491496,43018206,28.9,28.7,28.9,0.15,910,2633,28.8
2022-03-30,3791754,110147945,29.2,28.9,29.1,0.2,2103,2633,28.9
2022-03-31,2474943,71647966,29.15,28.85,28.85,-0.25,1074,2633,29.15
2022-04-01,2008255,57619551,28.8,28.6,28.65,-0.2,1272,2633,28.75
2022-04-06,3711881,106303133,28.8,28.5,28.7,0.05,2265,2633,28.5
2022-04-07,4108273,117129410,28.7,28.45,28.45,-0.25,2243,2633,28.55
2022-04-08,4090309,116426188,28.7,28.35,28.4,-0.05,2336,2633,28.6
2022-04-11,4183581,118307589,28.45,28.2,28.3,-0.1,3493,2633,28.4
2022-04-12,3401742,96022554,28.35,28.1,28.35,0.05,2513,2633,28.25
2022-04-13,3878046,110592759,28.65,28.3,28.65,0.3,3131,2633,28.35
2022-04-14,2611134,74753486,28.7,28.5,28.65,0.0,1590,2633,28.65
2022-04-15,2346631,66738863,28.65,28.3,28.4,-0.25,2506,2633,28.65
2022-04-18,2309556,65289411,28.4,28.2,28.2,-0.2,2070,2633,28.3
2022-04-19,1882543,53295216,28.45,28.2,28.3,0.1,1863,2633,28.25
2022-04-20,2638299,75037381,28.6,28.3,28.55,0.25,2416,2633,28.3
2022-04-21,2119478,60282427,28.65,28.3,28.45,-0.1,1987,2633,28.65
2022-04-22,2788001,79196148,28.55,28.25,28.55,0.1,2574,2633,28.3
2022-04-25,3432182,96681888,28.4,28.1,28.2,-0.35,3170,2633,28.25
2022-04-26,2288267,64573676,28.35,28.1,28.25,0.05,1893,2633,28.15
2022-04-27,4566881,128030475,28.15,27.95,28.0,-0.25,2926,2633,28.1
2022-04-28,3940687,110364508,28.1,27.95,28.05,0.05,3268,2633,28.0
2022-04-29,4404811,123408343,28.15,27.95,28.0,-0.05,3084,2633,28.0
2022-05-03,2621355,73178278,28.05,27.85,27.85,-0.15,2352,2633,28.0
2022-05-04,1663101,46545322,28.05,27.95,27.95,0.1,1422,2633,27.95
2022-05-05,2126258,59552508,28.1,27.95,28.0,0.05,2122,2633,28.0
2022-05-06,4392631,121789416,27.9,27.65,27.7,-0.3,3682,2633,27.8
2022-05-09,5206566,142524825,27.6,27.25,27.25,-0.45,3127,2633,27.6
2022-05-10,4686302,127258178,27.4,27.0,27.15,-0.1,2921,2633,27.15
2022-05-11,4289551,115742396,27.2,26.9,26.95,-0.2,2910,2633,27.1
2022-05-12,8622213,228603033,26.95,26.2,26.3,-0.65,5494,2633,26.95
2022-05-13,4397216,116948944,26.75,26.35,26.75,0.45,3246,2633,26.45
2022-05-16,3264226,87946549,27.1,26.75,27.1,0.35,2723,2633,27.0
2022-05-17,3538078,96368122,27.35,27.15,27.15,0.05,2185,2633,27.2
2022-05-18,3455073,94711583,27.6,27.1,27.6,0.45,2771,2633,27.1
2022-05-19,3592989,98250512,27.55,27.1,27.55,-0.05,2160,2633,27.3
2022-05-20,2898849,80167002,27.85,27.4,27.85,0.3,2053,2633,27.55
2022-05-23,5275383,148091385,28.2,27.65,28.15,0.3,2094,2633,27.9
2022-05-24,2386002,66474009,28.15,27.7,27.75,-0.4,1529,2633,28.1
2022-05-25,2908599,81443138,28.15,27.7,28.0,0.25,1738,2633,27.7
2022-05-26,4139032,115236439,28.25,27.7,27.75,-0.25,2760,2633,28.2
2022-05-27,4165813,117225165,28.3,27.9,28.15,0.4,2648,2633,27.9
2022-05-30,3507907,99096622,28.35,28.1,28.25,0.1,2220,2633,28.3
2022-05-31,14474333,402476348,28.25,27.7,27.7,-0.55,2537,2633,28.05
2022-06-01,1987900,55434377,28.1,27.75,27.8,0.1,1095,2633,27.75
2022-06-02,2676402,74897938,28.15,27.7,28.15,0.35,1405,2633,28.05
2022-06-06,2157382,60632065,28.25,27.9,28.2,0.05,1361,2633,28.2
2022-06-07,2909445,81267602,28.2,27.85,27.9,-0.3,1724,2633,28.0
2022-06-08,3644110,101709073,28.2,27.8,27.8,-0.1,1911,2633,27.95
2022-06-09,3265930,90933059,28.0,27.7,27.95,0.15,1708,2633,27.85
2022-06-10,1664939,46245018,27.9,27.7,27.8,-0.15,1111,2633,27.7
2022-06-13,3447643,95006085,27.75,27.5,27.5,-0.3,2079,2633,27.65
2022-06-14,2524938,69368893,27.7,27.3,27.5,0.0,1691,2633,27.45
2022-06-15,2244035,62405281,28.0,27.5,27.95,0.45,1680,2633,27.7
2022-06-16,1873436,52295917,28.1,27.65,27.7,-0.25,1200,2633,28.1
2022-06-17,6309380,174426453,27.75,27.3,27.75,0.05,1726,2633,27.5
2022-06-20,2309101,63365954,27.75,27.3,27.35,-0.4,1674,2633,27.55
2022-06-21,2239848,61898492,27.75,27.4,27.7,0.35,1346,2633,27.55
2022-06-22,1963688,54313552,27.8,27.5,27.7,0.0,1250,2633,27.7
2022-06-23,3219165,88710063,27.9,27.35,27.5,-0.2,1817,2633,27.8
2022-06-24,5727269,160533043,28.2,27.7,28.15,0.65,3148,2633,27.85
2022-06-27,3067873,86659383,28.35,28.05,28.15,0.0,1948,2633,28.15
2022-06-28,2110082,59141706,28.15,27.85,28.15,0.0,1122,2633,27.95
2022-06-29,4638403,131176040,28.45,28.05,28.45,0.3,2574,2633,28.1
2022-06-30,4308393,121304447,28.45,28.05,28.05,-0.4,2319,2633,28.35
2022-07-01,2847713,78940290,28.1,27.5,27.55,-0.5,1762,2633,28.1
2022-07-04,2340002,64955662,28.1,27.55,27.7,0.15,1259,2633,27.85
2022-07-05,3831530,107001801,28.1,27.7,28.05,0.35,1743,2633,28.0
2022-07-06,5063189,140066450,27.9,27.4,27.65,0.0,2832,2633,27.7
2022-07-07,5620297,157935906,28.35,27.65,28.1,0.45,2949,2633,27.65
2022-07-08,7052695,201106267,28.8,27.95,28.6,0.5,3048,2633,28.05
2022-07-11,2499939,71343652,28.75,28.3,28.55,-0.05,1600,2633,28.7
2022-07-12,5335775,152367789,28.65,28.3,28.65,0.1,2597,2633,28.55
2022-07-13,7825904,225985397,29.0,28.6,28.9,0.25,3764,2633,28.95
2022-07-14,12168199,357224398,29.7,28.9,29.3,0.4,4856,2633,29.0
2022-07-15,4246888,124376772,29.45,29.05,29.3,0.0,2510,2633,29.25
2022-07-18,4686149,137091706,29.45,29.05,29.45,0.15,2876,2633,29.25
2022-07-19,4160115,122639782,29.7,29.25,29.35,-0.1,2332,2633,29.5
2022-07-20,3858003,112273273,29.45,29.0,29.0,-0.35,2244,2633,29.35
2022-07-21,3760062,109943774,29.4,29.05,29.2,0.2,1592,2633,29.4
2022-07-22,2522869,73710969,29.35,29.1,29.25,0.05,1361,2633,29.1
2022-07-25,2009809,58824449,29.35,29.1,29.3,0.05,1230,2633,29.25
2022-07-26,2678947,78045925,29.35,29.0,29.0,-0.3,1301,2633,29.3
2022-07-27,2002278,58479015,29.3,29.1,29.25,0.25,1113,2633,29.25
2022-07-28,1749994,50933816,29.4,29.0,29.15,-0.1,1319,2633,29.4
2022-07-29,2369904,69138229,29.4,29.0,29.25,0.1,1173,2633,29.4
2022-08-01,2688089,77969248,29.2,28.9,29.0,-0.25,1575,2633,29.2
2022-08-02,4119626,119164190,29.1,28.6,28.95,-0.05,2862,2633,28.75
2022-08-03,2193778,63104392,29.15,28.65,28.7,-0.25,1356,2633,28.95
2022-08-04,3467258,98451893,28.7,28.15,28.45,-0.25,1528,2633,28.7
2022-08-05,3896595,112665804,29.05,28.6,28.9,0.45,1583,2633,28.7
2022-08-08,1929233,55639337,29.0,28.75,28.75,-0.15,913,2633,28.75
2022-08-09,2159706,62710639,29.1,28.8,29.05,0.3,1275,2633,28.9
2022-08-10,1494841,43040986,29.0,28.7,28.7,-0.35,1180,2633,28.9
2022-08-11,1545547,44637038,29.05,28.8,28.95,0.25,827,2633,29.05
2022-08-12,1556353,44832099,28.95,28.7,28.85,-0.1,857,2633,28.95
2022-08-15,1468114,42385203,29.0,28.8,28.9,0.05,906,2633,28.95
2022-08-16,1784806,51629399,29.0,28.75,28.95,0.05,1001,2633,28.95
2022-08-17,1732099,50086545,29.05,28.8,28.85,-0.1,1189,2633,28.95
2022-08-18,1619125,46850834,29.05,28.7,29.05,0.2,976,2633,28.85
2022-08-19,3104514,90276127,29.2,28.85,29.2,0.15,1443,2633,29.0
2022-08-22,1918866,55565785,29.15,28.9,29.0,-0.2,1258,2633,28.95
2022-08-23,2276715,65645227,29.0,28.7,28.95,-0.05,1323,2633,28.95
2022-08-24,2153782,61986439,29.05,28.65,28.85,-0.1,1308,2633,29.0
2022-08-25,1774331,51125699,29.0,28.75,28.75,-0.1,1229,2633,28.85
2022-08-26,2773250,79856403,28.95,28.65,28.95,0.2,1721,2633,28.95
2022-08-29,2663031,75971198,28.7,28.4,28.55,-0.4,1598,2633,28.5
2022-08-30,2991356,85899330,28.9,28.45,28.85,0.3,1539,2633,28.5
2022-08-31,3912641,113701359,29.2,28.6,29.2,0.35,1445,2633,28.75
2022-09-01,3061988,87644877,28.75,28.45,28.7,-0.5,1834,2633,28.65
2022-09-02,2133303,60975909,28.75,28.5,28.5,-0.2,1225,2633,28.7
2022-09-05,1795860,51105003,28.65,28.4,28.4,-0.1,1238,2633,28.65
2022-09-06,2315025,65809346,28.65,28.35,28.45,0.05,1441,2633,28.6
2022-09-07,3111575,88121499,28.5,28.2,28.45,0.0,1820,2633,28.4
2022-09-08,2680251,76329035,28.6,28.3,28.6,0.15,1305,2633,28.45
2022-09-12,3176479,91684261,29.0,28.7,29.0,0.4,1608,2633,28.85
2022-09-13,4129132,120028755,29.2,28.95,29.2,0.2,1820,2633,29.0
2022-09-14,3612133,104145175,28.95,28.7,28.9,-0.3,1878,2633,28.85
2022-09-15,3373847,97152491,28.95,28.65,28.75,-0.15,1597,2633,28.85
2022-09-16,8717300,251670612,29.15,28.55,29.15,0.4,3183,2633,28.6
2022-09-19,4188127,120416726,29.1,28.55,28.6,-0.55,2039,2633,29.1
2022-09-20,2676118,77190370,29.0,28.65,28.95,0.35,1455,2633,28.65
2022-09-21,3485501,100426533,29.0,28.6,28.8,-0.15,1965,2633,28.95
2022-09-22,3415047,97289967,28.75,28.35,28.5,-0.3,1819,2633,28.65
2022-09-23,2284877,65008896,28.7,28.35,28.35,-0.15,1402,2633,28.6
2022-09-26,3966135,110929742,28.35,27.85,27.9,-0.45,2179,2633,28.35
2022-09-27,2998885,84733585,28.5,27.8,28.5,0.6,1657,2633,28.05
2022-09-28,4579685,128245675,28.45,27.9,28.0,-0.5,2327,2633,28.45
2022-09-29,4503888,126447773,28.4,27.95,28.25,0.25,2197,2633,28.35
2022-09-30,6259365,177232078,28.5,27.9,28.5,0.25,2119,2633,27.95
2022-10-03,2642209,75029802,28.55,28.25,28.45,-0.05,1154,2633,28.4
2022-10-04,3969335,113040093,28.55,28.35,28.55,0.1,1061,2633,28.4
2022-10-05,2884931,82160379,28.55,28.35,28.55,0.0,1270,2633,28.5
2022-10-06,2960665,84531624,28.65,28.4,28.6,0.05,1250,2633,28.5
2022-10-07,2028245,57807598,28.6,28.35,28.55,-0.05,956,2633,28.35
2022-10-11,3455213,97773273,28.4,28.15,28.4,-0.15,1607,2633,28.15
2022-10-12,1588533,45005274,28.45,28.15,28.4,0.0,911,2633,28.35
2022-10-13,4602125,127808394,28.35,27.55,27.6,-0.8,2641,2633,28.3
2022-10-14,3183071,88763218,28.05,27.75,27.8,0.2,1253,2633,28.0
2022-10-17,2733936,75129591,27.8,27.3,27.35,-0.45,1430,2633,27.8
2022-10-18,4675812,130461761,28.15,27.5,28.15,0.8,1458,2633,27.55
2022-10-19,3623803,100384279,28.05,27.55,27.55,-0.6,1739,2633,28.0
2022-10-20,4308545,117287035,27.5,27.0,27.4,-0.15,2236,2633,27.3
2022-10-21,2382754,65279454,27.65,27.15,27.4,0.0,1114,2633,27.6
2022-10-24,2062536,56934758,27.75,27.35,27.4,0.0,802,2633,27.6
2022-10-25,2262948,62240423,27.7,27.35,27.55,0.15,1137,2633,27.6
2022-10-26,2664909,73964230,27.95,27.5,27.8,0.25,1365,2633,27.7
2022-10-27,2267783,63311248,28.0,27.8,27.95,0.15,1047,2633,27.85
2022-10-28,1657528,46056667,28.0,27.55,27.8,-0.15,692,2633,27.95
2022-10-31,2776115,77804787,28.1,27.65,28.1,0.3,859,2633,27.8
2022-11-01,1717065,48066709,28.2,27.8,27.85,-0.25,964,2633,27.95
2022-11-02,1450133,40458966,28.1,27.75,27.8,-0.05,664,2633,27.95
2022-11-03,1538355,42516265,27.8,27.55,27.65,-0.15,942,2633,27.6
2022-11-04,1727323,47664908,27.8,27.35,27.8,0.15,881,2633,27.5
2022-11-07,1473546,41039175,27.95,27.7,27.95,0.15,838,2633,27.85
2022-11-08,2024715,56616747,28.05,27.8,28.05,0.1,1183,2633,28.0
2022-11-09,2839183,79760256,28.2,27.95,28.2,0.15,1388,2633,28.0
2022-11-10,1246304,34871429,28.2,27.85,27.9,-0.3,678,2633,28.2
2022-11-11,4967619,139796810,28.35,28.0,28.2,0.3,1911,2633,28.2
2022-11-14,6068819,172906242,28.65,28.2,28.6,0.4,2540,2633,28.35
2022-11-15,4618366,131695918,28.6,28.35,28.6,0.0,2034,2633,28.45
2022-11-16,4959176,140173658,28.55,28.1,28.2,-0.4,1865,2633,28.5
2022-11-17,2309197,64982491,28.25,28.0,28.25,0.05,949,2633,28.2
2022-11-18,2733201,76759981,28.4,27.95,28.0,-0.25,1091,2633,28.15
2022-11-21,3152564,88028392,28.05,27.85,27.9,-0.1,1297,2633,28.0
2022-11-22,1721532,48125145,28.1,27.85,27.95,0.05,844,2633,28.1
2022-11-23,1527218,42725177,28.15,27.9,28.0,0.05,792,2633,28.15
2022-11-24,3460536,97848839,28.4,28.1,28.35,0.35,1497,2633,28.2
2022-11-25,4865727,138300233,28.55,28.25,28.55,0.2,1498,2633,28.4
2022-11-28,4443414,125148744,28.45,28.05,28.05,-0.5,1484,2633,28.45
2022-11-29,3086227,87220415,28.4,28.05,28.4,0.35,1124,2633,28.3
2022-11-30,9252871,265480773,28.95,28.2,28.95,0.55,1918,2633,28.4
2022-12-01,5052561,144857334,28.95,28.55,28.65,-0.3,2187,2633,28.95
2022-12-02,3105133,88965162,28.8,28.55,28.6,-0.05,1235,2633,28.75
2022-12-05,4188701,120351305,28.85,28.55,28.65,0.05,1643,2633,28.55
2022-12-06,3757791,106778269,28.7,28.3,28.3,-0.35,1303,2633,28.65
2022-12-07,3864714,109436157,28.45,28.2,28.3,0.0,972,2633,28.3
2022-12-08,3208084,90660993,28.45,28.15,28.3,0.0,1302,2633,28.25
2022-12-09,3854312,109440057,28.5,28.25,28.5,0.2,1521,2633,28.3
2022-12-12,3461604,98719482,28.6,28.35,28.6,0.1,1263,2633,28.55
2022-12-13,5899448,167562172,28.6,28.3,28.45,-0.15,1980,2633,28.6
2022-12-14,6900550,198871510,28.95,28.5,28.95,0.5,2927,2633,28.6
2022-12-15,8399276,244033916,29.2,28.8,29.15,0.2,2897,2633,28.85
2022-12-16,7977370,233346758,29.45,28.8,29.45,0.3,2259,2633,28.95
2022-12-19,5722109,166488336,29.5,28.85,29.05,-0.4,2110,2633,29.5
2022-12-20,3421552,98750633,29.15,28.7,28.7,-0.35,1548,2633,29.05
2022-12-21,4219107,121118214,28.9,28.6,28.75,0.05,2102,2633,28.85
2022-12-22,2803861,80696516,28.95,28.65,28.9,0.15,1165,2633,28.8
2022-12-23,2417701,69301696,28.8,28.55,28.75,-0.15,1107,2633,28.6
2022-12-26,2290119,66324369,29.1,28.8,29.0,0.25,1208,2633,28.9
2022-12-27,2325968,67511469,29.2,28.9,28.95,-0.05,1139,2633,29.15
2022-12-28,2015350,58178688,28.95,28.75,28.95,0.0,1117,2633,28.8
2022-12-29,2612806,74829746,28.8,28.55,28.6,-0.35,1415,2633,28.75
2022-12-30,1546759,44453600,28.85,28.65,28.75,0.15,658,2633,28.8
2023-01-03,2186219,62605301,28.8,28.4,28.8,0.05,1210,2633,28.6
2023-01-04,2223410,64137717,28.95,28.75,28.85,0.05,997,2633,28.9
2023-01-05,1975633,56902307,28.95,28.7,28.85,0.0,1064,2633,28.95
2023-01-06,4273345,124138513,29.3,28.85,29.0,0.15,1839,2633,28.9
2023-01-09,3842641,112184669,29.3,29.1,29.2,0.2,1814,2633,29.3
2023-01-10,3362822,98243658,29.3,29.1,29.3,0.1,1650,2633,29.2
2023-01-11,3812765,110642332,29.35,28.9,28.9,-0.4,2187,2633,29.35
2023-01-12,4595960,131856643,29.05,28.6,28.65,-0.25,2834,2633,29.0
2023-01-13,4421908,127270625,29.0,28.65,28.8,0.15,2427,2633,29.0
2023-01-16,2163281,62523146,29.0,28.8,28.95,0.15,1222,2633,29.0
2023-01-17,4029975,117031544,29.1,28.9,29.1,0.15,1665,2633,28.9
2023-01-30,9306801,271527935,29.45,28.95,29.2,0.1,3733,2633,29.4
2023-01-31,6467349,188234281,29.2,28.95,29.2,0.0,2034,2633,29.2
2023-02-01,4915870,143887383,29.4,29.05,29.35,0.15,2081,2633,29.1
2023-02-02,4742347,138747424,29.35,29.1,29.2,-0.15,2735,2633,29.35
2023-02-03,3476081,101880604,29.4,29.15,29.35,0.15,1587,2633,29.2
2023-02-06,3174739,92777171,29.4,29.1,29.1,-0.25,1564,2633,29.35
2023-02-07,3900323,113189066,29.3,28.9,28.9,-0.2,1749,2633,29.2
2023-02-08,1641577,47549835,29.05,28.9,28.95,0.05,938,2633,28.95
2023-02-09,2083428,60257424,29.05,28.85,28.9,-0.05,1127,2633,28.95
2023-02-10,2016347,58154710,28.95,28.75,28.9,0.0,1082,2633,28.8
2023-02-13,1461367,42189874,29.0,28.75,28.95,0.05,817,2633,28.9
2023-02-14,2353037,68407219,29.2,28.95,29.0,0.05,1043,2633,29.0
2023-02-15,2124603,61639682,29.2,28.9,28.95,-0.05,1235,2633,29.05
2023-02-16,1454902,42208091,29.1,28.95,29.0,0.05,868,2633,28.95
2023-02-17,1463709,42464803,29.05,28.95,29.05,0.05,795,2633,28.95
2023-02-20,3884241,113658364,29.4,29.05,29.3,0.25,1643,2633,29.1
2023-02-21,1502326,43908314,29.3,29.15,29.25,-0.05,817,2633,29.25
2023-02-22,1997796,58265010,29.3,29.0,29.2,-0.05,1065,2633,29.05
2023-02-23,4963638,145594724,29.45,29.2,29.25,0.05,1971,2633,29.2
2023-02-24,5900374,173445511,29.45,29.3,29.4,0.15,1677,2633,29.35
2023-03-01,5388539,158393190,29.55,29.3,29.3,-0.1,2465,2633,29.45
2023-03-02,2732187,80080544,29.4,29.15,29.35,0.05,1319,2633,29.4
2023-03-03,3503985,103151882,29.5,29.35,29.45,0.1,1349,2633,29.4
2023-03-06,11506427,344405479,30.2,29.55,30.05,0.6,5324,2633,29.55
2023-03-07,7324433,222008834,30.5,30.0,30.35,0.3,3777,2633,30.1
2023-03-08,6224032,189381643,30.5,30.2,30.5,0.15,3183,2633,30.3
2023-03-09,5236720,159153455,30.55,30.3,30.35,-0.15,2267,2633,30.5
2023-03-10,8957727,267630994,30.25,29.55,29.9,-0.45,4006,2633,30.1
2023-03-13,3712484,110811763,30.0,29.6,29.95,0.05,1706,2633,29.8
2023-03-14,4862677,144138644,29.9,29.45,29.6,-0.35,2123,2633,29.7
2023-03-15,5420625,160152459,29.75,29.45,29.5,-0.1,3108,2633,29.7
2023-03-16,4142585,120984078,29.45,29.05,29.2,-0.3,2014,2633,29.3
2023-03-17,8893799,261958410,29.7,29.05,29.4,0.2,2259,2633,29.2
2023-03-20,2450137,72447592,29.65,29.45,29.5,0.1,1239,2633,29.6
2023-03-21,2346966,69526931,29.7,29.5,29.6,0.1,1003,2633,29.5
2023-03-22,3837295,113405809,29.75,29.4,29.55,-0.05,1650,2633,29.6
2023-03-23,5378513,160752352,30.0,29.6,30.0,0.45,2140,2633,29.75
2023-03-24,3881834,116343333,30.1,29.8,30.05,0.05,1552,2633,30.05
2023-03-27,2731722,82096481,30.2,29.95,30.0,-0.05,1218,2633,30.05
2023-03-28,1593370,47665860,30.05,29.8,29.9,-0.1,976,2633,30.0
2023-03-29,3475226,104208117,30.1,29.9,30.0,0.1,1279,2633,29.9
2023-03-30,3566308,107422020,30.25,30.0,30.15,0.15,1494,2633,30.1
2023-03-31,3697273,111725309,30.25,30.15,30.25,0.1,1458,2633,30.2
2023-04-06,3005506,90961079,30.4,30.2,30.2,-0.05,1735,2633,30.35
2023-04-07,2688887,81138066,30.25,30.1,30.15,-0.05,1227,2633,30.2
2023-04-10,1837650,55437326,30.2,30.1,30.15,0.0,1014,2633,30.15
2023-04-11,5506187,167024617,30.4,30.15,30.4,0.25,1900,2633,30.2
2023-04-12,3854196,117257962,30.5,30.35,30.5,0.1,1566,2633,30.45
2023-04-13,9698415,298646303,31.0,30.4,30.9,0.4,3743,2633,30.5
2023-04-14,3559490,109828449,31.0,30.75,30.9,0.0,2083,2633,30.95
2023-04-17,6289903,195465829,31.2,30.9,31.15,0.25,2801,2633,30.9
2023-04-18,3299827,102804547,31.3,31.05,31.1,-0.05,1687,2633,31.2
2023-04-19,5179268,159232686,31.2,30.5,30.75,-0.35,2632,2633,31.15
2023-04-20,2708034,82858086,30.7,30.45,30.65,-0.1,1565,2633,30.65
2023-04-21,3363518,103339831,30.85,30.55,30.85,0.2,1522,2633,30.6
2023-04-24,2438351,75348707,31.05,30.75,30.95,0.1,1184,2633,30.85
2023-04-25,3984001,122635196,31.05,30.65,30.75,-0.2,1894,2633,31.05
2023-04-26,2574596,79208771,30.85,30.6,30.85,0.1,1502,2633,30.85
2023-04-27,1562202,48120090,30.9,30.7,30.85,0.0,869,2633,30.8
2023-04-28,3756885,116270117,31.05,30.8,31.05,0.2,1408,2633,30.8
2023-05-02,4010183,124766821,31.2,30.95,31.2,0.15,2181,2633,30.95
2023-05-03,1826340,56615406,31.2,30.9,30.9,-0.3,1101,2633,31.2
2023-05-04,3742832,116428384,31.2,30.95,31.2,0.3,1726,2633,31.0
2023-05-05,2174703,67603906,31.25,31.0,31.0,-0.2,1054,2633,31.2
2023-05-08,3442651,107409810,31.25,31.1,31.25,0.25,1715,2633,31.2
2023-05-09,2022848,62966229,31.25,31.0,31.15,-0.1,1285,2633,31.25
2023-05-10,3779036,116770221,31.1,30.7,30.95,-0.2,2062,2633,31.1
2023-05-11,1730017,53375689,31.05,30.7,30.75,-0.2,1149,2633,31.05
2023-05-12,2161103,66723232,30.95,30.75,30.9,0.15,1205,2633,30.75
2023-05-15,14823329,469279354,32.1,30.9,31.8,0.9,5756,2633,30.9
2023-05-16,15058341,485856384,32.6,31.9,32.25,0.45,7707,2633,32.1
2023-05-17,23050927,758433981,33.35,32.35,33.3,1.05,10618,2633,32.35
2023-05-18,14899850,491072086,33.75,32.6,32.7,-0.6,7011,2633,33.65
2023-05-19,6759858,220887053,32.95,32.4,32.6,-0.1,3801,2633,32.75
2023-05-22,5337640,175680884,33.1,32.65,32.95,0.35,3074,2633,32.65
2023-05-23,7245028,239805194,33.3,32.8,33.3,0.35,3886,2633,33.0
2023-05-24,5018116,166227412,33.3,33.0,33.2,-0.1,2456,2633,33.3
2023-05-25,4259345,140217604,33.1,32.85,32.9,-0.3,2297,2633,33.0
2023-05-26,5556011,181398415,32.85,32.5,32.6,-0.3,3351,2633,32.85
2023-05-29,6093118,197355444,32.6,32.3,32.4,-0.2,3295,2633,32.6
2023-05-30,4106211,134211436,32.85,32.4,32.75,0.35,2362,2633,32.45
2023-05-31,13695163,445617969,32.8,32.3,32.55,-0.2,3465,2633,32.5
2023-06-01,3410378,110991351,32.75,32.35,32.65,0.1,1755,2633,32.55
2023-06-02,4683162,153879634,33.0,32.6,33.0,0.35,2142,2633,32.65
2023-06-05,3534872,116189530,33.05,32.75,32.8,-0.2,2045,2633,33.0
2023-06-06,3327723,109718516,33.05,32.9,33.0,0.2,1812,2633,32.9
2023-06-07,3974803,131001924,33.05,32.9,33.0,0.0,2007,2633,33.05
2023-06-08,3921600,128241470,33.0,32.55,32.7,-0.3,2326,2633,33.0
2023-06-09,2782763,91182699,32.9,32.6,32.9,0.2,1581,2633,32.85
2023-06-12,4729593,153757135,32.9,32.4,32.5,-0.4,3786,2633,32.9
2023-06-13,3459151,112513752,32.6,32.4,32.6,0.1,1936,2633,32.55
2023-06-14,5360958,173858037,32.6,32.35,32.35,-0.25,2840,2633,32.55
2023-06-15,3202165,103719531,32.5,32.25,32.5,0.15,1841,2633,32.4
2023-06-16,4010506,129998370,32.5,32.35,32.45,-0.05,1880,2633,32.5
2023-06-19,3140199,101651718,32.65,32.3,32.35,-0.1,2027,2633,32.45
2023-06-20,3305114,106952786,32.45,32.3,32.4,0.05,1466,2633,32.35
2023-06-21,3548849,115576960,32.7,32.45,32.6,0.2,2183,2633,32.55
2023-06-26,2263693,73438302,32.6,32.35,32.35,-0.25,1416,2633,32.6
2023-06-27,2400686,77573409,32.5,32.25,32.25,-0.1,1621,2633,32.3
2023-06-28,4109596,132023722,32.3,32.0,32.15,-0.1,2337,2633,32.25
2023-06-29,3178349,102343188,32.45,32.05,32.1,-0.05,1645,2633,32.45
2023-06-30,5540034,177591726,32.15,31.9,32.15,0.05,2122,2633,32.05
2023-07-03,3302052,106532329,32.4,32.05,32.4,0.25,1281,2633,32.05
2023-07-04,2773574,89508284,32.45,32.1,32.25,-0.15,1383,2633,32.45
2023-07-05,2744767,88342171,32.25,32.15,32.15,-0.1,1270,2633,32.2
2023-07-06,8579695,272802844,32.1,31.5,31.55,-0.6,5038,2633,32.1
2023-07-07,8537646,265829930,31.45,31.0,31.05,-0.5,4363,2633,31.45
2023-07-10,5107775,159351434,31.3,31.1,31.2,0.15,2418,2633,31.25
2023-07-11,4421785,137417561,31.2,30.9,31.2,0.0,1969,2633,30.9
2023-07-12,4037916,124296512,31.05,30.7,30.8,-0.4,2613,2633,31.0
2023-07-13,6429316,195754393,30.9,30.2,30.25,-0.55,4220,2633,30.85
2023-07-14,3871490,117500190,30.5,30.25,30.25,0.0,2379,2633,30.3
2023-07-17,4077587,122971715,30.25,30.1,30.15,-0.1,2555,2633,30.25
2023-07-18,4755585,143344331,30.25,30.0,30.25,0.1,2144,2633,30.1
2023-07-19,3576636,108537320,30.55,30.2,30.25,0.0,1741,2633,30.3
2023-07-20,2218515,67623060,30.55,30.25,30.5,0.25,1259,2633,30.25
2023-07-21,2338772,70758931,30.5,30.2,30.2,-0.3,1591,2633,30.5
2023-07-24,2466960,74259828,30.25,30.0,30.05,-0.15,1491,2633,30.15
2023-07-25,2682028,80719628,30.2,30.05,30.05,0.0,1306,2633,30.05
2023-07-26,1873879,56713522,30.4,30.05,30.15,0.1,1100,2633,30.05
2023-07-27,2470577,74932061,30.4,30.2,30.3,0.15,1286,2633,30.35
2023-07-28,2860165,86579835,30.45,30.1,30.15,-0.15,1402,2633,30.4
2023-07-31,2526207,76263041,30.35,30.1,30.15,0.0,1166,2633,30.2
2023-08-01,2416226,73044232,30.4,30.15,30.2,0.05,1053,2633,30.2
2023-08-02,7370229,221546592,30.3,29.95,29.95,-0.25,3319,2633,30.2
2023-08-04,5393028,161252182,30.1,29.8,29.8,-0.15,2984,2633,29.95
2023-08-07,3487008,103982454,29.95,29.65,29.9,0.1,1828,2633,29.8
2023-08-08,2700661,80942818,30.1,29.85,29.95,0.05,1265,2633,29.95
2023-08-09,2110516,63229687,30.1,29.9,29.9,-0.05,1094,2633,30.0
2023-08-10,3907430,116193758,29.9,29.65,29.7,-0.2,2465,2633,29.9
2023-08-11,1729957,51507511,29.9,29.65,29.8,0.1,1030,2633,29.7
2023-08-14,5210764,152862673,29.75,29.2,29.25,-0.55,3345,2633,29.7
2023-08-15,2173602,63680177,29.4,29.2,29.2,-0.05,1435,2633,29.25
2023-08-16,1814749,52987895,29.35,29.1,29.15,-0.05,1348,2633,29.15
2023-08-17,2595352,75645910,29.3,29.0,29.15,0.0,1643,2633,29.05
2023-08-18,2693231,79193628,29.6,29.05,29.35,0.2,1578,2633,29.05
2023-08-21,2397434,70753927,29.7,29.35,29.4,0.05,1551,2633,29.55
2023-08-22,1177337,34609909,29.5,29.3,29.4,0.0,705,2633,29.4
2023-08-23,1166322,34355440,29.55,29.35,29.45,0.05,684,2633,29.35
2023-08-24,1605796,47565237,29.75,29.45,29.6,0.15,941,2633,29.45
2023-08-25,3474698,103932303,30.1,29.5,29.85,0.25,1586,2633,29.65
2023-08-28,2095778,62196141,30.0,29.3,29.5,-0.35,1436,2633,29.95
2023-08-29,1449732,42989606,29.8,29.5,29.8,0.3,860,2633,29.55
2023-08-30,1997335,59696056,30.0,29.8,29.9,0.1,1026,2633,29.8
2023-08-31,6737795,200719610,29.95,29.65,29.75,-0.15,2628,2633,29.9
2023-09-01,1734580,51919291,30.0,29.8,29.95,0.2,1044,2633,29.8
2023-09-04,2732708,81487506,29.95,29.7,29.8,-0.15,1459,2633,29.95
2023-09-05,7013787,207050907,29.8,29.2,29.75,-0.05,2906,2633,29.8
2023-09-06,2626159,77808353,29.8,29.55,29.55,-0.2,1806,2633,29.75
2023-09-07,2142944,63434313,29.7,29.5,29.6,0.05,1272,2633,29.5
2023-09-08,2371358,69930545,29.55,29.4,29.45,-0.15,1571,2633,29.55
2023-09-11,2282564,67993419,29.9,29.5,29.8,0.35,1456,2633,29.5
2023-09-12,2246336,67001305,29.9,29.7,29.9,0.1,1084,2633,29.8
2023-09-13,3845729,115919295,30.35,29.85,30.25,0.35,2229,2633,29.95
2023-09-14,7048705,214253886,30.55,30.2,30.55,0.3,2482,2633,30.25
2023-09-15,14082378,435075804,31.2,30.5,30.8,0.25,4279,2633,30.6
2023-09-18,3250084,99922378,31.1,30.55,30.55,-0.25,2348,2633,30.6
2023-09-19,2800498,84919897,30.6,30.2,30.2,-0.35,1889,2633,30.55
2023-09-20,1951200,58952419,30.35,30.15,30.15,-0.05,1291,2633,30.2
2023-09-21,5280293,158035542,30.15,29.8,29.85,-0.3,3073,2633,30.15
2023-09-22,2284047,68586937,30.1,29.8,30.1,0.25,1176,2633,29.85
2023-09-25,1180549,35585509,30.25,30.1,30.1,0.0,823,2633,30.1
2023-09-26,1893329,56802860,30.1,29.9,30.1,0.0,1271,2633,29.95
2023-09-27,1454070,43555790,30.1,29.85,29.9,-0.2,990,2633,29.85
2023-09-28,1409230,42279804,30.1,29.95,29.95,0.05,797,2633,29.95
2023-10-02,3005245,90795478,30.4,30.05,30.3,0.35,1663,2633,30.2
2023-10-03,2748553,82764996,30.25,30.0,30.05,-0.25,1686,2633,30.1
2023-10-04,3659406,109330623,30.0,29.8,29.85,-0.2,2622,2633,29.9
2023-10-05,2433652,72875018,30.05,29.85,29.85,0.0,1513,2633,29.85
2023-10-06,1848615,55472421,30.1,29.85,30.0,0.15,952,2633,29.85
2023-10-11,5490344,165765334,30.4,30.0,30.3,0.3,2194,2633,30.4
2023-10-12,4569065,138151040,30.45,30.0,30.45,0.15,2237,2633,30.05
2023-10-13,2105262,64064187,30.55,30.25,30.4,-0.05,1463,2633,30.3
2023-10-16,2232993,67584769,30.4,30.2,30.3,-0.1,1163,2633,30.3
2023-10-17,2558067,77502915,30.4,30.2,30.35,0.05,1291,2633,30.4
2023-10-18,2727695,82238271,30.4,30.05,30.2,-0.15,1475,2633,30.4
2023-10-19,2630406,79035544,30.15,30.0,30.05,-0.15,1271,2633,30.0
2023-10-20,5526326,164139897,29.9,29.6,29.6,-0.45,2786,2633,29.8
2023-10-23,3415279,100919407,29.65,29.5,29.5,-0.1,1704,2633,29.6
2023-10-24,3556872,104766829,29.6,29.4,29.4,-0.1,1412,2633,29.5
2023-10-25,3791827,112093680,29.7,29.5,29.65,0.25,1106,2633,29.65
2023-10-26,8574037,250796891,29.45,29.1,29.15,-0.5,3653,2633,29.45
2023-10-27,6593687,192777639,29.3,29.1,29.25,0.1,1284,2633,29.15
2023-10-30,6565461,193219663,29.6,29.1,29.6,0.35,1769,2633,29.35
2023-10-31,2881991,84821718,29.55,29.35,29.4,-0.2,1202,2633,29.55
2023-11-01,1658451,48856909,29.5,29.4,29.5,0.1,666,2633,29.5
2023-11-02,2586983,76865315,29.8,29.55,29.7,0.2,1386,2633,29.7
2023-11-03,2107893,62872865,29.9,29.75,29.9,0.2,997,2633,29.8
2023-11-06,3970218,119812582,30.3,30.0,30.15,0.25,2125,2633,30.15
2023-11-07,2181370,65859177,30.25,30.1,30.25,0.1,1140,2633,30.15
2023-11-08,2391688,72252004,30.3,30.15,30.25,0.0,926,2633,30.25
2023-11-09,3123879,93571541,30.15,29.85,29.85,-0.4,1290,2633,30.1
2023-11-10,1253553,37480217,29.95,29.85,29.9,0.05,578,2633,29.85
2023-11-13,1489007,44626158,30.05,29.95,30.0,0.1,699,2633,30.0
2023-11-14,2517217,75501532,30.15,29.9,29.95,-0.05,1122,2633,30.1
2023-11-15,3779984,113663742,30.2,29.95,30.15,0.2,2015,2633,30.2
2023-11-16,3198187,96630014,30.3,30.15,30.3,0.15,1391,2633,30.3
2023-11-17,3276910,99424773,30.4,30.25,30.3,0.0,1815,2633,30.4
2023-11-20,1868853,56605032,30.4,30.2,30.3,0.0,1045,2633,30.3
2023-11-21,4150250,126034372,30.45,30.2,30.4,0.1,2252,2633,30.3
2023-11-22,2028850,61409184,30.4,30.15,30.35,-0.05,1127,2633,30.4
2023-11-23,2147994,64697354,30.25,30.0,30.1,-0.25,1077,2633,30.15
2023-11-24,2305114,69030673,30.1,29.9,29.9,-0.2,1512,2633,30.05
2023-11-27,2749499,82249857,30.1,29.85,29.85,-0.05,2229,2633,29.95
2023-11-28,3818284,115007513,30.3,29.85,30.15,0.3,1915,2633,30.0
2023-11-29,4366400,130757910,30.2,29.8,29.85,-0.3,2954,2633,30.2
2023-11-30,8389901,252079199,30.15,29.85,30.1,0.25,1923,2633,29.9
2023-12-01,1324975,39686248,30.05,29.85,29.95,-0.15,1007,2633,29.95
2023-12-04,2547115,76510097,30.15,30.0,30.0,0.05,1516,2633,30.0
2023-12-05,2722666,81926215,30.15,29.95,30.15,0.15,1419,2633,30.0
2023-12-06,2288986,69034229,30.25,30.1,30.1,-0.05,1117,2633,30.15
2023-12-07,1927187,58096130,30.2,30.1,30.15,0.05,808,2633,30.1
2023-12-08,2249540,67948704,30.25,30.15,30.2,0.05,988,2633,30.2
2023-12-11,3002354,91310208,30.5,30.3,30.45,0.25,1594,2633,30.3
2023-12-12,2764545,84435907,30.7,30.4,30.6,0.15,1501,2633,30.55
2023-12-13,2007780,61028989,30.65,30.25,30.4,-0.2,1409,2633,30.6
2023-12-14,4061681,123932006,30.85,30.3,30.4,0.0,1988,2633,30.55
2023-12-15,4396081,133457715,30.55,30.25,30.4,0.0,2360,2633,30.55
2023-12-18,2563137,77468816,30.4,30.15,30.15,-0.25,1629,2633,30.35
2023-12-19,1903322,57327164,30.2,30.05,30.15,0.0,1171,2633,30.15
2023-12-20,2526809,76470353,30.4,30.1,30.3,0.15,1256,2633,30.2
2023-12-21,1266518,38242945,30.3,30.1,30.2,-0.1,912,2633,30.1
2023-12-22,2242606,67565679,30.25,30.1,30.15,-0.05,1923,2633,30.15
2023-12-25,1602080,48482376,30.4,30.15,30.35,0.2,749,2633,30.15
2023-12-26,2016464,61362229,30.5,30.3,30.45,0.1,1046,2633,30.45
2023-12-27,3097656,94350745,30.5,30.35,30.5,0.05,1568,2633,30.45
2023-12-28,4494627,137603638,30.7,30.4,30.65,0.15,2204,2633,30.4
2023-12-29,3385215,103775890,30.7,30.55,30.7,0.05,1318,2633,30.65
2024-01-02,1935168,59396810,30.8,30.55,30.8,0.1,1413,2633,30.7
2024-01-03,2886697,87971660,30.75,30.35,30.4,-0.4,2257,2633,30.6
2024-01-04,2026250,61532285,30.5,30.3,30.35,-0.05,1042,2633,30.35
2024-01-05,5341857,160436899,30.15,29.95,30.15,-0.2,2605,2633,30.0
2024-01-08,1661673,50171381,30.3,30.1,30.2,0.05,990,2633,30.15
2024-01-09,1306390,39350272,30.35,30.05,30.05,-0.15,873,2633,30.35
2024-01-10,1404465,42185050,30.15,29.95,30.1,0.05,818,2633,30.05
2024-01-11,1305249,39246714,30.15,30.0,30.05,-0.05,770,2633,30.0
2024-01-12,1112056,33532924,30.25,30.0,30.25,0.2,674,2633,30.0
2024-01-15,1457340,43934860,30.3,30.1,30.1,-0.15,770,2633,30.25
2024-01-16,3866351,115651787,30.1,29.85,29.85,-0.25,2361,2633,30.0
2024-01-17,7757658,228461273,29.75,29.3,29.3,-0.55,5154,2633,29.75
2024-01-18,3551330,104413250,29.6,29.25,29.35,0.05,2280,2633,29.3
2024-01-19,2244654,66371304,29.7,29.3,29.7,0.35,1408,2633,29.35
2024-01-22,2956050,87533478,29.75,29.5,29.7,0.0,1680,2633,29.75
2024-01-23,1349325,40132154,29.85,29.65,29.8,0.1,870,2633,29.85
2024-01-24,1490771,44308794,29.8,29.65,29.75,-0.05,1164,2633,29.75
2024-01-25,2430214,71916230,29.85,29.55,29.6,-0.15,1353,2633,29.85
2024-01-26,1438688,42774344,29.85,29.55,29.85,0.25,884,2633,29.55
2024-01-29,1513699,45044293,29.85,29.65,29.8,-0.05,1121,2633,29.7
2024-01-30,2118514,62952513,29.8,29.65,29.7,-0.1,1093,2633,29.8
2024-01-31,3019235,89240830,29.6,29.55,29.55,-0.15,1113,2633,29.6
2024-02-01,1840908,54778769,29.85,29.65,29.75,0.2,1036,2633,29.65
2024-02-02,1198544,35700701,29.85,29.6,29.85,0.1,839,2633,29.7
2024-02-05,1944487,57726092,29.8,29.55,29.75,-0.1,1067,2633,29.55
2024-02-15,6742715,198518901,29.7,29.3,29.35,-0.4,3861,2633,29.6
2024-02-16,3107837,91283079,29.45,29.3,29.45,0.1,1667,2633,29.35
2024-02-19,1842343,54278483,29.65,29.4,29.5,0.05,1249,2633,29.65
2024-02-20,2772783,81375905,29.45,29.3,29.35,-0.15,1863,2633,29.4
2024-02-21,2710058,80022439,29.65,29.4,29.45,0.1,1514,2633,29.4
2024-02-22,4050969,119164979,29.65,29.3,29.35,-0.1,1958,2633,29.65
2024-02-23,2626012,77305668,29.5,29.4,29.4,0.05,1334,2633,29.4
2024-02-26,1889667,55683063,29.6,29.35,29.5,0.1,1155,2633,29.35
2024-02-27,2422215,71356244,29.55,29.35,29.5,0.0,1442,2633,29.4
2024-02-29,10383242,311184174,30.2,29.45,30.2,0.7,3479,2633,29.5
2024-03-01,5488681,164446670,30.2,29.8,29.9,-0.3,2058,2633,30.05
2024-03-04,3146987,93702510,29.95,29.65,29.8,-0.1,1602,2633,29.9
2024-03-05,2321635,69016338,29.85,29.7,29.7,-0.1,1099,2633,29.75
2024-03-06,4785056,142651489,30.2,29.7,29.7,0.0,2028,2633,29.8
2024-03-07,3536055,105258887,29.9,29.7,29.7,0.0,1639,2633,29.9
2024-03-08,3576214,106644547,29.95,29.65,29.9,0.2,1509,2633,29.7
2024-03-11,2801456,84006666,30.1,29.9,29.9,0.0,1435,2633,30.0
2024-03-12,3837220,115068995,30.05,29.85,30.05,0.15,1504,2633,29.9
2024-03-13,5849701,175988272,30.2,29.95,30.15,0.1,2402,2633,29.95
2024-03-14,3632591,108993269,30.1,29.9,30.1,-0.05,1987,2633,30.05
2024-03-15,13931186,417964836,30.35,29.65,30.35,0.25,3362,2633,30.1
2024-03-18,3415936,103057358,30.3,29.95,30.25,-0.1,1727,2633,30.1
2024-03-19,5836777,174476965,30.1,29.8,29.8,-0.45,2717,2633,30.0
2024-03-20,3471669,103435770,29.95,29.7,29.75,-0.05,1198,2633,29.8
2024-03-21,2399992,71869779,30.0,29.8,29.95,0.2,1294,2633,29.9
2024-03-22,3146270,94287179,30.1,29.9,29.95,0.0,1440,2633,30.0
2024-03-25,3574718,108020675,30.4,30.1,30.1,0.15,1724,2633,30.25
2024-03-26,3796692,114135074,30.2,30.0,30.0,-0.1,1396,2633,30.15
2024-03-27,2395684,71954651,30.1,30.0,30.0,0.0,1146,2633,30.0
2024-03-28,4407901,132891321,30.25,30.0,30.15,0.15,1673,2633,30.0
2024-03-29,2993272,90399369,30.3,30.1,30.1,-0.05,1225,2633,30.2
2024-04-01,1796488,54277964,30.35,30.15,30.2,0.1,936,2633,30.3
2024-04-02,2605126,78503013,30.25,30.1,30.15,-0.05,1024,2633,30.25
2024-04-03,2627268,78740371,30.1,29.9,29.95,-0.2,1135,2633,30.1
2024-04-08,2130195,63996322,30.15,29.95,30.1,0.15,1260,2633,30.0
2024-04-09,2264748,68137167,30.15,30.05,30.1,0.0,851,2633,30.1
2024-04-10,2371770,71447307,30.2,30.1,30.15,0.05,947,2633,30.1
2024-04-11,2525838,76030076,30.2,30.0,30.15,0.0,932,2633,30.1
2024-04-12,4227669,127046298,30.15,29.95,30.15,0.0,1321,2633,30.05
2024-04-15,2430822,72994462,30.1,30.0,30.0,-0.15,1165,2633,30.1
2024-04-16,6997942,207706013,29.95,29.55,29.55,-0.45,3077,2633,29.95
2024-04-17,3643523,107761156,29.7,29.5,29.6,0.05,1905,2633,29.6
2024-04-18,2942697,87204350,29.75,29.55,29.6,0.0,1653,2633,29.6
2024-04-19,7862703,231076799,29.75,29.25,29.3,-0.3,3950,2633,29.55
2024-04-22,5352821,159972475,30.15,29.55,29.95,0.65,2082,2633,29.6
2024-04-23,3491723,104400544,30.1,29.75,29.75,-0.2,1917,2633,29.95
2024-04-24,2397160,71610999,30.0,29.8,29.85,0.1,1102,2633,29.95
2024-04-25,2566314,76418711,29.9,29.7,29.75,-0.1,1146,2633,29.9
2024-04-26,2635223,78544550,29.95,29.65,29.95,0.2,1115,2633,29.75
2024-04-29,4223476,126739453,30.05,29.9,30.05,0.1,1467,2633,29.95
2024-04-30,3362913,100700551,30.05,29.9,29.9,-0.15,1051,2633,30.0
2024-05-02,3162141,95017690,30.15,29.9,30.05,0.15,1328,2633,30.0
2024-05-03,2094694,63012596,30.15,30.0,30.05,0.0,1028,2633,30.1
2024-05-06,7504053,227741084,30.5,30.1,30.5,0.45,3193,2633,30.15
2024-05-07,3191731,96928415,30.65,30.2,30.35,-0.15,1849,2633,30.55
2024-05-08,4277061,129747923,30.4,30.2,30.35,0.0,1777,2633,30.35
2024-05-09,2695700,81520429,30.4,30.15,30.25,-0.1,1089,2633,30.35
2024-05-10,2749859,83221038,30.4,30.1,30.35,0.1,1305,2633,30.25
2024-05-13,4646634,141535522,30.55,30.35,30.5,0.15,1961,2633,30.35
2024-05-14,5462140,166004964,30.5,30.3,30.4,-0.1,1406,2633,30.5
2024-05-15,7433768,225668224,30.45,30.3,30.35,-0.05,2137,2633,30.4
2024-05-16,5727866,174376065,30.5,30.4,30.45,0.1,2796,2633,30.45
2024-05-17,3798264,115718925,30.55,30.4,30.4,-0.05,1495,2633,30.45
2024-05-20,2886013,88206765,30.65,30.5,30.55,0.15,1587,2633,30.55
2024-05-21,5264954,159215709,30.6,30.1,30.15,-0.4,2078,2633,30.6
2024-05-22,2916766,88571538,30.45,30.15,30.4,0.25,1517,2633,30.2
2024-05-23,5194349,156755663,30.35,30.05,30.1,-0.3,1997,2633,30.2
2024-05-24,3677544,110536963,30.2,30.0,30.05,-0.05,1410,2633,30.2
2024-05-27,4164584,124931056,30.1,29.95,29.95,-0.1,1867,2633,30.05
2024-05-28,4712488,141456088,30.1,29.9,30.0,0.05,1621,2633,29.95
2024-05-29,5705676,170645558,30.05,29.85,29.85,-0.15,2341,2633,30.0
2024-05-30,5875394,174915991,29.9,29.65,29.65,-0.2,3176,2633,29.8
2024-05-31,9820571,294329625,30.0,29.7,30.0,0.35,1492,2633,29.7
2024-06-03,2822891,84682212,30.05,29.9,30.0,0.0,1137,2633,29.95
2024-06-04,4132620,123361552,29.95,29.75,29.8,-0.2,1613,2633,29.8
2024-06-05,4496936,134248106,30.0,29.75,29.8,0.0,1889,2633,29.8
2024-06-06,1936799,57940336,30.0,29.8,30.0,0.2,1119,2633,29.8
2024-06-07,3653950,109828479,30.2,29.9,30.15,0.15,1144,2633,29.9
2024-06-11,3684544,110201041,30.2,29.8,29.8,-0.35,1696,2633,30.2
2024-06-12,3317329,99046871,30.05,29.8,29.8,0.0,1591,2633,29.85
2024-06-13,1944259,58037043,30.0,29.8,29.8,0.0,1061,2633,30.0
2024-06-14,2143644,64071075,30.0,29.8,30.0,0.2,884,2633,29.8
2024-06-17,1616423,48386934,30.0,29.9,29.9,-0.1,974,2633,30.0
2024-06-18,2616342,78285611,30.0,29.85,29.95,0.05,1504,2633,29.9
2024-06-19,5910200,176772833,30.05,29.85,29.85,-0.1,1855,2633,30.0
2024-06-20,3543554,105906029,30.0,29.8,29.95,0.1,1440,2633,29.85
2024-06-21,5510361,165152178,30.1,29.9,29.95,0.0,1640,2633,29.9
2024-06-24,3036996,91059172,30.05,29.85,30.05,0.1,1343,2633,30.0
2024-06-25,3139530,94376058,30.2,30.0,30.05,0.0,1343,2633,30.15
2024-06-26,4630039,138768401,30.1,29.9,29.9,-0.15,1740,2633,30.0
2024-06-27,7313939,220054350,30.25,29.8,30.25,0.35,3126,2633,29.8
2024-06-28,9614498,292518265,30.55,30.15,30.4,0.15,3068,2633,30.3
2024-07-01,6924793,211460228,30.65,30.25,30.4,0.0,2495,2633,30.4
2024-07-02,5435861,165389808,30.6,30.2,30.4,0.0,4082,2633,30.2
2024-07-03,6615358,201834589,30.65,30.35,30.4,0.0,2235,2633,30.4
2024-07-04,3989932,122098493,30.65,30.5,30.65,0.25,1854,2633,30.6
2024-07-05,3520312,108318881,30.85,30.65,30.7,0.05,1731,2633,30.7
2024-07-08,3546351,108747356,30.8,30.55,30.75,0.05,1423,2633,30.7
2024-07-09,4069457,124589032,30.75,30.45,30.7,-0.05,1363,2633,30.75
2024-07-10,4029012,123025841,30.7,30.35,30.5,-0.2,1331,2633,30.7
2024-07-11,3432185,104742633,30.6,30.35,30.55,0.05,1241,2633,30.4
2024-07-12,6173971,189312700,30.75,30.4,30.75,0.2,1998,2633,30.4
2024-07-15,8174224,251670778,31.05,30.6,30.65,-0.1,2757,2633,30.8
2024-07-16,7769607,231542559,29.9,29.7,29.85,0.0,3004,2633,29.8
2024-07-17,6671199,197960569,29.8,29.6,29.6,-0.25,2830,2633,29.8
2024-07-18,7949503,235847895,29.9,29.5,29.9,0.3,2821,2633,29.7
2024-07-19,6896874,204271694,29.8,29.5,29.65,-0.25,2229,2633,29.7
2024-07-22,6732057,199306530,29.8,29.45,29.65,0.0,2268,2633,29.6
2024-07-23,3952011,117802977,29.9,29.65,29.9,0.25,1554,2633,29.65
2024-07-26,4353663,129205371,29.9,29.45,29.75,-0.15,1857,2633,29.85
2024-07-29,4628158,138008173,29.9,29.7,29.9,0.15,1463,2633,29.9
2024-07-30,3347966,99547974,29.9,29.55,29.85,-0.05,1398,2633,29.85
2024-07-31,4074116,121556997,29.95,29.65,29.75,-0.1,1427,2633,29.85
2024-08-01,2694777,80372701,29.9,29.75,29.9,0.15,1384,2633,29.75
2024-08-02,5088194,151204094,29.85,29.6,29.85,-0.05,1863,2633,29.6
2024-08-05,9583831,278052433,29.6,28.7,28.9,-0.95,4573,2633,29.5
2024-08-06,6727004,195742834,29.35,28.6,29.05,0.15,2710,2633,29.25
2024-08-07,5055707,147335235,29.3,28.95,29.3,0.25,2171,2633,28.95
2024-08-08,3369826,97919067,29.3,28.95,29.0,-0.3,1417,2633,28.95
2024-08-09,4666527,136241995,29.35,29.0,29.2,0.2,1835,2633,29.0
2024-08-12,3018616,88457634,29.45,29.2,29.3,0.1,1210,2633,29.2
2024-08-13,2880585,84254481,29.45,29.2,29.2,-0.1,1142,2633,29.4
2024-08-14,3869171,113757276,29.5,29.25,29.45,0.25,1431,2633,29.45
2024-08-15,2941837,86296247,29.65,29.15,29.15,-0.3,1533,2633,29.6
2024-08-16,12438306,371109092,30.15,29.25,29.85,0.7,3255,2633,29.4
2024-08-19,6081271,181966672,30.05,29.8,29.8,-0.05,1924,2633,29.9
2024-08-20,4185073,124828630,30.0,29.65,29.65,-0.15,1607,2633,30.0
2024-08-21,3066418,90775865,29.85,29.45,29.65,0.0,2617,2633,29.85
2024-08-22,2626935,77543784,29.65,29.45,29.45,-0.2,1376,2633,29.65
2024-08-23,1805530,53101583,29.55,29.35,29.35,-0.1,981,2633,29.45
2024-08-26,1877824,55579053,29.7,29.45,29.65,0.3,1050,2633,29.45
2024-08-27,1592277,47108054,29.7,29.4,29.7,0.05,847,2633,29.45
2024-08-28,2890166,85087234,29.75,29.35,29.5,-0.2,1343,2633,29.7
2024-08-29,2345752,68990477,29.55,29.35,29.4,-0.1,1115,2633,29.45
2024-08-30,9853155,293629384,29.9,29.4,29.9,0.5,1813,2633,29.4
2024-09-02,2625316,77632631,29.75,29.5,29.5,-0.4,1311,2633,29.7
2024-09-03,2089808,61423534,29.5,29.35,29.35,-0.15,1091,2633,29.45
2024-09-04,5242948,152339930,29.2,28.95,29.0,-0.35,3147,2633,28.95
2024-09-05,2324728,67663742,29.35,29.0,29.0,0.0,1368,2633,29.1
2024-09-06,1880662,55041741,29.45,29.05,29.4,0.4,1047,2633,29.1
2024-09-09,2450859,71326360,29.25,29.0,29.1,-0.3,1607,2633,29.2
2024-09-10,1727296,50573775,29.35,29.15,29.35,0.25,988,2633,29.2
2024-09-11,4140165,121991264,29.65,29.3,29.3,-0.05,1693,2633,29.4
2024-09-12,3501787,103650408,29.7,29.4,29.7,0.4,1832,2633,29.65
2024-09-13,2516213,74323607,29.65,29.45,29.6,-0.1,1160,2633,29.55
2024-09-16,2264196,67062398,29.7,29.5,29.7,0.1,978,2633,29.6
2024-09-18,1598210,47304799,29.7,29.45,29.65,-0.05,1256,2633,29.7
2024-09-19,2073773,61335647,29.65,29.5,29.5,-0.15,1341,2633,29.65
2024-09-20,10013924,297289890,29.8,29.4,29.8,0.3,2110,2633,29.55
2024-09-23,1530771,45497240,29.85,29.55,29.8,0.0,971,2633,29.8
2024-09-24,1503524,44524695,29.7,29.55,29.65,-0.15,1035,2633,29.65
2024-09-25,2380373,70668054,29.75,29.6,29.7,0.05,1487,2633,29.75
2024-09-26,1854872,55000770,29.8,29.55,29.65,-0.05,1076,2633,29.8
2024-09-27,3984234,117911476,29.7,29.45,29.7,0.05,1629,2633,29.7
2024-09-30,3439655,102078135,29.8,29.6,29.6,-0.1,1417,2633,29.75
2024-10-01,1901163,56172908,29.7,29.45,29.65,0.05,1021,2633,29.6
2024-10-04,4274845,125683760,29.5,29.3,29.5,-0.15,2159,2633,29.45
2024-10-07,3554664,104348785,29.5,29.3,29.3,-0.2,2129,2633,29.5
2024-10-08,4187012,122306713,29.4,29.15,29.2,-0.1,1831,2633,29.3
2024-10-09,3249736,94705871,29.3,29.1,29.1,-0.1,1702,2633,29.3
2024-10-11,1564204,45739295,29.35,29.15,29.2,0.1,873,2633,29.25
2024-10-14,1385964,40418338,29.25,29.1,29.2,0.0,916,2633,29.2
2024-10-15,3697031,108032421,29.3,29.1,29.25,0.05,1321,2633,29.2
2024-10-16,3642075,105942008,29.15,29.05,29.05,-0.2,2195,2633,29.1
2024-10-17,2503659,72808014,29.15,29.05,29.05,0.0,1473,2633,29.05
2024-10-18,3221025,94329912,29.35,29.1,29.35,0.3,1735,2633,29.25
2024-10-21,1195419,34994816,29.4,29.2,29.25,-0.1,829,2633,29.4
2024-10-22,1399912,40808042,29.25,29.1,29.1,-0.15,783,2633,29.25
2024-10-23,1949788,56758925,29.2,29.05,29.1,0.0,1068,2633,29.1
2024-10-24,2881639,83733129,29.15,29.0,29.05,-0.05,955,2633,29.05
2024-10-25,1225011,35631703,29.15,29.05,29.15,0.1,893,2633,29.1
2024-10-28,2366085,68702817,29.15,29.0,29.0,-0.15,1395,2633,29.15
2024-10-29,3937953,114194805,29.15,28.9,29.15,0.15,2059,2633,29.0
2024-10-30,4846918,140973412,29.2,28.95,29.15,0.0,1484,2633,29.2
2024-11-01,4536324,131009141,29.05,28.7,28.9,-0.25,2575,2633,29.05
2024-11-04,3141130,91304564,29.2,28.9,29.2,0.3,1288,2633,29.05
2024-11-05,3020893,87791292,29.2,28.95,29.2,0.0,1495,2633,29.15
2024-11-06,3176038,92060475,29.15,28.9,29.0,-0.2,1614,2633,29.0
2024-11-07,3321702,95905610,28.95,28.8,28.9,-0.1,2028,2633,28.9
2024-11-08,2286486,65913054,28.9,28.8,28.8,-0.1,1564,2633,28.9
2024-11-11,2586562,74283868,28.8,28.65,28.8,0.0,1896,2633,28.8
2024-11-12,6174393,176861612,28.8,28.5,28.8,0.0,3316,2633,28.65
2024-11-13,2762513,78855549,28.7,28.5,28.5,-0.3,2157,2633,28.7
2024-11-14,2883277,82127591,28.65,28.4,28.4,-0.1,1809,2633,28.5
2024-11-15,2879510,82297621,28.7,28.4,28.7,0.3,1589,2633,28.4
2024-11-18,3163281,91172804,29.0,28.6,28.95,0.25,1791,2633,28.7
2024-11-19,2072042,60052743,29.05,28.8,28.9,-0.05,1225,2633,28.9
2024-11-20,2296204,66151064,29.0,28.65,28.95,0.05,1732,2633,28.8
2024-11-21,2478436,70938735,28.75,28.55,28.6,-0.35,1781,2633,28.75
2024-11-22,2294046,65585356,28.8,28.55,28.55,-0.05,1451,2633,28.75
2024-11-25,13097249,376384699,28.85,28.55,28.75,0.2,1685,2633,28.8
2024-11-26,2344412,67041744,28.75,28.55,28.55,-0.2,1464,2633,28.65
2024-11-27,2285755,65341747,28.75,28.5,28.6,0.05,1305,2633,28.55
2024-11-28,2262957,64434607,28.6,28.4,28.5,-0.1,1312,2633,28.6
2024-11-29,3402277,96285262,28.45,28.25,28.25,-0.25,1983,2633,28.45
2024-12-02,2754312,77833388,28.4,28.2,28.2,-0.05,1710,2633,28.3
2024-12-03,2671074,76008784,28.55,28.25,28.55,0.35,1398,2633,28.3
2024-12-04,3813453,107844378,28.55,28.2,28.2,-0.35,2494,2633,28.55
2024-12-05,2491057,70314706,28.3,28.15,28.25,0.05,1545,2633,28.25
2024-12-06,1851859,52433094,28.35,28.25,28.35,0.1,1191,2633,28.3
2024-12-09,1821622,51601513,28.5,28.25,28.25,-0.1,1026,2633,28.35
2024-12-10,3043674,86648568,28.6,28.25,28.55,0.3,875,2633,28.25
2024-12-11,1450172,41085976,28.5,28.25,28.3,-0.25,1087,2633,28.5
2024-12-12,1199980,33969153,28.5,28.25,28.25,-0.05,652,2633,28.45
2024-12-13,1681998,47404880,28.25,28.15,28.15,-0.1,1205,2633,28.2
2024-12-16,2240424,62944886,28.3,28.0,28.05,-0.1,1796,2633,28.15
2024-12-17,4210279,118022386,28.25,27.9,28.25,0.2,2585,2633,28.05
2024-12-18,3000519,83932010,28.15,27.95,27.95,-0.3,2137,2633,28.15
2024-12-19,5051736,139918816,27.9,27.65,27.65,-0.3,3688,2633,27.9
2024-12-20,5709519,157330606,27.8,27.5,27.5,-0.15,2521,2633,27.65
2024-12-23,1818946,50597794,27.9,27.6,27.75,0.25,1282,2633,27.75
2024-12-24,2287642,64059190,28.1,27.75,27.95,0.2,1466,2633,27.75
2024-12-25,889834,24888307,28.15,27.9,27.95,0.0,878,2633,28.15
2024-12-26,1217097,34120901,28.2,27.95,27.95,0.0,866,2633,28.0
2024-12-27,965846,27029237,28.05,27.95,28.05,0.1,649,2633,28.0
2024-12-30,1622016,45354315,28.1,27.9,27.9,-0.15,1165,2633,28.05
2024-12-31,4151038,114906431,27.9,27.55,27.8,-0.1,2490,2633,27.8
2025-01-02,5274012,145589364,27.8,27.5,27.7,-0.1,2632,2633,27.8
2025-01-03,5269354,144633392,27.8,27.3,27.35,-0.35,3279,2633,27.8
2025-01-06,6295199,172883021,27.75,27.35,27.4,0.05,2975,2633,27.45
2025-01-07,6732193,184442815,27.65,27.25,27.45,0.05,2688,2633,27.6
2025-01-08,9661986,261559354,27.6,26.95,27.0,-0.45,5444,2633,27.6
2025-01-09,7005264,187559066,27.05,26.7,26.8,-0.2,4285,2633,27.0
2025-01-10,5997760,159301320,26.75,26.5,26.6,-0.2,3591,2633,26.7
2025-01-13,8373660,219531306,26.7,26.0,26.3,-0.3,4078,2633,26.55
2025-01-14,4139243,110072124,26.8,26.45,26.7,0.4,1913,2633,26.45
2025-01-15,2859224,76054368,26.8,26.5,26.5,-0.2,1886,2633,26.8
2025-01-16,2812021,75440717,26.95,26.7,26.95,0.45,1550,2633,26.8
2025-01-17,3530344,95738907,27.25,26.85,27.15,0.2,1989,2633,27.1
2025-01-20,2647211,71998827,27.3,27.1,27.2,0.05,1536,2633,27.2
2025-01-21,2739408,74811700,27.4,27.2,27.35,0.15,1415,2633,27.2
2025-01-22,3126789,85590973,27.45,27.25,27.35,0.0,1477,2633,27.4
2025-02-03,4683917,127856203,27.55,27.0,27.35,0.0,2821,2633,27.5
2025-02-04,3104492,84201816,27.5,27.0,27.0,-0.35,2074,2633,27.5
2025-02-05,3187898,86950590,27.5,27.05,27.3,0.3,1814,2633,27.35
2025-02-06,7403067,207078167,28.15,27.6,28.15,0.85,3571,2633,27.6
2025-02-07,2908403,81052491,28.1,27.75,27.85,-0.3,1895,2633,28.1
2025-02-10,3187447,88242973,27.9,27.55,27.65,-0.2,2121,2633,27.85
2025-02-11,2072333,57374453,27.85,27.55,27.75,0.1,1259,2633,27.85
2025-02-12,4294726,119711221,28.0,27.65,27.95,0.2,2011,2633,27.65
2025-02-13,2741604,76522350,28.0,27.8,28.0,0.05,1256,2633,27.95
2025-02-14,3363976,94475413,28.2,27.95,28.05,0.05,1834,2633,28.0
2025-02-17,1917825,53998943,28.3,28.05,28.1,0.05,1338,2633,28.3
2025-02-18,1158992,32590619,28.2,28.05,28.2,0.1,879,2633,28.1
2025-02-19,2448953,69083617,28.25,28.1,28.25,0.05,1704,2633,28.2
2025-02-20,2562361,71822996,28.15,27.95,28.1,-0.15,1649,2633,28.15
2025-02-21,3386326,94631264,28.1,27.85,27.9,-0.2,1831,2633,28.1
2025-02-24,2140320,60065859,28.2,27.9,28.2,0.3,1177,2633,27.9
2025-02-25,2153973,60288476,28.1,27.9,27.95,-0.25,1154,2633,28.0
2025-02-26,2142787,60179257,28.2,27.9,28.15,0.2,1639,2633,27.9
2025-02-27,9368871,259169533,28.05,27.5,27.5,-0.65,2802,2633,28.0
2025-03-03,4956648,137767505,27.9,27.65,27.8,0.3,2459,2633,27.65
2025-03-04,5050359,139739512,27.85,27.45,27.65,-0.15,2217,2633,27.6
2025-03-05,2714043,75604367,27.95,27.7,27.9,0.25,1469,2633,27.8
2025-03-06,2238821,62110978,27.85,27.7,27.7,-0.2,1724,2633,27.8
2025-03-07,2190089,60497728,27.7,27.6,27.6,-0.1,1319,2633,27.7
2025-03-10,4505902,123806260,27.7,27.4,27.45,-0.15,2216,2633,27.6
2025-03-11,6109430,165416368,27.25,26.9,27.2,-0.25,3019,2633,27.2
2025-03-12,3019238,82355889,27.4,27.0,27.4,0.2,1625,2633,27.0
2025-03-13,3116058,84800913,27.4,27.1,27.15,-0.25,1689,2633,27.4
2025-03-14,3144026,85746904,27.45,27.15,27.3,0.15,1936,2633,27.35
2025-03-17,2836915,76964979,27.25,27.05,27.1,-0.2,1883,2633,27.2
2025-03-18,2569154,70048873,27.35,27.1,27.35,0.25,1434,2633,27.25
2025-03-19,2739771,74824756,27.4,27.2,27.35,0.0,1621,2633,27.35
2025-03-20,2508328,68704831,27.45,27.3,27.45,0.1,1730,2633,27.3
2025-03-21,10407962,283253911,27.55,27.15,27.15,-0.3,1765,2633,27.4
2025-03-24,1842162,50385477,27.45,27.2,27.3,0.15,1031,2633,27.2
2025-03-25,2340766,63825648,27.45,27.15,27.35,0.05,1217,2633,27.3
2025-03-26,2218798,60587564,27.45,27.2,27.3,-0.05,1170,2633,27.2
2025-03-27,2987346,81787727,27.45,27.25,27.45,0.15,1374,2633,27.25
2025-03-28,2424871,65916438,27.4,27.1,27.2,-0.25,1371,2633,27.4
2025-03-31,6958860,186634937,27.05,26.7,26.7,-0.5,3969,2633,27.0
2025-04-01,2550562,68835312,27.2,26.65,27.05,0.35,1690,2633,26.7
2025-04-02,2951200,80463955,27.35,26.95,27.2,0.15,1492,2633,27.0
2025-04-07,19739259,510474311,26.45,24.75,25.9,-1.3,8561,2633,24.75
2025-04-08,14773690,387479126,26.65,25.95,26.15,0.25,5837,2633,26.2
2025-04-09,12999925,334816149,26.2,25.45,25.45,-0.7,5226,2633,25.95
2025-04-10,10737809,286995716,27.25,26.45,26.5,1.05,5227,2633,27.25
2025-04-11,8775702,230321450,26.5,25.95,26.45,-0.05,2956,2633,26.35
2025-04-14,7615913,202325366,26.75,26.3,26.7,0.25,2822,2633,26.35
2025-04-15,6458382,171749914,26.9,26.4,26.5,-0.2,3517,2633,26.8
2025-04-16,5567499,145991412,26.5,26.1,26.2,-0.3,2314,2633,26.35
2025-04-17,4678174,123759131,26.6,26.1,26.6,0.4,1961,2633,26.2
2025-04-18,3002771,79821084,26.7,26.4,26.5,-0.1,1379,2633,26.55
2025-04-21,2034800,53656729,26.5,26.25,26.25,-0.25,957,2633,26.5
2025-04-22,7043806,188415473,26.95,26.15,26.95,0.7,3319,2633,26.2
2025-04-23,5840053,155812843,27.0,26.55,26.55,-0.4,2839,2633,26.95
2025-04-24,3493250,93040887,26.7,26.5,26.7,0.15,1621,2633,26.6
2025-04-25,4842836,129373554,27.0,26.6,26.6,-0.1,2227,2633,26.7
2025-04-28,3978401,106931301,27.0,26.65,26.8,0.2,1911,2633,26.75
2025-04-29,4011088,108005393,27.05,26.8,26.8,0.0,1951,2633,26.85
2025-04-30,4238619,114614724,27.2,26.75,27.15,0.35,1782,2633,26.75
2025-05-02,3411093,92568617,27.2,27.0,27.2,0.05,1374,2633,27.1
2025-05-05,5466846,149544166,27.45,27.15,27.25,0.05,2318,2633,27.3
2025-05-06,6866635,190363471,27.9,27.4,27.9,0.65,2883,2633,27.5
2025-05-07,4720455,130780386,28.0,27.55,27.65,-0.25,1927,2633,28.0
2025-05-08,3344423,92175640,27.75,27.45,27.5,-0.15,1168,2633,27.75
2025-05-09,3241449,88942733,27.6,27.35,27.45,-0.05,1394,2633,27.4
2025-05-12,3406473,94362532,27.75,27.55,27.75,0.3,1597,2633,27.65
2025-05-13,3627973,101023379,27.95,27.6,27.95,0.2,1427,2633,27.6
2025-05-14,3609955,100227830,28.0,27.65,27.8,-0.15,1715,2633,28.0
2025-05-15,2879640,79884833,27.85,27.65,27.75,-0.05,1043,2633,27.8
2025-05-16,2352210,65505410,28.0,27.65,28.0,0.25,1256,2633,27.85
2025-05-19,2697497,74846752,28.0,27.6,27.8,-0.2,1696,2633,28.0
2025-05-20,2761842,76324487,27.8,27.5,27.65,-0.15,1671,2633,27.8
2025-05-21,2847778,78840625,27.85,27.5,27.8,0.15,1783,2633,27.65
2025-05-22,2573774,70722221,27.75,27.4,27.45,-0.35,1445,2633,27.65
2025-05-23,2305444,63389523,27.6,27.3,27.6,0.15,1129,2633,27.4
2025-05-26,2262116,62570704,27.75,27.5,27.75,0.15,1609,2633,27.65
2025-05-27,2181724,60258696,27.8,27.5,27.5,-0.25,1328,2633,27.8
2025-05-28,2644308,72814625,27.75,27.35,27.5,0.0,1216,2633,27.75
2025-05-29,9448812,259527181,27.7,27.4,27.45,-0.05,1427,2633,27.7
2025-06-02,3182437,86816306,27.5,27.2,27.3,-0.15,1814,2633,27.5
2025-06-03,2442023,66621849,27.4,27.2,27.25,-0.05,1178,2633,27.3
2025-06-04,3394570,93965037,27.8,27.35,27.8,0.55,1334,2633,27.35
2025-06-05,2187313,60241882,27.65,27.45,27.6,-0.2,966,2633,27.6
2025-06-06,2713694,75495315,27.95,27.55,27.9,0.3,1342,2633,27.6
2025-06-09,2021307,56495483,28.0,27.85,28.0,0.1,950,2633,27.95
2025-06-10,3614992,101476896,28.15,27.9,28.1,0.1,1744,2633,28.0
2025-06-11,5461406,154708022,28.45,28.05,28.4,0.3,2331,2633,28.1
2025-06-12,3228431,91857988,28.5,28.3,28.5,0.1,1535,2633,28.45
2025-06-13,7208120,206977224,28.85,28.4,28.85,0.35,3212,2633,28.4
2025-06-16,4068799,117124766,29.1,28.55,28.55,-0.3,2025,2633,28.75
2025-06-17,7686785,222699042,29.15,28.55,29.0,0.45,3396,2633,28.65
2025-06-18,2874471,82805413,29.05,28.65,28.7,-0.3,2525,2633,29.05
2025-06-19,2257304,65037278,28.9,28.7,28.85,0.15,1403,2633,28.7
2025-06-20,4995591,144021504,28.9,28.6,28.85,0.0,1658,2633,28.9
2025-06-23,2675786,76845068,28.85,28.55,28.75,-0.1,1687,2633,28.55
2025-06-24,2293285,66217667,29.05,28.7,28.8,0.05,1174,2633,29.0
2025-06-25,1501211,43218010,28.95,28.7,28.7,-0.1,1083,2633,28.9
2025-06-26,2810157,81209408,29.0,28.7,28.85,0.15,1770,2633,28.7
2025-06-27,2785208,80282011,29.0,28.7,28.75,-0.1,1651,2633,28.85
2025-06-30,2727154,77475070,28.8,28.25,28.25,-0.5,1240,2633,28.75
2025-07-01,2631803,75663792,28.9,28.4,28.75,0.5,1545,2633,28.4
2025-07-02,2241779,64022315,28.85,28.45,28.5,-0.25,1247,2633,28.65
2025-07-03,2168594,62497416,28.95,28.4,28.95,0.45,1296,2633,28.4
2025-07-04,1161887,33434070,28.95,28.65,28.85,-0.1,810,2633,28.95
2025-07-07,1259284,36138171,28.85,28.55,28.75,-0.1,840,2633,28.85
2025-07-08,2420607,69258140,28.75,28.55,28.55,-0.2,1077,2633,28.7
2025-07-09,2849108,81443077,28.7,28.45,28.7,0.15,1218,2633,28.55
2025-07-10,2055407,58643215,28.6,28.45,28.6,-0.1,1117,2633,28.55
2025-07-11,3312508,95208149,28.9,28.6,28.65,0.05,1590,2633,28.6
2025-07-14,6278733,179033564,28.7,28.3,28.5,-0.15,2252,2633,28.65
2025-07-15,4765304,131941339,27.85,27.45,27.7,0.0,1839,2633,27.45
2025-07-16,3302389,91876318,28.05,27.55,27.7,0.0,1798,2633,27.7
2025-07-17,2103651,58390637,27.9,27.65,27.7,0.0,1264,2633,27.7
2025-07-18,3389582,93282579,27.85,27.4,27.5,-0.2,2226,2633,27.85
2025-07-21,2110982,57860240,27.6,27.3,27.3,-0.2,1396,2633,27.5
2025-07-22,2895539,78831844,27.35,27.15,27.15,-0.15,1686,2633,27.3
2025-07-23,2040081,55720000,27.4,27.2,27.35,0.2,1174,2633,27.2
2025-07-24,1919840,52382900,27.4,27.2,27.35,0.0,1312,2633,27.35
2025-07-25,1672677,45751376,27.4,27.2,27.35,0.0,1263,2633,27.25
2025-07-28,1713593,46829604,27.5,27.25,27.3,-0.05,1126,2633,27.35
2025-07-29,1685368,45984035,27.4,27.2,27.3,0.0,1150,2633,27.3
2025-07-30,1780058,48890211,27.55,27.3,27.5,0.2,1046,2633,27.3
2025-07-31,1888740,51521188,27.4,27.2,27.25,-0.25,970,2633,27.35
2025-08-01,1357757,36979685,27.35,27.05,27.25,0.0,896,2633,27.2
2025-08-04,1922836,52787772,27.6,27.15,27.6,0.35,956,2633,27.2
2025-08-05,1512764,41638333,27.6,27.45,27.6,0.0,1040,2633,27.45
2025-08-06,2480423,68735057,27.8,27.55,27.8,0.2,1107,2633,27.6
2025-08-07,2083615,57979632,27.9,27.7,27.85,0.05,1173,2633,27.75
2025-08-08,1484433,41407252,27.95,27.7,27.95,0.1,957,2633,27.7
2025-08-11,2472838,69342265,28.25,27.8,27.8,-0.15,1336,2633,27.95
2025-08-12,2076354,58168178,28.1,27.8,28.0,0.2,1130,2633,27.8
2025-08-13,2352290,65879369,28.15,27.85,28.05,0.05,1273,2633,28.15
2025-08-14,1808453,50519607,28.1,27.85,27.85,-0.2,1334,2633,28.1
2025-08-15,2819115,77962492,27.85,27.6,27.6,-0.25,1725,2633,27.8
2025-08-18,3065925,85198099,27.9,27.6,27.9,0.3,1462,2633,27.6
2025-08-19,2789175,77747874,28.0,27.7,28.0,0.1,1160,2633,27.8
2025-08-20,2214640,61462290,28.1,27.7,27.7,-0.3,1384,2633,28.1
2025-08-21,1283397,35765956,28.0,27.7,27.9,0.2,952,2633,27.9
2025-08-22,1147545,31804529,27.85,27.65,27.7,-0.2,855,2633,27.85
2025-08-25,1173786,32625044,27.85,27.75,27.85,0.15,829,2633,27.8
2025-08-26,6340105,175333203,27.8,27.6,27.65,-0.2,1583,2633,27.75
2025-08-27,2563215,70974712,27.8,27.6,27.65,0.0,1215,2633,27.6
2025-08-28,2443962,67629970,27.8,27.6,27.6,-0.05,1079,2633,27.65
2025-08-29,1657766,45810090,27.75,27.6,27.6,0.0,845,2633,27.7
2025-09-01,1906786,52593708,27.8,27.5,27.55,-0.05,1051,2633,27.6
2025-09-02,2585420,71945686,27.9,27.6,27.9,0.35,1142,2633,27.6
2025-09-03,1171934,32611764,27.95,27.75,27.75,-0.15,878,2633,27.95
2025-09-04,1289374,35830117,27.85,27.7,27.8,0.05,756,2633,27.8
2025-09-05,1214634,33828678,27.9,27.75,27.9,0.1,780,2633,27.8
2025-09-08,2128983,59504628,28.0,27.85,28.0,0.1,1153,2633,27.85
2025-09-09,3846934,108165801,28.35,27.95,28.15,0.15,1542,2633,28.0
2025-09-10,3593301,101282294,28.3,28.0,28.2,0.05,1708,2633,28.2
2025-09-11,2292883,64171418,28.2,27.9,27.9,-0.3,1420,2633,28.1
2025-09-12,1964989,55096038,28.1,27.85,28.1,0.2,1115,2633,27.9
2025-09-15,1523233,42701209,28.15,27.95,28.0,-0.1,1190,2633,28.1
2025-09-16,1876367,52496298,28.1,27.9,27.95,-0.05,1263,2633,28.0
2025-09-17,1446040,40365466,28.0,27.85,27.85,-0.1,1108,2633,27.9
2025-09-18,1548471,43068817,27.9,27.8,27.8,-0.05,947,2633,27.8
2025-09-19,6930998,192559015,27.85,27.65,27.85,0.05,2108,2633,27.7
2025-09-22,1424848,39735009,27.95,27.8,27.95,0.1,754,2633,27.95
2025-09-23,1643424,45819865,27.95,27.8,27.9,-0.05,1128,2633,27.9
2025-09-24,1402866,39158667,28.05,27.85,27.9,0.0,816,2633,27.9
2025-09-25,2543902,71294000,28.05,27.95,28.05,0.15,1254,2633,28.05
2025-09-26,1794280,50166096,28.1,27.85,27.9,-0.15,1297,2633,28.05
2025-09-30,3838228,107714795,28.15,27.95,28.1,0.2,1441,2633,28.1
2025-10-01,1539304,43207067,28.25,27.95,28.1,0.0,899,2633,28.2
2025-10-02,1747238,48895021,28.1,27.95,27.95,-0.15,971,2633,28.05
2025-10-03,1811680,50452049,28.05,27.8,27.8,-0.15,1106,2633,27.95
2025-10-07,4855601,133892933,27.8,27.5,27.55,-0.25,2857,2633,27.8
2025-10-08,3963177,108746046,27.65,27.35,27.35,-0.2,2128,2633,27.65
2025-10-09,3881353,105957818,27.6,27.2,27.25,-0.1,2063,2633,27.6
2025-10-13,4130730,111480516,27.25,26.8,27.0,-0.25,2807,2633,27.25
2025-10-14,3449763,93949260,27.45,27.0,27.15,0.15,2009,2633,27.0
2025-10-15,1443880,39248313,27.3,27.05,27.3,0.15,1374,2633,27.1
2025-10-16,1428051,38932143,27.4,27.2,27.2,-0.1,1014,2633,27.35
2025-10-17,1865889,51101127,27.5,27.25,27.35,0.15,1096,2633,27.25
2025-10-20,2606601,71458405,27.55,27.3,27.3,-0.05,1467,2633,27.35
2025-10-21,1290043,35308715,27.45,27.3,27.35,0.05,714,2633,27.45
2025-10-22,1918659,52660687,27.55,27.3,27.55,0.2,900,2633,27.35
2025-10-23,1329325,36631471,27.65,27.35,27.6,0.05,883,2633,27.45
2025-10-27,3554983,98502712,28.0,27.55,27.8,0.2,1716,2633,27.75
2025-10-28,3043395,83728027,27.8,27.4,27.4,-0.4,1292,2633,27.8
2025-10-29,3919045,107421932,27.6,27.3,27.5,0.1,1507,2633,27.4
2025-10-30,3728329,102546871,27.7,27.3,27.65,0.15,1541,2633,27.35
2025-10-31,3172138,87121896,27.7,27.35,27.35,-0.3,1197,2633,27.7
2025-11-03,1975634,54059297,27.5,27.25,27.25,-0.1,1222,2633,27.35
2025-11-04,2018661,55080079,27.45,27.2,27.3,0.05,1300,2633,27.25
2025-11-05,2836908,77637130,27.5,27.1,27.5,0.2,1395,2633,27.2
2025-11-06,3540828,98096654,27.8,27.6,27.65,0.15,1789,2633,27.7
2025-11-07,9600435,269212495,28.25,27.6,28.0,0.35,3953,2633,27.65
2025-11-10,14625354,420605216,29.2,28.35,28.7,0.7,5959,2633,28.4
2025-11-11,6573560,188448398,28.85,28.5,28.6,-0.1,2995,2633,28.7
2025-11-12,6666282,191353093,29.1,28.45,28.45,-0.15,2796,2633,28.8
2025-11-13,3328812,94582807,28.6,28.3,28.35,-0.1,1953,2633,28.45
2025-11-14,3501960,99365158,28.65,28.15,28.35,0.0,2017,2633,28.25
2025-11-17,4176184,116301718,28.45,28.15,28.45,0.1,2082,2633,28.2
2025-11-18,3578727,100224434,28.3,27.85,27.9,-0.55,1894,2633,28.25
2025-11-19,2611676,72591185,28.1,27.7,27.8,-0.1,1682,2633,28.1
2025-11-20,2069041,57808002,28.1,27.7,27.9,0.1,1213,2633,27.95
2025-11-21,4865067,133605984,28.0,27.35,27.35,-0.55,3590,2633,28.0
2025-11-24,7337118,203427957,27.85,27.3,27.85,0.5,2254,2633,27.4
2025-11-25,1958193,54319433,27.85,27.55,27.85,0.0,1348,2633,27.8
2025-11-26,1877928,52558487,28.1,27.85,28.05,0.2,1169,2633,27.85
2025-11-27,4488158,124445833,27.95,27.55,27.85,-0.2,2890,2633,27.9
2025-11-28,3730653,104100920,28.05,27.7,27.95,0.1,1350,2633,27.85
2025-12-01,3893784,108663274,28.0,27.7,27.95,0.0,1493,2633,27.75
2025-12-02,2808029,78567719,28.05,27.85,28.0,0.05,1646,2633,28.0
2025-12-03,2768317,77379778,28.0,27.85,28.0,0.0,1224,2633,27.9
2025-12-04,3664549,101983378,28.0,27.75,27.9,-0.1,1821,2633,28.0
2025-12-05,3509274,96948127,27.9,27.5,27.55,-0.35,3022,2633,27.8
2025-12-08,3889360,107166925,27.75,27.4,27.65,0.1,2122,2633,27.55
2025-12-09,3431276,94585885,27.65,27.5,27.55,-0.1,1306,2633,27.55
2025-12-10,3555089,98036529,27.65,27.5,27.6,0.05,1333,2633,27.55
2025-12-11,3503625,96950353,27.75,27.5,27.7,0.1,1359,2633,27.5
2025-12-12,3413127,94581426,27.8,27.6,27.7,0.0,1641,2633,27.8
2025-12-15,1543746,42658749,27.75,27.55,27.6,-0.1,1149,2633,27.65
2025-12-16,4220543,115977648,27.65,27.45,27.45,-0.15,1547,2633,27.45
2025-12-17,4528957,124036143,27.55,27.25,27.4,-0.05,2386,2633,27.55
2025-12-18,2452501,67166568,27.5,27.3,27.4,0.0,1379,2633,27.3
2025-12-19,6895331,191366275,27.85,27.3,27.85,0.45,1783,2633,27.3
2025-12-22,3331717,92893164,27.95,27.7,27.95,0.1,1860,2633,27.8
2025-12-23,3369174,94561413,28.15,27.9,28.05,0.1,1736,2633,27.9
2025-12-24,981846,27430267,28.05,27.9,27.95,-0.1,632,2633,28.05
2025-12-26,1828593,50840370,27.95,27.75,27.9,-0.05,1235,2633,27.95
2025-12-29,1406243,39273884,28.0,27.85,27.95,0.05,866,2633,27.9
2025-12-30,4813013,134175090,28.0,27.75,27.95,0.0,1316,2633,27.9
2025-12-31,2381217,66626533,28.05,27.85,28.0,0.05,945,2633,27.85
2026-01-02,2017774,56536086,28.15,27.9,28.0,0.0,1072,2633,28.0
2026-01-05,5054998,141219827,28.05,27.8,27.85,-0.15,2118,2633,27.9
2026-01-06,4316047,120299584,28.0,27.7,28.0,0.15,1550,2633,27.9
2026-01-07,4414942,123274197,28.05,27.8,27.85,-0.15,1616,2633,28.05
2026-01-08,5477091,151873378,27.95,27.5,27.9,0.05,2201,2633,27.85
2026-01-09,4233754,117677575,28.0,27.55,28.0,0.1,1664,2633,27.9
2026-01-12,3354348,92855075,27.95,27.6,27.6,-0.4,1856,2633,27.95
2026-01-13,5547657,152546526,27.75,27.4,27.4,-0.2,3282,2633,27.7
2026-01-14,4015777,110020760,27.5,27.3,27.4,0.0,2156,2633,27.4
2026-01-15,3772737,103325505,27.5,27.35,27.35,-0.05,1936,2633,27.45
2026-01-16,5198994,142287133,27.6,27.3,27.35,0.0,2698,2633,27.45
2026-01-19,5281081,144152832,27.4,27.25,27.25,-0.1,2810,2633,27.35
2026-01-20,7306610,198283902,27.25,27.1,27.1,-0.15,3962,2633,27.2
2026-01-21,7246306,195912543,27.15,27.0,27.0,-0.1,3613,2633,27.15
2026-01-22,7342941,198223054,27.1,26.95,27.0,0.0,3298,2633,27.0
2026-01-23,7331244,198158227,27.3,26.95,26.95,-0.05,3064,2633,27.15
2026-01-26,5473107,147965068,27.25,26.85,27.25,0.3,3221,2633,26.95
2026-01-27,5354211,145688459,27.35,27.15,27.15,-0.1,1996,2633,27.25
2026-01-28,5238823,142202813,27.2,27.05,27.2,0.05,1799,2633,27.05
2026-01-29,7456085,204399760,27.6,27.2,27.6,0.4,2750,2633,27.2
2026-01-30,7755494,211177837,27.65,27.1,27.35,-0.25,2777,2633,27.6
2026-02-02,4129026,111897690,27.3,27.05,27.1,-0.25,1812,2633,27.3
2026-02-03,4503832,122121560,27.25,27.1,27.1,0.0,1731,2633,27.1
2026-02-04,3198764,86769424,27.2,27.1,27.1,0.0,1197,2633,27.1
2026-02-05,3582446,97306022,27.35,27.05,27.1,0.0,1812,2633,27.1
2026-02-06,3863501,104490760,27.15,27.0,27.0,-0.1,1761,2633,27.0
2026-02-09,3904238,106041515,27.25,27.05,27.15,0.15,1640,2633,27.15
2026-02-10,4422506,120504252,27.35,27.15,27.35,0.2,2422,2633,27.15
2026-02-11,5295432,144000981,27.35,27.1,27.15,-0.2,2745,2633,27.35
2026-02-23,7198365,196681102,27.45,27.15,27.35,0.2,3892,2633,27.4
2026-02-24,6647206,180928991,27.4,27.1,27.3,-0.05,2646,2633,27.35
2026-02-25,5859366,159029278,27.3,27.1,27.1,-0.2,2676,2633,27.3
2026-02-26,12485925,337627371,27.2,27.0,27.05,-0.05,3729,2633,27.1
2026-03-02,6756514,183228332,27.25,26.9,27.25,0.2,3042,2633,27.25
2026-03-03,7540715,202728123,27.0,26.85,26.85,-0.4,4363,2633,26.9
2026-03-04,9994887,265408921,26.75,26.45,26.55,-0.3,4772,2633,26.75
2026-03-05,5535486,147177750,26.75,26.5,26.6,0.05,2708,2633,26.55
2026-03-06,4582950,121574172,26.65,26.35,26.5,-0.1,2499,2633,26.5
2026-03-09,6277398,164277540,26.3,26.0,26.15,-0.35,3694,2633,26.1
2026-03-10,5234981,137433977,26.45,26.2,26.2,0.05,2374,2633,26.4
2026-03-11,3542985,93138045,26.35,26.15,26.25,0.05,2052,2633,26.2
2026-03-12,11007074,286648587,26.25,26.0,26.0,-0.25,4953,2633,26.2
2026-03-13,6907077,178484204,26.0,25.65,25.9,-0.1,3631,2633,25.9
2026-03-16,4679345,121702174,26.25,25.75,26.15,0.25,2307,2633,25.9
2026-03-17,6195018,161932574,26.3,26.0,26.25,0.1,2665,2633,26.1
2026-03-18,5025821,131226368,26.35,26.05,26.1,-0.15,2565,2633,26.35
2026-03-19,5234830,136879488,26.3,25.95,26.15,0.05,2680,2633,26.15
2026-03-20,7201679,189114098,26.35,26.05,26.35,0.2,2168,2633,26.05
2026-03-23,5361690,138985881,26.1,25.8,25.9,-0.45,3454,2633,26.1
2026-03-24,3796172,98476634,26.1,25.85,26.05,0.15,2011,2633,25.95
2026-03-25,5511798,144747515,26.45,26.1,26.45,0.4,2376,2633,26.35
2026-03-26,5285469,139273258,26.5,26.25,26.25,-0.2,2426,2633,26.3
2026-03-27,4859830,127465217,26.4,26.15,26.15,-0.1,2290,2633,26.3
2026-03-30,9821399,258789073,26.5,25.85,26.5,0.35,2915,2633,25.85
2026-03-31,6916488,180868437,26.5,26.0,26.35,-0.15,2728,2633,26.5
2026-04-01,6708029,177767632,26.9,26.15,26.8,0.45,2745,2633,26.45
2026-04-02,4346180,115700905,26.9,26.5,26.6,-0.2,1718,2633,26.9
2026-04-07,3292931,86953112,26.65,26.3,26.45,-0.15,1613,2633,26.65
2026-04-08,5856509,155776019,26.9,26.5,26.6,0.15,2229,2633,26.9
2026-04-09,5310011,140996097,27.0,26.3,27.0,0.4,2133,2633,26.4
2026-04-10,4772974,127389718,26.95,26.55,26.95,-0.05,2331,2633,26.8
2026-04-13,3856401,103059079,26.9,26.6,26.9,-0.05,1735,2633,26.8
2026-04-14,5445734,145239647,26.9,26.5,26.85,-0.05,2267,2633,26.9
2026-04-15,4208222,112764079,26.95,26.65,26.9,0.05,2050,2633,26.9
2026-04-16,3303269,88688833,26.95,26.75,26.95,0.05,1555,2633,26.9
2026-04-17,4406262,118287585,27.0,26.7,27.0,0.05,1907,2633,27.0
2026-04-20,4330346,115820985,26.9,26.7,26.75,-0.25,1851,2633,26.75
2026-04-21,8232209,219499561,26.85,26.6,26.7,-0.05,1957,2633,26.85
2026-04-22,5099400,135419381,26.65,26.5,26.5,-0.2,2308,2633,26.6
2026-04-23,6218951,163709653,26.5,26.25,26.3,-0.2,2271,2633,26.4
2026-04-24,5042999,133298937,26.7,26.25,26.7,0.4,2489,2633,26.3
2026-04-27,5703101,150643752,26.7,26.35,26.35,-0.35,2850,2633,26.5
2026-04-28,4894671,129007902,26.6,26.25,26.45,0.1,2227,2633,26.55
2026-04-29,6223781,164708663,26.7,26.25,26.65,0.2,2310,2633,26.6
2026-04-30,5489391,145431422,26.6,26.4,26.5,-0.15,2026,2633,26.6
2026-05-04,4245041,112062372,26.55,26.3,26.4,-0.1,1855,2633,26.55
2026-05-05,4066789,107323684,26.45,26.35,26.4,0.0,2106,2633,26.4
2026-05-06,4548833,120471542,26.6,26.4,26.4,0.0,2429,2633,26.6
2026-05-07,7623777,200974980,26.6,26.25,26.35,-0.05,3002,2633,26.3
2026-05-08,5513444,146174188,26.65,26.35,26.55,0.2,2121,2633,26.6
2026-05-11,5763093,154249414,26.9,26.6,26.75,0.2,2951,2633,26.6
2026-05-12,4231619,113195607,26.85,26.65,26.75,0.0,2666,2633,26.75
2026-05-13,7519180,197481167,26.6,26.15,26.15,-0.6,3625,2633,26.6
2026-05-14,11289460,293246030,26.25,25.8,25.9,-0.25,5762,2633,26.15
2026-05-15,11159917,286917971,25.85,25.65,25.7,-0.2,5469,2633,25.7
2026-05-18,6138784,157357847,25.7,25.55,25.6,-0.1,3279,2633,25.65
2026-05-19,8651823,223501028,26.1,25.55,25.95,0.35,3076,2633,25.7
2026-05-20,4181220,108341826,26.05,25.85,25.85,-0.1,1830,2633,25.95
2026-05-21,2726565,70770785,26.05,25.75,25.95,0.1,1554,2633,25.85
2026-05-22,8569002,221481101,25.95,25.8,25.8,-0.15,2811,2633,25.8
2026-05-25,24174212,613750815,25.8,25.3,25.3,-0.5,9531,2633,25.75
2026-05-26,16178625,406959573,25.3,25.05,25.05,-0.25,7214,2633,25.25
2026-05-27,16971023,425978249,25.55,24.8,25.25,0.2,7793,2633,25.1
2026-05-28,19395430,482975645,25.25,24.8,24.8,-0.45,7227,2633,25.25
2026-05-29,222475014,5532076019,25.3,24.8,24.85,0.05,10806,2633,25.05
2026-06-01,14497392,364124387,25.4,25.0,25.1,0.25,5447,2633,25.2
2026-06-02,15381758,389270250,25.5,25.0,25.3,0.2,3901,2633,25.0
2026-06-03,9148611,234848171,25.85,25.35,25.75,0.45,3181,2633,25.35
2026-06-04,5390778,138084565,25.75,25.55,25.55,-0.2,2460,2633,25.75
2026-06-05,8673849,221865755,25.8,25.5,25.5,-0.05,2702,2633,25.55
2026-06-08,15151090,382091347,25.4,25.1,25.1,-0.4,4401,2633,25.2
2026-06-09,8625368,219016805,25.55,25.1,25.4,0.3,3105,2633,25.1
2026-06-10,9342701,240248081,25.8,25.25,25.8,0.4,3162,2633,25.25
2026-06-11,8312513,211548318,25.8,25.3,25.35,-0.45,3050,2633,25.8
2026-06-12,4363760,111316768,25.6,25.35,25.45,0.1,1823,2633,25.4
2026-06-15,5520875,141314771,25.7,25.5,25.55,0.1,2462,2633,25.7
2026-06-16,17820495,464519659,26.25,25.55,26.15,0.6,4293,2633,25.65
2026-06-17,16103853,423602679,26.6,26.0,26.15,0.0,3572,2633,26.15
2026-06-18,18795601,492636062,26.45,26.15,26.15,0.0,2918,2633,26.15
