date,capacity,turnover,high,low,close,change,transaction_volume,stock_code_id,open
2015-01-05,5311079,130325967,24.8,24.15,24.4,-0.15,1988,3017,24.2
2015-01-06,7202150,176709432,24.75,24.2,24.4,0.0,2991,3017,24.3
2015-01-07,12463646,312723000,25.5,24.6,25.1,0.7,4660,3017,24.7
2015-01-08,9420513,235064725,25.3,24.75,24.95,-0.15,3132,3017,25.25
2015-01-09,14211830,356614667,25.3,24.8,25.25,0.3,3771,3017,25.15
2015-01-12,14083479,356491275,25.6,25.05,25.05,-0.2,4666,3017,25.25
2015-01-13,5832568,145172415,25.15,24.7,24.7,-0.35,2450,3017,25.1
2015-01-14,3798719,94130594,25.1,24.65,24.7,0.0,1772,3017,25.1
2015-01-15,9315405,233872324,25.3,24.65,25.3,0.6,2518,3017,25.0
2015-01-16,10737078,270607390,25.45,24.9,25.05,-0.25,3659,3017,25.4
2015-01-19,10155576,247074733,25.25,23.7,24.0,-1.05,3681,3017,25.25
2015-01-20,3909033,94332389,24.35,23.75,24.2,0.2,1467,3017,24.0
2015-01-21,8914686,219642968,24.85,24.25,24.7,0.5,3156,3017,24.3
2015-01-22,6528474,161477176,24.9,24.45,24.8,0.1,2444,3017,24.8
2015-01-23,7386811,182407544,25.15,24.4,24.4,-0.4,2705,3017,25.0
2015-01-26,2644459,64474604,24.55,24.2,24.3,-0.1,1078,3017,24.4
2015-01-27,3145858,76338892,24.55,24.1,24.1,-0.2,1288,3017,24.5
2015-01-28,3382057,82707125,24.7,24.1,24.35,0.25,1332,3017,24.15
2015-01-29,1821466,44190022,24.45,24.15,24.2,-0.15,796,3017,24.35
2015-01-30,1527903,37151207,24.55,24.2,24.25,0.05,661,3017,24.5
2015-02-02,1941406,46418660,24.3,23.8,23.85,-0.4,832,3017,24.2
2015-02-03,1853309,44088770,24.1,23.65,23.7,-0.15,876,3017,23.9
2015-02-04,2800669,66114064,24.0,23.4,23.45,-0.25,1572,3017,23.9
2015-02-05,1703058,40380972,23.9,23.5,23.6,0.15,899,3017,23.6
2015-02-06,1415032,33433198,23.85,23.5,23.5,-0.1,705,3017,23.8
2015-02-09,1199026,28229465,23.8,23.35,23.7,0.2,645,3017,23.55
2015-02-10,2152085,51540156,24.2,23.7,23.8,0.1,1001,3017,23.9
2015-02-11,1132165,26907199,24.05,23.7,23.7,-0.1,534,3017,23.9
2015-02-12,1436376,34092478,23.9,23.55,23.85,0.15,609,3017,23.7
2015-02-13,3566305,85661733,24.2,23.9,23.9,0.05,1598,3017,23.95
2015-02-24,1860282,44607104,24.3,23.85,23.9,0.0,849,3017,24.3
2015-02-25,2487574,59110491,24.1,23.65,23.7,-0.2,1160,3017,24.1
2015-02-26,3264194,78537967,24.35,23.65,24.2,0.5,1491,3017,23.7
2015-03-02,4347693,105947663,24.65,24.05,24.25,0.05,1577,3017,24.2
2015-03-03,2382299,57865617,24.5,24.15,24.2,-0.05,985,3017,24.5
2015-03-04,5133324,125867902,24.75,24.05,24.55,0.35,1805,3017,24.05
2015-03-05,2239572,54839744,24.7,24.4,24.4,-0.15,961,3017,24.7
2015-03-06,3148714,77441840,24.7,24.4,24.65,0.25,1333,3017,24.6
2015-03-09,1947821,47835210,24.8,24.4,24.65,0.0,717,3017,24.65
2015-03-10,2440326,59738986,24.7,24.3,24.35,-0.3,1138,3017,24.7
2015-03-11,4828197,118222663,24.7,24.0,24.35,0.0,1793,3017,24.0
2015-03-12,5773841,142163006,24.95,24.3,24.9,0.55,1554,3017,24.35
2015-03-13,11863062,298429917,25.4,24.8,24.8,-0.1,4219,3017,25.0
2015-03-16,3178536,77954669,24.8,24.4,24.45,-0.35,1450,3017,24.7
2015-03-17,2247014,54751184,24.75,24.2,24.2,-0.25,967,3017,24.5
2015-03-18,3741577,92152715,24.85,24.2,24.8,0.6,1777,3017,24.25
2015-03-19,4978764,124356838,25.15,24.7,24.7,-0.1,1992,3017,25.0
2015-03-20,21883719,565452615,26.4,24.8,26.4,1.7,7109,3017,24.8
2015-03-23,9434981,246454306,26.45,25.85,26.1,-0.3,3892,3017,26.4
2015-03-24,18416967,484580088,26.9,25.5,26.65,0.55,6655,3017,26.1
2015-03-25,26208357,727068995,28.4,27.0,27.65,1.0,9578,3017,27.0
2015-03-26,11295524,306169853,27.65,26.6,26.85,-0.8,4913,3017,27.1
2015-03-27,10363710,279245144,27.6,26.2,26.55,-0.3,4109,3017,26.95
2015-03-30,9866627,268534945,27.7,26.75,27.05,0.5,4167,3017,27.0
2015-03-31,27012839,769401483,28.9,27.4,28.9,1.85,9851,3017,27.85
2015-04-01,21670788,624612240,29.35,28.2,28.5,-0.4,8926,3017,28.7
2015-04-02,9696593,276564975,29.0,28.2,28.25,-0.25,4270,3017,28.5
2015-04-07,14451136,422820132,30.0,28.1,29.15,0.9,6100,3017,28.5
2015-04-08,15081708,444560678,30.1,28.8,28.8,-0.35,6446,3017,29.2
2015-04-09,14469981,409151208,29.2,27.75,27.9,-0.9,5696,3017,28.8
2015-04-10,10053819,279965491,28.55,27.05,27.9,0.0,4420,3017,28.4
2015-04-13,6523785,183867134,28.5,27.9,28.4,0.5,2852,3017,28.25
2015-04-14,7654676,213655071,28.35,27.6,27.85,-0.55,3346,3017,28.35
2015-04-15,6639699,183886502,28.2,27.3,27.55,-0.3,2920,3017,27.85
2015-04-16,23758210,681201901,29.35,27.7,28.95,1.4,8613,3017,27.85
2015-04-17,18706901,546075929,29.8,28.65,29.0,0.05,7171,3017,28.95
2015-04-20,10409586,292525351,28.8,27.85,28.0,-1.0,5005,3017,28.55
2015-04-21,15253916,409793381,28.3,26.15,26.3,-1.7,6130,3017,28.0
2015-04-22,5374773,144339539,27.1,26.5,26.9,0.6,2557,3017,26.7
2015-04-23,6739091,179891206,27.15,26.3,26.7,-0.2,2828,3017,27.0
2015-04-24,4977709,133608856,27.3,26.55,26.6,-0.1,2147,3017,26.9
2015-04-27,9428419,259999401,28.0,26.9,27.9,1.3,3850,3017,26.95
2015-04-28,5191394,142293437,28.05,27.15,27.15,-0.75,2456,3017,28.0
2015-04-29,5264193,141796561,27.55,26.3,26.7,-0.45,2435,3017,27.2
2015-04-30,4319125,115082648,26.95,26.35,26.85,0.15,1755,3017,26.7
2015-05-04,2179401,58056428,27.0,26.45,26.5,-0.35,1108,3017,27.0
2015-05-05,3544171,93899058,26.9,26.2,26.35,-0.15,1555,3017,26.5
2015-05-06,3277080,87302776,26.85,26.1,26.65,0.3,1681,3017,26.15
2015-05-07,3303252,86711634,26.65,26.1,26.15,-0.5,1497,3017,26.4
2015-05-08,6101063,156188885,26.4,25.0,25.3,-0.85,2597,3017,26.2
2015-05-11,7772080,186840016,25.65,23.55,23.95,-1.35,3075,3017,25.6
2015-05-12,6272894,156490876,25.6,24.1,25.6,1.65,2655,3017,24.15
2015-05-13,6569956,170280675,26.4,25.25,26.4,0.8,2776,3017,25.6
2015-05-14,5052218,131106695,26.4,25.5,25.8,-0.6,2112,3017,26.4
2015-05-15,2673486,68566853,26.05,25.4,25.4,-0.4,1150,3017,25.9
2015-05-18,2593201,64940929,25.65,24.6,25.05,-0.35,1263,3017,25.6
2015-05-19,2786247,71865779,25.95,25.2,25.95,0.9,1436,3017,25.4
2015-05-20,7451479,198141839,27.15,25.85,26.5,0.55,3187,3017,26.2
2015-05-21,5504389,146254732,26.9,26.1,26.45,-0.05,2370,3017,26.25
2015-05-22,3480871,91610820,26.7,25.9,26.15,-0.3,1650,3017,26.7
2015-05-25,2320021,60182336,26.25,25.8,25.85,-0.3,1150,3017,26.2
2015-05-26,5453844,145337194,27.05,25.9,26.85,1.0,2622,3017,26.0
2015-05-27,3375595,90328158,27.0,26.5,26.85,0.0,1574,3017,26.7
2015-05-28,6259501,170542147,27.6,26.85,26.85,0.0,2550,3017,27.2
2015-05-29,4900054,132359751,27.25,26.7,27.1,0.25,2136,3017,27.0
2015-06-01,1910449,51238234,27.35,26.55,26.7,-0.4,962,3017,27.35
2015-06-02,10024403,277168738,28.15,26.6,27.3,0.6,4006,3017,26.6
2015-06-03,18993391,538536081,29.0,27.1,28.6,1.3,6720,3017,27.45
2015-06-04,33120786,971275539,29.95,28.6,29.0,0.4,13137,3017,28.9
2015-06-05,29667495,871328580,30.55,27.8,29.45,0.45,11356,3017,29.45
2015-06-08,17522889,500705629,29.9,27.8,28.0,-1.45,6912,3017,29.5
2015-06-09,17439570,465757669,28.1,25.5,25.75,-2.25,6875,3017,27.8
2015-06-10,6043698,158648035,26.75,25.85,26.15,0.4,2615,3017,25.85
2015-06-11,4752908,124169630,26.55,25.7,26.25,0.1,2337,3017,26.5
2015-06-12,4389231,116738594,26.9,26.0,26.4,0.15,2203,3017,26.0
2015-06-15,3673845,95993172,26.95,25.6,25.8,-0.6,1918,3017,26.4
2015-06-16,5713654,143483050,26.0,24.8,25.0,-0.8,2555,3017,25.8
2015-06-17,3693488,92622371,25.3,24.85,24.85,-0.15,1705,3017,25.25
2015-06-18,3097931,78446329,25.65,24.85,25.65,0.8,1592,3017,24.85
2015-06-22,3402889,86532112,25.9,25.05,25.05,-0.6,1568,3017,25.9
2015-06-23,2423446,61695452,25.7,25.15,25.3,0.25,1315,3017,25.6
2015-06-24,8036402,210906559,26.8,25.1,26.5,1.2,3878,3017,25.4
2015-06-25,15861393,443657551,28.7,27.1,28.05,1.55,6996,3017,27.2
2015-06-26,6795024,187586598,28.05,27.15,27.45,-0.6,3152,3017,28.05
2015-06-29,5815323,152808127,27.15,25.55,25.65,-1.8,2565,3017,27.0
2015-06-30,6817069,182401313,27.3,25.65,27.15,1.5,3379,3017,25.65
2015-07-01,4095950,111258463,27.5,26.7,26.7,-0.45,1991,3017,27.15
2015-07-02,9608893,268147375,28.25,27.05,27.9,1.2,4357,3017,27.05
2015-07-03,12376916,351300041,28.75,28.05,28.1,0.2,5111,3017,28.25
2015-07-06,5109216,140158882,28.2,26.85,27.0,-1.1,2424,3017,27.7
2015-07-07,3182470,86704762,27.65,26.85,27.05,0.05,1628,3017,27.15
2015-07-08,8607641,221521469,27.3,25.1,25.5,-1.55,3545,3017,26.8
2015-07-09,5716733,142344959,25.8,23.55,25.8,0.3,2390,3017,25.0
2015-07-13,3030908,79491997,26.5,26.05,26.1,0.3,1413,3017,26.4
2015-07-14,2367636,61951251,26.65,25.9,25.95,-0.15,1193,3017,26.4
2015-07-15,1681397,43564991,26.25,25.7,25.7,-0.25,868,3017,26.2
2015-07-16,2171524,56170610,26.2,25.6,25.6,-0.1,908,3017,25.9
2015-07-17,1689212,43285213,25.85,25.5,25.5,-0.1,866,3017,25.75
2015-07-20,2147038,55381655,26.3,25.35,25.35,-0.15,1173,3017,25.8
2015-07-21,2844628,71083981,25.6,24.6,25.0,-0.35,1416,3017,25.4
2015-07-22,2729094,66971077,25.1,24.25,24.3,-0.7,1302,3017,24.8
2015-07-23,3439125,83292110,24.75,23.65,24.6,0.3,1472,3017,24.3
2015-07-24,2023392,49557446,25.0,24.2,24.2,-0.4,872,3017,24.5
2015-07-27,7147592,160463582,24.15,21.8,21.8,-2.4,2691,3017,24.0
2015-07-28,7057995,146625492,21.65,20.2,21.0,-0.8,2662,3017,21.0
2015-07-29,3345982,71302670,21.65,21.0,21.1,0.1,1552,3017,21.4
2015-07-30,3222769,70725268,22.4,21.35,22.0,0.9,1551,3017,21.4
2015-07-31,2211577,48403634,22.3,21.6,21.7,-0.3,1033,3017,22.25
2015-08-03,2066772,43721749,21.6,20.65,21.05,-0.65,871,3017,21.6
2015-08-04,4551411,91575770,21.55,19.2,19.5,-1.55,1781,3017,21.2
2015-08-05,5551300,116172931,21.45,19.7,21.45,1.95,2572,3017,19.7
2015-08-06,3606214,76778944,21.85,20.8,21.05,-0.4,1809,3017,21.7
2015-08-07,3886452,84372398,22.2,20.7,21.8,0.75,1930,3017,21.0
2015-08-10,5107330,116520901,23.45,22.2,23.2,1.4,2327,3017,22.5
2015-08-11,6791142,157773273,23.7,22.7,22.75,-0.45,2864,3017,23.65
2015-08-12,3529634,78403448,22.55,21.9,22.0,-0.75,1778,3017,22.5
2015-08-13,4900714,112139641,23.2,22.3,23.15,1.15,2347,3017,22.5
2015-08-14,1867214,42829499,23.25,22.6,22.95,-0.2,965,3017,23.25
2015-08-17,1955681,44062003,23.15,22.4,22.4,-0.55,1007,3017,23.15
2015-08-18,1563211,34816592,22.75,22.0,22.05,-0.35,845,3017,22.6
2015-08-19,5150056,107677078,22.2,20.35,20.85,-1.2,2629,3017,21.8
2015-08-20,2347220,49626814,21.45,20.5,21.2,0.35,1287,3017,20.85
2015-08-21,2486921,51014660,20.95,20.25,20.25,-0.95,1226,3017,20.6
2015-08-24,5492613,102387901,19.7,18.25,18.45,-1.8,2112,3017,19.25
2015-08-25,4763635,88009635,19.1,17.2,18.65,0.2,2211,3017,17.2
2015-08-26,2527112,46598189,18.75,18.0,18.7,0.05,1145,3017,18.5
2015-08-27,5335916,102114843,19.45,18.9,18.9,0.2,2589,3017,19.1
2015-08-28,5554955,106583084,19.65,18.95,19.0,0.1,2138,3017,19.35
2015-08-31,4890488,92506197,19.35,18.75,18.8,-0.2,2328,3017,18.9
2015-09-01,7799216,150037039,19.65,18.8,19.25,0.45,3073,3017,18.8
2015-09-02,13119268,261633441,20.75,18.9,20.5,1.25,4445,3017,19.0
2015-09-03,16252126,353936334,22.55,20.85,22.55,2.05,6791,3017,20.95
2015-09-04,13090322,297978289,23.4,21.65,21.85,-0.7,5103,3017,22.9
2015-09-07,4841743,107857690,22.65,21.7,22.4,0.55,2227,3017,21.7
2015-09-08,6744418,154218851,23.1,22.6,22.95,0.55,2645,3017,22.7
2015-09-09,14859533,355902909,24.4,23.65,23.95,1.0,5395,3017,23.85
2015-09-10,4274723,101741645,24.0,23.55,23.75,-0.2,1882,3017,23.8
2015-09-11,8569399,208997974,24.8,23.75,24.5,0.75,3405,3017,23.95
2015-09-14,6283263,152142426,25.0,23.6,23.6,-0.9,2558,3017,24.95
2015-09-15,5505746,129926115,24.2,23.25,23.5,-0.1,2786,3017,23.9
2015-09-16,6500936,155974798,24.4,23.55,23.95,0.45,3113,3017,23.8
2015-09-17,7132552,169026328,24.0,23.4,23.75,0.0,2911,3017,23.8
2015-09-18,5414777,130086605,24.35,23.75,23.95,0.2,2418,3017,24.2
2015-09-21,4013038,94492747,23.8,23.25,23.65,-0.3,1800,3017,23.6
2015-09-22,17896692,450779722,26.0,23.7,26.0,2.35,6673,3017,23.7
2015-09-23,10697454,268742700,25.65,24.7,24.85,-1.15,4576,3017,25.0
2015-09-24,7030542,173856070,25.45,23.9,24.45,-0.4,3225,3017,25.1
2015-09-25,7498881,188640025,25.55,24.55,25.15,0.7,3203,3017,24.85
2015-09-30,7341123,186500947,25.85,24.7,25.35,0.2,3222,3017,24.75
2015-10-01,5212809,132806485,25.85,25.25,25.3,-0.05,2391,3017,25.6
2015-10-02,9136665,236750503,26.35,25.25,25.9,0.6,4002,3017,25.5
2015-10-05,12049813,319255916,26.85,26.0,26.2,0.3,4458,3017,26.5
2015-10-06,9182006,238504397,26.8,25.35,25.7,-0.5,4243,3017,26.5
2015-10-07,24879526,665024643,27.4,25.8,27.35,1.65,7804,3017,26.0
2015-10-08,16845424,453374109,27.8,25.9,26.1,-1.25,6941,3017,27.6
2015-10-12,5208488,137950584,26.85,26.2,26.2,0.1,2352,3017,26.55
2015-10-13,4530675,119266433,26.65,26.05,26.2,0.0,2230,3017,26.3
2015-10-14,5069327,133018994,26.7,25.9,26.3,0.1,2396,3017,26.2
2015-10-15,3970565,104513940,26.75,26.1,26.1,-0.2,1850,3017,26.5
2015-10-16,5109047,133023929,26.45,25.6,26.2,0.1,2190,3017,26.3
2015-10-19,2447867,63653772,26.35,25.85,25.85,-0.35,1472,3017,26.35
2015-10-20,7625999,201395118,26.75,25.9,26.2,0.35,3223,3017,25.95
2015-10-21,4390785,113567992,26.35,25.6,25.7,-0.5,2253,3017,26.2
2015-10-22,7236921,191282880,26.75,25.7,26.25,0.55,3538,3017,25.7
2015-10-23,3597627,94472332,26.6,25.95,26.05,-0.2,1722,3017,26.5
2015-10-26,3792297,100141274,26.7,26.15,26.2,0.15,1771,3017,26.2
2015-10-27,7820165,207780040,27.05,26.05,26.8,0.6,3384,3017,26.4
2015-10-28,13658101,371591967,27.65,26.7,26.7,-0.1,5418,3017,27.0
2015-10-29,5734412,151433591,27.0,26.1,26.2,-0.5,2559,3017,26.9
2015-10-30,3216539,84750715,26.6,26.1,26.3,0.1,1540,3017,26.4
2015-11-02,2553410,67668492,26.7,26.2,26.55,0.25,1301,3017,26.3
2015-11-03,5782610,155868864,27.3,26.6,26.9,0.35,2748,3017,26.8
2015-11-04,8344969,226981413,27.55,26.9,27.0,0.1,3075,3017,27.05
2015-11-05,7220282,197548477,27.65,27.0,27.6,0.6,2622,3017,27.1
2015-11-06,8892877,242263635,27.8,26.85,26.85,-0.75,3701,3017,27.75
2015-11-09,10109493,269236211,27.3,26.1,26.25,-0.6,4206,3017,27.1
2015-11-10,4672501,121794225,26.5,25.5,26.5,0.25,2364,3017,25.95
2015-11-11,10927856,292400650,27.25,26.45,26.5,0.0,3922,3017,26.95
2015-11-12,8108701,208524640,26.85,24.8,25.5,-1.0,3721,3017,26.6
2015-11-13,5023227,126694409,25.9,24.9,24.95,-0.55,2351,3017,24.9
2015-11-16,4876804,119189847,24.8,24.15,24.45,-0.5,2741,3017,24.65
2015-11-17,28672437,764598563,26.85,25.85,26.85,2.4,6129,3017,26.2
2015-11-18,25596732,703034909,27.95,26.9,26.9,0.05,8717,3017,27.3
2015-11-19,12290912,335953319,27.75,26.9,26.9,0.0,4172,3017,27.75
2015-11-20,4855902,129879274,27.1,26.5,26.85,-0.05,2298,3017,26.85
2015-11-23,11381711,312294948,27.75,26.7,27.3,0.45,4224,3017,27.0
2015-11-24,6181600,166392614,27.45,26.6,26.6,-0.7,2201,3017,27.3
2015-11-25,6386270,165874157,26.8,25.65,25.85,-0.75,3060,3017,26.4
2015-11-26,5375469,141102906,26.7,25.8,26.35,0.5,2290,3017,25.95
2015-11-27,7709743,207201973,27.25,26.5,26.5,0.15,3226,3017,26.7
2015-11-30,3028329,79926396,26.8,25.95,26.35,-0.15,1464,3017,26.3
2015-12-01,10000426,273845755,27.65,27.0,27.3,0.95,3952,3017,27.0
2015-12-02,49709176,1465283930,30.0,27.85,30.0,2.7,15832,3017,27.85
2015-12-03,52197214,1673558174,33.0,30.7,32.8,2.8,19890,3017,30.8
2015-12-04,37913247,1264600388,34.0,32.8,32.8,0.0,16262,3017,33.15
2015-12-07,22864219,745503908,33.5,32.1,32.1,-0.7,9944,3017,32.4
2015-12-08,24137452,790915391,33.65,31.6,31.6,-0.5,10096,3017,32.55
2015-12-09,25325529,775692161,32.2,29.8,30.45,-1.15,9963,3017,31.85
2015-12-10,15866036,486524284,31.2,30.15,30.5,0.05,6909,3017,30.5
2015-12-11,25158998,774405233,31.6,29.8,30.1,-0.4,10170,3017,30.55
2015-12-14,28625706,909587377,32.95,30.5,31.7,1.6,12062,3017,30.65
2015-12-15,19095684,603084704,32.5,30.8,31.0,-0.7,8599,3017,31.95
2015-12-16,24003728,743603558,32.2,29.85,30.4,-0.6,10306,3017,31.4
2015-12-17,15172826,471695127,31.75,30.5,31.45,1.05,6949,3017,30.95
2015-12-18,8406282,262880755,31.8,31.0,31.05,-0.4,4166,3017,31.45
2015-12-21,9071120,281645750,31.6,30.55,31.5,0.45,4086,3017,30.95
2015-12-22,19780835,624323525,32.55,30.5,30.65,-0.85,8570,3017,31.85
2015-12-23,8616214,264387276,31.15,30.35,30.35,-0.3,4172,3017,31.0
2015-12-24,14233772,422232488,30.9,29.0,29.0,-1.35,6444,3017,30.9
2015-12-25,9450277,275871756,29.75,28.4,29.65,0.65,4330,3017,28.8
2015-12-28,5048022,149473444,30.2,29.0,29.6,-0.05,2542,3017,30.0
2015-12-29,7207872,210826124,29.9,28.75,29.15,-0.45,3017,3017,29.85
2015-12-30,10604325,303217659,29.6,28.2,28.25,-0.9,4510,3017,29.6
2015-12-31,6990929,200353995,28.95,28.15,28.75,0.5,3227,3017,28.25
2016-01-04,7770186,218190603,28.95,27.6,27.6,-1.15,3280,3017,28.9
2016-01-05,8130786,222828061,27.9,27.0,27.1,-0.5,3734,3017,27.7
2016-01-06,18212903,517851511,29.35,27.35,28.7,1.6,8190,3017,27.45
2016-01-07,19443158,550109040,29.6,27.1,27.35,-1.35,8826,3017,29.0
2016-01-08,7359437,205015195,28.25,27.4,27.7,0.35,3534,3017,27.5
2016-01-11,13211405,353506680,27.65,26.1,26.1,-1.6,5472,3017,27.15
2016-01-12,13714401,374158348,27.8,26.6,26.6,0.5,6503,3017,26.75
2016-01-13,8361542,226882995,27.7,26.6,27.0,0.4,4087,3017,27.4
2016-01-14,6456825,167682080,26.45,25.65,25.8,-1.2,3291,3017,26.0
2016-01-15,5969120,155570867,26.45,25.6,25.6,-0.2,3008,3017,26.35
2016-01-18,7963140,206061094,26.35,25.05,26.15,0.55,3193,3017,25.2
2016-01-19,13887153,379920830,28.3,25.95,28.3,2.15,6094,3017,26.35
2016-01-20,21130131,599752552,29.15,27.7,27.7,-0.6,9535,3017,28.35
2016-01-21,6619592,182919113,28.25,27.1,27.2,-0.5,3432,3017,28.05
2016-01-22,7485381,208411577,28.15,27.5,27.6,0.4,3626,3017,27.7
2016-01-25,7230421,205965872,28.8,27.95,28.6,1.0,3458,3017,28.1
2016-01-26,4303237,122489931,28.8,28.1,28.2,-0.4,2307,3017,28.2
2016-01-27,4597132,129227125,28.7,27.6,27.6,-0.6,2344,3017,28.7
2016-01-28,4664553,130712697,28.5,27.35,27.9,0.3,2371,3017,27.7
2016-01-29,2993083,83914914,28.3,27.6,27.95,0.05,1578,3017,27.95
2016-01-30,6229052,178091088,28.85,28.2,28.85,0.9,2649,3017,28.3
2016-02-01,6376735,183939441,29.4,28.35,28.35,-0.5,2816,3017,29.3
2016-02-02,3569708,102413390,28.9,28.35,28.6,0.25,1675,3017,28.5
2016-02-03,10047164,291666078,29.55,28.25,28.25,-0.35,4791,3017,29.1
2016-02-15,14613693,433486734,30.6,27.95,30.3,2.05,6990,3017,27.95
2016-02-16,9659053,290394920,30.65,29.65,30.0,-0.3,4620,3017,30.5
2016-02-17,8699884,264147959,30.85,30.0,30.1,0.1,4171,3017,30.25
2016-02-18,6525988,198174334,30.8,30.1,30.1,0.0,3177,3017,30.65
2016-02-19,5907179,177701074,30.55,29.7,29.8,-0.3,2863,3017,30.35
2016-02-22,11418041,352849996,31.45,30.1,30.7,0.9,5584,3017,30.15
2016-02-23,5763866,175324606,31.1,30.1,30.3,-0.4,3057,3017,30.8
2016-02-24,4355073,130364615,30.4,29.75,29.8,-0.5,2171,3017,30.4
2016-02-25,5716465,169962468,30.15,29.3,29.3,-0.5,2286,3017,29.85
2016-02-26,2239487,66210910,29.9,29.3,29.65,0.35,1146,3017,29.85
2016-03-01,7589479,229865650,30.6,29.8,30.5,0.85,3499,3017,29.85
2016-03-02,19871403,627299163,32.3,30.6,30.85,0.35,8934,3017,31.0
2016-03-03,6490932,198262940,31.25,30.1,30.15,-0.7,3236,3017,31.05
2016-03-04,4017074,120659782,30.35,29.85,29.9,-0.25,2108,3017,30.15
2016-03-07,2521258,75499234,30.25,29.75,29.8,-0.1,1342,3017,30.1
2016-03-08,7206029,219147120,30.95,29.95,30.05,0.25,3509,3017,30.05
2016-03-09,6169086,182318003,30.25,29.3,29.3,-0.75,3084,3017,30.25
2016-03-10,4423199,130943940,29.85,29.25,29.8,0.5,1977,3017,29.3
2016-03-11,7596594,225998712,29.95,29.45,29.75,-0.05,2920,3017,29.65
2016-03-14,8833794,268219275,30.65,29.95,30.4,0.65,3681,3017,30.35
2016-03-15,5547382,165792422,30.55,29.6,29.6,-0.8,2743,3017,30.5
2016-03-16,3487511,104179566,30.15,29.65,29.8,0.2,1653,3017,29.75
2016-03-17,8243888,240063457,30.05,28.7,28.7,-1.1,4097,3017,30.0
2016-03-18,4750799,134715330,29.0,28.15,28.45,-0.25,2378,3017,28.8
2016-03-21,2671691,76112906,28.8,28.2,28.5,0.05,1548,3017,28.75
2016-03-22,5056350,146463632,29.3,28.6,28.95,0.45,2684,3017,28.65
2016-03-23,2866343,83320601,29.35,28.8,28.8,-0.15,1574,3017,29.0
2016-03-24,2330881,67604616,29.25,28.7,28.85,0.05,1421,3017,28.7
2016-03-25,3184388,90876950,29.1,28.35,28.4,-0.45,1552,3017,29.0
2016-03-28,2030739,58128840,28.9,28.4,28.4,0.0,1144,3017,28.5
2016-03-29,3975819,111885382,28.6,27.85,28.0,-0.4,1789,3017,28.6
2016-03-30,3147113,89293145,28.7,28.0,28.45,0.45,1475,3017,28.15
2016-03-31,2170680,61166500,28.7,28.0,28.1,-0.35,1183,3017,28.7
2016-04-01,3638950,100859115,28.1,27.5,27.6,-0.5,1640,3017,28.05
2016-04-06,2686034,74569204,28.05,27.3,27.8,0.2,1570,3017,27.5
2016-04-07,2088991,58491064,28.35,27.7,27.95,0.15,1168,3017,27.9
2016-04-08,6299833,181799169,29.15,28.2,28.9,0.95,2907,3017,28.25
2016-04-11,2361554,68220003,29.2,28.55,28.6,-0.3,1211,3017,28.95
2016-04-12,2269307,64045148,28.9,27.85,27.9,-0.7,1142,3017,28.75
2016-04-13,1816333,51084882,28.35,27.9,28.0,0.1,1053,3017,28.0
2016-04-14,1323937,37338436,28.45,28.0,28.1,0.1,797,3017,28.15
2016-04-15,768405,21617590,28.3,27.9,28.0,-0.1,488,3017,28.1
2016-04-18,1095277,30522246,28.05,27.75,27.8,-0.2,650,3017,27.95
2016-04-19,2059836,56917161,28.1,27.35,27.45,-0.35,1095,3017,28.0
2016-04-20,2713758,73505283,27.6,26.85,26.95,-0.5,1393,3017,27.55
2016-04-21,1758317,47223462,27.3,26.6,26.6,-0.35,996,3017,27.3
2016-04-22,4248152,111115552,27.15,25.5,25.9,-0.7,2262,3017,26.45
2016-04-25,1041501,27256399,26.35,25.8,26.1,0.2,688,3017,26.0
2016-04-26,1289276,33773932,26.4,25.9,26.4,0.3,705,3017,26.2
2016-04-27,1375553,36439168,26.65,26.25,26.5,0.1,721,3017,26.5
2016-04-28,1817001,47253126,26.5,25.8,25.9,-0.6,858,3017,26.5
2016-04-29,2246521,57308859,25.75,25.4,25.4,-0.5,854,3017,25.45
2016-05-03,5123703,124727480,25.15,23.9,23.95,-1.45,2635,3017,25.05
2016-05-04,3144163,74684629,24.35,23.45,23.6,-0.35,1480,3017,23.8
2016-05-05,2545892,59834012,23.85,23.3,23.5,-0.1,1285,3017,23.6
2016-05-06,1876525,43886082,23.6,23.3,23.4,-0.1,843,3017,23.6
2016-05-09,2920832,68210601,23.65,23.15,23.2,-0.2,1171,3017,23.5
2016-05-10,3861850,90428150,24.0,22.8,24.0,0.8,1677,3017,23.2
2016-05-11,4736113,111750312,24.3,23.0,23.0,-1.0,2364,3017,24.3
2016-05-12,3185490,72461664,23.25,22.35,22.5,-0.5,1398,3017,22.95
2016-05-13,4045495,93211976,23.45,22.65,23.4,0.9,2023,3017,22.95
2016-05-16,1695608,39632113,23.55,23.0,23.3,-0.1,875,3017,23.4
2016-05-17,6653208,158776768,24.1,23.5,23.65,0.35,2586,3017,23.8
2016-05-18,3219439,76098247,23.9,23.35,23.55,-0.1,1613,3017,23.65
2016-05-19,1649661,38649681,23.7,23.3,23.35,-0.2,905,3017,23.6
2016-05-20,1702027,39762034,23.6,23.2,23.3,-0.05,929,3017,23.4
2016-05-23,4191015,99857754,24.05,23.3,23.9,0.6,1676,3017,23.4
2016-05-24,1826177,43535975,23.95,23.65,23.85,-0.05,827,3017,23.7
2016-05-25,10744322,270981741,26.1,24.0,25.55,1.7,4887,3017,24.2
2016-05-26,5473972,140246437,26.0,25.25,25.35,-0.2,2340,3017,25.8
2016-05-27,5284688,136314340,26.15,25.45,25.6,0.25,2337,3017,25.55
2016-05-30,5400243,135433184,25.55,24.8,25.15,-0.45,2145,3017,25.55
2016-05-31,2609939,65724466,25.35,25.0,25.25,0.1,1272,3017,25.1
2016-06-01,6031351,151196602,25.4,24.75,24.8,-0.45,2486,3017,25.0
2016-06-02,3618246,89158290,25.15,24.3,24.35,-0.45,1626,3017,24.9
2016-06-03,1521951,37241613,24.7,24.35,24.35,0.0,701,3017,24.55
2016-06-04,579000,14179898,24.6,24.25,24.55,0.2,351,3017,24.5
2016-06-06,1527789,37140958,24.7,24.1,24.15,-0.4,768,3017,24.55
2016-06-07,2760185,66710156,24.45,24.05,24.1,-0.05,1247,3017,24.2
2016-06-08,2092216,50908273,24.55,24.2,24.2,0.1,1259,3017,24.25
2016-06-13,2529011,59609403,24.05,23.45,23.45,-0.75,1267,3017,24.0
2016-06-14,1559100,36964789,23.9,23.45,23.85,0.4,857,3017,23.5
2016-06-15,3309766,77857109,23.75,23.35,23.4,-0.45,1925,3017,23.6
2016-06-16,1661051,39059960,23.65,23.4,23.4,0.0,935,3017,23.55
2016-06-17,1302079,30901970,23.8,23.65,23.8,0.4,733,3017,23.65
2016-06-20,2106761,50600185,24.2,23.65,24.05,0.25,1116,3017,23.95
2016-06-21,1693280,40745654,24.25,23.9,23.95,-0.1,817,3017,24.2
2016-06-22,1885852,45794075,24.5,24.0,24.45,0.5,982,3017,24.05
2016-06-23,1418631,34455067,24.55,24.2,24.2,-0.25,766,3017,24.45
2016-06-24,3466610,82063723,24.35,23.2,23.4,-0.8,1549,3017,24.25
2016-06-27,1341597,31469645,23.6,23.2,23.45,0.05,651,3017,23.25
2016-06-28,2228666,51978966,23.5,23.05,23.3,-0.15,979,3017,23.35
2016-06-29,3204154,76968161,24.3,23.45,24.1,0.8,1455,3017,23.45
2016-06-30,3280530,80193898,24.7,24.2,24.2,0.1,1501,3017,24.45
2016-07-01,1454728,35295061,24.4,24.15,24.4,0.2,728,3017,24.25
2016-07-04,1185173,29057778,24.65,24.25,24.5,0.1,619,3017,24.5
2016-07-05,1467020,35734437,24.65,24.2,24.25,-0.25,734,3017,24.55
2016-07-06,1022683,24478620,24.2,23.8,23.85,-0.4,598,3017,24.2
2016-07-07,889000,21211650,24.05,23.65,23.85,0.0,491,3017,23.95
2016-07-11,3096448,75624689,24.65,24.2,24.35,0.5,1495,3017,24.35
2016-07-12,8356462,210713018,25.55,24.4,25.15,0.8,3553,3017,24.4
2016-07-13,5103749,129153180,25.55,24.95,25.4,0.25,2294,3017,25.15
2016-07-14,2444888,61754776,25.5,25.05,25.2,-0.2,1047,3017,25.5
2016-07-15,2952591,74526898,25.55,25.05,25.05,-0.15,1433,3017,25.4
2016-07-18,5661989,145417612,26.05,25.15,25.8,0.75,2427,3017,25.15
2016-07-19,13394096,353192426,26.8,25.9,25.9,0.1,5168,3017,26.3
2016-07-20,3828673,97598079,25.9,25.3,25.35,-0.55,1686,3017,25.9
2016-07-21,2668005,68447224,25.8,25.5,25.7,0.35,1247,3017,25.55
2016-07-22,1723115,44413935,25.9,25.6,25.7,0.0,854,3017,25.7
2016-07-25,1683619,43140394,25.95,25.5,25.6,-0.1,893,3017,25.8
2016-07-26,1570694,40355462,25.85,25.5,25.75,0.15,826,3017,25.65
2016-07-27,2410001,62389175,26.1,25.75,25.8,0.05,1194,3017,25.9
2016-07-28,1821698,46672592,25.9,25.45,25.5,-0.3,1014,3017,25.9
2016-07-29,1185671,30372759,25.85,25.5,25.65,0.15,629,3017,25.65
2016-08-01,15131515,408117747,27.6,25.75,27.4,1.75,6104,3017,25.8
2016-08-02,7983478,217500420,27.7,26.9,27.25,-0.15,3396,3017,27.4
2016-08-03,12133750,317116669,26.75,25.95,26.1,-1.15,4542,3017,26.7
2016-08-04,5136821,132818847,26.25,25.6,25.75,-0.35,2513,3017,26.1
2016-08-05,4405019,114792634,26.35,25.85,25.85,0.1,1874,3017,26.1
2016-08-08,7424534,196723615,26.8,26.05,26.35,0.5,3250,3017,26.15
2016-08-09,8257158,211383135,26.1,25.15,25.25,-1.1,3706,3017,26.1
2016-08-10,3470303,88360020,25.85,25.0,25.7,0.45,1880,3017,25.3
2016-08-11,2772698,70603998,25.85,25.15,25.4,-0.3,1352,3017,25.8
2016-08-12,3001965,76199968,25.8,25.15,25.2,-0.2,1528,3017,25.6
2016-08-15,1539613,38804229,25.4,25.05,25.25,0.05,787,3017,25.3
2016-08-16,1350668,34025528,25.4,25.1,25.15,-0.1,831,3017,25.4
2016-08-17,3845350,95295367,25.1,24.6,24.65,-0.5,1817,3017,25.05
2016-08-18,3021510,74096441,24.7,24.25,24.6,-0.05,1257,3017,24.65
2016-08-19,1639052,40434367,24.75,24.5,24.65,0.05,944,3017,24.75
2016-08-22,1686476,41216528,24.65,24.3,24.35,-0.3,987,3017,24.65
2016-08-23,2713795,66403460,24.65,24.35,24.55,0.2,1212,3017,24.5
2016-08-24,1983119,48624668,24.7,24.4,24.5,-0.05,1152,3017,24.6
2016-08-25,4078017,99409203,24.6,24.25,24.55,0.05,1492,3017,24.5
2016-08-26,12529754,318633170,25.8,24.9,25.15,0.6,4932,3017,24.9
2016-08-29,2899249,72898325,25.35,24.9,25.3,0.15,1478,3017,25.15
2016-08-30,7184010,176895167,25.1,24.4,24.55,-0.75,3291,3017,25.0
2016-08-31,3518221,87022391,24.95,24.4,24.95,0.4,1887,3017,24.55
2016-09-01,2260390,55873142,25.0,24.6,24.6,-0.35,1090,3017,25.0
2016-09-02,1803760,44384220,24.9,24.45,24.7,0.1,1016,3017,24.55
2016-09-05,2291026,56870500,25.15,24.6,25.05,0.35,970,3017,24.95
2016-09-06,1542779,38520413,25.1,24.85,25.0,-0.05,779,3017,25.0
2016-09-07,2431243,61302845,25.35,25.05,25.15,0.15,1153,3017,25.05
2016-09-08,3619340,92233049,25.6,25.3,25.55,0.4,1647,3017,25.35
2016-09-09,1546899,39333281,25.55,25.35,25.4,-0.15,757,3017,25.55
2016-09-10,1218614,30434750,25.05,24.85,25.0,-0.4,576,3017,24.9
2016-09-12,1623189,40374865,25.1,24.7,24.75,-0.25,695,3017,25.05
2016-09-13,1983800,48885628,25.1,24.45,24.55,-0.2,902,3017,24.85
2016-09-14,1118204,27293053,24.5,24.3,24.35,-0.2,555,3017,24.4
2016-09-19,2409124,60099556,25.15,24.6,25.1,0.75,1295,3017,24.65
2016-09-20,2425103,61279042,25.45,25.05,25.2,0.1,1191,3017,25.2
2016-09-21,2197539,55511679,25.35,25.1,25.3,0.1,1097,3017,25.3
2016-09-22,3666807,92378309,25.4,25.0,25.1,-0.2,1424,3017,25.4
2016-09-23,6007062,152760527,25.6,25.25,25.45,0.35,2285,3017,25.4
2016-09-26,2793598,68854350,24.8,24.55,24.6,0.0,1290,3017,24.6
2016-09-29,2256772,55325170,24.7,24.4,24.45,-0.15,849,3017,24.7
2016-09-30,1418535,34624096,24.5,24.35,24.4,-0.05,591,3017,24.4
2016-10-03,859500,21050824,24.65,24.4,24.45,0.05,374,3017,24.45
2016-10-04,4972277,124040009,25.35,24.4,25.05,0.6,1920,3017,24.45
2016-10-05,2322166,58311236,25.25,25.0,25.05,0.0,981,3017,25.05
2016-10-06,3141017,79398120,25.5,25.1,25.15,0.1,1344,3017,25.15
2016-10-07,2197704,55238000,25.4,25.0,25.05,-0.1,831,3017,25.25
2016-10-11,4317587,104442938,25.0,23.8,24.1,-0.95,2075,3017,25.0
2016-10-12,2439994,58326503,24.15,23.7,23.95,-0.15,1073,3017,24.05
2016-10-13,1149058,27763797,24.45,23.9,24.0,0.05,595,3017,23.95
2016-10-14,2020129,47811536,24.05,23.45,23.45,-0.55,947,3017,23.9
2016-10-17,1165358,27416095,23.8,23.2,23.55,0.1,631,3017,23.5
2016-10-18,754307,17749993,23.65,23.35,23.55,0.0,382,3017,23.4
2016-10-19,1741674,41767526,24.15,23.6,24.15,0.6,976,3017,23.6
2016-10-20,814246,19615887,24.3,23.95,24.0,-0.15,501,3017,24.15
2016-10-21,1112343,26608512,24.1,23.8,23.85,-0.15,455,3017,24.0
2016-10-24,874198,21050687,24.3,23.9,24.0,0.15,463,3017,24.1
2016-10-25,591698,14263928,24.25,24.0,24.05,0.05,391,3017,24.25
2016-10-26,1223120,29625394,24.3,24.0,24.25,0.2,575,3017,24.05
2016-10-27,1055250,25492650,24.35,24.05,24.1,-0.15,408,3017,24.25
2016-10-28,978547,23493889,24.25,23.85,23.95,-0.15,458,3017,24.2
2016-10-31,795724,18809050,23.85,23.5,23.65,-0.3,378,3017,23.85
2016-11-01,929783,22166163,24.05,23.65,23.75,0.1,518,3017,23.7
2016-11-02,1694893,39720216,23.75,23.2,23.2,-0.55,788,3017,23.75
2016-11-03,1115327,25886148,23.45,23.1,23.1,-0.1,628,3017,23.2
2016-11-04,619203,14391196,23.4,23.15,23.15,0.05,324,3017,23.15
2016-11-07,778237,18181168,23.45,23.2,23.4,0.25,389,3017,23.2
2016-11-08,844651,19700983,23.5,23.15,23.35,-0.05,359,3017,23.5
2016-11-09,3059672,69526802,23.55,22.25,22.35,-1.0,1106,3017,23.45
2016-11-10,1758127,40595082,23.35,22.85,23.05,0.7,633,3017,23.0
2016-11-11,1397537,32064051,23.2,22.65,23.05,0.0,733,3017,23.2
2016-11-14,1859178,42420944,23.05,22.7,22.8,-0.25,806,3017,23.05
2016-11-15,927442,21230515,23.0,22.75,22.9,0.1,484,3017,22.75
2016-11-16,2250381,51569713,23.25,22.65,22.9,0.0,943,3017,23.0
2016-11-17,1403054,31883278,23.0,22.65,22.7,-0.2,572,3017,22.95
2016-11-18,1411279,32403193,23.1,22.75,23.05,0.35,661,3017,22.9
2016-11-21,2078352,48446664,23.45,23.1,23.45,0.4,1029,3017,23.1
2016-11-22,1748360,41207787,23.7,23.45,23.55,0.1,881,3017,23.5
2016-11-23,2072246,49324575,23.9,23.65,23.85,0.3,880,3017,23.65
2016-11-24,1352209,32024880,23.9,23.5,23.55,-0.3,510,3017,23.8
2016-11-25,1004881,23686251,23.75,23.5,23.6,0.05,408,3017,23.65
2016-11-28,2127939,51165328,24.2,23.7,24.1,0.5,1031,3017,23.7
2016-11-29,2026329,49225475,24.45,24.05,24.35,0.25,998,3017,24.15
2016-11-30,2949248,71857009,24.55,24.05,24.15,-0.2,1085,3017,24.35
2016-12-01,1475490,35719455,24.45,24.0,24.25,0.1,669,3017,24.45
2016-12-02,2389988,58596803,24.7,24.3,24.4,0.15,1270,3017,24.4
2016-12-05,1942224,47730236,24.7,24.4,24.5,0.1,928,3017,24.45
2016-12-06,2476994,61478548,24.95,24.7,24.8,0.3,1055,3017,24.8
2016-12-07,2699508,67617900,25.2,24.9,25.15,0.35,1018,3017,25.05
2016-12-08,2720518,68308622,25.35,24.9,24.9,-0.25,1023,3017,25.3
2016-12-09,11689840,300386561,26.2,25.2,25.2,0.3,4085,3017,25.3
2016-12-12,4338222,110033518,25.7,25.1,25.15,-0.05,1601,3017,25.5
2016-12-13,3201988,81582990,25.75,25.15,25.6,0.45,1465,3017,25.15
2016-12-14,2317445,59094002,25.75,25.4,25.5,-0.1,1257,3017,25.7
2016-12-15,1785578,45495279,25.7,25.3,25.4,-0.1,1024,3017,25.4
2016-12-16,1583072,40316185,25.6,25.35,25.5,0.1,955,3017,25.6
2016-12-19,2411742,60503583,25.6,24.8,24.9,-0.6,1298,3017,25.5
2016-12-20,1981829,49281889,25.0,24.7,24.9,0.0,888,3017,24.9
2016-12-21,1254572,31677961,25.35,25.05,25.3,0.4,655,3017,25.05
2016-12-22,911483,22932720,25.4,25.05,25.2,-0.1,413,3017,25.4
2016-12-23,1232610,30768994,25.2,24.8,24.85,-0.35,605,3017,25.1
2016-12-26,854917,21238381,25.0,24.7,25.0,0.15,433,3017,24.85
2016-12-27,668732,16664061,25.15,24.85,24.85,-0.15,409,3017,25.15
2016-12-28,592401,14772083,25.05,24.85,24.9,0.05,283,3017,24.85
2016-12-29,954014,23900650,25.3,24.85,25.05,0.15,527,3017,24.9
2016-12-30,1211712,30461182,25.35,25.0,25.1,0.05,603,3017,25.25
2017-01-03,2443250,61926183,25.5,25.1,25.35,0.25,1119,3017,25.1
2017-01-04,1074432,27101111,25.35,25.1,25.15,-0.2,559,3017,25.35
2017-01-05,1196128,30096623,25.3,25.05,25.25,0.1,598,3017,25.2
2017-01-06,1690571,42716836,25.4,25.15,25.25,0.0,778,3017,25.3
2017-01-09,4223353,107924843,25.75,25.3,25.45,0.2,1689,3017,25.3
2017-01-10,2104113,52868529,25.55,24.95,25.05,-0.4,1020,3017,25.45
2017-01-11,1986159,49251783,25.15,24.6,24.6,-0.45,929,3017,25.05
2017-01-12,1249303,30779597,24.85,24.5,24.6,0.0,655,3017,24.6
2017-01-13,1634055,40192352,24.8,24.4,24.8,0.2,766,3017,24.6
2017-01-16,2614220,64585291,25.05,24.5,24.7,-0.1,836,3017,25.05
2017-01-17,3825340,95024742,24.95,24.75,24.9,0.2,1137,3017,24.9
2017-01-18,1369736,33797711,24.9,24.55,24.7,-0.2,718,3017,24.9
2017-01-19,1215497,29985822,24.8,24.55,24.6,-0.1,702,3017,24.65
2017-01-20,877238,21627190,24.75,24.6,24.7,0.1,422,3017,24.75
2017-01-23,990349,24471134,24.8,24.65,24.7,0.0,539,3017,24.7
2017-01-24,908455,22418035,24.75,24.6,24.7,0.0,453,3017,24.7
2017-02-02,1121229,27690771,24.9,24.55,24.6,-0.1,640,3017,24.7
2017-02-03,2503410,62366722,25.15,24.6,25.1,0.5,1275,3017,24.7
2017-02-06,2367171,59529075,25.3,25.05,25.1,0.0,902,3017,25.2
2017-02-07,1968620,49510489,25.3,25.0,25.3,0.2,1132,3017,25.2
2017-02-08,2035791,51598569,25.45,25.2,25.25,-0.05,1015,3017,25.4
2017-02-09,1990887,49759427,25.15,24.9,24.9,-0.35,963,3017,25.15
2017-02-10,1473499,36804662,25.1,24.9,24.9,0.0,819,3017,24.95
2017-02-13,1533951,38394255,25.2,24.9,25.0,0.1,690,3017,24.95
2017-02-14,17744561,464347247,27.1,25.0,27.1,2.1,6600,3017,25.15
2017-02-15,10630234,282167262,26.95,26.25,26.3,-0.8,4606,3017,26.7
2017-02-16,9327433,247833513,27.1,26.15,26.15,-0.15,3805,3017,26.45
2017-02-17,5361040,142103743,26.8,26.15,26.65,0.5,2330,3017,26.5
2017-02-18,8157138,220160349,27.3,26.5,26.9,0.25,3155,3017,26.65
2017-02-20,8326437,225604446,27.55,26.55,26.55,-0.35,3406,3017,26.85
2017-02-21,2915928,76796301,26.8,26.05,26.2,-0.35,1326,3017,26.7
2017-02-22,1880431,49438427,26.45,26.15,26.3,0.1,825,3017,26.3
2017-02-23,2607735,69135722,26.7,26.15,26.4,0.1,1342,3017,26.55
2017-02-24,1804153,47515346,26.55,26.2,26.3,-0.1,985,3017,26.4
2017-03-01,3576939,92985932,26.35,25.75,25.85,-0.45,1430,3017,26.3
2017-03-02,2294443,59165522,26.15,25.6,25.8,-0.05,1049,3017,26.0
2017-03-03,5354540,141981401,26.85,25.75,26.55,0.75,2687,3017,26.0
2017-03-06,4384695,117816412,27.0,26.55,26.85,0.3,2117,3017,26.55
2017-03-07,1946249,52077953,27.05,26.65,26.65,-0.2,967,3017,27.0
2017-03-08,3937434,105869472,27.15,26.6,26.75,0.1,1831,3017,26.65
2017-03-09,2311645,61590820,26.85,26.3,26.8,0.05,1145,3017,26.6
2017-03-10,2264773,59851222,26.85,26.2,26.4,-0.4,994,3017,26.8
2017-03-13,6925935,186852045,27.4,26.45,27.1,0.7,2568,3017,26.6
2017-03-14,3913612,106131824,27.35,26.9,27.05,-0.05,1899,3017,27.35
2017-03-15,14093705,392385220,28.25,27.0,27.65,0.6,5541,3017,27.05
2017-03-16,4753430,130773445,27.8,27.25,27.45,-0.2,2117,3017,27.6
2017-03-17,3033694,83518051,27.9,27.3,27.3,-0.15,1348,3017,27.9
2017-03-20,2687997,72998345,27.35,27.05,27.05,-0.25,1290,3017,27.35
2017-03-21,5468974,150721791,27.95,27.15,27.2,0.15,2275,3017,27.15
2017-03-22,2819449,75786246,27.1,26.65,26.85,-0.35,1339,3017,27.0
2017-03-23,3563577,96006450,27.3,26.7,26.8,-0.05,1508,3017,27.05
2017-03-24,3407852,90514952,27.0,26.3,26.35,-0.45,1411,3017,26.8
2017-03-27,2834642,74160876,26.65,25.8,25.8,-0.55,1565,3017,26.2
2017-03-28,4081303,105748838,26.35,25.4,25.95,0.15,1778,3017,25.9
2017-03-29,3224343,84656510,26.45,26.05,26.3,0.35,1457,3017,26.4
2017-03-30,1559700,41005209,26.45,26.2,26.25,-0.05,862,3017,26.45
2017-03-31,1361936,35749017,26.45,26.15,26.15,-0.1,712,3017,26.3
2017-04-05,6175360,165499070,27.15,26.35,26.65,0.5,2882,3017,26.55
2017-04-06,2934295,77306394,26.6,26.2,26.25,-0.4,1571,3017,26.55
2017-04-07,2988807,77571418,26.5,25.75,25.85,-0.4,1427,3017,26.25
2017-04-10,4226088,107506996,25.9,25.25,25.4,-0.45,1816,3017,25.85
2017-04-11,1812167,45994266,25.7,25.2,25.25,-0.15,851,3017,25.4
2017-04-12,2410092,60222950,25.4,24.85,25.0,-0.25,1094,3017,25.25
2017-04-13,3029678,76659487,25.5,24.9,25.45,0.45,1257,3017,24.9
2017-04-14,2293183,57035908,25.3,24.7,24.75,-0.7,1061,3017,25.3
2017-04-17,1680311,41325186,24.95,24.4,24.55,-0.2,687,3017,24.75
2017-04-18,1424754,35478908,25.1,24.7,25.05,0.5,618,3017,24.7
2017-04-19,3164240,79092659,25.2,24.65,24.7,-0.35,1371,3017,25.05
2017-04-20,1613392,39858199,24.95,24.6,24.6,-0.1,748,3017,24.7
2017-04-21,982908,24450220,25.0,24.75,24.75,0.15,522,3017,24.8
2017-04-24,1849479,46366475,25.45,24.8,24.85,0.1,862,3017,24.9
2017-04-25,1327498,33059244,25.25,24.85,24.9,0.05,576,3017,24.95
2017-04-26,1362393,34167063,25.25,24.95,24.95,0.05,739,3017,25.2
2017-04-27,1061913,26573325,25.1,24.95,25.0,0.05,516,3017,25.05
2017-04-28,1308974,32912050,25.4,25.0,25.1,0.1,676,3017,25.2
2017-05-02,877467,22072596,25.3,25.0,25.15,0.05,475,3017,25.2
2017-05-03,1454372,36754358,25.45,25.05,25.05,-0.1,688,3017,25.25
2017-05-04,1052153,26381679,25.25,25.0,25.05,0.0,471,3017,25.15
2017-05-05,2075985,51503126,25.1,24.6,24.6,-0.45,880,3017,25.1
2017-05-08,4346294,109946155,25.6,24.75,25.35,0.75,2037,3017,24.75
2017-05-09,1969550,49336613,25.5,24.8,24.85,-0.5,917,3017,25.35
2017-05-10,779614,19452750,25.1,24.85,25.0,0.15,434,3017,25.0
2017-05-11,6519119,167701025,25.95,25.45,25.6,0.6,2729,3017,25.5
2017-05-12,6597941,170668721,26.15,25.45,25.95,0.35,2787,3017,25.6
2017-05-15,3621131,93617327,26.05,25.6,25.9,-0.05,1606,3017,26.0
2017-05-16,5681680,148819380,26.45,26.0,26.0,0.1,2589,3017,26.05
2017-05-17,2058362,53038481,26.05,25.6,25.8,-0.2,1059,3017,25.9
2017-05-18,1364000,34856145,25.7,25.4,25.55,-0.25,681,3017,25.45
2017-05-19,1182365,30268757,25.75,25.5,25.5,-0.05,529,3017,25.75
2017-05-22,2052402,52726366,25.95,25.5,25.95,0.45,808,3017,25.75
2017-05-23,6397064,166259784,26.25,25.55,25.6,-0.35,2398,3017,26.1
2017-05-24,1870332,47846264,25.7,25.5,25.55,-0.05,980,3017,25.6
2017-05-25,2851878,73756141,26.1,25.65,26.0,0.45,1172,3017,25.7
2017-05-26,11477611,303190862,26.65,26.2,26.3,0.3,4273,3017,26.2
2017-05-31,3674910,95324920,26.35,25.75,25.8,-0.5,1630,3017,26.3
2017-06-01,1640069,42516585,26.1,25.8,25.9,0.1,752,3017,25.9
2017-06-02,1829101,47559511,26.1,25.9,25.9,0.0,868,3017,25.9
2017-06-03,1151313,29806572,26.1,25.8,25.85,-0.05,495,3017,25.95
2017-06-05,1907525,49248239,26.05,25.7,25.85,0.0,811,3017,26.0
2017-06-06,1900734,49511944,26.15,25.9,26.05,0.2,919,3017,25.95
2017-06-07,3552268,93072153,26.4,25.9,26.3,0.25,1441,3017,26.0
2017-06-08,3041512,78825053,26.2,25.8,25.8,-0.5,1390,3017,26.1
2017-06-09,2105499,54338572,26.05,25.65,25.7,-0.1,864,3017,25.85
2017-06-12,1936090,50169405,26.05,25.65,25.75,0.05,832,3017,25.7
2017-06-13,2118559,55139302,26.15,25.95,25.95,0.2,949,3017,26.1
2017-06-14,5640803,147785636,26.5,25.95,26.0,0.05,2349,3017,26.05
2017-06-15,9507387,251453428,26.7,26.05,26.7,0.7,3686,3017,26.15
2017-06-16,12314757,329724581,27.0,26.5,26.7,0.0,4483,3017,26.6
2017-06-19,4299196,113886526,26.8,26.35,26.45,-0.25,1948,3017,26.7
2017-06-20,2909724,76828287,26.6,26.3,26.3,-0.15,1150,3017,26.55
2017-06-21,7752871,207298496,26.9,26.35,26.85,0.55,2751,3017,26.55
2017-06-22,5702560,153256888,27.25,26.6,26.6,-0.25,2069,3017,27.0
2017-06-23,1999036,52966741,26.75,26.4,26.4,-0.2,958,3017,26.6
2017-06-26,2518386,67138461,26.75,26.5,26.75,0.35,1032,3017,26.5
2017-06-27,2651992,70670781,26.8,26.5,26.7,-0.05,972,3017,26.8
2017-06-28,2746996,72816789,26.7,26.4,26.4,-0.3,1225,3017,26.6
2017-06-29,2663356,70609964,26.7,26.4,26.55,0.15,966,3017,26.7
2017-06-30,6131877,163523769,26.9,26.4,26.65,0.1,2207,3017,26.5
2017-07-03,1856502,49167273,26.65,26.4,26.45,-0.2,823,3017,26.65
2017-07-04,2056175,54357232,26.6,26.3,26.3,-0.15,769,3017,26.5
2017-07-05,1337138,35238446,26.45,26.25,26.45,0.15,622,3017,26.45
2017-07-06,1356039,35926132,26.65,26.4,26.6,0.15,541,3017,26.5
2017-07-07,1452602,38222971,26.6,26.2,26.2,-0.4,706,3017,26.6
2017-07-10,3264218,84700158,26.4,25.7,25.75,-0.45,1188,3017,26.3
2017-07-11,1269344,32954439,26.05,25.85,26.0,0.25,560,3017,25.9
2017-07-12,1172501,30582326,26.3,25.9,26.1,0.1,482,3017,25.9
2017-07-13,1657212,43091535,26.2,25.9,25.95,-0.15,750,3017,26.15
2017-07-14,1503343,38963376,26.05,25.8,25.9,-0.05,711,3017,26.0
2017-07-17,765528,19911028,26.1,25.9,26.0,0.1,385,3017,26.0
2017-07-18,1527352,40017704,26.4,26.0,26.4,0.4,667,3017,26.0
2017-07-19,1550627,40755425,26.45,26.15,26.3,-0.1,715,3017,26.3
2017-07-20,979030,25644530,26.35,26.1,26.1,-0.2,455,3017,26.35
2017-07-21,955991,24866116,26.15,25.95,26.0,-0.1,457,3017,26.1
2017-07-24,713473,18572248,26.25,25.9,25.95,-0.05,392,3017,26.0
2017-07-25,942733,24566708,26.15,25.95,26.15,0.2,469,3017,26.1
2017-07-26,1758154,46249861,26.45,26.15,26.15,0.0,918,3017,26.3
2017-07-27,2745860,72604706,26.65,26.15,26.5,0.35,1163,3017,26.15
2017-07-28,5059436,134614975,26.85,26.25,26.25,-0.25,2304,3017,26.6
2017-07-31,1535521,40531425,26.6,26.2,26.45,0.2,682,3017,26.3
2017-08-01,1459409,38579694,26.55,26.35,26.4,-0.05,651,3017,26.45
2017-08-02,1692206,44675782,26.55,26.3,26.3,-0.1,684,3017,26.5
2017-08-03,3360483,89257845,26.8,26.15,26.5,0.2,1278,3017,26.35
2017-08-04,6473778,173989398,27.05,26.6,26.95,0.45,2676,3017,26.75
2017-08-07,8431189,230972203,27.7,27.1,27.1,0.15,3362,3017,27.25
2017-08-08,4021891,107808141,27.25,26.6,26.6,-0.5,1497,3017,27.15
2017-08-09,2891878,76322711,26.75,26.25,26.25,-0.35,1184,3017,26.7
2017-08-10,4181362,108685469,26.4,25.8,26.15,-0.1,1488,3017,26.35
2017-08-11,6582482,171543332,26.25,25.8,25.85,-0.3,1737,3017,26.15
2017-08-14,4674848,117749764,25.9,24.7,24.7,-1.15,2026,3017,25.85
2017-08-15,1873341,47213542,25.35,25.05,25.35,0.65,917,3017,25.15
2017-08-16,1169830,29646630,25.6,25.05,25.4,0.05,663,3017,25.35
2017-08-17,1174618,30148607,25.85,25.45,25.65,0.25,727,3017,25.55
2017-08-18,1000428,25546318,25.85,25.3,25.65,0.0,604,3017,25.3
2017-08-21,5182060,136705385,26.75,25.7,26.55,0.9,2574,3017,25.8
2017-08-22,2553370,67408759,26.7,26.1,26.2,-0.35,1227,3017,26.6
2017-08-23,4722016,125299767,26.8,26.15,26.55,0.35,1890,3017,26.4
2017-08-24,5044079,135532802,27.05,26.6,26.7,0.15,2121,3017,26.7
2017-08-25,2593784,69500268,27.0,26.65,26.8,0.1,1067,3017,27.0
2017-08-28,2604665,70157382,27.1,26.8,26.95,0.15,1056,3017,27.0
2017-08-29,4989816,135331793,27.35,27.0,27.0,0.05,1778,3017,27.05
2017-08-30,4576745,125069335,27.5,27.2,27.25,0.25,1969,3017,27.5
2017-08-31,4310501,118002397,27.5,27.25,27.35,0.1,1605,3017,27.45
2017-09-01,10601826,295189316,28.1,27.5,27.85,0.5,4037,3017,27.5
2017-09-04,11074846,313024794,28.75,27.75,28.0,0.15,4507,3017,27.75
2017-09-05,6595384,187148846,28.7,28.15,28.5,0.5,2807,3017,28.45
2017-09-06,6806830,192369326,28.85,27.7,28.3,-0.2,2752,3017,28.65
2017-09-07,3876995,109188047,28.55,27.9,28.1,-0.2,1750,3017,28.4
2017-09-08,3033507,85539716,28.35,28.0,28.2,0.1,1159,3017,28.3
2017-09-11,6885118,197068586,28.9,28.25,28.9,0.7,2838,3017,28.4
2017-09-12,8586903,249260041,29.5,28.4,28.5,-0.4,3482,3017,29.35
2017-09-13,3440923,97801289,28.7,28.1,28.6,0.1,1654,3017,28.55
2017-09-14,2453472,69939197,28.7,28.35,28.45,-0.15,1072,3017,28.7
2017-09-15,4538298,127748394,28.65,27.85,28.0,-0.45,2077,3017,28.6
2017-09-18,4136753,117475723,28.65,28.0,28.45,0.45,1715,3017,28.25
2017-09-19,3586978,101791125,28.7,28.1,28.1,-0.35,1471,3017,28.6
2017-09-20,3696212,102670205,28.1,27.55,27.65,-0.45,1864,3017,28.0
2017-09-21,1694133,47311102,28.05,27.7,27.9,0.25,746,3017,27.7
2017-09-22,2359295,65573568,28.1,27.6,27.65,-0.25,1095,3017,28.1
2017-09-25,3059985,83471735,27.9,27.1,27.2,-0.45,1446,3017,27.9
2017-09-26,3523600,95076659,27.3,26.65,26.7,-0.5,1606,3017,27.2
2017-09-27,5346620,144584747,27.25,26.8,27.15,0.45,1831,3017,26.8
2017-09-28,3391606,88754765,26.4,26.0,26.1,0.0,1383,3017,26.25
2017-09-29,3654218,93578431,26.1,25.45,25.6,-0.5,1490,3017,26.1
2017-09-30,962045,24914060,26.0,25.8,25.85,0.25,463,3017,25.85
2017-10-02,1629574,42616480,26.35,25.8,26.3,0.45,864,3017,26.1
2017-10-03,1830740,48251522,26.55,26.2,26.2,-0.1,826,3017,26.4
2017-10-05,2996030,79637596,26.8,26.2,26.6,0.4,1497,3017,26.4
2017-10-06,3330118,89644236,27.1,26.8,27.0,0.4,1530,3017,27.0
2017-10-11,4089445,111350898,27.45,27.0,27.2,0.2,1546,3017,27.4
2017-10-12,2368400,64435716,27.45,27.05,27.1,-0.1,980,3017,27.4
2017-10-13,3171758,86646690,27.5,27.1,27.5,0.4,1375,3017,27.2
2017-10-16,4123485,113845035,27.8,27.45,27.5,0.0,1795,3017,27.7
2017-10-17,9996824,277861409,28.15,27.45,27.5,0.0,3468,3017,27.7
2017-10-18,5620781,155957895,28.15,27.3,28.1,0.6,2288,3017,27.75
2017-10-19,14075919,402504792,29.0,28.3,28.55,0.45,5195,3017,28.45
2017-10-20,3170095,89423020,28.5,28.05,28.15,-0.4,1426,3017,28.3
2017-10-23,2584897,73524631,28.7,28.3,28.4,0.25,1303,3017,28.35
2017-10-24,4106105,117799921,29.0,28.4,28.5,0.1,1789,3017,28.55
2017-10-25,3947408,111263024,28.7,28.0,28.0,-0.5,1684,3017,28.5
2017-10-26,6185920,177175980,28.85,28.0,28.85,0.85,2322,3017,28.0
2017-10-27,25092464,752551786,30.9,28.45,28.45,-0.4,9918,3017,30.0
2017-10-30,5609418,157986238,28.9,27.55,28.1,-0.35,2226,3017,28.55
2017-10-31,3077363,87718838,28.8,28.05,28.6,0.5,1378,3017,28.3
2017-11-01,2024319,57910617,28.85,28.5,28.6,0.0,905,3017,28.75
2017-11-02,1849926,52591694,28.65,28.25,28.4,-0.2,871,3017,28.5
2017-11-03,6099355,176568182,29.3,28.45,28.85,0.45,2378,3017,28.55
2017-11-06,8974713,265896590,30.15,28.95,30.1,1.25,3757,3017,29.15
2017-11-07,5672659,169965098,30.55,29.7,29.9,-0.2,2622,3017,30.3
2017-11-08,4042119,119644252,29.95,29.3,29.5,-0.4,1883,3017,29.95
2017-11-09,5686676,169526269,30.3,29.3,29.4,-0.1,2257,3017,30.0
2017-11-10,3470024,101425156,29.5,28.9,29.25,-0.15,1438,3017,29.35
2017-11-13,3952723,114000701,29.25,28.55,28.55,-0.7,1736,3017,29.2
2017-11-14,4365404,122947599,28.55,27.8,28.35,-0.2,1589,3017,28.45
2017-11-15,1861818,52505726,28.4,28.05,28.4,0.05,931,3017,28.25
2017-11-16,4316693,123309151,28.95,28.2,28.45,0.05,1625,3017,28.2
2017-11-17,4528098,131069203,29.45,28.5,29.25,0.8,2029,3017,28.55
2017-11-20,2287565,66103235,29.25,28.7,28.85,-0.4,1001,3017,29.25
2017-11-21,3928204,114525762,29.4,28.8,29.4,0.55,1656,3017,28.85
2017-11-22,5169613,148968736,29.25,28.55,28.6,-0.8,2215,3017,29.2
2017-11-23,37493660,1150944820,31.45,29.8,31.45,2.85,11233,3017,30.05
2017-11-24,54594143,1748266764,33.05,30.65,31.05,-0.4,19669,3017,31.8
2017-11-27,29581469,949081496,32.8,30.8,32.5,1.45,11437,3017,31.1
2017-11-28,49775807,1737801634,35.75,33.65,35.75,3.25,20269,3017,34.05
2017-11-29,57327059,2120449911,38.3,35.2,37.8,2.05,24475,3017,35.8
2017-11-30,33364586,1207832446,37.5,35.45,36.0,-1.8,14332,3017,36.55
2017-12-01,35925265,1233498074,36.6,32.4,32.8,-3.2,14894,3017,35.55
2017-12-04,18493665,623216027,34.3,33.05,33.15,0.35,8234,3017,33.45
2017-12-05,20433143,663584942,34.1,31.0,31.7,-1.45,8494,3017,33.25
2017-12-06,19161223,624648641,33.35,31.8,32.65,0.95,8539,3017,32.5
2017-12-07,12397438,396070138,33.15,31.4,31.55,-1.1,5270,3017,32.85
2017-12-08,8343868,265467446,32.3,31.05,31.9,0.35,3930,3017,32.0
2017-12-11,11724866,385370160,33.55,31.9,33.2,1.3,5697,3017,32.6
2017-12-12,8831967,287569644,33.3,31.95,32.0,-1.2,3848,3017,33.3
2017-12-13,6105991,194218562,32.25,31.5,31.6,-0.4,2631,3017,32.0
2017-12-14,19757489,653474178,33.85,32.0,32.95,1.35,9096,3017,32.4
2017-12-15,9000445,288977029,32.7,31.75,32.0,-0.95,4169,3017,32.5
2017-12-18,4105026,131480317,32.4,31.8,31.9,-0.1,2081,3017,32.1
2017-12-19,13138948,407352754,32.35,30.3,30.55,-1.35,6659,3017,32.15
2017-12-20,6372256,198453144,31.5,30.85,31.0,0.45,3206,3017,31.0
2017-12-21,5705778,179450840,31.7,31.05,31.2,0.2,2656,3017,31.3
2017-12-22,3967108,122007665,31.35,30.5,30.75,-0.45,2029,3017,31.3
2017-12-25,7632643,237844771,31.85,30.2,31.3,0.55,3635,3017,30.3
2017-12-26,10021846,316104242,32.1,31.05,31.1,-0.2,4177,3017,31.65
2017-12-27,6592572,206149681,31.75,30.85,31.45,0.35,2684,3017,31.1
2017-12-28,7984065,254407013,32.25,31.5,31.95,0.5,3395,3017,31.75
2017-12-29,14851715,484633056,33.1,32.15,32.4,0.45,6657,3017,32.2
2018-01-02,9032655,297327500,33.5,32.45,33.5,1.1,3962,3017,32.65
2018-01-03,13603876,451752448,34.3,32.3,32.55,-0.95,6310,3017,33.8
2018-01-04,5978323,193035748,32.7,32.05,32.2,-0.35,3057,3017,32.6
2018-01-05,4604631,149361058,32.7,32.15,32.3,0.1,2262,3017,32.45
2018-01-08,7565581,237679661,32.45,31.0,31.0,-1.3,3949,3017,32.4
2018-01-09,3878685,121361331,31.6,30.85,31.3,0.3,1772,3017,31.1
2018-01-10,8078322,246637849,31.3,30.2,30.2,-1.1,3488,3017,31.0
2018-01-11,5259127,156864510,30.2,29.5,29.9,-0.3,2399,3017,30.2
2018-01-12,4394033,134758060,30.9,30.3,30.65,0.75,2112,3017,30.35
2018-01-15,2693459,83436829,31.3,30.8,31.0,0.35,1458,3017,31.0
2018-01-16,2557362,79425578,31.4,30.9,30.95,-0.05,1358,3017,31.2
2018-01-17,2980177,91560457,31.1,30.55,30.6,-0.35,1592,3017,31.0
2018-01-18,2704390,82551440,30.9,30.3,30.3,-0.3,1421,3017,30.8
2018-01-19,1567237,47586224,30.65,30.1,30.3,0.0,907,3017,30.55
2018-01-22,1819061,55076490,30.45,30.05,30.25,-0.05,1006,3017,30.4
2018-01-23,3037857,93026271,30.95,30.1,30.65,0.4,1579,3017,30.3
2018-01-24,2270386,69783275,30.9,30.45,30.85,0.2,1176,3017,30.7
2018-01-25,6605301,206925581,31.8,30.7,31.0,0.15,3130,3017,30.85
2018-01-26,13357087,426061389,32.4,30.9,31.6,0.6,5929,3017,30.9
2018-01-29,5469583,169910303,31.8,30.8,30.9,-0.7,2700,3017,31.6
2018-01-30,4419230,134226053,30.75,30.1,30.2,-0.7,2140,3017,30.7
2018-01-31,5594661,171996935,31.2,29.9,30.95,0.75,2639,3017,30.0
2018-02-01,2873320,88682820,31.4,30.5,30.55,-0.4,1436,3017,31.2
2018-02-02,1932978,58697626,30.65,30.25,30.3,-0.25,966,3017,30.35
2018-02-05,2370325,70242080,29.85,29.4,29.85,-0.45,1215,3017,29.5
2018-02-06,8845035,245915189,29.05,26.9,27.0,-2.85,3722,3017,29.0
2018-02-07,3841267,107152130,28.3,27.65,27.65,0.65,1769,3017,27.9
2018-02-08,2039224,55793758,27.85,27.15,27.3,-0.35,1099,3017,27.6
2018-02-09,3247886,85401393,26.8,25.8,26.6,-0.7,1440,3017,25.8
2018-02-12,1584734,42754139,27.2,26.8,26.9,0.3,903,3017,27.0
2018-02-21,2439961,68201099,28.2,27.5,28.1,1.2,1266,3017,27.8
2018-02-22,1520071,42761904,28.4,27.8,28.15,0.05,869,3017,27.85
2018-02-23,8697662,256029419,30.35,28.05,29.7,1.55,4115,3017,28.25
2018-02-26,3869801,113217453,29.7,29.0,29.25,-0.45,2066,3017,29.45
2018-02-27,6357559,190346373,30.5,29.3,29.55,0.3,3046,3017,29.45
2018-03-01,2817657,83911675,30.05,29.25,30.05,0.5,1500,3017,29.3
2018-03-02,1566122,46430929,29.8,29.45,29.7,-0.35,922,3017,29.6
2018-03-05,2206597,65892013,30.45,29.5,29.5,-0.2,1303,3017,29.9
2018-03-06,4940755,147619800,30.2,29.5,29.9,0.4,2053,3017,29.8
2018-03-07,1779600,52970366,30.1,29.45,29.5,-0.4,1019,3017,29.85
2018-03-08,1537578,45680954,29.9,29.5,29.7,0.2,841,3017,29.5
2018-03-09,2875945,86476957,30.35,29.8,29.8,0.1,1508,3017,30.0
2018-03-12,1891454,56539119,30.3,29.75,29.8,0.0,1052,3017,30.3
2018-03-13,4061147,122868913,30.65,29.8,30.2,0.4,2151,3017,29.85
2018-03-14,4308345,131963227,30.95,30.15,30.7,0.5,2270,3017,30.2
2018-03-15,2980796,91637026,30.95,30.5,30.8,0.1,1469,3017,30.65
2018-03-16,3459651,106148487,31.1,30.25,30.25,-0.55,1742,3017,31.0
2018-03-19,3010590,91533320,30.7,30.05,30.35,0.1,1344,3017,30.45
2018-03-20,1486723,44965282,30.5,30.05,30.2,-0.15,808,3017,30.2
2018-03-21,3456315,105863553,30.9,30.2,30.5,0.3,1566,3017,30.35
2018-03-22,4711998,144981933,31.2,30.2,30.3,-0.2,2470,3017,30.85
2018-03-23,3682444,107374406,29.5,28.85,29.0,-1.3,1888,3017,29.25
2018-03-26,1277358,37010013,29.3,28.7,29.1,0.1,756,3017,28.8
2018-03-27,1502259,44310810,29.6,29.35,29.45,0.35,695,3017,29.5
2018-03-28,1125772,32766638,29.35,28.9,29.0,-0.45,585,3017,29.3
2018-03-29,804277,23462988,29.35,29.0,29.1,0.1,457,3017,29.0
2018-03-30,5414554,163599474,30.75,29.3,29.9,0.8,2670,3017,29.45
2018-03-31,912579,27038071,29.95,29.5,29.6,-0.3,536,3017,29.9
2018-04-02,1319736,38860446,29.7,29.3,29.3,-0.3,729,3017,29.6
2018-04-03,1164520,33792670,29.2,28.85,29.0,-0.3,668,3017,29.1
2018-04-09,1021577,29547348,29.2,28.8,28.85,-0.15,529,3017,29.15
2018-04-10,874093,25326654,29.2,28.9,28.9,0.05,531,3017,29.2
2018-04-11,1160513,33691051,29.45,28.8,28.8,-0.1,611,3017,29.0
2018-04-12,1788009,51097501,29.05,28.4,28.6,-0.2,825,3017,28.85
2018-04-13,1149871,33179032,29.0,28.7,28.7,0.1,598,3017,28.75
2018-04-16,969881,27665970,28.8,28.35,28.35,-0.35,563,3017,28.7
2018-04-17,1620225,45323049,28.6,27.6,27.7,-0.65,816,3017,28.4
2018-04-18,1600643,44161582,28.0,27.25,27.35,-0.35,1063,3017,27.95
2018-04-19,1723104,48050012,28.3,27.3,28.0,0.65,953,3017,27.4
2018-04-20,603364,16837382,28.1,27.7,27.9,-0.1,387,3017,27.8
2018-04-23,1262544,34682266,28.0,27.2,27.3,-0.6,604,3017,27.9
2018-04-24,2602931,68855370,27.4,26.1,26.25,-1.05,1327,3017,27.3
2018-04-25,1581748,41745593,26.85,25.9,26.8,0.55,801,3017,26.0
2018-04-26,1379306,36515296,27.1,26.05,26.1,-0.7,679,3017,26.9
2018-04-27,980702,25719530,26.5,26.05,26.2,0.1,584,3017,26.45
2018-04-30,1800657,48310702,27.25,26.2,27.05,0.85,963,3017,26.3
2018-05-02,932633,25174929,27.15,26.7,27.05,0.0,607,3017,27.05
2018-05-03,647504,17413407,27.05,26.7,26.85,-0.2,468,3017,27.0
2018-05-04,797200,21614529,27.3,27.0,27.2,0.35,466,3017,27.1
2018-05-07,4187461,116681110,28.2,27.35,28.0,0.8,1856,3017,27.4
2018-05-08,2520985,71644175,28.75,28.1,28.2,0.2,1393,3017,28.35
2018-05-09,1753453,48944909,28.2,27.7,28.1,-0.1,1085,3017,28.05
2018-05-10,6483138,185807432,28.95,28.15,28.5,0.4,2338,3017,28.2
2018-05-11,2846099,79661664,28.25,27.75,27.75,-0.75,1394,3017,28.2
2018-05-14,1497776,41669019,28.2,27.65,27.95,0.2,788,3017,27.7
2018-05-15,1747261,48626729,28.1,27.6,27.6,-0.35,960,3017,27.85
2018-05-16,1507411,42162264,28.3,27.65,27.9,0.3,695,3017,27.7
2018-05-17,1100330,30977737,28.25,28.0,28.2,0.3,660,3017,28.05
2018-05-18,1413021,39939938,28.4,28.1,28.3,0.1,880,3017,28.35
2018-05-21,2994367,86427843,29.15,28.5,29.15,0.85,1624,3017,28.7
2018-05-22,4130813,120230855,29.35,28.7,29.25,0.1,2042,3017,29.35
2018-05-23,1484752,42883631,29.2,28.75,28.85,-0.4,881,3017,29.1
2018-05-24,1645989,47756376,29.25,28.8,29.1,0.25,845,3017,28.85
2018-05-25,4340899,128288776,29.9,29.05,29.5,0.4,2131,3017,29.1
2018-05-28,1905130,55884478,29.55,29.2,29.25,-0.25,922,3017,29.55
2018-05-29,2113173,61033019,29.25,28.65,28.75,-0.5,1172,3017,29.05
2018-05-30,1203241,34584738,29.2,28.4,28.9,0.15,759,3017,28.5
2018-05-31,1476905,42691819,29.2,28.75,28.85,-0.05,729,3017,29.0
2018-06-01,12015942,363327242,30.8,28.85,30.3,1.45,5408,3017,28.85
2018-06-04,19294062,617423807,32.5,31.5,31.65,1.35,8727,3017,31.5
2018-06-05,6275744,195589247,31.6,30.85,31.2,-0.45,3190,3017,31.55
2018-06-06,3599566,113090187,31.8,31.2,31.4,0.2,1818,3017,31.7
2018-06-07,4153161,129825370,31.95,30.95,31.35,-0.05,1928,3017,31.9
2018-06-08,12091064,386131366,32.25,31.45,31.65,0.3,5162,3017,31.65
2018-06-11,4342735,135599730,32.0,31.0,31.2,-0.45,2062,3017,31.65
2018-06-12,6789402,212845678,31.9,30.85,31.35,0.15,3043,3017,31.1
2018-06-13,4012117,123459978,31.5,30.5,30.5,-0.85,2283,3017,31.2
2018-06-14,2285532,69998776,30.85,30.2,30.6,0.1,1328,3017,30.25
2018-06-15,1938212,59591944,31.0,30.6,30.65,0.05,972,3017,30.9
2018-06-19,3086002,92637657,30.45,29.8,30.2,-0.45,1439,3017,30.4
2018-06-20,11269881,343448874,30.8,29.6,29.6,-0.6,3655,3017,30.45
2018-06-21,3582358,106719807,30.4,29.35,30.35,0.75,1929,3017,29.45
2018-06-22,1947272,58200192,30.15,29.7,29.8,-0.55,1163,3017,30.05
2018-06-25,1176206,34891225,30.0,29.5,29.5,-0.3,670,3017,29.9
2018-06-26,1765201,51210598,29.35,28.75,29.0,-0.5,918,3017,29.35
2018-06-27,2224192,64023572,29.2,28.5,28.65,-0.35,1312,3017,29.2
2018-06-28,1836000,52069650,28.65,28.2,28.2,-0.45,1010,3017,28.35
2018-06-29,1140852,32698707,28.85,28.55,28.65,0.45,750,3017,28.6
2018-07-02,838471,23979373,28.85,28.3,28.4,-0.25,583,3017,28.7
2018-07-03,1669300,46667305,28.55,27.5,27.6,-0.8,925,3017,28.4
2018-07-04,1008315,27884654,27.9,27.5,27.6,0.0,495,3017,27.65
2018-07-05,681268,18809705,27.85,27.4,27.4,-0.2,411,3017,27.65
2018-07-06,2115965,57167755,27.65,26.7,27.0,-0.4,1073,3017,27.55
2018-07-09,1088563,29675160,27.55,27.05,27.55,0.55,709,3017,27.2
2018-07-10,3855739,107214519,28.45,27.5,27.7,0.15,1429,3017,28.1
2018-07-11,962000,26263750,27.5,27.2,27.25,-0.45,540,3017,27.4
2018-07-12,640605,17633446,27.7,27.25,27.6,0.35,414,3017,27.25
2018-07-13,1479500,41352823,28.1,27.7,28.0,0.4,716,3017,27.75
2018-07-16,927150,25758891,28.0,27.7,27.7,-0.3,493,3017,28.0
2018-07-17,1871712,51772263,28.0,27.45,27.9,0.2,905,3017,27.55
2018-07-18,5062135,142830247,28.45,28.0,28.25,0.35,2381,3017,28.3
2018-07-19,1898551,52936516,28.35,27.7,27.75,-0.5,880,3017,28.35
2018-07-20,1414668,39347202,28.0,27.6,27.6,-0.15,732,3017,27.8
2018-07-23,1328010,36234575,27.7,27.1,27.3,-0.3,769,3017,27.7
2018-07-24,767800,21182650,27.8,27.25,27.65,0.35,444,3017,27.35
2018-07-25,1887298,52919853,28.4,27.55,28.0,0.35,958,3017,27.7
2018-07-26,3174188,90558963,28.85,28.05,28.8,0.8,1380,3017,28.1
2018-07-27,4366945,127126105,29.3,28.9,29.0,0.2,2191,3017,29.15
2018-07-30,2263860,64532309,29.0,28.25,28.5,-0.5,1066,3017,29.0
2018-07-31,1260666,36129360,28.9,28.35,28.9,0.4,588,3017,28.35
2018-08-01,7012410,206495755,29.7,29.25,29.3,0.4,3264,3017,29.4
2018-08-02,2335459,67340195,29.25,28.5,28.55,-0.75,1345,3017,29.1
2018-08-03,1327606,38016810,28.95,28.45,28.7,0.15,690,3017,28.6
2018-08-06,1820685,52751128,29.2,28.65,28.95,0.25,976,3017,28.75
2018-08-07,1149260,33120674,29.0,28.75,28.75,-0.2,661,3017,29.0
2018-08-08,1981539,57704659,29.3,28.9,29.15,0.4,1009,3017,28.9
2018-08-09,2380704,68381066,29.1,28.5,28.8,-0.35,1088,3017,29.1
2018-08-10,6308200,183586529,29.3,28.9,29.15,0.35,2347,3017,28.9
2018-08-13,5125804,143665812,28.95,27.15,27.7,-1.45,2591,3017,28.95
2018-08-14,1661277,45712025,27.85,27.25,27.55,-0.15,997,3017,27.75
2018-08-15,1979866,53655464,27.6,26.9,27.0,-0.55,1129,3017,27.6
2018-08-16,1974257,52734065,27.15,26.4,27.1,0.1,938,3017,26.5
2018-08-17,3274445,90162369,27.85,27.2,27.45,0.35,1547,3017,27.2
2018-08-20,2060648,55607942,27.5,26.7,26.9,-0.55,1140,3017,27.45
2018-08-21,689857,18616780,27.1,26.85,27.05,0.15,400,3017,27.0
2018-08-22,515532,13913289,27.15,26.9,26.9,-0.15,302,3017,27.05
2018-08-23,595008,16099015,27.15,27.0,27.05,0.15,290,3017,27.0
2018-08-24,623821,16838967,27.2,26.8,27.0,-0.05,320,3017,27.15
2018-08-27,1177500,32289800,27.75,27.1,27.5,0.5,663,3017,27.1
2018-08-28,2043854,56864017,28.15,27.4,28.0,0.5,950,3017,27.8
2018-08-29,8263353,234719923,28.8,28.05,28.4,0.4,3372,3017,28.15
2018-08-30,2244400,63829828,28.7,28.25,28.6,0.2,980,3017,28.4
2018-08-31,11289563,326092164,29.3,28.4,29.25,0.65,3292,3017,28.5
2018-09-03,16732699,490701772,29.65,28.6,28.6,-0.65,4847,3017,29.2
2018-09-04,1988298,56968800,28.85,28.5,28.85,0.25,985,3017,28.5
2018-09-05,1283308,36804807,28.85,28.55,28.6,-0.25,590,3017,28.85
2018-09-06,1174822,33270320,28.6,28.2,28.25,-0.35,630,3017,28.55
2018-09-07,1964312,54764850,28.5,27.45,27.7,-0.55,985,3017,28.3
2018-09-10,1689802,45871430,27.65,26.9,27.05,-0.65,916,3017,27.5
2018-09-11,1089000,29965700,27.85,27.25,27.6,0.55,721,3017,27.25
2018-09-12,1154249,31869619,27.75,27.45,27.6,0.0,680,3017,27.6
2018-09-13,1765154,49587819,28.35,27.7,28.2,0.6,1129,3017,27.8
2018-09-14,1772331,50262749,28.6,28.1,28.4,0.2,1045,3017,28.25
2018-09-17,661331,18727548,28.5,28.15,28.25,-0.15,424,3017,28.15
2018-09-18,1385507,38608742,28.25,27.65,27.75,-0.5,817,3017,28.25
2018-09-19,1099269,30738026,28.15,27.75,27.75,0.0,705,3017,27.9
2018-09-20,1342506,37302174,28.05,27.7,27.75,0.0,768,3017,27.9
2018-09-21,1990169,55795482,28.15,27.8,28.0,0.25,579,3017,28.1
2018-09-25,2203807,61561365,28.05,27.75,27.9,-0.1,655,3017,28.0
2018-09-26,3734721,104415581,28.2,27.8,27.95,0.05,1205,3017,28.0
2018-09-27,4719561,127517165,27.2,26.55,26.75,0.0,1199,3017,27.2
2018-09-28,1770189,48163246,27.45,26.9,27.25,0.5,1067,3017,26.9
2018-10-01,3930536,109573132,28.1,27.3,28.05,0.8,2005,3017,27.35
2018-10-02,3511934,98723900,28.45,27.8,27.95,-0.1,1875,3017,28.05
2018-10-03,1417458,39208515,28.05,27.55,27.55,-0.4,800,3017,27.95
2018-10-04,1052200,28887509,27.8,27.25,27.25,-0.3,655,3017,27.6
2018-10-05,2092153,55741498,27.25,26.1,26.5,-0.75,1259,3017,27.05
2018-10-08,2326391,60628231,26.6,25.85,26.15,-0.35,1177,3017,26.2
2018-10-09,5557679,142587016,26.25,24.8,25.45,-0.7,2447,3017,26.0
2018-10-11,2864166,65829702,23.15,22.95,22.95,-2.5,1385,3017,23.0
2018-10-12,3089642,68556993,22.5,21.65,22.45,-0.5,1564,3017,21.85
2018-10-15,2093499,46483550,22.55,22.0,22.0,-0.45,1084,3017,22.25
2018-10-16,1558510,34669147,22.65,22.0,22.15,0.15,860,3017,22.0
2018-10-17,1666572,37334388,22.8,22.15,22.35,0.2,947,3017,22.8
2018-10-18,1194398,26307265,22.4,21.85,22.1,-0.25,792,3017,22.25
2018-10-19,2145823,45641609,21.8,21.05,21.2,-0.9,1098,3017,21.8
2018-10-22,1195000,25640450,21.65,21.0,21.5,0.3,752,3017,21.05
2018-10-23,929451,19793037,21.7,21.1,21.1,-0.4,621,3017,21.5
2018-10-24,1007994,21225270,21.4,20.8,21.05,-0.05,588,3017,21.2
2018-10-25,1899747,38299437,20.35,20.0,20.0,-1.05,926,3017,20.2
2018-10-26,1167630,23588581,20.5,20.0,20.25,0.25,648,3017,20.4
2018-10-29,1863391,37573783,20.6,19.95,20.45,0.2,758,3017,20.4
2018-10-30,3494953,72316720,20.95,20.55,20.6,0.15,1689,3017,20.55
2018-10-31,1753082,36858890,21.3,20.75,21.2,0.6,931,3017,20.9
2018-11-01,1702846,36458855,21.6,21.05,21.55,0.35,854,3017,21.1
2018-11-02,1774536,38316924,21.9,21.35,21.4,-0.15,994,3017,21.75
2018-11-05,613001,13031573,21.55,21.1,21.2,-0.2,430,3017,21.25
2018-11-06,681001,14370521,21.4,20.95,21.0,-0.2,402,3017,21.4
2018-11-07,792001,16871523,21.55,20.95,21.4,0.4,455,3017,21.0
2018-11-08,931477,20019954,21.75,21.25,21.3,-0.1,527,3017,21.75
2018-11-09,757500,16032350,21.35,21.0,21.2,-0.1,421,3017,21.2
2018-11-12,537001,11349321,21.3,21.0,21.05,-0.15,347,3017,21.0
2018-11-13,1028309,21362256,20.9,20.65,20.8,-0.25,574,3017,20.7
2018-11-14,1844395,38545862,21.2,20.7,20.8,0.0,1055,3017,20.9
2018-11-15,1792151,37340736,21.0,20.7,20.9,0.1,1093,3017,20.8
2018-11-16,6262105,136249489,22.85,20.9,21.9,1.0,3239,3017,20.9
2018-11-19,4092705,91461392,22.9,21.7,22.8,0.9,2262,3017,21.85
2018-11-20,3358005,74394012,22.45,21.95,22.0,-0.8,1865,3017,22.35
2018-11-21,1905012,41482627,22.1,21.55,21.85,-0.15,1114,3017,21.7
2018-11-22,1719153,37623716,22.2,21.55,21.6,-0.25,970,3017,21.9
2018-11-23,995417,21326628,21.8,21.25,21.25,-0.35,606,3017,21.75
2018-11-26,843257,18197429,21.75,21.35,21.5,0.25,480,3017,21.35
2018-11-27,2181000,47611100,22.05,21.35,22.05,0.55,1100,3017,21.5
2018-11-28,9187692,207118495,22.85,22.1,22.5,0.45,3939,3017,22.1
2018-11-29,3677605,83576502,22.9,22.6,22.65,0.15,1782,3017,22.8
2018-11-30,7465286,172727415,23.35,22.7,23.25,0.6,2278,3017,22.75
2018-12-03,11348959,282664071,25.4,24.4,24.9,1.65,4338,3017,24.6
2018-12-04,3542882,86662018,24.85,24.1,24.35,-0.55,1908,3017,24.85
2018-12-05,3089100,74046151,24.5,23.5,24.5,0.15,1581,3017,23.75
2018-12-06,4594030,108779702,24.5,22.9,23.35,-1.15,2208,3017,24.5
2018-12-07,5279230,126457234,24.55,23.25,24.4,1.05,2466,3017,23.45
2018-12-10,8372182,203231723,24.65,23.9,24.55,0.15,3911,3017,24.05
2018-12-11,4704254,114189183,24.75,24.0,24.1,-0.45,2376,3017,24.6
2018-12-12,1976072,47988447,24.45,24.15,24.25,0.15,1097,3017,24.35
2018-12-13,2568407,62660169,24.65,24.2,24.2,-0.05,1407,3017,24.4
2018-12-14,5620885,138581710,25.3,23.85,25.1,0.9,2668,3017,24.25
2018-12-17,9753710,243837612,25.25,24.65,24.75,-0.35,4684,3017,25.0
2018-12-18,6042002,146571500,24.7,23.9,24.3,-0.45,2736,3017,24.4
2018-12-19,5253507,129016394,24.9,24.1,24.25,-0.05,2525,3017,24.5
2018-12-20,2910010,69281800,24.3,23.35,23.45,-0.8,1552,3017,24.05
2018-12-21,2963086,70977287,24.4,23.45,24.1,0.65,1582,3017,23.5
2018-12-22,4836484,119452743,25.15,23.9,25.15,1.05,2239,3017,23.9
2018-12-24,18676586,486286525,26.45,25.3,26.3,1.15,8590,3017,25.4
2018-12-25,13953010,358657604,26.5,24.85,25.5,-0.8,6623,3017,25.8
2018-12-26,6726360,169158070,26.05,24.4,24.65,-0.85,3334,3017,25.8
2018-12-27,5027279,126566465,25.55,24.75,24.75,0.1,2241,3017,25.35
2018-12-28,2939609,73691414,25.3,24.8,25.25,0.5,1486,3017,25.0
2019-01-02,8005846,205429542,25.95,25.25,25.65,0.4,3878,3017,25.4
2019-01-03,2862478,72015568,25.55,24.85,24.95,-0.7,1534,3017,25.3
2019-01-04,3727012,90204850,24.6,23.7,24.2,-0.75,1825,3017,24.6
2019-01-07,3084356,76857369,25.3,24.6,25.1,0.9,1646,3017,24.9
2019-01-08,8805115,225548909,26.1,24.8,25.75,0.65,4039,3017,25.0
2019-01-09,6023904,153856152,26.05,25.2,25.6,-0.15,2865,3017,25.6
2019-01-10,3530517,90556935,25.9,25.4,25.75,0.15,1704,3017,25.4
2019-01-11,7788354,202758239,26.4,25.65,26.4,0.65,3456,3017,25.95
2019-01-14,16156241,433003761,27.4,26.0,26.2,-0.2,7271,3017,26.7
2019-01-15,4633219,119499825,26.15,25.5,25.7,-0.5,2522,3017,26.1
2019-01-16,2777655,71267680,25.9,25.5,25.55,-0.15,1392,3017,25.7
2019-01-17,2364102,60492906,25.85,25.3,25.5,-0.05,1227,3017,25.7
2019-01-18,1893296,48204953,25.65,25.3,25.45,-0.05,928,3017,25.5
2019-01-21,3781219,97386565,26.15,25.35,26.1,0.65,1576,3017,25.5
2019-01-22,10350700,267329676,26.25,25.2,25.2,-0.9,4387,3017,26.2
2019-01-23,2246879,56614380,25.4,25.05,25.35,0.15,1437,3017,25.2
2019-01-24,1856253,47005875,25.6,25.2,25.4,0.05,970,3017,25.55
2019-01-25,6523549,165068016,25.7,24.9,25.05,-0.35,2740,3017,25.6
2019-01-28,4434131,110295744,25.15,24.65,24.8,-0.25,2032,3017,25.05
2019-01-29,2922314,72829481,25.15,24.6,24.95,0.15,1577,3017,24.8
2019-01-30,7354736,186671734,25.7,25.05,25.05,0.1,2989,3017,25.2
2019-02-11,18465067,486076141,27.0,25.45,26.95,1.9,7502,3017,25.5
2019-02-12,24732429,686135041,28.45,26.8,27.7,0.75,9617,3017,27.3
2019-02-13,19868967,573260575,29.2,28.5,29.1,1.4,8408,3017,29.0
2019-02-14,10794927,311744391,29.1,28.65,28.7,-0.4,3989,3017,29.0
2019-02-15,10377372,301359961,29.6,28.5,28.95,0.25,4230,3017,29.0
2019-02-18,16303367,489373623,30.45,29.55,30.35,1.4,6731,3017,29.95
2019-02-19,8518430,255123336,30.35,29.65,30.1,-0.25,3555,3017,30.35
2019-02-20,6986178,210004352,30.45,29.85,29.85,-0.25,2884,3017,30.4
2019-02-21,8343635,245644972,30.1,29.1,29.5,-0.35,3571,3017,30.0
2019-02-22,5972246,177676703,30.05,29.4,29.65,0.15,2518,3017,29.5
2019-02-25,33062037,1051083573,32.6,30.1,32.6,2.95,13207,3017,30.3
2019-02-26,29530283,967181202,33.45,32.05,32.65,0.05,11469,3017,32.55
2019-02-27,36121572,1208210759,34.2,32.6,33.65,1.0,16297,3017,33.5
2019-03-04,28451993,982006481,35.1,33.85,34.6,0.95,13130,3017,34.55
2019-03-05,18468092,612819978,34.3,32.5,32.5,-2.1,9585,3017,33.8
2019-03-06,15063260,494121292,33.3,32.35,32.55,0.05,6903,3017,32.9
2019-03-07,14118803,456146594,33.2,31.3,31.7,-0.85,6574,3017,32.7
2019-03-08,13090212,423285763,32.7,31.85,32.4,0.7,6765,3017,32.0
2019-03-11,6721863,217421282,32.75,31.75,32.75,0.35,3218,3017,32.0
2019-03-12,14522096,473782546,33.55,32.0,32.35,-0.4,6287,3017,33.45
2019-03-13,7146521,233016202,32.9,32.15,32.9,0.55,3267,3017,32.35
2019-03-14,20900879,701590205,34.4,32.8,33.35,0.45,10316,3017,33.4
2019-03-15,16609741,539485762,33.3,32.0,32.0,-1.35,7725,3017,32.85
2019-03-18,8424793,273323120,32.9,31.9,32.8,0.8,3873,3017,32.0
2019-03-19,15052012,499842129,33.6,32.6,32.6,-0.2,7116,3017,33.2
2019-03-20,7400194,244774052,33.4,32.7,33.15,0.55,3568,3017,32.7
2019-03-21,60561905,2121493408,36.45,33.55,36.45,3.3,26422,3017,33.9
2019-03-22,40777011,1460617576,37.1,34.6,35.2,-1.25,17691,3017,37.0
2019-03-25,19100680,675117078,35.9,34.1,35.2,0.0,9683,3017,34.7
2019-03-26,12121596,423420991,35.85,34.4,34.4,-0.8,6099,3017,35.8
2019-03-27,10454823,365528514,35.4,34.55,34.65,0.25,5315,3017,34.6
2019-03-28,11694975,398744781,34.95,33.3,34.55,-0.1,5845,3017,34.55
2019-03-29,8189306,281827907,34.95,33.95,34.2,-0.35,3842,3017,34.55
2019-04-01,9180326,318730322,35.2,34.0,34.95,0.75,4556,3017,34.5
2019-04-02,42451611,1544116695,37.4,35.4,35.5,0.55,20887,3017,35.7
2019-04-03,12347048,444767037,36.6,35.55,35.7,0.2,6630,3017,36.0
2019-04-08,22342366,823178004,37.6,35.8,36.7,1.0,11032,3017,36.2
2019-04-09,29485397,1107025892,38.9,36.0,36.0,-0.7,14850,3017,37.25
2019-04-10,10050959,361073058,36.75,35.3,35.8,-0.2,5534,3017,36.3
2019-04-11,21121526,783616912,37.55,36.1,37.0,1.2,10092,3017,36.1
2019-04-12,48557776,1898552188,40.2,37.5,39.15,2.15,22338,3017,37.5
2019-04-15,49376392,2065216618,42.9,39.9,42.9,3.75,24538,3017,40.0
2019-04-16,30621905,1269573646,42.55,40.65,41.5,-1.4,16179,3017,42.5
2019-04-17,42578281,1848179111,44.2,42.05,43.25,1.75,22694,3017,42.4
2019-04-18,28760692,1231389148,43.95,42.0,42.8,-0.45,13540,3017,43.5
2019-04-19,59506383,2578919136,45.7,41.4,42.0,-0.8,29337,3017,43.6
2019-04-22,17827397,744193608,42.7,40.95,41.75,-0.25,9750,3017,41.85
2019-04-23,25386579,1026467325,42.5,39.55,40.3,-1.45,12022,3017,42.0
2019-04-24,19320827,794629148,41.7,40.6,40.7,0.4,10556,3017,40.9
2019-04-25,13055805,528759955,41.2,39.85,41.2,0.5,6901,3017,40.7
2019-04-26,16601543,664909248,41.15,39.25,39.8,-1.4,8049,3017,40.6
2019-04-29,17375894,685023920,40.45,38.6,40.0,0.2,8658,3017,40.0
2019-04-30,36529924,1520813622,42.8,40.2,42.8,2.8,20003,3017,40.75
2019-05-02,26485964,1129684942,43.4,41.8,42.85,0.05,14922,3017,42.0
2019-05-03,39282417,1735827708,45.0,42.45,44.05,1.2,19955,3017,42.85
2019-05-06,29491848,1291242915,44.6,42.25,44.4,0.35,15345,3017,42.5
2019-05-07,51490511,2305548771,46.8,42.85,42.85,-1.55,25627,3017,46.0
2019-05-08,26471083,1132295971,43.65,41.85,42.65,-0.2,13801,3017,42.05
2019-05-09,35671890,1482680078,43.55,39.7,40.0,-2.65,17217,3017,43.5
2019-05-10,25472239,1033254203,41.25,39.75,40.8,0.8,12941,3017,40.75
2019-05-13,17025086,693923393,41.4,40.1,40.1,-0.7,8307,3017,40.8
2019-05-14,31284564,1282170064,42.55,38.75,42.5,2.4,16591,3017,38.9
2019-05-15,23432527,993906643,43.15,41.8,41.95,-0.55,12621,3017,42.1
2019-05-16,26926170,1098045800,42.3,39.3,39.7,-2.25,13854,3017,41.8
2019-05-17,42937330,1625935986,40.3,36.0,36.0,-3.7,21164,3017,40.15
2019-05-20,36236997,1276465642,36.75,34.35,34.35,-1.65,17365,3017,36.2
2019-05-21,38173217,1336696205,35.95,33.9,35.6,1.25,18042,3017,34.35
2019-05-22,22619236,787064750,35.45,34.2,34.25,-1.35,11100,3017,35.0
2019-05-23,25616120,839497310,33.55,31.75,32.95,-1.3,12958,3017,32.6
2019-05-24,25160086,840522223,34.2,32.2,32.2,-0.75,11747,3017,33.9
2019-05-27,20090128,643306626,32.7,31.35,32.5,0.3,10350,3017,32.35
2019-05-28,27788767,915405511,33.55,32.6,32.6,0.1,11739,3017,33.15
2019-05-29,13556916,432031626,32.3,31.45,32.3,-0.3,7775,3017,31.8
2019-05-30,9721945,317512949,32.95,32.45,32.55,0.25,4536,3017,32.8
2019-05-31,16465932,549703061,34.0,32.55,33.6,1.05,8472,3017,32.7
2019-06-03,8042167,264555113,33.4,32.6,32.7,-0.9,4327,3017,33.0
2019-06-04,6840436,223898270,33.3,32.25,32.45,-0.25,3698,3017,32.75
2019-06-05,9693152,318984003,33.35,32.3,32.3,-0.15,5086,3017,33.25
2019-06-06,6933740,224697018,32.8,31.95,32.8,0.5,3468,3017,32.5
2019-06-10,33077452,1160438161,36.05,33.6,35.9,3.1,16231,3017,33.7
2019-06-11,34716795,1258111120,36.9,35.15,36.15,0.25,17460,3017,36.5
2019-06-12,13342903,475880335,36.2,35.3,35.55,-0.6,7220,3017,35.6
2019-06-13,11659612,416416896,36.1,35.3,35.95,0.4,6432,3017,35.4
2019-06-14,11202127,399243967,36.4,35.1,35.1,-0.85,5979,3017,36.05
2019-06-17,9736496,343449903,35.75,34.7,35.6,0.5,4755,3017,34.85
2019-06-18,27497358,990628548,36.85,35.05,35.35,-0.25,13979,3017,35.85
2019-06-19,72436571,2734499344,38.85,36.1,37.9,2.55,28911,3017,36.2
2019-06-20,43348891,1670502929,39.3,37.7,39.0,1.1,20716,3017,37.85
2019-06-21,32659342,1274811796,39.9,38.0,38.0,-1.0,16387,3017,39.2
2019-06-24,13130905,501512245,38.9,37.45,38.9,0.9,7456,3017,38.2
2019-06-25,23991039,934099351,39.55,38.1,38.1,-0.8,12160,3017,38.95
2019-06-26,41246932,1549026846,39.0,36.4,38.95,0.85,17968,3017,38.0
2019-06-27,20057690,776602978,39.25,38.35,38.5,-0.45,9713,3017,39.0
2019-06-28,12660582,489643115,39.0,38.4,38.45,-0.05,6236,3017,38.5
2019-07-01,46020184,1919202249,42.25,40.45,42.25,3.8,19399,3017,41.45
2019-07-02,36680958,1566623689,43.2,42.2,42.8,0.55,17028,3017,42.35
2019-07-03,22247116,923677356,42.75,40.8,41.0,-1.8,11020,3017,42.4
2019-07-04,15598487,640635117,41.7,40.4,41.15,0.15,8235,3017,41.5
2019-07-05,22459362,922018502,41.85,40.5,40.55,-0.6,11296,3017,41.7
2019-07-08,16247067,653573545,41.05,39.7,40.2,-0.35,8220,3017,40.45
2019-07-09,15175181,602157465,40.35,39.25,39.9,-0.3,7461,3017,40.1
2019-07-10,14518351,588455396,40.8,40.05,40.8,0.9,7489,3017,40.05
2019-07-11,20783392,859457901,41.9,40.6,41.45,0.65,9798,3017,41.15
2019-07-12,18112222,750729902,42.25,40.9,41.0,-0.45,8349,3017,41.75
2019-07-15,23388770,976553902,42.15,41.05,41.9,0.9,10771,3017,41.4
2019-07-16,15722965,651291654,42.2,41.0,41.05,-0.85,7525,3017,42.1
2019-07-17,11715679,476548228,41.05,40.2,40.8,-0.25,5987,3017,40.5
2019-07-18,12850255,515331600,40.85,39.8,39.85,-0.95,7087,3017,40.5
2019-07-19,14836171,603280986,41.2,40.25,40.25,0.4,7620,3017,41.0
2019-07-22,12025815,493530986,41.45,40.25,41.4,1.15,5868,3017,40.25
2019-07-23,57083874,2499406382,45.3,41.8,43.2,1.8,27320,3017,42.05
2019-07-24,76473477,3473043079,47.0,43.55,46.9,3.7,34546,3017,44.2
2019-07-25,39866108,1841154277,47.75,45.5,45.7,-1.2,19056,3017,47.5
2019-07-26,18039557,820589295,46.1,44.9,45.3,-0.4,8959,3017,45.1
2019-07-29,31904398,1473461427,46.8,45.4,45.45,0.15,15514,3017,45.4
2019-07-30,55607216,2359541720,44.8,40.95,40.95,-4.5,25699,3017,44.2
2019-07-31,38651003,1562317800,41.45,39.15,40.6,-0.35,18062,3017,40.0
2019-08-01,34085248,1381364807,41.6,39.5,40.8,0.2,15858,3017,40.0
2019-08-02,26505643,1048456648,40.35,38.9,39.1,-1.7,12989,3017,39.9
2019-08-05,13026937,507594294,39.65,38.1,38.9,-0.2,6540,3017,39.1
2019-08-06,19274846,741536810,39.55,37.15,39.05,0.15,9302,3017,37.5
2019-08-07,24186300,960663467,40.2,39.2,39.2,0.15,11792,3017,39.55
2019-08-08,49261632,2041032310,42.4,39.55,42.3,3.1,24071,3017,39.75
2019-08-12,37536858,1611455873,43.8,42.3,42.4,0.1,18874,3017,42.8
2019-08-13,40716073,1763438568,44.1,42.0,43.7,1.3,20481,3017,42.6
2019-08-14,37868650,1679967428,45.5,43.2,43.75,0.05,18224,3017,45.2
2019-08-15,20523777,881185711,43.6,42.25,42.9,-0.85,9766,3017,42.3
2019-08-16,23423331,1024999072,44.4,42.95,43.45,0.55,11731,3017,43.7
2019-08-19,14252834,625746959,44.6,43.4,43.55,0.1,7635,3017,44.6
2019-08-20,22560591,986821932,44.75,42.8,42.8,-0.75,11896,3017,44.1
2019-08-21,24908885,1087913764,44.55,42.3,44.55,1.75,13695,3017,42.8
2019-08-22,55912609,2552511644,46.5,44.8,44.85,0.3,26324,3017,45.5
2019-08-23,25941865,1172565075,45.9,44.55,44.9,0.05,13115,3017,45.1
2019-08-26,13239660,580594190,44.45,43.3,44.0,-0.9,7056,3017,43.7
2019-08-27,18094364,806472100,45.3,43.7,43.7,-0.3,9545,3017,44.6
2019-08-28,16331167,706631681,44.2,42.7,42.9,-0.8,8203,3017,43.9
2019-08-29,10896258,470170567,43.65,42.75,43.05,0.15,6087,3017,43.2
2019-08-30,21409168,909082031,43.8,41.25,42.2,-0.85,11689,3017,43.8
2019-09-02,14262623,596220123,42.45,41.15,42.45,0.25,7672,3017,41.6
2019-09-03,12577528,524980534,42.55,41.2,41.3,-1.15,6655,3017,42.5
2019-09-04,11704443,489320140,42.15,41.1,42.15,0.85,6586,3017,41.25
2019-09-05,10581748,449699098,42.9,42.2,42.3,0.15,5811,3017,42.5
2019-09-06,17299058,745840903,43.8,42.2,43.25,0.95,9027,3017,42.9
2019-09-09,9299136,401893648,43.75,42.6,42.65,-0.6,5080,3017,43.5
2019-09-10,6900131,292021034,43.1,41.9,42.0,-0.65,3581,3017,42.9
2019-09-11,9084430,384644459,42.9,41.6,42.45,0.45,5056,3017,42.2
2019-09-12,6935852,297439149,43.3,42.55,42.85,0.4,3806,3017,42.95
2019-09-16,6953829,297189395,43.15,42.3,42.55,-0.3,4053,3017,43.15
2019-09-17,23561247,970804970,42.7,40.5,40.7,-1.85,12327,3017,42.65
2019-09-18,9113585,372843785,41.35,40.3,40.85,0.15,5246,3017,40.6
2019-09-19,6417245,262606940,41.4,40.7,40.8,-0.05,3335,3017,41.35
2019-09-20,14535373,604341795,42.1,40.7,41.45,0.65,8126,3017,40.8
2019-09-23,4354821,180923500,41.8,41.3,41.45,0.0,2435,3017,41.6
2019-09-24,6713868,279432104,42.15,41.1,41.1,-0.35,3699,3017,41.75
2019-09-25,5490588,223314218,41.25,40.4,40.55,-0.55,3176,3017,41.0
2019-09-26,6728789,267057142,40.15,39.4,39.4,0.0,3971,3017,40.0
2019-09-27,14779322,563587345,39.4,37.3,38.0,-1.4,8190,3017,39.25
2019-10-01,5125528,199236306,39.3,38.3,39.0,1.0,3048,3017,38.45
2019-10-02,15369046,622390880,41.15,38.8,41.1,2.1,8464,3017,39.0
2019-10-03,16840625,698107650,42.0,40.3,41.9,0.8,8700,3017,40.55
2019-10-04,12984741,543997604,42.4,41.3,41.85,-0.05,6413,3017,42.1
2019-10-07,38810977,1685941811,44.2,42.45,42.45,0.6,18832,3017,42.45
2019-10-08,21914313,939483262,43.75,42.2,42.4,-0.05,10238,3017,43.65
2019-10-09,10526763,448085109,43.1,42.15,42.65,0.25,5656,3017,42.7
2019-10-14,17957701,778714352,44.2,42.6,42.9,0.25,8858,3017,43.9
2019-10-15,13474447,582198855,43.8,42.6,42.65,-0.25,7312,3017,43.1
2019-10-16,15373265,665102134,43.95,42.7,42.75,0.1,7570,3017,43.2
2019-10-17,6713266,289052738,43.35,42.8,43.05,0.3,3616,3017,43.0
2019-10-18,12433721,540249268,43.8,43.1,43.3,0.25,6041,3017,43.4
2019-10-21,5485469,236389680,43.6,42.8,43.15,-0.15,3213,3017,43.55
2019-10-22,19378944,847730439,44.15,43.0,43.7,0.55,9728,3017,43.45
2019-10-23,13926606,605923058,44.3,42.8,43.0,-0.7,7744,3017,43.9
2019-10-24,11738712,511955032,44.15,42.9,44.1,1.1,6221,3017,43.2
2019-10-25,15206178,666403567,44.8,43.35,43.35,-0.75,7525,3017,44.6
2019-10-28,5808258,252016112,43.75,43.1,43.1,-0.25,3612,3017,43.4
2019-10-29,11706981,495257887,43.5,41.35,41.95,-1.15,6312,3017,43.5
2019-10-30,4670294,197838345,42.75,41.75,42.55,0.6,2798,3017,42.05
2019-10-31,7344630,308260265,42.9,41.6,41.7,-0.85,3533,3017,42.65
2019-11-01,6380645,263785040,42.0,40.8,41.55,-0.15,3682,3017,41.75
2019-11-04,5030906,211456969,42.4,41.7,41.75,0.2,2883,3017,41.9
2019-11-05,6775750,288051994,42.75,41.95,42.75,1.0,4073,3017,41.95
2019-11-06,6891988,293368037,43.2,42.0,42.0,-0.75,3983,3017,43.1
2019-11-07,7899837,324886045,41.85,40.8,41.05,-0.95,4362,3017,41.55
2019-11-08,6839701,281102623,41.7,40.5,41.55,0.5,3970,3017,41.3
2019-11-11,4720933,192224332,41.35,40.4,40.4,-1.15,2632,3017,41.3
2019-11-12,2975148,121261971,41.1,40.4,41.05,0.65,1870,3017,40.4
2019-11-13,3528860,143582242,41.2,40.5,40.5,-0.55,1991,3017,40.9
2019-11-14,6155605,246710203,40.7,39.7,40.1,-0.4,3418,3017,40.4
2019-11-15,5131081,209845106,41.35,40.35,40.95,0.85,2977,3017,40.35
2019-11-18,4216861,172003226,41.2,40.5,40.5,-0.45,2453,3017,41.1
2019-11-19,2133061,86956980,41.0,40.6,40.75,0.25,1227,3017,40.6
2019-11-20,4711650,189273807,40.75,40.0,40.15,-0.6,2811,3017,40.75
2019-11-21,2560374,102145621,40.2,39.5,40.05,-0.1,1636,3017,39.85
2019-11-22,2780557,111016464,40.25,39.7,39.7,-0.35,1605,3017,40.1
2019-11-25,3142606,126470815,40.6,39.8,40.05,0.35,1949,3017,39.8
2019-11-26,2779580,111573078,40.45,39.85,39.95,-0.1,1670,3017,40.2
2019-11-27,2172652,86884030,40.35,39.9,39.9,-0.05,1336,3017,40.0
2019-11-28,2752833,109475715,40.2,39.6,39.65,-0.25,1538,3017,39.9
2019-11-29,5771188,231176865,40.65,39.65,39.65,0.0,3375,3017,40.0
2019-12-02,7041735,273846301,39.85,38.5,39.0,-0.65,4091,3017,39.65
2019-12-03,3469964,136335171,39.6,38.6,39.5,0.5,2468,3017,38.8
2019-12-04,3653702,142602449,39.3,38.75,39.1,-0.4,2288,3017,39.15
2019-12-05,2695115,106387582,39.7,39.3,39.4,0.3,1624,3017,39.35
2019-12-06,3423267,136711430,40.2,39.65,39.95,0.55,2111,3017,39.65
2019-12-09,2501784,100731162,40.5,40.1,40.3,0.35,1463,3017,40.3
2019-12-10,2263880,90939586,40.5,40.0,40.1,-0.2,1477,3017,40.5
2019-12-11,1924007,77277924,40.5,40.0,40.0,-0.1,1170,3017,40.15
2019-12-12,2203828,88390830,40.4,39.9,39.9,-0.1,1388,3017,40.3
2019-12-13,3595936,141508632,40.25,38.75,39.2,-0.7,2207,3017,40.25
2019-12-16,12223915,499639665,41.4,39.2,41.0,1.8,6906,3017,39.5
2019-12-17,11978905,493699497,41.9,40.5,40.5,-0.5,6430,3017,41.1
2019-12-18,3327934,134371540,40.8,40.2,40.2,-0.3,1970,3017,40.5
2019-12-19,3212832,130120888,40.8,40.05,40.8,0.6,1773,3017,40.45
2019-12-20,5952812,244902242,41.5,40.5,41.15,0.35,3149,3017,40.95
2019-12-23,5547618,229329839,41.6,41.1,41.25,0.1,2869,3017,41.1
2019-12-24,5241923,217807203,41.7,41.3,41.65,0.4,2789,3017,41.5
2019-12-25,5555023,232193202,42.1,41.6,41.7,0.05,2766,3017,41.9
2019-12-26,11258657,476329694,42.8,41.9,42.0,0.3,5908,3017,42.0
2019-12-27,5598491,233203142,42.4,41.3,41.35,-0.65,3194,3017,42.15
2019-12-30,3776919,154638877,41.3,40.7,41.0,-0.35,2188,3017,41.2
2019-12-31,5198941,215962287,42.0,40.85,41.65,0.65,2972,3017,41.2
2020-01-02,33814248,1464297553,44.4,42.5,42.75,1.1,16012,3017,43.0
2020-01-03,12268841,513932075,42.9,41.1,41.25,-1.5,6303,3017,42.8
2020-01-06,7974964,320007890,40.8,39.8,39.9,-1.35,4350,3017,40.8
2020-01-07,5807584,230647660,40.4,39.25,39.65,-0.25,3130,3017,40.2
2020-01-08,7013817,278546270,40.2,39.2,39.2,-0.45,3934,3017,39.85
2020-01-09,3041512,120600272,39.95,39.4,39.4,0.2,1708,3017,39.75
2020-01-10,3746503,147119890,39.75,39.1,39.15,-0.25,2060,3017,39.6
2020-01-13,2961767,117440535,39.85,39.3,39.7,0.55,1772,3017,39.5
2020-01-14,2808833,112559083,40.2,39.9,40.1,0.4,1655,3017,39.95
2020-01-15,2252122,89956777,40.1,39.75,40.0,-0.1,1315,3017,40.1
2020-01-16,2523229,101040959,40.2,39.95,40.0,0.0,1168,3017,40.1
2020-01-17,2706515,107932700,40.25,39.75,39.75,-0.25,1306,3017,40.2
2020-01-20,1942364,77520010,40.0,39.8,40.0,0.25,952,3017,39.8
2020-01-30,7043824,254391264,36.8,36.0,36.0,-4.0,3384,3017,36.0
2020-01-31,8460873,290723904,35.9,33.1,34.15,-1.85,4564,3017,34.7
2020-02-03,9660454,304637810,32.6,30.75,32.45,-1.7,4154,3017,31.85
2020-02-04,6840450,229741124,34.1,33.0,34.0,1.55,3953,3017,33.7
2020-02-05,6365775,212979550,34.0,32.95,33.75,-0.25,3347,3017,34.0
2020-02-06,7430400,251707817,34.45,33.5,34.0,0.25,3917,3017,33.75
2020-02-07,5749500,191596173,33.7,33.0,33.05,-0.95,2889,3017,33.7
2020-02-10,3803174,124539677,33.45,31.8,33.2,0.15,2247,3017,31.8
2020-02-11,3352680,112230643,33.65,33.25,33.55,0.35,1744,3017,33.55
2020-02-12,6618613,222774052,34.2,33.1,33.8,0.25,3641,3017,33.55
2020-02-13,18051444,641330157,36.25,34.55,35.0,1.2,9716,3017,34.55
2020-02-14,5214943,182395805,35.3,34.7,34.95,-0.05,3034,3017,35.0
2020-02-17,4165974,144477687,35.2,34.3,34.55,-0.4,2295,3017,34.5
2020-02-18,3738643,129976244,35.05,34.45,34.8,0.25,2164,3017,34.6
2020-02-19,3527146,122944276,35.2,34.6,34.75,-0.05,2045,3017,35.1
2020-02-20,4546601,157732907,35.1,34.45,34.45,-0.3,2784,3017,35.1
2020-02-21,7392368,250078812,34.5,33.55,33.8,-0.65,4349,3017,34.1
2020-02-24,6122864,201479859,33.25,32.6,33.0,-0.8,3415,3017,32.8
2020-02-25,6100701,201502506,33.6,32.15,33.6,0.6,3057,3017,32.5
2020-02-26,21787558,758210380,35.8,33.1,34.8,1.2,11831,3017,33.2
2020-02-27,12305906,417413887,35.35,32.85,33.0,-1.8,6937,3017,35.1
2020-03-02,5669407,184877331,33.3,31.7,32.55,-0.45,3156,3017,32.5
2020-03-03,4867402,161827682,33.6,32.95,33.0,0.45,2384,3017,33.6
2020-03-04,4031111,132313734,33.0,32.55,32.95,-0.05,1960,3017,32.85
2020-03-05,9777641,332336539,34.3,33.45,34.1,1.15,5146,3017,33.45
2020-03-06,8244445,281928975,34.6,33.6,34.45,0.35,3812,3017,33.7
2020-03-09,11684603,393285531,34.75,32.4,32.45,-2.0,5802,3017,34.2
2020-03-10,17058868,581386948,35.15,32.1,35.15,2.7,8890,3017,32.35
2020-03-11,32146906,1144800810,36.6,34.15,34.5,-0.65,15591,3017,36.0
2020-03-12,15916695,524718575,34.05,32.05,32.2,-2.3,8139,3017,33.95
2020-03-13,17029267,500549021,30.5,29.0,30.2,-2.0,7292,3017,29.3
2020-03-16,10961444,329864423,31.25,28.6,28.75,-1.45,5655,3017,30.4
2020-03-17,14361857,394957532,28.85,26.8,27.0,-1.75,6472,3017,26.8
2020-03-18,12997586,364781555,29.2,27.5,27.5,0.5,6658,3017,28.0
2020-03-19,20148002,536557094,28.6,24.9,25.85,-1.65,10286,3017,27.05
2020-03-20,8948323,250434973,28.4,27.3,28.4,2.55,4614,3017,27.5
2020-03-23,9083556,257306900,28.95,27.1,28.55,0.15,5607,3017,27.4
2020-03-24,13255436,391247530,30.15,29.0,29.1,0.55,6838,3017,29.05
2020-03-25,11605544,346652421,30.4,29.15,29.55,0.45,5931,3017,29.9
2020-03-26,7672314,226498246,30.1,28.85,30.1,0.55,4112,3017,29.6
2020-03-27,8957655,267594424,30.8,29.0,29.0,-1.1,5004,3017,30.75
2020-03-30,5624778,164945395,29.95,28.2,29.95,0.95,3204,3017,28.3
2020-03-31,5476136,164677818,30.6,29.7,30.15,0.2,2993,3017,30.35
2020-04-01,4216100,127133388,30.45,29.85,30.25,0.1,2301,3017,30.25
2020-04-06,8588902,264812105,31.3,30.4,31.3,1.05,4601,3017,30.55
2020-04-07,13415951,440428484,33.2,32.3,32.8,1.5,6995,3017,32.85
2020-04-08,8154015,263504133,32.65,32.0,32.5,-0.3,4625,3017,32.4
2020-04-09,5906641,189538147,32.8,31.7,31.75,-0.75,3503,3017,32.8
2020-04-10,4370456,140264827,32.4,31.7,32.15,0.4,2549,3017,31.8
2020-04-13,3899498,125963605,32.7,31.8,32.1,-0.05,2157,3017,32.15
2020-04-14,4309361,140221400,32.75,32.15,32.6,0.5,2381,3017,32.55
2020-04-15,12879163,431796286,34.3,32.7,33.75,1.15,6218,3017,33.0
2020-04-16,30006749,1061226983,36.5,33.9,35.1,1.35,14146,3017,33.9
2020-04-17,15525187,557538383,36.7,35.2,35.25,0.15,7771,3017,36.65
2020-04-20,19199011,704587006,37.5,35.3,37.5,2.25,10642,3017,35.9
2020-04-21,17966168,657535759,37.8,35.4,35.7,-1.8,10085,3017,37.4
2020-04-22,13694855,494817359,37.15,34.2,36.95,1.25,7752,3017,35.0
2020-04-23,13508883,498955202,37.8,36.3,36.6,-0.35,7250,3017,37.6
2020-04-24,14272781,532066713,37.75,36.4,37.3,0.7,8168,3017,36.85
2020-04-27,18345499,706214019,39.1,38.05,38.65,1.35,9851,3017,38.35
2020-04-28,32110445,1284794027,40.8,39.0,39.75,1.1,17204,3017,39.45
2020-04-29,15680423,632692705,40.85,39.9,40.3,0.55,8283,3017,40.5
2020-04-30,16963524,690533960,41.4,40.05,40.8,0.5,9028,3017,40.95
2020-05-04,20887395,865951877,42.2,39.75,41.8,1.0,11162,3017,40.05
2020-05-05,19930562,844931504,43.2,41.5,42.0,0.2,9989,3017,42.4
2020-05-06,11075393,461233103,42.25,41.1,41.5,-0.5,6265,3017,42.2
2020-05-07,8816723,367988762,42.3,41.35,41.95,0.45,4310,3017,41.95
2020-05-08,23254423,962757901,42.9,40.65,40.7,-1.25,11780,3017,42.8
2020-05-11,10997331,449288165,41.3,40.15,40.85,0.15,5763,3017,41.1
2020-05-12,7358885,299233508,41.3,40.05,40.55,-0.3,3754,3017,40.6
2020-05-13,5402770,219002217,40.95,40.1,40.55,0.0,2929,3017,40.5
2020-05-14,7602689,304241665,40.95,39.15,39.15,-1.4,4148,3017,40.65
2020-05-15,10973663,427025886,40.2,38.05,38.4,-0.75,5948,3017,39.85
2020-05-18,12979504,482000243,38.3,36.6,36.95,-1.45,7258,3017,37.4
2020-05-19,5658412,211191084,37.9,37.05,37.2,0.25,3284,3017,37.65
2020-05-20,5400765,202195814,37.9,36.9,37.8,0.6,3083,3017,37.4
2020-05-21,11787362,460228633,39.5,38.05,39.5,1.7,5746,3017,38.2
2020-05-22,13415642,510849348,39.15,37.0,37.35,-2.15,7141,3017,39.1
2020-05-25,10083233,372350780,37.6,36.5,37.55,0.2,6198,3017,37.2
2020-05-26,7440004,282405590,38.45,37.35,37.9,0.35,4296,3017,37.9
2020-05-27,5346630,202940431,38.35,37.55,37.6,-0.3,2795,3017,38.15
2020-05-28,22839407,890440015,39.6,38.2,38.6,1.0,11731,3017,38.2
2020-05-29,9431397,367758225,39.95,38.2,39.95,1.35,4646,3017,38.6
2020-06-01,16485098,661412165,40.65,39.25,40.55,0.6,8364,3017,39.75
2020-06-02,24609443,1020265935,42.05,40.7,41.7,1.15,13097,3017,41.1
2020-06-03,14675453,615641097,42.3,41.4,42.1,0.4,7101,3017,42.1
2020-06-04,13500517,556706592,42.45,40.7,40.85,-1.25,6577,3017,42.2
2020-06-05,6839269,279486545,41.3,40.35,40.9,0.05,3484,3017,40.9
2020-06-08,6666912,274698219,41.7,40.85,40.85,-0.05,3048,3017,41.6
2020-06-09,26562866,1111374006,42.8,41.0,41.0,0.15,13228,3017,41.8
2020-06-10,10514166,434094524,41.85,40.6,41.7,0.7,5263,3017,40.9
2020-06-11,13738001,557131784,41.95,39.5,39.75,-1.95,7164,3017,41.6
2020-06-12,6894115,267513078,39.3,38.15,39.3,-0.45,3866,3017,38.3
2020-06-15,5146150,203941806,40.3,38.75,39.4,0.1,3465,3017,39.3
2020-06-16,5438457,219923430,40.8,39.8,40.7,1.3,2991,3017,40.1
2020-06-17,5590227,229304998,41.5,40.55,40.95,0.25,2928,3017,40.9
2020-06-18,5414683,223600684,41.55,40.8,41.4,0.45,2847,3017,41.15
2020-06-19,9576734,399820973,42.15,41.35,41.35,-0.05,4540,3017,41.75
2020-06-22,11168856,466282503,42.45,41.1,41.25,-0.1,5710,3017,41.8
2020-06-23,10472909,435332642,42.1,40.85,41.25,0.0,4796,3017,41.4
2020-06-24,10202404,418669888,41.65,40.7,40.95,-0.3,4827,3017,41.35
2020-06-29,6328663,258319762,41.5,40.1,40.75,-0.2,3405,3017,40.3
2020-06-30,8786416,363833410,41.75,40.8,41.75,1.0,4118,3017,41.1
2020-07-01,18046390,768797692,43.0,42.05,42.45,0.7,9825,3017,42.15
2020-07-02,20942735,886392450,43.65,41.6,41.85,-0.6,11891,3017,43.05
2020-07-03,13717356,562680996,41.55,40.5,40.85,-1.0,7206,3017,41.5
2020-07-06,9572143,395910449,41.7,40.95,41.35,0.5,4146,3017,41.1
2020-07-07,9890576,404314179,41.8,40.4,40.6,-0.75,5345,3017,41.6
2020-07-08,28988387,1218517354,43.1,40.2,42.6,2.0,13809,3017,40.35
2020-07-09,22922114,982330088,43.4,42.15,43.15,0.55,10888,3017,43.0
2020-07-10,54503772,2394408924,45.35,42.0,42.0,-1.15,26290,3017,44.0
2020-07-13,32589399,1444361214,45.4,42.25,45.4,3.4,16487,3017,42.7
2020-07-14,25840600,1162777415,45.95,44.15,45.0,-0.4,13144,3017,45.7
2020-07-15,63242154,2958700589,48.75,44.6,45.2,0.2,31995,3017,45.8
2020-07-16,37429915,1741735846,47.45,45.25,47.45,2.25,18032,3017,46.3
2020-07-17,28969291,1358067052,48.3,45.9,46.45,-1.0,15207,3017,48.0
2020-07-20,16351032,758490443,47.25,45.05,46.9,0.45,7892,3017,46.8
2020-07-21,36733773,1783201662,49.4,47.5,48.3,1.4,19205,3017,47.6
2020-07-22,48741700,2478993935,52.4,48.5,52.3,4.0,23019,3017,49.0
2020-07-23,35922090,1853347356,53.5,50.5,50.9,-1.4,18419,3017,53.0
2020-07-24,24528284,1207032769,50.6,48.05,48.55,-2.35,12556,3017,50.4
2020-07-27,14914678,718243644,49.5,47.0,47.95,-0.6,7352,3017,49.2
2020-07-28,19941245,935348270,48.45,45.65,46.0,-1.95,9726,3017,48.4
2020-07-29,13817366,645659154,47.75,46.05,46.2,0.2,6779,3017,46.3
2020-07-30,8408909,390395381,47.15,46.1,46.25,0.05,4244,3017,46.5
2020-07-31,12175669,566851874,47.45,45.85,47.2,0.95,6509,3017,46.5
2020-08-03,10128738,469180869,47.25,45.8,45.85,-1.35,5802,3017,46.8
2020-08-04,9846295,446644668,46.35,45.0,45.3,-0.55,5066,3017,46.05
2020-08-05,14075127,657724758,47.45,45.6,47.3,2.0,7996,3017,45.65
2020-08-06,11068048,515876278,47.4,46.1,46.55,-0.75,6215,3017,47.3
2020-08-07,9259815,434675277,47.35,46.2,47.05,0.5,4963,3017,46.3
2020-08-10,46918478,2324416400,51.6,47.0,47.2,0.15,21834,3017,51.6
2020-08-11,20656719,955910052,47.65,45.3,46.05,-1.15,11161,3017,47.4
2020-08-12,50478437,2482467082,50.6,46.55,50.6,4.55,24305,3017,46.7
2020-08-13,76290819,4176077296,55.6,51.6,55.6,5.0,27195,3017,52.0
2020-08-14,66705982,3727854952,57.5,54.1,56.6,1.0,32900,3017,56.0
2020-08-17,45000980,2582842459,59.7,56.3,56.5,-0.1,23921,3017,56.6
2020-08-18,22359879,1272099066,58.1,55.7,57.2,0.7,11604,3017,57.1
2020-08-19,50488027,3063664071,62.9,57.2,62.9,5.7,23988,3017,58.5
2020-08-20,97706128,5980619014,65.7,56.7,58.5,-4.4,49922,3017,63.7
2020-08-21,61048862,3800241480,64.3,59.8,63.8,5.3,32145,3017,60.6
2020-08-24,64457939,4222939431,67.6,63.1,64.7,0.9,34524,3017,64.0
2020-08-25,54875700,3683054932,68.5,65.8,68.5,3.8,28908,3017,66.3
2020-08-26,28456562,1935275716,69.3,67.0,67.7,-0.8,15762,3017,68.0
2020-08-27,38569044,2632550656,70.0,66.4,67.4,-0.3,21059,3017,68.6
2020-08-28,32690109,2121825737,67.6,63.4,64.6,-2.8,18123,3017,67.5
2020-08-31,61919899,4253498478,70.3,66.6,70.2,5.6,31229,3017,67.5
2020-09-01,31559650,2138971066,70.1,66.8,67.2,-3.0,16962,3017,69.9
2020-09-02,20456329,1377695498,68.6,66.2,67.8,0.6,11205,3017,67.5
2020-09-03,32928041,2258554842,70.6,66.8,67.1,-0.7,18190,3017,68.8
2020-09-04,32799871,2226062904,69.6,65.0,68.1,1.0,16905,3017,65.6
2020-09-07,17185526,1155827606,69.2,65.6,66.2,-1.9,8973,3017,68.2
2020-09-08,20753411,1340390215,67.1,63.5,65.0,-1.2,11820,3017,66.3
2020-09-09,11151510,717143028,65.3,63.2,64.2,-0.8,6250,3017,64.2
2020-09-10,14229321,924109744,66.2,64.0,64.1,-0.1,7973,3017,64.8
2020-09-11,10442995,657952283,64.2,62.1,62.5,-1.6,5950,3017,64.1
2020-09-14,10514505,675624416,65.3,62.7,64.6,2.1,5962,3017,63.0
2020-09-15,14217975,931905166,66.6,64.2,65.3,0.7,7825,3017,64.6
2020-09-16,13287565,882852005,67.2,65.6,66.4,1.1,7184,3017,66.3
2020-09-17,27808599,1894571785,69.3,67.0,67.6,1.2,15016,3017,67.5
2020-09-18,15426676,1057015085,69.6,67.3,67.3,-0.3,8119,3017,68.1
2020-09-21,17982606,1242575413,69.9,68.1,68.4,1.1,9898,3017,68.8
2020-09-22,24647272,1709217969,70.4,68.1,68.7,0.3,14382,3017,69.2
2020-09-23,50970214,3632695894,74.0,68.1,71.0,0.0,28316,3017,69.0
2020-09-24,41970199,2871277783,71.9,65.0,65.3,-5.7,23848,3017,70.2
2020-09-25,35583457,2360821288,68.1,63.5,65.2,-0.1,20054,3017,66.4
2020-09-28,24767802,1614328886,67.1,63.7,65.0,-0.2,13519,3017,67.0
2020-09-29,21351788,1412070581,67.2,65.0,66.4,1.4,11387,3017,65.3
2020-09-30,20699810,1357841870,67.2,64.0,67.1,0.7,11225,3017,66.5
2020-10-05,12619680,849041902,68.0,66.0,68.0,0.9,7076,3017,67.1
2020-10-06,19501541,1337800008,70.0,67.6,68.4,0.4,11062,3017,68.8
2020-10-07,10175438,700068222,69.4,67.6,69.2,0.8,5970,3017,67.6
2020-10-08,13203420,906224760,69.9,68.0,68.0,-1.2,6929,3017,69.9
2020-10-12,17181193,1192434341,70.0,68.0,69.8,1.8,9053,3017,68.2
2020-10-13,7754054,537776964,70.0,68.6,69.9,0.1,4580,3017,69.8
2020-10-14,35469951,2579801927,74.5,69.3,74.5,4.6,19894,3017,69.6
2020-10-15,34190940,2455216149,74.8,70.0,70.0,-4.5,18786,3017,74.0
2020-10-16,16135414,1112186252,70.8,67.8,68.1,-1.9,9487,3017,70.1
2020-10-19,10587101,738157200,70.5,68.3,70.4,2.3,6222,3017,68.9
2020-10-20,8091215,563126690,71.0,69.0,69.2,-1.2,4684,3017,70.4
2020-10-21,5321758,366781393,69.9,68.2,68.6,-0.6,3077,3017,69.8
2020-10-22,7673663,519299884,68.8,67.0,68.0,-0.6,4701,3017,68.7
2020-10-23,9897428,688473212,70.1,68.2,69.6,1.6,5867,3017,68.6
2020-10-26,20331274,1449436871,72.4,70.3,70.7,1.1,12021,3017,70.6
2020-10-27,9697843,681694310,71.3,69.4,70.1,-0.6,5710,3017,70.0
2020-10-28,9841866,675151652,70.5,67.9,68.1,-2.0,5819,3017,69.6
2020-10-29,10082921,673574824,68.5,65.3,68.0,-0.1,5904,3017,66.8
2020-10-30,7258718,488686219,68.8,66.2,67.3,-0.7,4268,3017,67.5
2020-11-02,5855476,388086408,67.7,65.8,66.1,-1.2,3430,3017,67.7
2020-11-03,4883432,327522160,67.6,66.2,67.3,1.2,2908,3017,66.7
2020-11-04,7079035,478061537,68.4,66.2,68.4,1.1,4116,3017,67.3
2020-11-05,9100528,628903296,69.7,68.0,69.0,0.6,4821,3017,68.4
2020-11-06,16775365,1170000401,71.5,67.7,68.0,-1.0,9380,3017,69.8
2020-11-09,32611115,2338771486,74.2,68.8,71.7,3.7,18113,3017,68.9
2020-11-10,26780277,1939087095,74.3,70.8,71.8,0.1,14959,3017,71.5
2020-11-11,27368326,1938007967,73.5,69.4,70.0,-1.8,14518,3017,72.1
2020-11-12,69346009,5203678043,77.0,70.7,77.0,7.0,32009,3017,71.2
2020-11-13,64769056,4947676380,78.4,74.8,74.9,-2.1,33820,3017,77.8
2020-11-16,39512932,3029615153,77.8,75.0,77.3,2.4,21482,3017,75.8
2020-11-17,27238183,2036872006,77.0,73.4,73.9,-3.4,16037,3017,76.6
2020-11-18,20861553,1571695485,76.4,73.5,75.6,1.7,12620,3017,73.5
2020-11-19,22809060,1752240397,77.7,75.5,77.0,1.4,13314,3017,75.6
2020-11-20,36219345,2815966839,79.9,76.3,76.5,-0.5,20682,3017,77.0
2020-11-23,12519302,960648615,77.5,75.7,77.2,0.7,7135,3017,76.1
2020-11-24,10783983,826769775,77.8,75.6,76.5,-0.7,6482,3017,77.0
2020-11-25,11683842,882927477,77.3,74.1,74.9,-1.6,6811,3017,77.0
2020-11-26,9056520,677179095,75.6,74.0,74.8,-0.1,5481,3017,75.3
2020-11-27,8443393,628458654,75.6,73.6,75.0,0.2,5180,3017,74.5
2020-11-30,6822578,507404138,75.5,73.9,73.9,-1.1,4045,3017,75.5
2020-12-01,11888512,861677758,74.5,71.8,72.5,-1.4,7285,3017,74.1
2020-12-02,11558155,840075164,74.2,72.0,72.2,-0.3,7519,3017,72.9
2020-12-03,8373042,598887479,72.4,70.8,71.9,-0.3,5167,3017,72.0
2020-12-04,8524388,608355892,72.7,70.8,71.0,-0.9,5150,3017,71.8
2020-12-07,9441944,669205797,72.2,70.2,70.7,-0.3,6405,3017,71.4
2020-12-08,9842077,705694832,72.7,70.3,72.7,2.0,6166,3017,70.9
2020-12-09,10978524,786096718,73.0,71.0,71.4,-1.3,6665,3017,72.7
2020-12-10,13953789,966995058,71.0,68.0,69.0,-2.4,8920,3017,70.8
2020-12-11,6851332,474260208,70.3,68.3,69.0,0.0,4396,3017,69.5
2020-12-14,4308001,298733738,70.1,68.3,69.4,0.4,2458,3017,69.0
2020-12-15,6896664,468271325,69.4,67.0,67.1,-2.3,4087,3017,69.4
2020-12-16,8093948,544651818,68.3,66.8,67.1,0.0,4555,3017,67.5
2020-12-17,6729320,455926447,68.5,67.0,68.1,1.0,4448,3017,67.3
2020-12-18,4785449,323683475,68.3,67.1,67.4,-0.7,3138,3017,67.5
2020-12-21,3605403,240251789,67.6,66.1,66.7,-0.7,2087,3017,67.1
2020-12-22,4831437,325252153,68.3,66.0,66.1,-0.6,3241,3017,66.8
2020-12-23,2801745,188251500,67.7,66.3,67.6,1.5,1818,3017,66.8
2020-12-24,4592848,314287774,68.9,67.9,68.6,1.0,2701,3017,68.2
2020-12-25,2887590,196000377,68.6,67.4,67.6,-1.0,1817,3017,68.4
2020-12-28,4683399,314137609,68.2,66.7,66.8,-0.8,3073,3017,68.0
2020-12-29,3711064,248906528,67.6,66.7,67.0,0.2,2024,3017,66.9
2020-12-30,4503616,299898771,67.6,66.1,66.5,-0.5,2915,3017,67.1
2020-12-31,4486371,296638303,67.0,65.6,66.1,-0.4,3035,3017,66.5
2021-01-04,17235229,1122718935,67.5,62.8,67.5,1.4,10000,3017,66.3
2021-01-05,9854918,646948412,66.7,65.0,65.7,-1.8,5256,3017,65.6
2021-01-06,9586822,625509717,67.0,64.0,64.3,-1.4,5230,3017,66.0
2021-01-07,5013755,327491083,65.9,64.7,65.4,1.1,2846,3017,64.7
2021-01-08,18679426,1261965810,68.8,65.6,67.9,2.5,11126,3017,65.6
2021-01-11,5618015,375169596,67.6,66.2,67.0,-0.9,3513,3017,67.6
2021-01-12,20237214,1387744458,69.8,66.6,68.1,1.1,12179,3017,66.8
2021-01-13,26344395,1856755803,72.0,67.7,71.0,2.9,15375,3017,68.0
2021-01-14,47984160,3578709170,76.0,72.0,75.5,4.5,26262,3017,73.1
2021-01-15,21778508,1622237480,76.5,72.7,74.7,-0.8,12485,3017,76.4
2021-01-18,18666387,1387706639,76.0,73.1,73.5,-1.2,10733,3017,75.4
2021-01-19,10513300,777498532,75.1,72.4,72.9,-0.6,6139,3017,74.4
2021-01-20,13761278,963378111,73.2,67.9,68.2,-4.7,7777,3017,72.5
2021-01-21,9705657,678733295,71.9,68.5,69.3,1.1,5760,3017,69.9
2021-01-22,5986874,415857723,70.4,68.2,70.2,0.9,3779,3017,68.7
2021-01-25,3874792,270126790,70.5,68.7,69.6,-0.6,2373,3017,69.5
2021-01-26,4284747,296739441,70.7,68.2,68.3,-1.3,2660,3017,70.4
2021-01-27,3500842,239989410,69.2,67.6,68.8,0.5,2192,3017,68.9
2021-01-28,8921155,594640120,67.8,66.0,66.1,-2.7,5015,3017,67.4
2021-01-29,4973883,332319698,67.8,65.7,65.9,-0.2,3248,3017,67.1
2021-02-01,4571163,296437115,66.2,63.8,65.2,-0.7,2628,3017,65.7
2021-02-02,4026273,264296040,66.6,64.8,65.9,0.7,2251,3017,65.5
2021-02-03,2751624,180776065,66.4,65.1,65.4,-0.5,1660,3017,65.9
2021-02-04,3356050,216736656,65.8,64.2,64.3,-1.1,2199,3017,65.0
2021-02-05,2745248,177107928,65.1,64.0,64.4,0.1,1630,3017,65.0
2021-02-17,4096788,272392870,67.3,65.3,66.9,2.5,2795,3017,65.7
2021-02-18,3460470,232796122,67.8,66.2,67.6,0.7,2209,3017,67.0
2021-02-19,4271980,292335394,69.0,67.4,68.3,0.7,2704,3017,67.7
2021-02-22,3553066,242754631,69.0,67.7,68.7,0.4,2423,3017,68.8
2021-02-23,3174389,215916980,68.6,67.6,68.2,-0.5,1938,3017,68.1
2021-02-24,3809400,256823725,68.5,66.8,66.8,-1.4,2315,3017,68.0
2021-02-25,2974833,199828701,68.2,66.6,66.9,0.1,1949,3017,67.6
2021-02-26,10267460,691343940,68.9,65.8,66.4,-0.5,5953,3017,66.0
2021-03-02,3901523,257877598,67.4,65.5,65.6,-0.8,2565,3017,67.3
2021-03-03,2789585,181744742,66.0,64.6,65.5,-0.1,1865,3017,65.8
2021-03-04,3744393,241689925,65.5,64.2,64.5,-1.0,2583,3017,65.0
2021-03-05,2939155,187395883,64.2,63.5,63.7,-0.8,2135,3017,63.5
2021-03-08,2940555,186884612,64.5,62.8,63.2,-0.5,1920,3017,64.4
2021-03-09,5744835,354226305,63.5,61.0,61.4,-1.8,3827,3017,62.8
2021-03-10,4166643,256348140,62.4,61.1,61.3,-0.1,2806,3017,62.2
2021-03-11,5383020,336042026,63.0,61.9,63.0,1.7,3171,3017,62.0
2021-03-12,4446923,284419867,64.6,63.2,64.2,1.2,2795,3017,64.5
2021-03-15,3080230,195774698,64.3,63.1,63.6,-0.6,2080,3017,64.2
2021-03-16,2635184,168188371,64.2,63.3,63.8,0.2,1760,3017,63.7
2021-03-17,3063840,197203350,64.8,63.8,64.4,0.6,1980,3017,64.1
2021-03-18,3424123,221825735,65.2,64.3,65.2,0.8,2217,3017,64.7
2021-03-19,2109432,136314613,65.0,64.3,64.8,-0.4,1355,3017,64.6
2021-03-22,3221681,210531914,65.9,64.4,65.5,0.7,2127,3017,65.0
2021-03-23,12210771,820030681,67.9,66.1,67.8,2.3,7112,3017,66.5
2021-03-24,8610269,575800574,68.0,66.2,66.2,-1.6,4991,3017,67.9
2021-03-25,6109181,409873963,67.6,66.4,67.2,1.0,3562,3017,66.8
2021-03-26,16591142,1068565807,68.2,66.8,67.2,0.0,4342,3017,67.8
2021-03-29,14874991,973351426,67.5,66.3,66.5,-0.7,3769,3017,67.2
2021-03-30,4665372,311609362,67.2,66.4,66.7,0.2,2571,3017,67.0
2021-03-31,10320405,697008635,68.4,66.3,68.2,1.5,6371,3017,67.0
2021-04-01,13772273,936128785,69.3,67.0,67.4,-0.8,6833,3017,69.0
2021-04-06,5074915,343263852,68.4,67.2,67.7,0.3,2965,3017,68.4
2021-04-07,10461536,716836702,69.4,67.5,68.9,1.2,5872,3017,67.9
2021-04-08,27568139,1975130031,73.0,69.4,72.4,3.5,15283,3017,69.4
2021-04-09,21786048,1541153077,73.6,69.2,69.5,-2.9,12371,3017,72.7
2021-04-12,6876491,474026369,70.6,68.3,68.7,-0.8,4348,3017,70.5
2021-04-13,7288266,508682130,70.8,68.9,69.1,0.4,4288,3017,69.3
2021-04-14,8712516,588485747,70.1,65.2,67.8,-1.3,4962,3017,70.0
2021-04-15,2399900,163874344,68.8,67.4,68.3,0.5,1599,3017,68.3
2021-04-16,3599419,245501001,68.9,67.8,68.4,0.1,1968,3017,68.7
2021-04-19,3935761,270460845,69.3,67.9,69.2,0.8,2611,3017,68.8
2021-04-20,5578796,388276712,70.5,68.5,69.9,0.7,3397,3017,69.0
2021-04-21,3786774,261829413,69.8,68.7,69.1,-0.8,2581,3017,69.6
2021-04-22,5920196,401202078,69.5,66.6,66.6,-2.5,3694,3017,69.4
2021-04-23,4693244,312510418,67.5,65.8,66.6,0.0,2988,3017,66.8
2021-04-26,13690250,948233605,70.1,67.1,69.6,3.0,6938,3017,67.2
2021-04-27,19604885,1393277600,72.3,69.8,70.5,0.9,10050,3017,69.8
2021-04-28,9440688,669343197,71.8,69.4,71.7,1.2,5085,3017,70.6
2021-04-29,10432796,741709828,72.5,70.2,71.2,-0.5,5204,3017,71.7
2021-05-03,12476734,876556011,72.2,68.0,68.1,-3.1,6562,3017,70.8
2021-05-04,9447677,626822401,69.8,64.0,67.6,-0.5,5132,3017,69.0
2021-05-05,15747007,1102357362,71.2,66.0,69.2,1.6,8680,3017,67.6
2021-05-06,13473115,942721328,71.5,68.0,69.3,0.1,6878,3017,69.5
2021-05-07,16580415,1165483820,71.8,69.1,69.9,0.6,7767,3017,69.9
2021-05-10,9951240,682161811,70.9,67.6,69.2,-0.7,4886,3017,70.5
2021-05-11,15577172,1008622119,68.0,62.4,63.8,-5.4,7907,3017,67.2
2021-05-12,15444982,917160412,64.3,57.5,57.6,-6.2,7440,3017,63.8
2021-05-13,10598169,601413400,60.4,52.5,58.3,0.7,5641,3017,54.9
2021-05-14,9383852,567801199,62.3,58.6,60.3,2.0,5095,3017,60.9
2021-05-17,8763871,506473932,60.6,55.3,57.0,-3.3,4743,3017,55.3
2021-05-18,7101988,431198942,62.3,58.1,61.7,4.7,3668,3017,58.1
2021-05-19,6553944,403351320,63.0,60.1,62.2,0.5,3804,3017,60.9
2021-05-20,3712212,228596371,62.6,60.7,60.9,-1.3,2231,3017,61.4
2021-05-21,9097061,581708277,65.4,62.0,64.9,4.0,5289,3017,62.0
2021-05-24,6907061,455066226,67.1,64.0,66.7,1.8,4449,3017,64.9
2021-05-25,11831126,805003626,69.2,66.5,68.0,1.3,6615,3017,67.1
2021-05-26,5102105,349016972,69.6,67.3,68.6,0.6,3271,3017,68.8
2021-05-27,15852147,1116852205,72.0,67.8,70.3,1.7,8266,3017,68.1
2021-05-28,11603873,829655341,72.3,70.4,71.6,1.3,6528,3017,71.0
2021-05-31,16673145,1220311459,74.7,72.0,73.4,1.8,8615,3017,72.5
2021-06-01,9808236,713883755,74.5,71.5,72.4,-1.0,5583,3017,74.5
2021-06-02,10094092,724180688,72.9,70.6,71.6,-0.8,5048,3017,72.1
2021-06-03,6081035,438758014,72.8,71.4,72.7,1.1,3146,3017,72.3
2021-06-04,7337486,523563763,73.2,70.2,70.3,-2.4,4014,3017,72.7
2021-06-07,19355672,1408776220,74.8,70.3,72.0,1.7,10154,3017,71.3
2021-06-08,68553576,5238424329,79.2,72.5,75.2,3.2,31662,3017,73.0
2021-06-09,43693878,3175355662,75.2,70.2,71.1,-4.1,23387,3017,74.0
2021-06-10,19476847,1382595659,72.3,69.2,71.6,0.5,11497,3017,70.8
2021-06-11,6782493,481893659,72.3,70.3,70.3,-1.3,4132,3017,71.5
2021-06-15,6805641,479140838,71.5,69.4,70.9,0.6,3853,3017,70.0
2021-06-16,5590693,395335514,71.6,69.7,69.9,-1.0,3255,3017,70.8
2021-06-17,6255961,437826086,71.0,68.8,70.7,0.8,3419,3017,69.6
2021-06-18,49121248,3687762795,77.5,70.8,77.2,6.5,24681,3017,71.4
2021-06-21,73104765,5797458113,82.8,74.8,82.0,4.8,40598,3017,76.7
2021-06-22,65085697,5446308748,86.5,80.2,82.0,0.0,35813,3017,83.3
2021-06-23,30332301,2494539161,84.7,79.9,82.0,0.0,15959,3017,83.4
2021-06-24,29108031,2432875496,85.4,82.0,82.3,0.3,16123,3017,83.4
2021-06-25,22524182,1821903193,83.4,79.0,80.7,-1.6,13203,3017,82.8
2021-06-28,24342393,1979355978,82.7,79.1,81.1,0.4,12749,3017,81.0
2021-06-29,20774383,1686551054,83.3,79.5,81.0,-0.1,10201,3017,83.0
2021-06-30,15620599,1260486198,82.6,79.2,80.7,-0.3,7974,3017,81.9
2021-07-01,12248820,984105124,81.6,79.5,79.5,-1.2,6737,3017,80.7
2021-07-02,18179979,1424346524,79.7,76.9,78.7,-0.8,9961,3017,79.5
2021-07-05,19795826,1585055347,81.8,78.8,79.0,0.3,10229,3017,80.0
2021-07-06,13733431,1071772298,79.2,77.3,77.6,-1.4,7689,3017,79.1
2021-07-07,34898724,2831531874,83.0,77.9,82.1,4.5,20845,3017,78.0
2021-07-08,32179597,2671277607,84.6,81.2,82.7,0.6,19102,3017,82.8
2021-07-09,14091771,1138842431,82.5,79.6,80.4,-2.3,9221,3017,81.4
2021-07-12,17570809,1386468248,80.7,78.0,79.0,-1.4,10746,3017,79.9
2021-07-13,19561893,1582662255,82.7,79.0,79.8,0.8,11717,3017,79.3
2021-07-14,9014103,723255846,81.4,79.0,80.5,0.7,5951,3017,79.6
2021-07-15,8703924,690828118,80.9,78.6,79.1,-1.4,5426,3017,80.6
2021-07-16,13118055,1041729446,80.4,78.5,79.3,0.2,5380,3017,78.7
2021-07-19,8811867,688317903,79.9,77.5,77.7,-1.6,6126,3017,79.2
2021-07-20,14968656,1122999613,76.5,73.4,75.3,-2.4,9320,3017,76.5
2021-07-21,8678152,657636830,77.3,74.6,74.6,-0.7,5389,3017,76.1
2021-07-22,5942695,448737036,76.6,74.9,75.0,0.4,3711,3017,75.5
2021-07-23,5815472,437874631,76.7,74.2,74.8,-0.2,3467,3017,75.5
2021-07-26,4484484,339870230,76.4,74.7,75.6,0.8,2706,3017,75.2
2021-07-27,5508543,414839922,76.6,74.2,75.1,-0.5,3202,3017,76.1
2021-07-28,7242053,532601538,75.6,71.5,74.8,-0.3,4351,3017,74.6
2021-07-29,3660927,272726764,75.4,73.9,74.9,0.1,2341,3017,75.0
2021-07-30,4174525,310176436,75.2,73.7,75.2,0.3,2597,3017,74.9
2021-08-02,4134027,307595229,75.4,73.8,75.0,-0.2,2242,3017,75.3
2021-08-03,10228340,787152022,78.0,74.0,77.7,2.7,6236,3017,75.1
2021-08-04,8548748,669756350,79.2,77.6,77.8,0.1,5442,3017,78.0
2021-08-05,5807981,445055205,78.2,75.8,76.8,-1.0,4284,3017,77.8
2021-08-06,10212831,799502025,79.5,76.3,79.4,2.6,5471,3017,76.9
2021-08-09,23525912,1839423130,80.8,75.6,76.8,-2.6,13965,3017,78.4
2021-08-10,20382571,1499450464,77.3,71.9,73.0,-3.8,12492,3017,76.8
2021-08-11,8345969,607156051,74.3,71.7,72.3,-0.7,5040,3017,73.4
2021-08-12,5906246,429165985,73.9,72.0,72.5,0.2,3838,3017,72.7
2021-08-13,5359629,383381883,73.2,70.6,71.0,-1.5,3421,3017,72.4
2021-08-16,11914946,816290369,71.3,67.2,69.5,-1.5,5926,3017,70.5
2021-08-17,5243289,358857446,70.3,67.4,67.8,-1.7,3190,3017,70.3
2021-08-18,6405687,442976404,70.9,66.8,70.7,2.9,3896,3017,67.4
2021-08-19,5181609,366322005,71.9,69.5,69.8,-0.9,3544,3017,70.2
2021-08-20,4134383,292981845,71.9,69.5,70.9,1.1,2504,3017,70.8
2021-08-23,4477072,322768063,72.5,71.2,72.4,1.5,2490,3017,72.1
2021-08-24,5242099,366372262,71.0,68.9,69.8,0.0,3073,3017,70.6
2021-08-25,4025960,283297943,70.8,69.8,70.5,0.7,2680,3017,70.2
2021-08-26,3499042,244608358,70.8,69.5,69.8,-0.7,2188,3017,70.6
2021-08-27,2961744,204760731,69.8,68.6,69.0,-0.8,1865,3017,69.7
2021-08-30,2071993,142982966,69.7,68.3,69.7,0.7,1419,3017,69.4
2021-08-31,1675969,116369281,69.9,69.0,69.5,-0.2,1175,3017,69.8
2021-09-01,16115825,1171932092,74.0,69.8,73.1,3.6,9563,3017,69.9
2021-09-02,13557448,1011236762,75.4,73.3,74.9,1.8,8082,3017,73.5
2021-09-03,17076713,1298277041,77.2,75.2,75.3,0.4,10366,3017,76.0
2021-09-06,13241627,1012236737,77.3,74.7,76.4,1.1,7431,3017,75.7
2021-09-07,20953448,1606820613,78.9,75.1,76.6,0.2,12423,3017,77.5
2021-09-08,9550635,710517117,76.1,73.1,73.5,-3.1,5902,3017,75.1
2021-09-09,5198558,388756239,75.7,73.1,75.1,1.6,3178,3017,73.3
2021-09-10,9153012,692069853,77.0,74.5,75.3,0.2,5313,3017,76.3
2021-09-13,3746230,281041817,76.3,74.2,74.3,-1.0,2467,3017,75.7
2021-09-14,2939591,220254641,75.5,74.2,74.7,0.4,1968,3017,75.1
2021-09-15,3425324,253796637,75.0,73.0,73.9,-0.8,2350,3017,74.7
2021-09-16,8212428,622197394,76.7,74.4,76.3,2.4,4773,3017,74.8
2021-09-17,23048714,1796824237,79.0,76.2,78.8,2.5,14498,3017,76.3
2021-09-22,28306791,2245705304,80.4,76.8,79.8,1.0,17627,3017,77.0
2021-09-23,38620663,3151480790,83.3,79.4,83.3,3.5,21549,3017,79.5
2021-09-24,41738123,3488516871,85.4,81.6,83.7,0.4,25013,3017,84.4
2021-09-27,20629729,1739157070,85.5,83.1,84.3,0.6,12183,3017,83.8
2021-09-28,32930760,2678554198,85.3,79.0,79.8,-4.5,19832,3017,84.0
2021-09-29,14953985,1186681504,80.7,78.1,79.0,-0.8,8931,3017,78.1
2021-09-30,12124010,955207364,79.6,77.4,79.2,0.2,7465,3017,79.0
2021-10-01,19332054,1454277623,78.2,72.5,73.6,-5.6,11523,3017,78.2
2021-10-04,11616773,866250682,75.7,73.2,73.6,0.0,6766,3017,74.9
2021-10-05,11975012,887595627,75.6,71.5,75.6,2.0,6430,3017,71.7
2021-10-06,8308300,620440570,76.3,73.2,73.8,-1.8,5199,3017,76.0
2021-10-07,8018423,610770881,77.0,74.7,76.5,2.7,4942,3017,74.9
2021-10-08,4799941,364847034,77.0,75.0,75.9,-0.6,3100,3017,76.5
2021-10-12,5639149,417448474,75.7,73.0,73.0,-2.9,3655,3017,75.6
2021-10-13,9201200,670610481,75.0,71.2,71.8,-1.2,5999,3017,74.4
2021-10-14,4764914,342401263,72.9,71.4,71.4,-0.4,3120,3017,72.9
2021-10-15,3343363,243977550,73.5,72.5,72.9,1.5,2400,3017,73.0
2021-10-18,2973647,217174106,73.9,72.3,73.1,0.2,1843,3017,73.6
2021-10-19,5919884,444109583,75.6,73.7,75.6,2.5,4020,3017,74.2
2021-10-20,4388962,331225697,76.2,74.9,75.5,-0.1,2822,3017,75.6
2021-10-21,16125652,1252775856,79.3,75.8,77.3,1.8,9910,3017,75.8
2021-10-22,72963671,6079966861,85.0,78.7,85.0,7.7,33467,3017,79.0
2021-10-25,52401389,4439138956,86.5,82.7,84.3,-0.7,30682,3017,85.3
2021-10-26,25563308,2085937224,83.6,80.5,82.1,-2.2,14786,3017,83.2
2021-10-27,20351694,1652207929,82.9,79.5,82.1,0.0,11572,3017,82.1
2021-10-28,20640837,1699713086,83.9,80.9,81.0,-1.1,11931,3017,82.4
2021-10-29,13254369,1088947813,83.2,80.4,82.9,1.9,7570,3017,81.2
2021-11-01,12710858,1050340208,83.8,81.8,82.2,-0.7,8622,3017,82.9
2021-11-02,18661998,1526018586,84.6,79.6,80.2,-2.0,12143,3017,82.7
2021-11-03,6371019,514512428,81.6,79.5,81.3,1.1,4540,3017,80.1
2021-11-04,5151833,414981010,81.9,80.1,80.1,-1.2,3702,3017,81.3
2021-11-05,6901116,551609621,80.9,78.6,80.9,0.8,4249,3017,80.7
2021-11-08,3876700,311137361,81.3,79.5,80.4,-0.5,2561,3017,81.1
2021-11-09,47488063,4082442673,88.0,81.5,87.5,7.1,25642,3017,81.9
2021-11-10,27552498,2414441258,88.7,85.5,88.4,0.9,15206,3017,87.2
2021-11-11,25611106,2289665026,91.6,86.8,89.4,1.0,16532,3017,87.8
2021-11-12,35196116,2937524553,88.3,81.0,81.5,-7.9,21582,3017,87.3
2021-11-15,14686451,1195903321,82.9,80.6,81.2,-0.3,9035,3017,81.5
2021-11-16,6798092,554572986,82.3,80.8,82.0,0.8,4302,3017,81.1
2021-11-17,6051490,497307199,82.8,81.1,82.5,0.5,3866,3017,81.8
2021-11-18,13271145,1116372876,85.1,82.7,83.5,1.0,8698,3017,82.9
2021-11-19,30712372,2685056597,89.5,84.2,87.6,4.1,19044,3017,84.3
2021-11-22,33158651,2950818545,92.3,86.3,88.4,0.8,23949,3017,89.1
2021-11-23,25403613,2273723595,91.8,86.8,89.5,1.1,16131,3017,87.8
2021-11-24,16523615,1461832993,90.9,86.8,87.3,-2.2,12289,3017,90.0
2021-11-25,10050859,864749608,87.6,85.1,85.8,-1.5,7368,3017,87.5
2021-11-26,7807749,664125431,86.6,84.0,85.4,-0.4,4843,3017,84.9
2021-11-29,10454172,888909725,87.1,82.4,86.5,1.1,6584,3017,83.6
2021-11-30,10485616,924984072,89.2,87.1,88.4,1.9,6728,3017,87.2
2021-12-01,9711063,861268767,89.8,87.2,88.5,0.1,6081,3017,87.7
2021-12-02,7015334,610257222,88.4,86.0,86.0,-2.5,4911,3017,87.9
2021-12-03,7121566,627127374,88.7,86.8,87.7,1.7,4356,3017,86.9
2021-12-06,7157128,634796535,89.5,87.3,89.2,1.5,5312,3017,88.1
2021-12-07,6030426,532152990,89.6,87.5,87.6,-1.6,4796,3017,89.1
2021-12-08,6807725,605491563,89.6,87.9,89.3,1.7,4170,3017,88.4
2021-12-09,46937949,4328626352,96.4,88.4,88.7,-0.6,30467,3017,90.8
2021-12-10,9937813,876494935,90.2,87.1,87.8,-0.9,8994,3017,88.9
2021-12-13,5315593,469368041,89.4,87.2,89.1,1.3,3724,3017,87.5
2021-12-14,4686571,409362366,88.9,86.6,87.0,-2.1,3554,3017,88.6
2021-12-15,4146305,359511732,87.4,85.8,86.7,-0.3,2735,3017,86.6
2021-12-16,6249464,553672853,89.5,87.5,89.2,2.5,4366,3017,88.0
2021-12-17,3961987,346963834,88.8,86.8,86.9,-2.3,3623,3017,88.5
2021-12-20,5012428,429071027,86.9,85.0,85.1,-1.8,3606,3017,86.0
2021-12-21,3309109,283740208,86.7,84.2,86.0,0.9,2292,3017,85.1
2021-12-22,2167835,188032513,87.2,86.2,87.1,1.1,1673,3017,86.2
2021-12-23,3510557,306922480,88.3,86.8,87.0,-0.1,2806,3017,87.6
2021-12-24,3644171,320807050,88.6,87.4,87.7,0.7,2593,3017,87.7
2021-12-27,1499313,131550499,88.4,87.2,87.5,-0.2,1669,3017,88.0
2021-12-28,2205655,194393886,88.5,87.7,87.7,0.2,2150,3017,88.0
2021-12-29,3995724,353314756,89.2,87.5,88.7,1.0,2759,3017,87.9
2021-12-30,2137479,188913014,89.1,87.8,88.2,-0.5,2090,3017,89.1
2022-01-03,7571385,678897316,90.6,88.6,89.0,0.8,5607,3017,88.8
2022-01-04,6583598,589715061,90.7,88.4,88.8,-0.2,6486,3017,89.7
2022-01-05,6599612,592334420,90.4,88.4,90.2,1.4,3745,3017,89.0
2022-01-06,6628406,585714330,89.5,87.1,89.5,-0.7,5582,3017,89.0
2022-01-07,6097588,531244601,89.5,86.1,86.3,-3.2,5523,3017,89.5
2022-01-10,2658490,231804143,87.9,85.7,87.4,1.1,1758,3017,86.1
2022-01-11,3358483,294695544,88.5,86.7,86.9,-0.5,2808,3017,87.4
2022-01-12,2337026,202525671,87.8,85.8,87.0,0.1,2188,3017,87.6
2022-01-13,1861912,160826023,87.6,85.8,86.1,-0.9,1762,3017,87.5
2022-01-14,7893993,656829347,86.1,81.3,83.9,-2.2,8303,3017,86.1
2022-01-17,9875350,867592506,89.2,84.2,89.2,5.3,6291,3017,84.2
2022-01-18,21387298,1948923329,93.2,88.2,91.2,2.0,14194,3017,88.2
2022-01-19,29566208,2781460057,95.8,90.5,95.7,4.5,18197,3017,91.1
2022-01-20,39745347,3838170979,99.6,93.4,98.0,2.3,27357,3017,96.0
2022-01-21,51902321,5160819939,102.0,96.0,99.2,1.2,31065,3017,96.1
2022-01-24,33123121,3205354137,101.0,94.0,95.0,-4.2,21315,3017,98.5
2022-01-25,20588305,1936857717,96.5,92.0,92.3,-2.7,11612,3017,95.0
2022-01-26,12386077,1140093405,92.9,90.6,92.8,0.5,9702,3017,91.6
2022-02-07,20857286,1957985305,96.2,90.9,95.4,2.6,14146,3017,93.0
2022-02-08,23268457,2300623110,102.0,94.2,101.5,6.1,16583,3017,94.2
2022-02-09,22519985,2338328696,106.0,101.5,106.0,4.5,14153,3017,102.5
2022-02-10,11832899,1233787295,106.5,101.5,104.0,-2.0,9062,3017,105.0
2022-02-11,23804442,2543673515,109.5,103.5,106.0,2.0,15280,3017,104.0
2022-02-14,12821193,1357218422,107.5,103.5,105.5,-0.5,7695,3017,104.0
2022-02-15,11619359,1215118905,107.5,102.0,103.0,-2.5,7514,3017,105.5
2022-02-16,8367226,869173010,106.0,102.0,103.0,0.0,5768,3017,105.5
2022-02-17,30328560,3368347847,113.0,104.5,112.5,9.5,13276,3017,105.0
2022-02-18,25378768,2836385912,116.0,109.0,114.0,1.5,13265,3017,110.5
2022-02-21,17259465,1912623449,114.5,108.0,110.0,-4.0,9361,3017,114.0
2022-02-22,25835593,2855969505,114.0,106.5,110.0,0.0,13722,3017,108.5
2022-02-23,38803513,4452513365,118.5,112.0,114.5,4.5,22748,3017,113.0
2022-02-24,21922812,2483381783,115.5,110.0,113.0,-1.5,13084,3017,111.0
2022-02-25,19318603,2170767465,116.5,110.0,110.0,-3.0,10427,3017,116.0
2022-03-01,10467699,1164107642,113.5,109.0,111.0,1.0,6929,3017,111.0
2022-03-02,16120011,1763428943,114.0,106.5,108.5,-2.5,10753,3017,111.5
2022-03-03,14424634,1603890278,115.5,107.5,112.0,3.5,8936,3017,109.0
2022-03-04,19572352,2236554558,116.5,110.5,113.0,1.0,12734,3017,111.0
2022-03-07,14584225,1567680956,112.5,104.5,105.5,-7.5,9646,3017,112.0
2022-03-08,23802940,2569672149,112.5,102.5,105.5,0.0,16662,3017,102.5
2022-03-09,30543093,3433968762,116.0,107.0,116.0,10.5,15753,3017,108.5
2022-03-10,48218921,5809371493,125.0,117.0,119.5,3.5,34080,3017,121.5
2022-03-11,31126162,3793347676,124.5,118.5,122.5,3.0,22020,3017,120.0
2022-03-14,20626978,2478730645,124.5,116.0,117.0,-5.5,15911,3017,123.5
2022-03-15,26475598,2925958278,116.0,105.5,106.0,-11.0,15341,3017,115.5
2022-03-16,23658706,2516222352,109.5,103.5,106.0,0.0,13947,3017,109.5
2022-03-17,18959289,2019439891,108.5,105.0,106.5,0.5,9856,3017,108.0
2022-03-18,31535800,3408661361,112.0,103.0,110.0,3.5,17127,3017,106.5
2022-03-21,40707635,4525905503,115.0,106.5,112.5,2.5,22854,3017,112.0
2022-03-22,45070987,5248200912,118.0,113.5,118.0,5.5,26578,3017,114.0
2022-03-23,37435427,4380331773,121.5,114.0,115.0,-3.0,27790,3017,119.5
2022-03-24,12732171,1434003576,115.5,111.0,111.5,-3.5,8715,3017,114.5
2022-03-25,29991067,3421257087,117.0,108.5,117.0,5.5,18303,3017,112.0
2022-03-28,24667408,2895413388,119.0,114.0,119.0,2.0,13818,3017,115.0
2022-03-29,20075014,2376783718,121.5,116.0,116.5,-2.5,11271,3017,121.0
2022-03-30,63066384,7673943614,127.5,117.0,117.0,0.5,37089,3017,119.0
2022-03-31,20102325,2381549150,121.0,116.0,116.5,-0.5,14449,3017,118.0
2022-04-01,11757642,1343606710,116.0,113.0,114.5,-2.0,9930,3017,115.0
2022-04-06,7411895,839437614,115.5,111.5,113.0,-1.5,6443,3017,112.0
2022-04-07,11497647,1304255424,116.0,111.0,111.0,-2.0,9427,3017,112.0
2022-04-08,10395399,1166348807,115.0,110.0,112.0,1.0,7629,3017,112.5
2022-04-11,17062270,1822203147,112.0,104.0,106.5,-5.5,10393,3017,110.5
2022-04-12,8429407,904491191,111.0,105.0,105.5,-1.0,6247,3017,107.0
2022-04-13,4692891,496307851,108.0,104.5,105.5,0.0,4866,3017,108.0
2022-04-14,5738347,617992308,109.0,105.0,108.0,2.5,4450,3017,107.0
2022-04-15,8546900,907978932,109.5,104.0,104.5,-3.5,5838,3017,107.5
2022-04-18,4285131,448971479,107.0,103.5,103.5,-1.0,2870,3017,105.0
2022-04-19,18827916,2035717452,112.5,105.0,106.0,2.5,11586,3017,105.0
2022-04-20,9676336,1045926217,110.0,106.5,107.5,1.5,6131,3017,108.0
2022-04-21,16124959,1804553792,114.0,108.5,113.5,6.0,9677,3017,109.5
2022-04-22,9723476,1063286375,112.0,107.0,107.0,-6.5,7670,3017,111.5
2022-04-25,11193355,1171931523,107.0,103.0,105.0,-2.0,6798,3017,104.0
2022-04-26,6940473,732380656,109.0,103.0,103.0,-2.0,4760,3017,107.5
2022-04-27,8112523,823289825,104.5,98.4,104.0,1.0,5728,3017,98.5
2022-04-28,5800134,598195852,105.0,101.0,103.5,-0.5,3798,3017,104.0
2022-04-29,5204560,551110927,107.5,104.5,104.5,1.0,3048,3017,105.5
2022-05-03,5949426,633488581,109.0,104.5,106.0,1.5,3935,3017,105.0
2022-05-04,4686808,493907903,107.0,104.0,105.0,-1.0,3781,3017,107.0
2022-05-05,7916531,858185680,110.0,107.0,108.0,3.0,4897,3017,108.0
2022-05-06,3821631,402004009,106.5,104.0,105.5,-2.5,2185,3017,105.0
2022-05-09,6578062,670531916,105.0,100.5,101.0,-4.5,3877,3017,104.5
2022-05-10,8871049,922066537,107.0,100.0,105.5,4.5,4999,3017,100.0
2022-05-11,7229012,754641461,107.0,102.5,103.5,-2.0,4285,3017,106.0
2022-05-12,4237453,435412399,104.5,101.5,102.0,-1.5,2693,3017,102.5
2022-05-13,4094797,427722424,105.5,103.5,105.0,3.0,2513,3017,103.5
2022-05-16,3412650,360553699,107.5,103.5,104.5,-0.5,2318,3017,106.5
2022-05-17,3016821,317538563,106.5,104.5,105.0,0.5,2077,3017,105.0
2022-05-18,9929234,1080105655,110.0,106.0,109.0,4.0,6930,3017,106.0
2022-05-19,6709227,729130262,111.0,105.5,111.0,2.0,4354,3017,105.5
2022-05-20,10039473,1113966544,113.5,108.5,109.5,-1.5,6685,3017,111.5
2022-05-23,7905160,881101570,113.0,108.5,112.0,2.5,5065,3017,110.0
2022-05-24,27016157,3051933929,116.0,108.5,109.0,-3.0,18400,3017,113.5
2022-05-25,35144572,4093595440,119.0,110.5,118.0,9.0,20610,3017,111.0
2022-05-26,32567593,3839329450,121.5,115.0,117.0,-1.0,21385,3017,118.5
2022-05-27,18249069,2109890177,119.5,113.0,113.5,-3.5,12007,3017,119.0
2022-05-30,8576658,980313432,115.5,113.0,114.5,1.0,5585,3017,115.0
2022-05-31,7522705,848655872,115.0,111.0,113.0,-1.5,4970,3017,114.5
2022-06-01,6714986,758513281,114.5,111.5,112.5,-0.5,4355,3017,113.0
2022-06-02,4322309,488650547,114.0,112.0,112.0,-0.5,3104,3017,112.0
2022-06-06,6517118,722570883,112.5,110.0,111.0,-1.0,5032,3017,112.0
2022-06-07,15896774,1699829134,109.5,105.5,108.0,-3.0,10463,3017,109.5
2022-06-08,5446230,585253620,108.5,106.5,107.5,-0.5,3565,3017,108.0
2022-06-09,6980499,735300772,107.5,104.0,105.0,-2.5,5468,3017,107.5
2022-06-10,5496965,574097384,105.0,103.5,105.0,0.0,3567,3017,104.5
2022-06-13,5662124,585920959,106.0,101.5,106.0,1.0,3507,3017,103.0
2022-06-14,8803171,935457027,108.5,103.5,108.0,2.0,5833,3017,105.0
2022-06-15,5422560,580924480,109.0,105.5,106.0,-2.0,3749,3017,108.0
2022-06-16,8661222,927796046,109.5,103.5,103.5,-2.5,5789,3017,108.0
2022-06-17,7111058,736918215,106.0,102.0,103.0,-0.5,4762,3017,103.5
2022-06-20,10239448,1024844569,103.0,98.0,98.0,-5.0,6506,3017,103.0
2022-06-21,14569903,1411116011,100.5,93.6,98.1,0.1,9968,3017,99.9
2022-06-22,8833430,836649184,99.3,92.4,92.6,-5.5,6818,3017,98.6
2022-06-23,7050910,661824444,95.3,92.2,93.9,1.3,6340,3017,92.7
2022-06-24,3680172,349201722,95.6,93.7,95.4,1.5,3207,3017,94.3
2022-06-27,7303515,725339153,101.5,96.0,99.9,4.5,5820,3017,96.9
2022-06-28,5011119,497822084,101.5,97.9,98.6,-1.3,4336,3017,100.0
2022-06-29,3338986,323841299,98.3,96.1,97.1,-1.5,2797,3017,97.3
2022-06-30,5542671,519183746,96.5,92.5,93.1,-4.0,3576,3017,96.2
2022-07-01,12837489,1149053601,94.1,86.6,86.9,-6.2,8379,3017,92.7
2022-07-04,9919606,853681778,88.5,84.5,85.3,-1.6,6344,3017,87.2
2022-07-05,4936409,424528269,87.8,84.0,87.2,1.9,3717,3017,87.0
2022-07-06,11768677,988624322,87.3,82.6,82.6,-4.6,6656,3017,87.2
2022-07-07,14891686,1256830481,88.0,79.9,87.4,4.8,9735,3017,83.0
2022-07-08,10789155,1020110323,96.1,91.5,96.1,8.7,5633,3017,92.0
2022-07-11,16985582,1663805914,99.7,95.0,98.4,2.3,11919,3017,97.2
2022-07-12,9971479,958737539,97.7,93.9,96.0,-2.4,7045,3017,96.2
2022-07-13,13018298,1281883699,101.0,96.5,96.8,0.8,9092,3017,99.1
2022-07-14,9273089,924426801,101.0,96.4,101.0,4.2,5906,3017,97.0
2022-07-15,7140305,720580702,102.5,99.0,101.0,0.0,4988,3017,101.0
2022-07-18,9725782,1004195961,105.0,101.0,104.0,3.0,6977,3017,102.5
2022-07-19,7867197,822056098,106.5,101.5,105.0,1.0,4688,3017,102.0
2022-07-20,6801739,719361556,108.5,104.0,105.0,0.0,5038,3017,108.0
2022-07-21,8363268,870384411,106.0,102.5,105.5,0.5,5276,3017,104.0
2022-07-22,4440212,464263653,107.0,103.5,104.5,-1.0,2666,3017,104.0
2022-07-25,23341632,2575652999,114.0,103.5,112.5,8.0,12407,3017,104.0
2022-07-26,16904487,1915688026,114.5,110.5,114.0,1.5,9797,3017,111.5
2022-07-27,10874351,1247498005,116.0,113.0,116.0,2.0,7390,3017,113.5
2022-07-28,16608908,1930932191,119.0,113.0,117.0,1.0,11631,3017,117.5
2022-07-29,8066345,951253589,119.5,116.5,118.0,1.0,5031,3017,117.0
2022-08-01,8396892,977866923,119.5,114.5,115.5,-2.5,6368,3017,118.0
2022-08-02,5345992,610030896,115.5,112.5,115.0,-0.5,3518,3017,112.5
2022-08-03,4106732,469899668,115.5,113.0,115.0,0.0,3202,3017,114.0
2022-08-04,10375431,1164678735,114.5,110.5,113.0,-2.0,7279,3017,114.0
2022-08-05,13324283,1489388733,114.5,109.5,112.5,-0.5,8750,3017,113.5
2022-08-08,13767075,1603712380,119.5,112.0,118.0,5.5,8150,3017,112.0
2022-08-09,13638203,1624942758,121.0,116.0,119.0,1.0,7797,3017,117.0
2022-08-10,24279667,2778665501,119.0,112.0,112.5,-6.5,15385,3017,116.0
2022-08-11,10755900,1223229807,115.5,112.5,114.5,2.0,4624,3017,114.0
2022-08-12,5998934,695040976,117.5,113.0,117.5,3.0,3516,3017,114.0
2022-08-15,9347791,1099905776,120.5,116.5,119.5,2.0,4861,3017,118.5
2022-08-16,7169919,860041749,122.0,118.0,119.0,-0.5,4860,3017,119.5
2022-08-17,2963041,352550798,120.0,118.0,119.0,0.0,2100,3017,119.5
2022-08-18,4877772,581763114,120.5,118.5,119.5,0.5,3322,3017,119.0
2022-08-19,13354505,1577889630,122.5,115.0,117.0,-2.5,8287,3017,120.0
2022-08-22,3791910,443313468,118.5,114.0,117.0,0.0,2230,3017,116.0
2022-08-23,2109124,247380809,118.0,116.0,117.5,0.5,1274,3017,117.0
2022-08-24,2820612,331021915,118.5,117.0,117.0,-0.5,1733,3017,118.5
2022-08-25,6753477,767696878,117.0,112.0,112.0,0.0,4544,3017,115.5
2022-08-26,4110630,460903066,114.0,110.0,113.0,1.0,2975,3017,113.5
2022-08-29,4611097,498157217,109.5,107.0,108.0,-5.0,3106,3017,109.5
2022-08-30,5459782,589515494,110.5,107.0,107.5,-0.5,3344,3017,109.0
2022-08-31,3233764,349517857,109.0,107.0,108.5,1.0,2144,3017,108.0
2022-09-01,3907794,413890751,108.0,104.5,105.5,-3.0,2776,3017,107.5
2022-09-02,1965727,208062187,107.0,105.0,105.5,0.0,1424,3017,105.5
2022-09-05,2819850,293729905,107.0,102.5,103.5,-2.0,1713,3017,107.0
2022-09-06,3130880,321112701,104.5,101.0,102.0,-1.5,1935,3017,104.5
2022-09-07,5515458,578450673,107.5,100.0,105.5,3.5,3660,3017,100.5
2022-09-08,8204780,878773902,109.0,104.5,107.5,2.0,5495,3017,106.5
2022-09-12,7065444,790927601,114.0,109.0,112.0,4.5,4863,3017,110.0
2022-09-13,7229468,824182657,116.0,112.0,113.0,1.0,5092,3017,115.0
2022-09-14,5787147,647901987,114.0,108.0,113.5,0.5,4142,3017,109.0
2022-09-15,3812358,433943678,115.5,113.0,113.5,0.0,2708,3017,114.0
2022-09-16,4161106,473607977,115.0,113.0,113.5,0.0,2497,3017,114.0
2022-09-19,2752958,312150241,114.5,112.5,113.5,0.0,1589,3017,114.0
2022-09-20,8337752,969217947,117.5,114.0,117.0,3.5,5199,3017,115.0
2022-09-21,5893995,689403244,118.5,115.5,116.0,-1.0,3875,3017,116.5
2022-09-22,3227478,371595812,117.0,114.0,115.0,-1.0,2508,3017,114.5
2022-09-23,4585725,533474185,117.5,115.0,115.5,0.5,2855,3017,115.5
2022-09-26,4799844,540137300,115.0,110.5,111.0,-4.5,3681,3017,114.5
2022-09-27,5506473,628953843,116.0,111.0,116.0,5.0,3601,3017,113.0
2022-09-28,6716122,750651579,116.0,109.0,109.0,-7.0,4300,3017,115.5
2022-09-29,5519520,609233069,113.5,108.0,108.0,-1.0,3427,3017,112.0
2022-09-30,5350757,581535165,111.5,105.0,111.5,3.5,3182,3017,106.0
2022-10-03,4964777,538480925,111.0,106.5,108.0,-3.5,3288,3017,109.0
2022-10-04,5586346,627179918,114.5,110.5,114.0,6.0,3573,3017,110.5
2022-10-05,18525095,2219094646,122.0,114.5,119.5,5.5,10913,3017,116.0
2022-10-06,16598845,1915940244,121.5,112.0,116.0,-3.5,10353,3017,121.0
2022-10-07,10557764,1185059923,116.0,110.0,110.5,-5.5,6609,3017,115.5
2022-10-11,8103671,853905960,108.0,103.5,104.0,-6.5,5037,3017,107.5
2022-10-12,10406970,1095513451,108.5,101.0,107.0,3.0,6093,3017,103.0
2022-10-13,8023761,844488167,109.5,102.0,103.5,-3.5,4760,3017,105.5
2022-10-14,6133365,654650266,108.5,104.5,105.0,1.5,4018,3017,107.0
2022-10-17,8873742,891181342,103.0,98.9,101.5,-3.5,5413,3017,102.5
2022-10-18,7550215,768726780,105.5,99.7,101.5,0.0,4902,3017,103.0
2022-10-19,5797284,591811535,104.5,100.0,100.5,-1.0,3667,3017,102.0
2022-10-20,7296168,719936274,100.5,96.8,98.8,-1.7,4817,3017,99.5
2022-10-21,6893978,665503939,98.5,95.0,95.4,-3.4,5147,3017,98.0
2022-10-24,4715783,460566244,98.8,95.8,96.3,0.9,3494,3017,98.2
2022-10-25,7292964,688614864,96.7,92.2,94.5,-1.8,5775,3017,96.7
2022-10-26,4779580,447836636,95.1,92.5,93.6,-0.9,3912,3017,95.1
2022-10-27,9227709,908771836,101.0,93.3,99.9,6.3,6416,3017,93.6
2022-10-28,8476161,861982145,103.0,98.5,101.0,1.1,5856,3017,99.2
2022-10-31,4782701,491937458,104.5,101.5,102.0,1.0,3905,3017,104.0
2022-12-01,5363265,614592385,116.0,113.5,114.5,1.5,3408,3017,114.0
2022-12-02,5184896,600945260,117.5,114.0,115.5,1.0,3166,3017,114.5
2022-12-05,33364099,4165728073,127.0,116.5,127.0,11.5,12906,3017,117.0
2022-12-06,21286658,2678753634,128.5,122.5,124.0,-3.0,10878,3017,127.5
2022-12-07,20674124,2399559784,124.5,112.0,112.5,-11.5,11899,3017,124.0
2022-12-08,6396874,719016429,113.5,110.5,113.5,1.0,4051,3017,111.5
2022-12-09,5599437,641237278,115.5,112.5,115.5,2.0,4094,3017,115.0
2022-12-12,6186903,707563012,117.0,113.0,114.5,-1.0,4169,3017,116.0
2022-12-13,3565967,408901314,116.0,113.5,114.0,-0.5,2569,3017,115.0
2022-12-14,4054899,468687429,116.5,114.0,116.0,2.0,2526,3017,114.0
2022-12-15,3932421,460236212,118.0,116.0,116.5,0.5,2751,3017,116.0
2022-12-16,8021216,926477168,117.0,114.0,115.0,-1.5,3791,3017,115.5
2022-12-19,8734959,976487090,114.5,110.0,112.0,-3.0,4446,3017,114.5
2022-12-20,7343132,820957292,114.0,110.0,111.5,-0.5,3513,3017,112.0
2022-12-21,7099670,777435724,112.0,108.5,109.0,-2.5,3279,3017,111.5
2022-12-22,5948275,665865509,113.0,109.5,113.0,4.0,2666,3017,111.0
2022-12-23,2014731,223326292,112.0,110.0,111.0,-2.0,1468,3017,110.5
2022-12-26,1462087,161623054,111.5,109.5,111.5,0.5,1115,3017,111.5
2022-12-27,1329881,149064263,113.0,111.5,112.0,0.5,996,3017,112.5
2022-12-28,1735209,189567757,111.0,108.5,108.5,-3.5,1340,3017,111.0
2022-12-29,1625782,177474017,111.0,107.0,110.0,1.5,1275,3017,107.5
2022-12-30,1838419,205449164,112.5,110.5,112.0,2.0,1386,3017,111.5
2023-01-03,1087634,122244503,113.5,110.5,112.5,0.5,958,3017,111.0
2023-01-04,953867,107264796,113.5,111.5,112.0,-0.5,809,3017,112.5
2023-01-05,3011990,330920026,113.5,108.0,108.5,-3.5,2338,3017,113.0
2023-01-06,4081880,436636274,108.5,106.0,107.5,-1.0,2870,3017,108.0
2023-01-09,3612588,396023704,111.0,108.0,110.5,3.0,2208,3017,108.5
2023-01-10,2117150,231611877,111.0,108.0,109.5,-1.0,2023,3017,110.0
2023-01-11,1240161,136565643,111.0,109.0,110.5,1.0,903,3017,109.5
2023-01-12,1330419,146004227,111.0,109.0,109.5,-1.0,870,3017,110.5
2023-01-13,1751373,188969829,110.5,107.0,107.0,-2.5,1331,3017,110.5
2023-01-16,2343835,250675644,108.5,106.0,107.5,0.5,1919,3017,108.0
2023-01-17,1403358,151148530,108.5,107.0,108.5,1.0,925,3017,107.5
2023-01-30,2817113,308051817,110.5,108.5,109.5,1.0,2040,3017,110.0
2023-01-31,6156942,658187250,110.0,105.5,106.0,-3.5,4753,3017,109.0
2023-02-01,10937107,1155015150,108.0,103.0,107.5,1.5,8510,3017,106.5
2023-02-02,9847993,1078529435,112.0,107.5,112.0,4.5,6839,3017,108.0
2023-02-03,5681949,638725184,114.0,111.0,112.0,0.0,4108,3017,111.5
2023-02-06,7947915,871687803,112.0,107.0,111.5,-0.5,5790,3017,109.0
2023-02-07,3356369,370017561,111.5,109.0,110.5,-1.0,2511,3017,109.5
2023-02-08,7926333,906007986,116.0,111.0,115.0,4.5,5888,3017,112.0
2023-02-09,7747731,901142805,117.5,115.0,116.0,1.0,5794,3017,115.0
2023-02-10,8025132,932767836,118.5,114.0,115.5,-0.5,4587,3017,116.5
2023-02-13,5476384,637367989,117.5,114.0,117.5,2.0,3120,3017,115.5
2023-02-14,4299410,501274757,118.5,115.0,115.5,-2.0,3111,3017,118.5
2023-02-15,4751711,548400859,117.0,114.0,115.0,-0.5,3674,3017,116.0
2023-02-16,4937528,577875781,118.5,115.0,117.5,2.5,2989,3017,115.5
2023-02-17,4748527,549682612,117.5,114.5,114.5,0.0,4334,3017,116.0
2023-02-20,3760339,429757719,115.5,112.5,114.5,0.0,2577,3017,114.5
2023-02-21,4000005,458148811,116.5,113.5,115.0,0.5,2343,3017,114.5
2023-02-22,4160804,471093720,115.0,111.5,115.0,0.0,2789,3017,114.0
2023-02-23,3154234,366866011,117.0,115.5,116.5,1.5,2325,3017,115.5
2023-02-24,25175276,3067788791,127.0,117.5,120.5,4.0,14457,3017,118.0
2023-03-01,8989612,1057394037,120.0,115.5,119.0,-1.5,5688,3017,119.5
2023-03-02,2457872,291133825,119.5,117.0,119.0,0.0,1788,3017,118.0
2023-03-03,2503302,299161696,121.5,118.5,118.5,-0.5,1845,3017,120.5
2023-03-06,2803825,334656729,120.5,118.5,119.5,1.0,2165,3017,120.0
2023-03-07,3049994,361193917,121.0,117.5,118.0,-1.5,1996,3017,121.0
2023-03-08,3506014,413283137,119.0,116.5,119.0,1.0,1764,3017,117.5
2023-03-09,3283200,388098435,120.0,117.0,117.5,-1.5,1961,3017,120.0
2023-03-10,5365928,613935512,116.5,113.0,113.5,-4.0,3330,3017,116.5
2023-03-13,3646289,408506693,113.0,110.5,112.5,-1.0,2324,3017,112.5
2023-03-14,4820186,533878243,113.0,109.5,109.5,-3.0,3347,3017,112.0
2023-03-15,7778603,891826703,117.0,110.5,114.5,5.0,5367,3017,111.5
2023-03-16,8107323,941797076,118.0,113.5,115.0,0.5,4820,3017,114.0
2023-03-17,4865502,565309646,117.5,115.0,115.5,0.5,3022,3017,116.5
2023-03-20,15171565,1825721512,123.0,117.0,119.0,3.5,8629,3017,117.0
2023-03-21,16901344,2105559818,128.0,119.5,126.5,7.5,10321,3017,121.0
2023-03-22,40108466,5324140471,139.0,127.5,136.5,10.0,23203,3017,128.5
2023-03-23,29152237,4051886742,142.0,136.5,138.5,2.0,18349,3017,138.0
2023-03-24,11384203,1588411060,142.5,136.5,142.5,4.0,7423,3017,139.5
2023-03-27,29905095,4397468815,152.0,140.5,148.5,6.0,18785,3017,144.0
2023-03-28,23768904,3371575864,147.0,138.0,142.0,-6.5,13994,3017,146.0
2023-03-29,24889316,3572367754,147.5,139.5,142.5,0.5,17770,3017,142.0
2023-03-30,10964735,1565824933,145.5,141.5,142.0,-0.5,7679,3017,142.0
2023-03-31,6743251,950027240,142.5,139.5,141.0,-1.0,4047,3017,142.0
2023-04-06,8396718,1188931822,144.5,138.5,142.0,1.0,5349,3017,140.0
2023-04-07,6410030,922674977,146.5,141.5,144.5,2.5,4347,3017,143.5
2023-04-10,9371321,1382348286,151.0,143.5,148.5,4.0,5898,3017,144.5
2023-04-11,9453871,1412247556,152.5,145.0,149.5,1.0,5928,3017,147.5
2023-04-12,15109654,2333008411,157.5,150.5,154.5,5.0,8279,3017,151.0
2023-04-13,7020410,1049289112,152.5,147.0,149.5,-5.0,4710,3017,151.5
2023-04-14,11020914,1691041586,156.0,150.0,153.0,3.5,5752,3017,150.0
2023-04-17,9338283,1460215252,159.5,152.5,156.0,3.0,6155,3017,153.0
2023-04-18,13146464,2019307903,161.0,149.0,152.5,-3.5,10028,3017,157.5
2023-04-19,4917474,745968556,153.0,150.5,151.0,-1.5,3289,3017,152.5
2023-04-20,10980067,1617059476,150.0,144.5,147.5,-3.5,7029,3017,147.0
2023-04-21,11976602,1719533903,149.5,141.0,143.0,-4.5,11971,3017,146.0
2023-04-24,7417514,1071656957,147.0,142.5,144.0,1.0,7366,3017,144.5
2023-04-25,6824944,960698460,145.5,138.0,141.5,-2.5,4736,3017,144.5
2023-04-26,9498906,1360303936,147.0,138.5,146.0,4.5,6253,3017,141.5
2023-04-27,21804962,3301753600,156.0,144.0,153.5,7.5,14425,3017,145.5
2023-04-28,16913000,2613101130,157.5,151.0,157.5,4.0,11330,3017,154.0
2023-05-02,21462739,3490024966,166.5,157.5,166.0,8.5,13606,3017,157.5
2023-05-03,12632809,2082432610,167.5,162.5,163.0,-3.0,11058,3017,165.0
2023-05-04,39964598,6922585637,178.0,166.5,175.5,12.5,24995,3017,168.0
2023-05-05,37236716,6664982401,183.0,174.5,181.0,5.5,29543,3017,175.5
2023-05-08,20066397,3659243707,185.5,179.0,181.5,0.5,20654,3017,183.0
2023-05-09,15197231,2761896784,185.0,177.5,183.0,1.5,12634,3017,183.0
2023-05-10,13970424,2496446170,181.5,175.5,178.5,-4.5,11617,3017,180.5
2023-05-11,16989712,3006764124,183.0,173.0,174.5,-4.0,15512,3017,183.0
2023-05-12,15917113,2774294521,178.0,170.0,177.5,3.0,9722,3017,173.0
2023-05-15,12943719,2214041856,175.0,168.5,171.0,-6.5,8153,3017,175.0
2023-05-16,17056196,2996621161,179.0,171.5,175.5,4.5,11300,3017,174.0
2023-05-17,13267775,2364036504,181.0,174.0,178.0,2.5,9634,3017,175.0
2023-05-18,20178896,3708473020,188.5,179.0,186.0,8.0,13863,3017,181.0
2023-05-19,15896122,2917971140,187.5,180.0,184.0,-2.0,10505,3017,185.5
2023-05-22,10978049,1998946233,185.5,179.5,182.5,-1.5,7161,3017,183.0
2023-05-23,7918674,1446838686,184.5,181.0,182.5,0.0,5227,3017,182.5
2023-05-24,7768291,1430355237,187.0,181.0,187.0,4.5,4557,3017,182.5
2023-05-25,28686724,5672013624,204.5,191.5,197.5,10.5,19256,3017,199.0
2023-05-26,26890252,5493804233,212.5,198.0,208.0,10.5,22775,3017,200.0
2023-05-29,20533692,4286215900,215.5,204.0,206.0,-2.0,14823,3017,212.0
2023-05-30,8396200,1697617889,206.0,200.5,201.5,-4.5,6462,3017,206.0
2023-05-31,11161309,2219570545,203.5,196.0,197.5,-4.0,10033,3017,201.0
2023-06-01,14407034,2930438061,207.0,195.5,207.0,9.5,10033,3017,196.5
2023-06-02,21746250,4456004849,209.5,201.5,202.0,-5.0,14897,3017,208.5
2023-06-05,18144490,3597596767,203.0,192.5,200.0,-2.0,12853,3017,199.5
2023-06-06,15386067,3128797276,206.0,198.0,203.5,3.5,10755,3017,198.0
2023-06-07,12979405,2687778864,210.0,203.5,208.0,4.5,12855,3017,205.0
2023-06-08,11408014,2308669964,207.0,199.5,200.5,-7.5,10630,3017,206.0
2023-06-09,16891950,3523133688,213.0,202.5,209.5,9.0,11451,3017,203.0
2023-06-12,9409636,1941360916,209.5,203.5,205.5,-4.0,14240,3017,208.5
2023-06-13,24908810,5412709042,223.0,210.0,219.5,14.0,17683,3017,213.0
2023-06-14,13863692,3066682320,225.0,215.5,224.0,4.5,10677,3017,217.0
2023-06-15,25278738,5902686830,240.0,222.0,237.0,13.0,17449,3017,225.0
2023-06-16,28038073,6842504038,252.0,235.0,247.0,10.0,20666,3017,238.0
2023-06-19,23903690,6038936377,259.0,243.5,254.5,7.5,17923,3017,247.0
2023-06-20,16216146,4097347970,256.5,249.0,252.0,-2.5,11795,3017,253.5
2023-06-21,13504034,3389293561,254.5,248.0,249.5,-2.5,8205,3017,253.5
2023-06-26,14175631,3502434829,251.0,240.0,250.0,0.5,8193,3017,246.0
2023-06-27,11921177,2862948871,247.0,234.5,235.0,-15.0,12886,3017,246.0
2023-06-28,9169287,2222261896,245.5,239.0,241.5,6.5,8285,3017,240.0
2023-06-29,7226523,1776518218,249.0,241.5,246.5,5.0,7206,3017,243.5
2023-06-30,28345223,7439874672,271.0,244.0,271.0,24.5,17637,3017,246.5
2023-07-03,29009596,8387984158,296.0,280.0,293.0,22.0,23072,3017,281.0
2023-07-04,19125980,5581369680,297.5,284.0,292.0,-1.0,17490,3017,294.0
2023-07-05,15675411,4438775094,293.5,278.0,280.5,-11.5,15493,3017,292.0
2023-07-06,13890078,3823668998,281.5,271.0,273.5,-7.0,11043,3017,273.5
2023-07-07,18805348,5155021615,281.5,267.5,270.0,-3.5,15031,3017,274.5
2023-07-10,11497776,3161230814,281.5,269.0,273.0,3.0,9110,3017,270.0
2023-07-11,14553750,4112921900,286.5,277.5,283.5,10.5,11531,3017,278.0
2023-07-12,21156598,6138504917,299.0,284.0,287.5,4.0,17863,3017,286.0
2023-07-13,30721376,9222764272,314.5,284.5,288.0,0.5,26450,3017,298.0
2023-07-14,18305798,5357034313,303.0,284.0,293.5,5.5,19363,3017,300.5
2023-07-17,13998203,3990305022,290.0,281.0,285.0,-8.5,11843,3017,288.5
2023-07-18,17645893,5121097137,296.5,278.0,293.0,8.0,19713,3017,289.5
2023-07-19,10465271,3057230128,298.0,288.0,291.5,-1.5,12379,3017,297.0
2023-07-20,20988539,6434853955,313.0,290.0,308.5,17.0,22292,3017,290.5
2023-07-21,28450394,9251479346,339.0,297.0,339.0,30.5,25879,3017,304.0
2023-07-24,24356983,8452291842,358.5,336.0,344.0,5.0,19152,3017,344.0
2023-07-25,24074666,8528053034,367.5,340.0,340.5,-3.5,19844,3017,347.0
2023-07-26,13697256,4726572641,352.0,337.5,343.5,3.0,11072,3017,340.5
2023-07-27,21067463,7423486371,361.5,340.0,340.0,-3.5,16462,3017,351.0
2023-07-28,17619014,6052322939,356.0,329.5,352.0,12.0,15755,3017,340.0
2023-07-31,27210101,9338684939,364.0,318.0,322.0,-30.0,20998,3017,357.0
2023-08-01,16310749,5277408748,331.5,312.0,328.0,6.0,19622,3017,326.5
2023-08-02,26891545,8668292422,339.0,305.5,315.5,-12.5,20620,3017,330.0
2023-08-04,22440915,7395214884,344.5,312.0,338.0,22.5,24837,3017,318.5
2023-08-07,27619209,9684746899,360.0,342.5,349.5,11.5,22143,3017,342.5
2023-08-08,22600965,8038426627,363.5,348.5,358.0,8.5,17837,3017,351.5
2023-08-09,31882406,11492119162,373.5,348.0,349.0,-9.0,25147,3017,355.0
2023-08-10,20664489,6673275587,346.5,314.5,314.5,-34.5,18235,3017,343.5
2023-08-11,19531681,6206300648,323.5,310.0,321.0,6.5,14825,3017,317.0
2023-08-14,14243248,4550160820,327.0,308.0,319.0,-2.0,10630,3017,315.5
2023-08-15,14087541,4798872262,345.0,336.0,343.5,24.5,11524,3017,338.0
2023-08-16,12746807,4396531115,350.0,336.5,350.0,6.5,10352,3017,338.0
2023-08-17,15346882,5454249166,363.0,345.5,363.0,13.0,12790,3017,345.5
2023-08-18,15724328,5614842086,369.5,341.0,352.0,-11.0,13245,3017,364.5
2023-08-21,10574444,3740627050,362.5,345.5,353.5,1.5,8415,3017,360.0
2023-08-22,10648387,3826317828,367.5,348.0,350.5,-3.0,8488,3017,362.0
2023-08-23,8305552,2991056993,366.0,352.5,356.0,5.5,7250,3017,356.0
2023-08-24,23146660,8870257101,391.5,367.5,387.0,31.0,17134,3017,371.0
2023-08-25,15270374,5481428234,367.0,350.0,354.0,0.0,14589,3017,362.5
2023-08-28,8276087,2857127329,359.0,336.5,338.5,-15.5,8309,3017,357.0
2023-08-29,9483160,3224802394,351.0,332.0,335.0,-3.5,8745,3017,343.5
2023-08-30,9772935,3339016119,350.5,335.0,335.5,0.5,8570,3017,346.5
2023-08-31,13174132,4338844694,338.0,318.0,334.5,-1.0,11081,3017,322.0
2023-09-01,7736491,2560224797,339.5,325.5,329.0,-5.5,7318,3017,337.5
2023-09-04,5624945,1847014380,332.0,325.0,328.5,-0.5,5018,3017,332.0
2023-09-05,5887291,1932740827,332.5,324.0,330.5,2.0,6898,3017,329.0
2023-09-06,10797135,3692341760,347.5,331.0,343.5,13.0,9398,3017,332.0
2023-09-07,7964968,2704388846,345.0,332.5,342.0,-1.5,6878,3017,345.0
2023-09-08,9885231,3376166233,349.5,335.0,337.0,-5.0,8281,3017,344.0
2023-09-11,12553530,3985317066,340.5,304.0,311.5,-25.5,11969,3017,338.0
2023-09-12,7960995,2447203714,313.5,303.0,306.0,-5.5,7456,3017,308.5
2023-09-13,10687503,3213020286,308.0,292.0,304.0,-2.0,10141,3017,305.0
2023-09-14,11189543,3537837588,322.0,307.0,318.0,14.0,12268,3017,310.0
2023-09-15,6072215,1930641133,321.0,314.0,320.0,2.0,6444,3017,317.0
2023-09-18,12963713,3894197799,317.5,293.0,293.5,-26.5,13749,3017,317.5
2023-09-19,19668069,5560265287,295.5,276.0,278.0,-15.5,15659,3017,295.0
2023-09-20,17087276,4846193994,295.0,274.5,281.0,3.0,14059,3017,277.0
2023-09-21,12148321,3358951601,281.0,270.0,280.0,-1.0,11986,3017,276.5
2023-09-22,19258881,5594804429,301.0,272.0,297.5,17.5,15990,3017,275.5
2023-09-25,11634961,3478112867,303.0,293.5,297.0,-0.5,11379,3017,297.0
2023-09-26,23257873,7304027912,321.0,301.0,313.5,16.5,20808,3017,304.0
2023-09-27,13278137,4188343164,321.0,308.5,321.0,7.5,17351,3017,313.5
2023-09-28,22897317,7646007707,344.0,323.0,341.0,20.0,20609,3017,323.0
2023-10-02,18328356,6334550750,351.0,339.0,342.5,1.5,14769,3017,347.5
2023-10-03,11250444,3867827026,351.0,338.5,340.0,-2.5,9551,3017,345.5
2023-10-04,12171879,4106554276,345.0,328.0,345.0,5.0,10774,3017,333.0
2023-10-05,11350662,3942422482,352.0,343.5,344.0,-1.0,10072,3017,348.0
2023-10-06,7132849,2484013784,351.5,345.0,348.5,4.5,6191,3017,350.0
2023-10-11,14017446,4836806091,364.0,335.0,336.5,-12.0,11664,3017,364.0
2023-10-12,10608129,3653141648,351.0,339.0,342.0,5.5,8970,3017,344.0
2023-10-13,8425882,2847993250,346.0,332.0,337.0,-5.0,7443,3017,339.5
2023-10-16,8893179,2921672451,338.5,323.0,325.5,-11.5,7928,3017,333.0
2023-10-17,8218276,2670630095,333.0,319.0,319.5,-6.0,7332,3017,331.0
2023-10-18,15543116,4694636970,318.0,292.0,294.0,-25.5,13105,3017,317.5
2023-10-19,10557282,3120867796,301.5,287.0,299.0,5.0,9470,3017,290.0
2023-10-20,12957963,3911505068,312.0,290.5,308.5,9.5,11235,3017,295.0
2023-10-23,9822073,2978468984,309.5,297.0,297.0,-11.5,9584,3017,307.0
2023-10-24,15414361,4791122874,319.5,298.5,318.0,21.0,12948,3017,303.0
2023-10-25,11441906,3619264507,321.0,312.0,313.0,-5.0,16073,3017,318.0
2023-10-26,9341284,2857041770,312.0,301.5,301.5,-11.5,9402,3017,305.0
2023-10-27,12433902,3733372347,308.0,295.0,296.5,-5.0,10505,3017,303.0
2023-10-30,6740738,2033837151,306.0,297.5,298.5,2.0,5568,3017,300.5
2023-10-31,13230899,3884044374,307.0,282.0,283.5,-15.0,13709,3017,302.0
2023-11-01,8075820,2300131372,288.5,280.0,285.5,2.0,6763,3017,286.5
2023-11-02,9089446,2705207132,301.0,293.0,299.5,14.0,7837,3017,299.0
2023-11-03,8030747,2404636845,303.5,296.0,297.0,-2.5,7856,3017,303.0
2023-11-06,12470120,3855250551,315.0,301.0,315.0,18.0,10229,3017,304.0
2023-11-07,6546904,2034455092,314.5,308.0,311.0,-4.0,8332,3017,312.0
2023-11-08,12788406,4048706762,321.0,312.5,313.0,2.0,11156,3017,315.0
2023-11-09,8806659,2795753757,321.0,313.0,316.5,3.5,8588,3017,315.0
2023-11-10,8146899,2578019935,322.0,312.0,314.5,-2.0,8078,3017,315.5
2023-11-13,9264195,2924465882,321.0,309.5,318.5,4.0,9099,3017,321.0
2023-11-14,13542307,4417198311,331.0,321.5,325.0,6.5,13117,3017,322.0
2023-11-15,17672768,5767174388,339.0,312.0,313.5,-11.5,20633,3017,335.5
2023-11-16,10846286,3416257328,319.5,309.0,316.0,2.5,8870,3017,316.5
2023-11-17,7143779,2273004609,323.0,315.0,318.0,2.0,6132,3017,317.5
2023-11-20,12393644,4034852296,332.5,317.0,329.5,11.5,10565,3017,322.0
2023-11-21,10628302,3530056473,337.0,327.0,327.0,-2.5,10456,3017,337.0
2023-11-22,5944874,1939673389,329.0,322.5,327.0,0.0,5235,3017,325.5
2023-11-23,12720027,4168424791,337.5,320.0,320.0,-7.0,10797,3017,329.0
2023-11-24,4103892,1322369491,324.5,319.5,322.5,2.5,3483,3017,322.5
2023-11-27,14129564,4324834063,322.5,298.0,298.0,-24.5,15334,3017,322.5
2023-11-28,7431725,2229164243,302.5,296.0,300.5,2.5,7006,3017,300.0
2023-11-29,6548717,1984649070,308.0,300.0,301.0,0.5,6523,3017,301.0
2023-11-30,8239802,2496375531,310.0,298.5,308.0,7.0,9645,3017,302.5
2023-12-01,5542256,1680845066,306.0,301.5,302.5,-5.5,5813,3017,305.5
2023-12-04,11513565,3372159926,305.5,287.0,290.5,-12.0,13532,3017,305.5
2023-12-05,10565454,2997404021,289.0,280.0,286.0,-4.5,10716,3017,288.5
2023-12-06,10033643,2981993191,301.0,293.0,296.5,10.5,9003,3017,294.5
2023-12-07,8629639,2590154154,306.0,291.5,301.5,5.0,10948,3017,298.0
2023-12-08,7175623,2194416846,309.0,303.0,304.5,3.0,9649,3017,308.0
2023-12-11,8387503,2584594000,313.0,302.5,308.0,3.5,9342,3017,309.0
2023-12-12,5785211,1785667921,313.0,305.0,306.5,-1.5,10769,3017,312.0
2023-12-13,6369761,1934879506,309.5,300.5,300.5,-6.0,11662,3017,308.0
2023-12-14,8026499,2472142986,311.5,304.5,306.0,5.5,7231,3017,306.0
2023-12-15,8662103,2622992931,311.0,298.0,298.0,-8.0,12962,3017,309.5
2023-12-18,5034054,1506283206,304.0,294.0,299.5,1.5,4939,3017,298.0
2023-12-19,4938732,1479221355,302.5,296.0,302.5,3.0,4870,3017,298.0
2023-12-20,6943668,2099480376,307.0,298.0,299.5,-3.0,5874,3017,303.0
2023-12-21,6307802,1875903517,301.5,293.0,301.5,2.0,12672,3017,297.0
2023-12-22,9108576,2789999370,309.0,301.5,307.0,5.5,7507,3017,303.5
2023-12-25,5387672,1669502480,312.0,307.0,309.5,2.5,5205,3017,309.5
2023-12-26,5933091,1827356466,312.0,304.5,311.0,1.5,9159,3017,312.0
2023-12-27,14531200,4655170773,329.0,307.0,324.5,13.5,15802,3017,311.0
2023-12-28,11255519,3638141001,331.5,318.0,318.0,-6.5,20592,3017,327.5
2023-12-29,21641266,7182317755,338.0,321.0,336.5,18.5,19245,3017,321.0
2024-01-02,10353809,3435551513,338.5,327.0,329.5,-7.0,20360,3017,337.0
2024-01-03,7939502,2614370346,334.5,324.5,329.0,-0.5,9723,3017,325.0
2024-01-04,10213381,3291859754,334.0,316.0,319.0,-10.0,11391,3017,331.5
2024-01-05,5255538,1689372711,324.0,318.5,323.5,4.5,4985,3017,320.0
2024-01-08,18053420,5587111048,326.0,300.5,301.5,-22.0,20498,3017,325.0
2024-01-09,13398129,4185422373,317.0,307.5,315.0,13.5,11739,3017,310.5
2024-01-10,16477955,5341496589,329.5,315.0,329.0,14.0,14256,3017,315.0
2024-01-11,19397967,6574919653,348.0,324.0,346.5,17.5,16145,3017,328.5
2024-01-12,25955483,9113119535,358.0,338.5,350.0,3.5,20398,3017,346.0
2024-01-15,16628877,5642229286,351.0,334.0,334.0,-16.0,16380,3017,350.0
2024-01-16,11057161,3762619213,343.5,331.0,343.0,9.0,10086,3017,334.0
2024-01-17,17875518,6237998656,357.0,343.0,343.5,0.5,14744,3017,345.0
2024-01-18,15230579,5206735098,354.0,334.0,334.5,-9.0,13588,3017,344.0
2024-01-19,11657582,4006338629,347.5,338.5,346.0,11.5,8808,3017,342.0
2024-01-22,26832620,9943969303,380.5,354.5,380.5,34.5,21200,3017,355.0
2024-01-23,18910061,7250797342,389.5,376.0,386.5,6.0,15814,3017,387.5
2024-01-24,11338787,4372704016,390.5,379.0,387.5,1.0,10376,3017,387.0
2024-01-25,15589957,6087774718,398.0,383.0,389.5,2.0,13651,3017,391.0
2024-01-26,7309066,2802119979,387.5,378.0,386.0,-3.5,7374,3017,387.5
2024-01-29,7186464,2790394983,393.0,382.0,390.5,4.5,6613,3017,383.5
2024-01-30,27982617,11768380699,429.5,398.0,429.5,39.0,17627,3017,400.0
2024-01-31,16341597,6894067327,428.0,414.0,425.5,-4.0,15299,3017,424.0
2024-02-01,32579595,14605014447,467.0,425.5,457.5,32.0,26468,3017,426.5
2024-02-02,20746934,9893414568,484.0,466.5,478.0,20.5,18473,3017,467.0
2024-02-05,17070681,8287176478,498.5,478.0,485.5,7.5,15318,3017,478.0
2024-02-15,13292708,7013520981,534.0,514.0,534.0,48.5,9689,3017,518.0
2024-02-16,14032736,7273015597,545.0,499.0,510.0,-24.0,15067,3017,544.0
2024-02-19,13568028,6736353412,520.0,485.0,486.0,-24.0,16990,3017,509.0
2024-02-20,12216718,5854142063,491.5,468.0,483.0,-3.0,13532,3017,485.0
2024-02-21,9880469,4828611764,498.0,476.0,495.0,12.0,10433,3017,479.5
2024-02-22,13992424,7331191778,535.0,507.0,520.0,25.0,14103,3017,533.0
2024-02-23,14461689,7333275603,523.0,497.0,498.5,-21.5,19741,3017,520.0
2024-02-26,8161877,4048613416,504.0,487.0,500.0,1.5,8585,3017,498.5
2024-02-27,14174882,7189882970,519.0,487.0,508.0,8.0,14010,3017,505.0
2024-02-29,18212133,9589011214,541.0,500.0,532.0,24.0,17391,3017,504.0
2024-03-01,18450179,9999535676,558.0,524.0,539.0,7.0,17812,3017,539.0
2024-03-04,12721387,7084686386,564.0,550.0,554.0,15.0,12689,3017,552.0
2024-03-05,15769902,8959590115,585.0,543.0,585.0,31.0,15832,3017,558.0
2024-03-06,22361996,13726954207,634.0,581.0,630.0,45.0,25477,3017,583.0
2024-03-07,25316264,15555234842,659.0,587.0,599.0,-31.0,25947,3017,637.0
2024-03-08,20866723,12353020701,621.0,572.0,574.0,-25.0,21986,3017,604.0
2024-03-11,24091625,14410866292,616.0,566.0,585.0,11.0,23267,3017,567.0
2024-03-12,28886449,18007132744,643.0,592.0,643.0,58.0,26649,3017,597.0
2024-03-13,35852997,22948068201,677.0,607.0,617.0,-26.0,37121,3017,651.0
2024-03-14,23185072,13028570644,586.0,556.0,556.0,-61.0,25823,3017,582.0
2024-03-15,29656599,17302585914,605.0,540.0,599.0,43.0,26173,3017,540.0
2024-03-18,18757453,11588636566,631.0,604.0,623.0,24.0,18700,3017,610.0
2024-03-19,21021086,12477753577,626.0,563.0,569.0,-54.0,27595,3017,609.0
2024-03-20,20796056,11917911429,588.0,561.0,567.0,-2.0,20531,3017,570.0
2024-03-21,14094594,8245547234,596.0,574.0,585.0,18.0,13882,3017,584.0
2024-03-22,11141843,6559696736,597.0,578.0,589.0,4.0,11788,3017,594.0
2024-03-25,8648854,5075525101,596.0,580.0,583.0,-6.0,9571,3017,589.0
2024-03-26,17025904,9399522045,586.0,533.0,541.0,-42.0,21485,3017,584.0
2024-03-27,11385926,6117809159,548.0,531.0,534.0,-7.0,12035,3017,541.0
2024-03-28,14901166,7899692634,545.0,511.0,542.0,8.0,15704,3017,536.0
2024-03-29,12076304,6630807088,564.0,536.0,546.0,4.0,12618,3017,545.0
2024-04-01,11645972,6494412297,570.0,549.0,554.0,8.0,11814,3017,554.0
2024-04-02,15735165,8512262928,563.0,533.0,533.0,-21.0,18260,3017,561.0
2024-04-03,16799108,9228687012,565.0,523.0,546.0,13.0,15882,3017,524.0
2024-04-08,17914543,10331961528,598.0,547.0,570.0,24.0,20195,3017,548.0
2024-04-09,13915036,8036222077,593.0,561.0,577.0,7.0,14461,3017,581.0
2024-04-10,9322346,5305946994,586.0,555.0,555.0,-22.0,12052,3017,578.0
2024-04-11,13052866,7562386707,594.0,554.0,584.0,29.0,13904,3017,558.0
2024-04-12,20356152,12567659678,636.0,592.0,628.0,44.0,24182,3017,592.0
2024-04-15,14047327,8802236046,639.0,611.0,616.0,-12.0,16448,3017,622.0
2024-04-16,13231693,7985330797,620.0,586.0,606.0,-10.0,23437,3017,606.0
2024-04-17,16958619,10677409764,643.0,612.0,638.0,32.0,20439,3017,620.0
2024-04-18,25471272,17001605767,692.0,630.0,680.0,42.0,25728,3017,638.0
2024-04-19,26907697,17267135309,679.0,612.0,630.0,-50.0,38472,3017,666.0
2024-04-22,19224070,11282557204,611.0,567.0,567.0,-63.0,23127,3017,600.0
2024-04-23,14935899,8691858800,595.0,567.0,577.0,10.0,13430,3017,595.0
2024-04-24,11802037,7401221647,634.0,608.0,634.0,57.0,11126,3017,610.0
2024-04-25,22852916,14558969156,656.0,616.0,620.0,-14.0,22389,3017,629.0
2024-04-26,28268052,18464469752,679.0,629.0,642.0,22.0,26308,3017,654.0
2024-04-29,15425178,9817233668,666.0,622.0,626.0,-16.0,18880,3017,663.0
2024-04-30,18774527,12249453059,662.0,641.0,654.0,28.0,17934,3017,645.0
2024-05-02,15268676,9913196296,664.0,624.0,656.0,2.0,14628,3017,636.0
2024-05-03,17067743,11270544038,672.0,645.0,662.0,6.0,17843,3017,670.0
2024-05-06,19318055,13095791013,698.0,660.0,662.0,0.0,19832,3017,675.0
2024-05-07,13004842,8702770391,682.0,655.0,674.0,12.0,14621,3017,674.0
2024-05-08,9478766,6339511521,678.0,661.0,663.0,-11.0,9916,3017,674.0
2024-05-09,15966037,10482307502,676.0,638.0,654.0,-9.0,16065,3017,669.0
2024-05-10,8508864,5472084883,658.0,637.0,638.0,-16.0,9564,3017,657.0
2024-05-13,18889068,12167544408,666.0,626.0,626.0,-12.0,18021,3017,650.0
2024-05-14,10989791,6950292202,646.0,621.0,645.0,19.0,11375,3017,628.0
2024-05-15,17214134,11336977297,672.0,643.0,644.0,-1.0,16477,3017,659.0
2024-05-16,20039495,13287287838,677.0,650.0,651.0,7.0,21834,3017,656.0
2024-05-17,10659333,7014420432,667.0,651.0,660.0,9.0,14458,3017,656.0
2024-05-20,11681234,7574142903,667.0,637.0,638.0,-22.0,13237,3017,662.0
2024-05-21,8075434,5211431432,650.0,635.0,650.0,12.0,8051,3017,641.0
2024-05-22,8522457,5584807786,662.0,648.0,660.0,10.0,7868,3017,650.0
2024-05-23,26509941,18484904338,725.0,665.0,708.0,48.0,27031,3017,671.0
2024-05-24,12370519,8689319658,713.0,690.0,706.0,-2.0,13380,3017,703.0
2024-05-27,14474065,10678527201,752.0,727.0,738.0,32.0,16957,3017,730.0
2024-05-28,15452120,11915399077,785.0,743.0,783.0,45.0,17094,3017,743.0
2024-05-29,16367737,13183653212,817.0,785.0,811.0,28.0,17921,3017,789.0
2024-05-30,13394233,10645645652,811.0,781.0,781.0,-30.0,18694,3017,797.0
2024-05-31,43486215,33514461452,796.0,755.0,769.0,-12.0,20013,3017,790.0
2024-06-03,18522990,13986800135,794.0,721.0,736.0,-33.0,23859,3017,775.0
2024-06-04,12697385,9224371760,748.0,710.0,721.0,-15.0,16837,3017,737.0
2024-06-05,14707031,10243145661,726.0,677.0,685.0,-36.0,22383,3017,725.0
2024-06-06,24963824,16682187943,702.0,646.0,660.0,-25.0,29001,3017,699.0
2024-06-07,24895924,15894699083,665.0,617.0,620.0,-40.0,32155,3017,656.0
2024-06-11,18716056,12354933759,675.0,643.0,665.0,45.0,21383,3017,646.0
2024-06-12,19448972,12899629724,688.0,638.0,688.0,23.0,21247,3017,662.0
2024-06-13,18042667,12800728099,721.0,698.0,712.0,24.0,19829,3017,716.0
2024-06-14,17405424,12642592986,744.0,707.0,739.0,27.0,19894,3017,717.0
2024-06-17,13707644,10071688497,756.0,719.0,723.0,-16.0,18794,3017,750.0
2024-06-18,10752849,7704775312,737.0,703.0,713.0,-10.0,14453,3017,734.0
2024-06-19,14456481,10275592553,720.0,701.0,704.0,-9.0,16889,3017,719.0
2024-06-20,14033095,10287198954,745.0,707.0,740.0,36.0,16834,3017,707.0
2024-06-21,15767211,11497721871,742.0,714.0,731.0,-9.0,14418,3017,726.0
2024-06-24,8890841,6401860751,731.0,711.0,714.0,-17.0,11587,3017,725.0
2024-06-25,10997269,7651305947,710.0,686.0,701.0,-13.0,15097,3017,707.0
2024-06-26,13574740,9952799251,749.0,710.0,740.0,39.0,15963,3017,710.0
2024-06-27,14035976,10431465799,755.0,730.0,736.0,-4.0,15655,3017,730.0
2024-06-28,16873124,12849541075,773.0,745.0,765.0,29.0,18622,3017,756.0
2024-07-01,15583669,11937347985,786.0,741.0,743.0,-22.0,25608,3017,765.0
2024-07-02,11471651,8549117187,756.0,730.0,752.0,9.0,12071,3017,743.0
2024-07-03,13049882,9867177364,770.0,743.0,745.0,-7.0,14855,3017,757.0
2024-07-04,8633055,6523013594,768.0,748.0,752.0,7.0,9071,3017,758.0
2024-07-05,7951054,6030438595,767.0,748.0,764.0,12.0,10116,3017,759.0
2024-07-08,10919573,8181488137,776.0,735.0,745.0,-19.0,16928,3017,773.0
2024-07-09,10962546,7989458389,754.0,710.0,727.0,-18.0,15231,3017,750.0
2024-07-10,6270580,4571260614,736.0,723.0,726.0,-1.0,7204,3017,734.0
2024-07-11,8484104,6089392196,737.0,708.0,714.0,-12.0,14858,3017,733.0
2024-07-12,7224346,5119121588,721.0,701.0,709.0,-5.0,11007,3017,707.0
2024-07-15,6438853,4509684481,713.0,694.0,702.0,-7.0,10301,3017,712.0
2024-07-16,5781944,4027111113,709.0,690.0,691.0,-11.0,9476,3017,704.0
2024-07-17,6402006,4472486188,710.0,690.0,690.0,-1.0,8814,3017,694.0
2024-07-18,9811674,6523730083,680.0,653.0,675.0,-15.0,15299,3017,670.0
2024-07-19,8237795,5646863810,698.0,670.0,687.0,12.0,9851,3017,676.0
2024-07-22,14539598,9510132069,697.0,628.0,634.0,-53.0,20200,3017,696.0
2024-07-23,8659947,5728860754,676.0,643.0,669.0,35.0,9714,3017,647.0
2024-07-26,11013333,6846729688,636.0,612.0,613.0,-56.0,18954,3017,623.0
2024-07-29,12621304,7623723892,628.0,588.0,590.0,-23.0,16042,3017,628.0
2024-07-30,13952089,8654784767,643.0,593.0,639.0,49.0,16349,3017,600.0
2024-07-31,9467722,6092591189,656.0,628.0,636.0,-3.0,11679,3017,631.0
2024-08-01,7932609,5212292300,668.0,648.0,655.0,19.0,8716,3017,668.0
2024-08-02,12864948,7871029042,640.0,592.0,594.0,-61.0,19019,3017,608.0
2024-08-05,9196285,4943726605,549.0,535.0,535.0,-59.0,12372,3017,536.0
2024-08-06,15925656,8380570137,561.0,484.0,526.0,-9.0,15527,3017,561.0
2024-08-07,11662628,6463541738,576.0,528.0,559.0,33.0,14246,3017,533.0
2024-08-08,13326706,7127858233,549.0,521.0,530.0,-29.0,14809,3017,541.0
2024-08-09,10122414,5789067765,582.0,554.0,568.0,38.0,10340,3017,560.0
2024-08-12,16980984,9995177152,605.0,573.0,585.0,17.0,16696,3017,580.0
2024-08-13,9714063,5735393060,605.0,576.0,587.0,2.0,10404,3017,602.0
2024-08-14,8339410,5025372412,617.0,593.0,597.0,10.0,10266,3017,606.0
2024-08-15,7435359,4477834571,613.0,593.0,594.0,0.0,8558,3017,599.0
2024-08-16,10542659,6577674997,634.0,606.0,626.0,32.0,12746,3017,614.0
2024-08-19,7446692,4601406388,629.0,609.0,617.0,-9.0,10250,3017,629.0
2024-08-20,6817021,4230475261,635.0,611.0,616.0,-1.0,8119,3017,625.0
2024-08-21,4713149,2872794859,620.0,604.0,606.0,-10.0,6344,3017,605.0
2024-08-22,3954867,2395469215,614.0,599.0,606.0,0.0,5502,3017,611.0
2024-08-23,5171682,3121548149,612.0,594.0,612.0,6.0,6333,3017,599.0
2024-08-26,9086053,5646959751,632.0,610.0,610.0,-2.0,9857,3017,620.0
2024-08-27,6281747,3808875633,614.0,598.0,613.0,3.0,8580,3017,610.0
2024-08-28,6124327,3753278356,620.0,603.0,613.0,0.0,6362,3017,617.0
2024-08-29,6377175,3814151335,604.0,592.0,598.0,-15.0,8649,3017,600.0
2024-08-30,6622199,3995243283,606.0,597.0,606.0,8.0,5125,3017,602.0
2024-09-02,10026720,5889265555,611.0,568.0,574.0,-32.0,15311,3017,602.0
2024-09-03,9081000,5268011596,597.0,570.0,570.0,-4.0,10501,3017,575.0
2024-09-04,12058015,6305856353,542.0,513.0,515.0,-55.0,21934,3017,516.0
2024-09-05,13236060,6896421410,538.0,507.0,525.0,10.0,15013,3017,518.0
2024-09-06,10304152,5331763775,534.0,510.0,511.0,-14.0,13051,3017,527.0
2024-09-09,13760038,7243733490,549.0,495.5,545.0,34.0,14351,3017,496.0
2024-09-10,17357772,9175892128,555.0,505.0,512.0,-33.0,21783,3017,548.0
2024-09-11,8034908,4192220545,530.0,512.0,521.0,9.0,7887,3017,521.0
2024-09-12,12572548,6961200558,563.0,541.0,555.0,34.0,14222,3017,557.0
2024-09-13,6904913,3815635909,562.0,546.0,554.0,-1.0,8996,3017,560.0
2024-09-16,4386299,2397673921,558.0,542.0,544.0,-10.0,5685,3017,555.0
2024-09-18,6491391,3523010122,554.0,529.0,537.0,-7.0,7286,3017,553.0
2024-09-19,8786554,4887663243,563.0,545.0,561.0,24.0,9939,3017,546.0
2024-09-20,10272136,5792465186,579.0,556.0,558.0,-3.0,10311,3017,576.0
2024-09-23,8864935,5075883463,584.0,564.0,569.0,11.0,9563,3017,568.0
2024-09-24,5971306,3380079320,571.0,559.0,571.0,2.0,9347,3017,565.0
2024-09-25,9940104,5795525705,597.0,572.0,581.0,10.0,10977,3017,578.0
2024-09-26,23594666,14455699713,633.0,585.0,617.0,36.0,25742,3017,589.0
2024-09-27,15090320,9362269556,630.0,611.0,624.0,7.0,15449,3017,623.0
2024-09-30,11149278,6722629146,623.0,590.0,590.0,-34.0,16044,3017,619.0
2024-10-01,8197085,4863960856,606.0,582.0,585.0,-5.0,10081,3017,598.0
2024-10-04,10105054,6105758953,612.0,592.0,604.0,19.0,10584,3017,594.0
2024-10-07,7101570,4348532155,618.0,608.0,611.0,7.0,7788,3017,617.0
2024-10-08,6572281,4031453478,622.0,608.0,611.0,0.0,7352,3017,611.0
2024-10-09,5902050,3619905059,622.0,605.0,605.0,-6.0,7948,3017,620.0
2024-10-11,13756372,8657520314,638.0,614.0,629.0,24.0,17819,3017,615.0
2024-10-14,13255904,8559406515,658.0,630.0,647.0,18.0,21023,3017,632.0
2024-10-15,15412738,10305742586,680.0,654.0,679.0,32.0,18172,3017,658.0
2024-10-16,10274768,6891743871,681.0,658.0,676.0,-3.0,14613,3017,666.0
2024-10-17,8558641,5785778903,683.0,666.0,679.0,3.0,9945,3017,678.0
2024-10-18,12884187,8851424285,699.0,676.0,681.0,2.0,14918,3017,691.0
2024-10-21,8323429,5702282598,695.0,677.0,677.0,-4.0,9542,3017,681.0
2024-10-22,4804114,3266741205,687.0,674.0,683.0,6.0,6100,3017,677.0
2024-10-23,5432962,3728433919,693.0,676.0,686.0,3.0,6796,3017,681.0
2024-10-24,11019725,7312469474,689.0,651.0,656.0,-30.0,23249,3017,688.0
2024-10-25,5140180,3383821790,664.0,653.0,664.0,8.0,5969,3017,657.0
2024-10-28,7029020,4563062831,666.0,640.0,648.0,-16.0,8890,3017,663.0
2024-10-29,7342277,4621842799,642.0,620.0,626.0,-22.0,10717,3017,641.0
2024-10-30,8528797,5476894418,653.0,631.0,638.0,12.0,9079,3017,633.0
2024-11-01,6752112,4246064430,641.0,608.0,637.0,-1.0,8664,3017,610.0
2024-11-04,5074682,3254853750,654.0,625.0,654.0,17.0,5950,3017,637.0
2024-11-05,4719313,3083550864,659.0,646.0,656.0,2.0,5812,3017,649.0
2024-11-06,8446571,5676851557,680.0,659.0,674.0,18.0,9803,3017,666.0
2024-11-07,6013520,4066949935,683.0,671.0,675.0,1.0,6351,3017,674.0
2024-11-08,8898073,6122298631,694.0,682.0,687.0,12.0,10523,3017,686.0
2024-11-11,3177423,2175403561,691.0,679.0,687.0,0.0,4290,3017,687.0
2024-11-12,4994339,3345091557,684.0,661.0,661.0,-26.0,10124,3017,680.0
2024-11-13,5166270,3435694194,674.0,656.0,661.0,0.0,6984,3017,661.0
2024-11-14,10804194,7359676864,694.0,670.0,685.0,24.0,12409,3017,680.0
2024-11-15,15673137,10403714355,698.0,644.0,648.0,-37.0,20378,3017,693.0
2024-11-18,6234714,4021635385,659.0,636.0,638.0,-10.0,7812,3017,650.0
2024-11-19,7558736,4911953727,662.0,638.0,648.0,10.0,7863,3017,645.0
2024-11-20,8351821,5571865553,675.0,659.0,666.0,18.0,9130,3017,659.0
2024-11-21,7323694,4815182219,673.0,648.0,650.0,-16.0,13165,3017,659.0
2024-11-22,4742900,3114484883,664.0,651.0,652.0,2.0,5525,3017,661.0
2024-11-25,5538693,3685050279,670.0,656.0,669.0,17.0,5586,3017,657.0
2024-11-26,5923796,3857105241,664.0,646.0,649.0,-20.0,8415,3017,660.0
2024-11-27,5368528,3445403611,658.0,630.0,630.0,-19.0,8391,3017,650.0
2024-11-28,5175118,3267856998,640.0,621.0,640.0,10.0,6730,3017,631.0
2024-11-29,3597478,2302101703,646.0,630.0,643.0,3.0,4718,3017,632.0
2024-12-02,12958124,8728133520,684.0,647.0,678.0,35.0,15379,3017,648.0
2024-12-03,15290442,10719850937,718.0,684.0,697.0,19.0,18903,3017,692.0
2024-12-04,8590761,6070544986,714.0,696.0,714.0,17.0,11809,3017,705.0
2024-12-05,6117937,4391984849,726.0,711.0,715.0,1.0,7754,3017,722.0
2024-12-06,5307157,3789704256,721.0,708.0,711.0,-4.0,7005,3017,715.0
2024-12-09,7494660,5262190471,712.0,693.0,708.0,-3.0,10051,3017,710.0
2024-12-10,7558764,5201131171,703.0,682.0,682.0,-26.0,13477,3017,702.0
2024-12-11,7540380,5239143098,703.0,676.0,700.0,18.0,8476,3017,676.0
2024-12-12,6723450,4715636721,716.0,691.0,693.0,-7.0,8319,3017,709.0
2024-12-13,3091220,2131469126,699.0,683.0,686.0,-7.0,4781,3017,693.0
2024-12-16,12387010,8090375934,695.0,637.0,637.0,-49.0,27015,3017,690.0
2024-12-17,5933039,3845055653,655.0,639.0,651.0,14.0,7291,3017,639.0
2024-12-18,11170566,6998269501,647.0,616.0,630.0,-21.0,18072,3017,645.0
2024-12-19,5896201,3703958446,636.0,613.0,633.0,3.0,6769,3017,613.0
2024-12-20,9296739,5861388619,640.0,621.0,634.0,1.0,8893,3017,629.0
2024-12-23,5264830,3377713838,650.0,635.0,636.0,2.0,6876,3017,644.0
2024-12-24,3976698,2534111774,645.0,633.0,634.0,-2.0,5499,3017,644.0
2024-12-25,2390222,1526127794,643.0,635.0,636.0,2.0,3215,3017,638.0
2024-12-26,4014343,2582464862,651.0,632.0,642.0,6.0,5386,3017,639.0
2024-12-27,3157986,2012543433,645.0,633.0,636.0,-6.0,4375,3017,645.0
2024-12-30,3368938,2132190378,643.0,627.0,627.0,-9.0,5231,3017,634.0
2024-12-31,2860038,1786633032,632.0,622.0,623.0,-4.0,4342,3017,628.0
2025-01-02,4734406,2957686538,639.0,614.0,615.0,-8.0,7971,3017,623.0
2025-01-03,3713963,2302673750,626.0,611.0,624.0,9.0,4941,3017,620.0
2025-01-06,4444331,2800812549,636.0,627.0,627.0,3.0,5453,3017,632.0
2025-01-07,4232160,2697080997,642.0,634.0,637.0,10.0,5613,3017,636.0
2025-01-08,6713301,4156009386,633.0,611.0,615.0,-22.0,12858,3017,632.0
2025-01-09,13456408,7932120922,618.0,572.0,574.0,-41.0,29585,3017,616.0
2025-01-10,11796683,6553218720,576.0,545.0,549.0,-25.0,19475,3017,575.0
2025-01-13,10814033,5681171640,551.0,515.0,516.0,-33.0,17626,3017,547.0
2025-01-14,8788193,4556983379,525.0,513.0,520.0,4.0,10328,3017,520.0
2025-01-15,7652794,3889889542,522.0,500.0,502.0,-18.0,13248,3017,516.0
2025-01-16,7120252,3721762619,533.0,514.0,527.0,25.0,8818,3017,518.0
2025-01-17,10135724,5295045020,539.0,508.0,530.0,3.0,11185,3017,526.0
2025-01-20,9214658,5118792869,566.0,535.0,565.0,35.0,11422,3017,538.0
2025-01-21,6737935,3737709389,565.0,550.0,552.0,-13.0,9394,3017,565.0
2025-01-22,9315682,5338973187,581.0,562.0,579.0,27.0,11814,3017,563.0
2025-02-03,3560200,1858591994,522.0,522.0,522.0,-57.0,11820,3017,522.0
2025-02-04,22732433,11428372521,524.0,486.0,508.0,-14.0,29468,3017,519.0
2025-02-05,12455579,6594755342,543.0,519.0,526.0,18.0,14424,3017,524.0
2025-02-06,8799982,4740273835,547.0,531.0,535.0,9.0,9503,3017,531.0
2025-02-07,6696356,3629072262,549.0,531.0,549.0,14.0,8423,3017,543.0
2025-02-10,9422423,5020310382,541.0,524.0,538.0,-11.0,10726,3017,530.0
2025-02-11,7556974,4126901341,552.0,541.0,545.0,7.0,7711,3017,543.0
2025-02-12,9906875,5503758317,565.0,543.0,553.0,8.0,10753,3017,545.0
2025-02-13,6952028,3872883638,563.0,549.0,556.0,3.0,8168,3017,557.0
2025-02-14,5727340,3188099954,565.0,546.0,560.0,4.0,6761,3017,556.0
2025-02-17,6055245,3428413645,574.0,558.0,562.0,2.0,7143,3017,565.0
2025-02-18,5778691,3299679005,579.0,559.0,579.0,17.0,7296,3017,563.0
2025-02-19,6621890,3788428113,583.0,564.0,564.0,-15.0,10504,3017,581.0
2025-02-20,3523021,1980487929,569.0,555.0,563.0,-1.0,4935,3017,564.0
2025-02-21,3182727,1800075125,569.0,558.0,568.0,5.0,3963,3017,564.0
2025-02-24,8755605,4770174922,556.0,541.0,542.0,-26.0,14672,3017,554.0
2025-02-25,6405932,3387114755,539.0,523.0,528.0,-14.0,10744,3017,528.0
2025-02-26,8688661,4706990884,554.0,524.0,549.0,21.0,9377,3017,525.0
2025-02-27,10141764,5551885904,567.0,536.0,537.0,-12.0,13527,3017,553.0
2025-03-03,5256958,2757095492,533.0,519.0,519.0,-18.0,8727,3017,528.0
2025-03-04,7628957,3989250173,537.0,500.0,534.0,15.0,8986,3017,506.0
2025-03-05,14570981,8202609379,576.0,548.0,566.0,32.0,17233,3017,549.0
2025-03-06,11321459,6498990984,582.0,562.0,576.0,10.0,12208,3017,570.0
2025-03-07,9004617,5077385947,573.0,558.0,559.0,-17.0,10754,3017,566.0
2025-03-10,6749861,3830927861,576.0,561.0,564.0,5.0,7659,3017,570.0
2025-03-11,9632730,5371742875,570.0,540.0,560.0,-4.0,14650,3017,548.0
2025-03-12,8575540,4854308469,578.0,555.0,556.0,-4.0,13956,3017,567.0
2025-03-13,15444533,8853727105,582.0,564.0,566.0,10.0,16194,3017,574.0
2025-03-14,9754386,5583104890,579.0,563.0,576.0,10.0,10767,3017,573.0
2025-03-17,8647320,4936050368,587.0,560.0,561.0,-15.0,12039,3017,580.0
2025-03-18,4322809,2446311298,573.0,561.0,564.0,3.0,4723,3017,569.0
2025-03-19,9325465,5041924679,562.0,531.0,533.0,-31.0,15840,3017,562.0
2025-03-20,7343784,4014399409,558.0,537.0,551.0,18.0,8352,3017,540.0
2025-03-21,5552344,2990980357,551.0,535.0,535.0,-16.0,7703,3017,550.0
2025-03-24,8027474,4207796709,540.0,516.0,520.0,-15.0,13036,3017,539.0
2025-03-25,5007430,2647790796,536.0,523.0,526.0,6.0,5580,3017,532.0
2025-03-26,3776115,1997915888,534.0,522.0,532.0,6.0,4729,3017,527.0
2025-03-27,6570351,3424711063,530.0,511.0,530.0,-2.0,7619,3017,520.0
2025-03-28,6485205,3314881336,523.0,504.0,504.0,-26.0,11426,3017,517.0
2025-03-31,10492553,4899739845,492.0,454.0,454.0,-50.0,20924,3017,485.0
2025-04-01,6913817,3156444902,462.0,451.0,458.5,4.5,8741,3017,454.0
2025-04-02,5337726,2496523960,478.0,462.0,466.0,7.5,7262,3017,463.5
2025-04-07,295599,124003439,419.5,419.5,419.5,-46.5,1843,3017,419.5
2025-04-08,2931624,1108169610,378.0,378.0,378.0,-41.5,6841,3017,378.0
2025-04-09,10095428,3496524919,357.5,340.5,340.5,-37.5,10960,3017,346.0
2025-04-10,2646685,991183403,374.5,374.5,374.5,34.0,1450,3017,374.5
2025-04-11,16450778,6393857030,411.5,347.0,411.5,37.0,17653,3017,365.5
2025-04-14,11963470,5124998602,445.0,413.0,422.0,10.5,13610,3017,432.0
2025-04-15,7848977,3385809199,437.5,421.0,435.0,13.0,9006,3017,424.5
2025-04-16,8033731,3400215820,437.0,411.5,415.5,-19.5,11560,3017,425.0
2025-04-17,9351255,3846588341,421.0,401.0,418.5,3.0,9682,3017,409.5
2025-04-18,6511983,2709173920,421.0,410.0,417.0,-1.5,6963,3017,415.0
2025-04-21,5323387,2161500329,416.0,400.0,403.0,-14.0,6323,3017,411.0
2025-04-22,8101364,3258984828,413.5,392.5,398.5,-4.5,8548,3017,393.0
2025-04-23,7870926,3323919073,429.5,414.0,428.0,29.5,8701,3017,417.5
2025-04-24,10753572,4680639613,445.0,424.0,441.0,13.0,10784,3017,434.0
2025-04-25,14118355,6695939233,485.0,461.0,471.0,30.0,15139,3017,465.0
2025-04-28,9981629,4772882248,485.0,471.5,480.5,9.5,10084,3017,473.5
2025-04-29,5041390,2395841806,479.0,471.5,477.0,-3.5,6310,3017,478.0
2025-04-30,5199919,2433773102,474.0,463.0,464.0,-13.0,7955,3017,473.0
2025-05-02,11737408,5814304280,509.0,481.0,507.0,43.0,14274,3017,482.0
2025-05-05,9025076,4551565240,515.0,496.5,502.0,-5.0,12409,3017,512.0
2025-05-06,6653041,3398945408,516.0,495.0,513.0,11.0,7623,3017,498.0
2025-05-07,6511650,3374128462,527.0,511.0,517.0,4.0,9232,3017,520.0
2025-05-08,7660005,4018477955,530.0,515.0,526.0,9.0,8888,3017,525.0
2025-05-09,6473258,3421182476,535.0,523.0,529.0,3.0,6861,3017,530.0
2025-05-12,4399937,2368910283,541.0,533.0,541.0,12.0,5919,3017,535.0
2025-05-13,9410603,5264525896,565.0,551.0,563.0,22.0,13093,3017,559.0
2025-05-14,16172144,9856335785,617.0,602.0,609.0,46.0,20163,3017,616.0
2025-05-15,7344676,4434140075,612.0,598.0,605.0,-4.0,9948,3017,612.0
2025-05-16,4857521,2938707440,610.0,601.0,601.0,-4.0,6430,3017,608.0
2025-05-19,7709620,4652599593,612.0,595.0,595.0,-6.0,12230,3017,602.0
2025-05-20,5411507,3252775359,608.0,597.0,598.0,3.0,6215,3017,607.0
2025-05-21,8692245,5330706120,622.0,601.0,619.0,21.0,11243,3017,602.0
2025-05-22,4685517,2876478564,619.0,609.0,615.0,-4.0,6386,3017,611.0
2025-05-23,5401599,3289031815,622.0,601.0,603.0,-12.0,19165,3017,622.0
2025-05-26,4810116,2902692810,610.0,596.0,603.0,0.0,5641,3017,604.0
2025-05-27,3520495,2134010640,610.0,601.0,608.0,5.0,4546,3017,603.0
2025-05-28,6350672,3921482247,625.0,609.0,614.0,6.0,9061,3017,625.0
2025-05-29,6905967,4293666574,626.0,619.0,620.0,6.0,8575,3017,624.0
2025-06-02,7056783,4375053016,629.0,608.0,629.0,9.0,9163,3017,615.0
2025-06-03,17581899,11555221300,668.0,640.0,659.0,30.0,21337,3017,642.0
2025-06-04,16978253,11609313740,691.0,674.0,681.0,22.0,20260,3017,681.0
2025-06-05,6306761,4255157384,681.0,668.0,676.0,-5.0,8526,3017,676.0
2025-06-06,9740274,6601281481,685.0,666.0,681.0,5.0,11125,3017,677.0
2025-06-09,7697805,5234434134,693.0,679.0,682.0,1.0,7840,3017,689.0
2025-06-10,9496386,6602364443,703.0,686.0,701.0,19.0,13441,3017,687.0
2025-06-11,11657004,8342079689,724.0,702.0,724.0,23.0,15964,3017,704.0
2025-06-12,19353013,14588574938,775.0,718.0,759.0,35.0,26624,3017,723.0
2025-06-13,10336809,7826832746,768.0,745.0,763.0,4.0,13561,3017,750.0
2025-06-16,8336561,6277212744,765.0,746.0,750.0,-13.0,11730,3017,749.0
2025-06-17,10232736,7768402085,771.0,750.0,757.0,7.0,11389,3017,760.0
2025-06-18,12308298,9111817847,766.0,722.0,730.0,-27.0,29877,3017,760.0
2025-06-19,7915074,5857442583,745.0,733.0,741.0,11.0,9890,3017,735.0
2025-06-20,9294094,6747945198,740.0,713.0,734.0,-7.0,14121,3017,740.0
2025-06-23,5449121,3966880162,735.0,722.0,729.0,-5.0,7104,3017,722.0
2025-06-24,5895129,4365334510,750.0,733.0,737.0,8.0,7413,3017,742.0
2025-06-25,7176761,5364060517,758.0,739.0,745.0,8.0,9156,3017,747.0
2025-06-26,5830136,4289717701,752.0,725.0,738.0,-7.0,8345,3017,752.0
2025-06-27,4019238,2961572815,743.0,731.0,737.0,-1.0,5320,3017,742.0
2025-06-30,4109704,3039581757,745.0,732.0,743.0,6.0,5301,3017,737.0
2025-07-01,9577499,7248800705,764.0,744.0,755.0,12.0,12478,3017,749.0
2025-07-02,9705868,7419792898,778.0,753.0,759.0,4.0,11050,3017,753.0
2025-07-03,12939676,10093786630,788.0,768.0,783.0,24.0,18097,3017,770.0
2025-07-04,9125946,7189193618,800.0,775.0,777.0,-6.0,15753,3017,798.0
2025-07-07,5566516,4244713879,776.0,755.0,762.0,-15.0,8725,3017,775.0
2025-07-08,8284377,6455668147,795.0,761.0,795.0,33.0,12431,3017,770.0
2025-07-09,8679935,6982360656,812.0,787.0,811.0,16.0,12300,3017,792.0
2025-07-10,10875991,9098980604,848.0,820.0,845.0,34.0,16218,3017,822.0
2025-07-11,8846226,7316325845,844.0,815.0,827.0,-18.0,14263,3017,840.0
2025-07-14,4867054,4039863526,838.0,824.0,829.0,2.0,7305,3017,827.0
2025-07-15,8021565,6771974919,854.0,828.0,853.0,24.0,11376,3017,838.0
2025-07-16,8910759,7666213509,878.0,842.0,848.0,-5.0,13211,3017,869.0
2025-07-17,6211225,5263862563,858.0,837.0,844.0,-4.0,9316,3017,849.0
2025-07-18,9993550,8744825463,895.0,853.0,891.0,47.0,16243,3017,855.0
2025-07-21,7289416,6390505206,895.0,867.0,872.0,-19.0,13533,3017,892.0
2025-07-22,7117271,6136383209,881.0,844.0,852.0,-20.0,13058,3017,875.0
2025-07-23,6607764,5611614904,865.0,839.0,844.0,-8.0,12431,3017,858.0
2025-07-24,5267779,4488506734,862.0,840.0,856.0,12.0,7284,3017,848.0
2025-07-25,3925244,3338766933,862.0,844.0,849.0,-7.0,5893,3017,856.0
2025-07-28,4916101,4255579920,873.0,856.0,873.0,24.0,7569,3017,859.0
2025-07-29,5763303,5045451752,884.0,866.0,878.0,5.0,8391,3017,874.0
2025-07-30,5759259,5017644375,890.0,855.0,872.0,-6.0,9535,3017,884.0
2025-07-31,11243271,10250854382,929.0,879.0,923.0,51.0,18731,3017,880.0
2025-08-01,8193467,7479096097,925.0,894.0,919.0,-4.0,18440,3017,901.0
2025-08-04,6666034,6143403164,935.0,901.0,934.0,15.0,10112,3017,905.0
2025-08-05,10000699,9830600319,995.0,972.0,977.0,43.0,15294,3017,975.0
2025-08-06,8641733,8622217446,1005.0,986.0,1005.0,28.0,13202,3017,989.0
2025-08-07,4656486,4768329760,1040.0,1005.0,1025.0,20.0,8218,3017,1030.0
2025-08-08,9125367,9663531115,1090.0,1010.0,1090.0,65.0,14385,3017,1045.0
2025-08-11,6274954,6668684325,1080.0,1030.0,1080.0,-10.0,11641,3017,1070.0
2025-08-12,4643037,5006078215,1095.0,1055.0,1090.0,10.0,8528,3017,1085.0
2025-08-13,6372772,7144788850,1140.0,1090.0,1120.0,30.0,12021,3017,1120.0
2025-08-14,8394548,9156339465,1130.0,1070.0,1075.0,-45.0,17818,3017,1120.0
2025-08-15,3672606,3958131785,1095.0,1065.0,1070.0,-5.0,7807,3017,1070.0
2025-08-18,7812358,8877793565,1170.0,1085.0,1145.0,75.0,13768,3017,1085.0
2025-08-19,7130669,7891817045,1150.0,1070.0,1070.0,0.0,15362,3017,1145.0
2025-08-20,7568337,7779978555,1070.0,1005.0,1005.0,-65.0,17566,3017,1020.0
2025-08-21,6301931,6570424515,1060.0,1020.0,1050.0,45.0,9225,3017,1030.0
2025-08-22,3447617,3584646425,1070.0,1020.0,1030.0,-20.0,6987,3017,1065.0
2025-08-25,4711369,5042132390,1090.0,1055.0,1060.0,30.0,7339,3017,1080.0
2025-08-26,5822783,5976632985,1065.0,1015.0,1025.0,-35.0,10907,3017,1055.0
2025-08-27,4634041,4826760665,1055.0,1020.0,1050.0,25.0,6998,3017,1035.0
2025-08-28,8049065,8176973260,1055.0,999.0,1015.0,-35.0,16205,3017,1050.0
2025-08-29,5930548,6039671690,1030.0,1010.0,1010.0,-5.0,9239,3017,1025.0
2025-09-01,12965993,12495924300,1005.0,938.0,941.0,-69.0,32040,3017,986.0
2025-09-02,7478377,7163956714,976.0,942.0,949.0,8.0,12703,3017,964.0
2025-09-03,5278547,4981515606,954.0,936.0,936.0,-13.0,12756,3017,950.0
2025-09-04,6747256,6305801691,952.0,916.0,935.0,-1.0,13114,3017,942.0
2025-09-05,9202548,8635050234,952.0,924.0,944.0,9.0,16347,3017,950.0
2025-09-08,9220136,8911505462,981.0,950.0,964.0,20.0,15093,3017,959.0
2025-09-09,7644952,7388684205,974.0,957.0,961.0,-3.0,12139,3017,972.0
2025-09-10,10817353,10615021235,995.0,968.0,979.0,18.0,17795,3017,972.0
2025-09-11,16075555,16543998582,1065.0,992.0,1025.0,46.0,27565,3017,1000.0
2025-09-12,12446355,13132319905,1075.0,1035.0,1050.0,25.0,18836,3017,1060.0
2025-09-15,9915034,10568345270,1095.0,1040.0,1045.0,-5.0,16135,3017,1070.0
2025-09-16,7216355,7560342785,1070.0,1030.0,1040.0,-5.0,11325,3017,1060.0
2025-09-17,6541468,6610679075,1040.0,999.0,1005.0,-35.0,13280,3017,1030.0
2025-09-18,8027015,8317369060,1065.0,1000.0,1055.0,50.0,12201,3017,1015.0
2025-09-19,6438632,6731157355,1075.0,1030.0,1040.0,-15.0,8644,3017,1070.0
2025-09-22,5224907,5377914085,1055.0,1010.0,1015.0,-25.0,9722,3017,1045.0
2025-09-23,6659412,6956825835,1080.0,1010.0,1015.0,0.0,10004,3017,1060.0
2025-09-24,10754935,10559145423,1000.0,950.0,994.0,-21.0,23975,3017,997.0
2025-09-25,7976087,7758589109,997.0,959.0,960.0,-34.0,21020,3017,974.0
2025-09-26,5688933,5380537723,964.0,937.0,941.0,-19.0,13820,3017,957.0
2025-09-30,6136788,5966075691,988.0,956.0,981.0,40.0,10370,3017,956.0
2025-10-01,9476385,9563721819,1030.0,986.0,1025.0,44.0,15150,3017,988.0
2025-10-02,15041799,16504548120,1120.0,1065.0,1100.0,75.0,26063,3017,1075.0
2025-10-03,11934596,13544192730,1165.0,1090.0,1165.0,65.0,22929,3017,1115.0
2025-10-07,9519860,11064369615,1200.0,1135.0,1150.0,-15.0,16524,3017,1195.0
2025-10-08,7252745,8247372540,1160.0,1110.0,1145.0,-5.0,13761,3017,1150.0
2025-10-09,6332081,7334853170,1175.0,1130.0,1170.0,25.0,13051,3017,1165.0
2025-10-13,6936997,7866123750,1160.0,1085.0,1160.0,-10.0,12470,3017,1085.0
2025-10-14,13218749,15731062705,1230.0,1155.0,1155.0,-5.0,22312,3017,1180.0
2025-10-15,9886168,11911462725,1230.0,1165.0,1220.0,65.0,15686,3017,1180.0
2025-10-16,5608061,6741809730,1230.0,1180.0,1195.0,-25.0,12892,3017,1230.0
2025-10-17,7185867,8393214220,1220.0,1145.0,1150.0,-45.0,17587,3017,1190.0
2025-10-20,6220482,7161797955,1175.0,1135.0,1140.0,-10.0,9759,3017,1170.0
2025-10-21,5845773,6827866455,1200.0,1150.0,1155.0,15.0,9364,3017,1150.0
2025-10-22,4495878,5209093885,1180.0,1120.0,1175.0,20.0,7417,3017,1130.0
2025-10-23,3790271,4417609875,1175.0,1150.0,1170.0,-5.0,6233,3017,1160.0
2025-10-27,5918927,7066053735,1220.0,1180.0,1190.0,20.0,8463,3017,1205.0
2025-10-28,13577543,17473193745,1305.0,1240.0,1300.0,110.0,25273,3017,1245.0
2025-10-29,7916687,10420710390,1335.0,1290.0,1330.0,30.0,13609,3017,1320.0
2025-10-30,11618364,16233953960,1425.0,1360.0,1410.0,80.0,18756,3017,1370.0
2025-10-31,6889584,9797582055,1440.0,1395.0,1425.0,15.0,12448,3017,1440.0
2025-11-03,6609856,9742543915,1495.0,1445.0,1495.0,70.0,11693,3017,1450.0
2025-11-04,5815364,8510197505,1510.0,1430.0,1435.0,-60.0,16512,3017,1510.0
2025-11-05,11014399,15913893775,1475.0,1390.0,1445.0,10.0,17201,3017,1395.0
2025-11-06,6544619,9775429695,1510.0,1470.0,1495.0,50.0,11894,3017,1485.0
2025-11-07,6163276,9151295990,1510.0,1465.0,1465.0,-30.0,11171,3017,1480.0
2025-11-10,8217203,12520194725,1570.0,1460.0,1550.0,85.0,15126,3017,1505.0
2025-11-11,7563454,11707943295,1570.0,1520.0,1540.0,-10.0,15198,3017,1560.0
2025-11-12,7957940,12200641990,1585.0,1500.0,1505.0,-35.0,16985,3017,1555.0
2025-11-13,6776412,10088952570,1515.0,1470.0,1495.0,-10.0,16429,3017,1505.0
2025-11-14,9611190,13660645660,1455.0,1400.0,1420.0,-75.0,26590,3017,1435.0
2025-11-17,5124431,7324452315,1460.0,1410.0,1420.0,0.0,10260,3017,1435.0
2025-11-18,5798659,8045522250,1410.0,1370.0,1370.0,-50.0,15932,3017,1400.0
2025-11-19,5470504,7419596945,1385.0,1335.0,1340.0,-30.0,13457,3017,1355.0
2025-11-20,9005212,12297418710,1420.0,1330.0,1335.0,-5.0,19534,3017,1420.0
2025-11-21,13052742,16068223615,1280.0,1205.0,1240.0,-95.0,34145,3017,1250.0
2025-11-24,8138459,10016493895,1260.0,1210.0,1245.0,5.0,15487,3017,1260.0
2025-11-25,10653298,13747004185,1340.0,1240.0,1315.0,70.0,18525,3017,1300.0
2025-11-26,8361725,11452737005,1390.0,1340.0,1385.0,70.0,16957,3017,1350.0
2025-11-27,6696881,9337940160,1420.0,1370.0,1395.0,10.0,13926,3017,1400.0
2025-11-28,4674610,6498432335,1410.0,1375.0,1375.0,-20.0,12414,3017,1405.0
2025-12-01,4953191,6674854415,1385.0,1330.0,1340.0,-35.0,14481,3017,1380.0
2025-12-02,7665974,10381696540,1410.0,1310.0,1315.0,-25.0,19341,3017,1360.0
2025-12-03,5764345,7788445300,1365.0,1320.0,1355.0,40.0,8704,3017,1340.0
2025-12-04,5497875,7425224125,1385.0,1325.0,1325.0,-30.0,11777,3017,1370.0
2025-12-05,8314708,11465832580,1405.0,1340.0,1385.0,60.0,14479,3017,1345.0
2025-12-08,3875456,5381102435,1400.0,1370.0,1385.0,0.0,7474,3017,1400.0
2025-12-09,6722511,9465023720,1430.0,1380.0,1410.0,25.0,12052,3017,1400.0
2025-12-10,4737458,6710823195,1430.0,1390.0,1425.0,15.0,9404,3017,1415.0
2025-12-11,6854831,9802328950,1450.0,1405.0,1430.0,5.0,13192,3017,1445.0
2025-12-12,5865475,8510179035,1485.0,1425.0,1425.0,-5.0,10942,3017,1460.0
2025-12-15,5675750,7815851285,1390.0,1365.0,1380.0,-45.0,16973,3017,1375.0
2025-12-16,4565277,6204501320,1390.0,1340.0,1345.0,-35.0,13214,3017,1365.0
2025-12-17,2963422,4005968095,1380.0,1340.0,1340.0,-5.0,7533,3017,1350.0
2025-12-18,1937359,2605663235,1365.0,1325.0,1360.0,20.0,5101,3017,1330.0
2025-12-19,6314924,8971550145,1450.0,1380.0,1450.0,90.0,15026,3017,1385.0
2025-12-22,5388668,8009926700,1505.0,1465.0,1475.0,25.0,13344,3017,1495.0
2025-12-23,4084157,6120438780,1510.0,1475.0,1510.0,35.0,10671,3017,1485.0
2025-12-24,2659963,3990098495,1525.0,1485.0,1500.0,-10.0,8395,3017,1520.0
2025-12-26,2493370,3757314985,1520.0,1495.0,1520.0,20.0,7100,3017,1505.0
2025-12-29,3494079,5354561885,1550.0,1505.0,1545.0,25.0,9515,3017,1520.0
2025-12-30,1929146,2961234895,1550.0,1525.0,1530.0,-15.0,5488,3017,1530.0
2025-12-31,3301831,5046034645,1560.0,1510.0,1510.0,-20.0,8572,3017,1530.0
2026-01-02,5780257,8489042455,1540.0,1440.0,1455.0,-55.0,20772,3017,1535.0
2026-01-05,4412179,6391480390,1465.0,1430.0,1450.0,-5.0,14307,3017,1450.0
2026-01-06,6635971,9483708785,1490.0,1410.0,1425.0,-25.0,19287,3017,1480.0
2026-01-07,8590829,11985918760,1460.0,1375.0,1375.0,-50.0,34339,3017,1440.0
2026-01-08,7760960,10689978190,1410.0,1345.0,1355.0,-20.0,22197,3017,1350.0
2026-01-09,6867721,9535800465,1415.0,1360.0,1375.0,20.0,16110,3017,1370.0
2026-01-12,5695057,7775639930,1400.0,1340.0,1355.0,-20.0,21503,3017,1395.0
2026-01-13,4710863,6394771428,1390.0,1335.0,1345.0,-10.0,17104,3017,1375.0
2026-01-14,6359542,8942176975,1425.0,1360.0,1420.0,75.0,16191,3017,1365.0
2026-01-15,5284664,7300102445,1425.0,1360.0,1380.0,-40.0,16231,3017,1420.0
2026-01-16,4857493,6626400820,1395.0,1350.0,1360.0,-20.0,15959,3017,1395.0
2026-01-19,9552812,12409257815,1360.0,1275.0,1280.0,-80.0,47325,3017,1355.0
2026-01-20,4832354,6217964285,1305.0,1265.0,1295.0,15.0,13136,3017,1275.0
2026-01-21,3616028,4671666900,1310.0,1280.0,1280.0,-15.0,11609,3017,1285.0
2026-01-22,7901222,10567497865,1370.0,1265.0,1355.0,75.0,19468,3017,1320.0
2026-01-23,4242687,5805203913,1385.0,1355.0,1375.0,20.0,10006,3017,1385.0
2026-01-26,4133584,5719309050,1405.0,1365.0,1370.0,-5.0,9725,3017,1390.0
2026-01-27,6606873,9370966435,1440.0,1375.0,1420.0,50.0,17358,3017,1380.0
2026-01-28,5845271,8485076555,1470.0,1430.0,1465.0,45.0,14912,3017,1445.0
2026-01-29,9257577,13759185210,1510.0,1450.0,1495.0,30.0,23344,3017,1480.0
2026-01-30,6913370,9946713945,1495.0,1400.0,1460.0,-35.0,18337,3017,1490.0
2026-02-02,7071740,10437827835,1505.0,1415.0,1490.0,30.0,17818,3017,1440.0
2026-02-03,14952322,23901100955,1635.0,1545.0,1635.0,145.0,37042,3017,1550.0
2026-02-04,10085080,16811953680,1710.0,1625.0,1675.0,40.0,21700,3017,1645.0
2026-02-05,6535909,10892515541,1720.0,1630.0,1630.0,-45.0,16842,3017,1665.0
2026-02-06,6375872,10111056350,1625.0,1535.0,1595.0,-35.0,18525,3017,1605.0
2026-02-09,5674608,9202968900,1680.0,1585.0,1600.0,5.0,17444,3017,1680.0
2026-02-10,3737625,6021530620,1645.0,1590.0,1620.0,20.0,8902,3017,1625.0
2026-02-11,3294642,5266533000,1620.0,1560.0,1605.0,-15.0,10183,3017,1610.0
2026-02-23,6287420,9769752650,1650.0,1515.0,1520.0,-85.0,29065,3017,1650.0
2026-02-24,4176128,6414465095,1560.0,1510.0,1550.0,30.0,12284,3017,1535.0
2026-02-25,8984346,14809374795,1695.0,1560.0,1675.0,125.0,24958,3017,1565.0
2026-02-26,10544482,18338271690,1785.0,1665.0,1765.0,90.0,23134,3017,1680.0
2026-03-02,5311930,9409524235,1800.0,1715.0,1765.0,0.0,12972,3017,1720.0
2026-03-03,8804200,16185755980,1910.0,1780.0,1795.0,30.0,23617,3017,1830.0
2026-03-04,6886787,12036586325,1795.0,1670.0,1750.0,-45.0,18351,3017,1775.0
2026-03-05,5484692,10145440390,1900.0,1795.0,1820.0,70.0,13163,3017,1860.0
2026-03-06,4254526,7835190860,1885.0,1785.0,1845.0,25.0,9816,3017,1810.0
2026-03-09,4090895,6840998490,1700.0,1665.0,1665.0,-180.0,22758,3017,1665.0
2026-03-10,6547366,11174860850,1745.0,1665.0,1695.0,30.0,13975,3017,1735.0
2026-03-11,5418586,9859306450,1860.0,1740.0,1860.0,165.0,15699,3017,1740.0
2026-03-12,6700536,12775300075,1955.0,1870.0,1875.0,15.0,15003,3017,1900.0
2026-03-13,5993158,11284071615,1930.0,1815.0,1865.0,-10.0,13010,3017,1855.0
2026-03-16,4314909,8094126872,1920.0,1830.0,1830.0,-35.0,12601,3017,1890.0
2026-03-17,5606630,10715856695,1970.0,1860.0,1905.0,75.0,12937,3017,1870.0
2026-03-18,5543887,10498849744,1955.0,1850.0,1850.0,-55.0,19177,3017,1935.0
2026-03-19,10256997,20359184885,2035.0,1835.0,2015.0,165.0,28171,3017,1835.0
2026-03-20,6991270,14028231360,2060.0,1945.0,2050.0,35.0,15320,3017,2010.0
2026-03-23,5032899,10003165310,2045.0,1955.0,1995.0,-55.0,17344,3017,1985.0
2026-03-24,6721340,13285093275,2030.0,1915.0,1945.0,-50.0,16040,3017,2020.0
2026-03-25,5596612,11561071315,2100.0,2015.0,2100.0,155.0,15086,3017,2020.0
2026-03-26,8504254,19327999055,2310.0,2175.0,2275.0,175.0,20963,3017,2200.0
2026-03-27,5491400,12019459870,2225.0,2120.0,2195.0,-80.0,16496,3017,2200.0
2026-03-30,3278469,6964115850,2155.0,2075.0,2135.0,-60.0,12843,3017,2115.0
2026-03-31,5757841,11549811957,2115.0,1945.0,1990.0,-145.0,22746,3017,2100.0
2026-04-01,4034786,8527625450,2135.0,2065.0,2110.0,120.0,10941,3017,2120.0
2026-04-02,3100871,6506852315,2150.0,2065.0,2070.0,-40.0,9013,3017,2140.0
2026-04-07,4775019,9925106585,2175.0,2015.0,2030.0,-40.0,13530,3017,2150.0
2026-04-08,3868944,8534929125,2230.0,2150.0,2230.0,200.0,13335,3017,2200.0
2026-04-09,4576820,10249205525,2290.0,2200.0,2235.0,5.0,11961,3017,2260.0
2026-04-10,3201925,7290607325,2320.0,2230.0,2265.0,30.0,8945,3017,2305.0
2026-04-13,3120709,6888166755,2280.0,2185.0,2200.0,-65.0,13471,3017,2280.0
2026-04-14,3772108,8712261840,2345.0,2260.0,2310.0,110.0,11974,3017,2260.0
2026-04-15,3238805,7606030025,2375.0,2310.0,2325.0,15.0,8717,3017,2375.0
2026-04-16,4611118,11271681445,2515.0,2365.0,2440.0,115.0,12313,3017,2380.0
2026-04-17,3933545,9529538139,2485.0,2375.0,2400.0,-40.0,13462,3017,2435.0
2026-04-20,3547518,8767850520,2515.0,2395.0,2490.0,90.0,10224,3017,2410.0
2026-04-21,4107167,10423384865,2585.0,2450.0,2565.0,75.0,11967,3017,2560.0
2026-04-22,5151543,13906393922,2800.0,2580.0,2695.0,130.0,16685,3017,2585.0
2026-04-23,6812966,18599861205,2875.0,2585.0,2680.0,-15.0,24452,3017,2770.0
2026-04-24,5243084,15215988480,2945.0,2760.0,2945.0,265.0,19510,3017,2770.0
2026-04-27,6583986,19058501835,3010.0,2820.0,2835.0,-110.0,32048,3017,2990.0
2026-04-28,5933190,16770578225,2990.0,2755.0,2780.0,-55.0,26759,3017,2885.0
2026-04-29,4122743,11663341455,2895.0,2735.0,2835.0,55.0,12734,3017,2735.0
2026-04-30,3420271,9711527456,2870.0,2805.0,2835.0,0.0,11466,3017,2840.0
2026-05-04,3728835,10768455685,2975.0,2815.0,2885.0,50.0,12490,3017,2920.0
2026-05-05,8453094,23099338620,2845.0,2655.0,2705.0,-180.0,56886,3017,2815.0
2026-05-06,11438234,28549491260,2685.0,2435.0,2435.0,-270.0,107040,3017,2680.0
2026-05-07,11314013,27505267905,2500.0,2380.0,2415.0,-20.0,53351,3017,2445.0
2026-05-08,5937295,14501631015,2500.0,2350.0,2445.0,30.0,28876,3017,2405.0
2026-05-11,6204661,15814319510,2590.0,2455.0,2555.0,110.0,28694,3017,2485.0
2026-05-12,5010847,12858115180,2625.0,2520.0,2520.0,-35.0,22584,3017,2625.0
2026-05-13,6267261,16068612240,2625.0,2500.0,2585.0,65.0,23095,3017,2545.0
2026-05-14,7168071,19001413425,2775.0,2555.0,2555.0,-30.0,29772,3017,2700.0
2026-05-15,6646560,17045921560,2735.0,2445.0,2455.0,-100.0,37205,3017,2690.0
2026-05-18,4751185,11282056565,2435.0,2300.0,2410.0,-45.0,26243,3017,2350.0
2026-05-19,3542685,8556803655,2470.0,2370.0,2390.0,-20.0,14843,3017,2455.0
2026-05-20,3568975,8444857406,2435.0,2325.0,2340.0,-50.0,20659,3017,2425.0
2026-05-21,3762794,9313044865,2515.0,2415.0,2495.0,155.0,15490,3017,2445.0
2026-05-22,5501063,13965964590,2610.0,2470.0,2545.0,50.0,21650,3017,2550.0
2026-05-25,5688149,14770448085,2640.0,2545.0,2575.0,30.0,24641,3017,2625.0
2026-05-26,6239924,16686855990,2750.0,2570.0,2725.0,150.0,29425,3017,2590.0
2026-05-27,4384212,12112986195,2835.0,2695.0,2700.0,-25.0,22061,3017,2800.0
2026-05-28,5097423,13522980400,2795.0,2540.0,2580.0,-120.0,32263,3017,2740.0
2026-05-29,9351169,25024183485,2730.0,2615.0,2665.0,85.0,17500,3017,2680.0
2026-06-01,5090031,14219678560,2835.0,2705.0,2785.0,120.0,22986,3017,2705.0
2026-06-02,4220815,11577589785,2835.0,2650.0,2700.0,-85.0,23554,3017,2800.0
2026-06-03,6908395,19863474820,2965.0,2700.0,2855.0,155.0,28410,3017,2750.0
2026-06-04,4446507,12139646015,2820.0,2675.0,2710.0,-145.0,26386,3017,2805.0
2026-06-05,4900550,12694006585,2680.0,2505.0,2600.0,-110.0,31023,3017,2680.0
2026-06-08,4356915,10736707610,2570.0,2340.0,2570.0,-30.0,22359,3017,2340.0
2026-06-09,6361937,15981947935,2575.0,2440.0,2545.0,-25.0,27677,3017,2575.0
2026-06-10,5878553,14190024820,2505.0,2350.0,2360.0,-185.0,51628,3017,2490.0
2026-06-11,4531372,10578731600,2445.0,2260.0,2335.0,-25.0,23010,3017,2340.0
2026-06-12,2490291,6035173930,2480.0,2380.0,2405.0,70.0,10454,3017,2465.0
2026-06-15,2107865,5135902405,2475.0,2410.0,2410.0,5.0,10950,3017,2475.0
2026-06-16,3025487,7242860310,2470.0,2370.0,2370.0,-40.0,18566,3017,2455.0
2026-06-17,3829529,9054502255,2440.0,2330.0,2365.0,-5.0,20189,3017,2365.0
2026-06-18,3318114,7964551140,2425.0,2365.0,2400.0,35.0,11953,3017,2400.0
2026-06-22,3254412,7936185690,2490.0,2380.0,2420.0,20.0,14236,3017,2465.0
2026-06-23,3079821,7492793463,2475.0,2400.0,2425.0,5.0,11491,3017,2455.0
