date,capacity,turnover,high,low,close,change,transaction_volume,stock_code_id,open
2015-01-05,629691,29263769,46.85,46.3,46.85,0.35,433,3036,46.5
2015-01-06,1530045,70333908,46.6,45.6,45.7,-1.15,1062,3036,46.6
2015-01-07,1673959,77043403,46.25,45.6,46.1,0.4,887,3036,45.6
2015-01-08,1263267,58504490,46.5,46.15,46.25,0.15,813,3036,46.5
2015-01-09,2824600,133503937,47.8,46.7,47.5,1.25,1511,3036,46.7
2015-01-12,3040349,145557801,48.15,47.2,48.05,0.55,1536,3036,47.4
2015-01-13,2887951,135647287,47.35,46.3,46.9,0.0,1539,3036,47.0
2015-01-14,1400907,65769782,47.15,46.7,47.1,0.2,908,3036,46.9
2015-01-15,729698,34222510,47.1,46.65,46.8,-0.3,415,3036,47.1
2015-01-16,1118348,52106444,46.75,46.4,46.5,-0.3,688,3036,46.65
2015-01-19,947521,44001414,46.95,46.05,46.15,-0.35,545,3036,46.6
2015-01-20,567942,26314351,46.45,46.15,46.4,0.25,359,3036,46.15
2015-01-21,855076,39749614,46.7,46.35,46.35,-0.05,547,3036,46.45
2015-01-22,1805213,85160311,47.45,46.55,47.25,0.9,1115,3036,46.55
2015-01-23,3163521,151654496,48.8,47.3,47.8,0.55,1606,3036,47.5
2015-01-26,1058788,50205761,47.8,47.25,47.3,-0.5,669,3036,47.8
2015-01-27,1304360,61532220,47.5,46.95,47.0,-0.3,838,3036,47.3
2015-01-28,1399207,65477552,47.0,46.7,46.7,-0.3,703,3036,46.9
2015-01-29,1806704,83700007,46.65,46.2,46.2,-0.5,1125,3036,46.55
2015-01-30,900477,41749721,46.6,46.2,46.2,0.0,569,3036,46.3
2015-02-02,2303442,105245782,46.25,45.2,45.6,-0.6,1593,3036,46.2
2015-02-03,3552877,163676621,47.0,45.3,46.35,0.75,2285,3036,45.4
2015-02-04,4161045,195630265,47.6,46.45,47.3,0.95,2369,3036,46.8
2015-02-05,2358585,111813254,47.8,46.65,47.4,0.1,1060,3036,47.0
2015-02-06,1985097,94108918,47.6,47.1,47.4,0.0,1069,3036,47.4
2015-02-09,2262902,107675097,47.7,47.35,47.6,0.2,1122,3036,47.4
2015-02-10,6239657,301868176,48.6,48.05,48.1,0.5,3087,3036,48.05
2015-02-11,7991115,383917929,48.75,47.3,48.45,0.35,5319,3036,47.5
2015-02-12,4345159,210159682,48.55,48.1,48.15,-0.3,2727,3036,48.45
2015-02-13,3520149,170917867,48.8,48.2,48.4,0.25,2047,3036,48.25
2015-02-24,3889320,188001060,48.75,47.85,48.0,-0.4,2385,3036,48.6
2015-02-25,2073078,100295520,48.5,47.9,48.4,0.4,1581,3036,48.0
2015-02-26,2798135,135434659,48.7,47.9,48.7,0.3,1649,3036,48.0
2015-03-02,3119469,149561011,48.7,47.6,47.65,-1.05,1926,3036,48.7
2015-03-03,1067745,51109096,48.0,47.65,47.85,0.2,610,3036,47.65
2015-03-04,3039109,144902399,48.4,47.3,48.35,0.5,2030,3036,47.5
2015-03-05,1234999,59392385,48.35,47.85,47.95,-0.4,801,3036,48.35
2015-03-06,3703655,179877456,49.0,47.8,48.7,0.75,1902,3036,48.0
2015-03-09,4821420,237307241,49.9,48.4,49.5,0.8,2584,3036,48.75
2015-03-10,3273839,162423311,50.5,49.0,49.0,-0.5,2050,3036,49.5
2015-03-11,2448882,118926846,48.8,48.15,48.7,-0.3,1079,3036,48.15
2015-03-12,1547287,75297778,49.0,48.2,48.75,0.05,1100,3036,48.2
2015-03-13,2051213,101353687,49.65,49.1,49.1,0.35,1231,3036,49.3
2015-03-16,1910292,93079300,49.05,48.55,48.55,-0.55,1472,3036,48.8
2015-03-17,1283075,62524977,49.05,48.6,48.65,0.1,786,3036,48.95
2015-03-18,1781866,86664671,48.85,48.5,48.75,0.1,1099,3036,48.65
2015-03-19,976801,47771500,49.15,48.8,48.9,0.15,616,3036,49.1
2015-03-20,1723367,83837906,49.0,48.5,49.0,0.1,1092,3036,48.7
2015-03-23,961740,46959047,49.1,48.65,48.65,-0.35,690,3036,49.0
2015-03-24,843386,41009802,48.85,48.5,48.5,-0.15,648,3036,48.65
2015-03-25,2070836,99476203,48.4,47.8,47.9,-0.6,1115,3036,48.3
2015-03-26,1461984,69768962,47.9,47.5,47.7,-0.2,1093,3036,47.6
2015-03-27,861265,41254245,48.05,47.7,47.85,0.15,478,3036,47.7
2015-03-30,2524843,120471480,48.0,47.55,47.75,-0.1,952,3036,47.85
2015-03-31,1293358,62277479,48.45,47.85,48.35,0.6,796,3036,47.85
2015-04-01,752100,36074975,48.2,47.85,47.85,-0.5,607,3036,48.0
2015-04-02,1482907,71721710,48.6,48.0,48.3,0.45,904,3036,48.2
2015-04-07,1545188,74804806,48.6,48.15,48.3,0.0,888,3036,48.2
2015-04-08,2156886,104108289,48.65,48.05,48.15,-0.15,1246,3036,48.15
2015-04-09,1326143,63680474,48.15,47.9,48.0,-0.15,890,3036,48.05
2015-04-10,1196872,57361411,48.1,47.85,47.85,-0.15,776,3036,48.0
2015-04-13,1259128,60555062,48.4,47.85,47.9,0.05,848,3036,48.15
2015-04-14,659143,31677064,48.3,47.95,48.0,0.1,465,3036,48.0
2015-04-15,2406578,114551345,48.2,47.3,47.4,-0.6,1252,3036,48.0
2015-04-16,2108842,99839614,47.6,47.2,47.25,-0.15,1187,3036,47.4
2015-04-17,2962543,138428822,47.45,46.4,46.55,-0.7,1399,3036,47.35
2015-04-20,1518423,70747776,46.75,46.45,46.5,-0.05,689,3036,46.5
2015-04-21,1593888,74014587,46.9,46.15,46.45,-0.05,1004,3036,46.6
2015-04-22,1038309,48517223,47.15,46.5,47.0,0.55,651,3036,46.5
2015-04-23,1661480,78008760,47.2,46.8,47.0,0.0,1157,3036,47.1
2015-04-24,1562960,73486420,47.2,46.9,46.95,-0.05,868,3036,47.0
2015-04-27,1013126,47653272,47.25,46.9,47.0,0.05,634,3036,47.0
2015-04-28,1574325,75098496,48.05,47.1,47.65,0.65,885,3036,47.1
2015-04-29,4101370,199067776,48.9,48.2,48.25,0.6,1985,3036,48.6
2015-04-30,1408563,68069616,48.55,48.15,48.3,0.05,863,3036,48.5
2015-05-04,1862940,90687238,48.9,48.5,48.8,0.5,1079,3036,48.85
2015-05-05,1762280,85436257,49.1,48.25,48.3,-0.5,1129,3036,49.0
2015-05-06,2733057,132299494,48.65,48.25,48.35,0.05,1464,3036,48.6
2015-05-07,1408780,68171769,48.55,48.2,48.4,0.05,875,3036,48.3
2015-05-08,2749800,132235039,48.7,47.6,47.7,-0.7,1603,3036,48.6
2015-05-11,2008183,95336137,48.1,47.25,47.6,-0.1,1297,3036,47.95
2015-05-12,1688795,80156067,47.65,47.3,47.55,-0.05,1086,3036,47.6
2015-05-13,1880188,88974015,47.55,47.15,47.25,-0.3,1264,3036,47.55
2015-05-14,3485385,162908920,47.15,46.5,46.65,-0.6,1953,3036,47.15
2015-05-15,2663979,123684913,46.95,46.1,46.75,0.1,1207,3036,46.95
2015-05-18,1505559,70020338,46.8,46.3,46.5,-0.25,1018,3036,46.75
2015-05-19,1714644,80219358,46.9,46.6,46.8,0.3,976,3036,46.6
2015-05-20,1281925,60072175,46.95,46.6,46.95,0.15,957,3036,46.9
2015-05-21,729947,34130958,46.85,46.6,46.75,-0.2,600,3036,46.65
2015-05-22,1388464,64874786,46.95,46.6,46.6,-0.15,1101,3036,46.8
2015-05-25,574433,26854809,46.9,46.6,46.75,0.15,420,3036,46.6
2015-05-26,595779,27863328,46.95,46.6,46.9,0.15,391,3036,46.85
2015-05-27,1137979,53430055,47.2,46.65,47.15,0.25,654,3036,46.65
2015-05-28,1193118,56637091,47.65,47.25,47.6,0.45,915,3036,47.25
2015-05-29,1412685,66644758,47.6,46.9,47.25,-0.35,830,3036,47.6
2015-06-01,933282,43671354,47.25,46.6,46.85,-0.4,552,3036,47.25
2015-06-02,1361753,63707682,46.9,46.65,46.75,-0.1,874,3036,46.85
2015-06-03,1829102,84959988,47.0,46.3,46.45,-0.3,1253,3036,46.65
2015-06-04,2685286,123427314,46.4,45.2,45.65,-0.8,1384,3036,46.35
2015-06-05,1220592,55228457,45.65,45.05,45.3,-0.35,727,3036,45.5
2015-06-08,1261608,57896767,46.35,45.05,46.0,0.7,919,3036,45.3
2015-06-09,1860397,85297010,46.3,45.35,45.5,-0.5,1090,3036,46.0
2015-06-10,1053457,48478589,46.5,45.2,46.05,0.55,836,3036,45.3
2015-06-11,1203933,55085978,46.15,45.25,45.75,-0.3,827,3036,46.1
2015-06-12,584839,26772328,45.9,45.6,45.9,0.15,511,3036,45.7
2015-06-15,578629,26726194,46.35,45.8,46.2,0.3,501,3036,45.8
2015-06-16,470780,21621531,46.3,45.7,45.95,-0.25,388,3036,46.0
2015-06-17,710269,32595353,46.2,45.65,45.7,-0.25,575,3036,45.7
2015-06-18,607205,27991875,46.5,45.8,46.5,0.8,491,3036,46.1
2015-06-22,614121,28712125,47.0,46.6,46.75,0.25,437,3036,47.0
2015-06-23,811924,37789205,47.0,46.2,46.4,-0.35,516,3036,46.8
2015-06-24,401817,18638237,46.6,46.25,46.5,0.1,340,3036,46.5
2015-06-25,774481,36051061,46.7,46.45,46.5,0.0,566,3036,46.6
2015-06-26,484007,22578921,46.75,46.55,46.7,0.2,294,3036,46.55
2015-06-29,740885,34346756,46.6,46.05,46.4,-0.3,512,3036,46.6
2015-06-30,369181,17163866,46.6,46.2,46.5,0.1,240,3036,46.2
2015-07-01,799312,37212881,46.75,46.45,46.65,0.15,449,3036,46.5
2015-07-02,1270270,58977620,46.7,46.25,46.45,-0.2,805,3036,46.7
2015-07-03,1096553,50681039,46.55,46.0,46.0,-0.45,788,3036,46.55
2015-07-06,959485,44044359,46.2,45.7,45.8,-0.2,534,3036,46.1
2015-07-07,255804,11789784,46.25,45.85,46.1,0.3,187,3036,45.85
2015-07-08,1455878,66192179,46.45,45.15,45.2,-0.9,896,3036,46.45
2015-07-09,2089597,92606762,45.0,43.7,44.5,-0.7,1036,3036,44.7
2015-07-13,1023846,46612180,45.8,45.25,45.5,1.0,658,3036,45.5
2015-07-14,1250421,57312778,46.3,45.4,45.45,-0.05,642,3036,46.0
2015-07-15,501519,22870410,46.0,45.45,45.55,0.1,347,3036,46.0
2015-07-16,627398,28803361,46.0,45.7,46.0,0.45,557,3036,45.9
2015-07-17,841230,38966201,46.45,46.1,46.35,0.35,629,3036,46.1
2015-07-20,1243248,57407408,46.5,45.8,46.1,-0.25,712,3036,46.5
2015-07-21,1177562,54018972,46.2,45.75,45.8,-0.3,620,3036,46.2
2015-07-22,792640,35988436,45.6,45.25,45.3,-0.5,564,3036,45.5
2015-07-23,1560834,69958495,45.2,44.45,44.75,-0.55,934,3036,45.2
2015-07-24,1283693,57276785,45.0,44.45,44.45,-0.3,587,3036,44.75
2015-07-27,1525452,67001676,44.4,43.35,43.5,-0.95,744,3036,44.4
2015-07-28,1124944,48694511,43.45,42.95,43.3,-0.2,650,3036,43.35
2015-07-29,2307604,100311163,43.75,43.0,43.75,0.45,826,3036,43.4
2015-07-30,4024036,178650386,44.75,43.8,44.6,0.85,1329,3036,43.8
2015-07-31,2946221,111761868,38.25,37.75,37.85,0.0,1260,3036,38.2
2015-08-03,1726519,64557483,37.8,37.0,37.1,-0.75,885,3036,37.8
2015-08-04,1589410,58832596,37.55,36.55,36.55,-0.55,987,3036,37.2
2015-08-05,1760672,64580696,36.95,36.5,36.7,0.15,1026,3036,36.6
2015-08-06,704297,25972763,37.1,36.7,37.05,0.35,513,3036,36.7
2015-08-07,1792983,65347016,36.8,36.05,36.3,-0.75,966,3036,36.7
2015-08-10,1037230,37428292,36.35,35.65,36.3,0.0,708,3036,36.05
2015-08-11,1127734,40903238,36.7,35.8,36.0,-0.3,627,3036,36.7
2015-08-12,1543664,54617654,35.9,35.1,35.2,-0.8,878,3036,35.9
2015-08-13,1419495,49602289,35.35,34.65,34.95,-0.25,898,3036,35.05
2015-08-14,849860,29775443,35.35,34.65,35.25,0.3,668,3036,34.65
2015-08-17,1195711,41739440,35.1,34.7,34.9,-0.35,759,3036,35.05
2015-08-18,978451,33974835,35.1,34.45,34.8,-0.1,589,3036,34.9
2015-08-19,1632523,55570613,34.65,33.7,33.95,-0.85,818,3036,34.6
2015-08-20,1306451,44374808,34.35,33.7,34.05,0.1,683,3036,33.7
2015-08-21,1816314,60040294,33.8,32.7,33.2,-0.85,1025,3036,33.6
2015-08-24,5924984,179154899,32.8,29.9,30.1,-3.1,2227,3036,32.8
2015-08-25,4833702,144345925,30.15,29.45,30.1,0.0,1832,3036,29.5
2015-08-26,2944311,89002371,31.4,29.7,31.4,1.3,1537,3036,30.05
2015-08-27,2627164,85489521,32.9,31.95,32.8,1.4,1448,3036,32.0
2015-08-28,2939932,97606181,33.7,32.95,33.2,0.4,1413,3036,33.1
2015-08-31,1442346,47796749,33.35,32.85,33.0,-0.2,735,3036,33.2
2015-09-01,1646654,54436345,33.3,32.85,32.95,-0.05,1015,3036,33.0
2015-09-02,2289450,74607980,32.75,32.4,32.7,-0.25,1361,3036,32.75
2015-09-03,1885032,62667934,33.8,32.8,33.35,0.65,1036,3036,32.85
2015-09-04,1416105,47102610,33.6,33.0,33.2,-0.15,764,3036,33.45
2015-09-07,1095692,36115402,33.2,32.7,33.1,-0.1,720,3036,33.0
2015-09-08,818773,27244608,33.4,33.0,33.2,0.1,571,3036,33.0
2015-09-09,2414925,81299316,34.1,33.45,34.1,0.9,1530,3036,33.5
2015-09-10,1808798,61249003,34.0,33.6,33.95,-0.15,1377,3036,34.0
2015-09-11,2141792,74135505,35.05,33.8,34.65,0.7,1217,3036,33.95
2015-09-14,1816820,62677534,35.0,34.2,34.35,-0.3,1197,3036,34.95
2015-09-15,1344059,46108259,34.6,34.0,34.2,-0.15,773,3036,34.6
2015-09-16,874459,29926755,34.45,34.05,34.35,0.15,640,3036,34.2
2015-09-17,992729,34518436,34.95,34.45,34.85,0.5,591,3036,34.6
2015-09-18,2014444,70306610,35.15,34.5,34.65,-0.2,924,3036,34.95
2015-09-21,1209349,41188140,34.3,33.9,34.05,-0.6,836,3036,34.2
2015-09-22,1019760,34700408,34.2,33.95,34.0,-0.05,802,3036,34.1
2015-09-23,1636241,55008636,33.8,33.5,33.6,-0.4,961,3036,33.7
2015-09-24,1124659,37508549,33.75,33.1,33.5,-0.1,734,3036,33.6
2015-09-25,1250421,41404463,33.4,32.9,33.35,-0.15,829,3036,33.2
2015-09-30,978768,32264125,33.2,32.9,32.95,-0.4,800,3036,33.0
2015-10-01,1149292,38161496,33.4,32.9,33.25,0.3,815,3036,33.0
2015-10-02,725735,24411427,33.8,33.25,33.8,0.55,575,3036,33.4
2015-10-05,1175376,40263877,34.45,33.8,34.35,0.55,820,3036,33.9
2015-10-06,877320,30306813,34.85,34.3,34.4,0.05,594,3036,34.55
2015-10-07,680793,23451004,34.6,34.15,34.45,0.05,533,3036,34.5
2015-10-08,984118,34022872,34.85,34.35,34.55,0.1,657,3036,34.5
2015-10-12,2013927,70844493,35.45,34.8,35.4,0.85,1200,3036,34.85
2015-10-13,1601163,57047830,35.85,35.45,35.55,0.15,920,3036,35.5
2015-10-14,958594,33821009,35.55,35.05,35.55,0.0,688,3036,35.5
2015-10-15,1017610,36341522,35.85,35.55,35.8,0.25,695,3036,35.55
2015-10-16,1657556,59792643,36.25,35.7,36.25,0.45,621,3036,35.95
2015-10-19,912197,32967740,36.35,36.05,36.1,-0.15,653,3036,36.3
2015-10-20,1105081,39844981,36.25,35.9,36.25,0.15,665,3036,36.05
2015-10-21,1306965,47465574,36.7,36.05,36.2,-0.05,769,3036,36.35
2015-10-22,547701,19867855,36.4,36.1,36.25,0.05,409,3036,36.4
2015-10-23,693903,25311772,36.7,36.3,36.3,0.05,485,3036,36.55
2015-10-26,822167,30150714,36.75,36.5,36.7,0.4,549,3036,36.5
2015-10-27,716302,26157006,36.75,36.35,36.55,-0.15,523,3036,36.75
2015-10-28,946739,34733636,36.8,36.5,36.8,0.25,719,3036,36.55
2015-10-29,824282,30286279,36.95,36.6,36.65,-0.15,521,3036,36.9
2015-10-30,737438,26716181,36.7,35.85,36.45,-0.2,549,3036,36.7
2015-11-02,826092,30338254,37.0,36.2,36.8,0.35,487,3036,36.7
2015-11-03,1500803,56320011,37.8,36.9,37.65,0.85,949,3036,36.9
2015-11-04,2262116,85211199,38.0,37.4,37.5,-0.15,1203,3036,37.8
2015-11-05,1243748,46369035,37.6,37.15,37.3,-0.2,716,3036,37.5
2015-11-06,1820427,66827518,37.3,36.55,36.6,-0.7,968,3036,37.3
2015-11-09,1138362,41090439,36.5,35.9,35.95,-0.65,701,3036,36.2
2015-11-10,678558,24087321,35.75,35.25,35.65,-0.3,410,3036,35.5
2015-11-11,1282479,45024779,35.5,34.8,34.8,-0.85,884,3036,35.5
2015-11-12,1170847,40940658,35.3,34.7,35.2,0.4,609,3036,34.8
2015-11-13,764655,26778025,35.25,34.8,35.0,-0.2,421,3036,35.2
2015-11-16,1169157,40289516,34.8,34.35,34.45,-0.55,834,3036,34.5
2015-11-17,1193664,41590375,35.45,34.65,34.75,0.3,782,3036,34.85
2015-11-18,1150261,39794635,35.3,34.3,34.35,-0.4,913,3036,34.95
2015-11-19,1053741,36402167,34.75,34.4,34.65,0.3,725,3036,34.55
2015-11-20,1067191,37379321,35.3,34.65,35.25,0.6,750,3036,34.8
2015-11-23,805122,28342135,35.55,35.0,35.2,-0.05,528,3036,35.5
2015-11-24,382018,13401875,35.25,35.0,35.15,-0.05,298,3036,35.2
2015-11-25,1214129,42115726,35.15,34.5,34.55,-0.6,908,3036,35.1
2015-11-26,481238,16759399,35.0,34.55,34.85,0.3,422,3036,34.55
2015-11-27,503421,17453322,34.9,34.55,34.7,-0.15,358,3036,34.85
2015-11-30,947241,32559154,34.65,34.3,34.3,-0.4,458,3036,34.65
2015-12-01,1140416,39511741,34.95,34.35,34.7,0.4,759,3036,34.5
2015-12-02,2119676,75357788,35.85,35.1,35.7,1.0,1271,3036,35.15
2015-12-03,1813070,65022536,36.25,35.5,35.95,0.25,1204,3036,35.8
2015-12-04,738940,26460690,36.1,35.5,36.0,0.05,536,3036,35.8
2015-12-07,1323389,47986204,36.55,36.1,36.15,0.15,902,3036,36.3
2015-12-08,1024802,36835590,36.4,35.6,35.7,-0.45,698,3036,36.15
2015-12-09,1158001,40660828,35.5,34.9,35.2,-0.5,673,3036,35.5
2015-12-10,964014,33509476,35.3,34.6,34.95,-0.25,545,3036,34.95
2015-12-11,683246,23872288,35.15,34.65,34.95,0.0,455,3036,34.95
2015-12-14,618127,21187367,34.5,34.0,34.35,-0.6,518,3036,34.05
2015-12-15,614090,21075385,34.6,34.2,34.3,-0.05,443,3036,34.3
2015-12-16,358901,12385965,34.7,34.3,34.5,0.2,261,3036,34.4
2015-12-17,490132,17050164,34.9,34.5,34.85,0.35,450,3036,34.5
2015-12-18,670588,23540614,35.4,34.6,35.0,0.15,464,3036,34.65
2015-12-21,376842,13214387,35.3,34.5,35.15,0.15,307,3036,34.6
2015-12-22,486959,17075865,35.25,34.9,34.9,-0.25,360,3036,35.0
2015-12-23,471640,16541716,35.25,34.9,34.9,0.0,403,3036,35.1
2015-12-24,628381,22159007,35.45,35.0,35.35,0.45,526,3036,35.0
2015-12-25,346766,12271667,35.7,35.25,35.4,0.05,240,3036,35.7
2015-12-28,433579,15358727,35.6,35.3,35.3,-0.1,357,3036,35.35
2015-12-29,423239,14986380,35.55,35.2,35.35,0.05,347,3036,35.35
2015-12-30,507752,18064949,35.7,35.4,35.65,0.3,371,3036,35.65
2015-12-31,1141292,40711304,36.0,35.5,35.5,-0.15,514,3036,35.65
2016-01-04,680674,23989666,35.9,34.9,35.15,-0.35,567,3036,35.7
2016-01-05,526590,18325501,35.05,34.6,34.85,-0.3,437,3036,34.85
2016-01-06,807592,27876646,35.05,34.3,34.4,-0.45,575,3036,34.85
2016-01-07,1272345,43018347,34.65,33.45,33.9,-0.5,692,3036,34.5
2016-01-08,374722,12782056,34.4,33.6,34.3,0.4,259,3036,33.9
2016-01-11,527243,17884882,34.2,33.65,33.85,-0.45,365,3036,34.15
2016-01-12,458738,15567759,34.2,33.75,33.75,-0.1,312,3036,34.15
2016-01-13,325795,11046430,34.1,33.8,33.9,0.15,255,3036,33.85
2016-01-14,597707,19960559,33.7,33.25,33.35,-0.55,423,3036,33.7
2016-01-15,551408,18436986,33.7,33.25,33.35,0.0,334,3036,33.4
2016-01-18,355586,11930980,34.0,32.8,34.0,0.65,245,3036,32.8
2016-01-19,415877,14136301,34.2,33.7,34.05,0.05,341,3036,34.15
2016-01-20,543479,18235582,34.2,33.2,33.6,-0.45,413,3036,34.2
2016-01-21,747713,24853646,33.5,33.0,33.45,-0.15,542,3036,33.4
2016-01-22,521992,17457767,33.8,33.3,33.75,0.3,421,3036,33.45
2016-01-25,961006,32821947,34.35,33.8,34.2,0.45,438,3036,33.95
2016-01-26,610861,20780957,34.1,33.9,33.95,-0.25,215,3036,34.0
2016-01-27,388810,13228790,34.3,33.8,34.0,0.05,249,3036,34.2
2016-01-28,844099,29032941,34.75,33.9,34.25,0.25,651,3036,34.0
2016-01-29,844334,29078240,34.65,34.35,34.5,0.25,634,3036,34.45
2016-01-30,527050,18196670,34.7,34.45,34.5,0.0,276,3036,34.6
2016-02-01,1146404,39642871,34.8,34.45,34.5,0.0,711,3036,34.7
2016-02-02,1695725,58558179,34.8,34.35,34.8,0.3,1081,3036,34.5
2016-02-03,5317427,194252789,37.35,35.6,37.0,2.2,3032,3036,35.95
2016-02-15,2783533,104241530,38.2,36.9,37.15,0.15,1724,3036,37.0
2016-02-16,1798962,67580057,37.85,37.25,37.6,0.45,1210,3036,37.25
2016-02-17,2515175,95730300,38.4,37.8,38.1,0.5,1445,3036,37.9
2016-02-18,1572592,59776246,38.5,37.75,37.8,-0.3,1043,3036,38.4
2016-02-19,1490352,56867933,38.45,37.9,38.15,0.35,872,3036,37.9
2016-02-22,1313306,50303389,38.5,38.1,38.25,0.1,839,3036,38.4
2016-02-23,1456561,55975622,38.6,38.25,38.35,0.1,765,3036,38.45
2016-02-24,1178741,45119153,38.5,38.05,38.15,-0.2,854,3036,38.25
2016-02-25,1324062,51095572,38.85,38.25,38.6,0.45,720,3036,38.4
2016-02-26,1310260,50828409,39.0,38.6,38.85,0.25,850,3036,38.8
2016-03-01,1308718,51266492,39.4,38.8,39.1,0.25,915,3036,38.85
2016-03-02,1657409,64714870,39.4,38.8,38.9,-0.2,1105,3036,39.4
2016-03-03,1370135,53230505,39.1,38.7,38.8,-0.1,864,3036,38.9
2016-03-04,1178052,45684774,38.85,38.7,38.7,-0.1,907,3036,38.8
2016-03-07,1754032,67548250,38.8,38.35,38.5,-0.2,1069,3036,38.7
2016-03-08,1144862,43804661,38.5,38.15,38.25,-0.25,918,3036,38.5
2016-03-09,1244557,47305666,38.15,37.9,38.0,-0.25,718,3036,38.05
2016-03-10,1306935,50376543,38.8,37.95,38.55,0.55,842,3036,38.0
2016-03-11,855997,33144359,38.9,38.55,38.9,0.35,610,3036,38.55
2016-03-14,989708,38576912,39.2,38.8,38.95,0.05,628,3036,39.05
2016-03-15,1189181,45766851,39.0,38.1,38.2,-0.75,771,3036,39.0
2016-03-16,627461,24222260,38.9,38.2,38.8,0.6,490,3036,38.4
2016-03-17,949199,36810828,39.15,38.5,38.55,-0.25,683,3036,38.95
2016-03-18,1873980,72980220,39.1,38.7,39.1,0.55,998,3036,38.7
2016-03-21,1550258,61355058,39.9,39.25,39.6,0.5,1003,3036,39.25
2016-03-22,1107423,43507130,39.75,39.1,39.25,-0.35,740,3036,39.6
2016-03-23,760003,29772854,39.4,39.05,39.2,-0.05,595,3036,39.4
2016-03-24,844560,33049694,39.45,38.85,39.3,0.1,598,3036,39.05
2016-03-25,1302782,50548591,39.3,38.5,38.6,-0.7,807,3036,39.1
2016-03-28,826192,31686466,38.8,38.2,38.25,-0.35,572,3036,38.7
2016-03-29,1174969,44858355,38.45,38.05,38.1,-0.15,873,3036,38.25
2016-03-30,1197343,45999564,38.6,38.2,38.5,0.4,1005,3036,38.3
2016-03-31,698093,26910021,38.8,38.3,38.5,0.0,477,3036,38.8
2016-04-01,970590,37416412,38.9,38.25,38.8,0.3,685,3036,38.5
2016-04-06,1012354,38904143,38.75,38.25,38.45,-0.35,799,3036,38.6
2016-04-07,1062534,41137905,39.1,38.3,39.0,0.55,806,3036,38.45
2016-04-08,868622,33875023,39.15,38.65,39.05,0.05,619,3036,38.95
2016-04-11,447059,17331263,38.95,38.7,38.75,-0.3,407,3036,38.95
2016-04-12,628369,24237345,38.95,38.35,38.7,-0.05,374,3036,38.95
2016-04-13,534488,20671190,38.85,38.5,38.7,0.0,337,3036,38.7
2016-04-14,872222,33942005,39.0,38.65,39.0,0.3,464,3036,38.95
2016-04-15,722919,28136647,39.05,38.8,38.95,-0.05,529,3036,39.0
2016-04-18,616952,23850229,38.95,38.5,38.75,-0.2,460,3036,38.85
2016-04-19,1482200,58010672,39.45,38.8,38.95,0.2,741,3036,39.1
2016-04-20,883568,34262437,39.25,38.6,38.65,-0.3,627,3036,39.25
2016-04-21,748275,29036869,38.95,38.6,38.75,0.1,476,3036,38.9
2016-04-22,1491473,57959195,39.0,38.7,38.7,-0.05,1063,3036,38.9
2016-04-25,1274488,49639532,39.1,38.7,39.0,0.3,699,3036,38.75
2016-04-26,528082,20553698,39.0,38.8,38.95,-0.05,348,3036,38.8
2016-04-27,609863,23671630,38.95,38.7,38.8,-0.15,376,3036,38.95
2016-04-28,1149624,44745792,39.1,38.8,38.85,0.05,916,3036,39.1
2016-04-29,1146182,44439426,38.9,38.6,38.85,0.0,738,3036,38.85
2016-05-03,869485,33608165,38.8,38.4,38.6,-0.25,545,3036,38.75
2016-05-04,1200308,45818304,38.6,37.8,37.95,-0.65,801,3036,38.5
2016-05-05,1145387,43069650,38.05,37.25,37.95,0.0,563,3036,37.95
2016-05-06,1402632,53783363,38.5,38.1,38.4,0.45,882,3036,38.2
2016-05-09,2962349,115679303,39.3,38.45,39.25,0.85,1774,3036,38.7
2016-05-10,2016901,79006700,39.35,38.9,39.3,0.05,848,3036,39.25
2016-05-11,3596192,143931596,40.35,39.5,40.1,0.8,1788,3036,39.5
2016-05-12,2867094,116038806,40.65,40.1,40.5,0.4,1602,3036,40.15
2016-05-13,2826992,112245917,40.55,39.2,39.9,-0.6,1736,3036,40.55
2016-05-16,912000,36213893,39.95,39.45,39.85,-0.05,581,3036,39.9
2016-05-17,2774887,108749740,39.85,38.15,39.55,-0.3,1681,3036,39.2
2016-05-18,2394712,95376847,40.05,39.2,39.95,0.4,1018,3036,39.55
2016-05-19,2036076,81477218,40.3,39.75,40.0,0.05,920,3036,40.05
2016-05-20,1329051,53145721,40.1,39.85,40.0,0.0,558,3036,40.0
2016-05-23,1875026,74949023,40.15,39.6,40.0,0.0,739,3036,39.95
2016-05-24,1919016,77254840,40.5,40.0,40.1,0.1,970,3036,40.0
2016-05-25,1578390,63277500,40.4,39.95,40.05,-0.05,796,3036,40.35
2016-05-26,601142,24088180,40.2,40.0,40.05,0.0,368,3036,40.05
2016-05-27,1743689,70053936,40.4,39.95,40.25,0.2,812,3036,40.1
2016-05-30,803024,32287910,40.35,40.1,40.15,-0.1,470,3036,40.3
2016-05-31,987127,39524662,40.25,40.0,40.0,-0.15,618,3036,40.1
2016-06-01,1183013,47339020,40.1,39.95,40.05,0.05,656,3036,40.0
2016-06-02,1185644,47785720,40.45,40.05,40.3,0.25,906,3036,40.2
2016-06-03,1222456,48850640,40.45,39.65,39.75,-0.55,907,3036,40.4
2016-06-04,480191,19184990,40.1,39.8,39.95,0.2,274,3036,39.8
2016-06-06,745599,29830473,40.1,39.9,40.0,0.05,298,3036,40.05
2016-06-07,1055623,42552105,40.45,40.05,40.35,0.35,632,3036,40.05
2016-06-08,1801918,73134073,40.75,40.3,40.7,0.35,1113,3036,40.4
2016-06-13,1247776,50301690,40.6,40.1,40.2,-0.5,758,3036,40.6
2016-06-14,958335,38589612,40.45,40.0,40.3,0.1,727,3036,40.0
2016-06-15,1458867,59526103,41.1,40.4,41.1,0.8,882,3036,40.45
2016-06-16,989453,40565582,41.2,40.85,40.9,-0.2,718,3036,41.2
2016-06-17,800647,32702461,41.2,40.55,40.6,-0.3,601,3036,41.0
2016-06-20,614995,25031140,40.95,40.6,40.75,0.15,416,3036,40.85
2016-06-21,801135,32715251,41.0,40.6,41.0,0.25,438,3036,40.6
2016-06-22,684026,27948249,41.15,40.7,40.8,-0.2,435,3036,41.1
2016-06-23,1051655,42654237,40.95,40.4,40.45,-0.35,613,3036,40.8
2016-06-24,2023116,80953958,40.55,39.5,39.8,-0.65,987,3036,40.55
2016-06-27,737751,29511440,40.25,39.65,39.95,0.15,450,3036,39.65
2016-06-28,1750304,70019681,40.15,39.65,40.05,0.1,767,3036,40.0
2016-06-29,466649,18779010,40.4,40.1,40.2,0.15,291,3036,40.3
2016-06-30,975627,39649025,40.9,40.2,40.6,0.4,703,3036,40.2
2016-07-01,2141470,88665293,41.7,40.75,41.7,1.1,1491,3036,40.8
2016-07-04,2249671,94821149,42.4,41.8,42.4,0.7,1264,3036,42.0
2016-07-05,1185805,49844566,42.45,41.85,41.9,-0.5,890,3036,42.4
2016-07-06,1060259,43965657,41.85,41.3,41.4,-0.5,654,3036,41.85
2016-07-07,842963,35091956,41.8,41.4,41.55,0.15,513,3036,41.4
2016-07-11,1327834,55758528,42.15,41.8,42.05,0.5,769,3036,42.0
2016-07-12,1041915,44096311,42.4,42.2,42.35,0.3,753,3036,42.2
2016-07-13,2759114,118123802,43.2,42.15,43.2,0.85,1534,3036,42.35
2016-07-14,6122084,270604926,44.6,43.25,44.3,1.1,2538,3036,43.35
2016-07-15,5068205,226551190,45.6,43.75,43.9,-0.4,3041,3036,44.9
2016-07-18,2700222,118176898,44.4,43.35,43.6,-0.3,1679,3036,44.2
2016-07-19,1291617,56646811,44.1,43.6,43.8,0.2,955,3036,43.85
2016-07-20,1464209,63625654,43.8,43.25,43.4,-0.4,951,3036,43.8
2016-07-21,2189152,96476188,44.3,43.65,44.2,0.8,1210,3036,43.65
2016-07-22,1136445,49952227,44.3,43.8,44.0,-0.2,633,3036,44.2
2016-07-25,1129928,49540424,44.3,43.6,43.9,-0.1,692,3036,44.0
2016-07-26,2117382,93252958,44.3,43.7,44.25,0.35,1148,3036,44.2
2016-07-27,2326209,102751562,44.7,43.85,43.9,-0.35,1309,3036,44.7
2016-07-28,1428407,62458942,44.1,43.6,43.65,-0.25,786,3036,44.0
2016-07-29,1652205,72041964,43.8,43.5,43.55,-0.1,867,3036,43.65
2016-08-01,3203177,140544129,44.2,43.6,44.1,0.55,1352,3036,43.65
2016-08-02,4335771,191542962,44.55,43.9,44.3,0.2,1753,3036,44.1
2016-08-03,6660561,293975406,44.4,43.75,44.3,0.0,2542,3036,44.1
2016-08-04,5046759,198897913,39.8,39.1,39.2,0.0,1904,3036,39.6
2016-08-05,3651822,142914472,39.55,38.7,38.7,-0.5,1857,3036,39.4
2016-08-08,2348801,91162189,39.0,38.7,38.85,0.15,1414,3036,38.9
2016-08-09,1910508,74393605,39.2,38.65,39.2,0.35,923,3036,39.0
2016-08-10,3932989,155661037,40.0,39.35,39.9,0.7,1447,3036,39.4
2016-08-11,5920025,243495475,41.45,40.7,41.1,1.2,2709,3036,41.0
2016-08-12,6592524,278346894,42.55,41.45,42.4,1.3,3153,3036,41.5
2016-08-15,3629441,155482756,43.2,42.6,42.6,0.2,1686,3036,42.6
2016-08-16,2785279,118734771,42.95,42.35,42.7,0.1,1573,3036,42.95
2016-08-17,2289493,97958692,42.95,42.5,42.95,0.25,1497,3036,42.5
2016-08-18,6113683,267233094,44.25,43.0,44.0,1.05,2493,3036,43.0
2016-08-19,5374415,235934499,44.3,43.4,44.1,0.1,1833,3036,44.25
2016-08-22,3489138,153749112,44.35,43.65,44.25,0.15,1703,3036,44.1
2016-08-23,2920107,130377521,44.9,44.35,44.4,0.15,1333,3036,44.35
2016-08-24,1598845,70612208,44.5,43.8,44.0,-0.4,893,3036,44.4
2016-08-25,1268402,55551360,44.0,43.55,43.85,-0.15,773,3036,44.0
2016-08-26,1501284,66022845,44.2,43.8,43.8,-0.05,973,3036,43.85
2016-08-29,1091592,47746352,44.0,43.45,44.0,0.2,663,3036,43.8
2016-08-30,1464762,63788558,44.0,43.4,43.5,-0.5,800,3036,44.0
2016-08-31,1772578,76578479,43.5,42.85,43.5,0.0,1126,3036,43.45
2016-09-01,1421463,61900921,44.0,42.95,43.95,0.45,690,3036,43.5
2016-09-02,1398620,60706475,43.95,43.0,43.5,-0.45,902,3036,43.95
2016-09-05,1494726,65014824,43.85,43.0,43.5,0.0,1093,3036,43.7
2016-09-06,2196584,97010746,44.5,43.55,44.5,1.0,1352,3036,43.75
2016-09-07,2686924,119959459,45.0,44.35,44.6,0.1,1404,3036,44.35
2016-09-08,1941333,85468652,44.3,43.7,44.1,-0.5,1095,3036,44.3
2016-09-09,1221745,53168384,43.75,43.35,43.5,-0.6,882,3036,43.7
2016-09-10,3199244,139821943,44.25,43.35,43.8,0.3,1382,3036,43.7
2016-09-12,1228013,53562094,44.1,43.4,43.4,-0.4,731,3036,44.0
2016-09-13,2465710,105192992,43.75,42.15,42.15,-1.25,1461,3036,43.6
2016-09-14,2138337,89005524,42.1,41.3,41.7,-0.45,988,3036,42.0
2016-09-19,2556000,108309090,42.65,41.9,42.4,0.7,1103,3036,42.6
2016-09-20,1759836,74768581,42.75,42.05,42.45,0.05,1261,3036,42.4
2016-09-21,1963249,84952386,43.85,42.4,43.75,1.3,1489,3036,42.45
2016-09-22,954075,41467726,43.95,43.1,43.2,-0.55,665,3036,43.75
2016-09-23,447009,19359328,43.55,43.2,43.25,0.05,367,3036,43.25
2016-09-26,470996,20237267,43.45,42.7,42.7,-0.55,370,3036,43.25
2016-09-29,788376,33846194,43.15,42.7,42.8,0.1,560,3036,42.7
2016-09-30,1228162,52687766,43.1,42.65,43.05,0.25,852,3036,42.7
2016-10-03,702575,30236958,43.45,42.85,42.85,-0.2,511,3036,43.3
2016-10-04,738969,31742307,43.1,42.75,43.1,0.25,492,3036,42.8
2016-10-05,839768,36295983,43.3,42.95,43.25,0.15,651,3036,43.1
2016-10-06,1580312,68888536,43.8,43.3,43.65,0.4,917,3036,43.3
2016-10-07,2401620,105677940,44.3,43.7,43.85,0.2,1192,3036,43.7
2016-10-11,2518606,109626568,44.2,42.9,43.2,-0.65,1295,3036,44.1
2016-10-12,1558322,66886393,43.35,42.8,42.85,-0.35,940,3036,43.2
2016-10-13,1011283,43322519,43.1,42.65,42.7,-0.15,711,3036,42.95
2016-10-14,984798,41714994,42.7,42.2,42.2,-0.5,684,3036,42.6
2016-10-17,1171744,49418513,42.5,41.9,42.25,0.05,588,3036,42.2
2016-10-18,537707,22783892,42.55,42.1,42.35,0.1,341,3036,42.25
2016-10-19,1667947,71931296,43.5,42.4,43.4,1.05,1018,3036,42.55
2016-10-20,1306629,56552547,43.6,43.0,43.1,-0.3,753,3036,43.4
2016-10-21,2113027,92132608,43.95,43.05,43.65,0.55,987,3036,43.4
2016-10-24,3195635,142219375,44.8,43.8,44.7,1.05,1765,3036,43.95
2016-10-25,2918658,131689211,45.65,44.8,44.95,0.25,1653,3036,45.3
2016-10-26,1231159,55149785,45.0,44.45,44.9,-0.05,855,3036,45.0
2016-10-27,1285927,57642731,45.1,44.55,44.75,-0.15,665,3036,44.9
2016-10-28,620546,27716039,45.0,44.45,44.7,-0.05,453,3036,44.9
2016-10-31,804874,35961255,45.0,44.25,44.75,0.05,569,3036,44.7
2016-11-01,3767878,170753916,45.75,44.5,45.35,0.6,1810,3036,44.75
2016-11-02,2546948,113547634,45.15,43.8,43.95,-1.4,1377,3036,45.0
2016-11-03,2058463,90214514,44.4,43.3,43.75,-0.2,1013,3036,44.0
2016-11-04,1472225,64384744,44.2,43.25,43.35,-0.4,783,3036,43.8
2016-11-07,925091,40673927,44.2,43.65,44.05,0.7,481,3036,44.15
2016-11-08,1442192,63939036,44.7,44.15,44.35,0.3,956,3036,44.6
2016-11-09,2726777,118484230,44.5,43.1,43.3,-1.05,1497,3036,44.35
2016-11-10,2708938,121390907,45.25,44.0,45.0,1.7,1379,3036,44.3
2016-11-11,1385700,61362150,44.65,44.0,44.0,-1.0,921,3036,44.1
2016-11-14,787476,34796194,44.45,43.75,44.0,0.0,499,3036,44.45
2016-11-15,726562,32097718,44.45,44.0,44.05,0.05,520,3036,44.0
2016-11-16,1229931,53784394,44.25,43.55,43.65,-0.4,933,3036,44.05
2016-11-17,1135935,49562224,43.95,43.4,43.55,-0.1,722,3036,43.9
2016-11-18,616565,26933717,43.85,43.55,43.75,0.2,578,3036,43.6
2016-11-21,1020289,44475210,43.95,43.4,43.65,-0.1,881,3036,43.95
2016-11-22,1687959,73749801,43.95,43.45,43.85,0.2,1340,3036,43.65
2016-11-23,1891063,83703118,44.45,43.85,44.3,0.45,1404,3036,44.0
2016-11-24,881231,38995164,44.5,43.95,44.05,-0.25,626,3036,44.5
2016-11-25,650315,28807385,44.4,44.1,44.3,0.25,466,3036,44.15
2016-11-28,1298698,57792861,44.6,44.25,44.5,0.2,864,3036,44.3
2016-11-29,1416270,62885715,44.6,44.05,44.6,0.1,799,3036,44.5
2016-11-30,2258367,101522906,45.15,44.6,45.0,0.4,1278,3036,44.6
2016-12-01,2094185,94983931,45.5,45.0,45.4,0.4,1336,3036,45.0
2016-12-02,1690278,76581058,45.5,44.85,45.4,0.0,1112,3036,45.2
2016-12-05,9927638,416308641,45.35,40.9,41.5,-3.9,5314,3036,45.1
2016-12-06,3746445,157350011,42.35,41.5,42.1,0.6,2084,3036,41.5
2016-12-07,2818494,120141977,43.0,42.1,42.75,0.65,1595,3036,43.0
2016-12-08,3621493,154177692,42.9,42.15,42.7,-0.05,1966,3036,42.65
2016-12-09,1600027,68178183,42.9,42.4,42.6,-0.1,994,3036,42.5
2016-12-12,3067200,132048352,43.35,42.75,43.3,0.7,1461,3036,42.8
2016-12-13,1462772,63656440,43.75,43.2,43.5,0.2,713,3036,43.3
2016-12-14,697976,30204005,43.55,43.15,43.2,-0.3,538,3036,43.5
2016-12-15,708253,30500494,43.25,42.75,43.0,-0.2,489,3036,43.1
2016-12-16,1412625,60916901,43.45,42.85,43.05,0.05,947,3036,43.0
2016-12-19,639208,27564744,43.2,43.05,43.15,0.1,444,3036,43.05
2016-12-20,663010,28585368,43.2,42.95,43.2,0.05,533,3036,43.0
2016-12-21,856978,36852647,43.2,42.9,42.95,-0.25,586,3036,43.2
2016-12-22,875881,37222656,43.0,42.3,42.35,-0.6,491,3036,43.0
2016-12-23,929548,39105716,42.3,41.9,41.95,-0.4,464,3036,42.1
2016-12-26,581100,24427878,42.15,41.9,42.1,0.15,315,3036,41.9
2016-12-27,267308,11254495,42.45,42.0,42.15,0.05,192,3036,42.1
2016-12-28,660366,28160315,42.8,42.2,42.8,0.65,509,3036,42.2
2016-12-29,632717,27015045,42.8,42.6,42.75,-0.05,358,3036,42.8
2016-12-30,827309,35539464,43.15,42.55,43.0,0.25,423,3036,42.6
2017-01-03,739913,31892483,43.35,42.6,43.35,0.35,552,3036,43.0
2017-01-04,1115932,48179876,43.5,42.8,43.1,-0.25,703,3036,43.5
2017-01-05,1631618,70232047,43.35,42.8,43.1,0.0,839,3036,43.0
2017-01-06,1122073,48316736,43.2,42.9,43.1,0.0,721,3036,43.0
2017-01-09,1195163,51060691,43.1,42.6,42.75,-0.35,782,3036,43.1
2017-01-10,959731,40976230,42.9,42.5,42.9,0.15,608,3036,42.55
2017-01-11,1350521,58279248,43.3,43.0,43.2,0.3,850,3036,43.15
2017-01-12,733634,31648112,43.25,43.0,43.05,-0.15,523,3036,43.25
2017-01-13,1244259,53600208,43.3,43.0,43.3,0.25,444,3036,43.05
2017-01-16,669030,28893638,43.4,43.1,43.25,-0.05,453,3036,43.4
2017-01-17,822490,35434059,43.2,42.95,43.15,-0.1,500,3036,43.0
2017-01-18,784173,33846939,43.25,43.05,43.1,-0.05,680,3036,43.15
2017-01-19,651455,28121637,43.3,43.0,43.15,0.05,520,3036,43.05
2017-01-20,381246,16432228,43.2,43.05,43.05,-0.1,272,3036,43.15
2017-01-23,561075,24201675,43.3,43.0,43.1,0.05,304,3036,43.0
2017-01-24,637390,27575546,43.35,43.1,43.35,0.25,486,3036,43.3
2017-02-02,1331795,57967788,43.85,43.25,43.55,0.2,905,3036,43.35
2017-02-03,1392660,61209268,44.4,43.55,44.4,0.85,1133,3036,43.55
2017-02-06,2399723,105613935,44.3,43.5,43.95,-0.45,1395,3036,43.5
2017-02-07,3787522,166346099,44.25,43.7,43.8,-0.15,1660,3036,44.0
2017-02-08,2670354,116409455,43.8,43.3,43.75,-0.05,1116,3036,43.5
2017-02-09,3018151,132487347,44.25,43.65,44.1,0.35,1114,3036,44.0
2017-02-10,5419163,241198081,45.25,43.7,44.95,0.85,2146,3036,43.7
2017-02-13,1719245,77150994,45.2,44.6,44.7,-0.25,1010,3036,45.0
2017-02-14,2002357,89684849,45.0,44.6,45.0,0.3,1136,3036,44.7
2017-02-15,5658047,258662308,46.15,45.05,46.1,1.1,3191,3036,45.1
2017-02-16,3258175,151226777,46.65,46.15,46.4,0.3,1885,3036,46.2
2017-02-17,3458916,162325880,47.35,46.3,46.9,0.5,2346,3036,46.5
2017-02-18,1110577,52035878,47.2,46.55,46.9,0.0,444,3036,47.0
2017-02-20,2345151,110290753,47.25,46.85,46.9,0.0,1216,3036,46.95
2017-02-21,2656860,122628564,47.1,45.6,45.7,-1.2,1346,3036,46.9
2017-02-22,5684680,242968625,46.35,45.8,46.1,0.4,1191,3036,45.8
2017-02-23,1308145,60160686,46.2,45.8,46.0,-0.1,799,3036,45.95
2017-02-24,1072610,49279467,46.15,45.85,45.9,-0.1,554,3036,46.0
2017-03-01,1155329,53397752,46.5,45.9,46.2,0.3,857,3036,45.9
2017-03-02,1865506,85779794,46.35,45.75,45.75,-0.45,1035,3036,46.3
2017-03-03,1217314,55531168,46.0,45.5,45.5,-0.25,723,3036,45.75
2017-03-06,557757,25368836,45.7,45.35,45.6,0.1,420,3036,45.4
2017-03-07,802737,36558613,45.7,45.45,45.5,-0.1,687,3036,45.45
2017-03-08,1059475,48323573,45.7,45.5,45.7,0.2,647,3036,45.7
2017-03-09,1951966,88157620,45.65,44.9,45.0,-0.7,1225,3036,45.65
2017-03-10,1214332,54715814,45.4,44.85,44.95,-0.05,709,3036,45.4
2017-03-13,1629718,72977919,45.05,44.6,44.9,-0.05,1063,3036,45.0
2017-03-14,1059047,47969304,45.65,44.9,45.45,0.55,813,3036,44.95
2017-03-15,379804,17267739,45.55,45.35,45.45,0.0,376,3036,45.5
2017-03-16,702981,32092611,45.7,45.5,45.7,0.25,416,3036,45.65
2017-03-17,571963,26142321,45.85,45.55,45.85,0.15,376,3036,45.8
2017-03-20,1130624,51945845,46.05,45.8,45.8,-0.05,740,3036,45.85
2017-03-21,841284,38586367,46.1,45.8,45.8,0.0,420,3036,46.1
2017-03-22,1023335,46424489,45.65,45.25,45.45,-0.35,539,3036,45.65
2017-03-23,745403,33811684,45.5,45.25,45.35,-0.1,513,3036,45.45
2017-03-24,363421,16506454,45.5,45.35,45.5,0.15,272,3036,45.5
2017-03-27,1043357,47415819,45.65,45.3,45.4,-0.1,742,3036,45.45
2017-03-28,1269336,57653745,45.8,45.15,45.4,0.0,644,3036,45.45
2017-03-29,667831,30270127,45.5,45.2,45.3,-0.1,462,3036,45.5
2017-03-30,615930,27798900,45.5,45.0,45.05,-0.25,386,3036,45.5
2017-03-31,1896957,84633569,45.3,44.25,44.35,-0.7,952,3036,45.3
2017-04-05,1129764,49976870,44.7,44.0,44.15,-0.2,892,3036,44.6
2017-04-06,0,0,,,,0.0,0,3036,
2017-04-07,1372305,61348750,45.2,44.15,44.8,0.0,894,3036,44.7
2017-04-10,1916022,85152537,44.9,44.3,44.4,-0.4,1200,3036,44.8
2017-04-11,1217064,53913781,44.75,44.1,44.15,-0.25,792,3036,44.4
2017-04-12,1538252,68087874,44.95,43.9,44.35,0.2,990,3036,44.15
2017-04-13,389014,17209203,44.6,44.1,44.2,-0.15,361,3036,44.5
2017-04-14,795590,34841832,44.05,43.65,43.65,-0.55,477,3036,44.05
2017-04-17,618281,26909379,43.8,43.35,43.55,-0.1,357,3036,43.65
2017-04-18,406163,17737130,43.75,43.55,43.65,0.1,342,3036,43.55
2017-04-19,1293776,55979436,43.65,43.0,43.0,-0.65,692,3036,43.65
2017-04-20,1859786,79194050,43.0,42.35,42.5,-0.5,725,3036,43.0
2017-04-21,1241107,53320551,43.1,42.65,43.1,0.6,963,3036,42.65
2017-04-24,2007354,85645488,43.4,42.3,42.3,-0.8,1337,3036,43.15
2017-04-25,1591203,69027993,43.9,42.6,43.85,1.55,1004,3036,42.6
2017-04-26,1185292,52138704,44.15,43.75,43.95,0.1,803,3036,44.15
2017-04-27,1132813,49377395,43.95,43.25,43.3,-0.65,405,3036,43.95
2017-04-28,805424,34923377,43.75,43.2,43.3,0.0,559,3036,43.3
2017-05-02,541718,23641444,43.9,43.3,43.8,0.5,338,3036,43.3
2017-05-03,310727,13585849,43.85,43.55,43.55,-0.25,240,3036,43.8
2017-05-04,1650497,72989259,44.4,43.65,44.35,0.8,746,3036,43.8
2017-05-05,1530969,67684636,44.5,43.9,43.9,-0.45,429,3036,44.4
2017-05-08,1473688,64669543,44.2,43.65,43.9,0.0,771,3036,43.9
2017-05-09,865648,38029612,44.05,43.85,43.9,0.0,404,3036,44.0
2017-05-10,2873218,127703568,44.65,44.3,44.6,0.7,1031,3036,44.35
2017-05-11,1721294,76469736,44.75,44.05,44.05,-0.55,785,3036,44.4
2017-05-12,1640265,72871680,44.85,43.85,44.5,0.45,1125,3036,44.05
2017-05-15,493262,22015324,44.8,44.5,44.6,0.1,296,3036,44.5
2017-05-16,878718,39233726,44.8,44.55,44.75,0.15,418,3036,44.8
2017-05-17,952694,42525493,44.8,44.5,44.75,0.0,492,3036,44.75
2017-05-18,1165120,51862885,44.8,44.25,44.7,-0.05,756,3036,44.45
2017-05-19,1074911,47946604,44.8,44.45,44.45,-0.25,732,3036,44.5
2017-05-22,1250677,56054873,45.05,44.45,45.0,0.55,781,3036,44.5
2017-05-23,1538215,69624445,45.4,45.0,45.35,0.35,973,3036,45.05
2017-05-24,1212286,55274545,45.75,45.4,45.4,0.05,584,3036,45.5
2017-05-25,1153581,52689829,45.75,45.55,45.65,0.25,712,3036,45.6
2017-05-26,956812,43707817,45.75,45.5,45.75,0.1,638,3036,45.7
2017-05-31,776975,35513452,45.8,45.3,45.8,0.05,446,3036,45.3
2017-06-01,773579,35242974,45.8,45.35,45.35,-0.45,589,3036,45.8
2017-06-02,1193458,54512748,45.8,45.5,45.8,0.45,738,3036,45.5
2017-06-03,250420,11462137,45.85,45.7,45.7,-0.1,150,3036,45.8
2017-06-05,452843,20703310,45.85,45.6,45.75,0.05,290,3036,45.7
2017-06-06,782279,35877403,45.95,45.7,45.8,0.05,380,3036,45.75
2017-06-07,509720,23382860,46.0,45.75,45.75,-0.05,324,3036,45.8
2017-06-08,704665,32203601,45.85,45.45,45.45,-0.3,431,3036,45.75
2017-06-09,902068,41173994,45.8,45.45,45.8,0.35,451,3036,45.45
2017-06-12,306683,13992289,45.8,45.5,45.65,-0.15,228,3036,45.8
2017-06-13,480771,21872010,45.65,45.35,45.35,-0.3,310,3036,45.65
2017-06-14,1125545,50595051,45.5,44.6,44.65,-0.7,582,3036,45.5
2017-06-15,674477,30099085,44.9,44.45,44.65,0.0,356,3036,44.65
2017-06-16,492097,22082429,45.15,44.55,44.7,0.05,293,3036,44.65
2017-06-19,664055,29891107,45.2,44.9,44.9,0.2,296,3036,45.0
2017-06-20,479964,21610236,45.15,44.9,44.95,0.05,238,3036,44.9
2017-06-21,1084175,48636331,45.05,44.75,44.85,-0.1,618,3036,44.9
2017-06-22,450362,20219668,45.0,44.8,44.9,0.05,295,3036,44.8
2017-06-23,812450,36583170,45.2,44.85,45.15,0.25,313,3036,44.9
2017-06-26,638148,28833957,45.45,45.05,45.15,0.0,417,3036,45.15
2017-06-27,716962,32527018,45.5,45.2,45.5,0.35,446,3036,45.35
2017-06-28,784734,35477580,45.5,44.95,45.05,-0.45,448,3036,45.5
2017-06-29,1026119,46408530,45.4,45.0,45.05,0.0,371,3036,45.2
2017-06-30,600439,26988731,45.05,44.8,45.05,0.0,295,3036,45.05
2017-07-03,230080,10351174,45.2,44.8,44.95,-0.1,186,3036,45.05
2017-07-04,782175,35171976,45.25,44.8,44.95,0.0,437,3036,44.9
2017-07-05,666368,29848339,44.95,44.7,44.95,0.0,444,3036,44.95
2017-07-06,707345,31698781,45.0,44.65,44.95,0.0,354,3036,45.0
2017-07-07,613286,27397748,44.85,44.55,44.6,-0.35,400,3036,44.85
2017-07-10,505778,22552103,44.7,44.55,44.55,-0.05,228,3036,44.55
2017-07-11,770307,34634731,45.05,44.65,45.0,0.45,332,3036,44.65
2017-07-12,667839,30019813,45.2,44.85,45.0,0.0,455,3036,45.1
2017-07-13,1372146,61430524,45.1,44.7,44.75,-0.25,778,3036,45.1
2017-07-14,697590,31195760,44.85,44.65,44.7,-0.05,317,3036,44.75
2017-07-17,326052,14627223,45.0,44.8,44.85,0.15,208,3036,44.8
2017-07-18,991249,44416624,45.0,44.7,44.95,0.1,654,3036,44.85
2017-07-19,1143338,51335217,45.1,44.75,44.95,0.0,734,3036,45.0
2017-07-20,557982,25018037,45.0,44.8,44.85,-0.1,300,3036,45.0
2017-07-21,400608,17995988,45.0,44.8,44.95,0.1,222,3036,44.85
2017-07-24,568160,25461796,45.1,44.75,44.85,-0.1,321,3036,45.1
2017-07-25,1268529,57320905,45.35,44.8,45.3,0.45,551,3036,44.95
2017-07-26,940956,42412266,45.4,44.75,44.85,-0.45,593,3036,45.4
2017-07-27,713773,32106365,45.1,44.85,45.05,0.2,415,3036,44.9
2017-07-28,1126297,50409297,45.05,44.7,44.75,-0.3,614,3036,45.05
2017-07-31,1430723,64080294,44.9,44.65,44.75,0.0,510,3036,44.9
2017-08-01,2025699,91507322,45.3,44.95,45.25,0.5,846,3036,45.3
2017-08-02,3957050,180402652,45.8,45.35,45.8,0.55,1512,3036,45.35
2017-08-03,3062811,134293184,44.6,43.6,44.0,0.0,1130,3036,43.6
2017-08-04,863576,38153274,44.3,44.05,44.25,0.25,436,3036,44.2
2017-08-07,725815,32226900,44.5,44.3,44.45,0.2,386,3036,44.35
2017-08-08,667126,29682778,44.6,44.4,44.5,0.05,354,3036,44.4
2017-08-09,6755461,310533422,46.5,45.55,45.9,1.4,3067,3036,45.55
2017-08-10,3072010,142151438,46.75,45.95,46.0,0.1,1634,3036,46.3
2017-08-11,10620085,511606748,49.8,46.2,49.3,3.3,5746,3036,46.2
2017-08-14,7561526,379635335,51.4,48.65,49.0,-0.3,4160,3036,50.9
2017-08-15,4181101,208062977,50.2,49.1,49.3,0.3,2156,3036,49.7
2017-08-16,7339867,370578606,51.0,49.75,50.0,0.7,3838,3036,49.8
2017-08-17,3629415,181938401,50.7,49.8,50.0,0.0,1676,3036,50.4
2017-08-18,3531559,173430808,49.75,48.7,48.8,-1.2,1802,3036,49.75
2017-08-21,2840085,139813740,49.75,48.85,49.0,0.2,1491,3036,49.3
2017-08-22,3820805,187695719,49.5,48.7,49.25,0.25,1914,3036,49.3
2017-08-23,5190097,258554880,50.2,49.35,49.55,0.3,2875,3036,49.6
2017-08-24,3180478,156844854,49.85,48.85,49.35,-0.2,1900,3036,49.55
2017-08-25,2685866,131552335,49.35,48.8,48.95,-0.4,1223,3036,49.35
2017-08-28,3715559,181105046,49.4,48.3,48.5,-0.45,1622,3036,49.0
2017-08-29,2996967,146897809,49.4,48.5,49.35,0.85,1712,3036,48.6
2017-08-30,2689455,132447829,49.45,49.0,49.4,0.05,1570,3036,49.45
2017-08-31,5419893,269904896,50.4,49.1,50.4,1.0,2862,3036,49.6
2017-09-01,5759334,287277081,51.1,49.25,49.4,-1.0,2815,3036,51.0
2017-09-04,3085333,150317155,49.3,48.4,48.7,-0.7,1669,3036,49.3
2017-09-05,1741205,85408401,49.4,48.85,48.85,0.15,1000,3036,49.4
2017-09-06,1788511,87025673,48.95,48.4,48.8,-0.05,993,3036,48.9
2017-09-07,3257516,161362157,49.9,48.95,49.45,0.65,1539,3036,48.95
2017-09-08,1285013,63613434,49.9,49.25,49.4,-0.05,595,3036,49.9
2017-09-11,2084576,102624149,49.9,48.8,48.8,-0.6,1020,3036,49.8
2017-09-12,2266732,110736823,49.2,48.4,48.55,-0.25,963,3036,49.0
2017-09-13,1051410,50957214,48.8,48.3,48.45,-0.1,558,3036,48.6
2017-09-14,3587773,176322577,49.45,48.45,49.25,0.8,2486,3036,48.6
2017-09-15,1883927,92162628,49.3,48.7,49.1,-0.15,1261,3036,49.15
2017-09-18,1213200,59240756,49.2,48.6,48.95,-0.15,810,3036,49.2
2017-09-19,2345305,108386212,49.1,48.5,48.65,-0.3,619,3036,49.1
2017-09-20,1758990,85217212,48.65,48.35,48.35,-0.3,1057,3036,48.6
2017-09-21,1706877,82237617,48.55,48.0,48.15,-0.2,976,3036,48.35
2017-09-22,2310025,110403683,48.35,47.6,47.65,-0.5,1408,3036,48.35
2017-09-25,2410524,113360306,47.7,46.7,46.7,-0.95,1156,3036,47.65
2017-09-26,2319418,109969718,47.7,47.1,47.4,0.7,1248,3036,47.15
2017-09-27,2887789,139413734,48.7,47.6,48.35,0.95,1556,3036,47.9
2017-09-28,1383076,66263428,48.45,47.7,47.7,-0.65,697,3036,48.45
2017-09-29,1893621,90143292,47.95,47.3,47.95,0.25,778,3036,47.65
2017-09-30,342404,16456177,48.15,47.95,47.95,0.0,178,3036,48.0
2017-10-02,803579,38468681,48.1,47.65,48.05,0.1,544,3036,48.1
2017-10-03,821861,39408888,48.1,47.85,47.85,-0.2,553,3036,48.05
2017-10-05,926852,44494573,48.2,47.85,47.95,0.1,638,3036,47.85
2017-10-06,846574,40598526,48.05,47.85,47.95,0.0,722,3036,48.05
2017-10-11,2558720,123289210,48.45,48.0,48.1,0.15,1292,3036,48.3
2017-10-12,1491374,71998232,48.4,48.1,48.4,0.3,942,3036,48.2
2017-10-13,3297339,161051906,49.1,48.25,49.0,0.6,1813,3036,48.35
2017-10-16,3982899,196601123,49.6,48.9,49.4,0.4,2237,3036,49.0
2017-10-17,1705811,83459637,49.4,48.55,48.85,-0.55,1132,3036,49.4
2017-10-18,1250295,61168656,49.2,48.65,48.8,-0.05,798,3036,49.0
2017-10-19,1463242,71728874,49.2,48.8,48.8,0.0,785,3036,48.9
2017-10-20,1511165,73878350,49.05,48.8,48.85,0.05,576,3036,48.8
2017-10-23,1379079,67514299,49.2,48.85,48.85,0.0,784,3036,49.1
2017-10-24,2243007,108482581,48.8,48.1,48.4,-0.45,1294,3036,48.8
2017-10-25,2024503,97842290,48.7,48.2,48.6,0.2,1295,3036,48.4
2017-10-26,2213533,107195466,48.9,48.2,48.55,-0.05,1258,3036,48.4
2017-10-27,1847386,89009799,48.5,47.85,47.85,-0.7,1179,3036,48.45
2017-10-30,1121686,53272172,48.2,47.3,47.4,-0.45,638,3036,48.2
2017-10-31,1007551,47778365,47.7,47.15,47.7,0.3,618,3036,47.4
2017-11-01,1972145,93579717,47.85,47.25,47.35,-0.35,983,3036,47.8
2017-11-02,2086906,100204027,48.4,47.5,48.05,0.7,1041,3036,47.75
2017-11-03,717950,34450450,48.1,47.7,47.95,-0.1,493,3036,48.1
2017-11-06,1496497,71031050,47.95,47.2,47.4,-0.55,697,3036,47.95
2017-11-07,2950721,140563158,48.25,46.9,48.0,0.6,1439,3036,47.6
2017-11-08,2140043,102159564,48.2,47.5,47.55,-0.45,1002,3036,48.15
2017-11-09,2661110,125554870,47.5,46.95,47.0,-0.55,1307,3036,47.5
2017-11-10,1277493,60321566,47.4,47.05,47.1,0.1,627,3036,47.2
2017-11-13,3938300,186137600,48.0,46.95,46.95,-0.15,2177,3036,48.0
2017-11-14,1852458,86963176,47.1,46.75,46.95,0.0,1241,3036,47.0
2017-11-15,1614142,76115227,47.4,46.95,47.4,0.45,935,3036,47.05
2017-11-16,1618497,76448398,47.45,47.1,47.4,0.0,1077,3036,47.4
2017-11-17,2926255,138215003,47.5,46.95,47.4,0.0,1443,3036,47.5
2017-11-20,1776596,83662113,47.3,46.95,47.05,0.0,998,3036,47.05
2017-11-21,2158415,101245055,47.2,46.7,46.8,-0.25,1380,3036,47.05
2017-11-22,1471588,69092294,47.3,46.7,47.2,0.4,782,3036,47.0
2017-11-23,1220036,57394331,47.3,46.95,47.05,-0.15,867,3036,47.2
2017-11-24,1142948,54174520,47.55,47.1,47.45,0.4,702,3036,47.15
2017-11-27,1280859,60380242,47.55,47.0,47.0,-0.45,813,3036,47.5
2017-11-28,676002,31805342,47.3,47.0,47.0,0.0,495,3036,47.3
2017-11-29,764936,35989692,47.15,47.0,47.1,0.1,586,3036,47.1
2017-11-30,1720978,80886865,47.2,46.8,47.05,-0.05,1052,3036,47.0
2017-12-01,1159379,54106427,47.05,46.5,46.55,-0.5,783,3036,46.75
2017-12-04,2263756,104455412,46.45,45.85,46.3,-0.25,1135,3036,46.4
2017-12-05,3351415,152454192,46.15,45.05,45.15,-1.15,1743,3036,46.15
2017-12-06,2005197,89796707,45.2,44.3,44.4,-0.75,1099,3036,45.1
2017-12-07,1359629,60128604,44.55,43.95,44.0,-0.4,835,3036,44.35
2017-12-08,1375165,60448567,44.3,43.6,44.3,0.3,741,3036,44.05
2017-12-11,1864620,84092038,45.3,44.85,45.05,0.75,1244,3036,45.1
2017-12-12,1292651,58879272,45.85,45.1,45.55,0.5,993,3036,45.1
2017-12-13,1269732,58393722,46.2,45.7,46.0,0.45,934,3036,45.8
2017-12-14,1547124,71799991,46.6,46.05,46.4,0.4,1041,3036,46.15
2017-12-15,1292224,59956583,46.6,46.25,46.5,0.1,1025,3036,46.5
2017-12-18,1767356,82402662,46.85,46.3,46.7,0.2,1245,3036,46.65
2017-12-19,5682474,260360851,46.15,45.5,45.5,-1.2,4549,3036,46.1
2017-12-20,1662880,75312212,45.5,45.1,45.3,-0.2,1260,3036,45.5
2017-12-21,1587147,71664914,45.35,45.0,45.0,-0.3,1103,3036,45.25
2017-12-22,1114915,50349772,45.45,44.9,45.2,0.2,819,3036,44.9
2017-12-25,728703,33035595,45.45,45.2,45.3,0.1,505,3036,45.2
2017-12-26,1222323,54904485,45.3,44.7,44.7,-0.6,678,3036,45.3
2017-12-27,552686,24760878,44.9,44.7,44.85,0.15,424,3036,44.7
2017-12-28,672570,30315896,45.2,44.85,45.05,0.2,492,3036,44.85
2017-12-29,1192134,54070495,45.7,45.2,45.2,0.15,628,3036,45.25
2018-01-02,670639,30289916,45.35,45.0,45.15,-0.05,392,3036,45.2
2018-01-03,900778,40922400,45.6,45.25,45.55,0.4,624,3036,45.35
2018-01-04,948861,43187663,45.65,45.4,45.5,-0.05,526,3036,45.6
2018-01-05,1273104,57919814,45.65,45.35,45.5,0.0,561,3036,45.55
2018-01-08,992059,45149162,45.75,45.4,45.4,-0.1,533,3036,45.6
2018-01-09,607027,27586364,45.5,45.35,45.5,0.1,403,3036,45.5
2018-01-10,1085193,49249522,45.6,45.2,45.2,-0.3,546,3036,45.5
2018-01-11,1083834,49367464,45.65,45.4,45.6,0.4,744,3036,45.6
2018-01-12,3339742,154830514,46.7,45.8,46.35,0.75,1972,3036,45.8
2018-01-15,1414922,65723662,46.7,46.25,46.5,0.15,857,3036,46.7
2018-01-16,2055896,95910690,46.85,46.45,46.8,0.3,1111,3036,46.6
2018-01-17,3534516,162795474,46.5,45.6,46.5,-0.3,1582,3036,46.5
2018-01-18,1635945,76046181,46.65,46.25,46.55,0.05,1069,3036,46.25
2018-01-19,2057157,96428872,47.15,46.5,46.85,0.3,1007,3036,46.65
2018-01-22,1748068,82383871,47.4,46.9,47.0,0.15,792,3036,47.0
2018-01-23,1082342,50818760,47.25,46.8,46.95,-0.05,574,3036,47.25
2018-01-24,1222467,57438119,47.1,46.75,47.0,0.05,901,3036,46.95
2018-01-25,1056414,49710854,47.15,47.0,47.05,0.05,849,3036,47.0
2018-01-26,824314,38800758,47.25,47.0,47.0,-0.05,554,3036,47.15
2018-01-29,713418,33550096,47.15,46.9,47.05,0.05,431,3036,47.05
2018-01-30,1688183,79847777,47.7,47.0,47.15,0.1,776,3036,47.05
2018-01-31,1405477,65901469,47.15,46.7,47.0,-0.15,940,3036,47.0
2018-02-01,1021954,48024481,47.15,46.8,46.8,-0.2,675,3036,46.9
2018-02-02,1108597,51867825,46.95,46.6,46.8,0.0,797,3036,46.8
2018-02-05,1622456,74568763,46.6,45.8,46.55,-0.25,1073,3036,46.05
2018-02-06,2504433,112958471,45.8,44.6,45.35,-1.2,1797,3036,45.8
2018-02-07,1400272,63995044,45.9,45.5,45.5,0.15,865,3036,45.6
2018-02-08,873504,39960168,46.0,45.5,45.9,0.4,607,3036,45.5
2018-02-09,5333898,240497416,45.65,44.8,44.9,-1.0,2551,3036,45.0
2018-02-12,1704910,77551342,45.7,45.1,45.55,0.65,1083,3036,45.4
2018-02-21,2424304,112754639,46.85,46.0,46.8,1.25,1442,3036,46.3
2018-02-22,1884998,88729306,47.3,46.6,47.15,0.35,966,3036,46.75
2018-02-23,1756430,83069181,47.5,47.15,47.2,0.05,980,3036,47.35
2018-02-26,1497909,70861891,47.4,47.1,47.2,0.0,1070,3036,47.4
2018-02-27,1153719,54422693,47.35,47.05,47.05,-0.15,579,3036,47.25
2018-03-01,978436,45757094,46.95,46.6,46.8,-0.25,574,3036,46.75
2018-03-02,774464,36114185,46.8,46.5,46.55,-0.25,496,3036,46.7
2018-03-05,700890,32747657,46.95,46.4,46.4,-0.15,515,3036,46.7
2018-03-06,1224626,56979031,46.75,46.3,46.4,0.0,838,3036,46.6
2018-03-07,1251109,57787564,46.5,46.0,46.0,-0.4,693,3036,46.2
2018-03-08,943415,43510820,46.3,46.0,46.1,0.1,732,3036,46.2
2018-03-09,976462,45242476,46.5,46.05,46.3,0.2,627,3036,46.15
2018-03-12,894225,41510861,46.5,46.3,46.35,0.05,605,3036,46.3
2018-03-13,1046763,48586641,46.55,46.3,46.35,0.0,821,3036,46.5
2018-03-14,1509929,70427766,46.9,46.35,46.55,0.2,876,3036,46.4
2018-03-15,840470,39069968,46.7,46.4,46.4,-0.15,647,3036,46.55
2018-03-16,1491512,69077643,46.7,46.1,46.1,-0.3,743,3036,46.7
2018-03-19,1245489,57749783,46.5,46.2,46.45,0.35,588,3036,46.2
2018-03-20,824370,38250633,46.65,46.2,46.6,0.15,581,3036,46.4
2018-03-21,897210,41861767,46.75,46.6,46.6,0.0,576,3036,46.7
2018-03-22,1301595,60675310,46.8,46.45,46.65,0.05,642,3036,46.8
2018-03-23,2677496,123968902,46.75,45.8,46.5,-0.15,1365,3036,46.25
2018-03-26,1594331,74084619,46.75,46.3,46.3,-0.2,1128,3036,46.45
2018-03-27,1712911,79885892,46.8,46.45,46.45,0.15,1073,3036,46.6
2018-03-28,2353274,110100184,46.95,46.45,46.9,0.45,1284,3036,46.5
2018-03-29,1394308,65560026,47.15,46.8,47.1,0.2,982,3036,46.9
2018-03-30,2811079,131140895,47.1,46.3,46.3,-0.8,1046,3036,47.0
2018-03-31,1163451,54562989,47.05,46.65,47.0,0.7,541,3036,46.65
2018-04-02,3288057,155464887,47.5,46.95,47.5,0.5,1468,3036,47.0
2018-04-03,1513640,71505733,47.4,47.05,47.35,-0.15,1025,3036,47.2
2018-04-09,2181098,103074617,47.4,47.1,47.3,-0.05,1325,3036,47.35
2018-04-10,2448495,115423765,47.35,46.95,47.0,-0.3,1201,3036,47.35
2018-04-11,3174253,149406547,47.2,46.9,46.9,-0.1,1209,3036,47.15
2018-04-12,2150530,100606619,47.0,46.65,46.75,-0.15,705,3036,46.95
2018-04-13,2342275,109298497,46.95,46.5,46.5,-0.25,801,3036,46.8
2018-04-16,556629,25941542,46.8,46.5,46.55,0.05,419,3036,46.8
2018-04-17,2646165,121969115,46.65,45.9,46.0,-0.55,1394,3036,46.65
2018-04-18,1318350,60607712,46.05,45.9,45.9,-0.1,705,3036,46.05
2018-04-19,1290188,59415858,46.15,45.9,46.0,0.1,552,3036,45.9
2018-04-20,744141,34192136,46.05,45.8,45.9,-0.1,425,3036,46.0
2018-04-23,2531073,115408953,46.0,45.3,45.4,-0.5,1261,3036,46.0
2018-04-24,3194735,143217159,45.5,44.5,44.5,-0.9,1548,3036,45.5
2018-04-25,2158932,95910990,44.6,44.3,44.5,0.0,968,3036,44.5
2018-04-26,2069382,92059928,44.7,44.3,44.35,-0.15,804,3036,44.6
2018-04-27,1734512,76973430,44.55,44.25,44.3,-0.05,1002,3036,44.5
2018-04-30,2937637,130698349,44.7,44.35,44.4,0.1,825,3036,44.4
2018-05-02,1995595,89373399,45.1,44.4,44.65,0.25,982,3036,44.4
2018-05-03,1586260,70880520,44.8,44.6,44.7,0.05,625,3036,44.65
2018-05-04,946265,42565096,45.1,44.8,45.0,0.3,421,3036,44.8
2018-05-07,717018,32503652,45.45,45.1,45.45,0.45,454,3036,45.1
2018-05-08,964557,44008422,45.9,45.35,45.9,0.45,589,3036,45.55
2018-05-09,935511,43056822,46.2,45.75,46.0,0.1,567,3036,45.85
2018-05-10,669143,30855878,46.2,46.0,46.15,0.15,400,3036,46.1
2018-05-11,1439797,66531573,46.4,46.05,46.15,0.0,703,3036,46.15
2018-05-14,5882617,264079481,45.5,44.4,45.3,-0.85,2582,3036,45.5
2018-05-15,1344346,61098071,45.6,45.15,45.6,0.3,867,3036,45.3
2018-05-16,990929,45427336,46.0,45.55,45.95,0.35,585,3036,45.6
2018-05-17,636302,29239174,46.0,45.85,45.95,0.0,430,3036,46.0
2018-05-18,886379,40655439,46.1,45.7,45.8,-0.15,528,3036,45.95
2018-05-21,1487657,67773128,45.75,45.35,45.35,-0.45,733,3036,45.75
2018-05-22,870444,39556299,45.55,45.35,45.55,0.2,411,3036,45.35
2018-05-23,831234,37834777,45.6,45.4,45.45,-0.1,330,3036,45.55
2018-05-24,566507,25705180,45.45,45.3,45.35,-0.1,426,3036,45.4
2018-05-25,695080,31510416,45.45,45.25,45.25,-0.1,509,3036,45.3
2018-05-28,861279,38901502,45.4,45.05,45.2,-0.05,528,3036,45.3
2018-05-29,1023762,46101640,45.3,44.95,45.0,-0.2,585,3036,45.2
2018-05-30,1066731,47841295,44.95,44.75,44.95,-0.05,607,3036,44.9
2018-05-31,2744205,124775822,45.7,45.0,45.5,0.55,1046,3036,45.05
2018-06-01,999890,45451991,45.6,45.35,45.5,0.0,458,3036,45.5
2018-06-04,1500478,68832306,46.1,45.6,46.05,0.55,676,3036,45.6
2018-06-05,612343,28175317,46.15,45.9,45.9,-0.15,395,3036,46.0
2018-06-06,866969,39931922,46.15,45.95,46.15,0.25,582,3036,45.95
2018-06-07,817216,37748756,46.25,46.1,46.15,0.0,423,3036,46.15
2018-06-08,615166,28313400,46.2,45.9,45.9,-0.25,333,3036,46.2
2018-06-11,612725,28288250,46.3,46.05,46.1,0.2,340,3036,46.1
2018-06-12,581601,26826596,46.25,46.05,46.05,-0.05,388,3036,46.1
2018-06-13,659752,30307484,46.15,45.8,45.9,-0.15,476,3036,46.15
2018-06-14,826846,37724965,45.9,45.5,45.5,-0.4,574,3036,45.8
2018-06-15,972865,44164863,45.5,45.35,45.35,-0.15,615,3036,45.5
2018-06-19,844892,38147425,45.3,45.05,45.05,-0.3,574,3036,45.3
2018-06-20,1467229,65740262,45.15,44.65,44.7,-0.35,1158,3036,45.05
2018-06-21,895603,40191315,45.1,44.7,44.85,0.15,519,3036,44.75
2018-06-22,671373,30010984,44.85,44.6,44.75,-0.1,387,3036,44.85
2018-06-25,539454,24134737,44.9,44.7,44.7,-0.05,323,3036,44.8
2018-06-26,1406408,62427510,44.7,44.2,44.3,-0.4,753,3036,44.7
2018-06-27,530989,23598400,44.5,44.35,44.5,0.2,336,3036,44.35
2018-06-28,1553074,68566084,44.5,44.0,44.0,-0.5,941,3036,44.5
2018-06-29,1088296,47961530,44.45,43.8,44.45,0.45,585,3036,44.2
2018-07-02,1042630,46423931,44.65,44.35,44.5,0.05,706,3036,44.45
2018-07-03,649794,28648167,44.6,43.85,44.05,-0.45,492,3036,44.6
2018-07-04,476134,20994574,44.3,43.95,44.25,0.2,321,3036,44.0
2018-07-05,960204,42197200,44.25,43.7,43.75,-0.5,508,3036,44.25
2018-07-06,912004,39689469,43.9,43.3,43.45,-0.3,592,3036,43.8
2018-07-09,727101,31637092,43.7,43.25,43.6,0.15,470,3036,43.4
2018-07-10,651339,28674829,44.2,43.9,43.95,0.35,420,3036,43.9
2018-07-11,849760,37099463,43.95,43.5,43.5,-0.45,499,3036,43.95
2018-07-12,935290,40663547,43.75,43.35,43.75,0.25,433,3036,43.5
2018-07-13,711596,31299727,44.1,43.9,44.1,0.35,438,3036,43.9
2018-07-16,706267,31113098,44.2,43.95,44.0,-0.1,395,3036,44.1
2018-07-17,795301,35089869,44.25,43.9,44.1,0.1,324,3036,43.9
2018-07-18,888574,39224030,44.3,44.05,44.3,0.2,382,3036,44.15
2018-07-19,852376,37844752,44.55,44.25,44.25,-0.05,361,3036,44.3
2018-07-20,972423,43162982,44.55,44.25,44.3,0.05,331,3036,44.4
2018-07-23,1134092,50357621,44.6,44.2,44.4,0.1,432,3036,44.3
2018-07-24,417446,18522821,44.45,44.2,44.45,0.05,289,3036,44.4
2018-07-25,1168664,52279840,44.85,44.45,44.8,0.35,481,3036,44.45
2018-07-26,1249204,56261893,45.1,44.9,45.1,0.3,456,3036,44.9
2018-07-27,773096,34835020,45.15,44.9,45.0,-0.1,358,3036,45.05
2018-07-30,659468,29687860,45.15,44.95,44.95,-0.05,328,3036,45.15
2018-07-31,1185607,53456450,45.15,45.0,45.15,0.2,436,3036,45.05
2018-08-01,1615378,73497758,45.6,45.35,45.5,0.35,586,3036,45.35
2018-08-02,2054607,93516727,45.7,45.4,45.4,-0.1,854,3036,45.5
2018-08-03,3463518,156670846,45.45,45.05,45.15,-0.25,1347,3036,45.45
2018-08-06,2551598,109119381,42.85,42.65,42.75,0.0,1110,3036,42.8
2018-08-07,1721115,73204395,42.8,42.35,42.45,-0.3,937,3036,42.8
2018-08-08,1255979,53564742,42.85,42.5,42.6,0.15,787,3036,42.5
2018-08-09,7454426,329292467,44.55,43.35,44.15,1.55,2718,3036,43.35
2018-08-10,3403249,151526120,44.7,44.15,44.5,0.35,1746,3036,44.15
2018-08-13,2990535,132203047,44.5,43.85,44.5,0.0,1153,3036,44.4
2018-08-14,2823972,126198044,44.9,44.5,44.65,0.15,1049,3036,44.6
2018-08-15,1703414,75526699,44.75,44.1,44.35,-0.3,748,3036,44.7
2018-08-16,2539661,112151977,44.45,43.9,44.1,-0.25,791,3036,44.45
2018-08-17,1998297,88739433,44.55,44.3,44.4,0.3,757,3036,44.4
2018-08-20,1596514,70436816,44.55,43.9,44.0,-0.4,885,3036,44.4
2018-08-21,1154664,50969474,44.2,44.1,44.15,0.15,503,3036,44.15
2018-08-22,1127265,49606610,44.15,43.9,43.95,-0.2,671,3036,44.0
2018-08-23,823146,36263503,44.2,43.9,44.0,0.05,390,3036,43.9
2018-08-24,1517234,66456434,44.05,43.65,43.8,-0.2,664,3036,44.0
2018-08-27,1122697,49147355,43.95,43.65,43.75,-0.05,543,3036,43.9
2018-08-28,1448551,63360675,44.05,43.6,43.7,-0.05,675,3036,43.9
2018-08-29,1921053,83751055,43.8,43.45,43.6,-0.1,768,3036,43.75
2018-08-30,617692,27010660,43.8,43.6,43.8,0.2,350,3036,43.6
2018-08-31,667434,29203129,43.8,43.7,43.75,-0.05,380,3036,43.8
2018-09-03,1027313,45181943,44.1,43.8,43.9,0.15,606,3036,43.8
2018-09-04,1520012,66983028,44.2,43.95,44.0,0.1,897,3036,44.1
2018-09-05,1413765,62096099,44.15,43.75,43.75,-0.25,888,3036,44.05
2018-09-06,1296145,56497774,43.7,43.45,43.45,-0.3,822,3036,43.7
2018-09-07,1901886,82327230,43.55,42.95,43.05,-0.4,793,3036,43.45
2018-09-10,2603768,110566062,43.05,42.25,42.25,-0.8,927,3036,43.0
2018-09-11,2905017,123818415,43.15,42.35,42.5,0.25,1353,3036,42.9
2018-09-12,1058914,45237007,42.9,42.6,42.9,0.4,684,3036,42.75
2018-09-13,1064825,45960390,43.3,42.95,43.15,0.25,586,3036,42.95
2018-09-14,2534919,109944587,43.55,43.2,43.2,0.05,1099,3036,43.35
2018-09-17,532121,22918908,43.3,43.0,43.1,-0.1,334,3036,43.25
2018-09-18,1001754,42986583,43.0,42.8,42.85,-0.25,647,3036,43.0
2018-09-19,1176510,50493192,43.0,42.85,43.0,0.15,699,3036,43.0
2018-09-20,1184556,50660912,43.1,42.6,42.75,-0.25,772,3036,43.1
2018-09-21,1411036,60035541,42.8,42.45,42.5,-0.25,862,3036,42.75
2018-09-25,379413,16189754,42.8,42.5,42.65,0.15,266,3036,42.8
2018-09-26,446131,19056833,42.85,42.55,42.85,0.2,327,3036,42.6
2018-09-27,454644,19464641,42.9,42.75,42.8,-0.05,281,3036,42.75
2018-09-28,1250209,53276529,42.9,42.5,42.65,-0.15,742,3036,42.9
2018-10-01,517608,22076544,42.75,42.55,42.7,0.05,281,3036,42.65
2018-10-02,456850,19458425,42.75,42.55,42.6,-0.1,267,3036,42.7
2018-10-03,807628,34368720,42.8,42.45,42.5,-0.1,489,3036,42.8
2018-10-04,833203,35350865,42.55,42.35,42.55,0.05,455,3036,42.5
2018-10-05,3044435,126966333,42.35,41.25,41.5,-1.05,1515,3036,42.35
2018-10-08,749436,31079872,41.65,41.35,41.45,-0.05,535,3036,41.45
2018-10-09,1784660,73310136,41.55,40.95,41.0,-0.45,1141,3036,41.5
2018-10-11,5497729,215928744,40.4,38.65,39.4,-1.6,3148,3036,40.3
2018-10-12,2403814,94726610,39.9,39.05,39.85,0.45,1694,3036,39.3
2018-10-15,2332318,93640541,40.65,39.8,40.2,0.35,1340,3036,40.15
2018-10-16,2405711,97956271,40.85,40.4,40.8,0.6,1555,3036,40.45
2018-10-17,2379317,98544965,41.8,41.1,41.25,0.45,1326,3036,41.5
2018-10-18,983148,40401128,41.4,40.95,41.0,-0.25,707,3036,41.4
2018-10-19,2264297,91087373,40.85,40.0,40.0,-1.0,969,3036,40.85
2018-10-22,723316,29129146,40.55,40.05,40.4,0.4,435,3036,40.2
2018-10-23,982752,39444572,40.4,39.9,40.0,-0.4,696,3036,40.4
2018-10-24,990569,39364615,40.2,39.5,40.0,0.0,615,3036,40.2
2018-10-25,1618081,63149620,39.35,38.7,38.9,-1.1,1307,3036,39.0
2018-10-26,785194,30660608,39.5,38.55,39.25,0.35,515,3036,39.35
2018-10-29,665178,26186670,39.6,39.2,39.3,0.05,377,3036,39.4
2018-10-30,620530,24414707,39.45,39.1,39.2,-0.1,361,3036,39.4
2018-10-31,1218975,48358346,39.85,39.4,39.85,0.65,675,3036,39.4
2018-11-01,988367,39661426,40.25,39.85,40.2,0.35,506,3036,40.0
2018-11-02,1789026,72119942,40.45,40.15,40.25,0.05,847,3036,40.4
2018-11-05,1170146,46743990,40.3,39.8,39.85,-0.4,714,3036,40.3
2018-11-06,1224652,48505416,40.0,39.3,39.5,-0.35,820,3036,40.0
2018-11-07,1350822,53501280,39.9,39.4,39.65,0.15,793,3036,39.45
2018-11-08,1230405,48791149,39.95,39.55,39.55,-0.1,882,3036,39.95
2018-11-09,2573767,102011193,40.0,39.4,39.45,-0.1,1369,3036,40.0
2018-11-12,1029289,40584675,39.55,39.2,39.5,0.05,639,3036,39.2
2018-11-13,1762180,69093366,39.45,38.85,39.45,-0.05,1049,3036,39.1
2018-11-14,1187959,47272760,39.95,39.55,39.95,0.5,703,3036,39.55
2018-11-15,2167028,87277225,40.4,40.15,40.3,0.35,1319,3036,40.2
2018-11-16,1296558,52500298,40.6,40.35,40.6,0.3,792,3036,40.55
2018-11-19,1597006,64743048,40.65,40.45,40.55,-0.05,956,3036,40.6
2018-11-20,1163076,46986177,40.6,40.2,40.25,-0.3,852,3036,40.4
2018-11-21,1503641,60234430,40.4,39.9,40.15,-0.1,976,3036,40.0
2018-11-22,1001280,40068188,40.2,39.85,39.9,-0.25,708,3036,40.1
2018-11-23,1045551,41558212,40.0,39.6,39.6,-0.3,762,3036,40.0
2018-11-26,625653,24930270,39.95,39.75,39.8,0.2,393,3036,39.85
2018-11-27,683299,27238686,40.0,39.7,39.95,0.15,495,3036,39.8
2018-11-28,882984,35374553,40.15,39.95,40.15,0.2,575,3036,39.95
2018-11-29,793212,31955018,40.45,40.2,40.2,0.05,449,3036,40.4
2018-11-30,951154,38229377,40.4,40.05,40.05,-0.15,481,3036,40.3
2018-12-03,2009167,81504674,40.8,40.4,40.8,0.75,1102,3036,40.45
2018-12-04,960640,39184298,40.95,40.6,40.8,0.0,658,3036,40.9
2018-12-05,720525,29210916,40.75,40.4,40.5,-0.3,505,3036,40.45
2018-12-06,1408377,56274880,40.8,39.7,39.85,-0.65,842,3036,40.55
2018-12-07,1007505,40288102,40.1,39.85,40.1,0.25,610,3036,39.9
2018-12-10,585001,23281844,39.85,39.7,39.85,-0.25,443,3036,39.85
2018-12-11,720543,28704765,40.15,39.7,39.8,-0.05,510,3036,40.0
2018-12-12,879116,35017340,39.95,39.75,39.95,0.15,626,3036,39.95
2018-12-13,778956,31121990,40.05,39.9,40.0,0.05,533,3036,40.05
2018-12-14,687293,27336020,39.95,39.65,39.85,-0.15,525,3036,39.95
2018-12-17,693651,27511656,39.8,39.55,39.6,-0.25,583,3036,39.8
2018-12-18,1679862,65934534,39.5,39.15,39.2,-0.4,1152,3036,39.5
2018-12-19,1318890,51506117,39.3,38.95,39.1,-0.1,1025,3036,39.2
2018-12-20,2188656,84859034,39.1,38.65,38.75,-0.35,1124,3036,39.1
2018-12-21,1709903,66039818,39.0,38.4,38.7,-0.05,1133,3036,38.6
2018-12-22,525384,20299895,38.75,38.55,38.65,-0.05,361,3036,38.7
2018-12-24,656705,25426539,38.8,38.6,38.75,0.1,441,3036,38.7
2018-12-25,854853,32908767,38.6,38.45,38.55,-0.2,379,3036,38.6
2018-12-26,514189,19873166,38.9,38.5,38.55,0.0,372,3036,38.55
2018-12-27,669656,25954078,38.9,38.65,38.65,0.1,348,3036,38.9
2018-12-28,898152,34723440,38.8,38.55,38.8,0.15,439,3036,38.65
2019-01-02,552288,21404577,38.95,38.65,38.75,-0.05,436,3036,38.95
2019-01-03,878726,34021714,38.85,38.6,38.65,-0.1,501,3036,38.75
2019-01-04,835003,32207967,38.85,38.4,38.5,-0.15,486,3036,38.55
2019-01-07,1572772,60728761,38.75,38.5,38.65,0.15,694,3036,38.75
2019-01-08,520270,20136080,38.8,38.65,38.65,0.0,337,3036,38.8
2019-01-09,2272907,88523795,39.2,38.65,39.2,0.55,1180,3036,38.8
2019-01-10,1304995,51273449,39.4,39.15,39.35,0.15,811,3036,39.25
2019-01-11,1915598,75516786,39.55,39.3,39.5,0.15,1192,3036,39.35
2019-01-14,1036325,40918032,39.7,39.25,39.4,-0.1,637,3036,39.5
2019-01-15,1718087,68118453,39.9,39.4,39.9,0.5,811,3036,39.45
2019-01-16,1212134,48482310,40.15,39.75,40.15,0.25,701,3036,39.9
2019-01-17,1342767,53890580,40.25,40.0,40.05,-0.1,665,3036,40.1
2019-01-18,568415,22745148,40.15,39.95,40.05,0.0,269,3036,40.1
2019-01-21,1242993,49989960,40.3,40.1,40.3,0.25,562,3036,40.25
2019-01-22,623330,25026477,40.3,40.05,40.15,-0.15,377,3036,40.25
2019-01-23,678374,27195391,40.2,39.95,40.1,-0.05,478,3036,40.0
2019-01-24,650529,26088128,40.2,40.0,40.15,0.05,429,3036,40.2
2019-01-25,868237,34928793,40.35,40.15,40.3,0.15,526,3036,40.15
2019-01-28,1185061,48000545,40.65,40.3,40.65,0.35,700,3036,40.4
2019-01-29,1110218,44965377,40.65,40.3,40.65,0.0,709,3036,40.6
2019-01-30,1658158,67810993,41.15,40.45,40.85,0.2,795,3036,40.65
2019-02-11,628784,25695894,41.0,40.8,40.8,-0.05,485,3036,41.0
2019-02-12,752010,30685959,40.9,40.7,40.8,0.0,573,3036,40.9
2019-02-13,869486,35507912,40.95,40.75,40.8,0.0,525,3036,40.9
2019-02-14,2106358,86759444,41.5,40.8,41.5,0.7,1116,3036,40.85
2019-02-15,1432836,59335507,41.55,41.3,41.5,0.0,956,3036,41.4
2019-02-18,1748071,72988592,41.9,41.5,41.85,0.35,1027,3036,41.7
2019-02-19,1455635,60780239,42.0,41.55,41.6,-0.25,882,3036,42.0
2019-02-20,7261207,294372694,41.25,40.15,40.25,-1.35,3915,3036,41.2
2019-02-21,4641153,185260079,40.25,39.65,40.0,-0.25,2624,3036,40.25
2019-02-22,2244633,89673339,40.1,39.85,40.0,0.0,1430,3036,39.9
2019-02-25,1138904,45661226,40.2,40.0,40.15,0.15,683,3036,40.2
2019-02-26,1326720,53217282,40.25,40.05,40.1,-0.05,841,3036,40.15
2019-02-27,991937,39688890,40.1,39.95,40.1,0.0,626,3036,40.1
2019-03-04,1048445,41950714,40.1,39.9,40.0,-0.1,732,3036,40.05
2019-03-05,1337297,53415480,40.0,39.9,39.9,-0.1,879,3036,40.0
2019-03-06,2636764,104854399,39.95,39.7,39.8,-0.1,1625,3036,39.9
2019-03-07,1695840,67427746,39.85,39.65,39.65,-0.15,894,3036,39.8
2019-03-08,1516672,59723978,39.6,39.3,39.35,-0.3,887,3036,39.6
2019-03-11,2003591,79652790,39.9,39.55,39.9,0.55,1112,3036,39.55
2019-03-12,1942687,77677516,40.1,39.9,39.9,0.0,1096,3036,40.0
2019-03-13,1123360,45043110,40.2,39.95,40.2,0.3,577,3036,40.0
2019-03-14,1365516,54978331,40.35,40.15,40.25,0.05,868,3036,40.2
2019-03-15,1529616,61910175,40.65,40.3,40.35,0.1,863,3036,40.3
2019-03-18,1424329,57277776,40.35,40.1,40.25,-0.1,838,3036,40.35
2019-03-19,1377083,55337974,40.35,40.1,40.1,-0.15,868,3036,40.35
2019-03-20,964416,38661641,40.2,40.0,40.15,0.05,598,3036,40.15
2019-03-21,1253397,50569884,40.45,40.15,40.45,0.3,917,3036,40.15
2019-03-22,1374401,55636045,40.55,40.4,40.55,0.1,1024,3036,40.5
2019-03-25,1439039,57831449,40.4,40.05,40.15,-0.4,782,3036,40.35
2019-03-26,1409490,57008305,40.55,40.3,40.5,0.35,766,3036,40.35
2019-03-27,1019730,41263950,40.6,40.35,40.45,-0.05,561,3036,40.6
2019-03-28,953327,38600738,40.55,40.4,40.55,0.1,718,3036,40.45
2019-03-29,1163345,47290821,40.7,40.55,40.65,0.1,876,3036,40.6
2019-04-01,1304523,53159785,40.8,40.65,40.8,0.15,858,3036,40.7
2019-04-02,1545984,63373512,41.15,40.85,41.0,0.2,1049,3036,40.9
2019-04-03,1935706,79204496,41.05,40.8,40.9,-0.1,910,3036,41.0
2019-04-08,3209957,130554573,40.95,40.5,40.55,-0.35,1627,3036,40.9
2019-04-09,1554275,63257687,40.85,40.5,40.75,0.2,770,3036,40.65
2019-04-10,943641,38361556,40.75,40.55,40.75,0.0,654,3036,40.75
2019-04-11,2104272,86623494,41.3,40.95,41.2,0.45,1130,3036,41.0
2019-04-12,1643466,67939888,41.5,41.2,41.2,0.0,885,3036,41.4
2019-04-15,1785531,73796434,41.5,41.15,41.15,-0.05,917,3036,41.3
2019-04-16,1700062,69791742,41.3,40.95,41.0,-0.15,825,3036,41.2
2019-04-17,1708583,69993963,41.05,40.85,41.0,0.0,1024,3036,41.0
2019-04-18,1626041,66356540,41.3,40.55,40.6,-0.4,948,3036,41.05
2019-04-19,755034,30782094,40.95,40.65,40.8,0.2,433,3036,40.9
2019-04-22,898157,36771585,41.05,40.75,41.05,0.25,471,3036,40.8
2019-04-23,716827,29340307,41.05,40.9,40.95,-0.1,415,3036,41.05
2019-04-24,982735,40208135,41.05,40.8,40.95,0.0,577,3036,40.95
2019-04-25,679680,27814143,40.95,40.85,40.95,0.0,439,3036,40.85
2019-04-26,741507,30323871,40.95,40.8,40.9,-0.05,442,3036,40.9
2019-04-29,1023275,41795856,41.0,40.75,40.75,-0.15,693,3036,40.9
2019-04-30,947645,38610476,40.8,40.7,40.8,0.05,637,3036,40.75
2019-05-02,2463537,101610049,41.45,40.8,41.4,0.6,1143,3036,40.8
2019-05-03,891264,36882951,41.5,41.3,41.4,0.0,598,3036,41.45
2019-05-06,1670422,68415403,41.15,40.8,40.85,-0.55,887,3036,41.05
2019-05-07,1041725,42631666,41.0,40.85,41.0,0.15,745,3036,40.9
2019-05-08,795954,32512253,40.9,40.8,40.9,-0.1,497,3036,40.9
2019-05-09,6864167,271862588,40.35,39.25,39.5,-1.4,3304,3036,40.35
2019-05-10,2576341,101453064,39.6,39.1,39.2,-0.3,1412,3036,39.5
2019-05-13,2556909,98815860,39.2,38.4,38.55,-0.65,1520,3036,39.2
2019-05-14,1874407,71653073,38.5,38.0,38.5,-0.05,1164,3036,38.05
2019-05-15,1126473,43579694,38.8,38.45,38.7,0.2,690,3036,38.5
2019-05-16,1624263,62248519,38.65,38.2,38.2,-0.5,1076,3036,38.65
2019-05-17,1891506,72052423,38.4,38.0,38.05,-0.15,925,3036,38.25
2019-05-20,1205373,45873482,38.15,37.9,38.15,0.1,772,3036,38.05
2019-05-21,1779235,68056694,38.35,38.05,38.35,0.2,607,3036,38.15
2019-05-22,1044153,39944371,38.35,38.15,38.2,-0.15,649,3036,38.35
2019-05-23,1832294,69451122,38.15,37.8,37.85,-0.35,1181,3036,38.15
2019-05-24,803302,30712680,38.4,37.85,38.3,0.45,505,3036,37.85
2019-05-27,600724,23032770,38.45,38.2,38.35,0.05,439,3036,38.35
2019-05-28,1530997,58356379,38.55,37.85,37.85,-0.5,748,3036,38.5
2019-05-29,896478,33995914,38.05,37.8,37.85,0.0,582,3036,37.9
2019-05-30,558512,21301707,38.3,37.85,38.2,0.35,382,3036,37.85
2019-05-31,984827,37830036,38.55,38.2,38.4,0.2,696,3036,38.25
2019-06-03,859944,32946986,38.6,38.0,38.45,0.05,619,3036,38.2
2019-06-04,844848,32486523,38.6,38.35,38.4,-0.05,392,3036,38.5
2019-06-05,631743,24301875,38.65,38.35,38.35,-0.05,377,3036,38.65
2019-06-06,575137,22042896,38.4,38.25,38.3,-0.05,429,3036,38.35
2019-06-10,870784,33599172,38.8,38.45,38.7,0.4,586,3036,38.5
2019-06-11,1292286,50359104,39.1,38.8,38.9,0.2,862,3036,38.85
2019-06-12,653080,25425220,39.1,38.85,38.9,0.0,436,3036,38.9
2019-06-13,964063,37464370,38.95,38.8,38.85,-0.05,668,3036,38.9
2019-06-14,685798,26714406,39.1,38.85,38.9,0.05,450,3036,38.95
2019-06-17,819217,32017522,39.15,38.9,39.15,0.25,483,3036,39.0
2019-06-18,757085,29566117,39.2,38.9,39.1,-0.05,468,3036,39.15
2019-06-19,1708666,67292881,39.6,39.1,39.45,0.35,1032,3036,39.15
2019-06-20,832082,33026953,39.85,39.5,39.7,0.25,484,3036,39.6
2019-06-21,803326,31924169,39.85,39.6,39.65,-0.05,403,3036,39.6
2019-06-24,899497,35873991,39.95,39.75,39.9,0.25,574,3036,39.75
2019-06-25,786957,31416780,40.0,39.7,39.95,0.05,414,3036,39.7
2019-06-26,583850,23310980,40.0,39.85,39.85,-0.1,388,3036,39.95
2019-06-27,830314,33169706,40.0,39.9,40.0,0.15,638,3036,39.95
2019-06-28,1215053,48706870,40.2,39.95,39.95,-0.05,785,3036,40.0
2019-07-01,2320724,93814398,40.6,40.25,40.45,0.5,1190,3036,40.25
2019-07-02,1211993,48873914,40.5,40.25,40.3,-0.15,774,3036,40.5
2019-07-03,1405721,56425968,40.45,40.0,40.25,-0.05,931,3036,40.45
2019-07-04,1114718,44693470,40.3,40.0,40.1,-0.15,772,3036,40.3
2019-07-05,1555177,62276788,40.25,39.95,40.25,0.15,1072,3036,40.1
2019-07-08,1411538,56622120,40.3,40.0,40.2,-0.05,900,3036,40.3
2019-07-09,1080568,43423583,40.3,40.1,40.2,0.0,673,3036,40.2
2019-07-10,980520,39512074,40.45,40.2,40.35,0.15,580,3036,40.35
2019-07-11,1010452,40887520,40.55,40.35,40.55,0.2,578,3036,40.4
2019-07-12,752064,30473837,40.6,40.45,40.5,-0.05,458,3036,40.55
2019-07-15,874664,35372270,40.6,40.35,40.35,-0.15,448,3036,40.6
2019-07-16,1249546,50404793,40.55,40.2,40.2,-0.15,664,3036,40.35
2019-07-17,505059,20287812,40.25,40.1,40.2,0.0,364,3036,40.2
2019-07-18,436599,17560724,40.3,40.15,40.2,0.0,311,3036,40.2
2019-07-19,1514197,61325273,40.65,40.25,40.6,0.4,756,3036,40.3
2019-07-22,826109,33625825,40.75,40.6,40.75,0.15,614,3036,40.7
2019-07-23,1319085,53942919,41.05,40.65,40.95,0.2,787,3036,40.8
2019-07-24,1217612,50006145,41.15,40.9,41.1,0.15,692,3036,41.0
2019-07-25,905216,37145808,41.15,40.95,41.05,-0.05,565,3036,41.1
2019-07-26,1167521,47830174,41.05,40.9,40.95,-0.1,575,3036,41.05
2019-07-29,1160840,47299375,41.0,40.6,40.75,-0.2,616,3036,40.95
2019-07-30,1257067,51238028,40.85,40.65,40.75,0.0,944,3036,40.8
2019-07-31,1445686,58629401,40.7,40.45,40.5,-0.25,982,3036,40.7
2019-08-01,717810,28992668,40.5,40.3,40.3,-0.2,384,3036,40.5
2019-08-02,2229493,88970014,40.2,39.65,39.75,-0.55,1402,3036,40.2
2019-08-05,1049697,42085785,40.3,39.75,40.0,0.25,641,3036,39.75
2019-08-06,1657469,65339986,39.75,39.0,39.6,-0.4,1162,3036,39.5
2019-08-07,556604,22104910,39.8,39.6,39.7,0.1,406,3036,39.65
2019-08-08,1293105,51959949,40.5,39.8,40.5,0.8,720,3036,39.9
2019-08-12,1262343,51197240,40.85,40.35,40.35,-0.15,696,3036,40.8
2019-08-13,1545547,61766130,40.35,39.85,39.95,-0.4,1029,3036,40.35
2019-08-14,856247,34366999,40.3,40.05,40.05,0.1,588,3036,40.1
2019-08-15,1050822,41782280,39.9,39.5,39.8,-0.25,728,3036,39.75
2019-08-16,1652953,66145958,40.25,39.8,40.1,0.3,1262,3036,40.0
2019-08-19,887932,35703004,40.4,40.1,40.25,0.15,662,3036,40.1
2019-08-20,1571554,63544329,40.6,40.25,40.35,0.1,581,3036,40.3
2019-08-21,1031951,41822393,40.6,40.4,40.55,0.2,803,3036,40.5
2019-08-22,1941274,79077143,40.8,40.65,40.7,0.15,845,3036,40.65
2019-08-23,861510,34956600,40.75,40.5,40.5,-0.2,550,3036,40.75
2019-08-26,1488630,59731490,40.3,40.0,40.1,-0.4,779,3036,40.25
2019-08-27,1551408,62388121,40.3,40.1,40.2,0.1,634,3036,40.25
2019-08-28,3213477,128723914,40.15,40.0,40.05,-0.15,1414,3036,40.1
2019-08-29,3430429,131360469,38.05,37.9,38.0,0.0,1423,3036,38.0
2019-08-30,1180599,45246505,38.5,38.2,38.5,0.5,811,3036,38.25
2019-09-02,609818,23501669,38.6,38.5,38.6,0.1,401,3036,38.5
2019-09-03,674488,25990705,38.65,38.5,38.5,-0.1,478,3036,38.6
2019-09-04,537774,20749273,38.7,38.5,38.7,0.2,370,3036,38.5
2019-09-05,720313,27962566,38.9,38.75,38.9,0.2,535,3036,38.8
2019-09-06,493932,19204498,39.0,38.8,38.8,-0.1,336,3036,39.0
2019-09-09,724354,28248470,39.05,38.9,39.05,0.25,472,3036,38.95
2019-09-10,979952,38275965,39.15,39.0,39.15,0.1,702,3036,39.1
2019-09-11,862427,33654153,39.2,38.95,39.0,-0.15,622,3036,39.15
2019-09-12,909664,35572376,39.15,39.05,39.05,0.05,633,3036,39.1
2019-09-16,657915,25747363,39.2,39.05,39.2,0.15,485,3036,39.1
2019-09-17,1155269,45390323,39.4,39.15,39.35,0.15,750,3036,39.2
2019-09-18,930997,36800926,39.65,39.35,39.6,0.25,735,3036,39.45
2019-09-19,1221047,48315551,39.75,39.45,39.5,-0.1,686,3036,39.6
2019-09-20,1330042,52537830,39.6,39.4,39.5,0.0,619,3036,39.5
2019-09-23,1020468,40422361,39.75,39.5,39.6,0.1,568,3036,39.5
2019-09-24,1016795,40212473,39.6,39.5,39.55,-0.05,623,3036,39.6
2019-09-25,1508848,59066671,39.6,38.95,39.2,-0.35,837,3036,39.6
2019-09-26,1063996,41687836,39.4,38.95,39.1,-0.1,702,3036,39.3
2019-09-27,1328333,51627787,39.15,38.75,38.75,-0.35,809,3036,39.1
2019-10-01,775730,30151691,39.0,38.75,38.95,0.2,409,3036,38.85
2019-10-02,1287792,49852425,38.9,38.6,38.6,-0.35,627,3036,38.9
2019-10-03,1076434,41267837,38.5,38.25,38.35,-0.25,583,3036,38.5
2019-10-04,634697,24331248,38.5,38.25,38.35,0.0,470,3036,38.45
2019-10-07,15539343,556394533,36.95,34.55,35.9,-2.45,7145,3036,36.8
2019-10-08,9961581,350736085,35.95,34.8,35.0,-0.9,4600,3036,35.15
2019-10-09,3411041,118075348,34.95,34.5,34.6,-0.4,1849,3036,34.95
2019-10-14,3616683,125816954,34.95,34.6,34.75,0.15,1605,3036,34.7
2019-10-15,3703658,128490389,34.85,34.5,34.7,-0.05,1468,3036,34.75
2019-10-16,8234969,288977093,35.5,34.55,35.45,0.75,3254,3036,34.75
2019-10-17,2425058,85386738,35.4,35.0,35.2,-0.25,1092,3036,35.35
2019-10-18,3988406,139635144,35.25,34.9,35.0,-0.2,1365,3036,35.2
2019-10-21,3452275,120908880,35.3,34.9,35.0,0.0,1033,3036,35.2
2019-10-22,3107081,108807979,35.2,34.9,35.0,0.0,1314,3036,35.05
2019-10-23,2226579,77851065,35.05,34.9,34.95,-0.05,922,3036,35.0
2019-10-24,2984107,104640564,35.3,34.95,35.25,0.3,1287,3036,35.0
2019-10-25,4385054,153188167,35.1,34.8,34.8,-0.45,2038,3036,35.05
2019-10-28,1808848,63117172,35.1,34.8,34.9,0.1,1023,3036,35.0
2019-10-29,1705503,59589120,35.05,34.85,34.9,0.0,1065,3036,35.05
2019-10-30,1650263,57496731,34.9,34.8,34.9,0.0,969,3036,34.9
2019-10-31,2732296,95337458,35.1,34.75,34.8,-0.1,1516,3036,34.95
2019-11-01,1547217,53819416,34.95,34.7,34.8,0.0,566,3036,34.95
2019-11-04,2433103,85332002,35.2,34.9,35.1,0.3,1295,3036,34.9
2019-11-05,1591208,55814680,35.25,34.95,35.0,-0.1,871,3036,35.15
2019-11-06,2395628,83840132,35.1,34.9,35.1,0.1,965,3036,35.05
2019-11-07,2622524,92207262,35.35,35.05,35.05,-0.05,984,3036,35.2
2019-11-08,1525615,53761066,35.35,35.05,35.3,0.25,689,3036,35.05
2019-11-11,2552268,90424329,35.6,35.3,35.4,0.1,1135,3036,35.55
2019-11-12,4892575,175612408,36.1,35.6,36.1,0.7,2254,3036,35.65
2019-11-13,1879987,74635473,39.7,39.7,39.7,3.6,907,3036,39.7
2019-11-14,51149483,2223655739,43.65,42.8,43.2,3.5,26001,3036,43.65
2019-11-15,16493673,707176512,43.35,42.55,42.6,-0.6,8019,3036,43.25
2019-11-18,8912107,377328232,42.9,42.0,42.25,-0.35,4883,3036,42.7
2019-11-19,7543157,319168252,42.6,42.05,42.3,0.05,3650,3036,42.4
2019-11-20,6462133,273490846,42.45,42.25,42.35,0.05,2790,3036,42.35
2019-11-21,6616398,278687277,42.35,42.0,42.2,-0.15,3252,3036,42.35
2019-11-22,6299910,265423246,42.3,42.05,42.1,-0.1,2894,3036,42.25
2019-11-25,10349808,434148081,42.15,41.8,41.85,-0.25,4450,3036,42.1
2019-11-26,6810059,284744998,42.0,41.7,41.75,-0.1,2574,3036,42.0
2019-11-27,5611060,234583443,41.95,41.65,41.85,0.1,2623,3036,41.8
2019-11-28,7046297,299657412,42.7,41.9,42.6,0.75,3464,3036,41.9
2019-11-29,6740633,287926526,42.85,42.55,42.7,0.1,2847,3036,42.8
2019-12-02,12316398,526436779,42.9,42.6,42.75,0.05,2995,3036,42.75
2019-12-03,6264006,267767989,42.8,42.7,42.75,0.0,2623,3036,42.75
2019-12-04,7779470,331520528,42.75,42.4,42.5,-0.25,3179,3036,42.75
2019-12-05,18167485,747760436,41.75,40.7,41.05,-1.45,6864,3036,41.0
2019-12-06,3400824,139204844,41.25,40.8,40.9,-0.15,1694,3036,41.05
2019-12-09,2038381,83421702,41.15,40.8,40.85,-0.05,1025,3036,40.9
2019-12-10,1857174,76098650,41.1,40.8,41.0,0.15,710,3036,40.85
2019-12-11,1763575,72861885,41.5,41.1,41.3,0.3,856,3036,41.1
2019-12-12,1187491,49007147,41.4,41.15,41.3,0.0,479,3036,41.4
2019-12-13,2195352,90561123,41.35,41.15,41.15,-0.15,749,3036,41.35
2019-12-16,2006616,82396656,41.2,40.95,41.05,-0.1,722,3036,41.15
2019-12-17,1825169,74919877,41.1,41.0,41.1,0.05,793,3036,41.0
2019-12-18,3039024,124729777,41.2,40.95,41.1,0.0,1552,3036,41.1
2019-12-19,2313124,94844684,41.1,40.9,41.1,0.0,704,3036,41.05
2019-12-20,1648979,67800531,41.2,41.0,41.2,0.1,731,3036,41.1
2019-12-23,1404878,57868868,41.35,41.1,41.25,0.05,517,3036,41.2
2019-12-24,1092275,45172852,41.5,41.25,41.4,0.15,503,3036,41.25
2019-12-25,1480708,61667053,41.8,41.5,41.75,0.35,753,3036,41.5
2019-12-26,1740481,72238231,41.9,41.2,41.25,-0.5,985,3036,41.9
2019-12-27,1461296,60631929,41.6,41.25,41.6,0.35,761,3036,41.3
2019-12-30,1793806,74858243,41.85,41.6,41.85,0.25,947,3036,41.65
2019-12-31,3614236,151870612,42.1,41.8,42.1,0.25,1066,3036,41.8
2020-01-02,2257092,95439030,42.4,42.05,42.4,0.3,986,3036,42.15
2020-01-03,3749258,158737615,42.7,42.0,42.15,-0.25,1610,3036,42.55
2020-01-06,1673199,70295308,42.15,41.9,42.05,-0.1,865,3036,42.0
2020-01-07,1802977,75260829,42.05,41.45,41.5,-0.55,909,3036,42.05
2020-01-08,4413528,179947550,41.3,40.6,40.65,-0.85,1705,3036,41.3
2020-01-09,1683541,68919231,41.1,40.65,41.0,0.35,995,3036,40.65
2020-01-10,1560097,64017026,41.2,40.95,41.1,0.1,908,3036,41.2
2020-01-13,3028521,125657176,41.95,41.05,41.85,0.75,1662,3036,41.3
2020-01-14,3264400,136865100,42.05,41.8,41.95,0.1,1450,3036,41.8
2020-01-15,2032785,85189877,42.0,41.8,41.9,-0.05,1374,3036,41.95
2020-01-16,28319748,1228489177,43.55,43.05,43.4,1.5,18884,3036,43.15
2020-01-17,14400121,624296856,43.55,43.25,43.35,-0.05,8994,3036,43.55
2020-01-20,17102386,737233207,43.4,42.85,43.1,-0.25,9394,3036,43.4
2020-01-30,2688496,106954782,40.5,39.0,39.0,-4.1,1456,3036,40.5
2020-01-31,5970755,225505800,38.4,37.0,38.3,-0.7,2759,3036,37.5
2020-02-03,2979396,110542860,37.6,36.65,37.2,-1.1,1529,3036,37.5
2020-02-04,1441201,54437538,38.0,37.35,37.8,0.6,846,3036,37.6
2020-02-05,1348875,51157700,38.15,37.65,37.9,0.1,736,3036,38.15
2020-02-06,2096305,79835933,38.25,37.95,38.25,0.35,954,3036,38.05
2020-02-07,1802270,68349360,38.25,37.75,37.8,-0.45,839,3036,38.25
2020-02-10,1617161,60547497,37.65,37.05,37.65,-0.15,679,3036,37.5
2020-02-11,741726,27963905,37.85,37.55,37.65,0.0,450,3036,37.65
2020-02-12,2076346,78972310,38.2,37.6,38.1,0.45,930,3036,37.65
2020-02-13,1765994,67390715,38.45,38.0,38.0,-0.1,1035,3036,38.15
2020-02-14,3448588,130341127,38.25,37.6,38.25,0.25,1398,3036,37.8
2020-02-17,6933191,270100873,39.5,38.75,38.8,0.55,2843,3036,39.0
2020-02-18,4546797,175370793,38.95,38.4,38.55,-0.25,1840,3036,38.95
2020-02-19,1769316,68733574,39.0,38.55,38.9,0.35,1267,3036,38.65
2020-02-20,1423273,55503150,39.1,38.85,39.05,0.15,835,3036,39.05
2020-02-21,0,0,,,,0.0,0,3036,
2020-02-24,7588890,290197599,38.8,37.5,38.0,0.0,2894,3036,38.6
2020-02-25,2897772,109466955,38.05,37.1,37.95,-0.05,1189,3036,37.6
2020-02-26,1921222,73225753,38.35,37.8,38.05,0.1,775,3036,37.8
2020-02-27,4308732,165120101,38.5,38.1,38.2,0.15,1483,3036,38.25
2020-03-02,3636353,139991047,38.9,37.7,38.45,0.25,1681,3036,38.0
2020-03-03,1874495,72505944,38.85,38.55,38.6,0.15,972,3036,38.8
2020-03-04,972193,37289926,38.55,38.15,38.4,-0.2,533,3036,38.5
2020-03-05,7436897,291103248,39.6,38.6,39.35,0.95,2142,3036,38.6
2020-03-06,2285451,88573134,39.05,38.6,38.8,-0.55,910,3036,39.05
2020-03-09,3202180,121953054,38.5,37.9,38.05,-0.75,1366,3036,38.5
2020-03-10,2859595,108939979,38.45,37.5,38.35,0.3,886,3036,37.5
2020-03-11,2016732,77591756,38.85,38.2,38.4,0.05,768,3036,38.4
2020-03-12,2915811,110144312,38.2,37.5,37.65,-0.75,1337,3036,38.2
2020-03-13,2872664,103041397,37.1,35.2,36.8,-0.85,1414,3036,36.0
2020-03-16,1635331,58900091,37.05,35.55,35.55,-1.25,832,3036,36.8
2020-03-17,3057469,107281343,35.6,34.35,35.3,-0.25,1148,3036,34.7
2020-03-18,1443269,50597020,35.35,34.6,34.65,-0.65,875,3036,35.05
2020-03-19,3480261,110935407,34.0,31.2,31.2,-3.45,1724,3036,33.8
2020-03-20,1986714,65554718,33.8,31.5,32.6,1.4,980,3036,31.5
2020-03-23,907332,29207316,32.6,31.4,32.1,-0.5,520,3036,32.4
2020-03-24,1319506,43644492,33.35,32.8,32.85,0.75,710,3036,32.9
2020-03-25,1392480,47516658,34.25,33.8,34.2,1.35,712,3036,33.95
2020-03-26,1209839,41502900,34.65,33.8,34.3,0.1,440,3036,34.5
2020-03-27,1463842,50536770,34.9,34.0,34.25,-0.05,805,3036,34.65
2020-03-30,492318,16710080,34.15,33.6,34.1,-0.15,363,3036,34.0
2020-03-31,1284086,43829342,34.35,33.9,34.1,0.0,624,3036,34.35
2020-04-01,905998,30920627,34.35,33.85,34.05,-0.05,518,3036,34.1
2020-04-06,906663,30817365,34.3,33.6,34.15,0.1,583,3036,34.1
2020-04-07,1121844,38921971,34.85,34.4,34.7,0.55,585,3036,34.5
2020-04-08,1221563,43143583,35.7,34.65,35.6,0.9,669,3036,34.8
2020-04-09,905356,32302941,36.0,35.45,35.5,-0.1,571,3036,35.8
2020-04-10,1278287,46502137,36.7,35.9,36.4,0.9,725,3036,35.95
2020-04-13,1100867,40151296,36.7,36.2,36.45,0.05,473,3036,36.5
2020-04-14,1407823,52040175,37.35,36.5,37.3,0.85,690,3036,36.5
2020-04-15,2508091,94322758,38.15,37.15,38.15,0.85,1284,3036,37.5
2020-04-16,1476172,55655555,37.9,37.25,37.8,-0.35,859,3036,37.7
2020-04-17,2763680,104968993,38.2,37.7,37.9,0.1,1290,3036,37.9
2020-04-20,1573842,59649840,38.1,37.65,37.95,0.05,586,3036,37.7
2020-04-21,1907234,71728418,37.9,37.5,37.5,-0.45,907,3036,37.55
2020-04-22,2553262,93732244,37.0,36.3,37.0,-0.5,1019,3036,36.5
2020-04-23,1999324,73959986,37.3,36.6,37.0,0.0,726,3036,36.9
2020-04-24,1694374,62628503,37.15,36.8,36.95,-0.05,575,3036,37.1
2020-04-27,3636197,135552931,37.5,37.0,37.4,0.45,903,3036,37.1
2020-04-28,2062977,77838624,37.9,37.55,37.75,0.35,859,3036,37.6
2020-04-29,2949350,112468401,38.45,37.8,38.35,0.6,1136,3036,37.8
2020-04-30,2012660,77737017,38.8,38.35,38.55,0.2,892,3036,38.35
2020-05-04,1918837,72881200,38.3,37.75,38.0,-0.55,906,3036,38.3
2020-05-05,791607,30191653,38.3,37.95,38.1,0.1,487,3036,38.1
2020-05-06,1091014,41723177,38.5,37.9,38.15,0.05,623,3036,38.1
2020-05-07,1759093,67820600,38.75,38.05,38.65,0.5,791,3036,38.05
2020-05-08,1695610,65831240,39.15,38.7,38.9,0.25,711,3036,39.0
2020-05-11,1862618,72912422,39.3,39.0,39.1,0.2,849,3036,39.15
2020-05-12,1249504,48647155,39.05,38.8,38.9,-0.2,619,3036,39.0
2020-05-13,942536,36739126,39.15,38.75,39.15,0.25,557,3036,38.8
2020-05-14,1210119,47123491,39.1,38.8,38.8,-0.35,657,3036,39.05
2020-05-15,1222838,47408897,39.05,38.5,38.75,-0.05,610,3036,39.0
2020-05-18,1270941,49486148,39.15,38.75,38.8,0.05,625,3036,38.8
2020-05-19,1083212,42141642,39.15,38.8,38.8,0.0,535,3036,39.1
2020-05-20,1218130,47285988,39.0,38.7,38.7,-0.1,867,3036,39.0
2020-05-21,1126389,43922071,39.2,38.8,39.0,0.3,515,3036,38.9
2020-05-22,1377598,53399214,39.0,38.6,38.65,-0.35,728,3036,39.0
2020-05-25,679793,26282302,38.9,38.5,38.85,0.2,378,3036,38.8
2020-05-26,1493167,58071535,39.0,38.75,38.9,0.05,709,3036,38.85
2020-05-27,963464,37520564,39.05,38.85,38.9,0.0,432,3036,39.0
2020-05-28,1332080,51867748,39.15,38.7,38.7,-0.2,755,3036,39.0
2020-05-29,2199981,83346967,38.8,37.4,37.4,-1.3,879,3036,38.7
2020-06-01,1915056,73740273,38.75,38.25,38.6,1.2,950,3036,38.25
2020-06-02,1058822,41026644,38.85,38.65,38.7,0.1,656,3036,38.85
2020-06-03,2056349,80196411,39.1,38.8,39.05,0.35,955,3036,38.9
2020-06-04,1558287,60883943,39.25,38.95,39.05,0.0,895,3036,39.2
2020-06-05,2120883,83096448,39.3,38.9,39.3,0.25,1076,3036,39.1
2020-06-08,1949323,76929602,39.7,39.25,39.5,0.2,1195,3036,39.6
2020-06-09,1384094,54603300,39.65,39.3,39.35,-0.15,810,3036,39.5
2020-06-10,1446952,56780907,39.4,39.1,39.2,-0.15,688,3036,39.15
2020-06-11,2926638,115221440,39.8,39.05,39.05,-0.15,1427,3036,39.3
2020-06-12,1522313,58480757,38.9,37.6,38.85,-0.2,916,3036,38.0
2020-06-15,1511456,58670384,39.1,38.65,38.7,-0.15,805,3036,38.8
2020-06-16,1530490,59406927,39.0,38.65,38.95,0.25,945,3036,38.8
2020-06-17,1503970,58406280,39.0,38.75,38.8,-0.15,964,3036,39.0
2020-06-18,1312049,51015996,39.0,38.75,38.85,0.05,528,3036,38.8
2020-06-19,2711550,105937960,39.45,38.85,38.9,0.05,988,3036,38.85
2020-06-22,1653841,64939601,39.4,38.85,39.25,0.35,835,3036,39.1
2020-06-23,1350665,53102328,39.6,39.15,39.25,0.0,664,3036,39.35
2020-06-24,1122749,44161015,39.45,39.25,39.25,0.0,494,3036,39.25
2020-06-29,1556356,61134587,39.4,39.05,39.3,0.05,755,3036,39.05
2020-06-30,2319210,91953647,39.95,39.3,39.55,0.25,997,3036,39.35
2020-07-01,4056537,163307425,40.55,39.7,40.25,0.7,1609,3036,39.8
2020-07-02,2601847,104991400,40.6,40.1,40.45,0.2,1487,3036,40.55
2020-07-03,1864217,75072477,40.6,40.15,40.2,-0.25,1111,3036,40.5
2020-07-06,3305754,134200674,40.8,40.4,40.7,0.5,1563,3036,40.4
2020-07-07,1619909,65986392,41.0,40.55,40.75,0.05,734,3036,40.9
2020-07-08,2763577,114090544,41.8,40.6,41.7,0.95,1364,3036,40.7
2020-07-09,1956650,81607539,41.9,41.4,41.7,0.0,1135,3036,41.7
2020-07-10,2194983,91000586,41.7,41.2,41.4,-0.3,975,3036,41.65
2020-07-13,2065390,86210772,41.85,41.6,41.7,0.3,890,3036,41.75
2020-07-14,1587457,66077681,41.9,41.5,41.55,-0.15,655,3036,41.7
2020-07-15,2023069,83802544,41.7,41.2,41.45,-0.1,1020,3036,41.65
2020-07-16,1684730,69765647,41.6,41.3,41.4,-0.05,702,3036,41.45
2020-07-17,2054414,85815453,41.95,41.35,41.7,0.3,1006,3036,41.4
2020-07-20,1919663,79992255,41.9,41.5,41.7,0.0,601,3036,41.8
2020-07-21,2619464,109745508,42.0,41.7,42.0,0.3,997,3036,41.7
2020-07-22,1078199,45337958,42.25,41.95,42.1,0.1,635,3036,42.05
2020-07-23,1115003,46902522,42.25,41.95,42.2,0.1,511,3036,42.1
2020-07-24,1681431,70530874,42.25,41.7,41.8,-0.4,658,3036,42.15
2020-07-27,1218662,50880183,42.05,41.55,41.65,-0.15,595,3036,42.0
2020-07-28,1272775,52872659,41.7,41.45,41.5,-0.15,684,3036,41.5
2020-07-29,570346,23661294,41.65,41.3,41.35,-0.15,393,3036,41.5
2020-07-30,654516,27216408,41.7,41.4,41.65,0.3,372,3036,41.45
2020-07-31,1908576,80270178,42.2,41.65,42.1,0.45,983,3036,41.7
2020-08-03,1665930,70481584,42.45,42.1,42.3,0.2,827,3036,42.1
2020-08-04,854157,36065865,42.45,42.15,42.2,-0.1,508,3036,42.4
2020-08-05,1127243,47635660,42.35,42.15,42.35,0.15,541,3036,42.2
2020-08-06,1739882,73914530,42.8,42.15,42.55,0.2,841,3036,42.2
2020-08-07,2958701,124768460,42.3,42.0,42.2,-0.35,1297,3036,42.2
2020-08-10,1530850,64684895,42.5,42.0,42.25,0.05,787,3036,42.0
2020-08-11,1512217,63886881,42.3,42.15,42.2,-0.05,800,3036,42.25
2020-08-12,1190147,50146430,42.25,42.0,42.2,0.0,509,3036,42.1
2020-08-13,1852703,78376892,42.4,42.2,42.3,0.1,592,3036,42.35
2020-08-14,1264830,53528050,42.45,42.15,42.35,0.05,593,3036,42.3
2020-08-17,1687162,71463841,42.45,42.2,42.35,0.0,758,3036,42.35
2020-08-18,1761806,74683963,42.45,42.3,42.45,0.1,644,3036,42.4
2020-08-19,2541785,107842005,42.5,42.35,42.45,0.0,800,3036,42.4
2020-08-20,4483641,187156985,42.4,41.25,41.8,-0.65,1558,3036,42.4
2020-08-21,2802681,116833034,41.9,41.2,41.65,-0.15,1084,3036,41.9
2020-08-24,3557182,139729581,39.5,38.8,39.25,0.0,952,3036,39.45
2020-08-25,686650,27303176,40.05,39.25,39.8,0.55,444,3036,39.25
2020-08-26,1301563,51465802,39.8,39.45,39.55,-0.25,549,3036,39.8
2020-08-27,1252889,49045435,39.55,38.95,39.15,-0.4,688,3036,39.55
2020-08-28,952542,37280118,39.3,39.05,39.1,-0.05,398,3036,39.15
2020-08-31,1132486,44313946,39.3,39.0,39.05,-0.05,551,3036,39.1
2020-09-01,1508437,58365100,39.1,38.45,38.65,-0.4,760,3036,39.1
2020-09-02,852784,32953362,38.9,38.5,38.6,-0.05,449,3036,38.7
2020-09-03,951051,36794367,39.0,38.55,38.6,0.0,612,3036,38.8
2020-09-04,1063920,40648866,38.4,38.05,38.2,-0.4,566,3036,38.4
2020-09-07,816904,31142677,38.35,38.0,38.05,-0.15,588,3036,38.2
2020-09-08,992916,37793789,38.2,38.0,38.05,0.0,604,3036,38.05
2020-09-09,1632972,61616269,38.25,37.5,38.25,0.2,992,3036,37.9
2020-09-10,1091657,41531440,38.25,37.95,38.0,-0.25,723,3036,38.2
2020-09-11,919713,34768773,37.95,37.7,37.75,-0.25,612,3036,37.9
2020-09-14,751358,28426094,38.1,37.7,37.8,0.05,507,3036,37.9
2020-09-15,829118,31398986,38.05,37.75,37.9,0.1,543,3036,37.8
2020-09-16,512862,19420648,38.0,37.8,37.85,-0.05,381,3036,38.0
2020-09-17,550162,20875575,38.0,37.85,38.0,0.15,316,3036,37.85
2020-09-18,824997,31332532,38.1,37.9,37.9,-0.1,414,3036,38.1
2020-09-21,871783,32919564,37.95,37.65,37.7,-0.2,528,3036,37.8
2020-09-22,984353,36713463,37.6,37.2,37.3,-0.4,577,3036,37.55
2020-09-23,836418,30927147,37.3,36.85,36.95,-0.35,560,3036,37.3
2020-09-24,1470373,53313352,36.85,36.0,36.05,-0.9,931,3036,36.85
2020-09-25,1615568,58230816,36.55,35.85,36.1,0.05,690,3036,36.0
2020-09-28,525546,19237529,37.15,36.1,37.15,1.05,344,3036,36.15
2020-09-29,628319,23335614,37.3,37.0,37.15,0.0,285,3036,37.25
2020-09-30,731024,27359691,37.65,37.05,37.65,0.5,343,3036,37.25
2020-10-05,348680,13023642,37.6,37.2,37.5,-0.15,324,3036,37.5
2020-10-06,420227,15791724,37.7,37.5,37.7,0.2,334,3036,37.65
2020-10-07,474767,17753546,37.7,37.2,37.5,-0.2,359,3036,37.7
2020-10-08,459134,17122083,37.5,37.2,37.5,0.0,370,3036,37.5
2020-10-12,693162,25970252,37.65,37.0,37.6,0.1,389,3036,37.65
2020-10-13,274655,10244708,37.6,37.2,37.4,-0.2,160,3036,37.6
2020-10-14,786682,29249134,37.45,37.05,37.1,-0.3,471,3036,37.4
2020-10-15,314622,11656535,37.25,37.0,37.1,0.0,264,3036,37.05
2020-10-16,725707,26935254,37.4,37.0,37.1,0.0,486,3036,37.2
2020-10-19,660469,24549582,37.4,36.95,37.4,0.3,484,3036,37.3
2020-10-20,537829,19975676,37.3,37.05,37.2,-0.2,352,3036,37.05
2020-10-21,811779,30242481,37.45,37.1,37.45,0.25,685,3036,37.2
2020-10-22,4514001,167703185,37.45,36.75,37.45,0.0,1429,3036,37.4
2020-10-23,632836,23579064,37.5,37.1,37.35,-0.1,485,3036,37.25
2020-10-26,344944,12856811,37.4,37.2,37.25,-0.1,286,3036,37.35
2020-10-27,443255,16459387,37.25,37.0,37.2,-0.05,256,3036,37.2
2020-10-28,418009,15518244,37.3,37.05,37.15,-0.05,340,3036,37.1
2020-10-29,477872,17626286,37.0,36.8,36.95,-0.2,341,3036,37.0
2020-10-30,889823,32678021,37.0,36.6,36.75,-0.2,561,3036,36.95
2020-11-02,577761,21105517,36.85,36.45,36.5,-0.25,381,3036,36.75
2020-11-03,293778,10796400,36.8,36.6,36.75,0.25,217,3036,36.6
2020-11-04,845773,31385251,37.45,36.7,37.35,0.6,559,3036,36.9
2020-11-05,277184,10349242,37.4,37.25,37.4,0.05,208,3036,37.4
2020-11-06,545305,20420426,37.55,37.2,37.45,0.05,278,3036,37.45
2020-11-09,4128227,158274819,38.6,37.95,38.5,1.05,2247,3036,38.25
2020-11-10,1613384,62299575,38.8,38.25,38.7,0.2,917,3036,38.65
2020-11-11,1746928,68076361,39.1,38.45,39.1,0.4,990,3036,38.7
2020-11-12,1274223,49554278,39.15,38.75,38.9,-0.2,449,3036,39.05
2020-11-13,750075,29187204,39.05,38.7,39.0,0.1,377,3036,39.0
2020-11-16,1182693,46417800,39.4,38.9,39.3,0.3,634,3036,39.05
2020-11-17,995684,39070869,39.45,39.05,39.25,-0.05,545,3036,39.45
2020-11-18,888015,34850575,39.35,39.1,39.3,0.05,486,3036,39.2
2020-11-19,735676,28821597,39.25,39.1,39.15,-0.15,407,3036,39.25
2020-11-20,778988,30530709,39.3,39.05,39.2,0.05,383,3036,39.2
2020-11-23,1491708,59037052,39.75,39.1,39.6,0.4,785,3036,39.15
2020-11-24,1320522,52123718,39.6,39.35,39.45,-0.15,630,3036,39.6
2020-11-25,1142523,45115297,39.7,39.3,39.35,-0.1,586,3036,39.65
2020-11-26,796138,31397464,39.6,39.25,39.45,0.1,486,3036,39.3
2020-11-27,642560,25427109,39.7,39.45,39.65,0.2,415,3036,39.5
2020-11-30,3350359,135651250,41.25,40.1,40.1,0.45,1756,3036,40.5
2020-12-01,1915683,77577966,40.8,40.25,40.5,0.4,1061,3036,40.55
2020-12-02,1499677,60481674,40.75,40.2,40.3,-0.2,798,3036,40.75
2020-12-03,1051005,42391929,40.45,40.15,40.35,0.05,574,3036,40.3
2020-12-04,1900775,76767260,40.6,40.2,40.4,0.05,758,3036,40.35
2020-12-07,1208518,49064650,40.8,40.4,40.7,0.3,656,3036,40.45
2020-12-08,761186,30960533,40.8,40.55,40.7,0.0,431,3036,40.7
2020-12-09,1703359,69580237,40.95,40.7,40.9,0.2,906,3036,40.8
2020-12-10,1495221,61187832,41.1,40.6,40.8,-0.1,893,3036,41.0
2020-12-11,1439454,58396898,41.1,40.25,40.35,-0.45,784,3036,41.1
2020-12-14,660215,26694598,40.7,40.15,40.55,0.2,405,3036,40.2
2020-12-15,1159092,47060193,40.8,40.35,40.55,0.0,674,3036,40.65
2020-12-16,1459008,59811616,41.2,40.7,41.1,0.55,907,3036,40.85
2020-12-17,680452,27893171,41.25,40.85,40.95,-0.15,423,3036,41.15
2020-12-18,1387842,56108735,41.0,40.1,40.1,-0.85,556,3036,41.0
2020-12-21,628823,25325115,40.45,40.1,40.3,0.2,443,3036,40.35
2020-12-22,708813,28535098,40.55,40.0,40.05,-0.25,381,3036,40.35
2020-12-23,409555,16443163,40.35,40.0,40.2,0.15,230,3036,40.05
2020-12-24,422825,17048186,40.4,40.2,40.4,0.2,266,3036,40.2
2020-12-25,487360,19662572,40.5,40.25,40.35,-0.05,316,3036,40.45
2020-12-28,981715,39736037,40.6,40.35,40.5,0.15,522,3036,40.35
2020-12-29,1545869,62650858,40.7,40.35,40.7,0.2,660,3036,40.5
2020-12-30,843812,34351816,40.8,40.55,40.75,0.05,571,3036,40.7
2020-12-31,3245168,131468170,40.9,40.3,40.3,-0.45,772,3036,40.8
2021-01-04,1482281,60441817,40.95,40.45,40.9,0.6,925,3036,40.5
2021-01-05,781846,31969719,41.0,40.7,41.0,0.1,463,3036,40.85
2021-01-06,1449528,59336770,41.15,40.75,40.9,-0.1,731,3036,41.1
2021-01-07,1224027,50321209,41.2,40.9,41.2,0.3,720,3036,40.9
2021-01-08,2639056,109201200,41.6,41.05,41.55,0.35,1067,3036,41.2
2021-01-11,1564817,65055205,41.75,41.25,41.7,0.15,797,3036,41.5
2021-01-12,1396558,58211032,41.95,41.45,41.55,-0.15,693,3036,41.8
2021-01-13,3104684,130165590,42.2,41.6,42.05,0.5,1295,3036,41.6
2021-01-14,3981950,170780368,43.25,42.1,42.8,0.75,1883,3036,42.15
2021-01-15,1922114,81615754,42.95,42.05,42.3,-0.5,912,3036,42.9
2021-01-18,989537,41365641,42.45,41.1,41.65,-0.65,567,3036,42.35
2021-01-19,644265,26930209,42.0,41.65,41.7,0.05,406,3036,41.7
2021-01-20,1975588,80742460,41.5,40.35,40.4,-1.3,1087,3036,41.4
2021-01-21,1073978,43961579,41.1,40.5,40.85,0.45,504,3036,40.5
2021-01-22,648919,26663206,41.25,41.0,41.05,0.2,349,3036,41.25
2021-01-25,1132697,46808064,41.65,40.95,41.65,0.6,514,3036,41.05
2021-01-26,1068674,44567847,42.05,41.3,41.55,-0.1,529,3036,41.95
2021-01-27,484572,20182337,41.95,41.4,41.45,-0.1,338,3036,41.9
2021-01-28,750249,30915698,41.45,41.05,41.3,-0.15,349,3036,41.25
2021-01-29,1196721,48902412,41.35,40.5,40.55,-0.75,591,3036,41.2
2021-02-01,677515,27415382,40.75,40.05,40.7,0.15,365,3036,40.6
2021-02-02,1411761,58424596,41.75,40.6,41.65,0.95,702,3036,40.6
2021-02-03,3086305,129249704,42.1,41.65,41.7,0.05,1698,3036,41.8
2021-02-04,640479,26486381,41.7,41.1,41.25,-0.45,456,3036,41.5
2021-02-05,822440,34039179,41.8,41.15,41.4,0.15,681,3036,41.45
2021-02-17,3371321,144084475,43.5,41.9,43.05,1.65,1999,3036,42.1
2021-02-18,4777700,206867823,43.6,42.9,43.35,0.3,2315,3036,43.25
2021-02-19,1038399,44621418,43.35,42.75,43.05,-0.3,750,3036,43.35
2021-02-22,3634133,159544043,44.55,43.35,44.5,1.45,1938,3036,43.35
2021-02-23,1927179,85001625,44.35,43.75,44.35,-0.15,1278,3036,44.1
2021-02-24,2167307,95666853,44.35,43.9,44.3,-0.05,1101,3036,44.25
2021-02-25,1521755,67459873,44.8,44.05,44.5,0.2,929,3036,44.6
2021-02-26,3852602,172389366,45.2,44.2,44.75,0.25,2046,3036,44.5
2021-03-02,2039929,91895835,45.75,44.5,44.5,-0.25,1304,3036,44.85
2021-03-03,1558649,69411154,44.95,44.05,44.8,0.3,983,3036,44.7
2021-03-04,1477443,65596742,44.85,44.1,44.65,-0.15,1048,3036,44.8
2021-03-05,932421,41253982,44.4,44.1,44.4,-0.25,635,3036,44.35
2021-03-08,1367052,61187533,45.0,44.55,44.7,0.3,939,3036,44.55
2021-03-09,1327942,59585602,45.0,44.65,44.85,0.15,895,3036,44.9
2021-03-10,1564156,70425452,45.2,44.9,45.0,0.15,835,3036,45.0
2021-03-11,2575827,117069034,45.75,45.1,45.5,0.5,1419,3036,45.2
2021-03-12,1254183,57038093,45.75,45.3,45.5,0.0,804,3036,45.7
2021-03-15,1840397,84614202,46.25,45.55,46.2,0.7,1047,3036,45.7
2021-03-16,1376950,64238902,46.85,46.5,46.75,0.55,863,3036,46.5
2021-03-17,1383726,64486532,46.8,46.4,46.55,-0.2,952,3036,46.8
2021-03-18,1241417,58032987,46.85,46.6,46.8,0.25,757,3036,46.7
2021-03-19,1867613,86353526,46.7,46.0,46.4,-0.4,1065,3036,46.7
2021-03-22,1020676,47344632,46.55,46.05,46.45,0.05,637,3036,46.4
2021-03-23,1066189,49322418,46.55,46.05,46.1,-0.35,634,3036,46.5
2021-03-24,851129,39088111,46.15,45.8,45.9,-0.2,640,3036,46.0
2021-03-25,864369,39526171,45.9,45.5,45.85,-0.05,617,3036,45.9
2021-03-26,1450478,67138388,46.45,45.9,46.4,0.55,652,3036,45.9
2021-03-29,1883101,87899044,46.95,46.4,46.9,0.5,894,3036,46.55
2021-03-30,2152295,101541168,47.5,46.9,47.5,0.6,1008,3036,47.0
2021-03-31,1039975,49095356,47.5,47.1,47.15,-0.35,658,3036,47.5
2021-04-01,1136108,53320343,47.45,46.7,47.0,-0.15,734,3036,47.15
2021-04-06,826837,38968895,47.4,46.7,47.0,0.0,615,3036,47.1
2021-04-07,972687,45506149,47.0,46.65,46.95,-0.05,641,3036,46.9
2021-04-08,1099003,51547737,47.1,46.8,46.95,0.0,616,3036,46.9
2021-04-09,2251756,104907286,46.95,46.35,46.4,-0.55,854,3036,46.95
2021-04-12,1973225,90268093,46.2,45.55,45.7,-0.7,1175,3036,46.15
2021-04-13,1345079,61508701,45.95,45.5,45.55,-0.15,784,3036,45.7
2021-04-14,1404545,63419730,45.75,44.75,45.15,-0.4,875,3036,45.55
2021-04-15,784009,35500866,45.5,45.0,45.35,0.2,443,3036,45.05
2021-04-16,1246659,56784975,46.0,45.25,46.0,0.65,733,3036,45.25
2021-04-19,2902860,136885198,47.4,46.6,47.15,1.15,1690,3036,46.6
2021-04-20,7730256,381237927,51.7,47.2,51.7,4.55,3415,3036,47.65
2021-04-21,11338152,586926466,52.6,49.9,51.6,-0.1,6242,3036,50.7
2021-04-22,17477959,939416668,55.4,52.0,53.0,1.4,9734,3036,53.3
2021-04-23,6348448,341573837,54.8,53.1,53.8,0.8,3836,3036,54.1
2021-04-26,4534236,243095387,54.6,53.0,53.6,-0.2,2694,3036,54.1
2021-04-27,3648556,192254612,53.6,52.0,52.6,-1.0,2080,3036,53.6
2021-04-28,13615860,748115375,56.2,53.7,54.3,1.7,6181,3036,56.2
2021-04-29,5487543,298656472,55.0,53.5,54.9,0.6,3142,3036,54.6
2021-05-03,5123226,276566481,55.5,53.4,54.0,-0.9,2936,3036,55.5
2021-05-04,4929032,260457523,54.5,51.4,52.3,-1.7,3121,3036,54.0
2021-05-05,2517064,133155665,53.5,52.1,52.9,0.6,1328,3036,52.2
2021-05-06,2073521,108145354,53.5,51.8,53.1,0.2,1186,3036,52.8
2021-05-07,2269131,121744494,54.3,52.9,54.1,1.0,1255,3036,53.2
2021-05-10,2195843,118287697,54.7,53.3,53.9,-0.2,1095,3036,54.5
2021-05-11,2686186,140701183,53.6,51.4,52.1,-1.8,1844,3036,53.3
2021-05-12,5681015,285891494,52.2,48.0,50.3,-1.8,3369,3036,51.9
2021-05-13,6912448,339531336,50.3,48.15,49.35,-0.95,3994,3036,49.25
2021-05-14,2678525,134100385,50.8,49.55,50.1,0.75,1568,3036,50.0
2021-05-17,3118951,148618443,49.25,46.5,47.5,-2.6,1709,3036,46.55
2021-05-18,3993914,200630250,51.2,49.0,51.2,3.7,2128,3036,50.1
2021-05-19,2230677,113032568,51.4,49.85,50.8,-0.4,1442,3036,51.2
2021-05-20,1251202,63274841,51.2,50.1,50.4,-0.4,784,3036,50.5
2021-05-21,1398499,71205421,51.7,50.5,50.8,0.4,791,3036,51.1
2021-05-24,1208800,61702389,51.5,50.2,51.3,0.5,685,3036,50.5
2021-05-25,2589521,135877780,53.2,51.8,52.3,1.0,1717,3036,51.8
2021-05-26,1104423,57971514,52.9,52.2,52.6,0.3,799,3036,52.8
2021-05-27,2303983,121080727,53.2,51.7,53.2,0.6,1237,3036,52.3
2021-05-28,3068497,165530582,54.4,53.5,54.2,1.0,1949,3036,53.5
2021-05-31,2280166,124348988,54.8,54.0,54.3,0.1,1589,3036,54.7
2021-06-01,4027563,223375162,56.0,54.7,55.7,1.4,2450,3036,54.7
2021-06-02,2471388,137203221,56.5,54.9,55.5,-0.2,1614,3036,56.1
2021-06-03,1059687,58528164,55.9,54.8,55.2,-0.3,734,3036,55.8
2021-06-04,1251938,68409187,55.2,54.3,54.5,-0.7,767,3036,55.2
2021-06-07,1516876,81910607,54.8,53.0,54.1,-0.4,928,3036,54.5
2021-06-08,739193,40004022,54.5,53.9,54.2,0.1,534,3036,54.5
2021-06-09,793949,42794437,54.1,53.7,53.8,-0.4,493,3036,54.1
2021-06-10,1475106,79943577,54.5,53.9,54.5,0.7,722,3036,54.3
2021-06-11,923266,50492239,54.8,54.5,54.7,0.2,570,3036,54.8
2021-06-15,991357,54231193,54.9,54.5,54.6,-0.1,647,3036,54.8
2021-06-16,1396856,75728612,54.5,54.0,54.3,-0.3,799,3036,54.5
2021-06-17,1350094,73093839,54.5,53.7,54.3,0.0,581,3036,54.3
2021-06-18,989832,53870941,54.7,54.1,54.5,0.2,632,3036,54.3
2021-06-21,984571,53026737,54.2,53.6,53.8,-0.7,644,3036,54.0
2021-06-22,1014222,54767761,54.3,53.5,54.2,0.4,689,3036,53.9
2021-06-23,1312459,71090441,54.7,53.5,54.4,0.2,807,3036,54.2
2021-06-24,725712,39453317,54.6,54.1,54.3,-0.1,542,3036,54.6
2021-06-25,1583296,85704457,54.6,53.7,53.9,-0.4,872,3036,54.5
2021-06-28,1027380,55588883,54.5,53.8,54.2,0.3,758,3036,54.5
2021-06-29,759049,40990842,54.5,53.8,53.9,-0.3,620,3036,54.5
2021-06-30,1542736,82930349,54.2,53.5,53.7,-0.2,1066,3036,54.0
2021-07-01,927141,49700247,54.0,53.3,53.5,-0.2,585,3036,53.9
2021-07-02,1605598,87239915,54.8,53.7,54.8,1.3,1115,3036,53.7
2021-07-05,9516832,552614001,60.1,55.1,59.3,4.5,5493,3036,55.1
2021-07-06,6866046,407499885,60.3,57.5,59.4,0.1,3739,3036,60.0
2021-07-07,4046967,242274239,60.3,59.1,60.0,0.6,2041,3036,59.1
2021-07-08,3077759,188106314,62.0,60.7,60.9,0.9,1881,3036,61.4
2021-07-09,2055593,121981821,60.5,58.7,59.1,-1.8,1473,3036,60.5
2021-07-12,1274304,75659455,60.1,58.9,59.1,0.0,856,3036,59.8
2021-07-13,3671232,222267953,61.7,59.1,59.6,0.5,2145,3036,60.2
2021-07-14,1143803,68160991,60.0,59.3,59.5,-0.1,906,3036,59.4
2021-07-15,1315655,79163808,60.5,59.5,60.5,1.0,807,3036,59.5
2021-07-16,2873602,176813785,62.0,60.2,62.0,1.5,1894,3036,60.7
2021-07-19,2373428,146099593,62.7,60.8,61.5,-0.5,1748,3036,62.7
2021-07-20,2477760,152793401,62.2,60.9,61.5,0.0,1433,3036,61.2
2021-07-21,1453994,89611354,62.5,61.1,61.5,0.0,1047,3036,62.1
2021-07-22,1274192,78901731,62.4,61.7,61.9,0.4,859,3036,61.8
2021-07-23,1412205,87550032,62.3,61.5,61.9,0.0,974,3036,62.3
2021-07-26,5325638,338853590,65.5,62.0,63.1,1.2,3463,3036,63.4
2021-07-27,1608054,101172741,63.7,62.4,62.9,-0.2,1164,3036,63.4
2021-07-28,2942687,182264660,63.1,60.0,61.2,-1.7,1558,3036,63.0
2021-07-29,2474595,153945236,62.9,61.3,62.2,1.0,1166,3036,62.3
2021-07-30,3430429,213752730,62.9,61.6,62.1,-0.1,1381,3036,61.7
2021-08-02,3481960,208051826,59.6,58.3,59.5,0.0,914,3036,58.9
2021-08-03,1717624,103878442,61.0,59.7,61.0,1.5,1136,3036,60.5
2021-08-04,817430,49608492,61.4,60.3,60.5,-0.5,618,3036,61.1
2021-08-05,1555990,95114495,61.5,60.3,61.5,1.0,816,3036,60.6
2021-08-06,1377550,84974398,62.2,61.2,61.6,0.1,826,3036,62.2
2021-08-09,6757387,446223465,67.3,64.0,66.0,4.4,4243,3036,67.0
2021-08-10,6523572,435518420,68.0,65.3,67.6,1.6,4430,3036,66.5
2021-08-11,5634215,377707397,69.3,65.3,65.9,-1.7,3820,3036,67.6
2021-08-12,4019302,259201935,66.9,63.3,64.8,-1.1,2676,3036,65.9
2021-08-13,3479904,219963620,64.8,61.8,62.1,-2.7,2429,3036,64.8
2021-08-16,3406746,206338153,62.1,59.7,59.9,-2.2,1755,3036,62.1
2021-08-17,3183963,190595975,60.8,58.5,59.5,-0.4,1865,3036,60.5
2021-08-18,2943387,175695541,60.1,59.1,59.6,0.1,1853,3036,59.6
2021-08-19,3066486,178220574,59.6,57.2,57.5,-2.1,2382,3036,59.6
2021-08-20,2464071,141510923,58.2,56.8,57.5,0.0,1371,3036,57.4
2021-08-23,1689161,98563553,58.9,57.8,58.7,1.2,967,3036,58.1
2021-08-24,978498,57047196,59.1,57.9,58.3,-0.4,730,3036,59.0
2021-08-25,1218453,71099980,58.8,57.7,58.3,0.0,871,3036,58.2
2021-08-26,2050686,118938281,58.7,57.5,58.1,-0.2,1185,3036,58.6
2021-08-27,2829942,168222491,60.5,58.2,59.2,1.1,1658,3036,58.5
2021-08-30,1921726,114949328,60.2,59.5,59.6,0.4,941,3036,59.6
2021-08-31,1143556,68121048,60.0,59.1,60.0,0.4,734,3036,59.7
2021-09-01,2196498,132800137,61.3,59.8,60.2,0.2,1478,3036,59.9
2021-09-02,2917405,177399632,61.6,60.2,60.3,0.1,1835,3036,60.2
2021-09-03,2212878,134548035,61.2,60.3,61.0,0.7,1540,3036,60.4
2021-09-06,2394440,147639670,62.3,60.6,61.6,0.6,1577,3036,61.1
2021-09-07,1694210,104259816,62.0,61.1,61.8,0.2,1170,3036,61.6
2021-09-08,2637957,158453236,61.8,59.1,59.3,-2.5,1803,3036,61.8
2021-09-09,2284994,138595888,61.5,59.0,61.1,1.8,1639,3036,59.0
2021-09-10,4696090,295670190,64.2,61.1,63.8,2.7,2909,3036,61.5
2021-09-13,2315675,148331390,65.0,63.0,64.4,0.6,1602,3036,63.7
2021-09-14,1323331,84659960,64.9,63.4,63.6,-0.8,936,3036,64.7
2021-09-15,1647679,104081381,64.3,62.6,62.6,-1.0,1163,3036,64.2
2021-09-16,1904924,119640469,63.7,62.4,62.6,0.0,1385,3036,63.1
2021-09-17,1809135,114733779,64.3,62.2,64.3,1.7,1053,3036,62.9
2021-09-22,3107336,192562092,62.8,61.1,62.3,-2.0,2293,3036,62.8
2021-09-23,1265747,79176259,63.0,62.1,62.4,0.1,912,3036,62.5
2021-09-24,756504,47566057,63.2,62.6,62.7,0.3,714,3036,62.7
2021-09-27,666288,41797189,63.2,61.6,62.6,-0.1,553,3036,61.6
2021-09-28,958368,59124083,62.5,61.4,61.7,-0.9,698,3036,62.5
2021-09-29,1739949,104935960,61.1,59.8,60.0,-1.7,1339,3036,61.0
2021-09-30,1149162,69342339,60.8,59.7,60.5,0.5,876,3036,60.2
2021-10-01,1386085,82480222,60.1,58.9,59.0,-1.5,1216,3036,60.0
2021-10-04,1290029,75332329,59.5,57.8,58.1,-0.9,856,3036,59.5
2021-10-05,1070610,62692084,59.4,57.4,59.4,1.3,826,3036,57.4
2021-10-06,1788587,104001913,59.1,57.5,58.1,-1.3,1294,3036,59.0
2021-10-07,1311234,77208759,59.1,58.5,59.0,0.9,1254,3036,58.6
2021-10-08,1135396,67690154,60.1,59.2,59.5,0.5,1012,3036,59.3
2021-10-12,2191612,128740696,59.7,58.2,59.2,-0.3,1265,3036,59.6
2021-10-13,858015,50447224,59.2,58.5,59.0,-0.2,611,3036,58.8
2021-10-14,933873,55805808,60.2,59.1,60.0,1.0,697,3036,59.5
2021-10-15,1049864,63572147,60.8,60.3,60.6,0.6,865,3036,60.4
2021-10-18,826689,49928191,60.8,59.6,60.6,0.0,589,3036,60.8
2021-10-19,2757865,169826437,62.6,60.3,61.2,0.6,1955,3036,60.6
2021-10-20,2074156,129466657,63.1,61.7,62.2,1.0,1410,3036,62.0
2021-10-21,2306702,144585401,63.2,62.0,63.1,0.9,1396,3036,62.7
2021-10-22,1379167,86012502,63.1,62.0,62.0,-1.1,1186,3036,63.1
2021-10-25,1057750,65909670,62.6,61.7,62.5,0.5,667,3036,62.2
2021-10-26,1613905,101060777,62.9,62.3,62.7,0.2,706,3036,62.5
2021-10-27,1014198,63549688,63.0,62.2,62.8,0.1,651,3036,62.7
2021-10-28,509967,31899908,62.9,62.3,62.7,-0.1,389,3036,62.6
2021-10-29,676416,42348747,62.9,62.1,62.8,0.1,526,3036,62.9
2021-11-01,1915876,120149759,63.4,62.3,62.5,-0.3,1203,3036,62.9
2021-11-02,3432327,218708156,64.3,62.6,63.8,1.3,2068,3036,62.6
2021-11-03,1703628,109291396,64.6,63.6,64.5,0.7,1263,3036,63.9
2021-11-04,1827918,118326305,65.2,64.3,64.7,0.2,1380,3036,64.6
2021-11-05,2559661,166300559,65.6,64.6,64.9,0.2,1637,3036,65.1
2021-11-08,2244579,144884170,65.2,63.8,65.0,0.1,1314,3036,64.9
2021-11-09,1232008,79892465,65.3,64.6,64.6,-0.4,1111,3036,65.0
2021-11-10,1059440,68400292,64.9,64.3,64.4,-0.2,1111,3036,64.9
2021-11-11,1320402,85004964,64.8,63.9,64.3,-0.1,906,3036,64.1
2021-11-12,2555425,167103871,65.9,64.4,65.9,1.6,1530,3036,64.4
2021-11-15,2020075,133412758,66.6,65.4,65.9,0.0,1571,3036,66.1
2021-11-16,2405386,155745002,65.8,64.2,64.4,-1.5,2217,3036,65.6
2021-11-17,1647768,106114495,64.9,64.1,64.4,0.0,1259,3036,64.4
2021-11-18,1281952,83511020,65.5,64.5,65.3,0.9,970,3036,64.5
2021-11-19,690305,44954718,65.6,64.6,64.9,-0.4,602,3036,65.5
2021-11-22,769213,50113447,65.4,64.9,65.4,0.5,441,3036,65.0
2021-11-23,1494445,96410526,65.1,64.1,64.6,-0.8,1041,3036,65.0
2021-11-24,494965,31889142,64.8,64.1,64.7,0.1,455,3036,64.6
2021-11-25,443829,28703282,65.1,64.4,64.6,-0.1,517,3036,65.0
2021-11-26,1655171,105578870,64.8,63.0,63.3,-1.3,1422,3036,64.6
2021-11-29,1370778,86530452,64.1,62.4,63.7,0.4,968,3036,62.6
2021-11-30,1239561,78746218,64.3,63.1,63.4,-0.3,773,3036,64.0
2021-12-01,3910203,257375220,67.4,62.7,66.3,2.9,1909,3036,62.9
2021-12-02,1443814,94220647,66.0,64.9,65.1,-1.2,1347,3036,65.5
2021-12-03,769507,50435817,66.0,65.2,65.4,0.3,653,3036,65.7
2021-12-06,970520,63313231,65.4,64.8,65.2,-0.2,718,3036,65.0
2021-12-07,1176128,76903095,65.9,65.0,65.2,0.0,934,3036,65.3
2021-12-08,1472947,96102445,65.9,64.9,65.4,0.2,770,3036,65.9
2021-12-09,1239017,80614207,65.6,64.9,65.2,-0.2,947,3036,65.6
2021-12-10,2513624,164761586,66.3,65.0,65.3,0.1,1558,3036,65.7
2021-12-13,1314984,85947549,65.8,65.2,65.3,0.0,1001,3036,65.5
2021-12-14,1313528,85053600,65.2,64.5,64.5,-0.8,872,3036,65.2
2021-12-15,1628955,104719545,64.7,64.1,64.4,-0.1,1197,3036,64.5
2021-12-16,1993518,128216823,64.9,64.0,64.3,-0.1,1082,3036,64.8
2021-12-17,4568047,298103972,65.9,64.7,65.1,0.8,2343,3036,65.1
2021-12-20,2431439,157696081,65.3,64.6,64.8,-0.3,1198,3036,65.1
2021-12-21,1912767,123869567,65.2,64.4,64.7,-0.1,1096,3036,64.8
2021-12-22,1628448,105400826,65.1,64.6,64.9,0.2,802,3036,65.1
2021-12-23,1460685,94924856,65.4,64.7,64.9,0.0,861,3036,65.3
2021-12-24,1581544,102846264,65.5,64.8,64.8,-0.1,794,3036,65.2
2021-12-27,5502276,364452112,67.0,65.0,67.0,2.2,2743,3036,65.0
2021-12-28,3546021,239268667,68.0,66.5,67.9,0.9,2439,3036,67.3
2021-12-29,8324760,582992264,72.3,67.7,71.5,3.6,6638,3036,67.9
2021-12-30,11102695,817938826,74.9,71.9,73.5,2.0,8466,3036,73.7
2022-01-03,6383718,472918048,74.7,72.8,74.2,0.7,3780,3036,74.2
2022-01-04,4860882,365461656,76.5,74.5,75.1,0.9,3555,3036,74.7
2022-01-05,3350191,250623935,75.7,73.5,75.3,0.2,2141,3036,74.8
2022-01-06,3298309,248392624,76.5,74.4,75.4,0.1,2477,3036,74.6
2022-01-07,5802102,442664047,77.5,74.7,76.9,1.5,4057,3036,75.4
2022-01-10,6819748,536664251,79.9,76.0,79.2,2.3,5019,3036,76.5
2022-01-11,20493275,1702250868,84.6,79.0,84.0,4.8,13456,3036,79.5
2022-01-12,10685525,895290321,85.0,81.7,85.0,1.0,6295,3036,83.8
2022-01-13,4607940,388095373,84.8,83.3,84.5,-0.5,3585,3036,84.3
2022-01-14,6135085,516154941,85.7,82.0,85.2,0.7,3945,3036,85.1
2022-01-17,4488646,379346839,85.5,83.2,85.3,0.1,4182,3036,85.2
2022-01-18,10754498,959479636,91.5,85.0,90.2,4.9,8803,3036,85.3
2022-01-19,7328146,636640344,88.8,85.1,85.1,-5.1,8490,3036,87.6
2022-01-20,9908282,876908325,90.0,84.8,90.0,4.9,7055,3036,85.0
2022-01-21,6197745,553304350,90.6,88.3,89.2,-0.8,5875,3036,89.1
2022-01-24,6634911,568736661,88.8,83.1,86.3,-2.9,6083,3036,88.0
2022-01-25,7349866,634086329,87.9,84.1,86.5,0.2,5790,3036,85.6
2022-01-26,11038412,962998539,90.1,84.6,85.0,-1.5,11128,3036,86.0
2022-02-07,5764563,504732953,89.4,85.4,89.4,4.4,3637,3036,85.5
2022-02-08,3625694,320798261,89.5,87.5,89.5,0.1,3658,3036,87.9
2022-02-09,3784818,338158368,90.2,88.1,89.6,0.1,2807,3036,89.5
2022-02-10,2413008,214823937,90.5,88.1,88.3,-1.3,2239,3036,90.5
2022-02-11,6522276,591545942,92.0,88.2,90.5,2.2,4728,3036,88.2
2022-02-14,15480184,1473909817,98.9,88.5,96.2,5.7,11070,3036,89.1
2022-02-15,29272729,2795220886,101.0,89.5,89.8,-6.4,21188,3036,97.5
2022-02-16,11717521,1065599203,92.9,88.8,89.9,0.1,9154,3036,91.8
2022-02-17,10577658,921572761,90.5,86.0,86.2,-3.7,8367,3036,89.4
2022-02-18,7192752,612920981,86.5,83.6,85.6,-0.6,5410,3036,84.7
2022-02-21,3938341,339207282,87.3,84.3,86.5,0.9,3093,3036,85.0
2022-02-22,4122980,355478452,87.2,85.3,85.8,-0.7,2920,3036,86.2
2022-02-23,3128904,272237217,87.9,86.0,87.8,2.0,2748,3036,86.0
2022-02-24,3771154,327542498,88.1,85.8,86.9,-0.9,3431,3036,87.2
2022-02-25,8135386,687790689,87.7,83.0,83.0,-3.9,6661,3036,87.7
2022-03-01,4377871,369605751,85.7,83.6,85.0,2.0,2247,3036,84.1
2022-03-02,3639204,304758948,84.8,83.0,83.9,-1.1,2180,3036,84.1
2022-03-03,2103937,178695725,85.5,84.4,85.0,1.1,1503,3036,85.0
2022-03-04,1929271,161426714,84.7,83.1,83.3,-1.7,2180,3036,84.7
2022-03-07,4018753,325164793,81.9,79.8,81.6,-1.7,2567,3036,81.8
2022-03-08,2253903,182047606,82.3,80.0,80.4,-1.2,1643,3036,80.6
2022-03-09,2297400,189141097,83.3,81.2,82.1,1.7,1579,3036,82.0
2022-03-10,2531607,214009109,85.1,83.0,84.8,2.7,2106,3036,83.3
2022-03-11,1297699,109916640,85.8,84.0,84.1,-0.7,1685,3036,84.9
2022-03-14,1225067,104299763,85.7,84.4,85.7,1.6,1073,3036,84.4
2022-03-15,1220036,102754028,85.7,83.7,83.8,-1.9,1255,3036,85.7
2022-03-16,1572775,129876834,84.6,81.2,82.6,-1.2,1398,3036,84.5
2022-03-17,1621437,137444229,85.2,83.9,84.9,2.3,1299,3036,83.9
2022-03-18,4520718,393373297,87.9,85.7,86.9,2.0,2959,3036,85.7
2022-03-21,1589377,137312447,87.4,85.7,85.8,-1.1,1314,3036,87.2
2022-03-22,1659610,140996473,85.8,84.4,84.7,-1.1,1339,3036,85.7
2022-03-23,1185227,101071685,86.2,84.6,84.7,0.0,1015,3036,85.4
2022-03-24,1118487,94695716,85.4,83.7,85.0,0.3,989,3036,84.6
2022-03-25,2299346,192332639,85.6,83.1,83.2,-1.8,1845,3036,85.1
2022-03-28,4208981,341643714,82.9,80.0,82.3,-0.9,3084,3036,82.9
2022-03-29,1427438,116907094,82.6,81.2,81.4,-0.9,1153,3036,82.5
2022-03-30,1531053,125148906,82.5,81.2,81.7,0.3,1276,3036,81.8
2022-03-31,4238341,338642582,81.9,79.0,79.3,-2.4,2318,3036,81.5
2022-04-01,1936087,153415624,79.8,78.4,79.3,0.0,1534,3036,79.0
2022-04-06,1630033,127712722,78.8,78.0,78.5,-0.8,1218,3036,78.8
2022-04-07,2078327,161057861,78.5,77.1,77.1,-1.4,1563,3036,78.2
2022-04-08,1699329,130686440,77.7,76.3,77.2,0.1,1182,3036,77.3
2022-04-11,2804028,219717109,79.4,77.6,78.2,1.0,2148,3036,78.1
2022-04-12,1493305,116054648,78.3,77.3,77.5,-0.7,1079,3036,78.1
2022-04-13,0,0,,,,0.0,0,3036,
2022-04-14,3475399,279361432,82.1,79.5,79.7,0.0,2446,3036,81.1
2022-04-15,2096176,168078280,81.1,79.2,79.6,-0.1,1482,3036,79.8
2022-04-18,2131273,166903376,79.5,77.6,77.6,-2.0,1568,3036,79.5
2022-04-19,2695841,212111604,79.4,77.7,78.2,0.6,1817,3036,77.8
2022-04-20,10664375,792735094,76.7,72.7,74.3,-3.9,6341,3036,75.1
2022-04-21,9746119,717309476,74.8,72.9,73.8,-0.5,5030,3036,73.8
2022-04-22,7329679,532139143,73.5,71.7,72.2,-1.6,4041,3036,73.3
2022-04-25,7225830,507602160,71.3,69.4,70.1,-2.1,3942,3036,71.3
2022-04-26,5845711,419225866,72.9,70.3,72.8,2.7,2629,3036,70.3
2022-04-27,4504284,318008994,70.8,69.6,70.1,-2.7,2470,3036,70.3
2022-04-28,4147745,292188841,71.6,69.0,71.5,1.4,2087,3036,70.1
2022-04-29,3844606,273192865,72.2,71.1,71.8,0.3,1816,3036,71.5
2022-05-03,5773727,404198272,71.3,69.1,69.8,-2.0,3674,3036,71.2
2022-05-04,13008098,886720852,70.1,67.9,68.0,-1.8,6893,3036,69.0
2022-05-05,11581309,795866223,69.8,68.6,69.6,1.6,4754,3036,68.9
2022-05-06,7771729,525430440,68.6,67.0,67.8,-1.8,3348,3036,68.0
2022-05-09,4380270,294392817,67.5,67.0,67.2,-0.6,2335,3036,67.5
2022-05-10,6280079,429259101,69.1,66.6,68.9,1.7,3392,3036,67.1
2022-05-11,4563746,313815658,69.4,68.1,68.7,-0.2,2682,3036,68.8
2022-05-12,4514970,308916922,69.3,67.4,68.1,-0.6,2686,3036,67.7
2022-05-13,3233358,221723497,69.0,68.4,68.6,0.5,1028,3036,68.8
2022-05-16,6085510,416296050,69.9,67.8,68.1,-0.5,2582,3036,69.0
2022-05-17,9172805,647453076,71.5,68.7,71.0,2.9,5748,3036,69.0
2022-05-18,5188139,374341528,72.6,71.4,72.2,1.2,3558,3036,71.7
2022-05-19,3772902,270057141,72.2,70.8,72.0,-0.2,2303,3036,70.8
2022-05-20,6663241,488584595,74.9,72.0,73.6,1.6,4338,3036,72.1
2022-05-23,3574987,260653899,74.1,72.3,72.4,-1.2,2648,3036,73.8
2022-05-24,2534236,183715339,73.0,72.1,72.1,-0.3,1653,3036,72.6
2022-05-25,6997207,515487464,74.9,71.2,74.9,2.8,3966,3036,72.3
2022-05-26,5448745,409644114,75.9,74.3,75.0,0.1,3457,3036,75.0
2022-05-27,3857146,291498647,76.4,74.8,75.2,0.2,2866,3036,75.6
2022-05-30,2792051,211765321,76.4,75.1,76.0,0.8,1844,3036,76.2
2022-05-31,4819917,364536379,76.3,75.2,75.3,-0.7,1907,3036,75.8
2022-06-01,6929078,543014650,79.8,75.5,78.2,2.9,4330,3036,75.8
2022-06-02,3783655,295686083,78.9,77.3,77.6,-0.6,2648,3036,78.2
2022-06-06,10939259,885537154,82.0,80.0,80.3,2.7,6247,3036,80.9
2022-06-07,7421262,595001783,81.4,78.6,80.7,0.4,4983,3036,80.1
2022-06-08,4290719,345374885,81.1,80.1,80.3,-0.4,3046,3036,80.5
2022-06-09,2650719,213219202,81.1,79.8,80.4,0.1,1716,3036,80.0
2022-06-10,5033168,398716062,80.1,78.6,78.7,-1.7,3024,3036,79.3
2022-06-13,4144526,320459888,78.0,76.2,77.2,-1.5,3042,3036,77.0
2022-06-14,4627883,353063725,77.2,75.6,76.9,-0.3,2542,3036,76.3
2022-06-15,9774148,772692257,80.4,77.4,78.6,1.7,4303,3036,78.0
2022-06-16,12721389,1017536803,80.9,78.5,79.9,1.3,5243,3036,79.4
2022-06-17,20649070,1625919150,80.4,77.3,77.3,-2.6,8288,3036,78.6
2022-06-20,25791979,1807709827,72.4,67.2,68.0,0.0,10397,3036,72.3
2022-06-21,12664047,893279240,71.7,68.4,70.8,2.8,5094,3036,69.1
2022-06-22,11985043,850333405,71.8,70.2,70.7,-0.1,5290,3036,71.0
2022-06-23,11905881,848797464,72.1,70.3,71.0,0.3,4992,3036,70.8
2022-06-24,6264061,431696869,72.2,67.1,67.7,-3.3,5691,3036,71.2
2022-06-27,2552731,174933402,69.4,67.3,68.7,1.0,1818,3036,68.4
2022-06-28,2104784,144879948,69.9,68.2,68.7,0.0,1521,3036,69.0
2022-06-29,1777005,119991683,68.1,67.2,67.3,-1.4,1191,3036,68.0
2022-06-30,5034869,338755504,68.2,66.3,67.1,-0.2,2386,3036,67.7
2022-07-01,3390730,219225344,66.9,63.3,63.7,-3.4,2404,3036,66.9
2022-07-04,2469248,153621975,63.8,61.0,61.3,-2.4,1719,3036,63.5
2022-07-05,3687467,226706420,63.7,60.5,61.5,0.2,2245,3036,62.5
2022-07-06,4662372,280411102,61.3,59.1,59.9,-1.6,2966,3036,61.3
2022-07-07,2496882,149821217,60.7,59.1,60.2,0.3,1683,3036,59.9
2022-07-08,2624659,164060277,63.1,61.0,62.9,2.7,1733,3036,61.0
2022-07-11,2053331,129926192,64.3,62.8,63.1,0.2,1434,3036,63.5
2022-07-12,1595334,99505201,62.9,62.0,62.8,-0.3,1004,3036,62.3
2022-07-13,2726417,171951888,63.9,62.5,62.5,-0.3,2386,3036,63.7
2022-07-14,1672763,105634038,63.6,62.3,63.4,0.9,1053,3036,63.3
2022-07-15,1479587,94452021,64.2,63.2,64.1,0.7,1091,3036,63.4
2022-07-18,1769500,113806385,64.8,63.8,64.5,0.4,1480,3036,64.7
2022-07-19,1034509,66817423,64.9,64.0,64.9,0.4,877,3036,64.1
2022-07-20,2729769,177878437,65.6,64.6,65.3,0.4,1886,3036,65.5
2022-07-21,1403465,92714068,66.8,65.3,66.8,1.5,1175,3036,65.7
2022-07-22,2034853,135007843,67.1,65.8,66.9,0.1,1852,3036,66.8
2022-07-25,2032913,138254350,68.7,66.3,68.3,1.4,1451,3036,66.5
2022-07-26,1123350,76228864,68.5,67.4,67.8,-0.5,948,3036,68.3
2022-07-27,1207992,82313972,68.7,67.4,68.7,0.9,863,3036,67.7
2022-07-28,1409251,97399127,69.5,68.6,69.5,0.8,1163,3036,69.1
2022-07-29,3226746,223730612,70.1,69.1,69.2,-0.3,1690,3036,70.0
2022-08-01,1637823,114408167,70.3,68.9,70.2,1.0,1279,3036,69.1
2022-08-02,1661529,114903058,70.1,68.6,69.3,-0.9,1940,3036,69.5
2022-08-03,1390010,95251721,69.1,68.1,68.3,-1.0,1779,3036,68.9
2022-08-04,1695364,115407143,69.5,67.2,68.5,0.2,1663,3036,68.6
2022-08-05,1341278,93146736,69.8,69.0,69.3,0.8,932,3036,69.0
2022-08-08,5180845,342216593,69.1,65.2,65.5,-3.8,3894,3036,69.1
2022-08-09,3292366,212414238,65.5,63.9,64.5,-1.0,2501,3036,65.5
2022-08-10,2022036,130118118,64.7,64.0,64.0,-0.5,1511,3036,64.1
2022-08-11,2622962,168938225,65.1,64.1,64.1,0.1,1841,3036,64.7
2022-08-12,2218482,144335303,65.9,64.1,65.1,1.0,1587,3036,64.1
2022-08-15,2462574,161809352,66.1,65.2,65.7,0.6,1844,3036,65.2
2022-08-16,1484991,97395374,65.8,65.3,65.5,-0.2,1494,3036,65.7
2022-08-17,2087400,136063227,65.7,64.9,65.0,-0.5,1653,3036,65.5
2022-08-18,2054075,131857901,64.6,64.0,64.1,-0.9,1615,3036,64.6
2022-08-19,1099122,70791848,64.6,64.1,64.4,0.3,878,3036,64.3
2022-08-22,1259543,81312056,64.9,63.6,64.4,0.0,987,3036,64.2
2022-08-23,1397431,90214028,64.9,64.2,64.6,0.2,1016,3036,64.5
2022-08-24,1659313,107763162,65.4,64.6,64.6,0.0,1191,3036,64.8
2022-08-25,1013250,65883204,65.4,64.7,64.7,0.1,1018,3036,64.8
2022-08-26,2332143,153509163,66.3,65.1,66.0,1.3,1829,3036,65.1
2022-08-29,1959890,127115626,65.6,64.3,64.7,-1.3,1281,3036,64.8
2022-08-30,1881774,121426911,64.8,64.3,64.5,-0.2,1236,3036,64.5
2022-08-31,1318465,85135673,64.9,64.3,64.7,0.2,875,3036,64.3
2022-09-01,1150089,74200731,64.8,64.3,64.5,-0.2,813,3036,64.3
2022-09-02,1401343,90878104,65.3,64.5,64.6,0.1,951,3036,64.5
2022-09-05,2170104,138029811,64.6,63.0,63.0,-1.6,1578,3036,64.5
2022-09-06,3286381,202390666,63.2,60.8,61.2,-1.8,2362,3036,63.2
2022-09-07,1725294,105189588,61.6,60.3,61.3,0.1,1199,3036,60.6
2022-09-08,978884,60453991,62.0,61.3,62.0,0.7,819,3036,61.5
2022-09-12,1087040,68021435,62.8,62.3,62.7,0.7,859,3036,62.3
2022-09-13,1544980,96962441,63.2,62.5,62.9,0.2,1193,3036,62.7
2022-09-14,2127231,131476081,62.4,61.5,61.9,-1.0,1791,3036,61.5
2022-09-15,1924641,119108797,62.1,61.7,61.8,-0.1,1375,3036,61.7
2022-09-16,4582233,281129664,62.0,60.8,61.9,0.1,2673,3036,61.7
2022-09-19,4304586,260353478,61.7,60.1,60.1,-1.8,2305,3036,61.6
2022-09-20,6056930,362552975,60.8,59.2,60.3,0.2,3051,3036,60.4
2022-09-21,4585710,273928623,60.3,59.5,59.7,-0.6,1945,3036,60.2
2022-09-22,4194802,250176303,60.1,59.2,59.7,0.0,1820,3036,59.2
2022-09-23,1630617,99020842,61.3,59.7,60.8,1.1,1173,3036,59.7
2022-09-26,3344060,197415599,59.8,58.7,58.8,-2.0,1720,3036,59.8
2022-09-27,1001878,59055014,59.4,58.5,59.3,0.5,699,3036,58.7
2022-09-28,1813767,106382469,59.7,58.4,58.4,-0.9,1031,3036,59.3
2022-09-29,1236691,72798031,59.4,58.1,59.0,0.6,851,3036,59.0
2022-09-30,1658946,96618114,58.9,57.6,58.8,-0.2,1145,3036,58.0
2022-10-03,1779989,105991119,60.0,57.9,59.7,0.9,1340,3036,57.9
2022-10-04,1867088,113477943,61.3,60.0,60.8,1.1,1086,3036,60.0
2022-10-05,2092163,128581800,62.2,60.9,61.4,0.6,1306,3036,61.6
2022-10-06,1012224,62521744,62.1,61.4,61.6,0.2,605,3036,61.6
2022-10-07,1173340,72445733,62.2,61.4,61.7,0.1,1055,3036,61.5
2022-10-11,3622118,227423198,63.6,61.7,62.8,1.1,2441,3036,62.0
2022-10-12,2603059,160430453,62.6,60.6,61.7,-1.1,1974,3036,62.5
2022-10-13,1964958,119405661,62.1,60.0,60.2,-1.5,2005,3036,61.3
2022-10-14,2327714,144087555,62.4,61.3,61.4,1.2,1623,3036,61.4
2022-10-17,2990646,183463454,61.9,60.7,61.5,0.1,1994,3036,60.8
2022-10-18,3198526,197689031,62.4,61.3,61.8,0.3,1873,3036,62.0
2022-10-19,2721122,170752678,63.2,62.0,62.5,0.7,1772,3036,62.3
2022-10-20,2021077,126572905,63.2,61.6,63.2,0.7,1200,3036,62.6
2022-10-21,989242,61933622,63.1,62.3,62.3,-0.9,986,3036,62.6
2022-10-24,937013,58743150,63.1,62.2,62.3,0.0,840,3036,63.0
2022-10-25,1129869,69646585,62.7,61.2,61.7,-0.6,843,3036,62.3
2022-10-26,830900,50940327,61.9,60.6,61.9,0.2,648,3036,61.5
2022-10-27,837040,51860760,62.3,61.3,61.8,-0.1,692,3036,61.3
2022-10-28,724148,44511421,61.7,61.2,61.4,-0.4,557,3036,61.7
2022-10-31,5482148,318907478,60.0,57.0,58.3,-3.1,3951,3036,59.9
2022-11-01,1365580,79119180,58.3,57.4,58.0,-0.3,1115,3036,57.8
2022-11-02,2136945,123140872,58.0,57.2,57.5,-0.5,1731,3036,57.8
2022-11-03,1192255,67878081,57.2,56.4,57.2,-0.3,1063,3036,56.9
2022-11-04,1539234,87759132,57.7,56.6,57.6,0.4,1168,3036,57.2
2022-11-07,1367702,79179089,58.2,57.4,57.9,0.3,1131,3036,57.8
2022-11-08,1512667,88271637,58.7,57.9,58.2,0.3,1190,3036,58.1
2022-11-09,2134786,126178885,59.6,58.6,59.4,1.2,1659,3036,58.8
2022-11-10,1004387,59170467,59.2,58.6,58.8,-0.6,863,3036,59.0
2022-11-11,2054561,123055554,60.4,59.3,60.1,1.3,1398,3036,60.0
2022-11-14,1495505,90139258,60.7,59.9,60.4,0.3,994,3036,60.1
2022-11-15,1391305,83817282,60.8,59.3,60.6,0.2,1001,3036,60.1
2022-11-16,1849631,111425214,60.9,59.9,59.9,-0.7,1170,3036,60.6
2022-11-17,1148089,69410396,60.8,60.0,60.7,0.8,849,3036,60.0
2022-11-18,2018063,122882974,61.4,60.2,60.6,-0.1,1073,3036,60.6
2022-11-21,881005,53152786,60.6,60.1,60.2,-0.4,595,3036,60.5
2022-11-22,1040913,62440809,60.3,59.5,60.3,0.1,775,3036,60.2
2022-11-23,1096721,66252012,60.7,60.2,60.3,0.0,906,3036,60.3
2022-11-24,1333669,81207917,61.2,60.5,61.1,0.8,976,3036,60.5
2022-11-25,1109623,68004217,61.5,61.0,61.1,0.0,839,3036,61.2
2022-11-28,1158729,70678911,61.5,60.5,61.5,0.4,741,3036,60.9
2022-11-29,1402435,87014289,62.6,61.1,62.6,1.1,1179,3036,61.4
2022-11-30,1654922,103416445,62.9,62.0,62.9,0.3,1139,3036,62.5
2022-12-01,1768436,111588808,63.4,62.8,63.0,0.1,1138,3036,63.2
2022-12-02,1433851,90699053,63.8,62.7,63.5,0.5,1020,3036,63.1
2022-12-05,2223480,139441098,63.4,62.3,62.8,-0.7,1800,3036,63.1
2022-12-06,1496587,93599959,62.8,62.3,62.5,-0.3,1079,3036,62.3
2022-12-07,1305066,81538819,62.9,62.1,62.3,-0.2,944,3036,62.7
2022-12-08,898800,56117964,63.0,61.9,62.7,0.4,696,3036,62.2
2022-12-09,1526106,96485282,63.6,62.7,63.4,0.7,1193,3036,62.8
2022-12-12,1495519,93195502,62.8,61.9,62.5,-0.9,996,3036,62.6
2022-12-13,832107,52055945,62.9,61.9,62.7,0.2,627,3036,62.9
2022-12-14,1190390,74430000,62.9,62.3,62.5,-0.2,903,3036,62.8
2022-12-15,964914,60344722,62.9,62.3,62.5,0.0,761,3036,62.8
2022-12-16,4996640,311519504,62.9,61.6,62.9,0.4,2342,3036,62.6
2022-12-19,6429734,411411393,64.5,62.4,64.2,1.3,3095,3036,62.4
2022-12-20,6002036,374876537,64.2,61.6,61.7,-2.5,3139,3036,64.2
2022-12-21,4475422,276219233,62.3,61.5,61.7,0.0,1910,3036,62.2
2022-12-22,4514947,285263601,63.6,61.8,63.3,1.6,1755,3036,61.8
2022-12-23,1327050,82799221,62.7,61.9,62.7,-0.6,834,3036,62.4
2022-12-26,488449,30444662,62.6,62.0,62.5,-0.2,329,3036,62.6
2022-12-27,607604,37765030,62.6,61.8,62.2,-0.3,442,3036,62.2
2022-12-28,1434436,87975907,61.8,60.7,61.6,-0.6,1000,3036,61.8
2022-12-29,597083,36413135,61.3,60.6,61.1,-0.5,461,3036,60.9
2022-12-30,316436,19386726,61.6,61.1,61.1,0.0,280,3036,61.5
2023-01-03,531549,32348938,61.1,60.6,61.1,0.0,483,3036,61.1
2023-01-04,500939,30485343,61.2,60.7,60.7,-0.4,511,3036,61.0
2023-01-05,302661,18502251,61.3,61.0,61.2,0.5,299,3036,61.3
2023-01-06,213960,13086767,61.3,61.0,61.1,-0.1,228,3036,61.2
2023-01-09,492163,30354390,61.8,61.2,61.7,0.6,449,3036,61.8
2023-01-10,1252408,78701661,63.2,62.4,62.8,1.1,925,3036,62.4
2023-01-11,1323452,83984531,63.8,63.1,63.6,0.8,928,3036,63.3
2023-01-12,855950,54273791,64.0,63.0,63.1,-0.5,552,3036,64.0
2023-01-13,542054,34236648,63.7,62.9,63.3,0.2,448,3036,63.7
2023-01-16,756100,47857491,63.6,63.1,63.3,0.0,399,3036,63.3
2023-01-17,507204,32108316,63.5,63.0,63.4,0.1,404,3036,63.0
2023-01-30,1646213,105102883,64.2,63.5,63.9,0.5,1270,3036,64.0
2023-01-31,3088645,200388335,65.4,63.9,65.4,1.5,1687,3036,64.0
2023-02-01,1156539,75622615,65.9,65.1,65.4,0.0,1251,3036,65.5
2023-02-02,1530005,100811566,66.3,65.4,65.9,0.5,1258,3036,65.8
2023-02-03,2026103,135003191,67.1,66.0,66.9,1.0,1914,3036,66.4
2023-02-06,1915383,126992003,67.0,65.7,66.0,-0.9,1117,3036,67.0
2023-02-07,712446,47139616,66.5,65.7,66.5,0.5,707,3036,65.9
2023-02-08,833132,55622624,67.0,66.3,66.6,0.1,675,3036,66.8
2023-02-09,645170,42843264,66.7,66.2,66.4,-0.2,507,3036,66.3
2023-02-10,1289337,85160610,66.9,65.7,65.8,-0.6,862,3036,66.9
2023-02-13,999165,65396351,65.8,65.0,65.7,-0.1,784,3036,65.4
2023-02-14,1140366,75144836,66.4,65.5,65.6,-0.1,851,3036,65.7
2023-02-15,1014176,66395930,66.0,65.2,65.2,-0.4,970,3036,65.9
2023-02-16,831007,54673971,66.0,65.3,65.8,0.6,605,3036,65.6
2023-02-17,528120,34930532,66.4,65.4,66.4,0.6,511,3036,65.8
2023-02-20,1485220,99839496,67.6,66.6,67.6,1.2,1189,3036,66.6
2023-02-21,1204866,81302020,68.0,67.1,67.4,-0.2,834,3036,68.0
2023-02-22,1087249,72713083,67.1,66.6,67.0,-0.4,679,3036,67.0
2023-02-23,904226,60962374,67.7,67.0,67.3,0.3,737,3036,67.0
2023-02-24,4959912,321699777,65.9,64.3,65.0,-2.3,3173,3036,65.9
2023-03-01,2794254,179284406,64.6,63.8,64.1,-0.9,1848,3036,64.6
2023-03-02,1166903,75450227,64.9,64.3,64.8,0.7,865,3036,64.3
2023-03-03,1081372,70594233,65.6,64.7,65.4,0.6,838,3036,64.7
2023-03-06,988500,64809137,65.8,65.4,65.6,0.2,915,3036,65.7
2023-03-07,1002286,66073471,66.2,65.6,66.1,0.5,886,3036,65.6
2023-03-08,819305,54182947,66.3,65.8,66.3,0.2,695,3036,65.9
2023-03-09,1139665,75774459,66.8,66.3,66.7,0.4,915,3036,66.5
2023-03-10,1678157,111194841,66.7,65.8,66.7,0.0,1223,3036,66.5
2023-03-13,1286876,85420832,66.9,65.6,66.9,0.2,943,3036,66.5
2023-03-14,817604,54280997,66.7,66.2,66.3,-0.6,920,3036,66.3
2023-03-15,726903,48373735,67.1,66.2,66.2,-0.1,750,3036,66.8
2023-03-16,794217,52189618,66.5,65.2,65.6,-0.6,638,3036,66.2
2023-03-17,706117,46682592,66.4,65.7,66.4,0.8,522,3036,65.8
2023-03-20,817499,53965389,66.5,65.8,65.9,-0.5,773,3036,66.4
2023-03-21,452191,30030273,66.7,66.0,66.5,0.6,415,3036,66.0
2023-03-22,634844,42364943,66.9,66.6,66.7,0.2,537,3036,66.6
2023-03-23,696300,46639611,67.2,66.7,66.9,0.2,642,3036,66.7
2023-03-24,1045220,69648705,67.0,66.3,66.3,-0.6,907,3036,67.0
2023-03-27,613969,40828415,66.7,66.2,66.6,0.3,499,3036,66.3
2023-03-28,765986,50703851,66.8,65.8,66.1,-0.5,625,3036,66.6
2023-03-29,568518,37876552,66.8,66.4,66.7,0.6,520,3036,66.4
2023-03-30,1291095,86723951,67.5,66.7,67.2,0.5,959,3036,66.7
2023-03-31,997407,67463929,67.9,67.4,67.6,0.4,769,3036,67.5
2023-04-06,716348,48086324,67.7,66.5,67.4,-0.2,1086,3036,67.7
2023-04-07,501640,33860299,67.8,67.3,67.5,0.1,530,3036,67.8
2023-04-10,575093,38965205,68.0,67.5,67.5,0.0,620,3036,67.8
2023-04-11,628863,42658518,68.0,67.5,67.8,0.3,581,3036,67.6
2023-04-12,581064,39291030,68.0,67.3,67.5,-0.3,566,3036,68.0
2023-04-13,363456,24527490,67.9,67.3,67.3,-0.2,373,3036,67.4
2023-04-14,491525,33084816,67.6,67.0,67.4,0.1,438,3036,67.4
2023-04-17,316322,21403105,67.9,67.4,67.7,0.3,337,3036,67.4
2023-04-18,978877,66941443,68.7,67.7,68.5,0.8,865,3036,67.9
2023-04-19,864868,58875342,68.5,67.7,68.2,-0.3,711,3036,68.5
2023-04-20,984630,66438625,67.8,67.0,67.1,-1.1,808,3036,67.4
2023-04-21,1073894,71459533,67.3,66.0,66.2,-0.9,823,3036,67.0
2023-04-24,522257,34603889,66.6,65.8,66.0,-0.2,406,3036,66.2
2023-04-25,1179424,77700302,66.5,65.2,65.7,-0.3,745,3036,66.1
2023-04-26,755621,49831124,66.4,65.3,66.2,0.5,673,3036,65.5
2023-04-27,486899,32196496,66.5,65.7,66.4,0.2,434,3036,66.5
2023-04-28,532800,35522254,66.9,66.4,66.4,0.0,443,3036,66.9
2023-05-02,415020,27757933,67.1,66.4,67.1,0.7,434,3036,66.4
2023-05-03,405084,27137991,67.3,66.6,66.9,-0.2,276,3036,67.1
2023-05-04,301396,20242543,67.5,66.9,67.1,0.2,250,3036,66.9
2023-05-05,1906822,124759221,66.3,64.9,65.4,-1.7,1500,3036,66.1
2023-05-08,1470789,95089929,65.2,64.3,65.0,-0.4,1044,3036,65.2
2023-05-09,459391,29903554,65.3,64.8,65.2,0.2,401,3036,65.0
2023-05-10,662147,43062906,65.4,64.6,64.9,-0.3,443,3036,65.4
2023-05-11,597399,38485189,64.9,64.2,64.4,-0.5,489,3036,64.9
2023-05-12,415550,26685097,64.5,63.8,64.5,0.1,321,3036,64.4
2023-05-15,414277,26790681,64.9,64.2,64.9,0.4,308,3036,64.5
2023-05-16,503612,32790343,65.3,64.9,65.0,0.1,430,3036,65.2
2023-05-17,1066822,69648691,65.5,64.7,65.4,0.4,844,3036,65.0
2023-05-18,726385,47607933,65.8,65.1,65.8,0.4,510,3036,65.1
2023-05-19,868410,57230743,66.1,65.5,66.1,0.3,549,3036,65.8
2023-05-22,709669,47201641,66.7,66.1,66.7,0.6,567,3036,66.2
2023-05-23,614628,40951570,66.8,66.3,66.8,0.1,650,3036,66.8
2023-05-24,738277,49568239,67.4,66.6,67.4,0.6,676,3036,66.8
2023-05-25,757758,50633125,67.3,66.6,66.8,-0.6,1542,3036,67.3
2023-05-26,593473,39520208,67.1,66.3,66.6,-0.2,468,3036,67.1
2023-05-29,1023723,68562934,67.4,66.5,66.6,0.0,590,3036,66.7
2023-05-30,997306,66191871,67.0,66.1,66.6,0.0,681,3036,67.0
2023-05-31,1431173,94559821,66.9,65.9,65.9,-0.7,550,3036,66.9
2023-06-01,497499,32827950,66.4,65.5,66.2,0.3,588,3036,65.9
2023-06-02,567602,37568373,66.5,66.0,66.3,0.1,477,3036,66.5
2023-06-05,512354,33867853,66.5,66.0,66.0,-0.3,485,3036,66.2
2023-06-06,1592423,106507560,67.4,65.8,67.4,1.4,1232,3036,66.4
2023-06-07,1365786,92608512,68.0,67.4,67.8,0.4,1131,3036,67.5
2023-06-08,781968,52956437,67.9,67.5,67.5,-0.3,704,3036,67.7
2023-06-09,805223,54267332,67.7,67.1,67.5,0.0,564,3036,67.5
2023-06-12,1141117,77300431,68.1,66.9,67.9,0.4,822,3036,67.8
2023-06-13,674690,45725536,68.0,67.6,67.8,-0.1,551,3036,67.8
2023-06-14,801537,54294507,68.3,67.3,67.6,-0.2,511,3036,67.8
2023-06-15,677223,45605894,67.6,67.2,67.2,-0.4,465,3036,67.5
2023-06-16,1393031,93650067,67.9,66.8,67.0,-0.2,810,3036,67.3
2023-06-19,1175159,79454517,67.8,67.0,67.8,0.8,676,3036,67.0
2023-06-20,904306,61278190,67.9,67.2,67.9,0.1,520,3036,67.8
2023-06-21,1333378,90602073,68.3,67.6,68.0,0.1,798,3036,67.8
2023-06-26,842303,57111056,68.0,67.2,67.9,-0.1,568,3036,68.0
2023-06-27,680754,46244469,68.1,67.7,68.0,0.1,556,3036,68.1
2023-06-28,1973284,132718939,68.3,66.8,67.4,-0.6,1441,3036,68.1
2023-06-29,349434,23522804,67.6,67.0,67.5,0.1,321,3036,67.6
2023-06-30,686893,46495049,68.0,67.3,68.0,0.5,341,3036,67.8
2023-07-03,1037885,70494828,68.1,67.7,68.0,0.0,769,3036,68.0
2023-07-04,3108493,214748611,70.2,68.0,70.2,2.2,1664,3036,68.0
2023-07-05,1861548,130834328,71.7,69.2,69.4,-0.8,1711,3036,70.5
2023-07-06,1219277,85139808,70.5,68.8,69.5,0.1,861,3036,69.3
2023-07-07,972612,67319688,69.8,68.7,69.2,-0.3,890,3036,69.2
2023-07-10,719601,49396148,69.6,68.1,68.3,-0.9,807,3036,69.0
2023-07-11,695224,47724514,69.2,68.3,68.8,0.5,396,3036,69.2
2023-07-12,781182,53839512,69.2,68.5,69.2,0.4,495,3036,68.5
2023-07-13,2218852,155003967,70.8,68.7,70.5,1.3,1478,3036,69.3
2023-07-14,1462472,102558798,71.0,69.5,69.9,-0.6,1555,3036,70.5
2023-07-17,769774,53986610,70.6,69.7,70.0,0.1,661,3036,70.2
2023-07-18,1198196,84096106,70.8,69.6,70.0,0.0,1246,3036,69.7
2023-07-19,1938979,134919988,70.7,68.8,69.1,-0.9,1449,3036,70.0
2023-07-20,721649,50007446,69.8,68.9,69.2,0.1,541,3036,69.1
2023-07-21,1012077,69475107,69.1,68.3,68.6,-0.6,745,3036,69.0
2023-07-24,1665043,112797825,68.6,67.3,67.3,-1.3,1088,3036,68.6
2023-07-25,1687653,112566904,67.5,66.2,66.7,-0.6,1442,3036,67.5
2023-07-26,1436719,95705812,67.3,66.2,66.5,-0.2,1194,3036,67.0
2023-07-27,1011288,68003088,67.8,66.5,67.6,1.1,837,3036,66.5
2023-07-28,1912377,130784853,68.9,67.2,68.9,1.3,1358,3036,67.6
2023-07-31,1974621,135543930,69.5,68.2,68.6,-0.3,1145,3036,69.0
2023-08-01,892098,60861329,68.8,67.8,68.0,-0.6,676,3036,68.6
2023-08-02,848542,57198730,68.3,67.1,67.1,-0.9,767,3036,68.1
2023-08-04,977898,66073865,68.1,67.0,68.1,1.0,737,3036,67.1
2023-08-07,3181808,222286895,70.8,68.1,70.7,2.6,2124,3036,68.5
2023-08-08,2110705,149475474,71.4,70.1,70.9,0.2,1463,3036,70.8
2023-08-09,6286945,460960824,74.9,70.9,74.0,3.1,3886,3036,71.1
2023-08-10,3261884,241241788,75.0,73.0,73.3,-0.7,2073,3036,74.5
2023-08-11,1963499,143297370,73.4,72.0,73.0,-0.3,1132,3036,73.3
2023-08-14,1931022,139869813,74.0,70.8,71.3,-1.7,1128,3036,74.0
2023-08-15,2935321,211160210,72.7,71.1,71.7,0.4,1528,3036,72.7
2023-08-16,3468855,249027912,72.7,70.5,72.0,0.3,1727,3036,71.0
2023-08-17,3022388,216731373,72.4,71.0,71.4,-0.6,1746,3036,72.4
2023-08-18,6884543,466453987,67.5,64.8,65.1,0.0,2386,3036,67.1
2023-08-21,1448966,96185208,67.1,65.3,67.0,1.9,1187,3036,65.7
2023-08-22,1452933,98702719,68.5,67.0,68.3,1.3,1285,3036,67.0
2023-08-23,1564917,107302189,68.9,67.9,68.9,0.6,1373,3036,68.3
2023-08-24,1078500,74075593,69.8,68.2,68.8,-0.1,1021,3036,69.8
2023-08-25,908591,62299455,69.1,68.0,68.0,-0.8,873,3036,68.8
2023-08-28,579595,39372284,68.2,67.7,68.0,0.0,679,3036,68.1
2023-08-29,388213,26371681,68.7,67.5,68.2,0.2,433,3036,68.7
2023-08-30,682054,46353913,68.5,67.7,68.1,-0.1,1007,3036,68.4
2023-08-31,742254,50536700,68.4,67.8,68.1,0.0,560,3036,68.0
2023-09-01,1458028,100966373,69.8,68.3,69.6,1.5,1036,3036,68.4
2023-09-04,3055018,219832677,73.3,70.1,72.2,2.6,3143,3036,70.1
2023-09-05,1108451,80118669,72.8,71.6,72.7,0.5,952,3036,72.8
2023-09-06,1274367,92757314,73.1,72.0,73.1,0.4,1038,3036,72.0
2023-09-07,1755805,128898102,73.9,72.4,73.9,0.8,1858,3036,72.7
2023-09-08,1242421,91848331,74.5,73.5,74.0,0.1,2145,3036,74.5
2023-09-11,1727374,127877344,74.9,73.3,74.2,0.2,1425,3036,74.0
2023-09-12,1573757,115043092,75.0,72.3,72.6,-1.6,2953,3036,74.5
2023-09-13,1430003,104951329,73.9,72.8,73.3,0.7,920,3036,73.2
2023-09-14,0,0,,,,0.0,0,3036,
2023-09-15,2469040,199004562,80.6,80.6,80.6,0.0,1071,3036,80.6
2023-09-18,6180948,547631911,88.6,88.6,88.6,8.0,2565,3036,88.6
2023-09-19,37225887,3512252404,97.4,90.2,91.0,2.4,21797,3036,97.4
2023-09-20,27409811,2696700059,100.0,93.5,100.0,9.0,17212,3036,95.8
2023-09-21,52127095,5184157500,103.0,96.4,103.0,3.0,27897,3036,99.8
2023-09-22,40184639,3956905738,103.5,94.2,96.0,-7.0,21650,3036,103.0
2023-09-25,17227878,1636562782,97.8,92.5,96.2,0.2,11684,3036,97.4
2023-09-26,13015410,1244108239,97.1,94.2,95.0,-1.2,9794,3036,96.6
2023-09-27,33680613,3401112807,104.5,95.3,104.5,9.5,19414,3036,95.8
2023-09-28,66692680,7216924793,114.0,102.0,111.5,7.0,33818,3036,104.5
2023-10-02,29383665,3212254876,112.0,106.5,110.0,-1.5,16255,3036,108.0
2023-10-03,18291286,2032008515,114.0,108.0,112.0,2.0,11452,3036,110.0
2023-10-04,14249247,1584269174,113.0,108.5,111.5,-0.5,8285,3036,110.5
2023-10-05,38509723,4570569616,121.5,114.5,119.0,7.5,23165,3036,115.0
2023-10-06,17027024,1988488338,118.5,115.0,116.5,-2.5,10533,3036,117.0
2023-10-11,12284015,1448648935,119.5,116.0,118.0,1.5,7142,3036,118.0
2023-10-12,12338434,1467401680,121.5,117.0,119.0,1.0,7972,3036,120.5
2023-10-13,10652658,1231841888,118.5,114.0,115.5,-3.5,6650,3036,118.5
2023-10-16,7796387,912237374,119.0,113.5,118.0,2.5,4827,3036,114.5
2023-10-17,16458628,1958395796,123.0,115.5,118.0,0.0,10408,3036,119.0
2023-10-18,8200737,946269931,117.5,114.5,115.0,-3.0,4186,3036,115.5
2023-10-19,6457064,742594369,117.0,112.5,116.0,1.0,4219,3036,115.0
2023-10-20,2852452,328980058,116.5,114.5,115.0,-1.0,2485,3036,115.0
2023-10-23,4045398,458732347,115.5,111.0,114.0,-1.0,2957,3036,114.0
2023-10-24,3193952,361570099,115.0,112.0,112.5,-1.5,2388,3036,114.5
2023-10-25,3175057,359254130,114.5,112.0,112.5,0.0,2155,3036,114.0
2023-10-26,7673408,844159231,112.5,107.0,110.5,-2.0,4328,3036,108.5
2023-10-27,4641432,520919868,114.0,110.5,111.5,1.0,3078,3036,110.5
2023-10-30,12352811,1447335789,120.0,112.0,117.5,6.0,6957,3036,112.5
2023-10-31,8491708,1010465315,121.0,117.5,118.5,1.0,5278,3036,120.0
2023-11-01,17913291,2191747564,127.0,119.0,120.0,1.5,11926,3036,119.5
2023-11-02,7398082,900516920,124.0,119.0,123.5,3.5,5499,3036,123.0
2023-11-03,9678217,1207489385,127.5,121.0,125.0,1.5,7000,3036,126.0
2023-11-06,24567063,3282797063,137.5,125.5,135.0,10.0,13399,3036,125.5
2023-11-07,25450536,3623909549,148.5,134.0,148.5,13.5,16695,3036,134.5
2023-11-08,27485579,4143236809,154.5,147.0,149.5,1.0,18401,3036,149.5
2023-11-09,16416920,2359488097,149.5,138.5,144.5,-5.0,11024,3036,149.5
2023-11-10,12090021,1684061605,144.0,137.0,138.5,-6.0,7709,3036,142.0
2023-11-13,56921397,7198012723,130.0,125.0,125.0,-13.5,11299,3036,130.0
2023-11-14,28019567,3466588654,128.0,122.0,125.5,0.5,14223,3036,125.0
2023-11-15,18694672,2306040796,126.0,120.5,124.5,-1.0,11305,3036,124.0
2023-11-16,13086123,1580580747,126.0,117.5,118.5,-6.0,8879,3036,125.5
2023-11-17,10564228,1228387327,119.0,114.0,114.0,-4.5,6894,3036,118.0
2023-11-20,7787896,912238865,119.0,115.0,116.5,2.5,5047,3036,116.0
2023-11-21,5544188,644407794,118.0,115.0,115.0,0.0,4039,3036,116.0
2023-11-22,3709400,425869034,116.5,113.5,114.0,-1.0,2951,3036,116.0
2023-11-23,4005508,463284100,117.5,114.0,115.0,1.0,2986,3036,115.0
2023-11-24,4576855,521622893,116.0,112.5,112.5,-2.5,3431,3036,116.0
2023-11-27,6761360,781538510,117.5,112.0,115.0,2.5,4801,3036,113.5
2023-11-28,4562510,528735598,117.0,114.5,116.5,1.5,2976,3036,116.5
2023-11-29,11913331,1425751100,122.0,117.5,118.5,2.0,7699,3036,117.5
2023-11-30,5703589,675347103,120.0,117.0,118.5,0.0,4962,3036,119.5
2023-12-01,3272416,387091138,119.5,117.0,118.0,-0.5,2494,3036,119.0
2023-12-04,3884158,449037019,118.5,114.5,114.5,-3.5,3444,3036,118.0
2023-12-05,3239123,372956864,117.0,112.5,116.0,1.5,2240,3036,113.0
2023-12-06,4658365,552822777,121.0,116.0,118.0,2.0,3980,3036,116.5
2023-12-07,4762169,561538470,120.5,116.0,117.0,-1.0,3315,3036,119.0
2023-12-08,3947724,453092472,118.0,114.0,114.0,-3.0,3278,3036,117.5
2023-12-11,4127546,478352371,117.5,114.0,117.0,3.0,2821,3036,115.0
2023-12-12,6109184,725949475,119.5,117.0,119.0,2.0,4593,3036,117.0
2023-12-13,5443393,649836037,121.0,118.0,120.0,1.0,3863,3036,120.0
2023-12-14,5804204,683349567,120.5,116.0,116.5,-3.5,4628,3036,120.0
2023-12-15,10253838,1163415167,117.5,112.0,112.0,-4.5,5399,3036,117.0
2023-12-18,6140019,687343834,113.5,111.0,111.5,-0.5,3739,3036,112.5
2023-12-19,7204625,800774300,113.0,108.5,111.0,-0.5,3636,3036,111.5
2023-12-20,7994975,907922216,115.0,111.0,113.0,2.0,3772,3036,112.0
2023-12-21,6691400,763995026,115.5,112.5,113.5,0.5,3608,3036,112.5
2023-12-22,6297111,726739351,117.0,113.0,116.0,2.5,3573,3036,116.5
2023-12-25,6023234,704326540,119.0,113.5,117.0,1.0,3443,3036,115.5
2023-12-26,2692957,317188498,118.5,116.5,118.0,1.0,2127,3036,117.5
2023-12-27,4019783,476720766,119.5,117.0,119.0,1.0,2852,3036,118.5
2023-12-28,4929718,570183882,120.0,113.5,113.5,-5.5,3368,3036,119.5
2023-12-29,4922251,557322075,115.0,112.5,112.5,-1.0,3166,3036,114.5
2024-01-02,4458429,503320851,114.5,111.5,111.5,-1.0,2742,3036,114.0
2024-01-03,8286562,955899379,118.0,111.0,117.5,6.0,4927,3036,112.5
2024-01-04,5955850,688454956,118.5,113.0,114.5,-3.0,4133,3036,118.0
2024-01-05,3678075,429266516,117.5,114.5,117.0,2.5,2811,3036,114.5
2024-01-08,2938093,337851483,118.0,113.5,113.5,-3.5,2322,3036,117.5
2024-01-09,2337859,269279242,116.5,114.0,114.5,1.0,1669,3036,115.0
2024-01-10,15626448,1873238163,123.0,113.5,119.0,4.5,9470,3036,113.5
2024-01-11,29017564,3708169524,130.5,119.5,126.5,7.5,16520,3036,119.5
2024-01-12,35761676,4574437551,132.0,124.0,127.5,1.0,24215,3036,125.0
2024-01-15,12593279,1606925535,130.0,126.0,127.0,-0.5,9511,3036,128.5
2024-01-16,24799552,3285803345,136.0,125.5,134.5,7.5,16841,3036,126.0
2024-01-17,50446851,7190302730,147.5,135.0,147.0,12.5,30960,3036,135.0
2024-01-18,39435110,5773407172,148.5,142.0,146.0,-1.0,23722,3036,145.5
2024-01-19,23086272,3337400793,151.0,141.0,142.0,-4.0,16747,3036,149.5
2024-01-22,36520177,5564542177,156.0,145.0,156.0,14.0,19608,3036,145.0
2024-01-23,23643830,3709785535,160.0,154.5,155.0,-1.0,22663,3036,157.5
2024-01-24,14984293,2289857255,155.5,150.0,152.5,-2.5,12780,3036,155.0
2024-01-25,11020607,1689327967,155.5,150.5,152.5,0.0,10335,3036,154.0
2024-01-26,14361955,2136694048,153.5,145.5,149.5,-3.0,9988,3036,153.0
2024-01-29,15063730,2311444742,158.0,149.5,151.5,2.0,10176,3036,150.5
2024-01-30,27552665,4398525784,163.5,152.0,160.0,8.5,20841,3036,152.0
2024-01-31,20631906,3288514674,163.0,155.0,158.0,-2.0,16568,3036,160.0
2024-02-01,38144734,6542707473,173.5,164.0,173.0,15.0,17972,3036,164.5
2024-02-02,54275582,9670057327,187.0,170.5,172.5,-0.5,34225,3036,174.0
2024-02-05,21624979,3682852784,176.0,166.0,171.0,-1.5,16214,3036,175.0
2024-02-15,24305184,4253163194,182.0,171.5,172.5,1.5,18312,3036,176.5
2024-02-16,19772882,3295343882,173.5,161.5,163.0,-9.5,16472,3036,173.0
2024-02-19,14341674,2340246164,167.5,156.0,163.5,0.5,9526,3036,159.0
2024-02-20,10499494,1711741988,165.0,161.0,164.5,1.0,7328,3036,163.0
2024-02-21,7896016,1318055761,170.0,163.0,166.5,2.0,6440,3036,163.5
2024-02-22,13382527,2283790720,173.5,166.0,173.5,7.0,9575,3036,169.0
2024-02-23,10683268,1839525518,176.5,169.5,169.5,-4.0,10051,3036,174.5
2024-02-26,15241520,2658743237,176.5,170.5,175.5,6.0,10792,3036,170.5
2024-02-27,12616902,2156637525,174.5,166.0,170.0,-5.5,9596,3036,173.5
2024-02-29,9544209,1629015575,172.5,169.0,171.5,1.5,3970,3036,170.0
2024-03-01,41497597,6615413790,168.5,154.5,163.0,-8.5,22884,3036,167.5
2024-03-04,25763647,4416253770,175.5,165.5,172.0,9.0,17545,3036,166.5
2024-03-05,13332703,2254712406,173.5,166.5,169.5,-2.5,13645,3036,173.0
2024-03-06,9220977,1576051603,173.5,165.5,172.0,2.5,6526,3036,168.0
2024-03-07,7560795,1274950848,174.0,165.5,165.5,-6.5,13332,3036,172.0
2024-03-08,8118788,1318855849,167.5,159.0,159.5,-6.0,6744,3036,166.0
2024-03-11,5795876,925005891,164.5,157.5,158.5,-1.0,5013,3036,161.0
2024-03-12,9908787,1542688371,160.5,153.0,155.5,-3.0,7643,3036,158.5
2024-03-13,13180100,1986188423,157.0,148.0,149.5,-6.0,8623,3036,157.0
2024-03-14,13447402,1966905067,151.0,144.0,144.5,-5.0,7767,3036,150.5
2024-03-15,17523198,2681995049,156.0,144.5,155.0,10.5,9385,3036,145.0
2024-03-18,15360877,2427300946,160.0,154.5,160.0,5.0,9250,3036,155.5
2024-03-19,19108799,3139029625,166.5,161.0,166.0,6.0,12687,3036,164.0
2024-03-20,17209613,2766432891,167.5,157.0,158.5,-7.5,13843,3036,166.0
2024-03-21,9400765,1516815932,163.5,158.5,161.5,3.0,6218,3036,161.0
2024-03-22,9487517,1514725269,163.5,158.0,159.0,-2.5,4544,3036,163.5
2024-03-25,3207697,514433011,162.5,159.0,160.0,1.0,2709,3036,160.0
2024-03-26,8989397,1427758395,164.5,154.0,156.0,-4.0,6687,3036,162.0
2024-03-27,9523948,1444310453,155.5,150.0,150.0,-6.0,9405,3036,155.0
2024-03-28,7947248,1200724303,153.5,149.5,150.0,0.0,5422,3036,152.0
2024-03-29,8799978,1305536279,151.5,146.5,147.5,-2.5,6780,3036,150.0
2024-04-01,14694275,2108646133,148.0,141.5,141.5,-6.0,10074,3036,147.5
2024-04-02,10124656,1440779310,144.5,141.0,142.0,0.5,6378,3036,142.5
2024-04-03,17605543,2531270122,150.0,140.5,140.5,-1.5,12192,3036,145.0
2024-04-08,15710515,2208977943,144.0,138.0,138.5,-2.0,11308,3036,143.0
2024-04-09,11923457,1626302762,139.0,135.0,135.5,-3.0,8928,3036,139.0
2024-04-10,11976314,1783598286,149.0,147.5,149.0,13.5,4486,3036,149.0
2024-04-11,71845500,11193746245,162.5,149.0,158.0,9.0,39179,3036,158.5
2024-04-12,34712870,5626449967,167.0,155.0,165.5,7.5,23368,3036,157.0
2024-04-15,16189634,2609345893,164.5,158.0,159.0,-6.5,14275,3036,163.0
2024-04-16,14352577,2186870823,156.5,149.5,151.0,-8.0,14765,3036,156.5
2024-04-17,15130394,2421795667,164.0,154.0,162.0,11.0,10905,3036,154.5
2024-04-18,16265727,2644599703,166.5,159.5,161.0,-1.0,11182,3036,161.0
2024-04-19,24393404,3680073282,155.0,145.0,152.0,-9.0,17802,3036,155.0
2024-04-22,10953303,1615107038,153.5,144.5,145.0,-7.0,7487,3036,150.5
2024-04-23,8682778,1270341131,150.5,145.0,147.0,2.0,5294,3036,149.0
2024-04-24,8517056,1274080130,151.0,147.5,150.5,3.5,5056,3036,149.0
2024-04-25,5041548,737336095,148.0,144.5,145.5,-5.0,3776,3036,148.0
2024-04-26,8237533,1186642130,147.0,142.0,142.5,-3.0,5839,3036,147.0
2024-04-29,6209253,902541197,148.0,142.5,144.0,1.5,4182,3036,144.0
2024-04-30,9927082,1479189068,153.0,142.5,150.0,6.0,6926,3036,145.0
2024-05-02,6346874,959478480,153.0,148.0,152.5,2.5,4887,3036,148.5
2024-05-03,6290446,959188032,156.5,149.5,150.0,-2.5,4218,3036,153.5
2024-05-06,7096150,1069419469,154.5,148.5,151.0,1.0,4243,3036,152.5
2024-05-07,6623922,990888991,152.5,147.0,150.5,-0.5,4240,3036,151.5
2024-05-08,26605444,3609947507,138.0,135.5,135.5,-15.0,16402,3036,135.5
2024-05-09,37653703,4727626368,134.0,122.0,122.5,-13.0,24599,3036,134.0
2024-05-10,24133016,2954276217,125.5,120.0,121.5,-1.0,16224,3036,124.5
2024-05-13,13926656,1701356558,125.5,120.5,121.5,0.0,10082,3036,122.0
2024-05-14,8985166,1111500400,125.0,122.0,123.5,2.0,6365,3036,122.0
2024-05-15,9003793,1132168000,127.0,124.0,124.5,1.0,6987,3036,124.5
2024-05-16,6040240,749202858,126.5,122.5,123.0,-1.5,4978,3036,126.0
2024-05-17,4443109,546141645,124.5,122.0,122.5,-0.5,3358,3036,123.5
2024-05-20,4333771,528739216,123.5,121.5,121.5,-1.0,3668,3036,122.5
2024-05-21,7558284,906769104,122.5,119.0,120.0,-1.5,6158,3036,121.5
2024-05-22,10976625,1294901799,121.0,117.0,118.0,-2.0,8360,3036,121.0
2024-05-23,5036583,588164185,118.0,116.0,117.5,-0.5,4077,3036,117.5
2024-05-24,3762449,440586656,118.5,115.0,118.0,0.5,3176,3036,117.0
2024-05-27,4053510,478582775,119.5,116.5,118.5,0.5,3459,3036,119.0
2024-05-28,6702685,813176124,122.5,119.0,121.5,3.0,5172,3036,119.5
2024-05-29,5093915,615499893,123.5,119.5,120.0,-1.5,4154,3036,123.0
2024-05-30,7509813,883712617,120.0,116.0,116.0,-4.0,6225,3036,119.5
2024-05-31,8199956,952928580,118.0,115.5,115.5,-0.5,6122,3036,117.5
2024-06-03,8611918,1010299511,119.0,115.0,117.5,2.0,4910,3036,117.0
2024-06-04,3405161,400274915,119.5,116.0,116.5,-1.0,2770,3036,117.5
2024-06-05,2131581,249439344,118.5,116.0,117.0,0.5,1929,3036,117.0
2024-06-06,2957307,344098440,118.5,115.5,115.5,-1.5,3573,3036,118.0
2024-06-07,6455321,742180075,117.0,114.0,115.0,-0.5,4168,3036,116.0
2024-06-11,3658645,420816871,116.5,114.0,114.5,-0.5,3266,3036,115.5
2024-06-12,3474320,396785603,116.0,113.0,114.5,0.0,2819,3036,115.0
2024-06-13,5705944,646292699,115.5,112.5,113.0,-1.5,4362,3036,115.0
2024-06-14,6197712,702136149,115.0,112.0,114.5,1.5,4740,3036,114.0
2024-06-17,3110774,354606977,115.0,113.0,114.5,0.0,2444,3036,114.5
2024-06-18,2427428,278567447,115.5,114.0,115.0,0.5,2207,3036,115.0
2024-06-19,9587286,1118405974,119.0,115.0,115.0,0.0,6924,3036,115.5
2024-06-20,2451972,285573680,117.0,115.5,117.0,2.0,2376,3036,115.5
2024-06-21,12384723,1454725314,119.0,114.5,117.5,0.5,5303,3036,116.5
2024-06-24,20952837,2553029056,125.0,117.5,121.0,3.5,13152,3036,118.5
2024-06-25,15809911,1931524810,124.5,118.5,122.0,1.0,9158,3036,121.0
2024-06-26,17265340,2170646618,128.5,122.0,125.0,3.0,11478,3036,123.0
2024-06-27,11209861,1382503094,126.5,121.0,122.5,-2.5,7551,3036,124.5
2024-06-28,6254476,775446502,125.5,122.5,124.0,1.5,3803,3036,123.0
2024-07-01,3679679,455855823,125.0,123.0,123.5,-0.5,2724,3036,125.0
2024-07-02,5311241,656072855,127.0,121.5,122.5,-1.0,3842,3036,125.5
2024-07-03,2692442,330903539,124.5,122.0,122.5,0.0,1993,3036,123.5
2024-07-04,6429567,776138328,123.5,119.5,120.0,-2.5,4812,3036,123.5
2024-07-05,4240867,508715217,121.5,119.0,119.5,-0.5,3076,3036,120.5
2024-07-08,3055981,361758651,120.0,117.5,119.0,-0.5,2648,3036,119.5
2024-07-09,2523225,302026220,121.0,118.0,120.5,1.5,2260,3036,119.5
2024-07-10,3594852,434740416,122.5,119.5,120.0,-0.5,2234,3036,120.5
2024-07-11,3023130,366903187,122.5,119.5,121.5,1.5,2522,3036,121.0
2024-07-12,3240929,392002341,122.0,119.5,121.0,-0.5,2232,3036,121.0
2024-07-15,2516666,301278356,121.0,118.5,119.0,-2.0,1923,3036,121.0
2024-07-16,2442427,289281397,120.0,118.0,118.0,-1.0,2109,3036,119.5
2024-07-17,2857378,339342097,121.0,117.5,118.0,0.0,2661,3036,118.0
2024-07-18,4054551,471098898,117.0,114.5,117.0,-1.0,3185,3036,117.0
2024-07-19,2474815,286812462,118.0,115.0,115.5,-1.5,2107,3036,116.5
2024-07-22,5081967,572735852,116.0,110.5,113.0,-2.5,3700,3036,115.5
2024-07-23,2306955,262741526,115.0,113.0,114.5,1.5,2012,3036,114.0
2024-07-26,6523342,708689185,111.0,107.0,107.5,-7.0,5740,3036,111.0
2024-07-29,6095351,649498133,110.5,104.0,104.0,-3.5,4278,3036,108.5
2024-07-30,7106510,731369487,105.5,101.0,104.0,0.0,4811,3036,104.5
2024-07-31,2742338,283787259,104.5,102.5,104.0,0.0,2328,3036,103.5
2024-08-01,2735021,288127737,106.5,104.5,105.5,1.5,2421,3036,105.5
2024-08-02,4122443,417557914,103.5,100.0,100.0,-5.5,4024,3036,103.5
2024-08-05,6715735,608868072,94.1,90.0,90.0,-10.0,5305,3036,93.0
2024-08-06,8182063,718461622,92.5,83.1,90.0,0.0,6041,3036,90.5
2024-08-07,5257957,518636843,99.0,94.0,99.0,9.0,1979,3036,94.0
2024-08-08,10510505,1067173242,103.5,99.5,102.0,3.0,7458,3036,100.5
2024-08-09,9178809,966408496,107.0,103.0,103.5,1.5,6116,3036,105.5
2024-08-12,4844154,513306166,108.0,103.0,106.5,3.0,3631,3036,104.0
2024-08-13,6716455,735771702,111.0,106.5,110.0,3.5,4546,3036,108.0
2024-08-14,5190932,569831767,111.0,108.0,109.5,-0.5,4930,3036,110.5
2024-08-15,2526837,277830022,111.0,108.5,109.5,0.0,2350,3036,109.5
2024-08-16,4013928,446662619,112.5,110.0,111.5,2.0,2674,3036,111.5
2024-08-19,4531782,494157430,112.0,108.0,108.0,-3.5,3303,3036,111.5
2024-08-20,3988144,443529412,113.0,109.0,111.0,3.0,2778,3036,109.0
2024-08-21,2155156,238572879,112.0,109.5,110.0,-1.0,2003,3036,112.0
2024-08-22,2875435,317190636,111.5,109.0,109.5,0.0,2210,3036,109.0
2024-08-23,2114356,229685823,110.0,107.5,110.0,0.5,1328,3036,109.5
2024-08-26,13103741,1535608625,120.0,111.0,117.0,7.0,7559,3036,111.5
2024-08-27,6212598,726977179,118.5,115.0,118.0,1.0,6675,3036,116.5
2024-08-28,3477973,410300428,120.0,116.5,116.5,-1.5,3488,3036,118.5
2024-08-29,2910053,342527576,119.0,116.5,118.0,1.5,2054,3036,118.0
2024-08-30,4420933,524419107,121.0,117.5,118.0,0.0,2764,3036,118.5
2024-09-02,1720891,201805643,121.0,116.0,116.5,-1.5,1529,3036,121.0
2024-09-03,2043848,236421215,116.5,114.5,115.0,-1.5,1515,3036,116.5
2024-09-04,5741148,632443730,112.0,106.0,109.5,-5.5,3641,3036,110.0
2024-09-05,3417973,370173415,111.0,106.0,106.5,-3.0,2092,3036,110.0
2024-09-06,2192598,232229303,107.0,104.5,105.5,-1.0,1620,3036,106.0
2024-09-09,3195094,333687920,107.0,100.0,106.5,1.0,2223,3036,100.0
2024-09-10,2289539,242693708,108.0,104.5,105.0,-1.5,1670,3036,106.5
2024-09-11,1957378,204363930,106.0,103.5,104.0,-1.0,1615,3036,106.0
2024-09-12,1759436,186606654,107.0,104.5,106.5,2.5,1281,3036,106.0
2024-09-13,1496187,161627240,109.0,107.0,108.0,1.5,1283,3036,107.5
2024-09-16,2092484,224595106,108.5,105.0,107.5,-0.5,1447,3036,107.5
2024-09-18,2161000,230110525,107.5,106.0,106.0,-1.5,1562,3036,107.5
2024-09-19,1980290,213001522,108.5,105.5,108.5,2.5,1330,3036,106.0
2024-09-20,4116585,438165655,109.5,105.5,105.5,-3.0,1822,3036,109.0
2024-09-23,4260977,451286358,107.0,105.0,105.5,0.0,2106,3036,106.0
2024-09-24,4697758,487569501,106.0,103.0,103.0,-2.5,2536,3036,106.0
2024-09-25,3935811,410630136,106.0,103.5,103.5,0.5,2499,3036,104.5
2024-09-26,3309311,341112559,105.0,102.5,102.5,-1.0,1931,3036,104.5
2024-09-27,5273465,564687957,110.0,103.5,107.5,5.0,3228,3036,103.5
2024-09-30,2539267,273891046,110.5,105.5,105.5,-2.0,2010,3036,107.0
2024-10-01,1284313,136013306,107.0,105.0,105.5,0.0,1165,3036,107.0
2024-10-04,2876321,304188358,108.0,104.5,105.0,-0.5,1819,3036,106.5
2024-10-07,2671828,280204043,106.0,103.5,106.0,1.0,2034,3036,105.5
2024-10-08,8695186,951139353,112.5,106.5,107.0,1.0,5288,3036,108.0
2024-10-09,3589594,383778801,109.5,106.0,106.0,-1.0,2376,3036,107.5
2024-10-11,11415048,1288439491,115.5,107.5,114.0,8.0,7633,3036,107.5
2024-10-14,11690466,1339527115,118.0,112.5,113.5,-0.5,8801,3036,117.0
2024-10-15,6316822,727105175,116.5,113.5,116.0,2.5,4070,3036,114.0
2024-10-16,5839207,661203511,115.0,112.0,112.0,-4.0,3834,3036,114.5
2024-10-17,3563193,407548703,116.0,112.5,113.0,1.0,2506,3036,112.5
2024-10-18,3912140,441523501,114.5,111.5,112.5,-0.5,3083,3036,114.5
2024-10-21,4752980,547259335,117.0,113.0,114.0,1.5,3593,3036,113.5
2024-10-22,2633552,301728177,116.0,113.0,115.0,1.0,2241,3036,114.0
2024-10-23,2273108,261279973,116.0,114.0,115.5,0.5,1946,3036,115.0
2024-10-24,2486202,282000940,115.5,112.0,112.0,-3.5,1980,3036,115.0
2024-10-25,2140461,244042482,115.0,112.5,113.5,1.5,1774,3036,113.0
2024-10-28,1610118,181815860,114.5,112.0,112.5,-1.0,1462,3036,114.5
2024-10-29,3813243,421797619,113.0,109.0,109.5,-3.0,2365,3036,112.5
2024-10-30,1238630,136263294,111.0,109.5,109.5,0.0,1085,3036,110.5
2024-11-01,2350622,257212702,111.5,106.5,111.5,2.0,1685,3036,107.5
2024-11-04,2418649,264164311,111.5,108.5,109.5,-2.0,1643,3036,111.5
2024-11-05,2841625,313215610,112.0,108.0,111.5,2.0,1986,3036,108.5
2024-11-06,13364553,1431982445,117.5,110.5,112.0,0.5,4639,3036,115.5
2024-11-07,7898298,920068270,119.0,112.0,117.0,5.0,4941,3036,112.0
2024-11-08,3698516,430081939,118.0,114.5,114.5,-2.5,2652,3036,117.0
2024-11-11,5210304,593351160,118.0,112.0,113.0,-1.5,3640,3036,117.0
2024-11-12,4474084,514183111,116.5,112.5,114.5,1.5,3205,3036,113.0
2024-11-13,8936893,992323888,115.0,109.0,109.0,-5.5,5789,3036,114.0
2024-11-14,2972968,324893554,110.5,108.0,110.0,1.0,2132,3036,109.5
2024-11-15,2476775,272003717,111.5,108.5,109.5,-0.5,1761,3036,110.0
2024-11-18,9565012,1076130175,114.5,107.5,113.5,4.0,5465,3036,109.5
2024-11-19,19763112,2294088698,119.0,111.5,116.5,3.0,10282,3036,113.5
2024-11-20,11198282,1293625474,118.0,114.0,114.5,-2.0,6247,3036,118.0
2024-11-21,9832983,1131433248,116.5,113.5,114.0,-0.5,5244,3036,115.0
2024-11-22,9964063,1137968294,116.5,112.5,114.5,0.5,5191,3036,115.5
2024-11-25,4109521,467809635,115.5,113.0,113.5,-1.0,3015,3036,115.0
2024-11-26,4141592,460919520,113.5,110.5,110.5,-3.0,2821,3036,113.5
2024-11-27,2119716,235567153,112.0,110.5,110.5,0.0,1623,3036,111.0
2024-11-28,3416511,371202365,111.0,108.0,108.0,-2.5,2546,3036,111.0
2024-11-29,1565284,170968572,111.0,107.0,110.0,2.0,1222,3036,108.0
2024-12-02,2287856,250220358,111.5,108.5,108.5,-1.5,1855,3036,111.0
2024-12-03,1476467,163147906,111.5,109.5,110.0,1.5,1308,3036,109.5
2024-12-04,3019674,338272610,113.0,109.5,112.5,2.5,2473,3036,111.0
2024-12-05,1436566,160079699,113.0,110.5,110.5,-2.0,2442,3036,113.0
2024-12-06,1597619,179715192,113.5,110.5,112.0,1.5,1353,3036,111.5
2024-12-09,1258862,140115118,112.5,110.5,111.0,-1.0,1158,3036,112.5
2024-12-10,6021205,643028482,108.5,104.0,106.5,-4.5,4211,3036,108.5
2024-12-11,2027786,217817084,108.5,105.5,107.5,1.0,1376,3036,106.0
2024-12-12,1818976,196047568,109.0,107.0,107.0,-0.5,1531,3036,108.0
2024-12-13,2145246,228020402,108.0,105.5,105.5,-1.5,2118,3036,107.0
2024-12-16,2159660,226070951,107.0,103.0,103.0,-2.5,1945,3036,106.0
2024-12-17,2759860,286779368,105.0,102.5,104.0,1.0,1683,3036,104.0
2024-12-18,1438109,150545083,105.5,103.0,105.0,1.0,1623,3036,104.0
2024-12-19,1615473,169486211,106.5,103.0,105.0,0.0,1288,3036,103.5
2024-12-20,2918396,306654690,106.0,104.0,105.0,0.0,2132,3036,104.5
2024-12-23,3153091,334615405,107.0,105.0,105.5,0.5,1671,3036,105.5
2024-12-24,6937218,768793958,113.5,106.5,110.5,5.0,4521,3036,106.5
2024-12-25,2708793,303216398,113.5,110.5,112.0,1.5,4095,3036,111.5
2024-12-26,2352281,262135213,113.0,110.0,112.5,0.5,1475,3036,112.0
2024-12-27,1829953,204832504,114.0,111.0,111.5,-1.0,1228,3036,113.0
2024-12-30,1380801,152413817,112.0,109.5,109.5,-2.0,1105,3036,111.5
2024-12-31,1749681,191409254,111.0,108.5,110.0,0.5,1450,3036,110.0
2025-01-02,2786521,313130170,114.0,109.0,112.0,2.0,2049,3036,109.5
2025-01-03,3002880,340756795,115.0,111.5,114.5,2.5,2405,3036,112.0
2025-01-06,2572267,292460235,115.0,112.5,113.0,-1.5,3609,3036,114.5
2025-01-07,2324693,265984355,116.0,113.5,113.5,0.5,1880,3036,114.0
2025-01-08,926234,105319829,114.5,113.0,114.0,0.5,937,3036,113.5
2025-01-09,1774115,198228011,114.5,110.5,110.5,-3.5,1556,3036,114.5
2025-01-10,2639456,295921643,114.5,111.0,111.5,1.0,2021,3036,113.0
2025-01-13,2360255,261408377,113.0,109.5,110.5,-1.0,1741,3036,111.5
2025-01-14,2167481,244727206,114.0,111.0,112.0,1.5,1479,3036,111.0
2025-01-15,1609575,178215574,112.5,109.5,109.5,-2.5,1429,3036,112.5
2025-01-16,2007716,222748798,112.5,110.0,110.5,1.0,1223,3036,112.0
2025-01-17,2519208,277646652,111.5,109.0,110.5,0.0,1595,3036,111.0
2025-01-20,1474981,163262010,112.0,110.0,111.0,0.5,1214,3036,110.5
2025-01-21,1240672,137474461,112.0,110.0,111.5,0.5,1036,3036,111.0
2025-01-22,1538777,173302993,113.5,111.5,113.5,2.0,1423,3036,112.5
2025-02-03,2408891,262440522,110.5,107.5,109.5,-4.0,2039,3036,110.5
2025-02-04,7017565,725967472,110.0,100.0,102.5,-7.0,5802,3036,109.5
2025-02-05,1572800,163578774,105.0,103.0,103.5,1.0,1583,3036,103.5
2025-02-06,1525058,160786408,106.5,104.5,106.0,2.5,1186,3036,104.5
2025-02-07,1101350,117166349,107.0,105.0,106.5,0.5,1049,3036,106.5
2025-02-10,1437300,153150750,108.0,105.5,105.5,-1.0,1394,3036,106.5
2025-02-11,2144630,226096760,107.5,104.0,105.0,-0.5,1748,3036,106.5
2025-02-12,1314206,137866321,105.5,104.5,104.5,-0.5,1841,3036,104.5
2025-02-13,1744605,183677855,106.0,104.5,105.0,0.5,1361,3036,105.5
2025-02-14,905727,95170602,105.5,104.5,105.0,0.0,830,3036,105.5
2025-02-17,924473,97718912,106.5,105.0,105.5,0.5,960,3036,106.0
2025-02-18,1363116,143573745,106.0,105.0,105.5,0.0,1294,3036,105.5
2025-02-19,3067456,328718518,109.0,105.5,106.5,1.0,2359,3036,105.5
2025-02-20,1145976,121696746,107.5,105.5,106.0,-0.5,1177,3036,107.0
2025-02-21,1204598,128278138,107.0,105.5,106.5,0.5,1215,3036,106.5
2025-02-24,1357883,143709128,106.5,105.0,105.5,-1.0,1415,3036,106.0
2025-02-25,2341074,243297974,105.0,103.0,104.0,-1.5,2165,3036,105.0
2025-02-26,20741974,2320347323,114.0,106.5,114.0,10.0,11508,3036,108.0
2025-02-27,16911174,1904167176,115.5,109.5,110.0,-4.0,11225,3036,114.0
2025-03-03,6517370,700235084,109.5,105.5,108.0,-2.0,4666,3036,107.5
2025-03-04,3961310,426492938,109.5,106.5,106.5,-1.5,2876,3036,106.5
2025-03-05,5247312,577232091,112.5,106.0,110.5,4.0,3493,3036,107.0
2025-03-06,4612151,505400763,111.5,108.0,108.0,-2.5,3523,3036,110.5
2025-03-07,3854194,411606070,109.5,105.5,105.5,-2.5,3528,3036,108.0
2025-03-10,4633893,481171480,105.5,102.5,104.0,-1.5,3559,3036,105.5
2025-03-11,5000035,512520749,104.5,100.0,104.0,0.0,3301,3036,101.5
2025-03-12,2219637,231572932,105.5,103.5,103.5,-0.5,1887,3036,104.0
2025-03-13,2390015,247222432,105.0,102.0,102.5,-1.0,2185,3036,104.5
2025-03-14,2189551,225010901,104.0,102.0,102.5,0.0,1848,3036,104.0
2025-03-17,5863391,628531250,109.5,103.0,107.0,4.5,4086,3036,103.5
2025-03-18,4437029,481752698,109.5,106.0,109.5,2.5,2995,3036,108.0
2025-03-19,3887066,415435110,109.5,105.0,106.0,-3.5,3672,3036,109.5
2025-03-20,2581114,276942726,108.5,106.0,107.0,1.0,1956,3036,106.5
2025-03-21,4479403,478713491,108.0,106.0,107.0,0.0,1844,3036,107.5
2025-03-24,3738719,398404470,108.0,105.5,105.5,-1.5,2523,3036,107.0
2025-03-25,3650630,382076021,107.5,103.5,103.5,-2.0,2770,3036,107.0
2025-03-26,3048580,320264847,106.0,104.0,105.5,2.0,2095,3036,104.0
2025-03-27,2117616,222267706,105.5,104.0,105.5,0.0,1730,3036,105.0
2025-03-28,2501388,258605680,105.5,102.5,104.0,-1.5,2033,3036,105.5
2025-03-31,6558298,652405208,101.5,97.4,97.7,-6.3,5644,3036,100.5
2025-04-01,2871713,285247124,101.0,97.2,100.5,2.8,2145,3036,98.2
2025-04-02,2861433,284182282,100.5,98.2,99.9,-0.6,2609,3036,100.0
2025-04-07,706875,63618750,90.0,90.0,90.0,-9.9,685,3036,90.0
2025-04-08,6432086,524104791,84.2,81.0,81.0,-9.0,4360,3036,81.4
2025-04-09,8452624,685025512,84.0,78.6,80.7,-0.3,6040,3036,80.1
2025-04-10,2230825,197481726,88.7,87.3,88.7,8.0,1271,3036,88.7
2025-04-11,4308601,378290698,89.3,83.5,89.2,0.5,3519,3036,84.0
2025-04-14,5017237,468049287,95.0,90.2,93.9,4.7,3653,3036,90.2
2025-04-15,4566519,438608747,97.5,93.8,96.1,2.2,3597,3036,94.9
2025-04-16,14172290,1432146158,104.5,98.6,99.5,3.4,9862,3036,99.0
2025-04-17,5185958,524076727,103.0,98.6,101.0,1.5,3632,3036,100.0
2025-04-18,2986233,301601122,102.5,99.7,101.0,0.0,2096,3036,100.0
2025-04-21,2515536,254396324,102.5,100.0,100.5,-0.5,2073,3036,101.0
2025-04-22,4951127,504784457,104.0,99.0,102.5,2.0,3313,3036,100.0
2025-04-23,4148264,427195492,104.5,102.0,102.5,0.0,3225,3036,104.0
2025-04-24,3264641,340235831,105.0,102.5,104.0,1.5,2233,3036,102.5
2025-04-25,6453990,702406783,111.0,105.0,109.5,5.5,4789,3036,105.0
2025-04-28,10855373,1240615517,116.5,110.0,115.5,6.0,7276,3036,110.0
2025-04-29,5686428,651400126,116.0,112.5,115.0,-0.5,5183,3036,114.0
2025-04-30,6619649,768493216,117.5,114.0,116.5,1.5,5151,3036,115.0
2025-05-02,6308654,731538751,117.5,115.0,116.0,-0.5,4262,3036,117.0
2025-05-05,4919326,559963883,116.0,112.0,113.5,-2.5,3930,3036,115.0
2025-05-06,2753257,315179927,115.5,111.5,115.5,2.0,1807,3036,112.5
2025-05-07,3011933,348864150,116.5,114.5,116.0,0.5,2220,3036,115.0
2025-05-08,2855471,334668808,118.0,116.0,117.5,1.5,2433,3036,116.0
2025-05-09,8227486,980784950,122.0,116.0,117.5,0.0,7032,3036,120.5
2025-05-12,3909470,462981021,120.0,117.5,119.0,1.5,2996,3036,118.5
2025-05-13,4612334,550770620,120.5,118.5,120.0,1.0,3290,3036,120.5
2025-05-14,4259080,508406794,120.0,117.5,120.0,0.0,3199,3036,119.0
2025-05-15,5318500,639276956,121.0,119.0,121.0,1.0,3278,3036,120.0
2025-05-16,4275255,516763764,122.0,119.5,121.0,0.0,4716,3036,121.5
2025-05-19,5298691,648696629,123.5,120.0,122.5,1.5,5060,3036,120.5
2025-05-20,3518104,432238814,125.0,122.0,122.0,-0.5,2933,3036,124.0
2025-05-21,2986130,365233865,123.0,121.0,123.0,1.0,2881,3036,122.0
2025-05-22,4880174,597697511,123.5,121.5,122.0,-1.0,3468,3036,122.0
2025-05-23,2515901,305724383,123.0,120.5,120.5,-1.5,2015,3036,122.5
2025-05-26,2041615,248395137,122.5,119.5,121.5,1.0,1674,3036,120.0
2025-05-27,3015984,370980981,124.5,122.0,122.5,1.0,2714,3036,122.0
2025-05-28,2194844,269086706,124.0,121.0,123.0,0.5,1470,3036,123.5
2025-05-29,2557219,316058754,124.0,123.0,124.0,1.0,2088,3036,124.0
2025-06-02,3950741,484955865,124.0,121.0,124.0,0.0,2736,3036,122.5
2025-06-03,5656165,697704599,124.0,121.5,124.0,0.0,4246,3036,123.0
2025-06-04,6043269,757153990,127.0,122.5,126.0,2.0,5061,3036,124.5
2025-06-05,2519187,314752585,126.0,123.5,125.0,-1.0,2245,3036,126.0
2025-06-06,2557960,322401107,127.0,124.5,127.0,2.0,1922,3036,124.5
2025-06-09,2540149,323033810,128.0,126.0,127.5,0.5,2074,3036,127.0
2025-06-10,9052597,1103690867,124.5,118.0,123.5,-4.0,8174,3036,122.5
2025-06-11,6964786,885123990,128.5,125.0,127.0,3.5,4504,3036,125.5
2025-06-12,2679618,339158714,127.5,126.0,127.0,0.0,1888,3036,126.0
2025-06-13,3256839,409166995,126.5,124.5,126.0,-1.0,2264,3036,126.0
2025-06-16,2810282,355189194,127.5,124.5,126.0,0.0,2128,3036,125.0
2025-06-17,10243369,1342224909,133.0,127.0,132.5,6.5,7902,3036,127.0
2025-06-18,7511524,985213128,135.5,128.5,129.5,-3.0,10842,3036,134.5
2025-06-19,4602024,600244314,131.5,129.0,130.0,0.5,3973,3036,129.0
2025-06-20,6143311,797792492,130.5,128.5,130.0,0.0,2810,3036,130.5
2025-06-23,5009019,644857896,130.5,127.5,128.5,-1.5,4084,3036,129.0
2025-06-24,6789545,872193903,132.0,126.5,126.5,-2.0,5024,3036,130.5
2025-06-25,6889751,879519062,130.0,125.0,127.5,1.0,4179,3036,127.5
2025-06-26,39768044,5460307036,140.0,126.0,140.0,12.5,17958,3036,128.0
2025-06-27,60556757,8704415022,154.0,132.0,133.5,-6.5,35348,3036,136.0
2025-06-30,16291554,2094618965,131.5,126.5,128.5,0.0,14980,3036,128.5
2025-07-01,8708891,1148272188,134.0,128.5,132.0,3.5,5733,3036,128.5
2025-07-02,6372887,836105127,133.0,129.0,131.5,-0.5,4625,3036,131.0
2025-07-03,7265159,950120417,133.5,129.5,130.0,-1.5,4503,3036,131.0
2025-07-04,3918583,502438507,132.0,127.0,127.0,-3.0,2785,3036,130.5
2025-07-07,4642599,587192060,128.0,125.5,125.5,-1.5,2835,3036,127.0
2025-07-08,3686002,470260492,129.0,125.0,129.0,3.5,2676,3036,126.5
2025-07-09,4059149,534159996,132.5,128.0,132.5,3.5,2887,3036,128.5
2025-07-10,3235271,428769811,133.5,129.0,133.5,1.0,2831,3036,130.5
2025-07-11,2997392,401756052,135.0,132.0,135.0,1.5,2532,3036,132.5
2025-07-14,2391485,320567228,136.0,133.0,133.5,-1.5,1912,3036,134.0
2025-07-15,0,0,,,,0.0,0,3036,
2025-07-16,4883128,663700277,138.0,132.5,136.0,0.0,4501,3036,134.5
2025-07-17,5918442,805163520,142.0,133.0,133.0,-3.0,4560,3036,138.5
2025-07-18,1878980,250587998,135.0,132.5,133.0,0.0,1363,3036,135.0
2025-07-21,1537253,206021265,135.0,133.0,134.0,1.0,1218,3036,134.0
2025-07-22,2421533,324509386,136.0,132.5,133.5,-0.5,2043,3036,134.5
2025-07-23,2311093,312989256,136.0,134.0,135.5,2.0,1688,3036,135.0
2025-07-24,1025148,138013858,136.5,133.5,134.0,-1.5,1692,3036,136.0
2025-07-25,1398075,187580646,135.5,133.0,134.0,0.0,1288,3036,134.0
2025-07-28,3197458,433497408,137.0,133.5,135.5,1.5,2199,3036,135.0
2025-07-29,1701311,230169243,136.0,134.0,136.0,0.5,1417,3036,136.0
2025-07-30,3486043,481316094,140.0,135.5,138.0,2.0,2590,3036,136.0
2025-07-31,2562924,354004130,139.0,136.5,138.0,0.0,1711,3036,139.0
2025-08-01,1373269,188937778,139.0,135.0,138.5,0.5,1630,3036,136.0
2025-08-04,1739628,237538903,138.0,135.5,138.0,-0.5,1352,3036,136.5
2025-08-05,1996187,276931371,140.0,137.5,138.5,0.5,1507,3036,138.0
2025-08-06,2223316,304370560,138.5,135.5,137.5,-1.0,2016,3036,138.5
2025-08-07,6456422,851486552,140.0,129.5,130.0,-7.5,5710,3036,139.0
2025-08-08,5760402,729237844,131.0,124.5,126.0,-4.0,4833,3036,131.0
2025-08-11,2655931,336585981,128.0,125.5,127.5,1.5,2218,3036,126.5
2025-08-12,2450869,308782099,128.5,125.5,125.5,-2.0,2175,3036,128.0
2025-08-13,2295815,288321345,126.5,124.5,125.0,-0.5,1966,3036,126.5
2025-08-14,1664168,209994125,127.5,125.5,125.5,0.5,1471,3036,126.5
2025-08-15,1770661,222511035,126.5,125.0,125.5,0.0,1452,3036,126.0
2025-08-18,2062833,261637757,127.5,125.0,127.0,1.5,1765,3036,125.0
2025-08-19,2033911,255503969,127.5,125.0,125.0,-2.0,1918,3036,127.5
2025-08-20,2959394,361695716,125.0,120.5,121.0,-4.0,3111,3036,124.0
2025-08-21,1734561,212794396,124.0,121.5,122.0,1.0,1421,3036,121.5
2025-08-22,1697082,208906639,124.5,121.5,122.5,0.5,1410,3036,122.0
2025-08-25,1900567,233917098,125.0,122.0,122.5,0.0,1615,3036,124.0
2025-08-26,2335602,286890634,124.5,122.0,122.5,0.0,1832,3036,122.5
2025-08-27,2886337,354771822,124.0,121.5,123.0,0.5,1937,3036,123.0
2025-08-28,2100415,259427475,124.5,122.0,123.0,0.0,1464,3036,123.0
2025-08-29,1561316,193675520,126.0,123.0,123.0,0.0,1171,3036,124.0
2025-09-01,2246820,275791495,124.5,121.5,122.0,-1.0,2332,3036,123.5
2025-09-02,2901866,360256740,126.0,122.5,122.5,0.5,2149,3036,122.5
2025-09-03,1621386,200464425,125.0,122.5,122.5,0.0,1175,3036,123.5
2025-09-04,3537570,445183678,127.0,123.0,126.0,3.5,2486,3036,123.0
2025-09-05,2438815,303579384,127.0,123.5,123.5,-2.5,3237,3036,127.0
2025-09-08,5476989,700844864,131.0,124.5,129.0,5.5,3781,3036,124.5
2025-09-09,2867929,368344192,132.0,127.0,128.0,-1.0,2823,3036,131.5
2025-09-10,4341754,565037410,131.5,129.0,129.5,1.5,3395,3036,130.5
2025-09-11,3801800,490685041,131.5,127.5,127.5,-2.0,3319,3036,130.0
2025-09-12,2573239,331756275,130.0,128.0,129.0,1.5,2344,3036,129.0
2025-09-15,2429845,312718362,130.0,128.0,128.0,-1.0,2010,3036,129.5
2025-09-16,3443644,440407278,128.5,127.0,128.0,0.0,2567,3036,128.5
2025-09-17,2904642,370461308,130.0,125.5,127.0,-1.0,2365,3036,128.5
2025-09-18,8022524,1064237083,134.5,128.0,133.5,6.5,5582,3036,128.0
2025-09-19,12945200,1780793381,139.0,131.0,139.0,5.5,4210,3036,133.5
2025-09-22,5260414,714070949,138.5,134.0,134.0,-5.0,3646,3036,137.5
2025-09-23,5023502,690494180,139.0,135.5,137.5,3.5,3572,3036,135.5
2025-09-24,5613056,779433142,140.5,136.5,138.5,1.0,4583,3036,138.0
2025-09-25,6484551,911550592,144.5,138.5,139.0,0.5,4457,3036,139.5
2025-09-26,4896957,669045000,140.5,134.0,137.5,-1.5,3294,3036,139.5
2025-09-30,2486427,345922445,140.5,136.5,140.5,3.0,2288,3036,139.0
2025-10-01,6347745,899336800,143.0,139.5,143.0,2.5,3879,3036,141.0
2025-10-02,4852710,681528848,144.5,138.5,139.5,-3.5,3412,3036,143.0
2025-10-03,6457003,869500906,140.0,132.0,134.0,-5.5,4376,3036,139.0
2025-10-07,3498245,474046851,137.0,133.0,136.0,2.0,2176,3036,135.0
2025-10-08,7847710,1103037382,145.0,139.0,139.0,3.0,4806,3036,142.5
2025-10-09,6401798,903327581,144.5,138.0,138.0,-1.0,3956,3036,141.0
2025-10-13,4136007,574569646,141.5,134.5,139.0,1.0,3274,3036,135.0
2025-10-14,8316572,1180566601,144.0,140.0,140.0,1.0,4409,3036,140.5
2025-10-15,7996682,1124663742,143.5,139.0,140.5,0.5,4330,3036,140.0
2025-10-16,7848968,1093814352,142.5,136.5,137.5,-3.0,4487,3036,140.5
2025-10-17,7922180,1061949563,137.5,132.0,132.0,-5.5,4494,3036,137.0
2025-10-20,4931979,656640256,135.0,132.5,133.5,1.5,2288,3036,134.5
2025-10-21,5521094,736699418,135.0,132.0,132.5,-1.0,2315,3036,134.0
2025-10-22,3970872,532121175,136.0,132.5,136.0,3.5,1598,3036,133.0
2025-10-23,5480032,745510687,137.0,135.0,136.5,0.5,2298,3036,135.5
2025-10-27,6769102,942492560,142.0,138.5,140.0,3.5,3225,3036,139.0
2025-10-28,7089673,1001510685,144.0,140.0,141.0,1.0,3385,3036,141.0
2025-10-29,5530333,780794741,143.0,139.5,141.5,0.5,2611,3036,142.0
2025-10-30,12539235,1826611474,150.5,142.5,145.0,3.5,9787,3036,142.5
2025-10-31,5353804,771861337,145.5,143.0,143.0,-2.0,3936,3036,145.0
2025-11-03,7087693,1030269790,148.0,142.5,146.5,3.5,3865,3036,143.5
2025-11-04,12081166,1787140765,151.5,144.0,149.0,2.5,7277,3036,148.0
2025-11-05,23867984,3657907933,160.0,146.0,158.0,9.0,16310,3036,149.0
2025-11-06,15733705,2471737379,163.0,153.0,154.0,-4.0,9457,3036,158.0
2025-11-07,10724880,1615760219,153.5,147.5,149.5,-4.5,6505,3036,153.0
2025-11-10,7728604,1137827337,150.0,144.5,147.0,-2.5,4453,3036,149.5
2025-11-11,8938378,1324547867,151.0,147.0,147.0,0.0,4123,3036,148.5
2025-11-12,8415247,1229014061,147.5,144.0,145.5,-1.5,6025,3036,146.0
2025-11-13,10313345,1525354214,151.0,143.5,149.5,4.0,5503,3036,146.0
2025-11-14,7880840,1167153020,150.0,146.0,147.0,-2.5,4476,3036,148.0
2025-11-17,10309085,1494193000,149.5,142.5,143.0,-4.0,5277,3036,148.0
2025-11-18,18195833,2451233911,135.5,131.5,132.0,-11.0,11076,3036,135.5
2025-11-19,13787269,1821411517,135.0,130.5,131.0,-1.0,6360,3036,132.0
2025-11-20,8381921,1115952051,135.0,132.0,134.0,3.0,5154,3036,135.0
2025-11-21,11915292,1557185913,133.0,130.0,130.5,-3.5,5794,3036,132.0
2025-11-24,6900944,912154095,133.5,130.0,132.0,1.5,3916,3036,130.5
2025-11-25,7768284,1037145334,135.0,132.0,134.0,2.0,3811,3036,133.5
2025-11-26,8840978,1217914349,140.0,134.5,140.0,6.0,4727,3036,135.0
2025-11-27,7910385,1122777011,143.5,138.0,142.0,2.0,4889,3036,140.0
2025-11-28,4551518,647607461,143.5,139.5,143.0,1.0,2878,3036,141.5
2025-12-01,5048294,700358976,142.0,137.0,138.0,-5.0,4040,3036,141.5
2025-12-02,11119803,1592817397,146.5,140.0,144.5,6.5,6300,3036,140.5
2025-12-03,9979282,1472370706,150.0,144.0,148.5,4.0,5494,3036,144.0
2025-12-04,6637646,989163734,150.0,147.5,148.5,0.0,2991,3036,148.5
2025-12-05,4431244,656083332,149.0,147.0,148.5,0.0,2313,3036,148.0
2025-12-08,5477593,830051096,153.0,148.0,152.5,4.0,3701,3036,148.0
2025-12-09,6282071,960359477,155.0,151.0,151.0,-1.5,4741,3036,152.5
2025-12-10,5925147,898331965,155.5,149.5,150.5,-0.5,6327,3036,153.5
2025-12-11,4306702,649041876,152.5,149.5,150.5,0.0,2924,3036,152.5
2025-12-12,4517187,683965005,153.5,149.5,151.0,0.5,3166,3036,152.0
2025-12-15,4981376,739657804,151.5,146.5,148.0,-3.0,4616,3036,149.0
2025-12-16,14038552,2064735671,149.5,145.0,146.5,-1.5,6369,3036,146.5
2025-12-17,14895430,2194022383,150.0,145.0,146.0,-0.5,7583,3036,148.0
2025-12-18,12395267,1837838828,150.5,146.0,147.0,1.0,5033,3036,146.0
2025-12-19,18117255,2769039478,155.0,148.5,152.0,5.0,7580,3036,149.0
2025-12-22,13085352,2007469111,156.0,151.0,151.0,-1.0,6965,3036,154.5
2025-12-23,12564862,1874907529,154.0,146.0,146.0,-5.0,9213,3036,151.0
2025-12-24,12669014,1822116390,146.5,142.5,142.5,-3.5,6827,3036,146.5
2025-12-26,12730459,1799682760,144.5,140.0,140.0,-2.5,6814,3036,143.0
2025-12-29,7611533,1042041477,141.5,135.5,136.0,-4.0,6319,3036,140.0
2025-12-30,13903818,1896227123,139.0,134.0,137.0,1.0,7979,3036,136.0
2025-12-31,9542727,1303427090,138.5,134.5,137.0,0.0,5611,3036,136.5
2026-01-02,9938173,1386634678,141.5,137.0,140.5,3.5,7214,3036,138.0
2026-01-05,8667467,1220932814,143.0,139.0,139.5,-1.0,6108,3036,141.5
2026-01-06,10710582,1550902233,147.5,140.0,146.5,7.0,6772,3036,140.5
2026-01-07,8658157,1273198769,149.5,145.5,147.5,1.0,5769,3036,146.5
2026-01-08,4675262,682826084,147.0,145.0,145.5,-2.0,3349,3036,146.5
2026-01-09,2579851,375693866,147.0,143.0,146.5,1.0,1980,3036,146.5
2026-01-12,6749380,975219943,146.5,143.0,144.0,-2.5,4461,3036,146.0
2026-01-13,13137189,1999096068,157.0,146.0,151.5,7.5,9584,3036,146.0
2026-01-14,9265556,1437225972,158.0,152.5,154.5,3.0,7603,3036,152.5
2026-01-15,3630981,553137336,154.0,151.0,152.0,-2.5,2737,3036,154.0
2026-01-16,4540415,679430973,154.0,148.0,149.0,-3.0,5813,3036,153.5
2026-01-19,5602541,840813421,152.5,147.0,148.5,-0.5,3211,3036,148.5
2026-01-20,4156654,613865143,151.0,146.0,147.0,-1.5,3057,3036,148.0
2026-01-21,5975308,901034816,152.5,146.5,151.0,4.0,3776,3036,147.0
2026-01-22,5524719,823178554,155.0,147.0,148.5,-2.5,4354,3036,153.5
2026-01-23,4132061,609198352,149.5,146.5,146.5,-2.0,2632,3036,149.0
2026-01-26,5061816,741091398,150.0,144.0,147.5,1.0,3700,3036,148.5
2026-01-27,25434726,4016277176,162.0,153.5,157.5,10.0,12429,3036,157.5
2026-01-28,20971446,3440864657,168.0,157.5,165.0,7.5,14104,3036,158.5
2026-01-29,9824479,1575363456,167.5,155.5,159.0,-6.0,7867,3036,167.5
2026-01-30,7731974,1202651558,158.5,153.5,156.0,-3.0,5556,3036,158.5
2026-02-02,5088100,783555859,158.0,151.0,152.5,-3.5,4438,3036,155.0
2026-02-03,8204316,1290769084,159.5,153.0,156.5,4.0,4683,3036,154.0
2026-02-04,4850106,764742393,160.0,152.5,159.5,3.0,3731,3036,154.0
2026-02-05,4166212,652984264,160.0,154.5,155.5,-4.0,3987,3036,158.5
2026-02-06,5492877,845297052,156.0,151.5,154.5,-1.0,3933,3036,156.0
2026-02-09,3438452,535251849,157.5,154.5,156.0,1.5,2402,3036,157.0
2026-02-10,15571774,2607752406,171.0,164.0,168.5,12.5,12028,3036,169.0
2026-02-11,14113752,2431889480,176.0,167.0,175.0,6.5,17877,3036,170.5
2026-02-23,12937685,2305314972,184.0,174.5,177.5,2.5,13323,3036,180.5
2026-02-24,6834086,1224279962,181.0,173.0,180.5,3.0,5360,3036,177.0
2026-02-25,8528340,1545887771,183.5,177.5,183.0,2.5,7007,3036,182.0
2026-02-26,10466606,1927816452,189.5,180.0,184.0,1.0,9607,3036,183.0
2026-03-02,11489863,2145254071,190.0,180.5,185.0,1.0,10101,3036,182.5
2026-03-03,10640977,1926415879,188.0,176.5,178.0,-7.0,8171,3036,186.0
2026-03-04,31071559,6010549426,195.5,183.5,195.5,17.5,17452,3036,190.0
2026-03-05,43341481,9017224391,213.5,200.5,211.0,15.5,26328,3036,201.5
2026-03-06,12492656,2628167085,215.5,204.0,215.5,4.5,12052,3036,208.0
2026-03-09,14931385,3155305160,217.0,200.0,215.5,0.0,10799,3036,200.0
2026-03-10,22006727,4859946974,225.0,215.0,222.0,6.5,15004,3036,219.0
2026-03-11,18938616,4370849756,236.5,223.5,231.5,9.5,13603,3036,225.0
2026-03-12,10904296,2504183013,236.0,226.0,231.5,0.0,8878,3036,233.0
2026-03-13,9067980,2113561180,237.5,227.0,235.5,4.0,8392,3036,230.5
2026-03-16,8694921,2070693091,243.5,234.0,235.0,-0.5,7228,3036,238.0
2026-03-17,12442797,3069254628,250.0,235.0,249.5,14.5,9060,3036,237.0
2026-03-18,9547033,2409204287,256.0,246.0,256.0,6.5,7748,3036,251.5
2026-03-19,9387453,2368114599,257.0,247.5,250.0,-6.0,7550,3036,250.5
2026-03-20,18474632,4681357077,256.5,247.0,254.0,4.0,5766,3036,251.0
2026-03-23,12934743,3115768139,248.0,236.0,241.0,-13.0,10793,3036,246.5
2026-03-24,15132067,3563797278,245.0,230.5,232.0,-9.0,10612,3036,244.0
2026-03-25,7055987,1686640761,243.0,236.0,237.5,5.5,10382,3036,238.0
2026-03-26,9342278,2144002969,237.0,226.0,227.0,-10.5,7045,3036,236.0
2026-03-27,8756585,1965802224,229.0,220.5,229.0,2.0,6508,3036,224.0
2026-03-30,6343367,1420254508,230.0,220.0,225.0,-4.0,5249,3036,222.5
2026-03-31,10395427,2260785249,224.5,213.5,217.0,-8.0,7573,3036,223.0
2026-04-01,10337848,2326915306,229.5,220.5,225.0,8.0,8842,3036,227.0
2026-04-02,7787605,1758073310,230.0,220.5,224.0,-1.0,7092,3036,227.5
2026-04-07,5677933,1304249448,233.5,224.0,227.5,3.5,5061,3036,228.0
2026-04-08,3645889,845198804,234.5,228.5,233.5,6.0,4094,3036,234.5
2026-04-09,5120312,1163227970,236.5,223.0,224.0,-9.5,5760,3036,236.5
2026-04-10,6569931,1498678705,234.0,224.5,225.5,1.5,4674,3036,232.5
2026-04-13,4823810,1092733860,229.5,223.5,228.0,2.5,3905,3036,223.5
2026-04-14,8193357,1894772367,238.0,227.0,227.5,-0.5,6791,3036,230.0
2026-04-15,6764395,1556783165,233.5,228.0,229.5,2.0,6493,3036,231.5
2026-04-16,6488522,1515726830,236.0,229.5,235.0,5.5,7896,3036,231.5
2026-04-17,6989464,1603164746,235.5,225.0,230.0,-5.0,7990,3036,235.5
2026-04-20,12831457,2811211483,228.5,214.0,217.0,-13.0,11339,3036,227.5
2026-04-21,8591894,1858098262,220.0,213.0,217.5,0.5,6700,3036,219.5
2026-04-22,10023640,2135911254,215.0,210.0,213.5,-4.0,9180,3036,215.0
2026-04-23,9935080,2068609966,217.5,205.0,206.0,-7.5,8832,3036,216.0
2026-04-24,10765864,2154095031,208.5,197.0,199.0,-7.0,9273,3036,207.0
2026-04-27,5446147,1092908297,204.0,199.0,201.0,2.0,4768,3036,200.0
2026-04-28,7484735,1547658155,211.0,201.5,207.0,6.0,5918,3036,203.5
2026-04-29,5796021,1168928436,207.5,199.0,203.0,-4.0,5199,3036,206.5
2026-04-30,4991122,1025033303,207.5,202.5,204.0,1.0,3970,3036,203.0
2026-05-04,10172435,2141071919,213.5,206.0,210.5,6.5,6966,3036,206.0
2026-05-05,6083395,1274288959,212.0,208.0,209.0,-1.5,5214,3036,209.5
2026-05-06,13521901,2909607603,219.0,211.5,214.0,5.0,8867,3036,214.5
2026-05-07,19016615,4174129094,226.0,214.0,219.0,5.0,11835,3036,219.0
2026-05-08,6029324,1450052210,240.5,240.5,240.5,21.5,3518,3036,240.5
2026-05-11,22384053,5897938321,264.5,248.0,264.5,24.0,7024,3036,264.5
2026-05-12,43177088,11814496584,283.0,260.0,275.5,11.0,30630,3036,270.0
2026-05-13,27419536,7712632225,291.5,260.0,284.0,8.5,20551,3036,272.5
2026-05-14,16745879,4603634992,288.0,270.0,271.5,-12.5,16408,3036,288.0
2026-05-15,15102527,4110611804,278.0,267.0,270.0,-1.5,13105,3036,273.0
2026-05-18,8558521,2255203708,271.0,258.5,263.5,-6.5,9772,3036,271.0
2026-05-19,9225075,2479116005,274.5,262.0,265.0,1.5,8826,3036,265.0
2026-05-20,23525822,6703963743,291.5,267.5,279.0,14.0,19849,3036,270.5
2026-05-21,16763571,4807470402,293.0,278.5,291.5,12.5,20596,3036,281.0
2026-05-22,12509307,3681769614,301.5,288.5,289.0,-2.5,12277,3036,291.0
2026-05-25,13776354,4127346998,308.0,289.0,301.5,12.5,12586,3036,292.0
2026-05-26,8573585,2528363063,303.5,291.5,293.5,-8.0,10572,3036,299.0
2026-05-27,9274773,2766165225,304.5,292.5,296.0,2.5,8324,3036,300.0
2026-05-28,6314889,1852978467,299.5,289.0,289.5,-6.5,7607,3036,299.5
2026-05-29,7821185,2255520730,292.0,286.5,288.5,-1.0,6311,3036,291.0
2026-06-01,8860375,2529962637,291.5,281.0,287.5,-1.0,9062,3036,286.5
2026-06-02,18458785,5372152824,301.0,285.0,290.5,3.0,14233,3036,296.5
2026-06-03,15503677,4519844392,298.5,288.0,292.5,2.0,9994,3036,296.0
2026-06-04,14366028,4048660566,291.5,277.5,282.0,-10.5,10682,3036,290.0
2026-06-05,15071106,4220260267,284.5,273.0,281.0,-1.0,11896,3036,283.0
2026-06-08,28334956,7128511435,254.5,246.0,250.0,0.0,15636,3036,247.0
2026-06-09,16056299,3997289838,255.5,246.0,250.0,0.0,11169,3036,255.0
2026-06-10,19661986,4792836458,251.0,238.0,239.5,-10.5,14388,3036,250.0
2026-06-11,25183186,5791341239,237.0,222.5,232.5,-7.0,15864,3036,235.5
2026-06-12,12663837,2949925215,240.0,228.5,228.5,-4.0,10388,3036,239.5
