date,capacity,turnover,high,low,close,change,transaction_volume,stock_code_id,open
2015-01-05,278300,21092779,76.7,75.5,75.6,-0.3,239,3653,75.9
2015-01-06,477309,35784682,75.5,74.5,74.6,-1.0,429,3653,74.6
2015-01-07,261050,19499150,75.4,74.5,74.6,0.0,211,3653,74.6
2015-01-08,337154,25285850,75.5,74.6,74.6,0.0,252,3653,75.0
2015-01-09,1362679,104462342,77.8,75.0,76.5,1.9,1022,3653,75.4
2015-01-12,457196,34842535,77.2,75.5,75.5,-1.0,360,3653,76.1
2015-01-13,310154,23508427,76.4,75.5,75.5,0.0,232,3653,75.5
2015-01-14,290050,21987384,76.2,75.5,75.7,0.2,230,3653,76.0
2015-01-15,7065280,565452047,80.9,76.0,79.1,3.4,3629,3653,76.0
2015-01-16,2275200,176133758,79.7,76.6,76.6,-2.5,1482,3653,78.6
2015-01-19,903110,68076940,77.6,73.5,74.0,-2.6,714,3653,77.1
2015-01-20,675466,50989988,76.0,74.1,75.3,1.3,527,3653,74.1
2015-01-21,544541,41197716,76.4,75.1,76.4,1.1,393,3653,75.9
2015-01-22,2337213,183556418,79.5,76.5,78.5,2.1,1634,3653,76.7
2015-01-23,1025261,80293358,79.5,77.6,78.0,-0.5,666,3653,79.5
2015-01-26,502119,39295033,79.0,77.5,78.0,0.0,380,3653,77.9
2015-01-27,390331,30352185,78.8,77.2,77.8,-0.2,317,3653,78.8
2015-01-28,761203,59716293,79.2,77.2,77.8,0.0,529,3653,77.6
2015-01-29,522500,40299149,78.5,76.6,76.7,-1.1,393,3653,78.0
2015-01-30,395929,30288230,77.6,76.0,76.0,-0.7,303,3653,77.0
2015-02-02,275138,20953530,77.5,75.8,75.8,-0.2,238,3653,77.5
2015-02-03,598548,45161078,76.6,74.9,75.1,-0.7,428,3653,76.6
2015-02-04,287545,21724738,76.5,75.1,75.2,0.1,240,3653,76.5
2015-02-05,371285,27671287,75.5,74.3,74.7,-0.5,310,3653,75.2
2015-02-06,259150,19269300,75.2,74.0,74.0,-0.7,196,3653,75.0
2015-02-09,396000,29431900,75.1,73.8,74.3,0.3,318,3653,74.3
2015-02-10,560169,41060683,74.9,72.6,72.7,-1.6,460,3653,74.3
2015-02-11,503827,36498911,73.5,72.0,72.0,-0.7,393,3653,73.0
2015-02-12,598710,42468095,72.7,70.6,70.7,-1.3,435,3653,72.0
2015-02-13,395114,28278326,72.2,71.1,71.4,0.7,314,3653,71.3
2015-02-24,235412,16893991,72.3,71.4,71.5,0.1,191,3653,72.2
2015-02-25,266052,19209344,72.5,71.8,72.0,0.5,232,3653,72.0
2015-02-26,216773,15634630,72.5,71.8,72.5,0.5,182,3653,72.0
2015-03-02,306321,21993415,72.9,71.4,71.5,-1.0,206,3653,72.7
2015-03-03,224250,16110475,72.2,71.7,71.7,0.2,187,3653,71.7
2015-03-04,350585,25309659,72.7,71.6,72.2,0.5,290,3653,71.6
2015-03-05,310922,22504384,72.8,72.0,72.2,0.0,240,3653,72.7
2015-03-06,964957,71262229,74.7,72.0,74.1,1.9,746,3653,72.2
2015-03-09,276472,20282802,73.9,72.9,73.4,-0.7,227,3653,73.6
2015-03-10,260351,19068677,74.1,72.6,72.7,-0.7,227,3653,73.8
2015-03-11,240874,17530113,73.2,72.4,72.5,-0.2,200,3653,72.5
2015-03-12,206099,15049806,73.5,72.6,72.9,0.4,170,3653,73.0
2015-03-13,206513,15061886,73.5,72.4,72.4,-0.5,189,3653,73.4
2015-03-16,243600,17576938,72.8,71.8,72.0,-0.4,186,3653,72.4
2015-03-17,1284826,95745334,75.4,72.7,74.5,2.5,964,3653,73.9
2015-03-18,777280,58253891,75.6,74.1,74.2,-0.3,527,3653,74.9
2015-03-19,1787591,135918452,76.8,74.3,75.9,1.7,1106,3653,74.7
2015-03-20,504427,38093280,76.2,75.1,75.6,-0.3,349,3653,76.0
2015-03-23,481583,36012131,76.2,74.4,74.5,-1.1,368,3653,75.6
2015-03-24,239000,17708598,74.9,73.8,73.8,-0.7,207,3653,74.8
2015-03-25,370960,27159982,74.4,72.8,72.9,-0.9,280,3653,74.0
2015-03-26,359911,26114145,73.2,72.1,73.2,0.3,274,3653,72.2
2015-03-27,477497,34449084,73.5,71.5,71.9,-1.3,349,3653,73.5
2015-03-30,372315,26381596,72.2,70.2,70.9,-1.0,284,3653,71.9
2015-03-31,259100,18476390,72.0,70.8,71.7,0.8,190,3653,71.0
2015-04-01,326204,23048723,71.4,70.5,71.0,-0.7,264,3653,71.1
2015-04-02,216100,15350000,71.6,70.8,70.8,-0.2,195,3653,71.0
2015-04-07,232659,16585052,71.8,71.0,71.0,0.2,192,3653,71.5
2015-04-08,216316,15375504,71.6,70.7,70.9,-0.1,172,3653,71.2
2015-04-09,415535,29343550,71.5,70.1,70.1,-0.8,309,3653,70.9
2015-04-10,698951,48240741,70.5,68.2,68.5,-1.6,495,3653,70.2
2015-04-13,271070,18737457,69.5,68.6,69.2,0.7,213,3653,68.6
2015-04-14,362751,25536842,71.0,69.2,70.1,0.9,254,3653,69.2
2015-04-15,188202,13183399,70.6,69.7,70.2,0.1,150,3653,70.2
2015-04-16,160361,11220105,70.5,69.7,69.9,-0.3,126,3653,70.2
2015-04-17,220482,15242158,70.0,68.7,68.8,-1.1,181,3653,70.0
2015-04-20,244000,16622400,68.8,67.7,67.8,-1.0,178,3653,68.8
2015-04-21,547330,36485611,68.2,66.0,66.1,-1.7,417,3653,68.0
2015-04-22,273150,18211524,67.5,66.1,67.5,1.4,228,3653,66.1
2015-04-23,308217,20856363,68.2,67.0,68.0,0.5,267,3653,67.9
2015-04-24,324418,22114148,68.8,67.5,67.7,-0.3,278,3653,68.2
2015-04-27,201535,13710300,68.5,67.7,67.7,0.0,188,3653,68.4
2015-04-28,373213,25034271,68.4,66.5,66.9,-0.8,297,3653,67.7
2015-04-29,274101,18146145,67.7,65.5,66.4,-0.5,212,3653,67.5
2015-04-30,199170,13340139,67.5,66.5,67.3,0.9,172,3653,66.8
2015-05-04,182358,12103598,67.3,66.0,66.2,-1.1,152,3653,67.3
2015-05-05,315078,20755048,66.2,65.6,65.8,-0.4,190,3653,66.2
2015-05-06,250734,16639190,67.2,65.5,67.2,1.4,224,3653,65.5
2015-05-07,134566,8976408,67.1,66.5,66.6,-0.6,120,3653,67.0
2015-05-08,265000,17560200,67.2,65.5,65.6,-1.0,203,3653,66.5
2015-05-11,1325840,81869506,66.0,61.1,61.1,-4.5,858,3653,65.6
2015-05-12,472850,28532918,61.8,59.3,61.0,-0.1,349,3653,60.0
2015-05-13,253030,15439050,61.4,60.5,61.1,0.1,192,3653,61.0
2015-05-14,430187,25932675,61.7,59.6,60.0,-1.1,308,3653,61.1
2015-05-15,225721,13559528,60.8,59.5,60.1,0.1,202,3653,60.8
2015-05-18,415414,24452552,61.0,57.6,58.0,-2.1,311,3653,61.0
2015-05-19,476358,27643622,58.8,57.2,58.3,0.3,378,3653,58.2
2015-05-20,432849,25498504,60.0,57.8,59.0,0.7,341,3653,58.5
2015-05-21,158371,9339377,59.5,58.5,58.7,-0.3,131,3653,58.6
2015-05-22,330141,19653031,60.5,59.0,59.5,0.8,253,3653,59.0
2015-05-25,213572,12734020,60.0,59.2,59.3,-0.2,143,3653,59.7
2015-05-26,150567,8963678,59.9,59.0,59.3,0.0,127,3653,59.0
2015-05-27,197600,11866120,60.3,59.4,60.1,0.8,158,3653,59.7
2015-05-28,483699,29905296,62.7,60.5,62.3,2.2,386,3653,61.0
2015-05-29,179196,11092232,62.7,61.6,61.7,-0.6,160,3653,62.7
2015-06-01,244265,14683878,61.2,59.7,60.0,-1.7,173,3653,61.2
2015-06-02,166448,10034793,60.9,60.0,60.0,0.0,123,3653,60.0
2015-06-03,220280,13133871,60.5,59.0,59.1,-0.9,179,3653,60.0
2015-06-04,390000,22537800,59.1,57.2,57.2,-1.9,295,3653,58.5
2015-06-05,299771,17141123,57.8,56.5,57.0,-0.2,227,3653,57.2
2015-06-08,482917,26702676,56.9,54.9,55.2,-1.8,320,3653,56.1
2015-06-09,1406439,72368589,55.0,50.0,50.0,-5.2,757,3653,54.3
2015-06-10,435654,22296108,52.0,49.8,51.7,1.7,337,3653,49.8
2015-06-11,168000,8749000,52.9,51.7,52.1,0.4,139,3653,52.9
2015-06-12,286135,15292195,53.9,52.1,53.8,1.7,218,3653,52.1
2015-06-15,391000,21629000,56.3,54.1,55.0,1.2,287,3653,55.5
2015-06-16,249350,13394425,55.5,53.2,53.5,-1.5,183,3653,55.5
2015-06-17,154200,8321520,54.5,53.5,53.6,0.1,136,3653,53.9
2015-06-18,148100,8054100,55.0,53.8,54.7,1.1,119,3653,54.3
2015-06-22,146372,8081816,55.9,54.8,55.4,0.7,124,3653,55.6
2015-06-23,189962,10459710,55.9,54.5,54.8,-0.6,156,3653,55.5
2015-06-24,233154,12676723,55.5,54.0,54.0,-0.8,147,3653,55.5
2015-06-25,236405,12896995,54.8,54.2,54.6,0.6,148,3653,54.2
2015-06-26,153150,8364850,55.3,54.2,55.3,0.7,124,3653,54.8
2015-06-29,168310,9154131,55.1,54.0,54.0,-1.3,133,3653,55.0
2015-06-30,176050,9493224,54.7,53.3,54.4,0.4,118,3653,53.5
2015-07-01,551141,30351209,55.6,54.0,55.0,0.6,402,3653,54.4
2015-07-02,424937,22346471,53.5,51.7,52.9,0.0,364,3653,52.1
2015-07-03,226945,11858227,53.0,51.8,52.2,-0.7,190,3653,52.9
2015-07-06,191100,9940690,52.4,51.6,51.8,-0.4,154,3653,52.0
2015-07-07,183522,9535538,52.6,51.8,51.9,0.1,131,3653,51.8
2015-07-08,633009,31614744,51.6,48.65,49.3,-2.6,453,3653,51.3
2015-07-09,535104,26212533,50.7,47.3,49.85,0.55,332,3653,47.55
2015-07-13,288240,14798434,52.4,49.95,51.9,2.05,252,3653,51.0
2015-07-14,222200,11340640,51.9,50.2,50.5,-1.4,172,3653,50.2
2015-07-15,155200,7930880,51.7,50.5,51.7,1.2,129,3653,50.5
2015-07-16,72000,3714000,52.2,51.0,51.7,0.0,69,3653,52.0
2015-07-17,88419,4550236,52.0,51.3,51.7,0.0,78,3653,51.7
2015-07-20,111400,5662159,52.1,50.1,50.3,-1.4,98,3653,51.8
2015-07-21,124000,6238200,51.0,49.85,49.85,-0.45,108,3653,50.3
2015-07-22,149118,7416425,50.0,49.5,49.7,-0.15,116,3653,49.5
2015-07-23,222101,10879374,50.0,48.6,48.8,-0.9,165,3653,49.3
2015-07-24,112691,5539269,49.45,49.0,49.0,0.2,93,3653,49.0
2015-07-27,508058,23630982,49.0,44.15,44.15,-4.85,371,3653,47.9
2015-07-28,356236,15887623,46.3,42.75,46.1,1.95,256,3653,42.75
2015-07-29,140747,6435998,46.1,45.25,45.8,-0.3,116,3653,46.1
2015-07-30,147600,6801129,46.8,45.1,45.4,-0.4,106,3653,45.1
2015-07-31,146225,6569115,46.0,44.0,44.0,-1.4,111,3653,46.0
2015-08-03,173200,7532099,44.1,43.0,43.4,-0.6,145,3653,44.0
2015-08-04,380205,16074147,44.0,40.5,42.5,-0.9,269,3653,43.4
2015-08-05,195300,8163375,42.45,40.7,42.25,-0.25,138,3653,40.7
2015-08-06,200400,8371500,42.95,41.1,41.1,-1.15,153,3653,42.25
2015-08-07,166590,6941332,42.1,40.8,42.0,0.9,138,3653,41.1
2015-08-10,117001,5002243,43.35,41.2,43.2,1.2,105,3653,41.8
2015-08-11,222000,9524950,43.7,42.2,42.4,-0.8,166,3653,43.5
2015-08-12,107000,4495900,42.35,41.55,41.9,-0.5,92,3653,42.0
2015-08-13,167975,7189419,43.5,41.9,43.5,1.6,138,3653,41.9
2015-08-14,100100,4343290,44.5,42.8,43.0,-0.5,77,3653,44.5
2015-08-17,138240,5854568,42.6,42.0,42.0,-1.0,94,3653,42.5
2015-08-18,82136,3454630,42.95,41.8,42.3,0.3,72,3653,42.0
2015-08-19,187357,7837194,42.45,41.5,41.85,-0.45,141,3653,42.0
2015-08-20,84153,3533676,42.35,41.2,42.0,0.15,84,3653,41.5
2015-08-21,256203,10426271,41.3,40.1,40.1,-1.9,194,3653,41.15
2015-08-24,790193,28930358,38.5,36.1,37.0,-3.1,528,3653,37.05
2015-08-25,309730,11519706,37.95,36.1,37.4,0.4,229,3653,36.1
2015-08-26,200577,7578403,38.4,37.2,38.4,1.0,170,3653,37.4
2015-08-27,317555,12825221,41.5,38.5,40.5,2.1,262,3653,38.5
2015-08-28,246154,10245106,41.9,40.7,41.6,1.1,192,3653,40.7
2015-08-31,143030,5917208,42.2,40.6,41.95,0.35,122,3653,41.0
2015-09-01,127613,5298211,41.95,41.0,41.95,0.0,92,3653,41.6
2015-09-02,119322,5003785,42.3,40.75,42.3,0.35,102,3653,41.5
2015-09-03,237170,10244528,43.7,42.3,43.5,1.2,167,3653,42.3
2015-09-04,165000,7225600,44.4,43.2,43.5,0.0,122,3653,43.2
2015-09-07,108873,4673489,43.5,41.85,43.1,-0.4,80,3653,41.85
2015-09-08,82000,3583450,44.2,43.05,43.65,0.55,72,3653,43.05
2015-09-09,250725,11197477,44.95,44.15,44.8,1.15,185,3653,44.45
2015-09-10,150313,6812535,45.75,44.5,45.75,0.95,125,3653,44.5
2015-09-11,117030,5376736,46.35,45.25,46.2,0.45,89,3653,45.75
2015-09-14,159262,7361447,46.9,45.15,45.15,-1.05,127,3653,46.4
2015-09-15,92001,4156249,46.2,44.8,44.85,-0.3,76,3653,45.6
2015-09-16,127309,5744355,45.75,44.7,45.1,0.25,119,3653,45.0
2015-09-17,238000,10843950,46.0,45.1,46.0,0.9,165,3653,45.3
2015-09-18,163270,7503524,46.2,45.5,46.2,0.2,125,3653,46.2
2015-09-21,104083,4668451,45.5,44.55,44.7,-1.5,87,3653,45.25
2015-09-22,111618,5007827,45.85,44.25,44.95,0.25,102,3653,44.25
2015-09-23,89655,3997190,44.8,44.2,44.4,-0.55,65,3653,44.8
2015-09-24,138553,6070713,44.4,43.55,43.7,-0.7,108,3653,44.4
2015-09-25,62425,2743287,44.25,43.5,44.0,0.3,51,3653,43.7
2015-09-30,50100,2224554,44.7,43.5,44.7,0.7,40,3653,43.5
2015-10-01,118534,5395152,45.8,45.0,45.7,1.0,108,3653,45.0
2015-10-02,180000,8277750,46.25,45.5,45.55,-0.15,147,3653,46.15
2015-10-05,204150,9496970,46.8,46.0,46.8,1.25,159,3653,46.0
2015-10-06,239308,11339521,48.45,46.1,46.1,-0.7,206,3653,46.6
2015-10-07,125315,5847578,46.95,46.0,46.9,0.8,102,3653,46.2
2015-10-08,192220,8852320,46.95,45.6,45.95,-0.95,156,3653,46.9
2015-10-12,158050,7315415,46.8,45.55,45.95,0.0,128,3653,46.8
2015-10-13,96464,4429930,46.4,45.75,45.9,-0.05,80,3653,45.9
2015-10-14,100360,4590883,46.05,45.5,45.85,-0.05,89,3653,45.5
2015-10-15,124469,5763224,46.6,45.85,46.0,0.15,98,3653,46.0
2015-10-16,260283,12135071,46.9,45.85,46.9,0.9,119,3653,46.0
2015-10-19,437100,21223345,49.9,46.8,47.0,0.1,359,3653,46.9
2015-10-20,529362,25654507,49.5,47.2,48.25,1.25,405,3653,47.6
2015-10-21,196280,9345390,48.7,47.05,47.75,-0.5,162,3653,48.7
2015-10-22,84694,4010395,47.6,47.15,47.4,-0.35,76,3653,47.5
2015-10-23,126263,5992466,48.0,47.2,47.2,-0.2,94,3653,47.8
2015-10-26,93100,4430990,47.9,47.25,47.9,0.7,81,3653,47.25
2015-10-27,64312,3065950,48.0,47.25,47.5,-0.4,64,3653,47.9
2015-10-28,245000,11347700,47.6,45.6,46.05,-1.45,198,3653,47.5
2015-10-29,107386,4979832,47.0,46.05,46.05,0.0,98,3653,46.45
2015-10-30,74168,3379644,46.55,45.3,45.6,-0.45,62,3653,46.0
2015-11-02,69743,3176931,45.85,45.1,45.4,-0.2,72,3653,45.1
2015-11-03,60410,2796507,46.5,45.45,46.4,1.0,58,3653,45.45
2015-11-04,87715,4079547,46.7,46.2,46.5,0.1,74,3653,46.2
2015-11-05,129567,6088849,47.3,46.75,47.0,0.5,81,3653,47.1
2015-11-06,112100,5195929,47.0,45.5,45.5,-1.5,81,3653,47.0
2015-11-09,84544,3856918,46.5,45.25,45.5,0.0,79,3653,46.5
2015-11-10,120550,5493922,46.25,45.25,45.95,0.45,76,3653,45.35
2015-11-11,93253,4224859,45.95,45.0,45.0,-0.95,79,3653,45.95
2015-11-12,94020,4207448,45.95,44.15,44.5,-0.5,70,3653,45.0
2015-11-13,127000,5564600,44.5,43.3,43.5,-1.0,105,3653,44.5
2015-11-16,76752,3292084,43.4,42.5,43.0,-0.5,68,3653,43.1
2015-11-17,102150,4487026,44.15,43.85,43.95,0.95,79,3653,44.0
2015-11-18,47060,2060536,44.1,43.3,43.55,-0.4,42,3653,43.4
2015-11-19,65409,2883635,44.35,43.8,44.35,0.8,58,3653,43.8
2015-11-20,63375,2786593,44.4,43.8,43.85,-0.5,50,3653,44.4
2015-11-23,63050,2751085,44.05,43.3,43.55,-0.3,57,3653,43.85
2015-11-24,166000,7104750,43.4,42.2,42.85,-0.7,122,3653,43.4
2015-11-25,66615,2812680,43.2,42.0,42.05,-0.8,61,3653,43.2
2015-11-26,119050,5020467,42.8,42.0,42.1,0.05,103,3653,42.3
2015-11-27,111814,4669610,42.5,41.5,41.5,-0.6,83,3653,41.8
2015-11-30,590993,23861012,41.5,39.7,40.75,-0.75,346,3653,41.5
2015-12-01,159382,6531216,42.0,40.15,41.8,1.05,139,3653,40.5
2015-12-02,146634,6138074,42.25,41.25,41.8,0.0,127,3653,41.8
2015-12-03,162358,6811336,42.45,41.6,42.3,0.5,119,3653,41.8
2015-12-04,92465,3890180,42.45,41.8,41.8,-0.5,87,3653,42.1
2015-12-07,357461,16151730,45.95,42.9,45.95,4.15,261,3653,42.9
2015-12-08,1694702,81967212,49.5,47.3,47.85,1.9,1185,3653,47.3
2015-12-09,546190,25235790,47.4,45.6,45.9,-1.95,410,3653,47.2
2015-12-10,439823,20623642,48.2,45.2,47.4,1.5,371,3653,45.2
2015-12-11,714798,34408683,49.45,46.25,46.6,-0.8,545,3653,47.95
2015-12-14,232030,10804280,47.4,45.7,46.3,-0.3,198,3653,46.4
2015-12-15,220100,10230350,47.4,45.8,46.0,-0.3,164,3653,47.1
2015-12-16,136143,6234135,46.5,45.25,45.7,-0.3,118,3653,46.3
2015-12-17,446250,21218124,48.75,46.0,47.3,1.6,360,3653,46.5
2015-12-18,507121,24240243,48.7,46.6,46.6,-0.7,362,3653,47.5
2015-12-21,288100,13254095,46.6,45.5,46.45,-0.15,231,3653,46.6
2015-12-22,214379,9863900,46.8,45.65,45.65,-0.8,176,3653,46.8
2015-12-23,232296,10604334,46.5,45.05,45.05,-0.6,171,3653,46.0
2015-12-24,187906,8432902,45.75,44.35,44.35,-0.7,164,3653,45.75
2015-12-25,112100,5021450,45.25,44.1,44.7,0.35,87,3653,44.35
2015-12-28,51080,2301650,45.45,44.7,45.0,0.3,49,3653,45.45
2015-12-29,64333,2874635,45.1,44.3,44.6,-0.4,49,3653,45.0
2015-12-30,137154,6059070,44.8,44.0,44.3,-0.3,105,3653,44.8
2015-12-31,99143,4370606,44.45,43.85,44.25,-0.05,63,3653,44.45
2016-01-04,216800,9324600,44.1,42.5,42.65,-1.6,173,3653,44.0
2016-01-05,61110,2601330,43.0,42.2,42.25,-0.4,56,3653,42.7
2016-01-06,100000,4199950,42.3,41.85,41.95,-0.3,80,3653,42.2
2016-01-07,289728,11648122,41.95,39.5,39.55,-2.4,239,3653,41.95
2016-01-08,168210,6759142,40.85,39.0,40.2,0.65,144,3653,39.0
2016-01-11,130253,5190170,40.45,39.5,39.7,-0.5,120,3653,40.45
2016-01-12,256490,10002744,40.3,38.5,38.5,-1.2,166,3653,39.85
2016-01-13,59331,2314909,39.6,38.7,38.8,0.3,55,3653,39.6
2016-01-14,142136,5526044,39.6,38.5,38.85,0.05,106,3653,38.9
2016-01-15,79215,3106513,39.7,39.0,39.1,0.25,75,3653,39.7
2016-01-18,89663,3529187,39.8,38.1,39.8,0.7,65,3653,38.1
2016-01-19,79460,3215089,40.85,39.95,40.7,0.9,73,3653,40.85
2016-01-20,118000,4760000,41.1,39.65,39.7,-1.0,95,3653,40.7
2016-01-21,88000,3527700,40.6,39.7,39.8,0.1,74,3653,39.85
2016-01-22,76200,3055220,40.5,39.9,40.2,0.4,64,3653,40.4
2016-01-25,80000,3280750,41.85,40.15,40.9,0.7,68,3653,40.25
2016-01-26,80002,3207680,40.5,39.9,40.0,-0.9,44,3653,40.5
2016-01-27,64286,2574040,40.8,39.8,39.8,-0.2,56,3653,40.8
2016-01-28,89520,3575924,40.5,39.15,40.05,0.25,75,3653,39.3
2016-01-29,114500,4644648,40.9,40.1,40.75,0.7,89,3653,40.1
2016-01-30,88000,3607850,41.15,40.8,41.1,0.35,63,3653,41.05
2016-02-01,58000,2376100,41.3,40.7,40.7,-0.4,46,3653,41.1
2016-02-02,47510,1934906,41.15,40.6,40.6,-0.1,40,3653,41.15
2016-02-03,60000,2439450,40.9,40.5,40.5,-0.1,54,3653,40.8
2016-02-15,80200,3284399,41.4,40.65,40.75,0.25,69,3653,40.65
2016-02-16,109050,4486717,41.3,40.95,41.3,0.55,91,3653,40.95
2016-02-17,91800,3809308,41.7,41.0,41.45,0.15,81,3653,41.0
2016-02-18,292589,12526244,43.5,41.5,43.5,2.05,235,3653,41.5
2016-02-19,470920,21075506,45.35,43.8,45.2,1.7,348,3653,44.5
2016-02-22,261597,11742905,45.95,44.1,44.4,-0.8,209,3653,45.4
2016-02-23,144058,6466840,45.4,44.6,44.7,0.3,117,3653,45.0
2016-02-24,107371,4770598,45.0,44.0,44.2,-0.5,97,3653,44.7
2016-02-25,83210,3693792,44.8,44.2,44.25,0.05,76,3653,44.4
2016-02-26,73001,3230994,44.8,44.05,44.2,-0.05,63,3653,44.35
2016-03-01,1618787,77508318,48.6,44.2,48.6,4.4,1064,3653,44.2
2016-03-02,965038,46634193,49.5,47.3,47.3,-1.3,686,3653,49.5
2016-03-03,248360,11803970,48.2,46.85,47.05,-0.25,210,3653,47.4
2016-03-04,213087,10086697,47.8,47.0,47.1,0.05,168,3653,47.45
2016-03-07,268571,12802021,48.45,47.1,47.5,0.4,200,3653,47.1
2016-03-08,223000,10521400,48.25,46.85,46.9,-0.6,178,3653,48.2
2016-03-09,108359,5068100,47.0,46.65,46.7,-0.2,81,3653,46.65
2016-03-10,185110,8736848,47.8,46.7,47.05,0.35,151,3653,46.7
2016-03-11,131965,6263590,47.75,47.0,47.7,0.65,75,3653,47.0
2016-03-14,111896,5327683,48.5,47.25,47.25,-0.45,104,3653,48.1
2016-03-15,360215,16656654,47.6,45.35,45.55,-1.7,240,3653,47.25
2016-03-16,156652,7212435,46.4,45.35,46.0,0.45,119,3653,45.35
2016-03-17,121133,5598468,46.9,46.0,46.0,0.0,99,3653,46.3
2016-03-18,130354,6018256,46.6,46.0,46.2,0.2,93,3653,46.1
2016-03-21,187439,8831719,48.15,45.75,47.5,1.3,165,3653,46.2
2016-03-22,154878,7332701,47.7,47.0,47.0,-0.5,112,3653,47.6
2016-03-23,133154,6211768,47.05,46.4,47.0,0.0,97,3653,47.0
2016-03-24,151000,7146400,47.95,46.75,47.0,0.0,123,3653,47.0
2016-03-25,81000,3798250,47.3,46.7,46.7,-0.3,58,3653,47.1
2016-03-28,111235,5134465,46.8,45.6,45.6,-1.1,92,3653,46.8
2016-03-29,148409,6697516,46.2,44.6,45.0,-0.6,108,3653,45.2
2016-03-30,64018,2897074,45.6,45.0,45.4,0.4,51,3653,45.2
2016-03-31,71154,3236772,45.8,45.1,45.35,-0.05,50,3653,45.1
2016-04-01,155062,7057683,46.55,44.55,46.1,0.75,113,3653,45.5
2016-04-06,157133,7088311,45.65,44.8,44.8,-1.3,122,3653,45.45
2016-04-07,62163,2788416,45.35,44.6,44.8,0.0,59,3653,45.35
2016-04-08,63138,2831425,45.45,44.6,44.95,0.15,54,3653,44.6
2016-04-11,85154,3799910,45.35,44.4,44.55,-0.4,67,3653,45.0
2016-04-12,115234,5077646,44.55,43.6,43.8,-0.75,96,3653,44.35
2016-04-13,155208,6873835,45.05,43.8,44.2,0.4,104,3653,43.8
2016-04-14,111403,4969701,45.0,44.3,44.3,0.1,71,3653,44.85
2016-04-15,77384,3445999,44.8,44.2,44.65,0.35,51,3653,44.3
2016-04-18,114225,5061900,44.65,43.95,44.05,-0.6,61,3653,44.5
2016-04-19,43000,1911550,44.7,44.2,44.25,0.2,32,3653,44.7
2016-04-20,100691,4402418,44.4,43.15,43.85,-0.4,72,3653,44.2
2016-04-21,220297,9749949,45.0,43.1,43.7,-0.15,193,3653,44.4
2016-04-22,214316,9137381,44.6,41.85,42.35,-1.35,190,3653,44.6
2016-04-25,97815,4165687,43.0,41.9,42.5,0.15,72,3653,41.9
2016-04-26,91303,3912416,43.7,42.05,42.55,0.05,79,3653,42.45
2016-04-27,99050,4189770,42.6,42.05,42.2,-0.35,73,3653,42.6
2016-04-28,108100,4600560,42.8,42.2,42.2,0.0,73,3653,42.7
2016-04-29,111200,4646539,42.5,41.5,41.6,-0.6,66,3653,42.2
2016-05-03,60409,2484136,41.8,40.75,40.8,-0.8,54,3653,41.8
2016-05-04,74043,3046163,41.7,40.45,40.9,0.1,49,3653,40.8
2016-05-05,168154,6790940,41.0,40.15,40.7,-0.2,142,3653,41.0
2016-05-06,69079,2774100,40.45,40.05,40.2,-0.5,56,3653,40.05
2016-05-09,46107,1858767,40.8,40.2,40.2,0.0,40,3653,40.8
2016-05-10,72000,2898000,40.5,40.1,40.2,0.0,59,3653,40.35
2016-05-11,53000,2138200,40.95,40.15,40.15,-0.05,42,3653,40.95
2016-05-12,84000,3358150,40.45,39.65,39.8,-0.35,63,3653,40.2
2016-05-13,90100,3576295,40.0,39.5,39.6,-0.2,55,3653,39.6
2016-05-16,103300,4118840,40.9,39.0,40.4,0.8,64,3653,39.0
2016-05-17,46169,1864427,40.6,40.3,40.4,0.0,37,3653,40.4
2016-05-18,36000,1447900,40.55,39.95,40.2,-0.2,26,3653,39.95
2016-05-19,46000,1838800,40.25,39.75,39.9,-0.3,37,3653,39.75
2016-05-20,54050,2177225,40.6,39.95,40.4,0.5,39,3653,40.1
2016-05-23,137550,5634966,41.3,40.4,41.0,0.6,88,3653,41.3
2016-05-24,71253,2930072,41.3,41.0,41.0,0.0,49,3653,41.3
2016-05-25,72000,3000900,42.3,41.3,41.75,0.75,55,3653,41.35
2016-05-26,95250,3915025,42.0,40.45,40.9,-0.85,65,3653,42.0
2016-05-27,84463,3506724,41.8,40.8,41.45,0.55,64,3653,40.8
2016-05-30,41453,1718208,41.7,41.2,41.5,0.05,39,3653,41.45
2016-05-31,44387,1849198,41.85,41.3,41.85,0.35,38,3653,41.55
2016-06-01,289273,12604951,45.7,41.85,44.7,2.85,218,3653,41.95
2016-06-02,158000,6994500,45.4,43.6,44.15,-0.55,114,3653,45.3
2016-06-03,128154,5579910,44.2,43.0,44.2,0.05,82,3653,43.8
2016-06-04,12000,523000,43.95,43.4,43.6,-0.6,12,3653,43.4
2016-06-06,82058,3526852,43.6,42.4,43.15,-0.45,49,3653,43.6
2016-06-07,37394,1614973,43.9,42.8,43.0,-0.15,28,3653,42.8
2016-06-08,119120,5136044,45.0,42.4,43.7,0.7,89,3653,43.05
2016-06-13,81232,3458812,43.2,42.2,42.2,-1.5,58,3653,42.65
2016-06-14,62000,2623050,42.9,41.85,42.7,0.5,32,3653,42.2
2016-06-15,46763,1982192,42.9,42.1,42.1,-0.6,41,3653,42.9
2016-06-16,47268,1989602,42.6,41.9,42.05,-0.05,37,3653,42.35
2016-06-17,58000,2442250,42.6,42.0,42.1,0.05,45,3653,42.6
2016-06-20,32100,1354500,42.5,42.1,42.15,0.05,30,3653,42.1
2016-06-21,62025,2611250,42.25,42.0,42.15,0.0,53,3653,42.15
2016-06-22,106267,4546097,43.6,41.6,42.8,0.65,86,3653,42.15
2016-06-23,71096,3039984,43.3,42.35,42.5,-0.3,61,3653,42.9
2016-06-24,172154,7186109,42.55,41.1,41.1,-1.4,126,3653,42.5
2016-06-27,198100,8093544,41.95,40.1,41.05,-0.05,159,3653,41.1
2016-06-28,127991,5292027,41.75,40.95,41.5,0.45,69,3653,41.05
2016-06-29,75252,3130593,42.0,41.4,41.45,-0.05,57,3653,41.6
2016-06-30,50000,2085300,41.85,41.45,41.65,0.2,37,3653,41.55
2016-07-01,75000,3129800,42.0,41.6,41.65,0.0,51,3653,41.6
2016-07-04,81306,3412613,42.6,41.4,42.2,0.55,66,3653,41.6
2016-07-05,86119,3605442,42.5,41.2,42.2,0.0,55,3653,42.45
2016-07-06,79000,3284650,41.75,41.35,41.7,-0.5,56,3653,41.35
2016-07-07,63027,2653228,42.5,41.45,42.1,0.4,50,3653,41.45
2016-07-11,119102,5043093,42.8,42.1,42.4,0.3,75,3653,42.5
2016-07-12,641636,28586258,45.2,43.6,44.25,1.85,464,3653,43.6
2016-07-13,503312,22089601,44.7,43.25,43.9,-0.35,314,3653,44.3
2016-07-14,1639059,73402434,45.5,43.1,45.5,0.0,1037,3653,43.1
2016-07-15,2004749,92120774,46.5,45.3,46.25,0.75,1377,3653,45.6
2016-07-18,573402,26417050,47.1,45.6,45.8,-0.45,362,3653,46.6
2016-07-19,1781942,85711466,49.45,45.6,48.3,2.5,1268,3653,45.9
2016-07-20,682175,32676146,48.5,47.35,47.8,-0.5,470,3653,48.5
2016-07-21,2549919,128915699,51.7,48.3,49.95,2.15,1720,3653,48.8
2016-07-22,677705,33901100,50.7,49.3,50.5,0.55,539,3653,49.6
2016-07-25,955200,47352629,51.2,48.7,49.3,-1.2,689,3653,51.0
2016-07-26,363134,18037205,50.5,49.0,49.5,0.2,291,3653,49.0
2016-07-27,557932,27243291,50.0,48.2,48.3,-1.2,386,3653,50.0
2016-07-28,388576,18917362,49.35,48.05,48.55,0.25,305,3653,48.5
2016-07-29,292436,14048971,49.0,47.8,48.1,-0.45,196,3653,49.0
2016-08-01,469100,23030755,49.9,48.2,49.55,1.45,344,3653,48.2
2016-08-02,1345233,72832398,54.5,52.0,54.5,4.95,625,3653,53.0
2016-08-03,6292919,356720102,58.2,55.0,58.0,3.5,3930,3653,55.0
2016-08-04,5875248,357376344,63.4,56.8,62.6,4.6,3724,3653,57.9
2016-08-05,3605228,226555802,64.5,61.6,62.6,0.0,2291,3653,62.5
2016-08-08,3065966,195884024,65.5,62.3,64.3,1.7,2183,3653,63.9
2016-08-09,3018187,186958877,64.8,59.8,60.2,-4.1,2152,3653,64.8
2016-08-10,1676266,102042960,62.1,59.6,60.1,-0.1,1262,3653,60.2
2016-08-11,1387378,83145286,61.4,58.4,59.0,-1.1,1057,3653,60.1
2016-08-12,1620582,98370652,62.0,59.3,59.3,0.3,1227,3653,60.0
2016-08-15,1557400,90274940,59.8,56.6,58.4,-0.9,1148,3653,59.3
2016-08-16,1338955,77106343,59.5,56.7,56.8,-1.6,904,3653,58.9
2016-08-17,2217909,129790599,60.0,56.8,59.2,2.4,1606,3653,57.2
2016-08-18,1399257,82976313,60.4,58.3,59.2,0.0,1065,3653,59.5
2016-08-19,1863349,111749342,61.5,58.3,58.3,-0.9,1382,3653,60.2
2016-08-22,1051618,61870466,59.8,58.0,58.5,0.2,746,3653,58.2
2016-08-23,1917305,115672255,61.5,59.1,61.5,3.0,1418,3653,59.4
2016-08-24,5848437,369447446,64.7,60.0,60.3,-1.2,3858,3653,62.0
2016-08-25,1503312,91386874,61.7,60.2,60.9,0.6,1159,3653,61.2
2016-08-26,1523278,94135169,62.4,61.1,61.8,0.9,1170,3653,61.4
2016-08-29,793484,48907362,62.7,60.8,61.6,-0.2,608,3653,61.6
2016-08-30,1502404,91888979,62.7,60.4,60.4,-1.2,1011,3653,62.7
2016-08-31,2000467,122641563,62.3,59.6,62.0,1.6,1505,3653,61.2
2016-09-01,3278199,205610977,64.3,60.8,60.8,-1.2,2373,3653,63.0
2016-09-02,2497676,146150899,61.4,57.1,57.5,-3.3,1824,3653,60.8
2016-09-05,1633233,93686067,59.4,55.5,59.1,1.6,1198,3653,57.7
2016-09-06,1667419,100598162,61.4,58.6,60.7,1.6,1305,3653,59.1
2016-09-07,1109566,67584371,61.4,60.4,60.6,-0.1,828,3653,61.1
2016-09-08,1264000,77979200,62.5,60.7,61.2,0.6,908,3653,61.3
2016-09-09,395111,24012393,61.5,60.4,60.7,-0.5,339,3653,61.2
2016-09-10,911392,53957744,59.7,58.8,59.2,-1.5,593,3653,59.2
2016-09-12,470260,27479436,59.3,58.0,58.2,-1.0,374,3653,59.2
2016-09-13,481970,27898875,59.0,57.4,57.4,-0.8,337,3653,58.5
2016-09-14,350336,20116552,57.9,56.9,57.4,0.0,258,3653,57.4
2016-09-19,292405,17041495,58.9,57.6,58.5,1.1,227,3653,57.6
2016-09-20,254000,14846300,59.0,58.0,58.1,-0.4,182,3653,59.0
2016-09-21,313534,18160932,58.4,57.3,58.0,-0.1,240,3653,58.3
2016-09-22,302086,17702822,59.3,57.8,58.6,0.6,237,3653,58.2
2016-09-23,265160,15493961,59.2,57.8,57.9,-0.7,214,3653,58.6
2016-09-26,160285,9257787,58.1,57.5,57.6,-0.3,122,3653,57.6
2016-09-29,225144,12888292,57.9,57.0,57.0,-0.6,171,3653,57.7
2016-09-30,309165,17413772,56.9,56.1,56.2,-0.8,215,3653,56.9
2016-10-03,211204,11901185,56.9,56.0,56.5,0.3,156,3653,56.3
2016-10-04,256786,14667302,57.7,56.5,57.3,0.8,202,3653,56.6
2016-10-05,261611,15117431,58.4,56.9,57.9,0.6,208,3653,57.1
2016-10-06,136000,7813000,57.9,57.1,57.3,-0.6,101,3653,57.9
2016-10-07,182100,10316980,57.3,56.3,56.3,-1.0,131,3653,57.3
2016-10-11,600110,32699018,56.6,53.0,53.3,-3.0,420,3653,56.3
2016-10-12,276126,14654903,54.0,52.1,53.1,-0.2,211,3653,53.0
2016-10-13,269323,14102865,53.5,51.6,51.6,-1.5,218,3653,53.3
2016-10-14,241158,12563616,53.0,51.6,51.6,0.0,194,3653,51.6
2016-10-17,161200,8390159,52.9,51.3,51.6,0.0,126,3653,51.3
2016-10-18,315103,16098663,52.0,50.7,51.4,-0.2,165,3653,51.6
2016-10-19,139317,7210428,52.3,51.2,51.2,-0.2,124,3653,51.5
2016-10-20,260050,13520505,52.4,51.5,52.3,1.1,196,3653,51.5
2016-10-21,256500,13557550,53.5,52.2,52.5,0.2,186,3653,52.3
2016-10-24,190151,9773076,52.2,51.1,51.2,-1.3,153,3653,52.2
2016-10-25,110203,5664873,51.8,51.2,51.4,0.2,87,3653,51.8
2016-10-26,93824,4804359,51.6,51.0,51.2,-0.2,77,3653,51.1
2016-10-27,205702,10430340,51.4,50.3,50.3,-0.9,159,3653,51.4
2016-10-28,149154,7514346,50.8,50.1,50.3,0.0,118,3653,50.8
2016-10-31,150278,7440402,50.0,49.1,49.4,-0.9,125,3653,50.0
2016-11-01,99293,4905303,49.7,49.15,49.4,0.0,85,3653,49.4
2016-11-02,329310,15953792,49.55,48.0,48.3,-1.1,196,3653,49.25
2016-11-03,368100,17408855,48.25,46.7,46.75,-1.55,207,3653,47.8
2016-11-04,178400,8353730,47.4,46.25,46.25,-0.5,129,3653,46.75
2016-11-07,132061,6228346,47.6,46.6,47.05,0.8,111,3653,47.6
2016-11-08,144753,6739438,47.25,45.8,46.35,-0.7,111,3653,47.25
2016-11-09,418464,18626484,46.9,43.4,43.8,-2.55,284,3653,46.35
2016-11-10,157417,7096967,45.5,44.6,45.25,1.45,131,3653,44.6
2016-11-11,127050,5662382,45.0,44.3,44.4,-0.85,90,3653,45.0
2016-11-14,150150,6565595,44.3,43.5,43.9,-0.5,127,3653,43.55
2016-11-15,146078,6510260,45.5,43.85,45.05,1.15,121,3653,43.85
2016-11-16,98396,4427711,45.45,44.8,44.8,-0.25,88,3653,45.45
2016-11-17,89074,3989234,45.25,44.5,44.7,-0.1,71,3653,45.0
2016-11-18,114200,5090239,44.9,44.25,44.55,-0.15,95,3653,44.7
2016-11-21,146839,6488330,44.55,44.0,44.15,-0.4,110,3653,44.55
2016-11-22,271375,12288337,45.6,44.6,45.4,1.25,209,3653,44.6
2016-11-23,600604,28619812,48.5,46.2,48.5,3.1,515,3653,46.25
2016-11-24,267350,12876374,49.0,47.8,47.8,-0.7,223,3653,49.0
2016-11-25,138000,6592250,48.4,47.55,47.65,-0.15,104,3653,48.0
2016-11-28,321050,15637415,49.7,47.8,48.3,0.65,245,3653,48.15
2016-11-29,126000,6045550,48.5,47.8,47.8,-0.5,95,3653,48.5
2016-11-30,139030,6681984,48.3,47.8,47.9,0.1,115,3653,47.8
2016-12-01,73110,3519208,48.4,47.9,48.05,0.15,56,3653,48.2
2016-12-02,145000,6914900,48.25,47.25,47.9,-0.15,104,3653,47.9
2016-12-05,111000,5357200,48.65,47.9,48.15,0.25,75,3653,47.9
2016-12-06,160000,7728600,48.7,48.0,48.0,-0.15,85,3653,48.3
2016-12-07,220150,10678475,48.9,48.0,48.65,0.65,152,3653,48.0
2016-12-08,122433,5969586,49.5,48.3,48.35,-0.3,92,3653,48.95
2016-12-09,73410,3556943,48.6,48.2,48.5,0.15,56,3653,48.35
2016-12-12,116000,5663100,49.35,48.3,48.5,0.0,91,3653,49.35
2016-12-13,82050,3952902,48.45,48.05,48.05,-0.45,61,3653,48.1
2016-12-14,21051,1013408,48.3,48.05,48.2,0.15,22,3653,48.05
2016-12-15,69253,3346645,48.8,47.7,48.65,0.45,48,3653,47.7
2016-12-16,136157,6562264,48.75,48.05,48.05,-0.6,93,3653,48.75
2016-12-19,55460,2681691,48.5,48.05,48.35,0.3,51,3653,48.1
2016-12-20,99620,4846070,48.8,48.4,48.8,0.45,96,3653,48.4
2016-12-21,72155,3523133,49.0,48.6,48.7,-0.1,67,3653,48.9
2016-12-22,75000,3617300,48.7,47.9,47.9,-0.8,59,3653,48.7
2016-12-23,96000,4613050,48.5,47.8,47.85,-0.05,52,3653,47.8
2016-12-26,76000,3635150,48.0,47.7,47.75,-0.1,53,3653,47.85
2016-12-27,69070,3277168,47.75,47.25,47.3,-0.45,48,3653,47.75
2016-12-28,65850,3131574,47.85,47.3,47.35,0.05,51,3653,47.3
2016-12-29,44234,2110079,47.9,47.5,47.5,0.15,35,3653,47.9
2016-12-30,46000,2190900,47.95,47.5,47.5,0.0,45,3653,47.5
2017-01-03,35000,1674050,48.0,47.6,47.95,0.45,35,3653,47.6
2017-01-04,56000,2713100,48.65,48.1,48.5,0.55,51,3653,48.5
2017-01-05,1080893,55460863,53.1,48.55,52.4,3.9,808,3653,48.55
2017-01-06,364100,18843419,52.8,51.0,51.4,-1.0,303,3653,52.8
2017-01-09,217000,10891900,51.4,49.2,49.85,-1.55,169,3653,51.4
2017-01-10,136451,6879513,50.9,49.85,50.0,0.15,124,3653,49.85
2017-01-11,103104,5147259,50.5,49.7,49.7,-0.3,84,3653,50.0
2017-01-12,128048,6425890,50.9,50.0,50.1,0.4,93,3653,50.9
2017-01-13,80103,3990200,49.9,49.8,49.8,-0.3,59,3653,49.8
2017-01-16,115354,5788693,50.9,49.8,50.0,0.2,102,3653,50.9
2017-01-17,86204,4306409,50.5,49.7,50.1,0.1,81,3653,50.5
2017-01-18,69405,3466177,50.0,49.8,50.0,-0.1,49,3653,50.0
2017-01-19,67952,3375080,50.1,49.4,49.7,-0.3,66,3653,50.0
2017-01-20,64154,3201772,50.1,49.5,49.75,0.05,57,3653,49.5
2017-01-23,117254,5855199,50.2,49.35,50.1,0.35,66,3653,50.1
2017-01-24,283668,14028782,50.2,48.95,49.35,-0.75,195,3653,50.2
2017-02-02,169615,8521317,50.9,49.35,50.9,1.55,156,3653,49.35
2017-02-03,243257,12464329,52.3,50.4,51.0,0.1,187,3653,51.2
2017-02-06,149897,7688847,51.9,50.8,51.0,0.0,112,3653,51.9
2017-02-07,1193125,63629350,54.3,50.9,54.3,3.3,873,3653,50.9
2017-02-08,1761100,100598667,58.5,55.6,56.7,2.4,1260,3653,56.5
2017-02-09,540701,30516964,57.5,56.0,56.3,-0.4,377,3653,56.5
2017-02-10,1100247,63495580,58.9,56.5,56.6,0.3,802,3653,57.3
2017-02-13,437258,24998431,57.8,56.6,57.4,0.8,272,3653,57.8
2017-02-14,520900,29266000,57.9,54.1,55.8,-1.6,392,3653,57.8
2017-02-15,432050,24512125,57.6,55.8,56.5,0.7,292,3653,56.0
2017-02-16,1389107,80647706,59.2,56.9,58.2,1.7,866,3653,57.0
2017-02-17,990667,58530919,59.9,58.2,58.7,0.5,653,3653,58.8
2017-02-18,478153,27806689,59.0,57.5,58.0,-0.7,302,3653,58.7
2017-02-20,774000,45482500,59.4,58.0,58.3,0.3,418,3653,58.9
2017-02-21,395196,22711490,58.7,56.7,57.4,-0.9,248,3653,58.1
2017-02-22,1114668,65321710,59.2,57.5,58.3,0.9,700,3653,57.8
2017-02-23,457734,26853572,59.2,57.9,58.0,-0.3,324,3653,58.9
2017-02-24,273168,15787110,58.1,57.5,57.8,-0.2,174,3653,57.5
2017-03-01,308093,17656573,58.5,56.7,56.7,-1.1,186,3653,56.9
2017-03-02,251567,14445571,58.1,56.9,58.1,1.4,219,3653,57.3
2017-03-03,175006,10105846,58.1,57.2,58.1,0.0,110,3653,58.0
2017-03-06,154012,8977993,58.6,57.9,58.1,0.0,99,3653,58.4
2017-03-07,135490,7858869,58.3,57.5,58.0,-0.1,106,3653,58.1
2017-03-08,263010,15210278,58.2,57.2,58.2,0.2,156,3653,58.2
2017-03-09,214631,12315638,58.2,57.1,57.1,-1.1,157,3653,58.2
2017-03-10,155100,8795690,57.4,55.8,57.0,-0.1,127,3653,57.1
2017-03-13,139489,7921925,57.3,56.5,57.0,0.0,89,3653,57.2
2017-03-14,131264,7517506,57.5,56.8,57.2,0.2,99,3653,56.8
2017-03-15,2998590,186936801,62.9,57.2,62.9,5.7,1838,3653,57.3
2017-03-16,5351758,352339868,68.1,63.7,65.8,2.9,3651,3653,64.0
2017-03-17,1827400,119415100,66.9,64.5,65.3,-0.5,1247,3653,66.9
2017-03-20,3506724,237776645,69.8,64.8,68.6,3.3,2222,3653,66.0
2017-03-21,5416441,388022220,73.3,68.5,72.8,4.2,3602,3653,68.6
2017-03-22,3217327,234697306,74.6,71.1,72.5,-0.3,2126,3653,71.8
2017-03-23,3096895,218097019,72.8,69.0,69.7,-2.8,2012,3653,71.5
2017-03-24,2380200,167240937,71.6,68.5,70.0,0.3,1661,3653,70.6
2017-03-27,1271541,87714430,71.0,66.8,66.8,-3.2,889,3653,70.6
2017-03-28,1983374,130860620,68.9,63.0,66.5,-0.3,1288,3653,67.0
2017-03-29,610210,40386870,67.8,65.2,65.6,-0.9,459,3653,67.4
2017-03-30,1941529,129134825,68.7,65.0,65.0,-0.6,1328,3653,66.5
2017-03-31,841392,54188789,65.5,63.7,63.7,-1.3,618,3653,65.5
2017-04-05,2489736,166472726,69.0,63.6,69.0,5.3,1755,3653,64.2
2017-04-06,1704405,116872437,69.8,67.3,67.6,-1.4,1375,3653,69.8
2017-04-07,1090550,73817778,68.8,66.5,67.6,0.0,795,3653,68.2
2017-04-10,4465115,316702127,72.5,68.6,70.7,3.1,3241,3653,71.7
2017-04-11,1380279,94288114,70.5,66.1,66.1,-4.6,989,3653,70.5
2017-04-12,807100,52789140,66.7,64.2,65.4,-0.7,608,3653,66.5
2017-04-13,644599,42706174,66.9,65.2,65.9,0.5,548,3653,65.4
2017-04-14,1520800,95910519,65.2,60.8,60.8,-5.1,1159,3653,65.0
2017-04-17,1607205,97471817,63.3,58.0,63.3,2.5,1089,3653,61.1
2017-04-18,1552941,100642135,65.7,63.5,65.7,2.4,1098,3653,65.0
2017-04-19,1093310,71374481,66.2,64.4,65.0,-0.7,744,3653,64.8
2017-04-20,431042,27695975,65.9,63.5,63.5,-1.5,339,3653,65.9
2017-04-21,424236,27208522,64.8,63.7,64.0,0.5,293,3653,64.1
2017-04-24,1059050,65642735,63.4,60.5,62.1,-1.9,855,3653,63.4
2017-04-25,3108776,208558422,68.3,62.5,67.5,5.4,2054,3653,62.5
2017-04-26,5237830,369764500,72.9,68.8,69.9,2.4,3398,3653,68.9
2017-04-27,1937100,136269650,71.5,69.3,70.5,0.6,1250,3653,70.3
2017-04-28,1398256,99276417,72.5,69.9,70.0,-0.5,973,3653,71.3
2017-05-02,607550,42678625,71.3,69.4,69.9,-0.1,472,3653,69.5
2017-05-03,4040931,293180823,73.6,70.3,72.5,2.6,2637,3653,70.9
2017-05-04,1960523,138811912,73.5,69.0,70.6,-1.9,1296,3653,73.4
2017-05-05,974403,68341907,71.6,68.8,68.8,-1.8,706,3653,71.5
2017-05-08,709284,48243997,69.5,67.0,67.5,-1.3,530,3653,68.9
2017-05-09,910700,61069500,69.0,65.3,67.5,0.0,617,3653,68.9
2017-05-10,1726030,120951000,71.5,68.0,70.0,2.5,1036,3653,68.0
2017-05-11,634108,44213128,70.8,68.8,68.8,-1.2,463,3653,70.7
2017-05-12,486617,33737156,69.9,68.7,69.9,1.1,338,3653,68.8
2017-05-15,969523,68501399,71.6,69.5,69.8,-0.1,650,3653,69.5
2017-05-16,534000,37067500,70.8,68.3,68.7,-1.1,391,3653,70.8
2017-05-17,521257,35246376,68.3,66.8,68.2,-0.5,397,3653,68.2
2017-05-18,290250,19592749,68.1,66.6,68.1,-0.1,217,3653,67.0
2017-05-19,291457,19800776,68.6,67.6,67.7,-0.4,227,3653,68.1
2017-05-22,304208,20745340,68.8,67.8,67.9,0.2,198,3653,68.3
2017-05-23,366000,24627900,68.3,66.8,66.9,-1.0,256,3653,68.1
2017-05-24,265450,17855114,67.7,66.8,67.1,0.2,215,3653,66.9
2017-05-25,1184813,82319438,70.4,67.2,69.7,2.6,885,3653,67.6
2017-05-26,681725,47401225,70.2,68.7,69.5,-0.2,496,3653,69.7
2017-05-31,290107,20064249,69.9,68.8,69.1,-0.4,216,3653,69.0
2017-06-01,1532337,108530127,71.9,68.8,71.5,2.4,1011,3653,69.0
2017-06-02,10037680,769596760,78.6,72.6,77.4,5.9,5785,3653,72.8
2017-06-03,8739145,696246988,81.6,78.1,78.1,0.7,5217,3653,79.5
2017-06-05,2691608,213252440,80.4,77.8,80.0,1.9,1861,3653,79.4
2017-06-06,3414987,275222570,82.0,79.3,79.3,-0.7,2249,3653,80.5
2017-06-07,3054709,245849829,81.2,79.3,81.0,1.7,1936,3653,80.5
2017-06-08,2635013,212304658,82.0,79.4,82.0,1.0,1646,3653,80.4
2017-06-09,4685254,387615674,85.0,80.7,80.7,-1.3,3014,3653,84.1
2017-06-12,1994345,161937290,82.3,79.5,82.3,1.6,1459,3653,80.2
2017-06-13,3764214,316307436,85.6,82.5,84.3,2.0,2552,3653,83.3
2017-06-14,2876756,235743679,84.7,80.0,80.9,-3.4,2042,3653,84.7
2017-06-15,1990190,163393875,83.6,80.1,83.0,2.1,1411,3653,80.6
2017-06-16,1231498,101898585,83.8,81.6,82.8,-0.2,818,3653,82.9
2017-06-19,2023868,165990978,83.6,80.7,81.1,-1.7,1379,3653,83.5
2017-06-20,2791322,229450787,83.5,80.8,80.8,-0.3,1898,3653,82.0
2017-06-21,1268562,102881940,81.8,80.6,80.9,0.1,776,3653,81.2
2017-06-22,4929213,413611403,85.5,81.8,85.5,4.6,3178,3653,82.6
2017-06-23,4246200,363520436,88.3,83.7,83.7,-1.8,2947,3653,88.0
2017-06-26,2068960,170377520,84.0,81.8,82.0,-1.7,1410,3653,83.8
2017-06-27,975359,79798850,82.6,81.3,81.3,-0.7,697,3653,82.6
2017-06-28,1200245,98036168,82.8,81.1,81.3,0.0,908,3653,81.6
2017-06-29,1399795,112519684,82.4,78.6,78.6,-2.7,909,3653,81.8
2017-06-30,1438025,112597417,80.4,76.5,80.4,1.8,1003,3653,78.0
2017-07-03,979422,78039038,80.7,79.0,79.5,-0.9,606,3653,80.7
2017-07-04,790500,61852000,79.6,77.5,77.5,-2.0,580,3653,79.4
2017-07-05,1596431,121001082,77.6,74.8,75.8,-1.7,1258,3653,77.5
2017-07-06,1374601,104740113,77.2,75.7,76.0,0.2,978,3653,76.5
2017-07-07,1279242,94230337,74.4,72.9,73.3,0.0,940,3653,74.0
2017-07-10,1624475,116938332,74.3,70.6,70.6,-2.7,1051,3653,73.1
2017-07-11,1911988,136853247,72.7,70.6,70.7,0.1,1329,3653,71.0
2017-07-12,756307,54367404,72.3,71.3,72.2,1.5,581,3653,72.0
2017-07-13,1057520,77289121,73.9,72.0,73.8,1.6,778,3653,72.0
2017-07-14,1293205,93785174,74.2,71.6,71.6,-2.2,1038,3653,73.9
2017-07-17,2763246,191063400,72.0,67.7,68.1,-3.5,1976,3653,71.8
2017-07-18,1711600,118765740,70.0,68.0,69.3,1.2,1179,3653,68.0
2017-07-19,981834,68708296,70.7,69.0,70.3,1.0,725,3653,69.7
2017-07-20,847041,59533953,70.7,69.8,69.8,-0.5,694,3653,70.4
2017-07-21,474264,33217448,70.7,69.5,69.9,0.1,402,3653,69.6
2017-07-24,304400,21174380,70.0,69.1,69.1,-0.8,235,3653,69.7
2017-07-25,4099445,303983820,76.0,69.0,76.0,6.9,2725,3653,69.1
2017-07-26,4855534,376934952,78.6,76.6,78.0,2.0,3133,3653,77.3
2017-07-27,1678775,130748162,79.2,77.1,77.1,-0.9,1144,3653,78.8
2017-07-28,1027325,78800925,77.6,76.2,77.0,-0.1,639,3653,77.1
2017-07-31,860747,65428807,77.0,75.1,76.7,-0.3,640,3653,77.0
2017-08-01,1109556,85714989,78.3,76.1,76.1,-0.6,701,3653,76.7
2017-08-02,843301,64298853,77.5,75.6,75.6,-0.5,627,3653,77.5
2017-08-03,563190,42815564,76.6,75.6,75.8,0.2,420,3653,76.0
2017-08-04,2320402,179460969,78.6,76.0,76.2,0.4,1665,3653,76.9
2017-08-07,1441790,108605710,76.8,74.3,74.7,-1.5,980,3653,76.0
2017-08-08,1730100,125410029,74.6,70.8,70.8,-3.9,1218,3653,74.6
2017-08-09,1368834,96275310,71.9,69.3,69.3,-1.5,1077,3653,70.8
2017-08-10,1432166,97718422,70.4,66.4,67.4,-1.9,1060,3653,70.2
2017-08-11,1643838,111529130,68.5,66.5,67.7,0.3,1137,3653,67.4
2017-08-14,1769308,114953657,68.0,63.3,63.3,-4.4,1354,3653,68.0
2017-08-15,2101050,133226975,64.7,62.6,62.9,-0.4,1786,3653,63.6
2017-08-16,1473280,94971360,65.5,63.2,64.3,1.4,1238,3653,63.2
2017-08-17,719393,46977300,65.8,64.0,65.8,1.5,555,3653,64.5
2017-08-18,390689,25241885,65.2,63.0,65.0,-0.8,307,3653,64.9
2017-08-21,555150,36071295,66.4,64.0,65.7,0.7,406,3653,65.0
2017-08-22,554998,36475270,66.6,65.3,65.4,-0.3,413,3653,66.6
2017-08-23,742247,48722827,66.3,65.0,65.4,0.0,499,3653,66.0
2017-08-24,2374164,161123835,69.4,65.3,68.0,2.6,1732,3653,65.3
2017-08-25,887620,59485403,68.4,66.1,66.6,-1.4,664,3653,68.0
2017-08-28,316800,21113918,67.4,66.1,66.4,-0.2,252,3653,67.4
2017-08-29,338625,22338811,66.9,65.4,65.6,-0.8,277,3653,66.8
2017-08-30,348579,23010566,66.6,65.6,65.7,0.1,271,3653,65.6
2017-08-31,392090,25815640,66.8,65.1,65.4,-0.3,333,3653,66.4
2017-09-01,289009,18873389,65.8,65.0,65.2,-0.2,248,3653,65.7
2017-09-04,770369,49593116,65.4,63.7,63.7,-1.5,544,3653,65.3
2017-09-05,2995038,204431653,69.9,63.9,69.9,6.2,2163,3653,63.9
2017-09-06,1433081,99303789,70.4,68.1,68.7,-1.2,1170,3653,70.2
2017-09-07,673396,46345644,69.5,68.2,68.2,-0.5,589,3653,69.2
2017-09-08,4227738,307924476,74.9,70.3,72.0,3.8,3011,3653,70.5
2017-09-11,1607959,117182834,74.0,72.0,72.7,0.7,1219,3653,74.0
2017-09-12,883500,64085348,74.3,71.5,72.2,-0.5,669,3653,74.3
2017-09-13,634670,45781804,73.3,71.2,71.2,-1.0,480,3653,73.1
2017-09-14,3133677,234901237,76.8,71.2,75.1,3.9,2380,3653,71.5
2017-09-15,1106108,81961138,75.5,73.4,73.5,-1.6,820,3653,75.2
2017-09-18,408151,29938574,74.4,73.0,73.3,-0.2,315,3653,74.3
2017-09-19,2804237,214451625,78.2,73.5,74.9,1.6,2021,3653,74.0
2017-09-20,1361600,102777500,76.4,74.5,74.9,0.0,967,3653,75.6
2017-09-21,2532301,196285276,79.0,76.1,76.1,1.2,1650,3653,77.0
2017-09-22,1424080,108926504,77.5,75.6,76.2,0.1,1108,3653,76.6
2017-09-25,3651877,285165976,79.4,76.0,77.1,0.9,2496,3653,77.1
2017-09-26,2512000,185313098,78.0,70.5,70.7,-6.4,1910,3653,77.7
2017-09-27,1039489,75365643,73.4,71.3,72.9,2.2,823,3653,72.0
2017-09-28,741755,54303536,74.3,72.4,72.6,-0.3,524,3653,73.8
2017-09-29,893175,64186960,73.5,70.7,71.2,-1.4,630,3653,73.2
2017-09-30,529796,38501950,73.3,71.5,72.3,1.1,383,3653,71.5
2017-10-02,3388330,258974371,77.9,73.1,77.5,5.2,2519,3653,73.9
2017-10-03,4710454,374602674,81.0,78.1,78.1,0.6,3240,3653,80.0
2017-10-05,1229125,96011636,78.9,77.6,78.0,-0.1,855,3653,78.3
2017-10-06,1029578,79079341,78.1,76.2,76.5,-1.5,788,3653,78.1
2017-10-11,3397505,269231392,81.3,77.0,78.6,2.1,2455,3653,77.6
2017-10-12,1861795,146618981,80.5,76.7,80.0,1.4,1444,3653,78.8
2017-10-13,1491632,119430653,81.3,79.0,79.3,-0.7,1109,3653,80.0
2017-10-16,1107887,87319927,79.9,78.5,78.5,-0.8,887,3653,79.9
2017-10-17,1536446,121186486,80.3,77.1,77.1,-1.4,1177,3653,79.8
2017-10-18,4851355,390683300,82.1,77.4,80.1,3.0,3436,3653,77.4
2017-10-19,4221360,344220975,83.2,79.7,81.9,1.8,2883,3653,81.0
2017-10-20,1964058,160217237,83.3,80.0,81.7,-0.2,1357,3653,83.3
2017-10-23,1510570,123252054,82.7,80.6,80.8,-0.9,1096,3653,82.7
2017-10-24,1063355,85578467,81.5,79.8,80.2,-0.6,706,3653,80.6
2017-10-25,1836507,145784246,81.3,77.8,77.8,-2.4,1195,3653,80.9
2017-10-26,1031217,81060743,79.7,77.7,79.2,1.4,755,3653,78.0
2017-10-27,1357225,105362020,79.7,75.9,76.4,-2.8,1053,3653,79.5
2017-10-30,987000,74353400,77.5,74.3,75.5,-0.9,751,3653,77.1
2017-10-31,681306,52257939,77.3,75.9,77.3,1.8,511,3653,76.0
2017-11-01,523299,40451340,77.9,76.9,77.1,-0.2,434,3653,77.9
2017-11-02,508100,38785500,77.5,75.7,75.7,-1.4,416,3653,77.5
2017-11-03,402375,30536236,76.9,75.4,75.7,0.0,316,3653,75.8
2017-11-06,529237,39610827,76.4,74.3,74.8,-0.9,401,3653,76.2
2017-11-07,562000,41809500,75.4,73.8,73.9,-0.9,441,3653,75.0
2017-11-08,1585090,114332134,73.5,71.4,71.9,-2.0,1186,3653,73.5
2017-11-09,1377100,100518440,74.7,71.9,72.1,0.2,978,3653,73.3
2017-11-10,818500,58397500,72.4,70.5,71.5,-0.6,601,3653,72.1
2017-11-13,877153,61854869,72.0,69.5,69.5,-2.0,633,3653,71.6
2017-11-14,705260,48996925,70.5,68.7,69.5,0.0,436,3653,69.9
2017-11-15,367484,25724523,70.9,69.5,69.7,0.2,306,3653,70.0
2017-11-16,509685,36271576,72.0,69.7,71.5,1.8,421,3653,69.8
2017-11-17,319732,22962037,72.5,71.4,71.6,0.1,233,3653,72.4
2017-11-20,213818,15321656,72.9,71.1,71.1,-0.5,188,3653,72.9
2017-11-21,239660,17065891,72.0,70.9,71.3,0.2,188,3653,72.0
2017-11-22,332600,23616037,71.8,70.3,70.4,-0.9,274,3653,71.7
2017-11-23,209327,14783650,71.3,70.3,70.8,0.4,179,3653,71.3
2017-11-24,226333,16096543,71.4,70.6,71.2,0.4,194,3653,71.4
2017-11-27,530406,38216011,72.7,71.3,72.2,1.0,409,3653,71.5
2017-11-28,1128303,83401919,75.2,72.8,73.0,0.8,875,3653,72.8
2017-11-29,492399,35617123,73.0,71.8,71.8,-1.2,320,3653,72.5
2017-11-30,479200,33784400,71.8,69.8,70.1,-1.7,373,3653,71.6
2017-12-01,398264,27709151,71.0,68.1,69.1,-1.0,301,3653,70.9
2017-12-04,191565,13298740,70.6,68.8,69.0,-0.1,155,3653,68.8
2017-12-05,279200,19277860,69.8,68.2,69.3,0.3,214,3653,68.2
2017-12-06,305200,21118798,70.7,68.4,68.5,-0.8,255,3653,69.3
2017-12-07,320200,21673680,69.0,67.2,67.2,-1.3,244,3653,68.7
2017-12-08,295350,20029005,68.7,66.8,68.4,1.2,258,3653,67.6
2017-12-11,240350,16664100,70.1,68.2,70.0,1.6,203,3653,68.6
2017-12-12,355000,25024700,72.0,69.7,69.7,-0.3,283,3653,70.0
2017-12-13,140563,9758547,70.0,69.0,69.0,-0.7,134,3653,69.6
2017-12-14,132000,9190700,70.2,69.3,69.6,0.6,120,3653,69.5
2017-12-15,100551,6947549,69.4,69.0,69.0,-0.6,86,3653,69.2
2017-12-18,104204,7192718,69.7,68.7,68.7,-0.3,86,3653,69.3
2017-12-19,160227,10959590,69.3,68.0,68.0,-0.7,133,3653,69.2
2017-12-20,266200,18355800,69.8,68.0,68.5,0.5,227,3653,68.0
2017-12-21,184000,12674800,69.2,68.2,69.0,0.5,150,3653,68.2
2017-12-22,130050,8897875,69.3,68.2,68.2,-0.8,114,3653,68.7
2017-12-25,502567,33615189,68.5,66.1,66.3,-1.9,398,3653,68.5
2017-12-26,528880,34919875,67.3,65.1,65.5,-0.8,358,3653,66.6
2017-12-27,179000,11809600,66.4,65.6,66.4,0.9,140,3653,65.7
2017-12-28,194595,13041865,67.4,66.6,67.0,0.6,154,3653,66.6
2017-12-29,164473,11031391,67.5,66.7,66.7,-0.3,132,3653,67.1
2018-01-02,280201,18930768,68.1,66.8,68.0,1.3,228,3653,66.8
2018-01-03,284058,19390696,68.7,67.9,68.4,0.4,217,3653,68.2
2018-01-04,1824033,131837276,73.3,70.0,72.5,4.1,1252,3653,70.0
2018-01-05,449500,32170499,72.2,71.2,71.5,-1.0,361,3653,71.8
2018-01-08,511003,36484708,72.6,70.3,70.6,-0.9,288,3653,72.6
2018-01-09,408309,28510736,71.4,69.0,70.1,-0.5,338,3653,69.6
2018-01-10,180179,12422551,70.3,68.5,69.0,-1.1,143,3653,70.3
2018-01-11,179107,12257703,69.5,67.8,69.2,0.2,149,3653,68.6
2018-01-12,175291,12230270,70.3,69.2,70.0,0.8,165,3653,69.2
2018-01-15,97200,6784780,70.4,69.3,69.5,-0.5,95,3653,69.6
2018-01-16,185622,12870478,70.0,68.6,69.1,-0.4,172,3653,70.0
2018-01-17,174510,12046591,69.7,68.5,69.6,0.5,141,3653,69.1
2018-01-18,299180,21029951,70.7,69.6,70.7,1.1,239,3653,69.9
2018-01-19,172005,12046251,71.3,69.4,69.6,-1.1,140,3653,71.2
2018-01-22,149326,10387623,70.1,69.3,69.4,-0.2,144,3653,70.1
2018-01-23,255483,17903716,70.5,69.8,70.0,0.6,195,3653,70.3
2018-01-24,256309,17993537,70.5,69.9,70.1,0.1,184,3653,70.0
2018-01-25,1066329,76707288,73.0,70.1,72.2,2.1,813,3653,70.3
2018-01-26,1942465,141591073,74.3,71.3,71.3,-0.9,1572,3653,73.3
2018-01-29,276032,19670258,71.8,71.0,71.0,-0.3,225,3653,71.5
2018-01-30,444206,30938009,71.0,68.7,68.7,-2.3,346,3653,71.0
2018-01-31,395121,27477757,70.7,68.0,70.3,1.6,311,3653,68.7
2018-02-01,240101,16848920,70.8,69.6,70.8,0.5,187,3653,70.7
2018-02-02,803000,57582300,73.0,70.6,70.7,-0.1,668,3653,71.2
2018-02-05,356525,24645692,70.2,68.5,70.2,-0.5,287,3653,68.5
2018-02-06,1018040,66457132,69.4,63.2,64.0,-6.2,708,3653,69.4
2018-02-07,445571,29697328,67.5,66.0,66.5,2.5,335,3653,66.8
2018-02-08,565078,36840654,67.6,64.1,64.5,-2.0,452,3653,67.0
2018-02-09,684100,41929950,63.2,60.0,62.5,-2.0,452,3653,60.0
2018-02-12,795000,48964000,63.4,61.0,61.2,-1.3,534,3653,63.0
2018-02-21,588300,36649150,63.2,61.7,62.0,0.8,508,3653,62.7
2018-02-22,405525,25735225,64.0,62.3,63.7,1.7,336,3653,62.3
2018-02-23,468000,30698300,66.7,64.3,65.4,1.7,358,3653,64.5
2018-02-26,240619,15781429,66.0,65.3,65.5,0.1,199,3653,65.8
2018-02-27,234899,15412734,66.5,65.0,66.0,0.5,184,3653,66.5
2018-03-01,165103,10809598,66.0,64.9,65.4,-0.6,135,3653,65.6
2018-03-02,225103,14724405,66.3,64.8,65.5,0.1,181,3653,64.8
2018-03-05,222003,14410996,65.7,64.2,64.5,-1.0,177,3653,65.5
2018-03-06,258464,16657096,65.5,63.9,64.4,-0.1,211,3653,65.5
2018-03-07,133302,8618138,65.0,64.2,64.4,0.0,109,3653,64.2
2018-03-08,933200,62558959,68.2,65.2,67.4,3.0,677,3653,65.3
2018-03-09,383210,25922638,68.3,67.0,68.0,0.6,280,3653,67.5
2018-03-12,299202,20309854,69.3,67.3,67.9,-0.1,229,3653,68.5
2018-03-13,246106,16694422,68.5,67.3,67.6,-0.3,169,3653,68.0
2018-03-14,164220,11095489,68.0,67.1,68.0,0.4,133,3653,68.0
2018-03-15,136017,9246149,68.3,67.6,67.6,-0.4,92,3653,68.0
2018-03-16,450500,30957000,69.5,67.7,68.0,0.4,318,3653,68.5
2018-03-19,192257,13191429,69.2,68.2,68.6,0.6,148,3653,68.4
2018-03-20,152524,10438583,69.0,68.1,68.1,-0.5,120,3653,68.8
2018-03-21,117100,8005090,68.8,67.9,67.9,-0.2,92,3653,68.3
2018-03-22,171342,11683023,68.8,67.7,67.9,0.0,131,3653,68.7
2018-03-23,226362,14959199,67.0,65.5,65.9,-2.0,181,3653,66.3
2018-03-26,165000,10945600,66.9,65.4,65.9,0.0,128,3653,66.9
2018-03-27,123254,8180964,67.4,66.1,66.1,0.2,90,3653,67.4
2018-03-28,252203,16572456,66.4,64.3,66.2,0.1,172,3653,66.0
2018-03-29,76560,5080648,66.8,66.1,66.3,0.1,68,3653,66.1
2018-03-30,118000,7902400,67.3,66.6,67.0,0.7,94,3653,66.7
2018-03-31,67004,4490668,67.3,66.9,67.2,0.2,53,3653,67.2
2018-04-02,148100,9849620,67.2,66.0,66.5,-0.7,131,3653,66.9
2018-04-03,153125,10080550,66.5,65.2,65.2,-1.3,116,3653,66.5
2018-04-09,141234,9187310,66.4,64.5,64.9,-0.3,107,3653,66.4
2018-04-10,213000,14113600,66.9,65.7,66.2,1.3,173,3653,66.2
2018-04-11,111081,7380162,67.0,65.8,65.8,-0.4,79,3653,66.3
2018-04-12,86243,5708485,66.5,65.9,66.2,0.4,69,3653,66.5
2018-04-13,57000,3777400,66.5,66.2,66.2,0.0,47,3653,66.3
2018-04-16,145277,9716992,67.2,66.4,66.8,0.6,125,3653,67.0
2018-04-17,156122,10367278,67.1,65.4,65.4,-1.4,126,3653,67.1
2018-04-18,112749,7430352,66.4,65.3,65.3,-0.1,101,3653,65.7
2018-04-19,148496,9749037,66.2,65.1,65.4,0.1,135,3653,65.9
2018-04-20,71003,4639408,65.7,65.1,65.6,0.2,64,3653,65.4
2018-04-23,174000,11219200,65.5,63.5,63.5,-2.1,145,3653,65.2
2018-04-24,225521,13956567,63.5,61.0,61.5,-2.0,181,3653,63.5
2018-04-25,151250,9335625,62.8,60.9,62.3,0.8,139,3653,60.9
2018-04-26,186771,11570392,62.5,61.4,61.4,-0.9,162,3653,61.4
2018-04-27,154154,9470655,61.8,61.0,61.8,0.4,124,3653,61.4
2018-04-30,134100,8252950,62.0,60.7,61.8,0.0,128,3653,61.1
2018-05-02,142408,8863036,62.6,61.5,62.5,0.7,117,3653,61.8
2018-05-03,102000,6317800,62.7,61.3,62.1,-0.4,85,3653,61.3
2018-05-04,66230,4129044,62.8,61.5,62.8,0.7,67,3653,61.5
2018-05-07,157500,9983650,64.0,62.5,63.8,1.0,144,3653,62.6
2018-05-08,265000,16657900,64.0,62.2,62.5,-1.3,231,3653,64.0
2018-05-09,502024,30700078,62.4,60.5,61.0,-1.5,410,3653,62.4
2018-05-10,238166,14558291,61.5,60.4,61.4,0.4,207,3653,60.5
2018-05-11,223253,13733534,62.3,61.0,61.8,0.4,193,3653,61.4
2018-05-14,245722,15021523,61.7,60.6,60.7,-1.1,200,3653,61.4
2018-05-15,220469,13340433,61.1,60.1,60.2,-0.5,141,3653,60.7
2018-05-16,252345,15445247,62.0,60.1,61.7,1.5,212,3653,60.2
2018-05-17,232100,14379790,62.7,61.4,62.1,0.4,164,3653,62.0
2018-05-18,389341,24586484,63.7,62.1,63.0,0.9,274,3653,62.1
2018-05-21,2469697,168986361,69.3,63.5,68.1,5.1,1546,3653,63.7
2018-05-22,755424,51171935,69.1,67.1,67.4,-0.7,569,3653,68.1
2018-05-23,370364,24857969,67.9,66.7,67.2,-0.2,254,3653,67.6
2018-05-24,360720,24664660,69.4,67.2,68.0,0.8,297,3653,67.2
2018-05-25,378100,25786040,68.9,67.5,67.5,-0.5,315,3653,68.1
2018-05-28,2044650,146822009,73.6,68.5,71.8,4.3,1450,3653,68.5
2018-05-29,708875,50858248,73.0,70.5,72.0,0.2,478,3653,71.8
2018-05-30,453453,32155043,71.9,70.1,71.4,-0.6,329,3653,71.0
2018-05-31,3426449,255574935,75.9,71.5,74.9,3.5,2143,3653,72.0
2018-06-01,1358526,101818284,76.0,73.8,74.7,-0.2,906,3653,75.5
2018-06-04,2409421,182984414,77.5,74.7,75.4,0.7,1561,3653,75.5
2018-06-05,837595,62754303,75.8,74.5,74.7,-0.7,623,3653,75.4
2018-06-06,964375,71861475,75.7,73.5,73.5,-1.2,710,3653,75.1
2018-06-07,797659,58433379,74.1,72.5,72.6,-0.9,542,3653,73.0
2018-06-08,701154,51192880,74.0,71.9,73.0,0.4,464,3653,74.0
2018-06-11,594464,42969789,73.8,71.3,71.5,-1.5,387,3653,73.2
2018-06-12,628888,44693191,71.8,70.6,71.0,-0.5,403,3653,71.8
2018-06-13,351210,25206210,72.3,71.2,71.2,0.2,232,3653,71.3
2018-06-14,1020425,75011864,74.5,71.9,73.8,2.6,692,3653,71.9
2018-06-15,843180,62211673,75.4,72.4,73.4,-0.4,617,3653,74.9
2018-06-19,584604,41908680,73.9,70.4,70.4,-3.0,369,3653,73.9
2018-06-20,700239,48107947,70.8,67.0,68.8,-1.6,490,3653,70.0
2018-06-21,337557,23385065,70.1,68.8,70.0,1.2,213,3653,68.8
2018-06-22,335464,22990059,70.0,68.0,68.2,-1.8,234,3653,70.0
2018-06-25,165375,11227924,69.0,67.5,67.8,-0.4,129,3653,68.0
2018-06-26,346348,23100075,67.6,66.3,67.0,-0.8,208,3653,67.4
2018-06-27,298285,19913210,67.8,66.0,66.0,-1.0,206,3653,67.0
2018-06-28,280000,18233800,65.8,64.9,65.1,-0.9,214,3653,65.0
2018-06-29,181551,11945499,66.5,65.2,66.1,1.0,132,3653,65.9
2018-07-02,171000,11469700,67.8,66.4,67.1,1.0,141,3653,66.4
2018-07-03,296001,19685766,67.5,65.9,65.9,-1.2,169,3653,67.4
2018-07-04,148000,9824900,67.1,65.9,66.3,0.4,110,3653,66.5
2018-07-05,199100,12998650,66.0,64.9,64.9,-1.4,149,3653,65.8
2018-07-06,260162,16596765,65.4,62.6,64.0,-0.9,168,3653,64.9
2018-07-09,224100,14450230,65.3,64.0,64.3,0.3,138,3653,64.0
2018-07-10,835060,56667650,69.2,66.0,67.5,3.2,642,3653,66.0
2018-07-11,185200,12450260,67.7,66.9,67.3,-0.2,154,3653,67.1
2018-07-12,417103,28665424,69.4,67.0,68.2,0.9,325,3653,67.0
2018-07-13,626750,43814124,70.4,68.7,70.3,2.1,465,3653,69.1
2018-07-16,687150,48967985,72.5,70.3,70.3,0.0,466,3653,70.7
2018-07-17,277512,19320778,70.9,69.1,69.5,-0.8,175,3653,70.6
2018-07-18,176500,12267049,70.3,69.0,69.0,-0.5,135,3653,70.3
2018-07-19,104215,7197135,69.6,68.6,69.0,0.0,88,3653,69.0
2018-07-20,333273,23035545,70.5,68.0,68.3,-0.7,232,3653,69.0
2018-07-23,109525,7466805,68.7,67.8,68.7,0.4,90,3653,68.3
2018-07-24,174389,12158706,70.7,68.3,70.2,1.5,133,3653,68.3
2018-07-25,200911,14055922,70.5,69.6,69.9,-0.3,131,3653,70.5
2018-07-26,533150,37975610,72.0,70.2,71.8,1.9,396,3653,70.3
2018-07-27,1149461,83749798,74.0,71.6,71.8,0.0,802,3653,72.6
2018-07-30,868994,63208168,73.9,71.9,71.9,0.1,572,3653,72.4
2018-07-31,330000,23651700,73.2,70.4,70.7,-1.2,228,3653,73.0
2018-08-01,234809,16689953,71.6,70.8,70.8,0.1,155,3653,71.3
2018-08-02,530000,36719500,71.3,68.5,68.6,-2.2,340,3653,71.2
2018-08-03,307314,21421859,70.2,69.1,69.5,0.9,194,3653,69.8
2018-08-06,307189,21399392,70.7,69.1,69.8,0.3,210,3653,69.6
2018-08-07,336629,22802746,68.4,67.0,67.3,0.0,237,3653,68.1
2018-08-08,150274,10205695,68.3,67.3,67.5,0.2,122,3653,67.3
2018-08-09,208000,14137900,68.8,67.5,67.5,0.0,142,3653,68.4
2018-08-10,175000,11863900,68.3,67.2,67.3,-0.2,130,3653,67.9
2018-08-13,558283,36196695,66.7,63.2,64.0,-3.3,409,3653,66.7
2018-08-14,282303,18048373,64.6,63.5,64.4,0.4,218,3653,64.1
2018-08-15,465628,29679802,64.7,63.0,64.1,-0.3,347,3653,64.5
2018-08-16,269000,17117600,64.3,63.4,63.5,-0.6,213,3653,63.4
2018-08-17,263000,17071700,65.5,63.7,64.5,1.0,210,3653,63.7
2018-08-20,186314,11890464,64.4,63.5,63.9,-0.6,167,3653,64.1
2018-08-21,142303,9159992,65.0,63.6,64.4,0.5,108,3653,63.6
2018-08-22,143100,9215570,65.0,63.8,64.5,0.1,124,3653,64.3
2018-08-23,150000,9680900,65.2,64.0,64.9,0.4,105,3653,64.5
2018-08-24,124100,8014960,65.0,64.0,64.3,-0.6,98,3653,65.0
2018-08-27,121154,7792202,64.9,64.2,64.3,0.0,111,3653,64.9
2018-08-28,198323,12935829,65.8,64.8,65.0,0.7,140,3653,64.8
2018-08-29,159500,10454999,65.8,65.0,65.6,0.6,128,3653,65.3
2018-08-30,204048,13476272,66.3,65.7,66.1,0.5,130,3653,66.0
2018-08-31,154400,10180900,66.5,65.5,65.6,-0.5,122,3653,66.3
2018-09-03,1893590,131350110,70.8,65.9,69.1,3.5,1408,3653,65.9
2018-09-04,1277346,89454880,70.7,68.5,70.0,0.9,960,3653,69.0
2018-09-05,5995679,456251983,77.0,72.5,77.0,7.0,3257,3653,72.5
2018-09-06,21127997,1743650425,84.7,78.5,84.7,7.7,11328,3653,78.5
2018-09-07,11547178,985213558,87.3,83.0,84.0,-0.7,7505,3653,87.0
2018-09-10,5243946,430093966,85.7,79.4,80.6,-3.4,3075,3653,85.1
2018-09-11,14641142,1238533923,87.5,78.8,79.1,-1.5,9594,3653,82.4
2018-09-12,5666501,446586625,80.4,77.2,79.5,0.4,3875,3653,80.2
2018-09-13,8292201,675350494,84.3,77.9,78.6,-0.9,5821,3653,81.4
2018-09-14,4139397,334195827,82.8,78.1,82.4,3.8,3044,3653,79.2
2018-09-17,20530297,1822349097,90.6,83.6,90.6,8.2,10284,3653,84.7
2018-09-18,12775193,1137080612,91.5,85.0,85.5,-5.1,7462,3653,90.9
2018-09-19,6413075,558655950,88.4,85.4,85.6,0.1,3910,3653,86.9
2018-09-20,13659359,1149152571,88.9,77.1,77.1,-8.5,8093,3653,85.7
2018-09-21,8896584,707794791,82.4,77.1,81.3,4.2,5861,3653,78.7
2018-09-25,4016435,327444874,82.9,78.9,81.3,0.0,2536,3653,81.3
2018-09-26,3678685,298968111,82.9,78.1,82.3,1.0,2756,3653,80.5
2018-09-27,2814171,232090097,83.9,80.8,81.3,-1.0,1920,3653,80.8
2018-09-28,1983541,162568912,83.4,80.7,81.0,-0.3,1297,3653,81.5
2018-10-01,4030723,326041778,83.5,78.1,83.4,2.4,2720,3653,80.0
2018-10-02,3372775,274241742,83.7,79.3,79.5,-3.9,2433,3653,83.6
2018-10-03,4751557,366000328,78.9,74.6,75.5,-4.0,3388,3653,78.5
2018-10-04,2396848,176076715,75.3,72.3,72.8,-2.7,1847,3653,74.7
2018-10-05,3028106,213940620,73.7,68.1,70.0,-2.8,2107,3653,72.8
2018-10-08,1198023,82292887,70.5,67.6,68.4,-1.6,868,3653,69.1
2018-10-09,1896327,127562836,69.3,65.5,66.5,-1.9,1234,3653,69.0
2018-10-11,2894450,173813235,60.9,59.9,59.9,-6.6,1486,3653,60.0
2018-10-12,1654330,100615960,62.0,58.8,61.9,2.0,1233,3653,60.8
2018-10-15,848805,51852583,62.0,60.5,61.0,-0.9,612,3653,61.1
2018-10-16,795100,49107070,62.7,60.9,61.6,0.6,573,3653,60.9
2018-10-17,2441405,159077162,66.6,64.0,65.1,3.5,1899,3653,64.9
2018-10-18,857000,54609300,65.1,62.7,64.0,-1.1,714,3653,64.1
2018-10-19,906000,56073100,63.1,60.7,63.1,-0.9,655,3653,63.0
2018-10-22,716705,45501271,65.0,61.3,64.8,1.7,592,3653,61.3
2018-10-23,721350,45559550,64.4,62.5,63.0,-1.8,579,3653,63.9
2018-10-24,1396204,86405667,63.2,60.6,61.5,-1.5,983,3653,63.0
2018-10-25,1979468,112161776,58.2,55.5,56.4,-5.1,1253,3653,56.8
2018-10-26,1336568,73707869,57.8,53.3,53.8,-2.6,1022,3653,57.1
2018-10-29,1353060,71647886,55.0,52.0,52.8,-1.0,921,3653,54.3
2018-10-30,1874203,95678956,52.4,50.0,52.2,-0.6,1225,3653,52.3
2018-10-31,2095270,117987098,57.4,52.8,57.4,5.2,1364,3653,52.8
2018-11-01,3523400,214636300,63.1,57.7,63.0,5.6,2416,3653,58.1
2018-11-02,3594505,232922073,66.5,63.0,65.0,2.0,2397,3653,63.9
2018-11-05,841099,54826655,66.6,64.2,64.2,-0.8,622,3653,64.2
2018-11-06,586140,37407190,65.3,62.7,63.1,-1.1,503,3653,64.2
2018-11-07,822000,52976700,65.4,63.0,64.6,1.5,562,3653,63.6
2018-11-08,3603300,249720110,71.0,66.4,67.8,3.2,2279,3653,67.0
2018-11-09,1108000,73577800,67.9,65.1,65.4,-2.4,865,3653,67.8
2018-11-12,934100,62463150,68.0,65.6,66.1,0.7,751,3653,66.0
2018-11-13,703686,45043620,65.3,62.5,64.8,-1.3,552,3653,63.5
2018-11-14,1105250,74226200,68.6,65.5,65.6,0.8,844,3653,66.5
2018-11-15,424038,28191560,67.6,65.5,66.1,0.5,346,3653,66.5
2018-11-16,471158,31501770,67.4,66.2,66.9,0.8,375,3653,67.0
2018-11-19,1069275,73361656,69.4,66.9,69.2,2.3,782,3653,66.9
2018-11-20,609335,41391912,69.0,67.0,67.5,-1.7,452,3653,69.0
2018-11-21,503409,34206651,68.7,66.2,68.1,0.6,377,3653,66.6
2018-11-22,450110,30424582,68.8,66.2,66.2,-1.9,389,3653,68.5
2018-11-23,465150,31211980,68.1,66.3,67.1,0.9,348,3653,66.8
2018-11-26,1171250,80735824,69.9,67.5,68.5,1.4,773,3653,67.9
2018-11-27,1085010,75413002,70.7,67.9,70.2,1.7,792,3653,69.0
2018-11-28,3264259,251445291,77.2,75.8,77.2,7.0,1410,3653,75.8
2018-11-29,4611712,357323369,78.6,75.1,75.1,-2.1,3077,3653,78.1
2018-11-30,1459821,110620743,77.1,74.5,74.6,-0.5,1004,3653,75.8
2018-12-03,1638358,125008993,77.8,75.1,75.2,0.6,1211,3653,77.0
2018-12-04,1008742,76815921,77.3,75.5,76.0,0.8,886,3653,77.0
2018-12-05,1637072,118078547,74.7,70.0,71.0,-5.0,1209,3653,74.5
2018-12-06,1286617,88712404,72.0,67.4,68.0,-3.0,965,3653,71.2
2018-12-07,4968994,369459950,74.8,71.0,74.8,6.8,3068,3653,71.5
2018-12-10,1988370,146115605,74.5,72.0,73.5,-1.3,1557,3653,74.5
2018-12-11,8466296,672793211,80.8,74.3,80.8,7.3,4904,3653,74.5
2018-12-12,7128293,577114833,81.7,79.3,80.8,0.0,4643,3653,80.8
2018-12-13,7802766,634069548,84.6,78.2,78.2,-2.6,5676,3653,83.1
2018-12-14,3085590,242335842,79.8,77.4,77.5,-0.7,2274,3653,78.3
2018-12-17,3705485,297202827,81.2,78.3,81.2,3.7,2830,3653,78.8
2018-12-18,3685589,294773847,81.9,78.2,78.5,-2.7,2685,3653,81.2
2018-12-19,2470768,196707472,81.1,78.2,78.6,0.1,1890,3653,79.3
2018-12-20,2206390,171394046,79.9,75.3,76.7,-1.9,1678,3653,78.6
2018-12-21,3878833,307566071,80.9,76.5,79.8,3.1,2941,3653,78.2
2018-12-22,2985168,239743957,81.4,79.2,79.2,-0.6,2293,3653,79.7
2018-12-24,3857099,311833734,82.2,78.6,81.3,2.1,2856,3653,80.0
2018-12-25,3297594,261217401,81.0,77.2,78.8,-2.5,2485,3653,80.3
2018-12-26,3591870,275183602,79.5,75.0,75.0,-3.8,2627,3653,79.0
2018-12-27,2128633,163364896,77.9,75.9,76.5,1.5,1447,3653,77.5
2018-12-28,5580323,442798594,80.4,78.2,78.2,1.7,3486,3653,78.5
2019-01-02,1123429,87689502,79.2,77.3,77.5,-0.7,866,3653,78.3
2019-01-03,1523561,115286347,76.9,75.0,75.6,-1.9,1145,3653,76.5
2019-01-04,1271000,93451000,75.4,71.8,75.4,-0.2,961,3653,74.0
2019-01-07,1861815,145658256,79.6,76.5,78.7,3.3,1444,3653,77.1
2019-01-08,7633772,622440390,82.7,79.3,81.6,2.9,5000,3653,80.0
2019-01-09,5835753,487474871,85.0,81.8,83.7,2.1,3964,3653,81.8
2019-01-10,4004000,336474197,85.8,82.7,84.2,0.5,2628,3653,85.4
2019-01-11,2485409,208269510,84.8,82.8,83.5,-0.7,1708,3653,84.6
2019-01-14,4485330,379445990,86.9,82.2,82.2,-1.3,3337,3653,85.5
2019-01-15,2506580,207698586,83.8,81.0,83.5,1.3,1720,3653,82.0
2019-01-16,1469630,122511347,84.2,82.5,83.1,-0.4,1137,3653,84.0
2019-01-17,1307401,107564881,83.8,81.6,82.2,-0.9,1010,3653,83.8
2019-01-18,1269236,103421352,83.1,80.6,81.5,-0.7,900,3653,83.1
2019-01-21,876995,71777195,82.7,81.2,81.5,0.0,614,3653,82.5
2019-01-22,1629646,134205148,83.6,81.2,81.2,-0.3,1154,3653,81.3
2019-01-23,706211,57123969,81.6,79.8,81.4,0.2,557,3653,80.5
2019-01-24,1326300,108654000,82.8,81.0,81.0,-0.4,912,3653,81.8
2019-01-25,5150014,436061982,86.0,81.8,85.0,4.0,3688,3653,82.4
2019-01-28,3055274,261863175,87.2,84.8,85.0,0.0,2051,3653,86.5
2019-01-29,1452778,120818306,84.4,82.0,82.0,-3.0,1054,3653,84.4
2019-01-30,2798926,235474219,85.6,82.6,83.8,1.8,2024,3653,83.0
2019-02-11,5706489,501978210,90.3,84.3,89.5,5.7,3867,3653,85.3
2019-02-12,2298084,204242789,89.6,88.1,89.6,0.1,1638,3653,89.5
2019-02-13,6531348,600634287,95.3,88.2,88.2,-1.4,4689,3653,90.0
2019-02-14,10257492,980628124,97.0,91.4,97.0,8.8,5012,3653,91.9
2019-02-15,9093899,904519002,101.5,97.2,98.3,1.3,6128,3653,99.5
2019-02-18,4949253,502926706,104.0,99.6,102.0,3.7,3639,3653,101.0
2019-02-19,3399110,339229160,101.5,99.0,99.2,-2.8,2119,3653,101.5
2019-02-20,4541634,452270522,102.5,96.7,98.9,-0.3,3432,3653,100.5
2019-02-21,3972489,396719422,102.0,98.0,98.0,-0.9,2687,3653,99.1
2019-02-22,3969368,398984547,102.0,98.1,102.0,4.0,2762,3653,99.0
2019-02-25,7543636,766111283,106.5,98.5,99.2,-2.8,5352,3653,104.0
2019-02-26,3081202,300868767,100.5,95.7,96.5,-2.7,2342,3653,99.6
2019-02-27,2327409,219405355,96.9,93.1,94.6,-1.9,1858,3653,96.8
2019-03-04,2607615,249169498,97.6,93.6,97.4,2.8,1960,3653,95.0
2019-03-05,2410857,232932626,98.2,95.2,96.0,-1.4,1628,3653,95.3
2019-03-06,7952851,796451167,103.0,95.7,100.0,4.0,5453,3653,95.8
2019-03-07,4284004,431818604,103.0,98.5,101.5,1.5,3092,3653,100.5
2019-03-08,1964814,196703714,102.5,98.4,102.0,0.5,1495,3653,100.0
2019-03-11,1527238,155050416,103.5,100.0,100.5,-1.5,1140,3653,100.5
2019-03-12,1688560,169310905,102.5,99.0,99.0,-1.5,1228,3653,102.0
2019-03-13,1573828,155444728,100.5,97.6,97.6,-1.4,1245,3653,99.5
2019-03-14,1838540,182666890,101.0,97.6,99.0,1.4,1365,3653,98.0
2019-03-15,12347647,1321386687,108.5,101.0,108.5,9.5,5895,3653,102.0
2019-03-18,14688444,1674447769,119.0,109.0,115.5,7.0,9629,3653,110.5
2019-03-19,5486812,629888380,117.5,113.0,115.0,-0.5,3780,3653,113.5
2019-03-20,8926291,1083212920,123.5,118.5,120.5,5.5,5804,3653,119.0
2019-03-21,4549233,550874960,123.0,119.0,121.0,0.5,3099,3653,121.0
2019-03-22,8922196,1036615344,124.5,111.0,114.5,-6.5,5983,3653,123.0
2019-03-25,5189542,584979596,116.0,108.5,115.5,1.0,3564,3653,111.0
2019-03-26,2504565,288801910,117.5,114.0,114.5,-1.0,1598,3653,117.5
2019-03-27,3995682,445767403,115.0,108.5,113.5,-1.0,2961,3653,115.0
2019-03-28,3890883,448979484,118.0,111.5,115.5,2.0,2651,3653,112.0
2019-03-29,2701042,311384788,116.5,114.0,115.0,-0.5,1932,3653,114.0
2019-04-01,3417229,400969904,120.0,113.0,118.0,3.0,2479,3653,116.5
2019-04-02,10154426,1282792150,129.5,118.5,129.5,11.5,6405,3653,118.5
2019-04-03,4598544,596846220,132.0,127.5,131.0,1.5,3220,3653,131.0
2019-04-08,2693992,353577968,133.0,128.0,129.0,-2.0,2096,3653,133.0
2019-04-09,2971873,372558879,131.5,123.0,123.0,-6.0,2378,3653,129.5
2019-04-10,4260855,508653955,125.0,116.5,120.5,-2.5,3415,3653,123.5
2019-04-11,2363511,282511798,121.5,117.0,118.0,-2.5,1623,3653,121.0
2019-04-12,3158488,374381596,121.0,117.0,117.0,-1.0,2191,3653,118.0
2019-04-15,8510688,1049748500,128.0,117.0,125.0,8.0,6184,3653,118.0
2019-04-16,3156532,389771436,126.5,121.5,124.0,-1.0,2392,3653,126.5
2019-04-17,5610807,713763276,130.0,122.5,125.5,1.5,4165,3653,124.0
2019-04-18,3980759,504811198,130.5,123.0,125.0,-0.5,2932,3653,126.0
2019-04-19,11682592,1534926276,136.0,127.5,128.0,3.0,8161,3653,128.0
2019-04-22,2475264,316964056,130.0,126.0,129.5,1.5,1881,3653,129.0
2019-04-23,3587420,443068080,129.5,120.0,123.0,-6.5,2692,3653,129.5
2019-04-24,3903237,476855317,125.0,119.0,119.5,-3.5,2759,3653,125.0
2019-04-25,6377643,727329159,118.5,111.5,112.5,-7.0,4341,3653,118.0
2019-04-26,3439360,388139680,114.0,111.0,112.5,0.0,2533,3653,111.5
2019-04-29,3886421,434914994,115.0,108.0,113.5,1.0,2513,3653,113.0
2019-04-30,3524458,406886586,118.0,111.5,117.0,3.5,2528,3653,113.5
2019-05-02,2765760,324947680,119.0,115.0,118.5,1.5,1974,3653,116.5
2019-05-03,2268177,266857886,119.5,116.0,118.0,-0.5,1594,3653,118.0
2019-05-06,1443936,166091169,117.0,113.5,114.5,-3.5,998,3653,115.0
2019-05-07,2789489,322121979,116.5,113.5,115.0,0.5,2159,3653,115.0
2019-05-08,6289861,682303210,112.5,104.5,109.0,-6.0,4392,3653,111.5
2019-05-09,5822133,606527627,109.0,100.5,102.0,-7.0,3763,3653,108.0
2019-05-10,4600721,467403378,104.5,99.5,101.0,-1.0,3053,3653,104.5
2019-05-13,1858470,188038470,103.5,99.5,99.5,-1.5,1317,3653,101.5
2019-05-14,2469383,243993591,101.5,94.5,100.5,1.0,1776,3653,97.3
2019-05-15,2740050,279742725,104.5,101.0,101.0,0.5,1690,3653,101.5
2019-05-16,3018502,307365802,104.0,99.6,99.6,-1.4,2003,3653,101.5
2019-05-17,2357050,235131240,102.5,97.0,97.5,-2.1,1632,3653,102.5
2019-05-20,2152200,211431000,101.0,94.1,100.5,3.0,1636,3653,98.0
2019-05-21,4572011,477890166,107.5,99.6,106.0,5.5,3063,3653,100.5
2019-05-22,3355696,352446492,107.0,101.5,102.0,-4.0,2353,3653,105.0
2019-05-23,1827199,186177597,103.5,99.6,103.0,1.0,1423,3653,101.0
2019-05-24,1374900,141917350,104.5,101.0,101.0,-2.0,1060,3653,103.0
2019-05-27,1849050,191384150,105.0,101.0,104.0,3.0,1383,3653,102.5
2019-05-28,2794010,293733050,106.5,103.5,105.0,1.0,2090,3653,105.5
2019-05-29,7521130,813034300,110.0,105.5,110.0,5.0,5378,3653,107.0
2019-05-30,6698073,741188884,113.5,107.5,107.5,-2.5,4544,3653,109.5
2019-05-31,3895155,430977936,112.5,107.0,112.5,5.0,3002,3653,107.0
2019-06-03,5672437,650683972,117.0,110.5,115.5,3.0,4069,3653,112.0
2019-06-04,3026820,347274300,116.0,113.0,116.0,0.5,2063,3653,115.0
2019-06-05,5121920,581438880,119.0,109.5,113.5,-2.5,3590,3653,118.5
2019-06-06,1918221,213552919,113.5,110.0,110.0,-3.5,1367,3653,112.0
2019-06-10,6464695,766688095,121.0,112.5,121.0,11.0,4357,3653,112.5
2019-06-11,5879769,719865818,124.5,120.0,123.0,2.0,4259,3653,122.0
2019-06-12,2044590,249333980,123.5,120.5,121.0,-2.0,1385,3653,122.5
2019-06-13,3237034,382156012,120.5,116.5,118.0,-3.0,2331,3653,120.0
2019-06-14,1798835,210417775,119.0,115.5,116.0,-2.0,1313,3653,117.5
2019-06-17,1499437,177626566,120.0,116.5,118.0,2.0,1170,3653,116.5
2019-06-18,2153004,248945460,118.5,113.5,115.5,-2.5,1653,3653,118.0
2019-06-19,4730198,567726260,121.5,117.5,120.0,4.5,3255,3653,117.5
2019-06-20,2756226,334600798,122.5,118.5,122.5,2.5,1943,3653,119.5
2019-06-21,2664010,321467200,124.0,119.0,120.0,-2.5,1872,3653,123.0
2019-06-24,1245345,147390572,120.0,116.0,120.0,0.0,898,3653,120.0
2019-06-25,1207135,142515295,120.5,116.5,116.5,-3.5,957,3653,119.0
2019-06-26,887150,104009850,118.5,115.5,118.0,1.5,620,3653,116.5
2019-06-27,1038070,123552830,120.0,117.5,120.0,2.0,741,3653,118.5
2019-06-28,977000,116328000,121.0,118.0,118.0,-2.0,706,3653,120.0
2019-07-01,5572016,699074500,128.5,119.5,125.0,7.0,3847,3653,120.5
2019-07-02,2029093,254237625,127.0,123.0,126.0,1.0,1506,3653,125.0
2019-07-03,2787843,338232160,125.5,118.5,119.5,-6.5,1933,3653,125.0
2019-07-04,3049200,358221499,121.5,115.5,117.0,-2.5,2305,3653,121.0
2019-07-05,1562470,183126224,118.5,116.5,116.5,-0.5,1193,3653,117.0
2019-07-08,743108,86974189,118.0,116.0,117.0,0.5,568,3653,116.5
2019-07-09,1604095,184416925,118.0,113.5,114.5,-2.5,1169,3653,117.5
2019-07-10,3336873,398205760,121.0,115.0,121.0,6.5,2620,3653,115.5
2019-07-11,2128588,258422648,123.0,120.0,121.0,0.0,1598,3653,122.0
2019-07-12,1448381,174243839,123.0,118.0,118.5,-2.5,1088,3653,121.0
2019-07-15,5537350,690079950,127.5,118.5,127.5,9.0,3955,3653,119.0
2019-07-16,6402710,825759380,131.5,126.0,128.0,0.5,4877,3653,128.5
2019-07-17,3890567,504280924,131.5,127.0,130.5,2.5,3004,3653,129.0
2019-07-18,3584404,471433925,134.0,129.0,134.0,3.5,2708,3653,131.0
2019-07-19,3768273,501535895,137.0,131.0,132.0,-2.0,2770,3653,136.5
2019-07-22,5481782,756178357,141.5,132.0,141.0,9.0,3898,3653,132.0
2019-07-23,6810279,965373281,147.5,137.0,140.0,-1.0,4850,3653,141.0
2019-07-24,3588506,495850822,142.5,136.0,137.0,-3.0,2537,3653,141.0
2019-07-25,2059050,282954850,139.5,136.0,137.5,0.5,1649,3653,139.0
2019-07-26,2530444,349798884,141.5,135.5,135.5,-2.0,2049,3653,139.0
2019-07-29,1559192,211661920,138.0,134.0,135.5,0.0,1203,3653,137.0
2019-07-30,4003538,526121706,138.0,129.0,129.5,-6.0,2075,3653,137.0
2019-07-31,3959168,509729340,131.5,124.0,128.0,0.0,2153,3653,126.0
2019-08-01,2514989,328040059,133.0,125.5,130.5,2.5,1922,3653,125.5
2019-08-02,3082908,388421454,130.0,124.0,124.0,-6.5,2095,3653,127.0
2019-08-05,1717763,213853875,127.0,122.0,124.5,0.5,1287,3653,123.0
2019-08-06,2626878,323723384,128.0,118.0,128.0,3.5,1909,3653,120.0
2019-08-07,4324255,563187660,133.0,126.0,132.0,4.0,3173,3653,127.0
2019-08-08,10020186,1423523784,145.0,131.5,145.0,13.0,6625,3653,131.5
2019-08-12,5659833,827543619,151.5,142.0,142.5,-2.5,4147,3653,148.0
2019-08-13,4097600,581623400,147.5,138.5,139.0,-3.5,3159,3653,142.5
2019-08-14,4272478,615344569,146.5,140.5,145.0,6.0,3394,3653,142.0
2019-08-15,4505072,655326156,148.5,140.5,148.0,3.0,3177,3653,141.5
2019-08-16,4284083,640157652,153.5,145.5,153.5,5.5,3119,3653,148.0
2019-08-19,2700763,412289213,155.5,151.0,151.5,-2.0,2152,3653,154.5
2019-08-20,3323869,504740044,156.0,148.0,148.5,-3.0,2495,3653,152.5
2019-08-21,1891813,283038637,151.0,148.5,149.5,1.0,1453,3653,149.0
2019-08-22,2829601,430423848,154.5,150.0,150.5,1.0,2167,3653,152.0
2019-08-23,3958068,610567133,158.5,151.0,157.0,6.5,2725,3653,153.5
2019-08-26,6273215,920081777,153.0,143.0,144.5,-12.5,4446,3653,152.0
2019-08-27,2179634,319894698,148.5,145.0,146.5,2.0,1737,3653,146.5
2019-08-28,1361775,198379261,148.0,144.0,145.0,-1.5,1142,3653,147.5
2019-08-29,1580655,233837095,150.0,144.0,150.0,5.0,1300,3653,146.5
2019-08-30,3400059,508387673,154.5,145.0,147.0,-3.0,2490,3653,153.0
2019-09-02,2308276,330576968,146.0,141.0,144.0,-3.0,1813,3653,145.0
2019-09-03,2839621,400256247,145.5,139.0,140.5,-3.5,1990,3653,144.0
2019-09-04,3219894,447193211,142.5,136.5,139.5,-1.0,2409,3653,140.0
2019-09-05,2003517,280146672,141.5,138.0,141.5,2.0,1573,3653,141.0
2019-09-06,2286060,318035869,142.5,137.0,138.5,-3.0,1733,3653,142.0
2019-09-09,2738030,370067610,139.5,133.0,134.5,-4.0,1822,3653,139.5
2019-09-10,2106680,283950980,136.5,132.5,136.0,1.5,1481,3653,135.0
2019-09-11,2351676,316625096,137.0,133.0,134.0,-2.0,1641,3653,136.0
2019-09-12,3060204,422189456,139.5,134.5,139.0,5.0,2435,3653,135.0
2019-09-16,1697031,234748840,140.5,136.0,139.0,0.0,1320,3653,138.0
2019-09-17,5413511,717085441,138.0,129.5,130.5,-8.5,3990,3653,137.5
2019-09-18,4237634,567451769,137.0,128.0,134.5,4.0,3248,3653,130.0
2019-09-19,6101073,850120366,142.0,134.0,142.0,7.5,4605,3653,134.0
2019-09-20,4069877,580411788,144.5,139.0,143.0,1.0,3088,3653,142.0
2019-09-23,2117807,303746401,145.0,141.5,142.0,-1.0,1763,3653,142.0
2019-09-24,2438390,342327621,145.0,137.0,137.0,-5.0,1890,3653,142.0
2019-09-25,3635185,484205290,138.0,131.0,132.5,-4.5,2460,3653,137.0
2019-09-26,2821060,372641509,134.5,130.0,131.0,-1.5,2158,3653,134.0
2019-09-27,4501670,575648110,132.5,124.5,127.5,-3.5,2922,3653,131.5
2019-10-01,1178336,151557508,130.0,127.5,128.0,0.5,886,3653,129.0
2019-10-02,2261103,293317441,132.0,127.0,128.5,0.5,1609,3653,129.0
2019-10-03,2486665,322301780,132.0,125.0,131.5,3.0,1739,3653,125.0
2019-10-04,5424364,733995368,137.5,131.5,137.5,6.0,3512,3653,132.5
2019-10-07,6645470,942383800,144.5,137.0,140.0,2.5,4735,3653,137.0
2019-10-08,2735680,384438040,143.5,138.5,140.5,0.5,1958,3653,141.0
2019-10-09,1640330,229466870,141.5,138.5,139.0,-1.5,1134,3653,140.0
2019-10-14,3919006,566595358,147.5,143.0,144.0,5.0,2730,3653,145.0
2019-10-15,2303931,332068271,146.5,141.5,142.0,-2.0,1674,3653,144.0
2019-10-16,5058680,727689200,148.0,139.0,139.0,-3.0,3469,3653,144.0
2019-10-17,2823167,390747547,141.5,135.5,141.0,2.0,2087,3653,139.5
2019-10-18,2418391,335095849,142.0,137.0,138.0,-3.0,1696,3653,140.0
2019-10-21,1582550,218420850,140.5,136.5,137.5,-0.5,1084,3653,138.5
2019-10-22,2178421,299451098,139.5,136.0,138.0,0.5,1473,3653,138.5
2019-10-23,4277166,602561906,142.5,138.5,142.0,4.0,3165,3653,138.5
2019-10-24,14289019,2126522850,155.0,142.5,150.0,8.0,9928,3653,144.0
2019-10-25,5053743,756080074,152.0,147.0,149.5,-0.5,3536,3653,151.0
2019-10-28,15917675,2535605700,164.0,151.5,164.0,14.5,8763,3653,154.0
2019-10-29,20371218,3420442970,174.5,162.5,165.0,1.0,13232,3653,165.0
2019-10-30,6367630,1061517580,170.0,164.0,166.5,1.5,4537,3653,166.5
2019-10-31,5950838,995556622,170.0,163.5,170.0,3.5,3777,3653,165.0
2019-11-01,3571134,599661710,170.0,166.0,170.0,0.0,2396,3653,168.0
2019-11-04,4865764,814677824,171.5,165.5,166.0,-4.0,3032,3653,170.0
2019-11-05,14062220,2505690137,182.5,169.0,182.5,16.5,9178,3653,169.0
2019-11-06,16074430,2990633340,192.5,179.5,188.0,5.5,11327,3653,183.0
2019-11-07,11674291,2221322745,195.0,184.5,195.0,7.0,8348,3653,186.5
2019-11-08,8814942,1681930980,194.0,186.5,190.0,-5.0,6644,3653,192.0
2019-11-11,6944347,1267931779,189.0,179.0,180.0,-10.0,4761,3653,185.5
2019-11-12,4458864,815211884,185.0,181.0,182.0,2.0,2938,3653,182.0
2019-11-13,3146664,575168176,185.5,178.5,184.5,2.5,2298,3653,180.0
2019-11-14,7821324,1442694648,191.0,178.5,179.5,-5.0,5913,3653,186.0
2019-11-15,8865059,1675702387,197.0,178.5,194.0,14.5,6747,3653,178.5
2019-11-18,6715764,1256159604,194.5,184.5,185.0,-9.0,4861,3653,193.5
2019-11-19,4522212,831539322,188.5,180.0,182.5,-2.5,3551,3653,186.0
2019-11-20,4283940,771241989,184.0,177.0,184.0,1.5,3065,3653,181.0
2019-11-21,2877685,525188725,185.0,179.0,185.0,1.0,2196,3653,180.0
2019-11-22,5858062,1093311000,191.0,184.0,184.0,-1.0,4379,3653,186.0
2019-11-25,3336879,618634310,188.5,181.5,187.5,3.5,2396,3653,184.0
2019-11-26,14572292,2895571241,205.0,188.5,199.5,12.0,10051,3653,189.5
2019-11-27,11234431,2268465269,209.0,196.0,199.0,-0.5,8759,3653,200.0
2019-11-28,2741633,546189015,202.0,197.5,197.5,-1.5,2168,3653,200.0
2019-11-29,6429273,1283161054,205.0,194.5,195.0,-2.5,4872,3653,200.5
2019-12-02,3385263,651917522,196.5,188.0,194.0,-1.0,2389,3653,194.5
2019-12-03,2780638,527741118,194.0,187.0,187.5,-6.5,2228,3653,191.0
2019-12-04,5113960,944455440,190.5,181.0,189.0,1.5,3708,3653,184.5
2019-12-05,3342473,624372265,190.5,185.0,185.0,-4.0,2750,3653,189.0
2019-12-06,4049021,761627406,191.0,183.5,187.0,2.0,3076,3653,185.0
2019-12-09,1927744,363310743,191.0,186.5,188.5,1.5,1496,3653,188.0
2019-12-10,2836745,541156040,193.5,186.0,192.5,4.0,2114,3653,187.0
2019-12-11,4011947,777013295,196.0,192.0,192.0,-0.5,2967,3653,192.5
2019-12-12,10845092,2197376992,209.5,192.5,202.0,10.0,7697,3653,193.5
2019-12-13,9852763,2003624451,213.0,197.5,198.5,-3.5,7059,3653,209.0
2019-12-16,3361657,677776900,204.5,198.0,201.5,3.0,2538,3653,198.5
2019-12-17,2752210,560077420,207.0,201.0,202.0,0.5,2142,3653,202.0
2019-12-18,2151364,434272977,204.5,199.5,200.5,-1.5,1601,3653,203.5
2019-12-19,2168468,432491632,202.5,196.5,199.0,-1.5,1728,3653,202.0
2019-12-20,4099119,833242325,206.5,197.0,205.0,6.0,3154,3653,199.5
2019-12-23,8705938,1824501356,214.0,203.5,212.0,7.0,6359,3653,206.0
2019-12-24,4304797,908514650,214.0,207.5,214.0,2.0,3242,3653,214.0
2019-12-25,3759439,800402885,215.0,209.0,215.0,1.0,2758,3653,212.0
2019-12-26,9589802,2136862158,231.0,214.0,229.5,14.5,7184,3653,216.0
2019-12-27,4548674,1027616324,229.5,223.5,226.0,-3.5,3344,3653,229.0
2019-12-30,4360505,1000842645,234.5,224.5,229.0,3.0,3259,3653,224.5
2019-12-31,3361171,775935014,234.5,226.0,234.5,5.5,2591,3653,227.0
2020-02-03,2830743,571891544,208.0,194.0,208.0,-1.0,2303,3653,202.5
2020-02-04,2335250,488498500,212.0,206.5,208.5,0.5,1776,3653,209.0
2020-02-05,2656164,556199537,215.0,204.5,204.5,-4.0,2292,3653,213.0
2020-02-06,4806117,1037905240,222.0,206.0,220.0,15.5,3855,3653,206.0
2020-02-07,2922176,631117071,220.0,212.0,213.5,-6.5,2412,3653,216.0
2020-02-10,6081859,1328744903,223.5,213.0,215.0,1.5,4822,3653,213.5
2020-02-11,4462707,993926489,227.0,218.0,227.0,12.0,3675,3653,219.5
2020-02-12,5929243,1367175234,235.0,226.0,235.0,8.0,4379,3653,228.0
2020-02-13,8554944,2010185586,241.5,228.0,230.5,-4.5,6123,3653,234.0
2020-02-14,3157336,741590293,237.5,230.5,237.5,7.0,2482,3653,230.5
2020-02-17,2660570,623956310,238.5,231.0,233.0,-4.5,2153,3653,237.5
2020-02-18,2992295,699848940,238.0,229.5,233.0,0.0,2336,3653,231.5
2020-02-19,5356549,1277225760,241.0,234.5,240.0,7.0,3988,3653,235.0
2020-02-20,4535098,1075428030,243.5,234.0,235.0,-5.0,3528,3653,242.0
2020-02-21,2000590,465473790,236.0,231.0,231.0,-4.0,1585,3653,235.0
2020-02-24,2950959,664041152,228.5,223.0,226.0,-5.0,2468,3653,226.5
2020-02-25,3012535,682752445,231.0,221.0,226.5,0.5,2365,3653,221.5
2020-02-26,2061261,467262964,229.5,223.5,224.0,-2.5,1730,3653,224.5
2020-02-27,4234233,914076930,227.0,209.0,209.0,-15.0,3184,3653,227.0
2020-03-02,3966796,841708232,218.0,200.5,215.0,6.0,2912,3653,203.5
2020-03-03,4423469,952026459,222.0,209.5,210.5,-4.5,3289,3653,220.5
2020-03-04,3167770,655787160,211.5,204.0,206.0,-4.5,2500,3653,210.5
2020-03-05,4016134,854519374,215.0,209.0,215.0,9.0,2956,3653,210.0
2020-03-06,3189585,668010350,213.0,206.5,207.5,-7.5,2467,3653,212.0
2020-03-09,3638659,733246300,205.5,198.0,198.0,-9.5,2691,3653,202.5
2020-03-10,4289857,861972606,205.5,195.0,205.5,7.5,3141,3653,195.0
2020-03-11,5461987,1077447030,208.0,189.5,189.5,-16.0,4231,3653,206.0
2020-03-12,8138551,1433163221,186.0,171.0,171.0,-18.5,5148,3653,186.0
2020-03-13,7693896,1199666994,163.5,154.0,160.5,-10.5,4204,3653,155.0
2020-03-16,5103429,805029850,165.0,149.5,149.5,-11.0,3398,3653,157.5
2020-03-17,5818305,849669959,153.0,141.0,142.5,-7.0,4014,3653,141.0
2020-03-18,8006371,1180599182,152.5,141.5,142.0,-0.5,5769,3653,146.0
2020-03-19,5584651,735472328,142.0,128.0,128.0,-14.0,3173,3653,141.0
2020-03-20,7358587,995855710,139.5,130.0,134.5,6.5,4783,3653,134.0
2020-03-23,3501420,434431628,128.5,121.5,125.0,-9.5,2526,3653,122.0
2020-03-24,2733200,371792999,137.5,132.5,137.5,12.5,1622,3653,135.0
2020-03-25,1917205,287023955,151.0,147.5,151.0,13.5,1131,3653,148.0
2020-03-26,10031814,1565950896,165.5,145.5,162.0,11.0,7839,3653,155.0
2020-03-27,12563686,2138268492,174.5,165.5,172.5,10.5,9398,3653,166.5
2020-03-30,5828230,994056088,176.5,166.5,176.5,4.0,4322,3653,167.0
2020-03-31,6536746,1130696550,181.0,169.5,172.0,-4.5,4808,3653,181.0
2020-04-01,4761150,820646900,176.0,167.0,173.5,1.5,3485,3653,172.0
2020-04-06,4637463,818586266,180.5,171.5,180.0,6.5,3375,3653,176.0
2020-04-07,4730119,903425280,197.5,183.0,191.5,11.5,3703,3653,184.5
2020-04-08,3825005,747407975,200.5,190.5,191.0,-0.5,3061,3653,198.5
2020-04-09,2862117,542547762,195.0,185.0,185.0,-6.0,2111,3653,193.0
2020-04-10,4846120,929204780,195.5,185.0,190.5,5.5,3936,3653,185.0
2020-04-13,4143381,796469814,196.5,187.0,188.0,-2.5,3493,3653,193.0
2020-04-14,4105730,797668040,198.5,190.0,198.5,10.5,3113,3653,192.0
2020-04-15,5068895,1006351549,201.5,196.5,197.5,-1.0,3896,3653,199.0
2020-04-16,7875796,1619153756,211.0,196.0,209.5,12.0,6185,3653,196.0
2020-04-17,8256642,1771800919,220.5,207.5,212.5,3.0,6175,3653,215.5
2020-04-20,2399230,510021061,215.0,208.5,215.0,2.5,1918,3653,213.0
2020-04-21,3440149,723069992,217.0,205.5,208.5,-6.5,2681,3653,213.0
2020-04-22,2568209,532413890,211.0,203.0,210.0,1.5,2046,3653,207.0
2020-04-23,3039295,643581950,215.5,208.5,209.5,-0.5,2292,3653,212.0
2020-04-24,1448980,301436340,210.0,206.0,209.5,0.0,1168,3653,209.0
2020-04-27,2366900,505300700,215.0,211.0,214.0,4.5,1797,3653,211.5
2020-04-28,3189845,690971640,219.0,213.0,213.0,-1.0,2555,3653,216.0
2020-04-29,2450665,531903305,219.5,214.0,217.5,4.5,1890,3653,216.5
2020-04-30,4078658,901513286,224.0,217.0,218.0,0.5,2969,3653,220.0
2020-05-04,1888998,404559072,216.5,212.5,213.0,-5.0,1429,3653,215.0
2020-05-05,2146684,467491928,222.0,214.0,217.0,4.0,1716,3653,215.0
2020-05-06,3199479,703128593,224.0,215.0,222.0,5.0,2255,3653,217.5
2020-05-07,1703999,374267281,223.5,218.5,218.5,-3.5,1350,3653,221.0
2020-05-08,1521734,331059310,221.0,215.5,215.5,-3.0,1206,3653,220.0
2020-05-11,1163944,251795404,218.5,215.0,217.0,1.5,995,3653,217.5
2020-05-12,4223576,932469720,225.0,216.0,221.0,4.0,3004,3653,217.5
2020-05-13,1538725,335324912,221.5,216.0,218.0,-3.0,1213,3653,219.5
2020-05-14,2129240,452163531,218.5,207.5,208.0,-10.0,1575,3653,217.0
2020-05-15,2599526,549499512,215.5,207.0,212.0,4.0,2036,3653,210.0
2020-05-18,2404650,499949223,213.5,205.0,205.5,-6.5,1925,3653,212.0
2020-05-19,2259028,462434656,211.5,200.5,201.5,-4.0,1782,3653,209.0
2020-05-20,2366712,481593384,207.0,198.5,207.0,5.5,1912,3653,203.5
2020-05-21,2202956,464982040,215.0,206.5,215.0,8.0,1795,3653,208.0
2020-05-22,1843785,385428386,214.5,205.0,205.5,-9.5,1496,3653,214.0
2020-05-25,1133462,236842982,212.0,204.0,211.5,6.0,954,3653,208.0
2020-05-26,7486599,1688376756,232.5,214.0,232.5,21.0,5011,3653,215.5
2020-05-27,14375247,3529812268,255.0,235.5,245.0,12.5,10928,3653,237.0
2020-05-28,6802482,1662333198,253.0,237.0,239.0,-6.0,5334,3653,250.5
2020-05-29,6565134,1610877232,251.0,238.0,249.5,10.5,4887,3653,240.0
2020-06-01,3475037,866580794,252.0,245.5,252.0,2.5,2612,3653,248.0
2020-06-02,9233448,2403228500,273.0,248.0,252.0,0.0,7050,3653,255.5
2020-06-03,2375118,604938472,259.0,252.0,256.0,4.0,1913,3653,254.5
2020-06-04,3407958,852467084,259.0,245.0,248.0,-8.0,2754,3653,257.5
2020-06-05,2135030,530417541,251.5,245.0,251.5,3.5,1737,3653,247.0
2020-06-08,2420014,604087486,252.5,246.5,249.0,-2.5,1940,3653,251.0
2020-06-09,6031190,1550897640,262.0,252.0,255.5,6.5,4460,3653,252.5
2020-06-10,6001289,1585668030,270.0,253.0,270.0,14.5,4598,3653,254.5
2020-06-11,7882687,2166404799,281.0,266.5,277.0,7.0,6312,3653,275.0
2020-06-12,4064679,1111106094,278.5,266.0,278.5,1.5,3270,3653,267.0
2020-06-15,7522414,2138056592,295.0,277.5,278.5,0.0,6054,3653,282.0
2020-06-16,4026624,1115949660,286.0,269.0,272.5,-6.0,3264,3653,285.0
2020-06-17,4053328,1124855184,282.0,270.0,278.5,6.0,3088,3653,274.0
2020-06-18,2166780,605008020,284.0,274.0,284.0,5.5,1800,3653,277.5
2020-06-19,1493569,420431100,285.0,278.5,279.5,-4.5,1241,3653,285.0
2020-06-22,1779002,498954558,284.5,276.0,279.5,0.0,1372,3653,280.5
2020-06-23,6651465,1926796648,297.0,280.0,286.0,6.5,5133,3653,280.5
2020-06-24,2753304,791289140,292.5,283.5,284.0,-2.0,2322,3653,286.0
2020-06-29,1651477,469171226,290.5,279.5,282.5,-1.5,1422,3653,280.0
2020-06-30,851236,241985552,287.0,282.5,283.5,1.0,705,3653,287.0
2020-07-01,3228449,936498183,294.0,285.0,285.5,2.0,2584,3653,286.5
2020-07-02,2445120,693898600,290.5,279.0,280.0,-5.5,1987,3653,287.5
2020-07-03,7980477,2348806916,308.0,280.0,308.0,28.0,6006,3653,285.0
2020-07-06,6709994,2045463146,313.5,297.0,309.0,1.0,5469,3653,312.0
2020-07-07,2954907,904986047,316.0,300.0,300.0,-9.0,2366,3653,312.0
2020-07-08,6484303,2071158278,330.0,302.5,328.0,28.0,5094,3653,302.5
2020-07-09,8657449,2880103731,347.0,318.5,318.5,-9.5,6776,3653,328.0
2020-07-10,3492713,1105462167,325.0,309.5,311.0,-7.5,2983,3653,323.0
2020-07-13,4980471,1510270379,317.5,298.0,304.0,-7.0,3917,3653,315.0
2020-07-14,2525174,751430406,303.5,293.0,295.0,-9.0,2128,3653,303.5
2020-07-15,3145700,926781900,303.5,286.0,287.0,-8.0,2653,3653,302.0
2020-07-16,2649314,773653084,299.0,286.0,288.5,1.5,2244,3653,288.0
2020-07-17,2380172,680708036,294.0,282.0,287.5,-1.0,2065,3653,292.0
2020-07-20,1541971,433716851,288.5,277.0,281.0,-6.5,1335,3653,288.5
2020-07-21,4690792,1395439278,307.5,287.0,301.5,20.5,3849,3653,290.0
2020-07-22,2980612,894277712,304.5,295.5,301.0,-0.5,2487,3653,303.0
2020-07-23,3271288,978418976,308.5,294.0,298.0,-3.0,2905,3653,306.0
2020-07-24,1906695,560452397,301.5,289.5,289.5,-8.5,1654,3653,301.5
2020-07-27,4249877,1261055469,305.5,285.5,297.0,7.5,3497,3653,292.0
2020-07-28,5733386,1743251800,312.5,294.0,300.0,3.0,4562,3653,301.5
2020-07-29,4549941,1399427387,314.5,300.0,307.0,7.0,3709,3653,307.0
2020-07-30,5643516,1779886556,322.0,309.5,316.0,9.0,4656,3653,314.5
2020-07-31,2787175,885662733,321.0,314.0,318.5,2.5,2336,3653,317.0
2020-08-03,2542502,792316116,320.0,305.0,307.0,-11.5,2129,3653,320.0
2020-08-04,1997475,625431854,317.5,308.0,315.5,8.5,1590,3653,310.0
2020-08-05,1858680,587169216,320.0,313.0,316.5,1.0,1559,3653,316.0
2020-08-06,2188015,696670771,322.0,313.5,318.0,1.5,1734,3653,320.0
2020-08-07,7227056,2425495760,344.5,316.5,335.0,17.0,5818,3653,318.5
2020-08-10,4541096,1511154256,344.0,322.0,337.0,2.0,3782,3653,335.0
2020-08-11,3001993,968091295,337.0,310.5,314.0,-23.0,2525,3653,337.0
2020-08-12,3000299,919892838,314.0,303.0,304.0,-10.0,2637,3653,314.0
2020-08-13,2193415,672397616,314.0,301.0,301.0,-3.0,1800,3653,311.0
2020-08-14,4894168,1564255015,330.0,302.0,330.0,29.0,3836,3653,305.0
2020-08-17,2288456,748787024,335.5,320.5,330.0,0.0,1927,3653,323.0
2020-08-18,3279969,1088264425,342.0,322.0,322.0,-8.0,2801,3653,335.0
2020-08-19,2140140,697801000,333.5,322.0,325.5,3.5,1651,3653,327.0
2020-08-20,4204498,1298745900,327.0,295.5,298.5,0.0,3235,3653,320.0
2020-08-21,2265120,683956679,308.5,300.0,300.0,1.5,1766,3653,305.0
2020-08-24,2362778,720830294,311.0,296.0,305.0,5.0,1820,3653,303.0
2020-08-25,4225751,1360632191,331.5,307.5,321.5,16.5,3568,3653,309.0
2020-08-26,1665448,528232235,323.0,313.0,315.5,-6.0,1427,3653,318.5
2020-08-27,1907134,599543844,320.5,308.0,315.0,-0.5,1629,3653,318.0
2020-08-28,1041074,322007049,314.5,305.5,308.0,-7.0,881,3653,313.0
2020-08-31,973484,299634088,314.0,305.0,306.0,-2.0,900,3653,314.0
2020-09-01,1187481,364441053,311.5,300.0,311.0,5.0,1036,3653,308.0
2020-09-02,2861250,905384623,323.0,310.0,310.0,-1.0,2390,3653,314.0
2020-09-03,2085112,648951384,317.5,306.0,306.0,-4.0,1648,3653,314.0
2020-09-04,1392730,422768800,310.0,297.0,309.0,3.0,1144,3653,300.0
2020-09-07,1716589,518508700,309.0,298.5,300.0,-9.0,1361,3653,309.0
2020-09-08,3776058,1105490052,307.0,283.0,296.0,-4.0,3023,3653,305.0
2020-09-09,1496993,433185963,293.5,286.0,291.0,-5.0,1202,3653,291.0
2020-09-10,1733705,499932335,295.5,285.0,285.5,-5.5,1373,3653,294.0
2020-09-11,1336515,383081320,291.5,281.0,285.5,0.0,1212,3653,285.5
2020-09-14,1299207,376264444,293.5,285.5,290.0,4.5,1105,3653,288.5
2020-09-15,1754407,512106858,297.5,285.0,292.0,2.0,1479,3653,291.0
2020-09-16,2249417,671747849,303.0,293.0,298.5,6.5,1798,3653,296.0
2020-09-17,863825,258225700,301.0,296.0,297.5,-1.0,738,3653,297.0
2020-09-18,1127824,340224848,305.0,297.0,304.0,6.5,957,3653,300.5
2020-09-21,1949573,604249267,313.0,306.0,309.0,5.0,1657,3653,308.5
2020-09-22,1942548,599698007,314.0,302.0,306.0,-3.0,1619,3653,307.0
2020-09-23,2795419,878005728,319.0,307.0,314.0,8.0,2200,3653,309.0
2020-09-24,2621836,809922972,318.0,300.5,301.0,-13.0,2146,3653,309.0
2020-09-25,2499037,735125230,307.0,283.5,287.0,-14.0,1909,3653,306.5
2020-09-28,1019633,295978336,293.0,286.0,292.0,5.0,839,3653,290.5
2020-09-29,1023870,299518430,297.5,289.0,289.0,-3.0,844,3653,297.0
2020-09-30,2099267,628862134,305.0,286.0,304.0,15.0,1781,3653,289.0
2020-10-05,890041,269727923,308.5,298.5,302.0,-2.0,742,3653,302.0
2020-10-06,653100,199348200,308.0,303.0,303.5,1.5,573,3653,306.0
2020-10-07,2177476,674802821,313.5,302.0,310.5,7.0,1508,3653,305.0
2020-10-08,6253360,2029276318,333.0,312.5,327.0,16.5,4851,3653,314.5
2020-10-12,2288093,738587632,330.0,318.0,326.0,-1.0,1887,3653,330.0
2020-10-13,2743739,908667087,338.0,321.0,335.0,9.0,2254,3653,328.0
2020-10-14,3016776,1014276080,343.0,329.5,330.5,-4.5,2457,3653,337.0
2020-10-15,1445652,473160571,333.5,324.0,325.0,-5.5,1173,3653,331.5
2020-10-16,1471078,470274570,325.5,313.0,315.0,-10.0,1149,3653,323.5
2020-10-19,994639,315466563,321.5,314.0,317.0,2.0,836,3653,316.5
2020-10-20,576502,183290383,319.5,315.5,319.0,2.0,491,3653,318.0
2020-10-21,2350050,753559973,328.0,315.0,319.0,0.0,1886,3653,319.5
2020-10-22,1299605,412247180,323.5,314.0,314.5,-4.5,1079,3653,319.0
2020-10-23,704654,223886450,319.5,315.0,319.5,5.0,582,3653,317.0
2020-10-26,1370176,434095911,321.5,312.0,313.0,-6.5,932,3653,319.0
2020-10-27,668639,209838133,316.5,310.0,315.5,2.5,532,3653,311.0
2020-10-28,494663,155945798,318.0,313.0,313.5,-2.0,427,3653,315.0
2020-10-29,1421599,433877455,309.0,300.5,308.0,-5.5,1069,3653,306.0
2020-10-30,1101966,332567777,308.5,298.0,298.0,-10.0,917,3653,307.0
2020-11-02,1270841,373015576,302.0,290.5,292.5,-5.5,1011,3653,300.0
2020-11-03,1181568,351479712,302.0,293.5,295.0,2.5,1037,3653,296.0
2020-11-04,2233556,659738324,301.5,288.5,301.5,6.5,1842,3653,298.0
2020-11-05,2456200,723714008,301.0,292.0,293.0,-8.5,1996,3653,300.0
2020-11-06,5973279,1703227312,295.0,277.5,277.5,-15.5,4879,3653,293.5
2020-11-09,5352753,1483937588,284.0,267.0,280.0,2.5,4157,3653,271.0
2020-11-10,5846871,1562412426,280.0,258.0,263.0,-17.0,4632,3653,280.0
2020-11-11,4450128,1145390151,267.5,252.0,256.0,-7.0,3698,3653,263.0
2020-11-12,5030982,1330114881,272.0,256.0,265.5,9.5,4168,3653,256.0
2020-11-13,2395583,631232652,268.0,258.5,268.0,2.5,1995,3653,263.0
2020-11-16,1956975,530107573,274.0,268.0,270.0,2.0,1633,3653,269.5
2020-11-17,2790672,762253457,276.0,268.5,273.0,3.0,2050,3653,271.5
2020-11-18,2020019,547600747,274.0,269.5,270.5,-2.5,1454,3653,273.5
2020-11-19,6136421,1725706908,286.5,270.5,282.0,11.5,4411,3653,271.0
2020-11-20,1835016,517502222,285.5,280.0,280.5,-1.5,1567,3653,283.0
2020-11-23,2203089,607209587,282.5,271.0,275.0,-5.5,1859,3653,280.5
2020-11-24,1522459,424074101,282.5,275.5,275.5,0.5,1279,3653,276.5
2020-11-25,1343023,370708000,281.5,272.0,272.5,-3.0,1129,3653,278.0
2020-11-26,1457780,402864993,279.5,272.5,279.0,6.5,1166,3653,274.0
2020-11-27,1142479,319542544,284.0,276.5,278.0,-1.0,1033,3653,283.0
2020-11-30,653060,181245687,280.5,275.5,279.0,1.0,601,3653,280.0
2020-12-01,1085154,305374153,283.5,278.5,281.0,2.0,942,3653,280.5
2020-12-02,819506,228379658,283.5,277.0,278.0,-3.0,647,3653,283.0
2020-12-03,1090587,301304310,280.0,274.0,275.5,-2.5,891,3653,279.0
2020-12-04,1637015,460229573,284.5,276.0,278.5,3.0,1314,3653,277.5
2020-12-07,784385,217643975,280.5,274.0,278.5,0.0,646,3653,279.0
2020-12-08,2662119,758371508,288.5,278.5,286.5,8.0,2208,3653,280.0
2020-12-09,2672968,772715675,292.5,283.5,287.5,1.0,2183,3653,291.0
2020-12-10,1410695,398408772,290.0,278.5,280.0,-7.5,1217,3653,289.0
2020-12-11,1982542,537843650,282.0,266.0,268.0,-12.0,1734,3653,282.0
2020-12-14,714237,192044301,272.0,266.0,266.0,-2.0,636,3653,268.0
2020-12-15,877539,229390294,267.5,259.5,260.5,-5.5,760,3653,267.5
2020-12-16,589321,156935303,269.0,262.0,267.5,7.0,543,3653,263.5
2020-12-17,676570,180514035,272.5,262.0,263.0,-4.5,582,3653,267.0
2020-12-18,339703,89236564,266.0,261.0,262.0,-1.0,359,3653,265.0
2020-12-21,864369,222340462,262.5,255.5,257.5,-4.5,786,3653,262.5
2020-12-22,889607,229468287,263.5,254.0,254.0,-3.5,774,3653,256.5
2020-12-23,2001761,496834878,257.0,242.5,249.0,-5.0,1838,3653,254.0
2020-12-24,1227125,314380187,261.5,251.5,254.0,5.0,1077,3653,252.5
2020-12-25,582613,149887948,260.0,253.5,259.0,5.0,560,3653,257.0
2020-12-28,1420470,357500140,259.0,249.0,250.0,-9.0,1245,3653,259.0
2020-12-29,937513,231872855,252.5,246.0,247.5,-2.5,927,3653,251.0
2020-12-30,1223371,306323719,253.5,244.5,252.5,5.0,1086,3653,248.5
2020-12-31,902679,223971052,253.0,246.5,247.5,-5.0,833,3653,251.0
2021-01-04,855166,215401147,254.5,248.0,253.0,5.5,764,3653,248.5
2021-01-05,2894160,749992677,263.5,252.0,261.5,8.5,2423,3653,253.0
2021-01-06,2364142,622993373,268.0,259.0,264.0,2.5,1940,3653,263.5
2021-01-07,1711789,455740089,273.0,262.0,264.0,0.0,1583,3653,270.5
2021-01-08,6628348,1863594132,290.0,267.5,286.5,22.5,5183,3653,270.5
2021-01-11,3544835,1011003311,290.5,279.5,289.0,2.5,2985,3653,290.0
2021-01-12,5638747,1663249845,301.5,285.0,291.5,2.5,4575,3653,291.0
2021-01-13,8722137,2705184347,319.5,296.0,316.0,24.5,7268,3653,298.5
2021-01-14,3226150,1025600872,324.5,309.0,312.5,-3.5,2967,3653,315.0
2021-01-15,3198237,994821048,317.5,303.0,313.0,0.5,2793,3653,315.5
2021-01-18,3440118,1080663387,321.0,305.0,315.0,2.0,2774,3653,315.5
2021-01-19,4576312,1483689992,328.0,317.0,321.0,6.0,3569,3653,318.5
2021-01-20,3460144,1096367924,327.5,310.0,310.0,-11.0,2515,3653,325.0
2021-01-21,2047528,639382949,316.5,308.0,315.5,5.5,1735,3653,313.0
2021-01-22,2324351,744832641,325.0,315.5,319.5,4.0,2032,3653,317.5
2021-01-25,2142330,677773475,324.0,308.0,319.5,0.0,1995,3653,320.0
2021-01-26,1227745,387764966,321.5,310.0,311.0,-8.5,1137,3653,320.5
2021-01-27,1521100,471925789,316.0,306.5,309.0,-2.0,1418,3653,315.5
2021-01-28,1191374,359526044,305.0,299.0,300.5,-8.5,1117,3653,301.5
2021-01-29,1867415,564257374,311.5,292.5,293.5,-7.0,1643,3653,305.5
2021-02-01,931824,270878229,296.0,286.0,290.0,-3.5,897,3653,295.0
2021-02-02,1352990,394716133,297.0,286.0,294.5,4.5,1198,3653,292.5
2021-02-03,991624,292670769,299.5,288.0,295.0,0.5,844,3653,295.0
2021-02-04,1026364,306618548,302.5,292.0,300.5,5.5,886,3653,294.5
2021-02-05,1081898,319775431,302.0,293.0,293.0,-7.5,936,3653,300.0
2021-02-17,1507088,459278607,313.0,293.0,310.5,17.5,1353,3653,296.0
2021-02-18,2200715,698916499,322.0,307.5,320.5,10.0,1940,3653,310.5
2021-02-19,5113310,1713730219,348.5,318.5,333.0,12.5,4360,3653,322.0
2021-02-22,2965738,999731334,346.0,327.5,344.5,11.5,2751,3653,335.0
2021-02-23,2092227,693711304,339.5,327.0,332.5,-12.0,1988,3653,331.5
2021-02-24,1216928,400550479,335.5,324.0,324.5,-8.0,1178,3653,332.5
2021-02-25,734308,238959784,332.5,322.0,322.0,-2.5,788,3653,327.0
2021-02-26,1172830,378217565,329.5,312.5,321.0,-1.0,1033,3653,316.0
2021-03-02,780362,250409181,330.5,313.0,313.0,-8.0,756,3653,330.5
2021-03-03,1481128,462397119,321.0,300.0,319.0,6.0,1258,3653,316.0
2021-03-04,1475231,455090005,319.0,303.5,304.0,-15.0,1237,3653,316.0
2021-03-05,1410481,437267178,317.0,297.0,314.5,10.5,1121,3653,298.5
2021-03-08,2289887,707445354,321.0,298.5,299.5,-15.0,1854,3653,314.5
2021-03-09,2223758,647533650,302.5,287.5,287.5,-12.0,2007,3653,299.5
2021-03-10,1596732,473598084,302.0,290.5,299.0,11.5,1319,3653,290.5
2021-03-11,873606,263025629,305.0,296.0,301.5,2.5,818,3653,296.0
2021-03-12,702571,213520210,308.0,301.0,304.5,3.0,639,3653,303.0
2021-03-15,681387,205153217,307.0,298.0,298.0,-6.5,665,3653,306.0
2021-03-16,1947263,574574780,302.5,289.5,298.0,0.0,1785,3653,300.0
2021-03-17,1168370,351317364,305.0,297.0,297.0,-1.0,1098,3653,300.0
2021-03-18,802041,242042966,307.0,297.0,298.5,1.5,785,3653,300.0
2021-03-19,1007573,296564347,300.5,292.0,293.5,-5.0,1033,3653,299.5
2021-03-22,672023,195870191,294.0,289.0,292.5,-1.0,676,3653,294.0
2021-03-23,584243,171505799,297.5,291.5,292.0,-0.5,543,3653,295.0
2021-03-24,1746714,499665044,293.5,281.5,283.5,-8.5,1858,3653,291.0
2021-03-25,2325883,644065665,286.0,272.5,274.0,-9.5,2298,3653,284.0
2021-03-26,3055553,828082616,279.0,267.5,272.0,-2.0,2656,3653,278.0
2021-03-29,2195830,598970912,277.0,267.5,276.0,4.0,1954,3653,273.0
2021-03-30,4284190,1244561567,299.0,277.0,295.5,19.5,3881,3653,278.0
2021-03-31,2020722,584974667,294.5,286.0,287.0,-8.5,1921,3653,293.0
2021-04-01,2287111,654169398,293.0,279.0,291.0,4.0,2079,3653,289.0
2021-04-06,2631735,787183219,303.0,294.0,300.0,9.0,2234,3653,298.0
2021-04-07,2973787,919048450,318.0,297.5,314.0,14.0,2577,3653,300.5
2021-04-08,2526696,776253646,317.0,301.5,303.0,-11.0,2573,3653,314.5
2021-04-09,2713118,833645772,312.0,298.0,310.5,7.5,2206,3653,305.5
2021-04-12,1111756,336516679,312.5,300.0,300.0,-10.5,1115,3653,312.0
2021-04-13,973534,286667168,303.5,288.5,289.0,-11.0,1068,3653,300.5
2021-04-14,1018119,289456338,294.0,278.0,282.0,-7.0,1072,3653,289.0
2021-04-15,571117,161568251,286.5,280.5,284.5,2.5,575,3653,282.5
2021-04-16,1401581,397541085,292.0,279.0,283.0,-1.5,1236,3653,289.0
2021-04-19,854202,238895344,284.5,277.5,280.0,-3.0,865,3653,284.5
2021-04-20,1089304,309949163,287.5,279.0,284.0,4.0,942,3653,283.0
2021-04-21,1059182,295584706,284.0,277.0,279.0,-5.0,1060,3653,284.0
2021-04-22,1607531,441921342,282.0,270.5,271.5,-7.5,1468,3653,281.0
2021-04-23,877859,239090692,277.0,269.0,277.0,5.5,835,3653,272.0
2021-04-26,1342028,369200302,283.5,271.0,272.5,-4.5,1374,3653,278.0
2021-04-27,1558121,418516451,275.0,267.0,268.0,-4.5,1637,3653,275.0
2021-04-28,2359580,618290955,271.5,259.0,261.5,-6.5,2335,3653,271.0
2021-04-29,1989118,514698113,266.0,256.0,256.5,-5.0,1878,3653,263.5
2021-05-03,1655770,413771031,257.0,245.0,245.0,-11.5,1722,3653,256.5
2021-05-04,3692381,841522922,247.0,220.5,220.5,-24.5,3001,3653,245.0
2021-05-05,3592237,798376294,233.0,214.0,220.0,-0.5,2971,3653,219.0
2021-05-06,2025704,443032823,226.0,215.0,218.0,-2.0,1878,3653,223.5
2021-05-07,3296236,761147317,239.5,220.0,238.5,20.5,2617,3653,220.0
2021-05-10,2575084,610660257,243.0,228.0,239.0,0.5,2066,3653,238.5
2021-05-11,2119341,475885850,235.0,216.5,219.0,-20.0,2107,3653,234.5
2021-05-12,4306547,955799327,236.5,202.0,225.0,6.0,3724,3653,219.0
2021-05-13,3714436,872129633,245.0,217.0,238.5,13.5,3606,3653,219.0
2021-05-14,4885858,1257035941,262.0,243.0,262.0,23.5,3441,3653,243.0
2021-05-17,4139856,1057323668,267.0,242.0,252.0,-10.0,3384,3653,250.5
2021-05-18,3792545,1023996179,276.5,256.5,275.0,23.0,3102,3653,261.0
2021-05-19,2434104,651438709,276.5,262.0,266.0,-9.0,2061,3653,273.0
2021-05-20,931078,248208730,272.0,261.5,265.5,-0.5,853,3653,266.0
2021-05-21,1119338,298680070,274.0,262.0,264.0,-1.5,949,3653,269.5
2021-05-24,1249799,337952870,275.0,261.0,272.5,8.5,1089,3653,262.0
2021-05-25,3300032,931167854,288.0,272.5,285.0,12.5,2722,3653,274.0
2021-05-26,1231486,348916437,286.5,279.0,282.5,-2.5,1241,3653,283.0
2021-05-27,1478248,409540717,283.5,273.0,273.5,-9.0,1232,3653,281.0
2021-05-28,1277860,358932832,286.5,274.5,284.0,10.5,1141,3653,277.5
2021-05-31,1237124,353190481,289.0,281.5,285.5,1.5,1053,3653,287.5
2021-06-01,1445303,414505600,292.0,281.0,281.5,-4.0,1224,3653,289.0
2021-06-02,827751,231814631,284.0,276.0,278.0,-3.5,781,3653,284.0
2021-06-03,2031021,575924452,290.5,278.0,282.0,4.0,1615,3653,279.0
2021-06-04,1194918,339905990,288.0,278.5,285.5,3.5,1043,3653,282.0
2021-06-07,7234499,2186980168,313.5,287.5,310.0,24.5,6032,3653,288.5
2021-06-08,3201023,988547996,317.0,302.0,306.5,-3.5,2871,3653,312.0
2021-06-09,2618727,799179502,313.5,300.0,301.5,-5.0,2309,3653,308.5
2021-06-10,1048462,317118200,306.0,300.5,303.0,1.5,1013,3653,303.0
2021-06-11,2121009,631801912,308.5,290.5,293.5,-9.5,1921,3653,305.0
2021-06-15,3854414,1100944123,297.0,277.5,290.0,-3.5,3516,3653,295.5
2021-06-16,2090425,618466300,301.5,290.0,293.5,3.5,1913,3653,290.5
2021-06-17,880289,257766744,296.5,289.5,296.0,2.5,872,3653,293.0
2021-06-18,2915601,884874553,310.0,296.0,296.0,0.0,2410,3653,303.0
2021-06-21,1348463,399362244,303.0,290.0,290.5,-5.5,1279,3653,296.0
2021-06-22,984360,286735395,296.5,285.5,288.0,-2.5,958,3653,295.0
2021-06-23,2770522,842292486,309.0,290.0,308.0,20.0,2440,3653,290.0
2021-06-24,1356719,412199403,310.0,301.0,301.0,-7.0,1185,3653,310.0
2021-06-25,798104,239791153,304.5,298.5,298.5,-2.5,761,3653,303.0
2021-06-28,877930,263280944,303.0,296.0,299.0,0.5,763,3653,301.5
2021-06-29,1401647,427608247,309.0,300.0,306.5,7.5,1367,3653,304.0
2021-06-30,1378156,421321746,313.0,301.0,302.0,-4.5,1313,3653,307.0
2021-07-01,620108,186702454,305.5,298.0,300.0,-2.0,631,3653,305.0
2021-07-02,1932756,589877020,310.5,296.0,310.0,10.0,1835,3653,302.0
2021-07-05,2434162,776974422,324.5,313.0,319.0,9.0,2262,3653,313.0
2021-07-06,1450954,464592161,325.0,314.0,325.0,6.0,1315,3653,321.0
2021-07-07,2091686,677837504,331.0,310.0,322.5,-2.5,1887,3653,325.0
2021-07-08,1156001,372471478,327.0,318.5,320.5,-2.0,1003,3653,321.5
2021-07-09,1616580,515815898,328.5,311.0,313.5,-7.0,1525,3653,319.0
2021-07-12,3103648,1017751353,333.0,315.5,329.5,16.0,2678,3653,318.0
2021-07-13,2461539,818102985,340.0,326.5,327.5,-2.0,2219,3653,338.0
2021-07-14,1504215,498407202,338.0,322.5,335.0,7.5,1356,3653,332.0
2021-07-15,1071570,358539812,339.5,327.5,337.0,2.0,1099,3653,338.0
2021-07-16,1118172,380861908,345.0,332.0,342.0,5.0,1177,3653,332.5
2021-07-19,2426080,802968565,342.0,322.0,334.0,-8.0,2238,3653,342.0
2021-07-20,2734235,871499193,331.5,308.5,309.0,-25.0,2673,3653,325.0
2021-07-21,2405005,776295996,329.0,315.5,326.0,17.0,2100,3653,315.5
2021-07-22,693117,224089461,328.0,320.0,321.0,-5.0,698,3653,325.0
2021-07-23,1334231,416454978,325.0,306.5,311.5,-9.5,1377,3653,325.0
2021-07-26,916006,287925962,318.0,309.5,316.0,4.5,883,3653,314.0
2021-07-27,690953,214987285,318.0,307.5,308.0,-8.0,725,3653,318.0
2021-07-28,1541737,468368392,314.0,291.0,308.5,0.5,1533,3653,307.0
2021-07-29,1475019,465810123,321.5,305.0,318.5,10.0,1367,3653,313.0
2021-07-30,4088178,1368821410,344.5,321.0,327.5,9.0,3671,3653,321.5
2021-08-02,1120655,367534970,336.5,323.5,328.0,0.5,1103,3653,331.5
2021-08-03,2642135,899062170,348.0,326.0,338.0,10.0,2595,3653,330.0
2021-08-04,3859974,1230574980,329.5,314.0,316.0,-22.0,3821,3653,329.0
2021-08-05,867934,274547029,321.0,312.0,314.5,-1.5,923,3653,316.0
2021-08-06,517824,161272509,317.0,310.0,311.0,-3.5,610,3653,316.0
2021-08-09,662593,203216725,311.0,305.0,305.5,-5.5,762,3653,305.0
2021-08-10,797217,245448010,313.5,301.0,308.5,3.0,781,3653,310.0
2021-08-11,872090,264697020,312.0,298.5,300.0,-8.5,839,3653,310.0
2021-08-12,812506,244666456,307.0,298.0,301.5,1.5,742,3653,300.0
2021-08-13,1658515,481805774,304.5,285.5,286.0,-15.5,1681,3653,299.0
2021-08-16,1946363,558428232,298.0,276.5,298.0,12.0,1669,3653,280.0
2021-08-17,692266,200745131,298.0,282.0,283.5,-14.5,729,3653,295.0
2021-08-18,999661,290963344,298.5,277.5,296.5,13.0,967,3653,280.0
2021-08-19,722318,213668035,299.5,291.0,293.5,-3.0,705,3653,293.0
2021-08-20,766186,227968902,302.5,291.5,301.5,8.0,738,3653,294.5
2021-08-23,1367551,429693797,319.0,305.0,318.0,16.5,1307,3653,306.5
2021-08-24,1387709,434799989,322.0,306.0,310.0,-8.0,1214,3653,322.0
2021-08-25,1031620,321960290,316.0,309.5,310.5,0.5,947,3653,313.5
2021-08-26,791277,242701147,314.0,302.0,303.5,-7.0,732,3653,313.0
2021-08-27,864479,268356321,316.0,302.0,308.5,5.0,754,3653,307.0
2021-08-30,2239851,709192541,324.0,312.0,315.0,6.5,1708,3653,315.0
2021-08-31,1223180,372079823,311.0,300.0,304.0,0.0,1014,3653,310.0
2021-09-01,1128185,347924706,312.0,304.0,309.0,5.0,817,3653,304.0
2021-09-02,1072488,331739690,314.0,306.0,307.0,-2.0,903,3653,308.5
2021-09-03,1084207,335991267,316.0,305.5,307.0,0.0,969,3653,312.0
2021-09-06,527160,160536632,307.0,302.5,304.0,-3.0,514,3653,306.5
2021-09-07,554147,165642174,307.0,296.0,296.0,-8.0,643,3653,307.0
2021-09-08,621334,180593440,298.5,287.5,287.5,-8.5,759,3653,295.0
2021-09-09,357145,104970032,298.0,285.5,294.0,6.5,395,3653,286.5
2021-09-10,717977,217535960,308.0,293.5,306.0,12.0,720,3653,294.0
2021-09-13,422725,127539512,306.5,298.5,298.5,-7.5,415,3653,306.0
2021-09-14,1300176,399819569,311.0,299.0,307.0,8.5,1013,3653,299.0
2021-09-15,920035,276310694,308.5,298.0,299.5,-7.5,1639,3653,308.5
2021-09-16,359681,108245917,305.0,298.5,299.0,-0.5,368,3653,301.0
2021-09-17,298249,89689102,303.5,297.0,301.0,2.0,279,3653,301.0
2021-09-22,592913,178562672,307.5,292.0,299.0,-2.0,558,3653,295.0
2021-09-23,2782886,873410969,321.0,303.5,318.0,19.0,3032,3653,304.5
2021-09-24,1641197,522523385,322.5,314.5,318.5,0.5,2016,3653,319.0
2021-09-27,1966604,636846012,328.5,317.0,322.0,3.5,1741,3653,317.0
2021-09-28,3036676,994817020,332.0,316.0,329.0,7.0,2234,3653,319.5
2021-09-29,5391381,1778837353,345.0,321.0,322.0,-7.0,6301,3653,322.0
2021-09-30,8369823,2844333598,350.5,324.0,350.5,28.5,7735,3653,331.0
2021-10-01,5966957,1970389977,347.0,318.5,322.5,-28.0,6771,3653,345.0
2021-10-04,3533989,1168395769,336.0,323.5,328.0,5.5,3887,3653,330.0
2021-10-05,3027416,993198050,338.0,315.0,338.0,10.0,3094,3653,324.0
2021-10-06,2902895,949004686,340.0,318.5,322.0,-16.0,3098,3653,335.0
2021-10-07,1751459,578663549,333.5,326.5,330.0,8.0,1519,3653,328.5
2021-10-08,6548237,2306709394,362.0,330.0,356.0,26.0,5667,3653,333.0
2021-10-12,3093508,1064517129,354.5,336.0,340.0,-16.0,2609,3653,347.0
2021-10-13,2454506,833010316,347.5,333.0,338.0,-2.0,2108,3653,340.0
2021-10-14,2354295,787536368,346.0,324.5,334.5,-3.5,2359,3653,345.0
2021-10-15,3411562,1173050558,351.0,337.0,341.0,6.5,2786,3653,339.5
2021-10-18,1837093,630585545,349.5,337.0,342.0,1.0,1516,3653,341.0
2021-10-19,5116720,1832624378,365.5,343.5,362.0,20.0,4007,3653,348.0
2021-10-20,6873644,2561206518,382.0,357.5,377.0,15.0,5578,3653,364.5
2021-10-21,9068898,3532207595,397.5,373.5,387.5,10.5,6712,3653,378.5
2021-10-22,3823960,1493556363,396.5,386.0,386.5,-1.0,3814,3653,388.0
2021-10-25,2062549,798988123,393.5,375.5,391.5,5.0,2095,3653,385.0
2021-10-26,3643113,1407891518,403.0,376.0,376.5,-15.0,3298,3653,393.0
2021-10-27,1760393,667263450,383.0,374.5,379.5,3.0,1506,3653,378.0
2021-10-28,1194721,448958121,379.0,373.0,373.5,-6.0,983,3653,378.0
2021-10-29,2316603,859660826,383.0,360.5,369.0,-4.5,2071,3653,375.5
2021-11-01,3864417,1482815024,394.0,366.0,388.0,19.0,3151,3653,369.5
2021-11-02,6981881,2841512119,418.0,389.5,406.5,18.5,5969,3653,389.5
2021-11-03,5357901,2158846807,424.0,385.0,392.5,-14.0,4991,3653,413.0
2021-11-04,2311038,910879346,400.0,386.0,386.0,-6.5,1944,3653,399.0
2021-11-05,3518563,1387232860,404.5,380.0,402.5,16.5,2855,3653,395.5
2021-11-08,3379055,1291621406,396.0,373.0,379.5,-23.0,3321,3653,394.5
2021-11-09,2577153,1000121725,392.0,383.0,388.5,9.0,2246,3653,386.0
2021-11-10,1418352,544851064,390.0,378.0,389.0,0.5,1306,3653,386.5
2021-11-11,1110773,425634121,389.0,379.5,383.5,-5.5,1121,3653,381.0
2021-11-12,1495004,581216499,392.5,384.0,388.0,4.5,1258,3653,384.0
2021-11-15,2870373,1157825901,412.0,389.0,410.0,22.0,2579,3653,390.5
2021-11-16,2110234,844930634,413.5,393.5,399.5,-10.5,2173,3653,412.0
2021-11-17,1137641,449340603,404.5,391.0,393.5,-6.0,1175,3653,402.0
2021-11-18,1235570,490754252,403.0,391.5,396.0,2.5,1102,3653,394.5
2021-11-19,2497384,1004663379,415.5,391.0,392.0,-4.0,2196,3653,402.0
2021-11-22,1465444,577735551,402.5,384.0,401.0,9.0,1303,3653,395.0
2021-11-23,1334785,528173609,400.5,388.0,400.0,-1.0,1255,3653,393.0
2021-11-24,6914018,2857282644,422.0,404.0,405.0,5.0,5629,3653,412.0
2021-11-25,2659548,1097776597,420.0,404.0,415.0,10.0,2485,3653,407.0
2021-11-26,1867545,758830522,414.5,399.0,402.5,-12.5,1721,3653,410.0
2021-11-29,2646282,1098300538,425.0,397.5,424.0,21.5,2632,3653,399.0
2021-11-30,2446461,1058556331,439.0,418.0,439.0,15.0,2389,3653,422.5
2021-12-01,1681615,742576748,447.5,433.0,439.5,0.5,1756,3653,436.0
2021-12-02,1245872,547689257,446.0,432.5,441.0,1.5,1465,3653,439.5
2021-12-03,2647271,1189958402,461.0,438.5,445.0,4.0,2547,3653,450.0
2021-12-06,1279412,558071904,447.5,429.0,430.0,-15.0,1958,3653,443.0
2021-12-07,1566120,687815024,446.0,430.5,439.0,9.0,1504,3653,434.5
2021-12-08,1685086,736564574,454.0,428.0,428.0,-11.0,2268,3653,454.0
2021-12-09,1002953,430552133,436.5,422.0,429.0,1.0,1003,3653,432.0
2021-12-10,730054,308463536,433.0,418.0,422.0,-7.0,935,3653,433.0
2021-12-13,768807,323212213,427.5,416.0,419.5,-2.5,874,3653,426.0
2021-12-14,995568,405812689,418.0,403.0,405.5,-14.0,1195,3653,416.0
2021-12-15,761489,311600051,413.5,401.5,411.5,6.0,790,3653,406.0
2021-12-16,1151464,489109866,430.0,417.0,429.0,17.5,1132,3653,417.0
2021-12-17,1133413,473982903,424.0,412.5,419.5,-9.5,1382,3653,422.0
2021-12-20,1639062,665500269,421.0,399.0,403.5,-16.0,1686,3653,420.0
2021-12-21,691194,282596282,413.5,401.0,411.5,8.0,652,3653,403.0
2021-12-22,672636,273862391,414.5,403.5,405.0,-6.5,736,3653,414.0
2021-12-23,870527,357934644,416.0,406.0,413.0,8.0,831,3653,411.0
2021-12-24,726462,294778434,416.0,402.0,402.5,-10.5,860,3653,414.5
2021-12-27,652508,262617405,409.0,398.5,401.0,-1.5,749,3653,405.5
2021-12-28,388851,156551527,406.5,400.0,403.0,2.0,417,3653,400.0
2021-12-29,627928,252118168,406.5,399.0,399.5,-3.5,719,3653,403.0
2021-12-30,1295392,519299992,410.0,394.5,408.0,8.5,1322,3653,399.5
2022-01-03,1094058,450304167,417.5,405.0,408.0,0.0,1058,3653,410.0
2022-01-04,842686,343519838,413.5,401.5,408.0,0.0,861,3653,409.5
2022-01-05,2887659,1217303139,429.5,409.5,423.5,15.5,2664,3653,410.5
2022-01-06,1173836,485506015,419.5,408.0,411.5,-12.0,1123,3653,415.0
2022-01-07,1365944,544634505,416.0,386.5,400.0,-11.5,1424,3653,416.0
2022-01-10,981393,388774906,400.0,390.0,395.5,-4.5,984,3653,390.0
2022-01-11,1095008,423719124,399.5,381.0,381.0,-14.5,1228,3653,399.5
2022-01-12,685622,260935445,386.5,377.0,379.5,-1.5,707,3653,385.5
2022-01-13,654901,251593699,387.5,377.5,386.5,7.0,611,3653,382.0
2022-01-14,975417,368444672,386.5,373.5,379.5,-7.0,949,3653,386.5
2022-01-17,910432,356903368,398.5,378.5,395.5,16.0,865,3653,381.5
2022-01-18,885311,348664924,401.0,387.0,387.0,-8.5,891,3653,394.5
2022-01-19,695753,271412052,394.0,386.0,389.0,2.0,656,3653,391.5
2022-01-20,390893,152680899,394.0,386.0,390.5,1.5,350,3653,389.5
2022-01-21,715434,279134939,397.0,384.0,384.0,-6.5,691,3653,385.0
2022-01-24,1799478,672830524,385.0,357.0,382.5,-1.5,1706,3653,379.0
2022-01-25,1725965,674119285,396.0,379.5,388.0,5.5,1400,3653,379.5
2022-01-26,792259,309415594,395.0,388.0,390.0,2.0,675,3653,391.5
2022-02-07,1012583,405522173,406.5,392.5,402.0,12.0,886,3653,400.0
2022-02-08,785194,315609174,407.0,398.0,400.0,-2.0,747,3653,402.0
2022-02-09,856406,348931073,413.0,400.5,405.0,5.0,828,3653,405.0
2022-02-10,550401,223366433,412.0,399.0,405.0,0.0,558,3653,410.5
2022-02-11,396142,159636625,408.0,399.0,399.5,-5.5,431,3653,402.0
2022-02-14,448500,175310294,394.0,387.0,389.0,-10.5,531,3653,392.5
2022-02-15,521014,206395884,402.0,388.5,393.0,4.0,527,3653,389.0
2022-02-16,522946,210910884,407.5,396.5,403.0,10.0,561,3653,399.5
2022-02-17,335949,134234635,405.0,395.5,395.5,-7.5,421,3653,400.0
2022-02-18,241812,96238084,401.0,393.5,398.0,2.5,264,3653,396.0
2022-02-21,225559,90010876,403.0,396.5,397.0,-1.0,255,3653,398.0
2022-02-22,517044,202023707,399.0,386.5,389.0,-8.0,635,3653,396.5
2022-02-23,218642,86665009,399.0,391.5,397.0,8.0,239,3653,392.5
2022-02-24,653288,252203114,395.5,381.5,382.0,-15.0,780,3653,395.5
2022-02-25,349387,134256266,391.0,380.5,382.0,0.0,387,3653,386.0
2022-03-01,636720,243130411,388.0,379.0,380.0,-2.0,702,3653,383.0
2022-03-02,636824,240828797,384.0,373.5,379.0,-1.0,721,3653,380.0
2022-03-03,295967,112138495,386.0,376.0,376.0,-3.0,391,3653,382.0
2022-03-04,1587440,576777772,376.5,358.0,359.5,-16.5,1882,3653,376.0
2022-03-07,2175733,735864651,354.5,329.0,338.5,-21.0,2186,3653,354.5
2022-03-08,2255833,731840697,341.5,316.0,316.5,-22.0,2211,3653,330.5
2022-03-09,1814782,593081899,337.0,317.0,331.5,15.0,1737,3653,323.0
2022-03-10,2240314,796456088,364.0,347.5,357.0,25.5,1944,3653,350.0
2022-03-11,1474011,540704005,372.5,350.5,371.0,14.0,1544,3653,350.5
2022-03-14,648436,236339979,372.0,360.0,362.0,-9.0,731,3653,369.0
2022-03-15,527999,186649087,360.5,349.5,350.0,-12.0,597,3653,356.0
2022-03-16,1777539,652189378,373.0,355.0,367.0,17.0,1621,3653,362.0
2022-03-17,1800192,683757162,385.0,371.0,377.0,10.0,1833,3653,379.0
2022-03-18,633591,241403222,385.0,374.0,385.0,8.0,678,3653,378.0
2022-03-21,772242,292299197,387.5,374.0,377.0,-8.0,890,3653,384.0
2022-03-22,416213,157391070,381.5,374.0,377.5,0.5,430,3653,376.0
2022-03-23,1489967,582067576,398.5,380.0,393.0,15.5,1456,3653,380.0
2022-03-24,923950,367654238,404.5,388.0,399.5,6.5,980,3653,390.0
2022-03-25,1052116,427881914,410.0,402.0,408.0,8.5,1121,3653,404.5
2022-03-28,543712,220605836,412.5,400.0,410.0,2.0,693,3653,401.0
2022-03-29,618615,254205425,415.0,404.0,410.0,0.0,803,3653,412.0
2022-03-30,803308,333618715,419.5,411.0,416.0,6.0,857,3653,414.5
2022-03-31,458388,189429508,418.0,410.0,410.0,-6.0,509,3653,414.0
2022-04-01,1324475,554721334,426.0,404.0,419.0,9.0,1317,3653,404.0
2022-04-06,687898,287821721,423.0,413.0,420.5,1.5,685,3653,420.0
2022-04-07,993287,410709374,420.5,406.5,408.0,-12.5,1015,3653,415.0
2022-04-08,1237164,500760126,418.5,395.0,395.0,-13.0,1353,3653,412.0
2022-04-11,722466,284857756,404.0,388.5,391.0,-4.0,721,3653,400.0
2022-04-12,612101,238398695,396.0,383.0,396.0,5.0,627,3653,389.0
2022-04-13,838876,333686870,407.0,388.5,402.5,6.5,775,3653,406.0
2022-04-14,413264,166493653,409.5,399.5,400.0,-2.5,400,3653,402.0
2022-04-15,568018,220519436,396.0,384.0,385.0,-15.0,650,3653,395.5
2022-04-18,293575,113394488,389.5,378.0,387.5,2.5,316,3653,378.0
2022-04-19,550745,219974991,406.0,389.0,403.5,16.0,592,3653,389.0
2022-04-20,879316,350638914,410.0,393.0,393.5,-10.0,887,3653,406.5
2022-04-21,284704,113006263,399.5,393.5,399.5,6.0,291,3653,397.0
2022-04-22,606140,238041719,399.0,388.0,399.0,-0.5,609,3653,393.0
2022-04-25,1029969,387553335,392.5,364.5,370.0,-29.0,1155,3653,392.5
2022-04-26,2065954,723186701,376.0,339.0,339.0,-31.0,2221,3653,375.5
2022-04-27,2932794,998901768,360.0,317.0,360.0,21.0,2676,3653,317.0
2022-04-28,1451339,532206553,378.0,350.0,371.5,11.5,1453,3653,351.5
2022-04-29,1238379,470569940,387.0,369.0,379.5,8.0,1207,3653,369.0
2022-05-03,624899,234690789,383.0,371.0,377.5,-2.0,664,3653,377.5
2022-05-04,482806,185382611,388.5,377.0,382.0,4.5,509,3653,377.0
2022-05-05,757082,297636384,398.0,389.0,390.0,8.0,779,3653,390.0
2022-05-06,453519,172274250,384.0,375.0,383.5,-6.5,478,3653,380.5
2022-05-09,334206,124491271,378.5,369.0,369.0,-14.5,392,3653,378.5
2022-05-10,510345,187929909,378.0,358.5,375.5,6.5,590,3653,361.0
2022-05-11,317713,119738941,382.0,374.0,374.5,-1.0,320,3653,374.5
2022-05-12,266302,99980542,382.5,370.0,370.0,-4.5,311,3653,375.0
2022-05-13,487884,184292879,381.0,374.5,378.5,8.5,496,3653,374.5
2022-05-16,596259,228949540,393.5,374.0,374.5,-4.0,662,3653,382.0
2022-05-17,274383,103269545,382.0,373.5,375.5,1.0,288,3653,378.5
2022-05-18,822631,315523047,389.0,377.0,380.5,5.0,810,3653,382.0
2022-05-19,669392,247641312,376.0,366.0,367.5,-13.0,820,3653,374.0
2022-05-20,509325,186486135,372.0,361.0,363.0,-4.5,536,3653,371.5
2022-05-23,351968,126919662,369.5,357.0,357.0,-6.0,405,3653,369.5
2022-05-24,440779,155782496,365.5,349.5,350.0,-7.0,510,3653,365.5
2022-05-25,1681076,569796804,353.5,331.5,337.0,-13.0,1746,3653,353.0
2022-05-26,2587285,847798333,346.5,319.0,322.5,-14.5,2444,3653,342.0
2022-05-27,1532737,508880169,337.0,324.0,334.0,11.5,1513,3653,329.5
2022-05-30,1249055,434842964,357.0,338.0,349.0,15.0,1197,3653,338.0
2022-05-31,625450,220333599,356.0,346.0,354.5,5.5,626,3653,348.5
2022-06-01,631090,223542848,359.0,349.0,352.5,-2.0,640,3653,355.0
2022-06-02,340427,120431047,357.5,349.5,354.0,1.5,332,3653,352.0
2022-06-06,2493522,927073290,378.0,358.0,374.5,20.5,2288,3653,360.5
2022-06-07,3546348,1366950918,392.0,374.0,383.0,8.5,3086,3653,377.0
2022-06-08,3831649,1520036565,401.5,387.0,401.5,18.5,3294,3653,389.5
2022-06-09,1837746,718513923,399.0,384.0,385.5,-16.0,2401,3653,393.5
2022-06-10,1003836,389277804,394.0,377.5,392.5,7.0,1054,3653,382.0
2022-06-13,610850,235249324,388.0,380.5,388.0,-4.5,611,3653,385.0
2022-06-14,815048,312569415,391.0,376.0,391.0,3.0,882,3653,381.0
2022-06-15,1783316,707884635,401.5,390.0,392.0,1.0,1612,3653,391.5
2022-06-16,1551429,591307458,400.0,368.5,370.0,-22.0,2038,3653,397.5
2022-06-17,2254349,794142001,364.0,345.5,353.0,-17.0,2165,3653,361.0
2022-06-20,1291990,464791009,364.5,354.5,357.5,4.5,1242,3653,361.0
2022-06-21,1224581,452682379,377.5,360.0,376.5,19.0,1201,3653,364.0
2022-06-22,1008736,362738526,374.5,351.0,352.0,-24.5,1143,3653,373.5
2022-06-23,1153676,412913836,363.5,351.5,360.5,8.5,1106,3653,357.0
2022-06-24,786255,287060871,371.5,360.0,362.0,1.5,760,3653,368.0
2022-06-27,802073,301994460,381.5,368.0,376.0,14.0,842,3653,368.0
2022-06-28,416821,154294864,377.0,365.0,369.5,-6.5,422,3653,377.0
2022-06-29,735117,269750753,373.5,357.5,371.5,2.0,709,3653,363.5
2022-06-30,2296676,791981502,367.5,334.5,334.5,-37.0,2443,3653,365.5
2022-07-01,3392711,1123424367,350.0,315.0,315.0,-19.5,3233,3653,328.0
2022-07-04,2524138,788907962,321.5,304.0,314.0,-1.0,2325,3653,317.0
2022-07-05,2705570,864531984,330.5,307.0,314.0,0.0,2258,3653,325.0
2022-07-06,2683733,787947685,317.5,283.0,283.0,-31.0,2598,3653,316.0
2022-07-07,6743538,1821256177,288.5,255.0,287.5,4.5,5340,3653,275.0
2022-07-08,3272735,1016132058,316.0,298.5,316.0,28.5,2261,3653,307.5
2022-07-11,1867249,577307411,325.0,297.5,298.0,-18.0,1751,3653,325.0
2022-07-12,2239985,624006273,294.0,272.5,275.0,-23.0,2086,3653,294.0
2022-07-13,2145447,631320057,301.5,287.0,293.5,18.5,1735,3653,288.5
2022-07-14,3361180,1025037260,315.5,286.0,311.5,0.0,2695,3653,287.5
2022-07-15,3165238,1027680080,330.0,316.0,327.0,15.5,2901,3653,316.5
2022-07-18,3026750,1043767057,357.0,331.0,354.0,27.0,2803,3653,334.0
2022-07-19,2172544,762247855,356.5,341.5,351.0,-3.0,2067,3653,349.0
2022-07-20,2346049,839815791,367.5,351.0,353.5,2.5,2234,3653,363.0
2022-07-21,3172329,1172662990,382.5,351.0,378.0,24.5,3005,3653,359.0
2022-07-22,3869179,1489316796,393.0,375.0,385.0,7.0,3420,3653,385.5
2022-07-25,1332170,510810158,389.0,376.5,386.0,1.0,1263,3653,380.5
2022-07-26,1476786,561238172,389.5,373.5,380.0,-6.0,1431,3653,382.0
2022-07-27,2606850,971007099,382.0,363.5,380.0,0.0,2464,3653,376.5
2022-07-28,2456175,918651898,385.0,368.0,371.5,-8.5,2182,3653,381.0
2022-07-29,2576579,993298820,392.5,372.0,389.5,18.0,2498,3653,372.0
2022-08-01,2037127,771781832,390.5,373.5,376.5,-13.0,2130,3653,386.5
2022-08-02,2837624,1027977432,372.0,357.0,362.5,-14.0,2847,3653,369.0
2022-08-03,1958967,715407933,374.5,354.0,367.0,4.5,1825,3653,360.0
2022-08-04,1552796,571701651,373.0,361.0,372.5,5.5,1593,3653,361.0
2022-08-05,1640626,616467463,381.5,370.5,374.5,2.0,1502,3653,378.0
2022-08-08,1362489,509772808,380.5,365.5,379.5,5.0,1200,3653,372.0
2022-08-09,825377,311715423,383.0,373.5,376.0,-3.5,1023,3653,376.0
2022-08-10,746317,281045764,380.5,370.0,377.0,1.0,775,3653,371.0
2022-08-11,1711275,645858274,388.0,371.0,373.5,-3.5,1698,3653,385.0
2022-08-12,1003539,381309002,383.0,374.5,379.0,5.5,970,3653,374.5
2022-08-15,3875836,1553520936,412.0,381.0,409.0,30.0,3629,3653,382.5
2022-08-16,2090288,854917020,418.0,401.5,403.5,-5.5,1993,3653,407.0
2022-08-17,1333848,542887535,411.5,402.0,407.5,4.0,1367,3653,402.5
2022-08-18,1644216,679916378,421.0,402.5,418.0,10.5,1696,3653,406.0
2022-08-19,1034913,432150641,421.5,412.0,417.0,-1.0,1041,3653,418.0
2022-08-22,801957,329322107,417.0,406.0,410.0,-7.0,845,3653,413.0
2022-08-23,613183,250540671,413.0,402.5,408.5,-1.5,707,3653,404.0
2022-08-24,660502,270802961,415.5,407.0,407.5,-1.0,916,3653,410.0
2022-08-25,1834591,771145083,428.5,410.0,421.0,13.5,1915,3653,411.5
2022-08-26,2225111,958594351,440.0,420.0,421.5,0.5,2604,3653,427.5
2022-08-29,1524946,619079210,411.5,396.0,405.5,-16.0,1740,3653,408.0
2022-08-30,1382099,559242892,409.0,399.0,404.0,-1.5,1279,3653,405.5
2022-08-31,2102860,838539292,408.5,391.5,400.0,-4.0,1960,3653,405.0
2022-09-01,2306653,805779838,356.5,342.0,345.0,0.0,2405,3653,346.0
2022-09-02,3168025,1169824074,379.5,346.0,378.5,33.5,3133,3653,347.0
2022-09-05,3294486,1261326678,390.5,375.5,379.5,1.0,2803,3653,378.5
2022-09-06,1798401,683841507,385.0,375.5,375.5,-4.0,1594,3653,381.0
2022-09-07,1174991,439977414,382.0,367.5,375.0,-0.5,1096,3653,371.0
2022-09-08,3216256,1238310114,393.0,375.5,385.0,10.0,3168,3653,385.5
2022-09-12,2476960,977064980,399.0,388.5,392.0,7.0,2337,3653,392.5
2022-09-13,1567858,616364523,398.5,388.5,393.5,1.5,1388,3653,394.0
2022-09-14,2740299,1076093535,401.0,378.5,395.0,1.5,2412,3653,382.0
2022-09-15,3937162,1607854720,418.0,397.0,404.5,9.5,4282,3653,397.5
2022-09-16,2073970,830294322,410.5,393.5,394.0,-10.5,2365,3653,405.0
2022-09-19,1056176,413733529,398.0,388.0,388.0,-6.0,1147,3653,394.0
2022-09-20,979754,379824054,394.0,383.5,384.5,-3.5,1062,3653,390.0
2022-09-21,1089544,413557685,388.0,376.0,378.0,-6.5,1105,3653,383.0
2022-09-22,1982789,772272741,395.0,373.0,393.5,15.5,1895,3653,375.0
2022-09-23,1710493,667661053,397.0,383.0,384.5,-9.0,1722,3653,391.5
2022-09-26,1368130,517207661,388.5,369.5,370.5,-14.0,1436,3653,381.5
2022-09-27,999393,371312012,376.5,366.0,374.0,3.5,925,3653,376.5
2022-09-28,1645700,603119022,376.0,360.0,361.5,-12.5,1594,3653,375.5
2022-09-29,1488717,556040601,381.0,368.0,369.0,7.5,1410,3653,370.0
2022-09-30,1278394,476588793,381.5,360.0,381.5,12.5,1289,3653,363.5
2022-10-03,1479329,568600639,389.5,375.0,385.5,4.0,1374,3653,375.0
2022-10-04,1737773,684417092,398.0,387.5,393.0,7.5,1678,3653,397.5
2022-10-05,2477082,998613505,409.0,395.5,403.0,10.0,2491,3653,395.5
2022-10-06,1665914,680508492,413.5,401.5,413.5,10.5,1561,3653,402.5
2022-10-07,1507576,626616811,419.0,408.0,418.5,5.0,1542,3653,408.0
2022-10-11,1469016,599785145,419.0,401.5,403.0,-15.5,2021,3653,410.0
2022-10-12,2049891,798592520,404.0,374.0,395.0,-8.0,2642,3653,403.0
2022-10-13,2086147,797790666,398.5,373.0,373.5,-21.5,2586,3653,391.0
2022-10-14,1211800,472704043,395.5,384.0,384.5,11.0,1273,3653,389.0
2022-10-17,2013619,742152511,379.0,361.5,371.5,-13.0,3071,3653,377.0
2022-10-18,1073435,399799634,381.0,368.0,369.0,-2.5,1089,3653,377.0
2022-10-19,1299221,477898449,376.5,363.5,363.5,-5.5,1291,3653,369.0
2022-10-20,2779864,939349010,356.5,327.5,327.5,-36.0,3088,3653,356.5
2022-10-21,7339679,2314123159,328.0,299.0,317.0,-10.5,5845,3653,325.5
2022-10-24,2222294,729167147,336.0,323.0,325.5,8.5,3732,3653,328.0
2022-10-25,1518576,496990497,334.5,322.0,323.0,-2.5,1680,3653,328.5
2022-10-26,1749961,555494399,325.0,311.5,314.0,-9.0,2364,3653,323.5
2022-10-27,2869804,965638098,345.0,316.5,345.0,31.0,2900,3653,316.5
2022-10-28,2468241,860293629,354.5,341.0,344.5,-0.5,2379,3653,344.0
2022-10-31,910481,320484911,356.0,349.0,351.0,6.5,891,3653,353.0
2022-11-01,992370,354449012,362.5,347.0,355.5,4.5,1022,3653,347.0
2022-11-02,2785073,1035576917,377.5,361.5,373.5,18.0,2723,3653,364.5
2022-11-03,1086796,406778492,377.0,368.5,375.0,1.5,1118,3653,371.0
2022-11-04,712003,268305395,379.5,373.0,378.0,3.0,758,3653,373.5
2022-11-07,1288453,485565609,384.5,370.0,375.0,-3.0,1318,3653,383.0
2022-11-08,1074648,406025891,383.5,373.0,374.0,-1.0,1212,3653,373.5
2022-11-09,1001594,381393284,384.0,377.0,382.0,8.0,1034,3653,378.0
2022-11-10,797587,301285814,383.0,373.0,379.5,-2.5,792,3653,379.5
2022-11-11,1228959,478170978,396.5,382.0,384.0,4.5,1412,3653,393.5
2022-11-14,966589,371369599,393.0,379.0,379.5,-4.5,1445,3653,388.5
2022-11-15,1281967,485220315,383.5,371.0,380.0,0.5,1305,3653,379.5
2022-11-16,1037440,398090064,387.0,378.0,385.0,5.0,1106,3653,382.5
2022-11-17,1152291,449202408,394.0,385.5,391.5,6.5,1209,3653,388.0
2022-11-18,1244439,480328722,397.0,379.5,380.5,-11.0,1599,3653,394.0
2022-11-21,473889,182330308,388.0,380.0,383.0,2.5,452,3653,380.5
2022-11-22,621503,237151067,387.0,375.0,382.0,-1.0,700,3653,381.0
2022-11-23,511200,194669845,388.0,377.0,378.5,-3.5,834,3653,386.5
2022-11-24,514142,196195612,385.0,377.0,384.0,5.5,777,3653,381.0
2022-11-25,490015,186093296,386.0,376.0,376.0,-8.0,767,3653,384.0
2022-11-28,480958,182719741,383.5,375.0,382.5,6.5,530,3653,377.0
2022-11-29,756134,286619585,385.5,376.0,376.0,-6.5,1196,3653,384.5
2022-11-30,517740,196171450,383.0,375.0,379.0,3.0,650,3653,376.5
2022-12-01,3848465,1538360335,408.0,385.0,397.0,18.0,3961,3653,385.0
2022-12-02,3314184,1348844249,414.5,395.5,410.0,13.0,3465,3653,406.5
2022-12-05,1632384,674208833,416.0,408.0,411.0,1.0,1629,3653,410.0
2022-12-06,2025088,801090114,410.0,388.5,389.0,-22.0,4866,3653,407.0
2022-12-07,1200161,463338413,391.5,379.0,389.0,0.0,1617,3653,390.0
2022-12-08,960368,378368297,397.5,388.5,397.5,8.5,1048,3653,391.5
2022-12-09,919979,361760190,403.0,386.5,387.5,-10.0,1093,3653,400.0
2022-12-12,333015,128751220,393.0,380.0,388.0,0.5,364,3653,387.0
2022-12-13,399003,154990805,393.5,384.0,384.0,-4.0,477,3653,393.5
2022-12-14,780226,307885464,400.0,388.5,396.5,12.5,793,3653,388.5
2022-12-15,1659572,669594757,408.5,394.0,408.5,12.0,1646,3653,396.5
2022-12-16,1068231,425755857,404.0,394.5,398.5,-10.0,1062,3653,400.0
2022-12-19,578274,229081261,401.0,389.5,395.0,-3.5,628,3653,398.0
2022-12-20,1185894,459458187,401.5,380.0,380.0,-15.0,1362,3653,395.0
2022-12-21,1177260,444649982,388.0,370.5,376.5,-3.5,1335,3653,383.0
2022-12-22,1353674,505362252,384.0,368.0,372.5,-4.0,1428,3653,380.0
2022-12-23,1388825,505036143,370.0,357.0,369.5,-3.0,1732,3653,369.5
2022-12-26,697016,253795422,367.5,359.0,365.5,-4.0,740,3653,365.0
2022-12-27,1698308,648372796,389.0,365.5,386.5,21.0,1841,3653,365.5
2022-12-28,1637357,627540783,393.0,377.0,381.5,-5.0,1827,3653,382.0
2022-12-29,1526683,579390503,388.0,369.0,382.0,0.5,1564,3653,377.0
2022-12-30,1927946,739217605,394.0,376.5,376.5,-5.5,1816,3653,388.0
2023-01-03,785794,298021351,385.0,376.0,376.5,0.0,859,3653,380.0
2023-01-04,437913,164924559,380.5,373.5,374.0,-2.5,479,3653,375.5
2023-01-05,1328861,489849910,380.0,365.0,366.0,-8.0,1548,3653,378.0
2023-01-06,654674,238962694,369.0,360.5,366.5,0.5,694,3653,363.0
2023-01-09,1605302,612975716,388.0,372.0,387.5,21.0,1716,3653,374.0
2023-01-10,1115494,431195660,392.0,382.5,383.5,-4.0,1311,3653,387.0
2023-01-11,391788,149529400,388.0,378.5,381.0,-2.5,471,3653,385.0
2023-01-12,478322,181504888,387.0,377.0,377.0,-4.0,562,3653,387.0
2023-01-13,768560,294960254,387.0,379.5,380.0,3.0,878,3653,381.0
2023-01-16,427179,164403306,387.0,379.0,385.5,5.5,515,3653,380.0
2023-01-17,384975,148755990,388.0,383.0,386.5,1.0,461,3653,385.5
2023-01-30,2333197,896556142,399.0,377.0,381.5,-5.0,2068,3653,393.0
2023-01-31,1387512,522777736,383.5,372.5,375.0,-6.5,1607,3653,381.5
2023-02-01,1397246,536852908,389.5,378.5,383.5,8.5,1460,3653,379.0
2023-02-02,4006527,1618599651,412.5,388.0,407.5,24.0,4100,3653,390.0
2023-02-03,2052304,845055005,417.0,405.0,409.5,2.0,2290,3653,407.5
2023-02-06,884072,361532502,413.0,403.5,410.5,1.0,991,3653,407.5
2023-02-07,1543571,640755644,419.0,410.0,410.5,0.0,1642,3653,413.0
2023-02-08,1264324,512504884,412.5,401.0,401.5,-9.0,2792,3653,411.0
2023-02-09,988232,395117552,404.0,396.5,398.5,-3.0,1063,3653,402.0
2023-02-10,1012469,402998831,403.0,392.5,393.5,-5.0,1488,3653,402.0
2023-02-13,1238458,498812314,408.0,391.5,406.5,13.0,1220,3653,392.5
2023-02-14,2267852,934561202,416.5,404.0,413.0,6.5,2167,3653,406.5
2023-02-15,5455074,2115960354,413.0,372.5,377.5,-35.5,5627,3653,408.0
2023-02-16,5025522,1898142008,388.0,369.0,385.5,8.0,5158,3653,380.0
2023-02-17,2662351,1035715386,394.0,378.0,393.0,7.5,2596,3653,379.0
2023-02-20,1730014,687803805,401.0,388.5,397.5,4.5,1729,3653,390.0
2023-02-21,1209488,482560605,404.0,394.0,397.5,0.0,1254,3653,398.0
2023-02-22,1395727,554205461,401.0,390.0,398.0,0.5,1409,3653,392.5
2023-02-23,879585,352627841,403.5,398.0,401.5,3.5,888,3653,400.0
2023-02-24,5298349,2237218258,434.5,406.0,425.0,23.5,5297,3653,407.5
2023-03-01,2760816,1131244075,429.5,403.0,405.0,-20.0,5784,3653,427.0
2023-03-02,1245699,502800733,411.0,399.0,402.5,-2.5,1327,3653,406.0
2023-03-03,702522,283814506,408.0,402.0,402.0,-0.5,832,3653,405.0
2023-03-06,1150691,467704390,413.5,401.0,407.0,5.0,1187,3653,405.0
2023-03-07,1043593,421309151,410.0,398.0,404.0,-3.0,1272,3653,408.5
2023-03-08,474289,191821548,406.5,400.5,406.0,2.0,559,3653,404.0
2023-03-09,896160,366763613,413.0,404.5,409.0,3.0,917,3653,406.0
2023-03-10,1054309,422697738,408.0,397.5,399.0,-10.0,1050,3653,406.0
2023-03-13,903310,358202736,402.5,387.0,402.5,3.5,1054,3653,398.0
2023-03-14,1111491,442942292,402.0,393.5,398.5,-4.0,1033,3653,398.5
2023-03-15,1426757,576397901,411.5,400.0,400.5,2.0,1411,3653,404.0
2023-03-16,795391,319468569,406.5,396.5,400.5,0.0,735,3653,397.5
2023-03-17,3011897,1245162613,425.5,404.0,404.0,3.5,2951,3653,407.0
2023-03-20,1428529,587313637,419.0,405.5,407.0,3.0,1987,3653,410.0
2023-03-21,1086461,445230835,415.5,404.0,408.0,1.0,1186,3653,412.0
2023-03-22,3512610,1478116422,429.5,414.0,417.5,9.5,4055,3653,415.0
2023-03-23,6332537,2765356176,448.5,415.5,439.5,22.0,6357,3653,420.0
2023-03-24,4402104,1956981552,452.5,432.5,451.0,11.5,4473,3653,441.0
2023-03-27,7367001,3536257904,496.0,445.5,488.0,37.0,8972,3653,449.0
2023-03-28,7020434,3393857384,499.5,468.0,474.0,-14.0,6726,3653,491.0
2023-03-29,3781606,1794213316,484.5,468.0,469.5,-4.5,3708,3653,481.5
2023-03-30,3949063,1899239971,490.5,471.5,479.5,10.0,3565,3653,474.5
2023-03-31,2192787,1053204538,487.5,473.5,476.5,-3.0,2129,3653,480.5
2023-04-06,1071678,507544298,478.5,468.0,476.5,0.0,1158,3653,472.0
2023-04-07,2123677,1025320362,488.5,475.5,486.5,10.0,2178,3653,482.5
2023-04-10,1356109,659414282,491.5,481.0,486.5,0.0,1451,3653,483.5
2023-04-11,3433226,1702697282,508.0,488.5,489.0,2.5,3214,3653,495.0
2023-04-12,1290925,640041471,499.0,492.5,493.0,4.0,1305,3653,493.0
2023-04-13,1142215,553685158,495.0,480.0,480.0,-13.0,1668,3653,495.0
2023-04-14,915990,440009099,486.5,475.0,479.5,-0.5,1017,3653,481.5
2023-04-17,701967,334580438,484.5,473.0,475.0,-4.5,877,3653,478.5
2023-04-18,837325,397758549,479.5,470.5,475.0,0.0,867,3653,475.0
2023-04-19,685692,324009794,479.0,469.0,469.0,-6.0,979,3653,475.0
2023-04-20,687552,322165366,476.5,462.5,463.5,-5.5,921,3653,468.0
2023-04-21,1473427,665495924,466.5,443.0,449.0,-14.5,1637,3653,466.0
2023-04-24,659006,297387426,460.0,445.0,451.5,2.5,750,3653,446.5
2023-04-25,1234298,541838346,454.0,430.0,437.5,-14.0,1388,3653,453.5
2023-04-26,1591629,693315616,443.0,429.5,436.0,-1.5,1520,3653,436.0
2023-04-27,1939545,871407319,458.5,431.5,450.0,14.0,1894,3653,437.0
2023-04-28,877547,401370165,462.0,452.5,455.0,5.0,962,3653,452.5
2023-05-02,1876736,881575183,476.0,455.0,476.0,21.0,1890,3653,455.5
2023-05-03,802188,377246144,473.5,466.5,471.0,-5.0,886,3653,471.0
2023-05-04,916042,434676489,482.5,470.0,470.0,-1.0,980,3653,470.0
2023-05-05,773019,367057603,481.0,470.0,472.0,2.0,819,3653,476.0
2023-05-08,956960,458868172,482.5,473.0,480.0,8.0,1066,3653,473.0
2023-05-09,1170450,562577210,486.0,468.5,483.5,3.5,1279,3653,481.5
2023-05-10,785090,376309554,488.5,474.0,480.0,-3.5,898,3653,484.0
2023-05-11,1077531,505462431,482.0,460.0,460.5,-19.5,1266,3653,481.0
2023-05-12,616731,286096057,468.0,457.0,464.5,4.0,663,3653,467.0
2023-05-15,494708,228666575,468.5,458.0,462.0,-2.5,578,3653,464.5
2023-05-16,604481,285015829,477.0,467.0,469.5,7.5,706,3653,467.0
2023-05-17,1271429,612644384,486.0,475.0,486.0,16.5,1367,3653,475.5
2023-05-18,2081868,1032869542,504.0,489.0,496.5,10.5,2249,3653,496.0
2023-05-19,3175815,1649629825,536.0,498.0,532.0,35.5,4651,3653,500.0
2023-05-22,2247008,1224834586,559.0,530.0,548.0,16.0,3349,3653,532.0
2023-05-23,1066703,582649133,552.0,538.0,547.0,-1.0,1189,3653,540.0
2023-05-24,965090,521918424,546.0,533.0,546.0,-1.0,1065,3653,545.0
2023-05-25,2360432,1326860647,573.0,547.0,562.0,16.0,2751,3653,560.0
2023-05-26,3055316,1815628979,615.0,575.0,598.0,36.0,3481,3653,576.0
2023-05-29,2239851,1372144900,624.0,596.0,616.0,18.0,3012,3653,613.0
2023-05-30,1747457,1081352640,629.0,610.0,622.0,6.0,1898,3653,621.0
2023-05-31,1476867,891615373,624.0,594.0,598.0,-24.0,3751,3653,624.0
2023-06-01,1018302,611614586,609.0,592.0,603.0,5.0,1131,3653,596.0
2023-06-02,1356136,817720906,614.0,597.0,597.0,-6.0,1446,3653,614.0
2023-06-05,535248,322043346,607.0,596.0,604.0,7.0,638,3653,600.0
2023-06-06,692806,418114463,610.0,595.0,604.0,0.0,807,3653,606.0
2023-06-07,1474913,909254201,626.0,603.0,615.0,11.0,1510,3653,607.0
2023-06-08,1619721,969958900,611.0,590.0,595.0,-20.0,1861,3653,608.0
2023-06-09,1293670,780670185,613.0,594.0,608.0,13.0,1112,3653,600.0
2023-06-12,1971051,1222979556,640.0,601.0,619.0,11.0,2163,3653,618.0
2023-06-13,1868288,1180853111,641.0,622.0,633.0,14.0,2148,3653,628.0
2023-06-14,1415953,881482915,639.0,610.0,616.0,-17.0,1877,3653,632.0
2023-06-15,1450398,917773100,646.0,620.0,644.0,28.0,1762,3653,621.0
2023-06-16,971419,618725999,645.0,632.0,635.0,-9.0,1405,3653,644.0
2023-06-19,1226938,790205750,652.0,631.0,646.0,11.0,1959,3653,636.0
2023-06-20,2370224,1573033977,679.0,645.0,666.0,20.0,3149,3653,649.0
2023-06-21,1786718,1169262816,664.0,644.0,655.0,-11.0,2201,3653,664.0
2023-06-26,2527656,1561477098,655.0,602.0,614.0,-41.0,3157,3653,655.0
2023-06-27,1137086,695095474,622.0,604.0,604.0,-10.0,1474,3653,616.0
2023-06-28,1038257,626072706,618.0,595.0,602.0,-2.0,1377,3653,618.0
2023-06-29,1521707,911663526,610.0,590.0,605.0,3.0,1847,3653,606.0
2023-06-30,1870013,1183996504,645.0,605.0,645.0,40.0,2147,3653,606.0
2023-07-03,2130429,1423074636,684.0,650.0,672.0,27.0,2415,3653,658.0
2023-07-04,1648408,1109227732,684.0,660.0,681.0,9.0,1752,3653,667.0
2023-07-05,1181099,796678635,684.0,661.0,677.0,-4.0,1427,3653,682.0
2023-07-06,1487873,986098690,685.0,648.0,653.0,-24.0,1924,3653,672.0
2023-07-07,885147,570441060,660.0,633.0,640.0,-13.0,1699,3653,645.0
2023-07-10,738460,468762089,645.0,625.0,634.0,-6.0,1058,3653,642.0
2023-07-11,613942,397674418,654.0,638.0,649.0,15.0,824,3653,638.0
2023-07-12,1131074,740829940,667.0,645.0,656.0,7.0,1293,3653,650.0
2023-07-13,2724196,1851840451,697.0,661.0,665.0,9.0,2957,3653,666.0
2023-07-14,1821705,1206054275,682.0,640.0,675.0,10.0,3290,3653,679.0
2023-07-17,1294907,854639741,681.0,648.0,649.0,-26.0,1836,3653,670.0
2023-07-18,1001247,646064921,664.0,632.0,643.0,-6.0,1536,3653,658.0
2023-07-19,1189827,762106892,655.0,633.0,634.0,-9.0,1336,3653,651.0
2023-07-20,967194,610105397,642.0,625.0,628.0,-6.0,1231,3653,636.0
2023-07-21,1481707,947137759,656.0,607.0,641.0,13.0,1753,3653,621.0
2023-07-24,1334628,868493957,664.0,639.0,657.0,16.0,1599,3653,641.0
2023-07-25,3381663,2142296698,680.0,605.0,611.0,-46.0,4593,3653,669.0
2023-07-26,2950275,1737614235,619.0,575.0,577.0,-34.0,5280,3653,619.0
2023-07-27,2914160,1652439930,584.0,559.0,569.0,-8.0,3571,3653,580.0
2023-07-28,3837506,2109878731,573.0,541.0,545.0,-24.0,5378,3653,571.0
2023-07-31,3332799,1766850639,554.0,521.0,531.0,-14.0,3702,3653,550.0
2023-08-01,2793053,1494260065,547.0,519.0,541.0,10.0,2564,3653,533.0
2023-08-02,3996498,2233683999,572.0,538.0,554.0,13.0,4068,3653,539.0
2023-08-04,1691378,935567474,568.0,535.0,552.0,-2.0,1967,3653,551.0
2023-08-07,1172596,663444399,573.0,550.0,568.0,16.0,1613,3653,552.0
2023-08-08,1603447,924272840,587.0,569.0,573.0,5.0,1820,3653,581.0
2023-08-09,1215024,710241208,594.0,563.0,585.0,12.0,1472,3653,571.0
2023-08-10,953803,541449990,585.0,552.0,566.0,-19.0,2048,3653,577.0
2023-08-11,2294508,1356797378,596.0,572.0,592.0,26.0,2263,3653,574.0
2023-08-14,1605499,954699409,608.0,582.0,589.0,-3.0,3521,3653,583.0
2023-08-15,1383370,835568216,610.0,596.0,606.0,17.0,1745,3653,596.0
2023-08-16,821951,497034587,609.0,598.0,609.0,3.0,1144,3653,600.0
2023-08-17,1039183,628479403,611.0,598.0,602.0,-7.0,2261,3653,609.0
2023-08-18,1234409,749125052,618.0,600.0,602.0,0.0,1452,3653,606.0
2023-08-21,767139,456990785,612.0,588.0,593.0,-9.0,955,3653,606.0
2023-08-22,868106,521269432,615.0,593.0,594.0,1.0,1014,3653,606.0
2023-08-23,1223147,737305796,611.0,583.0,606.0,0.0,1427,3653,583.0
2023-08-24,2033239,1281840685,642.0,613.0,633.0,27.0,2604,3653,627.0
2023-08-25,761243,474304156,629.0,615.0,626.0,-7.0,965,3653,620.0
2023-08-28,1129316,709121209,636.0,619.0,627.0,1.0,1200,3653,633.0
2023-08-29,3363125,2199418057,668.0,631.0,660.0,33.0,3753,3653,638.0
2023-08-30,2901988,1967685671,693.0,661.0,677.0,17.0,3123,3653,668.0
2023-08-31,1584245,1042707043,685.0,646.0,647.0,-30.0,8187,3653,669.0
2023-09-01,893536,579983634,660.0,643.0,646.0,-1.0,1164,3653,650.0
2023-09-04,1145123,731874514,649.0,628.0,639.0,-7.0,1572,3653,649.0
2023-09-05,500001,319958246,648.0,634.0,639.0,0.0,615,3653,645.0
2023-09-06,459399,292663638,644.0,633.0,634.0,-5.0,620,3653,639.0
2023-09-07,757461,484759127,650.0,624.0,646.0,12.0,1062,3653,630.0
2023-09-08,1652407,1096209816,673.0,648.0,660.0,14.0,2077,3653,651.0
2023-09-11,997531,645192688,671.0,635.0,640.0,-20.0,4945,3653,666.0
2023-09-12,751042,483976211,658.0,633.0,637.0,-3.0,1917,3653,643.0
2023-09-13,628821,399426648,642.0,630.0,636.0,-1.0,760,3653,637.0
2023-09-14,915160,597412713,661.0,637.0,654.0,18.0,1085,3653,637.0
2023-09-15,1821246,1151983855,663.0,620.0,620.0,-34.0,2957,3653,660.0
2023-09-18,789134,498326882,639.0,617.0,630.0,10.0,909,3653,620.0
2023-09-19,2724975,1633584019,637.0,584.0,586.0,-44.0,3847,3653,637.0
2023-09-20,1044378,621350399,602.0,586.0,590.0,4.0,1278,3653,592.0
2023-09-21,1259286,741816685,603.0,573.0,596.0,6.0,1514,3653,587.0
2023-09-22,784830,467613990,602.0,587.0,601.0,5.0,1083,3653,590.0
2023-09-25,666042,404044233,616.0,597.0,600.0,-1.0,896,3653,605.0
2023-09-26,1078616,659220359,625.0,600.0,602.0,2.0,1210,3653,604.0
2023-09-27,587765,354654599,612.0,600.0,601.0,-1.0,616,3653,608.0
2023-09-28,1877525,1170323452,634.0,608.0,623.0,22.0,2251,3653,608.0
2023-10-02,2288489,1502915769,674.0,635.0,655.0,32.0,2825,3653,635.0
2023-10-03,1054523,688825456,666.0,640.0,652.0,-3.0,1880,3653,650.0
2023-10-04,493914,317257326,648.0,637.0,642.0,-10.0,878,3653,644.0
2023-10-05,796707,513975417,657.0,638.0,643.0,1.0,1921,3653,653.0
2023-10-06,512470,325362482,647.0,630.0,630.0,-13.0,2072,3653,645.0
2023-10-11,798077,502412253,642.0,623.0,624.0,-6.0,856,3653,632.0
2023-10-12,540899,341358910,637.0,625.0,632.0,8.0,598,3653,628.0
2023-10-13,377520,238183894,637.0,625.0,632.0,0.0,464,3653,637.0
2023-10-16,393592,244603376,632.0,617.0,620.0,-12.0,511,3653,632.0
2023-10-17,1373084,862705064,635.0,617.0,629.0,9.0,1293,3653,628.0
2023-10-18,2889640,1708130780,628.0,576.0,583.0,-46.0,3696,3653,624.0
2023-10-19,1846586,1108947488,612.0,571.0,612.0,29.0,1926,3653,578.0
2023-10-20,924099,560825919,617.0,593.0,607.0,-5.0,1344,3653,605.0
2023-10-23,1092377,648921632,604.0,587.0,587.0,-20.0,1312,3653,601.0
2023-10-24,1186635,693117983,594.0,579.0,586.0,-1.0,1327,3653,590.0
2023-10-25,502950,300612837,602.0,589.0,599.0,13.0,564,3653,589.0
2023-10-26,1728740,993276301,594.0,563.0,563.0,-36.0,2409,3653,590.0
2023-10-27,1024107,582176599,578.0,558.0,568.0,5.0,1782,3653,571.0
2023-10-30,635129,368104070,583.0,571.0,581.0,13.0,695,3653,572.0
2023-10-31,1101732,643745734,598.0,571.0,575.0,-6.0,1209,3653,590.0
2023-11-01,859455,499961771,589.0,572.0,585.0,10.0,880,3653,576.0
2023-11-02,2530759,1577856227,635.0,612.0,623.0,38.0,2733,3653,615.0
2023-11-03,718523,441900719,630.0,605.0,605.0,-18.0,1718,3653,630.0
2023-11-06,1668454,984374913,612.0,578.0,589.0,-16.0,2423,3653,612.0
2023-11-07,905604,537313660,601.0,585.0,592.0,3.0,1009,3653,589.0
2023-11-08,688052,412858694,606.0,594.0,594.0,2.0,750,3653,596.0
2023-11-09,1640715,947782068,599.0,569.0,570.0,-24.0,2503,3653,599.0
2023-11-10,1255836,718122580,585.0,562.0,579.0,9.0,1561,3653,567.0
2023-11-13,744251,433245678,588.0,576.0,580.0,1.0,828,3653,588.0
2023-11-14,2438535,1466855741,611.0,584.0,604.0,24.0,2483,3653,584.0
2023-11-15,2421281,1485957574,633.0,596.0,603.0,-1.0,2713,3653,616.0
2023-11-16,666239,400874223,608.0,595.0,605.0,2.0,832,3653,608.0
2023-11-17,802833,487385243,613.0,599.0,613.0,8.0,912,3653,606.0
2023-11-20,946326,585719861,629.0,605.0,623.0,10.0,1540,3653,620.0
2023-11-21,1361522,837635797,635.0,605.0,607.0,-16.0,2548,3653,635.0
2023-11-22,809093,485333837,612.0,594.0,597.0,-10.0,1236,3653,607.0
2023-11-23,761601,461333824,613.0,597.0,603.0,6.0,846,3653,597.0
2023-11-24,696918,415987812,607.0,593.0,595.0,-8.0,879,3653,607.0
2023-11-27,669774,395562871,602.0,585.0,585.0,-10.0,1128,3653,596.0
2023-11-28,949313,560823295,602.0,581.0,597.0,12.0,1032,3653,590.0
2023-11-29,1754784,1081557378,625.0,597.0,624.0,27.0,2180,3653,599.0
2023-11-30,3135680,2010903598,652.0,623.0,648.0,24.0,3216,3653,630.0
2023-12-01,1222607,791273345,653.0,641.0,645.0,-3.0,1350,3653,644.0
2023-12-04,1030240,666145286,653.0,633.0,650.0,5.0,1175,3653,646.0
2023-12-05,1185900,767590259,653.0,636.0,650.0,0.0,1194,3653,647.0
2023-12-06,748318,479542647,651.0,633.0,633.0,-17.0,2373,3653,650.0
2023-12-07,539290,345408891,646.0,630.0,640.0,7.0,861,3653,637.0
2023-12-08,2397276,1596780595,674.0,652.0,669.0,29.0,2822,3653,655.0
2023-12-11,921663,604500396,664.0,649.0,654.0,-15.0,1251,3653,664.0
2023-12-12,879084,587908634,675.0,655.0,667.0,13.0,1139,3653,656.0
2023-12-13,496600,326085649,666.0,652.0,655.0,-12.0,2724,3653,665.0
2023-12-14,848691,566747591,674.0,660.0,664.0,9.0,989,3653,666.0
2023-12-15,1786907,1230458554,704.0,663.0,701.0,37.0,2413,3653,666.0
2023-12-18,1322384,946657405,730.0,695.0,720.0,19.0,2052,3653,701.0
2023-12-19,1589346,1112069890,717.0,688.0,696.0,-24.0,2091,3653,714.0
2023-12-20,815396,566749681,703.0,688.0,694.0,-2.0,973,3653,696.0
2023-12-21,350761,241892542,696.0,681.0,689.0,-5.0,548,3653,693.0
2023-12-22,745076,517310805,702.0,690.0,692.0,3.0,854,3653,692.0
2023-12-25,311874,216716328,705.0,682.0,684.0,-8.0,558,3653,700.0
2023-12-26,603622,423900143,713.0,688.0,710.0,26.0,844,3653,688.0
2023-12-27,1314215,966234723,748.0,705.0,741.0,31.0,1785,3653,709.0
2023-12-28,2816488,2171785771,787.0,742.0,782.0,41.0,3378,3653,745.0
2023-12-29,1849536,1441417274,798.0,764.0,769.0,-13.0,3131,3653,774.0
2024-01-02,1251624,931592340,772.0,731.0,734.0,-35.0,2222,3653,768.0
2024-01-03,1933901,1381748561,740.0,703.0,706.0,-28.0,2498,3653,732.0
2024-01-04,1021133,719382059,715.0,699.0,702.0,-4.0,1313,3653,702.0
2024-01-05,666195,467242902,713.0,697.0,700.0,-2.0,844,3653,711.0
2024-01-08,591679,416235950,711.0,699.0,701.0,1.0,728,3653,704.0
2024-01-09,758540,539031509,724.0,701.0,702.0,1.0,969,3653,710.0
2024-01-10,474208,335190726,715.0,700.0,713.0,11.0,597,3653,710.0
2024-01-11,625025,443640434,719.0,703.0,707.0,-6.0,893,3653,716.0
2024-01-12,1457468,1045826359,737.0,698.0,706.0,-1.0,1728,3653,710.0
2024-01-15,968025,679457068,717.0,697.0,700.0,-6.0,1182,3653,712.0
2024-01-16,911187,651029718,726.0,696.0,717.0,17.0,1155,3653,700.0
2024-01-17,1837455,1345483220,744.0,716.0,731.0,14.0,2249,3653,716.0
2024-01-18,1033339,740844831,743.0,704.0,706.0,-25.0,1534,3653,731.0
2024-01-19,1449864,1058076274,740.0,714.0,733.0,27.0,1811,3653,720.0
2024-01-22,1754593,1293801063,750.0,716.0,749.0,16.0,2171,3653,733.0
2024-01-23,1299446,974555205,759.0,739.0,754.0,5.0,1615,3653,759.0
2024-01-24,1635518,1197153360,761.0,722.0,725.0,-29.0,2696,3653,761.0
2024-01-25,784979,574622946,742.0,723.0,723.0,-2.0,1128,3653,732.0
2024-01-26,1137033,836106597,748.0,726.0,729.0,6.0,1439,3653,731.0
2024-01-29,742303,534120399,733.0,712.0,716.0,-13.0,1451,3653,727.0
2024-01-30,1887937,1409585752,758.0,719.0,752.0,36.0,2687,3653,719.0
2024-01-31,972292,725823557,754.0,735.0,750.0,-2.0,1205,3653,742.0
2024-02-01,1276026,965933936,772.0,742.0,756.0,6.0,1697,3653,749.0
2024-02-02,3925091,3169596446,830.0,770.0,821.0,65.0,4598,3653,770.0
2024-02-05,1114857,913524208,829.0,805.0,828.0,7.0,1804,3653,818.0
2024-02-15,1609982,1367632993,865.0,835.0,849.0,21.0,2184,3653,835.0
2024-02-16,1377542,1160503743,860.0,828.0,859.0,10.0,2523,3653,857.0
2024-02-19,1408329,1178602453,850.0,829.0,832.0,-27.0,3021,3653,844.0
2024-02-20,1203766,980437644,832.0,807.0,820.0,-12.0,2925,3653,832.0
2024-02-21,1146599,922811087,814.0,797.0,805.0,-15.0,1598,3653,800.0
2024-02-22,1313085,1087424361,840.0,813.0,839.0,34.0,1754,3653,813.0
2024-02-23,1520499,1308807928,876.0,848.0,855.0,16.0,2568,3653,853.0
2024-02-26,2267223,2041663111,925.0,835.0,915.0,60.0,3300,3653,851.0
2024-02-27,1114530,1005106259,924.0,886.0,901.0,-14.0,2997,3653,912.0
2024-02-29,1521796,1397882596,938.0,883.0,919.0,18.0,2003,3653,893.0
2024-03-01,2030621,1971423052,994.0,940.0,962.0,43.0,2670,3653,946.0
2024-03-04,1903068,1872349968,1005.0,960.0,980.0,18.0,2785,3653,989.0
2024-03-05,1612237,1546970440,997.0,950.0,953.0,-27.0,2554,3653,996.0
2024-03-06,2952368,2941254124,1030.0,948.0,996.0,43.0,3721,3653,953.0
2024-03-07,2383767,2372956615,1035.0,975.0,982.0,-14.0,3214,3653,1005.0
2024-03-08,2200479,2105843583,1005.0,931.0,934.0,-48.0,3384,3653,985.0
2024-03-11,943115,898006392,967.0,930.0,952.0,18.0,1255,3653,931.0
2024-03-12,1887783,1868328755,1005.0,948.0,995.0,43.0,2631,3653,950.0
2024-03-13,1622014,1613588891,1030.0,981.0,983.0,-12.0,1929,3653,1005.0
2024-03-14,2608335,2405096652,999.0,893.0,911.0,-72.0,3938,3653,980.0
2024-03-15,1497652,1359597238,931.0,890.0,907.0,-4.0,2201,3653,902.0
2024-03-18,1016286,948312914,946.0,910.0,939.0,32.0,1486,3653,910.0
2024-03-19,944249,863960527,939.0,903.0,905.0,-34.0,1744,3653,935.0
2024-03-20,2704780,2330343898,911.0,839.0,845.0,-60.0,4995,3653,910.0
2024-03-21,1868882,1623962145,895.0,842.0,876.0,31.0,2452,3653,864.0
2024-03-22,990421,884332444,907.0,879.0,889.0,13.0,1577,3653,882.0
2024-03-25,900805,822493785,922.0,898.0,899.0,10.0,1893,3653,903.0
2024-03-26,664113,586737040,914.0,868.0,873.0,-26.0,1327,3653,903.0
2024-03-27,888854,794347128,909.0,867.0,901.0,28.0,1246,3653,875.0
2024-03-28,789166,719067521,924.0,896.0,903.0,2.0,1053,3653,905.0
2024-03-29,755705,698628663,933.0,911.0,921.0,18.0,1225,3653,911.0
2024-04-01,558645,516726746,932.0,912.0,928.0,7.0,724,3653,923.0
2024-04-02,1333428,1205767458,946.0,887.0,893.0,-35.0,4995,3653,939.0
2024-04-03,1523081,1408900384,936.0,890.0,930.0,37.0,2000,3653,895.0
2024-04-08,1481908,1393988197,962.0,919.0,925.0,-5.0,2776,3653,943.0
2024-04-09,2056925,1854475371,934.0,885.0,912.0,-13.0,3791,3653,934.0
2024-04-10,748109,680643568,923.0,896.0,906.0,-6.0,1077,3653,917.0
2024-04-11,683423,618224402,920.0,891.0,906.0,0.0,929,3653,906.0
2024-04-12,1098005,1010711077,934.0,908.0,920.0,14.0,1404,3653,910.0
2024-04-15,656638,589210811,914.0,889.0,896.0,-24.0,2513,3653,911.0
2024-04-16,1265581,1087206790,884.0,836.0,858.0,-38.0,2668,3653,884.0
2024-04-17,1720195,1554719957,920.0,859.0,910.0,52.0,2348,3653,859.0
2024-04-18,1869118,1753671345,961.0,892.0,936.0,26.0,2952,3653,904.0
2024-04-19,1302247,1190084711,935.0,891.0,907.0,-29.0,2128,3653,928.0
2024-04-22,1453495,1283593549,922.0,869.0,869.0,-38.0,7618,3653,915.0
2024-04-23,1233415,1071369394,900.0,853.0,866.0,-3.0,2267,3653,890.0
2024-04-24,1874540,1745469660,951.0,885.0,943.0,77.0,2714,3653,885.0
2024-04-25,748276,700201857,945.0,925.0,933.0,-10.0,1039,3653,938.0
2024-04-26,1919304,1850443022,989.0,931.0,958.0,25.0,2619,3653,946.0
2024-04-29,1207543,1167487141,980.0,936.0,979.0,21.0,2000,3653,978.0
2024-04-30,655315,641581299,992.0,969.0,977.0,-2.0,915,3653,981.0
2024-05-02,1339160,1263426909,974.0,928.0,932.0,-45.0,7252,3653,967.0
2024-05-03,646116,602724890,949.0,923.0,925.0,-7.0,918,3653,947.0
2024-05-06,1592758,1455458138,948.0,895.0,901.0,-24.0,2546,3653,937.0
2024-05-07,687779,619013372,916.0,891.0,900.0,-1.0,920,3653,901.0
2024-05-08,2001128,1818575738,943.0,881.0,940.0,40.0,2900,3653,910.0
2024-05-09,2411203,2321038638,985.0,934.0,980.0,40.0,3705,3653,939.0
2024-05-10,1900039,1808726152,994.0,932.0,942.0,-38.0,7121,3653,985.0
2024-05-13,1215093,1116229831,954.0,906.0,916.0,-26.0,2249,3653,954.0
2024-05-14,663067,607461253,926.0,908.0,918.0,2.0,1023,3653,916.0
2024-05-15,2314809,2070331579,928.0,882.0,882.0,-36.0,5002,3653,928.0
2024-05-16,1294285,1180752502,924.0,892.0,920.0,38.0,1957,3653,893.0
2024-05-17,820255,757826959,943.0,911.0,922.0,2.0,1141,3653,919.0
2024-05-20,718193,668224215,943.0,921.0,923.0,1.0,1119,3653,942.0
2024-05-21,599694,560604645,940.0,923.0,935.0,12.0,930,3653,923.0
2024-05-22,469582,437668270,942.0,927.0,931.0,-4.0,828,3653,938.0
2024-05-23,1771676,1708373604,984.0,926.0,970.0,39.0,2952,3653,936.0
2024-05-24,1309959,1291725255,1005.0,965.0,991.0,21.0,2445,3653,967.0
2024-05-27,852767,863896268,1035.0,1000.0,1005.0,14.0,1552,3653,1005.0
2024-05-28,926607,951505085,1050.0,997.0,1040.0,35.0,1552,3653,1005.0
2024-05-29,1379858,1500821115,1110.0,1050.0,1085.0,45.0,2231,3653,1060.0
2024-05-30,653494,688754375,1080.0,1030.0,1050.0,-35.0,1302,3653,1075.0
2024-05-31,688969,713924990,1075.0,1015.0,1035.0,-15.0,1162,3653,1060.0
2024-06-03,654589,668097005,1045.0,1005.0,1015.0,-20.0,1060,3653,1040.0
2024-06-04,444817,449691380,1035.0,1000.0,1005.0,-10.0,799,3653,1015.0
2024-06-05,738575,732526151,1015.0,976.0,1010.0,5.0,4787,3653,1005.0
2024-06-06,723445,723863045,1035.0,986.0,989.0,-21.0,4235,3653,1020.0
2024-06-07,533910,530936322,1015.0,980.0,992.0,3.0,850,3653,980.0
2024-06-11,563441,564533970,1020.0,978.0,1015.0,23.0,831,3653,993.0
2024-06-12,546436,553387360,1030.0,986.0,1030.0,15.0,1178,3653,1005.0
2024-06-13,685545,717716840,1060.0,1035.0,1050.0,20.0,993,3653,1035.0
2024-06-14,704857,759065690,1095.0,1035.0,1080.0,30.0,1278,3653,1055.0
2024-06-17,571091,612076810,1090.0,1055.0,1065.0,-15.0,827,3653,1090.0
2024-06-18,914710,932966780,1080.0,1005.0,1015.0,-50.0,1653,3653,1080.0
2024-06-19,769100,784426535,1035.0,1005.0,1010.0,-5.0,1235,3653,1020.0
2024-06-20,910012,920121130,1035.0,1000.0,1005.0,-5.0,1336,3653,1020.0
2024-06-21,924622,917332101,1010.0,982.0,1005.0,0.0,1651,3653,992.0
2024-06-24,505575,504094994,1010.0,987.0,1000.0,-5.0,736,3653,999.0
2024-06-25,603026,600465305,1010.0,988.0,990.0,-10.0,1026,3653,999.0
2024-06-26,1070500,1122992080,1075.0,1000.0,1070.0,80.0,1928,3653,1000.0
2024-06-27,2130164,2423595660,1175.0,1055.0,1160.0,90.0,3398,3653,1055.0
2024-06-28,1834713,2182260620,1205.0,1165.0,1200.0,40.0,2533,3653,1170.0
2024-07-01,847447,1000058590,1210.0,1165.0,1170.0,-30.0,2594,3653,1200.0
2024-07-02,964063,1103037255,1170.0,1125.0,1140.0,-30.0,1615,3653,1160.0
2024-07-03,585405,691254180,1210.0,1155.0,1170.0,30.0,1325,3653,1155.0
2024-07-04,827697,993172550,1215.0,1170.0,1215.0,45.0,1491,3653,1185.0
2024-07-05,1030049,1333065310,1335.0,1215.0,1320.0,105.0,1932,3653,1215.0
2024-07-08,744258,967810895,1325.0,1270.0,1320.0,0.0,1346,3653,1320.0
2024-07-09,967741,1232632955,1330.0,1255.0,1275.0,-45.0,1664,3653,1330.0
2024-07-10,801046,1017783270,1290.0,1245.0,1265.0,0.0,966,3653,1275.0
2024-07-11,728861,951744250,1330.0,1280.0,1285.0,20.0,1158,3653,1285.0
2024-07-12,468337,589324500,1285.0,1225.0,1270.0,-15.0,934,3653,1270.0
2024-07-15,324259,413147850,1290.0,1260.0,1275.0,5.0,510,3653,1275.0
2024-07-16,389326,485787255,1280.0,1235.0,1240.0,-35.0,809,3653,1275.0
2024-07-17,1126658,1341422455,1260.0,1165.0,1175.0,-65.0,2159,3653,1235.0
2024-07-18,1273431,1423301385,1155.0,1095.0,1120.0,-55.0,1922,3653,1145.0
2024-07-19,1064623,1212835320,1160.0,1100.0,1140.0,20.0,1435,3653,1120.0
2024-07-22,1146551,1236259030,1155.0,1040.0,1065.0,-75.0,1881,3653,1145.0
2024-07-23,988677,1102560245,1145.0,1090.0,1130.0,65.0,1353,3653,1095.0
2024-07-26,688783,755743090,1120.0,1055.0,1100.0,-30.0,966,3653,1055.0
2024-07-29,803236,865008525,1135.0,1050.0,1050.0,-50.0,1151,3653,1130.0
2024-07-30,880288,964024770,1115.0,1040.0,1110.0,60.0,1060,3653,1040.0
2024-07-31,1504264,1729875135,1180.0,1120.0,1160.0,50.0,1846,3653,1120.0
2024-08-01,1031789,1181251315,1190.0,1115.0,1135.0,-25.0,1506,3653,1190.0
2024-08-02,1644233,1783710170,1160.0,1030.0,1030.0,-105.0,2441,3653,1090.0
2024-08-05,2657259,2672771378,1050.0,934.0,1040.0,10.0,3256,3653,934.0
2024-08-06,2334354,2465119463,1100.0,990.0,1085.0,45.0,2726,3653,1060.0
2024-08-07,1745775,1972082285,1160.0,1060.0,1160.0,75.0,2213,3653,1080.0
2024-08-08,1641033,1797972030,1150.0,1045.0,1045.0,-115.0,2740,3653,1120.0
2024-08-09,1602314,1728780200,1105.0,1050.0,1080.0,35.0,1969,3653,1085.0
2024-08-12,1075189,1162318435,1105.0,1055.0,1075.0,-5.0,1372,3653,1090.0
2024-08-13,815300,902996205,1125.0,1085.0,1120.0,45.0,1224,3653,1085.0
2024-08-14,1320443,1545656490,1190.0,1140.0,1185.0,65.0,1850,3653,1140.0
2024-08-15,1016198,1221657490,1220.0,1175.0,1215.0,30.0,1525,3653,1185.0
2024-08-16,2213920,2880466500,1335.0,1255.0,1335.0,120.0,3358,3653,1260.0
2024-08-19,1953760,2674736625,1400.0,1335.0,1385.0,50.0,2643,3653,1350.0
2024-08-20,2185383,2981715430,1420.0,1320.0,1340.0,-45.0,3077,3653,1405.0
2024-08-21,2134732,2796272135,1355.0,1265.0,1355.0,15.0,3545,3653,1330.0
2024-08-22,1108117,1490653915,1375.0,1305.0,1360.0,5.0,1873,3653,1365.0
2024-08-23,697608,943771885,1380.0,1320.0,1380.0,20.0,1053,3653,1325.0
2024-08-26,1151203,1551450730,1390.0,1330.0,1340.0,-40.0,1572,3653,1385.0
2024-08-27,953178,1270085935,1360.0,1305.0,1330.0,-10.0,1145,3653,1325.0
2024-08-28,997629,1302365915,1345.0,1285.0,1305.0,-25.0,1434,3653,1330.0
2024-08-29,677069,872574605,1310.0,1260.0,1300.0,-5.0,972,3653,1285.0
2024-08-30,915681,1230324230,1365.0,1300.0,1355.0,55.0,1308,3653,1315.0
2024-09-02,776135,1018642950,1380.0,1280.0,1285.0,-70.0,1362,3653,1365.0
2024-09-03,785409,1005756700,1305.0,1265.0,1275.0,-10.0,965,3653,1285.0
2024-09-04,855723,1047218535,1260.0,1200.0,1215.0,-60.0,1577,3653,1225.0
2024-09-05,899061,1098120865,1250.0,1200.0,1215.0,0.0,1203,3653,1225.0
2024-09-06,994607,1241071375,1275.0,1215.0,1235.0,20.0,1099,3653,1215.0
2024-09-09,777828,952276735,1240.0,1200.0,1225.0,-10.0,877,3653,1210.0
2024-09-10,826512,1007985965,1240.0,1200.0,1215.0,-10.0,1050,3653,1230.0
2024-09-11,502155,613080645,1255.0,1205.0,1215.0,0.0,1455,3653,1225.0
2024-09-12,1087536,1401034770,1330.0,1250.0,1300.0,85.0,1421,3653,1255.0
2024-09-13,786851,1035177825,1335.0,1295.0,1320.0,20.0,1104,3653,1305.0
2024-09-16,461725,612062455,1345.0,1295.0,1345.0,25.0,802,3653,1330.0
2024-09-18,1017174,1392101690,1385.0,1335.0,1375.0,30.0,1389,3653,1350.0
2024-09-19,940064,1307010785,1410.0,1355.0,1410.0,35.0,1410,3653,1375.0
2024-09-20,2312020,3253028385,1430.0,1355.0,1420.0,10.0,1589,3653,1415.0
2024-09-23,1010782,1380250715,1410.0,1345.0,1360.0,-60.0,1465,3653,1410.0
2024-09-24,793832,1056960465,1370.0,1310.0,1335.0,-25.0,1193,3653,1355.0
2024-09-25,636007,868788880,1380.0,1350.0,1365.0,30.0,843,3653,1355.0
2024-09-26,918100,1225577750,1375.0,1320.0,1330.0,-35.0,1268,3653,1365.0
2024-09-27,582394,775110340,1355.0,1310.0,1310.0,-20.0,776,3653,1335.0
2024-09-30,646934,845466335,1335.0,1285.0,1295.0,-15.0,874,3653,1310.0
2024-10-01,1282714,1737664445,1380.0,1300.0,1350.0,55.0,1517,3653,1300.0
2024-10-04,1161408,1585931070,1385.0,1330.0,1380.0,30.0,1419,3653,1340.0
2024-10-07,943873,1321656340,1420.0,1380.0,1410.0,30.0,1381,3653,1385.0
2024-10-08,1025091,1476487650,1480.0,1390.0,1460.0,50.0,1777,3653,1400.0
2024-10-09,767262,1109600230,1475.0,1420.0,1455.0,-5.0,1166,3653,1460.0
2024-10-11,1489936,2218693070,1510.0,1450.0,1505.0,50.0,1978,3653,1460.0
2024-10-14,858376,1277004340,1525.0,1460.0,1490.0,-15.0,2214,3653,1500.0
2024-10-15,903725,1328007010,1500.0,1440.0,1490.0,0.0,1883,3653,1495.0
2024-10-16,1411902,2069425130,1520.0,1440.0,1445.0,-45.0,2380,3653,1470.0
2024-10-17,539296,790836865,1490.0,1430.0,1490.0,45.0,911,3653,1455.0
2024-10-18,903184,1361902820,1555.0,1485.0,1485.0,-5.0,1180,3653,1495.0
2024-10-21,397150,593791380,1510.0,1475.0,1495.0,10.0,534,3653,1490.0
2024-10-22,1052868,1604989080,1545.0,1505.0,1530.0,35.0,1298,3653,1510.0
2024-10-23,616522,920918865,1515.0,1480.0,1480.0,-50.0,1106,3653,1515.0
2024-10-24,733303,1088416095,1520.0,1460.0,1470.0,-10.0,1237,3653,1475.0
2024-10-25,859287,1262383810,1495.0,1440.0,1490.0,20.0,1067,3653,1475.0
2024-10-28,483880,712165570,1510.0,1455.0,1465.0,-25.0,618,3653,1490.0
2024-10-29,685537,989438510,1470.0,1410.0,1460.0,-5.0,1026,3653,1460.0
2024-10-30,581710,861816640,1505.0,1460.0,1475.0,15.0,738,3653,1460.0
2024-11-01,935772,1342536425,1470.0,1410.0,1420.0,-55.0,1541,3653,1430.0
2024-11-04,994072,1410673620,1460.0,1390.0,1460.0,40.0,1220,3653,1420.0
2024-11-05,638976,936037675,1485.0,1445.0,1485.0,25.0,847,3653,1450.0
2024-11-06,1319521,2039154795,1580.0,1485.0,1565.0,80.0,2130,3653,1485.0
2024-11-07,1723335,2664294730,1625.0,1500.0,1515.0,-50.0,3801,3653,1565.0
2024-11-08,821403,1256005210,1555.0,1505.0,1525.0,10.0,1147,3653,1530.0
2024-11-11,784665,1217912345,1575.0,1515.0,1575.0,50.0,1036,3653,1525.0
2024-11-12,1375764,2087134565,1570.0,1490.0,1515.0,-60.0,2401,3653,1570.0
2024-11-13,612900,927494825,1530.0,1495.0,1495.0,-20.0,744,3653,1515.0
2024-11-14,814480,1243814405,1550.0,1490.0,1550.0,55.0,1258,3653,1500.0
2024-11-15,1478314,2218590600,1580.0,1445.0,1490.0,-60.0,2659,3653,1540.0
2024-11-18,1460047,2076173780,1485.0,1375.0,1405.0,-85.0,2451,3653,1480.0
2024-11-19,851980,1245176220,1480.0,1420.0,1465.0,60.0,1108,3653,1425.0
2024-11-20,1342096,1939249275,1500.0,1410.0,1425.0,-40.0,1924,3653,1465.0
2024-11-21,1095981,1562977715,1450.0,1405.0,1415.0,-10.0,1431,3653,1425.0
2024-11-22,931472,1358500685,1475.0,1445.0,1455.0,40.0,1148,3653,1450.0
2024-11-25,7863683,11792499470,1515.0,1470.0,1500.0,45.0,1955,3653,1475.0
2024-11-26,1581364,2244140410,1495.0,1395.0,1405.0,-95.0,2844,3653,1495.0
2024-11-27,1155147,1584682410,1425.0,1335.0,1340.0,-65.0,2902,3653,1410.0
2024-11-28,1418344,1867583195,1355.0,1295.0,1310.0,-30.0,1981,3653,1335.0
2024-11-29,816265,1114859630,1395.0,1295.0,1385.0,75.0,1288,3653,1295.0
2024-12-02,1299422,1843432220,1440.0,1385.0,1430.0,45.0,1459,3653,1400.0
2024-12-03,1675154,2450807230,1480.0,1435.0,1480.0,50.0,1978,3653,1440.0
2024-12-04,1683435,2550704960,1540.0,1470.0,1540.0,60.0,2404,3653,1500.0
2024-12-05,1466428,2244200215,1555.0,1490.0,1545.0,5.0,1743,3653,1550.0
2024-12-06,930202,1407115680,1545.0,1500.0,1510.0,-35.0,1794,3653,1540.0
2024-12-09,756481,1149944775,1535.0,1500.0,1525.0,15.0,1014,3653,1525.0
2024-12-10,952587,1432946995,1525.0,1480.0,1510.0,-15.0,1702,3653,1525.0
2024-12-11,392410,593253150,1530.0,1495.0,1510.0,0.0,586,3653,1500.0
2024-12-12,1233000,1824182090,1520.0,1460.0,1460.0,-50.0,1820,3653,1510.0
2024-12-13,860771,1261605775,1490.0,1450.0,1470.0,10.0,972,3653,1460.0
2024-12-16,593693,879522390,1495.0,1455.0,1495.0,25.0,864,3653,1475.0
2024-12-17,581844,872929355,1515.0,1470.0,1515.0,20.0,890,3653,1495.0
2024-12-18,523297,772731050,1515.0,1455.0,1480.0,-35.0,1001,3653,1510.0
2024-12-19,1206223,1717497750,1465.0,1400.0,1435.0,-45.0,2194,3653,1450.0
2024-12-20,738663,1042611250,1430.0,1390.0,1425.0,-10.0,1098,3653,1425.0
2024-12-23,752413,1117292660,1510.0,1445.0,1495.0,70.0,1465,3653,1445.0
2024-12-24,338318,499884215,1510.0,1460.0,1465.0,-30.0,871,3653,1510.0
2024-12-25,270131,404144270,1510.0,1470.0,1490.0,25.0,553,3653,1470.0
2024-12-26,271849,405889920,1505.0,1470.0,1495.0,5.0,427,3653,1505.0
2024-12-27,838329,1284421910,1560.0,1485.0,1545.0,50.0,1715,3653,1495.0
2024-12-30,436662,676412930,1565.0,1525.0,1535.0,-10.0,762,3653,1545.0
2024-12-31,539527,824126940,1550.0,1505.0,1525.0,-10.0,755,3653,1535.0
2025-02-03,870987,1101322760,1300.0,1250.0,1250.0,-135.0,3424,3653,1300.0
2025-02-04,2963958,3433098925,1240.0,1125.0,1125.0,-125.0,5427,3653,1240.0
2025-02-05,3024639,3551195700,1215.0,1120.0,1180.0,55.0,3477,3653,1125.0
2025-02-06,2398489,2956004485,1265.0,1185.0,1220.0,40.0,2788,3653,1185.0
2025-02-07,1906459,2446106470,1315.0,1245.0,1295.0,75.0,2602,3653,1250.0
2025-02-10,4332269,5169365935,1235.0,1170.0,1215.0,-80.0,5846,3653,1175.0
2025-02-11,1941245,2443906110,1285.0,1220.0,1280.0,65.0,2671,3653,1225.0
2025-02-12,1738558,2254118645,1335.0,1270.0,1285.0,5.0,2270,3653,1315.0
2025-02-13,1895450,2489666260,1340.0,1260.0,1325.0,40.0,2586,3653,1275.0
2025-02-14,1792435,2397478675,1370.0,1305.0,1355.0,30.0,2883,3653,1325.0
2025-02-17,2678813,3798352875,1445.0,1375.0,1415.0,60.0,3700,3653,1375.0
2025-02-18,1070371,1495586960,1435.0,1375.0,1390.0,-25.0,1699,3653,1425.0
2025-02-19,1264096,1776424415,1430.0,1360.0,1420.0,30.0,1755,3653,1405.0
2025-02-20,1193103,1639243940,1420.0,1350.0,1360.0,-60.0,2259,3653,1420.0
2025-02-21,858663,1164380410,1370.0,1340.0,1365.0,5.0,1214,3653,1360.0
2025-02-24,1545261,2022757650,1345.0,1285.0,1325.0,-40.0,2767,3653,1330.0
2025-02-25,2098890,2661033395,1320.0,1250.0,1265.0,-60.0,3883,3653,1295.0
2025-02-26,1669742,2218575880,1360.0,1270.0,1345.0,80.0,2678,3653,1280.0
2025-02-27,1694558,2267648710,1370.0,1315.0,1340.0,-5.0,1883,3653,1350.0
2025-03-03,1393740,1770509675,1295.0,1250.0,1270.0,-70.0,2714,3653,1280.0
2025-03-04,857662,1072126360,1275.0,1215.0,1265.0,-5.0,1501,3653,1225.0
2025-03-05,1272825,1650109685,1320.0,1265.0,1300.0,35.0,1838,3653,1275.0
2025-03-06,932541,1218615620,1345.0,1280.0,1280.0,-20.0,1516,3653,1320.0
2025-03-07,1079713,1339206905,1265.0,1215.0,1230.0,-50.0,2399,3653,1265.0
2025-03-10,1040009,1279353175,1270.0,1205.0,1225.0,-5.0,1532,3653,1255.0
2025-03-11,1107346,1315930990,1210.0,1165.0,1190.0,-35.0,2063,3653,1175.0
2025-03-12,1022677,1258639655,1250.0,1205.0,1215.0,25.0,1380,3653,1205.0
2025-03-13,879452,1092211825,1265.0,1215.0,1215.0,0.0,1362,3653,1250.0
2025-03-14,689403,826218320,1230.0,1180.0,1185.0,-30.0,1471,3653,1230.0
2025-03-17,701419,842162655,1220.0,1185.0,1190.0,5.0,1012,3653,1205.0
2025-03-18,492425,601812705,1240.0,1200.0,1220.0,30.0,740,3653,1205.0
2025-03-19,1699781,1958809090,1215.0,1125.0,1135.0,-85.0,4242,3653,1215.0
2025-03-20,1731855,1991128255,1170.0,1130.0,1155.0,20.0,1990,3653,1170.0
2025-03-21,1200419,1353532025,1155.0,1110.0,1130.0,-25.0,2192,3653,1155.0
2025-03-24,550821,615071325,1155.0,1100.0,1105.0,-25.0,1241,3653,1145.0
2025-03-25,941156,1037428960,1135.0,1085.0,1100.0,-5.0,1564,3653,1135.0
2025-03-26,1274863,1461615620,1170.0,1110.0,1140.0,40.0,2001,3653,1120.0
2025-03-27,1198036,1336811590,1170.0,1095.0,1100.0,-40.0,2072,3653,1125.0
2025-03-28,1378236,1465723440,1100.0,1050.0,1060.0,-40.0,2317,3653,1090.0
2025-03-31,1927435,1902465889,1025.0,965.0,976.0,-84.0,3334,3653,975.0
2025-04-01,1449472,1472491105,1035.0,981.0,1030.0,54.0,1875,3653,1000.0
2025-04-02,642008,660769350,1040.0,1015.0,1035.0,5.0,922,3653,1030.0
2025-04-07,43480,40523360,932.0,932.0,932.0,-103.0,479,3653,932.0
2025-04-08,261600,219483702,839.0,839.0,839.0,-93.0,1118,3653,839.0
2025-04-09,1173004,887689482,768.0,756.0,756.0,-83.0,1766,3653,756.0
2025-04-10,1775803,1471838025,831.0,809.0,831.0,75.0,1653,3653,831.0
2025-04-11,3646405,3108781447,909.0,766.0,900.0,69.0,4268,3653,819.0
2025-04-14,2250470,2063863579,954.0,897.0,901.0,1.0,3074,3653,930.0
2025-04-15,2058683,1951556961,972.0,905.0,963.0,62.0,2831,3653,905.0
2025-04-16,1482173,1378904809,955.0,908.0,908.0,-55.0,3574,3653,955.0
2025-04-17,977324,907972367,949.0,903.0,940.0,32.0,1491,3653,903.0
2025-04-18,934516,878692292,954.0,926.0,934.0,-6.0,1433,3653,944.0
2025-04-21,680579,623586041,937.0,905.0,912.0,-22.0,1343,3653,937.0
2025-04-22,1270553,1116843923,918.0,857.0,859.0,-53.0,2789,3653,890.0
2025-04-23,1150385,1055015675,939.0,891.0,925.0,66.0,1976,3653,891.0
2025-04-24,993475,917762724,945.0,908.0,920.0,-5.0,1299,3653,934.0
2025-04-25,1677878,1665781717,1010.0,958.0,1010.0,90.0,4624,3653,958.0
2025-04-28,1984541,2035235530,1045.0,1005.0,1020.0,10.0,2262,3653,1015.0
2025-04-29,715294,732977360,1035.0,1015.0,1025.0,5.0,1003,3653,1030.0
2025-04-30,738199,743906680,1025.0,1000.0,1000.0,-25.0,1006,3653,1010.0
2025-05-02,1530939,1554800130,1050.0,998.0,1005.0,5.0,2083,3653,1025.0
2025-05-05,1407108,1420892280,1045.0,982.0,1005.0,0.0,1792,3653,1030.0
2025-05-06,1451110,1521692665,1070.0,999.0,1060.0,55.0,2051,3653,1000.0
2025-05-07,1516441,1617045655,1085.0,1030.0,1065.0,5.0,1839,3653,1085.0
2025-05-08,1368145,1483568860,1095.0,1070.0,1090.0,25.0,1602,3653,1075.0
2025-05-09,1422761,1561676710,1125.0,1060.0,1115.0,25.0,1986,3653,1100.0
2025-05-12,2858051,3345857335,1200.0,1130.0,1180.0,65.0,3604,3653,1135.0
2025-05-13,2198229,2608192690,1235.0,1160.0,1180.0,0.0,2733,3653,1215.0
2025-05-14,3752057,4518387865,1275.0,1135.0,1270.0,90.0,5231,3653,1180.0
2025-05-15,1757675,2252530135,1305.0,1250.0,1300.0,30.0,2621,3653,1270.0
2025-05-16,2622833,3505930890,1380.0,1280.0,1380.0,80.0,4122,3653,1295.0
2025-05-19,2076231,2772212895,1365.0,1300.0,1300.0,-80.0,4305,3653,1350.0
2025-05-20,1200760,1565432090,1340.0,1280.0,1280.0,-20.0,2492,3653,1330.0
2025-05-21,928885,1209242880,1320.0,1280.0,1310.0,30.0,1257,3653,1285.0
2025-05-22,1025001,1318732655,1305.0,1275.0,1295.0,-15.0,1517,3653,1290.0
2025-05-23,1117652,1435857095,1305.0,1265.0,1290.0,-5.0,1561,3653,1300.0
2025-05-26,1304434,1697816345,1320.0,1270.0,1300.0,10.0,1739,3653,1285.0
2025-05-27,1130079,1476639595,1335.0,1285.0,1285.0,-15.0,2271,3653,1300.0
2025-05-28,2023355,2704936585,1360.0,1315.0,1335.0,50.0,2922,3653,1315.0
2025-05-29,2079303,2825342605,1380.0,1335.0,1355.0,20.0,2818,3653,1370.0
2025-06-02,925789,1224092925,1350.0,1305.0,1320.0,-35.0,1604,3653,1330.0
2025-06-03,2040052,2799498525,1395.0,1320.0,1385.0,65.0,3006,3653,1330.0
2025-06-04,1324511,1817516820,1405.0,1350.0,1360.0,-25.0,2250,3653,1385.0
2025-06-05,722732,981913330,1370.0,1345.0,1360.0,0.0,1022,3653,1360.0
2025-06-06,544001,737922740,1365.0,1340.0,1360.0,0.0,757,3653,1360.0
2025-06-09,759647,1049768245,1395.0,1355.0,1395.0,35.0,1271,3653,1360.0
2025-06-10,1109066,1562319835,1420.0,1395.0,1420.0,25.0,2101,3653,1405.0
2025-06-11,1889161,2770101985,1490.0,1430.0,1475.0,55.0,3269,3653,1435.0
2025-06-12,1412967,2123099195,1530.0,1460.0,1495.0,20.0,2340,3653,1465.0
2025-06-13,1150370,1726137360,1530.0,1460.0,1530.0,35.0,2046,3653,1480.0
2025-06-16,1888055,2858880265,1575.0,1480.0,1495.0,-35.0,5697,3653,1505.0
2025-06-17,2468515,3780103205,1560.0,1490.0,1540.0,45.0,3174,3653,1510.0
2025-06-18,1805239,2807071115,1585.0,1510.0,1550.0,10.0,3637,3653,1535.0
2025-06-19,1223467,1882541915,1565.0,1520.0,1530.0,-20.0,1734,3653,1540.0
2025-06-20,2899727,4287152840,1525.0,1450.0,1480.0,-50.0,3846,3653,1525.0
2025-06-23,1511996,2203488275,1485.0,1440.0,1450.0,-30.0,1936,3653,1445.0
2025-06-24,1798660,2636672560,1485.0,1445.0,1480.0,30.0,1987,3653,1465.0
2025-06-25,1725643,2580974410,1510.0,1480.0,1485.0,5.0,1915,3653,1490.0
2025-06-26,816075,1215297635,1505.0,1470.0,1490.0,5.0,1034,3653,1500.0
2025-06-27,752946,1122340305,1505.0,1475.0,1500.0,10.0,984,3653,1485.0
2025-06-30,852705,1277554705,1520.0,1475.0,1510.0,10.0,1283,3653,1500.0
2025-07-01,1598912,2367628890,1520.0,1455.0,1460.0,-50.0,2637,3653,1505.0
2025-07-02,790336,1161450010,1485.0,1455.0,1470.0,10.0,1131,3653,1455.0
2025-07-03,1385416,2096122580,1535.0,1490.0,1525.0,55.0,2196,3653,1495.0
2025-07-04,622923,935125065,1530.0,1480.0,1485.0,-40.0,1128,3653,1520.0
2025-07-07,916001,1343365325,1500.0,1450.0,1455.0,-30.0,1337,3653,1500.0
2025-07-08,896638,1319930880,1495.0,1440.0,1470.0,15.0,1041,3653,1440.0
2025-07-09,1153526,1688968810,1505.0,1440.0,1465.0,-5.0,1917,3653,1470.0
2025-07-10,1200097,1732511095,1485.0,1425.0,1430.0,-35.0,2336,3653,1475.0
2025-07-11,973934,1387391310,1455.0,1405.0,1415.0,-15.0,1430,3653,1450.0
2025-07-14,615344,860114920,1430.0,1380.0,1390.0,-25.0,1501,3653,1430.0
2025-07-15,730081,1052881360,1465.0,1390.0,1455.0,65.0,1416,3653,1390.0
2025-07-16,951368,1419117530,1505.0,1465.0,1485.0,30.0,1880,3653,1465.0
2025-07-17,487289,715586880,1490.0,1455.0,1460.0,0.0,849,3653,1480.0
2025-07-18,812692,1211602120,1505.0,1465.0,1485.0,25.0,1253,3653,1480.0
2025-07-21,1121033,1608725065,1485.0,1415.0,1420.0,-65.0,2530,3653,1485.0
2025-07-22,1431953,1996238880,1465.0,1355.0,1365.0,-55.0,3412,3653,1425.0
2025-07-23,1038616,1423077205,1390.0,1345.0,1375.0,10.0,1615,3653,1380.0
2025-07-24,1565539,2246145320,1460.0,1385.0,1450.0,75.0,2283,3653,1395.0
2025-07-25,566168,814676720,1450.0,1425.0,1440.0,-10.0,868,3653,1440.0
2025-07-28,706895,1026416920,1470.0,1440.0,1445.0,5.0,1144,3653,1450.0
2025-07-29,1983547,2731767670,1440.0,1350.0,1380.0,-65.0,4326,3653,1440.0
2025-07-30,605174,835907950,1400.0,1365.0,1385.0,5.0,998,3653,1380.0
2025-07-31,1011865,1446657600,1450.0,1390.0,1440.0,55.0,1930,3653,1395.0
2025-08-01,1065593,1489821090,1435.0,1380.0,1385.0,-55.0,2904,3653,1410.0
2025-08-04,2044526,2683553280,1355.0,1285.0,1300.0,-85.0,6377,3653,1350.0
2025-08-05,2791080,3619734085,1345.0,1265.0,1310.0,10.0,4491,3653,1330.0
2025-08-06,801406,1062540480,1345.0,1300.0,1325.0,15.0,1563,3653,1310.0
2025-08-07,2508937,3569345535,1455.0,1335.0,1455.0,130.0,6981,3653,1345.0
2025-08-08,2260374,3348085930,1510.0,1420.0,1510.0,55.0,4170,3653,1455.0
2025-08-11,1379312,2081199790,1525.0,1475.0,1525.0,15.0,2501,3653,1505.0
2025-08-12,1475788,2182496515,1510.0,1450.0,1495.0,-30.0,2605,3653,1510.0
2025-08-13,2144333,3152319515,1520.0,1430.0,1445.0,-50.0,5392,3653,1500.0
2025-08-14,1719893,2564088195,1510.0,1460.0,1505.0,60.0,2511,3653,1460.0
2025-08-15,1105363,1624083690,1505.0,1450.0,1475.0,-30.0,2531,3653,1500.0
2025-08-18,2468315,3873850470,1620.0,1465.0,1620.0,145.0,5303,3653,1475.0
2025-08-19,2550801,4355866170,1780.0,1655.0,1660.0,40.0,4368,3653,1780.0
2025-08-20,1535731,2444088850,1655.0,1545.0,1550.0,-110.0,3349,3653,1640.0
2025-08-21,1264357,2000768410,1615.0,1565.0,1570.0,20.0,2557,3653,1590.0
2025-08-22,1877507,3098837350,1680.0,1610.0,1630.0,60.0,3040,3653,1610.0
2025-08-25,2077188,3682303560,1790.0,1735.0,1790.0,160.0,4428,3653,1740.0
2025-08-26,3886860,7447011995,1965.0,1805.0,1965.0,175.0,9404,3653,1820.0
2025-08-27,1874684,3640271310,1980.0,1900.0,1935.0,-30.0,3544,3653,1935.0
2025-08-28,2037305,3850919710,1930.0,1845.0,1905.0,-30.0,3621,3653,1930.0
2025-08-29,2141020,4388806225,2095.0,1975.0,2095.0,190.0,4787,3653,1980.0
2025-09-01,4012820,8792018695,2245.0,2130.0,2205.0,110.0,5579,3653,2170.0
2025-09-02,2706096,5813546015,2235.0,2095.0,2135.0,-70.0,4263,3653,2170.0
2025-09-03,1913681,4139547445,2220.0,2110.0,2215.0,80.0,2767,3653,2150.0
2025-09-04,2484367,5944035130,2435.0,2320.0,2435.0,220.0,4747,3653,2380.0
2025-09-05,2854076,6936966195,2495.0,2385.0,2410.0,-25.0,5355,3653,2445.0
2025-09-08,1988387,4830932330,2475.0,2355.0,2455.0,45.0,3012,3653,2410.0
2025-09-09,1647186,4059957230,2525.0,2425.0,2455.0,0.0,2771,3653,2465.0
2025-09-10,1424394,3587419055,2560.0,2470.0,2505.0,50.0,2598,3653,2515.0
2025-09-11,2273869,5743425320,2615.0,2445.0,2455.0,-50.0,4160,3653,2560.0
2025-09-12,3535459,8285365820,2475.0,2275.0,2310.0,-145.0,8724,3653,2465.0
2025-09-15,3128596,7117922020,2315.0,2225.0,2305.0,-5.0,5048,3653,2310.0
2025-09-16,1648611,3900323960,2405.0,2320.0,2370.0,65.0,3135,3653,2330.0
2025-09-17,1413057,3276667140,2390.0,2285.0,2335.0,-35.0,3100,3653,2390.0
2025-09-18,1551037,3708414240,2420.0,2325.0,2415.0,80.0,3077,3653,2350.0
2025-09-19,1920023,4482204735,2455.0,2305.0,2305.0,-110.0,5053,3653,2455.0
2025-09-22,976500,2252085305,2340.0,2280.0,2295.0,-10.0,2789,3653,2320.0
2025-09-23,1536862,3624101030,2410.0,2295.0,2355.0,60.0,3359,3653,2325.0
2025-09-24,1919649,4367952795,2350.0,2245.0,2250.0,-105.0,5300,3653,2340.0
2025-09-25,2029330,4456295635,2240.0,2165.0,2200.0,-50.0,4913,3653,2190.0
2025-09-26,2264851,4860199600,2200.0,2105.0,2195.0,-5.0,4129,3653,2180.0
2025-09-30,1536338,3702574580,2410.0,2410.0,2410.0,215.0,2119,3653,2410.0
2025-10-01,4303801,10581348190,2540.0,2385.0,2445.0,35.0,6690,3653,2430.0
2025-10-02,2154103,5336206330,2530.0,2420.0,2470.0,25.0,4112,3653,2500.0
2025-10-03,1788942,4296243565,2450.0,2375.0,2380.0,-90.0,5268,3653,2450.0
2025-10-07,1730401,4042243715,2425.0,2305.0,2320.0,-60.0,5629,3653,2420.0
2025-10-08,1002394,2317403100,2335.0,2275.0,2320.0,0.0,2286,3653,2320.0
2025-10-09,1031395,2372506500,2335.0,2270.0,2300.0,-20.0,2837,3653,2330.0
2025-10-13,1365357,2999869600,2230.0,2105.0,2225.0,-75.0,5277,3653,2105.0
2025-10-14,1303836,2913436560,2305.0,2180.0,2195.0,-30.0,3519,3653,2240.0
2025-10-15,2918163,6847021220,2410.0,2195.0,2390.0,195.0,7429,3653,2200.0
2025-10-16,1061869,2494289420,2385.0,2320.0,2340.0,-50.0,3228,3653,2385.0
2025-10-17,1958105,4435905060,2375.0,2220.0,2235.0,-105.0,6356,3653,2375.0
2025-10-20,1220036,2762773875,2315.0,2230.0,2265.0,30.0,2603,3653,2285.0
2025-10-21,1191989,2672361110,2290.0,2220.0,2240.0,-25.0,3171,3653,2290.0
2025-10-22,605099,1360706440,2285.0,2215.0,2235.0,-5.0,1789,3653,2225.0
2025-10-23,1211537,2658113330,2220.0,2180.0,2200.0,-35.0,4034,3653,2195.0
2025-10-27,1943841,4228483625,2285.0,2125.0,2135.0,-65.0,6318,3653,2250.0
2025-10-28,1083347,2332238315,2180.0,2120.0,2165.0,30.0,2848,3653,2145.0
2025-10-29,1340738,2854351645,2210.0,2105.0,2115.0,-50.0,5013,3653,2200.0
2025-10-30,1538282,3258012755,2160.0,2070.0,2145.0,30.0,3966,3653,2125.0
2025-10-31,883412,1903823845,2200.0,2130.0,2130.0,-15.0,2731,3653,2145.0
2025-11-03,720918,1547576555,2170.0,2125.0,2145.0,15.0,1935,3653,2140.0
2025-11-04,2187507,4594381290,2225.0,2020.0,2020.0,-125.0,9254,3653,2160.0
2025-11-05,1675821,3338121945,2035.0,1940.0,2025.0,5.0,4768,3653,1960.0
2025-11-06,3108778,6737304555,2225.0,2060.0,2190.0,165.0,10211,3653,2075.0
2025-11-07,1948670,4265283240,2210.0,2150.0,2180.0,-10.0,5411,3653,2170.0
2025-11-10,2608243,5813556210,2270.0,2155.0,2230.0,50.0,7472,3653,2220.0
2025-11-11,1705309,3813949045,2290.0,2195.0,2210.0,-20.0,5532,3653,2275.0
2025-11-12,1341266,3005680837,2265.0,2205.0,2265.0,55.0,3979,3653,2250.0
2025-11-13,6167045,14975719610,2490.0,2350.0,2475.0,210.0,15419,3653,2400.0
2025-11-14,4374878,10825911960,2580.0,2300.0,2580.0,105.0,11206,3653,2395.0
2025-11-17,3065737,7890763395,2670.0,2500.0,2555.0,-25.0,8151,3653,2565.0
2025-11-18,2020975,5074117600,2570.0,2460.0,2490.0,-65.0,6451,3653,2510.0
2025-11-19,1484331,3651035615,2505.0,2425.0,2450.0,-40.0,4187,3653,2480.0
2025-11-20,2897133,7642639550,2680.0,2575.0,2655.0,205.0,6786,3653,2640.0
2025-11-21,1986377,5025527450,2595.0,2490.0,2545.0,-110.0,5856,3653,2505.0
2025-11-24,1795582,4640892845,2630.0,2500.0,2605.0,60.0,3777,3653,2580.0
2025-11-25,1393731,3647766645,2690.0,2585.0,2595.0,-10.0,3344,3653,2675.0
2025-11-26,1020827,2677758350,2665.0,2580.0,2635.0,40.0,2972,3653,2640.0
2025-11-27,2036958,5479852265,2750.0,2630.0,2715.0,80.0,4748,3653,2665.0
2025-11-28,3016418,8718165185,2965.0,2730.0,2905.0,190.0,6747,3653,2740.0
2025-12-01,2153926,6048756210,2885.0,2730.0,2800.0,-105.0,6731,3653,2880.0
2025-12-02,1372367,3869598485,2860.0,2790.0,2800.0,0.0,3225,3653,2825.0
2025-12-03,952664,2646139100,2830.0,2745.0,2780.0,-20.0,4101,3653,2810.0
2025-12-04,637138,1773153380,2815.0,2750.0,2785.0,5.0,1964,3653,2790.0
2025-12-05,4231835,12670636005,3060.0,2865.0,3060.0,275.0,11120,3653,2910.0
2025-12-08,2732529,8398498229,3140.0,3010.0,3020.0,-40.0,8342,3653,3060.0
2025-12-09,1518111,4530166850,3060.0,2945.0,2950.0,-70.0,7043,3653,3015.0
2025-12-10,1693756,4972017540,3040.0,2885.0,2920.0,-30.0,7003,3653,3010.0
2025-12-11,1227867,3614376035,3000.0,2910.0,2930.0,10.0,3863,3653,2935.0
2025-12-12,1312102,3933283600,3050.0,2935.0,2995.0,65.0,3566,3653,2970.0
2025-12-15,1491765,4332350420,2945.0,2885.0,2915.0,-80.0,7252,3653,2905.0
2025-12-16,1642001,4672661080,2920.0,2800.0,2840.0,-75.0,7662,3653,2890.0
2025-12-17,2079289,5750801730,2870.0,2705.0,2705.0,-135.0,11384,3653,2860.0
2025-12-18,1124789,3022373305,2730.0,2655.0,2655.0,-50.0,4397,3653,2680.0
2025-12-19,2985102,7898100500,2710.0,2630.0,2630.0,-25.0,4880,3653,2690.0
2025-12-22,1421557,3777297515,2695.0,2625.0,2645.0,15.0,5391,3653,2665.0
2025-12-23,1422324,3871730440,2755.0,2655.0,2715.0,70.0,4716,3653,2670.0
2025-12-24,911001,2504370815,2765.0,2725.0,2750.0,35.0,2969,3653,2760.0
2025-12-26,1287081,3576283505,2830.0,2730.0,2740.0,-10.0,5409,3653,2785.0
2025-12-29,670303,1822909675,2760.0,2690.0,2725.0,-15.0,4610,3653,2750.0
2025-12-30,553267,1519305090,2775.0,2710.0,2760.0,35.0,2412,3653,2725.0
2025-12-31,673212,1861750650,2785.0,2745.0,2745.0,-15.0,2749,3653,2775.0
2026-01-02,1796727,4737372240,2785.0,2590.0,2590.0,-155.0,16022,3653,2785.0
2026-01-05,1287286,3324693325,2650.0,2545.0,2590.0,0.0,8184,3653,2630.0
2026-01-06,1012584,2683124745,2685.0,2595.0,2640.0,50.0,4597,3653,2610.0
2026-01-07,2587648,6571539102,2725.0,2480.0,2485.0,-155.0,17412,3653,2680.0
2026-01-08,1401155,3449284810,2510.0,2425.0,2445.0,-40.0,9192,3653,2510.0
2026-01-09,2076984,5264504720,2575.0,2450.0,2565.0,120.0,6385,3653,2460.0
2026-01-12,1384636,3532738950,2605.0,2495.0,2535.0,-30.0,6302,3653,2605.0
2026-01-13,2316614,5676843755,2580.0,2375.0,2390.0,-145.0,14149,3653,2570.0
2026-01-14,1586839,3903041387,2505.0,2400.0,2450.0,60.0,5378,3653,2400.0
2026-01-15,2252451,5290464948,2430.0,2315.0,2380.0,-70.0,12051,3653,2415.0
2026-01-16,1986335,4769981650,2475.0,2320.0,2410.0,30.0,6245,3653,2400.0
2026-01-19,1593533,3816129205,2450.0,2315.0,2430.0,20.0,5589,3653,2395.0
2026-01-20,1437543,3537097085,2490.0,2380.0,2460.0,30.0,4249,3653,2380.0
2026-01-21,3073438,7207064765,2410.0,2300.0,2330.0,-130.0,12677,3653,2410.0
2026-01-22,2365676,5891590425,2560.0,2360.0,2560.0,230.0,8361,3653,2390.0
2026-01-23,4243353,11525935735,2795.0,2605.0,2795.0,235.0,14869,3653,2660.0
2026-01-26,1788030,4950962175,2845.0,2730.0,2740.0,-55.0,6943,3653,2845.0
2026-01-27,2211247,6211594670,2850.0,2720.0,2795.0,55.0,7648,3653,2800.0
2026-01-28,1467897,4140462510,2890.0,2775.0,2810.0,15.0,6228,3653,2820.0
2026-01-29,3367152,9902476435,3015.0,2835.0,2895.0,85.0,13834,3653,2835.0
2026-01-30,1464223,4187333615,2940.0,2820.0,2840.0,-55.0,7941,3653,2855.0
2026-02-02,1935240,5637029955,2970.0,2750.0,2955.0,115.0,7264,3653,2750.0
2026-02-03,3030885,9303457100,3140.0,2985.0,3140.0,185.0,10368,3653,3030.0
2026-02-04,1946800,5995454460,3175.0,2985.0,3110.0,-30.0,6808,3653,3125.0
2026-02-05,1384108,4187403790,3090.0,2990.0,3000.0,-110.0,6291,3653,3060.0
2026-02-06,1367498,4028984625,3015.0,2875.0,2970.0,-30.0,5872,3653,2980.0
2026-02-09,1879583,5861383160,3155.0,3055.0,3145.0,175.0,6745,3653,3120.0
2026-02-10,2685511,8774311005,3350.0,3155.0,3350.0,205.0,9436,3653,3185.0
2026-02-11,1743426,5648890905,3345.0,3185.0,3205.0,-145.0,11197,3653,3320.0
2026-02-23,2198920,6932884730,3365.0,3075.0,3080.0,-125.0,9020,3653,3365.0
2026-02-24,2150844,6408301775,3125.0,2910.0,2940.0,-140.0,14513,3653,3125.0
2026-02-25,1858827,5707357800,3145.0,2925.0,3130.0,190.0,7088,3653,2990.0
2026-02-26,1292986,4036821270,3190.0,3055.0,3120.0,-10.0,5664,3653,3120.0
2026-03-02,1014337,3095101255,3120.0,2980.0,3045.0,-75.0,4747,3653,3045.0
2026-03-03,1255200,3865033690,3165.0,3025.0,3040.0,-5.0,4514,3653,3060.0
2026-03-04,1459543,4251325460,2975.0,2855.0,2880.0,-160.0,7794,3653,2960.0
2026-03-05,1846870,5734751415,3160.0,3035.0,3140.0,260.0,8578,3653,3035.0
2026-03-06,4048300,13531627685,3450.0,3155.0,3415.0,275.0,16328,3653,3250.0
2026-03-09,2893688,9157383605,3270.0,3075.0,3180.0,-235.0,7612,3653,3075.0
2026-03-10,2743045,9518468485,3495.0,3360.0,3495.0,315.0,8526,3653,3450.0
2026-03-11,3220181,11180356870,3545.0,3375.0,3485.0,-10.0,8158,3653,3475.0
2026-03-12,2167226,7338510470,3450.0,3310.0,3440.0,-45.0,6375,3653,3450.0
2026-03-13,2263723,7474968110,3420.0,3225.0,3245.0,-195.0,13329,3653,3410.0
2026-03-16,1809148,6207838520,3520.0,3270.0,3390.0,145.0,6428,3653,3285.0
2026-03-17,1783263,6509204525,3725.0,3500.0,3725.0,335.0,8485,3653,3520.0
2026-03-18,2068959,8191981420,4020.0,3865.0,3980.0,255.0,6606,3653,3970.0
2026-03-19,1229615,4867427900,4055.0,3875.0,3900.0,-80.0,5830,3653,3905.0
2026-03-20,1149545,4445444140,3920.0,3810.0,3850.0,-50.0,4872,3653,3910.0
2026-03-23,1335878,5095453840,3895.0,3605.0,3850.0,0.0,4834,3653,3605.0
2026-03-24,2080424,8451073910,4195.0,3950.0,3950.0,100.0,7420,3653,4090.0
2026-03-25,1119596,4480500225,4170.0,3910.0,3945.0,-5.0,6533,3653,4150.0
2026-03-26,1294550,5132399805,4060.0,3870.0,3940.0,-5.0,5313,3653,3945.0
2026-03-27,1269685,5089879725,4090.0,3840.0,4040.0,100.0,5204,3653,3840.0
2026-03-30,1272254,4969324100,4080.0,3820.0,3890.0,-150.0,6583,3653,3970.0
2026-03-31,1995849,7630827070,3970.0,3745.0,3795.0,-95.0,6561,3653,3850.0
2026-04-01,1416825,5661398790,4050.0,3950.0,3950.0,155.0,4882,3653,3980.0
2026-04-02,1635526,6259854758,4065.0,3710.0,3710.0,-240.0,11465,3653,4055.0
2026-04-07,1859509,6919790955,3850.0,3610.0,3760.0,50.0,7595,3653,3850.0
2026-04-08,1649302,6594628665,4045.0,3925.0,4010.0,250.0,7457,3653,3950.0
2026-04-09,1612721,6744085725,4270.0,3980.0,4240.0,230.0,6995,3653,4160.0
2026-04-10,1546069,6386803028,4290.0,4010.0,4125.0,-115.0,6757,3653,4240.0
2026-04-13,794823,3229681765,4135.0,4000.0,4045.0,-80.0,4889,3653,4125.0
2026-04-14,852925,3453188325,4135.0,4000.0,4000.0,-45.0,4396,3653,4100.0
2026-04-15,1185531,4859658685,4160.0,3980.0,4155.0,155.0,5117,3653,4015.0
2026-04-16,1568897,6769528865,4430.0,4165.0,4380.0,225.0,6379,3653,4300.0
2026-04-17,1407455,6449645980,4720.0,4375.0,4565.0,185.0,5776,3653,4425.0
2026-04-20,1237358,6105600160,5020.0,4700.0,5020.0,455.0,6581,3653,4750.0
2026-04-21,1623127,8650272220,5520.0,5135.0,5370.0,350.0,7707,3653,5200.0
2026-04-22,1061369,5779901560,5570.0,5300.0,5410.0,40.0,4914,3653,5500.0
2026-04-23,1475527,7953289455,5685.0,5150.0,5310.0,-100.0,7992,3653,5555.0
2026-04-24,469524,2528595110,5575.0,5260.0,5370.0,60.0,3024,3653,5500.0
2026-04-27,574108,2899034910,5500.0,4920.0,4960.0,-410.0,6588,3653,5500.0
2026-04-28,499182,2457094095,5000.0,4870.0,4950.0,-10.0,3679,3653,4905.0
2026-04-29,468659,2465902895,5445.0,4980.0,5445.0,495.0,3202,3653,4980.0
2026-04-30,417950,2241136445,5435.0,5305.0,5380.0,-65.0,2890,3653,5405.0
2026-05-04,342059,1805560790,5320.0,5210.0,5300.0,-80.0,2987,3653,5265.0
2026-05-05,1333464,6488488885,5200.0,4780.0,4780.0,-520.0,18850,3653,5200.0
2026-05-06,920109,3961604205,4305.0,4305.0,4305.0,-475.0,19109,3653,4305.0
2026-05-07,1885313,7305587875,3875.0,3875.0,3875.0,-430.0,25958,3653,3875.0
2026-05-08,5820794,21132449025,4010.0,3490.0,3650.0,-225.0,36723,3653,3775.0
2026-05-11,4163150,16304751725,4015.0,3700.0,4015.0,365.0,25951,3653,3710.0
2026-05-12,3524136,14109947770,4150.0,3865.0,3920.0,-95.0,25072,3653,4050.0
2026-05-13,1282165,4566434615,3800.0,3530.0,3530.0,-390.0,16327,3653,3800.0
2026-05-14,1062721,3600047075,3640.0,3310.0,3365.0,-165.0,11547,3653,3640.0
2026-05-15,816195,2781714535,3470.0,3350.0,3465.0,100.0,5249,3653,3365.0
2026-05-18,1062497,3433283215,3345.0,3200.0,3270.0,-195.0,8626,3653,3305.0
2026-05-19,1137582,3471474310,3260.0,2995.0,3090.0,-180.0,8366,3653,3260.0
2026-05-20,1475086,4351862875,3030.0,2800.0,3030.0,-60.0,7300,3653,3010.0
2026-05-21,521459,1725048505,3330.0,3220.0,3330.0,300.0,2210,3653,3280.0
2026-05-22,638947,2289942280,3660.0,3475.0,3660.0,330.0,5002,3653,3505.0
2026-05-25,693208,2587428955,3770.0,3700.0,3770.0,110.0,5502,3653,3750.0
2026-05-26,692286,2588695810,3830.0,3670.0,3670.0,-100.0,4636,3653,3830.0
2026-05-27,3139136,12032455565,4015.0,3650.0,3670.0,0.0,19163,3653,3795.0
2026-05-28,2199582,7914197950,3830.0,3460.0,3500.0,-170.0,17362,3653,3700.0
2026-05-29,2343319,8221940120,3600.0,3415.0,3545.0,45.0,10459,3653,3580.0
2026-06-01,2419419,9152809610,3895.0,3550.0,3840.0,295.0,12980,3653,3550.0
2026-06-02,2994152,12039815970,4165.0,3880.0,3990.0,150.0,17264,3653,3995.0
2026-06-03,1925173,7680271985,4210.0,3860.0,3905.0,-85.0,13924,3653,4040.0
2026-06-04,1442589,5417680915,3875.0,3695.0,3730.0,-175.0,11218,3653,3800.0
2026-06-05,1169958,4197143270,3680.0,3460.0,3620.0,-110.0,9761,3653,3550.0
2026-06-08,2195430,7931381395,3860.0,3260.0,3820.0,200.0,11652,3653,3260.0
2026-06-09,2263039,8939810900,4060.0,3855.0,3935.0,115.0,9783,3653,3915.0
2026-06-10,2153645,8311150135,4000.0,3740.0,3800.0,-135.0,11312,3653,3800.0
2026-06-11,2496268,8926093205,3860.0,3420.0,3620.0,-180.0,14499,3653,3800.0
2026-06-12,1850384,6743999205,3820.0,3495.0,3690.0,70.0,7858,3653,3755.0
2026-06-15,1451242,5613706390,3970.0,3775.0,3835.0,145.0,7999,3653,3800.0
2026-06-16,1083519,4173589110,3950.0,3765.0,3785.0,-50.0,6618,3653,3940.0
2026-06-17,1554824,6090089160,3990.0,3720.0,3990.0,205.0,8155,3653,3730.0
2026-06-18,2001751,8079035725,4230.0,3935.0,3965.0,-25.0,10064,3653,3990.0
2026-06-22,1448778,5616127085,4030.0,3820.0,3840.0,-125.0,11129,3653,4015.0
