date,capacity,turnover,high,low,close,change,transaction_volume,stock_code_id,open
2015-01-05,7412941,544412905,73.9,72.6,73.9,0.9,3318,4938,73.0
2015-01-06,8098881,588463599,73.6,71.6,72.1,-1.8,4204,4938,73.0
2015-01-07,7837876,562312235,72.6,71.3,71.3,-0.8,3500,4938,72.1
2015-01-08,21260321,1580075675,75.5,72.0,75.3,4.0,9906,4938,72.5
2015-01-09,14040422,1075988872,77.7,75.8,76.3,1.0,6661,4938,76.8
2015-01-12,6276375,473726123,76.4,74.8,74.8,-1.5,3478,4938,76.4
2015-01-13,19964075,1507913733,76.5,73.7,75.9,1.1,6419,4938,74.2
2015-01-14,8062233,603626412,75.7,74.4,74.4,-1.5,4495,4938,74.9
2015-01-15,9251873,697503616,76.0,74.7,75.2,0.8,4867,4938,74.8
2015-01-16,13604802,1031863939,77.0,74.7,76.0,0.8,6166,4938,75.5
2015-01-19,11853883,914396256,77.7,76.7,77.1,1.1,4618,4938,76.9
2015-01-20,24568332,1948957847,81.0,77.1,81.0,3.9,9493,4938,77.3
2015-01-21,15904500,1269418401,81.0,79.2,79.4,-1.6,7537,4938,81.0
2015-01-22,8588429,681560391,80.3,78.9,79.1,-0.3,4412,4938,79.5
2015-01-23,13559804,1076755816,80.9,78.2,79.0,-0.1,7269,4938,79.6
2015-01-26,11172942,884621650,80.3,78.3,79.6,0.6,5596,4938,79.1
2015-01-27,10984570,881604535,81.4,79.6,79.6,0.0,5953,4938,80.9
2015-01-28,28015387,2303344678,84.5,79.6,84.0,4.4,13215,4938,80.2
2015-01-29,32551273,2752853809,86.5,83.1,83.1,-0.9,15357,4938,84.5
2015-01-30,21214046,1798326624,85.7,83.5,85.0,1.9,9740,4938,84.0
2015-02-02,23641241,1998120066,85.5,83.1,84.9,-0.1,9986,4938,83.9
2015-02-03,12567222,1065078129,85.8,84.1,84.2,-0.7,6248,4938,85.2
2015-02-04,12135180,1029668391,85.8,84.1,84.1,-0.1,6864,4938,84.9
2015-02-05,11836568,985273598,84.4,82.5,82.9,-1.2,6631,4938,83.6
2015-02-06,19886257,1587092794,82.7,78.4,79.9,-3.0,9909,4938,82.1
2015-02-09,13606322,1111797204,82.9,80.6,82.2,2.3,7549,4938,81.0
2015-02-10,13176725,1078568351,83.1,80.8,80.8,-1.4,6540,4938,82.2
2015-02-11,10622865,869712679,82.4,81.2,81.4,0.6,5271,4938,81.5
2015-02-12,27384680,2278865772,84.8,82.8,84.5,3.1,9472,4938,82.9
2015-02-13,10546979,892160562,85.1,84.2,84.8,0.3,5015,4938,84.9
2015-02-24,15199811,1324993343,88.2,86.5,86.9,2.1,7678,4938,88.0
2015-02-25,10232097,891883339,87.7,86.5,87.3,0.4,5419,4938,87.3
2015-02-26,11466318,990050708,87.0,86.1,86.2,-1.1,4203,4938,87.0
2015-03-02,11479752,976748576,86.9,83.7,85.9,-0.3,5989,4938,86.6
2015-03-03,9979787,850347595,86.4,84.5,85.1,-0.8,5076,4938,85.9
2015-03-04,5866360,502801300,86.0,84.9,85.9,0.8,3561,4938,85.1
2015-03-05,14931181,1309233307,88.7,86.0,88.5,2.6,7333,4938,86.0
2015-03-06,13059443,1161520427,89.5,87.9,89.4,0.9,5745,4938,88.5
2015-03-09,8187906,729434558,90.6,88.5,88.5,-0.9,4529,4938,89.4
2015-03-10,8502402,753147855,89.4,88.0,88.5,0.0,4297,4938,88.5
2015-03-11,7377558,652544307,89.0,87.6,88.7,0.2,4252,4938,87.8
2015-03-12,8916090,800257080,90.6,89.0,89.2,0.5,4929,4938,89.2
2015-03-13,6284364,556849947,89.8,88.1,88.4,-0.8,3458,4938,88.8
2015-03-16,14689258,1273471913,87.7,86.1,86.2,-2.2,6030,4938,87.0
2015-03-17,9565518,836102631,88.0,86.5,86.8,0.6,4628,4938,86.5
2015-03-18,7647796,675992441,89.1,87.0,89.1,2.3,4361,4938,87.0
2015-03-19,8931039,805147856,90.8,89.5,90.1,1.0,4635,4938,89.6
2015-03-20,9390854,841785861,91.1,88.9,88.9,-1.2,3838,4938,89.9
2015-03-23,15678651,1437598592,93.0,90.1,92.0,3.1,7643,4938,90.1
2015-03-24,31033700,2746869600,91.5,87.3,88.0,-4.0,14933,4938,91.5
2015-03-25,18215781,1573634105,88.8,85.1,85.6,-2.4,9275,4938,88.0
2015-03-26,13009336,1116069555,87.0,84.2,86.9,1.3,6604,4938,84.9
2015-03-27,9203589,789829201,87.0,85.0,85.5,-1.4,4083,4938,86.9
2015-03-30,8839149,749137613,86.3,84.0,84.2,-1.3,5241,4938,85.0
2015-03-31,11952964,1014358114,85.5,84.2,84.7,0.5,5536,4938,84.8
2015-04-01,9283829,777871425,84.6,82.7,83.9,-0.8,4462,4938,84.1
2015-04-02,6387340,544911874,85.8,84.3,85.6,1.7,3681,4938,84.5
2015-04-07,7779051,676888422,87.9,86.1,87.3,1.7,4424,4938,86.8
2015-04-08,6886014,596783095,87.6,86.0,86.5,-0.8,3860,4938,87.5
2015-04-09,5869259,508866130,87.5,86.1,86.7,0.2,3399,4938,86.5
2015-04-10,10670955,935026056,88.0,86.9,86.9,0.2,5098,4938,87.8
2015-04-13,6167422,542943569,88.5,87.5,88.5,1.6,3239,4938,87.6
2015-04-14,5575183,495277601,89.4,88.1,89.3,0.8,2866,4938,88.8
2015-04-15,7410851,652945804,89.6,87.1,87.1,-2.2,3633,4938,89.5
2015-04-16,7246237,635496162,88.6,87.0,88.5,1.4,3430,4938,88.1
2015-04-17,5724923,501712763,88.5,87.2,87.2,-1.3,3141,4938,88.5
2015-04-20,6995009,613280972,88.7,86.8,87.8,0.6,3969,4938,87.8
2015-04-21,5823088,506937679,88.5,86.0,86.3,-1.5,3198,4938,88.5
2015-04-22,6287723,551116125,88.1,86.9,87.9,1.6,3589,4938,87.0
2015-04-23,26174662,2424667360,94.0,89.4,93.8,5.9,11622,4938,89.5
2015-04-24,14534211,1367646984,94.9,93.3,93.9,0.1,7232,4938,94.4
2015-04-27,8925883,841311327,95.0,93.7,94.0,0.1,4759,4938,94.0
2015-04-28,8507056,790551753,94.9,91.8,93.0,-1.0,4843,4938,94.0
2015-04-29,6063608,560296336,93.3,91.6,92.1,-0.9,3369,4938,93.0
2015-04-30,5972892,546917872,92.5,91.2,91.3,-0.8,2791,4938,91.7
2015-05-04,4138611,378457101,92.6,90.9,91.0,-0.3,2544,4938,92.4
2015-05-05,6082621,558719032,93.0,90.8,92.3,1.3,3736,4938,92.0
2015-05-06,10321375,960982175,93.7,92.2,93.4,1.1,5533,4938,92.3
2015-05-07,6343913,585313796,93.5,91.7,91.9,-1.5,3936,4938,93.4
2015-05-08,18225339,1684060010,94.8,90.0,90.0,-1.9,8252,4938,94.2
2015-05-11,9720309,884810398,92.3,90.0,90.7,0.7,5385,4938,90.7
2015-05-12,9555437,877468165,92.4,90.6,92.3,1.6,4949,4938,90.7
2015-05-13,8758267,799319080,92.7,90.9,90.9,-1.4,4866,4938,92.7
2015-05-14,8867692,797151210,92.0,89.0,89.0,-1.9,5241,4938,91.3
2015-05-15,6497656,579693694,89.8,88.2,89.5,0.5,3459,4938,89.3
2015-05-18,4437790,400222314,90.5,89.5,90.3,0.8,2563,4938,90.0
2015-05-19,7471879,680104858,91.8,90.0,90.2,-0.1,4053,4938,91.0
2015-05-20,11863101,1076947730,91.5,90.0,90.0,-0.2,4786,4938,90.7
2015-05-21,8264372,731573275,89.0,88.0,88.6,-1.4,4624,4938,89.0
2015-05-22,4840715,433969480,90.0,88.9,89.5,0.9,2643,4938,89.6
2015-05-25,3829303,348819273,91.5,90.3,91.0,1.5,2466,4938,91.4
2015-05-26,5878367,540693201,92.4,91.6,91.9,0.9,3364,4938,92.0
2015-05-27,5398200,496588737,92.4,91.3,91.8,-0.1,2998,4938,91.9
2015-05-28,10563443,989332244,94.5,92.1,93.5,1.7,5607,4938,92.3
2015-05-29,8170009,755288506,94.5,91.6,91.6,-1.9,4224,4938,94.0
2015-06-01,5541351,501594663,91.9,90.1,90.4,-1.2,3059,4938,91.6
2015-06-02,6204419,559718189,91.2,89.5,89.5,-0.9,3915,4938,90.1
2015-06-03,5992099,534260077,90.0,88.9,88.9,-0.6,3377,4938,89.0
2015-06-04,8126728,719672096,89.6,87.8,88.2,-0.7,4911,4938,89.2
2015-06-05,11879918,1029199302,89.1,84.6,89.0,0.8,6396,4938,87.0
2015-06-08,4465711,392827365,89.0,87.3,87.6,-1.4,2849,4938,89.0
2015-06-09,8250659,708796438,86.3,85.1,85.3,-2.3,4332,4938,85.8
2015-06-10,6760429,587207194,88.0,85.6,87.2,1.9,3743,4938,85.6
2015-06-11,6860688,592830264,87.4,85.7,86.2,-1.0,3410,4938,87.4
2015-06-12,4272339,370756041,87.6,85.6,86.6,0.4,2256,4938,86.1
2015-06-15,6930329,604837675,89.4,85.6,87.5,0.9,4066,4938,86.0
2015-06-16,6462005,563407049,87.7,86.3,87.5,0.0,3105,4938,87.6
2015-06-17,6320771,553480856,88.1,86.7,87.5,0.0,4123,4938,87.8
2015-06-18,7479682,647509314,87.3,86.2,86.2,-1.3,3518,4938,86.8
2015-06-22,9264436,812220040,88.1,87.0,87.5,1.3,5163,4938,87.0
2015-06-23,11879249,1054622011,90.0,87.8,88.5,1.0,5958,4938,88.5
2015-06-24,12454976,1103952950,89.4,87.8,88.7,0.2,3851,4938,88.5
2015-06-25,9949837,894908430,90.7,88.5,90.0,1.3,5225,4938,89.0
2015-06-26,4624376,418384001,90.9,90.1,90.5,0.5,2742,4938,90.7
2015-06-29,3474931,309534538,89.5,88.8,89.2,-1.3,2013,4938,89.1
2015-06-30,6203214,557064594,90.3,88.7,90.3,1.1,3234,4938,89.0
2015-07-01,5675432,516535925,91.5,89.8,90.9,0.6,3366,4938,89.8
2015-07-02,9266167,848161497,92.0,90.7,91.1,0.2,5200,4938,91.2
2015-07-03,6849511,627528947,92.2,90.4,92.2,1.1,3548,4938,91.1
2015-07-06,8072196,748218565,93.2,91.2,93.0,0.8,4228,4938,91.2
2015-07-07,8373876,779949090,94.2,92.8,93.0,0.0,3785,4938,93.4
2015-07-08,14710585,1288522627,92.5,85.8,85.9,-7.1,7331,4938,90.4
2015-07-09,12684747,1080204297,88.5,81.0,87.3,1.4,7174,4938,83.6
2015-07-13,16589492,1517926180,93.0,88.9,93.0,5.7,7713,4938,89.0
2015-07-14,7935525,735889933,94.3,91.6,92.0,-1.0,4670,4938,94.0
2015-07-15,6353408,589616128,93.4,92.0,92.9,0.9,3683,4938,92.5
2015-07-16,14311682,1352674790,95.4,93.6,95.4,2.5,6437,4938,94.0
2015-07-17,8867356,838248011,95.4,93.5,94.1,-1.3,4868,4938,94.8
2015-07-20,11750407,1136074160,98.4,95.0,96.1,2.0,6954,4938,95.0
2015-07-21,6665038,634552974,96.9,94.5,94.5,-1.6,4199,4938,96.5
2015-07-22,14072876,1291583745,92.7,90.8,91.7,-2.8,6837,4938,91.0
2015-07-23,12560473,1151725972,92.9,90.2,90.7,-1.0,6261,4938,91.5
2015-07-24,6164337,558400090,91.8,89.2,90.6,-0.1,3687,4938,90.7
2015-07-27,4356091,392431265,91.8,88.6,88.9,-1.7,2637,4938,90.5
2015-07-28,9292056,838879498,91.6,88.0,90.5,1.6,4383,4938,88.0
2015-07-29,9018595,815195588,92.1,88.8,92.1,1.6,5097,4938,90.5
2015-07-30,6013619,549798485,92.6,90.5,90.8,-1.3,3003,4938,92.1
2015-07-31,6841768,615396152,91.5,88.8,88.8,-2.0,3250,4938,91.5
2015-08-03,5985922,533047744,90.0,88.2,88.9,0.1,3344,4938,90.0
2015-08-04,10530455,892633495,86.5,83.3,83.9,0.0,5242,4938,85.1
2015-08-05,11973324,994625750,84.4,81.2,84.3,0.4,5965,4938,81.2
2015-08-06,16015424,1312558054,85.5,79.6,80.5,-3.8,7851,4938,85.3
2015-08-07,10433300,857429915,83.7,78.6,83.1,2.6,5806,4938,78.6
2015-08-10,7373622,629271692,86.5,82.6,86.5,3.4,4478,4938,82.6
2015-08-11,17470073,1533195288,90.1,86.1,86.3,-0.2,8439,4938,87.8
2015-08-12,9432298,813341907,87.3,85.0,86.3,0.0,4982,4938,85.9
2015-08-13,8623319,751299403,88.0,86.1,87.5,1.2,4867,4938,87.6
2015-08-14,11296615,1013837449,90.9,88.3,89.7,2.2,6771,4938,88.8
2015-08-17,8508625,768816863,91.5,89.5,89.6,-0.1,5644,4938,91.4
2015-08-18,8540406,761844363,90.5,88.1,89.1,-0.5,5378,4938,90.2
2015-08-19,17629734,1508948522,89.7,83.0,84.7,-4.4,8676,4938,89.4
2015-08-20,13969893,1184036829,86.7,83.5,83.6,-1.1,7648,4938,85.2
2015-08-21,17612624,1418658829,83.0,79.1,79.1,-4.5,9025,4938,81.0
2015-08-24,22983910,1700266244,77.8,71.2,74.8,-4.3,9705,4938,76.3
2015-08-25,19614822,1520158137,80.1,73.0,79.9,5.1,9066,4938,73.8
2015-08-26,13660559,1097269787,81.4,78.2,81.0,1.1,6019,4938,80.2
2015-08-27,12328784,1021046469,83.7,82.0,82.5,1.5,5564,4938,83.3
2015-08-28,14583587,1248969738,86.4,84.2,86.0,3.5,6534,4938,85.5
2015-08-31,30030149,2535233265,86.2,83.8,84.2,-1.8,7691,4938,85.0
2015-09-01,9846725,829033523,85.2,83.3,83.4,-0.8,5756,4938,84.9
2015-09-02,8941178,740713078,84.1,81.1,83.1,-0.3,4909,4938,81.1
2015-09-03,7083967,597448395,85.0,83.6,85.0,1.9,3696,4938,84.5
2015-09-04,8349896,699415041,85.4,82.1,82.1,-2.9,4187,4938,85.0
2015-09-07,7617949,620227843,82.4,80.6,80.9,-1.2,3566,4938,82.1
2015-09-08,4483808,367729857,82.7,81.0,82.4,1.5,3197,4938,81.2
2015-09-09,12034565,1027148290,86.5,83.5,86.0,3.6,6360,4938,83.5
2015-09-10,9201094,780750204,85.9,84.0,85.3,-0.7,4998,4938,85.9
2015-09-11,8880308,772211832,87.8,86.5,86.8,1.5,4472,4938,87.0
2015-09-14,6324630,551062872,88.0,86.3,86.8,0.0,3805,4938,87.7
2015-09-15,6028932,527392561,88.5,86.8,87.5,0.7,3829,4938,88.4
2015-09-16,7593612,663749296,88.2,86.5,87.6,0.1,4106,4938,88.2
2015-09-17,4726624,415919373,88.5,87.6,87.8,0.2,2941,4938,88.3
2015-09-18,6221386,540873882,87.5,86.7,86.8,-1.0,2976,4938,87.5
2015-09-21,6713273,571282679,86.2,84.5,84.9,-1.9,4246,4938,86.1
2015-09-22,4338104,373296222,86.8,85.3,86.2,1.3,2669,4938,86.8
2015-09-23,7669455,649044142,85.9,84.1,84.3,-1.9,4371,4938,85.2
2015-09-24,4095253,343446352,85.3,83.1,83.4,-0.9,2574,4938,85.0
2015-09-25,8723276,719263182,83.9,81.8,82.8,-0.6,4314,4938,83.9
2015-09-30,19836788,1585976679,81.1,79.1,80.2,-2.6,9448,4938,79.6
2015-10-01,8255153,673441663,82.5,80.5,82.2,2.0,5067,4938,81.3
2015-10-02,7010781,569885117,81.8,80.6,81.6,-0.6,4419,4938,81.5
2015-10-05,7590315,627490845,83.4,82.1,82.8,1.2,4664,4938,82.3
2015-10-06,10590867,883618965,85.0,82.1,82.1,-0.7,5424,4938,84.0
2015-10-07,17604315,1405650076,80.6,78.2,80.2,-1.9,7871,4938,78.2
2015-10-08,12990775,1034136175,80.2,79.2,79.4,-0.8,6364,4938,79.3
2015-10-12,42067867,3576427215,86.4,83.9,85.6,6.2,16318,4938,84.6
2015-10-13,20629583,1727859154,85.4,83.0,83.5,-2.1,10307,4938,84.9
2015-10-14,20502917,1728876578,85.4,83.0,84.7,1.2,8525,4938,83.4
2015-10-15,11125442,938748605,85.2,83.9,84.1,-0.6,5248,4938,85.0
2015-10-16,11446426,950641074,84.9,82.0,82.4,-1.7,6129,4938,84.3
2015-10-19,11640874,947400221,83.0,80.6,81.0,-1.4,6578,4938,82.3
2015-10-20,14032410,1132447711,81.8,80.0,80.2,-0.8,6599,4938,81.0
2015-10-21,11489059,933581179,81.8,80.7,81.0,0.8,6198,4938,81.0
2015-10-22,4563071,372531622,82.0,81.0,82.0,1.0,3049,4938,81.0
2015-10-23,8996806,736646333,83.0,81.1,81.1,-0.9,5198,4938,83.0
2015-10-26,11242777,926466186,82.9,81.5,82.8,1.7,5537,4938,81.5
2015-10-27,18114679,1470709996,82.0,80.7,80.8,-2.0,8071,4938,82.0
2015-10-28,9924670,801188621,81.4,80.2,80.6,-0.2,4315,4938,81.1
2015-10-29,5875382,476681742,81.8,80.7,81.0,0.4,3205,4938,81.8
2015-10-30,12653666,1013977168,81.4,79.5,79.8,-1.2,6529,4938,81.4
2015-11-02,10971600,874754066,80.8,78.5,80.8,1.0,6343,4938,79.0
2015-11-03,9915082,804813243,81.8,80.5,81.4,0.6,4934,4938,81.5
2015-11-04,11623583,949560314,82.1,80.8,82.1,0.7,6369,4938,81.6
2015-11-05,8334161,684707302,82.5,81.5,82.5,0.4,4839,4938,81.8
2015-11-06,9377770,770460590,83.0,81.5,81.9,-0.6,4413,4938,82.7
2015-11-09,8905958,726109398,83.1,80.5,80.9,-1.0,4565,4938,82.5
2015-11-10,23440592,1930411673,83.0,81.1,82.5,1.6,10208,4938,81.5
2015-11-11,18080443,1499558064,83.6,82.1,83.1,0.6,7521,4938,83.1
2015-11-12,7885866,653737094,83.7,82.3,82.8,-0.3,4272,4938,83.6
2015-11-13,6500789,539333221,83.4,82.2,82.6,-0.2,4267,4938,82.5
2015-11-16,11304387,942014977,84.0,82.1,84.0,1.4,5755,4938,82.4
2015-11-17,10768511,918060206,86.2,84.5,84.5,0.5,6597,4938,85.0
2015-11-18,6743885,562514855,84.5,82.8,83.0,-1.5,4787,4938,84.2
2015-11-19,6470277,540240469,84.1,82.6,84.1,1.1,4061,4938,83.8
2015-11-20,9117703,777590879,85.8,84.3,85.5,1.4,5187,4938,84.3
2015-11-23,7296802,626770591,86.5,85.5,86.0,0.5,3993,4938,86.4
2015-11-24,5571507,472879981,86.0,84.2,85.0,-1.0,3235,4938,86.0
2015-11-25,3188812,269483085,85.5,84.0,84.6,-0.4,2321,4938,85.0
2015-11-26,7471778,641079561,86.1,85.2,86.0,1.4,4382,4938,85.3
2015-11-27,5734976,491403548,86.0,84.9,85.5,-0.5,3559,4938,85.8
2015-11-30,14277826,1223870236,86.5,84.2,86.1,0.6,6159,4938,84.7
2015-12-01,16317143,1430336342,89.0,86.4,89.0,2.9,8477,4938,86.4
2015-12-02,8712463,762754605,89.3,86.5,87.5,-1.5,4752,4938,88.5
2015-12-03,4916596,426071371,87.5,86.1,86.9,-0.6,3012,4938,86.2
2015-12-04,6655762,567658366,86.0,84.3,85.7,-1.2,4030,4938,85.2
2015-12-07,8626646,756520471,88.5,86.3,87.7,2.0,4515,4938,86.3
2015-12-08,6057696,526510318,88.0,86.1,87.7,0.0,2788,4938,86.1
2015-12-09,6146020,532625209,87.4,85.9,86.3,-1.4,3403,4938,87.4
2015-12-10,8415500,718106291,86.2,84.5,85.5,-0.8,4130,4938,86.0
2015-12-11,17968738,1465621897,83.5,79.7,79.9,-5.6,9194,4938,82.5
2015-12-14,23922479,1832064398,78.8,75.0,75.1,-4.8,11534,4938,77.2
2015-12-15,13510697,1035330233,78.0,75.2,76.6,1.5,6537,4938,76.8
2015-12-16,7983456,612869705,77.8,76.2,76.6,0.0,4499,4938,76.6
2015-12-17,7283551,565661854,78.6,76.6,77.8,1.2,4024,4938,76.6
2015-12-18,5921922,456205194,77.5,76.5,77.0,-0.8,2371,4938,77.0
2015-12-21,4340113,333253916,77.3,76.0,77.2,0.2,1711,4938,76.0
2015-12-22,5948118,461165840,78.3,76.6,77.7,0.5,2914,4938,76.6
2015-12-23,4863018,382199797,79.3,77.5,78.6,0.9,3099,4938,78.3
2015-12-24,4047095,318025762,79.2,77.5,77.6,-1.0,2149,4938,78.8
2015-12-25,1392471,108529038,78.3,77.4,78.3,0.7,843,4938,77.4
2015-12-28,1810646,141813588,78.8,77.9,78.4,0.1,1204,4938,78.8
2015-12-29,9657334,731616609,77.8,74.6,75.2,-3.2,5207,4938,77.8
2015-12-30,12508259,916988930,75.8,72.2,73.2,-2.0,6256,4938,75.5
2015-12-31,8274788,597521623,73.0,71.6,72.0,-1.2,4103,4938,71.6
2016-01-04,9348767,665726841,73.3,70.5,70.8,-1.2,5599,4938,73.0
2016-01-05,8264597,594478784,72.8,70.6,72.0,1.2,5365,4938,70.6
2016-01-06,19693260,1346784301,71.0,67.6,67.9,-4.1,9563,4938,70.1
2016-01-07,19563558,1286615094,66.4,65.2,65.7,-2.2,8125,4938,65.8
2016-01-08,15604663,1033139972,67.8,64.1,67.0,1.3,6822,4938,65.2
2016-01-11,9820115,638947797,65.7,64.5,64.6,-2.4,5209,4938,65.6
2016-01-12,12748201,849491690,67.6,66.0,66.6,2.0,5825,4938,66.0
2016-01-13,9190879,621192826,68.4,67.0,67.3,0.7,4711,4938,67.9
2016-01-14,11834097,774318302,66.2,64.6,65.6,-1.7,5714,4938,65.3
2016-01-15,14782180,960389201,67.0,63.9,64.9,-0.7,6755,4938,66.0
2016-01-18,14149315,942489020,68.5,64.1,68.0,3.1,7207,4938,64.2
2016-01-19,15405948,1060497630,70.5,66.8,70.2,2.2,6548,4938,68.0
2016-01-20,14413108,977339725,69.4,66.1,66.1,-4.1,7318,4938,69.4
2016-01-21,8598558,577344186,68.0,66.1,67.2,1.1,4058,4938,66.5
2016-01-22,23013585,1667612246,73.4,71.7,73.2,6.0,10861,4938,72.6
2016-01-25,12904787,965510625,75.2,73.8,75.1,1.9,7337,4938,73.8
2016-01-26,15509141,1132063268,74.2,72.1,72.1,-3.0,7150,4938,73.6
2016-01-27,10663963,782863996,74.2,72.5,74.0,1.9,5381,4938,73.9
2016-01-28,8319128,611538184,74.4,72.5,73.4,-0.6,4233,4938,72.6
2016-01-29,13793650,1030789470,75.6,73.1,74.9,1.5,5961,4938,73.5
2016-01-30,4625427,352965182,76.8,75.3,76.8,1.9,2626,4938,75.3
2016-02-01,13250701,1022751241,77.8,76.0,77.7,0.9,6946,4938,77.5
2016-02-02,9543108,744802386,78.5,77.6,78.0,0.3,6225,4938,78.0
2016-02-03,6756682,517974896,77.4,76.3,76.3,-1.7,3891,4938,77.3
2016-02-15,10074962,758869086,76.7,73.1,76.3,0.0,5808,4938,73.1
2016-02-16,7228422,560645289,79.1,76.0,78.6,2.3,3469,4938,76.9
2016-02-17,12048614,941047792,78.7,77.3,78.2,-0.4,5284,4938,77.3
2016-02-18,7519827,595229533,79.5,78.4,79.3,1.1,3819,4938,79.0
2016-02-19,5791370,455642337,79.3,78.5,78.5,-0.8,3642,4938,79.2
2016-02-22,4518942,358917215,79.9,78.8,79.2,0.7,2346,4938,79.2
2016-02-23,5615417,439470659,79.4,77.9,78.3,-0.9,3124,4938,79.2
2016-02-24,4963810,386419980,79.2,77.3,77.5,-0.8,2981,4938,79.2
2016-02-25,10238698,799832504,79.0,77.4,77.5,0.0,4179,4938,77.5
2016-02-26,7703524,606922074,79.2,78.0,79.0,1.5,3507,4938,78.4
2016-03-01,10120702,803053060,80.0,78.1,80.0,1.0,5274,4938,78.1
2016-03-02,7427511,603575291,81.7,80.3,81.3,1.3,4141,4938,81.7
2016-03-03,11025824,882453020,81.5,79.0,80.0,-1.3,5393,4938,81.5
2016-03-04,5610348,446846752,80.5,79.2,79.2,-0.8,3422,4938,80.0
2016-03-07,4642546,367888310,80.0,78.8,79.1,-0.1,2892,4938,79.0
2016-03-08,5000307,393455050,79.4,78.2,78.8,-0.3,3057,4938,78.9
2016-03-09,5607812,439376033,79.0,78.0,78.5,-0.3,2176,4938,78.6
2016-03-10,3221516,253961744,79.3,78.4,78.8,0.3,1659,4938,78.6
2016-03-11,5782877,458324395,80.0,78.0,80.0,1.2,3087,4938,78.3
2016-03-14,6326380,503485240,80.2,79.3,79.6,-0.4,3603,4938,80.0
2016-03-15,3763805,297615186,79.9,78.5,78.6,-1.0,2266,4938,79.7
2016-03-16,6664223,531011340,80.5,78.9,80.4,1.8,4064,4938,79.6
2016-03-17,6572971,535131325,81.8,80.9,81.3,0.9,3907,4938,81.5
2016-03-18,14935402,1199282041,80.8,79.6,80.8,-0.5,6459,4938,80.5
2016-03-21,17584522,1402321324,80.5,79.0,79.2,-1.6,6331,4938,79.8
2016-03-22,11540844,894815743,78.8,76.8,77.6,-1.6,6668,4938,78.6
2016-03-23,12494578,951070328,78.1,75.4,75.5,-2.1,7302,4938,77.2
2016-03-24,9393125,716208990,77.3,74.7,76.1,0.6,4967,4938,75.1
2016-03-25,2836722,215650307,76.5,75.2,76.1,0.0,1470,4938,76.3
2016-03-28,2229169,169579617,76.6,75.6,75.8,-0.3,1417,4938,75.6
2016-03-29,5333276,401199500,76.2,74.0,75.0,-0.8,3410,4938,76.0
2016-03-30,6508848,496248245,76.8,75.3,76.5,1.5,3889,4938,75.3
2016-03-31,14059945,1053628953,75.9,74.4,75.1,-1.4,6857,4938,75.3
2016-04-01,8446992,621363853,74.2,73.2,73.4,-1.7,4937,4938,73.6
2016-04-06,12523643,911594982,74.2,72.3,72.7,-0.7,5951,4938,74.2
2016-04-07,8396467,611852948,74.1,72.1,73.8,1.1,4347,4938,72.2
2016-04-08,8405330,611627390,73.5,72.4,72.9,-0.9,3768,4938,73.3
2016-04-11,8628623,617384498,72.4,71.2,71.4,-1.5,4839,4938,72.3
2016-04-12,11979502,848436084,72.5,70.0,70.2,-1.2,6284,4938,71.3
2016-04-13,13623370,994166137,74.5,70.7,73.7,3.5,6631,4938,70.9
2016-04-14,5605041,408867356,74.2,72.4,72.4,-1.3,3630,4938,74.2
2016-04-15,4593569,336388112,73.8,72.3,73.5,1.1,2799,4938,73.2
2016-04-18,1780277,129623754,73.5,72.5,72.8,-0.7,1210,4938,72.9
2016-04-19,13017882,924514815,73.3,70.3,70.5,-2.3,5858,4938,73.3
2016-04-20,13332239,935899886,71.2,69.5,69.6,-0.9,6620,4938,70.5
2016-04-21,6412878,448500260,70.4,69.5,70.0,0.4,4015,4938,69.9
2016-04-22,9386827,644184563,69.9,67.9,68.2,-1.8,5019,4938,69.9
2016-04-25,6197789,424306537,68.9,67.9,68.5,0.3,3406,4938,68.7
2016-04-26,4010838,278917908,70.3,68.3,69.8,1.3,2650,4938,68.7
2016-04-27,10169976,706703603,70.3,68.2,70.1,0.3,4655,4938,68.8
2016-04-28,13151038,898057896,70.1,67.6,68.0,-2.1,6184,4938,70.1
2016-04-29,6590487,448639598,68.6,67.0,68.3,0.3,3372,4938,67.5
2016-05-03,9521703,641036044,68.3,67.0,67.0,-1.3,4996,4938,68.3
2016-05-04,10498052,709634384,68.4,66.6,66.8,-0.2,5593,4938,67.0
2016-05-05,7576842,508712477,67.9,66.6,67.8,1.0,3635,4938,66.8
2016-05-06,9297701,614559466,67.3,65.4,65.5,-2.3,4445,4938,67.2
2016-05-09,13286308,880139306,67.1,64.6,66.5,1.0,6257,4938,65.7
2016-05-10,12846055,839065869,65.8,64.8,65.1,-1.4,5212,4938,65.1
2016-05-11,14450800,942942262,65.9,64.4,65.3,0.2,6312,4938,65.1
2016-05-12,16699786,1054629618,65.1,62.4,62.6,-2.7,8027,4938,65.0
2016-05-13,17603717,1071472637,61.9,60.2,60.4,-2.2,7734,4938,61.8
2016-05-16,8332859,519641335,63.4,60.6,62.8,2.4,4794,4938,60.6
2016-05-17,10358770,645900992,63.0,61.8,62.4,-0.4,5397,4938,62.5
2016-05-18,13043076,800142864,62.3,60.6,61.2,-1.2,6392,4938,61.1
2016-05-19,7682435,471940001,62.0,61.0,61.2,0.0,4480,4938,61.5
2016-05-20,11485549,699077820,61.5,60.4,60.4,-0.8,5744,4938,61.2
2016-05-23,16382439,1054708394,66.4,60.9,66.4,6.0,8678,4938,61.0
2016-05-24,11975161,784485790,66.3,65.0,65.3,-1.1,6582,4938,65.9
2016-05-25,14615826,983257464,67.8,66.1,67.6,2.3,7703,4938,66.1
2016-05-26,9989290,664791978,67.5,65.8,66.3,-1.3,6092,4938,67.5
2016-05-27,8220763,544307104,67.0,65.5,66.6,0.3,4299,4938,65.5
2016-05-30,10552274,712368525,68.5,66.6,67.6,1.0,5317,4938,66.6
2016-05-31,12629498,854455946,68.3,66.9,67.9,0.3,4995,4938,67.3
2016-06-01,8545584,586650708,69.1,67.2,69.0,1.1,4075,4938,67.3
2016-06-02,5222845,355255495,68.9,67.5,67.6,-1.4,3193,4938,68.8
2016-06-03,5073059,347045427,68.8,68.1,68.5,0.9,3058,4938,68.2
2016-06-04,1086197,74657368,69.0,68.5,68.6,0.1,712,4938,68.5
2016-06-06,5255946,363362051,69.7,68.4,69.2,0.6,3120,4938,68.4
2016-06-07,9305722,652694868,70.8,69.4,70.6,1.4,5594,4938,69.9
2016-06-08,12321285,877773205,71.7,70.5,71.7,1.1,7194,4938,70.7
2016-06-13,13856820,949519683,70.0,68.0,68.3,-3.4,7095,4938,70.0
2016-06-14,6435832,442251808,69.2,67.6,69.1,0.8,3862,4938,68.0
2016-06-15,7856857,538201279,69.1,67.7,68.6,-0.5,4453,4938,68.1
2016-06-16,7728458,526512071,69.0,67.4,68.3,-0.3,3954,4938,68.6
2016-06-17,5147025,351792300,69.0,68.0,68.0,-0.3,2767,4938,68.9
2016-06-20,4218093,290214888,69.1,68.3,69.0,1.0,2473,4938,68.8
2016-06-21,6818213,474166410,70.0,68.7,70.0,1.0,4486,4938,69.2
2016-06-22,6459106,450275392,70.4,69.1,69.5,-0.5,3627,4938,70.3
2016-06-23,4082515,281081035,69.3,68.6,68.8,-0.7,2590,4938,68.8
2016-06-24,11617294,780584798,69.2,66.0,66.5,-2.3,6258,4938,69.0
2016-06-27,4621035,309468845,67.3,66.3,67.0,0.5,2571,4938,66.5
2016-06-28,3785790,254015359,67.6,66.5,67.2,0.2,2472,4938,66.8
2016-06-29,7351148,499017019,68.4,67.5,67.8,0.6,4470,4938,67.7
2016-06-30,7803796,530335233,68.5,67.8,67.8,0.0,3649,4938,68.4
2016-07-01,12261835,854869713,71.8,68.1,70.2,2.4,6503,4938,68.1
2016-07-04,15215749,1087287505,72.0,70.2,71.7,1.5,6108,4938,70.2
2016-07-05,10489369,735760268,71.2,69.6,69.9,-1.8,6321,4938,71.1
2016-07-06,14421300,978322056,68.8,67.3,67.5,-2.4,8277,4938,68.1
2016-07-07,9866506,671085542,68.5,67.6,68.3,0.8,5731,4938,68.3
2016-07-11,8993293,622252515,69.6,68.8,68.8,0.5,4570,4938,69.2
2016-07-12,19445931,1383182601,72.1,70.3,71.3,2.5,9966,4938,70.8
2016-07-13,18080647,1315517631,73.5,71.5,73.1,1.8,9080,4938,72.4
2016-07-14,7215222,524231115,73.2,72.1,72.5,-0.6,3884,4938,72.8
2016-07-15,15296012,1135434767,74.9,72.7,74.4,1.9,7034,4938,72.9
2016-07-18,14565099,1103123626,76.4,74.6,75.4,1.0,7212,4938,75.4
2016-07-19,9774220,734480333,76.0,74.7,75.0,-0.4,4460,4938,76.0
2016-07-20,14083244,1069781650,76.4,74.9,76.3,1.3,7085,4938,75.0
2016-07-21,14509010,1124944342,78.2,76.4,77.9,1.6,7041,4938,76.8
2016-07-22,10015898,770714236,77.7,76.5,77.1,-0.8,5218,4938,77.6
2016-07-25,10976975,844448775,78.0,75.8,77.3,0.2,5709,4938,77.1
2016-07-26,7300420,564105503,77.7,76.8,77.5,0.2,4118,4938,77.7
2016-07-27,11427412,889299327,78.3,77.5,77.6,0.1,5367,4938,77.9
2016-07-28,11275354,880990744,78.4,77.5,78.4,0.8,4923,4938,78.0
2016-07-29,9105320,712989801,78.5,78.0,78.3,-0.1,3932,4938,78.5
2016-08-01,17431494,1378407972,79.4,78.3,79.4,1.1,6773,4938,78.4
2016-08-02,17908410,1348232950,76.0,75.0,75.0,0.0,6903,4938,75.0
2016-08-03,7980950,592822571,74.7,74.0,74.1,-0.9,4641,4938,74.5
2016-08-04,5927241,437719417,74.9,73.5,73.6,-0.5,2959,4938,74.5
2016-08-05,12902538,935743532,74.3,72.1,72.3,-1.3,6496,4938,74.1
2016-08-08,7520156,548788555,73.8,72.3,73.6,1.3,4519,4938,72.8
2016-08-09,4980122,368928180,74.4,73.7,74.1,0.5,2914,4938,74.0
2016-08-10,4834511,357199091,74.5,73.6,73.6,-0.5,2432,4938,74.3
2016-08-11,7115393,514402396,73.8,71.7,71.7,-1.9,3749,4938,73.5
2016-08-12,30581541,2314802313,77.3,73.6,77.3,5.6,13914,4938,73.8
2016-08-15,16476893,1294195687,79.4,77.8,78.5,1.2,7602,4938,79.0
2016-08-16,8919281,703292949,79.6,78.2,78.8,0.3,4911,4938,78.9
2016-08-17,16709863,1333117366,80.0,78.9,80.0,1.2,8397,4938,79.5
2016-08-18,24648255,2012138101,84.2,79.8,79.8,-0.2,11413,4938,81.2
2016-08-19,10716810,854042683,81.4,78.9,79.0,-0.8,5830,4938,81.4
2016-08-22,5930521,461524912,78.8,77.2,78.2,-0.8,3398,4938,78.8
2016-08-23,9256574,732735902,79.9,77.6,79.8,1.6,4180,4938,77.6
2016-08-24,5957072,468685005,79.2,78.3,78.4,-1.4,3770,4938,78.9
2016-08-25,7000380,549207296,79.4,78.1,78.4,0.0,4294,4938,79.0
2016-08-26,2969968,232656004,79.1,78.1,78.3,-0.1,2049,4938,78.9
2016-08-29,5162354,397828503,78.3,76.1,77.2,-1.1,3070,4938,78.3
2016-08-30,5574226,430126657,78.3,76.8,76.9,-0.3,3409,4938,77.9
2016-08-31,8510185,653458985,77.6,76.5,76.7,-0.2,4350,4938,77.1
2016-09-01,7679560,587030260,77.1,76.1,76.4,-0.3,4412,4938,77.0
2016-09-02,8299957,626626948,76.5,75.1,75.1,-1.3,4571,4938,76.4
2016-09-05,3637036,276199109,76.3,75.6,75.8,0.7,1989,4938,75.6
2016-09-06,7006450,540062050,77.5,75.9,77.3,1.5,3299,4938,75.9
2016-09-07,8229940,640616684,78.5,77.2,77.2,-0.1,4023,4938,77.9
2016-09-08,8910944,683242988,77.9,76.4,77.2,0.0,4009,4938,77.9
2016-09-09,5203295,395999267,76.5,75.8,76.4,-0.8,2806,4938,76.1
2016-09-10,3610998,271179637,75.8,74.9,75.0,-1.4,1998,4938,74.9
2016-09-12,4814318,360609206,75.4,74.5,75.0,0.0,2791,4938,74.7
2016-09-13,5312603,401608577,76.1,74.5,76.0,1.0,3602,4938,76.1
2016-09-14,14246104,1103221550,78.0,76.3,77.7,1.7,6359,4938,76.7
2016-09-19,28095633,2301156326,83.3,80.3,83.3,5.6,13846,4938,81.5
2016-09-20,14994574,1247354612,84.0,82.6,82.8,-0.5,6551,4938,83.6
2016-09-21,11516045,956695485,84.0,82.7,82.7,-0.1,5758,4938,83.1
2016-09-22,14082834,1166537328,84.0,81.9,82.7,0.0,8003,4938,83.9
2016-09-23,7441912,610787584,83.4,81.5,82.3,-0.4,3480,4938,83.2
2016-09-26,12341596,985679863,80.9,79.2,79.5,-2.8,5813,4938,80.0
2016-09-29,14911110,1201679015,81.8,79.0,81.8,2.3,7570,4938,80.1
2016-09-30,8049719,647025069,81.3,79.8,80.6,-1.2,3851,4938,81.3
2016-10-03,8735224,712394094,81.9,81.0,81.7,1.1,4860,4938,81.5
2016-10-04,7816522,638121568,82.0,81.1,81.8,0.1,5132,4938,81.6
2016-10-05,11931548,986944498,83.4,81.9,81.9,0.1,5520,4938,82.6
2016-10-06,6118669,498067989,82.4,81.0,81.2,-0.7,3338,4938,82.2
2016-10-07,4707070,381466315,81.9,80.7,80.8,-0.4,2320,4938,81.7
2016-10-11,7136829,576414054,81.9,80.1,80.7,-0.1,3546,4938,81.9
2016-10-12,10159497,835063780,82.7,81.7,82.2,1.5,5159,4938,82.0
2016-10-13,10721235,886039685,83.3,82.0,83.0,0.8,5274,4938,82.9
2016-10-14,5429483,445154599,82.9,81.6,81.6,-1.4,2964,4938,82.8
2016-10-17,8921549,734899981,83.0,80.9,83.0,1.4,4430,4938,81.7
2016-10-18,8339309,689663279,83.1,82.2,82.9,-0.1,4762,4938,83.0
2016-10-19,7892210,655068030,83.2,82.7,83.2,0.3,4289,4938,83.0
2016-10-20,4288312,355382198,83.4,82.7,82.8,-0.4,2302,4938,83.4
2016-10-21,7303786,610171201,84.0,82.9,83.5,0.7,3061,4938,83.0
2016-10-24,6872664,575984352,84.6,83.3,83.3,-0.2,2504,4938,83.8
2016-10-25,10267363,868233282,85.0,83.6,84.9,1.6,4981,4938,83.6
2016-10-26,8496174,722958283,85.7,83.8,85.7,0.8,4773,4938,84.3
2016-10-27,10016436,857310333,86.8,84.8,85.6,-0.1,5029,4938,85.4
2016-10-28,5897859,497961156,85.6,84.0,84.4,-1.2,3185,4938,84.5
2016-10-31,5944203,503605373,85.3,83.8,85.0,0.6,2934,4938,84.8
2016-11-01,6044560,510264840,85.0,84.0,84.1,-0.9,2966,4938,84.2
2016-11-02,5165605,427149371,83.6,82.3,82.3,-1.8,3153,4938,83.0
2016-11-03,5242030,428278430,83.4,80.9,81.0,-1.3,3133,4938,82.7
2016-11-04,3130474,255235074,81.9,81.0,81.7,0.7,2268,4938,81.0
2016-11-07,3522347,292560254,83.8,82.0,83.2,1.5,2173,4938,82.2
2016-11-08,3544857,296109551,83.8,82.8,83.8,0.6,2136,4938,83.8
2016-11-09,11886014,983502433,85.5,80.7,81.7,-2.1,6219,4938,84.9
2016-11-10,4824136,402113444,84.0,82.8,83.0,1.3,3071,4938,83.8
2016-11-11,28507425,2151457695,77.5,74.7,74.7,-8.3,14233,4938,76.6
2016-11-14,18836841,1359689652,74.4,71.1,71.8,-2.9,9826,4938,74.3
2016-11-15,16399843,1162275167,72.0,70.0,70.0,-1.8,8401,4938,70.9
2016-11-16,14134467,1017954202,72.8,71.3,71.9,1.9,7128,4938,71.9
2016-11-17,11081885,800849029,73.5,71.7,72.3,0.4,5179,4938,73.5
2016-11-18,10984982,801771148,73.9,71.6,73.8,1.5,5691,4938,72.3
2016-11-21,4104370,301077746,73.8,73.0,73.4,-0.4,2588,4938,73.8
2016-11-22,8482965,632463683,75.4,73.6,74.3,0.9,4390,4938,73.6
2016-11-23,11915366,904667633,76.8,74.5,76.5,2.2,6539,4938,74.5
2016-11-24,16094376,1219462431,77.3,74.3,74.3,-2.2,10023,4938,76.5
2016-11-25,4894063,363771786,74.9,73.6,74.9,0.6,2959,4938,74.1
2016-11-28,5768075,435926643,76.1,74.6,75.9,1.0,3391,4938,74.9
2016-11-29,11128285,856732272,77.8,75.9,76.2,0.3,5593,4938,76.5
2016-11-30,12426278,944929103,77.5,75.2,75.9,-0.3,5562,4938,76.9
2016-12-01,7051083,540621837,77.3,76.2,76.5,0.6,3837,4938,76.4
2016-12-02,7023618,528400665,75.8,74.8,75.2,-1.3,4474,4938,75.8
2016-12-05,7244036,537530354,75.2,73.5,74.5,-0.7,4297,4938,75.2
2016-12-06,7317513,555506418,76.3,75.2,76.0,1.5,3891,4938,75.3
2016-12-07,6202512,469668749,76.6,75.5,75.5,-0.5,2431,4938,76.6
2016-12-08,7973545,608189165,76.7,75.8,76.4,0.9,4644,4938,76.0
2016-12-09,5667118,434533401,76.9,76.2,76.8,0.4,2709,4938,76.6
2016-12-12,4016568,303882452,76.4,75.3,75.5,-1.3,2742,4938,75.8
2016-12-13,7569389,571450733,76.0,75.2,75.6,0.1,4545,4938,75.3
2016-12-14,6848360,521961260,76.4,75.7,76.4,0.8,3971,4938,76.2
2016-12-15,4521085,341630094,76.1,75.3,75.4,-1.0,2854,4938,75.6
2016-12-16,6779424,517673068,76.7,75.2,76.3,0.9,3196,4938,75.4
2016-12-19,4467820,328208762,76.5,75.1,75.1,-1.2,1981,4938,76.3
2016-12-20,4781943,363596068,76.5,75.3,76.5,1.4,2982,4938,75.3
2016-12-21,6175226,474216391,77.8,75.6,77.0,0.5,3359,4938,76.5
2016-12-22,3309943,253727355,77.4,76.3,76.3,-0.7,2075,4938,77.2
2016-12-23,2243721,171328496,76.8,76.1,76.1,-0.2,1307,4938,76.2
2016-12-26,655339,49798388,76.4,75.8,76.0,-0.1,483,4938,75.8
2016-12-27,1272228,96964568,76.4,75.9,76.4,0.4,831,4938,76.3
2016-12-28,3308595,255070381,77.3,76.4,77.2,0.8,2141,4938,76.4
2016-12-29,3331496,257212137,77.7,76.5,76.6,-0.6,1965,4938,76.8
2016-12-30,3577659,275382567,77.5,76.5,77.0,0.4,2435,4938,77.2
2017-01-03,5110473,399446227,78.8,77.1,78.4,1.4,3185,4938,77.4
2017-01-04,6374048,505041670,79.7,78.0,79.2,0.8,3666,4938,78.4
2017-01-05,7509368,587100204,78.8,77.9,78.0,-1.2,5077,4938,78.4
2017-01-06,2703252,211464093,78.5,78.0,78.0,0.0,1835,4938,78.1
2017-01-09,3903389,305208094,78.8,77.8,77.9,-0.1,2315,4938,78.5
2017-01-10,5880849,463085550,79.2,78.3,78.8,0.9,3289,4938,78.4
2017-01-11,23921946,1776553704,74.8,73.3,74.0,-4.8,11613,4938,73.3
2017-01-12,15148050,1103216800,73.7,72.0,72.7,-1.3,8720,4938,72.0
2017-01-13,9862968,721537132,73.8,72.8,73.4,0.7,6139,4938,72.9
2017-01-16,8078351,592100656,74.0,72.5,73.8,0.4,4904,4938,74.0
2017-01-17,6415568,471990691,74.0,73.1,73.5,-0.3,3849,4938,73.1
2017-01-18,7788321,574362681,74.0,73.3,73.5,0.0,5129,4938,73.6
2017-01-19,7139461,530349996,74.6,73.6,74.5,1.0,4413,4938,73.6
2017-01-20,4605499,341728210,74.6,73.6,74.0,-0.5,3208,4938,74.1
2017-01-23,5044941,377068093,75.0,74.2,74.7,0.7,2607,4938,74.2
2017-01-24,5225116,393085400,75.5,74.9,75.1,0.4,3076,4938,75.0
2017-02-02,14487251,1099506561,77.4,75.1,76.0,0.9,6090,4938,77.4
2017-02-03,10123030,770850780,76.5,75.7,76.1,0.1,3995,4938,76.0
2017-02-06,8526988,658509748,78.2,76.6,76.8,0.7,4058,4938,76.8
2017-02-07,8786129,685730819,78.9,76.8,78.0,1.2,4401,4938,76.8
2017-02-08,9633491,749601429,78.4,76.7,78.2,0.2,4640,4938,77.7
2017-02-09,11259815,880167086,79.0,77.4,79.0,0.8,4474,4938,77.5
2017-02-10,20786559,1713873512,83.5,81.0,82.6,3.6,10166,4938,81.0
2017-02-13,12755377,1057931143,83.5,82.0,83.0,0.4,6351,4938,83.0
2017-02-14,11314328,936006401,83.7,82.0,82.2,-0.8,5193,4938,83.0
2017-02-15,12270346,1011858919,83.4,81.8,82.5,0.3,6458,4938,82.2
2017-02-16,7025654,577046806,83.4,81.6,81.7,-0.8,3873,4938,82.7
2017-02-17,9178786,738524625,82.0,80.0,80.1,-1.6,5887,4938,81.5
2017-02-18,1673902,134864382,80.8,80.2,80.6,0.5,1243,4938,80.2
2017-02-20,7881141,632613330,81.3,80.0,80.0,-0.6,4064,4938,81.0
2017-02-21,5213894,418683120,80.7,80.0,80.3,0.3,2584,4938,80.2
2017-02-22,13204670,1080685754,82.4,81.4,81.8,1.5,5929,4938,81.5
2017-02-23,6962196,565557476,82.3,80.8,81.3,-0.5,3889,4938,81.1
2017-02-24,8114028,657483720,81.4,80.4,80.7,-0.6,2503,4938,81.4
2017-03-01,6777032,551172443,81.9,80.4,81.3,0.6,3715,4938,80.4
2017-03-02,8678206,708271122,82.3,81.0,81.3,0.0,4450,4938,82.0
2017-03-03,5756621,468519449,82.0,80.8,81.9,0.6,3344,4938,81.2
2017-03-06,3512860,286119860,81.8,81.2,81.4,-0.5,1841,4938,81.8
2017-03-07,6476283,528122771,82.0,81.0,82.0,0.6,3263,4938,81.6
2017-03-08,4372062,357527260,82.1,81.3,82.1,0.1,2337,4938,81.5
2017-03-09,5958286,485916368,82.4,81.3,81.5,-0.6,3392,4938,82.4
2017-03-10,3579796,291699819,82.1,80.8,82.1,0.6,2251,4938,81.7
2017-03-13,2541019,208568738,82.3,81.8,82.2,0.1,1771,4938,82.3
2017-03-14,5487186,453453107,82.8,82.2,82.8,0.6,3502,4938,82.5
2017-03-15,5377727,444673291,82.9,82.1,82.7,-0.1,3226,4938,82.7
2017-03-16,19777802,1673440157,85.3,84.0,84.8,2.1,8195,4938,84.0
2017-03-17,11985255,1016803443,85.3,84.3,85.0,0.2,4291,4938,85.2
2017-03-20,6333048,543303878,86.5,84.5,86.1,1.1,3601,4938,84.5
2017-03-21,18717087,1653772456,90.0,87.4,88.3,2.2,8010,4938,87.5
2017-03-22,5998802,523931447,87.8,86.3,87.8,-0.5,3553,4938,87.3
2017-03-23,6439495,564684645,89.1,87.1,87.5,-0.3,3018,4938,89.1
2017-03-24,6542304,565172444,87.1,86.1,86.2,-1.3,3563,4938,87.0
2017-03-27,8088024,708855559,88.2,86.3,87.9,1.7,3609,4938,86.3
2017-03-28,7579350,667172804,88.8,87.1,87.8,-0.1,3997,4938,88.3
2017-03-29,6184997,547757108,88.9,88.3,88.8,1.0,2965,4938,88.5
2017-03-30,5265383,466222448,89.2,88.3,88.3,-0.5,2624,4938,89.2
2017-03-31,11434216,1021639074,89.8,88.5,89.8,1.5,4701,4938,88.5
2017-04-05,9337685,849427172,91.8,90.2,91.0,1.2,5437,4938,91.8
2017-04-06,7500515,675940316,91.0,89.9,90.2,-0.8,3600,4938,91.0
2017-04-07,7006385,625911064,90.2,89.1,89.3,-0.9,2075,4938,90.0
2017-04-10,3007670,267603988,89.8,88.6,89.0,-0.3,1641,4938,89.2
2017-04-11,5494506,484950548,89.0,87.8,87.9,-1.1,3239,4938,89.0
2017-04-12,7408274,647210229,87.9,86.7,87.6,-0.3,3781,4938,87.4
2017-04-13,9721019,862732083,89.6,87.5,88.6,1.0,3999,4938,87.5
2017-04-14,4564838,403395191,88.9,87.8,88.4,-0.2,1489,4938,88.2
2017-04-17,3190830,279135910,89.2,86.6,87.4,-1.0,1874,4938,89.2
2017-04-18,4134621,365864385,88.9,87.6,88.7,1.3,2522,4938,87.8
2017-04-19,4797706,420783022,88.7,87.0,87.0,-1.7,2891,4938,88.0
2017-04-20,7090957,609560513,87.1,85.2,85.2,-1.8,3326,4938,86.2
2017-04-21,6456588,562303146,87.5,86.1,87.4,2.2,3471,4938,86.1
2017-04-24,2694730,236003810,88.6,87.0,87.3,-0.1,1802,4938,87.9
2017-04-25,4695745,414818015,88.9,87.5,88.9,1.6,2998,4938,88.0
2017-04-26,6002276,536794603,90.0,88.6,90.0,1.1,3430,4938,89.6
2017-04-27,5273332,467387968,89.8,88.2,88.5,-1.5,2742,4938,89.8
2017-04-28,4202903,372573033,89.1,88.0,88.9,0.4,2400,4938,88.1
2017-05-02,3588541,321662211,90.0,89.3,90.0,1.1,2453,4938,89.5
2017-05-03,3226968,289905420,90.1,89.4,90.0,0.0,1632,4938,90.0
2017-05-04,4775410,432121879,91.0,89.9,91.0,1.0,3106,4938,90.4
2017-05-05,3475458,313420571,91.4,89.7,90.0,-1.0,1970,4938,91.1
2017-05-08,5826052,524388631,91.0,89.5,89.7,-0.3,2742,4938,90.7
2017-05-09,8682817,783225135,91.5,89.4,89.7,0.0,3603,4938,89.6
2017-05-10,14617219,1299463786,89.6,88.2,89.0,-0.7,7816,4938,89.0
2017-05-11,10823330,957095285,89.1,87.8,88.0,-1.0,4961,4938,88.7
2017-05-12,7392703,652667164,89.3,87.6,88.2,0.2,3509,4938,88.0
2017-05-15,10944827,981910911,90.6,88.3,90.5,2.3,3520,4938,88.4
2017-05-16,15296419,1411189319,93.5,90.7,93.0,2.5,7807,4938,90.7
2017-05-17,5512936,508418873,93.2,91.6,92.6,-0.4,3511,4938,93.2
2017-05-18,5332057,482563049,91.0,89.8,90.7,-1.9,3047,4938,90.0
2017-05-19,4064429,367535751,91.4,90.1,90.2,-0.5,2511,4938,90.8
2017-05-22,5842576,539018695,92.9,91.0,92.8,2.6,3679,4938,91.9
2017-05-23,3776398,347009220,93.0,91.3,91.4,-1.4,2667,4938,92.8
2017-05-24,5374519,496407688,93.2,91.3,92.4,1.0,2707,4938,92.4
2017-05-25,3788404,349035904,92.8,91.8,92.3,-0.1,1913,4938,92.2
2017-05-26,2953212,272577360,92.7,92.0,92.3,0.0,1790,4938,92.7
2017-05-31,9214658,855732910,93.3,92.6,92.8,0.5,3904,4938,93.0
2017-06-01,3392685,313156570,93.0,92.0,92.5,-0.3,2066,4938,92.5
2017-06-02,3822154,355590572,93.3,92.7,93.3,0.8,2467,4938,93.0
2017-06-03,459904,42806996,93.3,92.8,93.0,-0.3,328,4938,92.8
2017-06-05,6489159,610209164,95.0,92.7,94.7,1.7,3448,4938,93.0
2017-06-06,3792541,356583317,94.7,93.5,94.1,-0.6,2321,4938,93.9
2017-06-07,4935980,460982120,94.1,93.0,93.6,-0.5,2873,4938,93.6
2017-06-08,3295631,309764893,94.4,93.3,94.1,0.5,1756,4938,93.6
2017-06-09,5320455,497379915,94.1,93.0,93.2,-0.9,3660,4938,94.1
2017-06-12,5343289,493356969,94.0,91.7,91.7,-1.5,3268,4938,94.0
2017-06-13,2639143,243660214,92.8,92.0,92.2,0.5,1832,4938,92.0
2017-06-14,3870962,354270615,92.0,91.1,91.7,-0.5,2213,4938,91.5
2017-06-15,3719420,343532634,93.0,90.9,92.7,1.0,2315,4938,90.9
2017-06-16,7074802,652596385,92.9,92.0,92.0,-0.7,2754,4938,92.3
2017-06-19,8478493,802839667,95.4,92.1,95.0,3.0,3946,4938,92.1
2017-06-20,17181596,1682936608,99.8,94.5,98.5,3.5,8648,4938,94.6
2017-06-21,8640561,839917477,98.5,96.0,97.0,-1.5,5263,4938,98.5
2017-06-22,5084995,495057115,98.2,97.1,97.3,0.3,2867,4938,97.8
2017-06-23,4112181,398899055,97.3,96.7,96.9,-0.4,2680,4938,97.3
2017-06-26,10484821,1026403358,99.1,96.4,98.4,1.5,5804,4938,96.7
2017-06-27,5243173,513585627,99.0,97.1,97.9,-0.5,3595,4938,98.7
2017-06-28,9043044,874127885,97.9,95.5,95.6,-2.3,5731,4938,97.5
2017-06-29,7304191,703253182,97.2,95.4,96.3,0.7,4846,4938,96.3
2017-06-30,5044381,481789131,96.0,95.1,95.3,-1.0,2451,4938,95.2
2017-07-03,5244118,508096144,98.0,95.8,97.6,2.3,3017,4938,96.1
2017-07-04,5960097,581862951,98.5,96.4,96.7,-0.9,4176,4938,97.6
2017-07-05,5615628,550117756,98.8,97.0,98.2,1.5,3212,4938,97.3
2017-07-06,3489939,341806722,98.5,97.5,98.2,0.0,2169,4938,98.4
2017-07-07,2910375,283249379,97.9,96.9,96.9,-1.3,1834,4938,97.1
2017-07-10,3574939,346674979,97.2,96.6,97.1,0.2,2447,4938,97.0
2017-07-11,7579108,746765295,99.1,97.0,99.0,1.9,3626,4938,97.1
2017-07-12,4964464,489707101,99.7,98.1,98.1,-0.9,2791,4938,99.6
2017-07-13,5967310,591457228,99.5,98.5,99.3,1.2,3662,4938,98.8
2017-07-14,3657779,360573460,99.5,98.2,98.8,-0.5,2224,4938,99.5
2017-07-17,2008538,198155524,99.2,98.3,98.5,-0.3,1336,4938,98.8
2017-07-18,2812135,277069547,99.0,98.3,98.6,0.1,1585,4938,99.0
2017-07-19,5939805,586107490,100.0,97.6,98.1,-0.5,3649,4938,98.7
2017-07-20,4087648,403035177,99.1,97.9,98.6,0.5,2528,4938,98.3
2017-07-21,2327770,228726660,98.6,98.0,98.2,-0.4,1610,4938,98.6
2017-07-24,3565508,351560463,98.9,98.1,98.8,0.6,1822,4938,98.1
2017-07-25,5548175,543155961,98.6,96.7,98.5,-0.3,3280,4938,98.2
2017-07-26,3588354,353046906,98.6,98.0,98.5,0.0,2608,4938,98.0
2017-07-27,5986504,590697126,99.0,98.1,98.9,0.4,2802,4938,98.5
2017-07-28,5141639,504878422,98.5,98.0,98.0,-0.9,2866,4938,98.4
2017-07-31,17264023,1681835994,98.6,96.5,98.6,0.6,5472,4938,96.5
2017-08-01,8330944,784325474,95.2,93.2,94.7,0.0,3754,4938,93.3
2017-08-02,6375289,607845266,95.9,94.6,95.2,0.5,3631,4938,95.7
2017-08-03,6767259,640751110,95.5,93.8,94.9,-0.3,3237,4938,94.0
2017-08-04,3770852,359798340,96.1,95.0,95.4,0.5,2383,4938,96.0
2017-08-07,2378890,227960249,96.1,95.4,96.1,0.7,1591,4938,95.8
2017-08-08,8035055,771299418,97.5,95.2,95.4,-0.7,4188,4938,96.2
2017-08-09,4987964,474569690,96.0,94.7,94.8,-0.6,2803,4938,96.0
2017-08-10,7599551,706015528,95.4,92.0,92.2,-2.6,4653,4938,95.3
2017-08-11,16164181,1463870072,91.6,90.1,90.4,-1.8,5676,4938,90.2
2017-08-14,6554996,591426433,91.0,89.2,89.5,-0.9,3130,4938,90.7
2017-08-15,5956657,540638787,91.0,90.5,90.8,1.3,3169,4938,91.0
2017-08-16,5164479,467905787,91.3,90.0,90.6,-0.2,2725,4938,90.2
2017-08-17,3051917,280686764,92.3,91.2,92.1,1.5,2198,4938,92.3
2017-08-18,4229089,387118483,92.0,91.1,92.0,-0.1,1886,4938,91.9
2017-08-21,2614920,239182195,92.0,90.9,91.4,-0.6,1076,4938,92.0
2017-08-22,4116206,381132430,93.0,91.9,92.5,1.1,2433,4938,92.4
2017-08-23,3442765,318820355,93.6,92.0,92.5,0.0,1966,4938,93.6
2017-08-24,3548766,330058338,93.5,91.6,93.4,0.9,1901,4938,91.6
2017-08-25,3442648,322863893,94.0,93.0,94.0,0.6,2387,4938,93.9
2017-08-28,2240125,209902384,94.1,93.3,93.9,-0.1,1361,4938,94.0
2017-08-29,4974606,463388063,94.2,92.6,93.2,-0.7,3008,4938,94.1
2017-08-30,4369206,413169745,95.0,94.2,94.8,1.6,2684,4938,94.4
2017-08-31,5561655,528052184,95.2,94.7,95.0,0.2,2683,4938,95.1
2017-09-01,3887771,366856074,95.0,94.0,94.3,-0.7,2004,4938,95.0
2017-09-04,1900377,178157668,94.2,93.3,93.6,-0.7,1250,4938,94.0
2017-09-05,5403096,502394328,94.0,92.6,93.0,-0.6,2677,4938,93.6
2017-09-06,5908212,549972616,93.8,92.5,93.2,0.2,3112,4938,92.7
2017-09-07,6333634,595124396,94.4,93.2,94.4,1.2,3782,4938,93.3
2017-09-08,7761370,732526394,95.0,93.9,94.4,0.0,4108,4938,95.0
2017-09-11,4307558,402777364,94.9,92.6,92.8,-1.6,2447,4938,94.9
2017-09-12,6542414,601743484,93.3,91.1,91.8,-1.0,3564,4938,93.3
2017-09-13,13401246,1193928647,90.0,88.8,89.0,-2.8,7032,4938,89.0
2017-09-14,10733325,934909025,88.5,86.3,87.2,-1.8,6206,4938,88.3
2017-09-15,9492495,836182137,88.5,87.0,88.5,1.3,4185,4938,87.0
2017-09-18,8771974,764037004,89.0,86.6,87.3,-1.2,5740,4938,89.0
2017-09-19,9728414,825461274,87.2,85.5,85.7,-1.6,4474,4938,87.2
2017-09-20,12541674,1063146308,85.7,84.0,84.1,-1.6,5005,4938,85.3
2017-09-21,8679342,734591072,85.3,83.2,84.8,0.7,4437,4938,83.5
2017-09-22,15238680,1253187646,84.3,81.2,81.3,-3.5,7749,4938,84.2
2017-09-25,21545480,1695686261,81.0,77.7,77.7,-3.6,11015,4938,81.0
2017-09-26,18759845,1449723055,78.6,76.1,76.1,-1.6,9052,4938,77.7
2017-09-27,9602617,750681743,79.1,77.5,78.0,1.9,4579,4938,79.0
2017-09-28,13614052,1080875860,80.7,78.2,79.7,1.7,7125,4938,79.0
2017-09-29,9208345,725783855,80.9,77.7,78.7,-1.0,4864,4938,80.9
2017-09-30,1526916,121582599,80.1,79.2,79.6,0.9,1191,4938,79.3
2017-10-02,11129939,905599084,82.0,79.8,81.7,2.1,6013,4938,80.8
2017-10-03,11342515,912093039,82.0,79.7,80.1,-1.6,6385,4938,81.9
2017-10-05,7148681,578954461,81.4,80.3,81.0,0.9,3591,4938,81.0
2017-10-06,7638808,624710491,82.3,81.4,81.6,0.6,4500,4938,82.3
2017-10-11,10758793,884508863,82.9,81.2,82.3,0.7,5505,4938,82.3
2017-10-12,10366369,858807542,83.8,82.3,82.3,0.0,5944,4938,83.1
2017-10-13,7692885,628047769,82.5,81.1,81.8,-0.5,4230,4938,82.3
2017-10-16,4016239,329228826,82.4,81.5,82.4,0.6,2525,4938,81.8
2017-10-17,7975703,654774581,83.4,81.6,81.8,-0.6,3850,4938,83.1
2017-10-18,8899414,720388234,82.0,80.3,81.0,-0.8,4543,4938,82.0
2017-10-19,13493691,1069516173,80.0,78.8,78.8,-2.2,6897,4938,79.4
2017-10-20,11535229,919636417,80.4,77.9,80.4,1.6,5126,4938,77.9
2017-10-23,4058637,326116460,81.2,79.9,79.9,-0.5,2504,4938,81.2
2017-10-24,6150651,487348794,80.0,78.8,79.1,-0.8,3126,4938,80.0
2017-10-25,5726822,452172838,79.7,78.6,78.8,-0.3,3012,4938,79.4
2017-10-26,3723013,294215515,79.3,78.5,79.1,0.3,2071,4938,78.5
2017-10-27,5490853,433884859,79.6,78.5,78.6,-0.5,3371,4938,79.5
2017-10-30,7958539,630818150,80.0,78.4,78.4,-0.2,4380,4938,79.8
2017-10-31,8729529,684103254,78.8,78.0,78.0,-0.4,4040,4938,78.8
2017-11-01,6057021,474908921,78.9,78.1,78.2,0.2,3716,4938,78.5
2017-11-02,7490078,582104645,78.4,77.5,77.5,-0.7,3929,4938,78.2
2017-11-03,5849625,457095916,78.5,77.7,78.3,0.8,2925,4938,78.0
2017-11-06,7108664,558840145,79.5,78.1,78.2,-0.1,3276,4938,79.5
2017-11-07,5667302,442851130,78.7,78.0,78.1,-0.1,3025,4938,78.5
2017-11-08,6356733,500272811,79.0,78.4,78.9,0.8,3496,4938,78.5
2017-11-09,6633089,518736743,79.0,77.7,78.0,-0.9,3520,4938,78.9
2017-11-10,22024924,1630362745,75.5,72.8,74.0,-4.0,10642,4938,74.3
2017-11-13,14326661,1031964792,73.0,71.6,71.7,-2.3,7562,4938,73.0
2017-11-14,13824964,988427976,72.7,70.1,72.2,0.5,6981,4938,71.2
2017-11-15,16389148,1158970440,71.8,70.2,70.3,-1.9,8396,4938,71.5
2017-11-16,12378774,871266785,70.8,70.0,70.3,0.0,5454,4938,70.1
2017-11-17,17066523,1198740554,71.1,69.9,69.9,-0.4,7674,4938,70.5
2017-11-20,17024406,1170006617,69.9,68.2,68.7,-1.2,7187,4938,69.6
2017-11-21,15032423,1031593619,69.6,68.2,68.4,-0.3,7343,4938,68.6
2017-11-22,14833364,1024954683,69.5,68.5,69.3,0.9,6765,4938,68.5
2017-11-23,13537631,965454102,72.3,70.1,71.3,2.0,7286,4938,70.3
2017-11-24,7836138,555268598,71.2,70.5,70.6,-0.7,3784,4938,70.7
2017-11-27,11875746,831183820,71.0,69.5,69.6,-1.0,5576,4938,71.0
2017-11-28,11069494,764461968,69.6,68.6,68.7,-0.9,5374,4938,69.5
2017-11-29,9243674,635579006,69.3,68.5,68.6,-0.1,5183,4938,68.9
2017-11-30,16519991,1122880573,68.3,67.5,68.3,-0.3,6923,4938,68.0
2017-12-01,10327857,706878480,69.5,67.6,69.1,0.8,5663,4938,68.4
2017-12-04,8441266,574401027,69.0,67.5,68.0,-1.1,4648,4938,68.9
2017-12-05,12677750,879183206,69.9,68.0,69.7,1.7,6242,4938,68.0
2017-12-06,15492741,1088708045,70.7,69.5,70.6,0.9,6479,4938,70.6
2017-12-07,8520638,598126761,70.8,69.7,70.2,-0.4,3941,4938,70.7
2017-12-08,14592930,1004195329,70.4,68.1,68.6,-1.6,7344,4938,69.4
2017-12-11,11072609,781553096,71.2,69.4,70.5,1.9,5953,4938,69.6
2017-12-12,14645497,1007716079,69.3,68.5,68.6,-1.9,6106,4938,69.0
2017-12-13,6557948,450114994,69.2,68.1,68.6,0.0,2981,4938,68.9
2017-12-14,5896090,405867263,69.4,68.5,68.5,-0.1,2849,4938,69.0
2017-12-15,11666245,803137457,69.6,68.1,69.6,1.1,4666,4938,68.2
2017-12-18,8976768,626117335,70.3,69.0,70.3,0.7,4295,4938,70.0
2017-12-19,15300960,1100981801,72.8,70.6,71.8,1.5,7921,4938,71.0
2017-12-20,13481491,971822482,72.5,71.5,72.3,0.5,5331,4938,72.3
2017-12-21,5517793,396557999,72.5,71.5,71.8,-0.5,2940,4938,72.5
2017-12-22,4380032,315902595,72.3,71.8,72.3,0.5,2211,4938,72.0
2017-12-25,2239715,161491927,72.5,71.6,71.8,-0.5,1492,4938,72.5
2017-12-26,5129282,361314440,72.0,70.0,70.0,-1.8,2786,4938,71.8
2017-12-27,5047367,356922766,71.4,70.0,71.0,1.0,2049,4938,70.0
2017-12-28,5053611,361976856,72.0,71.1,71.9,0.9,2514,4938,71.5
2017-12-29,4808685,345663270,72.1,71.5,72.0,0.1,2229,4938,72.0
2018-01-02,5302051,381649156,72.3,71.5,72.1,0.1,3071,4938,72.0
2018-01-03,9724656,704855840,72.9,72.2,72.6,0.5,4630,4938,72.5
2018-01-04,10297434,740564348,72.8,71.6,71.9,-0.7,4578,4938,72.6
2018-01-05,9556840,685025980,72.2,71.1,72.0,0.1,4225,4938,72.0
2018-01-08,8788313,632770936,72.2,71.8,72.0,0.0,4599,4938,72.2
2018-01-09,8847615,637856080,72.4,71.7,72.2,0.2,3750,4938,72.1
2018-01-10,5699761,410611801,72.5,71.6,72.5,0.3,2256,4938,72.2
2018-01-11,8543447,617358104,72.8,71.3,72.5,0.0,3453,4938,72.0
2018-01-12,15792930,1178297650,75.4,72.9,75.1,2.6,8297,4938,73.0
2018-01-15,6899794,517917950,75.6,74.3,75.1,0.0,3554,4938,75.4
2018-01-16,5891803,442560942,75.5,74.4,75.5,0.4,3333,4938,75.1
2018-01-17,12867550,985068169,77.3,75.0,77.1,1.6,6400,4938,75.3
2018-01-18,12004544,926999632,77.7,76.6,76.7,-0.4,5971,4938,77.1
2018-01-19,8487143,653689597,77.4,76.5,77.3,0.6,3971,4938,77.1
2018-01-22,9200130,705494018,77.4,76.0,77.4,0.1,4990,4938,77.0
2018-01-23,10757005,839355167,78.6,77.4,78.0,0.6,4618,4938,77.7
2018-01-24,6339071,491560087,78.0,77.1,77.6,-0.4,3467,4938,78.0
2018-01-25,12152367,955728123,79.1,77.5,79.0,1.4,6566,4938,77.6
2018-01-26,7095367,556629826,79.1,77.8,78.4,-0.6,3937,4938,79.0
2018-01-29,10820054,847925950,79.1,78.0,78.5,0.1,3396,4938,79.0
2018-01-30,25185478,2023866296,81.9,78.5,79.9,1.4,10473,4938,79.1
2018-01-31,7958073,629259267,80.0,78.2,79.0,-0.9,4332,4938,79.4
2018-02-01,13011320,1012514640,78.8,77.0,77.0,-2.0,4885,4938,78.6
2018-02-02,9052979,699430118,78.0,76.5,77.6,0.6,3693,4938,76.5
2018-02-05,8468286,649481834,77.8,75.4,77.0,-0.6,4081,4938,75.5
2018-02-06,17729751,1291952472,75.1,71.0,71.5,-5.5,8369,4938,75.0
2018-02-07,14902172,1101699142,75.3,73.0,73.6,2.1,6416,4938,74.0
2018-02-08,9055319,655002039,73.2,72.0,72.0,-1.6,4250,4938,73.0
2018-02-09,12243028,885418050,74.4,70.0,73.4,1.4,5641,4938,70.5
2018-02-12,7838383,575718888,74.8,72.3,72.3,-1.1,3900,4938,74.1
2018-02-21,11105867,829301092,76.0,72.7,76.0,3.7,5588,4938,72.7
2018-02-22,12894618,959194371,75.8,73.7,73.7,-2.3,5750,4938,75.8
2018-02-23,4636498,348845723,75.8,74.5,75.6,1.9,3223,4938,74.5
2018-02-26,3674285,277276134,76.2,74.9,74.9,-0.7,2132,4938,76.2
2018-02-27,4594894,346421050,75.9,75.0,75.0,0.1,2266,4938,75.9
2018-03-01,5092903,379313845,75.3,73.8,75.0,0.0,3256,4938,73.8
2018-03-02,4731087,350359944,74.3,73.6,74.2,-0.8,2773,4938,73.9
2018-03-05,3650182,270148796,74.4,73.7,74.0,-0.2,1712,4938,74.0
2018-03-06,5129939,379280786,75.0,73.7,73.9,-0.1,2729,4938,75.0
2018-03-07,3117309,231341866,74.9,73.6,74.0,0.1,1813,4938,73.6
2018-03-08,1862096,138188319,74.6,74.0,74.2,0.2,1239,4938,74.2
2018-03-09,2834962,212051430,75.0,74.4,75.0,0.8,1849,4938,74.5
2018-03-12,10185511,781913978,77.7,75.8,77.4,2.4,5255,4938,76.0
2018-03-13,4131721,318809914,77.8,76.6,77.3,-0.1,2728,4938,77.4
2018-03-14,3723166,284845289,77.0,76.2,76.5,-0.8,2130,4938,77.0
2018-03-15,3577059,271649084,76.4,75.5,76.0,-0.5,1790,4938,75.9
2018-03-16,27290554,2038978478,76.1,73.8,76.1,0.1,10859,4938,74.9
2018-03-19,8262333,620566634,75.6,74.5,75.5,-0.6,3284,4938,75.3
2018-03-20,5895324,441897552,75.2,74.6,74.9,-0.6,2845,4938,74.7
2018-03-21,4355903,325215114,75.4,74.5,74.5,-0.4,2282,4938,74.8
2018-03-22,4009121,299715411,75.2,74.4,74.5,0.0,2229,4938,74.6
2018-03-23,10624785,779589203,74.1,72.5,73.5,-1.0,4326,4938,73.2
2018-03-26,6385455,467250532,73.7,72.6,73.5,0.0,3067,4938,73.0
2018-03-27,5629485,416045182,74.5,73.6,73.8,0.3,2175,4938,74.1
2018-03-28,5409164,398547471,74.1,73.5,73.5,-0.3,2322,4938,73.7
2018-03-29,8182912,596471656,73.2,72.6,72.6,-0.9,3364,4938,73.2
2018-03-30,4287607,314300779,73.7,72.7,73.2,0.6,2157,4938,73.0
2018-03-31,1032195,75568828,73.8,73.0,73.0,-0.2,644,4938,73.5
2018-04-02,3151263,229715699,73.2,72.7,72.8,-0.2,1855,4938,72.9
2018-04-03,7208428,519883509,72.8,72.0,72.0,-0.8,3410,4938,72.2
2018-04-09,9464447,684680932,73.0,71.2,72.2,0.2,4569,4938,72.7
2018-04-10,9426820,677336340,72.2,71.5,71.8,-0.4,4354,4938,71.5
2018-04-11,7252978,523963100,73.2,71.8,71.8,0.0,3564,4938,72.2
2018-04-12,8726367,623224240,71.9,71.2,71.5,-0.3,4764,4938,71.6
2018-04-13,6717960,479151013,72.0,71.1,71.1,-0.4,2962,4938,71.5
2018-04-16,8109736,572432636,71.2,70.1,70.3,-0.8,3656,4938,71.0
2018-04-17,10645999,740862123,70.2,69.0,69.0,-1.3,4730,4938,70.1
2018-04-18,6660193,461007457,69.8,69.0,69.1,0.1,2890,4938,69.1
2018-04-19,8550920,596169396,70.3,69.0,69.5,0.4,3552,4938,70.0
2018-04-20,5136885,360382735,70.8,69.1,70.5,1.0,2674,4938,69.9
2018-04-23,2739187,193010550,70.8,70.0,70.4,-0.1,1618,4938,70.6
2018-04-24,7915960,550035211,70.3,69.0,69.1,-1.3,3731,4938,70.0
2018-04-25,7254140,497429720,69.4,68.1,68.6,-0.5,3342,4938,68.6
2018-04-26,6453910,441704617,69.2,68.0,68.3,-0.3,3041,4938,68.7
2018-04-27,3186464,218269260,68.7,68.1,68.7,0.4,1780,4938,68.3
2018-04-30,3601048,249211733,69.5,68.5,69.5,0.8,1509,4938,68.7
2018-05-02,6431021,453730191,71.1,69.7,71.0,1.5,3023,4938,69.8
2018-05-03,5979971,421287943,71.0,69.6,70.7,-0.3,2952,4938,70.9
2018-05-04,4807066,335696831,70.3,69.6,69.8,-0.9,2517,4938,69.8
2018-05-07,4017808,278833375,70.1,68.9,69.2,-0.6,2182,4938,69.9
2018-05-08,7351650,515525250,71.2,69.2,70.0,0.8,2692,4938,69.5
2018-05-09,9279584,638212342,69.5,68.3,68.9,-1.1,4585,4938,68.7
2018-05-10,6568751,451467550,69.2,68.4,68.6,-0.3,3427,4938,68.9
2018-05-11,16238336,1090709253,67.9,66.7,67.0,-1.6,7080,4938,67.9
2018-05-14,7141264,479738404,67.5,66.7,67.5,0.5,3460,4938,67.0
2018-05-15,6689749,448928439,67.8,66.9,66.9,-0.6,3096,4938,67.8
2018-05-16,6363993,424760305,67.0,66.5,66.6,-0.3,2956,4938,66.9
2018-05-17,8246660,554899395,67.7,67.0,67.2,0.6,3958,4938,67.2
2018-05-18,14949934,977568761,66.4,65.0,65.0,-2.2,7414,4938,66.4
2018-05-21,7838453,508374865,65.3,64.3,65.0,0.0,4255,4938,65.0
2018-05-22,5646000,367627683,65.5,65.0,65.0,0.0,2814,4938,65.0
2018-05-23,7478527,486562382,65.5,65.0,65.0,0.0,3539,4938,65.2
2018-05-24,8718169,565418836,65.3,64.4,65.0,0.0,3988,4938,65.2
2018-05-25,6670059,438743577,66.3,65.1,66.1,1.1,3714,4938,65.2
2018-05-28,3902143,257356738,66.2,65.8,66.0,-0.1,1988,4938,66.1
2018-05-29,6706436,444573950,66.6,66.0,66.0,0.0,3506,4938,66.5
2018-05-30,8734368,569228238,65.6,65.0,65.0,-1.0,3794,4938,65.4
2018-05-31,19315244,1234593820,65.5,63.3,63.3,-1.7,6582,4938,65.1
2018-06-01,6939712,447085612,65.1,63.2,64.9,1.6,3434,4938,63.2
2018-06-04,7961390,527179749,66.7,65.2,66.6,1.7,4083,4938,65.5
2018-06-05,7487031,501866982,67.3,66.7,67.3,0.7,4398,4938,66.9
2018-06-06,8169885,557580906,68.8,67.6,68.5,1.2,4530,4938,67.7
2018-06-07,9499772,645924996,69.0,67.5,67.8,-0.7,5222,4938,68.8
2018-06-08,15768314,1076537752,69.1,67.5,67.9,0.1,6787,4938,68.2
2018-06-11,7346617,495679418,68.1,67.0,67.8,-0.1,3366,4938,68.0
2018-06-12,8086057,546227639,68.1,67.1,67.3,-0.5,3998,4938,67.5
2018-06-13,7888537,528717828,67.5,66.6,66.7,-0.6,3738,4938,67.3
2018-06-14,7871896,525319748,67.0,66.2,66.5,-0.2,3791,4938,66.5
2018-06-15,14577757,967615428,66.9,66.2,66.2,-0.3,3934,4938,66.4
2018-06-19,10948805,714862901,65.7,64.5,65.3,-0.9,5239,4938,65.2
2018-06-20,6867897,455231799,67.1,65.0,67.0,1.7,3751,4938,65.1
2018-06-21,5603385,371361779,67.2,66.0,66.0,-1.0,3347,4938,67.0
2018-06-22,10766175,699498663,65.5,64.5,65.0,-1.0,3827,4938,65.4
2018-06-25,9333699,598812312,65.0,63.8,63.8,-1.2,3792,4938,65.0
2018-06-26,11953397,747657313,63.3,62.0,62.1,-1.7,4873,4938,63.0
2018-06-27,10101491,630629242,63.4,62.0,62.0,-0.1,4268,4938,63.4
2018-06-28,12451693,758897763,61.7,60.6,60.9,-1.1,5666,4938,61.6
2018-06-29,7300748,455130524,62.9,61.1,62.7,1.8,3641,4938,61.1
2018-07-02,7265711,455040934,63.0,62.0,62.7,0.0,3353,4938,62.7
2018-07-03,4816941,303684983,63.4,62.8,63.0,0.3,2254,4938,63.0
2018-07-04,2654075,168094254,63.6,63.0,63.4,0.4,1334,4938,63.1
2018-07-05,5972893,376311200,63.5,62.2,63.1,-0.3,2637,4938,63.4
2018-07-06,6463276,403137996,63.4,62.0,62.4,-0.7,3617,4938,63.4
2018-07-09,3965791,248883133,63.1,62.3,62.9,0.5,2414,4938,62.4
2018-07-10,4488931,285537386,63.9,63.0,63.8,0.9,2285,4938,63.5
2018-07-11,3259692,204490948,63.0,62.5,62.6,-1.2,2067,4938,62.7
2018-07-12,5443708,343741962,63.7,62.6,63.1,0.5,2996,4938,62.6
2018-07-13,4244411,270702604,64.0,63.4,64.0,0.9,2086,4938,63.6
2018-07-16,7679111,498223914,65.4,64.1,65.3,1.3,3811,4938,64.1
2018-07-17,8471743,558992902,66.7,64.9,66.7,1.4,5057,4938,65.3
2018-07-18,7966608,535090739,67.5,66.6,67.2,0.5,4951,4938,66.7
2018-07-19,7606296,516174906,68.5,67.3,67.3,0.1,3915,4938,67.3
2018-07-20,10809061,737472633,69.0,67.3,68.4,1.1,6004,4938,67.7
2018-07-23,7766431,535928701,69.5,68.6,69.3,0.9,4077,4938,68.6
2018-07-24,5928677,408795613,69.5,68.6,69.1,-0.2,2762,4938,69.5
2018-07-25,7398383,509274590,69.1,68.5,68.7,-0.4,3375,4938,69.1
2018-07-26,11299445,769084433,69.0,67.5,67.9,-0.8,4209,4938,68.7
2018-07-27,17239013,1186886869,69.3,68.0,69.2,1.3,6802,4938,68.0
2018-07-30,12044565,798162659,66.8,65.9,66.5,0.0,6004,4938,66.2
2018-07-31,12781324,862369338,68.1,66.2,68.1,1.6,5479,4938,66.5
2018-08-01,10502559,711051220,68.5,67.3,67.5,-0.6,5462,4938,68.5
2018-08-02,6697063,448365488,68.0,66.3,66.6,-0.9,3783,4938,67.9
2018-08-03,8937956,592339445,66.9,65.7,66.7,0.1,4345,4938,65.9
2018-08-06,9782180,646375283,66.9,65.6,66.0,-0.7,5474,4938,66.9
2018-08-07,7640971,508792357,67.0,66.1,66.6,0.6,4068,4938,66.1
2018-08-08,7018989,467802559,67.1,66.3,66.6,0.0,3814,4938,67.0
2018-08-09,4963037,331376160,67.0,66.5,66.7,0.1,2124,4938,66.8
2018-08-10,19756970,1349814022,69.0,67.1,69.0,2.3,9762,4938,67.6
2018-08-13,7861854,536300789,69.0,67.5,67.8,-1.2,4816,4938,69.0
2018-08-14,4138519,282829830,68.7,67.9,68.5,0.7,2307,4938,68.0
2018-08-15,3995536,269342057,68.3,67.0,67.2,-1.3,2462,4938,68.3
2018-08-16,6046491,402537897,67.7,65.8,66.5,-0.7,3302,4938,66.2
2018-08-17,10884642,716162403,67.2,65.1,65.4,-1.1,5167,4938,67.0
2018-08-20,5258247,346677295,66.3,65.5,65.6,0.2,2507,4938,65.6
2018-08-21,9759338,626593996,65.8,63.4,64.3,-1.3,5152,4938,65.6
2018-08-22,7486414,481132594,64.8,63.6,64.5,0.2,2813,4938,64.4
2018-08-23,5459298,349126976,64.5,63.5,64.2,-0.3,1956,4938,64.3
2018-08-24,4603059,291936772,64.0,62.8,63.7,-0.5,2353,4938,63.9
2018-08-27,3096503,198864076,64.5,63.9,64.5,0.8,1704,4938,64.2
2018-08-28,3850256,251124337,65.5,65.0,65.2,0.7,2019,4938,65.0
2018-08-29,3837588,252891108,66.1,65.3,66.0,0.8,2299,4938,65.5
2018-08-30,9431245,611960637,65.9,64.5,64.5,-1.5,3765,4938,65.6
2018-08-31,6953472,453413394,66.2,63.8,66.2,1.7,2641,4938,64.5
2018-09-03,5221363,341597437,66.2,64.9,65.2,-1.0,2651,4938,66.2
2018-09-04,4822692,313173738,65.7,64.7,64.9,-0.3,1760,4938,65.2
2018-09-05,8212893,526325316,65.0,63.7,63.9,-1.0,3701,4938,64.7
2018-09-06,8526624,536160612,63.5,62.5,62.5,-1.4,4290,4938,63.3
2018-09-07,7543706,463960918,62.2,61.0,61.2,-1.3,3824,4938,62.0
2018-09-10,10688163,632345680,60.7,58.6,58.8,-2.4,6081,4938,60.6
2018-09-11,7741708,458782351,59.9,58.6,59.9,1.1,3274,4938,58.8
2018-09-12,7115733,425515089,60.2,59.5,60.1,0.2,3405,4938,59.8
2018-09-13,6054813,368007112,61.2,60.0,60.9,0.8,3386,4938,60.8
2018-09-14,21920125,1433401582,66.1,64.8,65.6,4.7,10431,4938,64.9
2018-09-17,8077893,531107542,66.4,64.6,65.8,0.2,3961,4938,65.6
2018-09-18,5792805,375260929,65.4,64.2,64.9,-0.9,3455,4938,64.2
2018-09-19,4586533,298641795,65.5,64.6,65.5,0.6,2853,4938,65.2
2018-09-20,8027964,512341942,65.5,63.1,63.6,-1.9,4116,4938,65.5
2018-09-21,13029319,827633991,65.1,61.5,65.1,1.5,6175,4938,63.1
2018-09-25,3865568,249899015,65.1,64.1,64.2,-0.9,2487,4938,64.4
2018-09-26,13301834,827893055,63.6,61.7,62.1,-2.1,7434,4938,63.6
2018-09-27,13878343,842644623,61.2,60.1,60.9,-1.2,7060,4938,61.1
2018-09-28,12894445,780856259,61.1,60.0,61.1,0.2,5407,4938,60.5
2018-10-01,6621390,408048490,62.0,61.1,61.7,0.6,3379,4938,61.7
2018-10-02,6383005,390305301,62.0,60.7,61.0,-0.7,3273,4938,61.8
2018-10-03,4518219,274626959,61.1,60.5,60.5,-0.5,2590,4938,61.0
2018-10-04,9007283,543353282,60.9,59.7,60.9,0.4,4143,4938,60.5
2018-10-05,8114804,493045788,61.3,60.0,61.3,0.4,4229,4938,60.3
2018-10-08,3569600,217858731,61.5,60.6,60.6,-0.7,2685,4938,61.0
2018-10-09,6749632,404260420,60.4,59.3,59.6,-1.0,3323,4938,60.2
2018-10-11,18934662,1025996206,55.0,53.8,53.8,-5.8,8072,4938,53.9
2018-10-12,11161729,597372900,54.5,52.3,53.9,0.1,4806,4938,52.3
2018-10-15,7562380,406750982,54.4,53.0,54.0,0.1,2778,4938,53.4
2018-10-16,8887718,501563626,57.8,54.2,56.8,2.8,4909,4938,54.3
2018-10-17,7195958,413638690,58.5,56.6,56.8,0.0,4056,4938,57.3
2018-10-18,2398005,136960480,57.7,56.6,57.2,0.4,1784,4938,56.9
2018-10-19,3730146,213252833,57.6,56.2,57.5,0.3,1917,4938,57.0
2018-10-22,3933098,223555785,57.5,56.1,56.9,-0.6,2190,4938,57.1
2018-10-23,9215571,502399837,55.3,54.0,54.0,-2.9,4712,4938,54.1
2018-10-24,5407331,297404029,56.0,54.0,54.6,0.6,3600,4938,54.4
2018-10-25,5153349,278779143,55.0,53.0,54.1,-0.5,2825,4938,53.5
2018-10-26,5828153,316895315,55.1,53.6,54.5,0.4,2772,4938,54.3
2018-10-29,7887300,442903846,57.2,54.7,55.3,0.8,3528,4938,55.2
2018-10-30,3326360,182979117,56.1,54.2,54.4,-0.9,2149,4938,55.3
2018-10-31,5528698,308727788,56.3,55.1,56.3,1.9,2670,4938,55.2
2018-11-01,4578753,255859568,56.5,55.3,56.0,-0.3,2618,4938,55.5
2018-11-02,5788093,318773582,55.9,54.4,55.4,-0.6,3060,4938,55.3
2018-11-05,3987797,217368946,55.1,54.2,54.4,-1.0,2144,4938,55.0
2018-11-06,13459366,707123448,54.4,51.7,51.9,-2.5,6578,4938,53.9
2018-11-07,12214555,627014613,52.1,50.9,51.3,-0.6,5638,4938,50.9
2018-11-08,7814058,405447107,52.4,51.4,51.9,0.6,4071,4938,52.1
2018-11-09,10191554,526227825,52.5,50.8,52.2,0.3,4150,4938,52.2
2018-11-12,7496829,385090982,52.2,51.0,51.1,-1.1,3319,4938,51.9
2018-11-13,12033730,597947932,51.8,48.2,51.2,0.1,5421,4938,48.55
2018-11-14,4713974,239048374,51.7,50.3,50.7,-0.5,2626,4938,51.1
2018-11-15,6233469,314235094,51.2,49.8,50.3,-0.4,3213,4938,50.8
2018-11-16,6136333,311127583,51.0,50.2,51.0,0.7,2811,4938,50.2
2018-11-19,4118861,215185719,52.6,51.2,52.5,1.5,2307,4938,51.5
2018-11-20,2424917,125591210,52.2,51.5,51.6,-0.9,1571,4938,52.0
2018-11-21,3555682,181259177,51.4,50.3,51.2,-0.4,2416,4938,51.1
2018-11-22,3236061,163594072,51.4,50.1,50.1,-1.1,2033,4938,51.3
2018-11-23,5735554,286539850,50.4,49.65,49.7,-0.4,2220,4938,50.1
2018-11-26,4005735,203030252,51.1,50.0,50.8,1.1,1982,4938,50.0
2018-11-27,3099008,158613100,51.6,50.7,51.3,0.5,1806,4938,50.8
2018-11-28,9301679,489848587,53.4,51.4,53.0,1.7,3796,4938,51.7
2018-11-29,5165911,274063908,53.9,52.4,52.4,-0.6,2735,4938,53.9
2018-11-30,7639320,402648193,53.5,52.0,52.3,-0.1,3011,4938,52.5
2018-12-03,5386433,291306826,54.5,53.5,54.1,1.8,3022,4938,53.5
2018-12-04,5726697,308670582,54.3,53.6,53.8,-0.3,2910,4938,53.9
2018-12-05,2241454,118680507,53.2,52.7,52.9,-0.9,1475,4938,53.0
2018-12-06,10475894,529164344,51.7,49.85,50.1,-2.8,5274,4938,51.6
2018-12-07,2641786,134197992,51.3,50.4,50.8,0.7,1694,4938,50.4
2018-12-10,3440558,172184050,50.7,49.7,49.8,-1.0,2175,4938,50.2
2018-12-11,5729221,288007472,50.7,49.8,50.3,0.5,2418,4938,49.8
2018-12-12,4208666,215479215,51.4,50.9,51.2,0.9,2324,4938,51.3
2018-12-13,3720183,191536374,51.7,51.1,51.7,0.5,1956,4938,51.3
2018-12-14,4209976,212372626,51.0,49.8,50.7,-1.0,2364,4938,50.9
2018-12-17,2679156,137385661,51.7,50.7,51.3,0.6,1542,4938,51.1
2018-12-18,2372038,120383316,51.2,50.4,50.7,-0.6,1490,4938,50.9
2018-12-19,2403907,122431476,51.4,50.6,50.9,0.2,1294,4938,51.4
2018-12-20,4747533,238081900,50.7,49.55,49.9,-1.0,2370,4938,50.3
2018-12-21,4206240,211484285,50.4,49.7,50.4,0.5,1095,4938,49.9
2018-12-22,552922,27601900,50.3,49.7,49.95,-0.45,350,4938,50.3
2018-12-24,3487859,173885250,50.6,49.5,50.6,0.65,1934,4938,49.9
2018-12-25,2686723,132914314,49.9,49.1,49.9,-0.7,1574,4938,49.35
2018-12-26,1679431,83754511,50.2,49.5,49.7,-0.2,1012,4938,49.9
2018-12-27,3363885,169099381,50.5,49.95,50.4,0.7,1926,4938,50.4
2018-12-28,6254263,320254258,51.8,50.3,51.4,1.0,3242,4938,50.7
2019-01-02,3107764,157585320,52.2,50.2,50.2,-1.2,1693,4938,51.9
2019-01-03,4255593,211044304,50.2,49.35,49.6,-0.6,2491,4938,49.65
2019-01-04,5584554,271349249,49.15,48.3,48.5,-1.1,3266,4938,49.15
2019-01-07,7519683,366496852,49.6,48.45,48.5,0.0,4761,4938,49.6
2019-01-08,13601028,644657718,48.4,46.75,47.4,-1.1,6755,4938,48.4
2019-01-09,13022011,624269348,48.25,47.6,48.0,0.6,5309,4938,47.8
2019-01-10,10439284,501343617,48.5,47.35,48.5,0.5,4827,4938,48.05
2019-01-11,6836633,329561163,48.5,48.0,48.1,-0.4,3255,4938,48.2
2019-01-14,5476109,263309955,48.3,47.85,48.15,0.05,2624,4938,48.1
2019-01-15,5260468,256458932,48.95,48.5,48.9,0.75,2517,4938,48.5
2019-01-16,5755913,281324883,49.25,48.5,48.9,0.0,2953,4938,49.2
2019-01-17,5513386,268682328,49.45,48.4,48.6,-0.3,2462,4938,49.15
2019-01-18,4264569,207968181,49.15,48.45,48.95,0.35,2261,4938,48.6
2019-01-21,3960077,195153073,49.7,49.0,49.0,0.05,2035,4938,49.4
2019-01-22,5022958,246180042,49.2,48.95,49.0,0.0,1104,4938,49.15
2019-01-23,2270809,110389059,48.9,48.5,48.6,-0.4,1339,4938,48.6
2019-01-24,2854235,140054481,49.25,48.9,49.0,0.4,1274,4938,48.9
2019-01-25,12206833,615735484,51.0,49.35,51.0,2.0,5915,4938,49.55
2019-01-28,6059243,311705451,52.1,51.0,51.5,0.5,3596,4938,51.4
2019-01-29,5011090,255866674,51.5,50.7,51.4,-0.1,2406,4938,51.3
2019-01-30,9733941,503403832,52.0,51.3,51.8,0.4,2563,4938,51.8
2019-02-11,6593660,338589960,52.8,50.8,51.0,-0.8,4000,4938,52.8
2019-02-12,5960416,302822516,51.3,50.2,51.0,0.0,3218,4938,51.1
2019-02-13,5775667,294170017,51.5,50.7,50.7,-0.3,3287,4938,51.4
2019-02-14,6133632,313004395,51.7,50.6,50.6,-0.1,3276,4938,50.8
2019-02-15,3863619,196242336,51.2,50.5,50.8,0.2,2199,4938,51.0
2019-02-18,5331847,274039554,51.9,51.1,51.2,0.4,2875,4938,51.8
2019-02-19,7844803,404595823,52.0,51.1,51.5,0.3,3309,4938,51.4
2019-02-20,13907110,727985564,52.9,51.5,52.5,1.0,5668,4938,51.6
2019-02-21,10294051,540459590,53.0,52.1,52.5,0.0,3200,4938,52.6
2019-02-22,12034567,635081741,53.2,52.3,52.9,0.4,3886,4938,52.3
2019-02-25,9251663,494086619,53.7,53.0,53.7,0.8,2833,4938,53.0
2019-02-26,7669739,408766467,54.0,52.8,53.0,-0.7,3749,4938,53.8
2019-02-27,6564191,345228423,53.1,52.2,52.8,-0.2,2415,4938,53.0
2019-03-04,5788202,299828404,52.5,51.5,51.8,-1.0,3240,4938,51.9
2019-03-05,3020838,157160290,52.5,51.4,52.3,0.5,1847,4938,51.6
2019-03-06,2808884,147113808,52.7,52.1,52.4,0.1,1571,4938,52.5
2019-03-07,5443039,284352236,52.7,51.8,52.4,0.0,2130,4938,51.9
2019-03-08,4907836,257586481,52.8,52.0,52.5,0.1,2293,4938,52.4
2019-03-11,12501774,671964898,54.2,52.7,53.9,1.4,5822,4938,53.0
2019-03-12,8034694,441135171,55.2,54.5,54.9,1.0,4488,4938,54.9
2019-03-13,5288898,290264840,55.6,54.3,54.9,0.0,2565,4938,55.4
2019-03-14,3203732,174342931,55.2,54.1,54.2,-0.7,1748,4938,55.0
2019-03-15,27968856,1455239603,52.7,51.5,52.4,-1.8,11229,4938,52.7
2019-03-18,9708786,501217250,51.9,51.3,51.9,-0.5,3951,4938,51.7
2019-03-19,7497802,390481716,52.3,51.8,52.1,0.2,2350,4938,52.0
2019-03-20,5086315,264161701,52.1,51.7,52.1,0.0,2622,4938,52.1
2019-03-21,7819004,406401938,52.2,51.8,51.8,-0.3,1953,4938,52.2
2019-03-22,7826710,408711106,52.5,52.0,52.1,0.3,1853,4938,52.1
2019-03-25,7849950,403150605,51.7,51.1,51.4,-0.7,2072,4938,51.5
2019-03-26,4094373,213106913,52.2,51.7,52.0,0.6,2003,4938,51.7
2019-03-27,4839236,253957181,52.7,52.2,52.5,0.5,2325,4938,52.4
2019-03-28,6574488,347640264,53.2,52.4,53.0,0.5,2916,4938,52.6
2019-03-29,6101209,324393523,53.4,52.8,53.3,0.3,2203,4938,53.4
2019-04-01,8303413,440344989,53.3,52.6,53.0,-0.3,3650,4938,53.2
2019-04-02,5477674,291524822,53.5,53.0,53.0,0.0,3165,4938,53.5
2019-04-03,4962506,261343643,53.0,52.4,52.7,-0.3,2538,4938,53.0
2019-04-08,4865804,258968070,53.5,52.9,53.3,0.6,2233,4938,53.0
2019-04-09,6904692,371888390,54.3,53.2,54.3,1.0,3238,4938,53.5
2019-04-10,6404705,345460997,54.3,53.7,54.2,-0.1,2624,4938,54.3
2019-04-11,5002121,270226034,54.5,53.6,53.6,-0.6,2269,4938,54.5
2019-04-12,4657162,250765614,54.1,53.6,53.8,0.2,2177,4938,54.0
2019-04-15,10942524,601458264,55.5,54.1,55.5,1.7,4995,4938,54.3
2019-04-16,46614104,2770244260,61.0,57.2,60.9,5.4,19452,4938,57.2
2019-04-17,34451812,2153070772,63.8,61.1,61.1,0.2,16626,4938,62.5
2019-04-18,18825272,1164360830,63.5,60.4,60.9,-0.2,9121,4938,62.9
2019-04-19,12820348,774760891,61.3,59.6,60.1,-0.8,6498,4938,60.9
2019-04-22,8012002,473764493,60.2,58.7,58.9,-1.2,4602,4938,60.1
2019-04-23,8069608,472367508,59.1,57.9,59.1,0.2,3770,4938,58.9
2019-04-24,10054690,600793066,60.5,59.2,59.4,0.3,4900,4938,59.9
2019-04-25,4003159,236159793,59.5,58.7,59.2,-0.2,2513,4938,59.4
2019-04-26,5529297,326894473,59.6,58.6,58.8,-0.4,2790,4938,59.0
2019-04-29,5100905,298587046,59.2,58.0,58.3,-0.5,2456,4938,59.1
2019-04-30,8456233,490596655,58.5,57.3,58.3,0.0,3077,4938,57.9
2019-05-02,3472645,203580977,59.0,58.2,58.6,0.3,2305,4938,58.3
2019-05-03,5136403,303506523,59.5,58.4,59.4,0.8,2474,4938,58.6
2019-05-06,11114038,641891477,58.6,56.9,57.0,-2.4,5760,4938,58.5
2019-05-07,6217056,357229513,57.9,57.0,57.2,0.2,3359,4938,57.2
2019-05-08,23397497,1264419557,55.0,53.2,53.5,-3.7,11120,4938,55.0
2019-05-09,20271593,1047606882,53.1,50.9,52.0,-1.5,9856,4938,53.1
2019-05-10,9450280,488434260,52.0,51.3,51.7,-0.3,4950,4938,51.6
2019-05-13,8685838,447339474,52.1,51.0,51.7,0.0,4088,4938,51.8
2019-05-14,9746628,491921128,50.9,50.0,50.8,-0.9,5563,4938,50.5
2019-05-15,8411367,428254817,51.2,50.7,50.9,0.1,3925,4938,50.7
2019-05-16,8123286,407596302,50.8,49.8,49.95,-0.95,4644,4938,50.7
2019-05-17,6519190,326841100,50.6,49.9,49.95,0.0,3078,4938,50.5
2019-05-20,4280560,216136869,50.8,50.2,50.5,0.55,2442,4938,50.5
2019-05-21,5288128,266999991,50.7,50.1,50.4,-0.1,2748,4938,50.5
2019-05-22,3286493,165934888,50.7,50.2,50.5,0.1,1798,4938,50.4
2019-05-23,5510177,276496883,50.5,50.0,50.1,-0.4,2917,4938,50.5
2019-05-24,2464497,124310836,50.7,50.2,50.5,0.4,1563,4938,50.2
2019-05-27,1818011,92032750,51.0,50.5,50.6,0.1,1184,4938,51.0
2019-05-28,8878659,445023672,51.0,50.0,50.0,-0.6,1657,4938,50.9
2019-05-29,8504154,419795949,50.1,48.85,49.4,-0.6,4378,4938,50.0
2019-05-30,6229975,315163108,51.2,49.5,51.1,1.7,3078,4938,49.5
2019-05-31,7647032,394161639,52.0,50.7,51.5,0.4,3152,4938,51.0
2019-06-03,2602388,132985934,51.5,50.5,51.2,-0.3,1502,4938,51.0
2019-06-04,2641631,134376039,51.4,50.7,50.7,-0.5,1661,4938,51.1
2019-06-05,2296786,117067655,51.4,50.8,51.0,0.3,1353,4938,51.1
2019-06-06,5488228,275793504,50.8,50.0,50.0,-1.0,2766,4938,50.8
2019-06-10,7204505,363211236,50.8,50.2,50.3,0.3,2811,4938,50.7
2019-06-11,5804294,293355494,50.7,50.3,50.5,0.2,2572,4938,50.5
2019-06-12,7711310,398473169,52.2,50.7,52.2,1.7,3886,4938,50.9
2019-06-13,3456407,176847431,52.0,51.2,51.5,-0.7,1815,4938,51.8
2019-06-14,3125131,162272412,52.1,51.7,52.0,0.5,1722,4938,51.9
2019-06-17,3443197,179492471,52.5,51.6,52.2,0.2,1741,4938,52.3
2019-06-18,3063130,159682660,52.5,51.9,52.2,0.0,1521,4938,52.2
2019-06-19,6443942,341974726,53.6,52.5,53.4,1.2,3612,4938,52.7
2019-06-20,6296821,339648834,54.3,53.5,54.1,0.7,3148,4938,53.9
2019-06-21,8941831,482311705,54.7,53.3,53.7,-0.4,2654,4938,54.3
2019-06-24,2987471,161387916,54.4,53.4,54.2,0.5,1463,4938,54.0
2019-06-25,2820052,151805185,54.3,53.7,53.7,-0.5,1130,4938,54.0
2019-06-26,2987534,161228267,54.2,53.6,54.0,0.3,1024,4938,53.7
2019-06-27,5082441,276419114,54.6,54.3,54.3,0.3,1963,4938,54.3
2019-06-28,4151552,223343739,54.5,53.6,53.7,-0.6,1257,4938,54.3
2019-07-01,6081933,330498344,54.6,54.1,54.5,0.8,2531,4938,54.3
2019-07-02,3029843,165129036,54.7,54.2,54.6,0.1,1476,4938,54.5
2019-07-03,3811958,207739104,54.7,54.3,54.5,-0.1,1817,4938,54.6
2019-07-04,2090861,114421671,54.9,54.4,54.7,0.2,1257,4938,54.9
2019-07-05,3372152,185502666,55.2,54.7,55.1,0.4,1606,4938,54.7
2019-07-08,4222515,232553264,55.3,54.8,55.1,0.0,1486,4938,55.2
2019-07-09,4052326,221058956,55.1,54.3,54.5,-0.6,1661,4938,55.1
2019-07-10,3027077,165193594,54.8,54.3,54.7,0.2,1436,4938,54.5
2019-07-11,4576568,252752814,55.5,54.8,55.5,0.8,2054,4938,55.1
2019-07-12,3996760,220449700,55.5,55.0,55.0,-0.5,1835,4938,55.3
2019-07-15,2707182,149101510,55.4,54.8,55.0,0.0,1326,4938,55.2
2019-07-16,6204831,346728861,56.4,55.2,56.3,1.3,3317,4938,55.3
2019-07-17,5740277,318529533,56.0,55.2,55.4,-0.9,2567,4938,56.0
2019-07-18,3072712,170280086,55.8,55.2,55.2,-0.2,1682,4938,55.7
2019-07-19,4663307,259579758,56.0,55.5,55.6,0.4,1728,4938,55.7
2019-07-22,3072873,171345986,56.0,55.6,55.8,0.2,1495,4938,55.7
2019-07-23,3413356,190899260,56.1,55.8,55.9,0.1,1745,4938,55.8
2019-07-24,5452263,305878830,56.4,55.7,56.1,0.2,2789,4938,55.8
2019-07-25,7485400,426730234,57.5,56.3,57.4,1.3,3746,4938,56.3
2019-07-26,7203327,413090454,57.7,56.7,57.5,0.1,3050,4938,57.4
2019-07-29,7320892,418450238,57.5,56.8,57.0,-0.5,2874,4938,57.5
2019-07-30,11971611,674659416,57.0,55.8,56.0,-1.0,4892,4938,56.5
2019-07-31,22393423,1161875377,52.3,50.9,50.9,0.0,7931,4938,51.7
2019-08-01,7398615,375555365,51.4,50.4,50.8,-0.1,4142,4938,50.5
2019-08-02,8619091,429049600,50.2,49.6,49.7,-1.1,4736,4938,50.0
2019-08-05,8965450,436845569,49.5,48.3,48.45,-1.25,5146,4938,49.5
2019-08-06,8903492,421916866,47.9,46.95,47.7,-0.75,5139,4938,47.0
2019-08-07,6141004,295336476,48.6,47.8,48.0,0.3,3422,4938,48.15
2019-08-08,4638450,223468870,48.75,47.8,48.0,0.0,2729,4938,48.4
2019-08-12,12905866,648110326,50.8,49.05,50.6,2.6,5971,4938,49.05
2019-08-13,7211739,363239539,51.1,49.95,50.5,-0.1,3691,4938,50.6
2019-08-14,5331932,272636030,51.6,50.7,50.7,0.2,2968,4938,51.6
2019-08-15,4676503,234118593,50.3,49.8,50.1,-0.6,2874,4938,49.9
2019-08-16,8089123,411631438,51.5,49.9,51.0,0.9,4160,4938,50.0
2019-08-19,5363581,274857368,51.6,50.8,51.5,0.5,2536,4938,51.3
2019-08-20,4080718,209264772,51.6,51.1,51.1,-0.4,2261,4938,51.5
2019-08-21,2407755,123551814,51.5,51.1,51.3,0.2,1590,4938,51.1
2019-08-22,4643719,236978405,51.7,50.7,51.1,-0.2,2673,4938,51.7
2019-08-23,3269790,166081715,51.1,50.6,50.7,-0.4,1735,4938,51.1
2019-08-26,4222225,211538707,50.4,49.85,50.0,-0.7,1932,4938,50.0
2019-08-27,5510469,277831421,50.7,50.2,50.4,0.4,1285,4938,50.4
2019-08-28,3133935,158340105,50.7,50.3,50.5,0.1,1729,4938,50.5
2019-08-29,3505358,176122902,50.6,50.1,50.2,-0.3,1761,4938,50.5
2019-08-30,12251691,638177287,52.7,50.7,52.4,2.2,5750,4938,50.8
2019-09-02,4749347,249779901,53.0,52.1,52.2,-0.2,2555,4938,52.6
2019-09-03,5653729,294034908,52.5,51.8,51.9,-0.3,2207,4938,52.5
2019-09-04,3109925,162420227,52.5,51.8,52.4,0.5,1512,4938,51.9
2019-09-05,3773941,198582178,52.9,52.4,52.7,0.3,1791,4938,52.8
2019-09-06,4711290,248823095,53.1,52.6,52.8,0.1,2094,4938,53.0
2019-09-09,3768279,199159316,53.1,52.7,52.9,0.1,1832,4938,53.0
2019-09-10,3320309,174008345,52.9,52.1,52.3,-0.6,1724,4938,52.9
2019-09-11,5313888,281129459,53.3,52.4,53.0,0.7,2342,4938,52.5
2019-09-12,4555748,243056125,53.6,53.2,53.4,0.4,2426,4938,53.6
2019-09-16,3290095,175617344,53.6,53.1,53.5,0.1,1862,4938,53.5
2019-09-17,4346265,233748516,54.0,53.6,53.9,0.4,2593,4938,53.9
2019-09-18,8437902,459715049,54.9,54.0,54.7,0.8,4244,4938,54.1
2019-09-19,4005306,218823193,55.0,54.4,54.6,-0.1,2040,4938,54.9
2019-09-20,6601504,360007802,54.7,54.2,54.6,0.0,1846,4938,54.6
2019-09-23,2874139,156996566,55.0,54.3,54.5,-0.1,2067,4938,54.5
2019-09-24,5946664,327411171,55.6,54.5,55.0,0.5,3248,4938,54.9
2019-09-25,3961563,215728972,54.7,54.1,54.7,-0.3,2134,4938,54.6
2019-09-26,2695439,146743571,54.9,54.1,54.7,0.0,1602,4938,54.8
2019-09-27,3094249,167876346,54.9,53.8,54.0,-0.7,2001,4938,54.7
2019-10-01,5579117,303791868,54.9,53.8,54.8,0.8,3329,4938,54.4
2019-10-02,4119202,225528754,55.1,54.4,54.9,0.1,2989,4938,54.7
2019-10-03,3185137,172831079,54.8,53.7,54.6,-0.3,1943,4938,53.8
2019-10-04,1962286,106632417,54.7,54.0,54.4,-0.2,1149,4938,54.5
2019-10-07,6425976,355331252,55.6,54.7,55.5,1.1,3156,4938,54.7
2019-10-08,4615091,255544590,56.0,54.9,55.1,-0.4,2419,4938,55.6
2019-10-09,4796664,260997756,54.9,54.0,54.0,-1.1,2306,4938,54.9
2019-10-14,5713416,315313620,55.8,54.8,55.0,1.0,3381,4938,55.5
2019-10-15,2884963,159093754,55.3,54.9,55.1,0.1,2029,4938,55.0
2019-10-16,4668239,258067083,55.5,54.9,55.5,0.4,2550,4938,55.4
2019-10-17,15526130,878970472,57.5,55.5,57.3,1.8,7346,4938,55.7
2019-10-18,26286646,1541182368,59.8,57.6,58.0,0.7,12069,4938,57.9
2019-10-21,8085270,470573487,58.9,57.9,58.3,0.3,3792,4938,58.2
2019-10-22,6944085,408365369,59.4,58.5,58.5,0.2,3438,4938,59.0
2019-10-23,8496049,501763274,59.5,58.8,59.2,0.7,4221,4938,59.1
2019-10-24,5136413,303598491,59.6,58.8,59.3,0.1,2693,4938,59.5
2019-10-25,5804348,345252913,59.7,59.1,59.6,0.3,3141,4938,59.6
2019-10-28,4587105,274375040,60.1,59.6,59.8,0.2,2453,4938,60.0
2019-10-29,15439815,937357891,61.2,59.9,60.7,0.9,6916,4938,60.0
2019-10-30,12085394,731876136,61.3,60.0,60.4,-0.3,5125,4938,60.9
2019-10-31,13093186,778631575,60.4,59.1,59.3,-1.1,5726,4938,60.4
2019-11-01,8985498,539830980,60.4,59.3,60.2,0.9,3749,4938,59.3
2019-11-04,10696324,651710697,61.2,60.5,61.1,0.9,4426,4938,60.9
2019-11-05,6286928,384088084,61.8,60.8,61.0,-0.1,2648,4938,61.3
2019-11-06,5098109,310293449,61.3,60.5,61.3,0.3,2520,4938,61.1
2019-11-07,4296323,262184303,61.4,60.7,61.2,-0.1,2312,4938,61.3
2019-11-08,64883436,4288914195,67.3,64.7,67.3,6.1,25442,4938,65.0
2019-11-11,30075856,2013984234,67.9,66.0,66.7,-0.6,14053,4938,67.6
2019-11-12,32881382,2235675935,68.8,66.8,68.6,1.9,14495,4938,67.9
2019-11-13,32248641,2253002570,70.7,68.6,70.0,1.4,14780,4938,68.6
2019-11-14,22092143,1547235253,71.0,69.1,70.0,0.0,10530,4938,70.1
2019-11-15,12188520,852364865,70.7,69.4,69.8,-0.2,6431,4938,70.1
2019-11-18,9365782,656042520,70.8,69.7,70.0,0.2,4431,4938,70.1
2019-11-19,16192036,1141825417,70.8,70.1,70.7,0.7,6329,4938,70.2
2019-11-20,11901156,844933532,71.5,70.5,71.0,0.3,5608,4938,70.9
2019-11-21,12782816,904393475,71.5,69.8,71.3,0.3,5704,4938,70.1
2019-11-22,7646642,542059870,71.4,70.2,70.8,-0.5,3357,4938,71.4
2019-11-25,6338315,443862463,71.1,69.6,69.9,-0.9,3496,4938,70.8
2019-11-26,12355254,868195880,70.8,70.0,70.2,0.3,3451,4938,70.0
2019-11-27,7062796,492525612,70.5,69.4,69.7,-0.5,3504,4938,70.4
2019-11-28,4523007,314278866,70.0,69.2,69.5,-0.2,2840,4938,69.8
2019-11-29,11559248,786814164,69.4,67.7,68.0,-1.5,5785,4938,69.4
2019-12-02,9372608,631438699,67.9,66.9,67.5,-0.5,4834,4938,67.5
2019-12-03,11484160,791511329,69.4,67.3,69.1,1.6,5739,4938,67.3
2019-12-04,7798231,537400366,69.3,68.5,69.0,-0.1,2976,4938,69.3
2019-12-05,7377827,510659683,69.6,68.5,68.8,-0.2,3351,4938,69.5
2019-12-06,5059524,349354440,69.5,68.5,69.0,0.2,2597,4938,69.5
2019-12-09,7090890,486843831,69.5,68.3,68.4,-0.6,2946,4938,69.5
2019-12-10,4857061,332582868,68.9,67.7,68.9,0.5,2415,4938,68.4
2019-12-11,8195093,560032161,68.7,67.5,68.7,-0.2,3833,4938,68.5
2019-12-12,9331213,647337960,69.9,68.8,69.0,0.3,4581,4938,69.2
2019-12-13,8877519,608840537,69.7,68.0,68.8,-0.2,4205,4938,69.5
2019-12-16,7229248,500170408,70.2,68.6,68.7,-0.1,3445,4938,69.0
2019-12-17,6953633,481917499,69.8,68.9,69.8,1.1,3625,4938,69.3
2019-12-18,15293808,1083143768,71.3,70.0,71.1,1.3,7583,4938,70.5
2019-12-19,7383202,519663760,71.4,69.7,70.2,-0.9,3862,4938,71.4
2019-12-20,9174253,643629210,70.7,69.7,70.1,-0.1,2423,4938,70.4
2019-12-23,4617940,323468397,70.5,69.7,69.8,-0.3,1727,4938,70.1
2019-12-24,3401877,236409773,70.3,69.2,69.2,-0.6,1455,4938,70.3
2019-12-25,1855781,128486789,70.0,68.9,69.3,0.1,1160,4938,69.2
2019-12-26,1304792,90130075,69.5,68.8,69.2,-0.1,836,4938,69.5
2019-12-27,2016029,139856094,69.6,69.0,69.4,0.2,1278,4938,69.6
2019-12-30,2624743,181151196,69.4,68.8,68.8,-0.6,1459,4938,69.4
2019-12-31,3696224,253109207,68.8,68.3,68.4,-0.4,1609,4938,68.7
2020-01-02,3856549,263525081,69.0,68.0,68.6,0.2,2506,4938,69.0
2020-01-03,5381135,368275776,69.4,67.6,68.2,-0.4,3195,4938,69.4
2020-01-06,4837803,323962414,67.9,66.5,66.8,-1.4,2990,4938,67.6
2020-01-07,8359560,568889780,68.7,67.1,68.3,1.5,4201,4938,67.1
2020-01-08,6507938,439235383,68.0,66.8,67.7,-0.6,2795,4938,67.9
2020-01-09,5624468,379545230,68.3,66.8,67.4,-0.3,2523,4938,67.9
2020-01-10,6470970,433976990,67.8,66.6,67.0,-0.4,2919,4938,67.7
2020-01-13,9544345,657323205,69.4,67.8,69.2,2.2,4786,4938,68.0
2020-01-14,5338808,368172252,69.5,68.4,69.1,-0.1,2548,4938,69.5
2020-01-15,4310810,295748326,69.2,68.2,68.2,-0.9,1987,4938,69.1
2020-01-16,3899727,265062746,68.2,67.8,68.0,-0.2,1958,4938,68.2
2020-01-17,5125568,348555149,68.5,67.7,67.9,-0.1,2267,4938,68.0
2020-01-20,5018424,341820171,68.8,67.9,68.0,0.1,2350,4938,68.4
2020-01-30,15576379,987997063,65.2,62.5,62.8,-5.2,7131,4938,65.2
2020-01-31,7803081,498865438,64.9,62.8,63.6,0.8,3764,4938,62.8
2020-02-03,11105152,703245190,65.0,60.7,63.9,0.3,4877,4938,61.1
2020-02-04,9726760,630865800,65.3,63.7,64.8,0.9,3883,4938,65.0
2020-02-05,5953267,385439955,65.3,64.0,64.8,0.0,3117,4938,64.8
2020-02-06,8475316,559327225,66.6,65.0,66.6,1.8,3326,4938,65.0
2020-02-07,4478232,292954665,65.9,65.1,65.3,-1.3,2432,4938,65.9
2020-02-10,7224062,466736690,65.5,63.2,64.7,-0.6,3309,4938,63.8
2020-02-11,4355463,283620817,65.8,64.5,65.5,0.8,1975,4938,64.8
2020-02-12,5223695,341621340,66.0,64.8,65.3,-0.2,2880,4938,65.4
2020-02-13,3397879,223031979,66.2,65.4,65.4,0.1,1624,4938,65.5
2020-02-14,3393751,224112679,66.3,65.4,66.2,0.8,1707,4938,65.4
2020-02-17,2381405,155966239,65.8,64.9,65.8,-0.4,1105,4938,65.3
2020-02-18,6818234,446203144,66.2,64.4,66.0,0.2,2833,4938,65.2
2020-02-19,6771925,450461701,67.2,65.6,66.7,0.7,2678,4938,65.9
2020-02-20,4643701,308590411,67.2,65.9,66.3,-0.4,2263,4938,67.0
2020-02-21,6417328,420654173,65.9,65.1,65.5,-0.8,2455,4938,65.5
2020-02-24,4650960,300590314,65.0,64.1,64.5,-1.0,2039,4938,64.1
2020-02-25,6360039,410638308,65.0,63.5,64.7,0.2,2533,4938,64.0
2020-02-26,5363883,345096081,64.7,63.6,64.2,-0.5,2283,4938,64.0
2020-02-27,11401729,719892489,64.1,62.7,62.7,-1.5,3432,4938,63.9
2020-03-02,16766161,1016135442,61.3,60.2,60.3,-2.4,6990,4938,60.7
2020-03-03,11921987,730561188,61.9,61.0,61.0,0.7,3741,4938,61.5
2020-03-04,10774942,665254205,62.2,60.6,61.6,0.6,3646,4938,60.6
2020-03-05,7489718,469435203,63.0,62.1,62.9,1.3,2378,4938,62.7
2020-03-06,8839289,543728664,62.3,61.2,61.3,-1.6,3359,4938,62.1
2020-03-09,13402853,817377268,62.4,59.8,61.3,0.0,5826,4938,60.1
2020-03-10,12688636,768185692,61.3,59.7,60.3,-1.0,5508,4938,60.8
2020-03-11,9119944,549879135,61.2,59.4,59.4,-0.9,4165,4938,60.4
2020-03-12,10095189,581626875,59.0,56.8,56.8,-2.6,5215,4938,59.0
2020-03-13,16144469,872803905,56.5,52.0,55.3,-1.5,7684,4938,53.1
2020-03-16,8685163,467410839,55.5,52.6,52.6,-2.7,4474,4938,55.0
2020-03-17,11815094,604412794,52.6,50.2,50.7,-1.9,5982,4938,50.2
2020-03-18,8971566,455337007,51.7,50.2,50.3,-0.4,5024,4938,51.0
2020-03-19,14414287,698518870,50.0,46.9,48.1,-2.2,7153,4938,49.0
2020-03-20,12617984,648986649,52.7,49.0,51.8,3.7,5330,4938,49.0
2020-03-23,8074436,395928438,50.4,48.2,48.2,-3.6,4038,4938,49.45
2020-03-24,9289527,480188687,52.5,49.35,51.9,3.7,4600,4938,49.5
2020-03-25,8781625,482747175,55.5,54.0,54.9,3.0,4427,4938,54.0
2020-03-26,7947779,437175389,56.4,53.5,55.1,0.2,3862,4938,56.0
2020-03-27,24426406,1476122168,60.6,59.5,60.1,5.0,8351,4938,60.6
2020-03-30,11178026,662361725,60.1,58.3,59.3,-0.8,5124,4938,58.5
2020-03-31,15283052,903271836,60.5,58.0,58.0,-1.3,6522,4938,60.1
2020-04-01,7383166,433243803,59.4,57.8,58.4,0.4,4221,4938,58.0
2020-04-06,15022498,915932257,61.6,58.8,61.6,3.2,7381,4938,59.5
2020-04-07,10391819,648129192,63.7,61.6,61.8,0.2,5441,4938,62.8
2020-04-08,8953395,558941178,63.0,61.6,62.5,0.7,4452,4938,61.9
2020-04-09,6008634,374304829,63.7,61.5,61.8,-0.7,3475,4938,63.6
2020-04-10,4534762,280272192,62.4,61.4,62.0,0.2,1888,4938,61.9
2020-04-13,4623617,287047470,62.6,61.3,62.0,0.0,2192,4938,61.8
2020-04-14,11334766,718484728,63.7,62.1,63.7,1.7,5123,4938,62.4
2020-04-15,10599420,685925988,65.2,64.1,64.8,1.1,5282,4938,64.5
2020-04-16,10178239,658992835,65.4,63.7,65.0,0.2,4215,4938,63.8
2020-04-17,15501240,1012233101,66.2,64.5,65.1,0.1,5773,4938,66.0
2020-04-20,8634387,560314606,65.7,64.3,64.4,-0.7,3429,4938,65.3
2020-04-21,11322907,725418101,65.5,63.1,63.2,-1.2,5317,4938,64.4
2020-04-22,9737701,614468493,63.7,62.6,63.1,-0.1,4711,4938,62.8
2020-04-23,9250273,590525457,64.5,63.0,64.4,1.3,3534,4938,63.9
2020-04-24,9093388,587759892,65.0,64.0,64.7,0.3,3720,4938,64.4
2020-04-27,9603208,630719926,66.2,65.2,65.4,0.7,4462,4938,65.5
2020-04-28,6496440,427069092,65.9,65.4,65.9,0.5,2897,4938,65.5
2020-04-29,11368761,751094609,66.5,65.5,65.5,-0.4,4251,4938,66.0
2020-04-30,13207118,871815488,66.4,65.7,66.1,0.6,5397,4938,66.0
2020-05-04,8357283,543680495,65.6,64.8,64.9,-1.2,4149,4938,65.0
2020-05-05,5798106,379780266,65.9,65.1,65.3,0.4,2773,4938,65.2
2020-05-06,6979222,454920841,65.6,64.6,65.0,-0.3,2882,4938,65.0
2020-05-07,5201272,339803345,65.7,64.9,65.3,0.3,1970,4938,65.0
2020-05-08,7298854,482058964,66.3,65.7,66.3,1.0,3340,4938,66.0
2020-05-11,8368191,560232540,67.3,66.6,66.9,0.6,4292,4938,66.7
2020-05-12,10920030,722004480,66.7,65.7,66.0,-0.9,4608,4938,66.2
2020-05-13,6118338,405073929,66.5,65.8,66.5,0.5,2651,4938,66.0
2020-05-14,7691634,506658244,66.6,65.1,66.0,-0.5,2960,4938,65.1
2020-05-15,28570348,1790494659,63.8,61.7,62.6,-3.4,12770,4938,62.0
2020-05-18,9213698,578405774,63.0,62.4,63.0,0.4,4352,4938,62.8
2020-05-19,20227878,1248254383,63.9,60.9,61.1,-1.9,9994,4938,63.9
2020-05-20,8696393,532723918,61.7,61.0,61.0,-0.1,4578,4938,61.2
2020-05-21,13676195,832282795,61.4,60.6,60.6,-0.4,6250,4938,60.6
2020-05-22,7799852,473489172,61.1,60.3,60.7,0.1,4236,4938,60.6
2020-05-25,6389645,390935681,61.7,60.5,61.5,0.8,3141,4938,61.1
2020-05-26,10451269,648908481,62.4,61.8,62.0,0.5,4724,4938,62.0
2020-05-27,5340383,332213246,62.5,62.0,62.0,0.0,3337,4938,62.4
2020-05-28,9555699,589997258,62.5,61.2,61.5,-0.5,4603,4938,62.3
2020-05-29,15487227,981643444,64.5,61.3,64.5,3.0,5235,4938,61.3
2020-06-01,11717857,754727686,65.2,63.7,64.2,-0.3,6037,4938,64.5
2020-06-02,8102988,526694598,65.2,64.4,65.1,0.9,4793,4938,64.6
2020-06-03,13757319,911377354,66.7,65.5,66.1,1.0,7930,4938,65.9
2020-06-04,12244779,815452603,67.0,66.2,66.4,0.3,7220,4938,66.7
2020-06-05,7492792,495642671,66.4,66.0,66.3,-0.1,4215,4938,66.4
2020-06-08,10508637,701217704,67.0,66.4,66.8,0.5,5197,4938,66.8
2020-06-09,9268650,615382700,66.9,66.0,66.0,-0.8,4232,4938,66.7
2020-06-10,9373613,625388921,67.0,65.9,67.0,1.0,5102,4938,66.0
2020-06-11,27549098,1901294003,70.9,67.2,67.8,0.8,13718,4938,70.0
2020-06-12,20808157,1424746892,69.3,66.6,69.1,1.3,9013,4938,66.8
2020-06-15,14152543,970335892,69.5,67.5,67.8,-1.3,8371,4938,69.1
2020-06-16,10814207,744130180,69.2,68.5,68.6,0.8,5824,4938,68.8
2020-06-17,7961730,544327456,69.0,68.0,68.6,0.0,5050,4938,68.8
2020-06-18,7682374,529142947,69.2,68.6,68.9,0.3,3715,4938,68.7
2020-06-19,17805737,1224977984,69.3,68.2,68.8,-0.1,6429,4938,68.6
2020-06-22,17902617,1251783998,70.5,68.9,70.1,1.3,8104,4938,68.9
2020-06-23,20325050,1431777000,71.1,70.0,70.0,-0.1,7143,4938,70.9
2020-06-24,22129308,1551975857,70.5,69.3,70.1,0.1,7040,4938,70.0
2020-06-29,27384833,1915170605,70.4,69.5,69.8,-0.3,10152,4938,69.6
2020-06-30,52507893,3398228666,65.9,64.0,64.0,0.0,19829,4938,65.2
2020-07-01,11092890,716141835,65.0,64.2,64.5,0.5,4854,4938,64.2
2020-07-02,14037596,914138628,65.5,64.7,65.3,0.8,5273,4938,64.7
2020-07-03,12508474,824323893,66.3,65.4,66.1,0.8,6907,4938,65.8
2020-07-06,10021306,668431033,67.3,66.2,66.5,0.4,5117,4938,66.5
2020-07-07,13936946,914693429,67.0,64.9,65.6,-0.9,6691,4938,66.7
2020-07-08,9305819,605864454,65.6,64.9,65.1,-0.5,4729,4938,65.4
2020-07-09,8287233,538102676,65.5,64.7,64.8,-0.3,3831,4938,65.3
2020-07-10,7056582,451992448,65.0,63.5,63.7,-1.1,4209,4938,64.8
2020-07-13,5823191,375834341,65.0,63.9,64.8,1.1,3239,4938,64.7
2020-07-14,6178747,400795185,65.2,64.5,64.7,-0.1,3052,4938,65.0
2020-07-15,10325127,661470828,65.0,63.7,63.9,-0.8,4839,4938,65.0
2020-07-16,6819310,438112488,64.6,63.9,64.1,0.2,2395,4938,64.6
2020-07-17,4956773,318080024,64.5,64.0,64.0,-0.1,1999,4938,64.4
2020-07-20,18426907,1140493634,63.5,61.5,61.5,-2.5,9060,4938,63.3
2020-07-21,15184755,930958947,62.3,60.8,61.2,-0.3,8445,4938,62.1
2020-07-22,7984083,494324746,62.1,61.4,61.9,0.7,3624,4938,61.4
2020-07-23,11819072,735443162,62.9,61.6,62.2,0.3,6218,4938,62.3
2020-07-24,6693138,412382875,62.6,60.9,61.2,-1.0,3469,4938,62.2
2020-07-27,6166688,374911510,61.8,60.4,60.4,-0.8,3201,4938,61.2
2020-07-28,8207259,501746588,62.0,60.6,60.6,0.2,4327,4938,60.7
2020-07-29,7843338,474456198,61.2,60.0,60.1,-0.5,4081,4938,61.0
2020-07-30,9215515,560119543,61.3,60.2,61.3,1.2,4038,4938,60.6
2020-07-31,12220429,753845130,62.0,61.4,61.7,0.4,4012,4938,61.5
2020-08-03,8023590,498041979,62.3,61.7,62.1,0.4,4672,4938,62.0
2020-08-04,15361858,975388303,64.2,62.1,63.8,1.7,8480,4938,62.4
2020-08-05,12163960,778732139,64.5,63.4,63.4,-0.4,6175,4938,64.4
2020-08-06,9251648,591492272,64.3,63.6,64.0,0.6,4390,4938,63.8
2020-08-07,5892101,374956411,64.3,63.2,63.6,-0.4,3050,4938,64.2
2020-08-10,7486708,476796109,64.0,63.3,63.6,0.0,4348,4938,64.0
2020-08-11,7039556,440360729,63.6,62.0,62.0,-1.6,3923,4938,63.6
2020-08-12,4094405,254479325,62.5,61.9,62.1,0.1,2082,4938,62.0
2020-08-13,0,0,,,,0.0,0,4938,
2020-08-14,54060160,3586482218,67.7,63.6,66.7,0.0,23765,4938,67.3
2020-08-17,39583045,2732255205,70.4,67.5,69.1,2.4,20918,4938,67.7
2020-08-18,16270424,1110153663,69.9,67.5,67.7,-1.4,8354,4938,69.7
2020-08-19,13028073,876676523,69.1,66.3,66.6,-1.1,6711,4938,68.4
2020-08-20,16764420,1079989080,66.8,63.1,64.0,-2.6,8543,4938,66.7
2020-08-21,12268461,791328522,65.5,64.1,64.4,0.4,6624,4938,65.0
2020-08-24,11439820,724396961,64.5,62.9,63.3,-1.1,6331,4938,64.5
2020-08-25,9047111,577832462,64.4,63.5,63.8,0.5,4575,4938,63.9
2020-08-26,5434399,344514850,64.1,63.1,63.6,-0.2,3026,4938,64.0
2020-08-27,5665943,361164752,64.0,63.5,63.9,0.3,2994,4938,63.8
2020-08-28,10057269,634040592,64.0,62.5,62.9,-1.0,4961,4938,63.9
2020-08-31,10802639,677782674,63.4,62.5,62.5,-0.4,3624,4938,63.4
2020-09-01,8155029,516892625,63.7,62.9,63.5,1.0,3420,4938,63.1
2020-09-02,7574765,482060913,64.0,63.2,63.7,0.2,4215,4938,63.8
2020-09-03,5069724,323862900,64.5,63.5,63.7,0.0,2883,4938,63.8
2020-09-04,6052475,382031545,63.7,62.4,63.6,-0.1,3380,4938,63.0
2020-09-07,5260398,331521720,63.5,62.8,62.9,-0.7,3047,4938,63.5
2020-09-08,5945831,374013017,63.5,62.5,63.1,0.2,3556,4938,63.0
2020-09-09,5693069,356976144,63.2,62.3,63.2,0.1,2892,4938,62.6
2020-09-10,6898062,434462983,63.3,62.6,62.8,-0.4,2923,4938,63.3
2020-09-11,6355539,399063257,63.5,62.4,62.8,0.0,3842,4938,63.2
2020-09-14,6330751,402831096,63.9,62.8,63.8,1.0,2971,4938,63.0
2020-09-15,4843977,310100104,64.3,63.3,63.9,0.1,2712,4938,64.0
2020-09-16,4762114,305267615,64.4,63.9,64.0,0.1,2700,4938,64.4
2020-09-17,5674807,364248414,64.4,63.9,63.9,-0.1,2879,4938,64.2
2020-09-18,14284115,929094925,65.6,64.0,65.6,1.7,5176,4938,64.4
2020-09-21,6105838,395587268,65.7,64.2,64.2,-1.4,3711,4938,65.7
2020-09-22,5070884,322436926,64.1,63.2,63.2,-1.0,2542,4938,64.0
2020-09-23,7166336,452263568,63.9,62.7,63.0,-0.2,3801,4938,63.4
2020-09-24,10946789,677870288,62.5,61.3,61.5,-1.5,5782,4938,62.5
2020-09-25,8666033,531419546,62.4,60.9,61.3,-0.2,4461,4938,62.0
2020-09-28,4324149,268227050,62.4,61.6,62.2,0.9,2884,4938,61.6
2020-09-29,6159928,386094282,63.2,62.1,62.9,0.7,2799,4938,62.7
2020-09-30,10316368,656698663,63.9,62.9,63.8,0.9,3796,4938,63.0
2020-10-05,3264167,207336045,64.1,63.2,63.2,-0.6,2110,4938,63.9
2020-10-06,2865555,182643092,63.9,63.3,63.8,0.6,2260,4938,63.5
2020-10-07,2586924,164254364,63.8,63.3,63.4,-0.4,1474,4938,63.5
2020-10-08,2984391,190451024,64.0,63.4,64.0,0.6,1922,4938,63.7
2020-10-12,5473129,349906345,64.2,63.6,64.1,0.1,2638,4938,64.0
2020-10-13,6370553,407548490,64.4,63.7,64.2,0.1,3138,4938,64.3
2020-10-14,10683168,686525217,64.9,63.5,63.7,-0.5,4989,4938,64.4
2020-10-15,5956387,377561483,64.2,63.0,63.1,-0.6,3163,4938,63.6
2020-10-16,3661876,231418163,63.5,62.9,63.1,0.0,1763,4938,63.3
2020-10-19,6548913,417021967,64.1,63.2,63.5,0.4,3230,4938,63.3
2020-10-20,3751130,237907950,63.8,63.2,63.5,0.0,2111,4938,63.5
2020-10-21,5704489,359994440,63.9,62.7,62.8,-0.7,2988,4938,63.9
2020-10-22,10077949,628183101,63.0,62.1,62.3,-0.5,3849,4938,62.8
2020-10-23,4066968,253894892,62.8,62.2,62.4,0.1,1778,4938,62.4
2020-10-26,4418532,275475759,62.8,62.1,62.3,-0.1,2376,4938,62.5
2020-10-27,5018550,312486214,62.6,61.9,62.5,0.2,2336,4938,62.2
2020-10-28,5161092,322582396,63.0,62.1,62.3,-0.2,2541,4938,62.3
2020-10-29,5387354,333374828,62.2,61.5,61.9,-0.4,2841,4938,61.7
2020-10-30,7727658,475806133,61.9,61.3,61.5,-0.4,3131,4938,61.6
2020-11-02,2949372,182071520,62.2,61.2,62.2,0.7,1813,4938,61.6
2020-11-03,3143917,196157415,62.6,62.0,62.4,0.2,1854,4938,62.3
2020-11-04,2348689,146272852,62.5,62.0,62.3,-0.1,1444,4938,62.4
2020-11-05,2663899,166250206,62.8,62.1,62.3,0.0,1609,4938,62.7
2020-11-06,3842477,239375093,62.7,62.0,62.2,-0.1,2099,4938,62.7
2020-11-09,19580731,1205084777,63.0,60.0,60.9,-1.3,8818,4938,62.6
2020-11-10,24736609,1491899881,60.8,60.0,60.3,-0.6,12395,4938,60.5
2020-11-11,14384508,888403674,62.5,60.5,62.5,2.2,7948,4938,60.8
2020-11-12,6759482,421077760,62.7,62.0,62.3,-0.2,3348,4938,62.5
2020-11-13,21242170,1356081552,64.4,63.1,64.1,1.8,10298,4938,63.2
2020-11-16,13200782,857640229,65.4,64.4,65.0,0.9,7130,4938,65.0
2020-11-17,9315840,604934753,65.5,64.6,65.0,0.0,4684,4938,65.5
2020-11-18,10092803,657025498,65.3,64.7,65.3,0.3,4767,4938,65.0
2020-11-19,6888555,448532251,65.4,64.8,65.0,-0.3,3524,4938,65.4
2020-11-20,16753878,1102052557,66.8,65.2,65.6,0.6,8579,4938,65.4
2020-11-23,12637487,831630323,66.4,65.3,65.9,0.3,6535,4938,66.2
2020-11-24,12864521,850430242,66.6,65.7,66.2,0.3,5918,4938,66.5
2020-11-25,12014922,793534004,66.7,65.6,65.9,-0.3,6149,4938,66.6
2020-11-26,10856684,718459553,66.5,65.9,66.5,0.6,5135,4938,66.0
2020-11-27,9178857,611209819,66.9,66.2,66.5,0.0,4956,4938,66.6
2020-11-30,20352148,1343013015,67.0,65.3,65.3,-1.2,5649,4938,66.5
2020-12-01,12074746,786848328,65.7,64.5,65.5,0.2,5957,4938,65.1
2020-12-02,13629155,902630020,66.7,65.4,66.4,0.9,6049,4938,65.6
2020-12-03,8029998,531834167,66.6,65.7,66.1,-0.3,4131,4938,66.6
2020-12-04,10549493,702033563,66.8,66.2,66.6,0.5,4661,4938,66.6
2020-12-07,27372290,1869762809,69.5,67.3,68.8,2.2,13099,4938,67.5
2020-12-08,14601147,1000869847,69.3,68.2,68.4,-0.4,6345,4938,69.0
2020-12-09,16900968,1167885457,69.5,68.6,69.4,1.0,7788,4938,68.9
2020-12-10,15758151,1088694971,69.5,68.6,69.4,0.0,7125,4938,69.4
2020-12-11,28475813,2001932108,71.5,69.0,69.9,0.5,12813,4938,70.6
2020-12-14,11479680,805360692,70.8,69.6,69.6,-0.3,6030,4938,70.6
2020-12-15,19267682,1309998272,69.5,67.3,67.3,-2.3,9346,4938,69.5
2020-12-16,10286313,701679945,68.8,67.6,68.5,1.2,5018,4938,68.1
2020-12-17,7076861,480513131,68.6,67.6,67.9,-0.6,3715,4938,68.5
2020-12-18,13742284,923525515,68.0,66.7,66.7,-1.2,5903,4938,68.0
2020-12-21,15194378,1001899444,66.5,65.1,66.2,-0.5,6974,4938,66.5
2020-12-22,11538101,767875475,67.2,65.8,66.2,0.0,5700,4938,66.1
2020-12-23,7693522,511961132,66.8,66.0,66.8,0.6,3042,4938,66.6
2020-12-24,6345783,423738399,67.0,66.5,66.8,0.0,3287,4938,67.0
2020-12-25,7308131,494823456,68.4,67.0,67.8,1.0,4038,4938,67.1
2020-12-28,7311101,497511297,68.3,67.8,68.0,0.2,3745,4938,68.1
2020-12-29,6320728,426373541,68.2,67.0,67.1,-0.9,3371,4938,68.2
2020-12-30,7553493,506418689,67.6,66.5,67.5,0.4,4187,4938,67.1
2020-12-31,4773226,321288890,67.7,67.1,67.3,-0.2,2036,4938,67.5
2021-01-04,14955340,1013190061,68.3,66.7,68.0,0.7,7065,4938,67.0
2021-01-05,19416404,1300133149,67.9,66.6,66.8,-1.2,8738,4938,67.9
2021-01-06,14310054,957317291,67.5,66.5,66.7,-0.1,6750,4938,66.8
2021-01-07,8643357,577113184,67.1,66.5,66.8,0.1,4388,4938,67.0
2021-01-08,15140276,1016755711,67.8,66.7,67.4,0.6,6227,4938,67.1
2021-01-11,15613032,1044489203,67.4,66.5,67.3,-0.1,7788,4938,67.3
2021-01-12,19261447,1295605012,68.2,66.7,67.5,0.2,8588,4938,67.0
2021-01-13,56028907,3933043436,71.5,68.1,70.9,3.4,28700,4938,68.3
2021-01-14,89254701,6839086370,77.9,72.3,77.9,7.0,32891,4938,72.5
2021-01-15,144881388,11835697620,84.5,79.7,80.4,2.5,67051,4938,80.0
2021-01-18,57705780,4560654422,81.8,77.0,79.0,-1.4,33058,4938,81.4
2021-01-19,32055585,2532503354,79.9,78.0,79.0,0.0,17167,4938,79.3
2021-01-20,51525827,3961049075,79.6,75.3,76.0,-3.0,28340,4938,79.3
2021-01-21,33066484,2557549357,78.5,76.4,77.0,1.0,18348,4938,76.8
2021-01-22,36029203,2766924280,78.3,74.9,77.6,0.6,18772,4938,75.6
2021-01-25,22001977,1710988509,78.3,76.8,78.0,0.4,10845,4938,78.1
2021-01-26,26103877,2050923183,79.6,77.5,77.7,-0.3,13680,4938,79.4
2021-01-27,52030208,4191681669,81.4,78.8,81.1,3.4,26644,4938,79.0
2021-01-28,74043809,6060987907,83.6,79.7,81.5,0.4,38442,4938,81.5
2021-01-29,44744687,3607880033,83.2,78.4,78.4,-3.1,23999,4938,82.8
2021-02-01,19603661,1524765769,78.7,76.8,78.0,-0.4,10557,4938,78.4
2021-02-02,18007355,1412869587,79.2,78.0,78.1,0.1,10330,4938,78.3
2021-02-03,14572350,1140922043,78.7,77.7,78.2,0.1,8614,4938,78.5
2021-02-04,14189736,1117792561,79.5,77.8,78.9,0.7,7862,4938,78.1
2021-02-05,12993221,1021073145,79.2,78.3,78.4,-0.5,7589,4938,79.2
2021-02-17,45710651,3460584789,77.1,75.0,75.2,-3.2,27650,4938,77.0
2021-02-18,23783853,1790438880,76.3,74.5,75.4,0.2,13516,4938,75.1
2021-02-19,17266074,1306035618,76.3,74.8,76.1,0.7,9166,4938,75.1
2021-02-22,17977579,1365676858,76.5,75.6,75.8,-0.3,10692,4938,76.1
2021-02-23,16072377,1206806821,75.5,74.7,75.1,-0.7,9454,4938,75.5
2021-02-24,19947382,1520270910,76.9,75.1,76.0,0.9,11426,4938,75.3
2021-02-25,20094518,1530385351,77.2,75.6,75.9,-0.1,10703,4938,77.0
2021-02-26,33242534,2485635543,75.4,74.5,74.6,-1.3,14996,4938,75.4
2021-03-02,18482582,1372747279,75.5,73.9,73.9,-0.7,11076,4938,75.5
2021-03-03,14976155,1121645229,75.5,73.9,75.5,1.6,8159,4938,74.5
2021-03-04,13034873,971672478,75.2,74.1,74.3,-1.2,8023,4938,75.0
2021-03-05,16264538,1198806046,74.2,73.3,73.5,-0.8,8946,4938,73.8
2021-03-08,14686433,1082228286,74.7,73.2,73.2,-0.3,7356,4938,74.0
2021-03-09,14252479,1040291690,73.6,72.6,72.8,-0.4,6607,4938,73.1
2021-03-10,9461920,701503557,74.8,73.5,73.9,1.1,5010,4938,73.7
2021-03-11,39798139,2845854793,72.0,70.5,72.0,-1.9,23458,4938,71.8
2021-03-12,23957562,1706439059,72.0,70.7,71.4,-0.6,13187,4938,72.0
2021-03-15,13421933,955852487,71.9,70.8,71.5,0.1,8193,4938,71.2
2021-03-16,14844029,1065598701,72.2,71.5,71.5,0.0,9074,4938,71.7
2021-03-17,15558930,1126800850,73.0,71.8,72.3,0.8,10535,4938,72.0
2021-03-18,28006359,2076403976,74.8,72.9,74.3,2.0,16108,4938,73.0
2021-03-19,22777106,1699153833,75.0,73.6,75.0,0.7,10687,4938,74.0
2021-03-22,16066908,1191275567,75.1,73.6,74.0,-1.0,8846,4938,75.0
2021-03-23,16528621,1218048753,74.5,73.2,74.0,0.0,9069,4938,74.1
2021-03-24,12939688,960720070,74.9,73.6,74.2,0.2,6893,4938,73.9
2021-03-25,21462205,1611846591,75.8,74.1,75.7,1.5,11838,4938,74.3
2021-03-26,47540850,3513916948,74.9,73.3,73.8,-1.9,26393,4938,74.9
2021-03-29,20731674,1526981402,74.2,73.1,73.6,-0.2,12948,4938,73.9
2021-03-30,14493679,1065830135,73.9,73.3,73.7,0.1,8499,4938,73.8
2021-03-31,12637518,934958970,74.3,73.7,74.1,0.4,7268,4938,73.9
2021-04-01,13527595,996868520,74.5,73.4,73.5,-0.6,8140,4938,74.5
2021-04-06,19438539,1424884319,74.0,73.0,73.0,-0.5,12344,4938,73.8
2021-04-07,15430708,1122309844,73.4,72.5,72.8,-0.2,9455,4938,73.2
2021-04-08,16362556,1205310798,74.0,73.0,73.6,0.8,9272,4938,73.2
2021-04-09,12894226,946770270,74.0,73.2,73.3,-0.3,7475,4938,73.8
2021-04-12,16934617,1232584307,73.4,72.6,72.7,-0.6,10057,4938,73.3
2021-04-13,12679527,922618754,73.4,72.5,72.5,-0.2,7843,4938,72.5
2021-04-14,18509954,1345600271,73.3,72.0,73.2,0.7,10466,4938,73.3
2021-04-15,8308556,606799123,73.5,72.8,73.0,-0.2,5208,4938,73.2
2021-04-16,11537885,846885474,73.7,73.0,73.5,0.5,6186,4938,73.3
2021-04-19,10891901,802962122,73.9,73.5,73.8,0.3,6605,4938,73.8
2021-04-20,10613002,782308409,74.0,73.5,74.0,0.2,6115,4938,73.9
2021-04-21,15650261,1157618915,74.4,73.5,74.3,0.3,8251,4938,73.9
2021-04-22,36456609,2726505061,75.5,74.0,74.1,-0.2,21324,4938,74.8
2021-04-23,13607426,1007420137,74.6,73.6,73.9,-0.2,7701,4938,74.5
2021-04-26,13211328,972618395,74.2,73.5,73.6,-0.3,7744,4938,74.1
2021-04-27,12646231,926324395,73.6,73.1,73.3,-0.3,6999,4938,73.6
2021-04-28,10431338,768134319,74.1,73.2,73.6,0.3,5750,4938,73.3
2021-04-29,13509360,997497216,74.3,73.5,73.6,0.0,6642,4938,73.8
2021-05-03,18817156,1365216892,73.8,72.2,72.2,-1.4,11068,4938,73.6
2021-05-04,25371841,1780827641,72.3,70.6,71.5,-0.7,12651,4938,72.2
2021-05-05,12131594,863683265,71.7,70.8,70.8,-0.7,7533,4938,71.4
2021-05-06,19787645,1387737046,71.1,69.6,69.7,-1.1,13469,4938,70.9
2021-05-07,9334738,660082660,71.2,70.0,71.1,1.4,5133,4938,70.0
2021-05-10,8293311,582403352,71.5,70.5,70.6,-0.5,4474,4938,71.2
2021-05-11,18373591,1281577303,70.5,69.0,69.3,-1.3,10629,4938,70.4
2021-05-12,42092301,2988088492,73.0,68.0,71.1,1.8,23544,4938,70.7
2021-05-13,19517616,1374370430,71.8,69.2,70.1,-1.0,11051,4938,71.5
2021-05-14,7451122,525256379,71.2,70.1,70.6,0.5,4367,4938,70.5
2021-05-17,14380537,984413212,69.7,67.6,68.4,-2.2,8596,4938,67.6
2021-05-18,9160586,640259153,70.4,69.0,70.2,1.8,4983,4938,69.0
2021-05-19,11512426,819365408,71.8,69.8,71.5,1.3,6016,4938,69.8
2021-05-20,13836939,998352746,72.6,71.5,72.1,0.6,6496,4938,71.5
2021-05-21,10448251,758417794,73.2,72.1,72.5,0.4,5126,4938,72.9
2021-05-24,7077519,513748386,72.9,72.2,72.7,0.2,3552,4938,72.2
2021-05-25,11686005,850529400,73.2,72.4,72.9,0.2,5981,4938,72.9
2021-05-26,9146775,668765456,73.5,72.9,73.3,0.4,5454,4938,73.0
2021-05-27,13987017,1019976460,73.4,72.3,73.2,-0.1,4466,4938,73.0
2021-05-28,10790093,789887716,73.4,73.0,73.2,0.0,4697,4938,73.3
2021-05-31,8292872,607353010,73.5,72.7,73.5,0.3,4052,4938,73.1
2021-06-01,6542977,481703176,73.8,73.4,73.8,0.3,3549,4938,73.6
2021-06-02,7098319,522825128,74.3,73.2,73.6,-0.2,3956,4938,73.8
2021-06-03,5368759,395191078,73.9,73.3,73.5,-0.1,2833,4938,73.7
2021-06-04,5751369,422245829,73.6,73.1,73.4,-0.1,2879,4938,73.2
2021-06-07,5494925,401288112,73.8,72.2,72.9,-0.5,3074,4938,73.8
2021-06-08,4327789,317410131,73.5,72.9,73.5,0.6,2691,4938,73.3
2021-06-09,4806599,350315504,73.5,72.6,72.7,-0.8,2968,4938,73.2
2021-06-10,5281184,384916902,73.2,72.4,73.0,0.3,3186,4938,73.2
2021-06-11,8553105,620179865,73.0,72.2,72.3,-0.7,5030,4938,72.9
2021-06-15,5376513,390066474,73.0,72.0,73.0,0.7,3395,4938,72.5
2021-06-16,10153054,747218141,73.9,72.6,73.8,0.8,6145,4938,72.8
2021-06-17,4777681,352323383,74.0,73.2,74.0,0.2,3182,4938,73.3
2021-06-18,14129246,1052987226,74.9,74.0,74.7,0.7,6635,4938,74.1
2021-06-21,16243395,1206140157,74.4,73.6,74.4,-0.3,4819,4938,74.2
2021-06-22,10905101,812734377,75.0,74.1,74.3,-0.1,5425,4938,75.0
2021-06-23,9047641,673870127,74.7,74.0,74.6,0.3,4815,4938,74.7
2021-06-24,9680157,723193554,75.0,74.4,74.5,-0.1,4330,4938,74.7
2021-06-25,12634734,942552008,74.9,74.4,74.5,0.0,4463,4938,74.8
2021-06-28,12629157,936013742,74.6,73.8,74.0,-0.5,5640,4938,74.5
2021-06-29,21816505,1609785567,74.3,73.6,73.7,-0.3,9723,4938,74.1
2021-06-30,43685935,3026387639,69.5,68.3,68.8,0.0,19030,4938,68.6
2021-07-01,22165866,1517704370,69.2,67.9,68.3,-0.5,15075,4938,69.0
2021-07-02,11593143,787307727,68.3,67.8,68.0,-0.3,7377,4938,68.3
2021-07-05,13669434,930938286,68.9,67.8,68.7,0.7,8787,4938,68.3
2021-07-06,7258958,496171150,68.9,68.1,68.3,-0.4,5253,4938,68.8
2021-07-07,7033995,479031035,68.3,68.0,68.3,0.0,5196,4938,68.3
2021-07-08,6835068,466048017,68.7,68.0,68.1,-0.2,3863,4938,68.6
2021-07-09,13511007,913356539,68.1,67.4,67.6,-0.5,8594,4938,68.0
2021-07-12,13431008,900097562,67.8,66.8,66.9,-0.7,8530,4938,67.6
2021-07-13,12479193,846975251,68.3,67.0,68.0,1.1,6964,4938,67.0
2021-07-14,8798254,595225748,67.9,67.4,67.8,-0.2,3805,4938,67.9
2021-07-15,8467503,574989247,68.2,67.7,67.9,0.1,4299,4938,68.0
2021-07-16,8368248,568092460,68.1,67.5,68.0,0.1,4091,4938,67.8
2021-07-19,5050748,341615077,68.0,67.4,67.9,-0.1,3426,4938,68.0
2021-07-20,6551258,441610452,67.8,67.1,67.2,-0.7,4556,4938,67.6
2021-07-21,6846950,459530855,67.5,66.9,67.2,0.0,4572,4938,67.4
2021-07-22,7620152,511651560,67.9,66.8,67.1,-0.1,4981,4938,67.6
2021-07-23,6017487,402874471,67.5,66.8,66.8,-0.3,4240,4938,67.5
2021-07-26,5440330,363566569,67.2,66.5,66.9,0.1,3506,4938,67.0
2021-07-27,9743286,659498544,68.2,67.2,68.0,1.1,6230,4938,67.3
2021-07-28,7737459,522502367,68.0,66.8,67.8,-0.2,4037,4938,68.0
2021-07-29,4691424,316559656,68.0,67.2,67.6,-0.2,2634,4938,67.9
2021-07-30,7716808,518037436,67.8,66.9,67.3,-0.3,3693,4938,67.6
2021-08-02,4547012,304514000,67.3,66.7,67.1,-0.2,3025,4938,67.3
2021-08-03,4175845,279717389,67.4,66.8,67.1,0.0,2428,4938,67.0
2021-08-04,5049442,338060920,67.2,66.7,67.2,0.1,2790,4938,67.1
2021-08-05,16513207,1130852912,68.8,67.4,68.8,1.6,9974,4938,67.4
2021-08-06,6060891,414319639,69.0,68.0,68.3,-0.5,3769,4938,69.0
2021-08-09,5169517,349348622,68.0,67.4,67.5,-0.8,3247,4938,68.0
2021-08-10,4150014,280622766,68.0,67.2,68.0,0.5,2527,4938,67.8
2021-08-11,7715207,523146816,68.2,67.5,67.8,-0.2,4432,4938,68.1
2021-08-12,9523746,637180188,67.7,66.6,66.6,-1.2,5804,4938,67.6
2021-08-13,9272797,611953752,66.7,65.6,65.7,-0.9,7121,4938,66.6
2021-08-16,9462359,613344386,65.6,64.5,64.5,-1.2,6182,4938,65.5
2021-08-17,7681780,493955756,64.8,64.0,64.5,0.0,4766,4938,64.6
2021-08-18,7073764,452074459,64.3,63.5,64.1,-0.4,4489,4938,64.3
2021-08-19,7900260,507895276,64.6,63.8,64.5,0.4,5006,4938,64.3
2021-08-20,5129288,330093222,64.8,64.0,64.2,-0.3,3299,4938,64.8
2021-08-23,3100275,200034401,64.8,64.3,64.5,0.3,2091,4938,64.5
2021-08-24,3400524,220726811,65.2,64.6,64.9,0.4,2064,4938,64.8
2021-08-25,7445155,479211448,65.1,64.1,64.3,-0.6,4875,4938,65.0
2021-08-26,4341024,280598631,64.9,64.4,64.6,0.3,2365,4938,64.6
2021-08-27,3819236,246539850,64.8,64.3,64.7,0.1,2272,4938,64.6
2021-08-30,4398809,283794441,64.9,64.3,64.6,-0.1,2749,4938,64.8
2021-08-31,9509478,615961182,65.2,64.4,64.8,0.2,3103,4938,64.5
2021-09-01,4933644,320404046,65.4,64.5,64.9,0.1,2762,4938,64.5
2021-09-02,3015165,195096218,65.0,64.5,64.5,-0.4,2283,4938,64.9
2021-09-03,4128321,268377584,65.3,64.7,65.3,0.8,2367,4938,64.8
2021-09-06,3232656,211284023,65.7,65.1,65.3,0.0,2049,4938,65.7
2021-09-07,2612934,170016560,65.5,64.8,65.1,-0.2,1515,4938,65.5
2021-09-08,5875824,378977808,65.0,64.3,64.4,-0.7,3202,4938,64.9
2021-09-09,4193245,268684862,64.3,63.7,64.2,-0.2,2589,4938,64.2
2021-09-10,2278061,147248495,65.0,64.1,65.0,0.8,1472,4938,64.3
2021-09-13,2996441,194191183,65.2,64.4,65.2,0.2,2178,4938,65.0
2021-09-14,2579662,167113579,65.2,64.5,64.5,-0.7,2011,4938,65.2
2021-09-15,3062253,198209459,65.0,64.5,64.6,0.1,1690,4938,64.5
2021-09-16,2053053,133168164,65.3,64.6,64.9,0.3,1447,4938,64.9
2021-09-17,7205073,467472163,65.4,64.7,64.7,-0.2,2319,4938,65.0
2021-09-22,7070436,459153386,65.6,64.1,65.6,0.9,3875,4938,64.2
2021-09-23,6528487,430555593,66.4,65.3,66.1,0.5,3699,4938,65.9
2021-09-24,10823879,728150789,67.8,66.6,67.1,1.0,5962,4938,66.6
2021-09-27,5271265,354304888,67.6,66.8,67.2,0.1,3078,4938,67.5
2021-09-28,3746484,249742610,67.0,66.3,66.5,-0.7,2522,4938,66.8
2021-09-29,5195979,341144747,66.0,65.4,65.8,-0.7,3316,4938,65.7
2021-09-30,4784189,318317150,67.0,65.6,67.0,1.2,2427,4938,65.9
2021-10-01,6002392,396358865,66.6,65.7,66.0,-1.0,2988,4938,66.4
2021-10-04,5196879,345238106,67.0,66.1,66.1,0.1,3141,4938,66.3
2021-10-05,4337107,286643392,66.5,65.6,66.4,0.3,2704,4938,65.9
2021-10-06,4958644,328252043,66.8,65.8,66.5,0.1,3152,4938,66.6
2021-10-07,5484042,367763869,67.4,66.7,66.8,0.3,3079,4938,67.0
2021-10-08,2794209,187188124,67.3,66.8,66.8,0.0,1768,4938,67.0
2021-10-12,8544819,576905346,67.9,66.6,67.7,0.9,4659,4938,66.8
2021-10-13,5770209,391104571,68.0,67.5,67.8,0.1,3527,4938,67.9
2021-10-14,3843399,260279456,68.1,67.4,67.4,-0.4,2275,4938,68.1
2021-10-15,3905858,263940494,67.8,67.2,67.7,0.3,2322,4938,67.5
2021-10-18,4589475,311359217,68.1,67.5,67.8,0.1,3228,4938,67.9
2021-10-19,5602335,380711515,68.2,67.7,67.9,0.1,3319,4938,68.0
2021-10-20,5187375,353050008,68.5,67.8,67.8,-0.1,3568,4938,68.1
2021-10-21,7208692,487017725,68.2,67.4,67.4,-0.4,3362,4938,68.0
2021-10-22,4377005,294639772,67.8,67.1,67.4,0.0,2326,4938,67.7
2021-10-25,2587604,173812124,67.4,67.1,67.1,-0.3,1766,4938,67.1
2021-10-26,4224274,285788608,67.9,67.1,67.9,0.8,2594,4938,67.4
2021-10-27,3098465,209364061,68.0,67.3,67.7,-0.2,2417,4938,67.6
2021-10-28,2571456,174305963,68.0,67.5,67.9,0.2,1751,4938,67.7
2021-10-29,4583827,310988000,68.1,67.6,68.0,0.1,1987,4938,68.0
2021-11-01,4143094,280734055,68.1,67.4,68.1,0.1,2338,4938,68.1
2021-11-02,25664571,1792689768,70.9,69.0,69.3,1.2,13810,4938,69.1
2021-11-03,7688947,534662457,70.0,69.1,69.5,0.2,5277,4938,69.9
2021-11-04,3892570,269688223,69.8,69.0,69.3,-0.2,2957,4938,69.8
2021-11-05,4960908,340582179,69.2,68.3,69.0,-0.3,3414,4938,69.1
2021-11-08,5583099,381703976,69.5,68.0,68.5,-0.5,3500,4938,69.3
2021-11-09,4342327,297596277,69.0,68.1,69.0,0.5,2770,4938,68.5
2021-11-10,4867787,333332269,68.9,68.2,68.4,-0.6,2839,4938,68.9
2021-11-11,5781523,391923490,68.3,67.6,67.9,-0.5,4223,4938,68.3
2021-11-12,9574257,643769014,67.7,66.8,67.7,-0.2,6001,4938,67.5
2021-11-15,5541690,376921976,68.6,67.8,68.0,0.3,3987,4938,68.0
2021-11-16,4946961,337726777,68.5,68.0,68.4,0.4,3524,4938,68.0
2021-11-17,6384435,435998107,69.2,68.0,68.0,-0.4,3902,4938,68.7
2021-11-18,4327073,295505458,68.6,68.1,68.3,0.3,2609,4938,68.1
2021-11-19,3629879,247183567,68.6,68.0,68.1,-0.2,2365,4938,68.4
2021-11-22,4195987,286860482,68.7,68.0,68.2,0.1,2638,4938,68.2
2021-11-23,3966475,271181789,68.6,68.1,68.3,0.1,3130,4938,68.6
2021-11-24,3445792,235012214,68.6,68.0,68.1,-0.2,2886,4938,68.5
2021-11-25,5400421,366620260,68.2,67.6,67.8,-0.3,2627,4938,68.1
2021-11-26,4178977,281907408,67.9,67.3,67.3,-0.5,2618,4938,67.5
2021-11-29,4987751,333812187,67.2,66.6,67.0,-0.3,2928,4938,66.7
2021-11-30,11333399,757209618,67.4,66.6,66.6,-0.4,4232,4938,66.9
2021-12-01,4660256,311333080,67.2,66.4,66.9,0.3,3244,4938,66.5
2021-12-02,7632574,507374560,67.1,66.2,66.4,-0.5,5133,4938,66.7
2021-12-03,5673215,377237889,66.8,66.1,66.4,0.0,3059,4938,66.5
2021-12-06,5828179,388631870,67.0,66.1,66.9,0.5,3636,4938,66.4
2021-12-07,4462722,298245985,67.1,66.6,66.8,-0.1,2370,4938,67.0
2021-12-08,5342062,358242714,67.4,66.7,67.1,0.3,2992,4938,67.0
2021-12-09,5658989,383466931,68.0,67.2,68.0,0.9,3309,4938,67.3
2021-12-10,2978647,202555526,68.5,67.7,67.9,-0.1,1991,4938,68.0
2021-12-13,3758198,254249466,68.4,67.4,67.4,-0.5,2541,4938,68.4
2021-12-14,3579948,241528329,67.7,67.1,67.5,0.1,2724,4938,67.3
2021-12-15,3220793,217326446,67.7,67.1,67.7,0.2,1830,4938,67.5
2021-12-16,3565563,241912278,68.0,67.6,67.9,0.2,1948,4938,68.0
2021-12-17,6435671,438154824,68.3,67.6,68.2,0.3,2859,4938,67.9
2021-12-20,5404858,368841146,68.5,67.8,68.5,0.3,3456,4938,68.2
2021-12-21,5348168,366754095,68.8,68.1,68.7,0.2,2978,4938,68.3
2021-12-22,3026671,207545669,68.8,68.4,68.5,-0.2,1723,4938,68.8
2021-12-23,4035906,276830575,68.7,68.2,68.7,0.2,3758,4938,68.5
2021-12-24,3046893,209244248,68.8,68.5,68.7,0.0,1604,4938,68.5
2021-12-27,4486970,308771125,69.0,68.4,69.0,0.3,2660,4938,68.6
2021-12-28,6736954,466060707,69.4,68.8,69.4,0.4,5876,4938,69.0
2021-12-29,3382027,234143339,69.4,69.0,69.3,-0.1,2120,4938,69.4
2021-12-30,4115827,284289160,69.2,69.0,69.1,-0.2,3092,4938,69.1
2022-01-03,4455943,308173199,69.6,68.8,68.9,-0.2,4094,4938,69.1
2022-01-04,5960153,407004863,69.0,68.0,68.3,-0.6,7593,4938,69.0
2022-01-05,6008851,413128471,69.1,68.1,68.9,0.6,3189,4938,68.1
2022-01-06,8182550,564763117,69.3,68.6,69.3,0.4,4076,4938,68.9
2022-01-07,4345984,299462814,69.5,68.6,69.1,-0.2,3797,4938,69.4
2022-01-10,2761236,189434479,69.0,68.3,68.8,-0.3,2799,4938,69.0
2022-01-11,4986316,343927558,69.2,68.5,69.1,0.3,3408,4938,68.6
2022-01-12,4139855,285435204,69.3,68.6,69.3,0.2,4783,4938,69.1
2022-01-13,4031620,278786838,69.5,68.7,69.3,0.0,3048,4938,69.4
2022-01-14,5541710,383564522,69.8,68.8,69.0,-0.3,3195,4938,69.5
2022-01-17,3546956,244632799,69.3,68.7,69.0,0.0,2623,4938,69.0
2022-01-18,20313325,1425955859,70.9,69.1,70.4,1.4,11396,4938,69.2
2022-01-19,14008320,991004045,71.1,70.1,71.0,0.6,8744,4938,70.3
2022-01-20,5413580,383029976,71.0,70.4,70.9,-0.1,3621,4938,71.0
2022-01-21,8209189,575986976,70.8,69.8,70.4,-0.5,3977,4938,70.5
2022-01-24,7308347,514950867,70.9,69.6,70.8,0.4,4886,4938,70.2
2022-01-25,6346074,443136868,70.6,69.5,69.9,-0.9,6414,4938,70.5
2022-01-26,4962969,344569418,70.1,69.1,69.3,-0.6,6610,4938,70.0
2022-02-07,6622996,458305061,69.8,68.6,69.6,0.3,6885,4938,69.1
2022-02-08,3001040,208908928,69.9,69.3,69.7,0.1,3581,4938,69.8
2022-02-09,8456195,593895753,70.8,69.7,70.8,1.1,4241,4938,70.0
2022-02-10,7100180,502217727,71.4,70.3,70.8,0.0,4375,4938,70.7
2022-02-11,2717116,191351899,70.6,70.0,70.6,-0.2,1693,4938,70.3
2022-02-14,3718618,258692667,70.1,69.3,69.6,-1.0,3660,4938,70.0
2022-02-15,3599211,249513017,69.8,69.1,69.1,-0.5,3207,4938,69.6
2022-02-16,4157405,289555295,69.9,69.3,69.8,0.7,3199,4938,69.5
2022-02-17,4388576,307803456,70.5,69.7,70.3,0.5,2571,4938,70.0
2022-02-18,2404881,168238724,70.2,69.5,70.1,-0.2,2047,4938,69.8
2022-02-21,2184342,152652947,70.2,69.4,70.1,0.0,1482,4938,69.7
2022-02-22,4417546,306486467,70.0,69.0,69.6,-0.5,3150,4938,69.8
2022-02-23,3438136,239223114,69.8,69.1,69.8,0.2,2375,4938,69.3
2022-02-24,7328246,504719789,69.4,68.4,69.0,-0.8,4750,4938,69.1
2022-02-25,6475379,446463614,69.2,68.5,69.1,0.1,3011,4938,69.0
2022-03-01,9054889,635541418,70.7,68.9,70.3,1.2,3874,4938,69.1
2022-03-02,4621307,323372069,70.3,69.7,69.9,-0.4,2412,4938,70.0
2022-03-03,3130576,219354755,70.5,69.8,70.2,0.3,2598,4938,70.5
2022-03-04,3174625,220967484,69.8,69.4,69.7,-0.5,3032,4938,69.6
2022-03-07,10853433,737459449,69.2,67.5,67.6,-2.1,9607,4938,69.0
2022-03-08,10576555,723814209,69.0,67.6,68.6,1.0,5333,4938,67.6
2022-03-09,5195529,356983464,69.0,68.2,68.9,0.3,3402,4938,68.8
2022-03-10,5704324,396018091,69.7,68.9,69.6,0.7,3102,4938,69.0
2022-03-11,16514552,1164558082,71.0,70.1,70.4,0.8,9029,4938,70.4
2022-03-14,14746826,1050770326,71.8,70.4,71.6,1.2,8448,4938,70.7
2022-03-15,11179870,795860918,71.6,70.8,71.6,0.0,5506,4938,71.6
2022-03-16,11944243,857762506,72.1,71.3,72.1,0.5,6606,4938,71.7
2022-03-17,12355133,896565910,73.0,72.1,72.9,0.8,6848,4938,72.9
2022-03-18,26610964,1935855204,72.9,72.3,72.8,-0.1,5273,4938,72.8
2022-03-21,5082304,366671576,72.7,71.8,71.9,-0.9,3263,4938,72.7
2022-03-22,9846826,711922215,73.0,71.4,72.8,0.9,4870,4938,71.9
2022-03-23,8044728,585759514,73.0,72.4,73.0,0.2,3787,4938,72.8
2022-03-24,11914935,873664226,73.7,72.7,73.6,0.6,5918,4938,73.0
2022-03-25,7019252,513748747,73.6,72.9,73.6,0.0,3526,4938,73.5
2022-03-28,5786769,420481059,73.0,72.2,72.8,-0.8,5529,4938,72.9
2022-03-29,5002624,363972793,73.0,72.5,72.8,0.0,3070,4938,72.5
2022-03-30,5010051,364324881,73.1,72.5,72.7,-0.1,2732,4938,73.0
2022-03-31,5786637,418336319,72.6,72.0,72.4,-0.3,3308,4938,72.5
2022-04-01,5362474,387004593,72.5,71.6,72.5,0.1,3918,4938,71.8
2022-04-06,5877922,420685638,72.5,71.2,71.6,-0.9,5848,4938,72.5
2022-04-07,9875822,703320256,71.7,70.8,71.1,-0.5,4575,4938,70.9
2022-04-08,4896873,349903222,71.7,71.1,71.6,0.5,2176,4938,71.1
2022-04-11,4733741,335482898,71.7,70.5,70.8,-0.8,4306,4938,71.7
2022-04-12,7484374,533801682,71.8,70.6,71.0,0.2,5047,4938,70.6
2022-04-13,5940607,423359145,71.6,70.9,71.5,0.5,3990,4938,71.3
2022-04-14,2916424,207948806,71.6,71.0,71.5,0.0,2031,4938,71.2
2022-04-15,5136009,361951798,71.2,70.2,70.3,-1.2,6063,4938,71.2
2022-04-18,3755493,263819507,70.8,69.5,70.5,0.2,2995,4938,69.9
2022-04-19,3598970,253070805,70.9,70.0,70.0,-0.5,3355,4938,70.9
2022-04-20,9953451,706088462,71.6,70.1,70.7,0.7,4498,4938,70.1
2022-04-21,7431321,532423326,71.9,71.0,71.9,1.2,4072,4938,71.1
2022-04-22,8680941,621135706,72.0,70.8,72.0,0.1,5127,4938,70.8
2022-04-25,10466504,736115996,70.7,70.0,70.5,-1.5,6544,4938,70.5
2022-04-26,9378256,669067346,71.7,70.5,71.3,0.8,4342,4938,70.6
2022-04-27,4871489,340998086,70.5,69.6,69.9,-1.4,6375,4938,70.4
2022-04-28,8325346,575843038,69.8,68.8,69.4,-0.5,7954,4938,69.5
2022-04-29,5948434,416940190,70.3,69.6,70.3,0.9,3227,4938,69.6
2022-05-03,2512965,176532408,70.4,69.8,70.4,0.1,2586,4938,70.2
2022-05-04,2510270,176861428,70.9,70.1,70.5,0.1,2722,4938,70.6
2022-05-05,3488831,247039568,71.2,70.5,70.9,0.4,3529,4938,70.8
2022-05-06,3620525,254200133,70.6,69.7,70.6,-0.3,3117,4938,69.8
2022-05-09,4419446,307512610,70.0,69.4,69.4,-1.2,3583,4938,69.8
2022-05-10,6081336,422120234,69.8,68.8,69.7,0.3,3402,4938,69.0
2022-05-11,4731548,325398859,69.3,68.5,68.5,-1.2,4254,4938,69.0
2022-05-12,7875805,535136697,68.6,67.5,67.7,-0.8,4570,4938,68.2
2022-05-13,18597846,1205832870,67.4,64.0,64.6,-3.1,11395,4938,67.3
2022-05-16,8081335,522102555,65.3,64.2,64.2,-0.4,5468,4938,65.3
2022-05-17,7448038,482306906,65.2,64.4,64.5,0.3,4987,4938,64.4
2022-05-18,6582661,428984839,65.5,64.3,65.2,0.7,5114,4938,64.4
2022-05-19,6049646,392292421,65.2,64.4,64.7,-0.5,4535,4938,64.4
2022-05-20,3473207,227452216,65.9,65.0,65.3,0.6,3426,4938,65.4
2022-05-23,3310344,216330024,65.8,65.0,65.3,0.0,2292,4938,65.8
2022-05-24,3515616,228874022,65.4,64.9,64.9,-0.4,2417,4938,65.1
2022-05-25,4420021,290974518,66.3,65.1,65.9,1.0,2823,4938,65.3
2022-05-26,4662021,308371081,66.6,65.9,65.9,0.0,2760,4938,65.9
2022-05-27,4655330,311801416,67.2,66.4,67.0,1.1,2935,4938,66.5
2022-05-30,5769553,392836361,68.5,67.1,68.3,1.3,3714,4938,68.0
2022-05-31,15193000,1053376130,69.6,67.8,69.6,1.3,3199,4938,68.3
2022-06-01,3194728,221340880,69.6,68.7,69.2,-0.4,2309,4938,69.3
2022-06-02,4889661,337808826,69.4,68.4,68.9,-0.3,3675,4938,68.7
2022-06-06,3700866,256445683,69.5,68.7,69.5,0.6,3038,4938,69.5
2022-06-07,4780068,330844894,69.5,68.7,69.2,-0.3,3707,4938,69.3
2022-06-08,4944246,343331586,69.8,69.2,69.2,0.0,2838,4938,69.3
2022-06-09,3383332,235003632,69.7,69.0,69.4,0.2,2044,4938,69.1
2022-06-10,3840995,264257944,69.2,68.3,68.7,-0.7,3406,4938,68.5
2022-06-13,5224566,357427624,69.0,67.6,68.7,0.0,3099,4938,68.2
2022-06-14,3293419,225961096,68.9,68.0,68.6,-0.1,2628,4938,68.2
2022-06-15,3961647,273078134,69.2,68.5,68.8,0.2,2971,4938,68.6
2022-06-16,6019056,417160846,69.8,68.8,68.8,0.0,3822,4938,69.3
2022-06-17,9536977,661288551,69.9,67.9,69.9,1.1,4074,4938,68.2
2022-06-20,7438485,510696304,69.7,67.9,68.3,-1.6,4607,4938,69.4
2022-06-21,7390819,511055664,69.6,68.1,69.1,0.8,4472,4938,68.9
2022-06-22,5343118,366840290,69.4,68.2,68.2,-0.9,3647,4938,69.2
2022-06-23,5624008,381446814,68.9,67.3,67.5,-0.7,4558,4938,68.7
2022-06-24,4698021,320894606,68.6,67.8,68.5,1.0,2382,4938,68.0
2022-06-27,6290004,432604031,69.2,68.5,68.7,0.2,4433,4938,69.0
2022-06-28,4948715,337736728,68.9,68.0,68.2,-0.5,3087,4938,68.5
2022-06-29,12431768,834097342,67.9,66.8,66.8,-1.4,6082,4938,67.9
2022-06-30,34570383,2039400547,60.5,56.9,57.0,0.0,17847,4938,59.9
2022-07-01,9796081,563466855,58.5,56.9,57.1,0.1,5328,4938,57.4
2022-07-04,8532628,479155129,57.8,55.3,55.7,-1.4,5924,4938,57.4
2022-07-05,5486420,308261161,56.9,55.5,56.4,0.7,5715,4938,56.8
2022-07-06,5729696,318806526,56.6,55.1,55.1,-1.3,3518,4938,56.5
2022-07-07,4827375,272102166,57.3,55.3,56.7,1.6,2992,4938,55.3
2022-07-08,4919639,282411041,57.8,56.2,57.4,0.7,3081,4938,56.5
2022-07-11,2694853,154632910,57.8,57.0,57.4,0.0,2139,4938,57.5
2022-07-12,4173845,235931754,57.0,56.1,56.7,-0.7,2490,4938,56.8
2022-07-13,4955145,286608287,58.3,57.1,57.7,1.0,2490,4938,57.1
2022-07-14,5423257,319426139,59.5,57.5,59.2,1.5,2800,4938,57.7
2022-07-15,2367811,139391715,59.4,58.6,58.7,-0.5,3600,4938,59.1
2022-07-18,6759673,396406296,59.0,58.1,58.7,0.0,4483,4938,58.7
2022-07-19,9279499,543713086,58.8,58.1,58.8,0.1,3076,4938,58.4
2022-07-20,7309331,433139880,59.7,58.8,59.4,0.6,3358,4938,58.9
2022-07-21,8206996,493404911,60.6,59.2,60.5,1.1,3501,4938,59.3
2022-07-22,7028975,426559434,61.0,60.1,60.9,0.4,3113,4938,60.2
2022-07-25,2811981,173103513,62.0,60.6,61.6,0.7,2249,4938,60.9
2022-07-26,3118949,190229896,61.9,60.6,60.8,-0.8,2532,4938,61.7
2022-07-27,2167081,132820709,61.6,60.7,61.6,0.8,1565,4938,61.3
2022-07-28,4064268,251817603,62.4,61.3,62.3,0.7,3463,4938,62.0
2022-07-29,8493268,528991901,63.0,62.1,62.2,-0.1,2333,4938,62.9
2022-08-01,3552988,221771526,62.8,62.2,62.3,0.1,2152,4938,62.4
2022-08-02,6602394,412820403,63.0,61.6,63.0,0.7,3268,4938,61.6
2022-08-03,4777200,300766147,63.2,62.4,63.1,0.1,3063,4938,62.5
2022-08-04,3742419,235373637,63.3,62.3,63.0,-0.1,2725,4938,63.1
2022-08-05,6536931,405865760,62.8,61.6,62.0,-1.0,4028,4938,62.6
2022-08-08,3424753,211707299,62.2,61.4,62.1,0.1,1721,4938,61.7
2022-08-09,3833099,239600106,62.9,61.9,62.7,0.6,1821,4938,62.1
2022-08-10,4144059,261136424,63.4,62.3,63.0,0.3,1941,4938,62.4
2022-08-11,3568822,227434347,64.3,63.4,63.7,0.7,1922,4938,64.3
2022-08-12,6399656,414257322,66.0,64.0,64.5,0.8,3412,4938,65.4
2022-08-15,6107556,386247971,64.3,62.7,63.0,-1.5,6350,4938,64.1
2022-08-16,6074856,378931410,63.1,62.2,62.2,-0.8,3658,4938,62.5
2022-08-17,3453004,216181923,63.0,62.2,62.8,0.6,2376,4938,62.3
2022-08-18,2668745,167695171,63.1,62.3,63.0,0.2,2570,4938,62.5
2022-08-19,3435027,216543132,63.5,62.5,63.0,0.0,2044,4938,62.6
2022-08-22,5522329,352595513,64.2,62.7,64.2,1.2,3149,4938,62.9
2022-08-23,4863337,312483522,64.6,63.7,64.2,0.0,3019,4938,64.2
2022-08-24,2877224,183682870,64.7,63.6,63.6,-0.6,3431,4938,64.6
2022-08-25,2117337,135324576,64.4,63.6,63.8,0.2,1452,4938,64.1
2022-08-26,2196062,140920030,64.4,64.0,64.2,0.4,1650,4938,64.0
2022-08-29,3007750,190410855,63.7,62.6,63.3,-0.9,1800,4938,62.8
2022-08-30,4273936,274167518,64.6,63.5,64.1,0.8,2428,4938,64.0
2022-08-31,10683564,679727526,64.3,63.2,63.6,-0.5,2978,4938,63.9
2022-09-01,3703475,232756438,63.1,62.5,63.1,-0.5,2363,4938,63.0
2022-09-02,5593380,349123749,62.9,62.1,62.1,-1.0,3223,4938,62.5
2022-09-05,9532271,613513587,65.0,63.3,64.5,2.4,5462,4938,63.8
2022-09-06,4775549,308039663,65.0,64.1,64.5,0.0,3477,4938,65.0
2022-09-07,4871343,311414086,64.4,63.1,64.4,-0.1,3009,4938,63.8
2022-09-08,4904828,312418434,64.6,63.3,63.7,-0.7,3597,4938,64.6
2022-09-12,4403384,281890208,64.8,63.7,63.9,0.2,3145,4938,64.8
2022-09-13,7555391,491917049,65.5,64.2,65.5,1.6,3867,4938,64.6
2022-09-14,7955203,507559929,64.6,63.4,63.4,-2.1,6767,4938,64.1
2022-09-15,6040086,385677140,64.3,63.5,63.7,0.3,3093,4938,63.6
2022-09-16,13330239,844657729,63.8,62.7,63.5,-0.2,4216,4938,63.1
2022-09-19,7089245,448861727,63.9,62.9,63.1,-0.4,3382,4938,63.8
2022-09-20,8254390,526337183,64.1,63.3,63.7,0.6,3932,4938,63.3
2022-09-21,8915830,562670122,64.0,62.4,63.1,-0.6,3710,4938,63.7
2022-09-22,10180154,625904824,62.3,61.1,61.5,-1.6,5324,4938,62.2
2022-09-23,5802154,351399387,61.2,60.3,60.4,-1.1,4182,4938,60.5
2022-09-26,5782193,344840847,60.1,59.3,59.3,-1.1,3214,4938,59.8
2022-09-27,6187996,369051904,60.9,59.1,59.5,0.2,2940,4938,59.4
2022-09-28,5901239,350737456,60.2,59.0,59.2,-0.3,2757,4938,59.6
2022-09-29,5677325,336693785,60.5,58.9,59.2,0.0,4394,4938,60.5
2022-09-30,7459056,437056123,59.4,58.0,58.5,-0.7,2970,4938,59.1
2022-10-03,4130253,237535081,58.1,57.0,57.5,-1.0,2611,4938,57.3
2022-10-04,5459213,322832242,59.7,58.2,59.1,1.6,3005,4938,58.2
2022-10-05,5763192,342203202,59.7,58.9,59.3,0.2,2394,4938,59.3
2022-10-06,5158824,303795633,59.4,58.1,59.0,-0.3,2752,4938,58.6
2022-10-07,3414396,199623316,58.9,58.2,58.2,-0.8,2160,4938,58.4
2022-10-11,6276889,359903739,57.8,56.9,57.3,-0.9,3150,4938,57.6
2022-10-12,3966891,227818481,57.9,56.8,57.3,0.0,1542,4938,57.0
2022-10-13,4024936,229674618,57.5,56.6,57.2,-0.1,2445,4938,57.1
2022-10-14,4065485,234089864,58.2,57.2,57.3,0.1,2315,4938,57.7
2022-10-17,7047370,405386096,58.1,56.7,57.6,0.3,3147,4938,57.4
2022-10-18,9694472,549432585,57.7,56.2,56.6,-1.0,6224,4938,57.7
2022-10-19,5290967,300744316,57.4,55.9,56.7,0.1,2376,4938,56.2
2022-10-20,10808346,600918436,56.3,54.7,55.9,-0.8,4280,4938,55.3
2022-10-21,3708109,208222734,57.0,55.4,56.0,0.1,2487,4938,56.3
2022-10-24,4556340,258859035,57.2,56.2,56.9,0.9,2345,4938,56.7
2022-10-25,4541578,256082847,57.2,56.0,56.2,-0.7,3717,4938,57.2
2022-10-26,3303248,186733309,56.9,55.9,56.7,0.5,2046,4938,56.3
2022-10-27,4345719,246539216,57.0,56.3,56.7,0.0,2154,4938,57.0
2022-10-28,3981633,226716047,57.4,56.5,56.7,0.0,2028,4938,57.2
2022-10-31,6538359,382782225,59.0,57.7,59.0,2.3,3431,4938,57.8
2022-11-01,3074696,179767157,59.1,58.1,58.4,-0.6,2364,4938,59.0
2022-11-02,3298562,190883829,58.7,57.5,57.5,-0.9,3034,4938,58.0
2022-11-03,4049595,228890230,56.9,56.1,56.4,-1.1,2728,4938,56.6
2022-11-04,4621896,260974474,56.9,56.0,56.9,0.5,2452,4938,56.0
2022-11-07,2522125,144819419,57.8,56.8,57.7,0.8,2012,4938,57.3
2022-11-08,4960200,287054465,58.2,57.3,58.1,0.4,3243,4938,57.7
2022-11-09,3531245,205849490,58.5,57.8,58.4,0.3,2424,4938,58.1
2022-11-10,3402506,198986485,58.9,58.1,58.7,0.3,2179,4938,58.2
2022-11-11,8637348,516194070,60.3,59.0,60.0,1.3,4887,4938,59.6
2022-11-14,6045608,364160237,60.8,59.3,60.4,0.4,3399,4938,60.5
2022-11-15,4253795,257231006,60.9,59.5,60.6,0.2,2494,4938,60.0
2022-11-16,6273794,377939594,60.6,59.6,60.4,-0.2,3317,4938,59.7
2022-11-17,4218440,252985408,60.5,59.4,60.3,-0.1,2388,4938,59.8
2022-11-18,3885539,232950565,60.4,59.4,60.3,0.0,2451,4938,59.5
2022-11-21,3146414,187130398,60.5,59.0,59.4,-0.9,2277,4938,60.1
2022-11-22,3934241,232502049,59.6,58.9,59.3,-0.1,2493,4938,59.5
2022-11-23,2164207,128188018,59.5,59.0,59.2,-0.1,1630,4938,59.4
2022-11-24,3537576,212074027,60.2,59.4,60.2,1.0,2412,4938,59.9
2022-11-25,3764409,226627443,60.5,59.7,60.2,0.0,2213,4938,60.2
2022-11-28,3225801,194627247,60.7,59.7,60.7,0.5,1909,4938,59.7
2022-11-29,3832499,233629997,61.5,60.2,61.5,0.8,2762,4938,60.8
2022-11-30,18249707,1129428499,62.0,60.7,62.0,0.5,2423,4938,60.8
2022-12-01,6080882,375230641,62.3,61.2,61.7,-0.3,3413,4938,62.3
2022-12-02,4174508,257310887,62.0,61.1,61.9,0.2,2625,4938,61.1
2022-12-05,6597352,411873130,63.5,61.4,63.5,1.6,4094,4938,61.4
2022-12-06,5386886,339428678,63.8,62.5,63.8,0.3,3625,4938,63.0
2022-12-07,5163941,325675076,63.5,62.7,63.0,-0.8,2999,4938,62.7
2022-12-08,4243153,264379263,63.0,62.0,62.2,-0.8,3538,4938,63.0
2022-12-09,3963131,248804317,63.1,62.0,63.1,0.9,2441,4938,62.3
2022-12-12,4339510,271985808,63.2,62.0,63.2,0.1,2974,4938,62.2
2022-12-13,7033490,442692465,63.4,62.5,63.2,0.0,3293,4938,63.0
2022-12-14,5705752,361631975,63.8,63.0,63.3,0.1,2810,4938,63.5
2022-12-15,4640468,293288383,63.5,62.9,63.5,0.2,2233,4938,63.5
2022-12-16,20869308,1320176904,64.0,62.0,64.0,0.5,9310,4938,62.0
2022-12-19,19921980,1265163312,64.0,62.4,63.8,-0.2,5283,4938,63.0
2022-12-20,17677519,1122329077,64.0,62.9,63.6,-0.2,4974,4938,63.3
2022-12-21,18273573,1160693342,63.8,62.9,63.7,0.1,5286,4938,63.3
2022-12-22,16849656,1079587828,64.7,63.3,64.0,0.3,4359,4938,63.7
2022-12-23,3317427,212161231,64.2,63.3,64.2,0.2,1910,4938,64.0
2022-12-26,1046643,66804028,64.3,63.5,63.8,-0.4,2370,4938,64.2
2022-12-27,1329049,84612896,64.1,63.5,63.6,-0.2,1328,4938,64.1
2022-12-28,3090583,196734754,63.9,63.2,63.8,0.2,1822,4938,63.3
2022-12-29,3226124,205132625,63.9,63.1,63.8,0.0,1672,4938,63.3
2022-12-30,2014114,127990613,64.0,63.3,63.5,-0.3,1290,4938,64.0
2023-01-03,2590037,164184422,63.7,62.8,63.7,0.2,1716,4938,63.2
2023-01-04,3332614,211845726,63.9,63.2,63.5,-0.2,1522,4938,63.2
2023-01-05,2583372,164798527,64.0,63.6,63.8,0.3,1557,4938,63.6
2023-01-06,2775253,177646213,64.4,63.7,64.0,0.2,1706,4938,63.8
2023-01-09,3589459,231905553,64.8,64.3,64.8,0.8,2253,4938,64.6
2023-01-10,2915405,188144418,64.8,64.4,64.5,-0.3,1792,4938,64.8
2023-01-11,1857375,119942705,64.8,64.4,64.5,0.0,1105,4938,64.4
2023-01-12,1852979,119581332,64.8,64.3,64.5,0.0,1391,4938,64.5
2023-01-13,2123619,136865236,64.9,64.0,64.3,-0.2,1507,4938,64.8
2023-01-16,3062261,197545509,65.0,64.2,64.5,0.2,2320,4938,64.8
2023-01-17,3047374,196668413,64.7,64.2,64.7,0.2,1636,4938,64.5
2023-01-30,7442970,486379952,65.7,64.9,65.6,0.9,4233,4938,65.2
2023-01-31,8783507,569018025,65.8,64.4,64.5,-1.1,2902,4938,65.5
2023-02-01,2989775,193834673,65.0,64.6,65.0,0.5,1665,4938,64.6
2023-02-02,2676851,175027762,65.7,65.1,65.4,0.4,1791,4938,65.5
2023-02-03,2393307,156286846,65.5,65.0,65.4,0.0,1816,4938,65.4
2023-02-06,5656399,373036060,66.4,65.4,66.1,0.7,3400,4938,65.4
2023-02-07,2780757,184831512,66.6,66.1,66.6,0.5,1999,4938,66.1
2023-02-08,1944497,128991595,66.7,66.1,66.2,-0.4,2092,4938,66.7
2023-02-09,1966056,130593879,66.6,66.1,66.5,0.3,1430,4938,66.2
2023-02-10,2122430,140842812,66.6,65.9,66.6,0.1,1361,4938,66.1
2023-02-13,5857698,392342402,67.7,66.6,67.1,0.5,3187,4938,67.1
2023-02-14,3070475,205086678,67.3,66.6,66.7,-0.4,2110,4938,67.2
2023-02-15,4069161,272636890,67.2,66.3,67.2,0.5,2650,4938,67.0
2023-02-16,2566242,172114963,67.2,66.8,67.0,-0.2,1764,4938,67.0
2023-02-17,2046386,137796545,67.5,66.8,67.5,0.5,1513,4938,67.0
2023-02-20,2386944,161504576,67.8,67.3,67.8,0.3,1756,4938,67.5
2023-02-21,2321526,157548655,68.0,67.6,67.9,0.1,1858,4938,67.8
2023-02-22,3395146,230664213,68.2,67.3,68.2,0.3,2612,4938,67.8
2023-02-23,2566616,175536354,68.5,68.1,68.5,0.3,1857,4938,68.2
2023-02-24,4370848,298021341,68.7,68.0,68.0,-0.5,2436,4938,68.5
2023-03-01,3722030,252868740,68.3,67.3,68.0,0.0,3050,4938,68.0
2023-03-02,3196053,217927142,68.4,67.8,68.4,0.4,1905,4938,68.2
2023-03-03,1951628,133467261,68.8,68.1,68.3,-0.1,1574,4938,68.6
2023-03-06,3670415,252648378,69.0,68.3,69.0,0.7,2568,4938,68.9
2023-03-07,4596818,320137921,69.9,68.9,69.9,0.9,3193,4938,69.0
2023-03-08,3322353,231215524,69.9,69.2,69.8,-0.1,3341,4938,69.6
2023-03-09,3461150,241216632,70.0,69.4,69.8,0.0,2118,4938,70.0
2023-03-10,3806843,262410641,69.3,68.6,69.0,-0.8,3445,4938,69.0
2023-03-13,5184922,356864063,69.6,67.9,69.4,0.4,3078,4938,68.4
2023-03-14,5089318,350865881,69.4,67.9,69.0,-0.4,2823,4938,68.2
2023-03-15,11684261,782559381,68.7,66.4,66.6,-2.4,8581,4938,68.6
2023-03-16,4212622,282483355,67.4,66.0,67.4,0.8,2342,4938,66.5
2023-03-17,5624380,381887519,68.2,67.3,67.9,0.5,2058,4938,67.6
2023-03-20,1419711,96759762,68.6,67.8,68.4,0.5,1256,4938,68.5
2023-03-21,3505605,241971081,69.4,68.4,69.3,0.9,2365,4938,68.4
2023-03-22,2234953,154838715,69.5,68.8,69.4,0.1,1942,4938,69.3
2023-03-23,4295213,298763310,69.8,69.0,69.8,0.4,2777,4938,69.5
2023-03-24,3876535,270514101,69.9,69.5,69.9,0.1,2544,4938,69.9
2023-03-27,3632383,253878803,70.0,69.8,69.9,0.0,2292,4938,69.8
2023-03-28,3442003,239521586,69.9,69.2,69.5,-0.4,2956,4938,69.9
2023-03-29,4544315,317062493,69.9,69.5,69.9,0.4,2492,4938,69.8
2023-03-30,4557506,318046992,70.0,69.5,69.9,0.0,2749,4938,70.0
2023-03-31,7660201,535022290,70.2,69.6,69.7,-0.2,3285,4938,70.0
2023-04-06,6781256,476195084,70.5,69.6,70.5,0.8,3859,4938,69.7
2023-04-07,2312371,162807558,70.7,70.1,70.4,-0.1,1702,4938,70.6
2023-04-10,2231414,155718029,70.4,69.6,69.9,-0.5,3268,4938,70.4
2023-04-11,4951579,347408650,70.4,69.5,70.4,0.5,3314,4938,69.8
2023-04-12,5090916,359368450,70.8,70.1,70.6,0.2,2589,4938,70.3
2023-04-13,3138907,220853666,70.8,70.0,70.3,-0.3,2527,4938,70.8
2023-04-14,6728126,471986243,70.4,69.7,70.2,-0.1,3057,4938,70.3
2023-04-17,6327579,445410037,70.7,69.8,70.7,0.5,3185,4938,70.2
2023-04-18,1817457,127452682,70.5,70.0,70.1,-0.6,2613,4938,70.5
2023-04-19,4029376,282760015,70.4,69.8,70.2,0.1,2356,4938,70.4
2023-04-20,2717678,190370805,70.3,69.8,70.1,-0.1,1925,4938,70.2
2023-04-21,6829086,479676631,70.6,69.9,70.1,0.0,3865,4938,70.2
2023-04-24,6699981,467356224,70.0,69.4,69.7,-0.4,3871,4938,69.9
2023-04-25,8253680,572292941,70.1,68.8,69.0,-0.7,6195,4938,70.0
2023-04-26,8707692,606045345,69.9,68.8,69.7,0.7,5517,4938,69.0
2023-04-27,7515499,524460736,70.1,69.3,69.6,-0.1,4664,4938,69.9
2023-04-28,3196475,223476656,70.0,69.5,70.0,0.4,1411,4938,69.9
2023-05-02,3165950,222852475,70.6,69.9,70.5,0.5,2047,4938,70.0
2023-05-03,1526814,107048369,70.4,69.9,70.2,-0.3,2675,4938,70.2
2023-05-04,2340028,163959692,70.5,69.7,70.2,0.0,1386,4938,69.7
2023-05-05,981279,68737840,70.3,69.9,70.1,-0.1,801,4938,70.2
2023-05-08,1023170,71876167,70.5,70.1,70.3,0.2,981,4938,70.5
2023-05-09,1261537,88749725,70.5,70.0,70.5,0.2,910,4938,70.3
2023-05-10,1113794,78219327,70.4,70.0,70.4,-0.1,831,4938,70.3
2023-05-11,2924911,207240802,71.2,70.6,70.7,0.3,2006,4938,70.7
2023-05-12,4695614,327447890,70.7,69.0,69.7,-1.0,3630,4938,70.1
2023-05-15,2177776,152625634,70.4,69.4,70.2,0.5,1383,4938,69.6
2023-05-16,6504009,461866963,71.5,70.2,71.3,1.1,4124,4938,70.6
2023-05-17,9330899,671679280,72.4,71.2,72.3,1.0,5671,4938,71.4
2023-05-18,4771538,345499943,72.6,72.1,72.4,0.1,3253,4938,72.3
2023-05-19,7093660,517937739,73.4,72.3,73.2,0.8,4469,4938,72.3
2023-05-22,4549593,333442150,73.8,73.0,73.4,0.2,3103,4938,73.2
2023-05-23,4515311,329915795,73.5,72.7,73.1,-0.3,3799,4938,73.5
2023-05-24,3629047,265623122,73.5,72.6,73.5,0.4,2628,4938,73.2
2023-05-25,4141424,304563832,73.9,72.8,73.6,0.1,2893,4938,72.9
2023-05-26,8395783,622825698,74.7,73.4,74.5,0.9,5291,4938,73.6
2023-05-29,5167170,386039542,75.0,74.3,74.7,0.2,4670,4938,74.8
2023-05-30,6795417,509340541,75.2,74.6,75.0,0.3,5324,4938,75.0
2023-05-31,11427235,862023007,76.0,75.0,75.3,0.3,5264,4938,75.0
2023-06-01,5654900,426106010,75.9,74.7,75.7,0.4,4572,4938,75.3
2023-06-02,17329815,1332882133,78.0,75.5,77.1,1.4,11011,4938,75.7
2023-06-05,14561779,1137095788,78.7,77.1,78.0,0.9,11743,4938,78.3
2023-06-06,7374166,573893337,78.5,77.4,77.5,-0.5,7013,4938,78.0
2023-06-07,6694790,521954696,78.2,77.6,78.2,0.7,4876,4938,77.9
2023-06-08,9819866,764255164,78.3,77.1,77.4,-0.8,8544,4938,78.2
2023-06-09,8200881,640262011,78.4,77.5,78.1,0.7,4907,4938,77.9
2023-06-12,7759990,603912100,78.4,77.5,77.6,-0.5,6055,4938,78.1
2023-06-13,8122573,632797838,78.3,77.4,78.0,0.4,6654,4938,77.7
2023-06-14,6098134,475595350,78.2,77.6,78.0,0.0,4184,4938,78.0
2023-06-15,12799810,1014711384,79.7,78.1,79.4,1.4,8299,4938,78.1
2023-06-16,47029172,3750765428,81.0,79.3,79.3,-0.1,13185,4938,80.0
2023-06-19,11857179,918162551,79.3,76.6,77.1,-2.2,11317,4938,79.1
2023-06-20,6982471,534177828,77.0,76.1,76.4,-0.7,4902,4938,76.9
2023-06-21,5161831,397043372,77.4,76.3,77.0,0.6,3716,4938,76.9
2023-06-26,11063584,836757653,76.6,75.2,75.3,-1.7,5972,4938,76.6
2023-06-27,8198495,611938637,75.3,73.8,74.7,-0.6,4703,4938,75.0
2023-06-28,4908098,367938067,75.3,74.7,74.8,0.1,2967,4938,74.8
2023-06-29,9205920,694891630,75.9,74.9,75.1,0.3,3091,4938,75.8
2023-06-30,11482234,859821808,75.2,74.6,74.8,-0.3,4310,4938,74.9
2023-07-03,15136855,1149217927,76.3,74.9,76.0,1.2,6049,4938,75.1
2023-07-04,20073580,1472521579,74.3,72.1,72.2,0.0,6956,4938,74.3
2023-07-05,8334539,598136320,72.7,71.5,71.5,-0.7,5457,4938,72.4
2023-07-06,10341794,733973780,71.8,70.5,70.7,-0.8,6797,4938,71.5
2023-07-07,6153868,431946617,70.8,69.6,70.5,-0.2,3978,4938,70.5
2023-07-10,4412201,308880622,70.4,69.6,69.9,-0.6,3388,4938,70.3
2023-07-11,3760902,267286818,71.5,70.0,71.5,1.6,2665,4938,70.2
2023-07-12,6430103,462779678,72.4,71.4,72.1,0.6,4260,4938,71.5
2023-07-13,16340299,1220905544,75.9,72.6,74.2,2.1,10023,4938,72.9
2023-07-14,8957736,671006409,76.3,74.2,74.5,0.3,6653,4938,75.6
2023-07-17,32961445,2683570451,81.9,79.1,81.9,7.4,12779,4938,79.1
2023-07-18,125973283,10903329744,90.0,82.2,84.2,2.3,59444,4938,90.0
2023-07-19,58135934,4610218797,84.5,76.4,76.8,-7.4,34240,4938,84.1
2023-07-20,27358261,2097884684,78.4,75.3,76.1,-0.7,15834,4938,76.8
2023-07-21,21488753,1637855147,77.4,74.3,76.6,0.5,11313,4938,75.0
2023-07-24,28979878,2291099127,80.2,77.6,78.8,2.2,16399,4938,78.5
2023-07-25,26441635,2133295580,81.4,79.6,80.2,1.4,17953,4938,79.9
2023-07-26,12098030,954033729,80.5,78.3,78.8,-1.4,10957,4938,80.5
2023-07-27,11857049,922103232,79.5,77.2,77.5,-1.3,7583,4938,79.0
2023-07-28,8570956,669358496,78.7,76.6,78.7,1.2,5239,4938,77.0
2023-07-31,16334823,1257206897,79.5,75.8,76.4,-2.3,8611,4938,79.2
2023-08-01,6514432,495739215,76.9,75.4,76.2,-0.2,4023,4938,76.2
2023-08-02,10784728,819462573,77.2,75.0,75.8,-0.4,6199,4938,76.8
2023-08-04,8161308,621171398,77.0,74.6,76.7,0.9,5485,4938,75.0
2023-08-07,7815471,600563976,77.7,76.2,76.7,0.0,5235,4938,77.0
2023-08-08,8538806,660305651,78.0,76.4,77.5,0.8,5687,4938,77.1
2023-08-09,10665921,835706440,79.1,76.9,78.4,0.9,6256,4938,77.5
2023-08-10,15163142,1151873294,78.4,74.5,76.1,-2.3,10942,4938,78.4
2023-08-11,8551170,651396707,76.9,75.8,76.2,0.1,5113,4938,76.1
2023-08-14,8521379,640204274,75.7,74.2,75.5,-0.7,6193,4938,75.2
2023-08-15,8488880,649846597,77.3,75.8,76.6,1.1,5225,4938,75.8
2023-08-16,11258981,866017732,77.4,75.8,77.4,0.8,7033,4938,75.9
2023-08-17,11522672,883406066,77.3,75.9,77.3,-0.1,7831,4938,76.5
2023-08-18,12378249,956183610,78.3,76.5,76.9,-0.4,7763,4938,77.3
2023-08-21,10717630,824935536,77.7,76.3,76.7,-0.2,8647,4938,77.6
2023-08-22,12722246,987201937,78.2,76.8,77.8,1.1,7193,4938,77.5
2023-08-23,13166308,1033547774,78.8,77.5,78.7,0.9,9054,4938,78.1
2023-08-24,24191209,1928359276,80.4,78.6,80.1,1.4,14796,4938,79.8
2023-08-25,13180220,1042739881,79.9,77.7,78.9,-1.2,13299,4938,79.3
2023-08-28,6453839,509578860,79.6,78.5,78.7,-0.2,4999,4938,79.1
2023-08-29,6303986,492871217,79.0,77.6,78.3,-0.4,5274,4938,78.8
2023-08-30,5653905,444044500,79.2,78.2,78.5,0.2,3687,4938,78.6
2023-08-31,7124847,557113786,78.8,78.0,78.0,-0.5,3126,4938,78.8
2023-09-01,6056065,470818917,78.4,77.3,77.7,-0.3,4040,4938,78.0
2023-09-04,3461572,267308190,77.8,76.9,77.3,-0.4,2309,4938,77.6
2023-09-05,2827144,219002910,77.8,76.9,77.7,0.4,2056,4938,77.3
2023-09-06,5724218,446112969,78.4,77.5,77.8,0.1,3507,4938,77.6
2023-09-07,4736603,368617017,78.2,77.3,77.7,-0.1,3483,4938,77.5
2023-09-08,4894748,381262886,78.2,77.1,78.1,0.4,3115,4938,77.4
2023-09-11,9756187,736727246,77.9,74.8,74.9,-3.2,7341,4938,77.9
2023-09-12,7386683,565526007,77.3,75.1,76.7,1.8,4793,4938,75.1
2023-09-13,4239425,324797675,77.2,76.0,76.8,0.1,3599,4938,76.6
2023-09-14,4279053,332064563,77.9,77.0,77.5,0.7,3379,4938,77.0
2023-09-15,11235771,876041708,78.1,77.6,78.1,0.6,4242,4938,78.0
2023-09-18,4124953,319807721,77.8,77.2,77.3,-0.8,3585,4938,77.3
2023-09-19,4496626,349862011,78.4,77.2,77.2,-0.1,3137,4938,77.6
2023-09-20,5798629,449206048,78.0,77.0,77.0,-0.2,3972,4938,77.2
2023-09-21,4959030,379417063,77.3,76.0,76.5,-0.5,3473,4938,76.6
2023-09-22,2863258,219979345,77.3,76.0,77.0,0.5,2107,4938,76.0
2023-09-25,3253976,249121272,76.8,76.2,76.7,-0.3,2572,4938,76.6
2023-09-26,3508670,267060843,76.4,75.9,76.0,-0.7,2741,4938,76.2
2023-09-27,2643396,201130741,76.5,75.4,76.3,0.3,1801,4938,76.0
2023-09-28,4668991,357712609,77.2,76.1,76.6,0.3,2674,4938,76.3
2023-10-02,2983702,229182003,77.4,76.5,76.6,0.0,2403,4938,76.6
2023-10-03,4293010,332291929,77.8,76.4,77.4,0.8,3117,4938,76.4
2023-10-04,4729035,360120103,76.7,75.8,76.2,-1.2,4778,4938,76.4
2023-10-05,6173022,478080318,77.8,76.6,77.7,1.5,3492,4938,76.6
2023-10-06,4366370,339024024,78.0,77.2,77.6,-0.1,2683,4938,78.0
2023-10-11,8468143,663504332,79.0,77.8,78.1,0.5,4870,4938,78.5
2023-10-12,5154564,404959316,79.0,78.1,78.9,0.8,3359,4938,78.7
2023-10-13,4836357,378286784,78.9,77.6,77.9,-1.0,4508,4938,78.6
2023-10-16,4475431,348047572,78.2,77.3,77.6,-0.3,3320,4938,77.5
2023-10-17,9633165,747036640,79.6,76.5,77.0,-0.6,7279,4938,79.0
2023-10-18,7187065,551303912,77.5,76.3,76.9,-0.1,3658,4938,76.9
2023-10-19,5790102,443469316,77.6,76.0,76.6,-0.3,3329,4938,76.4
2023-10-20,5924465,448397926,76.6,75.1,76.0,-0.6,3722,4938,76.1
2023-10-23,3693888,278834970,76.0,75.2,75.4,-0.6,2479,4938,75.5
2023-10-24,3031025,231296010,76.9,75.4,76.8,1.4,2311,4938,75.6
2023-10-25,3249717,250130680,77.3,76.5,77.0,0.2,2498,4938,77.3
2023-10-26,4933595,377412818,76.9,76.0,76.4,-0.6,3214,4938,76.0
2023-10-27,5520408,424469136,77.8,76.1,76.6,0.2,2793,4938,77.1
2023-10-30,4140524,316991836,77.4,76.0,76.5,-0.1,3165,4938,77.0
2023-10-31,7420500,560835866,77.0,74.9,75.4,-1.1,3334,4938,77.0
2023-11-01,3969983,303868692,77.2,75.8,76.9,1.5,2920,4938,75.8
2023-11-02,3252072,251483352,77.8,77.0,77.2,0.3,2591,4938,77.5
2023-11-03,2704240,207643476,77.5,76.4,76.7,-0.5,3387,4938,77.3
2023-11-06,7324282,567993306,77.8,77.0,77.5,0.8,3875,4938,77.4
2023-11-07,3492596,271946037,78.0,77.3,78.0,0.5,2427,4938,77.5
2023-11-08,4672416,364062597,78.4,77.4,78.0,0.0,4180,4938,78.1
2023-11-09,5475793,427344325,78.3,77.6,78.0,0.0,3226,4938,78.2
2023-11-10,3665152,286135874,78.4,77.2,78.3,0.3,3164,4938,77.8
2023-11-13,5546423,431327562,78.7,77.2,77.9,-0.4,4594,4938,78.5
2023-11-14,12393108,980463148,79.5,78.2,79.5,1.6,7049,4938,78.3
2023-11-15,8835725,706921395,81.0,79.5,80.0,0.5,5609,4938,80.4
2023-11-16,5355462,427383515,80.3,79.5,80.0,0.0,3782,4938,80.0
2023-11-17,12537443,1008437462,80.8,79.8,80.8,0.8,6536,4938,80.0
2023-11-20,6729395,544410316,81.5,80.5,81.1,0.3,4593,4938,81.3
2023-11-21,9292840,759345672,82.0,81.1,81.9,0.8,6294,4938,81.3
2023-11-22,3463298,280829821,82.0,80.7,81.0,-0.9,3183,4938,82.0
2023-11-23,3376412,273303927,81.4,80.5,81.1,0.1,2511,4938,80.8
2023-11-24,1802988,145833168,81.3,80.7,80.8,-0.3,1569,4938,81.3
2023-11-27,3845293,310863063,81.2,80.7,80.8,0.0,2631,4938,80.8
2023-11-28,5175622,418638966,81.3,80.3,81.1,0.3,3214,4938,81.0
2023-11-29,7057835,576043992,82.0,80.8,81.7,0.6,4567,4938,81.0
2023-11-30,9085316,736877687,81.6,80.6,81.2,-0.5,3730,4938,81.3
2023-12-01,2571608,208601483,81.4,80.5,81.3,0.1,2024,4938,80.5
2023-12-04,3804860,307686608,81.6,80.5,80.9,-0.4,4414,4938,81.2
2023-12-05,4994542,400580841,80.8,79.5,80.8,-0.1,4865,4938,80.5
2023-12-06,4555948,369513848,81.3,80.7,81.3,0.5,2988,4938,80.9
2023-12-07,3134513,255047487,81.8,80.9,81.1,-0.2,2357,4938,81.3
2023-12-08,3296702,268730176,81.7,81.2,81.7,0.6,2219,4938,81.5
2023-12-11,5679836,467049312,82.5,81.7,82.5,0.8,3775,4938,81.8
2023-12-12,6227761,516866334,83.4,82.6,83.1,0.6,3941,4938,82.9
2023-12-13,11766012,989917293,84.8,83.0,84.8,1.7,8974,4938,83.2
2023-12-14,9518533,811491943,85.6,84.2,85.5,0.7,6744,4938,85.1
2023-12-15,9247575,783888663,85.9,84.5,84.5,-1.0,4915,4938,85.7
2023-12-18,13396423,1140831535,85.5,83.3,85.5,1.0,7152,4938,84.6
2023-12-19,10364928,879620809,85.3,84.2,85.0,-0.5,6995,4938,85.3
2023-12-20,16565834,1423973033,86.5,85.0,86.5,1.5,10205,4938,85.2
2023-12-21,12211112,1042603400,85.9,84.8,85.9,-0.6,9978,4938,85.5
2023-12-22,9742872,832439780,85.8,84.8,85.8,-0.1,4756,4938,85.6
2023-12-25,6270830,542369308,86.8,85.5,86.8,1.0,4153,4938,85.8
2023-12-26,8885783,777577868,88.0,86.5,88.0,1.2,7740,4938,87.1
2023-12-27,16070338,1434372557,89.9,88.1,89.5,1.5,10333,4938,88.2
2023-12-28,7163794,635538905,90.0,87.7,88.2,-1.3,10752,4938,89.9
2023-12-29,11033619,954372282,87.8,84.3,87.3,-0.9,10515,4938,86.2
2024-01-02,6080694,528917056,87.7,86.3,87.4,0.1,4773,4938,87.4
2024-01-03,8186461,702257199,86.6,85.3,85.9,-1.5,13530,4938,86.3
2024-01-04,8978205,760308346,85.5,84.1,84.6,-1.3,10851,4938,85.5
2024-01-05,5609314,471645451,84.9,83.8,83.9,-0.7,8880,4938,84.9
2024-01-08,6588282,553504768,84.8,83.6,83.9,0.0,8417,4938,84.2
2024-01-09,4516201,379179664,84.8,83.7,83.8,-0.1,3539,4938,84.7
2024-01-10,5145625,427319881,83.8,82.5,82.9,-0.9,7722,4938,83.6
2024-01-11,11125316,918096219,83.4,81.9,82.5,-0.4,5179,4938,82.6
2024-01-12,4308175,357237123,83.2,82.3,83.0,0.5,2710,4938,82.5
2024-01-15,5890411,487659314,83.9,82.4,82.4,-0.6,3383,4938,83.8
2024-01-16,7785462,637353860,82.4,81.3,81.8,-0.6,4131,4938,82.0
2024-01-17,9434734,764703085,81.8,80.3,80.8,-1.0,5962,4938,81.3
2024-01-18,3520410,284236972,81.1,80.4,80.7,-0.1,2034,4938,80.9
2024-01-19,4737858,388224779,82.6,80.5,82.6,1.9,2572,4938,80.5
2024-01-22,4461108,371858603,84.0,82.7,83.0,0.4,3396,4938,83.5
2024-01-23,9028436,744697769,83.6,81.9,83.5,0.5,5521,4938,83.2
2024-01-24,22511965,1936280858,88.1,84.8,86.1,2.6,12702,4938,87.2
2024-01-25,6879163,583720615,86.4,84.0,84.2,-1.9,6187,4938,86.3
2024-01-26,5557364,463477473,84.3,83.0,83.3,-0.9,4151,4938,84.2
2024-01-29,4444860,373807216,84.7,82.9,84.2,0.9,2667,4938,83.2
2024-01-30,6046755,507258227,84.7,83.4,83.8,-0.4,4028,4938,84.7
2024-01-31,7955660,658620669,83.5,82.4,82.7,-1.1,3266,4938,83.5
2024-02-01,6052662,506244644,84.1,82.9,84.1,1.4,3563,4938,83.1
2024-02-02,3486009,293402331,84.5,83.5,84.3,0.2,2658,4938,84.2
2024-02-05,3797482,320139401,84.9,83.2,84.5,0.2,3041,4938,83.2
2024-02-15,7848657,658259409,86.0,83.2,83.7,-0.8,5871,4938,86.0
2024-02-16,5784821,488307114,84.9,83.4,84.7,1.0,3682,4938,83.9
2024-02-19,3305632,279592256,85.3,83.6,84.8,0.1,2684,4938,85.2
2024-02-20,4824628,410764149,85.6,84.5,85.5,0.7,2783,4938,84.8
2024-02-21,4796786,411175149,86.0,85.2,85.9,0.4,3251,4938,85.5
2024-02-22,7809182,675180493,86.9,85.7,86.6,0.7,5199,4938,85.8
2024-02-23,5822877,504792691,87.2,85.8,85.9,-0.7,5210,4938,86.7
2024-02-26,3555004,304108311,86.1,85.1,85.6,-0.3,4225,4938,85.6
2024-02-27,4932029,417106044,85.8,83.9,84.3,-1.3,8435,4938,85.4
2024-02-29,7144380,608804782,85.8,83.8,85.5,1.2,3609,4938,84.3
2024-03-01,6009476,513710514,86.7,84.7,84.9,-0.6,6299,4938,85.5
2024-03-04,5267968,452470091,86.4,85.0,86.0,1.1,3023,4938,85.0
2024-03-05,4714627,406171819,86.6,85.4,86.5,0.5,3922,4938,85.6
2024-03-06,5114740,439996935,86.5,85.5,86.5,0.0,5461,4938,86.4
2024-03-07,6505938,556170125,86.0,85.1,85.4,-1.1,7619,4938,85.5
2024-03-08,6982452,597868458,86.3,85.2,85.3,-0.1,4054,4938,85.2
2024-03-11,5328457,453823327,85.9,84.7,85.1,-0.2,3697,4938,85.0
2024-03-12,9166683,794429041,87.8,85.1,87.5,2.4,5089,4938,85.1
2024-03-13,23993205,2153227697,90.5,87.9,89.9,2.4,14127,4938,88.1
2024-03-14,11745168,1038888313,90.0,87.0,88.6,-1.3,12737,4938,89.9
2024-03-15,15273928,1358874685,90.0,87.5,89.1,0.5,8936,4938,89.0
2024-03-18,15957478,1435869200,91.0,88.5,91.0,1.9,8542,4938,88.7
2024-03-19,64514743,6253173232,100.0,91.4,100.0,9.0,45182,4938,91.5
2024-03-20,85511573,8971372108,109.5,101.5,103.5,3.5,61819,4938,104.5
2024-03-21,45342054,4663643835,104.5,100.5,104.5,1.0,22539,4938,104.5
2024-03-22,28473029,2911126989,104.0,101.0,102.0,-2.5,13722,4938,104.0
2024-03-25,22551514,2287423414,104.0,100.0,101.5,-0.5,11274,4938,103.0
2024-03-26,32388390,3173447376,102.0,95.3,97.8,-3.7,21177,4938,101.5
2024-03-27,13581651,1324900450,98.6,96.5,98.4,0.6,9886,4938,97.7
2024-03-28,29098742,2894149385,101.5,97.1,99.7,1.3,21547,4938,98.7
2024-03-29,36994373,3735178793,103.0,98.5,102.0,2.3,17403,4938,100.0
2024-04-01,17302847,1712722673,101.5,97.5,97.5,-4.5,14755,4938,101.5
2024-04-02,10447112,1029383182,99.5,97.9,98.3,0.8,6388,4938,97.9
2024-04-03,10525995,1029583238,98.8,97.2,97.4,-0.9,8167,4938,98.0
2024-04-08,19609802,1970172827,102.0,98.0,101.0,3.6,10666,4938,99.1
2024-04-09,11091713,1118941082,102.0,100.0,100.5,-0.5,6438,4938,101.0
2024-04-10,13261418,1345826588,103.0,100.0,101.0,0.5,8144,4938,101.0
2024-04-11,8141838,818472228,102.0,99.1,101.5,0.5,6108,4938,100.5
2024-04-12,13980428,1384805512,100.5,98.3,98.3,-3.2,10077,4938,100.5
2024-04-15,13637460,1353845973,100.5,97.9,98.7,0.4,6836,4938,98.0
2024-04-16,18724483,1803542121,98.5,95.0,95.4,-3.3,12670,4938,98.4
2024-04-17,9450797,910274577,96.8,95.2,96.4,1.0,7070,4938,95.4
2024-04-18,8768553,847282158,97.2,95.8,96.6,0.2,5420,4938,95.8
2024-04-19,16545084,1566760717,96.0,92.6,94.8,-1.8,9583,4938,95.3
2024-04-22,7592009,718222566,95.4,93.6,94.5,-0.3,5682,4938,94.8
2024-04-23,5024133,477304965,96.3,94.4,94.7,0.2,4135,4938,96.1
2024-04-24,4930774,475018917,97.1,95.0,96.7,2.0,4777,4938,95.0
2024-04-25,6357236,603763254,96.3,94.5,94.7,-2.0,5035,4938,96.1
2024-04-26,6214369,603290502,97.9,95.1,97.0,2.3,4537,4938,95.2
2024-04-29,5612816,551973408,98.8,97.1,98.5,1.5,5627,4938,97.3
2024-04-30,8712625,851394218,98.6,97.0,97.7,-0.8,6043,4938,97.6
2024-05-02,10654555,1024114725,97.0,95.1,96.4,-1.3,6651,4938,96.3
2024-05-03,7961108,778391998,98.8,96.8,97.1,0.7,5212,4938,97.4
2024-05-06,10641691,1061327311,100.5,98.2,99.6,2.5,9324,4938,98.3
2024-05-07,7031652,700420649,101.0,98.6,99.8,0.2,5558,4938,100.5
2024-05-08,5067215,505159448,100.0,99.2,99.7,-0.1,3694,4938,99.5
2024-05-09,6310964,624202865,99.8,98.3,98.8,-0.9,4658,4938,99.7
2024-05-10,9257842,920233894,100.0,98.6,99.5,0.7,4934,4938,98.8
2024-05-13,4336023,430982036,100.5,98.8,99.4,-0.1,5843,4938,99.9
2024-05-14,16492472,1677456726,104.0,100.5,101.0,1.6,11226,4938,101.0
2024-05-15,8531774,863294042,102.5,100.0,100.5,-0.5,7675,4938,102.0
2024-05-16,8733839,884649775,101.5,100.5,101.5,1.0,5568,4938,101.0
2024-05-17,13169570,1353371134,103.5,101.5,103.5,2.0,7575,4938,101.5
2024-05-20,12173116,1266307739,105.0,102.5,104.5,1.0,9008,4938,104.0
2024-05-21,13447106,1399899017,105.5,102.0,104.5,0.0,7505,4938,104.5
2024-05-22,15135135,1615856782,107.5,105.0,107.0,2.5,9161,4938,105.0
2024-05-23,14351632,1524685423,107.5,104.5,106.5,-0.5,8033,4938,107.5
2024-05-24,10302705,1092598578,107.5,104.5,106.0,-0.5,4862,4938,106.0
2024-05-27,11631465,1236281463,107.5,105.0,106.5,0.5,9005,4938,106.0
2024-05-28,7688193,808981859,106.5,104.5,105.0,-1.5,5441,4938,106.0
2024-05-29,13045213,1362402801,105.5,103.0,104.5,-0.5,6114,4938,105.0
2024-05-30,10161718,1053528233,105.0,103.0,103.5,-1.0,5797,4938,103.5
2024-05-31,17524866,1852196536,106.5,104.0,106.0,2.5,5388,4938,104.5
2024-06-03,25507081,2856558864,116.0,110.0,111.5,5.5,15978,4938,110.0
2024-06-04,16539376,1844141285,113.0,110.0,111.0,-0.5,13147,4938,112.5
2024-06-05,13639327,1522306290,113.0,110.0,111.0,0.0,7851,4938,111.0
2024-06-06,10230483,1150352410,114.5,111.5,111.5,0.5,5627,4938,112.5
2024-06-07,7358648,822520168,112.5,111.0,111.5,0.0,4641,4938,111.5
2024-06-11,10678158,1200671331,114.0,111.0,112.0,0.5,5810,4938,111.0
2024-06-12,7585191,850593236,113.0,111.0,112.5,0.5,3799,4938,111.5
2024-06-13,16187291,1875974845,118.0,113.0,116.5,4.0,10126,4938,114.0
2024-06-14,9878753,1147014636,117.5,115.0,115.5,-1.0,5421,4938,116.5
2024-06-17,6839918,791857842,116.5,114.5,116.5,1.0,3281,4938,116.0
2024-06-18,9415639,1099112780,118.0,115.5,116.5,0.0,4566,4938,117.0
2024-06-19,12555050,1455663475,117.0,114.5,116.5,0.0,6689,4938,116.5
2024-06-20,13204731,1585586560,122.0,116.5,120.0,3.5,8649,4938,117.0
2024-06-21,13072086,1557098880,120.5,118.0,119.0,-1.0,4506,4938,120.0
2024-06-24,10289606,1205690031,118.5,116.0,117.0,-2.0,6337,4938,118.5
2024-06-25,15194662,1755113495,117.0,114.0,116.0,-1.0,6022,4938,117.0
2024-06-26,20949970,2397932113,116.5,113.0,114.5,-1.5,9005,4938,115.0
2024-06-27,46260522,4789517716,106.5,102.0,102.5,0.0,21843,4938,105.0
2024-06-28,26538885,2762221744,105.5,102.5,104.5,2.0,11414,4938,104.0
2024-07-01,18350696,1923535813,106.0,104.0,104.0,-0.5,7187,4938,105.5
2024-07-02,15156750,1567885203,104.5,102.5,103.5,-0.5,6513,4938,104.0
2024-07-03,18300714,1883847057,105.0,102.0,103.0,-0.5,7976,4938,105.0
2024-07-04,17458882,1845962359,107.0,103.5,106.5,3.5,7434,4938,104.0
2024-07-05,7727871,807335730,107.0,103.5,103.5,-3.0,4752,4938,107.0
2024-07-08,9285060,982054830,107.0,103.5,106.0,2.5,5296,4938,103.5
2024-07-09,8063266,846925730,106.5,104.0,104.5,-1.5,4236,4938,106.0
2024-07-10,5259520,555390660,106.5,104.5,105.5,1.0,2653,4938,105.0
2024-07-11,6260106,659409638,106.0,104.0,105.5,0.0,3926,4938,104.5
2024-07-12,9138492,975325493,107.5,104.5,107.0,1.5,4751,4938,105.5
2024-07-15,7455343,790768886,108.0,105.5,106.0,-1.0,3853,4938,108.0
2024-07-16,6843133,729262372,107.0,106.0,106.5,0.5,3842,4938,107.0
2024-07-17,8446919,904798101,108.0,106.0,107.0,0.5,4222,4938,107.0
2024-07-18,10713062,1140962699,107.5,104.5,106.5,-0.5,4811,4938,106.5
2024-07-19,12449734,1312754782,107.0,103.5,106.0,-0.5,4653,4938,106.0
2024-07-22,11273632,1171619127,106.0,102.5,103.5,-2.5,4791,4938,105.5
2024-07-23,5510151,577696918,105.5,104.0,105.0,1.5,2874,4938,105.0
2024-07-26,9267182,961631921,105.0,101.5,104.5,-0.5,3765,4938,102.5
2024-07-29,5180793,539485700,106.0,103.5,104.0,-0.5,2707,4938,105.5
2024-07-30,11344365,1142209561,103.0,98.4,102.0,-2.0,6148,4938,103.0
2024-07-31,9560115,962393524,102.0,100.0,100.5,-1.5,4167,4938,101.0
2024-08-01,8798283,908834568,104.5,101.5,104.5,4.0,3689,4938,102.0
2024-08-02,11342018,1160756741,103.5,100.0,103.0,-1.5,4544,4938,101.0
2024-08-05,13843093,1303225586,99.3,92.7,93.6,-9.4,8252,4938,99.3
2024-08-06,11974694,1107441033,95.1,89.3,93.0,-0.6,7493,4938,94.3
2024-08-07,4162293,397551030,97.2,92.4,96.2,3.2,3783,4938,92.5
2024-08-08,6153704,588353550,97.1,93.7,95.8,-0.4,3956,4938,94.0
2024-08-09,7405248,729441590,99.7,96.4,99.5,3.7,4473,4938,97.0
2024-08-12,5818303,590335283,102.5,100.0,102.0,2.5,3653,4938,100.0
2024-08-13,4415335,452301330,104.0,101.5,102.5,0.5,3047,4938,103.0
2024-08-14,6403857,661556530,104.0,102.0,103.5,1.0,3241,4938,103.5
2024-08-15,5029911,519135541,104.5,102.0,102.5,-1.0,2363,4938,104.0
2024-08-16,6423972,666180412,104.0,102.5,104.0,1.5,2662,4938,104.0
2024-08-19,3582858,372577912,105.0,103.0,104.0,0.0,1793,4938,104.5
2024-08-20,4405568,463271364,106.0,104.5,105.0,1.0,2643,4938,105.5
2024-08-21,6068077,635702287,105.5,104.0,105.0,0.0,2652,4938,105.0
2024-08-22,5597097,581010195,105.5,103.0,104.0,-1.0,1976,4938,105.0
2024-08-23,2205754,228693317,104.0,102.5,104.0,0.0,1186,4938,103.0
2024-08-26,3018091,315133950,105.5,103.5,104.5,0.5,1588,4938,104.0
2024-08-27,3101212,321504865,104.5,103.0,104.0,-0.5,1503,4938,103.5
2024-08-28,2229612,231112874,104.5,103.0,104.0,0.0,1440,4938,104.0
2024-08-29,4055151,417464364,103.5,102.5,103.0,-1.0,2389,4938,103.0
2024-08-30,8077695,829222477,104.0,102.0,102.5,-0.5,2624,4938,103.0
2024-09-02,3942667,409376326,104.5,102.5,103.5,1.0,2109,4938,103.0
2024-09-03,4539727,474889345,106.0,103.5,104.0,0.5,2463,4938,104.5
2024-09-04,12331874,1221989678,101.0,96.4,98.5,-5.5,7175,4938,98.8
2024-09-05,4911654,493312703,102.0,99.5,99.9,1.4,2749,4938,100.5
2024-09-06,4560496,455971758,101.0,99.0,100.0,0.1,2135,4938,99.5
2024-09-09,4500945,444968284,100.5,96.0,100.0,0.0,2487,4938,96.0
2024-09-10,3769979,374792928,101.0,98.8,98.8,-1.2,2725,4938,100.5
2024-09-11,3808748,380215481,100.0,99.0,100.0,1.2,1930,4938,99.4
2024-09-12,5570283,561954343,102.0,99.8,100.5,0.5,3339,4938,102.0
2024-09-13,5187036,521298430,101.5,99.6,101.0,0.5,2055,4938,100.5
2024-09-16,3259601,330585010,102.0,100.5,101.5,0.5,1660,4938,100.5
2024-09-18,8539405,857516396,103.0,101.0,103.0,1.5,3005,4938,101.0
2024-09-19,7939455,811457856,105.0,102.0,103.5,0.5,2755,4938,102.5
2024-09-20,10163480,1041729576,105.0,102.5,103.0,-0.5,2968,4938,103.5
2024-09-23,5307448,545230649,103.5,102.0,102.5,-0.5,2187,4938,103.5
2024-09-24,6317667,649312602,103.5,101.5,103.0,0.5,2565,4938,102.0
2024-09-25,8129989,840769709,104.0,103.0,103.0,0.0,3466,4938,103.5
2024-09-26,6849304,709473178,104.5,102.5,103.0,0.0,3539,4938,103.5
2024-09-27,4801969,498774705,104.5,103.0,104.0,1.0,2206,4938,104.0
2024-09-30,3872698,400987179,104.5,103.0,103.0,-1.0,1812,4938,104.0
2024-10-01,4516540,468994091,104.5,102.5,104.5,1.5,2035,4938,103.5
2024-10-04,5747508,587725960,104.0,101.5,102.0,-2.5,3446,4938,103.0
2024-10-07,4827237,491555173,102.5,101.0,102.5,0.5,2854,4938,102.5
2024-10-08,6444848,644319589,101.5,99.6,99.8,-2.7,3407,4938,101.0
2024-10-09,4517070,454847660,101.5,100.0,100.5,0.7,2543,4938,101.0
2024-10-11,3743571,380603642,102.5,100.5,102.5,2.0,2325,4938,100.5
2024-10-14,3026144,307295687,103.0,100.5,102.0,-0.5,1729,4938,102.5
2024-10-15,7197950,747900467,105.0,102.0,104.0,2.0,3975,4938,102.5
2024-10-16,5514023,573194517,104.5,102.5,104.5,0.5,3037,4938,102.5
2024-10-17,3838341,401074858,105.0,104.0,105.0,0.5,2593,4938,104.0
2024-10-18,4251837,444691330,106.0,104.0,104.0,-1.0,2472,4938,105.0
2024-10-21,4049044,421650057,105.0,103.5,104.0,0.0,2468,4938,105.0
2024-10-22,6021522,635810948,106.0,104.0,106.0,2.0,3674,4938,105.0
2024-10-23,4483587,464918112,105.5,103.0,103.0,-3.0,2880,4938,105.5
2024-10-24,5530552,571633728,104.5,102.5,103.0,0.0,2573,4938,102.5
2024-10-25,2333147,240582061,104.0,102.5,103.0,0.0,1691,4938,103.5
2024-10-28,2843734,292169491,104.0,102.0,102.5,-0.5,1926,4938,103.5
2024-10-29,4200791,424352278,102.0,100.5,101.0,-1.5,2526,4938,102.0
2024-10-30,6102157,608884502,101.5,99.0,99.0,-2.0,2811,4938,101.0
2024-11-01,7859861,785392431,100.5,98.0,100.0,1.0,3186,4938,99.0
2024-11-04,3009441,300202737,101.0,99.2,99.8,-0.2,2412,4938,100.0
2024-11-05,3911770,392245168,101.0,99.8,100.5,0.7,1906,4938,99.9
2024-11-06,4575148,459168037,101.5,99.9,100.0,-0.5,2201,4938,100.5
2024-11-07,4337719,438323465,102.0,99.0,101.0,1.0,2407,4938,99.2
2024-11-08,5030830,505550976,102.0,99.8,99.8,-1.2,2665,4938,101.0
2024-11-11,8145332,812241261,100.5,98.8,100.0,0.2,3771,4938,100.0
2024-11-12,6332473,628760045,99.9,98.5,99.3,-0.7,2973,4938,99.1
2024-11-13,6724316,662420091,99.4,97.6,98.7,-0.6,3804,4938,98.0
2024-11-14,17490525,1660471553,99.1,93.5,94.4,-4.3,10885,4938,98.5
2024-11-15,8429991,812856299,97.4,95.6,96.7,2.3,4579,4938,96.4
2024-11-18,10065494,986315285,98.7,96.7,97.6,0.9,6456,4938,96.7
2024-11-19,9583742,938730933,98.6,97.0,97.8,0.2,5765,4938,98.5
2024-11-20,8487524,824372889,98.6,96.0,96.0,-1.8,5861,4938,97.7
2024-11-21,6526959,626281757,96.7,95.3,95.9,-0.1,2852,4938,96.0
2024-11-22,5305739,518168541,98.4,96.8,97.6,1.7,2929,4938,97.0
2024-11-25,7138034,698105955,98.9,97.5,97.5,-0.1,2185,4938,98.5
2024-11-26,2686328,262383400,98.3,97.0,97.5,0.0,1755,4938,97.5
2024-11-27,5415274,517456795,97.3,94.7,94.7,-2.8,3657,4938,96.9
2024-11-28,3187851,303575473,96.0,94.7,95.1,0.4,2165,4938,95.3
2024-11-29,3776480,356960064,95.3,93.7,94.3,-0.8,1866,4938,94.5
2024-12-02,2583212,246067561,96.1,94.8,94.8,0.5,1806,4938,95.1
2024-12-03,8659653,813757679,95.8,93.3,93.7,-1.1,6160,4938,95.2
2024-12-04,8676104,810729904,94.7,92.4,94.7,1.0,4372,4938,93.5
2024-12-05,6196087,582572027,94.7,93.7,93.8,-0.9,3166,4938,93.9
2024-12-06,4954606,467187566,94.9,94.0,94.1,0.3,3258,4938,94.6
2024-12-09,7819682,754221634,97.5,94.3,97.3,3.2,4184,4938,94.7
2024-12-10,6186052,596421948,97.5,95.9,96.0,-1.3,3684,4938,97.3
2024-12-11,4316446,415145704,97.0,95.5,95.7,-0.3,2571,4938,96.0
2024-12-12,4183297,403484600,96.8,95.6,96.4,0.7,2629,4938,95.7
2024-12-13,3601955,342657154,96.4,94.5,95.2,-1.2,2300,4938,96.0
2024-12-16,6463485,603765455,95.6,92.5,92.7,-2.5,3665,4938,95.6
2024-12-17,7049185,651198039,93.8,91.9,92.3,-0.4,4121,4938,92.7
2024-12-18,6774159,620416149,92.2,91.0,91.7,-0.6,4184,4938,91.2
2024-12-19,6406867,581449903,91.2,89.5,91.2,-0.5,3912,4938,90.0
2024-12-20,10706033,970106484,91.6,90.0,90.3,-0.9,3380,4938,90.0
2024-12-23,6302900,588357394,93.8,91.9,93.5,3.2,3333,4938,92.0
2024-12-24,4213098,390157576,94.4,92.0,92.4,-1.1,2563,4938,94.0
2024-12-25,2750930,255189667,93.2,92.3,92.8,0.4,1466,4938,92.9
2024-12-26,2344436,219280219,93.8,92.9,93.8,1.0,1581,4938,93.5
2024-12-27,2388131,222650678,93.8,92.7,93.0,-0.8,1618,4938,93.4
2024-12-30,10323798,951959761,94.0,91.7,92.0,-1.0,4823,4938,93.4
2024-12-31,12511111,1142495739,92.7,90.5,91.9,-0.1,6244,4938,92.1
2025-01-02,9789215,886750712,92.4,89.2,89.2,-2.7,4825,4938,91.8
2025-01-03,4905663,448561905,92.2,90.0,91.8,2.6,2979,4938,90.0
2025-01-06,6230089,580791638,94.1,92.7,93.0,1.2,4184,4938,93.8
2025-01-07,10729236,1021595029,97.4,93.6,95.1,2.1,6977,4938,93.9
2025-01-08,9118044,868126368,96.0,94.3,94.8,-0.3,6338,4938,95.6
2025-01-09,5569727,526348291,95.8,93.4,93.7,-1.1,4222,4938,95.4
2025-01-10,4059735,376522881,94.0,91.9,91.9,-1.8,2709,4938,92.9
2025-01-13,5937558,544651891,92.7,90.6,91.9,0.0,3699,4938,92.0
2025-01-14,5301314,494856736,93.9,92.0,93.9,2.0,3789,4938,92.5
2025-01-15,4610994,431967672,94.6,93.3,93.5,-0.4,3401,4938,94.5
2025-01-16,5698280,536584492,95.2,93.5,93.6,0.1,4263,4938,94.7
2025-01-17,8507771,798108824,94.4,93.2,93.8,0.2,4623,4938,93.5
2025-01-20,3101857,294402311,95.4,94.1,95.1,1.3,2916,4938,94.2
2025-01-21,3401434,324102259,95.7,94.8,95.3,0.2,3439,4938,95.3
2025-01-22,5903392,568535513,96.7,95.6,96.7,1.4,3330,4938,96.0
2025-02-03,8863190,856753058,97.4,94.7,97.4,0.7,6279,4938,95.0
2025-02-04,6421653,610987709,97.5,93.6,94.0,-3.4,13091,4938,97.5
2025-02-05,4408166,421994529,96.3,94.8,96.0,2.0,4620,4938,95.0
2025-02-06,2548468,245834798,96.7,95.6,96.7,0.7,2507,4938,96.1
2025-02-07,2719683,262464222,96.9,96.1,96.5,-0.2,3336,4938,96.3
2025-02-10,4580638,442679701,97.2,95.1,96.6,0.1,3613,4938,96.2
2025-02-11,5112676,499208062,98.7,96.9,97.2,0.6,4572,4938,97.2
2025-02-12,3581539,348783445,98.0,97.0,97.2,0.0,3585,4938,97.6
2025-02-13,3970877,387773662,98.3,97.0,97.5,0.3,3630,4938,97.7
2025-02-14,3406271,330111321,97.7,96.6,96.6,-0.9,2679,4938,97.2
2025-02-17,4813260,467755525,97.7,96.2,97.1,0.5,4621,4938,97.2
2025-02-18,4619535,449882718,97.9,97.0,97.2,0.1,3143,4938,97.0
2025-02-19,4969346,488297671,98.7,97.5,98.2,1.0,3904,4938,97.6
2025-02-20,5077430,498854415,99.0,97.6,97.8,-0.4,4421,4938,98.2
2025-02-21,5656418,554549934,98.7,97.6,97.7,-0.1,5459,4938,98.0
2025-02-24,3572832,347106184,97.7,96.9,96.9,-0.8,2889,4938,97.0
2025-02-25,6110413,589900248,97.2,95.9,96.3,-0.6,3428,4938,95.9
2025-02-26,5280321,510019202,97.2,95.5,96.9,0.6,4281,4938,95.9
2025-02-27,8563449,817899538,97.3,95.0,95.0,-1.9,4485,4938,96.9
2025-03-03,5068246,481754056,95.5,94.5,95.1,0.1,3327,4938,94.9
2025-03-04,6488998,615356428,96.0,93.6,94.7,-0.4,3736,4938,94.5
2025-03-05,4409324,418212969,95.7,94.1,94.8,0.1,2637,4938,95.1
2025-03-06,4205962,395220434,95.6,92.6,92.6,-2.2,3020,4938,95.5
2025-03-07,5444356,510605733,95.1,93.1,93.6,1.0,3515,4938,93.5
2025-03-10,3435727,320896711,94.0,93.0,93.0,-0.6,2521,4938,93.6
2025-03-11,5435698,503306771,93.3,91.4,92.7,-0.3,3665,4938,91.8
2025-03-12,3075588,286594272,93.8,92.9,93.1,0.4,2418,4938,93.0
2025-03-13,2524083,235610604,94.3,92.7,92.7,-0.4,1676,4938,93.6
2025-03-14,9585053,878158577,94.8,90.8,91.0,-1.7,5823,4938,93.9
2025-03-17,4277407,393940446,92.7,91.5,91.8,0.8,2864,4938,91.5
2025-03-18,3492600,321837931,93.2,91.6,91.6,-0.2,2379,4938,92.6
2025-03-19,4606857,420991415,92.8,90.6,90.6,-1.0,3215,4938,92.8
2025-03-20,4778177,437342948,92.0,90.9,91.8,1.2,3181,4938,91.6
2025-03-21,11308427,1037701835,92.2,91.1,91.8,0.0,3066,4938,91.9
2025-03-24,4133128,379313158,92.3,91.5,91.5,-0.3,2149,4938,92.0
2025-03-25,6010023,546400659,92.3,90.5,90.5,-1.0,4010,4938,92.0
2025-03-26,3548404,323092572,91.3,90.7,91.1,0.6,1907,4938,91.2
2025-03-27,5173035,466412106,91.0,89.8,90.0,-1.1,3165,4938,91.0
2025-03-28,6181700,547301841,90.0,87.8,88.0,-2.0,5217,4938,90.0
2025-03-31,8975025,765938857,87.4,83.9,83.9,-4.1,4996,4938,85.8
2025-04-01,5012734,434670945,87.7,85.2,87.4,3.5,3171,4938,85.4
2025-04-02,6085673,529997204,88.0,86.6,86.8,-0.6,3366,4938,87.2
2025-04-07,1900088,148586643,78.2,78.2,78.2,-8.6,1627,4938,78.2
2025-04-08,16831580,1232470804,75.7,71.8,73.9,-4.3,7706,4938,72.0
2025-04-09,13025326,922110566,73.8,68.5,68.7,-5.2,8165,4938,71.0
2025-04-10,2015515,152171357,75.5,75.5,75.5,6.8,1053,4938,75.5
2025-04-11,6784268,522675570,78.6,73.0,78.1,2.6,4442,4938,75.5
2025-04-14,11304774,886098163,80.8,77.6,78.0,-0.1,6962,4938,78.0
2025-04-15,9191663,722058840,79.4,77.5,78.4,0.4,4369,4938,77.8
2025-04-16,5911894,469981497,80.4,77.9,78.9,0.5,3847,4938,78.0
2025-04-17,3209958,253451157,79.8,78.4,78.7,-0.2,3451,4938,79.1
2025-04-18,5342969,422911587,79.8,78.0,79.1,0.4,3308,4938,78.0
2025-04-21,6059038,478943994,79.8,78.5,78.7,-0.4,4227,4938,79.5
2025-04-22,7281057,565303367,78.6,77.1,77.1,-1.6,4401,4938,78.5
2025-04-23,5820901,462185392,79.8,78.5,79.6,2.5,3168,4938,78.6
2025-04-24,5352529,425091324,79.9,78.9,79.3,-0.3,2858,4938,79.4
2025-04-25,3603991,291198865,81.2,80.0,80.6,1.3,2438,4938,80.8
2025-04-28,3468338,286123869,83.1,80.7,82.4,1.8,3017,4938,80.7
2025-04-29,4859376,400650119,83.3,81.8,81.9,-0.5,3314,4938,82.4
2025-04-30,5013638,407879601,82.5,80.6,80.8,-1.1,4359,4938,81.4
2025-05-02,3492985,288786309,83.2,81.5,83.0,2.2,2520,4938,82.5
2025-05-05,4038200,328248147,83.1,80.2,80.2,-2.8,4032,4938,83.1
2025-05-06,4780306,393752044,83.0,80.3,82.5,2.3,3112,4938,81.1
2025-05-07,4183616,344596707,83.3,81.9,81.9,-0.6,2431,4938,83.0
2025-05-08,3718388,308714359,83.5,82.1,82.8,0.9,2664,4938,82.1
2025-05-09,3567180,296302306,83.8,81.3,83.6,0.8,2910,4938,81.5
2025-05-12,3067100,261516246,86.0,84.2,85.1,1.5,3114,4938,84.2
2025-05-13,5860901,509866005,87.4,85.8,87.2,2.1,3653,4938,85.8
2025-05-14,6134576,539698219,89.0,87.0,89.0,1.8,4366,4938,87.9
2025-05-15,6679285,590022970,88.8,87.7,88.1,-0.9,4763,4938,88.1
2025-05-16,7623378,674788218,89.3,87.7,88.2,0.1,4600,4938,88.0
2025-05-19,6808920,595811678,89.0,86.1,86.1,-2.1,5079,4938,88.2
2025-05-20,6267905,549280914,88.8,86.1,86.1,0.0,4403,4938,87.5
2025-05-21,7999982,687508100,86.9,84.9,85.9,-0.2,5749,4938,85.1
2025-05-22,5272786,453512394,86.8,85.5,85.5,-0.4,3535,4938,85.6
2025-05-23,4626199,395756613,86.4,85.0,85.0,-0.5,3045,4938,85.6
2025-05-26,3681662,315635843,86.2,84.9,85.6,0.6,2936,4938,85.0
2025-05-27,4239247,359758685,86.3,84.3,84.3,-1.3,3057,4938,85.6
2025-05-28,6093664,517400607,85.4,84.5,84.7,0.4,3165,4938,85.0
2025-05-29,9641246,811952597,85.8,83.9,83.9,-0.8,3863,4938,85.3
2025-06-02,7251354,598529742,83.5,81.8,82.6,-1.3,5107,4938,83.1
2025-06-03,5463138,455487108,83.8,82.7,83.4,0.8,3361,4938,83.0
2025-06-04,7856214,669252876,86.1,83.3,84.8,1.4,5466,4938,83.5
2025-06-05,4031316,342347131,85.5,84.5,84.8,0.0,3251,4938,84.7
2025-06-06,4196048,358737548,86.0,84.8,85.2,0.4,3130,4938,84.9
2025-06-09,4762628,409412543,86.6,85.6,85.6,0.4,3655,4938,85.9
2025-06-10,5546656,479098215,86.9,85.3,86.1,0.5,3900,4938,85.6
2025-06-11,8678752,743858438,86.6,85.1,85.1,-1.0,5151,4938,86.0
2025-06-12,7642738,653234763,86.2,85.1,85.3,0.2,3105,4938,85.8
2025-06-13,13295220,1112432082,84.8,83.0,83.0,-2.3,7666,4938,84.8
2025-06-16,10707288,886917474,83.4,81.5,83.0,0.0,4992,4938,83.0
2025-06-17,23015616,1806890718,78.8,77.0,77.6,0.0,12393,4938,78.6
2025-06-18,13303707,1037595129,78.6,77.5,77.6,0.0,8479,4938,78.3
2025-06-19,12454553,951556143,78.0,76.0,76.0,-1.6,9080,4938,77.7
2025-06-20,16715411,1264822890,76.6,75.0,75.8,-0.2,7574,4938,76.1
2025-06-23,12020857,901748564,75.8,74.5,74.5,-1.3,7413,4938,75.3
2025-06-24,12768153,978213321,77.4,75.4,76.3,1.8,6935,4938,75.4
2025-06-25,10908726,827624470,77.1,75.6,75.6,-0.7,7072,4938,76.5
2025-06-26,12772296,966656384,76.4,75.2,75.2,-0.4,5656,4938,75.7
2025-06-27,10967610,828183425,75.9,75.1,75.7,0.5,5410,4938,75.3
2025-06-30,17463284,1348443878,78.2,75.3,76.8,1.1,7771,4938,75.7
2025-07-01,9736344,753730763,78.1,76.7,76.9,0.1,5521,4938,76.7
2025-07-02,10240094,785482233,77.1,76.0,77.1,0.2,4510,4938,76.3
2025-07-03,8829903,691542875,78.8,77.1,78.5,1.4,4034,4938,77.1
2025-07-04,7651762,596352718,79.0,77.5,77.8,-0.7,3391,4938,78.6
2025-07-07,8386195,660245508,79.3,77.3,78.8,1.0,4501,4938,77.8
2025-07-08,5544302,433581454,79.2,77.6,77.8,-1.0,3777,4938,79.1
2025-07-09,4658512,365466776,78.7,77.6,78.6,0.8,2991,4938,77.7
2025-07-10,2850647,224675355,79.1,78.5,78.9,0.3,1996,4938,78.5
2025-07-11,5904815,471121727,80.1,78.9,80.0,1.1,3308,4938,79.0
2025-07-14,3804673,304225012,80.2,79.3,80.2,0.2,2163,4938,80.0
2025-07-15,4235087,342942014,81.4,79.5,81.3,1.1,2886,4938,79.5
2025-07-16,8809025,715210920,82.0,80.6,80.9,-0.4,5316,4938,81.0
2025-07-17,7520137,612292414,81.9,80.4,81.5,0.6,4123,4938,80.8
2025-07-18,7071115,572698760,82.2,80.5,80.7,-0.8,3804,4938,81.6
2025-07-21,6786377,554681929,82.3,81.0,81.4,0.7,3659,4938,81.0
2025-07-22,5712852,461107900,82.0,80.3,80.3,-1.1,3612,4938,81.6
2025-07-23,4578121,374848529,82.1,81.0,82.1,1.8,2637,4938,81.1
2025-07-24,2671159,217652912,82.4,81.1,81.2,-0.9,2023,4938,82.0
2025-07-25,2003468,162426642,81.8,80.8,81.0,-0.2,1384,4938,81.2
2025-07-28,2278821,184145138,81.5,80.4,80.7,-0.3,1589,4938,81.2
2025-07-29,3084988,247406871,80.8,79.8,80.1,-0.6,2043,4938,80.7
2025-07-30,2325453,186727439,80.5,79.9,80.4,0.3,1678,4938,80.1
2025-07-31,2913716,233199493,80.4,79.7,80.0,-0.4,1419,4938,80.1
2025-08-01,3063639,244425145,80.4,78.7,80.1,0.1,2147,4938,79.7
2025-08-04,3858656,310530398,80.8,79.6,80.7,0.6,1799,4938,79.8
2025-08-05,7690337,629073649,82.8,80.8,82.3,1.6,3698,4938,81.0
2025-08-06,3967282,322314736,82.3,80.8,80.8,-1.5,3860,4938,82.3
2025-08-07,3009990,244505725,81.5,81.0,81.0,0.2,2301,4938,81.0
2025-08-08,2907752,235352347,81.6,80.5,80.9,-0.1,2518,4938,81.0
2025-08-11,3585032,287034028,80.6,79.7,80.2,-0.7,2736,4938,80.1
2025-08-12,3710890,294484507,80.2,79.0,79.1,-1.1,3221,4938,79.8
2025-08-13,4545398,357212377,80.1,78.0,78.0,-1.1,3623,4938,79.7
2025-08-14,22696525,1636087928,74.0,71.5,72.0,-6.0,16738,4938,74.0
2025-08-15,11436957,810653290,71.7,70.4,70.9,-1.1,8116,4938,71.7
2025-08-18,11803018,835093753,71.6,70.4,70.6,-0.3,7474,4938,71.0
2025-08-19,9312903,655769346,71.0,70.2,70.2,-0.4,5218,4938,70.7
2025-08-20,8610476,596864187,70.2,68.9,69.0,-1.2,6953,4938,70.2
2025-08-21,5347145,372765506,70.3,69.5,69.5,0.5,4671,4938,69.7
2025-08-22,4101213,285328530,70.3,69.2,69.5,0.0,3542,4938,69.5
2025-08-25,4655170,326853841,70.6,69.7,70.4,0.9,3097,4938,70.1
2025-08-26,11071526,778031140,70.5,70.0,70.3,-0.1,3547,4938,70.2
2025-08-27,3722780,263583633,71.2,70.3,70.5,0.2,2988,4938,70.3
2025-08-28,5112560,362882013,71.5,70.6,70.6,0.1,3520,4938,71.0
2025-08-29,4390665,309747725,71.3,70.2,70.2,-0.4,3244,4938,71.2
2025-09-01,4986503,345415897,70.5,68.9,69.0,-1.2,4840,4938,70.4
2025-09-02,2616780,181354847,69.8,69.0,69.1,0.1,2411,4938,69.3
2025-09-03,1798031,124615351,69.7,69.0,69.1,0.0,2455,4938,69.0
2025-09-04,4102661,287571678,70.5,69.4,69.9,0.8,3021,4938,69.4
2025-09-05,3213725,225950975,70.7,70.0,70.2,0.3,2543,4938,70.6
2025-09-08,4303216,304584702,71.2,70.2,70.8,0.6,2890,4938,70.4
2025-09-09,4937512,348836834,71.0,70.3,70.7,-0.1,3217,4938,70.8
2025-09-10,6680061,473547104,71.1,70.5,70.7,0.0,3171,4938,70.9
2025-09-11,8841461,615650905,70.3,69.0,69.0,-1.7,5954,4938,70.0
2025-09-12,6622832,463596429,70.3,69.4,70.3,1.3,3411,4938,69.4
2025-09-15,5163126,362316864,70.9,69.8,69.9,-0.4,3291,4938,70.4
2025-09-16,3261981,228573985,70.3,69.8,70.0,0.1,2177,4938,69.8
2025-09-17,5578695,390303697,70.7,69.7,69.7,-0.3,3280,4938,70.1
2025-09-18,4793449,337437124,70.8,70.1,70.5,0.8,3539,4938,70.2
2025-09-19,16366145,1146481456,70.7,69.9,70.0,-0.5,4511,4938,70.5
2025-09-22,7982411,564737508,71.2,70.2,70.7,0.7,4054,4938,70.3
2025-09-23,9767542,697763749,72.1,71.0,71.1,0.4,5726,4938,71.0
2025-09-24,10578109,762601950,73.2,71.7,72.0,0.9,6603,4938,71.7
2025-09-25,8226021,589642439,72.3,71.4,71.5,-0.5,4923,4938,72.3
2025-09-26,8258490,582443888,71.5,70.2,70.4,-1.1,4922,4938,71.5
2025-09-30,7433216,527693933,71.7,70.7,70.8,0.4,3959,4938,71.1
2025-10-01,12738860,902809983,71.8,70.4,70.4,-0.4,6296,4938,70.8
2025-10-02,6662074,475646197,72.0,70.9,71.5,1.1,4154,4938,71.2
2025-10-03,3763774,269122920,71.7,71.2,71.5,0.0,2744,4938,71.5
2025-10-07,6070524,438809045,72.6,71.7,72.2,0.7,4276,4938,71.8
2025-10-08,4902292,354859859,72.6,71.9,72.3,0.1,3311,4938,72.2
2025-10-09,6881058,498247962,73.0,72.1,72.1,-0.2,3364,4938,72.5
2025-10-13,9957361,711744452,72.0,70.3,71.8,-0.3,4775,4938,71.5
2025-10-14,8915445,638925305,73.0,70.8,70.8,-1.0,4870,4938,71.8
2025-10-15,10080985,720892893,71.9,71.1,71.5,0.7,3235,4938,71.5
2025-10-16,5655505,407325211,72.3,71.6,71.9,0.4,2998,4938,71.7
2025-10-17,27098179,2043784147,77.6,72.4,74.5,2.6,15949,4938,72.4
2025-10-20,8756605,654555108,75.3,74.1,74.5,0.0,10718,4938,75.3
2025-10-21,9238035,698192174,76.6,74.9,75.1,0.6,5831,4938,75.3
2025-10-22,8889291,677108570,76.9,74.9,76.7,1.6,6612,4938,75.1
2025-10-23,7111986,540882747,76.7,75.6,75.9,-0.8,6326,4938,76.0
2025-10-27,8105011,618760155,77.0,75.9,76.5,0.6,5381,4938,76.6
2025-10-28,6412159,487209654,76.7,75.5,76.0,-0.5,4815,4938,76.7
2025-10-29,22401081,1745446400,79.8,76.8,76.9,0.9,12406,4938,77.2
2025-10-30,8882022,675870551,76.9,75.5,76.1,-0.8,8783,4938,76.9
2025-10-31,9236893,691031815,76.2,74.2,74.2,-1.9,6130,4938,76.2
2025-11-03,6125417,458897996,75.7,74.5,74.5,0.3,3997,4938,75.0
2025-11-04,6452593,474392002,75.1,72.9,72.9,-1.6,5326,4938,74.6
2025-11-05,5274434,384926859,73.7,71.7,73.1,0.2,3341,4938,72.5
2025-11-06,6353181,470203591,74.4,73.3,74.0,0.9,3623,4938,73.9
2025-11-07,7600006,554336983,73.8,72.5,72.6,-1.4,4679,4938,73.8
2025-11-10,4867453,353290776,72.9,72.0,72.7,0.1,3503,4938,72.9
2025-11-11,7200128,527034089,74.5,72.7,72.7,0.0,4118,4938,73.7
2025-11-12,7656524,556678236,73.3,72.2,72.2,-0.5,4595,4938,73.0
2025-11-13,11235262,825191243,74.6,72.8,73.5,1.3,5938,4938,74.0
2025-11-14,7762902,568479306,73.7,72.0,73.5,0.0,4289,4938,72.8
2025-11-17,9661306,701046441,73.6,72.0,72.3,-1.2,4236,4938,73.5
2025-11-18,12170601,858568672,71.2,70.2,70.6,-1.7,7013,4938,71.2
2025-11-19,11844659,827664954,70.9,69.3,69.9,-0.7,6346,4938,70.8
2025-11-20,7856990,563107252,72.2,70.6,71.6,1.7,4260,4938,71.0
2025-11-21,9769298,695217391,71.7,70.6,70.8,-0.8,5271,4938,70.9
2025-11-24,16301842,1151081202,71.2,70.2,70.7,-0.1,5605,4938,71.0
2025-11-25,10174174,713580476,70.7,69.6,70.1,-0.6,5995,4938,70.7
2025-11-26,7286967,514324096,70.9,70.2,70.8,0.7,3699,4938,70.5
2025-11-27,5668135,404695187,71.8,70.8,71.5,0.7,2917,4938,70.8
2025-11-28,6351589,457458489,72.5,71.1,72.1,0.6,3735,4938,71.5
2025-12-01,5909103,427138863,73.0,71.8,71.9,-0.2,3454,4938,71.9
2025-12-02,4667438,336571248,72.6,71.7,71.8,-0.1,3122,4938,71.7
2025-12-03,4932811,358803048,73.2,72.3,72.7,0.9,3008,4938,72.3
2025-12-04,4522497,327339920,73.2,72.0,72.0,-0.7,2927,4938,72.5
2025-12-05,6494738,462570444,72.1,70.9,71.2,-0.8,3758,4938,72.0
2025-12-08,8532017,602645847,71.0,70.4,70.6,-0.6,3801,4938,71.0
2025-12-09,9455375,664063921,71.0,69.9,70.0,-0.6,4271,4938,70.7
2025-12-10,5155729,363443479,70.8,70.1,70.5,0.5,2853,4938,70.5
2025-12-11,12517468,869035336,70.6,68.8,69.5,-1.0,9642,4938,70.5
2025-12-12,6664399,460850760,69.8,68.9,68.9,-0.6,4633,4938,69.6
2025-12-15,9122949,632488165,70.5,67.5,70.5,1.6,4735,4938,68.5
2025-12-16,10394618,726812997,70.5,69.0,70.5,0.0,5395,4938,69.5
2025-12-17,12368682,861467713,70.6,69.2,69.2,-1.3,7664,4938,70.5
2025-12-18,9238815,632801160,69.1,68.2,68.3,-0.9,5828,4938,69.0
2025-12-19,48170827,3382154478,70.4,68.4,70.4,2.1,4963,4938,68.4
2025-12-22,8663493,607815629,70.7,69.8,70.1,-0.3,4470,4938,70.3
2025-12-23,8493114,587620168,70.0,68.8,69.1,-1.0,4460,4938,70.0
2025-12-24,5321460,368981060,69.7,69.0,69.4,0.3,2856,4938,69.4
2025-12-26,11502536,788650090,69.5,68.2,68.7,-0.7,7629,4938,69.5
2025-12-29,11153855,766509832,69.2,68.4,68.7,0.0,5908,4938,69.0
2025-12-30,11424279,778947709,68.9,67.8,68.5,-0.2,5449,4938,68.9
2025-12-31,10241036,701067005,68.8,68.1,68.6,0.1,5538,4938,68.7
2026-01-02,11311365,777711081,69.2,68.3,68.9,0.3,5780,4938,68.8
2026-01-05,12526818,857814298,69.3,68.0,68.7,-0.2,6695,4938,69.2
2026-01-06,11676435,801057088,69.2,68.3,68.9,0.2,7092,4938,69.0
2026-01-07,16645536,1152789388,69.7,68.5,69.6,0.7,7688,4938,68.8
2026-01-08,14105097,991545645,70.8,69.6,70.5,0.9,7160,4938,70.3
2026-01-09,8215073,570804455,70.5,69.1,69.4,-1.1,4873,4938,70.5
2026-01-12,8284842,583415796,70.8,69.7,70.8,1.4,5173,4938,69.8
2026-01-13,5751954,404761118,71.3,69.9,70.2,-0.6,5735,4938,71.0
2026-01-14,8311944,591269021,71.5,70.2,71.4,1.2,4821,4938,70.8
2026-01-15,6045140,429800037,71.5,70.5,71.3,-0.1,4215,4938,71.5
2026-01-16,7449748,531455723,71.8,70.9,71.3,0.0,4572,4938,71.5
2026-01-19,8855298,629284394,71.7,70.7,70.8,-0.5,6332,4938,71.1
2026-01-20,10520528,730512321,71.0,69.4,69.5,-1.3,6653,4938,70.8
2026-01-21,12692253,872762525,69.7,68.3,68.5,-1.0,8429,4938,69.5
2026-01-22,7440364,515843004,69.6,68.8,69.5,1.0,4856,4938,69.2
2026-01-23,7814654,545763635,70.5,69.3,70.2,0.7,5006,4938,69.8
2026-01-26,11658086,826022994,71.3,70.4,70.9,0.7,7228,4938,71.0
2026-01-27,7671016,540925679,71.1,70.2,70.3,-0.6,5088,4938,71.0
2026-01-28,7120105,501428654,70.9,70.0,70.6,0.3,4407,4938,70.8
2026-01-29,6035352,423611175,70.8,69.8,70.1,-0.5,3646,4938,70.6
2026-01-30,8010812,557096704,70.1,69.1,69.7,-0.4,4004,4938,70.1
2026-02-02,5442372,379968105,70.4,69.1,69.9,0.2,3956,4938,69.8
2026-02-03,7416009,517201691,70.9,69.0,69.3,-0.6,4052,4938,70.6
2026-02-04,4264499,296109772,69.8,69.0,69.6,0.3,2833,4938,69.3
2026-02-05,4837082,337709261,70.4,69.4,69.5,-0.1,3501,4938,69.6
2026-02-06,6822112,476366267,70.3,69.0,70.3,0.8,4250,4938,70.0
2026-02-09,5412547,380346858,71.2,69.9,70.0,-0.3,3921,4938,71.2
2026-02-10,6399936,451397385,70.9,69.9,70.7,0.7,4043,4938,70.5
2026-02-11,8178468,575051546,70.9,69.6,70.5,-0.2,5103,4938,70.4
2026-02-23,11178111,797819614,72.4,70.7,70.9,0.4,6674,4938,71.0
2026-02-24,10074607,721402288,71.9,70.9,71.9,1.0,5717,4938,70.9
2026-02-25,11772097,859390511,73.4,72.3,73.1,1.2,8267,4938,72.3
2026-02-26,25179622,1853904471,74.2,72.8,73.5,0.4,10664,4938,73.1
2026-03-02,7832677,565479364,73.0,71.6,71.9,-1.6,5932,4938,73.0
2026-03-03,8742467,621453404,72.2,70.3,70.8,-1.1,5060,4938,72.0
2026-03-04,11804397,811134819,70.0,68.0,68.5,-2.3,7775,4938,69.8
2026-03-05,5256065,365787569,70.1,69.1,69.4,0.9,3386,4938,69.6
2026-03-06,6800303,480137406,71.0,69.1,71.0,1.6,4101,4938,69.1
2026-03-09,10910254,754303022,70.1,67.9,69.5,-1.5,7115,4938,68.1
2026-03-10,5443707,381973468,70.8,69.5,70.3,0.8,3311,4938,70.6
2026-03-11,5244666,367773680,70.6,69.7,70.1,-0.2,4151,4938,69.9
2026-03-12,36522383,2798032222,77.1,73.5,77.1,7.0,13879,4938,73.5
2026-03-13,54869124,4226952917,78.9,75.6,75.8,-1.3,25010,4938,76.8
2026-03-16,16443338,1269601504,78.3,76.0,77.0,1.2,9725,4938,76.3
2026-03-17,17562388,1367073190,78.4,77.0,78.2,1.2,11297,4938,77.8
2026-03-18,17661176,1390576107,80.3,77.4,78.2,0.0,13069,4938,79.2
2026-03-19,8312172,643600486,78.1,77.0,77.3,-0.9,6094,4938,77.7
2026-03-20,11675038,899260214,77.9,76.3,77.0,-0.3,5505,4938,77.1
2026-03-23,6462379,488993488,76.3,74.7,75.7,-1.3,5142,4938,75.5
2026-03-24,8516914,654051557,77.8,76.1,76.4,0.7,5326,4938,77.0
2026-03-25,7688772,595071837,78.1,76.9,77.4,1.0,4676,4938,78.1
2026-03-26,25011228,2030608163,83.5,79.5,80.7,3.3,16625,4938,79.5
2026-03-27,11954625,960014694,81.5,79.5,80.9,0.2,11366,4938,79.8
2026-03-30,11562845,911034742,79.6,78.3,78.6,-2.3,8025,4938,79.1
2026-03-31,12914169,990807890,78.7,75.7,76.2,-2.4,7750,4938,78.6
2026-04-01,7788953,608400701,78.7,77.5,78.2,2.0,4815,4938,78.0
2026-04-02,5945310,464719191,78.8,77.9,78.0,-0.2,4148,4938,78.8
2026-04-07,4688448,366438621,78.8,77.7,77.9,-0.1,4723,4938,78.7
2026-04-08,10550165,835953568,79.9,78.3,79.6,1.7,6804,4938,78.6
2026-04-09,7465957,595011662,80.3,79.2,80.0,0.4,5313,4938,80.3
2026-04-10,10120112,815745650,81.0,79.6,80.7,0.7,6052,4938,80.4
2026-04-13,16430530,1280372495,80.7,77.2,78.0,-2.7,10906,4938,80.7
2026-04-14,9557438,751362341,79.0,78.3,78.5,0.5,5425,4938,78.5
2026-04-15,11053840,870062451,79.5,78.1,78.8,0.3,6011,4938,78.9
2026-04-16,12946933,1032287495,80.3,79.2,80.1,1.3,6675,4938,79.5
2026-04-17,26603951,2205642105,84.3,80.1,83.0,2.9,15733,4938,80.6
2026-04-20,15276623,1269279056,84.3,82.0,82.7,-0.3,9681,4938,84.3
2026-04-21,14446896,1208814278,84.2,82.9,84.0,1.3,8878,4938,83.9
2026-04-22,17710837,1496590971,85.5,83.5,84.7,0.7,9181,4938,84.1
2026-04-23,26263983,2215585969,86.0,82.8,84.0,-0.7,15798,4938,85.0
2026-04-24,12252609,1033527184,85.3,83.6,84.3,0.3,8078,4938,85.3
2026-04-27,10804838,897315744,85.0,82.5,83.1,-1.2,6787,4938,84.0
2026-04-28,6495707,536234950,83.3,82.2,82.7,-0.4,4865,4938,83.3
2026-04-29,8333263,684153117,83.0,81.5,82.0,-0.7,5873,4938,83.0
2026-04-30,7456670,613720980,83.3,81.5,82.3,0.3,4483,4938,81.5
2026-05-04,11709483,956249224,83.4,81.2,81.3,-1.0,8177,4938,83.4
2026-05-05,8402325,682920758,81.7,80.9,81.5,0.2,4983,4938,81.5
2026-05-06,11744739,973469109,83.6,81.7,83.6,2.1,7469,4938,82.3
2026-05-07,10411342,874626959,84.7,83.3,84.3,0.7,6720,4938,83.8
2026-05-08,10969204,927841389,85.3,83.9,84.4,0.1,6837,4938,84.5
2026-05-11,10027621,835037154,84.4,82.6,83.4,-1.0,7210,4938,84.4
2026-05-12,12329100,1007779206,83.8,81.1,81.1,-2.3,8896,4938,83.6
2026-05-13,12307315,1005571385,82.4,80.2,81.8,0.7,7456,4938,80.8
2026-05-14,36439159,2818988879,81.0,75.8,77.0,-4.8,23484,4938,81.0
2026-05-15,15549468,1204750053,78.5,76.4,76.5,-0.5,8772,4938,77.2
2026-05-18,10111329,776386490,77.5,75.8,76.5,0.0,5982,4938,77.0
2026-05-19,8017022,619530578,78.0,76.8,76.9,0.4,5766,4938,77.2
2026-05-20,10080428,777202522,77.7,76.6,77.2,0.3,6889,4938,76.9
2026-05-21,12044909,949062638,79.5,77.7,79.1,1.9,8197,4938,78.0
2026-05-22,14071678,1134388289,81.1,79.1,80.7,1.6,8419,4938,79.1
2026-05-25,18210538,1487930075,82.7,81.1,81.2,0.5,11960,4938,81.7
2026-05-26,8234361,669689333,82.5,80.7,81.4,0.2,6111,4938,81.8
2026-05-27,13465420,1109959940,83.3,81.4,82.1,0.7,9360,4938,81.8
2026-05-28,16399172,1370849633,84.4,82.5,83.4,1.3,11608,4938,82.5
2026-05-29,38620432,3396649846,89.4,85.3,88.5,5.1,19525,4938,85.5
2026-06-01,39426487,3573481552,92.1,89.5,91.2,2.7,23269,4938,92.0
2026-06-02,62079513,5988936876,99.5,90.8,97.8,6.6,43005,4938,92.0
2026-06-03,57606262,5736268581,102.5,96.9,98.5,0.7,31807,4938,100.0
2026-06-04,45248354,4394510710,101.0,95.6,97.0,-1.5,21497,4938,101.0
2026-06-05,37968825,3632899328,97.4,91.3,96.9,-0.1,21933,4938,97.0
2026-06-08,37235560,3399633853,94.5,87.6,92.1,-4.8,22848,4938,89.0
2026-06-09,34210579,3234336209,97.5,89.3,95.1,3.0,22289,4938,91.2
2026-06-10,40678327,3933723923,99.4,92.4,94.8,-0.3,23158,4938,93.0
2026-06-11,30841509,2942437696,96.6,93.8,95.4,0.6,15951,4938,96.1
2026-06-12,23486337,2243998464,97.0,93.1,93.1,-2.3,12010,4938,96.0
2026-06-15,67091323,5707419731,90.0,83.4,83.5,0.0,40163,4938,87.0
2026-06-16,24517805,2034704826,84.8,82.3,83.0,-0.5,15634,4938,84.5
2026-06-17,20911923,1715045655,83.2,81.0,83.0,0.0,15311,4938,82.9
2026-06-18,26848809,2256714500,86.6,82.9,82.9,-0.1,14530,4938,83.8
2026-06-22,22605594,1866534913,84.6,82.0,82.0,-0.9,16460,4938,83.8
