date,capacity,turnover,high,low,close,change,transaction_volume,stock_code_id,open
2015-01-05,467228,81309514,175.5,171.5,175.5,3.5,394,5269,172.0
2015-01-06,449030,77686174,175.5,171.5,172.5,-3.0,395,5269,175.5
2015-01-07,496973,85829829,174.5,170.5,174.0,1.5,396,5269,172.5
2015-01-08,975262,167494802,176.0,167.0,171.0,-3.0,780,5269,175.0
2015-01-09,516100,88072600,173.5,169.0,170.0,-1.0,413,5269,172.0
2015-01-12,584300,96735000,169.5,163.0,166.0,-4.0,513,5269,168.0
2015-01-13,483800,80652899,169.5,164.5,166.0,0.0,395,5269,166.0
2015-01-14,323000,53665000,168.0,164.0,167.5,1.5,270,5269,166.0
2015-01-15,276000,45550000,167.5,164.0,164.5,-3.0,249,5269,166.0
2015-01-16,649350,104324100,165.0,158.0,160.5,-4.0,515,5269,164.5
2015-01-19,454616,71982144,162.5,156.0,156.5,-4.0,390,5269,162.0
2015-01-20,487304,78507768,164.0,156.5,164.0,7.5,437,5269,156.5
2015-01-21,344300,55716500,164.0,160.0,160.5,-3.5,292,5269,164.0
2015-01-22,429408,69447768,163.0,160.5,161.5,1.0,332,5269,161.5
2015-01-23,343000,55452000,163.5,160.0,160.5,-1.0,271,5269,163.5
2015-01-26,739398,121821874,167.0,160.5,163.0,2.5,570,5269,161.0
2015-01-27,294000,47668500,164.5,161.0,162.0,-1.0,235,5269,163.0
2015-01-28,200000,32308000,163.0,160.5,162.0,0.0,173,5269,160.5
2015-01-29,649060,102442100,161.0,155.0,157.5,-4.5,533,5269,160.5
2015-01-30,357108,56312780,159.5,156.5,158.0,0.5,307,5269,158.5
2015-02-02,416001,64572668,158.0,153.0,156.0,-2.0,377,5269,158.0
2015-02-03,262500,40765000,157.0,153.5,155.5,-0.5,235,5269,156.0
2015-02-04,528020,84065670,162.0,156.5,158.0,2.5,449,5269,156.5
2015-02-05,277031,43703898,161.0,155.5,158.0,0.0,261,5269,156.0
2015-02-06,194020,30291150,158.0,155.5,156.0,-2.0,185,5269,158.0
2015-02-09,231006,35998430,157.0,154.5,156.0,0.0,177,5269,156.0
2015-02-10,865317,131278818,156.5,149.5,152.5,-3.5,696,5269,156.0
2015-02-11,521080,80844860,158.0,152.5,153.5,1.0,429,5269,157.0
2015-02-12,274100,41829500,154.0,151.0,153.0,-0.5,239,5269,153.5
2015-02-13,244101,37398155,154.5,152.0,153.0,0.0,193,5269,153.0
2015-02-24,231200,35788000,155.5,154.0,155.5,2.5,215,5269,154.0
2015-02-25,822602,135579432,166.0,157.0,166.0,10.5,488,5269,157.0
2015-02-26,2520580,428499440,172.0,167.5,169.5,3.5,1682,5269,169.0
2015-03-02,1340225,231985975,176.5,169.5,172.0,2.5,1130,5269,170.0
2015-03-03,981225,165842025,172.0,167.5,169.0,-3.0,649,5269,170.5
2015-03-04,1334220,231006840,176.0,167.5,173.0,4.0,1032,5269,170.0
2015-03-05,779104,132513888,171.5,168.0,171.5,-1.5,584,5269,171.0
2015-03-06,705000,122125500,175.5,170.0,171.5,0.0,568,5269,171.5
2015-03-09,3351430,603715905,183.5,171.5,183.5,12.0,2028,5269,172.0
2015-03-10,4223999,801887818,196.0,180.5,183.5,0.0,2954,5269,190.0
2015-03-11,2481515,467897091,192.5,181.0,189.5,6.0,1818,5269,182.0
2015-03-12,1046500,199025000,193.0,187.5,189.5,0.0,847,5269,191.0
2015-03-13,1773493,336909698,194.0,187.5,187.5,-2.0,1225,5269,189.0
2015-03-16,1370427,259084130,192.5,185.0,191.0,3.5,1050,5269,187.5
2015-03-17,1232615,233102505,195.0,186.0,187.0,-4.0,1036,5269,193.5
2015-03-18,1507970,286922710,194.5,185.5,194.5,7.5,1144,5269,187.0
2015-03-19,2966400,603195200,208.0,197.0,208.0,13.5,2010,5269,197.0
2015-03-20,3704459,795826349,221.5,208.0,211.0,3.0,2775,5269,212.0
2015-03-23,2076571,445795977,219.5,208.0,214.5,3.5,1539,5269,211.0
2015-03-24,1961520,431124340,223.5,215.0,220.0,5.5,1568,5269,216.0
2015-03-25,2304446,492463660,225.0,205.0,210.0,-10.0,1905,5269,223.0
2015-03-26,1474907,309010970,214.0,202.0,212.0,2.0,1169,5269,205.0
2015-03-27,1136161,241940971,217.0,208.5,212.0,0.0,963,5269,214.5
2015-03-30,1427780,291654060,214.0,197.5,203.5,-8.5,1153,5269,213.0
2015-03-31,1024165,212662485,210.0,204.0,208.0,4.5,830,5269,207.0
2015-04-01,799400,166516500,210.0,204.5,210.0,2.0,576,5269,208.0
2015-04-02,549131,114260181,212.0,205.5,207.5,-2.5,430,5269,212.0
2015-04-07,494465,102834685,212.5,203.0,209.0,1.5,402,5269,206.5
2015-04-08,515878,106632612,211.0,204.5,206.0,-3.0,393,5269,208.0
2015-04-09,1767400,363535800,214.5,195.5,198.0,-8.0,1485,5269,207.0
2015-04-10,1518130,291534265,202.0,188.0,189.0,-9.0,1245,5269,198.0
2015-04-13,1255355,233534885,192.0,183.0,185.5,-3.5,954,5269,190.5
2015-04-14,1799265,347022940,196.5,184.0,196.0,10.5,1332,5269,186.0
2015-04-15,942723,183482039,197.5,192.5,194.0,-2.0,718,5269,196.0
2015-04-16,747295,143087845,195.5,188.5,189.5,-4.5,617,5269,194.5
2015-04-17,912200,168820800,190.0,180.5,187.5,-2.0,738,5269,189.5
2015-04-20,769075,145071750,191.5,185.5,188.5,1.0,641,5269,189.5
2015-04-21,1454102,265196360,189.5,179.0,179.0,-9.5,1148,5269,189.5
2015-04-22,739140,133802400,185.0,176.0,183.5,4.5,578,5269,179.0
2015-04-23,1046098,197675414,192.0,185.0,189.0,5.5,847,5269,187.0
2015-04-24,595000,111706000,190.0,186.0,189.0,0.0,497,5269,188.5
2015-04-27,531080,100912040,193.0,188.0,188.0,-1.0,427,5269,193.0
2015-04-28,368121,68556445,189.5,185.0,185.0,-3.0,306,5269,187.0
2015-04-29,303000,56358000,188.0,183.0,186.0,1.0,267,5269,185.0
2015-04-30,269042,49662812,187.5,183.0,184.5,-1.5,228,5269,187.5
2015-05-04,1402331,243921427,179.5,172.0,172.0,-12.5,1087,5269,179.5
2015-05-05,708030,123031520,177.0,170.0,173.0,1.0,585,5269,170.0
2015-05-06,442005,76489375,175.0,170.5,172.0,-1.0,354,5269,170.5
2015-05-07,1715245,277996935,172.0,160.0,160.0,-12.0,1313,5269,172.0
2015-05-08,761050,120483400,161.0,153.5,156.5,-3.5,591,5269,160.0
2015-05-11,1517150,226964975,156.5,146.0,146.0,-10.5,1112,5269,156.0
2015-05-12,1144064,168114984,153.0,141.0,152.5,6.5,906,5269,144.0
2015-05-13,1109040,173153280,158.5,153.0,155.5,3.0,875,5269,153.0
2015-05-14,696250,105061750,156.5,147.5,150.5,-5.0,575,5269,156.0
2015-05-15,714100,105393500,152.0,143.0,147.5,-3.0,599,5269,152.0
2015-05-18,589000,85412000,147.5,143.5,144.0,-3.5,464,5269,147.5
2015-05-19,814020,123102580,154.0,144.0,154.0,10.0,623,5269,144.0
2015-05-20,1711215,273321367,163.0,157.0,163.0,9.0,1292,5269,157.0
2015-05-21,742011,118204782,162.0,157.0,160.0,-3.0,622,5269,162.0
2015-05-22,692080,111694880,164.5,158.5,159.0,-1.0,578,5269,161.0
2015-05-25,846010,138313180,166.0,159.0,166.0,7.0,688,5269,159.0
2015-05-26,1545108,265035076,174.5,168.0,171.0,5.0,1216,5269,170.0
2015-05-27,810000,136642500,172.0,165.0,168.5,-2.5,667,5269,169.0
2015-05-28,921025,155971800,172.0,166.0,170.0,1.5,699,5269,170.0
2015-05-29,1284355,224412625,178.0,171.5,174.0,4.0,991,5269,172.5
2015-06-01,480035,82478502,175.5,168.0,171.5,-2.5,427,5269,174.0
2015-06-02,1191010,214569300,186.5,176.5,176.5,5.0,969,5269,178.0
2015-06-03,928010,161089300,179.5,168.0,174.0,-2.5,742,5269,179.5
2015-06-04,1075000,186224000,179.0,169.0,170.0,-4.0,876,5269,174.0
2015-06-05,738025,126192375,173.5,168.0,173.0,3.0,597,5269,168.0
2015-06-08,642005,112745890,179.0,171.5,175.0,2.0,550,5269,173.0
2015-06-09,958000,160606500,175.5,160.0,163.0,-12.0,771,5269,175.0
2015-06-10,1439750,247265874,175.0,167.0,175.0,12.0,1121,5269,167.0
2015-06-11,2763941,514210142,192.5,178.0,192.5,17.5,2018,5269,178.0
2015-06-12,2993286,592910628,206.5,188.0,198.0,5.5,2405,5269,192.0
2015-06-15,1273400,252165700,204.0,192.5,193.0,-5.0,1007,5269,198.0
2015-06-16,1183050,230651800,199.0,192.0,194.0,1.0,853,5269,195.0
2015-06-17,925150,178105724,197.5,188.5,192.0,-2.0,766,5269,195.5
2015-06-18,425150,82478100,195.5,192.0,194.0,2.0,379,5269,193.5
2015-06-22,2017281,415479543,209.5,197.5,204.0,10.0,1608,5269,199.0
2015-06-23,1146217,232628966,210.0,198.5,198.5,-5.5,889,5269,205.0
2015-06-24,638200,127887300,203.5,197.5,199.0,0.5,536,5269,200.0
2015-06-25,753020,149806460,205.0,194.0,198.0,-1.0,612,5269,201.0
2015-06-26,760418,165390913,217.5,217.5,217.5,19.5,557,5269,217.5
2015-06-29,380151,90856089,239.0,239.0,239.0,21.5,293,5269,239.0
2015-06-30,4573961,1194223261,262.5,252.5,262.5,23.5,2734,5269,262.5
2015-07-01,4137429,1095090682,274.5,255.0,261.5,-1.0,3122,5269,257.0
2015-07-02,2716625,734647750,277.0,263.5,277.0,15.5,2331,5269,263.5
2015-07-03,1440268,387978396,275.0,264.0,270.0,-7.0,1062,5269,271.0
2015-07-06,305400,74212200,243.0,243.0,243.0,-27.0,262,5269,243.0
2015-07-07,2483524,558961352,239.0,220.0,222.5,-20.5,1675,5269,220.0
2015-07-08,1920414,391768214,218.0,200.5,200.5,-22.0,1219,5269,218.0
2015-07-09,1672265,323262765,200.5,186.0,199.5,-1.0,1190,5269,191.0
2015-07-13,1329377,254799630,200.5,183.0,191.5,-8.0,1030,5269,200.5
2015-07-14,1491172,301415556,208.0,195.0,199.0,7.5,1164,5269,195.0
2015-07-15,841040,167569500,204.5,194.0,198.5,-0.5,698,5269,204.5
2015-07-16,1670136,349518127,215.0,201.0,210.5,12.0,1283,5269,201.0
2015-07-17,982040,205210740,214.0,207.0,207.0,-3.5,747,5269,214.0
2015-07-20,1713379,351075972,215.5,195.0,195.0,-12.0,1465,5269,210.5
2015-07-21,1194071,235283700,201.5,193.0,196.0,1.0,922,5269,199.0
2015-07-22,647061,127207456,202.0,193.5,193.5,-2.5,575,5269,193.5
2015-07-23,2827225,505368775,196.5,174.5,174.5,-19.0,2144,5269,194.0
2015-07-24,1783570,310885040,180.0,168.5,172.5,-2.0,1405,5269,175.0
2015-07-27,1507700,259246350,176.5,165.0,165.0,-7.5,1266,5269,173.0
2015-07-28,2007500,334214500,172.0,160.0,168.0,3.0,1596,5269,167.5
2015-07-29,3091850,491124600,170.0,153.0,158.0,-10.0,2534,5269,170.0
2015-07-30,2498945,407434035,168.0,155.0,156.0,-2.0,1946,5269,161.0
2015-07-31,2433060,374188040,161.0,149.0,157.5,1.5,1949,5269,160.0
2015-08-03,2155100,342846900,164.0,155.5,155.5,-2.0,1679,5269,157.5
2015-08-04,3741050,548287800,158.0,140.0,140.5,-15.0,2892,5269,158.0
2015-08-05,3090342,441633958,148.0,135.0,147.5,7.0,2483,5269,142.5
2015-08-06,2171107,306639460,148.5,137.0,137.0,-10.5,1739,5269,148.5
2015-08-07,2761100,371553750,140.0,126.0,138.0,1.0,2069,5269,135.0
2015-08-10,2457846,346849324,147.0,133.0,145.0,7.0,1921,5269,136.5
2015-08-11,3460586,518289212,156.0,142.5,142.5,-2.5,2628,5269,146.5
2015-08-12,2864000,398496500,144.5,134.0,144.5,2.0,2146,5269,137.0
2015-08-13,2535508,377855945,152.0,145.0,149.5,5.0,1895,5269,148.0
2015-08-14,938010,139587590,151.5,147.0,147.5,-2.0,740,5269,150.0
2015-08-17,1188245,174797790,151.0,143.0,143.0,-4.5,964,5269,147.5
2015-08-18,913300,131481200,146.0,142.5,144.0,1.0,740,5269,145.5
2015-08-19,2062230,303541350,151.0,143.5,146.0,2.0,1585,5269,148.0
2015-08-20,1266143,184717449,149.0,143.5,144.0,-2.0,1014,5269,147.0
2015-08-21,2463288,336579728,146.5,130.0,130.0,-14.0,1853,5269,142.5
2015-08-24,655657,77384369,120.5,117.0,117.0,-13.0,464,5269,119.0
2015-08-25,3668196,389399070,111.0,105.5,105.5,-11.5,2297,5269,105.5
2015-08-26,3198106,350954319,114.0,105.5,111.5,6.0,2296,5269,105.5
2015-08-27,3702100,408943050,114.0,107.5,108.5,0.0,2751,5269,112.5
2015-08-28,1504000,175341500,119.0,111.0,119.0,10.5,1043,5269,111.0
2015-08-31,5159259,644670652,130.0,121.0,126.5,7.5,3850,5269,123.5
2015-09-01,3601110,472465794,135.5,125.5,133.5,7.0,2800,5269,126.5
2015-09-02,2192320,292107380,137.5,130.0,137.5,4.0,1648,5269,133.0
2015-09-03,2819464,404763852,146.5,140.0,143.0,5.5,2175,5269,141.0
2015-09-04,3754558,531716665,149.0,136.0,136.5,-6.5,2925,5269,145.5
2015-09-07,1505160,206188580,139.5,134.0,138.0,1.5,1166,5269,139.5
2015-09-08,3065687,445161489,148.5,139.5,147.0,9.0,2331,5269,140.0
2015-09-09,3427430,513098145,153.0,146.0,151.0,4.0,2499,5269,151.0
2015-09-10,2242394,343348070,155.5,149.0,152.5,1.5,1732,5269,151.0
2015-09-11,2570423,395874719,158.5,150.5,153.0,0.5,1955,5269,157.0
2015-09-14,1523100,230457449,155.5,149.0,150.0,-3.0,1095,5269,154.5
2015-09-15,1477303,223620798,154.5,149.5,149.5,-0.5,1115,5269,152.5
2015-09-16,1467326,219293748,152.5,146.5,148.0,-1.5,1013,5269,152.0
2015-09-17,1187105,178097092,152.5,148.0,148.0,0.0,904,5269,150.0
2015-09-18,3110196,488589849,162.5,147.0,162.5,14.5,2089,5269,150.0
2015-09-21,4320634,715702440,169.0,161.0,161.0,-1.5,2948,5269,165.0
2015-09-22,2382493,389950845,166.0,160.5,166.0,5.0,1683,5269,165.0
2015-09-23,1722660,284684580,169.0,162.5,163.0,-3.0,1299,5269,164.5
2015-09-24,3866490,594445010,166.5,147.0,148.5,-14.5,2987,5269,165.0
2015-09-25,2245355,341117880,157.5,146.0,156.0,7.5,1826,5269,151.0
2015-09-30,1855655,282184560,154.0,149.0,152.5,-3.5,1381,5269,154.0
2015-10-01,2296450,363298650,163.0,153.0,157.5,5.0,1815,5269,154.0
2015-10-02,4896350,834846550,173.0,161.0,173.0,15.5,3285,5269,162.5
2015-10-05,3975580,703427369,180.5,173.5,176.0,3.0,2928,5269,178.0
2015-10-06,3128925,568856650,186.0,178.0,178.0,2.0,2521,5269,180.0
2015-10-07,1951686,351571352,183.0,176.0,182.0,4.0,1573,5269,182.0
2015-10-08,2827215,504011410,188.5,169.5,173.0,-9.0,2292,5269,186.0
2015-10-12,2846525,509065400,184.5,175.0,175.0,2.0,2178,5269,179.5
2015-10-13,2353885,424307782,183.0,176.5,183.0,8.0,1867,5269,178.0
2015-10-14,3728345,696750550,192.0,179.5,190.0,7.0,2991,5269,184.5
2015-10-15,1946200,368128100,192.5,185.5,188.5,-1.5,1568,5269,192.5
2015-10-16,1125550,212448300,191.5,186.0,187.0,-1.5,866,5269,190.0
2015-10-19,1334210,244486010,188.0,181.0,181.0,-6.0,1129,5269,187.5
2015-10-20,1051190,192738770,186.0,181.5,183.0,2.0,849,5269,182.0
2015-10-21,1484285,265322585,184.0,176.0,179.5,-3.5,1126,5269,184.0
2015-10-22,1008140,179652780,182.5,176.0,176.5,-3.0,852,5269,176.0
2015-10-23,1499055,269492290,182.5,177.5,178.0,1.5,1155,5269,180.5
2015-10-26,757070,136472275,182.0,178.0,181.0,3.0,617,5269,179.5
2015-10-27,1298000,237122500,185.5,179.5,180.5,-0.5,1075,5269,181.0
2015-10-28,822100,147883100,182.0,179.0,179.5,-1.0,653,5269,182.0
2015-10-29,955791,168599843,181.5,172.0,173.0,-6.5,825,5269,181.5
2015-10-30,1519250,254644625,174.0,163.0,168.5,-4.5,1292,5269,173.5
2015-11-02,884060,152335880,174.5,169.0,173.0,4.5,766,5269,170.0
2015-11-03,2229595,403370385,186.5,175.0,183.0,10.0,1738,5269,175.0
2015-11-04,1152112,208977713,184.0,179.0,179.0,-4.0,982,5269,183.5
2015-11-05,629180,113386670,182.0,178.0,180.0,1.0,550,5269,181.0
2015-11-06,932385,164356066,181.5,174.5,175.0,-5.0,751,5269,181.5
2015-11-09,825177,141508444,177.5,168.0,169.0,-6.0,716,5269,175.0
2015-11-10,563000,95680000,173.0,166.5,169.5,0.5,492,5269,168.0
2015-11-11,1310548,217835276,172.5,160.0,161.5,-8.0,1045,5269,172.0
2015-11-12,1299006,212813005,167.5,159.0,166.5,5.0,1100,5269,163.5
2015-11-13,754002,124390827,168.0,162.5,162.5,-4.0,618,5269,165.0
2015-11-16,752075,121164412,163.5,158.0,163.5,1.0,622,5269,159.0
2015-11-17,1031000,173848000,171.5,166.0,166.0,2.5,789,5269,169.0
2015-11-18,486000,81212000,170.0,164.5,166.5,0.5,427,5269,168.0
2015-11-19,1197060,204687730,174.0,167.0,171.5,5.0,945,5269,168.0
2015-11-20,1482100,261721700,179.0,171.5,175.5,4.0,1190,5269,172.0
2015-11-23,1325100,237599900,183.0,177.0,177.5,2.0,1028,5269,178.5
2015-11-24,648030,112532220,178.0,171.5,172.0,-5.5,510,5269,177.0
2015-11-25,2391727,446205903,189.0,179.5,189.0,17.0,1372,5269,180.0
2015-11-26,2942100,551246900,191.0,182.5,185.0,-4.0,2047,5269,189.0
2015-11-27,4706312,912479404,199.0,187.0,190.5,5.5,3580,5269,187.0
2015-11-30,3170000,613107500,198.5,187.0,188.0,-2.5,2394,5269,192.5
2015-12-01,1257280,240720260,195.0,188.5,192.0,4.0,975,5269,195.0
2015-12-02,1473540,278375709,194.0,185.0,186.5,-5.5,1204,5269,193.0
2015-12-03,3189430,621750420,198.5,187.0,195.0,8.5,2369,5269,189.0
2015-12-04,6158769,1279748950,214.5,198.0,214.5,19.5,4330,5269,198.0
2015-12-07,5759294,1317816235,235.5,222.0,235.5,21.0,4257,5269,222.0
2015-12-08,4059754,909186880,232.0,218.0,220.0,-15.5,3253,5269,231.0
2015-12-09,7210267,1574590036,229.0,202.0,204.5,-15.5,5349,5269,224.0
2015-12-10,3367842,697635320,211.5,200.0,210.0,5.5,2625,5269,206.0
2015-12-11,4358210,909849210,219.5,192.5,197.5,-12.5,3428,5269,213.0
2015-12-14,2204496,438993700,203.5,194.0,198.5,1.0,1788,5269,197.5
2015-12-15,1905173,383490773,206.0,197.0,201.0,2.5,1546,5269,205.0
2015-12-16,1704440,337691120,203.5,195.5,197.0,-4.0,1389,5269,203.5
2015-12-17,3062954,639252432,214.0,199.5,208.0,11.0,2563,5269,199.5
2015-12-18,1908493,399012051,212.5,205.0,207.0,-1.0,1589,5269,207.0
2015-12-21,1657660,348972908,213.0,206.0,213.0,6.0,1357,5269,207.0
2015-12-22,4601338,1022040374,228.0,215.5,223.0,10.0,3648,5269,217.0
2015-12-23,2542075,556043325,230.5,208.0,209.0,-14.0,2130,5269,228.0
2015-12-24,1739748,366759580,216.0,206.5,209.5,0.5,1453,5269,212.5
2015-12-25,764568,161555267,213.5,208.5,213.5,4.0,652,5269,213.0
2015-12-28,1138030,246569950,219.5,214.5,215.0,1.5,969,5269,214.5
2015-12-29,894006,190246802,217.0,209.0,215.0,0.0,727,5269,216.5
2015-12-30,674500,144111000,217.0,211.0,211.0,-4.0,608,5269,217.0
2015-12-31,593050,125834700,214.0,209.0,214.0,3.0,501,5269,211.5
2016-01-04,1005000,210878000,216.5,207.0,207.0,-7.0,905,5269,215.0
2016-01-05,1380306,278384730,204.5,198.5,202.0,-5.0,1138,5269,202.5
2016-01-06,1690200,331326900,204.0,192.0,192.5,-9.5,1443,5269,204.0
2016-01-07,1857351,348110786,194.0,180.5,184.0,-8.5,1569,5269,191.5
2016-01-08,1906760,365416096,199.0,180.0,198.5,14.5,1676,5269,180.5
2016-01-11,1220400,236981200,198.0,189.0,196.0,-2.5,1071,5269,190.5
2016-01-12,1382402,271643080,203.5,190.5,190.5,-5.5,1218,5269,198.0
2016-01-13,750133,147024935,199.5,193.5,194.5,4.0,687,5269,196.5
2016-01-14,1031300,198386750,197.0,186.0,197.0,2.5,907,5269,190.0
2016-01-15,651100,128115900,201.5,195.0,195.0,-2.0,586,5269,200.5
2016-01-18,1430164,288380948,208.0,191.5,206.0,11.0,1208,5269,191.5
2016-01-19,847022,173833609,208.0,202.0,208.0,2.0,694,5269,204.0
2016-01-20,3491253,742637984,220.5,200.0,200.0,-8.0,2872,5269,215.0
2016-01-21,1847000,375136500,209.5,198.0,198.5,-1.5,1490,5269,208.0
2016-01-22,1214104,243261956,204.5,196.0,200.0,1.5,992,5269,203.5
2016-01-25,817000,166826000,207.5,201.5,203.5,3.5,748,5269,204.0
2016-01-26,864000,176559000,209.0,200.0,204.5,1.0,727,5269,201.0
2016-01-27,843606,171480700,208.5,199.5,200.0,-4.5,738,5269,207.5
2016-01-28,912600,185047700,205.0,199.0,202.5,2.5,775,5269,200.0
2016-01-29,1248046,258120735,209.5,202.5,207.5,5.0,1105,5269,202.5
2016-01-30,1188000,247749500,213.0,205.0,205.5,-2.0,1015,5269,211.5
2016-02-01,853300,173337000,207.5,201.0,201.0,-4.5,727,5269,206.5
2016-02-02,2825452,533032199,198.0,184.0,186.0,-15.0,2441,5269,198.0
2016-02-03,2994431,531634580,184.0,173.5,175.0,-11.0,2528,5269,181.0
2016-02-15,1320096,232906492,180.0,173.0,177.5,2.5,1094,5269,178.0
2016-02-16,1421104,260294740,186.0,179.5,184.0,6.5,1187,5269,182.0
2016-02-17,1040300,187829550,186.0,178.0,178.0,-6.0,851,5269,185.0
2016-02-18,1042000,189015500,184.5,179.5,180.0,2.0,892,5269,180.5
2016-02-19,657030,119106490,183.0,180.0,182.0,2.0,510,5269,180.5
2016-02-22,795050,143038425,184.5,176.5,178.0,-4.0,652,5269,183.5
2016-02-23,896070,159366565,182.0,176.0,178.0,0.0,743,5269,181.5
2016-02-24,1137001,197452178,178.0,171.0,172.0,-6.0,990,5269,178.0
2016-02-25,1525430,261525320,176.0,167.5,171.5,-0.5,1282,5269,174.0
2016-02-26,785726,133996488,174.0,167.5,171.5,0.0,688,5269,173.5
2016-03-01,1607500,275294749,175.0,168.0,169.0,-2.5,1239,5269,172.0
2016-03-02,1038605,177519850,173.0,169.5,170.0,1.0,893,5269,172.5
2016-03-03,3347208,599493249,183.0,172.0,181.5,11.5,2744,5269,172.0
2016-03-04,1379300,249149500,184.5,178.0,178.0,-3.5,1197,5269,183.0
2016-03-07,1359150,246054275,184.5,178.0,179.0,1.0,1077,5269,180.5
2016-03-08,585000,103801000,181.5,176.0,177.0,-2.0,480,5269,181.5
2016-03-09,856300,152975449,181.0,177.0,177.5,0.5,742,5269,178.0
2016-03-10,861660,154500480,182.0,177.5,177.5,0.0,718,5269,179.0
2016-03-11,558200,99200000,179.0,176.5,177.0,-0.5,454,5269,178.0
2016-03-14,692426,123040828,180.0,176.0,177.5,0.5,562,5269,180.0
2016-03-15,2714100,493897650,186.5,176.5,176.5,-1.0,2108,5269,180.0
2016-03-16,983156,175785846,181.0,177.5,178.0,1.5,838,5269,180.0
2016-03-17,1985400,359741800,184.5,178.0,178.0,0.0,1615,5269,180.0
2016-03-18,599216,106589664,180.0,176.5,177.5,-0.5,481,5269,179.0
2016-03-21,661500,118365000,181.5,177.0,178.5,1.0,498,5269,179.0
2016-03-22,940452,168503312,181.0,176.0,181.0,2.5,762,5269,181.0
2016-03-23,2890200,530524700,187.5,178.5,178.5,-2.5,2272,5269,182.0
2016-03-24,753202,133561557,180.0,175.0,176.0,-2.5,612,5269,179.5
2016-03-25,1522336,261686800,178.5,168.5,170.5,-5.5,1304,5269,178.5
2016-03-28,1155300,191359800,170.5,163.5,164.0,-6.5,973,5269,170.5
2016-03-29,714220,117767960,167.0,162.0,166.0,2.0,625,5269,164.0
2016-03-30,745524,125679152,171.0,165.5,171.0,5.0,561,5269,169.0
2016-03-31,356950,60573523,174.0,167.5,167.5,-3.5,315,5269,174.0
2016-04-01,364030,60329540,169.0,164.5,164.5,-3.0,319,5269,168.0
2016-04-06,484398,78112976,165.0,159.5,160.0,-4.5,418,5269,161.0
2016-04-07,1056552,164803456,161.5,153.0,154.0,-6.0,893,5269,160.5
2016-04-08,1781494,264262352,153.0,146.0,147.0,-7.0,1389,5269,153.0
2016-04-11,1053466,158363866,152.0,148.0,149.0,2.0,894,5269,150.0
2016-04-12,1008331,146616498,151.0,140.0,142.5,-6.5,864,5269,151.0
2016-04-13,521600,75491000,146.0,143.0,146.0,3.5,456,5269,145.0
2016-04-14,940384,141862443,152.5,147.5,150.5,4.5,804,5269,149.0
2016-04-15,352100,52776800,151.5,147.5,150.5,0.0,315,5269,150.5
2016-04-18,409002,60958797,151.0,147.5,148.5,-2.0,355,5269,150.5
2016-04-19,710100,103537800,150.0,143.5,145.0,-3.5,603,5269,149.5
2016-04-20,1833404,251691156,147.0,132.0,136.5,-8.5,1543,5269,147.0
2016-04-21,890001,120524635,139.0,134.0,135.0,-1.5,775,5269,139.0
2016-04-22,1473251,205114891,142.0,134.0,142.0,7.0,1270,5269,134.5
2016-04-25,2438730,364413730,151.5,147.0,148.0,6.0,1923,5269,149.5
2016-04-26,888250,130147500,149.0,144.0,149.0,1.0,764,5269,146.0
2016-04-27,740098,110374700,150.5,147.5,149.0,0.0,578,5269,150.0
2016-04-28,490600,72600200,150.5,146.5,148.0,-1.0,423,5269,150.5
2016-04-29,885350,130155000,150.5,143.0,149.5,1.5,694,5269,147.5
2016-05-03,936650,141081674,153.0,148.0,148.5,-1.0,750,5269,150.0
2016-05-04,831025,121274212,148.0,144.5,145.5,-3.0,673,5269,147.5
2016-05-05,495350,71823250,147.0,142.5,145.0,-0.5,419,5269,146.0
2016-05-06,960200,133814300,144.5,137.0,138.0,-7.0,796,5269,144.5
2016-05-09,945200,132200200,144.5,134.5,142.0,4.0,781,5269,138.0
2016-05-10,417300,58096700,141.0,136.5,140.0,-2.0,385,5269,140.0
2016-05-11,485500,68511750,143.0,139.5,139.5,-0.5,379,5269,142.0
2016-05-12,835500,114001000,140.5,132.5,134.0,-5.5,655,5269,137.0
2016-05-13,818050,112348100,141.0,132.5,141.0,7.0,740,5269,135.5
2016-05-16,575110,80838400,142.0,139.0,140.0,-1.0,504,5269,142.0
2016-05-17,526000,73401500,142.5,136.5,141.0,1.0,478,5269,140.0
2016-05-18,400050,56585050,144.0,139.0,140.0,-1.0,350,5269,139.0
2016-05-19,346240,47953380,142.0,136.5,136.5,-3.5,305,5269,140.0
2016-05-20,337300,46337700,138.5,135.0,138.0,1.5,294,5269,138.0
2016-05-23,1094327,159723896,151.0,139.5,149.0,11.0,904,5269,140.0
2016-05-24,799200,120266800,153.5,147.0,149.5,0.5,701,5269,149.5
2016-05-25,1623531,251039681,156.5,152.0,152.0,2.5,1241,5269,153.0
2016-05-26,2028242,321337736,160.5,155.0,159.0,7.0,1642,5269,156.5
2016-05-27,531800,84646900,161.0,158.0,159.0,0.0,456,5269,158.5
2016-05-30,558500,88583250,160.0,157.0,159.0,0.0,432,5269,160.0
2016-05-31,1093845,177826855,165.5,159.0,160.0,1.0,892,5269,159.5
2016-06-01,785600,124893100,162.0,157.0,157.0,-3.0,650,5269,159.0
2016-06-02,640850,98272050,157.5,151.0,151.0,-6.0,550,5269,157.0
2016-06-03,551450,83947250,155.0,149.5,155.0,4.0,465,5269,152.0
2016-06-04,715095,113471820,161.0,156.0,156.0,1.0,610,5269,160.0
2016-06-06,304000,47054500,157.5,153.5,154.5,-1.5,277,5269,155.5
2016-06-07,1263150,201932350,163.0,157.0,159.0,4.5,1040,5269,159.0
2016-06-08,763100,118649600,158.5,154.0,154.5,-4.5,646,5269,158.0
2016-06-13,441100,67578500,154.5,151.5,153.0,-1.5,323,5269,154.0
2016-06-14,310165,47934575,155.5,152.0,155.5,2.5,265,5269,152.0
2016-06-15,879447,139332349,160.5,156.0,158.5,3.0,763,5269,157.0
2016-06-16,413050,64076225,158.5,153.5,154.5,-4.0,365,5269,158.5
2016-06-17,262454,40820278,157.0,154.5,154.5,0.0,232,5269,156.5
2016-06-20,413106,64471430,158.0,154.5,155.5,1.0,306,5269,158.0
2016-06-21,589400,92919200,160.0,155.5,159.0,3.5,481,5269,156.5
2016-06-22,2549390,417083510,166.5,160.0,160.0,1.0,1968,5269,162.0
2016-06-23,401168,63613044,161.0,157.0,157.0,-3.0,344,5269,160.0
2016-06-24,752501,115340652,158.5,149.5,150.5,-6.5,658,5269,158.5
2016-06-27,841576,126245824,152.5,149.0,149.0,-1.5,685,5269,150.0
2016-06-28,400299,60238948,151.5,147.5,151.0,2.0,343,5269,150.0
2016-06-29,382000,57994000,153.0,150.5,151.0,0.0,314,5269,152.0
2016-06-30,473010,72334525,154.5,151.0,152.5,1.5,390,5269,152.5
2016-07-01,290144,44243600,154.5,151.0,151.0,-1.5,252,5269,153.5
2016-07-04,215100,32696649,153.5,151.0,151.5,0.5,185,5269,153.0
2016-07-05,183000,27763000,153.0,151.0,151.5,0.0,153,5269,153.0
2016-07-06,452050,66589850,150.0,146.0,146.5,-5.0,399,5269,150.0
2016-07-07,209275,30809700,148.0,146.5,147.0,0.5,194,5269,147.0
2016-07-11,309500,46651500,152.5,149.5,150.5,3.5,273,5269,150.0
2016-07-12,669470,102806290,155.5,151.0,155.5,5.0,570,5269,152.0
2016-07-13,1878575,300975560,163.0,157.5,157.5,2.0,1502,5269,159.0
2016-07-14,481144,75529035,159.0,155.5,156.5,-1.0,401,5269,155.5
2016-07-15,518046,82225860,160.5,157.0,158.5,2.0,415,5269,158.0
2016-07-18,328053,52033874,160.0,157.0,159.0,0.5,282,5269,160.0
2016-07-19,1572977,255959843,165.5,159.0,159.5,0.5,1193,5269,163.0
2016-07-20,423101,66745958,160.0,156.5,156.5,-3.0,333,5269,160.0
2016-07-21,327634,51936172,159.5,157.5,159.0,2.5,267,5269,158.5
2016-07-22,170000,26959500,159.5,158.0,158.0,-1.0,137,5269,159.5
2016-07-25,460200,73720998,162.5,157.5,162.5,4.5,400,5269,160.0
2016-07-26,4432108,752933735,176.5,164.0,173.5,11.0,3288,5269,164.0
2016-07-27,2623376,463911548,180.5,173.0,173.0,-0.5,1925,5269,176.5
2016-07-28,1058800,182592800,175.5,169.5,172.5,-0.5,826,5269,174.5
2016-07-29,1477346,261217704,179.0,174.0,175.0,2.5,1166,5269,174.0
2016-08-01,1255300,224525700,180.5,176.5,180.0,5.0,989,5269,178.0
2016-08-02,1524398,276307142,184.5,177.5,177.5,-2.5,1211,5269,182.0
2016-08-03,1018501,183124682,182.0,175.5,180.5,3.0,828,5269,175.5
2016-08-04,3645963,715849655,198.5,188.0,198.5,18.0,2228,5269,190.0
2016-08-05,1638322,324087413,201.0,194.5,197.0,-1.5,1304,5269,200.5
2016-08-08,935356,185242632,200.5,195.5,196.5,-0.5,760,5269,198.0
2016-08-09,3183316,615083776,204.0,181.0,184.5,-12.0,2441,5269,201.0
2016-08-10,1649230,311916660,194.0,183.5,190.5,6.0,1275,5269,186.5
2016-08-11,1359200,257036600,194.0,183.0,192.0,1.5,1089,5269,190.5
2016-08-12,2924839,580576056,202.0,191.5,202.0,10.0,2070,5269,194.0
2016-08-15,1034518,208795082,204.0,199.0,199.0,-3.0,820,5269,203.5
2016-08-16,2184449,447726698,209.5,200.0,201.5,2.5,1711,5269,200.5
2016-08-17,1185500,236480250,204.5,196.0,198.0,-3.5,892,5269,203.0
2016-08-18,2195493,440240079,204.5,195.0,203.0,0.0,1696,5269,196.0
2016-08-19,2230489,455730800,207.0,200.5,200.5,-2.5,1634,5269,205.0
2016-08-22,1080092,216896492,203.5,197.0,202.5,2.0,823,5269,203.5
2016-08-23,1269015,260087575,207.5,200.5,205.0,2.5,988,5269,203.0
2016-08-24,1038530,210827590,205.0,200.0,204.0,-1.0,782,5269,205.0
2016-08-25,1397215,287839075,209.5,203.0,205.0,1.0,1045,5269,204.0
2016-08-26,827101,170435806,208.5,204.5,206.0,1.0,625,5269,205.0
2016-08-29,916125,189760000,210.0,203.0,210.0,4.0,706,5269,205.0
2016-08-30,3825507,847637575,229.0,212.0,226.0,16.0,3106,5269,212.0
2016-08-31,2066569,471136870,231.0,223.5,230.0,4.0,1644,5269,228.0
2016-09-01,1054100,240333800,231.5,225.0,228.0,-2.0,842,5269,230.0
2016-09-02,2886553,668353531,238.5,225.0,227.0,-1.0,2310,5269,231.5
2016-09-05,2298805,544911615,244.5,228.0,244.5,17.5,1906,5269,233.5
2016-09-06,1966621,481869333,250.0,241.5,245.0,0.5,1677,5269,244.0
2016-09-07,1583818,392974136,252.5,243.0,252.5,7.5,1250,5269,244.5
2016-09-08,1177466,297828330,256.0,250.0,256.0,3.5,950,5269,250.0
2016-09-09,1198625,308948875,260.5,253.0,260.0,4.0,1009,5269,255.0
2016-09-10,1533445,383520305,255.0,244.5,249.0,-11.0,1271,5269,252.0
2016-09-12,2102980,534102540,260.5,246.0,246.0,-3.0,1679,5269,257.0
2016-09-13,1702681,423344888,254.0,242.5,248.0,2.0,1353,5269,254.0
2016-09-14,977670,245352680,256.0,246.0,256.0,8.0,818,5269,248.0
2016-09-19,1694687,448238681,268.0,260.5,265.0,9.0,1378,5269,262.0
2016-09-20,750240,196665238,265.5,258.0,265.5,0.5,668,5269,261.0
2016-09-21,849200,222929100,267.5,259.5,262.5,-3.0,703,5269,267.5
2016-09-22,1498236,399038248,270.5,259.5,269.0,6.5,1298,5269,264.0
2016-09-23,842545,227042197,273.0,267.0,267.0,-2.0,769,5269,268.0
2016-09-26,538485,144020980,269.5,265.5,266.0,-1.0,442,5269,268.0
2016-09-29,914505,249278855,274.5,269.5,272.5,6.5,795,5269,272.0
2016-09-30,532246,144291412,274.0,269.0,272.0,-0.5,445,5269,270.5
2016-10-03,1062193,293661347,280.5,270.5,279.0,7.0,881,5269,275.5
2016-10-04,1031598,290102538,284.0,277.0,278.5,-0.5,819,5269,281.0
2016-10-05,795165,219238291,281.0,273.0,274.5,-4.0,667,5269,280.0
2016-10-06,408230,111509830,277.0,271.5,273.0,-1.5,356,5269,277.0
2016-10-07,1350000,377509000,283.0,275.0,281.0,8.0,1160,5269,276.0
2016-10-11,2006370,557297783,289.5,265.0,278.5,-2.5,1703,5269,289.0
2016-10-12,816765,224459492,278.5,272.0,275.0,-3.5,684,5269,277.0
2016-10-13,2708214,699573889,278.5,247.5,249.5,-25.5,2377,5269,278.0
2016-10-14,2536233,626992949,255.0,240.0,255.0,5.5,2018,5269,245.0
2016-10-17,1490030,369619090,253.0,240.0,251.5,-3.5,1234,5269,252.5
2016-10-18,781150,195817424,254.5,246.5,251.0,-0.5,662,5269,251.5
2016-10-19,809500,205386500,256.5,251.0,253.5,2.5,668,5269,255.0
2016-10-20,499028,126101013,255.5,249.5,252.0,-1.5,452,5269,252.0
2016-10-21,1572442,408917256,265.0,252.5,257.0,5.0,1291,5269,253.0
2016-10-24,515011,133432827,260.5,256.5,259.0,2.0,473,5269,260.0
2016-10-25,739100,193974400,264.5,259.0,259.0,0.0,619,5269,260.5
2016-10-26,416070,107746060,261.5,257.5,258.0,-1.0,360,5269,259.0
2016-10-27,304040,78237200,259.5,255.5,257.0,-1.0,263,5269,257.0
2016-10-28,856417,213773706,257.0,246.0,248.0,-9.0,761,5269,255.5
2016-10-31,621020,152130470,247.5,241.0,246.5,-1.5,541,5269,245.0
2016-11-01,491100,122489300,252.0,243.5,247.5,1.0,445,5269,245.5
2016-11-02,1258466,298345078,245.0,230.0,233.0,-14.5,1041,5269,244.0
2016-11-03,2181046,485130166,235.0,214.0,219.5,-13.5,1814,5269,232.5
2016-11-04,2007216,460300584,240.5,217.5,235.0,15.5,1711,5269,221.0
2016-11-07,1084050,258475975,240.5,236.0,237.5,2.5,953,5269,236.0
2016-11-08,727010,172306360,241.5,233.0,237.0,-0.5,620,5269,240.0
2016-11-09,1208385,274831855,239.0,222.0,223.0,-14.0,1044,5269,238.5
2016-11-10,1125017,267328046,243.0,231.5,240.0,17.0,957,5269,237.0
2016-11-11,1392911,317584119,232.5,224.5,231.0,-9.0,1204,5269,228.0
2016-11-14,1159326,271366132,238.5,229.0,234.0,3.0,1006,5269,231.0
2016-11-15,770239,181039665,237.5,231.5,236.5,2.5,624,5269,233.0
2016-11-16,1004897,241381295,244.5,236.0,236.0,-0.5,840,5269,239.5
2016-11-17,851502,203259482,242.0,233.0,242.0,6.0,666,5269,235.0
2016-11-18,2251535,575251065,265.0,241.0,260.0,18.0,1847,5269,241.5
2016-11-21,1863618,494206888,268.5,258.0,267.0,7.0,1557,5269,258.0
2016-11-22,1189290,319379770,274.0,264.0,265.0,-2.0,983,5269,269.0
2016-11-23,694080,184325360,268.5,263.0,267.0,2.0,527,5269,268.5
2016-11-24,587063,154687069,268.0,260.5,263.0,-4.0,508,5269,266.0
2016-11-25,521065,137097062,265.0,261.0,263.0,0.0,474,5269,265.0
2016-11-28,755135,194335127,264.5,253.5,256.0,-7.0,636,5269,263.5
2016-11-29,676655,172891075,260.5,251.5,260.5,4.5,603,5269,255.0
2016-11-30,549030,143684950,264.0,258.0,263.0,2.5,447,5269,262.0
2016-12-01,1467460,389031140,272.0,258.5,259.5,-3.5,1225,5269,264.5
2016-12-02,507020,129485089,258.5,254.0,255.5,-4.0,448,5269,255.5
2016-12-05,333000,85179000,259.0,251.0,259.0,3.5,281,5269,255.5
2016-12-06,502150,132158650,267.0,260.5,262.5,3.5,457,5269,261.0
2016-12-07,407100,107129300,266.5,260.0,260.0,-2.5,348,5269,266.0
2016-12-08,620000,164210000,267.5,262.5,263.0,3.0,507,5269,264.5
2016-12-09,510669,136128954,268.0,264.5,267.5,4.5,455,5269,267.0
2016-12-12,756269,198032171,268.0,259.0,260.5,-7.0,649,5269,267.5
2016-12-13,308291,80963258,265.5,260.0,265.5,5.0,266,5269,262.5
2016-12-14,765208,205463244,271.5,263.0,269.5,4.0,614,5269,266.0
2016-12-15,1560128,423314483,280.0,261.5,265.5,-4.0,1359,5269,277.0
2016-12-16,565000,148952500,266.0,260.0,265.0,-0.5,469,5269,264.0
2016-12-19,1189325,304321737,265.0,249.5,249.5,-15.5,1028,5269,264.5
2016-12-20,812235,200943162,252.0,243.5,245.5,-4.0,733,5269,247.0
2016-12-21,635020,159176050,254.5,247.0,252.5,7.0,527,5269,248.0
2016-12-22,271250,67844750,253.0,248.0,249.0,-3.5,247,5269,253.0
2016-12-23,204165,51051085,253.0,246.0,250.0,1.0,183,5269,250.5
2016-12-26,118004,29479498,252.0,247.5,250.0,0.0,108,5269,252.0
2016-12-27,157185,39033842,251.5,246.5,248.5,-1.5,144,5269,251.5
2016-12-28,878806,226873060,262.0,250.0,262.0,13.5,731,5269,250.0
2016-12-29,768193,203158531,267.0,259.5,267.0,5.0,669,5269,260.0
2016-12-30,819211,220781997,272.0,265.5,270.0,3.0,696,5269,267.0
2017-01-03,777200,214260500,280.0,267.5,275.0,5.0,646,5269,270.0
2017-01-04,445110,122213700,278.0,271.0,272.0,-3.0,397,5269,277.5
2017-01-05,2335251,678314549,299.0,273.0,299.0,27.0,1800,5269,274.5
2017-01-06,1884683,572079877,308.5,296.0,305.0,6.0,1658,5269,303.0
2017-01-09,1088660,323279040,308.5,288.5,295.5,-9.5,980,5269,305.0
2017-01-10,925459,274554216,304.5,290.0,291.0,-4.5,854,5269,296.0
2017-01-11,3081365,940441546,317.5,293.0,300.5,9.5,2534,5269,298.5
2017-01-12,1417701,432340413,310.0,299.5,310.0,9.5,1231,5269,303.0
2017-01-13,1020144,310196276,310.0,301.0,302.0,-8.0,880,5269,309.5
2017-01-16,620553,182757688,300.0,291.5,293.0,-9.0,550,5269,300.0
2017-01-17,700100,208123600,301.5,293.0,297.0,4.0,599,5269,296.5
2017-01-18,679099,199017804,295.5,291.5,292.0,-5.0,556,5269,294.0
2017-01-19,719520,209641458,297.0,287.5,287.5,-4.5,662,5269,291.5
2017-01-20,3687893,1139888562,316.0,290.0,315.0,27.5,2791,5269,290.0
2017-01-23,2537652,807644336,329.0,306.5,306.5,-8.5,2189,5269,315.0
2017-01-24,923300,286189900,315.5,306.5,308.0,1.5,847,5269,311.0
2017-02-02,1953341,640824740,338.5,310.5,336.0,28.0,1650,5269,318.0
2017-02-03,1233242,408575118,340.5,324.0,326.0,-10.0,1097,5269,336.0
2017-02-06,1369330,433170450,329.5,310.0,315.0,-11.0,1182,5269,324.5
2017-02-07,1597230,509725100,325.5,312.5,317.5,2.5,1357,5269,319.5
2017-02-08,1158219,368037970,323.0,310.5,317.5,0.0,959,5269,320.0
2017-02-09,1683290,548061250,333.0,317.0,317.0,-0.5,1456,5269,328.0
2017-02-10,1926156,629130324,332.5,312.0,330.0,13.0,1770,5269,320.0
2017-02-13,1030905,334746765,330.0,318.0,323.5,-6.5,950,5269,330.0
2017-02-14,1151165,378060372,332.0,323.0,328.0,4.5,1046,5269,324.5
2017-02-15,3923366,1357481940,356.5,328.0,341.0,13.0,3368,5269,328.0
2017-02-16,903450,304547200,344.5,333.0,335.0,-6.0,801,5269,344.5
2017-02-17,814200,272522300,340.0,328.0,333.0,-2.0,745,5269,333.0
2017-02-18,887393,302561013,347.5,334.0,339.0,6.0,795,5269,335.5
2017-02-20,1039183,356103305,350.5,335.0,335.0,-4.0,939,5269,345.0
2017-02-21,1178200,383536800,339.0,316.5,326.5,-8.5,1071,5269,337.5
2017-02-22,706450,230921575,335.0,321.0,323.0,-3.5,650,5269,329.5
2017-02-23,809312,260188840,329.0,317.5,319.0,-4.0,728,5269,325.5
2017-02-24,741262,238023519,328.0,315.0,325.0,6.0,703,5269,322.0
2017-04-05,172010,55133730,325.0,318.0,320.0,0.0,166,5269,321.0
2017-04-06,244129,77357909,319.0,315.5,316.0,-4.0,240,5269,316.5
2017-04-07,486099,155294526,324.5,314.0,323.0,7.0,455,5269,314.5
2017-04-10,414150,134023775,327.5,318.0,327.0,4.0,379,5269,322.5
2017-04-11,995385,312185775,323.5,300.0,306.0,-21.0,890,5269,323.5
2017-04-12,691055,211459825,310.5,301.5,309.0,3.0,622,5269,302.0
2017-04-13,892290,270182400,315.0,296.0,299.0,-10.0,790,5269,309.0
2017-04-14,2474255,685257360,301.0,269.5,269.5,-29.5,2147,5269,299.0
2017-04-17,1676010,444556800,274.5,253.5,274.5,5.0,1519,5269,267.0
2017-04-18,1011150,284853950,285.5,275.0,285.0,10.5,913,5269,278.0
2017-04-19,577050,162534950,285.0,278.5,284.5,-0.5,514,5269,279.0
2017-04-20,1158107,338519118,297.0,279.0,295.0,10.5,1031,5269,279.0
2017-04-21,547200,163070800,302.0,295.5,296.0,1.0,510,5269,297.5
2017-04-24,370370,110721685,301.5,296.0,300.5,4.5,363,5269,298.5
2017-04-25,329112,98712772,303.5,297.0,300.0,-0.5,325,5269,302.0
2017-04-26,335400,101247800,305.0,297.5,303.5,3.5,300,5269,302.5
2017-04-27,193055,58447191,304.5,301.5,303.5,0.0,179,5269,303.5
2017-04-28,777100,243734700,319.5,302.0,313.0,9.5,696,5269,302.0
2017-05-02,291366,90458094,316.5,305.0,306.0,-7.0,273,5269,313.0
2017-05-03,820064,247026148,307.5,297.0,304.0,-2.0,719,5269,297.0
2017-05-04,1377241,435430571,323.0,309.0,313.0,9.0,1199,5269,309.0
2017-05-05,352159,110638426,316.5,311.5,314.0,1.0,301,5269,314.0
2017-05-08,298100,92627500,315.5,308.0,309.0,-5.0,281,5269,314.0
2017-05-09,675323,212748568,318.5,309.5,318.0,9.0,584,5269,310.0
2017-05-10,257248,81442860,318.5,313.0,316.5,-1.5,247,5269,317.0
2017-05-11,1258341,409665653,329.0,319.5,325.5,9.0,1054,5269,319.5
2017-05-12,559141,181113035,327.5,320.0,325.5,0.0,478,5269,325.0
2017-05-15,356100,115933200,330.0,321.0,321.0,-4.5,329,5269,327.0
2017-05-16,484000,157681000,328.5,321.0,325.0,4.0,409,5269,324.5
2017-05-17,592050,190485375,327.0,318.0,319.0,-6.0,471,5269,325.0
2017-05-18,377026,118604820,318.0,310.0,315.0,-4.0,335,5269,310.0
2017-05-19,296350,94829050,324.0,316.0,320.0,5.0,267,5269,320.0
2017-05-22,152001,48531852,324.0,315.5,315.5,-4.5,145,5269,320.0
2017-05-23,170000,53752500,318.0,315.0,315.0,-0.5,157,5269,315.5
2017-05-24,735070,239908250,329.0,320.0,325.0,10.0,665,5269,320.0
2017-05-25,241049,78486023,328.0,323.0,324.5,-0.5,227,5269,326.0
2017-05-26,178150,57724800,327.5,321.0,321.5,-3.0,176,5269,326.5
2017-05-31,266245,84122155,322.5,312.5,315.0,-6.5,250,5269,320.0
2017-06-01,235330,74354935,319.5,314.0,314.5,-0.5,220,5269,317.0
2017-06-02,345053,109868960,320.5,315.0,320.5,6.0,291,5269,316.5
2017-06-03,754420,243839580,327.5,320.0,323.5,3.0,583,5269,323.5
2017-06-05,1015499,335156918,333.0,325.0,330.5,7.0,812,5269,325.5
2017-06-06,1267383,426600773,346.0,328.5,330.0,-0.5,1130,5269,333.0
2017-06-07,290250,96179625,335.0,330.0,330.5,0.5,267,5269,333.0
2017-06-08,262000,85922500,333.5,325.5,327.0,-3.5,254,5269,331.5
2017-06-09,482060,154544070,329.5,315.5,315.5,-11.5,419,5269,328.0
2017-06-12,674200,211533400,318.5,308.5,316.5,1.0,631,5269,318.5
2017-06-13,371000,116178500,318.5,310.5,311.5,-5.0,334,5269,316.5
2017-06-14,444330,136222300,314.5,300.0,304.5,-7.0,411,5269,312.5
2017-06-15,846239,254335722,306.5,297.0,299.0,-5.5,740,5269,304.0
2017-06-16,1327389,412844147,323.0,295.5,323.0,24.0,1088,5269,300.0
2017-06-19,485619,154982245,320.5,317.0,320.0,-3.0,459,5269,320.0
2017-06-20,364380,116716029,323.5,318.5,318.5,-1.5,344,5269,320.5
2017-06-21,216180,68744829,319.5,315.5,319.5,1.0,203,5269,318.5
2017-06-22,878190,286800180,331.0,321.0,321.0,1.5,745,5269,328.5
2017-06-23,217030,69548040,323.5,318.5,319.5,-1.5,188,5269,320.0
2017-06-26,172040,54906300,320.5,316.5,320.0,0.5,165,5269,320.0
2017-06-27,181102,57612538,321.0,316.0,317.0,-3.0,175,5269,320.0
2017-06-28,196000,62298000,320.0,316.0,317.0,0.0,190,5269,319.5
2017-06-29,133024,42082608,319.5,314.5,315.0,-2.0,129,5269,319.5
2017-06-30,200002,62176637,315.5,307.0,315.5,0.5,191,5269,310.0
2017-07-03,193130,61003450,318.0,312.5,314.5,-1.0,190,5269,314.0
2017-07-04,398010,127288675,322.5,315.0,319.0,4.5,364,5269,315.0
2017-07-05,534300,173235300,326.0,318.0,324.0,5.0,487,5269,318.0
2017-07-06,555309,182662852,331.0,326.0,330.0,6.0,484,5269,327.0
2017-07-07,1430300,480186650,344.0,326.5,327.0,-3.0,1247,5269,330.0
2017-07-10,722014,240628627,338.0,328.0,331.5,4.5,655,5269,330.0
2017-07-11,551216,180975132,332.0,326.0,326.0,-5.5,496,5269,330.0
2017-07-12,548100,180936000,336.0,326.5,328.0,2.0,509,5269,326.5
2017-07-13,884600,295900598,338.5,328.5,333.5,5.5,787,5269,332.5
2017-07-14,2759457,984437488,366.5,333.5,366.5,33.0,2185,5269,334.0
2017-07-17,2946784,1136869941,396.0,377.0,381.0,14.5,2697,5269,379.5
2017-07-18,1665830,643454743,392.5,380.5,384.5,3.5,1558,5269,388.0
2017-07-19,1503795,583949050,395.0,380.0,384.5,0.0,1403,5269,384.5
2017-07-20,1055753,405719399,394.5,371.0,382.0,-2.5,943,5269,389.5
2017-07-21,652576,248152488,388.0,376.0,382.0,0.0,587,5269,379.0
2017-07-24,1363693,531265542,395.0,380.5,393.5,11.5,1275,5269,388.5
2017-07-25,1286630,512067090,408.5,390.0,390.0,-3.5,1163,5269,404.0
2017-07-26,2488341,1023450289,429.0,392.0,426.0,36.0,2272,5269,395.0
2017-07-27,2007232,863314188,437.0,422.0,434.0,8.0,1774,5269,430.0
2017-07-28,1246769,517741714,428.0,401.0,402.5,-31.5,1182,5269,425.0
2017-07-31,1210505,482573000,411.0,388.5,396.0,-6.5,1125,5269,406.0
2017-08-01,3217140,1207301700,396.5,366.5,373.0,-23.0,2793,5269,396.5
2017-08-02,1594871,595955625,380.0,367.0,371.5,-1.5,1488,5269,379.0
2017-08-03,2140732,768153721,368.5,349.0,352.0,-19.5,1907,5269,367.0
2017-08-04,1484305,532239240,362.0,352.0,362.0,10.0,1291,5269,352.0
2017-08-07,996154,359335594,365.5,358.5,358.5,-3.5,870,5269,362.5
2017-08-08,738427,261616731,363.0,351.0,351.0,-7.5,659,5269,363.0
2017-08-09,784212,274069776,359.0,344.0,345.0,-6.0,721,5269,355.0
2017-08-10,1530938,510692040,348.5,326.0,327.0,-18.0,1271,5269,348.5
2017-08-11,1353290,455424340,345.0,328.5,345.0,18.0,1155,5269,331.0
2017-08-14,2467903,800674460,351.0,310.5,310.5,-34.5,2145,5269,342.5
2017-08-15,1897656,609637948,329.5,313.0,325.0,14.5,1635,5269,322.0
2017-08-16,735530,235550610,325.0,315.0,320.0,-5.0,662,5269,325.0
2017-08-17,981551,322434330,333.0,324.5,326.5,6.5,891,5269,324.5
2017-08-18,1293694,410385202,324.0,311.0,324.0,-2.5,1115,5269,315.0
2017-08-21,501707,159543826,325.0,314.0,318.0,-6.0,450,5269,325.0
2017-08-22,659418,213552268,328.0,319.5,325.0,7.0,595,5269,322.0
2017-08-23,1812095,606499920,340.0,330.5,333.0,8.0,1379,5269,338.0
2017-08-24,1670649,530404342,324.5,313.0,313.0,0.0,1468,5269,316.0
2017-08-25,562157,175916455,317.0,310.0,310.5,-2.5,513,5269,315.0
2017-08-28,895700,285783200,322.5,312.5,317.5,7.0,803,5269,315.0
2017-08-29,585894,187334368,324.5,317.0,317.0,-0.5,525,5269,324.5
2017-08-30,465219,147489249,322.5,313.5,313.5,-3.5,432,5269,322.0
2017-08-31,569490,181392300,321.5,316.0,319.0,5.5,525,5269,317.0
2017-09-01,1888843,626305905,336.0,322.0,335.0,16.0,1710,5269,324.5
2017-09-04,809843,267657033,335.5,328.0,328.0,-7.0,751,5269,328.0
2017-09-05,903092,297560676,334.5,327.0,327.0,-1.0,740,5269,333.0
2017-09-06,960050,315171825,334.0,323.0,325.0,-2.0,809,5269,330.0
2017-09-07,1071116,354272721,335.5,326.0,329.5,4.5,951,5269,329.5
2017-09-08,811045,269478049,335.5,325.0,335.5,6.0,719,5269,332.0
2017-09-11,1702586,555649638,333.0,318.0,332.5,-3.0,1537,5269,322.0
2017-09-12,2701453,953629271,364.5,336.0,350.0,17.5,2431,5269,339.0
2017-09-13,1115928,383985340,356.5,338.0,339.5,-10.5,1029,5269,352.0
2017-09-14,2268025,801906900,358.0,349.5,356.0,16.5,1856,5269,355.0
2017-09-15,1489322,530908344,365.0,350.5,351.0,-5.0,1293,5269,358.0
2017-09-18,513200,180111600,353.5,347.0,353.0,2.0,471,5269,353.0
2017-09-19,809110,287028720,360.0,348.0,348.0,-5.0,691,5269,354.0
2017-09-20,536231,187740812,354.5,345.5,352.0,4.0,498,5269,350.0
2017-09-21,751206,267842660,362.0,352.0,360.0,8.0,630,5269,355.0
2017-09-22,1140510,402938560,363.5,344.0,345.0,-15.0,944,5269,360.0
2017-09-25,753163,253368757,348.0,331.5,331.5,-13.5,690,5269,348.0
2017-09-26,627255,204488375,333.5,318.5,320.0,-11.5,575,5269,332.0
2017-09-27,748432,248853880,340.0,322.0,340.0,20.0,675,5269,322.0
2017-09-28,514626,173629383,345.0,333.0,338.5,-1.5,557,5269,339.5
2017-09-29,645833,219861630,346.5,332.0,344.0,5.5,705,5269,333.5
2017-09-30,717362,252225062,356.0,345.0,353.5,9.5,748,5269,349.0
2017-10-02,3278907,1226692635,388.5,359.0,388.5,35.0,2977,5269,360.0
2017-10-03,2423874,941956250,405.0,375.5,375.5,-13.0,2341,5269,391.0
2017-10-05,1081378,413350896,387.5,377.0,384.0,8.5,1049,5269,380.0
2017-10-06,696453,265644597,389.5,377.5,377.5,-6.5,691,5269,386.0
2017-10-11,1039848,382928936,380.0,361.5,365.5,-12.0,1001,5269,377.5
2017-10-12,863049,314324140,372.5,358.5,360.0,-5.5,824,5269,369.0
2017-10-13,984564,357994383,370.0,360.0,361.5,1.5,895,5269,362.0
2017-10-16,694538,252878980,369.5,358.0,358.0,-3.5,673,5269,367.0
2017-10-17,2584731,867979923,364.0,324.0,329.0,-29.0,2303,5269,361.0
2017-10-18,1047088,343627776,335.0,323.0,326.0,-3.0,974,5269,331.5
2017-10-19,636562,211496237,338.0,328.0,330.5,4.5,587,5269,329.5
2017-10-20,753934,249272692,336.5,321.5,336.5,6.0,705,5269,327.5
2017-10-23,385720,129414279,338.0,331.5,336.5,0.0,379,5269,336.5
2017-10-24,593016,199408100,341.5,329.0,339.0,2.5,522,5269,337.5
2017-10-25,2239454,727122096,333.5,319.0,323.0,-16.0,2050,5269,331.0
2017-10-26,1297075,428492850,337.5,323.0,337.5,14.5,1144,5269,325.0
2017-10-27,1799873,615367386,349.0,331.0,335.5,-2.0,1587,5269,339.5
2017-10-30,653781,221273303,345.0,335.5,336.5,1.0,575,5269,343.5
2017-10-31,1108343,368104591,339.0,328.0,337.0,0.5,979,5269,337.5
2017-11-01,1142485,389830870,345.0,334.0,344.0,7.0,1003,5269,339.0
2017-11-02,1268903,443515400,353.5,340.5,352.5,8.5,1159,5269,344.0
2017-11-03,885147,310198244,357.0,343.0,353.0,0.5,829,5269,357.0
2017-11-06,409813,143497363,355.5,348.0,351.0,-2.0,366,5269,355.0
2017-11-07,699426,249123452,360.5,351.0,355.0,4.0,643,5269,356.0
2017-11-08,1368410,498197790,374.0,352.5,369.5,14.5,1261,5269,359.0
2017-11-09,1061258,387506090,377.0,355.0,355.0,-14.5,961,5269,370.5
2017-11-10,679133,243096646,364.5,349.0,363.5,8.5,613,5269,355.0
2017-11-13,694600,249895200,363.5,355.0,360.0,-3.5,596,5269,360.0
2017-11-14,611932,220909316,365.0,355.0,365.0,5.0,570,5269,363.0
2017-11-15,448854,162324720,364.5,359.0,363.0,-2.0,384,5269,363.5
2017-11-16,500770,179443120,364.0,353.0,358.0,-5.0,439,5269,363.0
2017-11-17,1836792,688323266,382.0,365.0,381.0,23.0,1629,5269,365.0
2017-11-20,550684,208066236,382.5,374.0,381.0,0.0,524,5269,379.5
2017-11-21,823484,314300694,387.0,378.0,379.5,-1.5,789,5269,384.5
2017-11-22,761410,282387150,382.5,361.0,365.0,-14.5,704,5269,381.0
2017-11-23,506107,183317627,370.0,360.0,363.0,-2.0,475,5269,370.0
2017-11-24,426136,156955208,374.0,361.0,365.5,2.5,390,5269,361.0
2017-11-27,250260,91635749,371.5,362.5,362.5,-3.0,256,5269,370.0
2017-11-28,498675,178917310,364.5,355.0,356.0,-6.5,441,5269,362.0
2017-11-29,429394,154062840,361.5,355.0,360.0,4.0,379,5269,360.0
2017-11-30,661026,232382678,356.0,346.0,353.0,-7.0,551,5269,355.5
2017-12-01,595351,206733595,357.0,340.5,344.0,-9.0,525,5269,354.0
2017-12-04,227606,78495055,349.0,341.0,342.5,-1.5,216,5269,342.0
2017-12-05,478867,161270844,344.0,330.0,332.0,-10.5,436,5269,342.5
2017-12-06,511920,170517280,337.5,330.5,334.0,2.0,421,5269,331.0
2017-12-07,189668,62941438,336.0,328.0,331.5,-2.5,190,5269,334.0
2017-12-08,1016171,356882117,363.0,335.5,356.0,24.5,892,5269,339.0
2017-12-11,1844930,690770110,384.0,364.5,378.5,22.5,1557,5269,370.0
2017-12-12,945156,357520000,384.0,371.0,375.5,-3.0,857,5269,380.0
2017-12-13,670298,249085617,381.5,365.0,365.0,-10.5,636,5269,378.5
2017-12-14,909283,336877433,376.0,365.5,367.0,2.0,821,5269,370.0
2017-12-15,1911468,717100118,384.0,363.5,363.5,-3.5,1696,5269,374.0
2017-12-18,503196,183131256,369.0,361.0,363.0,-0.5,471,5269,369.0
2017-12-19,962754,356715585,378.0,365.0,367.0,4.0,918,5269,371.0
2017-12-20,351389,128471677,369.0,363.5,365.0,-2.0,343,5269,367.0
2017-12-21,219941,80476699,368.5,363.5,366.0,1.0,219,5269,366.5
2017-12-22,302211,110690226,373.0,362.0,362.5,-3.5,287,5269,372.0
2017-12-25,286576,104933316,372.0,361.5,369.0,6.5,274,5269,366.0
2017-12-26,406188,145046584,368.5,351.0,356.0,-13.0,381,5269,367.5
2017-12-27,208508,74060324,360.0,352.0,352.0,-4.0,205,5269,360.0
2017-12-28,133600,47517200,357.0,353.0,356.5,4.5,131,5269,355.0
2017-12-29,412615,150605975,368.5,359.5,364.0,7.5,394,5269,359.5
2018-01-02,197236,70716105,362.5,356.0,358.5,-5.5,185,5269,361.0
2018-01-03,361206,131565572,368.0,361.0,364.0,5.5,348,5269,368.0
2018-01-04,1710190,640597180,380.0,369.0,374.0,10.0,1504,5269,369.0
2018-01-05,1080027,398006813,377.5,364.0,364.0,-10.0,929,5269,376.5
2018-01-08,504280,179515180,365.0,352.0,358.0,-6.0,474,5269,365.0
2018-01-09,389877,136757264,357.0,347.5,348.5,-9.5,357,5269,357.0
2018-01-10,449313,155125233,353.0,339.0,341.0,-7.5,428,5269,350.0
2018-01-11,900865,319423845,358.5,344.5,355.5,14.5,825,5269,345.0
2018-01-12,302421,108352560,363.0,353.5,354.5,-1.0,301,5269,363.0
2018-01-15,272429,98394940,364.5,355.5,360.5,6.0,266,5269,355.5
2018-01-16,311675,113420875,367.5,360.0,365.0,4.5,296,5269,360.0
2018-01-17,240204,87220348,366.0,359.5,364.0,-1.0,216,5269,361.0
2018-01-18,207405,75747205,370.0,360.5,360.5,-3.5,212,5269,366.0
2018-01-19,113403,41149983,365.0,360.5,363.5,3.0,119,5269,361.0
2018-01-22,323571,118873770,371.5,360.0,370.0,6.5,305,5269,365.5
2018-01-23,367564,135447232,375.0,362.0,363.0,-7.0,327,5269,368.0
2018-01-24,157622,57153420,365.5,361.0,362.0,-1.0,154,5269,364.5
2018-01-25,129685,46803230,365.0,359.0,359.5,-2.5,131,5269,363.0
2018-01-26,139739,50170040,364.0,355.5,359.0,-0.5,134,5269,360.5
2018-01-29,126104,45530992,365.0,359.0,361.0,2.0,121,5269,365.0
2018-01-30,228407,82209241,364.5,355.0,363.0,2.0,216,5269,360.0
2018-01-31,268941,95538114,359.0,353.0,356.5,-6.5,274,5269,357.0
2018-02-01,288261,101829372,361.0,349.0,350.0,-6.5,284,5269,359.5
2018-02-02,185908,64469438,349.0,345.0,348.0,-2.0,185,5269,349.0
2018-02-05,554456,186397864,347.0,330.0,343.5,-4.5,505,5269,340.0
2018-02-06,877754,282894887,338.0,309.5,315.5,-28.0,714,5269,330.5
2018-02-07,641796,207188838,332.0,314.0,314.0,-1.5,567,5269,330.0
2018-02-08,1073947,320667730,311.5,292.0,296.0,-18.0,990,5269,311.0
2018-02-09,1187554,328712714,292.5,266.5,289.0,-7.0,1053,5269,277.0
2018-02-12,886388,269054532,311.0,292.0,304.5,15.5,747,5269,299.0
2018-02-21,567362,179387150,325.0,310.0,325.0,20.5,513,5269,311.0
2018-02-22,298841,95384302,323.5,315.0,322.5,-2.5,282,5269,320.0
2018-02-23,274571,89393004,328.0,322.5,326.0,3.5,264,5269,327.0
2018-02-26,194593,63990911,333.0,326.0,328.5,2.5,193,5269,330.0
2018-02-27,134208,44058808,333.0,325.5,326.5,-2.0,128,5269,333.0
2018-03-01,414342,136940044,333.5,319.0,333.0,6.5,362,5269,319.0
2018-03-02,405224,135869212,338.5,327.0,338.0,5.0,326,5269,328.0
2018-03-05,162934,55089790,342.0,335.0,338.5,0.5,164,5269,339.5
2018-03-06,311833,104015556,341.5,330.0,334.5,-4.0,319,5269,341.0
2018-03-07,192196,64469160,338.0,332.0,336.0,1.5,188,5269,332.0
2018-03-08,146780,49752200,341.0,335.5,340.0,4.0,147,5269,339.0
2018-03-09,135379,45540965,343.0,334.0,335.0,-5.0,142,5269,340.0
2018-03-12,362494,121668496,342.0,333.0,335.5,0.5,344,5269,335.5
2018-03-13,496696,169272856,342.5,337.0,338.0,2.5,434,5269,338.5
2018-03-14,662044,231708900,358.0,338.5,352.0,14.0,621,5269,341.5
2018-03-15,436771,151563651,350.5,341.0,347.0,-5.0,421,5269,348.0
2018-03-16,2173887,790796546,376.5,345.5,360.0,13.0,1537,5269,345.5
2018-03-19,832044,304195472,372.5,361.0,365.5,5.5,803,5269,361.5
2018-03-20,283555,104066962,370.0,362.5,370.0,4.5,273,5269,363.5
2018-03-21,895955,336242551,382.0,366.0,366.0,-4.0,811,5269,370.5
2018-03-22,524980,195142080,374.0,367.5,374.0,8.0,498,5269,371.0
2018-03-23,443674,159975801,364.5,355.0,359.5,-14.5,394,5269,360.5
2018-03-26,779029,292002991,382.0,357.0,382.0,22.5,727,5269,359.5
2018-03-27,943715,356119834,387.5,372.5,373.5,-8.5,826,5269,385.5
2018-03-28,212437,79297564,377.5,369.0,373.0,-0.5,212,5269,373.5
2018-03-29,257973,95702522,377.5,368.0,369.5,-3.5,260,5269,373.0
2018-03-30,277230,101891604,372.0,362.5,363.5,-6.0,273,5269,372.0
2018-03-31,115300,41961300,366.0,362.0,363.0,-0.5,118,5269,362.0
2018-04-02,309140,110821049,363.0,356.0,356.0,-7.0,274,5269,363.0
2018-04-03,330858,116331306,356.5,348.0,356.5,0.5,308,5269,354.5
2018-04-09,263361,95357099,368.0,359.0,359.0,2.5,241,5269,361.5
2018-04-10,194887,69975981,363.0,357.5,358.0,-1.0,158,5269,360.0
2018-04-11,375278,133833634,362.0,353.0,353.0,-5.0,328,5269,359.0
2018-04-12,1107791,405811588,373.0,358.0,368.0,15.0,1004,5269,361.0
2018-04-13,494049,179801238,373.0,358.5,358.5,-9.5,458,5269,370.0
2018-04-16,623487,229711216,374.0,358.5,370.5,12.0,561,5269,364.5
2018-04-17,906169,324791157,370.5,353.0,353.0,-17.5,808,5269,370.5
2018-04-18,650117,233526886,366.0,354.0,355.0,2.0,556,5269,358.0
2018-04-19,283620,100477648,359.0,352.5,355.0,0.0,284,5269,359.0
2018-04-20,369202,128427700,355.0,342.5,347.0,-8.0,351,5269,352.0
2018-04-23,158130,54345870,347.0,340.0,344.5,-2.5,156,5269,347.0
2018-04-24,257325,86634975,341.5,326.0,340.0,-4.5,249,5269,341.5
2018-04-25,576052,186112056,340.0,316.0,321.0,-19.0,526,5269,333.0
2018-04-26,584382,197000925,342.5,328.0,339.5,18.5,545,5269,330.0
2018-04-27,680608,234024004,354.0,335.0,338.0,-1.5,658,5269,345.0
2018-04-30,251030,85568350,345.0,334.0,345.0,7.0,239,5269,340.0
2018-05-02,70000,24021000,347.0,340.5,344.5,-0.5,69,5269,347.0
2018-05-03,247238,82636778,348.0,328.0,328.0,-16.5,241,5269,344.0
2018-05-04,254200,83122300,334.0,325.0,325.0,-3.0,246,5269,329.0
2018-05-07,466057,149976025,329.5,316.0,321.0,-4.0,423,5269,329.0
2018-05-08,448000,143049000,327.0,312.5,323.5,2.5,411,5269,321.0
2018-05-09,191119,62414151,331.5,321.0,328.5,5.0,185,5269,321.0
2018-05-10,204050,67409450,335.0,327.0,327.0,-1.5,187,5269,335.0
2018-05-11,504472,161186844,323.5,315.0,320.0,-7.0,462,5269,315.0
2018-05-14,350489,113649914,328.0,315.0,326.0,6.0,334,5269,321.0
2018-05-15,265170,85330740,328.0,319.0,319.0,-7.0,232,5269,328.0
2018-05-16,300124,94972184,321.5,314.0,318.0,-1.0,266,5269,318.0
2018-05-17,183290,57944770,320.0,313.0,313.0,-5.0,166,5269,318.0
2018-05-18,270220,85646900,321.0,310.5,320.0,7.0,232,5269,314.0
2018-05-21,153276,49371372,324.0,317.0,323.0,3.0,135,5269,320.0
2018-05-22,362151,118779226,333.0,322.0,326.5,3.5,347,5269,326.0
2018-05-23,648955,220303700,348.0,326.5,341.5,15.0,608,5269,326.5
2018-05-24,711644,251382264,359.5,341.0,359.0,17.5,635,5269,342.0
2018-05-25,314723,112687888,362.5,353.0,358.0,-1.0,295,5269,356.0
2018-05-28,272638,99511318,370.0,359.0,364.0,6.0,259,5269,362.5
2018-05-29,291512,105089284,366.0,356.5,359.5,-4.5,276,5269,364.0
2018-05-30,308482,109981038,362.0,352.0,362.0,2.5,266,5269,356.0
2018-05-31,819899,303870630,375.0,362.0,375.0,13.0,716,5269,365.0
2018-06-01,376911,139587837,374.0,368.0,369.5,-5.5,290,5269,373.5
2018-06-04,334900,125386900,378.0,372.0,373.5,4.0,290,5269,373.0
2018-06-05,1254719,484356753,397.0,375.0,390.0,16.5,1091,5269,376.5
2018-06-06,666182,257633934,393.0,382.0,389.5,-0.5,635,5269,386.5
2018-06-07,833851,332947145,403.0,392.5,398.5,9.0,726,5269,394.0
2018-06-08,258537,101675819,399.0,388.0,389.0,-9.5,251,5269,393.0
2018-06-11,486325,184953511,388.0,375.5,379.5,-9.5,425,5269,386.0
2018-06-12,1101340,446980780,417.0,381.0,417.0,37.5,994,5269,383.5
2018-06-13,1465936,626687916,436.0,408.0,436.0,19.0,1393,5269,412.0
2018-06-14,835901,361977969,444.5,421.0,422.0,-14.0,770,5269,436.0
2018-06-15,640545,271564400,434.5,419.0,423.0,1.0,461,5269,430.0
2018-06-19,1261500,565274000,464.0,417.0,450.0,27.0,1136,5269,418.0
2018-06-20,779637,337887273,450.0,414.5,430.0,-20.0,670,5269,446.5
2018-06-21,1101185,501743894,469.0,433.0,455.0,25.0,1004,5269,442.0
2018-06-22,832910,380474050,467.0,438.0,458.0,3.0,789,5269,448.0
2018-06-25,1046241,493745975,479.5,452.0,478.0,20.0,967,5269,458.0
2018-06-26,842417,391733069,476.5,455.5,457.0,-21.0,798,5269,465.0
2018-06-27,658719,302487393,474.0,445.0,450.0,-7.0,636,5269,461.5
2018-06-28,544152,244723684,461.5,440.0,445.0,-5.0,493,5269,452.5
2018-06-29,1221040,577510860,489.5,448.5,487.0,42.0,1098,5269,452.0
2018-07-02,660238,308247814,483.5,453.0,453.0,-34.0,633,5269,482.5
2018-07-03,1033901,481612211,476.0,455.0,465.0,12.0,930,5269,455.0
2018-07-04,443554,201736678,465.5,445.0,459.5,-5.5,399,5269,465.0
2018-07-05,250577,113046727,461.5,443.0,453.5,-6.0,242,5269,461.0
2018-07-06,483141,214084809,459.5,424.0,452.0,-1.5,440,5269,453.5
2018-07-09,500297,229204714,466.0,447.0,465.0,13.0,462,5269,456.0
2018-07-10,998441,458434745,476.0,446.0,446.0,-19.0,952,5269,471.5
2018-07-11,660494,301269258,465.0,438.0,459.5,13.5,616,5269,442.0
2018-07-12,317308,145197488,472.0,448.0,464.0,4.5,289,5269,455.5
2018-07-13,604509,286397730,481.0,464.0,472.5,8.5,565,5269,468.0
2018-07-16,1124864,557882228,514.0,472.5,505.0,32.5,1086,5269,475.5
2018-07-17,1122521,574167857,527.0,488.0,521.0,16.0,1074,5269,499.0
2018-07-18,1498286,769621858,545.0,476.0,503.0,-18.0,1384,5269,530.0
2018-07-19,886490,435282953,512.0,476.5,479.5,-23.5,870,5269,507.0
2018-07-20,639541,316149049,508.0,484.0,492.0,12.5,617,5269,484.0
2018-07-23,434329,208928104,490.0,476.0,477.0,-15.0,388,5269,490.0
2018-07-24,203260,98600640,492.0,477.0,492.0,15.0,205,5269,477.0
2018-07-25,611690,304523080,512.0,485.0,485.0,-7.0,579,5269,497.0
2018-07-26,654862,328265480,512.0,492.5,499.5,14.5,593,5269,495.0
2018-07-27,1666935,853669545,534.0,496.0,507.0,7.5,1541,5269,510.0
2018-07-30,665106,324699910,501.0,480.0,487.5,-19.5,602,5269,501.0
2018-07-31,728962,365514310,509.0,484.0,509.0,21.5,655,5269,484.0
2018-08-01,577454,286560368,513.0,490.0,491.5,-17.5,558,5269,508.0
2018-08-02,417678,204096330,498.0,480.0,488.0,-3.5,414,5269,493.5
2018-08-03,1078552,508198076,497.0,460.0,461.0,-27.0,1029,5269,492.0
2018-08-06,474442,222424669,478.0,456.0,474.5,13.5,462,5269,464.5
2018-08-07,284288,131985284,470.5,459.5,464.0,-10.5,264,5269,467.5
2018-08-08,317694,150241680,482.0,467.0,470.0,6.0,306,5269,467.0
2018-08-09,364715,174259700,483.0,467.5,480.0,10.0,361,5269,474.0
2018-08-10,656823,322157679,500.0,469.0,494.0,14.0,653,5269,469.0
2018-08-13,530343,251120111,486.5,457.0,477.0,-17.0,504,5269,486.0
2018-08-14,393022,192164390,499.0,471.0,498.0,21.0,391,5269,477.0
2018-08-15,427534,211753932,502.0,486.0,501.0,3.0,382,5269,501.0
2018-08-16,280150,138607573,505.0,486.0,486.0,-15.0,281,5269,497.5
2018-08-17,112934,55581122,498.5,486.0,486.0,0.0,115,5269,490.0
2018-08-20,770460,346968200,482.0,437.5,440.0,-46.0,695,5269,479.0
2018-08-21,433142,187853696,442.0,428.5,430.0,0.0,412,5269,431.0
2018-08-22,300143,132738064,447.0,436.0,443.0,13.0,281,5269,445.0
2018-08-23,228226,101651634,449.0,437.5,445.0,2.0,214,5269,448.0
2018-08-24,453156,202553700,450.0,441.5,447.0,2.0,418,5269,450.0
2018-08-27,816060,380859860,483.5,443.0,483.5,36.5,750,5269,453.0
2018-08-28,1593063,817160630,530.0,481.0,513.0,29.5,1425,5269,484.0
2018-08-29,634641,328082910,529.0,501.0,513.0,0.0,631,5269,513.0
2018-08-30,1130594,597136940,544.0,510.0,513.0,0.0,1085,5269,515.0
2018-08-31,1106216,581638696,534.0,513.0,534.0,21.0,1056,5269,518.0
2018-09-03,1680925,921238250,573.0,528.0,573.0,39.0,1576,5269,533.0
2018-09-04,824011,464456193,578.0,548.0,566.0,-7.0,800,5269,567.0
2018-09-05,1307889,750462950,595.0,549.0,550.0,-16.0,1279,5269,573.0
2018-09-06,716416,393900552,564.0,536.0,550.0,0.0,705,5269,556.0
2018-09-07,974728,510226096,553.0,507.0,510.0,-40.0,941,5269,539.0
2018-09-10,1200064,618067320,538.0,495.5,508.0,-2.0,1138,5269,518.0
2018-09-11,1296566,689146074,546.0,521.0,543.0,35.0,1239,5269,523.0
2018-09-12,582357,310299780,541.0,525.0,540.0,-3.0,568,5269,541.0
2018-09-13,1035748,585570140,576.0,553.0,558.0,18.0,986,5269,555.0
2018-09-14,766606,413803846,555.0,530.0,541.0,-17.0,748,5269,553.0
2018-09-17,783773,436538561,565.0,544.0,561.0,20.0,761,5269,555.0
2018-09-18,853538,449746146,547.0,510.0,512.0,-49.0,833,5269,540.0
2018-09-19,1365003,712536548,540.0,502.0,514.0,2.0,1295,5269,532.0
2018-09-20,1190422,590547844,510.0,482.0,499.0,-15.0,1123,5269,510.0
2018-09-21,1168226,599789636,540.0,490.5,540.0,41.0,1088,5269,509.0
2018-09-25,723049,390248362,547.0,526.0,542.0,2.0,717,5269,531.0
2018-09-26,373230,198473820,539.0,527.0,534.0,-8.0,372,5269,535.0
2018-09-27,743324,397636664,545.0,523.0,539.0,5.0,684,5269,528.0
2018-09-28,1063495,580945330,564.0,530.0,537.0,-2.0,1037,5269,543.0
2018-10-01,1375699,695748000,525.0,497.0,497.5,-39.5,1300,5269,525.0
2018-10-02,808540,407195200,512.0,491.0,506.0,8.5,793,5269,500.0
2018-10-03,2017066,957428470,492.0,461.0,465.0,-41.0,1898,5269,492.0
2018-10-04,1995903,894704283,459.0,433.0,452.0,-13.0,1898,5269,456.5
2018-10-05,1354623,597241350,451.0,427.5,446.5,-5.5,1271,5269,446.0
2018-10-08,1191515,510152555,442.0,415.0,421.5,-25.0,1140,5269,434.5
2018-10-09,1480741,610464720,430.5,400.0,419.0,-2.5,1432,5269,425.0
2018-10-11,2006918,791184044,407.5,382.0,407.5,-11.5,1786,5269,402.0
2018-10-12,1894265,823817220,448.0,415.5,448.0,40.5,1676,5269,423.0
2018-10-15,1753895,765649800,453.5,423.0,440.0,-8.0,1655,5269,453.0
2018-10-16,1760655,801599455,466.0,444.0,449.5,9.5,1641,5269,449.0
2018-10-17,1338050,614243500,474.0,441.0,441.0,-8.5,1289,5269,467.5
2018-10-18,1018450,444903774,451.5,425.0,429.0,-12.0,986,5269,441.5
2018-10-19,1905214,837726652,471.5,412.0,471.5,42.5,1801,5269,417.5
2018-10-22,1859803,831579456,453.5,437.0,451.0,-20.5,1754,5269,442.0
2018-10-23,1326199,596322963,463.0,433.0,433.0,-18.0,1270,5269,450.0
2018-10-24,2442520,1112083240,475.5,431.5,457.5,24.5,2325,5269,443.0
2018-10-25,1806955,750466960,426.0,412.0,412.0,-45.5,1576,5269,412.0
2018-10-26,2807441,1123403167,424.0,382.0,386.0,-26.0,2683,5269,414.0
2018-10-29,2500245,937166580,389.0,356.0,386.0,0.0,2300,5269,386.0
2018-10-30,1765171,689441643,407.5,370.0,395.0,9.0,1650,5269,385.0
2018-10-31,2178688,919733117,434.5,402.0,427.5,32.5,2008,5269,402.0
2018-11-01,1976481,897792460,468.0,426.0,464.0,36.5,1884,5269,426.0
2018-11-02,1849000,910665000,503.0,478.0,493.0,29.0,1681,5269,478.0
2018-11-05,1524914,757108984,510.0,472.0,510.0,17.0,1468,5269,477.5
2018-11-06,1956506,957246808,515.0,467.0,467.0,-43.0,1768,5269,510.0
2018-11-07,1767134,860293990,494.0,478.0,488.0,21.0,1656,5269,481.0
2018-11-08,2011391,1034499320,524.0,503.0,524.0,36.0,1888,5269,519.0
2018-11-09,2013955,967301643,493.0,472.0,473.0,-51.0,1918,5269,483.5
2018-11-12,2753812,1222394912,473.0,426.0,426.0,-47.0,2583,5269,473.0
2018-11-13,3986708,1739175328,457.0,405.0,443.5,17.5,3707,5269,405.0
2018-11-14,3028439,1336345660,458.5,426.0,441.0,-2.5,2889,5269,446.5
2018-11-15,1551580,691170680,455.0,435.0,448.0,7.0,1485,5269,451.0
2018-11-16,1765710,783657450,451.5,434.0,448.0,0.0,1676,5269,450.0
2018-11-19,1855195,862762820,482.0,445.0,479.5,31.5,1719,5269,448.0
2018-11-20,1597231,737261488,471.0,444.0,444.0,-35.5,1512,5269,461.0
2018-11-21,1805367,824304554,463.0,440.0,463.0,19.0,1700,5269,446.5
2018-11-22,1591110,738562100,474.5,455.0,462.0,-1.0,1483,5269,458.5
2018-11-23,1102648,507631979,472.5,447.5,447.5,-14.5,1054,5269,469.0
2018-11-26,1618630,759894860,476.5,457.0,475.0,27.5,1503,5269,461.0
2018-11-27,1478369,702688489,484.0,464.5,484.0,9.0,1409,5269,475.0
2018-11-28,1321000,650225000,500.0,477.0,480.0,-4.0,1226,5269,491.5
2018-11-29,784399,385996711,499.0,485.0,485.5,5.5,750,5269,497.0
2018-11-30,645111,314769334,494.0,478.5,492.0,6.5,596,5269,491.5
2018-12-03,1083686,541421667,510.0,494.5,494.5,2.5,1027,5269,503.0
2018-12-04,2805143,1438882427,533.0,489.0,489.0,-5.5,2547,5269,516.0
2018-12-05,1107214,524726039,483.0,468.0,474.5,-14.5,1028,5269,473.0
2018-12-06,1094173,506241599,483.0,448.0,458.5,-16.0,1036,5269,482.0
2018-12-07,519510,242958670,475.0,462.0,464.0,5.5,511,5269,465.0
2018-12-10,530039,240277745,461.0,446.5,454.0,-10.0,508,5269,451.0
2018-12-11,538021,246064181,462.0,453.0,455.5,1.5,509,5269,462.0
2018-12-12,850291,402279225,482.0,459.0,477.5,22.0,828,5269,459.0
2018-12-13,877475,427157975,493.5,479.0,484.0,6.5,814,5269,487.0
2018-12-14,482608,234526528,493.0,473.5,493.0,9.0,478,5269,484.0
2018-12-17,437170,214065790,497.0,483.0,486.5,-6.5,419,5269,489.5
2018-12-18,292155,140886590,488.0,478.0,478.0,-8.5,279,5269,484.0
2018-12-19,944289,468028500,503.0,484.0,500.0,22.0,903,5269,486.0
2018-12-20,566101,275201990,495.0,477.0,482.5,-17.5,543,5269,494.0
2018-12-21,917807,448883228,504.0,471.0,504.0,21.5,851,5269,477.0
2018-12-22,273045,135138275,499.0,491.0,493.5,-10.5,269,5269,499.0
2018-12-24,406120,200923660,502.0,488.0,489.5,-4.0,395,5269,493.5
2018-12-25,467144,224017984,485.0,473.5,483.0,-6.5,460,5269,480.0
2018-12-26,397088,194832004,496.5,480.0,480.0,-3.0,389,5269,491.0
2018-12-27,608104,303680876,507.0,494.0,494.5,14.5,557,5269,507.0
2018-12-28,921153,465985041,520.0,492.0,500.0,5.5,874,5269,494.5
2019-01-02,461052,232028792,512.0,495.0,499.0,-1.0,449,5269,506.0
2019-01-03,1065457,508348462,502.0,456.0,469.0,-30.0,1029,5269,493.5
2019-01-04,1013603,467581940,481.0,441.0,481.0,12.0,955,5269,461.0
2019-01-07,754050,368068450,498.0,475.0,481.5,0.5,705,5269,492.0
2019-01-08,654825,322353336,498.0,485.0,492.5,11.0,642,5269,487.5
2019-01-09,719688,360768252,507.0,490.5,507.0,14.5,696,5269,490.5
2019-01-10,661954,333101908,512.0,492.5,505.0,-2.0,613,5269,501.0
2019-01-11,704410,357221050,515.0,499.0,506.0,1.0,670,5269,512.0
2019-01-14,1596426,839776336,540.0,505.0,540.0,34.0,1527,5269,506.0
2019-01-15,1239950,670329900,551.0,527.0,546.0,6.0,1166,5269,533.0
2019-01-16,985684,544355252,565.0,537.0,556.0,10.0,980,5269,541.0
2019-01-17,839100,460410800,561.0,541.0,541.0,-15.0,802,5269,553.0
2019-01-18,651314,354876188,553.0,538.0,545.0,4.0,617,5269,545.0
2019-01-21,773331,429700712,564.0,548.0,555.0,10.0,729,5269,548.0
2019-01-22,461710,253506500,553.0,541.0,552.0,-3.0,449,5269,550.0
2019-01-23,705643,394669796,575.0,542.0,575.0,23.0,688,5269,545.0
2019-01-24,2586482,1560414020,632.0,572.0,614.0,39.0,2360,5269,575.0
2019-01-25,1452579,874959715,621.0,586.0,589.0,-25.0,1380,5269,611.0
2019-01-28,1064926,622485338,605.0,566.0,566.0,-23.0,1028,5269,595.0
2019-01-29,1576685,883526750,578.0,544.0,553.0,-13.0,1492,5269,552.0
2019-01-30,1820856,1064385320,603.0,563.0,598.0,45.0,1738,5269,566.0
2019-02-11,1191786,748308324,641.0,611.0,638.0,40.0,1126,5269,611.0
2019-02-12,1487356,942335652,667.0,615.0,621.0,-17.0,1430,5269,667.0
2019-02-13,1611064,1047972496,668.0,630.0,668.0,47.0,1525,5269,633.0
2019-02-14,683644,448438312,665.0,648.0,648.0,-20.0,677,5269,665.0
2019-02-15,1101030,712461870,669.0,626.0,629.0,-19.0,1075,5269,655.0
2019-02-18,882708,565070916,657.0,626.0,631.0,2.0,837,5269,651.0
2019-02-19,683665,434867610,645.0,628.0,638.0,7.0,659,5269,640.0
2019-02-20,990564,622055680,653.0,610.0,619.0,-19.0,976,5269,645.0
2019-02-21,1201949,733133788,625.0,600.0,610.0,-9.0,1184,5269,624.0
2019-02-22,614732,375232932,620.0,605.0,605.0,-5.0,602,5269,614.0
2019-02-25,1558106,912026752,594.0,574.0,586.0,-19.0,1480,5269,584.0
2019-02-26,1139724,662857680,600.0,566.0,566.0,-20.0,1114,5269,591.0
2019-02-27,1397550,806997050,587.0,564.0,586.0,20.0,1335,5269,566.0
2019-03-04,867182,496198196,581.0,568.0,570.0,-16.0,826,5269,580.0
2019-03-05,755104,436768736,585.0,573.0,576.0,6.0,716,5269,574.0
2019-03-06,1093688,618121968,585.0,551.0,551.0,-25.0,1044,5269,576.0
2019-03-07,880793,480100013,560.0,533.0,533.0,-18.0,860,5269,555.0
2019-03-08,1516435,837324035,570.0,531.0,561.0,28.0,1452,5269,539.0
2019-03-11,1058120,595541160,576.0,551.0,556.0,-5.0,1022,5269,555.0
2019-03-12,599111,337693715,571.0,560.0,560.0,4.0,584,5269,568.0
2019-03-13,1272800,691611000,566.0,534.0,536.0,-24.0,1219,5269,560.0
2019-03-14,832329,451139292,548.0,537.0,540.0,4.0,796,5269,542.0
2019-03-15,1088769,573258953,546.0,515.0,529.0,-11.0,1028,5269,541.0
2019-03-18,756439,410599133,551.0,534.0,544.0,15.0,751,5269,536.0
2019-03-19,997545,548023835,563.0,533.0,563.0,19.0,892,5269,547.0
2019-03-20,2158560,1268484800,602.0,577.0,577.0,14.0,1984,5269,583.0
2019-03-21,787313,455171166,590.0,566.0,581.0,4.0,779,5269,581.0
2019-03-22,1018787,603475182,598.0,585.0,591.0,10.0,972,5269,585.0
2019-03-25,587282,338281560,582.0,570.0,576.0,-15.0,566,5269,575.0
2019-03-26,906556,512177360,587.0,554.0,555.0,-21.0,890,5269,580.0
2019-03-27,555251,312278313,566.0,557.0,563.0,8.0,547,5269,557.0
2019-03-28,417072,231146032,564.0,550.0,552.0,-11.0,405,5269,564.0
2019-03-29,566201,317247565,569.0,550.0,565.0,13.0,529,5269,558.0
2019-04-01,481175,273065750,573.0,561.0,569.0,4.0,469,5269,572.0
2019-04-02,947669,555634703,597.0,573.0,589.0,20.0,926,5269,575.0
2019-04-03,1383453,826719646,616.0,581.0,581.0,-8.0,1302,5269,596.0
2019-04-08,602294,363434342,613.0,593.0,595.0,14.0,569,5269,596.0
2019-04-09,560156,327838104,610.0,576.0,576.0,-19.0,552,5269,586.0
2019-04-10,475576,271119168,585.0,563.0,563.0,-13.0,456,5269,578.0
2019-04-11,701293,389991787,572.0,550.0,550.0,-13.0,662,5269,571.0
2019-04-12,425300,234064800,559.0,545.0,549.0,-1.0,410,5269,554.0
2019-04-15,596071,334344115,568.0,550.0,560.0,11.0,582,5269,556.0
2019-04-16,1114120,612619200,560.0,544.0,550.0,-10.0,1023,5269,556.0
2019-04-17,573052,318824068,561.0,553.0,553.0,3.0,567,5269,557.0
2019-04-18,391585,216952767,561.0,545.0,551.0,-2.0,365,5269,558.0
2019-04-19,552305,309602580,570.0,554.0,556.0,5.0,550,5269,557.0
2019-04-22,551325,306143625,566.0,547.0,566.0,10.0,531,5269,558.0
2019-04-23,443260,250613900,571.0,556.0,568.0,2.0,433,5269,566.0
2019-04-24,365353,204795680,570.0,554.0,554.0,-14.0,354,5269,570.0
2019-04-25,748270,411001310,558.0,543.0,549.0,-5.0,689,5269,555.0
2019-04-26,476292,257087308,547.0,536.0,539.0,-10.0,471,5269,547.0
2019-04-29,1305798,682119500,534.0,511.0,530.0,-9.0,1152,5269,534.0
2019-04-30,399180,211650020,535.0,522.0,534.0,4.0,391,5269,533.0
2019-05-02,974352,532031248,551.0,535.0,549.0,15.0,865,5269,535.0
2019-05-03,482020,263502960,554.0,543.0,543.0,-6.0,462,5269,549.0
2019-05-06,382574,202234924,536.0,520.0,521.0,-22.0,387,5269,536.0
2019-05-07,185093,98196662,535.0,527.0,531.0,10.0,177,5269,527.0
2019-05-08,316100,165219500,528.0,515.0,528.0,-3.0,308,5269,518.0
2019-05-09,691425,353202475,529.0,500.0,500.0,-28.0,649,5269,524.0
2019-05-10,676971,338726355,511.0,489.0,499.0,-1.0,656,5269,509.0
2019-05-13,502710,251325130,512.0,492.5,501.0,2.0,484,5269,497.5
2019-05-14,428850,212738200,504.0,488.0,496.0,-5.0,418,5269,490.0
2019-05-15,645093,326944860,513.0,499.0,510.0,14.0,624,5269,499.0
2019-05-16,420700,214008000,518.0,499.5,499.5,-10.5,409,5269,514.0
2019-05-17,300880,149075320,512.0,489.0,489.0,-10.5,300,5269,512.0
2019-05-20,946113,433560367,492.0,442.0,451.0,-38.0,882,5269,489.0
2019-05-21,1435586,635494044,457.0,427.0,454.0,3.0,1368,5269,448.5
2019-05-22,947438,446299612,480.0,460.0,473.0,19.0,913,5269,460.0
2019-05-23,747144,355680696,482.0,465.0,481.5,8.5,722,5269,468.5
2019-05-24,700575,342713625,498.0,479.0,486.0,4.5,667,5269,485.5
2019-05-27,774270,370334800,492.5,465.0,486.0,0.0,748,5269,490.0
2019-05-28,465400,226476700,492.0,482.0,483.5,-2.5,468,5269,488.0
2019-05-29,2088704,1076203824,531.0,485.5,531.0,47.5,1839,5269,492.0
2019-05-30,1815458,969959740,541.0,522.0,532.0,1.0,1686,5269,538.0
2019-05-31,2591786,1448350374,569.0,533.0,562.0,30.0,2318,5269,533.0
2019-06-03,921580,506687260,564.0,539.0,543.0,-19.0,861,5269,561.0
2019-06-04,930850,494168400,549.0,515.0,519.0,-24.0,884,5269,543.0
2019-06-05,955190,500605420,536.0,513.0,513.0,-6.0,906,5269,534.0
2019-06-06,1008084,502947500,518.0,486.5,487.5,-25.5,958,5269,515.0
2019-06-10,1553022,777665214,518.0,491.0,491.0,3.5,1474,5269,509.0
2019-06-11,2095703,1063462951,524.0,488.5,520.0,29.0,1937,5269,491.5
2019-06-12,1026324,524240480,523.0,505.0,508.0,-12.0,981,5269,520.0
2019-06-13,1154121,572862920,508.0,489.0,496.0,-12.0,1114,5269,503.0
2019-06-14,1380245,672552080,505.0,476.5,480.0,-16.0,1328,5269,499.5
2019-06-17,930528,440111284,482.0,463.0,480.0,0.0,920,5269,475.0
2019-06-18,1270890,597785190,487.5,460.5,461.0,-19.0,1226,5269,485.0
2019-06-19,1530423,732944017,490.0,468.0,481.5,20.5,1478,5269,473.0
2019-06-20,811176,394326888,494.0,477.0,482.0,0.5,784,5269,481.5
2019-06-21,1835375,854813625,489.5,452.0,452.0,-30.0,1390,5269,487.5
2019-06-24,1593560,735095700,468.5,453.0,464.0,12.0,1499,5269,456.5
2019-06-25,1105133,514568377,473.5,457.0,460.0,-4.0,1041,5269,462.5
2019-06-26,2037309,931839584,474.0,442.0,474.0,14.0,1902,5269,451.0
2019-06-27,1586981,771537266,491.5,478.0,486.0,12.0,1500,5269,478.0
2019-06-28,733241,353799367,491.0,478.5,484.0,-2.0,694,5269,488.0
2019-07-01,1242451,630041951,517.0,496.0,504.0,20.0,1183,5269,498.0
2019-07-02,1154109,570013173,510.0,488.0,493.0,-11.0,1027,5269,510.0
2019-07-03,878564,433716680,499.5,483.5,498.0,5.0,812,5269,492.5
2019-07-04,662059,331246351,507.0,493.0,493.0,-5.0,616,5269,503.0
2019-07-05,777133,385651766,503.0,486.0,503.0,10.0,752,5269,494.0
2019-07-08,638490,319568000,504.0,495.0,500.0,-3.0,600,5269,497.0
2019-07-09,512095,254994882,507.0,490.0,490.0,-10.0,478,5269,500.0
2019-07-10,1622073,834944241,524.0,496.0,517.0,27.0,1512,5269,496.0
2019-07-11,1886782,999502294,542.0,516.0,520.0,3.0,1720,5269,520.0
2019-07-12,1096442,577032818,532.0,518.0,532.0,12.0,1034,5269,524.0
2019-07-15,1631143,889832507,552.0,533.0,552.0,20.0,1551,5269,534.0
2019-07-16,1404858,780606758,566.0,545.0,555.0,3.0,1333,5269,553.0
2019-07-17,852665,474237070,562.0,546.0,562.0,7.0,820,5269,556.0
2019-07-18,771130,426379500,562.0,546.0,553.0,-9.0,718,5269,561.0
2019-07-19,1254551,686390989,563.0,536.0,539.0,-14.0,1166,5269,559.0
2019-07-22,882274,469503590,542.0,526.0,532.0,-7.0,841,5269,534.0
2019-07-23,692172,371721536,544.0,530.0,536.0,4.0,660,5269,537.0
2019-07-24,565112,302732032,541.0,530.0,537.0,1.0,517,5269,541.0
2019-07-25,453159,243030906,540.0,533.0,535.0,-2.0,397,5269,537.0
2019-07-26,500383,263340841,536.0,522.0,522.0,-13.0,485,5269,536.0
2019-07-29,611178,326217586,539.0,524.0,537.0,15.0,581,5269,526.0
2019-07-30,460578,244116606,538.0,525.0,525.0,-12.0,439,5269,538.0
2019-07-31,455110,240466180,535.0,516.0,535.0,10.0,429,5269,521.0
2019-08-01,478165,251559285,535.0,521.0,524.0,-11.0,436,5269,525.0
2019-08-02,540828,281029400,530.0,512.0,530.0,6.0,510,5269,516.0
2019-08-05,635613,338714116,538.0,527.0,535.0,5.0,588,5269,529.0
2019-08-06,404130,214418200,538.0,519.0,537.0,2.0,370,5269,519.0
2019-08-07,489968,261574264,545.0,526.0,526.0,-11.0,469,5269,542.0
2019-08-08,595135,321832630,547.0,526.0,538.0,12.0,563,5269,530.0
2019-08-12,1835967,1045757322,586.0,553.0,566.0,28.0,1696,5269,560.0
2019-08-13,814732,453010136,570.0,548.0,550.0,-16.0,756,5269,566.0
2019-08-14,623341,347590255,568.0,549.0,556.0,6.0,591,5269,563.0
2019-08-15,535168,288171560,550.0,521.0,545.0,0.0,493,5269,521.0
2019-08-16,371625,206286000,560.0,551.0,555.0,10.0,344,5269,551.0
2019-08-19,563990,320263330,572.0,560.0,571.0,16.0,549,5269,564.0
2019-08-20,1083471,626530470,594.0,569.0,570.0,-1.0,1031,5269,574.0
2019-08-21,839443,484120510,589.0,566.0,570.0,0.0,803,5269,570.0
2019-08-22,809381,457811312,585.0,551.0,551.0,-19.0,759,5269,582.0
2019-08-23,1408439,747991475,550.0,518.0,518.0,-33.0,1300,5269,550.0
2019-08-26,1397499,686962508,503.0,481.0,481.0,-37.0,1201,5269,497.0
2019-08-27,917625,450729750,496.0,483.0,489.0,8.0,839,5269,492.0
2019-08-28,1128333,540187504,494.0,469.5,479.0,-10.0,1060,5269,489.0
2019-08-29,624331,302734514,490.5,476.5,489.0,10.0,611,5269,485.0
2019-08-30,987864,499851320,514.0,497.0,505.0,16.0,942,5269,497.0
2019-09-02,417178,210128992,510.0,495.0,509.0,4.0,392,5269,505.0
2019-09-03,462062,231688906,514.0,494.5,496.5,-12.5,460,5269,513.0
2019-09-04,418209,210670672,508.0,497.0,508.0,11.5,410,5269,497.5
2019-09-05,571192,287670884,515.0,498.0,498.0,-10.0,529,5269,514.0
2019-09-06,743910,364579670,504.0,483.0,484.5,-13.5,726,5269,501.0
2019-09-09,411194,199946030,492.0,478.0,488.0,3.5,377,5269,485.0
2019-09-10,573648,274021040,491.0,473.0,475.0,-13.0,554,5269,491.0
2019-09-11,839407,406886465,490.0,472.0,485.5,10.5,807,5269,475.0
2019-09-12,335073,162478000,491.0,481.0,486.0,0.5,326,5269,490.0
2019-09-16,282614,136190948,487.5,477.5,478.5,-7.5,287,5269,487.0
2019-09-17,772800,366199900,481.5,468.5,469.0,-9.5,753,5269,473.0
2019-09-18,1742311,794686464,472.0,450.0,454.5,-14.5,1662,5269,468.5
2019-09-19,1354215,629221260,471.0,455.5,464.0,9.5,1287,5269,458.0
2019-09-20,881370,414325670,477.0,459.0,477.0,13.0,804,5269,464.0
2019-09-23,619330,297178400,484.5,475.0,480.0,3.0,598,5269,481.0
2019-09-24,381330,182757900,484.5,476.0,479.5,-0.5,358,5269,480.5
2019-09-25,1193386,582533096,494.0,482.0,486.0,6.5,1092,5269,484.5
2019-09-26,750397,368363736,493.5,488.5,488.5,2.5,693,5269,491.0
2019-09-27,784495,377778090,493.0,472.0,485.0,-3.5,747,5269,493.0
2019-10-01,419110,202462300,490.0,479.0,480.0,-5.0,408,5269,488.5
2019-10-02,727387,356424291,494.5,475.0,493.0,13.0,680,5269,479.0
2019-10-03,945024,467292318,503.0,488.0,492.5,-0.5,881,5269,492.5
2019-10-04,628201,311452696,500.0,490.0,496.0,3.5,555,5269,496.0
2019-10-07,1264568,636193840,511.0,492.5,508.0,12.0,1149,5269,500.0
2019-10-08,844405,422513285,512.0,495.0,495.5,-12.5,772,5269,510.0
2019-10-09,443328,221169500,503.0,493.5,500.0,4.5,430,5269,493.5
2019-10-14,961730,491027220,523.0,500.0,518.0,18.0,849,5269,510.0
2019-10-15,498222,254991554,520.0,503.0,503.0,-15.0,471,5269,520.0
2019-10-16,1430507,744542147,531.0,511.0,522.0,19.0,1279,5269,512.0
2019-10-17,853432,450045688,538.0,512.0,537.0,15.0,811,5269,525.0
2019-10-18,503506,267340192,539.0,526.0,533.0,-4.0,469,5269,539.0
2019-10-21,576269,299845804,536.0,512.0,512.0,-21.0,529,5269,533.0
2019-10-22,715694,362706470,519.0,502.0,503.0,-9.0,684,5269,517.0
2019-10-23,670772,332252052,507.0,488.5,490.0,-13.0,657,5269,504.0
2019-10-24,574077,281790074,496.0,485.5,490.0,0.0,560,5269,493.0
2019-10-25,561204,279671908,502.0,493.0,500.0,10.0,519,5269,493.5
2019-10-28,424410,210842590,504.0,492.0,498.5,-1.5,370,5269,500.0
2019-10-29,851117,431352202,513.0,500.0,502.0,3.5,759,5269,504.0
2019-10-30,490100,244724200,505.0,494.0,502.0,0.0,454,5269,503.0
2019-10-31,557262,275212928,505.0,490.0,490.0,-12.0,524,5269,502.0
2019-11-01,242100,118830500,495.5,487.5,491.0,1.0,233,5269,491.0
2019-11-04,636256,321099768,510.0,499.0,503.0,12.0,592,5269,500.0
2019-11-05,310571,157094355,511.0,503.0,504.0,1.0,293,5269,511.0
2019-11-06,454464,230618640,512.0,500.0,507.0,3.0,435,5269,506.0
2019-11-07,251816,127458896,509.0,501.0,509.0,2.0,257,5269,506.0
2019-11-08,456156,233407184,514.0,506.0,513.0,4.0,421,5269,511.0
2019-11-11,1369398,713194950,529.0,499.5,529.0,16.0,1200,5269,503.0
2019-11-12,767803,406468590,535.0,520.0,533.0,4.0,675,5269,524.0
2019-11-13,337294,178389526,533.0,523.0,532.0,-1.0,305,5269,529.0
2019-11-14,554300,297499800,540.0,530.0,538.0,6.0,506,5269,532.0
2019-11-15,435789,236500849,545.0,535.0,545.0,7.0,414,5269,535.0
2019-11-18,370902,200668158,548.0,532.0,532.0,-13.0,340,5269,546.0
2019-11-19,488656,262926552,545.0,531.0,545.0,13.0,440,5269,535.0
2019-11-20,812695,447017640,556.0,539.0,555.0,10.0,760,5269,553.0
2019-11-21,463235,253762780,555.0,538.0,551.0,-4.0,457,5269,547.0
2019-11-22,438077,239214734,551.0,541.0,545.0,-6.0,389,5269,544.0
2019-11-25,390490,211325560,551.0,537.0,544.0,-1.0,381,5269,550.0
2019-11-26,247702,135762696,553.0,543.0,551.0,7.0,234,5269,545.0
2019-11-27,1322111,767925491,593.0,556.0,581.0,30.0,1277,5269,556.0
2019-11-28,658196,382196876,587.0,576.0,581.0,0.0,619,5269,586.0
2019-11-29,919325,528102275,590.0,565.0,567.0,-14.0,853,5269,584.0
2019-12-02,1562263,921976063,602.0,576.0,601.0,34.0,1517,5269,577.0
2019-12-03,846028,509373996,612.0,591.0,606.0,5.0,818,5269,593.0
2019-12-04,322181,194369134,614.0,596.0,614.0,8.0,318,5269,603.0
2019-12-05,344669,210503414,615.0,606.0,606.0,-8.0,342,5269,614.0
2019-12-06,481372,292925944,617.0,600.0,606.0,0.0,453,5269,604.0
2019-12-09,231183,140188630,612.0,600.0,607.0,1.0,228,5269,611.0
2019-12-10,116402,70602210,612.0,602.0,602.0,-5.0,125,5269,607.0
2019-12-11,651319,407251013,634.0,602.0,630.0,28.0,626,5269,607.0
2019-12-12,472409,294630216,635.0,616.0,628.0,-2.0,458,5269,635.0
2019-12-13,572305,365216405,651.0,625.0,625.0,-3.0,558,5269,643.0
2019-12-16,368318,231490432,638.0,623.0,624.0,-1.0,346,5269,636.0
2019-12-17,419251,266107130,642.0,626.0,630.0,6.0,402,5269,630.0
2019-12-18,376154,240326790,642.0,631.0,640.0,10.0,352,5269,636.0
2019-12-19,842445,529946120,653.0,608.0,612.0,-28.0,805,5269,647.0
2019-12-20,395370,241519590,623.0,603.0,608.0,-4.0,376,5269,619.0
2019-12-23,239248,148768000,627.0,608.0,627.0,19.0,242,5269,608.0
2019-12-24,288280,180298000,631.0,618.0,629.0,2.0,284,5269,631.0
2019-12-25,203640,128464120,634.0,624.0,633.0,4.0,207,5269,627.0
2019-12-26,213258,135830798,642.0,633.0,635.0,2.0,211,5269,633.0
2019-12-27,163298,103360336,638.0,626.0,635.0,0.0,166,5269,635.0
2019-12-30,437710,282251660,650.0,634.0,650.0,15.0,425,5269,640.0
2019-12-31,513696,335738880,659.0,644.0,657.0,7.0,475,5269,655.0
2020-01-02,452325,291797325,656.0,639.0,639.0,-18.0,428,5269,656.0
2020-01-03,526224,334576240,648.0,629.0,632.0,-7.0,455,5269,648.0
2020-01-06,723383,450096811,638.0,616.0,616.0,-16.0,587,5269,629.0
2020-01-07,670214,412674824,628.0,607.0,615.0,-1.0,599,5269,625.0
2020-01-08,629560,394313360,639.0,607.0,635.0,20.0,581,5269,607.0
2020-01-09,935091,613711605,665.0,647.0,658.0,23.0,851,5269,652.0
2020-01-10,533407,352689620,670.0,652.0,658.0,0.0,471,5269,663.0
2020-01-13,1320180,931656140,723.0,670.0,723.0,65.0,1195,5269,670.0
2020-01-14,1263683,897918296,720.0,698.0,709.0,-14.0,1184,5269,720.0
2020-01-15,721160,511657120,722.0,698.0,707.0,-2.0,694,5269,710.0
2020-01-16,1910664,1433892296,771.0,700.0,769.0,62.0,1816,5269,700.0
2020-01-17,1852505,1462690950,807.0,777.0,788.0,19.0,1773,5269,798.0
2020-01-20,1976780,1601705040,825.0,789.0,818.0,30.0,1793,5269,790.0
2020-01-30,1590078,1240539358,799.0,759.0,766.0,-52.0,1523,5269,768.0
2020-01-31,1052892,838851356,807.0,783.0,798.0,32.0,1010,5269,788.0
2020-02-03,1026814,813659200,808.0,765.0,804.0,6.0,999,5269,781.0
2020-02-04,1187581,977563515,837.0,807.0,813.0,9.0,1132,5269,815.0
2020-02-05,1362970,1157570990,876.0,821.0,871.0,58.0,1340,5269,822.0
2020-02-06,1605012,1450731448,958.0,878.0,958.0,87.0,1600,5269,878.0
2020-02-07,1150978,1061811980,947.0,896.0,910.0,-48.0,1138,5269,947.0
2020-02-10,1818146,1659411468,944.0,883.0,900.0,-10.0,1472,5269,885.0
2020-02-11,1276059,1168161631,938.0,898.0,910.0,10.0,1226,5269,918.0
2020-02-12,1820561,1732527755,987.0,922.0,959.0,49.0,1788,5269,924.0
2020-02-13,1827761,1752144711,990.0,934.0,952.0,-7.0,1760,5269,965.0
2020-02-14,862969,822834488,968.0,942.0,951.0,-1.0,853,5269,967.0
2020-02-17,1263616,1176879800,963.0,916.0,925.0,-26.0,1256,5269,941.0
2020-02-18,1108636,1005830220,933.0,895.0,895.0,-30.0,1085,5269,923.0
2020-02-19,966339,882648778,930.0,898.0,902.0,7.0,936,5269,910.0
2020-02-20,600373,541341192,918.0,889.0,903.0,1.0,596,5269,918.0
2020-02-21,0,0,,,,0.0,0,5269,
2020-02-24,135399,110079387,813.0,813.0,813.0,0.0,121,5269,813.0
2020-02-25,2646105,2054738845,803.0,745.0,785.0,-28.0,2297,5269,750.0
2020-02-26,1375143,1092398970,809.0,780.0,785.0,0.0,1309,5269,785.0
2020-02-27,925739,730105159,805.0,772.0,779.0,-6.0,919,5269,796.0
2020-03-02,981504,766306088,798.0,764.0,771.0,-8.0,959,5269,766.0
2020-03-03,1772724,1454049300,839.0,789.0,827.0,56.0,1699,5269,800.0
2020-03-04,945891,762935127,827.0,793.0,802.0,-25.0,871,5269,827.0
2020-03-05,2001722,1723092804,882.0,820.0,882.0,80.0,1724,5269,822.0
2020-03-06,1230594,1089321630,907.0,856.0,900.0,18.0,1189,5269,870.0
2020-03-09,1890376,1624365960,897.0,830.0,832.0,-68.0,1717,5269,864.0
2020-03-10,1812113,1528894519,869.0,816.0,859.0,27.0,1739,5269,832.0
2020-03-11,2812626,2436592060,927.0,801.0,801.0,-58.0,2603,5269,925.0
2020-03-12,3278174,2567238112,814.0,746.0,776.0,-25.0,3126,5269,807.0
2020-03-13,2067606,1500360106,772.0,702.0,741.0,-35.0,1974,5269,715.0
2020-03-16,1404635,1019568150,757.0,684.0,684.0,-57.0,1313,5269,740.0
2020-03-17,2119303,1437249828,708.0,655.0,672.0,-12.0,1930,5269,669.0
2020-03-18,1914258,1329558020,727.0,672.0,685.0,13.0,1848,5269,692.0
2020-03-19,1753312,1135341376,700.0,617.0,617.0,-68.0,1587,5269,694.0
2020-03-20,2157036,1405997572,670.0,622.0,626.0,9.0,2084,5269,639.0
2020-03-23,1450157,880787125,635.0,564.0,635.0,9.0,1388,5269,594.0
2020-03-24,1887027,1288411846,698.0,655.0,698.0,63.0,1700,5269,672.0
2020-03-25,2068734,1489129534,751.0,685.0,701.0,3.0,1903,5269,751.0
2020-03-26,1824761,1311055423,750.0,680.0,743.0,42.0,1661,5269,698.0
2020-03-27,2919700,2269192000,812.0,754.0,780.0,37.0,2717,5269,755.0
2020-03-30,1619672,1274462320,802.0,760.0,802.0,22.0,1536,5269,773.0
2020-03-31,2416477,1908841060,830.0,766.0,770.0,-32.0,2224,5269,823.0
2020-04-01,1049365,821360155,796.0,773.0,788.0,18.0,998,5269,777.0
2020-04-06,1037724,823660200,808.0,786.0,795.0,7.0,998,5269,803.0
2020-04-07,1056030,848843580,824.0,781.0,786.0,-9.0,1027,5269,820.0
2020-04-08,612381,487725038,812.0,785.0,787.0,1.0,605,5269,795.0
2020-04-09,689941,548362980,809.0,778.0,778.0,-9.0,676,5269,799.0
2020-04-10,878429,683746200,799.0,758.0,779.0,1.0,828,5269,781.0
2020-04-13,1784448,1336860352,797.0,706.0,706.0,-73.0,1696,5269,797.0
2020-04-14,2111437,1575954112,774.0,716.0,774.0,68.0,1977,5269,716.0
2020-04-15,1657749,1257469969,792.0,740.0,758.0,-16.0,1601,5269,785.0
2020-04-16,1590966,1177560500,764.0,728.0,730.0,-28.0,1515,5269,753.0
2020-04-17,1846099,1357274953,759.0,708.0,737.0,7.0,1795,5269,750.0
2020-04-20,1728412,1295616236,768.0,734.0,753.0,16.0,1596,5269,749.0
2020-04-21,1023120,761534080,758.0,732.0,736.0,-17.0,953,5269,749.0
2020-04-22,759702,557331010,748.0,722.0,748.0,12.0,749,5269,736.0
2020-04-23,1560950,1182435950,770.0,744.0,761.0,13.0,1495,5269,745.0
2020-04-24,1792926,1401091986,795.0,761.0,783.0,22.0,1696,5269,765.0
2020-04-27,1181759,937223718,800.0,780.0,799.0,16.0,1081,5269,786.0
2020-04-28,1980732,1633377880,864.0,792.0,831.0,32.0,1843,5269,806.0
2020-04-29,2212051,1902997676,879.0,834.0,876.0,45.0,2135,5269,839.0
2020-04-30,2640097,2240868480,895.0,823.0,838.0,-38.0,2574,5269,886.0
2020-05-04,945937,789171450,852.0,815.0,846.0,8.0,927,5269,826.0
2020-05-05,1272369,1100379495,883.0,852.0,852.0,6.0,1208,5269,855.0
2020-05-06,973387,827438272,865.0,833.0,854.0,2.0,932,5269,858.0
2020-05-07,669656,568508600,859.0,840.0,846.0,-8.0,628,5269,856.0
2020-05-08,1027607,878228055,866.0,835.0,866.0,20.0,954,5269,854.0
2020-05-11,2088712,1883138680,926.0,868.0,918.0,52.0,1940,5269,872.0
2020-05-12,1428066,1304098852,930.0,895.0,930.0,12.0,1319,5269,917.0
2020-05-13,1715217,1630262405,968.0,921.0,968.0,38.0,1680,5269,924.0
2020-05-14,2240694,2179152382,1005.0,945.0,956.0,-12.0,2164,5269,950.0
2020-05-15,1946071,1975865550,1050.0,982.0,1050.0,94.0,1871,5269,982.0
2020-05-18,1967406,2162951600,1150.0,1035.0,1100.0,50.0,1916,5269,1060.0
2020-05-19,1467164,1618350400,1140.0,1065.0,1105.0,5.0,1402,5269,1120.0
2020-05-20,1028074,1171775470,1165.0,1105.0,1165.0,60.0,1026,5269,1120.0
2020-05-21,1059238,1219837510,1175.0,1125.0,1145.0,-20.0,1056,5269,1160.0
2020-05-22,1016312,1169911920,1180.0,1110.0,1170.0,25.0,995,5269,1125.0
2020-05-25,970795,1136250150,1205.0,1145.0,1170.0,0.0,969,5269,1190.0
2020-05-26,755617,896373060,1200.0,1170.0,1185.0,15.0,716,5269,1180.0
2020-05-27,1329237,1519174255,1215.0,1100.0,1115.0,-70.0,1287,5269,1190.0
2020-05-28,1347475,1546753625,1175.0,1110.0,1170.0,55.0,1275,5269,1140.0
2020-05-29,605759,694514055,1175.0,1130.0,1135.0,-35.0,594,5269,1160.0
2020-06-01,971866,1157284870,1215.0,1155.0,1200.0,65.0,962,5269,1160.0
2020-06-02,1458789,1627185010,1195.0,1080.0,1090.0,-110.0,1422,5269,1190.0
2020-06-03,777762,874191060,1145.0,1105.0,1125.0,35.0,782,5269,1125.0
2020-06-04,911749,1010490155,1140.0,1080.0,1085.0,-40.0,852,5269,1135.0
2020-06-05,588749,648631390,1120.0,1080.0,1120.0,35.0,586,5269,1115.0
2020-06-08,715871,811348585,1145.0,1100.0,1145.0,25.0,700,5269,1130.0
2020-06-09,598307,691322655,1165.0,1125.0,1165.0,20.0,622,5269,1125.0
2020-06-10,985085,1228098800,1280.0,1190.0,1280.0,115.0,855,5269,1190.0
2020-06-11,1807039,2415466480,1395.0,1295.0,1325.0,45.0,1762,5269,1340.0
2020-06-12,1302517,1761718290,1390.0,1280.0,1370.0,45.0,1285,5269,1295.0
2020-06-15,1006597,1339430055,1390.0,1285.0,1300.0,-70.0,1012,5269,1370.0
2020-06-16,703409,953268285,1375.0,1330.0,1360.0,60.0,703,5269,1370.0
2020-06-17,534210,715840350,1370.0,1315.0,1330.0,-30.0,555,5269,1365.0
2020-06-18,1155071,1620645820,1445.0,1335.0,1420.0,90.0,1167,5269,1335.0
2020-06-19,1516568,2110411680,1445.0,1365.0,1365.0,-55.0,839,5269,1405.0
2020-06-22,1021180,1457949200,1470.0,1380.0,1460.0,95.0,995,5269,1395.0
2020-06-23,901840,1306845400,1505.0,1410.0,1425.0,-35.0,895,5269,1485.0
2020-06-24,1347577,2058155120,1565.0,1480.0,1560.0,135.0,1324,5269,1500.0
2020-06-29,1100164,1640873620,1550.0,1440.0,1455.0,-105.0,1137,5269,1550.0
2020-06-30,1123476,1639173060,1510.0,1420.0,1435.0,-20.0,1061,5269,1490.0
2020-07-01,915136,1381183080,1535.0,1450.0,1530.0,95.0,913,5269,1450.0
2020-07-02,673547,1030424645,1560.0,1495.0,1550.0,20.0,674,5269,1535.0
2020-07-03,1157109,1848457765,1635.0,1555.0,1585.0,35.0,1166,5269,1575.0
2020-07-06,1195610,2021234200,1740.0,1620.0,1720.0,135.0,1218,5269,1625.0
2020-07-07,1210842,2069798770,1795.0,1640.0,1685.0,-35.0,1228,5269,1770.0
2020-07-08,1017722,1721140180,1735.0,1655.0,1680.0,-5.0,986,5269,1695.0
2020-07-09,824682,1421601220,1745.0,1695.0,1720.0,40.0,823,5269,1730.0
2020-07-10,1348741,2336149520,1790.0,1665.0,1735.0,15.0,1295,5269,1765.0
2020-07-13,1397563,2457050345,1815.0,1705.0,1710.0,-25.0,1310,5269,1775.0
2020-07-14,1176713,1987911450,1735.0,1650.0,1665.0,-45.0,1187,5269,1710.0
2020-07-15,1027314,1685135540,1715.0,1580.0,1605.0,-60.0,1058,5269,1695.0
2020-07-16,696514,1116662680,1630.0,1565.0,1620.0,15.0,697,5269,1615.0
2020-07-17,595893,961519335,1645.0,1590.0,1605.0,-15.0,610,5269,1630.0
2020-07-20,1081427,1688901065,1615.0,1510.0,1600.0,-5.0,1062,5269,1615.0
2020-07-21,1052348,1781530300,1755.0,1635.0,1730.0,130.0,1040,5269,1650.0
2020-07-22,800077,1371415900,1760.0,1680.0,1685.0,-45.0,824,5269,1725.0
2020-07-23,1426055,2524864000,1810.0,1705.0,1810.0,125.0,1424,5269,1730.0
2020-07-24,1826616,3247560680,1860.0,1700.0,1720.0,-90.0,1811,5269,1850.0
2020-07-27,1158650,2103888250,1850.0,1780.0,1830.0,110.0,1114,5269,1790.0
2020-07-28,988580,1736401600,1845.0,1700.0,1750.0,-80.0,986,5269,1830.0
2020-07-29,1236183,2225810805,1850.0,1740.0,1850.0,100.0,1237,5269,1825.0
2020-07-30,1012566,1846610120,1890.0,1775.0,1805.0,-45.0,1027,5269,1885.0
2020-07-31,1098727,2012229950,1875.0,1765.0,1850.0,45.0,1110,5269,1810.0
2020-08-03,673016,1206204040,1850.0,1760.0,1780.0,-70.0,693,5269,1845.0
2020-08-04,793516,1418928800,1815.0,1760.0,1790.0,10.0,797,5269,1795.0
2020-08-05,1085490,2036918650,1920.0,1800.0,1885.0,95.0,1104,5269,1800.0
2020-08-06,1005145,1942321300,1960.0,1870.0,1960.0,75.0,1013,5269,1885.0
2020-08-07,1011394,1951896330,1960.0,1880.0,1950.0,-10.0,996,5269,1950.0
2020-08-10,1070152,1990267400,1930.0,1810.0,1815.0,-135.0,1090,5269,1930.0
2020-08-11,1147071,2045592090,1860.0,1730.0,1800.0,-15.0,1113,5269,1825.0
2020-08-12,888131,1536342940,1795.0,1705.0,1705.0,-95.0,915,5269,1770.0
2020-08-13,1563998,2817851360,1845.0,1770.0,1775.0,70.0,1534,5269,1820.0
2020-08-14,1011722,1830877090,1850.0,1735.0,1845.0,70.0,1046,5269,1780.0
2020-08-17,1435274,2547570940,1840.0,1745.0,1780.0,-65.0,1411,5269,1820.0
2020-08-18,1785302,3071143400,1815.0,1630.0,1685.0,-95.0,1750,5269,1735.0
2020-08-19,1221739,2107206080,1770.0,1675.0,1700.0,15.0,1213,5269,1690.0
2020-08-20,1278343,2160296095,1775.0,1600.0,1645.0,-55.0,1210,5269,1715.0
2020-08-21,845563,1444297730,1755.0,1680.0,1685.0,40.0,821,5269,1705.0
2020-08-24,954296,1670297440,1785.0,1705.0,1765.0,80.0,948,5269,1710.0
2020-08-25,874953,1525274160,1795.0,1710.0,1715.0,0.0,902,5269,1780.0
2020-08-26,1189747,2121475925,1835.0,1735.0,1775.0,60.0,1061,5269,1740.0
2020-08-27,1102601,1962288770,1845.0,1740.0,1740.0,-35.0,1080,5269,1820.0
2020-08-28,1151492,2028700680,1805.0,1715.0,1760.0,20.0,1107,5269,1755.0
2020-08-31,3653993,6503987645,1835.0,1765.0,1765.0,5.0,1751,5269,1805.0
2020-09-01,1863372,3135811820,1760.0,1650.0,1665.0,-100.0,1792,5269,1750.0
2020-09-02,967738,1653563640,1730.0,1680.0,1700.0,35.0,953,5269,1700.0
2020-09-03,904036,1534146560,1735.0,1680.0,1690.0,-10.0,862,5269,1730.0
2020-09-04,1987189,3110176730,1645.0,1525.0,1525.0,-165.0,1863,5269,1630.0
2020-09-07,2618403,3764976140,1555.0,1375.0,1375.0,-150.0,2555,5269,1535.0
2020-09-08,1821942,2658929160,1490.0,1400.0,1480.0,105.0,1811,5269,1405.0
2020-09-09,2203538,3139609340,1465.0,1380.0,1430.0,-50.0,2072,5269,1445.0
2020-09-10,1834425,2682524750,1515.0,1415.0,1430.0,0.0,1679,5269,1495.0
2020-09-11,2083871,3005718435,1485.0,1375.0,1485.0,55.0,1924,5269,1400.0
2020-09-14,1404286,2080526140,1515.0,1450.0,1470.0,-15.0,1294,5269,1515.0
2020-09-15,971128,1436327000,1500.0,1450.0,1500.0,30.0,923,5269,1475.0
2020-09-16,1308396,1968459000,1535.0,1485.0,1490.0,-10.0,1211,5269,1505.0
2020-09-17,633572,952271580,1530.0,1490.0,1495.0,5.0,617,5269,1500.0
2020-09-18,884272,1313637080,1515.0,1470.0,1475.0,-20.0,623,5269,1510.0
2020-09-21,904380,1352321700,1530.0,1465.0,1465.0,-10.0,904,5269,1495.0
2020-09-22,959602,1416792950,1505.0,1460.0,1465.0,0.0,829,5269,1475.0
2020-09-23,1600503,2439067165,1560.0,1475.0,1555.0,90.0,1549,5269,1485.0
2020-09-24,1949985,2837938550,1535.0,1400.0,1405.0,-150.0,1838,5269,1535.0
2020-09-25,1451952,2057861840,1450.0,1375.0,1415.0,10.0,1352,5269,1425.0
2020-09-28,1031690,1475405850,1460.0,1390.0,1460.0,45.0,945,5269,1435.0
2020-09-29,1162286,1654288260,1480.0,1390.0,1395.0,-65.0,1097,5269,1480.0
2020-09-30,1419226,2036486090,1465.0,1400.0,1455.0,60.0,1319,5269,1415.0
2020-10-05,904957,1347324425,1510.0,1435.0,1510.0,55.0,883,5269,1450.0
2020-10-06,1098626,1620342130,1540.0,1440.0,1470.0,-40.0,1038,5269,1540.0
2020-10-07,722026,1084474000,1520.0,1465.0,1500.0,30.0,713,5269,1475.0
2020-10-08,1752243,2748697865,1615.0,1515.0,1545.0,45.0,1633,5269,1515.0
2020-10-12,1200603,1855524575,1600.0,1505.0,1515.0,-30.0,1138,5269,1595.0
2020-10-13,866192,1347223360,1590.0,1505.0,1570.0,55.0,851,5269,1530.0
2020-10-14,994698,1516454450,1585.0,1495.0,1505.0,-65.0,1000,5269,1585.0
2020-10-15,1060792,1635459680,1575.0,1500.0,1525.0,20.0,1040,5269,1510.0
2020-10-16,1021888,1542671440,1540.0,1485.0,1500.0,-25.0,997,5269,1515.0
2020-10-19,664263,998769760,1535.0,1480.0,1505.0,5.0,656,5269,1525.0
2020-10-20,2415931,3873370805,1655.0,1505.0,1655.0,150.0,2236,5269,1515.0
2020-10-21,1761811,2907977205,1715.0,1605.0,1640.0,-15.0,1662,5269,1695.0
2020-10-22,1355325,2173738375,1675.0,1570.0,1575.0,-65.0,1277,5269,1625.0
2020-10-23,900903,1432686740,1620.0,1555.0,1580.0,5.0,877,5269,1590.0
2020-10-26,753446,1198614625,1630.0,1560.0,1570.0,-10.0,820,5269,1590.0
2020-10-27,743961,1149540755,1580.0,1525.0,1550.0,-20.0,813,5269,1570.0
2020-10-28,516203,801287940,1575.0,1530.0,1545.0,-5.0,550,5269,1560.0
2020-10-29,806905,1214671980,1535.0,1490.0,1500.0,-45.0,865,5269,1510.0
2020-10-30,1134488,1653213010,1520.0,1415.0,1435.0,-65.0,1311,5269,1520.0
2020-11-02,956224,1369321370,1470.0,1405.0,1425.0,-10.0,929,5269,1450.0
2020-11-03,1204673,1741575050,1485.0,1420.0,1440.0,15.0,1155,5269,1450.0
2020-11-04,1401464,1978011000,1465.0,1380.0,1405.0,-35.0,1407,5269,1460.0
2020-11-05,1377330,2016288665,1495.0,1415.0,1475.0,70.0,1424,5269,1430.0
2020-11-06,2214984,3494019900,1620.0,1500.0,1620.0,145.0,2222,5269,1505.0
2020-11-09,2101725,3391004490,1695.0,1560.0,1610.0,-10.0,2098,5269,1660.0
2020-11-10,1677010,2626921740,1650.0,1505.0,1525.0,-85.0,1839,5269,1565.0
2020-11-11,1401103,2084480940,1545.0,1455.0,1465.0,-60.0,1583,5269,1530.0
2020-11-12,1456545,2094688865,1495.0,1410.0,1425.0,-40.0,1624,5269,1485.0
2020-11-13,1093159,1567058555,1465.0,1400.0,1455.0,30.0,1178,5269,1425.0
2020-11-16,1914374,2913734650,1570.0,1435.0,1560.0,105.0,2036,5269,1475.0
2020-11-17,1529799,2401282275,1630.0,1525.0,1540.0,-20.0,1718,5269,1595.0
2020-11-18,1553421,2435798615,1605.0,1530.0,1575.0,35.0,1623,5269,1555.0
2020-11-19,958810,1486439415,1590.0,1530.0,1540.0,-35.0,1091,5269,1555.0
2020-11-20,896020,1364170820,1550.0,1500.0,1510.0,-30.0,1009,5269,1545.0
2020-11-23,1692722,2675501380,1615.0,1530.0,1575.0,65.0,1768,5269,1530.0
2020-11-24,930181,1474248125,1620.0,1560.0,1590.0,15.0,1011,5269,1605.0
2020-11-25,956568,1496009140,1620.0,1540.0,1545.0,-45.0,1023,5269,1605.0
2020-11-26,1567195,2524013875,1650.0,1550.0,1635.0,90.0,1804,5269,1565.0
2020-11-27,1042374,1678225330,1645.0,1580.0,1620.0,-15.0,1111,5269,1625.0
2020-11-30,1074052,1759981890,1650.0,1610.0,1645.0,25.0,1094,5269,1645.0
2020-12-01,1303484,2166376900,1720.0,1625.0,1645.0,0.0,1336,5269,1675.0
2020-12-02,651285,1084035015,1690.0,1650.0,1655.0,10.0,709,5269,1675.0
2020-12-03,991660,1660698985,1715.0,1640.0,1655.0,0.0,1067,5269,1700.0
2020-12-04,636198,1049429985,1675.0,1625.0,1650.0,-5.0,748,5269,1670.0
2020-12-07,713638,1194891165,1710.0,1635.0,1705.0,55.0,863,5269,1655.0
2020-12-08,778526,1309105210,1720.0,1660.0,1665.0,-40.0,937,5269,1720.0
2020-12-09,691276,1167674670,1705.0,1665.0,1690.0,25.0,772,5269,1670.0
2020-12-10,938385,1529950770,1675.0,1605.0,1610.0,-80.0,1147,5269,1675.0
2020-12-11,1050485,1745648270,1685.0,1630.0,1680.0,70.0,1133,5269,1630.0
2020-12-14,531763,874357785,1685.0,1630.0,1640.0,-40.0,551,5269,1685.0
2020-12-15,669320,1113031620,1685.0,1640.0,1645.0,5.0,761,5269,1655.0
2020-12-16,1717711,2982602025,1790.0,1655.0,1745.0,100.0,1880,5269,1665.0
2020-12-17,1122970,1929078935,1780.0,1665.0,1695.0,-50.0,1205,5269,1735.0
2020-12-18,432445,730430970,1710.0,1675.0,1680.0,-15.0,499,5269,1705.0
2020-12-21,562131,933014990,1695.0,1635.0,1670.0,-10.0,624,5269,1675.0
2020-12-22,624277,1015903700,1660.0,1590.0,1595.0,-75.0,773,5269,1655.0
2020-12-23,482332,769219070,1615.0,1580.0,1595.0,0.0,555,5269,1580.0
2020-12-24,418125,667131250,1615.0,1585.0,1585.0,-10.0,460,5269,1610.0
2020-12-25,336266,532333040,1610.0,1565.0,1570.0,-15.0,471,5269,1605.0
2020-12-28,625789,966223745,1585.0,1520.0,1535.0,-35.0,814,5269,1575.0
2020-12-29,506017,774952545,1550.0,1520.0,1535.0,0.0,618,5269,1535.0
2020-12-30,826008,1293617985,1600.0,1525.0,1580.0,45.0,901,5269,1535.0
2020-12-31,388857,610232755,1590.0,1555.0,1570.0,-10.0,449,5269,1585.0
2021-01-04,877973,1412825110,1635.0,1565.0,1625.0,55.0,930,5269,1580.0
2021-01-05,1351834,2268581310,1715.0,1635.0,1715.0,90.0,1498,5269,1650.0
2021-01-06,1152185,1989053765,1765.0,1675.0,1705.0,-10.0,1393,5269,1735.0
2021-01-07,668076,1154033450,1755.0,1695.0,1745.0,40.0,798,5269,1720.0
2021-01-08,1380620,2516829665,1880.0,1760.0,1835.0,90.0,1646,5269,1760.0
2021-01-11,960128,1784506485,1910.0,1785.0,1885.0,50.0,1205,5269,1855.0
2021-01-12,806688,1520298375,1945.0,1855.0,1860.0,-25.0,1023,5269,1910.0
2021-01-13,1097666,2110517915,1965.0,1865.0,1915.0,55.0,1278,5269,1885.0
2021-01-14,808145,1504743355,1920.0,1835.0,1840.0,-75.0,1078,5269,1880.0
2021-01-15,854439,1554125105,1890.0,1770.0,1785.0,-55.0,1085,5269,1870.0
2021-01-18,773286,1337641770,1775.0,1710.0,1730.0,-55.0,1017,5269,1760.0
2021-01-19,543685,951232850,1765.0,1720.0,1765.0,35.0,667,5269,1750.0
2021-01-20,630943,1089276225,1775.0,1700.0,1715.0,-50.0,749,5269,1765.0
2021-01-21,632836,1112240580,1790.0,1730.0,1750.0,35.0,706,5269,1730.0
2021-01-22,1447313,2664998555,1895.0,1750.0,1855.0,105.0,1618,5269,1750.0
2021-01-25,518138,935126230,1880.0,1775.0,1785.0,-70.0,686,5269,1880.0
2021-01-26,1520893,2834749100,1910.0,1790.0,1845.0,60.0,1758,5269,1790.0
2021-01-27,1836341,3500391825,1960.0,1805.0,1945.0,100.0,2096,5269,1820.0
2021-01-28,1260092,2404745520,1970.0,1875.0,1895.0,-50.0,1334,5269,1880.0
2021-01-29,902833,1736547405,1965.0,1895.0,1905.0,10.0,1034,5269,1950.0
2021-02-01,1196927,2287932590,1980.0,1860.0,1980.0,75.0,1337,5269,1915.0
2021-02-02,1704947,3489543100,2140.0,1980.0,2045.0,65.0,2024,5269,2020.0
2021-02-03,943123,1940456245,2110.0,2010.0,2025.0,-20.0,1123,5269,2070.0
2021-02-04,549828,1083240745,2015.0,1925.0,1935.0,-90.0,891,5269,2015.0
2021-02-05,491631,964352525,1995.0,1935.0,1955.0,20.0,620,5269,1960.0
2021-02-17,944263,1830881360,2005.0,1910.0,1910.0,-45.0,1240,5269,2000.0
2021-02-18,1029977,1924655135,1935.0,1840.0,1855.0,-55.0,1595,5269,1935.0
2021-02-19,1799297,3190574410,1855.0,1735.0,1755.0,-100.0,2273,5269,1820.0
2021-02-22,1253287,2186000080,1785.0,1710.0,1745.0,-10.0,1859,5269,1780.0
2021-02-23,1775392,2983454865,1735.0,1640.0,1700.0,-45.0,3123,5269,1735.0
2021-02-24,1366896,2314496515,1745.0,1660.0,1665.0,-35.0,2141,5269,1685.0
2021-02-25,1254561,2161661360,1750.0,1695.0,1745.0,80.0,1726,5269,1705.0
2021-02-26,989337,1686735510,1720.0,1680.0,1700.0,-45.0,1540,5269,1680.0
2021-03-02,763260,1325435335,1765.0,1685.0,1685.0,-15.0,1166,5269,1750.0
2021-03-03,506181,864598970,1740.0,1650.0,1730.0,45.0,712,5269,1705.0
2021-03-04,802109,1370215375,1735.0,1680.0,1720.0,-10.0,903,5269,1705.0
2021-03-05,693108,1166992160,1705.0,1670.0,1675.0,-45.0,922,5269,1680.0
2021-03-08,516992,879253365,1725.0,1675.0,1690.0,15.0,663,5269,1700.0
2021-03-09,1266109,2037799140,1700.0,1565.0,1595.0,-95.0,1974,5269,1670.0
2021-03-10,872389,1428958060,1675.0,1610.0,1620.0,25.0,1112,5269,1640.0
2021-03-11,1748711,2671473505,1570.0,1480.0,1540.0,-80.0,2697,5269,1570.0
2021-03-12,598964,930187565,1590.0,1525.0,1535.0,-5.0,1177,5269,1570.0
2021-03-15,510861,791363455,1575.0,1540.0,1545.0,10.0,631,5269,1560.0
2021-03-16,544253,853374780,1590.0,1540.0,1570.0,25.0,801,5269,1555.0
2021-03-17,632977,997881205,1595.0,1560.0,1560.0,-10.0,841,5269,1560.0
2021-03-18,538528,847350700,1590.0,1555.0,1555.0,-5.0,704,5269,1580.0
2021-03-19,1088940,1619537935,1530.0,1465.0,1465.0,-90.0,2170,5269,1530.0
2021-03-22,578654,856685610,1500.0,1445.0,1495.0,30.0,832,5269,1455.0
2021-03-23,578611,883364225,1560.0,1500.0,1505.0,10.0,827,5269,1510.0
2021-03-24,522902,778419680,1505.0,1470.0,1505.0,0.0,734,5269,1495.0
2021-03-25,348351,527563170,1535.0,1500.0,1500.0,-5.0,529,5269,1515.0
2021-03-26,422758,648334690,1550.0,1505.0,1540.0,40.0,660,5269,1515.0
2021-03-29,446065,679582355,1565.0,1500.0,1505.0,-35.0,897,5269,1560.0
2021-03-30,358557,546258830,1545.0,1500.0,1515.0,10.0,512,5269,1520.0
2021-03-31,412432,616174995,1530.0,1475.0,1490.0,-25.0,1037,5269,1520.0
2021-04-01,398243,594518730,1515.0,1475.0,1480.0,-10.0,761,5269,1510.0
2021-04-06,285672,429099710,1520.0,1480.0,1500.0,20.0,559,5269,1495.0
2021-04-07,294736,442655645,1530.0,1485.0,1490.0,-10.0,502,5269,1515.0
2021-04-08,319103,476970610,1510.0,1470.0,1490.0,0.0,559,5269,1495.0
2021-04-09,765787,1031551310,1370.0,1345.0,1345.0,-145.0,2229,5269,1345.0
2021-04-12,1874632,2343660130,1340.0,1215.0,1245.0,-100.0,2727,5269,1215.0
2021-04-13,1120929,1385149420,1280.0,1205.0,1215.0,-30.0,1978,5269,1250.0
2021-04-14,942635,1149293140,1250.0,1195.0,1210.0,-5.0,1329,5269,1225.0
2021-04-15,1252751,1512112795,1250.0,1175.0,1215.0,5.0,1623,5269,1250.0
2021-04-16,1430576,1815673865,1290.0,1220.0,1290.0,75.0,1792,5269,1235.0
2021-04-19,978446,1196975235,1300.0,1190.0,1190.0,-100.0,1726,5269,1300.0
2021-04-20,1129291,1333089105,1200.0,1150.0,1175.0,-15.0,1722,5269,1200.0
2021-04-21,1315894,1500412325,1175.0,1125.0,1130.0,-45.0,2082,5269,1170.0
2021-04-22,1030383,1153450735,1155.0,1090.0,1090.0,-40.0,1787,5269,1150.0
2021-04-23,1037889,1139577295,1120.0,1065.0,1090.0,0.0,1287,5269,1080.0
2021-04-26,1307477,1475132080,1150.0,1095.0,1150.0,60.0,1593,5269,1115.0
2021-04-27,1764075,2012410675,1190.0,1085.0,1130.0,-20.0,2144,5269,1150.0
2021-04-28,1492562,1810312380,1240.0,1155.0,1240.0,110.0,1789,5269,1160.0
2021-04-29,2874595,3532839495,1310.0,1170.0,1180.0,-60.0,3208,5269,1300.0
2021-05-03,806082,924978390,1210.0,1110.0,1115.0,-65.0,1375,5269,1195.0
2021-05-04,1089598,1150645710,1125.0,1020.0,1045.0,-70.0,1780,5269,1120.0
2021-05-05,837862,869289780,1080.0,1010.0,1015.0,-30.0,1220,5269,1050.0
2021-05-06,686101,721438450,1080.0,1015.0,1055.0,40.0,882,5269,1030.0
2021-05-07,569076,613636295,1105.0,1050.0,1075.0,20.0,850,5269,1070.0
2021-05-10,378310,396493360,1085.0,1035.0,1035.0,-40.0,650,5269,1075.0
2021-05-11,1339828,1317737570,1040.0,955.0,994.0,-41.0,2037,5269,1015.0
2021-05-12,2326329,2436793774,1090.0,964.0,1090.0,96.0,2725,5269,1000.0
2021-05-13,2267811,2321355853,1080.0,981.0,1000.0,-90.0,2653,5269,1050.0
2021-05-14,815879,889790085,1100.0,1075.0,1100.0,100.0,1039,5269,1095.0
2021-05-17,2615655,3027466960,1210.0,1060.0,1180.0,80.0,2819,5269,1060.0
2021-05-18,1912569,2323840920,1285.0,1130.0,1285.0,105.0,2346,5269,1180.0
2021-05-19,1346040,1684686580,1300.0,1210.0,1225.0,-60.0,1785,5269,1265.0
2021-05-20,1251731,1585532260,1300.0,1215.0,1245.0,20.0,1550,5269,1215.0
2021-05-21,1086060,1395392630,1320.0,1255.0,1280.0,35.0,1317,5269,1295.0
2021-05-24,851480,1114132255,1340.0,1260.0,1340.0,60.0,1294,5269,1275.0
2021-05-25,1308935,1765360110,1400.0,1290.0,1355.0,15.0,1734,5269,1310.0
2021-05-26,1568602,2252443300,1490.0,1370.0,1465.0,110.0,2281,5269,1370.0
2021-05-27,1083415,1557324230,1465.0,1400.0,1455.0,-10.0,1461,5269,1440.0
2021-05-28,1788878,2660261655,1555.0,1435.0,1440.0,-15.0,2432,5269,1435.0
2021-05-31,961508,1440997940,1530.0,1465.0,1510.0,70.0,1368,5269,1470.0
2021-06-01,630583,950583150,1540.0,1470.0,1485.0,-25.0,985,5269,1525.0
2021-06-02,1177070,1682307595,1520.0,1395.0,1395.0,-90.0,2029,5269,1505.0
2021-06-03,543454,779197085,1455.0,1415.0,1430.0,35.0,751,5269,1420.0
2021-06-04,625332,881709395,1445.0,1365.0,1435.0,5.0,956,5269,1420.0
2021-06-07,689382,960381335,1435.0,1365.0,1395.0,-40.0,966,5269,1435.0
2021-06-08,536067,768182355,1460.0,1410.0,1410.0,15.0,721,5269,1440.0
2021-06-09,294425,417082745,1445.0,1400.0,1410.0,0.0,410,5269,1440.0
2021-06-10,381302,549642125,1460.0,1420.0,1435.0,25.0,558,5269,1435.0
2021-06-11,1445282,2205580430,1570.0,1465.0,1500.0,65.0,2160,5269,1465.0
2021-06-15,535174,826060385,1560.0,1520.0,1550.0,50.0,970,5269,1530.0
2021-06-16,338419,511755525,1535.0,1500.0,1500.0,-50.0,685,5269,1535.0
2021-06-17,367699,547286240,1515.0,1455.0,1505.0,5.0,563,5269,1480.0
2021-06-18,689258,1042817470,1570.0,1475.0,1475.0,-30.0,981,5269,1530.0
2021-06-21,376691,553613855,1500.0,1450.0,1450.0,-25.0,640,5269,1460.0
2021-06-22,503061,721479815,1495.0,1405.0,1415.0,-35.0,873,5269,1475.0
2021-06-23,712150,1006513110,1450.0,1380.0,1405.0,-10.0,950,5269,1415.0
2021-06-24,323559,460230000,1435.0,1400.0,1435.0,30.0,440,5269,1425.0
2021-06-25,227803,325442435,1455.0,1410.0,1410.0,-25.0,360,5269,1455.0
2021-06-28,1013797,1361079340,1410.0,1310.0,1350.0,-60.0,1893,5269,1410.0
2021-06-29,460575,619746550,1380.0,1325.0,1330.0,-20.0,680,5269,1380.0
2021-06-30,288413,385888000,1350.0,1325.0,1345.0,15.0,459,5269,1340.0
2021-07-01,349406,477339440,1390.0,1345.0,1375.0,30.0,546,5269,1360.0
2021-07-02,950663,1372482070,1505.0,1365.0,1450.0,75.0,1358,5269,1380.0
2021-07-05,359081,530245940,1505.0,1450.0,1465.0,15.0,522,5269,1465.0
2021-07-06,272808,401760075,1505.0,1455.0,1455.0,-10.0,419,5269,1475.0
2021-07-07,406073,593440070,1500.0,1435.0,1440.0,-15.0,612,5269,1465.0
2021-07-08,319982,466470145,1480.0,1420.0,1475.0,35.0,482,5269,1430.0
2021-07-09,430906,633087590,1505.0,1445.0,1445.0,-30.0,654,5269,1475.0
2021-07-12,1456654,2245061605,1585.0,1470.0,1585.0,140.0,2374,5269,1485.0
2021-07-13,3557774,6087135835,1740.0,1605.0,1740.0,155.0,3418,5269,1610.0
2021-07-14,1999791,3564850040,1875.0,1710.0,1820.0,80.0,2985,5269,1765.0
2021-07-15,1577713,2867071770,1895.0,1735.0,1785.0,-35.0,2180,5269,1790.0
2021-07-16,911460,1664886940,1860.0,1750.0,1855.0,70.0,1339,5269,1750.0
2021-07-19,856178,1590875790,1905.0,1810.0,1870.0,15.0,1178,5269,1870.0
2021-07-20,862369,1624038940,1925.0,1850.0,1860.0,-10.0,1193,5269,1850.0
2021-07-21,810502,1531230295,1920.0,1845.0,1860.0,0.0,1145,5269,1900.0
2021-07-22,519400,979399580,1930.0,1850.0,1850.0,-10.0,735,5269,1900.0
2021-07-23,414264,769203090,1890.0,1820.0,1880.0,30.0,670,5269,1870.0
2021-07-26,832622,1602924930,1980.0,1875.0,1900.0,20.0,1388,5269,1875.0
2021-07-27,583390,1089271655,1935.0,1825.0,1860.0,-40.0,859,5269,1925.0
2021-07-28,892328,1670695295,1925.0,1780.0,1915.0,55.0,1431,5269,1860.0
2021-07-29,1977907,4114863520,2105.0,2000.0,2105.0,190.0,2302,5269,2000.0
2021-07-30,1114133,2272362925,2125.0,1955.0,1955.0,-150.0,1663,5269,2085.0
2021-08-02,721888,1442598720,2045.0,1940.0,2005.0,50.0,922,5269,1995.0
2021-08-03,1188155,2574449065,2205.0,2020.0,2205.0,200.0,1832,5269,2055.0
2021-08-04,1317863,2818866920,2280.0,2045.0,2100.0,-105.0,1836,5269,2215.0
2021-08-05,566769,1183803905,2160.0,2035.0,2070.0,-30.0,874,5269,2150.0
2021-08-06,336732,688887345,2080.0,2020.0,2040.0,-30.0,561,5269,2080.0
2021-08-09,972992,1879896115,2005.0,1875.0,1910.0,-130.0,1604,5269,2005.0
2021-08-10,896962,1719272365,1985.0,1845.0,1895.0,-15.0,1090,5269,1920.0
2021-08-11,1113205,2067748425,1935.0,1810.0,1835.0,-60.0,1481,5269,1920.0
2021-08-12,892951,1722243350,1990.0,1850.0,1975.0,140.0,1206,5269,1870.0
2021-08-13,678357,1306645005,1990.0,1890.0,1900.0,-75.0,908,5269,1960.0
2021-08-16,649742,1237268800,1940.0,1855.0,1930.0,30.0,837,5269,1920.0
2021-08-17,841189,1555165175,1950.0,1790.0,1800.0,-130.0,1215,5269,1920.0
2021-08-18,1040424,1880636495,1855.0,1740.0,1830.0,30.0,1221,5269,1790.0
2021-08-19,489504,885638590,1865.0,1785.0,1785.0,-45.0,707,5269,1815.0
2021-08-20,507103,936265125,1885.0,1810.0,1850.0,65.0,641,5269,1820.0
2021-08-23,380430,719244650,1920.0,1865.0,1875.0,25.0,513,5269,1885.0
2021-08-24,616457,1195385510,1985.0,1900.0,1900.0,25.0,812,5269,1905.0
2021-08-25,344543,671629865,1975.0,1910.0,1955.0,55.0,485,5269,1935.0
2021-08-26,643859,1204474995,1935.0,1820.0,1830.0,0.0,1017,5269,1935.0
2021-08-27,180850,337041595,1885.0,1840.0,1860.0,30.0,287,5269,1840.0
2021-08-30,836673,1664036085,2045.0,1875.0,2035.0,175.0,1338,5269,1890.0
2021-08-31,1076616,2228893615,2120.0,1990.0,2075.0,40.0,1453,5269,2000.0
2021-09-01,1165883,2565280940,2280.0,2055.0,2260.0,185.0,1689,5269,2055.0
2021-09-02,1586772,3719654300,2455.0,2235.0,2285.0,25.0,2251,5269,2290.0
2021-09-03,1265857,2949512115,2430.0,2245.0,2285.0,0.0,1579,5269,2365.0
2021-09-06,836567,1883112675,2375.0,2195.0,2205.0,-80.0,1218,5269,2325.0
2021-09-07,902246,1947684460,2260.0,2105.0,2165.0,-40.0,1174,5269,2220.0
2021-09-08,833626,1800426655,2205.0,2110.0,2135.0,-30.0,992,5269,2180.0
2021-09-09,1006230,2226578315,2315.0,2115.0,2280.0,145.0,1244,5269,2155.0
2021-09-10,1097128,2544465490,2370.0,2240.0,2365.0,85.0,1406,5269,2265.0
2021-09-13,1042314,2272970120,2295.0,2130.0,2130.0,-235.0,1825,5269,2265.0
2021-09-14,965043,2025315630,2155.0,2025.0,2100.0,-30.0,1298,5269,2095.0
2021-09-15,618230,1270200080,2085.0,2010.0,2065.0,-35.0,835,5269,2065.0
2021-09-16,1029462,2068710850,2125.0,1955.0,1960.0,-105.0,1676,5269,2090.0
2021-09-17,1062926,2137428725,2070.0,1935.0,2015.0,55.0,1388,5269,1935.0
2021-09-22,737362,1457565405,2020.0,1920.0,1995.0,-20.0,936,5269,1945.0
2021-09-23,998310,1962665795,2060.0,1925.0,1930.0,-65.0,1484,5269,2035.0
2021-09-24,980039,1867074165,1975.0,1870.0,1875.0,-55.0,1668,5269,1950.0
2021-09-27,1153893,2125965620,1935.0,1800.0,1830.0,-45.0,1790,5269,1870.0
2021-09-28,1141506,2048586395,1885.0,1740.0,1775.0,-55.0,1832,5269,1840.0
2021-09-29,942408,1646504320,1780.0,1715.0,1735.0,-40.0,1233,5269,1750.0
2021-09-30,1345365,2268898440,1770.0,1645.0,1670.0,-65.0,2056,5269,1760.0
2021-10-01,1054513,1780375315,1720.0,1655.0,1705.0,35.0,1321,5269,1690.0
2021-10-04,1320793,2187741065,1740.0,1590.0,1690.0,-15.0,1647,5269,1715.0
2021-10-05,859538,1435772195,1710.0,1640.0,1660.0,-30.0,1128,5269,1670.0
2021-10-06,1140072,1855420310,1720.0,1570.0,1575.0,-85.0,1756,5269,1690.0
2021-10-07,1948641,3029988615,1630.0,1510.0,1565.0,-10.0,2428,5269,1585.0
2021-10-08,1458947,2348182985,1660.0,1555.0,1565.0,0.0,1854,5269,1600.0
2021-10-12,1554522,2324665155,1540.0,1440.0,1525.0,-40.0,2004,5269,1515.0
2021-10-13,839206,1255456525,1540.0,1470.0,1480.0,-45.0,1072,5269,1515.0
2021-10-14,1043553,1589940780,1570.0,1480.0,1515.0,35.0,1193,5269,1520.0
2021-10-15,1054378,1626860135,1590.0,1510.0,1515.0,0.0,1253,5269,1545.0
2021-10-18,511703,787865730,1560.0,1520.0,1545.0,30.0,680,5269,1520.0
2021-10-19,1484281,2409079395,1690.0,1565.0,1620.0,75.0,1789,5269,1575.0
2021-10-20,1434636,2404799560,1755.0,1585.0,1750.0,130.0,1832,5269,1605.0
2021-10-21,1499035,2537107410,1775.0,1640.0,1655.0,-95.0,2118,5269,1760.0
2021-10-22,1115265,1884960190,1720.0,1655.0,1680.0,25.0,1333,5269,1670.0
2021-10-25,807417,1331787210,1715.0,1615.0,1620.0,-60.0,1260,5269,1705.0
2021-10-26,686455,1147799120,1700.0,1640.0,1665.0,45.0,925,5269,1650.0
2021-10-27,607201,1020891505,1705.0,1640.0,1690.0,25.0,801,5269,1660.0
2021-10-28,778549,1308034865,1745.0,1630.0,1650.0,-40.0,1115,5269,1700.0
2021-10-29,759950,1259770050,1710.0,1625.0,1625.0,-25.0,986,5269,1670.0
2021-11-01,538554,893036910,1680.0,1625.0,1670.0,45.0,755,5269,1650.0
2021-11-02,768300,1285192870,1725.0,1635.0,1640.0,-30.0,975,5269,1690.0
2021-11-03,416868,689989575,1695.0,1630.0,1640.0,0.0,777,5269,1655.0
2021-11-04,351228,583408850,1685.0,1635.0,1660.0,20.0,475,5269,1665.0
2021-11-05,827563,1341709320,1685.0,1595.0,1605.0,-55.0,1297,5269,1685.0
2021-11-08,377631,613613560,1640.0,1595.0,1635.0,30.0,570,5269,1620.0
2021-11-09,1151636,1993071525,1785.0,1695.0,1705.0,70.0,1558,5269,1735.0
2021-11-10,1232436,2178237965,1805.0,1690.0,1785.0,80.0,1747,5269,1710.0
2021-11-11,1398935,2328795575,1710.0,1620.0,1645.0,-140.0,2403,5269,1670.0
2021-11-12,652953,1078288975,1665.0,1625.0,1660.0,15.0,942,5269,1630.0
2021-11-15,1081058,1872409650,1780.0,1650.0,1755.0,95.0,1670,5269,1650.0
2021-11-16,689837,1229648905,1805.0,1750.0,1780.0,25.0,1060,5269,1770.0
2021-11-17,849950,1515133610,1810.0,1740.0,1810.0,30.0,1336,5269,1810.0
2021-11-18,652197,1187044760,1845.0,1790.0,1845.0,35.0,969,5269,1800.0
2021-11-19,1289693,2457207920,1955.0,1865.0,1900.0,55.0,1931,5269,1890.0
2021-11-22,721148,1401189010,1980.0,1900.0,1980.0,80.0,1241,5269,1910.0
2021-11-23,867817,1686865885,1975.0,1915.0,1955.0,-25.0,1268,5269,1965.0
2021-11-24,1026584,2000048055,2015.0,1885.0,1915.0,-40.0,1835,5269,1955.0
2021-11-25,799114,1471193610,1930.0,1810.0,1810.0,-105.0,1448,5269,1915.0
2021-11-26,559258,1017314030,1850.0,1775.0,1850.0,40.0,847,5269,1800.0
2021-11-29,401981,740727715,1865.0,1810.0,1855.0,5.0,630,5269,1815.0
2021-11-30,906315,1755597235,1970.0,1870.0,1945.0,90.0,1419,5269,1880.0
2021-12-01,794125,1563976565,2005.0,1905.0,2000.0,55.0,1515,5269,1950.0
2021-12-02,544611,1087278340,2020.0,1970.0,2015.0,15.0,1456,5269,1980.0
2021-12-03,371798,746073875,2040.0,1985.0,2000.0,-15.0,596,5269,2010.0
2021-12-06,330433,663699610,2030.0,1990.0,2015.0,15.0,497,5269,2000.0
2021-12-07,1049402,2016615355,2070.0,1850.0,1900.0,-115.0,2976,5269,2035.0
2021-12-08,869903,1653771275,1955.0,1865.0,1865.0,-35.0,1292,5269,1935.0
2021-12-09,775907,1429266805,1880.0,1805.0,1865.0,0.0,1187,5269,1875.0
2021-12-10,415527,778769760,1900.0,1840.0,1895.0,30.0,592,5269,1855.0
2021-12-13,640619,1181726375,1885.0,1805.0,1885.0,-10.0,926,5269,1835.0
2021-12-14,593804,1076263065,1865.0,1785.0,1785.0,-100.0,1080,5269,1860.0
2021-12-15,260735,473004420,1830.0,1805.0,1805.0,20.0,394,5269,1805.0
2021-12-16,512100,950974175,1885.0,1825.0,1875.0,70.0,739,5269,1830.0
2021-12-17,414838,761021580,1870.0,1815.0,1815.0,-60.0,664,5269,1870.0
2021-12-20,593560,1044657935,1810.0,1735.0,1745.0,-70.0,1156,5269,1810.0
2021-12-21,366174,646108625,1780.0,1750.0,1765.0,20.0,478,5269,1760.0
2021-12-22,438372,786416215,1820.0,1770.0,1795.0,30.0,638,5269,1780.0
2021-12-23,220271,397499960,1830.0,1790.0,1790.0,-5.0,336,5269,1820.0
2021-12-24,591813,1066717500,1835.0,1760.0,1795.0,5.0,771,5269,1800.0
2021-12-27,376146,681215425,1825.0,1790.0,1810.0,15.0,482,5269,1795.0
2021-12-28,608825,1116758705,1855.0,1800.0,1840.0,30.0,787,5269,1835.0
2021-12-29,480107,867508530,1845.0,1790.0,1790.0,-50.0,791,5269,1840.0
2021-12-30,262052,473767655,1820.0,1785.0,1820.0,30.0,377,5269,1790.0
2022-01-03,432861,775803035,1840.0,1765.0,1765.0,-55.0,659,5269,1830.0
2022-01-04,530875,931956510,1800.0,1725.0,1725.0,-40.0,968,5269,1785.0
2022-01-05,1187565,1921860315,1675.0,1590.0,1595.0,-130.0,2590,5269,1675.0
2022-01-06,725040,1134593790,1615.0,1530.0,1555.0,-40.0,1643,5269,1575.0
2022-01-07,495172,765675495,1565.0,1515.0,1555.0,0.0,932,5269,1565.0
2022-01-10,498896,777516120,1590.0,1495.0,1590.0,35.0,701,5269,1520.0
2022-01-11,442238,692799165,1590.0,1555.0,1560.0,-30.0,593,5269,1580.0
2022-01-12,339272,538524630,1610.0,1560.0,1570.0,10.0,516,5269,1590.0
2022-01-13,220734,344433370,1585.0,1545.0,1550.0,-20.0,475,5269,1575.0
2022-01-14,553438,835904880,1545.0,1480.0,1545.0,-5.0,952,5269,1535.0
2022-01-17,286432,436057800,1545.0,1515.0,1525.0,-20.0,588,5269,1525.0
2022-01-18,364099,565303140,1575.0,1530.0,1545.0,20.0,568,5269,1530.0
2022-01-19,421591,664623630,1600.0,1530.0,1580.0,35.0,616,5269,1540.0
2022-01-20,999353,1615718005,1655.0,1575.0,1585.0,5.0,1514,5269,1585.0
2022-01-21,716578,1160432340,1645.0,1575.0,1645.0,60.0,1018,5269,1590.0
2022-01-24,426000,680393195,1630.0,1565.0,1605.0,-40.0,700,5269,1625.0
2022-01-25,474576,769692500,1640.0,1595.0,1625.0,20.0,851,5269,1600.0
2022-01-26,480843,763560200,1645.0,1545.0,1550.0,-75.0,969,5269,1615.0
2022-02-07,389441,617025355,1615.0,1560.0,1570.0,20.0,637,5269,1585.0
2022-02-08,367696,590562225,1615.0,1575.0,1610.0,40.0,459,5269,1575.0
2022-02-09,809767,1326463245,1680.0,1580.0,1645.0,35.0,1111,5269,1610.0
2022-02-10,910900,1554670925,1745.0,1645.0,1700.0,55.0,1266,5269,1655.0
2022-02-11,2034486,3624475550,1870.0,1680.0,1780.0,80.0,2852,5269,1680.0
2022-02-14,902491,1585250470,1795.0,1710.0,1795.0,15.0,1196,5269,1775.0
2022-02-15,864860,1580302930,1860.0,1785.0,1810.0,15.0,1791,5269,1810.0
2022-02-16,938526,1719396040,1890.0,1790.0,1795.0,-15.0,1747,5269,1865.0
2022-02-17,638358,1157636920,1845.0,1785.0,1795.0,0.0,1104,5269,1820.0
2022-02-18,374949,680405455,1840.0,1770.0,1835.0,40.0,702,5269,1785.0
2022-02-21,350440,636065945,1845.0,1795.0,1800.0,-35.0,548,5269,1845.0
2022-02-22,553616,960961090,1790.0,1705.0,1710.0,-90.0,1004,5269,1780.0
2022-02-23,273820,475947610,1755.0,1705.0,1750.0,40.0,490,5269,1735.0
2022-02-24,353965,604325570,1725.0,1680.0,1710.0,-40.0,636,5269,1715.0
2022-02-25,406994,702469810,1760.0,1695.0,1700.0,-10.0,605,5269,1735.0
2022-03-01,587284,1046189735,1845.0,1725.0,1760.0,60.0,856,5269,1730.0
2022-03-02,459749,823928425,1820.0,1745.0,1820.0,60.0,688,5269,1765.0
2022-03-03,899114,1684060515,1900.0,1840.0,1900.0,80.0,1423,5269,1840.0
2022-03-04,600501,1092162180,1885.0,1780.0,1780.0,-120.0,1016,5269,1885.0
2022-03-07,533779,897460530,1770.0,1650.0,1655.0,-125.0,1054,5269,1745.0
2022-03-08,429188,706644790,1690.0,1605.0,1630.0,-25.0,729,5269,1605.0
2022-03-09,362770,613701230,1715.0,1655.0,1690.0,60.0,488,5269,1680.0
2022-03-10,573891,1021507770,1815.0,1755.0,1760.0,70.0,782,5269,1800.0
2022-03-11,762431,1369551990,1840.0,1775.0,1780.0,20.0,873,5269,1795.0
2022-03-14,374071,665581700,1810.0,1735.0,1805.0,25.0,504,5269,1800.0
2022-03-15,479238,829157955,1790.0,1695.0,1735.0,-70.0,702,5269,1750.0
2022-03-16,540925,967684950,1810.0,1760.0,1800.0,65.0,725,5269,1780.0
2022-03-17,884664,1657353690,1910.0,1845.0,1845.0,45.0,1251,5269,1855.0
2022-03-18,363179,670258570,1875.0,1815.0,1845.0,0.0,533,5269,1845.0
2022-03-21,219134,402404115,1870.0,1820.0,1830.0,-15.0,448,5269,1855.0
2022-03-22,239271,438105080,1850.0,1805.0,1850.0,20.0,385,5269,1830.0
2022-03-23,484735,911236055,1905.0,1850.0,1905.0,55.0,861,5269,1855.0
2022-03-24,227931,426434435,1895.0,1850.0,1880.0,-25.0,317,5269,1895.0
2022-03-25,908239,1774155270,1980.0,1915.0,1945.0,65.0,1475,5269,1930.0
2022-03-28,419668,787308010,1920.0,1860.0,1870.0,-75.0,632,5269,1915.0
2022-03-29,561824,1071574515,1940.0,1870.0,1935.0,65.0,759,5269,1885.0
2022-03-30,997551,2009473370,2065.0,1960.0,2000.0,65.0,1644,5269,1960.0
2022-03-31,198117,392406635,2025.0,1945.0,1945.0,-55.0,396,5269,2025.0
2022-04-01,572674,1073196010,1915.0,1855.0,1900.0,-45.0,740,5269,1915.0
2022-04-06,283007,530450810,1915.0,1840.0,1870.0,-30.0,433,5269,1845.0
2022-04-07,264466,483163185,1890.0,1795.0,1800.0,-70.0,443,5269,1865.0
2022-04-08,320571,566303575,1835.0,1735.0,1745.0,-55.0,663,5269,1820.0
2022-04-11,539259,922891850,1770.0,1680.0,1685.0,-60.0,751,5269,1750.0
2022-04-12,441516,751493630,1740.0,1645.0,1710.0,25.0,537,5269,1665.0
2022-04-13,1263704,2070280795,1710.0,1565.0,1685.0,-25.0,1840,5269,1705.0
2022-04-14,868634,1406638135,1680.0,1590.0,1605.0,-80.0,1315,5269,1680.0
2022-04-15,927113,1409723225,1590.0,1480.0,1480.0,-125.0,2118,5269,1590.0
2022-04-18,503614,761759840,1535.0,1485.0,1520.0,40.0,771,5269,1485.0
2022-04-19,360431,560617375,1570.0,1530.0,1565.0,45.0,497,5269,1550.0
2022-04-20,478965,760690420,1610.0,1570.0,1580.0,15.0,630,5269,1590.0
2022-04-21,450750,719012110,1620.0,1565.0,1620.0,40.0,570,5269,1590.0
2022-04-22,528653,820005460,1590.0,1530.0,1550.0,-70.0,827,5269,1590.0
2022-04-25,1006107,1465234960,1510.0,1425.0,1450.0,-100.0,1828,5269,1495.0
2022-04-26,955623,1358399540,1500.0,1390.0,1400.0,-50.0,1411,5269,1480.0
2022-04-27,1151447,1524113795,1365.0,1285.0,1350.0,-50.0,1519,5269,1285.0
2022-04-28,1062540,1466924660,1440.0,1305.0,1400.0,50.0,1304,5269,1355.0
2022-04-29,773772,1108740975,1470.0,1400.0,1425.0,25.0,901,5269,1435.0
2022-05-03,302132,433087435,1455.0,1405.0,1440.0,15.0,390,5269,1425.0
2022-05-04,1087673,1576411265,1530.0,1400.0,1420.0,-20.0,1340,5269,1500.0
2022-05-05,1437796,2071795115,1515.0,1380.0,1395.0,-25.0,2081,5269,1495.0
2022-05-06,1024977,1365340240,1365.0,1295.0,1360.0,-35.0,1450,5269,1310.0
2022-05-09,1011407,1304508705,1330.0,1265.0,1300.0,-60.0,1350,5269,1325.0
2022-05-10,973847,1279949920,1370.0,1235.0,1360.0,60.0,1170,5269,1255.0
2022-05-11,643635,881161415,1385.0,1345.0,1375.0,15.0,737,5269,1355.0
2022-05-12,1245742,1660565520,1365.0,1295.0,1355.0,-20.0,1219,5269,1345.0
2022-05-13,1697405,2184070935,1370.0,1240.0,1245.0,-110.0,2644,5269,1350.0
2022-05-16,993125,1288401485,1315.0,1275.0,1300.0,55.0,1184,5269,1280.0
2022-05-17,804478,1080553040,1365.0,1295.0,1350.0,50.0,990,5269,1315.0
2022-05-18,1119523,1544424465,1410.0,1330.0,1405.0,55.0,1358,5269,1380.0
2022-05-19,709314,982339650,1415.0,1335.0,1405.0,0.0,853,5269,1335.0
2022-05-20,678605,960960365,1450.0,1400.0,1405.0,0.0,766,5269,1435.0
2022-05-23,929928,1256542380,1425.0,1315.0,1320.0,-85.0,1500,5269,1410.0
2022-05-24,713978,925887005,1350.0,1265.0,1280.0,-40.0,1051,5269,1335.0
2022-05-25,498092,647702930,1325.0,1270.0,1285.0,5.0,680,5269,1300.0
2022-05-26,632120,812236905,1310.0,1260.0,1280.0,-5.0,846,5269,1305.0
2022-05-27,528996,693835195,1330.0,1295.0,1300.0,20.0,655,5269,1310.0
2022-05-30,812670,1078533000,1360.0,1300.0,1310.0,10.0,1038,5269,1335.0
2022-05-31,878315,1179583655,1375.0,1300.0,1370.0,60.0,982,5269,1320.0
2022-06-01,881535,1210939140,1410.0,1355.0,1365.0,-5.0,1025,5269,1365.0
2022-06-02,606125,839179880,1405.0,1355.0,1385.0,20.0,742,5269,1365.0
2022-06-06,678651,931546695,1395.0,1335.0,1380.0,-5.0,805,5269,1385.0
2022-06-07,497365,699687085,1425.0,1380.0,1405.0,25.0,718,5269,1380.0
2022-06-08,867741,1248212490,1455.0,1415.0,1435.0,30.0,1106,5269,1440.0
2022-06-09,575858,830297755,1460.0,1415.0,1435.0,0.0,696,5269,1440.0
2022-06-10,500613,698257625,1420.0,1380.0,1385.0,-50.0,912,5269,1400.0
2022-06-13,583752,782148155,1365.0,1310.0,1350.0,-35.0,852,5269,1340.0
2022-06-14,972392,1263934175,1335.0,1280.0,1300.0,-50.0,1359,5269,1320.0
2022-06-15,307980,408532120,1340.0,1310.0,1320.0,20.0,437,5269,1310.0
2022-06-16,440932,586677850,1370.0,1285.0,1285.0,-35.0,665,5269,1360.0
2022-06-17,748840,937884400,1280.0,1230.0,1265.0,-20.0,1363,5269,1270.0
2022-06-20,624749,767755440,1270.0,1200.0,1200.0,-65.0,950,5269,1265.0
2022-06-21,542383,661354910,1240.0,1190.0,1230.0,30.0,661,5269,1225.0
2022-06-22,1143419,1316419165,1235.0,1115.0,1125.0,-105.0,1737,5269,1235.0
2022-06-23,709908,801281865,1150.0,1105.0,1125.0,0.0,872,5269,1130.0
2022-06-24,1062886,1265470600,1220.0,1145.0,1200.0,75.0,1199,5269,1145.0
2022-06-27,1048652,1289210025,1265.0,1195.0,1205.0,5.0,1304,5269,1220.0
2022-06-28,1072178,1266896185,1210.0,1150.0,1195.0,-10.0,1088,5269,1195.0
2022-06-29,618023,713967500,1185.0,1135.0,1145.0,-50.0,801,5269,1140.0
2022-06-30,497014,558934350,1155.0,1110.0,1115.0,-30.0,688,5269,1140.0
2022-07-01,817006,871815715,1125.0,1025.0,1035.0,-80.0,1159,5269,1125.0
2022-07-04,726434,759060120,1070.0,1025.0,1045.0,10.0,913,5269,1035.0
2022-07-05,663755,698890265,1110.0,1010.0,1045.0,0.0,811,5269,1080.0
2022-07-06,537372,541120094,1050.0,985.0,985.0,-60.0,906,5269,1050.0
2022-07-07,641335,656907021,1060.0,983.0,1040.0,55.0,814,5269,1000.0
2022-07-08,682984,719352945,1080.0,1025.0,1055.0,15.0,775,5269,1060.0
2022-07-11,870257,881386285,1080.0,995.0,995.0,-60.0,1106,5269,1080.0
2022-07-12,1352649,1255653792,987.0,907.0,911.0,-84.0,2003,5269,984.0
2022-07-13,1404251,1379715460,999.0,957.0,993.0,82.0,1564,5269,971.0
2022-07-14,830712,816712157,1015.0,936.0,1015.0,22.0,1065,5269,952.0
2022-07-15,700382,709335598,1040.0,979.0,1030.0,15.0,825,5269,991.0
2022-07-18,617393,650902910,1075.0,1025.0,1070.0,40.0,816,5269,1030.0
2022-07-19,292485,306451215,1065.0,1035.0,1040.0,-30.0,428,5269,1055.0
2022-07-20,742384,802329105,1100.0,1065.0,1070.0,30.0,836,5269,1080.0
2022-07-21,615212,679885550,1120.0,1080.0,1120.0,50.0,783,5269,1100.0
2022-07-22,587062,646501235,1135.0,1080.0,1095.0,-25.0,772,5269,1130.0
2022-07-25,280447,299644990,1090.0,1060.0,1065.0,-30.0,444,5269,1090.0
2022-07-26,532905,551520985,1075.0,1020.0,1025.0,-40.0,694,5269,1065.0
2022-07-27,405967,414479780,1035.0,1005.0,1030.0,5.0,524,5269,1025.0
2022-07-28,788709,794663871,1060.0,994.0,994.0,-36.0,1002,5269,1050.0
2022-07-29,838749,831646352,1020.0,971.0,973.0,-21.0,1246,5269,1015.0
2022-08-01,523859,518882400,1005.0,970.0,993.0,20.0,642,5269,977.0
2022-08-02,412367,399668372,982.0,955.0,971.0,-22.0,694,5269,978.0
2022-08-03,339616,328369343,984.0,958.0,963.0,-8.0,524,5269,980.0
2022-08-04,541876,519175000,970.0,937.0,967.0,4.0,723,5269,960.0
2022-08-05,419557,408021494,988.0,956.0,961.0,-6.0,704,5269,973.0
2022-08-08,352840,342071785,980.0,949.0,977.0,16.0,458,5269,950.0
2022-08-09,1000821,960160136,980.0,941.0,971.0,-6.0,1286,5269,966.0
2022-08-10,1177851,1091636089,962.0,906.0,908.0,-63.0,2322,5269,962.0
2022-08-11,672038,614666689,931.0,905.0,909.0,1.0,973,5269,926.0
2022-08-12,1582787,1438109051,920.0,884.0,913.0,4.0,1796,5269,911.0
2022-08-15,1591320,1534702985,988.0,935.0,977.0,64.0,2135,5269,938.0
2022-08-16,1417341,1397696661,1010.0,965.0,980.0,3.0,2240,5269,1010.0
2022-08-17,806066,786487414,987.0,962.0,983.0,3.0,1031,5269,962.0
2022-08-18,627212,611179623,983.0,961.0,978.0,-5.0,806,5269,974.0
2022-08-19,658515,656345035,1010.0,976.0,1000.0,22.0,952,5269,983.0
2022-08-22,442965,437579253,1000.0,968.0,972.0,-28.0,813,5269,984.0
2022-08-23,362037,348233501,974.0,944.0,967.0,-5.0,613,5269,959.0
2022-08-24,372894,361271728,984.0,960.0,960.0,-7.0,551,5269,970.0
2022-08-25,340223,328119458,979.0,951.0,960.0,0.0,526,5269,960.0
2022-08-26,961520,961724532,1025.0,978.0,990.0,30.0,1314,5269,981.0
2022-08-29,680108,653554507,972.0,950.0,962.0,-28.0,963,5269,957.0
2022-08-30,1231960,1146008814,973.0,915.0,918.0,-44.0,2327,5269,963.0
2022-08-31,713617,666130699,945.0,917.0,935.0,17.0,908,5269,922.0
2022-09-01,790856,714293090,927.0,890.0,890.0,-45.0,1903,5269,920.0
2022-09-02,567255,499964527,905.0,872.0,872.0,-18.0,1090,5269,897.0
2022-09-05,699118,591094128,876.0,833.0,840.0,-32.0,1360,5269,870.0
2022-09-06,484299,405854437,855.0,827.0,831.0,-9.0,891,5269,840.0
2022-09-07,594991,488006195,836.0,803.0,817.0,-14.0,793,5269,820.0
2022-09-08,495047,408798839,839.0,810.0,835.0,18.0,682,5269,826.0
2022-09-12,327193,279210208,860.0,845.0,851.0,16.0,784,5269,850.0
2022-09-13,457431,394595905,877.0,852.0,859.0,8.0,787,5269,852.0
2022-09-14,623663,515885818,837.0,814.0,833.0,-26.0,1117,5269,816.0
2022-09-15,494277,411154355,846.0,821.0,821.0,-12.0,727,5269,841.0
2022-09-16,431456,350773118,826.0,805.0,805.0,-16.0,790,5269,821.0
2022-09-19,478425,380727149,809.0,786.0,795.0,-10.0,850,5269,809.0
2022-09-20,1355594,1040384407,799.0,753.0,757.0,-38.0,2103,5269,794.0
2022-09-21,826433,624495576,767.0,746.0,752.0,-5.0,1010,5269,748.0
2022-09-22,811787,602705034,754.0,729.0,748.0,-4.0,1074,5269,742.0
2022-09-23,1163207,830119384,735.0,699.0,706.0,-42.0,1872,5269,730.0
2022-09-26,909962,623111363,704.0,669.0,670.0,-36.0,1318,5269,696.0
2022-09-27,787669,533013298,688.0,667.0,678.0,8.0,900,5269,677.0
2022-09-28,725213,475066536,679.0,641.0,641.0,-37.0,1180,5269,679.0
2022-09-29,517053,338889929,668.0,646.0,646.0,5.0,630,5269,652.0
2022-09-30,640332,414702311,667.0,621.0,664.0,18.0,741,5269,629.0
2022-10-03,718298,473399099,674.0,634.0,665.0,1.0,906,5269,655.0
2022-10-04,1223969,864073991,731.0,681.0,704.0,39.0,1379,5269,689.0
2022-10-05,1666746,1227228429,753.0,717.0,736.0,32.0,1914,5269,717.0
2022-10-06,701116,516315283,750.0,724.0,737.0,1.0,955,5269,749.0
2022-10-07,1189965,854606408,733.0,705.0,713.0,-24.0,1318,5269,723.0
2022-10-11,701008,463940444,679.0,649.0,652.0,-61.0,1045,5269,678.0
2022-10-12,712705,458989261,656.0,628.0,645.0,-7.0,851,5269,645.0
2022-10-13,616599,394248151,654.0,626.0,626.0,-19.0,802,5269,648.0
2022-10-14,1012868,656935495,659.0,639.0,639.0,13.0,1091,5269,650.0
2022-10-17,776622,480247871,633.0,606.0,633.0,-6.0,1029,5269,619.0
2022-10-18,1114055,697189196,656.0,604.0,622.0,-11.0,1224,5269,644.0
2022-10-19,1033379,650647823,648.0,615.0,616.0,-6.0,1081,5269,615.0
2022-10-20,760018,460619573,615.0,592.0,610.0,-6.0,973,5269,609.0
2022-10-21,663196,396084994,617.0,578.0,579.0,-31.0,992,5269,616.0
2022-10-24,592549,359602285,622.0,595.0,596.0,17.0,763,5269,597.0
2022-10-25,1033385,587024292,603.0,552.0,555.0,-41.0,1561,5269,603.0
2022-10-26,973112,540528593,572.0,546.0,547.0,-8.0,1076,5269,560.0
2022-10-27,1593840,933435277,598.0,563.0,597.0,50.0,1727,5269,563.0
2022-10-28,1142683,671436360,604.0,572.0,588.0,-9.0,1264,5269,586.0
2022-10-31,792177,465813894,611.0,576.0,582.0,-6.0,1163,5269,611.0
2022-11-01,629266,367018543,594.0,577.0,581.0,-1.0,723,5269,583.0
2022-11-02,1007993,608516112,615.0,583.0,610.0,29.0,1197,5269,587.0
2022-11-03,781358,468295281,607.0,593.0,602.0,-8.0,979,5269,595.0
2022-11-04,627449,373507218,606.0,586.0,599.0,-3.0,742,5269,602.0
2022-11-07,815033,507523555,631.0,609.0,621.0,22.0,1028,5269,615.0
2022-11-08,1723708,1114300064,672.0,624.0,625.0,4.0,1981,5269,635.0
2022-11-09,1440336,943941502,668.0,640.0,660.0,35.0,1646,5269,643.0
2022-11-10,2951307,1806094559,628.0,601.0,601.0,-59.0,4989,5269,628.0
2022-11-11,2527200,1623814676,654.0,625.0,649.0,48.0,2721,5269,625.0
2022-11-14,2145753,1481779040,713.0,655.0,713.0,64.0,2759,5269,661.0
2022-11-15,3020845,2202580178,743.0,718.0,732.0,19.0,3626,5269,725.0
2022-11-16,1505244,1094331586,739.0,714.0,738.0,6.0,1822,5269,727.0
2022-11-17,1834717,1354346496,760.0,729.0,734.0,-4.0,2287,5269,740.0
2022-11-18,2832698,2132109357,784.0,733.0,741.0,7.0,3155,5269,733.0
2022-11-21,1035758,773576905,758.0,737.0,738.0,-3.0,1224,5269,758.0
2022-11-22,895797,656541269,743.0,719.0,732.0,-6.0,1089,5269,738.0
2022-11-23,895222,655703966,753.0,719.0,719.0,-13.0,1221,5269,747.0
2022-11-24,879969,651341919,749.0,727.0,749.0,30.0,1132,5269,727.0
2022-11-25,1198653,903435677,762.0,742.0,751.0,2.0,1464,5269,754.0
2022-11-28,821896,617383132,761.0,742.0,747.0,-4.0,1019,5269,747.0
2022-11-29,993674,737454229,751.0,734.0,739.0,-8.0,1075,5269,750.0
2022-11-30,3222167,2390733636,754.0,737.0,741.0,2.0,1471,5269,738.0
2022-12-01,2423208,1895273749,804.0,765.0,770.0,29.0,2856,5269,769.0
2022-12-02,1609949,1266636516,798.0,772.0,785.0,15.0,2201,5269,772.0
2022-12-05,1303256,1019723351,802.0,766.0,773.0,-12.0,2183,5269,792.0
2022-12-06,1764099,1314085294,774.0,729.0,733.0,-40.0,2863,5269,773.0
2022-12-07,1100783,788816889,733.0,706.0,706.0,-27.0,1966,5269,732.0
2022-12-08,626468,442508409,712.0,701.0,704.0,-2.0,884,5269,708.0
2022-12-09,726485,519027225,725.0,706.0,713.0,9.0,975,5269,715.0
2022-12-12,628116,440592084,712.0,687.0,711.0,-2.0,1041,5269,712.0
2022-12-13,457252,324466468,720.0,701.0,701.0,-10.0,761,5269,717.0
2022-12-14,671727,482740806,724.0,709.0,723.0,22.0,911,5269,711.0
2022-12-15,708023,506563727,729.0,706.0,711.0,-12.0,1097,5269,722.0
2022-12-16,966063,682024993,722.0,691.0,717.0,6.0,1340,5269,696.0
2022-12-19,464880,330721666,719.0,707.0,707.0,-10.0,665,5269,717.0
2022-12-20,723236,502477699,716.0,679.0,683.0,-24.0,1337,5269,709.0
2022-12-21,1099200,775557614,716.0,691.0,704.0,21.0,1404,5269,694.0
2022-12-22,702131,504816332,725.0,715.0,716.0,12.0,972,5269,719.0
2022-12-23,564201,399767220,719.0,697.0,717.0,1.0,774,5269,709.0
2022-12-26,403161,286153768,720.0,704.0,707.0,-10.0,543,5269,718.0
2022-12-27,368300,264917802,726.0,711.0,718.0,11.0,574,5269,711.0
2022-12-28,918473,639370066,713.0,686.0,687.0,-31.0,1751,5269,712.0
2022-12-29,474011,323262826,687.0,675.0,681.0,-6.0,899,5269,682.0
2022-12-30,424672,289472157,698.0,670.0,670.0,-11.0,770,5269,695.0
2023-01-03,811869,566196021,714.0,669.0,714.0,44.0,1261,5269,672.0
2023-01-04,1803447,1347016721,762.0,711.0,750.0,36.0,2593,5269,711.0
2023-01-05,1200531,910425115,772.0,748.0,754.0,4.0,1572,5269,760.0
2023-01-06,983052,750988049,771.0,749.0,771.0,17.0,1392,5269,752.0
2023-01-09,1828308,1452288367,807.0,781.0,785.0,14.0,3441,5269,789.0
2023-01-10,1243152,978093615,799.0,772.0,799.0,14.0,1835,5269,786.0
2023-01-11,1141905,912456882,808.0,784.0,805.0,6.0,1703,5269,800.0
2023-01-12,1593746,1284674758,825.0,787.0,792.0,-13.0,3148,5269,806.0
2023-01-13,945002,740115962,805.0,770.0,777.0,-15.0,1947,5269,800.0
2023-01-16,1040832,833491033,814.0,781.0,810.0,33.0,1727,5269,782.0
2023-01-17,554147,446305673,811.0,798.0,808.0,-2.0,824,5269,806.0
2023-01-30,1136955,995374072,888.0,853.0,888.0,80.0,1803,5269,870.0
2023-01-31,1573090,1385410356,895.0,862.0,893.0,5.0,2790,5269,888.0
2023-02-01,1723666,1564897888,930.0,882.0,908.0,15.0,2203,5269,901.0
2023-02-02,1483207,1388279157,961.0,912.0,961.0,53.0,2413,5269,925.0
2023-02-03,1362857,1306664233,973.0,939.0,964.0,3.0,1885,5269,948.0
2023-02-06,766953,711160880,955.0,911.0,917.0,-47.0,6185,5269,954.0
2023-02-07,736347,690048746,953.0,915.0,949.0,32.0,1147,5269,917.0
2023-02-08,1430972,1409458390,1010.0,948.0,1010.0,61.0,2295,5269,955.0
2023-02-09,705620,701331978,1010.0,985.0,994.0,-16.0,1206,5269,992.0
2023-02-10,899812,863632425,994.0,945.0,948.0,-46.0,4726,5269,986.0
2023-02-13,1213970,1112625297,956.0,898.0,902.0,-46.0,2192,5269,950.0
2023-02-14,873474,795339320,929.0,891.0,892.0,-10.0,1380,5269,907.0
2023-02-15,530280,472658606,900.0,883.0,892.0,0.0,916,5269,892.0
2023-02-16,572305,523652079,925.0,900.0,920.0,28.0,978,5269,902.0
2023-02-17,427376,386565552,915.0,896.0,903.0,-17.0,790,5269,915.0
2023-02-20,1140170,1072742001,953.0,905.0,950.0,47.0,1679,5269,905.0
2023-02-21,1844419,1822877693,1010.0,950.0,1005.0,55.0,2896,5269,965.0
2023-02-22,1222724,1198174972,995.0,966.0,972.0,-33.0,1832,5269,985.0
2023-02-23,1794885,1817064943,1035.0,990.0,1015.0,43.0,2312,5269,990.0
2023-02-24,986283,990142754,1030.0,987.0,991.0,-24.0,4451,5269,1030.0
2023-03-01,610639,602544635,1005.0,965.0,996.0,5.0,968,5269,975.0
2023-03-02,415208,411390003,1010.0,980.0,980.0,-16.0,750,5269,1010.0
2023-03-03,859696,835420562,1010.0,943.0,954.0,-26.0,1696,5269,995.0
2023-03-06,616532,590317327,974.0,946.0,955.0,1.0,1008,5269,966.0
2023-03-07,447039,427441368,967.0,945.0,961.0,6.0,685,5269,958.0
2023-03-08,764588,723083830,961.0,937.0,951.0,-10.0,1376,5269,961.0
2023-03-09,2185285,2268842720,1045.0,1005.0,1045.0,94.0,2554,5269,1005.0
2023-03-10,3192065,3469153250,1135.0,1025.0,1095.0,50.0,4031,5269,1045.0
2023-03-13,1983008,2115833555,1095.0,1010.0,1095.0,0.0,2444,5269,1095.0
2023-03-14,1257545,1381658985,1120.0,1065.0,1090.0,-5.0,1553,5269,1080.0
2023-03-15,1540751,1725209060,1160.0,1075.0,1095.0,5.0,2252,5269,1140.0
2023-03-16,1965712,2236664980,1175.0,1085.0,1165.0,70.0,2608,5269,1095.0
2023-03-17,2701560,3312442850,1265.0,1175.0,1265.0,100.0,3685,5269,1190.0
2023-03-20,1416249,1781956160,1305.0,1220.0,1260.0,-5.0,2344,5269,1280.0
2023-03-21,1391320,1698587055,1285.0,1190.0,1190.0,-70.0,2090,5269,1275.0
2023-03-22,918055,1094951680,1215.0,1175.0,1195.0,5.0,1381,5269,1215.0
2023-03-23,771605,931090955,1235.0,1175.0,1205.0,10.0,1010,5269,1185.0
2023-03-24,1002143,1226700870,1250.0,1200.0,1210.0,5.0,1353,5269,1220.0
2023-03-27,442902,530032655,1220.0,1180.0,1190.0,-20.0,754,5269,1215.0
2023-03-28,762035,885421070,1200.0,1140.0,1155.0,-35.0,1170,5269,1190.0
2023-03-29,860280,964767215,1170.0,1095.0,1125.0,-30.0,1277,5269,1170.0
2023-03-30,1031265,1191894745,1185.0,1140.0,1145.0,20.0,1312,5269,1145.0
2023-03-31,498447,571440245,1160.0,1125.0,1145.0,0.0,675,5269,1155.0
2023-04-06,1800171,1984594245,1145.0,1065.0,1125.0,-20.0,2186,5269,1140.0
2023-04-07,1152911,1339067065,1185.0,1105.0,1175.0,50.0,1542,5269,1135.0
2023-04-10,1059258,1280853765,1225.0,1185.0,1210.0,35.0,1401,5269,1190.0
2023-04-11,1646017,2160605635,1330.0,1275.0,1330.0,120.0,2511,5269,1300.0
2023-04-12,994733,1296018810,1325.0,1275.0,1310.0,-20.0,1518,5269,1300.0
2023-04-13,867865,1122768885,1345.0,1260.0,1275.0,-35.0,1477,5269,1295.0
2023-04-14,1094837,1448914800,1345.0,1300.0,1335.0,60.0,1596,5269,1310.0
2023-04-17,1057466,1365737900,1340.0,1265.0,1270.0,-65.0,1818,5269,1340.0
2023-04-18,687741,876304385,1295.0,1260.0,1270.0,0.0,970,5269,1280.0
2023-04-19,792810,991109675,1275.0,1235.0,1240.0,-30.0,1220,5269,1250.0
2023-04-20,547924,676886005,1260.0,1220.0,1225.0,-15.0,792,5269,1230.0
2023-04-21,1334373,1588513920,1250.0,1160.0,1170.0,-55.0,1821,5269,1250.0
2023-04-24,736251,866610115,1190.0,1150.0,1190.0,20.0,978,5269,1165.0
2023-04-25,1243985,1401669965,1190.0,1095.0,1115.0,-75.0,1815,5269,1190.0
2023-04-26,954725,1051427355,1125.0,1075.0,1120.0,5.0,1212,5269,1100.0
2023-04-27,731759,808914245,1135.0,1075.0,1110.0,-10.0,945,5269,1115.0
2023-04-28,613268,692166210,1145.0,1115.0,1135.0,25.0,799,5269,1130.0
2023-05-02,829207,967104210,1190.0,1135.0,1155.0,20.0,1176,5269,1140.0
2023-05-03,715105,797131570,1130.0,1095.0,1110.0,-45.0,1152,5269,1130.0
2023-05-04,702239,769654565,1120.0,1085.0,1090.0,-20.0,956,5269,1110.0
2023-05-05,947371,1061868730,1140.0,1080.0,1140.0,50.0,1137,5269,1115.0
2023-05-08,640702,732245320,1170.0,1125.0,1125.0,-15.0,843,5269,1165.0
2023-05-09,476031,528054910,1145.0,1095.0,1110.0,-15.0,777,5269,1130.0
2023-05-10,598378,647904960,1120.0,1065.0,1080.0,-30.0,985,5269,1120.0
2023-05-11,945791,1050045755,1125.0,1090.0,1110.0,30.0,1100,5269,1120.0
2023-05-12,2187434,2492330475,1185.0,1070.0,1170.0,60.0,2646,5269,1120.0
2023-05-15,1183930,1386789105,1195.0,1150.0,1160.0,-10.0,2088,5269,1160.0
2023-05-16,1390082,1674555210,1230.0,1175.0,1200.0,40.0,2278,5269,1185.0
2023-05-17,1382726,1637897565,1205.0,1165.0,1175.0,-25.0,1882,5269,1200.0
2023-05-18,1133913,1357908875,1230.0,1170.0,1180.0,5.0,1466,5269,1205.0
2023-05-19,1225437,1494745940,1245.0,1185.0,1230.0,50.0,1873,5269,1205.0
2023-05-22,839248,1041506200,1260.0,1210.0,1250.0,20.0,1228,5269,1230.0
2023-05-23,1405246,1808689240,1310.0,1260.0,1280.0,30.0,1955,5269,1275.0
2023-05-24,639318,795541550,1275.0,1225.0,1245.0,-35.0,1177,5269,1270.0
2023-05-25,1005986,1250513825,1285.0,1225.0,1225.0,-20.0,1638,5269,1250.0
2023-05-26,799058,996662605,1265.0,1235.0,1245.0,20.0,1162,5269,1240.0
2023-05-29,1095685,1424220810,1330.0,1265.0,1300.0,55.0,1741,5269,1270.0
2023-05-30,1769927,2115695705,1265.0,1170.0,1170.0,-130.0,4093,5269,1265.0
2023-05-31,1145340,1329147355,1175.0,1140.0,1175.0,5.0,1910,5269,1165.0
2023-06-01,542407,628691430,1180.0,1145.0,1155.0,-20.0,1414,5269,1180.0
2023-06-02,559832,660733290,1195.0,1160.0,1180.0,25.0,1064,5269,1180.0
2023-06-05,463292,543287355,1195.0,1155.0,1160.0,-20.0,1091,5269,1190.0
2023-06-06,475495,549100480,1170.0,1130.0,1170.0,10.0,1030,5269,1165.0
2023-06-07,567385,672865945,1200.0,1170.0,1185.0,15.0,1078,5269,1180.0
2023-06-08,522365,598953740,1185.0,1130.0,1140.0,-45.0,1499,5269,1185.0
2023-06-09,494100,561708230,1150.0,1125.0,1125.0,-15.0,1195,5269,1140.0
2023-06-12,370204,422611675,1155.0,1120.0,1150.0,25.0,741,5269,1125.0
2023-06-13,1062779,1278389055,1230.0,1165.0,1225.0,75.0,2093,5269,1175.0
2023-06-14,771031,950198220,1250.0,1195.0,1245.0,20.0,1307,5269,1210.0
2023-06-15,851016,1060416745,1280.0,1215.0,1230.0,-15.0,1970,5269,1245.0
2023-06-16,548549,671423110,1250.0,1215.0,1215.0,-15.0,678,5269,1235.0
2023-06-19,730889,868207730,1225.0,1170.0,1180.0,-35.0,1977,5269,1200.0
2023-06-20,528750,614990385,1190.0,1145.0,1170.0,-10.0,971,5269,1185.0
2023-06-21,507237,579642940,1170.0,1130.0,1135.0,-35.0,1282,5269,1170.0
2023-06-26,855043,933603895,1120.0,1080.0,1090.0,-45.0,1798,5269,1120.0
2023-06-27,1438329,1494434940,1090.0,1015.0,1020.0,-70.0,3285,5269,1090.0
2023-06-28,881674,908613980,1060.0,1015.0,1025.0,5.0,1334,5269,1045.0
2023-06-29,682104,715604355,1065.0,1035.0,1045.0,20.0,1017,5269,1040.0
2023-06-30,569474,597965390,1065.0,1020.0,1055.0,10.0,830,5269,1045.0
2023-07-03,434335,461075685,1075.0,1055.0,1055.0,0.0,890,5269,1075.0
2023-07-04,635120,679900000,1080.0,1055.0,1070.0,15.0,863,5269,1065.0
2023-07-05,773894,831871800,1100.0,1040.0,1070.0,0.0,986,5269,1070.0
2023-07-06,369867,397847550,1085.0,1055.0,1075.0,5.0,658,5269,1060.0
2023-07-07,537609,570278310,1070.0,1040.0,1065.0,-10.0,866,5269,1065.0
2023-07-10,618763,667825980,1105.0,1060.0,1060.0,-5.0,875,5269,1070.0
2023-07-11,882722,927003515,1090.0,1025.0,1030.0,-30.0,1491,5269,1080.0
2023-07-12,1195911,1208422030,1055.0,996.0,998.0,-32.0,2135,5269,1035.0
2023-07-13,1574238,1555269712,1020.0,972.0,975.0,-23.0,3334,5269,1015.0
2023-07-14,738950,738126287,1010.0,979.0,1005.0,30.0,1065,5269,979.0
2023-07-17,467771,465036088,1020.0,983.0,995.0,-10.0,1126,5269,1010.0
2023-07-18,473951,476991694,1020.0,995.0,1005.0,10.0,726,5269,1005.0
2023-07-19,1876066,1993073275,1105.0,1030.0,1035.0,30.0,2543,5269,1030.0
2023-07-20,1187036,1194227488,1065.0,982.0,985.0,-50.0,2555,5269,1065.0
2023-07-21,1386111,1338432565,994.0,936.0,967.0,-18.0,2329,5269,973.0
2023-07-24,1001038,950819753,979.0,943.0,945.0,-22.0,2107,5269,978.0
2023-07-25,1086836,1077820696,1025.0,952.0,990.0,45.0,1734,5269,952.0
2023-07-26,1309397,1247910075,1010.0,930.0,930.0,-60.0,3290,5269,1000.0
2023-07-27,1026205,997065985,984.0,930.0,965.0,35.0,1625,5269,930.0
2023-07-28,847665,833146694,996.0,951.0,995.0,30.0,1343,5269,967.0
2023-07-31,861867,854906837,1015.0,976.0,983.0,-12.0,1325,5269,1010.0
2023-08-01,487934,473289413,982.0,957.0,957.0,0.0,914,5269,975.0
2023-08-02,894997,867252838,993.0,952.0,953.0,-4.0,1429,5269,978.0
2023-08-04,541770,525086133,984.0,939.0,975.0,22.0,913,5269,960.0
2023-08-07,358740,348867137,984.0,960.0,977.0,2.0,629,5269,983.0
2023-08-08,469856,449080408,978.0,938.0,942.0,-35.0,1048,5269,978.0
2023-08-09,291115,277099086,960.0,939.0,954.0,12.0,511,5269,939.0
2023-08-10,1424457,1262499233,940.0,861.0,863.0,-91.0,3337,5269,940.0
2023-08-11,1322676,1130162526,885.0,841.0,848.0,-15.0,2367,5269,870.0
2023-08-14,481027,406686805,854.0,836.0,850.0,2.0,924,5269,841.0
2023-08-15,518399,447341675,874.0,846.0,872.0,22.0,822,5269,860.0
2023-08-16,462026,404139068,882.0,854.0,878.0,6.0,730,5269,859.0
2023-08-17,395343,353172363,902.0,869.0,902.0,24.0,763,5269,877.0
2023-08-18,349263,315129732,909.0,897.0,900.0,-2.0,552,5269,909.0
2023-08-21,258619,233784295,915.0,892.0,905.0,5.0,462,5269,905.0
2023-08-22,390575,350383732,914.0,887.0,896.0,-9.0,844,5269,914.0
2023-08-23,202703,181431654,907.0,888.0,892.0,-4.0,420,5269,898.0
2023-08-24,505602,463833867,932.0,901.0,918.0,26.0,858,5269,907.0
2023-08-25,498394,439622907,914.0,870.0,870.0,-48.0,3244,5269,914.0
2023-08-28,960664,884125449,938.0,879.0,934.0,64.0,1641,5269,879.0
2023-08-29,1651226,1599557783,996.0,927.0,968.0,34.0,3647,5269,934.0
2023-08-30,979274,962310914,1000.0,962.0,965.0,-3.0,4116,5269,991.0
2023-08-31,788551,774107042,988.0,969.0,983.0,18.0,1356,5269,979.0
2023-09-01,720962,715701006,1010.0,980.0,981.0,-2.0,1266,5269,989.0
2023-09-04,366444,360443271,993.0,972.0,984.0,3.0,647,5269,990.0
2023-09-05,1113333,1141885000,1040.0,986.0,1030.0,46.0,2089,5269,986.0
2023-09-06,621630,644511260,1055.0,1025.0,1025.0,-5.0,1149,5269,1030.0
2023-09-07,691422,713411755,1055.0,1015.0,1030.0,5.0,1019,5269,1025.0
2023-09-08,788973,809927228,1050.0,999.0,1035.0,5.0,1181,5269,1035.0
2023-09-11,860759,882366925,1055.0,1005.0,1005.0,-30.0,1042,5269,1045.0
2023-09-12,426343,431341745,1025.0,999.0,1005.0,0.0,657,5269,1020.0
2023-09-13,940607,980764610,1055.0,1015.0,1045.0,40.0,1314,5269,1015.0
2023-09-14,1491350,1637976265,1115.0,1060.0,1105.0,60.0,2621,5269,1060.0
2023-09-15,2463343,2974655700,1215.0,1175.0,1200.0,95.0,3223,5269,1215.0
2023-09-18,2537451,3213352905,1310.0,1185.0,1265.0,65.0,3849,5269,1190.0
2023-09-19,1840438,2295223175,1285.0,1220.0,1235.0,-30.0,2791,5269,1265.0
2023-09-20,1469056,1758192520,1235.0,1155.0,1165.0,-70.0,3632,5269,1215.0
2023-09-21,1440098,1627461425,1175.0,1105.0,1115.0,-50.0,2217,5269,1160.0
2023-09-22,1732566,1998169795,1190.0,1085.0,1185.0,70.0,2173,5269,1095.0
2023-09-25,1433471,1707742410,1215.0,1155.0,1200.0,15.0,1862,5269,1180.0
2023-09-26,779079,914456505,1210.0,1155.0,1160.0,-40.0,1379,5269,1210.0
2023-09-27,638507,738413245,1170.0,1140.0,1170.0,10.0,851,5269,1155.0
2023-09-28,822145,966020085,1210.0,1155.0,1155.0,-15.0,1468,5269,1185.0
2023-10-02,1184674,1357954005,1200.0,1120.0,1135.0,-20.0,2081,5269,1170.0
2023-10-03,1248832,1447581440,1175.0,1130.0,1165.0,30.0,1504,5269,1140.0
2023-10-04,2081085,2487490970,1235.0,1135.0,1235.0,70.0,2696,5269,1155.0
2023-10-05,2632717,3348532360,1300.0,1220.0,1290.0,55.0,3474,5269,1250.0
2023-10-06,1072741,1352620190,1295.0,1240.0,1250.0,-40.0,1678,5269,1295.0
2023-10-11,1836684,2345334125,1315.0,1250.0,1280.0,30.0,2194,5269,1300.0
2023-10-12,1369765,1709927615,1295.0,1220.0,1250.0,-30.0,2597,5269,1290.0
2023-10-13,1148339,1422630035,1265.0,1215.0,1235.0,-15.0,1472,5269,1235.0
2023-10-16,980560,1182931890,1235.0,1190.0,1200.0,-35.0,1652,5269,1235.0
2023-10-17,813750,997045695,1250.0,1200.0,1200.0,0.0,1147,5269,1225.0
2023-10-18,1228850,1502954090,1245.0,1200.0,1210.0,10.0,1498,5269,1205.0
2023-10-19,834182,1004890890,1235.0,1175.0,1230.0,20.0,1152,5269,1210.0
2023-10-20,2307281,2890385560,1280.0,1220.0,1265.0,35.0,2736,5269,1235.0
2023-10-23,1317352,1629424885,1280.0,1200.0,1210.0,-55.0,2061,5269,1250.0
2023-10-24,1802304,2277262085,1280.0,1230.0,1270.0,60.0,2253,5269,1235.0
2023-10-25,3273593,4440291590,1395.0,1260.0,1325.0,55.0,4625,5269,1285.0
2023-10-26,1804182,2278958220,1305.0,1240.0,1240.0,-85.0,2669,5269,1280.0
2023-10-27,1277419,1619690205,1290.0,1240.0,1270.0,30.0,1636,5269,1250.0
2023-10-30,2436821,3283030055,1390.0,1270.0,1345.0,75.0,3086,5269,1275.0
2023-10-31,1826073,2453209795,1395.0,1300.0,1315.0,-30.0,2232,5269,1350.0
2023-11-01,1243915,1632382430,1360.0,1280.0,1310.0,-5.0,1964,5269,1355.0
2023-11-02,1484757,1976226545,1365.0,1305.0,1315.0,5.0,2495,5269,1365.0
2023-11-03,1924299,2432243535,1335.0,1230.0,1235.0,-80.0,3644,5269,1325.0
2023-11-06,1395773,1790373905,1320.0,1245.0,1310.0,75.0,2054,5269,1250.0
2023-11-07,1226075,1639171205,1355.0,1290.0,1350.0,40.0,1673,5269,1300.0
2023-11-08,1088359,1475139240,1375.0,1325.0,1370.0,20.0,1553,5269,1360.0
2023-11-09,2132275,2946931615,1420.0,1345.0,1360.0,-10.0,2840,5269,1380.0
2023-11-10,1089172,1494773750,1390.0,1340.0,1390.0,30.0,1555,5269,1355.0
2023-11-13,1583462,2283258875,1460.0,1405.0,1445.0,55.0,2490,5269,1420.0
2023-11-14,2416623,3674020245,1585.0,1455.0,1540.0,95.0,3622,5269,1455.0
2023-11-15,1671185,2576207575,1600.0,1480.0,1500.0,-40.0,2661,5269,1585.0
2023-11-16,1040746,1572456210,1550.0,1475.0,1550.0,50.0,1847,5269,1515.0
2023-11-17,1078274,1665048980,1580.0,1515.0,1525.0,-25.0,3532,5269,1565.0
2023-11-20,896981,1348042465,1540.0,1480.0,1490.0,-35.0,1869,5269,1525.0
2023-11-21,781791,1167916095,1510.0,1480.0,1495.0,5.0,1185,5269,1505.0
2023-11-22,804875,1195663780,1500.0,1465.0,1495.0,0.0,1266,5269,1480.0
2023-11-23,1111759,1693467295,1550.0,1495.0,1505.0,10.0,1541,5269,1510.0
2023-11-24,901623,1326800990,1530.0,1450.0,1450.0,-55.0,1961,5269,1510.0
2023-11-27,739206,1061056830,1475.0,1420.0,1425.0,-25.0,1239,5269,1465.0
2023-11-28,1322164,1954298560,1515.0,1445.0,1490.0,65.0,1672,5269,1475.0
2023-11-29,1532104,2253713280,1515.0,1435.0,1455.0,-35.0,2293,5269,1485.0
2023-11-30,895476,1290678075,1470.0,1425.0,1440.0,-15.0,1604,5269,1465.0
2023-12-01,2259118,3405674435,1535.0,1480.0,1515.0,75.0,2862,5269,1490.0
2023-12-04,1260262,1893233095,1540.0,1465.0,1470.0,-45.0,2270,5269,1530.0
2023-12-05,693665,1004769700,1475.0,1435.0,1435.0,-35.0,1268,5269,1450.0
2023-12-06,653931,959896020,1490.0,1440.0,1470.0,35.0,1054,5269,1455.0
2023-12-07,1575132,2325513165,1510.0,1420.0,1505.0,35.0,2062,5269,1470.0
2023-12-08,2171734,3427520490,1605.0,1540.0,1570.0,65.0,3407,5269,1550.0
2023-12-11,728071,1131190075,1595.0,1530.0,1550.0,-20.0,2955,5269,1570.0
2023-12-12,1233569,1964173800,1615.0,1570.0,1590.0,40.0,1902,5269,1580.0
2023-12-13,2558565,4324895368,1740.0,1615.0,1725.0,135.0,3713,5269,1625.0
2023-12-14,1471244,2521009005,1765.0,1675.0,1685.0,-40.0,2650,5269,1740.0
2023-12-15,821157,1358793180,1710.0,1630.0,1635.0,-50.0,1792,5269,1700.0
2023-12-18,571569,940229295,1670.0,1615.0,1640.0,5.0,992,5269,1620.0
2023-12-19,489742,799336700,1650.0,1605.0,1645.0,5.0,856,5269,1630.0
2023-12-20,709053,1161159705,1660.0,1620.0,1630.0,-15.0,1029,5269,1650.0
2023-12-21,774390,1289332400,1690.0,1605.0,1680.0,50.0,1286,5269,1620.0
2023-12-22,1443540,2492371050,1750.0,1695.0,1740.0,60.0,2262,5269,1710.0
2023-12-25,768076,1357594760,1795.0,1745.0,1755.0,15.0,1418,5269,1745.0
2023-12-26,952799,1697353465,1810.0,1755.0,1785.0,30.0,1633,5269,1770.0
2023-12-27,1126854,2030485255,1825.0,1775.0,1810.0,25.0,1806,5269,1785.0
2023-12-28,902823,1621662955,1835.0,1765.0,1795.0,-15.0,1436,5269,1815.0
2023-12-29,533060,956082020,1815.0,1770.0,1815.0,20.0,941,5269,1795.0
2024-01-02,827690,1467649710,1840.0,1740.0,1745.0,-70.0,1418,5269,1815.0
2024-01-03,1376175,2306897975,1730.0,1645.0,1660.0,-85.0,2568,5269,1725.0
2024-01-04,1277537,2114082385,1700.0,1620.0,1650.0,-10.0,1873,5269,1670.0
2024-01-05,2349550,4051041505,1755.0,1675.0,1730.0,80.0,2799,5269,1710.0
2024-01-08,1076552,1890505440,1775.0,1725.0,1775.0,45.0,1459,5269,1775.0
2024-01-09,1712034,3123321530,1870.0,1765.0,1860.0,85.0,2969,5269,1805.0
2024-01-10,1346021,2537030550,1910.0,1850.0,1910.0,50.0,2131,5269,1860.0
2024-01-11,1495719,2863194035,1935.0,1875.0,1910.0,0.0,2254,5269,1915.0
2024-01-12,976388,1809348315,1900.0,1825.0,1840.0,-70.0,2324,5269,1900.0
2024-01-15,1636192,3122198920,1970.0,1810.0,1955.0,115.0,2565,5269,1855.0
2024-01-16,1192003,2240656010,1935.0,1850.0,1865.0,-90.0,2355,5269,1915.0
2024-01-17,1248834,2340525120,1895.0,1845.0,1870.0,5.0,1627,5269,1880.0
2024-01-18,643052,1206627075,1900.0,1840.0,1885.0,15.0,1091,5269,1875.0
2024-01-19,1186713,2308518170,1970.0,1915.0,1920.0,35.0,2109,5269,1915.0
2024-01-22,7615081,13737249285,1955.0,1800.0,1925.0,5.0,4413,5269,1820.0
2024-01-23,2609818,5003310575,1970.0,1885.0,1895.0,-30.0,3113,5269,1890.0
2024-01-24,1540423,2851591520,1915.0,1820.0,1825.0,-70.0,3147,5269,1915.0
2024-01-25,1350035,2470367100,1880.0,1815.0,1820.0,-5.0,1937,5269,1845.0
2024-01-26,1485801,2665870100,1835.0,1755.0,1810.0,-10.0,1946,5269,1795.0
2024-01-29,812232,1487112650,1850.0,1810.0,1835.0,25.0,1252,5269,1815.0
2024-01-30,1361711,2563761710,1905.0,1845.0,1895.0,60.0,2260,5269,1860.0
2024-01-31,1321013,2444334745,1865.0,1815.0,1860.0,-35.0,2342,5269,1865.0
2024-02-01,1838953,3535272320,1955.0,1865.0,1940.0,80.0,2996,5269,1870.0
2024-02-02,1563915,3063507110,1995.0,1925.0,1940.0,0.0,3374,5269,1960.0
2024-02-05,1078015,2027940595,1955.0,1830.0,1875.0,-65.0,2841,5269,1940.0
2024-02-15,1654472,3246492025,1990.0,1925.0,1985.0,110.0,2619,5269,1925.0
2024-02-16,1734989,3326716175,2015.0,1880.0,1885.0,-100.0,3368,5269,2015.0
2024-02-19,2546669,5030412010,2025.0,1925.0,2005.0,120.0,3777,5269,1950.0
2024-02-20,2644366,5579252710,2155.0,2000.0,2140.0,135.0,4203,5269,2000.0
2024-02-21,1027755,2140721605,2125.0,2055.0,2065.0,-75.0,1893,5269,2100.0
2024-02-22,1729728,3674813320,2175.0,2080.0,2165.0,100.0,2555,5269,2120.0
2024-02-23,1865442,4189682645,2285.0,2185.0,2280.0,115.0,2931,5269,2190.0
2024-02-26,769955,1737441315,2295.0,2230.0,2250.0,-30.0,1746,5269,2290.0
2024-02-27,1941411,4447420480,2365.0,2230.0,2250.0,0.0,3563,5269,2285.0
2024-02-29,1065438,2482487060,2370.0,2245.0,2355.0,105.0,1938,5269,2275.0
2024-03-01,1031003,2439146010,2415.0,2325.0,2375.0,20.0,1788,5269,2365.0
2024-03-04,1234124,2893841425,2410.0,2270.0,2390.0,15.0,2021,5269,2305.0
2024-03-05,685242,1642450795,2425.0,2350.0,2425.0,35.0,1298,5269,2425.0
2024-03-06,482291,1147145090,2415.0,2360.0,2365.0,-60.0,1290,5269,2390.0
2024-03-07,1176193,2683409855,2400.0,2245.0,2255.0,-110.0,2781,5269,2390.0
2024-03-08,1089436,2393191310,2285.0,2135.0,2190.0,-65.0,2448,5269,2270.0
2024-03-11,889725,1997518255,2300.0,2155.0,2290.0,100.0,1658,5269,2180.0
2024-03-12,1222077,2861792910,2390.0,2270.0,2290.0,0.0,2026,5269,2345.0
2024-03-13,644301,1453513760,2345.0,2200.0,2210.0,-80.0,1223,5269,2335.0
2024-03-14,783487,1742852780,2300.0,2095.0,2260.0,50.0,1455,5269,2220.0
2024-03-15,720668,1652282660,2350.0,2235.0,2260.0,0.0,1328,5269,2235.0
2024-03-18,479316,1097652215,2320.0,2250.0,2300.0,40.0,854,5269,2270.0
2024-03-19,715562,1620985425,2320.0,2210.0,2235.0,-65.0,1280,5269,2285.0
2024-03-20,545140,1212331175,2270.0,2195.0,2200.0,-35.0,1089,5269,2245.0
2024-03-21,471898,1046491720,2260.0,2185.0,2195.0,-5.0,759,5269,2225.0
2024-03-22,371841,814275975,2210.0,2165.0,2190.0,-5.0,815,5269,2195.0
2024-03-25,1639672,3846773545,2405.0,2230.0,2325.0,135.0,2501,5269,2255.0
2024-03-26,1598105,3716724280,2440.0,2220.0,2295.0,-30.0,2285,5269,2340.0
2024-03-27,1254206,2897028230,2385.0,2205.0,2230.0,-65.0,2098,5269,2295.0
2024-03-28,1158582,2651753340,2320.0,2230.0,2310.0,80.0,1607,5269,2250.0
2024-03-29,1801231,4346211580,2480.0,2335.0,2395.0,85.0,3074,5269,2360.0
2024-04-01,813750,1973450630,2465.0,2375.0,2465.0,70.0,1405,5269,2415.0
2024-04-02,1380684,3460953615,2550.0,2440.0,2535.0,70.0,2211,5269,2450.0
2024-04-03,697910,1751775840,2550.0,2440.0,2550.0,15.0,1184,5269,2460.0
2024-04-08,676073,1709026750,2570.0,2490.0,2515.0,-35.0,2046,5269,2535.0
2024-04-09,1240352,2959199315,2520.0,2300.0,2390.0,-125.0,3001,5269,2520.0
2024-04-10,960121,2225294770,2400.0,2280.0,2315.0,-75.0,2279,5269,2375.0
2024-04-11,1433249,3357023950,2415.0,2330.0,2335.0,20.0,1660,5269,2345.0
2024-04-12,1273363,2870410905,2365.0,2200.0,2245.0,-90.0,3168,5269,2365.0
2024-04-15,572644,1270987880,2270.0,2190.0,2195.0,-50.0,1178,5269,2235.0
2024-04-16,1046185,2215886485,2175.0,2085.0,2090.0,-105.0,2410,5269,2135.0
2024-04-17,654479,1364290670,2140.0,2065.0,2070.0,-20.0,1567,5269,2105.0
2024-04-18,754659,1543619805,2085.0,1985.0,2045.0,-25.0,2183,5269,2030.0
2024-04-19,1075881,2100278340,2045.0,1890.0,1920.0,-125.0,3672,5269,2040.0
2024-04-22,1103282,2025220955,1940.0,1795.0,1815.0,-105.0,2762,5269,1940.0
2024-04-23,1093511,1972579695,1870.0,1760.0,1815.0,0.0,2343,5269,1840.0
2024-04-24,1105940,2153484135,1990.0,1890.0,1960.0,145.0,2321,5269,1890.0
2024-04-25,1304220,2431297840,1930.0,1820.0,1835.0,-125.0,3450,5269,1895.0
2024-04-26,1153820,2196589730,1960.0,1820.0,1905.0,70.0,1970,5269,1885.0
2024-04-29,699465,1364556105,1990.0,1920.0,1945.0,40.0,1333,5269,1965.0
2024-04-30,506728,981701975,1960.0,1910.0,1950.0,5.0,976,5269,1945.0
2024-05-02,783108,1545589250,2010.0,1925.0,1980.0,30.0,1358,5269,1930.0
2024-05-03,904064,1857903555,2090.0,2025.0,2035.0,55.0,1607,5269,2075.0
2024-05-06,848488,1648772825,2060.0,1900.0,1905.0,-130.0,2410,5269,2060.0
2024-05-07,1474199,2717294640,1905.0,1810.0,1840.0,-65.0,3270,5269,1900.0
2024-05-08,633208,1202958085,1930.0,1825.0,1910.0,70.0,1394,5269,1845.0
2024-05-09,1041043,1934341195,1965.0,1815.0,1820.0,-90.0,2673,5269,1930.0
2024-05-10,1005297,1884743525,1935.0,1835.0,1860.0,40.0,1448,5269,1870.0
2024-05-13,476001,877756670,1885.0,1820.0,1830.0,-30.0,1330,5269,1875.0
2024-05-14,1644845,3207001240,1990.0,1860.0,1970.0,140.0,2748,5269,1880.0
2024-05-15,995471,1928252205,2015.0,1905.0,1925.0,-45.0,2079,5269,2005.0
2024-05-16,767326,1501813740,1990.0,1925.0,1950.0,25.0,1739,5269,1975.0
2024-05-17,369462,718770050,1985.0,1925.0,1935.0,-15.0,783,5269,1985.0
2024-05-20,535000,1035872050,1970.0,1900.0,1915.0,-20.0,1052,5269,1935.0
2024-05-21,609139,1144784300,1920.0,1855.0,1870.0,-45.0,1526,5269,1915.0
2024-05-22,481801,904918120,1905.0,1855.0,1870.0,0.0,959,5269,1900.0
2024-05-23,616303,1156523465,1910.0,1845.0,1900.0,30.0,1123,5269,1875.0
2024-05-24,935339,1829989910,1990.0,1865.0,1960.0,60.0,1875,5269,1870.0
2024-05-27,806441,1611113935,2035.0,1960.0,1960.0,0.0,1800,5269,2010.0
2024-05-28,1668399,3467656845,2125.0,1975.0,2125.0,165.0,3220,5269,1980.0
2024-05-29,2610440,5545027105,2195.0,2065.0,2085.0,-40.0,3576,5269,2075.0
2024-05-30,1308733,2656804515,2075.0,1985.0,2045.0,-40.0,2228,5269,2040.0
2024-05-31,775592,1568140930,2060.0,2000.0,2000.0,-45.0,1386,5269,2030.0
2024-06-03,737736,1526426105,2110.0,2025.0,2065.0,65.0,1384,5269,2030.0
2024-06-04,782069,1570332650,2055.0,1970.0,1980.0,-85.0,1866,5269,2035.0
2024-06-05,579672,1149509185,2005.0,1935.0,1995.0,15.0,1100,5269,1985.0
2024-06-06,644938,1323673680,2095.0,2015.0,2025.0,30.0,1383,5269,2040.0
2024-06-07,381094,761082545,2025.0,1980.0,1985.0,-40.0,907,5269,2020.0
2024-06-11,1039480,2125335775,2075.0,2000.0,2045.0,60.0,1569,5269,2020.0
2024-06-12,924866,1856704650,2060.0,1990.0,2000.0,-45.0,1373,5269,2045.0
2024-06-13,911367,1850484385,2065.0,1990.0,2045.0,45.0,1644,5269,2030.0
2024-06-14,2092193,4543400195,2245.0,2045.0,2210.0,165.0,3985,5269,2045.0
2024-06-17,895612,1986535570,2260.0,2175.0,2210.0,0.0,1785,5269,2200.0
2024-06-18,1273286,2874024435,2295.0,2225.0,2250.0,40.0,2661,5269,2245.0
2024-06-19,2009133,4680115790,2415.0,2235.0,2365.0,115.0,3169,5269,2270.0
2024-06-20,1338249,3114447400,2415.0,2285.0,2310.0,-55.0,2309,5269,2350.0
2024-06-21,1131735,2531872800,2340.0,2180.0,2190.0,-120.0,2696,5269,2310.0
2024-06-24,1043132,2183933070,2175.0,2050.0,2050.0,-140.0,3353,5269,2175.0
2024-06-25,829880,1716248935,2120.0,2030.0,2090.0,40.0,1538,5269,2070.0
2024-06-26,1238292,2716433565,2225.0,2125.0,2220.0,130.0,2336,5269,2125.0
2024-06-27,520859,1132320045,2215.0,2135.0,2150.0,-70.0,1366,5269,2205.0
2024-06-28,1014272,2268121070,2270.0,2170.0,2240.0,90.0,1754,5269,2185.0
2024-07-01,632853,1375975885,2235.0,2155.0,2170.0,-70.0,1615,5269,2235.0
2024-07-02,786774,1657374255,2170.0,2060.0,2085.0,-85.0,2203,5269,2150.0
2024-07-03,963103,2013467465,2145.0,2045.0,2115.0,30.0,1742,5269,2115.0
2024-07-04,1909343,3864944276,2115.0,1985.0,2000.0,-115.0,5253,5269,2100.0
2024-07-05,998498,1987759340,2015.0,1975.0,1975.0,-25.0,2399,5269,1995.0
2024-07-08,1715740,3294182280,2020.0,1880.0,1895.0,-80.0,6054,5269,1975.0
2024-07-09,1055970,2032607310,1945.0,1895.0,1935.0,40.0,2149,5269,1900.0
2024-07-10,677738,1305764185,1950.0,1905.0,1930.0,-5.0,2523,5269,1935.0
2024-07-11,1447287,2855838205,2020.0,1870.0,2020.0,90.0,2992,5269,1870.0
2024-07-12,1040488,2037272190,2020.0,1895.0,1900.0,-120.0,4278,5269,1980.0
2024-07-15,913607,1714183190,1930.0,1855.0,1860.0,-40.0,3694,5269,1910.0
2024-07-16,686527,1295998845,1915.0,1840.0,1890.0,30.0,1633,5269,1865.0
2024-07-17,695921,1316542920,1925.0,1870.0,1875.0,-15.0,1688,5269,1885.0
2024-07-18,1306667,2367010695,1860.0,1775.0,1825.0,-50.0,3657,5269,1830.0
2024-07-19,687721,1253990725,1865.0,1790.0,1790.0,-35.0,1752,5269,1815.0
2024-07-22,1764011,2952878250,1780.0,1615.0,1665.0,-125.0,4977,5269,1780.0
2024-07-23,1013865,1712157190,1760.0,1650.0,1660.0,-5.0,2791,5269,1720.0
2024-07-26,1100738,1750401120,1625.0,1525.0,1615.0,-45.0,2665,5269,1540.0
2024-07-29,565455,911051430,1695.0,1565.0,1570.0,-45.0,1998,5269,1690.0
2024-07-30,766184,1240505910,1660.0,1555.0,1640.0,70.0,1381,5269,1620.0
2024-07-31,811101,1352467150,1695.0,1620.0,1665.0,25.0,1366,5269,1620.0
2024-08-01,971426,1621161940,1715.0,1615.0,1620.0,0.0,2032,5269,1690.0
2024-08-02,1123992,1718542675,1560.0,1505.0,1510.0,-110.0,3114,5269,1560.0
2024-08-05,433004,593973175,1435.0,1360.0,1360.0,-150.0,2129,5269,1410.0
2024-08-06,1596201,2139001400,1420.0,1240.0,1380.0,20.0,2411,5269,1420.0
2024-08-07,1163686,1711427345,1515.0,1375.0,1500.0,120.0,1822,5269,1380.0
2024-08-08,1393498,1969952580,1480.0,1375.0,1380.0,-120.0,3140,5269,1465.0
2024-08-09,1462869,2147795095,1510.0,1415.0,1485.0,105.0,2168,5269,1440.0
2024-08-12,1401789,2151821420,1580.0,1475.0,1540.0,55.0,2145,5269,1500.0
2024-08-13,602919,919636340,1560.0,1510.0,1525.0,-15.0,1303,5269,1560.0
2024-08-14,1120279,1717441685,1570.0,1500.0,1510.0,-15.0,1808,5269,1555.0
2024-08-15,821823,1228202875,1525.0,1480.0,1480.0,-30.0,1573,5269,1510.0
2024-08-16,2681105,4280223970,1625.0,1535.0,1610.0,130.0,3473,5269,1535.0
2024-08-19,1754216,2872778980,1680.0,1600.0,1650.0,40.0,2335,5269,1600.0
2024-08-20,1547819,2649277900,1740.0,1675.0,1715.0,65.0,2418,5269,1700.0
2024-08-21,1108865,1840576955,1715.0,1630.0,1645.0,-70.0,2290,5269,1715.0
2024-08-22,1089828,1794889900,1685.0,1620.0,1645.0,0.0,2395,5269,1650.0
2024-08-23,1281255,2190615395,1760.0,1605.0,1750.0,105.0,2504,5269,1625.0
2024-08-26,1174344,2059303865,1795.0,1710.0,1730.0,-20.0,2165,5269,1790.0
2024-08-27,699838,1218402250,1770.0,1710.0,1720.0,-10.0,1380,5269,1715.0
2024-08-28,555134,955778300,1750.0,1685.0,1725.0,5.0,1101,5269,1720.0
2024-08-29,497476,863980510,1770.0,1685.0,1750.0,25.0,1060,5269,1690.0
2024-08-30,1077288,1917989555,1825.0,1730.0,1770.0,20.0,1720,5269,1755.0
2024-09-02,475970,834032615,1800.0,1730.0,1735.0,-35.0,1016,5269,1795.0
2024-09-03,1214454,2154175265,1845.0,1725.0,1730.0,-5.0,2580,5269,1775.0
2024-09-04,1753181,2765077230,1625.0,1560.0,1560.0,-170.0,6324,5269,1600.0
2024-09-05,883873,1378814225,1580.0,1535.0,1555.0,-5.0,1832,5269,1580.0
2024-09-06,1596129,2394655855,1570.0,1440.0,1480.0,-75.0,3671,5269,1570.0
2024-09-09,779093,1146441130,1505.0,1405.0,1470.0,-10.0,1562,5269,1405.0
2024-09-10,1025310,1538020595,1525.0,1475.0,1500.0,30.0,1533,5269,1490.0
2024-09-11,404832,604891325,1525.0,1470.0,1490.0,-10.0,950,5269,1520.0
2024-09-12,1064130,1676074470,1605.0,1530.0,1585.0,95.0,1951,5269,1530.0
2024-09-13,464959,728238720,1600.0,1540.0,1570.0,-15.0,1172,5269,1585.0
2024-09-16,383082,589409690,1580.0,1520.0,1525.0,-45.0,1013,5269,1575.0
2024-09-18,540921,805276010,1530.0,1470.0,1475.0,-50.0,1555,5269,1520.0
2024-09-19,397860,608786175,1560.0,1480.0,1550.0,75.0,891,5269,1500.0
2024-09-20,1006700,1514937005,1590.0,1465.0,1480.0,-70.0,2817,5269,1575.0
2024-09-23,617981,915926465,1495.0,1460.0,1490.0,10.0,1048,5269,1465.0
2024-09-24,1064541,1613586820,1560.0,1470.0,1520.0,30.0,1422,5269,1470.0
2024-09-25,1717494,2765881240,1645.0,1550.0,1630.0,110.0,2975,5269,1555.0
2024-09-26,1336959,2218463055,1705.0,1610.0,1685.0,55.0,2271,5269,1630.0
2024-09-27,1134605,1946039300,1740.0,1680.0,1710.0,25.0,1713,5269,1695.0
2024-09-30,885243,1461703365,1710.0,1605.0,1615.0,-95.0,1742,5269,1695.0
2024-10-01,705645,1123907155,1650.0,1560.0,1580.0,-35.0,3679,5269,1620.0
2024-10-04,777180,1240448245,1635.0,1560.0,1575.0,-5.0,1314,5269,1575.0
2024-10-07,713246,1124410430,1625.0,1545.0,1580.0,5.0,1338,5269,1615.0
2024-10-08,657204,1019896560,1595.0,1520.0,1575.0,-5.0,1369,5269,1575.0
2024-10-09,504040,786748605,1620.0,1535.0,1540.0,-35.0,1218,5269,1595.0
2024-10-11,1192197,1858834345,1595.0,1495.0,1565.0,25.0,1684,5269,1540.0
2024-10-14,1887035,3105901410,1680.0,1580.0,1660.0,95.0,2878,5269,1600.0
2024-10-15,1223660,1994203715,1695.0,1605.0,1610.0,-50.0,2686,5269,1685.0
2024-10-16,623179,1001542275,1630.0,1575.0,1625.0,15.0,1017,5269,1595.0
2024-10-17,560407,895684780,1630.0,1575.0,1585.0,-40.0,1427,5269,1625.0
2024-10-18,1358720,2113608785,1635.0,1500.0,1505.0,-80.0,3388,5269,1590.0
2024-10-21,1413645,2279828755,1655.0,1525.0,1655.0,150.0,2748,5269,1525.0
2024-10-22,2456811,4209074410,1755.0,1645.0,1740.0,85.0,4072,5269,1655.0
2024-10-23,1113642,1915694010,1760.0,1690.0,1710.0,-30.0,2388,5269,1740.0
2024-10-24,737110,1259553540,1740.0,1680.0,1695.0,-15.0,1369,5269,1700.0
2024-10-25,771936,1288253875,1720.0,1640.0,1680.0,-15.0,1521,5269,1695.0
2024-10-28,877628,1453841540,1710.0,1635.0,1645.0,-35.0,1347,5269,1680.0
2024-10-29,596864,954878030,1640.0,1580.0,1595.0,-50.0,1593,5269,1640.0
2024-10-30,797240,1311476690,1675.0,1605.0,1630.0,35.0,1385,5269,1610.0
2024-11-01,826215,1304634925,1605.0,1540.0,1600.0,-30.0,1790,5269,1560.0
2024-11-04,446411,723517905,1635.0,1595.0,1630.0,30.0,853,5269,1610.0
2024-11-05,658287,1092334610,1685.0,1620.0,1650.0,20.0,1277,5269,1620.0
2024-11-06,556691,929225265,1695.0,1650.0,1675.0,25.0,975,5269,1695.0
2024-11-07,2128800,3748843420,1820.0,1660.0,1795.0,120.0,3913,5269,1665.0
2024-11-08,1618239,2920399435,1850.0,1760.0,1785.0,-10.0,3033,5269,1825.0
2024-11-11,722961,1291184715,1815.0,1750.0,1795.0,10.0,1388,5269,1780.0
2024-11-12,1772547,3139734150,1830.0,1715.0,1720.0,-75.0,3776,5269,1765.0
2024-11-13,697042,1198644445,1755.0,1700.0,1710.0,-10.0,1204,5269,1735.0
2024-11-14,1382242,2292646655,1735.0,1620.0,1650.0,-60.0,2924,5269,1710.0
2024-11-15,1219023,2027710735,1700.0,1640.0,1655.0,5.0,1769,5269,1675.0
2024-11-18,761445,1233193180,1665.0,1600.0,1600.0,-55.0,2110,5269,1655.0
2024-11-19,738137,1192295040,1640.0,1590.0,1620.0,20.0,1168,5269,1630.0
2024-11-20,1050434,1731191260,1680.0,1620.0,1630.0,10.0,1668,5269,1645.0
2024-11-21,1383628,2336552010,1730.0,1610.0,1680.0,50.0,1994,5269,1625.0
2024-11-22,935261,1553470250,1715.0,1640.0,1640.0,-40.0,1952,5269,1715.0
2024-11-25,774345,1308775490,1715.0,1660.0,1685.0,45.0,1401,5269,1660.0
2024-11-26,874540,1431065790,1670.0,1610.0,1635.0,-50.0,2138,5269,1670.0
2024-11-27,1158752,1898534900,1695.0,1600.0,1600.0,-35.0,1968,5269,1665.0
2024-11-28,1194382,1850173105,1615.0,1515.0,1560.0,-40.0,2606,5269,1615.0
2024-11-29,694109,1100699245,1620.0,1540.0,1615.0,55.0,1161,5269,1550.0
2024-12-02,623689,1004809930,1640.0,1595.0,1595.0,-20.0,1487,5269,1620.0
2024-12-03,694538,1125707700,1645.0,1590.0,1645.0,50.0,1308,5269,1615.0
2024-12-04,1511666,2597244215,1760.0,1650.0,1735.0,90.0,3158,5269,1650.0
2024-12-05,3476908,6427861845,1905.0,1780.0,1885.0,150.0,6898,5269,1800.0
2024-12-06,854617,1593181775,1880.0,1845.0,1880.0,-5.0,1923,5269,1860.0
2024-12-09,1080073,2002988085,1885.0,1805.0,1885.0,5.0,2260,5269,1885.0
2024-12-10,1486531,2765238485,1905.0,1820.0,1850.0,-35.0,3320,5269,1825.0
2024-12-11,771081,1428679620,1870.0,1830.0,1870.0,20.0,3200,5269,1850.0
2024-12-12,2484093,4827685275,2005.0,1885.0,1905.0,35.0,6692,5269,1900.0
2024-12-13,1068875,2048204535,1950.0,1890.0,1925.0,20.0,2054,5269,1895.0
2024-12-16,1011877,1937586500,1970.0,1865.0,1890.0,-35.0,2661,5269,1930.0
2024-12-17,2910471,5892516615,2075.0,1900.0,2075.0,185.0,5778,5269,1900.0
2024-12-18,1240112,2539622370,2085.0,2020.0,2045.0,-30.0,2384,5269,2045.0
2024-12-19,1218902,2436745950,2040.0,1975.0,1990.0,-55.0,3675,5269,1985.0
2024-12-20,1239105,2493538920,2040.0,1980.0,2000.0,10.0,1891,5269,1980.0
2024-12-23,630086,1261585660,2030.0,1985.0,2000.0,0.0,1245,5269,2010.0
2024-12-24,1148484,2322435090,2060.0,1990.0,2000.0,0.0,2013,5269,2025.0
2024-12-25,647079,1304477100,2040.0,1995.0,2020.0,20.0,1082,5269,2005.0
2024-12-26,388149,777399535,2030.0,1990.0,1990.0,-30.0,817,5269,2015.0
2024-12-27,607996,1235180975,2055.0,1990.0,2035.0,45.0,1294,5269,1990.0
2024-12-30,789086,1558684745,2030.0,1945.0,1975.0,-60.0,1678,5269,2025.0
2024-12-31,489939,964799305,1990.0,1945.0,1985.0,10.0,928,5269,1975.0
2025-01-02,778919,1497967490,1990.0,1890.0,1910.0,-75.0,2020,5269,1960.0
2025-01-03,1103888,2137421130,2005.0,1875.0,1955.0,45.0,1798,5269,1935.0
2025-01-06,1242868,2510566450,2065.0,1945.0,2065.0,110.0,2658,5269,1995.0
2025-01-07,1006408,2093231635,2115.0,2055.0,2070.0,5.0,2052,5269,2095.0
2025-01-08,926340,1875961865,2090.0,2000.0,2020.0,-50.0,1596,5269,2025.0
2025-01-09,698518,1409903390,2060.0,1980.0,1990.0,-30.0,1292,5269,2030.0
2025-01-10,486046,960202970,2015.0,1940.0,1965.0,-25.0,1243,5269,1980.0
2025-01-13,719325,1378866675,1970.0,1880.0,1930.0,-35.0,1726,5269,1960.0
2025-01-14,933050,1874038740,2045.0,1930.0,2045.0,115.0,1765,5269,1950.0
2025-01-15,1131949,2332784720,2105.0,2015.0,2045.0,0.0,1961,5269,2055.0
2025-01-16,2684216,5336294745,2065.0,1900.0,2060.0,15.0,4986,5269,2000.0
2025-01-17,821550,1674363090,2080.0,2015.0,2045.0,-15.0,1360,5269,2030.0
2025-01-20,1083590,2257644555,2120.0,2040.0,2110.0,65.0,2139,5269,2045.0
2025-01-21,751435,1569595095,2125.0,2060.0,2085.0,-25.0,1405,5269,2090.0
2025-01-22,739689,1533099495,2120.0,2045.0,2070.0,-15.0,1345,5269,2110.0
2025-02-03,899539,1800213495,2040.0,1940.0,2010.0,-60.0,1402,5269,1950.0
2025-02-04,1040904,2139625315,2100.0,2000.0,2055.0,45.0,1588,5269,2020.0
2025-02-05,941986,1930251835,2095.0,2015.0,2050.0,-5.0,1624,5269,2055.0
2025-02-06,838321,1727954825,2110.0,2025.0,2030.0,-20.0,1298,5269,2060.0
2025-02-07,2072671,4492434635,2230.0,2050.0,2230.0,200.0,8218,5269,2075.0
2025-02-10,1301028,2900677605,2260.0,2200.0,2230.0,0.0,2051,5269,2230.0
2025-02-11,784602,1756693130,2270.0,2205.0,2235.0,5.0,1348,5269,2240.0
2025-02-12,654097,1448254490,2250.0,2195.0,2210.0,-25.0,1182,5269,2240.0
2025-02-13,1021553,2211471685,2230.0,2120.0,2150.0,-60.0,2009,5269,2210.0
2025-02-14,826549,1794439405,2220.0,2130.0,2170.0,20.0,1243,5269,2155.0
2025-02-17,397557,863527145,2200.0,2145.0,2190.0,20.0,920,5269,2200.0
2025-02-18,308162,670366370,2190.0,2160.0,2175.0,-15.0,731,5269,2180.0
2025-02-19,863086,1904051680,2240.0,2150.0,2230.0,55.0,1575,5269,2185.0
2025-02-20,1434333,3124924455,2280.0,2135.0,2135.0,-95.0,2451,5269,2250.0
2025-02-21,612425,1304594785,2155.0,2105.0,2135.0,0.0,1211,5269,2120.0
2025-02-24,806308,1691971310,2140.0,2065.0,2120.0,-15.0,1629,5269,2120.0
2025-02-25,834314,1717673125,2110.0,2030.0,2055.0,-65.0,2235,5269,2080.0
2025-02-26,839847,1735941500,2095.0,2040.0,2065.0,10.0,1368,5269,2040.0
2025-02-27,637636,1328814930,2125.0,2055.0,2055.0,-10.0,1201,5269,2105.0
2025-03-03,598950,1200947040,2045.0,1975.0,2010.0,-45.0,1439,5269,2020.0
2025-03-04,963697,1896268600,2015.0,1920.0,1995.0,-15.0,2018,5269,1990.0
2025-03-05,694625,1431389935,2085.0,2015.0,2065.0,70.0,1371,5269,2025.0
2025-03-06,353852,720535985,2070.0,2010.0,2010.0,-55.0,848,5269,2070.0
2025-03-07,325997,651661295,2025.0,1985.0,1985.0,-25.0,753,5269,2000.0
2025-03-10,1218570,2339017275,1990.0,1895.0,1895.0,-90.0,2665,5269,1985.0
2025-03-11,1043912,1960696850,1925.0,1805.0,1915.0,20.0,1697,5269,1840.0
2025-03-12,806339,1544294735,1970.0,1880.0,1895.0,-20.0,1540,5269,1935.0
2025-03-13,922091,1811442825,1990.0,1915.0,1960.0,65.0,1532,5269,1920.0
2025-03-14,392930,767616245,1985.0,1930.0,1950.0,-10.0,681,5269,1975.0
2025-03-17,794557,1579278440,2020.0,1945.0,1980.0,30.0,1232,5269,1970.0
2025-03-18,618634,1257363610,2050.0,2000.0,2050.0,70.0,1169,5269,2000.0
2025-03-19,402524,818534650,2050.0,2015.0,2035.0,-15.0,754,5269,2040.0
2025-03-20,352443,725118460,2085.0,2035.0,2045.0,10.0,731,5269,2070.0
2025-03-21,229117,467692695,2060.0,2030.0,2030.0,-15.0,468,5269,2050.0
2025-03-24,258902,520176415,2050.0,1985.0,1990.0,-40.0,827,5269,2030.0
2025-03-25,297865,605203910,2055.0,2010.0,2035.0,45.0,528,5269,2030.0
2025-03-26,752364,1565896770,2110.0,2035.0,2080.0,45.0,1498,5269,2035.0
2025-03-27,219792,448325420,2060.0,2025.0,2040.0,-40.0,520,5269,2035.0
2025-03-28,524443,1028239670,2030.0,1930.0,1930.0,-110.0,1557,5269,2020.0
2025-03-31,1209643,2144985955,1860.0,1740.0,1750.0,-180.0,2833,5269,1835.0
2025-04-01,509241,919864765,1845.0,1755.0,1835.0,85.0,1017,5269,1780.0
2025-04-02,905466,1622703090,1830.0,1745.0,1800.0,-35.0,1544,5269,1815.0
2025-04-07,58220,94316400,1620.0,1620.0,1620.0,-180.0,427,5269,1620.0
2025-04-08,229526,335126735,1460.0,1460.0,1460.0,-160.0,1012,5269,1460.0
2025-04-09,381278,501394155,1315.0,1315.0,1315.0,-145.0,1101,5269,1315.0
2025-04-10,552577,798473765,1445.0,1445.0,1445.0,130.0,392,5269,1445.0
2025-04-11,1661632,2253388525,1415.0,1305.0,1400.0,-45.0,2900,5269,1305.0
2025-04-14,1525721,2329394850,1540.0,1485.0,1540.0,140.0,2226,5269,1500.0
2025-04-15,801831,1255748465,1600.0,1515.0,1590.0,50.0,1373,5269,1540.0
2025-04-16,754077,1156512410,1590.0,1490.0,1495.0,-95.0,1922,5269,1570.0
2025-04-17,1161980,1829692700,1635.0,1495.0,1620.0,125.0,2358,5269,1500.0
2025-04-18,792828,1288147405,1655.0,1600.0,1600.0,-20.0,1158,5269,1605.0
2025-04-21,1023889,1599565760,1600.0,1540.0,1540.0,-60.0,1469,5269,1580.0
2025-04-22,951324,1463616285,1590.0,1490.0,1490.0,-50.0,1319,5269,1535.0
2025-04-23,1236606,1993612835,1635.0,1565.0,1635.0,145.0,2365,5269,1570.0
2025-04-24,1288495,2118615985,1710.0,1600.0,1620.0,-15.0,2100,5269,1660.0
2025-04-25,1715165,2956560380,1780.0,1665.0,1685.0,65.0,3831,5269,1700.0
2025-04-28,554375,938831915,1720.0,1670.0,1690.0,5.0,904,5269,1705.0
2025-04-29,360669,608187270,1710.0,1665.0,1705.0,15.0,701,5269,1685.0
2025-04-30,329959,556347610,1705.0,1665.0,1680.0,-25.0,549,5269,1690.0
2025-05-02,981322,1713850055,1785.0,1700.0,1780.0,100.0,1505,5269,1720.0
2025-05-05,882085,1539168000,1790.0,1675.0,1785.0,5.0,1530,5269,1790.0
2025-05-06,651773,1154623770,1815.0,1745.0,1750.0,-35.0,1287,5269,1755.0
2025-05-07,1084054,1879442190,1805.0,1695.0,1710.0,-40.0,1650,5269,1765.0
2025-05-08,687182,1217366055,1795.0,1740.0,1775.0,65.0,1092,5269,1750.0
2025-05-09,673979,1217029240,1835.0,1775.0,1815.0,40.0,1085,5269,1795.0
2025-05-12,1050980,1952117330,1905.0,1825.0,1840.0,25.0,1676,5269,1870.0
2025-05-13,1054343,1966537190,1930.0,1810.0,1815.0,-25.0,1873,5269,1905.0
2025-05-14,2638988,5191195020,1995.0,1910.0,1970.0,155.0,3803,5269,1930.0
2025-05-15,1145689,2245432705,1985.0,1930.0,1970.0,0.0,1504,5269,1970.0
2025-05-16,480189,945776795,1985.0,1940.0,1980.0,10.0,949,5269,1975.0
2025-05-19,661853,1264483015,1980.0,1880.0,1880.0,-100.0,1703,5269,1980.0
2025-05-20,945703,1828092710,1955.0,1910.0,1930.0,50.0,1311,5269,1930.0
2025-05-21,338457,659354520,1970.0,1930.0,1950.0,20.0,630,5269,1950.0
2025-05-22,255121,491297545,1940.0,1910.0,1935.0,-15.0,526,5269,1940.0
2025-05-23,505450,963820960,1970.0,1875.0,1890.0,-45.0,1140,5269,1970.0
2025-05-26,597515,1132972670,1925.0,1850.0,1900.0,10.0,1079,5269,1855.0
2025-05-27,503180,973410980,1960.0,1895.0,1930.0,30.0,833,5269,1900.0
2025-05-28,374394,725014250,1980.0,1915.0,1920.0,-10.0,622,5269,1960.0
2025-05-29,468237,913796205,1965.0,1920.0,1955.0,35.0,993,5269,1960.0
2025-06-02,477165,907225380,1940.0,1875.0,1895.0,-60.0,1022,5269,1925.0
2025-06-03,306089,580578425,1935.0,1880.0,1885.0,-10.0,605,5269,1930.0
2025-06-04,883226,1711832765,1975.0,1905.0,1920.0,35.0,1513,5269,1920.0
2025-06-05,733280,1442418150,2015.0,1920.0,1990.0,70.0,1395,5269,1935.0
2025-06-06,324648,643034615,1995.0,1965.0,1980.0,-10.0,709,5269,1980.0
2025-06-09,559697,1125975480,2055.0,1975.0,1980.0,0.0,1117,5269,2005.0
2025-06-10,664604,1317716360,2005.0,1950.0,2000.0,20.0,1150,5269,1980.0
2025-06-11,888820,1805133645,2055.0,2005.0,2020.0,20.0,1481,5269,2030.0
2025-06-12,487264,960901845,2015.0,1945.0,1945.0,-75.0,1806,5269,2010.0
2025-06-13,369236,706217310,1930.0,1900.0,1910.0,-35.0,1241,5269,1930.0
2025-06-16,298878,573460470,1940.0,1895.0,1925.0,15.0,774,5269,1910.0
2025-06-17,631811,1235788520,1990.0,1920.0,1920.0,-5.0,1155,5269,1960.0
2025-06-18,907795,1723952350,1965.0,1865.0,1885.0,-35.0,2339,5269,1920.0
2025-06-19,1501714,2734198095,1885.0,1800.0,1800.0,-85.0,3796,5269,1870.0
2025-06-20,1395742,2490025495,1830.0,1740.0,1805.0,5.0,2464,5269,1805.0
2025-06-23,479970,865018260,1820.0,1770.0,1820.0,15.0,829,5269,1775.0
2025-06-24,725333,1362998435,1895.0,1855.0,1890.0,70.0,1590,5269,1855.0
2025-06-25,874855,1700544855,1985.0,1920.0,1930.0,40.0,1475,5269,1950.0
2025-06-26,1420702,2777755630,2000.0,1925.0,1945.0,15.0,1939,5269,1950.0
2025-06-27,504867,984824310,1975.0,1925.0,1940.0,-5.0,892,5269,1960.0
2025-06-30,428588,829420950,1960.0,1910.0,1910.0,-30.0,808,5269,1945.0
2025-07-01,443480,844087620,1945.0,1870.0,1880.0,-30.0,1409,5269,1930.0
2025-07-02,953396,1769463700,1890.0,1830.0,1840.0,-40.0,2146,5269,1875.0
2025-07-03,517685,960802580,1890.0,1840.0,1860.0,20.0,899,5269,1875.0
2025-07-04,462691,849678790,1880.0,1825.0,1825.0,-35.0,1165,5269,1880.0
2025-07-07,497076,901268730,1835.0,1790.0,1825.0,0.0,1184,5269,1825.0
2025-07-08,415648,748733070,1830.0,1775.0,1810.0,-15.0,933,5269,1815.0
2025-07-09,492074,891984680,1835.0,1795.0,1830.0,20.0,1084,5269,1820.0
2025-07-10,1627760,3132011690,1980.0,1845.0,1960.0,130.0,3478,5269,1860.0
2025-07-11,1362765,2723033785,2030.0,1950.0,2000.0,40.0,2475,5269,1960.0
2025-07-14,909614,1747982545,2000.0,1880.0,1895.0,-105.0,2583,5269,1995.0
2025-07-15,1054023,2070142955,2000.0,1905.0,1985.0,90.0,2028,5269,1905.0
2025-07-16,851165,1673738320,2020.0,1935.0,1940.0,-45.0,1733,5269,1995.0
2025-07-17,459924,889601155,1980.0,1910.0,1930.0,-10.0,1057,5269,1955.0
2025-07-18,897953,1754975850,1985.0,1925.0,1945.0,15.0,1456,5269,1955.0
2025-07-21,843547,1605409830,1950.0,1880.0,1890.0,-55.0,2668,5269,1935.0
2025-07-22,837225,1596237495,1950.0,1870.0,1880.0,-10.0,1671,5269,1900.0
2025-07-23,716745,1340614175,1895.0,1845.0,1885.0,0.0,1311,5269,1885.0
2025-07-24,322498,613322885,1920.0,1890.0,1890.0,5.0,670,5269,1910.0
2025-07-25,778878,1467010545,1925.0,1805.0,1920.0,30.0,1717,5269,1880.0
2025-07-28,475374,904414260,1940.0,1885.0,1900.0,-20.0,1120,5269,1925.0
2025-07-29,527301,1002092090,1930.0,1870.0,1900.0,0.0,1021,5269,1900.0
2025-07-30,890231,1720458740,1975.0,1895.0,1895.0,-5.0,1830,5269,1910.0
2025-07-31,363302,697218955,1945.0,1905.0,1910.0,15.0,713,5269,1910.0
2025-08-01,674400,1298739225,1955.0,1850.0,1945.0,35.0,1297,5269,1870.0
2025-08-04,891465,1674005480,1920.0,1855.0,1870.0,-75.0,3505,5269,1915.0
2025-08-05,809576,1546117365,1925.0,1885.0,1920.0,50.0,1363,5269,1900.0
2025-08-06,1541792,2862797315,1890.0,1820.0,1865.0,-55.0,3758,5269,1890.0
2025-08-07,974139,1888197395,1965.0,1890.0,1950.0,85.0,2558,5269,1890.0
2025-08-08,1053636,2033442300,1970.0,1890.0,1945.0,-5.0,3419,5269,1965.0
2025-08-11,838160,1606840825,1935.0,1900.0,1925.0,-20.0,1694,5269,1930.0
2025-08-12,1899622,3504652120,1940.0,1785.0,1785.0,-140.0,8684,5269,1925.0
2025-08-13,1757119,3211941855,1870.0,1765.0,1850.0,65.0,3550,5269,1795.0
2025-08-14,1083234,1997207715,1885.0,1820.0,1820.0,-30.0,2306,5269,1850.0
2025-08-15,1987761,3501058675,1825.0,1740.0,1740.0,-80.0,6062,5269,1825.0
2025-08-18,755396,1325112120,1780.0,1725.0,1755.0,15.0,1657,5269,1740.0
2025-08-19,909624,1581370060,1780.0,1720.0,1720.0,-35.0,2606,5269,1755.0
2025-08-20,900564,1518222570,1715.0,1670.0,1670.0,-50.0,3224,5269,1700.0
2025-08-21,1209325,2014013010,1700.0,1645.0,1670.0,0.0,3124,5269,1700.0
2025-08-22,594925,1010330350,1730.0,1675.0,1685.0,15.0,1580,5269,1685.0
2025-08-25,558236,951650790,1735.0,1690.0,1690.0,5.0,1534,5269,1720.0
2025-08-26,936141,1628161850,1775.0,1680.0,1735.0,45.0,2050,5269,1690.0
2025-08-27,1290297,2179958760,1735.0,1670.0,1680.0,-55.0,4567,5269,1735.0
2025-08-28,1115252,1858950755,1695.0,1655.0,1665.0,-15.0,2731,5269,1685.0
2025-08-29,661177,1101308570,1700.0,1650.0,1650.0,-15.0,2064,5269,1690.0
2025-09-01,980738,1576324965,1665.0,1570.0,1600.0,-50.0,4060,5269,1650.0
2025-09-02,620990,994772630,1625.0,1580.0,1595.0,-5.0,1667,5269,1610.0
2025-09-03,417279,675115385,1635.0,1600.0,1620.0,25.0,1084,5269,1610.0
2025-09-04,436983,712800440,1655.0,1615.0,1615.0,-5.0,1235,5269,1640.0
2025-09-05,355963,578924105,1640.0,1610.0,1635.0,20.0,1001,5269,1630.0
2025-09-08,816929,1366994540,1695.0,1650.0,1670.0,35.0,1805,5269,1660.0
2025-09-09,547449,918660635,1695.0,1655.0,1680.0,10.0,1259,5269,1675.0
2025-09-10,656096,1108760295,1720.0,1675.0,1675.0,-5.0,1952,5269,1720.0
2025-09-11,928425,1545219935,1690.0,1640.0,1640.0,-35.0,2473,5269,1690.0
2025-09-12,610640,991309730,1660.0,1605.0,1610.0,-30.0,2459,5269,1655.0
2025-09-15,429846,688409935,1620.0,1580.0,1595.0,-15.0,1702,5269,1610.0
2025-09-16,801849,1314893640,1670.0,1610.0,1635.0,40.0,1647,5269,1615.0
2025-09-17,580370,937407195,1640.0,1600.0,1605.0,-30.0,1755,5269,1630.0
2025-09-18,346548,563649915,1645.0,1610.0,1620.0,15.0,947,5269,1615.0
2025-09-19,2056773,3136816685,1560.0,1485.0,1525.0,-95.0,6613,5269,1545.0
2025-09-22,579665,880401870,1540.0,1500.0,1530.0,5.0,2292,5269,1530.0
2025-09-23,378886,577748665,1540.0,1510.0,1525.0,-5.0,1413,5269,1540.0
2025-09-24,475222,723777060,1540.0,1510.0,1510.0,-15.0,1576,5269,1525.0
2025-09-25,422784,642201310,1530.0,1500.0,1510.0,0.0,1090,5269,1515.0
2025-09-26,1023445,1491766255,1510.0,1440.0,1440.0,-70.0,4491,5269,1510.0
2025-09-30,537709,792207975,1490.0,1440.0,1480.0,40.0,1475,5269,1445.0
2025-10-01,434611,646184105,1510.0,1470.0,1470.0,-10.0,1435,5269,1485.0
2025-10-02,467534,691294175,1495.0,1460.0,1475.0,5.0,1084,5269,1480.0
2025-10-03,828677,1192667625,1465.0,1420.0,1435.0,-40.0,3501,5269,1440.0
2025-10-07,885241,1315466515,1520.0,1465.0,1475.0,40.0,2085,5269,1495.0
2025-10-08,476211,708729455,1500.0,1465.0,1495.0,20.0,1306,5269,1480.0
2025-10-09,437819,647162850,1525.0,1455.0,1460.0,-35.0,2138,5269,1510.0
2025-10-13,703760,1018831785,1490.0,1410.0,1475.0,15.0,2013,5269,1435.0
2025-10-14,887727,1324605800,1540.0,1435.0,1440.0,-35.0,2994,5269,1500.0
2025-10-15,382480,557713575,1470.0,1445.0,1455.0,15.0,1103,5269,1465.0
2025-10-16,616413,918115160,1510.0,1470.0,1480.0,25.0,1542,5269,1475.0
2025-10-17,513351,743074855,1475.0,1435.0,1440.0,-40.0,2185,5269,1465.0
2025-10-20,439053,631977280,1470.0,1425.0,1435.0,-5.0,1669,5269,1460.0
2025-10-21,1243852,1882788865,1540.0,1445.0,1505.0,70.0,3283,5269,1455.0
2025-10-22,618317,920124395,1510.0,1475.0,1475.0,-30.0,2048,5269,1495.0
2025-10-23,462215,669160660,1470.0,1440.0,1445.0,-30.0,1965,5269,1470.0
2025-10-27,559560,810565205,1490.0,1430.0,1445.0,0.0,1770,5269,1485.0
2025-10-28,351907,509335540,1465.0,1435.0,1445.0,0.0,1137,5269,1460.0
2025-10-29,473858,694183475,1485.0,1450.0,1450.0,5.0,1473,5269,1455.0
2025-10-30,561617,803208885,1460.0,1420.0,1425.0,-25.0,2673,5269,1460.0
2025-10-31,355375,512517070,1455.0,1425.0,1445.0,20.0,1038,5269,1430.0
2025-11-03,812332,1213729635,1525.0,1440.0,1490.0,45.0,2369,5269,1460.0
2025-11-04,525880,771483965,1495.0,1445.0,1445.0,-45.0,1869,5269,1495.0
2025-11-05,1082523,1504341910,1415.0,1370.0,1400.0,-45.0,4506,5269,1415.0
2025-11-06,409708,590989175,1460.0,1425.0,1435.0,35.0,1292,5269,1430.0
2025-11-07,355383,507457590,1450.0,1410.0,1410.0,-25.0,1244,5269,1450.0
2025-11-10,1132185,1545913905,1445.0,1340.0,1350.0,-60.0,4935,5269,1445.0
2025-11-11,1686744,2258515730,1425.0,1290.0,1295.0,-55.0,6336,5269,1400.0
2025-11-12,1116943,1481742715,1365.0,1305.0,1315.0,20.0,2395,5269,1345.0
2025-11-13,612698,810658540,1345.0,1310.0,1315.0,0.0,1680,5269,1325.0
2025-11-14,679730,871679845,1305.0,1270.0,1270.0,-45.0,3397,5269,1290.0
2025-11-17,608323,773070340,1295.0,1255.0,1270.0,0.0,2234,5269,1295.0
2025-11-18,544060,674048795,1255.0,1225.0,1230.0,-40.0,2865,5269,1250.0
2025-11-19,1082544,1311664470,1240.0,1195.0,1205.0,-25.0,2889,5269,1220.0
2025-11-20,886785,1081270465,1255.0,1195.0,1220.0,15.0,1832,5269,1255.0
2025-11-21,763490,893173040,1195.0,1150.0,1165.0,-55.0,3493,5269,1185.0
2025-11-24,679010,791958570,1185.0,1155.0,1175.0,10.0,1602,5269,1175.0
2025-11-25,559648,676974860,1230.0,1185.0,1230.0,55.0,1804,5269,1210.0
2025-11-26,592680,745132910,1280.0,1225.0,1265.0,35.0,1814,5269,1240.0
2025-11-27,597220,759539790,1290.0,1260.0,1270.0,5.0,1508,5269,1265.0
2025-11-28,403197,517488310,1295.0,1260.0,1295.0,25.0,1305,5269,1270.0
2025-12-01,745653,934438290,1290.0,1235.0,1235.0,-60.0,2879,5269,1285.0
2025-12-02,363771,450149805,1250.0,1230.0,1240.0,5.0,1203,5269,1240.0
2025-12-03,359748,447754140,1260.0,1235.0,1235.0,-5.0,1033,5269,1260.0
2025-12-04,198098,245421935,1255.0,1230.0,1230.0,-5.0,782,5269,1250.0
2025-12-05,292948,357238270,1235.0,1205.0,1225.0,-5.0,1669,5269,1230.0
2025-12-08,212040,260367465,1240.0,1215.0,1230.0,5.0,920,5269,1225.0
2025-12-09,604623,754146740,1265.0,1225.0,1245.0,15.0,1405,5269,1240.0
2025-12-10,355590,447608195,1265.0,1240.0,1260.0,15.0,1316,5269,1245.0
2025-12-11,537215,674904975,1285.0,1230.0,1230.0,-30.0,2117,5269,1275.0
2025-12-12,509579,617812485,1245.0,1200.0,1200.0,-30.0,2673,5269,1240.0
2025-12-15,357514,423677150,1205.0,1165.0,1200.0,0.0,1505,5269,1165.0
2025-12-16,506991,599297635,1200.0,1160.0,1190.0,-10.0,2084,5269,1190.0
2025-12-17,298308,356580840,1215.0,1180.0,1180.0,-10.0,1319,5269,1210.0
2025-12-18,274664,320966330,1180.0,1160.0,1165.0,-15.0,1343,5269,1180.0
2025-12-19,586612,691687020,1200.0,1160.0,1185.0,20.0,1480,5269,1180.0
2025-12-22,485136,577449225,1210.0,1180.0,1190.0,5.0,1209,5269,1195.0
2025-12-23,299873,353962000,1205.0,1170.0,1170.0,-20.0,1622,5269,1205.0
2025-12-24,536130,624493530,1200.0,1150.0,1150.0,-20.0,2705,5269,1180.0
2025-12-26,543325,623258665,1165.0,1130.0,1160.0,10.0,2361,5269,1160.0
2025-12-29,588342,685836170,1175.0,1150.0,1170.0,10.0,1438,5269,1160.0
2025-12-30,578529,675034305,1190.0,1150.0,1175.0,5.0,1489,5269,1165.0
2025-12-31,919999,1112347935,1230.0,1180.0,1210.0,35.0,2643,5269,1185.0
2026-01-02,966187,1140196035,1210.0,1160.0,1160.0,-50.0,4107,5269,1210.0
2026-01-05,792850,926673895,1195.0,1150.0,1190.0,30.0,2471,5269,1165.0
2026-01-06,963967,1154575600,1215.0,1185.0,1190.0,0.0,2467,5269,1205.0
2026-01-07,1779247,2254074135,1305.0,1190.0,1305.0,115.0,4695,5269,1195.0
2026-01-08,3753790,5010859830,1385.0,1275.0,1275.0,-30.0,8320,5269,1345.0
2026-01-09,3847719,5327497430,1400.0,1310.0,1400.0,125.0,10042,5269,1315.0
2026-01-12,3021905,4272731980,1480.0,1380.0,1380.0,-20.0,6325,5269,1480.0
2026-01-13,3959033,5203552445,1380.0,1285.0,1300.0,-80.0,9825,5269,1380.0
2026-01-14,2812656,3686515735,1360.0,1275.0,1345.0,45.0,5977,5269,1310.0
2026-01-15,2588406,3512596070,1400.0,1320.0,1335.0,-10.0,5177,5269,1330.0
2026-01-16,1348891,1770694630,1345.0,1300.0,1300.0,-35.0,4386,5269,1345.0
2026-01-19,1051308,1359068360,1315.0,1265.0,1300.0,0.0,3745,5269,1300.0
2026-01-20,595241,772040260,1315.0,1285.0,1290.0,-10.0,2041,5269,1300.0
2026-01-21,1491298,1852343735,1280.0,1220.0,1220.0,-70.0,7662,5269,1280.0
2026-01-22,907194,1118962150,1250.0,1220.0,1230.0,10.0,2744,5269,1245.0
2026-01-23,2345768,3084032970,1350.0,1250.0,1350.0,120.0,6423,5269,1250.0
2026-01-26,2753200,3788023300,1420.0,1340.0,1375.0,25.0,5177,5269,1350.0
2026-01-27,2374189,3320107900,1435.0,1360.0,1400.0,25.0,4403,5269,1420.0
2026-01-28,1173291,1618941805,1405.0,1365.0,1375.0,-25.0,3877,5269,1405.0
2026-01-29,959484,1288479895,1385.0,1325.0,1330.0,-45.0,3618,5269,1385.0
2026-01-30,824630,1068903750,1330.0,1285.0,1290.0,-40.0,3718,5269,1325.0
2026-02-02,984173,1244106345,1290.0,1250.0,1250.0,-40.0,3829,5269,1260.0
2026-02-03,945038,1224798420,1325.0,1260.0,1315.0,65.0,2979,5269,1280.0
2026-02-04,844538,1116338600,1345.0,1290.0,1335.0,20.0,2472,5269,1310.0
2026-02-05,1918397,2447164885,1320.0,1255.0,1255.0,-80.0,7679,5269,1300.0
2026-02-06,1100372,1356310055,1260.0,1195.0,1235.0,-20.0,3779,5269,1255.0
2026-02-09,728136,906701680,1275.0,1230.0,1230.0,-5.0,2956,5269,1275.0
2026-02-10,1188514,1529600810,1310.0,1265.0,1300.0,70.0,3388,5269,1270.0
2026-02-11,555106,710319550,1295.0,1270.0,1270.0,-30.0,3005,5269,1295.0
2026-02-23,1435331,1765853245,1285.0,1205.0,1205.0,-65.0,8255,5269,1280.0
2026-02-24,1119780,1400834355,1275.0,1215.0,1265.0,60.0,3318,5269,1215.0
2026-02-25,1680095,2208615950,1350.0,1290.0,1315.0,50.0,4212,5269,1310.0
2026-02-26,1293094,1714033330,1350.0,1310.0,1315.0,0.0,3723,5269,1315.0
2026-03-02,800766,1031081940,1305.0,1260.0,1285.0,-30.0,3011,5269,1265.0
2026-03-03,974103,1222911760,1295.0,1230.0,1235.0,-50.0,5172,5269,1290.0
2026-03-04,1220264,1424678375,1210.0,1140.0,1165.0,-70.0,5857,5269,1205.0
2026-03-05,1490121,1875874920,1280.0,1200.0,1280.0,115.0,4639,5269,1225.0
2026-03-06,3224171,4250738885,1360.0,1285.0,1285.0,5.0,7350,5269,1295.0
2026-03-09,1969343,2354649620,1230.0,1160.0,1220.0,-65.0,5084,5269,1180.0
2026-03-10,1759770,2155247260,1265.0,1190.0,1220.0,0.0,4753,5269,1235.0
2026-03-11,1138790,1427552055,1265.0,1235.0,1260.0,40.0,2714,5269,1245.0
2026-03-12,1036406,1269767505,1250.0,1210.0,1225.0,-35.0,3772,5269,1250.0
2026-03-13,809456,995387260,1245.0,1210.0,1225.0,0.0,1945,5269,1210.0
2026-03-16,637109,775404725,1230.0,1210.0,1210.0,-15.0,2182,5269,1230.0
2026-03-17,802198,975891095,1240.0,1205.0,1205.0,-5.0,2838,5269,1235.0
2026-03-18,1087957,1355328110,1265.0,1205.0,1250.0,45.0,3106,5269,1215.0
2026-03-19,784941,954937585,1230.0,1205.0,1205.0,-45.0,3502,5269,1225.0
2026-03-20,1053783,1261078785,1220.0,1180.0,1200.0,-5.0,3797,5269,1190.0
2026-03-23,843076,984227965,1190.0,1155.0,1160.0,-40.0,4988,5269,1170.0
2026-03-24,631706,733411620,1190.0,1140.0,1155.0,-5.0,3062,5269,1190.0
2026-03-25,471121,555726940,1190.0,1170.0,1175.0,20.0,1768,5269,1180.0
2026-03-26,574339,688745690,1220.0,1180.0,1180.0,5.0,1998,5269,1190.0
2026-03-27,418996,488629670,1180.0,1150.0,1165.0,-15.0,2069,5269,1155.0
2026-03-30,1088469,1217304575,1140.0,1105.0,1110.0,-55.0,6046,5269,1140.0
2026-03-31,751665,812545945,1115.0,1060.0,1065.0,-45.0,4259,5269,1085.0
2026-04-01,414963,456435085,1110.0,1095.0,1095.0,30.0,1624,5269,1100.0
2026-04-02,799622,863081335,1125.0,1060.0,1060.0,-35.0,3109,5269,1100.0
2026-04-07,1264209,1333459105,1065.0,1040.0,1065.0,5.0,3310,5269,1060.0
2026-04-08,788777,867639620,1110.0,1090.0,1110.0,45.0,2410,5269,1100.0
2026-04-09,704681,770266970,1115.0,1080.0,1085.0,-25.0,2997,5269,1115.0
2026-04-10,872224,970315725,1130.0,1100.0,1110.0,25.0,2592,5269,1110.0
2026-04-13,529461,591753810,1135.0,1095.0,1125.0,15.0,1961,5269,1110.0
2026-04-14,1345145,1586564760,1195.0,1150.0,1190.0,65.0,4077,5269,1165.0
2026-04-15,893791,1058095675,1215.0,1170.0,1175.0,-15.0,3290,5269,1215.0
2026-04-16,2261713,2871681210,1290.0,1180.0,1290.0,115.0,9318,5269,1185.0
2026-04-17,1747732,2242080015,1325.0,1265.0,1270.0,-20.0,5107,5269,1315.0
2026-04-20,1799831,2311523275,1315.0,1260.0,1260.0,-10.0,5202,5269,1285.0
2026-04-21,1372968,1718634845,1280.0,1240.0,1255.0,-5.0,4649,5269,1270.0
2026-04-22,2611207,3488140370,1380.0,1260.0,1380.0,125.0,8220,5269,1265.0
2026-04-23,4957121,6592732365,1445.0,1245.0,1275.0,-105.0,13961,5269,1440.0
2026-04-24,2056589,2656117765,1315.0,1265.0,1295.0,20.0,6193,5269,1300.0
2026-04-27,1269734,1644320355,1330.0,1275.0,1290.0,-5.0,4006,5269,1325.0
2026-04-28,1332458,1719620915,1325.0,1265.0,1280.0,-10.0,4972,5269,1300.0
2026-04-29,917252,1185756835,1310.0,1260.0,1305.0,25.0,3210,5269,1280.0
2026-04-30,3282918,4487295695,1400.0,1305.0,1365.0,60.0,8817,5269,1310.0
2026-05-04,2045503,2851596185,1435.0,1375.0,1390.0,25.0,5910,5269,1405.0
2026-05-05,1763040,2396799450,1410.0,1335.0,1350.0,-40.0,6068,5269,1395.0
2026-05-06,1793097,2390998315,1380.0,1295.0,1340.0,-10.0,6313,5269,1380.0
2026-05-07,1425296,1957618710,1395.0,1345.0,1370.0,30.0,5010,5269,1375.0
2026-05-08,3488152,4903621830,1440.0,1360.0,1410.0,40.0,8800,5269,1360.0
2026-05-11,3700684,5020824020,1435.0,1275.0,1390.0,-20.0,10079,5269,1365.0
2026-05-12,5518944,8186957790,1525.0,1385.0,1525.0,135.0,14091,5269,1435.0
2026-05-13,6564669,9633018025,1545.0,1410.0,1430.0,-95.0,18788,5269,1490.0
2026-05-14,3368362,4897413900,1480.0,1420.0,1465.0,35.0,9263,5269,1445.0
2026-05-15,3183978,4672828380,1520.0,1420.0,1455.0,-10.0,11636,5269,1505.0
2026-05-18,1896509,2645911445,1420.0,1375.0,1390.0,-65.0,7444,5269,1410.0
2026-05-19,1465623,2022524695,1405.0,1365.0,1380.0,-10.0,6179,5269,1395.0
2026-05-20,1876498,2584249665,1415.0,1350.0,1385.0,5.0,6616,5269,1375.0
2026-05-21,2141907,3046817570,1455.0,1395.0,1410.0,25.0,5815,5269,1420.0
2026-05-22,1861941,2715422015,1495.0,1420.0,1480.0,70.0,6936,5269,1430.0
2026-05-25,2155035,3298616115,1550.0,1515.0,1535.0,55.0,8795,5269,1535.0
2026-05-26,2555750,3949528060,1575.0,1520.0,1545.0,10.0,8492,5269,1560.0
2026-05-27,2429032,3691436510,1575.0,1485.0,1495.0,-50.0,11351,5269,1565.0
2026-05-28,1717011,2518732170,1510.0,1435.0,1440.0,-55.0,9258,5269,1510.0
2026-05-29,1052124,1543832435,1485.0,1450.0,1465.0,25.0,4124,5269,1485.0
2026-06-01,1419892,2115005135,1520.0,1465.0,1520.0,55.0,5337,5269,1470.0
2026-06-02,4122456,6559509155,1660.0,1510.0,1590.0,70.0,12882,5269,1540.0
2026-06-03,1735399,2765768435,1635.0,1565.0,1575.0,-15.0,6509,5269,1635.0
2026-06-04,1590218,2495775470,1610.0,1545.0,1570.0,-5.0,5763,5269,1570.0
2026-06-05,1332317,2036186435,1570.0,1495.0,1525.0,-45.0,6198,5269,1570.0
2026-06-08,1542981,2151805125,1420.0,1375.0,1400.0,-125.0,7546,5269,1375.0
2026-06-09,1193487,1694980520,1465.0,1390.0,1440.0,40.0,4100,5269,1415.0
2026-06-10,2290023,3135859925,1410.0,1320.0,1325.0,-115.0,12902,5269,1385.0
2026-06-11,1232988,1619653210,1345.0,1275.0,1330.0,5.0,5908,5269,1310.0
2026-06-12,938820,1290171845,1395.0,1360.0,1375.0,45.0,3949,5269,1380.0
2026-06-15,772833,1074937045,1415.0,1380.0,1380.0,5.0,2973,5269,1400.0
2026-06-16,665876,920486055,1400.0,1365.0,1380.0,0.0,2530,5269,1395.0
2026-06-17,1070861,1505696815,1435.0,1360.0,1425.0,45.0,3283,5269,1370.0
2026-06-18,1126161,1632211560,1475.0,1425.0,1455.0,30.0,3884,5269,1455.0
2026-06-22,833855,1215182040,1480.0,1445.0,1450.0,-5.0,3659,5269,1470.0
