date,capacity,turnover,high,low,close,change,transaction_volume,stock_code_id,open
2015-01-05,1891217,147548726,78.5,77.6,78.0,-0.8,1403,5871,78.5
2015-01-06,4999880,384422660,77.4,76.5,77.0,-1.0,2575,5871,77.4
2015-01-07,3387119,259108929,76.9,76.2,76.6,-0.4,2206,5871,76.6
2015-01-08,2730619,210225673,77.5,76.6,77.5,0.9,1613,5871,76.9
2015-01-09,2219316,171296385,77.8,76.8,77.6,0.1,1565,5871,77.7
2015-01-12,1943686,149245022,77.3,76.6,76.6,-1.0,1201,5871,77.2
2015-01-13,6464313,488141570,76.4,75.1,75.9,-0.7,3461,5871,76.3
2015-01-14,3499467,262363825,75.7,74.8,74.8,-1.1,2369,5871,75.5
2015-01-15,4565265,338359427,74.8,73.8,73.8,-1.0,2934,5871,74.8
2015-01-16,4150301,309606238,75.2,73.8,74.6,0.8,2758,5871,73.8
2015-01-19,4093322,303924212,75.3,73.3,74.5,-0.1,2143,5871,74.9
2015-01-20,1895624,141805300,75.2,74.1,75.0,0.5,1259,5871,74.3
2015-01-21,2033647,153059301,75.6,74.9,75.6,0.6,1355,5871,75.3
2015-01-22,3348620,255541320,76.9,75.4,76.4,0.8,2047,5871,75.7
2015-01-23,3494518,267110224,76.9,75.9,76.7,0.3,1739,5871,76.9
2015-01-26,2398520,182937674,76.9,75.9,76.6,-0.1,1220,5871,76.9
2015-01-27,3604753,276388190,77.1,76.2,76.6,0.0,1929,5871,76.6
2015-01-28,2274150,173173200,76.5,75.8,76.1,-0.5,1053,5871,76.1
2015-01-29,3451417,262466523,76.9,75.3,75.6,-0.5,1646,5871,75.9
2015-01-30,3328320,250463559,75.9,74.7,74.7,-0.9,1865,5871,75.3
2015-02-02,2055278,154068650,75.5,74.7,74.8,0.1,1188,5871,74.8
2015-02-03,3252054,246676692,76.4,74.8,75.9,1.1,1975,5871,74.8
2015-02-04,2820147,214558440,76.6,75.5,75.9,0.0,1588,5871,76.4
2015-02-05,1894726,144263009,76.5,75.7,76.3,0.4,1264,5871,76.2
2015-02-06,2335480,177174562,76.5,75.5,75.6,-0.7,1494,5871,76.1
2015-02-09,1949100,147028337,76.3,75.0,75.2,-0.4,1102,5871,75.6
2015-02-10,2194388,166418338,76.1,75.1,75.9,0.7,1502,5871,75.2
2015-02-11,2378809,180504443,76.5,75.3,75.7,-0.2,1279,5871,75.8
2015-02-12,1897130,142916101,76.1,75.1,75.3,-0.4,1268,5871,75.5
2015-02-13,1713668,129709632,76.0,75.3,75.7,0.4,1017,5871,75.3
2015-02-24,3138127,239455507,76.5,76.0,76.5,0.8,1962,5871,76.1
2015-02-25,2134509,163042320,76.7,76.1,76.5,0.0,1388,5871,76.6
2015-02-26,1922832,146768548,76.6,76.1,76.4,-0.1,1275,5871,76.6
2015-03-02,4694969,360703101,77.7,76.2,77.0,0.6,2827,5871,76.6
2015-03-03,4066747,313571419,77.7,76.8,77.0,0.0,2552,5871,77.5
2015-03-04,1968535,151309180,77.1,76.6,76.8,-0.2,1242,5871,77.0
2015-03-05,3500576,269429686,77.2,76.5,77.1,0.3,1694,5871,77.0
2015-03-06,4062046,313711945,77.6,76.6,77.4,0.3,1874,5871,77.1
2015-03-09,4016370,310421335,77.5,76.7,77.4,0.0,1136,5871,77.2
2015-03-10,5439903,423463362,78.5,77.0,78.0,0.6,2608,5871,77.6
2015-03-11,4123780,321349217,78.2,77.0,78.0,0.0,2088,5871,77.0
2015-03-12,2087600,163017026,78.3,77.9,78.0,0.0,1187,5871,78.0
2015-03-13,2880319,225378982,78.4,78.0,78.3,0.3,1395,5871,78.0
2015-03-16,2166052,169724154,78.5,78.1,78.4,0.1,1383,5871,78.1
2015-03-17,3302650,259393420,79.0,78.1,78.6,0.2,1883,5871,78.5
2015-03-18,5252993,413665046,78.9,78.4,78.9,0.3,2042,5871,78.6
2015-03-19,5748834,457468182,80.4,78.8,80.0,1.1,2884,5871,79.0
2015-03-20,5821505,467128700,80.5,79.8,80.5,0.5,3208,5871,80.0
2015-03-23,6949044,565249928,81.7,80.9,81.5,1.0,3254,5871,80.9
2015-03-24,3886678,315618551,81.9,80.8,81.5,0.0,2260,5871,81.5
2015-03-25,2434497,197550541,81.8,80.8,81.3,-0.2,1355,5871,81.8
2015-03-26,3645143,291840840,80.9,79.6,80.3,-1.0,2518,5871,80.5
2015-03-27,6941834,542416695,80.0,77.5,77.5,-2.8,3694,5871,80.0
2015-03-30,4147394,322105340,78.2,76.9,78.0,0.5,2730,5871,77.8
2015-03-31,3300774,257166172,78.2,77.6,78.0,0.0,1841,5871,78.0
2015-04-01,2886381,225225718,78.6,77.8,77.9,-0.1,1642,5871,78.0
2015-04-02,4358471,342133215,79.0,78.0,79.0,1.1,2149,5871,78.0
2015-04-07,1606293,126776372,79.3,78.6,79.2,0.2,1153,5871,79.0
2015-04-08,3593080,283109286,79.3,78.3,78.8,-0.4,1999,5871,79.3
2015-04-09,4230362,337605667,80.4,78.8,79.8,1.0,2561,5871,79.2
2015-04-10,1842700,146401826,80.2,79.1,79.6,-0.2,1153,5871,80.2
2015-04-13,3027000,239252387,79.6,78.6,79.5,-0.1,1921,5871,79.2
2015-04-14,1954314,154372840,79.6,78.6,79.0,-0.5,1430,5871,79.4
2015-04-15,2211740,172783978,79.4,77.6,78.0,-1.0,1602,5871,78.9
2015-04-16,1702453,133742752,78.9,77.6,78.9,0.9,1130,5871,77.6
2015-04-17,1489922,116614257,78.9,77.9,78.6,-0.3,912,5871,78.5
2015-04-20,1290960,100866080,78.5,78.0,78.0,-0.6,860,5871,78.4
2015-04-21,2940318,229123304,78.8,77.5,78.0,0.0,1490,5871,78.8
2015-04-22,2612524,203742772,78.5,77.6,78.4,0.4,2004,5871,78.1
2015-04-23,10549820,845835000,81.2,78.4,80.8,2.4,5327,5871,78.8
2015-04-24,5384744,434746482,81.5,79.7,80.9,0.1,3672,5871,80.8
2015-04-27,25130718,2116285225,86.4,81.2,86.0,5.1,11733,5871,81.2
2015-04-28,11142201,954014851,86.9,84.6,84.9,-1.1,6098,5871,86.0
2015-04-29,7338568,622403078,86.0,83.2,85.0,0.1,4442,5871,85.3
2015-04-30,5086036,429163624,85.1,83.7,84.1,-0.9,3228,5871,85.0
2015-05-04,4651285,385593497,84.1,82.4,82.5,-1.6,2746,5871,84.1
2015-05-05,4379122,364389585,83.8,82.6,82.9,0.4,2449,5871,83.3
2015-05-06,3520345,291528289,83.2,82.3,83.0,0.1,2085,5871,82.5
2015-05-07,4542170,371663985,83.0,81.2,81.2,-1.8,2843,5871,83.0
2015-05-08,4552735,372398158,82.4,81.3,81.6,0.4,2339,5871,82.2
2015-05-11,7253554,603556363,84.5,81.9,83.2,1.6,4433,5871,82.9
2015-05-12,4073887,337144660,83.3,82.2,82.5,-0.7,2708,5871,83.0
2015-05-13,6086487,502688414,84.0,81.7,81.8,-0.7,3540,5871,82.9
2015-05-14,14063539,1109211181,81.4,77.5,78.4,-3.4,7266,5871,81.4
2015-05-15,4579368,358603387,79.1,77.8,78.0,-0.4,2628,5871,78.4
2015-05-18,5198085,401125630,78.0,76.5,77.4,-0.6,2931,5871,78.0
2015-05-19,3366588,265829699,79.3,77.8,78.9,1.5,2153,5871,77.8
2015-05-20,4472403,354571537,80.3,78.4,78.7,-0.2,3103,5871,79.0
2015-05-21,2758911,214775940,78.2,77.6,77.7,-1.0,2100,5871,78.2
2015-05-22,1648631,128462744,78.4,77.7,77.9,0.2,1292,5871,77.9
2015-05-25,2667792,207134491,78.3,77.3,77.5,-0.4,1683,5871,78.0
2015-05-26,3738586,290137408,78.6,77.2,77.6,0.1,2410,5871,78.2
2015-05-27,3198359,249120502,78.3,77.4,78.0,0.4,1890,5871,77.7
2015-05-28,3713157,288769146,78.3,77.5,77.6,-0.4,2370,5871,78.1
2015-05-29,5605248,434559887,78.3,77.1,77.6,0.0,2772,5871,78.2
2015-06-01,3136360,240671027,77.5,76.4,76.6,-1.0,1851,5871,77.1
2015-06-02,2715542,208290768,77.5,76.3,76.6,0.0,1849,5871,76.5
2015-06-03,3295227,250395884,77.3,75.7,76.1,-0.5,2181,5871,77.3
2015-06-04,4654925,351334778,76.5,74.9,76.1,0.0,2719,5871,76.5
2015-06-05,3525328,265658513,76.2,74.9,76.2,0.1,2215,5871,75.1
2015-06-08,2235819,171093610,77.4,75.6,76.7,0.5,1592,5871,76.0
2015-06-09,3454798,262412002,77.1,75.1,76.2,-0.5,2073,5871,77.0
2015-06-10,1735030,132029286,76.6,75.5,76.5,0.3,1193,5871,76.2
2015-06-11,2563924,194535203,76.6,75.5,76.1,-0.4,1394,5871,76.5
2015-06-12,4660391,350799316,76.3,74.8,75.5,-0.6,2303,5871,76.0
2015-06-15,1730990,130563040,76.0,75.0,76.0,0.5,1294,5871,75.5
2015-06-16,2808500,210959148,75.9,74.8,75.4,-0.6,1728,5871,75.8
2015-06-17,4913391,364744624,75.2,73.6,74.2,-1.2,2973,5871,75.1
2015-06-18,3089862,228486618,74.5,73.6,74.2,0.0,1669,5871,74.2
2015-06-22,3911136,289316181,74.7,73.7,73.9,-0.3,2417,5871,74.0
2015-06-23,4404170,325707380,74.6,73.5,73.7,-0.2,2401,5871,74.0
2015-06-24,1737561,128645375,74.3,73.8,74.0,0.3,1212,5871,73.9
2015-06-25,3749780,277901900,74.5,73.8,74.4,0.4,2184,5871,74.0
2015-06-26,2901832,215383561,74.6,73.8,74.4,0.0,1634,5871,74.3
2015-06-29,2102896,155758850,74.5,73.7,74.0,-0.4,1314,5871,74.0
2015-06-30,4179820,310950452,75.0,73.3,74.4,0.4,2122,5871,74.0
2015-07-01,4971425,378354306,76.6,74.5,76.5,2.1,2624,5871,74.8
2015-07-02,4025518,307638326,76.8,75.9,76.1,-0.4,1767,5871,76.6
2015-07-03,6317318,477380084,77.3,74.1,77.0,0.9,3046,5871,75.5
2015-07-06,3263039,249182870,76.8,76.0,76.0,-1.0,1390,5871,76.1
2015-07-07,3488475,263880859,77.0,74.9,75.4,-0.6,2184,5871,76.1
2015-07-08,6981477,514299298,75.5,72.8,73.8,-1.6,3754,5871,75.0
2015-07-09,9847092,696024232,72.3,70.0,70.3,-3.5,5313,5871,72.3
2015-07-13,6382553,456183394,72.3,71.0,71.5,1.2,3549,5871,71.7
2015-07-14,3702853,267286551,72.8,71.7,72.0,0.5,2393,5871,72.4
2015-07-15,3886188,277963540,72.5,71.0,71.0,-1.0,2598,5871,72.3
2015-07-16,4038944,288553177,71.9,71.0,71.3,0.3,2173,5871,71.4
2015-07-17,2181990,157130268,72.4,71.5,72.4,1.1,1494,5871,72.0
2015-07-20,4234857,305325638,73.2,71.1,71.2,-1.2,2542,5871,73.0
2015-07-21,4311992,305944225,71.7,70.5,70.8,-0.4,2185,5871,71.2
2015-07-22,3979330,280620091,71.1,70.0,71.1,0.3,2308,5871,70.5
2015-07-23,3979870,284803515,72.2,71.1,72.2,1.1,2070,5871,71.5
2015-07-24,3105860,224136179,72.7,71.7,72.2,0.0,1802,5871,72.2
2015-07-27,5587974,397400354,72.1,70.4,70.5,-1.7,2787,5871,71.8
2015-07-28,6820089,441788163,65.7,63.3,65.3,0.0,3854,5871,65.1
2015-07-29,4822681,312073253,65.5,64.2,65.5,0.2,2783,5871,65.0
2015-07-30,3805867,250151465,66.4,65.0,65.7,0.2,2326,5871,65.5
2015-07-31,4232529,274482814,65.8,64.2,65.8,0.1,2655,5871,65.2
2015-08-03,4124232,264354373,65.2,63.6,64.5,-1.3,2918,5871,65.2
2015-08-04,4885354,308259202,64.5,62.0,62.9,-1.6,2542,5871,64.5
2015-08-05,2232167,141900586,64.2,63.0,63.9,1.0,1501,5871,63.0
2015-08-06,2224938,142663299,64.9,63.7,63.7,-0.2,1441,5871,64.9
2015-08-07,1674298,106825472,64.2,63.2,63.9,0.2,1089,5871,63.3
2015-08-10,2284400,148870100,66.0,63.9,65.9,2.0,1641,5871,63.9
2015-08-11,4533559,296677642,67.0,64.4,65.0,-0.9,2736,5871,66.5
2015-08-12,9621839,597095618,65.0,60.9,61.6,-3.4,4602,5871,65.0
2015-08-13,13744695,823807868,62.2,59.0,60.1,-1.5,7220,5871,61.5
2015-08-14,3929310,235389550,60.5,59.1,60.3,0.2,2378,5871,59.9
2015-08-17,3141304,186918680,60.8,59.1,59.1,-1.2,2074,5871,60.1
2015-08-18,9631574,555575518,59.7,56.4,56.6,-2.5,5136,5871,59.2
2015-08-19,9617339,523483372,56.7,53.0,53.7,-2.9,4709,5871,56.1
2015-08-20,13587709,700272821,53.5,50.1,51.8,-1.9,6992,5871,52.5
2015-08-21,11310524,559333775,50.5,48.8,49.4,-2.4,6203,5871,50.2
2015-08-24,11129380,510362330,48.7,44.5,45.9,-3.5,5270,5871,47.8
2015-08-25,14438459,696121372,50.0,45.9,50.0,4.1,7275,5871,45.9
2015-08-26,13511019,669153947,50.5,48.0,50.1,0.1,5766,5871,49.9
2015-08-27,10833786,550961525,51.8,49.6,51.0,0.9,5125,5871,50.9
2015-08-28,6605131,345008743,52.9,51.0,52.4,1.4,3492,5871,51.9
2015-08-31,4789535,248761133,52.5,51.1,52.3,-0.1,2209,5871,52.4
2015-09-01,5667614,296195159,53.4,51.6,51.8,-0.5,2845,5871,52.3
2015-09-02,4631874,237003678,51.5,50.7,51.1,-0.7,3142,5871,51.0
2015-09-03,4676168,238211068,51.7,50.5,50.8,-0.3,2852,5871,51.2
2015-09-04,4928457,249966793,51.5,50.1,50.3,-0.5,2493,5871,50.7
2015-09-07,3308093,165259057,50.3,49.7,49.85,-0.45,2157,5871,50.0
2015-09-08,2768750,138682479,50.4,49.8,49.95,0.1,1660,5871,49.85
2015-09-09,10270981,545652725,54.4,51.1,53.9,3.95,5768,5871,51.2
2015-09-10,10777555,591099556,56.4,53.2,55.2,1.3,5618,5871,53.6
2015-09-11,5813178,318662362,55.7,54.4,55.2,0.0,3483,5871,54.8
2015-09-14,3902886,212578274,55.4,54.0,54.3,-0.9,2497,5871,55.2
2015-09-15,4268302,228254968,54.4,53.0,53.8,-0.5,2513,5871,54.3
2015-09-16,2791736,150207144,54.4,53.4,53.8,0.0,1761,5871,54.1
2015-09-17,5449135,300014625,55.6,54.3,55.0,1.2,3353,5871,54.4
2015-09-18,4423221,244534208,55.9,54.7,55.1,0.1,2551,5871,55.3
2015-09-21,6508641,346460318,54.3,52.7,52.8,-2.3,3501,5871,53.8
2015-09-22,3264701,173568593,53.5,52.9,53.5,0.7,1948,5871,53.0
2015-09-23,3811258,201327313,53.5,52.5,52.9,-0.6,2258,5871,52.9
2015-09-24,4908648,262677395,54.3,53.0,53.2,0.3,2820,5871,53.8
2015-09-25,12532284,651833332,53.3,51.2,52.4,-0.8,3236,5871,53.0
2015-09-30,6065057,312555932,52.0,51.0,51.5,-0.9,3055,5871,51.5
2015-10-01,5846923,308965699,53.4,51.8,53.0,1.5,3157,5871,52.2
2015-10-02,6018466,325951383,54.8,53.0,54.3,1.3,3305,5871,53.2
2015-10-05,12081555,674535231,56.7,55.0,56.5,2.2,5716,5871,55.0
2015-10-06,13918181,802388827,58.3,56.6,57.8,1.3,7287,5871,58.0
2015-10-07,7005082,403141756,58.3,56.4,58.0,0.2,3730,5871,57.5
2015-10-08,10557076,626966246,60.5,58.4,58.9,0.9,6150,5871,58.4
2015-10-12,7647785,461252778,60.9,59.5,60.6,1.7,4686,5871,59.8
2015-10-13,9006797,551964636,62.4,60.5,61.9,1.3,4440,5871,61.6
2015-10-14,7929848,490291361,62.4,61.1,61.9,0.0,3515,5871,61.9
2015-10-15,8267921,519132683,63.6,62.1,63.1,1.2,4120,5871,62.2
2015-10-16,4958858,311914018,63.8,62.4,62.5,-0.6,3007,5871,63.5
2015-10-19,4909997,303297103,62.9,61.2,61.4,-1.1,3114,5871,62.9
2015-10-20,2900187,179548715,62.3,61.5,62.2,0.8,1886,5871,61.8
2015-10-21,3691069,227116137,62.5,61.1,61.1,-1.1,2158,5871,62.4
2015-10-22,3946669,239257498,61.3,60.0,61.3,0.2,2348,5871,60.7
2015-10-23,3588615,221718227,62.2,61.2,61.7,0.4,2110,5871,62.2
2015-10-26,5968235,375603428,63.3,62.5,63.2,1.5,2884,5871,63.2
2015-10-27,3941260,249032437,63.7,62.7,63.3,0.1,2332,5871,63.3
2015-10-28,4427614,282268312,64.5,62.8,63.9,0.6,2709,5871,63.4
2015-10-29,3644907,232188767,64.7,63.2,63.6,-0.3,2336,5871,64.7
2015-10-30,6352777,394275651,63.1,60.9,62.3,-1.3,3635,5871,63.1
2015-11-02,3484841,215287013,62.1,61.5,61.9,-0.4,2246,5871,61.7
2015-11-03,3102002,194707708,63.4,62.5,62.7,0.8,1881,5871,62.5
2015-11-04,3983186,252362453,63.8,62.8,63.3,0.6,2325,5871,63.3
2015-11-05,2702585,172365301,64.0,63.4,63.8,0.5,1748,5871,63.8
2015-11-06,4236136,264704140,63.9,61.8,61.8,-2.0,2602,5871,63.8
2015-11-09,2222526,137578491,62.5,61.4,61.6,-0.2,1404,5871,61.8
2015-11-10,3267782,199428046,61.5,60.5,61.0,-0.6,1951,5871,61.2
2015-11-11,7347796,435505864,60.9,58.5,58.5,-2.5,4311,5871,60.7
2015-11-12,2519222,148587403,59.7,58.1,59.0,0.5,1432,5871,59.1
2015-11-13,2131914,124395226,58.9,58.0,58.5,-0.5,1210,5871,58.0
2015-11-16,6181014,349833198,57.5,55.6,56.3,-2.2,3508,5871,57.5
2015-11-17,5202552,296397064,57.9,56.4,56.6,0.3,2447,5871,57.4
2015-11-18,2654728,151958831,57.6,56.9,56.9,0.3,1388,5871,57.1
2015-11-19,4322865,251592676,58.6,57.3,58.3,1.4,2204,5871,57.8
2015-11-20,3923590,225762784,58.6,57.1,57.8,-0.5,2360,5871,58.6
2015-11-23,3573760,206164180,58.5,57.1,57.8,0.0,1956,5871,57.7
2015-11-24,3789597,216906792,57.8,56.8,57.5,-0.3,1780,5871,57.7
2015-11-25,4072334,229131538,57.6,55.6,56.0,-1.5,2513,5871,57.5
2015-11-26,4059996,231696661,57.6,56.4,57.4,1.4,2502,5871,56.7
2015-11-27,1560177,89087456,57.5,56.9,56.9,-0.5,915,5871,57.5
2015-11-30,7004083,387651192,55.9,55.0,55.2,-1.7,3047,5871,55.8
2015-12-01,3758237,211861509,56.8,55.8,56.5,1.3,2290,5871,55.9
2015-12-02,2602000,147838990,57.3,56.5,56.5,0.0,1659,5871,56.9
2015-12-03,2735768,153340908,56.8,55.5,56.5,0.0,1492,5871,56.1
2015-12-04,4756266,264541496,56.2,55.2,56.0,-0.5,2987,5871,56.0
2015-12-07,2211912,124970403,56.7,56.3,56.4,0.4,1300,5871,56.6
2015-12-08,2930565,162695549,56.5,55.2,55.2,-1.2,1876,5871,56.3
2015-12-09,6220483,332426330,54.9,52.6,52.8,-2.4,3769,5871,54.9
2015-12-10,4253257,223072334,53.1,51.7,52.8,0.0,2724,5871,52.8
2015-12-11,3396327,180752031,54.0,52.5,52.5,-0.3,2155,5871,53.8
2015-12-14,2901380,151883240,53.0,51.5,52.7,0.2,1803,5871,51.8
2015-12-15,2509052,131616730,53.4,52.0,52.2,-0.5,1446,5871,53.3
2015-12-16,2413554,127622362,53.2,52.5,52.7,0.5,1309,5871,52.8
2015-12-17,2998890,161584329,54.5,53.0,53.9,1.2,1710,5871,53.1
2015-12-18,2614053,140387556,54.0,53.2,53.9,0.0,1118,5871,53.5
2015-12-21,3334737,177648346,53.9,52.6,53.5,-0.4,1857,5871,53.2
2015-12-22,2191298,118328034,54.3,53.5,54.3,0.8,1352,5871,53.9
2015-12-23,5033557,280096692,56.3,54.4,56.0,1.7,3118,5871,54.5
2015-12-24,3897168,219930884,57.0,56.0,56.6,0.6,2015,5871,56.9
2015-12-25,2329328,131203996,56.9,55.6,56.9,0.3,1186,5871,56.5
2015-12-28,2081850,118501250,57.3,56.6,57.0,0.1,1130,5871,57.0
2015-12-29,1705203,96251004,57.0,56.1,56.5,-0.5,1188,5871,57.0
2015-12-30,2194947,123630173,56.9,55.7,56.9,0.4,1269,5871,56.8
2015-12-31,2557133,144169954,56.9,55.6,56.9,0.0,1501,5871,56.5
2016-01-04,5146043,281534719,56.5,53.6,53.6,-3.3,3156,5871,56.3
2016-01-05,4476272,237374846,53.5,52.7,53.2,-0.4,2504,5871,53.0
2016-01-06,3237506,170423365,53.2,52.0,53.2,0.0,2022,5871,53.0
2016-01-07,4662936,241205572,52.9,51.1,51.3,-1.9,2374,5871,52.8
2016-01-08,3237992,166987370,52.2,50.3,51.5,0.2,1671,5871,50.3
2016-01-11,3657627,187983442,52.0,50.6,51.3,-0.2,2038,5871,51.7
2016-01-12,2819512,144884506,52.4,50.7,50.7,-0.6,1506,5871,51.5
2016-01-13,3879593,202426181,53.0,51.2,52.4,1.7,2179,5871,51.5
2016-01-14,3731991,191815220,52.0,50.8,51.8,-0.6,2389,5871,51.3
2016-01-15,5498259,279212409,52.2,50.1,50.4,-1.4,3005,5871,52.0
2016-01-18,3702844,188552177,51.8,49.2,51.3,0.9,1944,5871,49.45
2016-01-19,3911168,199397827,51.8,50.6,51.1,-0.2,2082,5871,51.5
2016-01-20,5223901,261208450,50.7,49.5,49.6,-1.5,2725,5871,50.3
2016-01-21,5800391,287112976,50.5,48.6,49.9,0.3,3030,5871,50.4
2016-01-22,3224191,162264741,50.8,50.0,50.5,0.6,1972,5871,50.8
2016-01-25,4311998,223233088,52.4,50.8,52.3,1.8,2092,5871,51.0
2016-01-26,4284398,224417549,53.0,51.9,51.9,-0.4,2676,5871,52.3
2016-01-27,5452460,281128563,52.7,51.1,51.7,-0.2,2658,5871,52.7
2016-01-28,4421993,227278232,51.7,51.1,51.6,-0.1,2482,5871,51.2
2016-01-29,6905134,358915002,52.6,51.1,52.6,1.0,3933,5871,51.2
2016-01-30,2297253,121186509,53.0,52.5,52.8,0.2,1411,5871,52.8
2016-02-01,3010343,157424165,52.9,52.0,52.2,-0.6,1681,5871,52.9
2016-02-02,3917866,205035605,52.7,51.5,52.5,0.3,1981,5871,52.0
2016-02-03,3420450,179032255,53.1,51.5,52.6,0.1,2238,5871,52.4
2016-02-15,3344165,173450561,52.3,51.6,51.6,-1.0,2181,5871,51.6
2016-02-16,5110438,271321980,53.6,51.9,53.3,1.7,2970,5871,52.2
2016-02-17,3494489,184903817,53.7,52.6,52.6,-0.7,2052,5871,53.7
2016-02-18,3861940,205464380,53.5,52.9,53.4,0.8,1995,5871,53.0
2016-02-19,3804864,200237892,53.1,52.2,52.7,-0.7,2341,5871,53.0
2016-02-22,2377280,126598343,53.5,52.6,53.3,0.6,1400,5871,53.1
2016-02-23,2717899,145272793,53.8,53.2,53.4,0.1,1446,5871,53.5
2016-02-24,2113329,112251896,53.5,52.8,53.3,-0.1,1244,5871,53.4
2016-02-25,2221420,118864805,53.7,53.3,53.3,0.0,1485,5871,53.6
2016-02-26,7279966,398407203,55.5,53.6,55.4,2.1,3665,5871,53.6
2016-03-01,6805564,383834456,56.8,55.8,56.6,1.2,3821,5871,56.0
2016-03-02,5007564,283400121,57.3,56.1,56.7,0.1,3151,5871,57.2
2016-03-03,3906505,222400685,57.7,56.3,56.9,0.2,2301,5871,56.8
2016-03-04,3689411,211136083,57.5,56.7,57.4,0.5,2314,5871,57.2
2016-03-07,5035664,291886226,58.5,57.4,58.2,0.8,2784,5871,57.8
2016-03-08,3681656,213058471,58.8,57.4,58.0,-0.2,2099,5871,58.5
2016-03-09,2509490,143723061,57.9,57.0,57.3,-0.7,1697,5871,57.5
2016-03-10,2496124,142298068,57.7,56.6,57.0,-0.3,1547,5871,57.1
2016-03-11,3174441,181001487,57.6,56.5,57.6,0.6,1993,5871,56.5
2016-03-14,3241012,188156596,58.3,57.7,58.0,0.4,2100,5871,58.0
2016-03-15,9683582,544660292,57.5,55.1,55.5,-2.5,5229,5871,57.5
2016-03-16,5951185,327105866,55.5,54.2,55.0,-0.5,3903,5871,55.3
2016-03-17,4962458,276241884,56.5,55.1,55.8,0.8,2956,5871,55.6
2016-03-18,4593484,256411189,56.1,55.3,56.1,0.3,2190,5871,55.9
2016-03-21,3347503,188901056,56.9,55.8,56.8,0.7,1961,5871,56.9
2016-03-22,2384346,134291042,56.8,56.0,56.8,0.0,1419,5871,56.7
2016-03-23,1563058,88173387,56.8,56.1,56.4,-0.4,1011,5871,56.6
2016-03-24,1436373,80869630,56.8,55.8,56.2,-0.2,1040,5871,56.0
2016-03-25,1632326,91094056,56.3,55.6,55.6,-0.6,1084,5871,55.6
2016-03-28,1377988,76965228,56.3,55.6,55.6,0.0,833,5871,55.6
2016-03-29,2124213,117255030,56.0,54.7,54.9,-0.7,1408,5871,55.6
2016-03-30,2219208,123913448,56.3,54.9,56.0,1.1,1634,5871,54.9
2016-03-31,3168873,177606660,56.4,55.6,56.1,0.1,1824,5871,55.7
2016-04-01,2131427,118046731,55.9,55.1,55.4,-0.7,1230,5871,55.6
2016-04-06,3477758,189515690,55.0,54.1,54.6,-0.8,1932,5871,54.7
2016-04-07,1822916,99137621,54.9,54.2,54.2,-0.4,1070,5871,54.6
2016-04-08,2315738,125945137,54.8,53.8,54.8,0.6,1552,5871,53.9
2016-04-11,1878571,103040905,55.4,54.3,54.7,-0.1,1119,5871,54.8
2016-04-12,4632726,259485318,56.7,55.1,56.3,1.6,2803,5871,55.4
2016-04-13,3743523,212068241,57.0,56.0,57.0,0.7,2381,5871,56.5
2016-04-14,3470019,196635464,57.4,56.1,56.2,-0.8,2061,5871,57.3
2016-04-15,4137565,232841294,56.7,55.8,56.6,0.4,1855,5871,56.2
2016-04-18,2224414,125580121,56.7,56.1,56.7,0.1,1517,5871,56.5
2016-04-19,2536909,143807171,57.2,56.3,56.5,-0.2,1239,5871,56.3
2016-04-20,2689889,150866911,57.0,55.5,55.5,-1.0,1631,5871,57.0
2016-04-21,1563748,87769927,56.5,55.5,56.2,0.7,993,5871,55.5
2016-04-22,1491904,83610124,56.5,55.6,55.8,-0.4,765,5871,56.4
2016-04-25,2259980,126675680,56.6,55.6,56.0,0.2,1071,5871,56.0
2016-04-26,4731783,263107748,56.2,55.1,55.5,-0.5,2033,5871,56.1
2016-04-27,2097737,117435037,56.2,55.5,56.1,0.6,1065,5871,55.5
2016-04-28,2221814,123413735,56.4,55.1,55.4,-0.7,1374,5871,56.4
2016-04-29,3648161,198670859,55.1,54.2,54.2,-1.2,2199,5871,54.8
2016-05-03,2929963,157574802,54.5,53.4,53.4,-0.8,1758,5871,54.3
2016-05-04,6597632,345504116,53.3,51.5,52.7,-0.7,3144,5871,53.0
2016-05-05,3055157,158830199,52.5,51.7,51.8,-0.9,2139,5871,52.5
2016-05-06,6725573,341320423,51.8,50.2,50.5,-1.3,3774,5871,51.8
2016-05-09,3042781,154049131,51.2,50.3,50.3,-0.2,2141,5871,50.7
2016-05-10,4403440,223127340,51.0,50.3,50.7,0.4,2714,5871,50.7
2016-05-11,5220348,263375833,51.4,50.2,50.4,-0.3,2881,5871,51.0
2016-05-12,2919023,147120559,50.8,50.1,50.6,0.2,1619,5871,50.1
2016-05-13,6203044,310621171,50.7,49.8,50.2,-0.4,3300,5871,50.4
2016-05-16,4882242,240250900,50.0,48.3,49.8,-0.4,2816,5871,50.0
2016-05-17,3190699,159112900,50.3,49.5,50.1,0.3,1928,5871,50.0
2016-05-18,3415641,169580450,50.0,49.1,49.65,-0.45,1971,5871,50.0
2016-05-19,4237219,207897707,49.5,48.8,49.0,-0.65,2420,5871,49.5
2016-05-20,2366236,116916350,49.8,48.85,49.8,0.8,1255,5871,49.2
2016-05-23,4835320,242403494,50.8,49.05,50.8,1.0,2439,5871,49.5
2016-05-24,2128790,107382343,50.7,50.1,50.7,-0.1,1087,5871,50.6
2016-05-25,10381624,520293425,50.7,49.9,50.3,-0.4,4084,5871,50.6
2016-05-26,4095614,204764326,50.3,49.9,50.0,-0.3,1852,5871,50.3
2016-05-27,4769211,238872003,50.4,49.9,50.1,0.1,2337,5871,49.95
2016-05-30,4863505,245538959,50.7,50.1,50.5,0.4,2570,5871,50.2
2016-05-31,7035735,351906134,50.6,49.9,49.9,-0.6,2806,5871,50.5
2016-06-01,8516768,425126820,50.3,49.65,50.0,0.1,4931,5871,50.0
2016-06-02,5179155,260823306,50.8,50.0,50.0,0.0,2866,5871,50.2
2016-06-03,2021356,101486675,50.4,50.0,50.3,0.3,1099,5871,50.1
2016-06-04,1610798,81436731,50.7,50.4,50.6,0.3,835,5871,50.5
2016-06-06,4042835,202913861,50.7,49.9,50.1,-0.5,1938,5871,50.6
2016-06-07,2904021,146010449,50.6,50.1,50.2,0.1,1576,5871,50.2
2016-06-08,2934521,147711345,50.5,50.2,50.4,0.2,1744,5871,50.4
2016-06-13,3716668,185703153,50.3,49.6,50.0,-0.4,1894,5871,50.3
2016-06-14,2638063,131896054,50.2,49.85,50.0,0.0,1240,5871,50.0
2016-06-15,2309641,115266804,50.2,49.8,49.85,-0.15,1269,5871,50.0
2016-06-16,3701812,183287770,49.95,49.2,49.25,-0.6,2187,5871,49.85
2016-06-17,2240587,111429900,49.9,49.4,49.75,0.5,1298,5871,49.4
2016-06-20,3412999,171504733,50.5,50.0,50.3,0.55,1648,5871,50.2
2016-06-21,3307484,166954227,50.6,50.3,50.6,0.3,1695,5871,50.5
2016-06-22,3325611,169259743,51.4,50.4,51.3,0.7,1774,5871,50.6
2016-06-23,3277316,167876923,51.5,50.9,51.4,0.1,1728,5871,51.5
2016-06-24,6174056,311366360,51.5,49.9,50.1,-1.3,3007,5871,51.4
2016-06-27,2709892,137212151,51.1,49.95,51.1,1.0,1578,5871,50.1
2016-06-28,3275513,167862451,51.9,50.4,51.8,0.7,2056,5871,50.8
2016-06-29,4108332,214730323,52.6,51.9,52.0,0.2,2520,5871,52.2
2016-06-30,2974400,154550073,52.4,51.5,52.1,0.1,1524,5871,52.4
2016-07-01,2775014,144732223,52.4,51.9,52.1,0.0,1628,5871,52.0
2016-07-04,2205116,115124956,52.4,52.0,52.3,0.2,1140,5871,52.2
2016-07-05,2165619,113808634,52.8,52.1,52.7,0.4,1348,5871,52.3
2016-07-06,2735512,142548664,52.5,52.0,52.0,-0.7,1665,5871,52.5
2016-07-07,1705279,88882208,52.4,51.9,52.4,0.4,948,5871,51.9
2016-07-11,2968508,153886763,53.0,52.5,52.8,0.4,1358,5871,53.0
2016-07-12,2897171,153301462,53.1,52.6,53.1,0.3,1497,5871,52.9
2016-07-13,3368535,178872207,53.4,52.8,53.3,0.2,1558,5871,53.4
2016-07-14,7021507,381250696,54.7,53.2,54.7,1.4,2944,5871,53.4
2016-07-15,6185291,340472905,55.4,54.8,55.0,0.3,2694,5871,55.0
2016-07-18,3370991,185270487,55.4,54.7,55.2,0.2,1797,5871,55.4
2016-07-19,3408948,187784017,55.4,54.7,55.3,0.1,1802,5871,55.2
2016-07-20,2621270,143957750,55.1,54.6,55.0,-0.3,1503,5871,55.0
2016-07-21,2719551,149996344,55.3,55.0,55.1,0.1,1653,5871,55.0
2016-07-22,3062726,168018530,55.2,54.6,55.0,-0.1,1510,5871,55.1
2016-07-25,3661784,198469460,55.0,53.8,54.1,-0.9,1849,5871,54.6
2016-07-26,8125479,451987545,56.3,54.4,56.3,2.2,4038,5871,54.5
2016-07-27,5338089,303417473,57.0,56.6,57.0,0.7,2808,5871,56.8
2016-07-28,4214453,238831428,57.2,56.5,56.6,-0.4,2046,5871,57.2
2016-07-29,4030522,228529178,56.9,56.5,56.6,0.0,2117,5871,56.7
2016-08-01,8305316,473408013,57.4,56.5,57.4,0.8,3577,5871,56.5
2016-08-02,7774264,418463118,54.7,53.0,53.5,0.0,3501,5871,54.4
2016-08-03,5356506,281116557,53.0,52.1,52.2,-1.3,2675,5871,53.0
2016-08-04,2003114,105083985,52.7,52.2,52.6,0.4,1188,5871,52.5
2016-08-05,2643485,140644645,53.5,52.6,53.4,0.8,1629,5871,52.7
2016-08-08,2085413,111417024,53.7,53.1,53.6,0.2,852,5871,53.6
2016-08-09,4627804,243073223,53.6,52.0,52.8,-0.8,2290,5871,53.6
2016-08-10,2537027,134422826,53.3,52.5,53.3,0.5,1402,5871,52.9
2016-08-11,2744923,146085676,53.7,52.6,53.4,0.1,1383,5871,53.4
2016-08-12,3055177,164707325,54.3,53.4,53.9,0.5,1743,5871,53.5
2016-08-15,2263265,122413911,54.4,53.6,54.4,0.5,1366,5871,54.1
2016-08-16,2253949,122638000,54.7,54.0,54.6,0.2,1423,5871,54.7
2016-08-17,1836944,99876641,54.6,54.2,54.5,-0.1,1243,5871,54.6
2016-08-18,2451079,134405211,55.1,54.3,55.0,0.5,1445,5871,54.5
2016-08-19,2697636,146258159,55.0,53.8,54.2,-0.8,1384,5871,55.0
2016-08-22,2038588,108751089,53.9,53.1,53.4,-0.8,1093,5871,53.8
2016-08-23,996303,53439659,53.9,53.2,53.7,0.3,677,5871,53.4
2016-08-24,830945,44731934,54.1,53.6,53.8,0.1,589,5871,53.7
2016-08-25,1597637,86236521,54.2,53.5,54.2,0.4,882,5871,53.6
2016-08-26,2923738,160027051,55.0,54.4,54.7,0.5,1495,5871,54.5
2016-08-29,1591729,86596922,54.9,53.9,54.5,-0.2,993,5871,54.8
2016-08-30,1960496,107358780,55.0,54.5,55.0,0.5,1163,5871,54.5
2016-08-31,2337637,128040961,55.1,54.3,54.8,-0.2,1161,5871,54.9
2016-09-01,2809089,152096820,54.6,53.8,54.1,-0.7,1691,5871,54.6
2016-09-02,2000083,107776282,54.4,53.5,54.0,-0.1,1196,5871,54.1
2016-09-05,1684502,91651986,54.6,54.0,54.6,0.6,1027,5871,54.0
2016-09-06,2700143,147888339,54.9,54.4,54.8,0.2,1476,5871,54.5
2016-09-07,5632790,311805350,55.8,54.7,55.2,0.4,2794,5871,54.8
2016-09-08,2375002,131804301,55.7,55.1,55.5,0.3,1501,5871,55.5
2016-09-09,1149117,63361538,55.4,55.0,55.1,-0.4,813,5871,55.4
2016-09-10,1305693,70800370,54.5,54.0,54.5,-0.6,711,5871,54.0
2016-09-12,1889846,102615714,54.7,54.1,54.3,-0.2,1003,5871,54.6
2016-09-13,3267584,177594596,54.8,53.8,54.8,0.5,1808,5871,54.3
2016-09-14,3992944,218018446,55.1,54.3,54.4,-0.4,1719,5871,54.7
2016-09-19,3301974,182663154,55.7,54.9,55.5,1.1,1978,5871,55.0
2016-09-20,2513336,139930834,55.8,55.1,55.8,0.3,1359,5871,55.5
2016-09-21,2031392,113253657,55.9,55.4,55.9,0.1,1298,5871,55.8
2016-09-22,2166796,121091906,56.0,55.6,56.0,0.1,1112,5871,56.0
2016-09-23,3188816,179563506,56.6,55.9,56.6,0.6,1840,5871,56.0
2016-09-26,2695056,153008252,57.0,56.4,56.8,0.2,1549,5871,56.8
2016-09-29,2635400,149125303,57.0,56.3,56.3,-0.5,1679,5871,57.0
2016-09-30,2054485,114595856,56.3,55.6,55.6,-0.7,1095,5871,56.1
2016-10-03,1093908,60772194,56.0,55.3,55.3,-0.3,690,5871,55.5
2016-10-04,1047049,58364316,56.0,55.4,55.8,0.5,664,5871,55.4
2016-10-05,779516,43387485,55.9,55.4,55.8,0.0,448,5871,55.4
2016-10-06,1397898,77629435,55.8,55.4,55.5,-0.3,823,5871,55.8
2016-10-07,1452931,80429777,55.7,55.2,55.3,-0.2,980,5871,55.7
2016-10-11,2177763,119407665,55.5,54.2,54.8,-0.5,1252,5871,55.5
2016-10-12,1506914,82254766,54.8,54.3,54.8,0.0,896,5871,54.7
2016-10-13,2301435,124928100,54.8,54.0,54.3,-0.5,1330,5871,54.5
2016-10-14,3204946,171886282,54.1,53.3,53.7,-0.6,1411,5871,54.0
2016-10-17,1452736,77943944,54.2,53.1,54.0,0.3,919,5871,53.5
2016-10-18,1452970,79009049,54.7,53.5,54.7,0.7,934,5871,53.7
2016-10-19,1377785,75466682,55.0,54.5,54.9,0.2,986,5871,54.7
2016-10-20,1061145,57817900,54.9,54.3,54.5,-0.4,648,5871,54.9
2016-10-21,1009703,55076410,54.8,54.4,54.5,0.0,632,5871,54.5
2016-10-24,905634,49478835,54.8,54.3,54.8,0.3,690,5871,54.8
2016-10-25,857450,46912601,55.0,54.5,54.8,0.0,535,5871,54.9
2016-10-26,2642895,146740976,55.8,55.0,55.5,0.7,1612,5871,55.0
2016-10-27,1741173,96714295,56.0,55.2,55.4,-0.1,1109,5871,55.8
2016-10-28,1805151,99749144,55.5,55.1,55.2,-0.2,827,5871,55.4
2016-10-31,1616394,88363088,54.9,54.5,54.6,-0.6,820,5871,54.9
2016-11-01,1100032,59963244,54.8,54.3,54.7,0.1,746,5871,54.5
2016-11-02,1693139,91597122,54.4,53.9,54.1,-0.6,1023,5871,54.3
2016-11-03,1559142,83955974,54.1,53.5,54.1,0.0,842,5871,54.0
2016-11-04,1720839,92534906,54.3,53.5,54.0,-0.1,797,5871,54.1
2016-11-07,871468,47046214,54.2,53.9,53.9,-0.1,540,5871,54.0
2016-11-08,1200869,64828126,54.2,53.7,54.0,0.1,729,5871,54.2
2016-11-09,4895544,260527899,54.6,52.4,53.5,-0.5,2332,5871,54.5
2016-11-10,2586478,139663712,54.2,53.7,54.0,0.5,1453,5871,54.0
2016-11-11,3023707,161318623,54.0,53.0,53.0,-1.0,2094,5871,53.8
2016-11-14,2436115,129907650,53.8,53.0,53.3,0.3,1574,5871,53.1
2016-11-15,2030605,108240941,53.8,53.0,53.0,-0.3,1250,5871,53.6
2016-11-16,1951705,103532565,53.5,52.7,52.9,-0.1,1217,5871,53.3
2016-11-17,1899469,100311357,53.0,52.7,52.9,0.0,935,5871,52.9
2016-11-18,2686101,142488654,53.4,52.8,53.0,0.1,1417,5871,53.3
2016-11-21,1734130,92359762,53.6,53.0,53.5,0.5,1091,5871,53.0
2016-11-22,2017964,108250151,53.8,53.4,53.8,0.3,1141,5871,53.6
2016-11-23,1792461,96308744,53.9,53.6,53.8,0.0,1213,5871,53.9
2016-11-24,2424371,130960101,54.3,53.6,54.2,0.4,1267,5871,53.8
2016-11-25,2626981,141707767,54.3,53.7,53.8,-0.4,1152,5871,54.0
2016-11-28,3416531,185183669,54.4,54.0,54.1,0.3,1806,5871,54.3
2016-11-29,2929138,157956552,54.2,53.8,53.8,-0.3,1682,5871,54.1
2016-11-30,4529550,245456910,54.4,53.9,54.4,0.6,1448,5871,54.0
2016-12-01,4373540,237156158,54.4,54.0,54.1,-0.3,1844,5871,54.3
2016-12-02,5649247,309877446,55.3,53.9,54.8,0.7,2575,5871,53.9
2016-12-05,3295952,180261578,55.2,54.4,54.4,-0.4,1583,5871,54.9
2016-12-06,2393561,130879021,55.0,54.5,54.8,0.4,1276,5871,54.5
2016-12-07,1930504,105824258,55.1,54.6,54.7,-0.1,984,5871,55.0
2016-12-08,3225485,177082675,55.1,54.7,55.0,0.3,1424,5871,54.9
2016-12-09,1819384,100057020,55.1,54.9,55.1,0.1,1239,5871,55.0
2016-12-12,3416593,188550624,55.5,54.8,55.3,0.2,1769,5871,55.4
2016-12-13,3008661,167077680,55.8,55.3,55.5,0.2,1632,5871,55.4
2016-12-14,3329369,184333231,55.6,55.2,55.4,-0.1,1447,5871,55.6
2016-12-15,3414836,188218780,55.5,54.8,54.8,-0.6,1576,5871,55.5
2016-12-16,2665769,146259905,55.1,54.7,54.9,0.1,1082,5871,54.8
2016-12-19,1244615,68616525,55.3,55.0,55.0,0.1,735,5871,55.1
2016-12-20,2021926,110596597,55.1,54.5,54.5,-0.5,1301,5871,55.1
2016-12-21,1576732,86032028,54.9,54.4,54.4,-0.1,850,5871,54.9
2016-12-22,1663413,90308705,54.6,54.1,54.4,0.0,875,5871,54.4
2016-12-23,1744434,94671749,54.4,54.0,54.4,0.0,1049,5871,54.3
2016-12-26,1041175,56638833,54.8,54.2,54.5,0.1,602,5871,54.7
2016-12-27,582619,31674429,54.5,54.2,54.5,0.0,336,5871,54.5
2016-12-28,1017034,55454052,54.7,54.3,54.7,0.2,546,5871,54.5
2016-12-29,1214813,66119508,54.7,54.2,54.4,-0.3,637,5871,54.7
2016-12-30,1835500,100816842,55.1,54.2,55.1,0.7,1040,5871,54.2
2017-01-03,887954,48902652,55.2,54.9,55.2,0.1,614,5871,55.1
2017-01-04,2120977,117434622,55.5,55.2,55.5,0.3,1178,5871,55.3
2017-01-05,2277428,126584624,55.7,55.4,55.7,0.2,1213,5871,55.6
2017-01-06,1704589,94828294,55.8,55.4,55.7,0.0,1059,5871,55.8
2017-01-09,2862868,157837381,55.7,54.7,55.7,0.0,1389,5871,55.7
2017-01-10,959174,52986331,55.4,55.0,55.4,-0.3,575,5871,55.3
2017-01-11,1662288,92262377,55.6,55.3,55.5,0.1,778,5871,55.6
2017-01-12,3112194,174114412,56.4,55.6,55.8,0.3,1664,5871,55.6
2017-01-13,2016329,112818682,56.1,55.8,55.9,0.1,1052,5871,56.0
2017-01-16,1057883,58892476,56.0,55.5,55.6,-0.3,641,5871,55.9
2017-01-17,1473083,81854015,55.8,55.1,55.7,0.1,804,5871,55.6
2017-01-18,1393666,77206855,55.6,55.2,55.6,-0.1,917,5871,55.3
2017-01-19,1679721,93025837,55.6,55.3,55.3,-0.3,1036,5871,55.5
2017-01-20,1528513,84592667,55.5,55.2,55.2,-0.1,939,5871,55.3
2017-01-23,1962499,108897190,55.8,55.2,55.4,0.2,1064,5871,55.7
2017-01-24,2855615,159810640,56.2,55.6,56.0,0.6,1519,5871,55.6
2017-02-02,4992291,280400673,56.6,55.6,56.0,0.0,2731,5871,56.4
2017-02-03,4495340,254755880,57.0,56.1,56.9,0.9,2234,5871,56.2
2017-02-06,10101756,588916770,58.9,57.1,58.6,1.7,4818,5871,57.1
2017-02-07,16473483,1000121151,62.2,59.3,61.8,3.2,7857,5871,59.3
2017-02-08,11109569,691084579,63.1,61.3,61.8,0.0,5003,5871,62.4
2017-02-09,5306812,329445444,62.5,61.6,62.2,0.4,2845,5871,61.9
2017-02-10,6034761,375916619,62.8,61.8,62.1,-0.1,2855,5871,62.5
2017-02-13,3454432,214646884,62.5,61.8,62.1,0.0,1750,5871,62.5
2017-02-14,6082796,376434766,62.4,61.0,61.4,-0.7,2613,5871,62.3
2017-02-15,4381036,271382532,62.3,61.6,62.3,0.9,1974,5871,61.9
2017-02-16,5062483,316095421,62.8,62.1,62.3,0.0,2039,5871,62.7
2017-02-17,3880931,241854179,62.5,61.9,62.5,0.2,2053,5871,62.2
2017-02-18,1882576,117755796,62.8,62.3,62.6,0.1,799,5871,62.5
2017-02-20,4468868,280011246,62.9,62.3,62.8,0.2,1582,5871,62.6
2017-02-21,7082323,450537332,64.0,62.8,63.9,1.1,3456,5871,63.0
2017-02-22,13028218,852049404,66.0,64.4,66.0,2.1,5726,5871,64.5
2017-02-23,8229111,545936463,67.1,65.5,65.7,-0.3,4682,5871,66.4
2017-02-24,3974210,260713698,66.1,65.1,65.9,0.2,2181,5871,65.7
2017-03-01,6382504,427766838,67.8,66.3,66.7,0.8,3362,5871,66.3
2017-03-02,5941681,400935946,68.1,67.0,67.7,1.0,3335,5871,67.4
2017-03-03,4910798,328549466,67.6,66.3,67.3,-0.4,3012,5871,67.6
2017-03-06,2373699,158314402,67.1,66.3,67.1,-0.2,1526,5871,67.0
2017-03-07,7079379,482484340,68.8,66.9,68.8,1.7,3496,5871,67.1
2017-03-08,19208247,1351652830,70.8,69.6,70.5,1.7,8884,5871,70.4
2017-03-09,8293183,579813503,70.5,69.4,69.7,-0.8,4366,5871,70.4
2017-03-10,6923159,481919618,70.6,68.9,69.9,0.2,3757,5871,70.4
2017-03-13,4679425,324660423,70.1,69.0,69.3,-0.6,2930,5871,70.1
2017-03-14,11966839,844015400,71.0,69.5,71.0,1.7,5631,5871,69.6
2017-03-15,8891867,639827670,72.4,71.2,71.7,0.7,4162,5871,71.2
2017-03-16,7716141,558902552,73.0,72.0,72.4,0.7,4233,5871,72.5
2017-03-17,7232089,519689754,72.7,71.4,72.0,-0.4,3643,5871,72.7
2017-03-20,4568662,328880547,73.0,71.3,71.9,-0.1,2618,5871,72.0
2017-03-21,7829750,565392298,72.8,71.8,72.3,0.4,3878,5871,72.8
2017-03-22,7435061,526510631,71.5,70.2,70.9,-1.4,3378,5871,71.2
2017-03-23,7206247,506990515,71.2,69.3,69.9,-1.0,4074,5871,71.2
2017-03-24,3999772,280791371,70.6,69.9,70.5,0.6,2350,5871,70.0
2017-03-27,3987703,280006009,71.1,69.6,70.0,-0.5,2210,5871,71.0
2017-03-28,6067071,416235599,70.0,67.4,69.0,-1.0,3711,5871,69.9
2017-03-29,4894344,342569429,70.7,69.2,70.5,1.5,2919,5871,69.8
2017-03-30,5457285,385831426,71.0,70.2,70.9,0.4,2972,5871,70.7
2017-03-31,5178138,367175042,71.0,70.5,70.9,0.0,2272,5871,70.9
2017-04-05,7354916,529413050,72.8,71.2,72.1,1.2,4171,5871,71.7
2017-04-06,7755312,556500664,72.5,71.1,72.4,0.3,3707,5871,72.1
2017-04-07,6074224,431125956,72.0,69.5,70.9,-1.5,3155,5871,72.0
2017-04-10,2648375,185703150,71.0,69.8,70.0,-0.9,1659,5871,70.9
2017-04-11,4300725,302836209,71.0,69.6,70.4,0.4,2411,5871,69.6
2017-04-12,3051482,214040071,70.5,69.9,70.5,0.1,2017,5871,70.3
2017-04-13,4796265,338270264,70.7,70.4,70.6,0.1,1482,5871,70.5
2017-04-14,4865108,340678690,70.3,69.8,70.0,-0.6,1846,5871,70.1
2017-04-17,4061906,282602938,70.0,69.1,69.7,-0.3,2219,5871,70.0
2017-04-18,8778329,622283304,71.4,69.8,71.4,1.7,3234,5871,70.0
2017-04-19,7305737,521214427,72.0,71.0,71.0,-0.4,3389,5871,71.0
2017-04-20,3021854,213598710,71.2,70.5,70.5,-0.5,1719,5871,71.0
2017-04-21,2741743,193038550,71.1,69.8,70.5,0.0,1563,5871,71.1
2017-04-24,1179395,83122541,71.2,70.0,70.7,0.2,856,5871,71.0
2017-04-25,6507138,468996718,72.5,70.7,72.5,1.8,3900,5871,71.0
2017-04-26,20035812,1513416325,76.6,74.1,76.0,3.5,9559,5871,74.4
2017-04-27,10453809,803715793,77.4,75.7,77.2,1.2,5875,5871,77.2
2017-04-28,5789074,448846135,78.4,76.7,76.9,-0.3,3732,5871,77.2
2017-05-02,5125611,395274384,77.7,76.2,77.7,0.8,2806,5871,76.9
2017-05-03,7664596,607188407,80.4,77.9,79.7,2.0,4424,5871,78.0
2017-05-04,4118005,324232550,79.7,78.2,78.6,-1.1,2772,5871,79.7
2017-05-05,5467486,422277645,78.5,76.6,76.8,-1.8,3455,5871,78.5
2017-05-08,3638057,281913691,78.1,77.0,77.6,0.8,1993,5871,77.4
2017-05-09,4405711,341796347,78.0,77.2,77.5,-0.1,2375,5871,77.8
2017-05-10,4956375,383281369,78.0,76.5,77.5,0.0,3032,5871,78.0
2017-05-11,4016837,308875023,77.9,76.4,76.5,-1.0,2050,5871,77.9
2017-05-12,7200047,564406373,79.3,76.4,79.0,2.5,3715,5871,76.4
2017-05-15,4333916,338921748,78.7,77.6,78.0,-1.0,2431,5871,78.7
2017-05-16,16371996,1314262388,81.1,79.2,81.1,3.1,7916,5871,79.2
2017-05-17,6833122,546179660,80.8,79.4,79.5,-1.6,3693,5871,80.8
2017-05-18,7033823,549530694,79.0,77.5,78.0,-1.5,3981,5871,77.6
2017-05-19,6937216,541330451,78.7,77.6,78.2,0.2,3618,5871,78.5
2017-05-22,9879363,784642234,80.5,78.5,79.5,1.3,5069,5871,78.7
2017-05-23,14800678,1193412804,81.5,79.1,79.5,0.0,6947,5871,80.3
2017-05-24,11901027,960728745,81.4,79.8,81.0,1.5,4888,5871,80.4
2017-05-25,8758640,707039035,81.6,80.1,80.7,-0.3,3634,5871,81.5
2017-05-26,6829846,546349349,81.0,79.3,79.4,-1.3,3478,5871,81.0
2017-05-31,8643514,697656547,81.2,79.8,81.2,1.8,3827,5871,79.9
2017-06-01,5359906,431127542,81.0,79.7,80.5,-0.7,3042,5871,80.9
2017-06-02,3191931,256693240,80.8,80.0,80.7,0.2,1922,5871,80.8
2017-06-03,2222252,177811360,80.7,79.8,80.0,-0.7,1065,5871,80.7
2017-06-05,5164358,409277282,80.0,78.7,78.9,-1.1,3048,5871,79.8
2017-06-06,6831046,533317441,79.5,77.1,77.7,-1.2,3699,5871,79.0
2017-06-07,7827490,614690961,79.4,78.1,79.0,1.3,3060,5871,78.2
2017-06-08,4294142,339503188,79.7,78.7,78.9,-0.1,2494,5871,79.4
2017-06-09,4816372,376658664,79.3,77.8,77.8,-1.1,2811,5871,79.0
2017-06-12,2680106,209336868,78.7,77.8,78.1,0.3,1678,5871,78.0
2017-06-13,4321726,343078019,79.9,78.2,79.9,1.8,3017,5871,78.5
2017-06-14,4344670,343806056,80.1,78.2,79.4,-0.5,2616,5871,80.0
2017-06-15,5298835,420560574,79.8,78.9,79.7,0.3,3284,5871,79.8
2017-06-16,6332588,503932693,80.0,79.0,79.9,0.2,2985,5871,79.8
2017-06-19,3980122,318001299,80.3,79.5,80.3,0.4,1907,5871,79.9
2017-06-20,7663051,620672327,81.4,80.1,81.3,1.0,3782,5871,80.5
2017-06-21,15472099,1291955716,85.0,81.6,84.4,3.1,8171,5871,81.9
2017-06-22,4357095,366074330,85.0,83.5,84.0,-0.4,2841,5871,84.9
2017-06-23,5017685,424879243,85.5,84.0,84.6,0.6,2793,5871,84.5
2017-06-26,4207847,355688701,85.0,83.4,85.0,0.4,2625,5871,84.6
2017-06-27,8029664,697249992,87.8,85.4,87.0,2.0,4590,5871,86.0
2017-06-28,3490531,302237353,87.6,86.1,87.0,0.0,2375,5871,86.5
2017-06-29,3429833,297461241,87.8,85.7,85.9,-1.1,2277,5871,87.6
2017-06-30,4136440,351141082,85.6,84.5,84.8,-1.1,2230,5871,85.1
2017-07-03,3045242,259576642,86.2,84.3,86.2,1.4,1829,5871,84.3
2017-07-04,4871309,422031311,88.1,85.2,85.2,-1.0,2985,5871,86.2
2017-07-05,3266931,278002513,85.7,84.6,85.5,0.3,1858,5871,85.0
2017-07-06,3014201,256543385,85.7,84.9,85.3,-0.2,1610,5871,85.2
2017-07-07,3073116,261502660,85.6,84.9,85.0,-0.3,1632,5871,85.1
2017-07-10,3109839,265733829,86.5,84.9,84.9,-0.1,1787,5871,85.3
2017-07-11,4927110,418334166,85.7,84.4,84.6,-0.3,2208,5871,85.7
2017-07-12,4500549,382529894,85.4,84.6,85.4,0.8,2085,5871,84.6
2017-07-13,3576833,304061569,85.6,84.7,85.2,-0.2,1644,5871,85.4
2017-07-14,2969191,251957335,85.0,84.7,85.0,-0.2,1676,5871,85.0
2017-07-17,5603901,484461923,86.9,85.2,86.8,1.8,3549,5871,85.3
2017-07-18,3090311,267924161,87.0,86.3,87.0,0.2,2153,5871,87.0
2017-07-19,4069484,353219224,87.6,86.0,86.0,-1.0,2687,5871,87.6
2017-07-20,5282871,450931632,86.9,84.5,85.6,-0.4,3037,5871,86.9
2017-07-21,2342315,200217242,86.0,85.0,86.0,0.4,1371,5871,85.4
2017-07-24,1921085,164778887,86.2,85.4,85.9,-0.1,1231,5871,85.6
2017-07-25,2362826,202587563,86.0,85.5,85.8,-0.1,1407,5871,85.9
2017-07-26,14611054,1297597061,90.0,86.5,89.8,4.0,7054,5871,86.5
2017-07-27,8740911,756769368,87.7,85.7,86.7,0.0,4772,5871,86.5
2017-07-28,2710275,233582486,86.7,85.8,86.2,-0.5,1868,5871,86.7
2017-07-31,3780794,327640476,87.5,85.9,86.8,0.6,2053,5871,86.2
2017-08-01,3503579,304361273,87.5,86.0,87.0,0.2,2186,5871,87.5
2017-08-02,1930628,168271476,87.4,86.7,87.4,0.4,1217,5871,87.0
2017-08-03,2204629,191728223,87.3,86.6,87.2,-0.2,1392,5871,86.8
2017-08-04,2171966,188703634,87.2,86.6,86.7,-0.5,1275,5871,86.9
2017-08-07,5387771,472776040,88.8,86.2,88.8,2.1,3199,5871,86.2
2017-08-08,4691571,415304171,89.4,87.5,88.2,-0.6,3012,5871,89.4
2017-08-09,4240194,369882967,88.4,86.5,87.1,-1.1,2768,5871,88.4
2017-08-10,12189371,1026556590,86.3,83.1,83.1,-4.0,5626,5871,86.3
2017-08-11,9230378,761550875,84.3,81.6,82.8,-0.3,4607,5871,81.6
2017-08-14,6922599,571161210,83.7,81.4,83.0,0.2,3544,5871,82.1
2017-08-15,4251908,358692940,84.9,83.8,84.1,1.1,2820,5871,83.8
2017-08-16,2972123,249798032,84.5,83.1,84.2,0.1,1693,5871,84.5
2017-08-17,4895749,410847178,84.6,83.2,83.2,-1.0,3071,5871,84.4
2017-08-18,4909872,401728821,82.8,81.6,81.6,-1.6,2632,5871,81.9
2017-08-21,2847285,232214473,82.0,80.8,81.6,0.0,1674,5871,81.7
2017-08-22,3797012,316308680,84.0,82.0,83.2,1.6,2532,5871,82.1
2017-08-23,3553743,292964984,83.9,81.8,81.9,-1.3,2350,5871,83.4
2017-08-24,3576328,294237451,82.9,81.8,82.5,0.6,2402,5871,82.3
2017-08-25,5616315,471405459,84.6,83.4,83.4,0.9,3373,5871,83.8
2017-08-28,2310948,193066336,84.2,82.9,83.6,0.2,1543,5871,84.0
2017-08-29,3469881,286083879,83.1,82.1,82.2,-1.4,2312,5871,82.9
2017-08-30,2672547,219885302,82.8,82.0,82.3,0.1,1704,5871,82.5
2017-08-31,2311264,189885379,82.7,81.8,82.2,-0.1,1504,5871,82.5
2017-09-01,3175472,259577140,82.2,81.6,81.6,-0.6,1979,5871,82.2
2017-09-04,2693432,220122527,82.4,81.5,81.8,0.2,1409,5871,81.7
2017-09-05,3954568,324507223,82.5,81.8,82.5,0.7,1938,5871,82.4
2017-09-06,6573081,537452124,82.5,81.5,81.6,-0.9,2620,5871,82.5
2017-09-07,8376977,672764259,81.9,78.8,78.9,-2.7,4323,5871,81.8
2017-09-08,6275390,505259004,81.2,79.0,80.8,1.9,3426,5871,79.0
2017-09-11,4133584,331906077,81.4,79.8,80.0,-0.8,2597,5871,81.3
2017-09-12,3599027,285987821,80.5,79.0,79.1,-0.9,2377,5871,80.5
2017-09-13,3681196,290580129,79.4,78.4,79.3,0.2,2076,5871,79.4
2017-09-14,4471129,351239991,78.9,78.1,78.9,-0.4,2488,5871,78.8
2017-09-15,6690114,523047941,78.8,77.7,78.7,-0.2,3420,5871,78.7
2017-09-18,4913418,381964948,78.9,77.2,77.6,-1.1,2860,5871,78.8
2017-09-19,6490866,498018679,78.1,76.0,76.8,-0.8,3701,5871,78.1
2017-09-20,5926553,462334741,78.5,77.3,78.4,1.6,3490,5871,77.3
2017-09-21,4077019,318680601,78.7,77.7,78.7,0.3,2145,5871,78.5
2017-09-22,4799277,371530105,78.4,76.9,77.6,-1.1,2561,5871,78.4
2017-09-25,9185611,687139466,77.4,73.7,74.5,-3.1,5414,5871,77.1
2017-09-26,7865714,592167987,76.3,73.8,75.0,0.5,3709,5871,74.0
2017-09-27,8245243,617361300,76.3,73.8,73.8,-1.2,2661,5871,75.5
2017-09-28,6883589,515067831,76.2,74.0,74.0,0.2,3652,5871,74.1
2017-09-29,6311972,463860228,74.6,73.1,73.1,-0.9,3147,5871,74.5
2017-09-30,1297393,96142127,74.8,73.6,74.8,1.7,700,5871,73.6
2017-10-02,5156968,390352551,76.2,74.7,76.1,1.3,3110,5871,74.8
2017-10-03,10106381,796388399,79.7,77.3,79.0,2.9,5320,5871,77.3
2017-10-05,6990236,551369444,79.6,78.6,78.8,-0.2,3354,5871,79.6
2017-10-06,4083495,320401000,78.8,78.1,78.7,-0.1,1978,5871,78.8
2017-10-11,9939670,786501547,80.2,78.5,78.5,-0.2,3953,5871,79.0
2017-10-12,4529092,358790027,79.9,78.5,79.9,1.4,2008,5871,79.2
2017-10-13,20622023,1582225879,77.6,76.0,76.8,-3.1,8631,5871,77.0
2017-10-16,15217273,1188070785,78.7,77.1,78.3,1.5,6662,5871,77.3
2017-10-17,8318782,651256964,78.9,77.8,78.0,-0.3,4892,5871,77.8
2017-10-18,8085396,632443618,78.9,77.1,78.6,0.6,4353,5871,78.0
2017-10-19,6499405,513427724,79.4,78.0,79.2,0.6,3010,5871,78.1
2017-10-20,5761621,452916147,79.4,78.0,78.5,-0.7,2748,5871,79.0
2017-10-23,4141274,323512272,78.6,77.7,78.0,-0.5,1917,5871,78.6
2017-10-24,17875409,1424148797,81.3,78.0,80.8,2.8,7610,5871,78.1
2017-10-25,18905743,1494221597,80.1,78.6,78.8,-2.0,6177,5871,79.8
2017-10-26,12738468,1004686511,79.8,78.5,78.6,-0.2,3356,5871,78.5
2017-10-27,10166309,781052834,79.9,78.5,78.8,0.2,3461,5871,79.5
2017-10-30,7453145,579591342,79.6,77.7,78.0,-0.8,3282,5871,79.5
2017-10-31,5993123,466757070,78.4,77.2,77.8,-0.2,2875,5871,77.6
2017-11-01,11608271,903813538,80.0,78.0,79.9,2.1,4464,5871,78.5
2017-11-02,4196580,333370172,79.9,79.0,79.0,-0.9,2674,5871,79.8
2017-11-03,4156802,326566183,79.5,78.1,78.2,-0.8,2796,5871,79.3
2017-11-06,3970465,312772082,79.4,78.3,78.7,0.5,2234,5871,78.8
2017-11-07,7330187,583097610,80.0,78.6,79.8,1.1,2822,5871,78.9
2017-11-08,5379194,430683231,81.0,79.4,79.6,-0.2,2865,5871,80.0
2017-11-09,45189280,3892432160,87.5,81.1,87.5,7.9,17535,5871,81.1
2017-11-10,23480773,2034480593,88.7,84.0,86.0,-1.5,11146,5871,87.6
2017-11-13,11777232,1033226337,88.6,86.1,87.1,1.1,6217,5871,86.8
2017-11-14,9347538,804883459,88.0,85.1,85.1,-2.0,5266,5871,87.6
2017-11-15,7193014,612374590,85.9,84.4,85.0,-0.1,4052,5871,85.4
2017-11-16,6416610,537916648,84.4,83.2,84.0,-1.0,3350,5871,84.3
2017-11-17,8123406,685319429,85.5,83.6,83.6,-0.4,3231,5871,84.4
2017-11-20,5835985,496216814,85.6,84.0,85.6,2.0,3482,5871,84.3
2017-11-21,8027091,695141882,87.8,84.7,87.0,1.4,4844,5871,85.3
2017-11-22,9216195,810917290,89.4,86.2,86.2,-0.8,4957,5871,88.5
2017-11-23,4998346,438984447,88.5,87.0,88.4,2.2,2976,5871,87.9
2017-11-24,3141947,275301557,88.7,87.1,87.3,-1.1,1711,5871,88.4
2017-11-27,3017103,264674278,88.6,87.3,87.3,0.0,1843,5871,87.7
2017-11-28,3104316,268830590,87.4,86.3,86.6,-0.7,2415,5871,87.1
2017-11-29,3538545,307779564,87.9,86.1,86.2,-0.4,2213,5871,86.7
2017-11-30,7970143,689811372,87.0,85.5,87.0,0.8,2689,5871,85.9
2017-12-01,3871331,334512423,87.4,85.1,86.5,-0.5,2510,5871,87.0
2017-12-04,3956383,339334257,86.7,85.0,86.7,0.2,2543,5871,86.5
2017-12-05,4473772,385474588,86.7,85.8,86.1,-0.6,2092,5871,86.0
2017-12-06,7909305,667784967,85.8,83.2,83.8,-2.3,4062,5871,85.2
2017-12-07,3987371,333561283,84.7,82.6,83.8,0.0,2231,5871,83.4
2017-12-08,5202607,429404580,83.9,81.7,82.6,-1.2,3122,5871,83.1
2017-12-11,9758524,845808205,88.0,85.3,86.9,4.3,4971,5871,85.3
2017-12-12,2603224,224184194,86.8,85.6,86.2,-0.7,1796,5871,86.6
2017-12-13,2380897,204472911,86.3,85.3,86.2,0.0,1620,5871,85.3
2017-12-14,3535478,303869698,86.9,85.4,85.6,-0.6,2020,5871,86.2
2017-12-15,5286182,447467770,86.0,84.2,84.2,-1.4,2062,5871,86.0
2017-12-18,4252950,358277569,84.7,83.3,84.2,0.0,2004,5871,84.7
2017-12-19,6044530,502960189,84.7,82.7,82.9,-1.3,3262,5871,84.2
2017-12-20,2839551,236446248,83.8,82.6,83.6,0.7,1989,5871,83.0
2017-12-21,4516087,384264507,86.0,84.0,85.5,1.9,2990,5871,84.0
2017-12-22,2073815,176091275,85.7,84.5,85.0,-0.5,1297,5871,85.5
2017-12-25,1588290,135549965,86.0,85.0,85.0,0.0,1079,5871,85.9
2017-12-26,2174879,182798936,85.1,83.6,83.7,-1.3,1442,5871,85.0
2017-12-27,6845216,581904824,86.5,84.0,86.1,2.4,2691,5871,84.0
2017-12-28,4461796,384709809,87.0,85.7,86.2,0.1,2158,5871,86.5
2017-12-29,2173797,187823836,86.7,86.1,86.6,0.4,1159,5871,86.2
2018-01-02,3269220,285876150,88.4,86.2,87.6,1.0,2098,5871,86.6
2018-01-03,2853724,250017953,88.0,87.2,87.9,0.3,2058,5871,87.7
2018-01-04,9715575,871215982,90.4,89.0,90.0,2.1,5312,5871,89.3
2018-01-05,13247532,1220455515,93.9,90.2,93.6,3.6,7526,5871,90.4
2018-01-08,7335043,684109799,94.3,91.8,93.5,-0.1,4086,5871,94.0
2018-01-09,5452999,512575086,94.8,93.0,94.2,0.7,3352,5871,93.5
2018-01-10,3284358,306719227,94.5,92.7,92.8,-1.4,2018,5871,94.0
2018-01-11,8414067,800240941,96.2,93.3,95.5,2.7,4843,5871,94.0
2018-01-12,5124239,487690152,95.8,94.2,95.0,-0.5,3381,5871,94.4
2018-01-15,3379427,323802491,96.9,94.7,95.6,0.6,2085,5871,96.3
2018-01-16,4275907,403000648,95.4,93.6,93.8,-1.8,3156,5871,94.6
2018-01-17,7416621,709086109,96.7,93.8,96.7,2.9,4589,5871,93.8
2018-01-18,6400635,619631566,97.8,96.0,96.8,0.1,3638,5871,97.8
2018-01-19,3166896,302134461,96.4,94.8,95.6,-1.2,2392,5871,96.2
2018-01-22,3010716,285561420,95.9,94.4,95.1,-0.5,2042,5871,95.9
2018-01-23,3636005,347260061,96.1,94.8,95.4,0.3,2623,5871,95.7
2018-01-24,10031431,972632299,97.6,96.0,97.2,1.8,4544,5871,96.5
2018-01-25,15158951,1501796450,100.5,97.3,100.5,3.3,7655,5871,97.5
2018-01-26,7676984,770434479,102.5,99.0,99.2,-1.3,3741,5871,102.5
2018-01-29,7388178,735254345,102.0,97.3,97.6,-1.6,3786,5871,99.2
2018-01-30,4441323,435042271,99.2,96.6,97.8,0.2,3057,5871,97.5
2018-01-31,4033023,392282742,98.3,96.1,98.1,0.3,2360,5871,97.0
2018-02-01,3442449,338890120,98.9,97.6,98.4,0.3,2591,5871,98.3
2018-02-02,5305223,513409292,97.8,96.2,96.2,-2.2,3082,5871,97.1
2018-02-05,4575204,427828276,94.2,92.6,93.7,-2.5,2776,5871,93.2
2018-02-06,10635122,960377110,92.6,88.0,90.2,-3.5,6323,5871,90.3
2018-02-07,6893169,631203733,92.8,90.6,90.6,0.4,4080,5871,92.0
2018-02-08,4592494,424838042,93.5,90.8,93.0,2.4,3048,5871,92.0
2018-02-09,6627320,597202463,91.0,88.8,90.1,-2.9,3714,5871,88.9
2018-02-12,3532891,320699126,91.4,90.3,90.3,0.2,2141,5871,90.9
2018-02-21,6583515,619307150,95.5,92.0,94.8,4.5,3963,5871,93.5
2018-02-22,8435362,817319410,98.0,95.1,97.7,2.9,4749,5871,95.8
2018-02-23,4122022,400909334,98.1,96.7,96.8,-0.9,2947,5871,98.0
2018-02-26,3993014,388829342,98.4,95.8,97.2,0.4,2586,5871,95.8
2018-02-27,4689097,460425806,98.9,97.8,98.2,1.0,2368,5871,98.2
2018-03-01,7089628,698198696,99.6,97.3,99.2,1.0,3559,5871,98.2
2018-03-02,5376184,521553176,98.3,96.4,96.6,-2.6,3452,5871,97.9
2018-03-05,5613273,548436749,98.7,96.5,97.3,0.7,3392,5871,97.7
2018-03-06,3008559,291886823,98.4,96.4,96.4,-0.9,2072,5871,98.1
2018-03-07,3332289,320487568,97.4,95.4,95.7,-0.7,2164,5871,96.4
2018-03-08,1811696,173513026,96.4,95.5,95.9,0.2,1496,5871,96.0
2018-03-09,3966345,385277792,98.0,96.2,97.1,1.2,2774,5871,96.4
2018-03-12,18181201,1868247469,106.0,99.4,105.5,8.4,9629,5871,99.4
2018-03-13,9796121,1007935963,104.0,101.5,103.5,-2.0,4824,5871,104.0
2018-03-14,8475810,862671452,104.0,100.0,101.5,-2.0,3941,5871,102.5
2018-03-15,5676817,581794230,103.5,101.5,102.5,1.0,2669,5871,102.0
2018-03-16,17514885,1854703310,107.0,104.0,107.0,4.5,6376,5871,104.0
2018-03-19,12449250,1359051111,111.0,107.0,107.0,0.0,6026,5871,108.0
2018-03-20,6712438,706210197,107.5,104.5,105.0,-2.0,3391,5871,107.0
2018-03-21,4963783,529486781,108.5,105.0,107.0,2.0,2796,5871,106.0
2018-03-22,15250423,1589599657,107.0,102.5,103.0,-4.0,7013,5871,105.5
2018-03-23,6287976,635705852,102.5,99.9,101.5,-1.5,3822,5871,100.5
2018-03-26,3257281,334801572,104.0,100.5,103.0,1.5,2001,5871,100.5
2018-03-27,3666610,380276927,106.0,102.0,103.0,0.0,2290,5871,105.5
2018-03-28,2525665,259024495,103.5,102.0,103.0,0.0,1538,5871,103.0
2018-03-29,4791914,482398814,103.0,100.0,100.0,-3.0,2965,5871,102.5
2018-03-30,3205054,327109062,103.5,100.5,103.0,3.0,2001,5871,101.5
2018-03-31,1665410,172430230,104.5,102.0,103.5,0.5,1082,5871,103.0
2018-04-02,1531854,158600382,105.0,103.0,103.0,-0.5,1079,5871,105.0
2018-04-03,4485969,450934338,102.0,100.0,100.5,-2.5,2479,5871,102.0
2018-04-09,6206596,618907588,102.0,99.0,99.9,-0.6,3896,5871,102.0
2018-04-10,5878386,602040432,104.0,99.8,103.5,3.6,3222,5871,100.0
2018-04-11,5061692,531639160,106.5,104.0,105.0,1.5,2830,5871,105.0
2018-04-12,4444747,472954182,107.5,105.5,106.5,1.5,2456,5871,106.0
2018-04-13,3701668,388431798,107.0,103.5,104.5,-2.0,1506,5871,106.5
2018-04-16,6132156,651075930,108.0,105.0,105.0,0.5,2562,5871,105.5
2018-04-17,5547277,568561864,105.5,101.0,102.0,-3.0,2839,5871,105.0
2018-04-18,2597050,264639100,104.0,100.5,102.0,0.0,1786,5871,103.0
2018-04-19,2614466,268245498,103.5,101.5,103.0,1.0,1482,5871,102.5
2018-04-20,3876363,403465923,105.5,102.0,104.5,1.5,2063,5871,103.0
2018-04-23,1694870,176267980,105.0,103.0,104.0,-0.5,1144,5871,104.0
2018-04-24,10591307,1121854573,108.5,104.0,104.5,0.5,4892,5871,107.5
2018-04-25,2911256,302115748,105.0,102.5,104.5,0.0,1612,5871,104.0
2018-04-26,2782279,291532016,105.5,104.0,104.5,0.0,1523,5871,105.5
2018-04-27,3118238,330526334,107.0,104.5,107.0,2.5,2067,5871,105.0
2018-04-30,11560729,1273228461,112.0,107.0,109.0,2.0,5787,5871,108.0
2018-05-02,3630059,394842892,110.0,107.5,108.5,-0.5,2086,5871,109.5
2018-05-03,5279854,561003024,108.0,105.0,105.5,-3.0,2897,5871,108.0
2018-05-04,3041169,320942914,107.0,104.5,106.0,0.5,1867,5871,105.5
2018-05-07,3658001,393013607,109.0,106.5,107.0,1.0,1952,5871,107.0
2018-05-08,3658306,392433383,108.0,106.0,108.0,1.0,2107,5871,107.0
2018-05-09,5011390,548765193,111.0,108.0,109.5,1.5,2758,5871,108.0
2018-05-10,10568285,1157740265,111.0,107.5,109.0,-0.5,3866,5871,110.0
2018-05-11,9886550,1097958391,112.0,109.5,112.0,3.0,3602,5871,110.0
2018-05-14,4482681,503089272,113.5,111.0,112.5,0.5,2561,5871,113.5
2018-05-15,5069914,559350510,111.5,109.5,110.0,-2.5,2691,5871,111.0
2018-05-16,2515663,276390930,111.0,109.0,110.0,0.0,1620,5871,110.0
2018-05-17,4871428,525872224,110.5,106.5,108.0,-2.0,2563,5871,110.5
2018-05-18,3590877,382877839,108.5,106.0,106.0,-2.0,1508,5871,108.0
2018-05-21,3817984,407383788,108.0,105.5,107.0,1.0,1922,5871,105.5
2018-05-22,3188409,341271959,108.0,106.5,107.5,0.5,1401,5871,107.0
2018-05-23,2929086,317919968,109.5,107.5,108.5,1.0,1682,5871,108.0
2018-05-24,4772781,523445848,112.0,108.0,108.0,-0.5,2650,5871,111.0
2018-05-25,2039140,222477260,110.0,108.0,109.0,1.0,1424,5871,108.5
2018-05-28,2086428,227325930,110.5,108.0,108.5,-0.5,1227,5871,109.5
2018-05-29,3370936,361822652,109.0,106.5,107.0,-1.5,1936,5871,109.0
2018-05-30,4831337,509612046,107.0,105.0,105.0,-2.0,2529,5871,106.5
2018-05-31,10652266,1137066962,107.5,105.0,107.0,2.0,2118,5871,106.0
2018-06-01,3080355,334082195,109.0,107.0,109.0,2.0,1760,5871,107.5
2018-06-04,3801665,413350485,110.0,107.5,109.0,0.0,2222,5871,110.0
2018-06-05,1785225,195239633,110.0,108.0,110.0,1.0,1022,5871,109.0
2018-06-06,3234667,355559370,110.5,109.0,110.0,0.0,1738,5871,110.0
2018-06-07,4655434,518164108,112.0,110.5,112.0,2.0,2513,5871,111.0
2018-06-08,3342351,371757780,112.5,110.5,111.0,-1.0,1842,5871,112.0
2018-06-11,4608595,519500140,114.0,111.5,112.5,1.5,2231,5871,113.0
2018-06-12,2804159,309868990,112.5,109.5,110.0,-2.5,1782,5871,112.5
2018-06-13,2109087,230808283,110.5,108.5,109.0,-1.0,1341,5871,110.0
2018-06-14,4777953,512228945,109.0,106.5,106.5,-2.5,2814,5871,108.0
2018-06-15,5257697,567238919,109.0,107.0,107.5,1.0,1931,5871,107.0
2018-06-19,10461059,1099788215,107.0,104.5,104.5,-3.0,4424,5871,106.5
2018-06-20,7727565,796585525,105.0,102.0,103.0,-1.5,4084,5871,104.5
2018-06-21,3686685,385896425,105.5,103.0,104.5,1.5,1894,5871,103.5
2018-06-22,2503304,261458528,105.0,103.0,105.0,0.5,1302,5871,103.5
2018-06-25,4240251,436165971,105.0,102.5,103.0,-2.0,2680,5871,104.5
2018-06-26,7600729,768329518,102.5,100.5,101.0,-2.0,3467,5871,101.5
2018-06-27,3363372,340475753,102.0,101.0,101.0,0.0,2494,5871,101.0
2018-06-28,7270189,721459090,100.5,98.5,99.0,-2.0,4102,5871,100.0
2018-06-29,5427397,540161997,100.5,98.3,100.0,1.0,2857,5871,98.9
2018-07-02,5318391,521037918,99.8,97.1,97.2,-2.8,2941,5871,99.5
2018-07-03,8057967,774913826,98.2,94.7,95.2,-2.0,4926,5871,97.2
2018-07-04,2059912,198380518,97.1,95.3,96.2,1.0,1354,5871,95.9
2018-07-05,3971540,379623514,96.9,94.8,95.1,-1.1,2589,5871,96.0
2018-07-06,4482272,423566856,95.8,93.7,94.8,-0.3,2110,5871,95.3
2018-07-09,3365702,325357896,97.9,94.5,97.6,2.8,2400,5871,95.3
2018-07-10,4866732,480650632,99.9,97.6,99.9,2.3,2859,5871,98.2
2018-07-11,4140158,404607206,99.2,97.2,98.1,-1.8,2445,5871,99.0
2018-07-12,3417679,337272888,99.6,97.2,99.1,1.0,2289,5871,98.0
2018-07-13,4032939,403161343,101.0,99.2,101.0,1.9,2147,5871,99.9
2018-07-16,2566383,255706200,101.5,99.1,99.4,-1.6,1392,5871,101.0
2018-07-17,3091119,308423319,100.5,99.2,100.0,0.6,1893,5871,99.9
2018-07-18,3087027,309316605,101.0,99.8,100.0,0.0,2118,5871,100.5
2018-07-19,2299402,229512794,100.5,99.0,100.0,0.0,1329,5871,100.0
2018-07-20,3073518,306587800,100.5,99.2,99.7,-0.3,1909,5871,100.0
2018-07-23,3272809,326439869,100.5,99.3,99.5,-0.2,1809,5871,99.8
2018-07-24,3772605,381852607,103.0,99.6,102.5,3.0,2002,5871,99.6
2018-07-25,2295124,237222896,104.0,102.0,104.0,1.5,1491,5871,102.5
2018-07-26,3303709,346840445,105.5,104.5,105.0,1.0,1993,5871,105.0
2018-07-27,2414321,251601205,105.5,103.5,104.5,-0.5,1357,5871,105.0
2018-07-30,6623979,698415250,107.0,104.0,107.0,2.5,2485,5871,104.5
2018-07-31,5553888,554715488,100.5,99.1,100.0,0.0,3322,5871,100.0
2018-08-01,2523560,252103160,100.5,99.6,100.5,0.5,1438,5871,100.0
2018-08-02,3408646,340340530,101.5,99.0,99.6,-0.9,1956,5871,100.5
2018-08-03,3567003,353521200,100.0,98.4,99.3,-0.3,2107,5871,100.0
2018-08-06,2164805,216035100,100.5,98.8,99.7,0.4,996,5871,99.3
2018-08-07,2401749,238439742,100.5,98.7,98.7,-1.0,1494,5871,99.8
2018-08-08,2172480,215304408,100.0,98.8,98.8,0.1,1394,5871,99.3
2018-08-09,10520898,1070996796,103.0,99.8,101.5,2.7,4435,5871,99.8
2018-08-10,3527335,362300005,103.5,102.0,102.5,1.0,2219,5871,102.5
2018-08-13,5158746,528991638,104.0,101.5,102.5,0.0,2402,5871,103.0
2018-08-14,3483622,360606810,104.5,102.5,104.0,1.5,2318,5871,103.5
2018-08-15,3494881,357383362,105.0,101.0,101.5,-2.5,2178,5871,104.5
2018-08-16,7634352,753672692,100.5,98.1,98.2,-3.3,4543,5871,100.5
2018-08-17,3988721,396703753,100.5,98.9,99.1,0.9,2649,5871,98.9
2018-08-20,3254432,319804805,99.7,97.7,98.5,-0.6,2210,5871,99.3
2018-08-21,4808786,476982878,101.0,97.7,100.5,2.0,3126,5871,98.0
2018-08-22,3159782,316254082,100.5,99.3,100.5,0.0,1670,5871,100.5
2018-08-23,3851614,390654878,102.0,100.0,102.0,1.5,1625,5871,100.5
2018-08-24,2014787,205874561,102.5,101.0,102.5,0.5,1632,5871,102.5
2018-08-27,4285964,443745876,104.0,103.0,104.0,1.5,2583,5871,103.5
2018-08-28,3707201,385449904,105.0,102.5,104.5,0.5,2134,5871,104.5
2018-08-29,3415690,352528260,104.5,102.5,103.0,-1.5,2063,5871,103.5
2018-08-30,2175250,224631000,104.0,102.5,104.0,1.0,1553,5871,103.5
2018-08-31,2774177,289345488,104.5,103.0,104.5,0.5,1326,5871,103.5
2018-09-03,3202023,334469647,105.0,103.5,104.0,-0.5,1336,5871,105.0
2018-09-04,1391725,144938758,104.5,103.5,104.5,0.5,892,5871,104.0
2018-09-05,1736361,180335044,104.5,103.0,103.5,-1.0,1016,5871,104.0
2018-09-06,1775622,183656066,104.0,102.5,103.5,0.0,1217,5871,102.5
2018-09-07,4468298,459348023,103.5,101.5,102.5,-1.0,2529,5871,103.5
2018-09-10,3180513,322305826,103.0,100.0,102.0,-0.5,2158,5871,103.0
2018-09-11,4199064,421215254,103.0,99.7,99.9,-2.1,2099,5871,102.5
2018-09-12,2526650,252971108,100.5,99.6,100.5,0.6,1664,5871,100.0
2018-09-13,2293707,230905407,101.0,100.0,101.0,0.5,1458,5871,101.0
2018-09-14,2943297,302366228,103.5,101.5,103.5,2.5,1925,5871,102.0
2018-09-17,2033690,210180260,104.0,102.5,104.0,0.5,1208,5871,103.5
2018-09-18,4616905,481826056,105.0,103.0,105.0,1.0,2683,5871,103.0
2018-09-19,4259888,449477740,107.0,104.0,105.5,0.5,2453,5871,105.5
2018-09-20,5067520,541941879,108.5,104.5,108.5,3.0,2881,5871,105.5
2018-09-21,13842459,1500332572,109.0,107.0,108.5,0.0,2962,5871,108.5
2018-09-25,2842958,308492926,109.0,107.0,109.0,0.5,1741,5871,107.5
2018-09-26,2088027,227702943,109.5,108.0,109.5,0.5,1300,5871,108.5
2018-09-27,3191364,347615987,110.0,108.0,109.0,-0.5,1740,5871,109.5
2018-09-28,4588813,492655991,109.5,106.0,107.0,-2.0,2132,5871,108.5
2018-10-01,2056571,220323097,108.0,106.0,107.0,0.0,1367,5871,106.5
2018-10-02,1641672,175458404,107.5,106.5,106.5,-0.5,1191,5871,107.0
2018-10-03,3746864,395250220,108.0,104.0,104.5,-2.0,1702,5871,107.0
2018-10-04,2500756,262096745,105.5,104.0,105.5,1.0,1573,5871,105.5
2018-10-05,3522507,363866728,105.5,101.5,103.5,-2.0,2121,5871,104.5
2018-10-08,2108958,216208680,104.0,102.0,102.0,-1.5,1453,5871,102.5
2018-10-09,6847082,686128215,102.0,99.5,99.9,-2.1,3122,5871,102.0
2018-10-11,12831289,1178994077,94.3,90.0,92.0,-7.9,7383,5871,94.0
2018-10-12,7911483,720787211,93.0,89.1,93.0,1.0,4750,5871,90.8
2018-10-15,4713195,428624740,92.0,90.1,91.4,-1.6,2926,5871,92.0
2018-10-16,3782853,343892576,91.5,90.2,91.5,0.1,2734,5871,91.0
2018-10-17,3962052,367726321,93.8,92.1,92.9,1.4,2799,5871,92.8
2018-10-18,5100493,474613166,94.6,91.9,92.4,-0.5,2859,5871,92.9
2018-10-19,5782670,519463070,90.9,89.0,90.8,-1.6,3442,5871,90.3
2018-10-22,5495949,492743179,90.5,88.6,90.3,-0.5,3562,5871,89.5
2018-10-23,9595545,830131770,89.6,84.8,85.3,-5.0,5830,5871,89.1
2018-10-24,8429450,704294558,84.9,82.1,84.3,-1.0,5475,5871,84.0
2018-10-25,5070885,418234240,83.7,81.3,83.7,-0.6,3029,5871,81.3
2018-10-26,7123394,605984607,87.5,83.5,85.0,1.3,4430,5871,87.5
2018-10-29,4609675,395289582,86.4,84.6,86.4,1.4,2535,5871,85.5
2018-10-30,4515769,394042109,88.0,85.8,88.0,1.6,3025,5871,86.7
2018-10-31,6606093,584863913,90.4,87.5,88.2,0.2,3523,5871,90.2
2018-11-01,6557768,589937477,91.0,87.6,91.0,2.8,4355,5871,87.6
2018-11-02,5583199,505431148,91.8,89.5,91.3,0.3,3116,5871,91.0
2018-11-05,5780680,524713984,91.6,89.8,91.5,0.2,2540,5871,90.4
2018-11-06,4288504,391522008,92.0,90.7,91.3,-0.2,2493,5871,91.9
2018-11-07,5389005,500041142,93.4,91.8,93.4,2.1,3566,5871,91.9
2018-11-08,2639347,246926837,94.3,92.9,93.5,0.1,1835,5871,93.9
2018-11-09,6022406,559817420,94.9,90.9,92.1,-1.4,3491,5871,94.0
2018-11-12,4760489,446562346,94.9,91.5,94.9,2.8,3396,5871,91.6
2018-11-13,4173259,392488840,94.8,92.2,94.8,-0.1,2676,5871,92.2
2018-11-14,3757793,360029548,96.7,94.4,96.7,1.9,2578,5871,94.5
2018-11-15,3995037,378950800,96.3,94.0,94.5,-2.2,2752,5871,96.3
2018-11-16,2633016,248082806,95.5,93.7,93.9,-0.6,1709,5871,95.5
2018-11-19,2210569,208700466,94.7,93.7,94.7,0.8,1578,5871,94.0
2018-11-20,1887665,177264331,94.4,93.5,93.5,-1.2,1287,5871,94.0
2018-11-21,4461517,417454898,94.5,92.5,94.5,1.0,3127,5871,93.9
2018-11-22,1886405,176528421,95.0,93.1,93.1,-1.4,1244,5871,95.0
2018-11-23,2899512,268309645,93.7,91.7,92.0,-1.1,1811,5871,93.5
2018-11-26,2208582,204491969,93.3,91.9,92.2,0.2,1302,5871,93.0
2018-11-27,2960613,274561911,93.5,91.6,93.5,1.3,1712,5871,92.2
2018-11-28,3207149,302515869,95.0,93.0,95.0,1.5,2029,5871,93.8
2018-11-29,3124978,299470410,96.5,95.2,95.2,0.2,1943,5871,96.4
2018-11-30,3602648,345941413,96.5,95.6,96.1,0.9,1446,5871,96.2
2018-12-03,5688335,565296300,101.0,97.7,100.5,4.4,3555,5871,97.8
2018-12-04,4311429,429286271,101.5,98.5,98.5,-2.0,2414,5871,101.5
2018-12-05,2782558,271578898,98.8,96.5,97.7,-0.8,1973,5871,97.3
2018-12-06,3138920,302645520,98.3,95.1,95.3,-2.4,2167,5871,97.9
2018-12-07,1867489,180964421,97.4,95.6,97.3,2.0,1025,5871,96.0
2018-12-10,2134583,206759417,97.7,96.0,97.1,-0.2,1498,5871,96.0
2018-12-11,3826646,367746184,97.6,95.5,95.7,-1.4,2283,5871,97.5
2018-12-12,2131278,205635983,97.1,95.8,97.1,1.4,1533,5871,95.8
2018-12-13,2414526,234426764,97.5,96.6,97.1,0.0,1551,5871,97.3
2018-12-14,3138110,305097563,97.9,96.2,97.9,0.8,2096,5871,96.6
2018-12-17,1513459,148413306,98.5,97.0,98.3,0.4,1029,5871,97.9
2018-12-18,3717243,364178954,98.4,97.3,98.0,-0.3,1785,5871,98.0
2018-12-19,2146104,209165214,98.0,97.0,97.4,-0.6,1527,5871,97.9
2018-12-20,1224147,118939589,97.8,96.6,97.3,-0.1,864,5871,97.5
2018-12-21,2725171,262998110,97.0,96.0,96.5,-0.8,1374,5871,96.4
2018-12-22,297590,28588440,96.5,95.8,95.8,-0.7,246,5871,96.5
2018-12-24,811002,77997483,96.6,95.5,96.2,0.4,589,5871,95.6
2018-12-25,1480072,140015808,95.3,94.0,94.5,-1.7,1125,5871,94.3
2018-12-26,1550066,147916720,96.2,95.0,95.0,0.5,861,5871,95.5
2018-12-27,2137263,205796453,96.9,95.4,96.9,1.9,1711,5871,96.0
2018-12-28,2458391,238258778,97.3,96.2,96.9,0.0,1541,5871,97.0
2019-01-02,3280633,322067034,99.1,97.4,98.1,1.2,2183,5871,98.3
2019-01-03,3148120,306685729,98.0,97.0,97.0,-1.1,2430,5871,97.5
2019-01-04,4663935,454627830,98.1,96.2,98.0,1.0,2973,5871,97.0
2019-01-07,7964179,786630767,99.7,97.3,99.7,1.7,2720,5871,99.4
2019-01-08,3565542,356854320,100.5,99.5,100.5,0.8,2012,5871,100.5
2019-01-09,6235730,644481920,105.0,101.0,105.0,4.5,3873,5871,101.5
2019-01-10,6170343,651211669,106.5,104.0,106.5,1.5,3011,5871,105.0
2019-01-11,3298157,347769985,107.0,103.5,105.5,-1.0,2112,5871,107.0
2019-01-14,2586231,273133986,106.5,104.5,106.5,1.0,1654,5871,105.0
2019-01-15,3416586,366805202,108.0,106.0,108.0,1.5,2153,5871,106.5
2019-01-16,2985806,320957242,108.5,106.5,107.5,-0.5,1934,5871,108.0
2019-01-17,2896219,313494152,109.0,107.0,109.0,1.5,2018,5871,107.5
2019-01-18,1712324,185628992,109.0,108.0,108.5,-0.5,1121,5871,109.0
2019-01-21,2404789,261244712,109.5,108.0,109.0,0.5,1271,5871,109.0
2019-01-22,4764487,524978070,111.0,109.0,111.0,2.0,2706,5871,109.5
2019-01-23,1631803,179134923,110.5,109.0,110.0,-1.0,1112,5871,110.0
2019-01-24,3171862,347677778,111.0,108.5,109.5,-0.5,1574,5871,110.0
2019-01-25,3496148,389193928,112.0,110.5,112.0,2.5,1986,5871,111.0
2019-01-28,1901144,212792044,113.0,111.0,112.0,0.0,1358,5871,113.0
2019-01-29,2440052,272564497,112.0,111.0,112.0,0.0,1067,5871,112.0
2019-01-30,3710098,417694265,113.0,111.5,113.0,1.0,1941,5871,112.0
2019-02-11,3692208,414359796,113.5,111.5,112.0,-1.0,2241,5871,112.0
2019-02-12,1656593,186433416,113.0,112.0,112.5,0.5,1219,5871,112.5
2019-02-13,1997124,225276437,114.0,112.0,113.0,0.5,1345,5871,114.0
2019-02-14,2537994,286515822,113.5,112.0,113.5,0.5,1448,5871,113.0
2019-02-15,2737034,306598774,113.5,111.0,111.0,-2.5,1668,5871,113.0
2019-02-18,6989265,808867005,118.0,112.0,118.0,7.0,3862,5871,112.5
2019-02-19,5100354,583111317,118.0,112.5,112.5,-5.5,3051,5871,118.0
2019-02-20,4908334,566712764,116.5,113.0,116.5,4.0,2429,5871,114.0
2019-02-21,2579696,299190736,117.0,114.5,116.5,0.0,1658,5871,115.0
2019-02-22,1804669,208961604,116.5,115.0,116.0,-0.5,1310,5871,116.0
2019-02-25,2354032,275269315,118.0,116.0,117.0,1.0,1385,5871,116.5
2019-02-26,4204067,498111973,120.0,116.5,119.5,2.5,2223,5871,117.5
2019-02-27,3881226,465959120,121.0,118.5,121.0,1.5,2086,5871,119.5
2019-03-04,3277774,393368880,121.0,118.5,120.5,-0.5,2120,5871,120.5
2019-03-05,1227742,146897540,120.0,119.0,120.0,-0.5,882,5871,119.0
2019-03-06,2372672,279914124,120.0,117.0,117.0,-3.0,1805,5871,120.0
2019-03-07,3069216,355138431,118.0,114.5,115.5,-1.5,1761,5871,117.5
2019-03-08,2350487,269117247,116.0,113.5,114.5,-1.0,1658,5871,115.0
2019-03-11,3866110,437334930,114.5,112.5,113.0,-1.5,2327,5871,113.0
2019-03-12,2451756,280674440,115.5,113.5,115.0,2.0,1635,5871,113.5
2019-03-13,1724862,196995435,115.0,113.5,114.5,-0.5,774,5871,114.0
2019-03-14,1296695,149159265,115.5,114.0,115.5,1.0,1062,5871,114.0
2019-03-15,2409735,280132760,117.0,115.5,116.5,1.0,968,5871,115.5
2019-03-18,3922654,468162980,120.5,117.0,120.5,4.0,2078,5871,118.0
2019-03-19,2848483,338336994,121.0,118.0,118.0,-2.5,1861,5871,121.0
2019-03-20,7775872,953093800,124.0,119.5,123.0,5.0,4058,5871,120.0
2019-03-21,2348017,287023763,123.0,121.5,122.5,-0.5,1286,5871,123.0
2019-03-22,1512131,185890839,124.0,122.5,123.0,0.5,881,5871,122.5
2019-03-25,3014384,364143964,122.0,120.0,121.5,-1.5,1689,5871,121.0
2019-03-26,2527098,310908590,124.0,121.5,123.5,2.0,1390,5871,122.0
2019-03-27,1374995,168431890,123.5,122.0,122.0,-1.5,912,5871,123.5
2019-03-28,1992730,244771810,124.0,120.5,123.0,1.0,1108,5871,120.5
2019-03-29,4588143,571907567,126.0,122.5,126.0,3.0,1935,5871,124.0
2019-04-01,3635106,458157684,127.5,124.5,125.5,-0.5,1951,5871,126.0
2019-04-02,3675577,470884123,129.0,126.0,129.0,3.5,2297,5871,126.0
2019-04-03,1783864,229758515,129.5,128.0,129.0,0.0,1023,5871,128.5
2019-04-08,6676294,883238102,134.0,130.0,134.0,5.0,2368,5871,130.0
2019-04-09,2509410,332878303,133.5,131.5,133.0,-1.0,1659,5871,133.0
2019-04-10,3204816,425468610,134.0,131.0,133.0,0.0,1613,5871,132.5
2019-04-11,2291350,302777200,133.0,131.0,132.0,-1.0,1579,5871,132.5
2019-04-12,2140204,285765919,135.0,131.5,135.0,3.0,1441,5871,133.0
2019-04-15,2449351,330696034,136.5,134.0,134.0,-1.0,1428,5871,135.0
2019-04-16,1947491,260346047,135.0,132.5,132.5,-1.5,1325,5871,133.0
2019-04-17,2348464,312598712,134.5,132.0,133.5,1.0,1361,5871,132.0
2019-04-18,2290853,300668799,134.5,130.0,130.5,-3.0,1403,5871,134.5
2019-04-19,1679394,220810796,133.0,130.0,132.0,1.5,818,5871,131.5
2019-04-22,475874,62777368,132.5,131.5,132.5,0.5,383,5871,131.5
2019-04-23,1459476,189831880,132.0,129.5,130.0,-2.5,992,5871,131.5
2019-04-24,3635264,470679820,132.0,127.5,130.0,0.0,2046,5871,131.5
2019-04-25,2497553,327919049,133.0,128.0,133.0,3.0,1389,5871,129.5
2019-04-26,2162516,286019112,133.0,131.0,133.0,0.0,1363,5871,133.0
2019-04-29,763484,100511388,133.0,131.0,132.0,-1.0,580,5871,133.0
2019-04-30,2255090,295371822,132.0,128.5,131.5,-0.5,1225,5871,131.0
2019-05-02,940029,123921828,132.5,131.0,132.0,0.5,621,5871,131.5
2019-05-03,1406452,186387616,133.5,131.0,133.0,1.0,736,5871,132.0
2019-05-06,1698226,220510106,131.0,129.0,129.5,-3.5,1186,5871,130.5
2019-05-07,1973765,259940480,133.0,129.5,132.5,3.0,1207,5871,130.0
2019-05-08,2786595,369038135,134.0,129.5,133.0,0.5,1731,5871,130.0
2019-05-09,3181491,415742230,132.0,129.5,129.5,-3.5,1946,5871,131.5
2019-05-10,9442728,1179911626,128.5,123.0,123.0,-6.5,5326,5871,128.0
2019-05-13,6292850,749839405,122.0,117.0,120.0,-3.0,4002,5871,122.0
2019-05-14,4707888,555618672,119.5,117.0,117.5,-2.5,3172,5871,117.5
2019-05-15,2506811,296480320,119.0,117.0,119.0,1.5,1842,5871,118.0
2019-05-16,3165817,372543272,120.5,116.0,116.0,-3.0,2127,5871,120.0
2019-05-17,4573821,525526415,117.0,114.0,114.5,-1.5,2845,5871,116.5
2019-05-20,1636909,188322444,116.0,114.0,115.0,0.5,1252,5871,115.0
2019-05-21,4234428,497895970,119.0,115.0,118.0,3.0,2638,5871,115.5
2019-05-22,1759351,205684418,118.0,116.0,116.5,-1.5,1146,5871,117.5
2019-05-23,3502759,398594656,116.0,112.5,114.5,-2.0,2317,5871,116.0
2019-05-24,2630891,305515794,117.5,115.5,115.5,1.0,1889,5871,116.0
2019-05-27,1463682,169385794,117.0,115.0,115.5,0.0,1067,5871,115.5
2019-05-28,4966215,567409225,116.5,114.0,114.0,-1.5,1216,5871,115.5
2019-05-29,3077283,350796545,115.0,113.0,114.5,0.5,1605,5871,113.0
2019-05-30,3913123,455726991,118.0,114.0,116.5,2.0,1870,5871,114.5
2019-05-31,3739524,438235332,118.5,116.5,116.5,0.0,2238,5871,117.5
2019-06-03,1857443,217146717,118.0,114.5,118.0,1.5,1224,5871,116.0
2019-06-04,2935041,349928435,120.0,118.5,119.5,1.5,1910,5871,119.0
2019-06-05,2303037,272866372,120.0,117.5,117.5,-2.0,1389,5871,119.5
2019-06-06,2627933,304750189,118.0,115.0,115.5,-2.0,1441,5871,117.0
2019-06-10,3260880,387504600,120.5,116.5,120.0,4.5,1900,5871,117.5
2019-06-11,7001114,871691250,126.0,121.0,125.0,5.0,3506,5871,121.0
2019-06-12,4401526,554120776,128.0,124.0,125.5,0.5,2109,5871,124.5
2019-06-13,4293104,528585234,125.0,121.0,121.0,-4.5,2107,5871,125.0
2019-06-14,2000983,244877426,123.5,121.5,122.0,1.0,1375,5871,121.5
2019-06-17,2592767,323435752,126.0,122.5,125.0,3.0,1600,5871,122.5
2019-06-18,2456980,307608979,126.0,124.0,125.5,0.5,1580,5871,124.5
2019-06-19,4027519,513008432,128.0,125.5,128.0,2.5,2485,5871,126.5
2019-06-20,3506840,448200520,129.0,126.0,128.0,0.0,2073,5871,128.0
2019-06-21,6130076,793411750,131.0,128.0,128.5,0.5,2601,5871,128.0
2019-06-24,1887326,244248380,130.0,128.5,130.0,1.5,929,5871,128.5
2019-06-25,2854052,368402458,129.5,128.5,129.0,-1.0,1328,5871,129.0
2019-06-26,3210715,411494520,129.5,127.0,128.5,-0.5,1665,5871,128.5
2019-06-27,3239007,417913503,130.0,128.0,129.0,0.5,1640,5871,128.5
2019-06-28,2458917,316791325,130.0,128.0,128.5,-0.5,1132,5871,129.5
2019-07-01,2419518,316127858,132.0,129.0,131.0,2.5,1275,5871,129.0
2019-07-02,1804278,237746196,132.5,130.5,132.5,1.5,1338,5871,131.0
2019-07-03,2341273,306196036,132.0,130.0,131.0,-1.5,1246,5871,130.5
2019-07-04,1764383,234178237,133.5,131.5,132.5,1.5,1047,5871,132.5
2019-07-05,3443270,464203950,136.0,133.0,135.5,3.0,1700,5871,133.0
2019-07-08,2441795,328300530,135.5,133.5,134.0,-1.5,1124,5871,135.0
2019-07-09,1380941,185533094,135.0,133.5,135.0,1.0,893,5871,134.0
2019-07-10,1844904,249731381,137.0,134.5,136.5,1.5,1231,5871,134.5
2019-07-11,2007762,273885498,137.0,135.5,136.5,0.0,1322,5871,136.5
2019-07-12,2237535,302254201,136.5,134.0,135.0,-1.5,1092,5871,136.5
2019-07-15,2343837,319941071,138.0,134.5,137.5,2.5,1072,5871,135.0
2019-07-16,2837118,389395406,138.5,136.5,137.5,0.0,910,5871,138.0
2019-07-17,1570235,215413430,138.0,136.5,138.0,0.5,1050,5871,136.5
2019-07-18,1475968,203738793,139.0,137.0,138.0,0.0,792,5871,137.5
2019-07-19,2777924,387724936,140.5,138.0,139.0,1.0,1394,5871,138.5
2019-07-22,3190688,446111959,140.5,139.0,139.5,0.5,1295,5871,139.5
2019-07-23,4530411,621230837,140.0,136.0,136.0,-3.5,1980,5871,139.5
2019-07-24,2666097,362943692,137.5,135.0,136.0,0.0,1517,5871,136.0
2019-07-25,3200502,443859278,139.5,137.0,139.0,3.0,1814,5871,137.0
2019-07-26,2277350,318249500,140.5,139.0,140.5,1.5,1222,5871,140.0
2019-07-29,3072725,434736225,142.5,140.5,141.0,0.5,1494,5871,141.0
2019-07-30,3700257,517837823,141.5,139.0,139.5,-1.5,1813,5871,141.0
2019-07-31,4541683,599189984,133.5,130.5,131.5,0.0,2646,5871,132.5
2019-08-01,4235966,557048450,133.5,130.0,133.0,1.5,2480,5871,131.0
2019-08-02,11061020,1404666060,130.5,124.0,125.5,-7.5,6213,5871,130.0
2019-08-05,4277521,533488646,127.0,123.0,124.0,-1.5,3148,5871,124.5
2019-08-06,3720726,453523476,124.0,119.0,124.0,0.0,2703,5871,120.0
2019-08-07,2951904,368949904,127.0,123.5,124.0,0.0,1996,5871,124.5
2019-08-08,2498642,311278750,125.5,124.0,124.0,0.0,1436,5871,124.5
2019-08-12,3314650,414341250,127.0,123.5,123.5,-0.5,2198,5871,125.0
2019-08-13,3780424,459164431,123.5,120.5,121.0,-2.5,2379,5871,123.5
2019-08-14,7312153,908012935,125.5,122.5,123.5,2.5,3530,5871,123.0
2019-08-15,3952439,486039375,124.5,120.5,124.0,0.5,1949,5871,120.5
2019-08-16,2935785,360612840,124.5,121.5,123.0,-1.0,1674,5871,124.0
2019-08-19,1802264,224921764,125.5,123.5,125.0,2.0,1305,5871,123.5
2019-08-20,1906376,239238376,126.0,125.0,125.0,0.0,1298,5871,125.0
2019-08-21,1265595,158687668,126.0,125.0,125.0,0.0,1078,5871,125.5
2019-08-22,1615505,201727375,126.0,124.0,125.0,0.0,911,5871,125.5
2019-08-23,1862580,231536787,125.0,123.5,125.0,0.0,1171,5871,125.0
2019-08-26,3433755,418307365,123.5,121.0,122.0,-3.0,2254,5871,123.0
2019-08-27,3412064,413982808,123.0,121.0,121.0,-1.0,1374,5871,122.0
2019-08-28,1155617,140038274,122.0,121.0,121.0,0.0,837,5871,121.0
2019-08-29,2154491,259295902,121.0,119.5,121.0,0.0,1291,5871,121.0
2019-08-30,2792622,344903250,124.5,121.5,124.5,3.5,1570,5871,122.0
2019-09-02,5602280,709811973,128.0,124.0,127.0,2.5,2898,5871,124.5
2019-09-03,2592332,327534124,127.5,125.5,126.0,-1.0,1546,5871,127.5
2019-09-04,1583491,200069357,127.0,125.5,127.0,1.0,1130,5871,126.0
2019-09-05,2008746,256221857,128.0,127.0,127.5,0.5,1269,5871,127.5
2019-09-06,4299766,556381658,130.0,128.0,129.5,2.0,2319,5871,128.0
2019-09-09,2151982,280980582,131.0,130.0,131.0,1.5,1601,5871,130.5
2019-09-10,4086633,529042456,131.5,128.0,129.5,-1.5,2179,5871,131.5
2019-09-11,1944205,251437650,130.0,128.5,130.0,0.5,1358,5871,130.0
2019-09-12,3514358,459760398,131.5,129.5,131.0,1.0,2107,5871,130.5
2019-09-16,3654108,483616288,133.0,131.0,132.5,1.5,2080,5871,132.0
2019-09-17,4549705,588372044,132.5,128.0,128.0,-4.5,2493,5871,132.0
2019-09-18,2753706,355420908,130.0,128.0,129.5,1.5,1705,5871,128.0
2019-09-19,2635336,338021844,130.0,127.5,128.5,-1.0,1577,5871,130.0
2019-09-20,3067611,393924319,129.0,128.0,128.5,0.0,1443,5871,128.0
2019-09-23,1297365,165831388,128.5,127.5,128.0,-0.5,964,5871,128.0
2019-09-24,2835908,358751816,128.0,125.5,126.5,-1.5,2056,5871,128.0
2019-09-25,2742199,342397574,126.0,124.0,125.0,-1.5,1860,5871,125.5
2019-09-26,1616757,203933744,127.0,125.5,126.0,1.0,1159,5871,126.0
2019-09-27,1403014,176340264,126.5,125.0,125.0,-1.0,1031,5871,126.5
2019-10-01,3039256,388852370,128.5,126.0,128.5,3.5,2275,5871,127.0
2019-10-02,1215517,156079193,129.0,127.5,129.0,0.5,899,5871,127.5
2019-10-03,2109167,266736209,127.0,126.0,126.0,-3.0,1520,5871,126.5
2019-10-04,697281,88159687,127.0,126.0,126.5,0.5,572,5871,126.0
2019-10-07,1170725,147101696,126.5,125.0,125.5,-1.0,828,5871,126.5
2019-10-08,2211442,277525948,126.5,125.0,125.0,-0.5,1470,5871,125.5
2019-10-09,3316907,410560468,125.0,123.0,123.0,-2.0,1784,5871,124.5
2019-10-14,4150207,527232496,128.0,125.0,128.0,5.0,2738,5871,125.5
2019-10-15,2282372,293205358,129.0,127.5,129.0,1.0,1498,5871,128.0
2019-10-16,4836861,629158791,131.0,128.5,131.0,2.0,3227,5871,129.5
2019-10-17,2930008,383774048,131.5,130.5,131.0,0.0,2064,5871,131.0
2019-10-18,3081197,405127504,132.0,130.5,132.0,1.0,1956,5871,131.5
2019-10-21,1783687,234167328,132.0,130.5,132.0,0.0,1097,5871,132.0
2019-10-22,7228065,973940340,137.0,132.5,136.5,4.5,3869,5871,133.0
2019-10-23,3945707,543217859,138.5,136.5,137.5,1.0,2330,5871,137.0
2019-10-24,4615631,637792381,139.5,137.0,138.5,1.0,2106,5871,138.5
2019-10-25,4244748,574805082,137.5,134.0,134.5,-4.0,2315,5871,137.0
2019-10-28,2360357,318045445,135.5,134.0,135.0,0.5,1402,5871,135.5
2019-10-29,2820906,382949250,136.5,135.0,136.0,1.0,1355,5871,136.0
2019-10-30,2032107,276477552,136.5,135.0,136.0,0.0,1395,5871,136.5
2019-10-31,2554562,350909259,138.0,136.0,137.5,1.5,1483,5871,136.5
2019-11-01,1761175,242344547,138.5,137.0,137.5,0.0,1173,5871,137.5
2019-11-04,2636390,365618872,140.0,136.5,140.0,2.5,1698,5871,137.5
2019-11-05,1700963,235970357,140.0,138.0,139.0,-1.0,1217,5871,140.0
2019-11-06,1698994,234749666,139.0,137.0,139.0,0.0,1122,5871,138.5
2019-11-07,2075143,287297287,139.5,137.5,138.5,-0.5,1165,5871,139.0
2019-11-08,4266705,597746320,141.5,138.5,140.5,2.0,2376,5871,139.0
2019-11-11,4725475,666137000,142.5,139.5,141.0,0.5,2404,5871,142.0
2019-11-12,2422403,340249107,141.0,139.5,141.0,0.0,1491,5871,140.5
2019-11-13,2578919,359234254,141.5,138.5,138.5,-2.5,1683,5871,141.0
2019-11-14,1837646,254141713,139.0,137.0,139.0,0.5,1144,5871,138.5
2019-11-15,1906253,267344460,141.0,139.5,140.0,1.0,974,5871,140.0
2019-11-18,1895216,267761456,142.0,140.0,142.0,2.0,1141,5871,141.0
2019-11-19,3820458,547770452,144.5,141.0,144.0,2.0,2232,5871,142.0
2019-11-20,1441408,206225034,144.0,142.5,143.5,-0.5,932,5871,144.0
2019-11-21,2190732,309759562,142.5,140.5,141.5,-2.0,1231,5871,142.5
2019-11-22,1992792,280007880,142.0,140.0,140.0,-1.5,1292,5871,141.5
2019-11-25,2347783,330977903,141.5,140.0,141.5,1.5,1538,5871,141.0
2019-11-26,6474900,906116021,142.0,139.0,139.0,-2.5,2187,5871,141.5
2019-11-27,2507614,350425638,140.5,139.0,139.5,0.5,1528,5871,139.5
2019-11-28,1754152,244014628,140.0,138.5,139.0,-0.5,1127,5871,140.0
2019-11-29,2264699,311148763,139.5,136.5,136.5,-2.5,1370,5871,139.5
2019-12-02,1584301,216097079,138.0,135.5,136.0,-0.5,1104,5871,138.0
2019-12-03,2946368,405366457,138.5,136.0,138.0,2.0,1565,5871,136.0
2019-12-04,4118435,558296370,138.5,134.5,135.0,-3.0,2022,5871,138.5
2019-12-05,3076860,415560460,136.5,134.0,135.5,0.5,1958,5871,136.0
2019-12-06,4940353,661561655,136.0,132.5,134.0,-1.5,2505,5871,135.5
2019-12-09,3555760,478216717,135.5,133.5,134.5,0.5,1657,5871,135.0
2019-12-10,4481846,594668710,134.0,131.0,134.0,-0.5,2072,5871,134.0
2019-12-11,6458543,877242891,137.0,135.0,136.0,2.0,2265,5871,135.5
2019-12-12,5249727,712622472,136.5,135.0,135.0,-1.0,2627,5871,136.5
2019-12-13,5647165,766224440,136.5,134.5,135.0,0.0,2241,5871,136.0
2019-12-16,4660168,640673352,138.5,135.0,138.0,3.0,2388,5871,135.0
2019-12-17,5624681,783800840,140.0,138.5,140.0,2.0,2830,5871,139.0
2019-12-18,3280185,453424613,139.0,137.5,137.5,-2.5,1917,5871,139.0
2019-12-19,2220313,306075836,138.5,137.0,138.5,1.0,1096,5871,138.5
2019-12-20,3703659,515549414,140.0,138.0,139.5,1.0,1431,5871,139.0
2019-12-23,1999388,278475005,140.0,138.5,139.5,0.0,1090,5871,140.0
2019-12-24,923362,127811128,139.5,138.0,138.5,-1.0,652,5871,139.5
2019-12-25,549851,75931355,139.0,137.5,138.5,0.0,413,5871,138.5
2019-12-26,724169,100490991,139.5,138.5,138.5,0.0,564,5871,139.0
2019-12-27,987854,137400115,139.5,138.5,139.5,1.0,646,5871,139.5
2019-12-30,1876320,262504945,140.5,139.0,140.5,1.0,1168,5871,139.5
2019-12-31,1845087,255849093,140.0,138.0,138.0,-2.5,1047,5871,139.5
2020-01-02,2258338,310144644,139.0,136.5,137.5,-0.5,1379,5871,138.5
2020-01-03,2412415,329277855,138.0,135.5,136.5,-1.0,1591,5871,137.5
2020-01-06,3738147,506695551,137.5,134.5,135.0,-1.5,1666,5871,137.0
2020-01-07,5445314,751124711,139.0,136.5,138.5,3.5,2696,5871,136.5
2020-01-08,3474094,474592378,137.5,135.5,136.5,-2.0,1864,5871,137.5
2020-01-09,2297829,315193979,138.0,136.0,137.0,0.5,1456,5871,137.5
2020-01-10,2911278,399135215,138.5,136.0,137.5,0.5,1904,5871,137.5
2020-01-13,5206716,727605583,140.5,138.5,140.0,2.5,2846,5871,139.5
2020-01-14,5313380,753565460,142.5,140.5,142.5,2.5,2778,5871,140.5
2020-01-15,3531305,503815310,143.5,141.5,142.5,0.0,2147,5871,142.5
2020-01-16,2397339,342074477,143.0,141.5,143.0,0.5,1418,5871,143.0
2020-01-17,2245659,319600391,143.5,141.5,142.5,-0.5,1257,5871,143.5
2020-01-20,1475465,210071995,143.5,142.0,142.5,0.0,872,5871,143.0
2020-01-30,13458137,1745041810,134.0,128.5,128.5,-14.0,7367,5871,133.5
2020-01-31,8288630,1052765028,129.5,125.5,127.0,-1.5,4135,5871,128.5
2020-02-03,8794413,1072301172,123.0,120.0,122.5,-4.5,4650,5871,122.5
2020-02-04,5261674,670593620,129.0,124.5,128.0,5.5,2919,5871,125.0
2020-02-05,5359175,691479813,130.5,126.0,129.5,1.5,2848,5871,129.5
2020-02-06,3607255,473152262,132.0,129.5,132.0,2.5,2189,5871,130.5
2020-02-07,4717184,604704126,131.0,126.5,126.5,-5.5,2963,5871,131.0
2020-02-10,5352068,662744086,126.5,121.0,126.0,-0.5,3004,5871,123.0
2020-02-11,3129401,393920927,127.0,125.0,126.0,0.0,2114,5871,126.0
2020-02-12,4532998,567465246,127.0,123.5,126.0,0.0,2417,5871,125.5
2020-02-13,3749703,474704281,128.0,126.0,126.0,0.0,2110,5871,126.5
2020-02-14,2486413,310867227,125.5,124.0,125.5,-0.5,1622,5871,125.5
2020-02-17,4059089,517198981,129.0,125.0,128.5,3.0,2342,5871,126.0
2020-02-18,2938766,377626418,129.0,128.0,128.0,-0.5,1799,5871,128.0
2020-02-19,2448992,314896457,129.5,127.5,128.0,0.0,1835,5871,128.5
2020-02-20,7011499,882789374,128.5,124.5,124.5,-3.5,3745,5871,128.5
2020-02-21,3437534,428037502,125.5,124.0,124.5,0.0,2118,5871,125.5
2020-02-24,9863597,1189650237,122.5,119.0,120.0,-4.5,5846,5871,122.0
2020-02-25,7906442,933713312,120.0,115.5,118.0,-2.0,4493,5871,116.0
2020-02-26,6380626,748285368,118.0,116.5,117.0,-1.0,4129,5871,116.5
2020-02-27,6549317,759757272,118.0,115.0,115.0,-2.0,3597,5871,117.0
2020-03-02,9369736,1060610370,116.0,110.0,114.0,-1.0,4452,5871,113.5
2020-03-03,5181561,603940637,117.5,116.0,116.0,2.0,2990,5871,116.5
2020-03-04,5471539,626640234,116.5,113.5,114.5,-1.5,2768,5871,116.0
2020-03-05,5494412,644904056,118.5,116.0,118.0,3.5,2439,5871,116.0
2020-03-06,7944034,915515400,117.0,114.0,114.5,-3.5,3355,5871,116.5
2020-03-09,12752997,1381551426,111.0,107.0,107.0,-7.5,7037,5871,110.0
2020-03-10,9895216,1034192612,107.0,102.0,106.0,-1.0,5676,5871,102.0
2020-03-11,8699304,939430847,110.0,106.0,106.0,0.0,4735,5871,108.0
2020-03-12,10443943,1064050686,106.5,100.0,101.5,-4.5,5446,5871,106.5
2020-03-13,15277843,1425813321,97.4,91.5,97.4,-4.1,8916,5871,95.1
2020-03-16,9021499,855605596,96.5,93.2,94.0,-3.4,5761,5871,96.5
2020-03-17,15107341,1339717531,91.4,87.1,87.3,-6.7,9469,5871,89.0
2020-03-18,11706164,1020155493,89.0,86.2,86.3,-1.0,6359,5871,87.9
2020-03-19,12109335,947410264,80.9,77.7,77.7,-8.6,5583,5871,80.3
2020-03-20,14511478,1201147681,85.4,78.5,85.4,7.7,7955,5871,78.9
2020-03-23,9145594,730603261,81.5,77.0,80.1,-5.3,4908,5871,79.8
2020-03-24,7244256,633631628,88.1,84.5,87.1,7.0,3924,5871,84.6
2020-03-25,10233842,945202064,93.9,90.5,91.0,3.9,6363,5871,93.2
2020-03-26,11089229,1041181956,97.6,90.5,96.5,5.5,6590,5871,92.1
2020-03-27,9494763,937468759,102.0,96.1,96.7,0.2,6087,5871,99.6
2020-03-30,6280926,584423897,94.6,91.3,93.7,-3.0,4016,5871,92.7
2020-03-31,10993526,1020565492,96.2,91.5,91.5,-2.2,5881,5871,94.6
2020-04-01,5266259,484732030,93.0,90.7,92.3,0.8,3535,5871,91.0
2020-04-06,13263691,1198997714,91.5,89.2,91.1,-1.2,7114,5871,90.0
2020-04-07,11693784,1106159295,95.7,93.5,94.5,3.4,6022,5871,93.9
2020-04-08,5893365,562170415,96.5,93.9,96.1,1.6,3711,5871,94.0
2020-04-09,4980647,478306891,97.4,95.1,96.3,0.2,3194,5871,97.3
2020-04-10,4398938,426073562,98.2,95.3,98.2,1.9,2839,5871,96.1
2020-04-13,3132152,303929044,98.5,96.3,96.4,-1.8,2233,5871,98.4
2020-04-14,5867064,577277864,100.0,95.8,100.0,3.6,3833,5871,96.4
2020-04-15,7298999,743013897,103.0,100.0,102.0,2.0,4445,5871,101.5
2020-04-16,6890016,685577100,100.5,98.5,99.6,-2.4,4239,5871,99.8
2020-04-17,6213986,627072975,102.5,99.3,99.5,-0.1,3880,5871,101.5
2020-04-20,2962445,297448645,101.0,99.7,101.0,1.5,1780,5871,100.5
2020-04-21,7083625,694469325,100.0,96.4,96.5,-4.5,4992,5871,99.2
2020-04-22,4487265,431806479,97.1,95.2,97.0,0.5,3303,5871,95.5
2020-04-23,3269079,319966264,99.0,97.1,97.9,0.9,2166,5871,97.2
2020-04-24,3457320,342689597,99.8,98.5,98.7,0.8,2404,5871,99.8
2020-04-27,3721978,374210956,101.5,99.4,101.0,2.3,2142,5871,100.5
2020-04-28,4663344,477609595,103.5,101.0,103.0,2.0,2820,5871,102.0
2020-04-29,10709380,1164950180,112.0,104.0,111.0,8.0,6735,5871,104.5
2020-04-30,10325331,1178918870,116.0,112.5,114.5,3.5,6006,5871,112.5
2020-05-04,9531472,1041701920,110.5,108.0,108.5,-6.0,5518,5871,110.5
2020-05-05,6184206,683597106,112.0,109.0,110.5,2.0,3348,5871,109.0
2020-05-06,6704528,750617164,114.0,108.5,113.0,2.5,4333,5871,110.0
2020-05-07,4861981,547026691,113.5,111.5,113.0,0.0,2979,5871,112.5
2020-05-08,3776728,426851620,114.5,111.5,113.0,0.0,2501,5871,114.5
2020-05-11,5636021,655171457,117.5,113.5,116.5,3.5,3668,5871,114.0
2020-05-12,3868544,448014648,116.5,115.0,116.0,-0.5,2614,5871,116.0
2020-05-13,4414496,505442008,116.5,112.5,116.5,0.5,2561,5871,113.5
2020-05-14,6373618,728698974,116.0,112.5,113.0,-3.5,3401,5871,116.0
2020-05-15,6746901,757276252,115.0,110.0,112.5,-0.5,2818,5871,114.0
2020-05-18,2560498,285933276,113.0,110.5,111.5,-1.0,1610,5871,111.0
2020-05-19,4010029,452331277,114.0,111.5,113.0,1.5,2245,5871,114.0
2020-05-20,4600876,519703348,113.5,112.5,113.0,0.0,1234,5871,113.0
2020-05-21,3933489,448885984,115.0,113.0,114.0,1.0,2211,5871,113.5
2020-05-22,3205699,359400288,113.5,111.0,111.5,-2.5,2136,5871,113.5
2020-05-25,5252823,597926036,115.5,111.0,115.5,4.0,2791,5871,113.0
2020-05-26,5386367,634514306,118.5,116.5,117.5,2.0,3427,5871,117.0
2020-05-27,3209073,374909541,119.0,116.0,116.0,-1.5,1842,5871,118.0
2020-05-28,4323100,505254741,118.0,115.5,116.5,0.5,2114,5871,118.0
2020-05-29,5032029,587221422,118.0,115.0,116.5,0.0,1866,5871,115.5
2020-06-01,3863981,458950739,120.0,117.0,119.0,2.5,2620,5871,117.5
2020-06-02,2738186,327308211,120.5,118.5,119.0,0.0,1735,5871,119.5
2020-06-03,6286766,763690808,123.0,120.0,122.5,3.5,4023,5871,121.0
2020-06-04,5845489,719229636,124.0,121.5,124.0,1.5,3449,5871,123.0
2020-06-05,2290148,282913852,124.5,123.0,123.5,-0.5,1556,5871,124.5
2020-06-08,4072289,505119944,125.0,123.0,124.5,1.0,1882,5871,124.5
2020-06-09,3925365,492976647,126.5,124.5,126.0,1.5,2445,5871,125.5
2020-06-10,5564707,716964539,130.5,125.5,129.5,3.5,3555,5871,126.0
2020-06-11,7343811,937674248,130.5,125.0,125.0,-4.5,4119,5871,130.0
2020-06-12,5807797,712742207,125.0,120.0,124.0,-1.0,3379,5871,121.0
2020-06-15,4033874,498764502,125.0,122.5,123.0,-1.0,2290,5871,125.0
2020-06-16,4116616,521008514,128.0,124.0,127.5,4.5,2559,5871,124.5
2020-06-17,3007698,383934976,129.0,126.5,127.0,-0.5,2037,5871,128.5
2020-06-18,3454895,440839955,128.5,126.0,128.0,1.0,1822,5871,128.0
2020-06-19,4683846,596889788,129.0,127.0,127.0,-1.0,2164,5871,128.5
2020-06-22,5671334,722869895,128.5,126.5,128.0,1.0,2936,5871,127.0
2020-06-23,7589262,902564440,120.5,117.0,118.5,0.0,4593,5871,119.5
2020-06-24,2656984,317077559,120.0,118.5,119.0,0.5,1662,5871,119.5
2020-06-29,6385609,758429689,120.0,117.5,120.0,1.0,2083,5871,118.5
2020-06-30,5930010,730060082,125.0,120.0,125.0,5.0,2596,5871,120.5
2020-07-01,4007604,504613104,127.0,125.0,126.0,1.0,2119,5871,125.0
2020-07-02,5517922,701789514,128.0,126.0,126.5,0.5,2508,5871,126.5
2020-07-03,2591599,329117863,128.0,126.5,127.0,0.5,1484,5871,128.0
2020-07-06,3748386,481390294,129.0,127.0,129.0,2.0,2092,5871,127.5
2020-07-07,3864613,495259256,131.0,126.5,128.5,-0.5,2126,5871,130.0
2020-07-08,2512251,321881628,128.5,127.5,128.0,-0.5,1512,5871,128.5
2020-07-09,2251002,288266256,129.0,127.5,127.5,-0.5,1398,5871,128.5
2020-07-10,3956050,495255748,127.0,124.0,125.0,-2.5,2012,5871,127.0
2020-07-13,2243096,281546096,126.5,125.0,125.5,0.5,1267,5871,126.0
2020-07-14,3116366,385421384,125.0,122.5,123.5,-2.0,1748,5871,125.0
2020-07-15,3109831,384305609,125.0,122.5,123.5,0.0,1651,5871,124.0
2020-07-16,3150712,391600626,126.0,123.0,123.5,0.0,1645,5871,123.5
2020-07-17,2966896,365391104,125.0,122.0,123.0,-0.5,1525,5871,124.0
2020-07-20,2157224,266607583,124.5,122.0,124.0,1.0,1003,5871,123.0
2020-07-21,2426054,304775906,126.0,124.5,126.0,2.0,1587,5871,124.5
2020-07-22,1662727,209299829,126.5,125.5,126.0,0.0,1049,5871,126.0
2020-07-23,1563422,195921672,126.0,124.5,125.0,-1.0,843,5871,126.0
2020-07-24,3180550,396265200,126.0,123.0,123.0,-2.0,1630,5871,124.5
2020-07-27,2873174,354515471,124.5,122.5,123.0,0.0,1230,5871,123.0
2020-07-28,4245279,516773038,123.0,120.5,121.5,-1.5,2058,5871,122.0
2020-07-29,3747804,464791088,125.5,120.5,124.5,3.0,1975,5871,121.0
2020-07-30,2312387,286551465,125.0,123.0,124.5,0.0,1121,5871,125.0
2020-07-31,1868782,230160022,124.5,122.5,122.5,-2.0,1258,5871,124.0
2020-08-03,4236235,513359006,122.0,120.5,121.0,-1.5,2503,5871,121.5
2020-08-04,3567338,436788205,123.5,121.0,123.5,2.5,1900,5871,122.0
2020-08-05,3307185,410395625,125.5,122.0,125.5,2.0,2410,5871,122.5
2020-08-06,3248495,407446593,127.0,124.0,125.5,0.0,1990,5871,126.0
2020-08-07,1885605,234851300,125.5,124.0,124.0,-1.5,1206,5871,125.0
2020-08-10,2450894,306061273,126.0,123.5,124.0,0.0,1221,5871,123.5
2020-08-11,2599453,324098172,125.5,124.0,124.0,0.0,1466,5871,124.5
2020-08-12,1593628,197467372,124.5,123.0,124.0,0.0,1110,5871,124.0
2020-08-13,17169961,2267034792,135.5,125.5,132.5,8.5,10054,5871,126.0
2020-08-14,6178653,814774375,134.0,130.0,132.0,-0.5,3845,5871,133.0
2020-08-17,5631908,759008080,136.0,132.5,136.0,4.0,3302,5871,132.5
2020-08-18,6065987,829830713,139.0,135.0,135.0,-1.0,3829,5871,137.5
2020-08-19,5009657,686117509,139.0,134.5,138.0,3.0,3365,5871,135.0
2020-08-20,8220818,1091449832,137.5,128.0,132.5,-5.5,5336,5871,137.0
2020-08-21,3770618,506274312,136.0,132.5,134.0,1.5,2644,5871,134.5
2020-08-24,1836049,244254459,134.0,132.0,132.5,-1.5,1365,5871,134.0
2020-08-25,3079304,415743040,136.0,133.0,135.5,3.0,1996,5871,134.0
2020-08-26,1292245,174497575,136.0,134.0,135.0,-0.5,1014,5871,135.0
2020-08-27,2949452,394155668,135.5,132.5,134.0,-1.0,1571,5871,135.0
2020-08-28,4182889,550680063,133.0,128.0,132.5,-1.5,2545,5871,132.5
2020-08-31,3794278,494854252,134.0,129.5,129.5,-3.0,1916,5871,134.0
2020-09-01,3995254,509799012,130.0,126.5,127.5,-2.0,2477,5871,129.5
2020-09-02,4630801,594868709,131.0,127.0,129.0,1.5,2181,5871,128.5
2020-09-03,5675901,746850526,133.0,130.0,131.5,2.5,2426,5871,130.0
2020-09-04,4196353,541102590,130.5,128.0,129.0,-2.5,1816,5871,129.0
2020-09-07,2169187,283373132,132.0,128.5,130.5,1.5,1290,5871,129.5
2020-09-08,2263793,297905761,132.0,130.5,132.0,1.5,1620,5871,131.5
2020-09-09,2831426,368001806,131.0,129.0,130.5,-1.5,1747,5871,129.5
2020-09-10,2220758,287531540,131.0,128.5,129.0,-1.5,1439,5871,130.5
2020-09-11,1895183,244763290,130.5,128.0,130.0,1.0,1317,5871,129.0
2020-09-14,2024530,261456900,130.5,128.5,130.0,0.0,1438,5871,130.5
2020-09-15,1990345,258063350,130.5,129.0,130.0,0.0,1560,5871,130.0
2020-09-16,3762743,499357670,134.0,130.0,134.0,4.0,2444,5871,130.0
2020-09-17,2224940,293568580,133.5,131.0,132.0,-2.0,1658,5871,133.5
2020-09-18,3093862,411086606,133.5,131.5,133.5,1.5,1572,5871,132.5
2020-09-21,3277851,439908934,135.0,132.0,135.0,1.5,1835,5871,133.0
2020-09-22,3977077,522587609,134.0,130.5,130.5,-4.5,2358,5871,134.0
2020-09-23,1487337,193944453,132.0,129.5,130.5,0.0,1098,5871,131.5
2020-09-24,5245205,663174417,129.0,125.0,126.0,-4.5,3143,5871,128.0
2020-09-25,2539616,322166025,128.5,125.0,126.5,0.5,1498,5871,128.0
2020-09-28,1938645,247860369,128.5,126.5,128.5,2.0,1117,5871,127.0
2020-09-29,2168132,280685083,130.0,128.5,129.5,1.0,1002,5871,129.5
2020-09-30,2609204,341579724,131.5,129.0,131.0,1.5,1162,5871,130.0
2020-10-05,2765517,362503227,132.5,129.5,131.5,0.5,1814,5871,131.5
2020-10-06,4153470,556593727,135.0,132.0,134.0,2.5,2739,5871,132.5
2020-10-07,2064546,276598618,134.5,133.0,133.5,-0.5,1173,5871,134.0
2020-10-08,2888399,388093626,135.0,133.0,135.0,1.5,1501,5871,134.0
2020-10-12,4332652,589910172,137.0,135.0,137.0,2.0,2365,5871,136.0
2020-10-13,2357657,317873518,136.5,134.0,134.5,-2.5,1166,5871,136.0
2020-10-14,3466764,468265246,136.5,133.5,135.0,0.5,1600,5871,136.0
2020-10-15,2563719,345674565,136.0,133.5,135.0,0.0,1367,5871,135.0
2020-10-16,2932731,399260185,137.0,135.0,135.5,0.5,1589,5871,136.0
2020-10-19,3817404,522487664,138.0,135.0,137.5,2.0,1980,5871,135.5
2020-10-20,3668481,507212378,139.0,137.0,139.0,1.5,1864,5871,138.0
2020-10-21,3973301,551853058,139.5,138.0,139.0,0.0,1466,5871,139.5
2020-10-22,1672995,230333810,138.5,137.0,138.0,-1.0,989,5871,137.5
2020-10-23,10102380,1433624090,144.0,139.5,144.0,6.0,4868,5871,140.0
2020-10-26,3768818,544345874,145.0,143.0,145.0,1.0,2595,5871,144.0
2020-10-27,2429994,347531908,144.0,142.0,143.5,-1.5,1468,5871,143.5
2020-10-28,2962846,416335649,143.0,139.5,140.0,-3.5,2055,5871,142.5
2020-10-29,2712125,377140019,140.5,137.0,139.5,-0.5,1668,5871,137.0
2020-10-30,3102396,430164269,139.5,137.5,138.5,-1.0,1428,5871,139.0
2020-12-01,2439319,385968557,159.5,156.0,159.5,3.5,1744,5871,156.5
2020-12-02,3431088,552028551,162.0,159.0,161.5,2.0,2018,5871,160.0
2020-12-03,4357318,687948800,161.0,156.5,158.0,-3.5,3273,5871,160.5
2020-12-04,2676105,426779861,160.5,158.0,159.0,1.0,1819,5871,159.0
2020-12-07,2981406,471178141,159.5,157.0,158.5,-0.5,1893,5871,159.0
2020-12-08,3118950,485646247,158.0,154.5,156.5,-2.0,2308,5871,157.0
2020-12-09,1538859,240287418,157.0,155.5,156.5,0.0,1186,5871,157.0
2020-12-10,1866944,289006475,155.5,154.0,155.0,-1.5,1459,5871,155.0
2020-12-11,2400390,372348966,157.5,153.5,155.0,0.0,1724,5871,155.0
2020-12-14,3002957,457431189,155.0,151.5,152.0,-3.0,1972,5871,154.0
2020-12-15,5207916,816861678,158.0,152.5,158.0,6.0,2982,5871,153.0
2020-12-16,5012543,805743623,163.0,157.5,163.0,5.0,3414,5871,159.0
2020-12-17,6120365,1008176718,166.0,163.0,165.0,2.0,3749,5871,163.0
2020-12-18,5461474,889694076,164.5,161.5,164.0,-1.0,2225,5871,164.0
2020-12-21,2440507,403343634,166.0,162.5,166.0,2.0,1770,5871,163.5
2020-12-22,2196447,359294485,165.5,160.5,162.5,-3.5,1687,5871,165.5
2020-12-23,2218714,355672477,161.5,159.5,159.5,-3.0,1138,5871,161.5
2020-12-24,1948687,314738305,163.5,160.0,160.5,1.0,1308,5871,160.0
2020-12-25,1092038,175694052,162.5,159.5,160.0,-0.5,700,5871,161.5
2020-12-28,2116275,344864101,165.0,160.0,162.5,2.5,1627,5871,160.5
2020-12-29,2143893,353235773,165.5,162.0,165.5,3.0,1561,5871,162.5
2020-12-30,1687158,280795752,167.5,164.5,167.0,1.5,1492,5871,165.5
2020-12-31,2342195,395460199,170.5,167.0,168.0,1.0,1776,5871,167.0
2021-01-04,1815139,303589386,170.0,165.5,167.5,-0.5,1388,5871,166.0
2021-01-05,1646298,273412425,168.0,165.5,166.0,-1.5,1096,5871,168.0
2021-01-06,3541364,589409793,170.0,164.0,165.5,-0.5,2192,5871,165.5
2021-01-07,2056804,346308910,169.5,166.5,169.0,3.5,1395,5871,167.0
2021-01-08,2236437,380022617,171.5,168.0,170.0,1.0,1588,5871,169.0
2021-01-11,1967362,332694935,171.0,167.0,170.0,0.0,1430,5871,168.5
2021-01-12,2206534,369213776,170.5,165.5,168.0,-2.0,1640,5871,170.5
2021-01-13,4101623,700540062,172.0,167.0,172.0,4.0,2330,5871,168.0
2021-01-14,2908676,505514931,175.5,170.5,172.5,0.5,2069,5871,172.0
2021-01-15,2291101,391875540,173.0,169.5,170.0,-2.5,1658,5871,173.0
2021-01-18,2292369,385422640,170.5,166.0,168.5,-1.5,1472,5871,170.0
2021-01-19,3218841,546401190,173.0,167.5,168.5,0.0,1708,5871,167.5
2021-01-20,4483985,754728176,171.0,166.5,168.0,-0.5,2481,5871,168.5
2021-01-21,2562046,429276467,169.5,166.5,166.5,-1.5,1960,5871,168.5
2021-01-22,2856643,477739421,168.5,165.0,168.0,1.5,1971,5871,166.5
2021-01-25,2035502,341820933,169.5,166.0,169.0,1.0,1549,5871,168.5
2021-01-26,4783898,784472160,169.0,162.5,162.5,-6.5,3816,5871,168.5
2021-01-27,3597703,582069993,164.0,160.5,161.0,-1.5,2010,5871,163.0
2021-01-28,4259161,680225998,162.5,158.0,159.5,-1.5,2707,5871,161.0
2021-01-29,5572773,866801065,159.0,154.0,155.0,-4.5,3659,5871,158.0
2021-02-01,4737887,734478010,159.0,150.5,158.0,3.0,2970,5871,152.5
2021-02-02,3107532,503567989,164.5,157.0,163.0,5.0,2206,5871,157.5
2021-02-03,2128165,344211209,162.5,160.0,162.5,-0.5,1017,5871,161.5
2021-02-04,2748523,450990133,166.0,161.0,164.0,1.5,1966,5871,162.5
2021-02-05,2678794,436413226,165.0,161.0,164.0,0.0,1721,5871,163.0
2021-02-17,7608730,1302411430,174.5,167.5,172.5,8.5,4759,5871,167.5
2021-02-18,3535480,612930474,175.0,171.5,173.5,1.0,2259,5871,172.5
2021-02-19,4107944,714261006,176.0,171.5,174.5,1.0,2729,5871,174.0
2021-02-22,5063140,872818681,175.0,170.5,170.5,-4.0,2635,5871,173.5
2021-02-23,5047328,879650489,177.0,169.5,175.5,5.0,2937,5871,171.0
2021-02-24,3705160,654386911,178.0,175.0,176.5,1.0,2152,5871,175.0
2021-02-25,4969193,896323353,182.0,176.5,180.5,4.0,3174,5871,178.0
2021-02-26,7581817,1315625373,179.5,171.5,172.0,-8.5,4095,5871,179.5
2021-03-02,4257552,732554843,175.0,170.0,170.0,-2.0,2731,5871,174.0
2021-03-03,3046006,528647327,175.0,170.5,174.5,4.5,1744,5871,172.5
2021-03-04,4029396,691928841,174.0,170.0,172.0,-2.5,2010,5871,174.0
2021-03-05,3995016,672789475,170.0,166.0,170.0,-2.0,2797,5871,168.5
2021-03-08,3584084,610575090,172.5,169.0,170.5,0.5,1719,5871,170.5
2021-03-09,2644207,456714467,174.5,170.0,173.5,3.0,1585,5871,170.5
2021-03-10,2530241,446038978,177.5,174.0,177.0,3.5,1862,5871,174.0
2021-03-11,8343028,1549971415,191.0,178.0,190.0,13.0,5843,5871,178.5
2021-03-12,4947409,910484114,189.0,180.5,182.5,-7.5,3684,5871,188.5
2021-03-15,4404028,817959472,188.0,182.0,187.5,5.0,2468,5871,182.0
2021-03-16,6170379,1183663844,195.0,188.0,191.5,4.0,3362,5871,190.0
2021-03-17,2911864,556873284,193.0,190.0,191.0,-0.5,2084,5871,190.5
2021-03-18,3728770,718893714,195.5,190.0,190.5,-0.5,2339,5871,191.0
2021-03-19,5647057,1051005056,189.5,183.5,187.0,-3.5,3285,5871,188.5
2021-03-22,2576313,474063259,186.5,182.5,183.0,-4.0,2090,5871,186.0
2021-03-23,1518906,278427150,185.0,182.0,183.0,0.0,1153,5871,183.5
2021-03-24,1648409,296878185,184.5,181.0,184.5,1.5,1000,5871,182.0
2021-03-25,1300333,238825986,185.5,182.5,184.0,-0.5,890,5871,184.0
2021-03-26,4355891,828481918,192.0,187.0,191.5,7.5,2917,5871,187.0
2021-03-29,3780716,731649180,195.0,191.5,194.0,2.5,2219,5871,194.5
2021-03-30,4228484,834795483,200.0,193.5,199.5,5.5,3184,5871,195.0
2021-03-31,2619506,516499720,199.0,196.0,197.0,-2.5,1716,5871,199.0
2021-04-01,1886214,370348379,198.0,195.0,197.0,0.0,1556,5871,196.0
2021-04-06,1952903,389295715,200.5,196.5,199.5,2.5,1559,5871,199.5
2021-04-07,1495896,296058055,199.0,196.5,199.0,-0.5,1193,5871,197.5
2021-04-08,3330106,658241051,201.0,196.0,198.0,-1.0,1908,5871,199.5
2021-04-09,4505340,899641906,203.0,198.0,199.5,1.5,1451,5871,203.0
2021-04-12,3635380,736624927,204.5,200.0,202.5,3.0,1905,5871,200.0
2021-04-13,1541024,312923593,204.0,202.0,203.0,0.5,1086,5871,202.5
2021-04-14,2886851,589331838,206.0,202.5,204.5,1.5,1762,5871,204.0
2021-04-15,1860860,385092464,209.5,205.0,209.5,5.0,1484,5871,205.0
2021-04-16,4182002,867070465,210.0,204.5,210.0,0.5,2663,5871,210.0
2021-04-19,3647960,752665643,208.0,204.5,205.5,-4.5,1888,5871,208.0
2021-04-20,1986475,405058523,205.0,203.0,204.0,-1.5,1780,5871,204.0
2021-04-21,3270298,652516619,203.0,198.5,199.5,-4.5,2834,5871,203.0
2021-04-22,2843707,570227848,202.5,198.5,200.5,1.0,1982,5871,198.5
2021-04-23,2576310,521814699,205.0,200.0,204.0,3.5,1764,5871,201.0
2021-04-26,3277418,658737032,203.0,197.5,203.0,-1.0,2392,5871,202.5
2021-04-27,1701502,343118391,203.0,201.0,202.0,-1.0,1126,5871,201.5
2021-04-28,1532697,306760500,201.0,199.5,201.0,-1.0,1492,5871,201.0
2021-04-29,2720687,545532677,202.0,197.5,202.0,1.0,1455,5871,199.0
2021-05-03,2415018,480142357,201.5,197.0,197.5,-4.5,2088,5871,199.5
2021-05-04,3872988,763850464,200.0,194.5,197.5,0.0,3022,5871,198.5
2021-05-05,2325360,462436236,200.5,197.5,198.0,0.5,1524,5871,198.0
2021-05-06,2100801,419078770,201.5,197.5,200.0,2.0,1507,5871,197.5
2021-05-07,1237125,250453512,203.5,200.5,203.5,3.5,1102,5871,201.5
2021-05-10,2680512,543885658,205.0,201.0,203.5,0.0,1524,5871,205.0
2021-05-11,2908614,583596779,203.0,198.0,200.0,-3.5,2152,5871,201.5
2021-05-12,7305568,1377907000,199.0,180.0,188.0,-12.0,5952,5871,198.5
2021-05-13,3993934,740270743,187.5,181.0,186.0,-2.0,3106,5871,187.5
2021-05-14,4841539,948413351,200.0,188.0,195.5,9.5,3548,5871,189.0
2021-05-17,5789759,1086480827,193.5,183.5,187.0,-8.5,4568,5871,189.5
2021-05-18,6080345,1193767839,200.0,190.0,197.0,10.0,3522,5871,190.5
2021-05-19,3984318,798543837,205.0,197.0,201.5,4.5,2687,5871,198.0
2021-05-20,3178569,638425605,202.5,198.0,202.0,0.5,1982,5871,199.5
2021-05-21,2850845,582582155,206.5,201.5,205.5,3.5,2065,5871,202.5
2021-05-24,2274263,470503696,209.0,203.0,209.0,3.5,1794,5871,205.0
2021-05-25,2695646,552871233,207.0,204.0,204.0,-5.0,1762,5871,205.5
2021-05-26,2716895,558340541,207.0,204.0,205.5,1.5,1358,5871,205.0
2021-05-27,8939574,1874985330,212.5,201.0,212.5,7.0,3319,5871,205.0
2021-05-28,2764579,579454020,211.0,208.0,209.5,-3.0,2369,5871,210.0
2021-05-31,2705739,563091071,210.5,205.5,208.5,-1.0,1899,5871,209.5
2021-06-01,1408440,294110736,209.5,207.5,209.5,1.0,1159,5871,208.5
2021-06-02,2755827,566923910,209.0,203.5,205.0,-4.5,2404,5871,208.5
2021-06-03,1105178,226902654,206.0,204.0,206.0,1.0,909,5871,205.0
2021-06-04,1237199,255183219,207.5,204.0,207.0,1.0,925,5871,205.0
2021-06-07,1477897,301145331,207.0,201.0,204.5,-2.5,1308,5871,206.5
2021-06-08,808442,164969652,205.5,203.0,204.0,-0.5,752,5871,205.5
2021-06-09,955386,193987599,204.5,202.0,203.0,-1.0,822,5871,204.5
2021-06-10,1398389,285207238,205.0,202.5,204.5,1.5,970,5871,205.0
2021-06-11,1728262,355847918,207.0,204.5,207.0,2.5,1281,5871,205.0
2021-06-15,1560970,323016735,208.0,205.5,207.5,0.5,1379,5871,208.0
2021-06-16,42597103,8378681603,204.0,200.0,200.0,-7.5,4628,5871,203.0
2021-06-17,3950404,786753189,201.0,196.0,200.5,0.5,3059,5871,198.5
2021-06-18,6057023,1215960583,202.0,199.5,200.5,0.0,1598,5871,199.5
2021-06-21,3242921,648463695,201.5,198.5,200.5,0.0,1937,5871,199.0
2021-06-22,3742529,756997771,203.5,199.5,201.5,1.0,1930,5871,200.0
2021-06-23,5742910,1180451042,208.0,202.0,205.5,4.0,3123,5871,203.0
2021-06-24,4628836,967479708,210.0,205.5,210.0,4.5,2025,5871,205.5
2021-06-25,3430379,716193946,211.0,205.5,207.0,-3.0,2111,5871,210.0
2021-06-28,2586037,531223150,207.5,203.5,204.0,-3.0,1783,5871,207.0
2021-06-29,2243087,455381478,204.5,202.0,202.5,-1.5,1839,5871,203.5
2021-06-30,3362035,680880292,205.0,201.5,202.5,0.0,2112,5871,204.0
2021-07-01,2059687,413175323,203.0,199.0,201.0,-1.5,2053,5871,201.5
2021-07-02,1839134,370055497,202.0,199.5,201.5,0.5,1464,5871,200.0
2021-07-05,3290370,675779033,207.0,203.0,207.0,5.5,1740,5871,203.5
2021-07-06,1541237,320000631,208.5,206.0,208.5,1.5,1189,5871,206.0
2021-07-07,5179075,1086596624,211.0,208.5,210.0,1.5,2130,5871,210.0
2021-07-08,5113975,1082161617,213.5,210.0,212.5,2.5,1910,5871,212.0
2021-07-09,2092277,435781035,211.0,206.5,208.5,-4.0,1864,5871,210.5
2021-07-12,1244057,263301333,213.0,209.5,211.0,2.5,1085,5871,210.5
2021-07-13,3076987,662264752,217.0,212.5,216.0,5.0,2266,5871,213.5
2021-07-14,2418917,525097726,220.0,215.0,216.0,0.0,1917,5871,219.0
2021-07-15,1448503,316220402,219.0,215.5,219.0,3.0,1068,5871,216.5
2021-07-16,1878110,413353783,221.0,217.0,221.0,2.0,1348,5871,217.0
2021-07-19,1893909,414389458,221.0,216.5,221.0,0.0,1526,5871,217.0
2021-07-20,3461629,743590674,219.5,211.5,214.0,-7.0,2808,5871,219.5
2021-07-21,2855405,618469044,218.5,215.0,216.5,2.5,1705,5871,215.0
2021-07-22,2418555,530574910,222.0,216.5,219.0,2.5,1593,5871,218.0
2021-07-23,2096158,465056139,223.0,219.0,222.5,3.5,1444,5871,220.0
2021-07-26,2634335,591367600,226.5,222.0,224.0,1.5,2072,5871,222.0
2021-07-27,3789822,845915068,229.5,219.5,220.0,-4.0,3150,5871,225.5
2021-07-28,2766072,602208035,223.0,215.0,218.5,-1.5,2310,5871,219.0
2021-07-29,2602128,577896314,224.0,219.0,224.0,5.5,1643,5871,223.0
2021-07-30,4291083,990000316,233.5,225.0,231.5,7.5,2979,5871,225.5
2021-08-02,3733691,875255701,237.0,230.5,237.0,5.5,2753,5871,232.0
2021-08-03,3312169,777648243,240.0,232.0,234.0,-3.0,2650,5871,238.5
2021-08-04,3588651,846092756,237.0,233.0,236.0,2.0,2345,5871,236.0
2021-08-05,2822865,621390011,222.0,217.0,218.5,0.0,2931,5871,221.5
2021-08-06,2916309,634944067,220.0,215.5,218.0,-0.5,1634,5871,218.0
2021-08-09,3384352,738165743,222.0,213.0,221.0,3.0,2212,5871,219.0
2021-08-10,4832124,1102699375,232.0,222.0,227.5,6.5,3331,5871,222.5
2021-08-11,3725140,856946081,234.0,225.0,230.0,2.5,3005,5871,227.5
2021-08-12,2214939,506955724,231.5,227.0,229.5,-0.5,1576,5871,228.5
2021-08-13,2876166,665498319,234.0,228.5,233.0,3.5,2221,5871,230.5
2021-08-16,2986092,684424747,234.5,225.0,227.0,-6.0,2643,5871,230.0
2021-08-17,2317362,525406025,228.5,224.0,226.5,-0.5,1624,5871,226.0
2021-08-18,3449028,795403314,233.5,226.0,231.0,4.5,2862,5871,228.5
2021-08-19,4060603,919613653,233.0,223.0,225.5,-5.5,3322,5871,230.0
2021-08-20,5508198,1284500422,235.5,229.0,233.0,7.5,3912,5871,230.0
2021-08-23,4253285,1029147450,245.5,235.0,243.5,10.5,3411,5871,237.0
2021-08-24,3102389,759574162,249.0,238.5,247.0,3.5,2583,5871,249.0
2021-08-25,2417490,591780248,248.0,242.0,244.5,-2.5,2140,5871,247.5
2021-08-26,3844507,959895434,254.0,239.5,254.0,9.5,3177,5871,243.0
2021-08-27,5882630,1526032639,263.5,249.0,263.0,9.0,3872,5871,249.0
2021-08-30,4142627,1094419832,267.5,260.0,266.0,3.0,2767,5871,261.0
2021-08-31,4136353,1094553003,267.0,260.5,266.5,0.5,2684,5871,264.0
2021-09-01,2669040,698837484,267.0,259.0,260.5,-6.0,2608,5871,267.0
2021-09-02,4284460,1116676069,264.5,257.5,259.5,-1.0,2944,5871,260.5
2021-09-03,3723083,957065626,259.0,254.5,256.5,-3.0,3552,5871,257.5
2021-09-06,4171499,1050623953,256.0,247.5,253.5,-3.0,3872,5871,254.5
2021-09-07,2391698,615016772,260.5,254.0,258.0,4.5,2207,5871,254.5
2021-09-08,2810143,722548372,259.5,252.0,259.5,1.5,2294,5871,257.0
2021-09-09,2150241,564740157,265.0,256.5,264.5,5.0,2142,5871,259.5
2021-09-10,3827259,1026247266,271.5,264.0,266.5,2.0,3941,5871,265.5
2021-09-13,3129508,852463222,275.0,266.5,272.0,5.5,3190,5871,267.0
2021-09-14,4093813,1145980328,283.5,272.0,281.0,9.0,4069,5871,274.0
2021-09-15,3965743,1094017975,278.5,272.0,277.0,-4.0,3871,5871,278.0
2021-09-16,4649761,1263733994,281.5,268.0,268.5,-8.5,5248,5871,278.0
2021-09-17,9728132,2513662390,267.0,255.0,255.5,-13.0,8753,5871,266.0
2021-09-22,11982557,2936034979,250.5,241.0,249.0,-6.5,9069,5871,242.0
2021-09-23,4492641,1140985996,258.0,250.5,254.0,5.0,3647,5871,251.0
2021-09-24,3488360,884646316,260.0,250.5,252.0,-2.0,3343,5871,256.0
2021-09-27,5510804,1362161988,251.5,245.5,247.0,-5.0,4850,5871,249.5
2021-09-28,5965036,1461573938,250.0,242.0,246.0,-1.0,4247,5871,245.0
2021-09-29,6966291,1671162575,246.5,237.0,240.0,-6.0,6491,5871,243.5
2021-09-30,4095077,1006753642,249.0,241.5,246.0,6.0,3004,5871,244.0
2021-10-01,4941324,1177178519,246.0,234.0,237.0,-9.0,5694,5871,246.0
2021-10-04,3159434,746242352,241.0,233.0,235.0,-2.0,2713,5871,240.5
2021-10-05,7111023,1616568186,233.5,223.0,229.5,-5.5,6334,5871,233.5
2021-10-06,5432903,1237566212,237.5,224.5,226.5,-3.0,3930,5871,237.5
2021-10-07,5915974,1386044003,238.0,228.5,234.0,7.5,3572,5871,232.0
2021-10-08,3315958,783164118,239.0,232.5,236.0,2.0,3130,5871,234.5
2021-10-12,5483415,1269173948,238.0,226.0,234.0,-2.0,3990,5871,237.0
2021-10-13,2478537,573525694,237.0,228.0,231.5,-2.5,2006,5871,232.5
2021-10-14,2347869,537256923,232.0,226.5,229.5,-2.0,2236,5871,231.0
2021-10-15,2884782,673457577,235.5,229.5,233.5,4.0,2380,5871,232.5
2021-10-18,3306937,781619098,241.0,233.0,234.5,1.0,2535,5871,236.5
2021-10-19,2265781,539163441,240.0,236.0,237.5,3.0,1885,5871,238.5
2021-10-20,3758696,900254880,241.0,236.5,240.5,3.0,2259,5871,239.5
2021-10-21,5182185,1256745633,245.0,239.5,244.0,3.5,2937,5871,242.5
2021-10-22,4383827,1060558269,245.5,239.5,242.0,-2.0,2233,5871,245.5
2021-10-25,1868940,454728152,246.0,241.0,245.0,3.0,1007,5871,242.0
2021-10-26,5943717,1517746544,260.5,245.5,256.0,11.0,4552,5871,247.0
2021-10-27,7001660,1838921286,270.5,257.0,270.5,14.5,7768,5871,257.5
2021-10-28,6850768,1842833873,273.0,265.5,268.5,-2.0,3996,5871,269.5
2021-10-29,5160613,1355901738,269.0,257.0,266.0,-2.5,7178,5871,268.5
2021-11-01,3857385,1049186740,276.0,267.5,275.0,9.0,3801,5871,270.0
2021-11-02,2899420,782792099,275.0,267.0,269.5,-5.5,4855,5871,275.0
2021-11-03,3423037,902033050,270.0,261.5,263.0,-6.5,2827,5871,268.0
2021-11-04,3289659,858606541,266.5,259.0,260.5,-2.5,2393,5871,264.5
2021-11-05,1721614,453803680,266.0,257.5,265.0,4.5,1749,5871,260.0
2021-11-08,3276987,857366819,266.0,259.0,261.5,-3.5,3642,5871,265.0
2021-11-09,2806812,728954411,263.0,257.5,260.5,-1.0,2226,5871,259.5
2021-11-10,6536426,1649154280,257.0,250.5,251.0,-9.5,4988,5871,257.0
2021-11-11,1790745,460245012,259.0,251.0,257.5,6.5,1705,5871,252.0
2021-11-12,2140385,541996200,258.5,251.0,252.0,-5.5,2725,5871,258.0
2021-11-15,3659686,912143391,253.0,247.0,248.5,-3.5,3666,5871,253.0
2021-11-16,1954013,491656045,253.0,250.0,252.0,3.5,1890,5871,250.5
2021-11-17,2096005,525168434,252.0,249.0,251.0,-1.0,1853,5871,250.0
2021-11-18,2581475,657412270,256.5,251.5,253.5,2.5,2073,5871,253.0
2021-11-19,1803198,453366801,255.5,250.0,251.0,-2.5,1764,5871,255.0
2021-11-22,2969024,731677812,250.5,244.5,246.0,-5.0,3817,5871,250.0
2021-11-23,1964671,482211207,247.5,241.5,246.0,0.0,1754,5871,245.0
2021-11-24,1676445,413533880,248.5,244.0,246.5,0.5,1885,5871,244.0
2021-11-25,1781066,440287627,249.0,246.0,247.0,0.5,1475,5871,248.5
2021-11-26,2314154,565574987,246.5,243.0,243.0,-4.0,2621,5871,245.0
2021-11-29,1946655,470672352,244.0,239.5,242.0,-1.0,1883,5871,241.5
2021-11-30,7192146,1770822338,249.5,242.0,247.0,5.0,3155,5871,242.0
2021-12-01,3283944,817291117,251.5,244.0,251.0,4.0,2551,5871,247.0
2021-12-02,2657377,670540559,255.0,248.5,253.5,2.5,2550,5871,251.0
2021-12-03,1870711,479439867,258.0,255.0,255.5,2.0,3345,5871,256.0
2021-12-06,2025152,518804312,258.0,252.5,256.5,1.0,2292,5871,254.0
2021-12-07,3397095,871881423,260.0,251.5,260.0,3.5,7735,5871,255.5
2021-12-08,2216906,582024386,264.5,259.5,263.5,3.5,4298,5871,264.0
2021-12-09,2417426,624084019,260.5,255.5,259.5,-4.0,9010,5871,259.5
2021-12-10,2034924,524096800,260.0,256.0,256.5,-3.0,1393,5871,259.0
2021-12-13,2271582,585129686,260.5,255.5,255.5,-1.0,1976,5871,260.0
2021-12-14,2723458,681171047,255.0,248.0,250.0,-5.5,3884,5871,253.5
2021-12-15,1730799,433015184,253.5,247.5,250.5,0.5,1489,5871,250.5
2021-12-16,2045239,513370760,254.5,248.5,251.5,1.0,1321,5871,249.0
2021-12-17,2562993,649013013,254.5,250.0,254.5,3.0,1372,5871,250.0
2021-12-20,3922997,982192016,255.0,248.0,249.5,-5.0,3456,5871,251.0
2021-12-21,1805095,451563137,252.0,248.0,250.5,1.0,1341,5871,249.0
2021-12-22,758747,189950248,252.0,249.0,251.0,0.5,756,5871,250.5
2021-12-23,937232,235732417,252.5,250.0,252.5,1.5,909,5871,250.0
2021-12-24,961956,244979697,256.0,253.0,255.0,2.5,1167,5871,253.0
2021-12-27,853178,218331971,257.0,253.5,255.5,0.5,1149,5871,255.0
2021-12-28,2679133,699317780,264.5,256.5,264.0,8.5,2525,5871,257.0
2021-12-29,1528653,405664041,267.0,262.5,266.0,2.0,2198,5871,264.0
2021-12-30,1512382,402135949,270.0,263.0,263.5,-2.5,4112,5871,268.0
2022-01-03,2420231,650445788,272.0,266.0,268.0,4.5,2943,5871,266.5
2022-01-04,1569679,415571825,269.0,261.0,264.0,-4.0,6219,5871,268.5
2022-01-05,2434271,650357983,269.5,259.5,268.5,4.5,1892,5871,260.5
2022-01-06,1900287,508081984,271.0,263.5,267.0,-1.5,5563,5871,268.0
2022-01-07,1709605,452250226,267.5,260.0,265.0,-2.0,3277,5871,265.5
2022-01-10,1357116,354833455,263.5,260.5,261.5,-3.5,3693,5871,261.0
2022-01-11,1668485,441675006,266.5,260.5,266.5,5.0,2409,5871,262.0
2022-01-12,2556044,683642599,269.0,265.0,268.5,2.0,5765,5871,265.0
2022-01-13,3750376,1012163616,273.5,265.0,271.0,2.5,4198,5871,266.0
2022-01-14,8492055,2160680345,267.5,250.0,253.0,-18.0,16074,5871,265.0
2022-01-17,3184618,801585760,256.5,250.0,252.0,-1.0,3699,5871,251.0
2022-01-18,3445908,884103146,259.0,252.0,256.5,4.5,2606,5871,255.0
2022-01-19,2447521,626372664,258.5,252.0,257.5,1.0,2373,5871,256.5
2022-01-20,1173563,302060340,258.5,256.0,257.5,0.0,1550,5871,257.5
2022-01-21,2544043,642682555,257.0,250.5,252.5,-5.0,3882,5871,257.0
2022-01-24,3807557,939556994,251.0,243.5,248.0,-4.5,4335,5871,248.0
2022-01-25,3710661,901621352,247.0,240.5,244.0,-4.0,4312,5871,243.5
2022-01-26,2338856,585533522,253.0,245.0,251.5,7.5,2577,5871,245.0
2022-02-07,4408791,1103625853,252.5,246.5,252.0,0.5,3582,5871,247.5
2022-02-08,5115720,1333773249,264.0,252.5,260.5,8.5,4609,5871,254.5
2022-02-09,2950331,774457470,264.0,260.0,263.5,3.0,4975,5871,263.0
2022-02-10,3719557,990268895,269.0,262.5,269.0,5.5,3270,5871,265.5
2022-02-11,3983107,1071278796,272.5,263.0,272.5,3.5,3410,5871,267.0
2022-02-14,2694763,717274365,270.5,263.0,266.5,-6.0,14208,5871,270.5
2022-02-15,2825744,762558624,271.5,267.0,269.0,2.5,2546,5871,269.0
2022-02-16,2052131,554052467,271.5,268.5,269.0,0.0,6060,5871,270.0
2022-02-17,3508635,940768962,272.5,265.5,267.5,-1.5,5309,5871,269.0
2022-02-18,1467261,386742034,266.0,263.0,263.0,-4.5,5881,5871,266.0
2022-02-21,1097145,288395526,265.0,260.0,264.0,1.0,1102,5871,261.5
2022-02-22,2438889,631550318,262.0,257.5,259.0,-5.0,2594,5871,260.5
2022-02-23,2469489,651130837,266.0,261.0,263.0,4.0,1929,5871,261.0
2022-02-24,2882757,748968597,263.0,258.0,258.5,-4.5,3194,5871,263.0
2022-02-25,6138496,1553929820,262.5,251.0,251.0,-7.5,5561,5871,256.5
2022-03-01,3765166,967770004,261.0,248.5,260.5,9.5,3002,5871,248.5
2022-03-02,1375500,354965883,259.5,256.5,258.0,-2.5,1444,5871,259.0
2022-03-03,1455382,375535991,259.5,257.0,258.5,0.5,1346,5871,258.5
2022-03-04,3081061,776434223,255.0,250.5,251.0,-7.5,3928,5871,255.0
2022-03-07,4526602,1100996095,247.0,240.5,240.5,-10.5,6478,5871,247.0
2022-03-08,5853251,1367462731,240.0,230.5,232.5,-8.0,7046,5871,233.0
2022-03-09,3132365,736968177,238.0,234.0,235.0,2.5,3386,5871,234.0
2022-03-10,3645979,888224130,245.0,241.5,244.5,9.5,2644,5871,242.0
2022-03-11,2622659,629906621,244.0,238.0,238.5,-6.0,3021,5871,244.0
2022-03-14,1832730,437269825,242.0,236.0,238.5,0.0,2110,5871,238.0
2022-03-15,4598705,1074428280,238.0,232.0,233.0,-5.5,3942,5871,238.0
2022-03-16,5628001,1289008681,234.5,224.0,230.0,-3.0,6229,5871,231.5
2022-03-17,5126541,1235760828,243.5,238.0,241.0,11.0,4294,5871,238.0
2022-03-18,4630618,1136084438,247.5,242.5,246.0,5.0,2692,5871,243.0
2022-03-21,2365222,589111840,251.5,246.0,248.5,2.5,2161,5871,247.5
2022-03-22,1253361,313898711,251.5,247.0,251.0,2.5,1124,5871,247.0
2022-03-23,1819571,461323231,255.0,251.5,255.0,4.0,1800,5871,251.5
2022-03-24,1253565,316200576,254.0,251.0,252.5,-2.5,2081,5871,252.5
2022-03-25,2430063,605732465,252.0,248.0,248.0,-4.5,1843,5871,252.0
2022-03-28,3327697,803991275,246.0,239.0,242.0,-6.0,3802,5871,245.5
2022-03-29,2995631,718636397,251.0,243.5,251.0,9.0,1700,5871,245.5
2022-03-30,3884872,939116942,255.5,251.5,254.0,3.0,2101,5871,251.5
2022-03-31,2955153,752025741,257.5,252.0,253.5,-0.5,1800,5871,257.0
2022-04-01,2998872,755401101,253.5,249.0,253.0,-0.5,3981,5871,250.0
2022-04-06,3953923,1013260170,260.0,250.0,260.0,7.0,3026,5871,250.0
2022-04-07,3430693,880723845,259.0,255.5,256.0,-4.0,4367,5871,255.5
2022-04-08,2480439,629971566,258.0,253.0,253.0,-3.0,2934,5871,256.0
2022-04-11,4759916,1162905093,254.0,240.5,242.0,-11.0,5106,5871,251.5
2022-04-12,3849392,944029818,248.0,242.0,245.5,3.5,3754,5871,248.0
2022-04-13,4389982,1087070086,248.5,245.0,248.5,3.0,2383,5871,248.0
2022-04-14,1812374,458323073,255.0,248.5,254.0,5.5,2111,5871,249.0
2022-04-15,1438505,357375271,253.0,246.0,247.0,-7.0,2722,5871,253.0
2022-04-18,1384575,339953840,247.0,243.0,247.0,0.0,1931,5871,244.5
2022-04-19,1210553,299073798,249.0,245.0,247.5,0.5,1020,5871,245.5
2022-04-20,3820312,934787904,247.0,241.0,243.5,-4.0,3003,5871,247.0
2022-04-21,4029575,991142526,250.0,244.0,246.5,3.0,2828,5871,246.5
2022-04-22,5934161,1441129119,244.0,240.0,242.5,-4.0,3176,5871,243.5
2022-04-25,5036189,1203798981,240.5,236.5,236.5,-6.0,5407,5871,239.0
2022-04-26,5511157,1314289847,245.0,232.5,245.0,8.5,3675,5871,236.0
2022-04-27,3898864,917556043,239.5,232.5,234.5,-10.5,4586,5871,239.5
2022-04-28,4072879,957046086,237.0,232.5,236.0,1.5,3491,5871,235.5
2022-04-29,2110519,499472491,238.5,235.0,236.5,0.5,2191,5871,236.0
2022-05-03,2333839,552979684,240.0,231.5,239.0,2.5,2671,5871,234.0
2022-05-04,2072678,503539011,244.5,239.0,244.0,5.0,2335,5871,241.0
2022-05-05,2778675,678983042,248.5,242.0,242.0,-2.0,4031,5871,246.0
2022-05-06,2770431,652871775,240.0,234.0,236.5,-5.5,3926,5871,238.0
2022-05-09,3726376,849403487,233.5,225.0,225.0,-11.5,5554,5871,232.0
2022-05-10,10288953,2212120827,220.0,212.0,215.5,-9.5,9637,5871,214.0
2022-05-11,6853231,1453071777,218.5,209.5,212.5,-3.0,6740,5871,215.0
2022-05-12,8656784,1747188419,209.0,198.5,199.5,-13.0,9414,5871,208.0
2022-05-13,10467742,2032980395,200.0,191.5,192.5,-7.0,11625,5871,200.0
2022-05-16,6980722,1349700700,198.0,191.0,193.0,0.5,6184,5871,195.0
2022-05-17,5841454,1138760130,197.5,192.5,194.5,1.5,5127,5871,195.5
2022-05-18,10073331,2048152167,209.0,196.0,207.0,12.5,7855,5871,196.0
2022-05-19,5295802,1068443495,204.5,197.0,204.5,-2.5,5708,5871,201.0
2022-05-20,3772156,772911901,206.5,203.0,205.0,0.5,3568,5871,204.5
2022-05-23,3030198,621012291,207.5,203.0,205.5,0.5,2424,5871,205.5
2022-05-24,2610890,534639821,208.5,202.5,202.5,-3.0,2546,5871,205.0
2022-05-25,3370735,689210386,207.0,202.5,204.5,2.0,2584,5871,204.5
2022-05-26,7333919,1478662097,208.0,198.0,199.0,-5.5,6412,5871,206.5
2022-05-27,4843120,1007136530,212.0,200.5,210.0,11.0,4453,5871,200.5
2022-05-30,4502326,969347097,218.0,211.5,215.5,5.5,13722,5871,213.0
2022-05-31,10620143,2361931118,225.0,218.0,225.0,9.5,5413,5871,221.5
2022-06-01,3706543,826295827,226.0,220.0,222.5,-2.5,7030,5871,225.0
2022-06-02,2300547,511667219,225.5,218.0,222.5,0.0,4205,5871,219.0
2022-06-06,2293088,509158206,225.5,218.5,222.5,0.0,3928,5871,225.0
2022-06-07,2379271,528254091,224.5,219.5,223.0,0.5,2067,5871,220.5
2022-06-08,3257592,747212321,231.5,224.5,231.0,8.0,3072,5871,225.0
2022-06-09,3154608,725077524,234.0,227.5,228.5,-2.5,5072,5871,231.0
2022-06-10,3595028,793473903,226.5,222.5,223.5,-5.0,3249,5871,226.0
2022-06-13,3578684,786843267,222.0,217.0,221.0,-2.5,2661,5871,219.0
2022-06-14,3825636,830656221,220.0,215.0,217.5,-3.5,3081,5871,218.0
2022-06-15,4439923,1001427138,229.0,218.0,226.5,9.0,3414,5871,219.0
2022-06-16,6829218,1569389117,235.5,225.0,227.0,0.5,7038,5871,230.0
2022-06-17,5126725,1126086666,224.5,218.0,218.5,-8.5,6947,5871,222.0
2022-06-20,3724926,815306260,223.5,216.0,216.0,-2.5,3019,5871,221.5
2022-06-21,3812296,845601088,225.5,217.5,224.5,8.5,2800,5871,219.5
2022-06-22,5022579,1025477632,210.5,200.5,202.5,0.0,8499,5871,208.5
2022-06-23,3743324,756190277,206.0,199.5,203.0,0.5,5196,5871,206.0
2022-06-24,3999197,821115701,207.5,202.5,205.0,2.0,3817,5871,205.0
2022-06-27,4152435,873662564,214.0,204.5,212.5,7.5,3760,5871,206.0
2022-06-28,3379682,724792002,217.0,211.0,214.5,2.0,4909,5871,212.5
2022-06-29,4499644,970531258,217.5,211.5,217.0,2.5,5187,5871,212.0
2022-06-30,5150110,1063109777,218.0,208.0,208.5,-8.5,6087,5871,217.0
2022-07-01,16773347,3255397779,198.5,188.0,189.0,-19.5,12583,5871,197.0
2022-07-04,7397566,1391208042,194.0,183.5,188.0,-1.0,6007,5871,187.5
2022-07-05,5092864,965881156,193.0,186.5,191.0,3.0,3467,5871,192.0
2022-07-06,6975961,1339450182,195.5,190.0,190.5,-0.5,4546,5871,192.5
2022-07-07,6107200,1169602340,194.0,187.0,192.0,1.5,3742,5871,192.5
2022-07-08,6622902,1272572984,193.5,189.5,192.5,0.5,4052,5871,192.5
2022-07-11,3139613,604376407,195.0,190.5,192.0,-0.5,2340,5871,193.0
2022-07-12,3694751,689913179,191.0,185.0,188.0,-4.0,3468,5871,190.0
2022-07-13,5491066,1044351731,191.5,189.0,190.0,2.0,3026,5871,190.0
2022-07-14,3190769,608796698,192.5,189.0,192.5,2.5,1945,5871,191.0
2022-07-15,7711390,1432050651,192.0,181.5,185.5,-7.0,6517,5871,192.0
2022-07-18,12699646,2361183462,190.0,184.0,186.5,1.0,3423,5871,185.0
2022-07-19,9416621,1775795806,192.0,185.5,187.5,1.0,5169,5871,189.0
2022-07-20,7471111,1417872163,191.5,187.5,191.0,3.5,4054,5871,190.0
2022-07-21,5378819,1048374266,197.0,192.0,197.0,6.0,3898,5871,193.0
2022-07-22,4953073,986008807,201.0,194.5,201.0,4.0,4466,5871,197.5
2022-07-25,3823603,760738097,201.5,197.5,199.0,-2.0,3140,5871,199.5
2022-07-26,5813514,1180285854,205.0,201.0,202.5,3.5,4013,5871,201.5
2022-07-27,3287414,663436689,204.0,201.0,203.5,1.0,2509,5871,201.5
2022-07-28,2648107,540148225,206.0,202.5,204.0,0.5,2274,5871,204.0
2022-07-29,5726337,1190808160,211.5,205.0,211.5,7.5,3964,5871,206.0
2022-08-01,2997244,634964302,213.0,208.0,213.0,1.5,2498,5871,212.5
2022-08-02,4940870,1049755129,214.0,210.0,213.0,0.0,3234,5871,210.5
2022-08-03,6042491,1236935502,211.0,203.0,203.5,-9.5,5881,5871,211.0
2022-08-04,3840382,787096613,207.0,203.0,204.5,1.0,2752,5871,204.5
2022-08-05,3898728,832445925,216.0,207.5,216.0,11.5,3643,5871,208.0
2022-08-08,2994010,651241099,219.0,214.0,219.0,3.0,3106,5871,215.0
2022-08-09,2967230,652913992,222.0,217.5,220.0,1.0,3301,5871,219.5
2022-08-10,2628290,578812922,221.5,218.0,221.0,1.0,9082,5871,219.5
2022-08-11,5932671,1302989073,225.5,217.5,218.5,-2.5,12551,5871,224.5
2022-08-12,2664894,592819409,224.5,218.5,223.5,5.0,2955,5871,220.5
2022-08-15,3225530,730749897,228.5,225.0,226.0,2.5,2849,5871,225.5
2022-08-16,1925002,430363734,225.0,222.0,224.5,-1.5,1882,5871,224.5
2022-08-17,2873950,644946623,227.0,222.0,225.0,0.5,5823,5871,223.0
2022-08-18,2147057,475560057,223.5,220.0,222.0,-3.0,6838,5871,223.5
2022-08-19,2338570,513076397,222.0,218.0,219.0,-3.0,5334,5871,220.5
2022-08-22,1729974,375790952,218.5,215.5,217.5,-1.5,1856,5871,216.5
2022-08-23,3632154,775133302,216.5,212.5,213.0,-4.5,2493,5871,215.5
2022-08-24,4075665,864141812,214.5,209.5,212.0,-1.0,3196,5871,214.5
2022-08-25,1838994,395157105,216.5,213.0,215.5,3.5,1723,5871,214.5
2022-08-26,4439627,972509157,221.0,217.0,220.0,4.5,2009,5871,217.5
2022-08-29,13274135,2672267499,212.5,198.5,199.0,-21.0,15973,5871,211.0
2022-08-30,7829981,1567536533,202.5,197.0,200.5,1.5,5377,5871,199.0
2022-08-31,6326382,1250742523,199.5,195.5,197.0,-3.5,5033,5871,198.0
2022-09-01,6222097,1199192516,194.0,191.0,193.0,-4.0,7277,5871,193.5
2022-09-02,8667683,1642105355,192.0,187.5,188.5,-4.5,7862,5871,190.5
2022-09-05,5299978,1001641984,192.5,184.5,190.0,1.5,4622,5871,187.0
2022-09-06,2953271,569688090,195.0,190.5,192.5,2.5,2844,5871,192.0
2022-09-07,4344620,818704641,191.5,187.0,187.5,-5.0,5566,5871,190.0
2022-09-08,5984721,1152921328,194.5,189.0,193.5,6.0,3221,5871,190.0
2022-09-12,4552121,905650552,200.5,197.0,200.0,6.5,3356,5871,199.0
2022-09-13,3149757,638409366,205.0,201.5,202.0,2.0,2787,5871,201.5
2022-09-14,4901290,962044120,197.5,193.5,196.5,-5.5,4157,5871,195.5
2022-09-15,2901622,574530739,201.0,194.0,199.5,3.0,2619,5871,195.5
2022-09-16,4480816,884507743,199.5,197.0,197.0,-2.5,2348,5871,197.0
2022-09-19,2281654,451645232,199.5,195.5,198.5,1.5,1931,5871,197.0
2022-09-20,2891858,570834913,199.0,195.5,197.5,-1.0,2405,5871,199.0
2022-09-21,2267241,446397066,198.0,195.5,197.5,0.0,2223,5871,196.0
2022-09-22,3635733,700504119,195.0,190.0,192.0,-5.5,3875,5871,193.5
2022-09-23,1891633,367919818,197.0,192.5,193.0,1.0,2017,5871,195.0
2022-09-26,4716520,876607114,189.5,184.0,185.5,-7.5,6294,5871,189.0
2022-09-27,2449266,454627285,187.5,184.0,186.0,0.5,3121,5871,186.0
2022-09-28,3778901,691785422,188.0,181.5,181.5,-4.5,4122,5871,187.5
2022-09-29,2775720,507204295,185.0,181.5,182.5,1.0,2654,5871,184.5
2022-09-30,3743117,677087373,184.0,178.0,182.5,0.0,3035,5871,180.0
2022-10-03,1841703,330239495,181.5,178.0,179.0,-3.5,3200,5871,179.0
2022-10-04,2745874,509990830,188.0,182.5,186.5,7.5,2248,5871,182.5
2022-10-05,4845805,923636163,192.0,189.5,190.0,3.5,2532,5871,190.0
2022-10-06,1788685,340492354,192.0,189.0,190.0,0.0,3227,5871,191.5
2022-10-07,2723381,508797587,189.5,185.5,186.5,-3.5,2096,5871,188.5
2022-10-11,5666300,1006471247,180.5,175.5,176.0,-10.5,7033,5871,179.5
2022-10-12,3410762,599622606,178.5,173.5,178.0,2.0,3540,5871,175.0
2022-10-13,9450752,1594536904,177.0,165.0,165.5,-12.5,11180,5871,174.5
2022-10-14,4149474,711661270,173.5,170.0,170.5,5.0,3277,5871,170.5
2022-10-17,4463163,762259591,173.0,167.0,172.0,1.5,2787,5871,169.5
2022-10-18,3659846,636924007,175.5,172.0,175.0,3.0,2423,5871,173.5
2022-10-19,2698824,469670248,177.5,171.5,172.0,-3.0,2996,5871,175.5
2022-10-20,7365638,1234994463,170.0,166.0,168.5,-3.5,4560,5871,168.5
2022-10-21,4574280,760152840,169.5,163.5,164.5,-4.0,4371,5871,167.0
2022-10-24,10184686,1627527684,168.5,156.0,157.0,-7.5,9329,5871,167.5
2022-10-25,19997323,2896233106,154.5,141.5,141.5,-15.5,19744,5871,153.5
2022-10-26,14486869,2055611787,144.0,139.0,143.0,1.5,9516,5871,141.5
2022-10-27,9072382,1353753239,152.5,144.0,150.0,7.0,7132,5871,145.0
2022-10-28,8045358,1220992590,155.5,148.0,149.5,-0.5,7775,5871,150.0
2022-10-31,9967566,1464910375,151.5,143.5,149.0,-0.5,7402,5871,151.0
2022-11-01,7683142,1183707590,156.0,150.5,154.5,5.5,5136,5871,153.0
2022-11-02,7858544,1192776663,154.5,150.0,151.5,-3.0,5716,5871,154.0
2022-11-03,3947499,603756897,154.5,149.0,154.0,2.5,2922,5871,149.0
2022-11-04,5964437,923874138,157.5,151.0,157.5,3.5,3846,5871,151.0
2022-11-07,6627400,1049391111,161.0,155.5,159.5,2.0,4149,5871,157.0
2022-11-08,8537194,1414551616,169.0,160.5,166.0,6.5,6359,5871,160.5
2022-11-09,6464774,1089286100,170.0,165.0,169.5,3.5,4530,5871,166.0
2022-11-10,4196320,705923456,171.0,166.0,168.5,-1.0,3425,5871,167.0
2022-11-11,8554709,1490086374,180.0,171.0,173.0,4.5,5932,5871,178.5
2022-11-14,16671329,3101264636,190.0,174.5,190.0,17.0,10755,5871,176.0
2022-11-15,10842084,2080639894,195.0,187.5,195.0,5.0,14640,5871,192.5
2022-11-16,8999246,1693735680,192.0,185.5,187.5,-7.5,16922,5871,191.0
2022-11-17,5966699,1102313678,188.0,182.5,185.5,-2.0,4640,5871,188.0
2022-11-18,4036594,748629182,188.5,183.5,185.5,0.0,3235,5871,185.5
2022-11-21,6350478,1162855025,186.0,180.5,186.0,0.5,3898,5871,182.5
2022-11-22,3247824,599737820,187.5,183.0,184.5,-1.5,2790,5871,184.5
2022-11-23,3740255,702820951,189.5,185.5,188.5,4.0,3097,5871,185.5
2022-11-24,3455618,659638460,192.0,190.0,191.5,3.0,3477,5871,191.5
2022-11-25,3297758,636752207,195.5,191.0,192.5,1.0,3439,5871,192.0
2022-11-28,4440416,844786630,193.0,186.5,191.0,-1.5,4901,5871,189.5
2022-11-29,3903615,743556965,192.5,187.0,192.5,1.5,3249,5871,188.5
2022-11-30,11137322,2213612244,201.5,191.0,201.5,9.0,7129,5871,191.5
2022-12-01,9505302,1939742734,207.5,201.0,205.0,3.5,6548,5871,204.0
2022-12-02,8389518,1753178435,211.5,204.5,211.5,6.5,7213,5871,205.0
2022-12-05,5881838,1249445080,214.5,209.5,212.0,0.5,5968,5871,212.0
2022-12-06,8997812,1924073326,217.0,208.5,214.5,2.5,8228,5871,210.0
2022-12-07,5826155,1223398665,214.0,207.0,208.0,-6.5,11101,5871,214.0
2022-12-08,6203941,1281090162,212.0,200.0,210.0,2.0,8883,5871,206.0
2022-12-09,5627228,1192553479,214.0,210.0,212.5,2.5,5052,5871,211.0
2022-12-12,3009782,635894571,213.0,209.5,210.5,-2.0,3116,5871,213.0
2022-12-13,4721144,999099735,214.0,208.5,209.5,-1.0,5708,5871,211.5
2022-12-14,6234970,1326556849,215.5,209.0,213.5,4.0,4463,5871,211.5
2022-12-15,7684447,1664360733,219.5,212.0,219.5,6.0,4874,5871,214.0
2022-12-16,7388838,1587187471,217.0,213.5,214.5,-5.0,11865,5871,214.5
2022-12-19,3861846,839931438,220.0,213.0,218.0,3.5,2931,5871,213.0
2022-12-20,5914811,1273941955,219.0,213.0,213.5,-4.5,7391,5871,216.5
2022-12-21,6410266,1403048906,221.0,215.0,219.5,6.0,4630,5871,215.0
2022-12-22,4956336,1074543716,220.0,214.5,215.5,-4.0,25004,5871,220.0
2022-12-23,2710924,584993880,217.5,213.5,216.5,1.0,9543,5871,214.5
2022-12-26,1933124,416983078,217.5,214.5,215.5,-1.0,3005,5871,217.0
2022-12-27,2494882,547216350,220.5,216.5,219.5,4.0,2370,5871,217.0
2022-12-28,5009347,1125889658,218.5,215.0,215.0,-4.5,10506,5871,217.5
2022-12-29,5487109,1159822245,215.5,207.5,214.0,-1.0,12356,5871,211.5
2022-12-30,2420834,525285820,218.5,215.0,217.0,3.0,3584,5871,215.0
2023-01-03,2583833,556807177,218.0,213.0,217.0,0.0,6173,5871,215.0
2023-01-04,5845600,1291936410,223.5,217.5,223.0,6.0,18180,5871,219.0
2023-01-05,4281343,953015034,226.0,220.0,220.0,-3.0,14896,5871,222.0
2023-01-06,3814947,849246581,225.0,219.5,224.0,4.0,11497,5871,223.0
2023-01-09,6307360,1439651289,231.0,224.5,231.0,7.0,6739,5871,225.0
2023-01-10,4108338,950512369,233.0,229.5,233.0,2.0,4154,5871,232.0
2023-01-11,4610971,1065916121,235.0,229.0,229.5,-3.5,18670,5871,234.0
2023-01-12,4217951,959373265,232.0,224.5,226.0,-3.5,9374,5871,231.0
2023-01-13,5123171,1140716797,228.5,220.0,222.0,-4.0,9511,5871,227.5
2023-01-16,5854281,1345359539,232.5,224.5,231.5,9.5,4769,5871,225.0
2023-01-17,3128932,720918795,233.0,229.0,230.0,-1.5,3416,5871,230.5
2023-01-30,11460232,2735860479,243.5,233.0,240.0,10.0,7263,5871,241.5
2023-01-31,10713881,2447046000,237.0,225.0,225.0,-15.0,10314,5871,236.5
2023-02-01,7175971,1669103583,235.0,228.0,234.5,9.5,5461,5871,231.0
2023-02-02,4711795,1092935698,235.5,230.0,231.0,-3.5,4015,5871,235.5
2023-02-03,2790110,644882670,233.5,230.0,230.0,-1.0,2595,5871,231.0
2023-02-06,4147288,938644135,229.5,222.5,227.5,-2.5,4011,5871,225.5
2023-02-07,2609349,597345811,231.0,227.5,227.5,0.0,2160,5871,228.5
2023-02-08,1492829,342704798,231.0,228.0,230.5,3.0,1695,5871,230.0
2023-02-09,2521034,582460175,233.0,228.0,230.5,0.0,2073,5871,228.0
2023-02-10,2184140,507719030,234.0,229.0,233.0,2.5,2352,5871,229.0
2023-02-13,2801259,650263042,234.5,230.0,232.0,-1.0,2654,5871,234.0
2023-02-14,2332135,543388748,234.0,231.5,234.0,2.0,2073,5871,233.5
2023-02-15,2921794,683371962,235.0,233.0,234.5,0.5,2484,5871,234.0
2023-02-16,3869481,898895235,235.5,230.5,231.5,-3.0,3551,5871,235.5
2023-02-17,3275819,757748659,233.0,230.0,231.5,0.0,1917,5871,230.5
2023-02-20,3393076,782496279,232.0,229.5,231.0,-0.5,2422,5871,231.0
2023-02-21,2427187,555454657,231.0,227.0,228.5,-2.5,3056,5871,231.0
2023-02-22,3230667,732663517,228.5,225.0,228.0,-0.5,3123,5871,227.0
2023-02-23,5203442,1174681700,228.0,224.0,225.0,-3.0,4671,5871,227.0
2023-02-24,11920356,2663293191,229.0,218.5,225.5,0.5,8764,5871,229.0
2023-03-01,5738064,1297792943,229.5,219.0,229.0,3.5,4432,5871,219.0
2023-03-02,2553782,580787538,230.0,226.0,226.0,-3.0,2796,5871,229.5
2023-03-03,3029868,687087900,230.5,225.0,226.0,0.0,2826,5871,228.5
2023-03-06,1938957,442095838,229.0,226.5,228.0,2.0,1783,5871,228.5
2023-03-07,4787119,1105538466,233.0,228.0,232.0,4.0,3738,5871,228.0
2023-03-08,3024606,702360035,234.0,230.5,232.5,0.5,3621,5871,230.5
2023-03-09,4639097,1088490166,237.0,233.0,234.5,2.0,3275,5871,234.5
2023-03-10,5342718,1225172450,233.5,226.0,227.0,-7.5,6106,5871,232.5
2023-03-13,5475824,1268286874,235.0,225.5,234.5,7.5,4474,5871,229.5
2023-03-14,4386976,1009466035,232.5,228.0,229.5,-5.0,7509,5871,230.5
2023-03-15,2640210,609153953,232.5,229.5,229.5,0.0,1963,5871,231.0
2023-03-16,4173055,950899361,229.5,226.0,228.0,-1.5,2953,5871,228.0
2023-03-17,4166931,958406098,231.0,228.5,230.0,2.0,2155,5871,229.5
2023-03-20,1540648,354195227,231.5,228.0,231.0,1.0,1898,5871,231.5
2023-03-21,2073793,475421439,232.0,227.5,229.0,-2.0,2220,5871,231.5
2023-03-22,3066240,714567642,235.0,229.0,234.0,5.0,2769,5871,230.5
2023-03-23,2188281,515790203,237.5,232.5,237.0,3.0,2626,5871,233.5
2023-03-24,4013525,930102792,236.0,230.5,232.0,-5.0,10022,5871,236.0
2023-03-27,2323586,541194436,234.5,230.5,233.0,1.0,2072,5871,231.0
2023-03-28,1177014,274610380,234.5,232.5,233.0,0.0,3637,5871,234.0
2023-03-29,5090959,1152313223,228.5,224.0,228.5,-4.5,9816,5871,224.0
2023-03-30,3927059,884795952,228.0,224.0,225.5,-3.0,5760,5871,228.0
2023-03-31,5588792,1242538223,225.0,220.0,223.5,-2.0,5978,5871,224.5
2023-04-06,3138930,696606540,225.0,220.0,220.5,-3.0,4116,5871,224.0
2023-04-07,1753410,391696055,225.0,221.0,223.5,3.0,1917,5871,221.5
2023-04-10,2408253,539414504,225.5,223.0,224.0,0.5,2426,5871,224.0
2023-04-11,2796355,637547239,229.5,226.5,228.0,4.0,2826,5871,227.5
2023-04-12,1545985,351900601,229.0,226.0,228.0,0.0,2765,5871,228.0
2023-04-13,2765244,631259899,230.5,226.0,229.5,1.5,2152,5871,226.0
2023-04-14,4233488,983444619,233.5,229.5,233.5,4.0,3297,5871,231.5
2023-04-17,2584996,594103245,232.0,228.5,230.0,-3.5,5459,5871,231.5
2023-04-18,1411491,324034159,230.5,228.0,230.0,0.0,1574,5871,228.5
2023-04-19,1884961,429869830,229.5,227.0,229.0,-1.0,3123,5871,229.0
2023-04-20,1715090,388712102,229.5,225.0,225.0,-4.0,2061,5871,228.0
2023-04-21,2171973,490554449,228.0,224.0,225.5,0.5,2121,5871,226.0
2023-04-24,1041733,233494359,226.0,221.0,226.0,0.5,1465,5871,224.0
2023-04-25,2103218,469185400,227.5,221.0,222.0,-4.0,2742,5871,226.5
2023-04-26,2673880,599150045,226.0,220.5,224.5,2.5,2404,5871,221.0
2023-04-27,3583312,789660691,224.0,218.0,220.0,-4.5,5773,5871,223.0
2023-04-28,2167357,483094515,224.0,221.0,223.0,3.0,1748,5871,221.5
2023-05-02,1820681,409414616,226.5,223.0,225.0,2.0,2262,5871,224.5
2023-05-03,1508573,336010160,224.0,221.5,222.5,-2.5,2821,5871,224.0
2023-05-04,1867662,413151567,222.5,220.5,221.0,-1.5,2864,5871,221.0
2023-05-05,2861685,628812659,222.0,218.5,220.5,-0.5,3278,5871,222.0
2023-05-08,2179777,490682562,226.5,222.5,226.0,5.5,2230,5871,222.5
2023-05-09,1367860,307254793,226.5,223.5,224.0,-2.0,6162,5871,225.0
2023-05-10,2158707,485287150,227.5,223.0,225.0,1.0,1813,5871,226.0
2023-05-11,2238005,502972968,227.0,223.5,224.5,-0.5,1667,5871,226.0
2023-05-12,3335052,744312201,226.5,221.5,222.0,-2.5,2913,5871,225.5
2023-05-15,8903388,1875530222,221.0,206.0,209.0,-13.0,14258,5871,221.0
2023-05-16,5935496,1232506077,209.5,206.0,208.0,-1.0,7500,5871,208.0
2023-05-17,5105631,1087182839,216.0,207.0,214.0,6.0,4831,5871,208.0
2023-05-18,5137822,1110905562,218.5,212.0,218.0,4.0,4082,5871,216.0
2023-05-19,5691258,1234294547,222.5,214.0,216.0,-2.0,5782,5871,220.0
2023-05-22,4241156,910312598,216.5,212.5,215.0,-1.0,4552,5871,213.0
2023-05-23,3462674,742550795,216.5,213.5,213.5,-1.5,3218,5871,215.5
2023-05-24,3484257,731965077,213.0,209.0,210.0,-3.5,4665,5871,212.5
2023-05-25,7614002,1560360267,208.5,202.0,206.0,-4.0,9091,5871,208.0
2023-05-26,3889808,801939459,208.0,204.5,206.0,0.0,5868,5871,205.0
2023-05-29,6238893,1286449753,211.0,201.0,210.5,4.5,6420,5871,206.5
2023-05-30,3928010,813207270,210.5,205.5,207.0,-3.5,5854,5871,210.5
2023-05-31,29212529,5924983630,206.5,202.5,202.5,-4.5,10319,5871,205.0
2023-06-01,3114827,637603937,205.5,203.5,204.5,2.0,3508,5871,204.0
2023-06-02,4204211,861388740,206.0,202.5,205.0,0.5,3468,5871,202.5
2023-06-05,3034772,631565238,210.0,206.5,206.5,1.5,3459,5871,206.5
2023-06-06,1456892,303948747,209.5,206.5,209.0,2.5,1996,5871,206.5
2023-06-07,3500624,743896398,213.5,209.5,213.0,4.0,3842,5871,210.0
2023-06-08,1937090,409109432,213.0,210.0,210.0,-3.0,2491,5871,212.0
2023-06-09,1898051,400351859,212.0,208.5,211.5,1.5,2214,5871,212.0
2023-06-12,2665239,561624049,214.0,209.0,209.0,-2.5,3049,5871,213.5
2023-06-13,8372093,1719150822,210.5,204.0,204.0,-5.0,11902,5871,207.5
2023-06-14,3628132,754460764,210.0,205.5,208.5,4.5,3697,5871,205.5
2023-06-15,4175688,857709736,208.0,204.5,205.5,-3.0,6493,5871,207.5
2023-06-16,3841709,789532289,208.0,204.5,205.0,-0.5,3440,5871,206.5
2023-06-19,2306397,475389278,208.0,203.0,207.0,2.0,2881,5871,204.0
2023-06-20,2487504,512116431,207.5,205.0,205.0,-2.0,2775,5871,207.5
2023-06-21,5210175,1050169334,203.0,200.0,201.5,-3.5,9104,5871,201.0
2023-06-26,3478567,699114763,202.0,199.5,202.0,0.5,5500,5871,199.5
2023-06-27,2666395,536492879,203.0,200.0,201.0,-1.0,3431,5871,201.0
2023-06-28,1553499,313885199,203.0,200.5,203.0,2.0,2062,5871,201.0
2023-06-29,3345181,684808824,207.0,203.0,204.0,1.0,3146,5871,205.0
2023-06-30,3304952,671825853,204.5,202.0,204.0,0.0,2850,5871,202.5
2023-07-03,1659826,340822750,206.5,203.5,205.5,1.5,1909,5871,203.5
2023-07-04,4632253,973292540,212.0,206.5,210.0,4.5,4388,5871,206.5
2023-07-05,3041369,639137956,212.0,209.0,210.0,0.0,3465,5871,210.0
2023-07-06,5532656,1136786321,208.0,204.0,204.0,-6.0,5460,5871,207.0
2023-07-07,4739866,954717899,203.0,201.0,201.0,-3.0,7190,5871,201.0
2023-07-10,2003954,404087556,203.5,200.5,201.5,0.5,2397,5871,202.0
2023-07-11,2222792,452768324,204.5,202.0,204.5,3.0,2048,5871,203.0
2023-07-12,3786871,767222883,204.5,202.0,202.5,-2.0,3134,5871,202.5
2023-07-13,3612104,738474966,206.5,202.5,203.5,1.0,3493,5871,202.5
2023-07-14,6805571,1432710280,213.0,206.0,212.0,8.5,6216,5871,206.0
2023-07-17,4956952,1063461407,216.0,212.5,215.0,3.0,5023,5871,213.0
2023-07-18,4436691,940297942,214.5,210.0,211.0,-4.0,4051,5871,214.5
2023-07-19,3610485,766601715,214.0,211.5,212.0,1.0,2711,5871,212.0
2023-07-20,7276997,1515378182,211.0,206.5,206.5,-5.5,5236,5871,211.0
2023-07-21,4405366,898688303,206.0,203.0,204.0,-2.5,5898,5871,205.0
2023-07-24,3699081,756966477,207.0,202.5,205.0,1.0,3325,5871,205.0
2023-07-25,5571142,1150946914,208.0,204.0,207.5,2.5,3175,5871,206.0
2023-07-26,4306497,880928148,207.0,203.5,203.5,-4.0,5366,5871,206.0
2023-07-27,6505090,1336071715,208.5,204.0,204.5,1.0,4618,5871,205.0
2023-07-28,4790801,984095508,206.5,204.0,205.0,0.5,3676,5871,204.5
2023-07-31,7506323,1562333034,209.0,206.5,208.0,3.0,5843,5871,207.0
2023-08-01,5565132,1115269792,203.0,199.0,202.5,0.0,6531,5871,200.0
2023-08-02,4924706,987979341,202.0,199.0,201.0,-1.5,6102,5871,201.0
2023-08-04,9956507,1944374990,199.0,194.0,194.0,-7.0,15060,5871,198.0
2023-08-07,8931981,1681745820,192.5,184.0,187.5,-6.5,13819,5871,192.5
2023-08-08,8996662,1675730073,189.5,184.5,185.0,-2.5,8994,5871,188.0
2023-08-09,3106617,577410109,187.0,184.5,186.5,1.5,3446,5871,184.5
2023-08-10,3313426,621573443,190.0,186.0,187.0,0.5,3493,5871,187.0
2023-08-11,3269822,612783506,190.0,186.0,186.0,-1.0,4064,5871,188.5
2023-08-14,12467353,2178739276,181.5,173.0,173.5,-12.5,19406,5871,181.5
2023-08-15,12532779,2133311421,173.0,168.0,170.0,-3.5,13198,5871,172.5
2023-08-16,10787383,1866547831,176.0,169.0,174.0,4.0,8122,5871,170.0
2023-08-17,7850275,1407680051,183.0,171.0,181.5,7.5,7935,5871,172.5
2023-08-18,7452038,1345852427,182.5,179.0,180.0,-1.5,5058,5871,181.0
2023-08-21,3609267,643074943,180.0,176.0,179.0,-1.0,4454,5871,179.0
2023-08-22,2798635,498997363,179.5,177.5,177.5,-1.5,2941,5871,178.5
2023-08-23,3829723,666538132,177.5,172.5,174.0,-3.5,6244,5871,177.5
2023-08-24,2101595,370592852,177.5,173.5,177.0,3.0,2259,5871,174.5
2023-08-25,3924629,698810501,179.5,175.0,178.0,1.0,2634,5871,176.5
2023-08-28,3332193,604890147,184.0,176.5,181.5,3.5,3522,5871,178.5
2023-08-29,4095666,726582374,179.5,175.0,178.5,-3.0,5145,5871,177.0
2023-08-30,3188745,565239882,179.5,176.0,177.0,-1.5,4641,5871,178.5
2023-08-31,4854521,863885522,180.0,176.5,177.5,0.5,3505,5871,176.5
2023-09-01,4679709,831391448,179.0,175.5,178.5,1.0,3089,5871,176.0
2023-09-04,2606883,469793632,181.5,177.5,181.5,3.0,2931,5871,178.5
2023-09-05,2113106,379187897,181.0,179.0,179.0,-2.5,3248,5871,180.5
2023-09-06,2920011,522769511,180.0,178.0,179.5,0.5,2987,5871,178.5
2023-09-07,4581668,805036485,178.0,174.0,174.5,-5.0,8905,5871,177.0
2023-09-08,4811963,829364547,174.0,170.5,172.5,-2.0,6725,5871,171.5
2023-09-11,3535281,618447289,176.5,173.0,175.0,2.5,2901,5871,173.5
2023-09-12,2768840,484673344,176.0,173.0,176.0,1.0,2621,5871,174.5
2023-09-13,2553927,449992564,177.0,174.5,177.0,1.0,2535,5871,175.5
2023-09-14,2630697,469492461,180.0,177.0,180.0,3.0,2805,5871,177.5
2023-09-15,5923371,1083513128,185.0,182.0,182.5,2.5,4589,5871,182.5
2023-09-18,2439393,445957703,184.0,181.5,183.0,0.5,3137,5871,182.0
2023-09-19,3171753,581606853,184.5,182.0,184.0,1.0,3124,5871,182.5
2023-09-20,3245727,586717910,184.0,179.0,180.0,-4.0,3889,5871,184.0
2023-09-21,4145030,731535033,180.0,175.5,175.5,-4.5,6066,5871,179.0
2023-09-22,2761508,488329388,179.0,174.0,177.5,2.0,2304,5871,174.0
2023-09-25,2715500,493093122,183.0,178.0,181.5,4.0,2558,5871,178.5
2023-09-26,2987935,540459070,183.0,179.5,180.0,-1.5,8997,5871,182.0
2023-09-27,3662937,669956499,184.0,178.5,184.0,4.0,3343,5871,180.0
2023-09-28,4317792,785305655,184.5,180.5,181.0,-3.0,3028,5871,184.0
2023-10-02,2950537,533562775,182.0,178.5,181.0,0.0,2336,5871,181.0
2023-10-03,1915931,344397168,181.0,179.0,179.0,-2.0,2653,5871,179.5
2023-10-04,3862173,682395138,179.5,175.5,177.0,-2.0,4428,5871,179.5
2023-10-05,1945442,345759247,179.0,177.0,177.5,0.5,2180,5871,178.0
2023-10-06,1657451,296793163,180.0,178.0,178.0,0.5,2055,5871,179.5
2023-10-11,6585354,1210661980,186.5,181.0,183.5,5.5,5782,5871,182.0
2023-10-12,3970845,724541488,184.0,180.0,183.5,0.0,6766,5871,183.5
2023-10-13,3141182,575129021,184.0,182.0,183.0,-0.5,2200,5871,182.0
2023-10-16,2152104,392573707,183.0,181.5,182.5,-0.5,2001,5871,182.0
2023-10-17,2487858,453271006,184.0,181.0,181.0,-1.5,2013,5871,182.5
2023-10-18,2756311,492977405,182.0,178.0,179.0,-2.0,3624,5871,180.5
2023-10-19,2362935,420364643,179.0,177.0,179.0,0.0,3062,5871,177.0
2023-10-20,6226357,1085307241,177.5,172.0,174.0,-5.0,7118,5871,177.0
2023-10-23,4394431,756212527,173.5,170.5,172.0,-2.0,4793,5871,171.5
2023-10-24,3527055,602586009,172.5,169.5,171.0,-1.0,4245,5871,169.5
2023-10-25,2153385,374306053,175.0,172.0,173.5,2.5,2243,5871,172.5
2023-10-26,6012740,1034315900,174.0,171.0,171.5,-2.0,4256,5871,172.0
2023-10-27,7620646,1358365523,180.5,173.0,179.0,7.5,4636,5871,173.5
2023-10-30,3427993,607933404,179.0,176.0,177.5,-1.5,3220,5871,177.5
2023-10-31,2726613,480051507,178.5,174.5,175.5,-2.0,2866,5871,177.5
2023-11-01,2615147,455505322,176.5,173.5,173.5,-2.0,3098,5871,176.0
2023-11-02,2340751,414763641,178.5,176.0,176.5,3.0,2278,5871,176.5
2023-11-03,1959280,349886960,179.5,177.5,178.5,2.0,2006,5871,178.5
2023-11-06,3186585,577034653,182.5,178.5,181.0,2.5,2897,5871,179.0
2023-11-07,2805835,509895976,182.5,180.0,182.0,1.0,2519,5871,181.0
2023-11-08,2731149,490850475,182.0,178.5,179.0,-3.0,3288,5871,182.0
2023-11-09,1531536,273170148,180.0,177.5,178.0,-1.0,5080,5871,179.5
2023-11-10,5124191,890505711,175.0,173.0,173.5,-4.5,7652,5871,175.0
2023-11-13,3337188,579222439,175.5,172.0,172.5,-1.0,4548,5871,175.0
2023-11-14,2423152,421223996,175.0,173.0,173.0,0.5,3679,5871,174.5
2023-11-15,5085584,885788961,175.0,173.0,175.0,2.0,4968,5871,173.5
2023-11-16,4631246,814729672,177.0,174.0,176.5,1.5,3821,5871,174.0
2023-11-17,4079065,726042746,179.0,176.0,177.5,1.0,3900,5871,176.5
2023-11-20,2534957,448994041,178.5,175.0,178.0,0.5,3407,5871,177.0
2023-11-21,5727309,1033597282,182.0,177.0,181.0,3.0,5221,5871,178.5
2023-11-22,2551331,463402126,182.5,179.5,182.5,1.5,3164,5871,179.5
2023-11-23,2495927,454802567,184.0,181.0,182.0,-0.5,2551,5871,182.0
2023-11-24,3731439,686818285,185.0,182.5,184.5,2.5,4622,5871,183.0
2023-11-27,4654272,859831150,187.0,182.5,183.5,-1.0,4124,5871,184.5
2023-11-28,5267428,974587716,186.5,182.5,185.0,1.5,4265,5871,185.0
2023-11-29,2227156,409805181,186.0,183.0,183.0,-2.0,8219,5871,185.0
2023-11-30,7075731,1311785145,186.0,183.0,186.0,3.0,3805,5871,184.5
2023-12-01,4553080,833570638,184.5,182.0,182.5,-3.5,4047,5871,184.0
2023-12-04,3759190,686138907,185.0,181.0,181.5,-1.0,3233,5871,183.5
2023-12-05,4698463,847369788,181.0,179.0,181.0,-0.5,4424,5871,180.0
2023-12-06,1856403,335978695,182.5,180.0,180.0,-1.0,2953,5871,181.0
2023-12-07,3835768,688428441,181.0,178.5,179.0,-1.0,5187,5871,178.5
2023-12-08,4774274,867526569,183.5,180.5,181.0,2.0,3296,5871,181.0
2023-12-11,5386445,962610376,180.5,178.0,178.5,-2.5,5627,5871,180.5
2023-12-12,3699213,663872078,180.5,178.5,179.0,0.5,3156,5871,180.0
2023-12-13,6422574,1134307057,179.0,175.0,175.5,-3.5,8634,5871,178.0
2023-12-14,5743970,1022001487,179.5,175.5,179.5,4.0,3850,5871,175.5
2023-12-15,11117765,2063578344,188.0,181.0,187.5,8.0,9721,5871,181.0
2023-12-18,6454172,1217886525,191.5,186.0,186.5,-1.0,8818,5871,189.0
2023-12-19,3167277,590688269,188.0,184.5,186.5,0.0,3291,5871,186.5
2023-12-20,3297106,613100331,188.5,184.5,185.0,-1.5,4735,5871,188.0
2023-12-21,4250365,793071453,187.5,183.5,187.5,2.5,3300,5871,185.0
2023-12-22,3332377,621905933,188.5,185.5,186.5,-1.0,3911,5871,187.0
2023-12-25,1920719,358665125,187.5,185.5,186.5,0.0,1614,5871,187.5
2023-12-26,2586858,489367237,190.0,187.0,189.0,2.5,3122,5871,188.0
2023-12-27,2753294,524136953,191.0,188.5,190.5,1.5,3227,5871,189.0
2023-12-28,4977243,938868326,190.5,187.0,189.5,-1.0,3384,5871,190.0
2023-12-29,5028597,964738683,193.0,189.0,193.0,3.5,4217,5871,190.0
2024-01-02,4516341,869712741,194.0,190.5,194.0,1.0,3404,5871,192.5
2024-01-03,4345925,831516135,193.0,190.0,192.0,-2.0,4177,5871,192.0
2024-01-04,4821938,936382591,195.5,191.5,195.5,3.5,4338,5871,192.5
2024-01-05,3531987,678621644,195.5,190.0,190.0,-5.5,4531,5871,195.0
2024-01-08,4873628,913994123,191.0,186.0,186.0,-4.0,6208,5871,191.0
2024-01-09,3900837,718115582,187.0,182.5,182.5,-3.5,5827,5871,187.0
2024-01-10,2471628,453860375,185.0,182.0,183.0,0.5,2660,5871,184.5
2024-01-11,1600432,297266695,187.0,183.5,186.0,3.0,2041,5871,184.5
2024-01-12,2071498,383016240,186.5,183.5,184.5,-1.5,2465,5871,185.5
2024-01-15,2159377,398203559,186.5,183.5,184.0,-0.5,3010,5871,186.0
2024-01-16,3062361,557129095,183.5,180.5,182.0,-2.0,4676,5871,183.0
2024-01-17,7164514,1285438437,181.5,178.5,178.5,-3.5,8855,5871,181.0
2024-01-18,5035200,895110504,179.5,177.0,177.0,-1.5,5845,5871,178.5
2024-01-19,4468626,801139606,180.5,178.0,179.5,2.5,4110,5871,178.0
2024-01-22,3333705,599067507,181.0,178.0,180.0,0.5,3211,5871,179.5
2024-01-23,3312675,598813893,181.5,179.5,181.0,1.0,2333,5871,181.0
2024-01-24,3953486,708431474,182.0,178.0,178.0,-3.0,6824,5871,181.0
2024-01-25,4181030,752470712,181.0,178.5,179.5,1.5,3097,5871,178.5
2024-01-26,3706705,661320223,179.5,177.0,177.5,-2.0,6175,5871,179.0
2024-01-29,3797753,679573401,180.0,177.0,179.0,1.5,2799,5871,177.5
2024-01-30,10324340,1808695889,178.5,174.0,174.0,-5.0,17737,5871,178.0
2024-01-31,3437396,598230009,175.0,173.0,174.0,0.0,5070,5871,173.0
2024-02-01,5000418,873514019,176.0,173.0,175.0,1.0,4608,5871,174.5
2024-02-02,4777849,833843318,175.5,174.0,174.5,-0.5,4895,5871,175.0
2024-02-05,4844370,837913393,174.0,171.0,174.0,-0.5,7525,5871,174.0
2024-02-15,8402730,1434219056,172.0,170.0,170.0,-4.0,14840,5871,171.0
2024-02-16,10326700,1756250168,173.0,168.0,171.0,1.0,13635,5871,170.0
2024-02-19,4450900,773130335,175.0,172.0,174.0,3.0,4748,5871,173.0
2024-02-20,3793909,669037999,177.5,174.5,177.5,3.5,3955,5871,174.5
2024-02-21,4567496,805239281,178.5,175.0,176.0,-1.5,4922,5871,177.5
2024-02-22,3387611,596712282,177.5,175.0,176.0,0.0,3352,5871,176.5
2024-02-23,3039308,536438703,177.5,175.0,176.0,0.0,2968,5871,175.5
2024-02-26,5160152,895524351,176.5,172.5,173.0,-3.0,6729,5871,176.0
2024-02-27,4679745,809459434,176.0,172.0,172.0,-1.0,5058,5871,174.0
2024-02-29,4695155,814704670,175.0,171.0,174.5,2.5,3716,5871,172.0
2024-03-01,4257649,739033023,175.0,172.5,174.0,-0.5,3740,5871,174.5
2024-03-04,2511207,436051830,174.0,173.0,174.0,0.0,3037,5871,173.0
2024-03-05,2948783,512883442,175.0,173.0,173.5,-0.5,3339,5871,173.5
2024-03-06,5688555,995023486,176.5,172.5,175.0,1.5,3605,5871,173.0
2024-03-07,4307031,750186435,175.0,173.0,175.0,0.0,4478,5871,174.0
2024-03-08,5632198,969764715,174.0,171.0,172.5,-2.5,7905,5871,173.5
2024-03-11,2780998,482716636,174.5,171.5,174.5,2.0,2887,5871,172.0
2024-03-12,3159587,552807275,176.0,173.5,176.0,1.5,3765,5871,174.5
2024-03-13,4660112,818970616,177.5,174.0,176.0,0.0,4426,5871,175.0
2024-03-14,7139506,1276709985,180.5,176.5,179.0,3.0,6504,5871,176.5
2024-03-15,6991746,1232803118,178.0,174.5,177.0,-2.0,6671,5871,178.0
2024-03-18,3056096,534372140,176.5,174.0,174.0,-3.0,3979,5871,176.0
2024-03-19,4315661,745615783,174.0,172.0,172.5,-1.5,4749,5871,173.0
2024-03-20,3661909,630641394,173.0,171.5,172.0,-0.5,3989,5871,172.0
2024-03-21,5205402,913606510,177.0,173.0,176.5,4.5,4308,5871,173.5
2024-03-22,6930320,1190060276,174.5,170.5,171.5,-5.0,9462,5871,174.0
2024-03-25,2433532,420018624,174.0,170.5,174.0,2.5,2733,5871,170.5
2024-03-26,5099604,876466076,174.0,170.5,172.0,-2.0,5669,5871,172.0
2024-03-27,1755600,301913574,172.5,171.5,172.0,0.0,2408,5871,171.5
2024-03-28,5131347,886588964,175.0,171.5,171.5,-0.5,4862,5871,173.5
2024-03-29,1802575,310420423,173.0,171.5,172.0,0.5,2022,5871,172.0
2024-04-01,4787846,838104521,176.0,173.0,175.5,3.5,4088,5871,173.0
2024-04-02,3949586,695651986,177.5,175.0,176.0,0.5,7543,5871,176.5
2024-04-03,6531975,1144502099,176.0,174.0,175.5,-0.5,4511,5871,175.0
2024-04-08,3808824,670766516,178.0,174.0,176.0,0.5,3869,5871,174.0
2024-04-09,6991569,1244184688,179.0,176.0,178.5,2.5,5070,5871,177.0
2024-04-10,5969573,1070691585,180.5,178.0,178.5,0.0,11000,5871,179.0
2024-04-11,3620119,636689658,178.0,174.5,175.5,-3.0,4050,5871,177.5
2024-04-12,3620782,632871061,175.5,174.0,174.5,-1.0,3827,5871,175.0
2024-04-15,2959803,513240250,174.5,172.5,173.0,-1.5,3343,5871,173.0
2024-04-16,6137674,1048135776,173.0,170.0,170.0,-3.0,7909,5871,172.0
2024-04-17,4502721,766589629,171.0,169.5,170.5,0.5,4579,5871,170.5
2024-04-18,4391328,755840446,173.0,170.5,172.0,1.5,3534,5871,171.0
2024-04-19,9022439,1517101754,171.5,165.0,168.0,-4.0,12339,5871,170.5
2024-04-22,4708084,808334636,173.0,168.0,172.5,4.5,3688,5871,169.5
2024-04-23,3590814,621307355,174.0,172.0,173.0,0.5,3000,5871,173.0
2024-04-24,4151697,716413353,174.0,171.0,173.5,0.5,3469,5871,174.0
2024-04-25,2513705,431158534,172.5,171.0,171.0,-2.5,2384,5871,172.0
2024-04-26,7889485,1331736989,171.0,167.5,168.0,-3.0,12304,5871,170.5
2024-04-29,8745883,1500516709,174.0,167.0,174.0,6.0,6248,5871,167.5
2024-04-30,4055125,702432031,175.0,172.5,172.5,-1.5,2745,5871,173.0
2024-05-02,7019476,1201125838,173.5,170.0,170.5,-2.0,3951,5871,171.5
2024-05-03,4091612,706318809,173.5,171.5,172.0,1.5,3123,5871,171.5
2024-05-06,3492885,603037554,174.0,171.5,173.0,1.0,3059,5871,173.0
2024-05-07,12926364,2180478807,172.5,168.0,168.0,-5.0,15503,5871,171.5
2024-05-08,45416903,6969515652,158.5,151.5,152.0,-16.0,57075,5871,151.5
2024-05-09,27085819,4135532920,155.5,150.0,150.0,-2.0,29457,5871,152.5
2024-05-10,19032115,2899216126,153.5,150.5,153.0,3.0,12138,5871,150.5
2024-05-13,14449102,2267840490,159.0,153.0,157.0,4.0,13724,5871,153.0
2024-05-14,16991968,2590991301,154.5,148.5,153.0,-4.0,18396,5871,150.5
2024-05-15,13506672,2074337140,155.5,152.0,153.0,0.0,10493,5871,153.0
2024-05-16,10414145,1597932872,154.5,152.5,153.0,0.0,7207,5871,154.0
2024-05-17,5495764,839144916,153.5,152.0,152.5,-0.5,5424,5871,152.5
2024-05-20,11358219,1771887459,158.0,153.0,156.0,3.5,7973,5871,153.5
2024-05-21,5874638,912877902,156.5,154.5,155.0,-1.0,5907,5871,155.5
2024-05-22,8642949,1338757599,157.0,153.5,154.5,-0.5,7284,5871,155.5
2024-05-23,11972232,1812694264,154.0,150.5,150.5,-4.0,17356,5871,153.0
2024-05-24,7030206,1059470466,152.0,149.0,150.5,0.0,7488,5871,149.0
2024-05-27,8722026,1336626681,154.5,151.5,154.0,3.5,5438,5871,152.0
2024-05-28,9462822,1472257778,157.0,154.0,155.0,1.0,9566,5871,155.0
2024-05-29,5219732,810508115,157.0,154.5,155.0,0.0,5565,5871,156.0
2024-05-30,7349288,1130743487,154.5,153.0,153.0,-2.0,4722,5871,153.5
2024-05-31,30391508,4643297820,156.0,151.5,152.0,-1.0,9782,5871,151.5
2024-06-03,7671257,1193050308,156.5,153.5,156.0,4.0,6064,5871,154.0
2024-06-04,4631121,713068226,155.5,153.0,153.5,-2.5,5190,5871,155.0
2024-06-05,4157533,646712788,156.5,154.0,155.5,2.0,3986,5871,154.0
2024-06-06,6510473,1004581840,156.0,153.5,154.0,-1.5,5641,5871,156.0
2024-06-07,6109638,937800922,154.5,153.0,153.0,-1.0,6583,5871,153.5
2024-06-11,14363889,2179620229,153.0,150.5,151.5,-1.5,9815,5871,152.5
2024-06-12,7939294,1217206894,154.5,151.5,153.5,2.0,5092,5871,151.5
2024-06-13,8529563,1323524541,156.0,154.0,155.0,1.5,5603,5871,155.0
2024-06-14,4981764,776416760,156.5,155.0,156.5,1.5,3732,5871,155.5
2024-06-17,10028110,1607019658,161.5,156.5,161.0,4.5,9468,5871,157.0
2024-06-18,5868112,944214962,162.0,159.5,161.5,0.5,5817,5871,161.5
2024-06-19,9271053,1488570894,162.5,159.0,160.5,-1.0,6973,5871,162.5
2024-06-20,7938330,1290321271,164.0,161.5,163.0,2.5,7345,5871,162.0
2024-06-21,18994762,3065505193,163.5,160.5,160.5,-2.5,7870,5871,162.5
2024-06-24,11996765,1907143133,161.5,158.5,158.5,-2.0,5895,5871,160.5
2024-06-25,14429298,2264808725,161.0,156.0,156.0,-2.5,8149,5871,160.0
2024-06-26,9989265,1563209378,159.0,155.5,155.5,-0.5,4920,5871,156.0
2024-06-27,16508226,2530570241,155.0,152.5,152.5,-3.0,13114,5871,154.5
2024-06-28,9889954,1518080975,154.5,153.0,153.5,1.0,5478,5871,153.5
2024-07-01,10040029,1568324752,158.0,154.0,155.5,2.0,6796,5871,154.5
2024-07-02,5985777,926715583,156.0,153.5,155.0,-0.5,5094,5871,154.5
2024-07-03,21012901,3289091166,158.0,154.5,156.0,1.0,7976,5871,156.0
2024-07-04,9349775,1483313400,160.5,157.0,158.0,2.0,6312,5871,157.5
2024-07-05,5190062,816125209,159.0,156.5,157.0,-1.0,4768,5871,158.5
2024-07-08,4781633,753426286,158.5,156.0,158.5,1.5,4024,5871,157.0
2024-07-09,6743803,1061086126,158.5,156.0,157.5,-1.0,4849,5871,158.0
2024-07-10,6013193,950518876,159.0,157.0,158.0,0.5,4330,5871,158.0
2024-07-11,13253335,2116739375,162.0,157.0,160.5,2.5,8566,5871,158.0
2024-07-12,12345515,2018117214,165.0,160.0,163.5,3.0,9081,5871,160.5
2024-07-15,8651174,1418909574,165.5,162.0,164.5,1.0,7187,5871,164.0
2024-07-16,9004636,1471287606,165.0,162.5,163.5,-1.0,7842,5871,165.0
2024-07-17,12188921,1982283089,164.0,161.0,162.0,-1.5,9072,5871,163.5
2024-07-18,13542302,2088325343,156.0,153.0,154.5,0.0,11281,5871,154.0
2024-07-19,11998728,1810811068,154.0,150.0,150.5,-4.0,13235,5871,154.0
2024-07-22,11393035,1673355088,150.0,145.5,147.0,-3.5,12570,5871,150.0
2024-07-23,6733875,1010134833,151.5,148.0,151.5,4.5,5190,5871,148.0
2024-07-26,5566498,828351830,150.0,147.5,149.0,-2.5,5741,5871,148.0
2024-07-29,4400450,656122412,151.5,148.0,148.5,-0.5,4093,5871,150.0
2024-07-30,6657462,980382317,149.5,145.5,149.5,1.0,5504,5871,149.0
2024-07-31,6478786,981132357,152.0,149.0,152.0,2.5,4203,5871,149.0
2024-08-01,4108250,627158210,153.5,151.5,153.5,1.5,3511,5871,152.5
2024-08-02,8688562,1295556064,151.0,148.0,148.5,-5.0,7310,5871,151.0
2024-08-05,14351956,2000278283,145.0,136.5,138.0,-10.5,16981,5871,145.0
2024-08-06,9135289,1255410793,141.0,134.5,137.5,-0.5,8378,5871,141.0
2024-08-07,5533258,781731746,143.0,137.5,143.0,5.5,5120,5871,137.5
2024-08-08,5700691,801395680,142.5,139.0,140.0,-3.0,4318,5871,140.0
2024-08-09,8962018,1281619400,144.0,141.0,143.0,3.0,5063,5871,141.5
2024-08-12,5481001,802160676,147.5,143.5,147.5,4.5,3567,5871,144.0
2024-08-13,2335393,344126753,149.0,146.5,147.5,0.0,2477,5871,148.0
2024-08-14,5337717,792767821,149.5,147.5,148.5,1.0,3120,5871,148.5
2024-08-15,3741872,551624062,149.5,146.0,146.0,-2.5,4010,5871,149.5
2024-08-16,5894381,874905609,150.0,147.0,148.5,2.5,3429,5871,148.0
2024-08-19,2604295,386844991,149.5,147.5,149.0,0.5,2731,5871,148.5
2024-08-20,3071393,455643668,150.0,147.5,148.0,-1.0,3387,5871,149.5
2024-08-21,5643342,830991593,148.0,146.5,148.0,0.0,3663,5871,148.0
2024-08-22,6898319,1004580213,148.0,144.5,145.5,-2.5,9261,5871,148.0
2024-08-23,6783824,972066771,144.5,142.0,143.5,-2.0,5890,5871,144.0
2024-08-26,12378559,1835624088,151.0,144.5,148.5,5.0,7977,5871,145.0
2024-08-27,5687936,835194800,148.0,146.0,147.5,-1.0,6491,5871,147.5
2024-08-28,7572021,1099900974,149.0,144.0,144.5,-3.0,9499,5871,147.5
2024-08-29,5377445,770840842,144.5,142.5,144.0,-0.5,4913,5871,143.0
2024-08-30,7161915,1040757781,146.0,144.0,145.5,1.5,4140,5871,144.5
2024-09-02,4256264,617530826,146.0,144.0,145.5,0.0,3347,5871,145.5
2024-09-03,4899885,714139386,147.0,144.0,147.0,1.5,3107,5871,145.5
2024-09-04,6386084,911902194,144.0,141.5,143.0,-4.0,7807,5871,142.5
2024-09-05,4484447,637666539,143.5,141.0,141.5,0.0,5717,5871,143.0
2024-09-06,3378687,480139946,143.5,140.0,143.5,2.0,3272,5871,141.5
2024-09-09,3830856,540609422,142.0,140.0,142.0,-1.5,3970,5871,140.5
2024-09-10,13914033,1915508454,142.0,136.0,136.5,-5.5,17807,5871,141.5
2024-09-11,7515341,1031172280,139.0,136.0,137.5,1.0,5941,5871,136.5
2024-09-12,5167810,714330537,139.5,136.5,139.0,1.5,4374,5871,139.0
2024-09-13,5637273,793406327,142.0,138.0,142.0,3.0,3876,5871,138.0
2024-09-16,4610809,655876744,143.5,141.5,142.0,0.0,3438,5871,142.0
2024-09-18,12571676,1786675455,143.5,141.0,142.5,0.5,5181,5871,142.0
2024-09-19,8530118,1230710861,145.5,142.0,145.0,2.5,4551,5871,142.5
2024-09-20,11813429,1717977860,146.5,143.5,146.0,1.0,6602,5871,146.0
2024-09-23,6685284,968974328,146.5,144.0,145.0,-1.0,4052,5871,146.5
2024-09-24,6326980,919170701,146.0,143.5,146.0,1.0,3796,5871,144.5
2024-09-25,21757616,3351185067,158.5,147.5,155.5,9.5,15560,5871,148.0
2024-09-26,13173876,2009736548,155.0,151.0,152.0,-3.5,9146,5871,154.0
2024-09-27,50937557,8300794106,166.0,158.0,163.5,11.5,27272,5871,158.0
2024-09-30,25552473,4200024190,167.0,162.5,163.5,0.0,16328,5871,164.5
2024-10-01,15369855,2455551765,163.5,158.5,158.5,-5.0,10609,5871,163.5
2024-10-04,17798801,2875136733,164.0,159.5,161.5,3.0,10388,5871,160.5
2024-10-07,18539051,3033261823,165.5,161.0,165.0,3.5,10683,5871,163.0
2024-10-08,19674923,3222095411,167.0,161.0,163.0,-2.0,15117,5871,164.5
2024-10-09,14862913,2356850170,163.0,156.0,157.5,-5.5,20522,5871,163.0
2024-10-11,13637457,2090581312,156.5,152.0,152.0,-5.5,12135,5871,156.0
2024-10-14,7665389,1188551510,157.0,152.0,156.5,4.5,5853,5871,152.5
2024-10-15,11377733,1758684838,156.5,153.0,154.5,-2.0,5823,5871,155.0
2024-10-16,12687582,1961811762,156.0,153.0,155.0,0.5,5787,5871,154.0
2024-10-17,2797231,434779470,157.0,155.0,155.0,0.0,2598,5871,156.0
2024-10-18,4953478,775387444,158.0,155.5,156.5,1.5,4642,5871,157.0
2024-10-21,10718668,1676175202,158.0,155.0,156.0,-0.5,5858,5871,158.0
2024-10-22,6494486,1015720290,157.5,155.0,156.5,0.5,5703,5871,156.5
2024-10-23,5962077,926082226,157.0,154.5,154.5,-2.0,4405,5871,156.5
2024-10-24,4879450,753817758,155.5,153.5,154.5,0.0,3464,5871,154.0
2024-10-25,4421547,680664479,155.5,153.0,153.5,-1.0,3957,5871,154.5
2024-10-28,3170130,485778917,154.0,152.5,153.5,0.0,3108,5871,153.5
2024-10-29,5875248,888150343,153.5,150.0,151.0,-2.5,5864,5871,153.0
2024-10-30,6415594,968325454,152.5,150.0,151.5,0.5,3610,5871,152.5
2024-11-01,15291021,2241206455,148.5,144.0,148.0,-3.5,13220,5871,147.5
2024-11-04,3704090,549956548,149.5,147.5,148.5,0.5,3084,5871,148.0
2024-11-05,3336513,496260086,149.5,147.0,149.0,0.5,2670,5871,147.0
2024-11-06,5226647,768546970,149.5,146.0,146.5,-2.5,5891,5871,149.0
2024-11-07,5370351,786664490,148.0,145.5,147.0,0.5,5150,5871,146.0
2024-11-08,7130518,1072106112,153.0,148.5,149.0,2.0,5826,5871,149.0
2024-11-11,10099934,1459880776,147.5,142.5,145.0,-4.0,10932,5871,147.5
2024-11-12,44884168,5872924760,133.0,130.5,130.5,-14.5,53042,5871,131.0
2024-11-13,29405135,3738329931,129.5,125.0,127.0,-3.5,24691,5871,128.5
2024-11-14,19545595,2446824027,128.0,123.5,123.5,-3.5,19673,5871,128.0
2024-11-15,17149698,2103627378,125.0,121.0,121.5,-2.0,18128,5871,123.0
2024-11-18,11997722,1450181306,122.5,119.5,121.0,-0.5,10325,5871,120.5
2024-11-19,12060298,1489121512,125.0,122.0,124.0,3.0,7197,5871,123.0
2024-11-20,8784266,1072629909,123.5,121.5,122.0,-2.0,8766,5871,123.0
2024-11-21,6625485,808156035,123.0,120.5,122.0,0.0,5633,5871,121.0
2024-11-22,4750169,583133354,124.0,122.0,122.0,0.0,4433,5871,122.5
2024-11-25,12356022,1509719123,124.0,121.5,122.0,0.0,6359,5871,123.0
2024-11-26,5219850,644845441,125.0,121.0,123.5,1.5,4536,5871,122.0
2024-11-27,6996023,861025616,124.5,122.0,122.5,-1.0,5699,5871,123.5
2024-11-28,7866561,951006825,123.5,120.0,121.0,-1.5,7267,5871,122.5
2024-11-29,13275356,1575344139,120.0,117.5,118.5,-2.5,9572,5871,119.5
2024-12-02,6609848,801572392,122.5,119.5,121.5,3.0,5776,5871,120.0
2024-12-03,5337624,655699829,123.5,121.5,123.0,1.5,3976,5871,122.0
2024-12-04,6817907,834395160,124.0,121.0,122.5,-0.5,5972,5871,123.5
2024-12-05,3243061,397623235,123.5,122.0,123.0,0.5,3471,5871,123.0
2024-12-06,4767870,583943132,123.5,122.0,123.0,0.0,4394,5871,122.5
2024-12-09,7026485,851133657,124.0,120.5,121.0,-2.0,8057,5871,123.0
2024-12-10,22283038,2805484720,129.0,122.5,123.0,2.0,14630,5871,124.0
2024-12-11,8498161,1035956000,123.0,121.0,122.0,-1.0,8192,5871,122.0
2024-12-12,5125886,621425032,122.5,120.5,120.5,-1.5,4773,5871,122.0
2024-12-13,8387807,999535265,121.0,118.0,118.5,-2.0,9611,5871,120.5
2024-12-16,17173189,1982234636,119.0,113.5,114.0,-4.5,17984,5871,118.5
2024-12-17,22684431,2556425137,114.5,111.5,111.5,-2.5,15913,5871,112.0
2024-12-18,20235170,2270456783,115.0,110.5,112.0,0.5,11236,5871,111.5
2024-12-19,12805453,1424507476,112.0,109.5,112.0,0.0,7895,5871,110.5
2024-12-20,13595757,1520169228,113.5,111.0,111.0,-1.0,6691,5871,111.5
2024-12-23,10704557,1205823227,114.0,112.0,112.0,1.0,6664,5871,112.0
2024-12-24,7248419,819369885,114.5,112.0,112.0,0.0,5559,5871,112.5
2024-12-25,5393720,601776845,113.5,111.0,111.0,-1.0,5036,5871,113.0
2024-12-26,6087028,682145963,113.0,111.5,112.0,1.0,4288,5871,112.0
2024-12-27,3246133,365267012,113.0,111.5,112.5,0.5,2808,5871,112.5
2024-12-30,16720645,1919551233,116.0,112.0,115.0,2.5,8628,5871,113.0
2024-12-31,15515191,1765480805,115.5,112.5,113.0,-2.0,7487,5871,114.5
2025-01-02,23147240,2757961667,121.5,113.5,120.5,7.5,15374,5871,113.5
2025-01-03,14199677,1659642211,120.5,114.5,117.0,-3.5,10665,5871,120.0
2025-01-06,10322950,1209301841,118.0,116.0,117.0,0.0,7335,5871,117.5
2025-01-07,8671915,1021072247,120.5,115.5,116.5,-0.5,6724,5871,117.5
2025-01-08,6081270,711409458,118.0,116.0,116.5,0.0,7180,5871,116.5
2025-01-09,10551065,1207308720,117.5,112.5,113.0,-3.5,8574,5871,116.5
2025-01-10,5700457,640470070,114.0,111.5,112.5,-0.5,5198,5871,112.5
2025-01-13,9130582,1011311973,112.0,110.0,110.0,-2.5,7902,5871,112.0
2025-01-14,8255962,928397041,113.5,110.5,113.0,3.0,5079,5871,110.5
2025-01-15,5268208,595768694,115.0,111.5,112.5,-0.5,4487,5871,112.5
2025-01-16,4335786,494831423,115.0,113.5,114.0,1.5,3264,5871,113.5
2025-01-17,12744245,1444473708,115.5,112.0,112.5,-1.5,7922,5871,113.5
2025-01-20,4283153,480921061,113.0,111.5,112.5,0.0,3885,5871,113.0
2025-01-21,5811758,663084244,115.0,112.5,115.0,2.5,3543,5871,112.5
2025-01-22,4010675,461178559,115.5,114.0,115.5,0.5,3654,5871,115.5
2025-02-03,15564221,1845712148,120.0,114.0,120.0,4.5,9493,5871,114.5
2025-02-04,14673705,1717674320,120.0,115.0,115.0,-5.0,6634,5871,120.0
2025-02-05,5167844,600490514,118.0,115.5,115.5,0.5,4378,5871,116.5
2025-02-06,3441375,404456105,118.5,115.5,118.5,3.0,3261,5871,116.5
2025-02-07,3458282,407652593,119.0,117.0,118.0,-0.5,3933,5871,118.0
2025-02-10,4744119,563400876,120.0,118.0,118.0,0.0,4438,5871,118.0
2025-02-11,14600266,1791862481,124.0,119.5,122.5,4.5,10432,5871,120.0
2025-02-12,8950049,1094884171,125.0,120.5,122.0,-0.5,6993,5871,122.5
2025-02-13,6296761,777854833,124.5,121.5,124.0,2.0,5085,5871,123.0
2025-02-14,11525602,1459614083,127.5,123.5,126.5,2.5,8992,5871,124.5
2025-02-17,6890619,877541429,128.5,126.5,127.5,1.0,5521,5871,127.5
2025-02-18,3393787,430080961,127.5,126.0,127.0,-0.5,3642,5871,127.5
2025-02-19,6036288,767745116,128.0,126.0,127.5,0.5,4561,5871,127.0
2025-02-20,3571813,455650067,128.5,126.5,127.5,0.0,3285,5871,126.5
2025-02-21,5793207,746038222,129.5,127.5,129.0,1.5,5250,5871,128.0
2025-02-24,4627003,596397649,130.0,128.0,128.5,-0.5,3930,5871,128.0
2025-02-25,6328029,803975855,128.0,126.0,127.0,-1.5,5029,5871,127.5
2025-02-26,14852316,1847007097,127.0,123.0,125.5,-1.5,11493,5871,127.0
2025-02-27,12577602,1576357069,126.5,124.0,126.0,0.5,6175,5871,125.0
2025-03-03,10459567,1336323838,129.0,124.0,129.0,3.0,7536,5871,124.0
2025-03-04,9795337,1244248426,128.0,125.5,128.0,-1.0,6223,5871,127.0
2025-03-05,6880738,878645023,129.0,127.0,127.0,-1.0,5047,5871,127.5
2025-03-06,7878396,995645183,128.5,125.5,125.5,-1.5,5250,5871,127.0
2025-03-07,5287680,664206843,126.5,125.0,125.0,-0.5,4505,5871,125.5
2025-03-10,6794343,847191293,126.0,124.0,124.0,-1.0,5511,5871,125.5
2025-03-11,11907396,1429702087,122.0,118.5,121.0,-3.0,10201,5871,120.0
2025-03-12,4661362,566554245,122.0,120.5,121.5,0.5,3425,5871,121.0
2025-03-13,3679669,447239349,122.5,121.0,121.0,-0.5,2971,5871,122.5
2025-03-14,4980388,609641354,123.5,121.5,122.5,1.5,3106,5871,122.0
2025-03-17,5544316,676087648,123.0,121.0,122.5,0.0,4632,5871,122.5
2025-03-18,6506028,809708173,125.5,122.5,124.5,2.0,3818,5871,123.0
2025-03-19,6264530,776982257,126.0,123.0,123.5,-1.0,4899,5871,125.0
2025-03-20,10967342,1341951211,125.0,121.5,121.5,-2.0,7497,5871,124.0
2025-03-21,6664778,819803963,123.5,121.0,123.5,2.0,2932,5871,121.5
2025-03-24,2555155,313493529,123.5,122.0,123.0,-0.5,2634,5871,123.0
2025-03-25,4675016,571742031,124.0,121.0,123.0,0.0,3841,5871,123.5
2025-03-26,3469048,427085399,124.0,122.0,124.0,1.0,2642,5871,122.5
2025-03-27,4349309,534930318,123.5,122.0,123.5,-0.5,2711,5871,122.5
2025-03-28,4832067,588115614,123.5,120.5,121.5,-2.0,4497,5871,123.0
2025-03-31,12152953,1432539439,121.5,116.0,116.0,-5.5,12007,5871,121.0
2025-04-01,7180976,846212070,119.5,116.5,119.0,3.0,5619,5871,117.0
2025-04-02,5457471,650332447,121.5,116.5,121.0,2.0,4491,5871,118.5
2025-04-07,1811864,197493176,109.0,109.0,109.0,-12.0,5092,5871,109.0
2025-04-08,17274434,1772460310,105.0,100.5,104.5,-4.5,13338,5871,100.5
2025-04-09,20555147,2033554906,104.0,94.3,94.3,-10.2,17876,5871,102.5
2025-04-10,7755817,802075469,103.5,102.0,103.5,9.2,4092,5871,103.5
2025-04-11,10725090,1114259033,108.0,99.6,108.0,4.5,8432,5871,102.0
2025-04-14,9023658,994307590,112.0,108.0,112.0,4.0,6213,5871,108.0
2025-04-15,5785636,661682205,116.0,111.5,116.0,4.0,4609,5871,112.5
2025-04-16,7322669,831179721,115.0,112.5,113.5,-2.5,6401,5871,114.5
2025-04-17,6403275,708959299,112.5,108.0,111.5,-2.0,6713,5871,112.0
2025-04-18,3096291,348783881,114.0,111.0,113.0,1.5,2393,5871,112.0
2025-04-21,5749985,638766500,113.5,110.0,111.0,-2.0,5816,5871,112.5
2025-04-22,5026504,551055626,110.5,108.5,109.5,-1.5,3577,5871,109.0
2025-04-23,3459944,389131981,113.5,111.0,113.0,3.5,2852,5871,111.5
2025-04-24,2280278,256041083,113.5,111.5,111.5,-1.5,2162,5871,113.0
2025-04-25,4618887,529279474,115.5,113.5,114.0,2.5,3508,5871,114.0
2025-04-28,2029383,232144384,115.0,113.5,114.5,0.5,1925,5871,114.5
2025-04-29,3112859,357114255,115.5,113.5,114.5,0.0,2576,5871,114.5
2025-04-30,9934136,1140134883,116.5,113.5,114.5,0.0,4314,5871,114.5
2025-05-02,5952712,685745493,116.5,113.5,116.5,2.0,3738,5871,115.0
2025-05-05,5801979,677951500,118.0,115.5,116.5,0.0,4264,5871,118.0
2025-05-06,5268273,620900310,118.5,116.5,118.0,1.5,3328,5871,117.0
2025-05-07,5401437,642479163,120.0,117.5,117.5,-0.5,3799,5871,118.5
2025-05-08,3656793,432501675,119.5,117.5,118.0,0.5,2250,5871,117.5
2025-05-09,4883986,584951472,121.0,117.5,120.5,2.5,3643,5871,118.5
2025-05-12,4703375,576949546,123.5,121.0,122.0,1.5,4020,5871,121.5
2025-05-13,5187289,639495015,124.5,122.5,122.5,0.5,3832,5871,123.0
2025-05-14,7782814,965710653,126.0,122.5,125.0,2.5,4977,5871,124.0
2025-05-15,5213010,645295892,125.0,123.0,124.0,-1.0,3361,5871,123.5
2025-05-16,10142138,1286528975,128.0,124.5,126.5,2.5,6247,5871,124.5
2025-05-19,6676232,837212888,126.5,124.0,125.5,-1.0,5020,5871,125.0
2025-05-20,5460842,684643994,127.0,124.5,124.5,-1.0,4740,5871,125.5
2025-05-21,13849989,1758829359,128.0,124.5,127.5,3.0,7657,5871,124.5
2025-05-22,12126046,1557998521,129.5,126.5,128.0,0.5,6255,5871,127.5
2025-05-23,19143844,2495095659,133.5,128.0,128.5,0.5,12710,5871,129.5
2025-05-26,19974260,2518323544,129.5,124.0,124.0,-4.5,12647,5871,127.5
2025-05-27,26630836,3297373852,127.0,122.5,122.5,-1.5,10050,5871,124.0
2025-05-28,23741572,2910240238,124.5,121.0,122.5,0.0,9710,5871,123.5
2025-05-29,35511773,4349032264,125.0,121.5,121.5,-1.0,9414,5871,123.5
2025-06-02,24707538,3015053598,123.5,119.0,120.5,-1.0,10733,5871,120.5
2025-06-03,26499136,3189401228,122.5,119.0,120.0,-0.5,11052,5871,121.0
2025-06-04,26939709,3319018516,126.0,119.0,124.5,4.5,11295,5871,121.0
2025-06-05,10259227,1249657580,124.0,121.0,122.0,-2.5,6978,5871,124.0
2025-06-06,4964195,603148670,123.5,120.5,121.0,-1.0,3302,5871,121.5
2025-06-09,6967002,851367032,123.5,121.5,122.0,1.0,3574,5871,121.5
2025-06-10,5557201,679188240,123.0,121.5,122.5,0.5,3811,5871,122.0
2025-06-11,6481844,786929793,122.5,120.0,122.5,0.0,4077,5871,121.5
2025-06-12,4373280,534401069,123.0,121.0,123.0,0.5,2786,5871,122.5
2025-06-13,5385442,660453921,124.0,122.0,122.0,-1.0,3090,5871,123.0
2025-06-16,5838569,710095692,122.5,120.5,122.5,0.5,3668,5871,122.0
2025-06-17,7585654,916286782,123.0,120.0,121.5,-1.0,5441,5871,123.0
2025-06-18,4551873,551987562,122.0,120.5,121.0,-0.5,3280,5871,120.5
2025-06-19,4703383,567677104,122.0,119.5,119.5,-1.5,3093,5871,121.0
2025-06-20,6900160,828872382,121.5,119.5,120.0,0.5,2678,5871,120.0
2025-06-23,5000912,595031195,121.0,117.0,121.0,1.0,4129,5871,118.5
2025-06-24,6159657,752721984,123.0,120.5,123.0,2.0,3574,5871,121.5
2025-06-25,4822210,590666964,123.0,121.5,123.0,0.0,2892,5871,123.0
2025-06-26,7374296,921400839,126.0,123.0,125.0,2.0,4878,5871,123.0
2025-06-27,4450847,560803090,126.5,125.0,126.5,1.5,3527,5871,125.0
2025-06-30,4765711,601547646,127.0,125.0,126.5,0.0,2693,5871,126.5
2025-07-01,9667607,1223658291,128.5,124.5,126.5,0.0,7803,5871,126.0
2025-07-02,7086401,909416246,129.0,126.0,129.0,2.5,4827,5871,126.0
2025-07-03,7725809,1003028037,131.0,129.0,130.0,1.0,4772,5871,129.0
2025-07-04,7016476,908499700,131.0,128.5,130.0,0.0,5452,5871,130.5
2025-07-07,4094352,526540361,130.0,127.0,128.5,-1.5,4567,5871,130.0
2025-07-08,3175414,406485268,129.0,127.0,128.5,0.0,2571,5871,129.0
2025-07-09,4022506,515419698,129.0,127.5,128.5,0.0,2775,5871,128.0
2025-07-10,3906536,503672004,129.5,128.0,129.5,1.0,2676,5871,128.5
2025-07-11,9178574,1164926237,128.5,126.0,127.0,-2.5,6473,5871,128.0
2025-07-14,6030490,768521884,128.0,126.0,128.0,1.0,3156,5871,127.5
2025-07-15,4620551,596487541,130.0,127.5,130.0,2.0,3232,5871,128.0
2025-07-16,7035923,914605273,131.0,128.5,130.0,0.0,4475,5871,129.0
2025-07-17,5978724,780302877,131.0,129.5,130.5,0.5,4115,5871,130.0
2025-07-18,6982521,902647016,131.0,128.5,129.5,-1.0,5214,5871,131.0
2025-07-21,4556647,590036748,130.0,129.0,129.5,0.0,3082,5871,129.5
2025-07-22,6329073,814008690,130.0,127.5,128.5,-1.0,4341,5871,129.5
2025-07-23,5140597,666826422,130.5,128.5,130.5,2.0,3213,5871,128.5
2025-07-24,2481438,323185177,131.0,129.5,130.5,0.0,2063,5871,130.5
2025-07-25,3249372,421405579,130.5,129.0,129.5,-1.0,2692,5871,130.0
2025-07-28,3570775,459975726,130.0,128.0,128.5,-1.0,3087,5871,130.0
2025-07-29,8204407,1043803240,129.0,126.5,126.5,-2.0,6247,5871,128.5
2025-07-30,6258396,742606792,120.0,118.0,118.0,0.0,7885,5871,120.0
2025-07-31,6098715,711742899,118.5,116.0,116.0,-2.0,6677,5871,118.0
2025-08-01,4554497,525122860,116.5,113.5,115.0,-1.0,5145,5871,114.5
2025-08-04,3293529,380875807,116.5,114.0,116.0,1.0,3057,5871,115.0
2025-08-05,3521831,406509358,116.5,115.0,115.0,-1.0,4285,5871,116.0
2025-08-06,4066835,462614567,114.5,112.5,114.0,-1.0,5160,5871,114.0
2025-08-07,3198602,366945353,115.5,113.5,114.5,0.5,3267,5871,114.0
2025-08-08,2844893,325392669,115.0,114.0,114.0,-0.5,3189,5871,114.5
2025-08-11,2988587,340201458,114.5,113.0,114.0,0.0,3310,5871,114.0
2025-08-12,3312887,381505143,116.0,113.5,115.0,1.0,2696,5871,114.5
2025-08-13,8177786,954426100,118.5,115.0,118.5,3.5,4942,5871,116.0
2025-08-14,8702044,1052251671,122.5,118.0,120.5,2.0,5630,5871,119.0
2025-08-15,3659351,434050130,121.0,118.0,118.0,-2.5,3369,5871,121.0
2025-08-18,3473086,412187709,119.5,118.0,118.5,0.5,2252,5871,118.0
2025-08-19,2746915,326392167,119.5,118.0,118.5,0.0,2148,5871,118.5
2025-08-20,4445257,517651421,119.5,115.0,115.0,-3.5,5530,5871,119.0
2025-08-21,2216596,259587133,118.0,116.5,116.5,1.5,1771,5871,116.5
2025-08-22,2228088,257599316,116.5,115.0,115.0,-1.5,2901,5871,116.5
2025-08-25,1847979,216350086,117.5,116.5,117.5,2.5,2242,5871,116.5
2025-08-26,3917279,455481870,117.0,116.0,116.0,-1.5,2221,5871,117.0
2025-08-27,6213731,726181409,119.0,115.5,116.0,0.0,4352,5871,118.0
2025-08-28,5648853,654220965,117.0,115.0,115.5,-0.5,5627,5871,116.0
2025-08-29,6682084,782811530,118.5,116.5,116.5,1.0,4824,5871,117.0
2025-09-01,6768365,784924702,118.0,115.0,115.0,-1.5,4833,5871,116.5
2025-09-02,2987449,346627536,117.0,115.5,115.5,0.5,2530,5871,115.5
2025-09-03,4367559,509754219,118.0,116.0,116.0,0.5,2892,5871,116.5
2025-09-04,4059883,476428544,118.0,116.5,117.0,1.0,2817,5871,116.5
2025-09-05,2878236,335725484,118.0,116.0,116.5,-0.5,2386,5871,118.0
2025-09-08,2520393,294632366,117.5,116.5,116.5,0.0,2318,5871,117.5
2025-09-09,3064712,358637095,117.5,116.5,117.0,0.5,2573,5871,117.0
2025-09-10,4591151,532336585,117.0,115.5,115.5,-1.5,4853,5871,117.0
2025-09-11,3848667,444486411,116.0,115.0,115.5,0.0,3665,5871,116.0
2025-09-12,5271299,604570357,116.0,114.0,114.5,-1.0,6228,5871,116.0
2025-09-15,2585602,297065753,115.5,114.5,114.5,0.0,2493,5871,114.5
2025-09-16,5961622,678776963,115.0,113.0,114.5,0.0,6796,5871,115.0
2025-09-17,5478394,634163766,117.0,114.0,115.5,1.0,3754,5871,114.0
2025-09-18,4716412,551294193,117.5,115.5,117.0,1.5,3757,5871,116.5
2025-09-19,7841857,930860242,119.5,117.0,119.5,2.5,5050,5871,117.0
2025-09-22,3144655,373513638,120.0,118.0,119.0,-0.5,2681,5871,119.5
2025-09-23,3892352,459537476,119.5,117.5,118.0,-1.0,3356,5871,119.0
2025-09-24,3780961,445238544,118.5,117.0,118.0,0.0,2645,5871,117.5
2025-09-25,3782873,443101778,118.5,116.0,117.0,-1.0,3797,5871,118.0
2025-09-26,5081197,585556402,117.0,114.5,115.0,-2.0,5445,5871,117.0
2025-09-30,15208702,1704818545,114.0,111.0,111.5,-3.5,14026,5871,113.5
2025-10-01,9667550,1069641653,112.5,109.5,109.5,-2.0,8968,5871,110.5
2025-10-02,13896940,1482715873,109.5,105.0,106.0,-3.5,16550,5871,109.5
2025-10-03,9219022,1003438197,110.5,105.5,108.0,2.0,7226,5871,106.0
2025-10-07,9636187,1032334767,109.0,105.0,107.5,-0.5,7945,5871,109.0
2025-10-08,6668502,721754023,109.5,106.5,108.5,1.0,4244,5871,108.0
2025-10-09,6503518,698268759,109.0,106.5,107.0,-1.5,5587,5871,108.5
2025-10-13,5714158,605574534,107.0,105.0,105.5,-1.5,6004,5871,105.5
2025-10-14,7061206,762413819,110.5,105.5,106.5,1.0,5463,5871,106.5
2025-10-15,6169552,668357366,109.5,107.0,107.5,1.0,4296,5871,107.0
2025-10-16,4661789,498450815,108.5,106.0,106.0,-1.5,4297,5871,108.0
2025-10-17,5341953,569043214,108.0,106.0,106.0,0.0,4337,5871,106.5
2025-10-20,4373623,461502543,106.5,105.0,105.0,-1.0,4036,5871,106.5
2025-10-21,10723093,1116630762,106.0,103.0,103.0,-2.0,12319,5871,106.0
2025-10-22,5075054,527499614,104.5,103.0,104.0,1.0,4245,5871,104.0
2025-10-23,4182764,436014486,105.0,103.0,104.5,0.5,3705,5871,103.5
2025-10-27,6098667,646549628,107.0,105.0,106.0,1.5,4570,5871,105.5
2025-10-28,4643627,492362528,107.0,105.5,105.5,-0.5,3721,5871,106.0
2025-10-29,4446187,468715306,107.0,104.0,104.5,-1.0,4465,5871,106.0
2025-10-30,5369794,558029768,105.0,103.0,104.5,0.0,5376,5871,104.0
2025-10-31,6490118,668816524,104.0,102.5,103.0,-1.5,6718,5871,104.0
2025-11-03,8937061,908353354,103.0,100.5,102.0,-1.0,7667,5871,103.0
2025-11-04,3438867,350626574,103.0,101.5,101.5,-0.5,3199,5871,102.0
2025-11-05,5648444,570868483,102.0,100.0,101.5,0.0,5688,5871,101.0
2025-11-06,6221490,645607410,105.0,102.5,103.5,2.0,4368,5871,103.0
2025-11-07,3885321,404622467,105.0,103.0,104.0,0.5,2967,5871,103.5
2025-11-10,2793819,288074214,104.0,102.5,103.0,-1.0,2985,5871,104.0
2025-11-11,5426506,566666758,105.5,103.5,103.5,0.5,4046,5871,104.5
2025-11-12,4264022,441665659,104.5,102.5,103.5,0.0,3351,5871,103.0
2025-11-13,6220592,639982747,103.5,102.5,102.5,-1.0,4639,5871,103.5
2025-11-14,5155053,523798275,102.5,101.0,101.5,-1.0,5695,5871,102.0
2025-11-17,7434516,747483306,101.5,100.0,100.5,-1.0,6537,5871,101.5
2025-11-18,10775702,1073640748,100.5,98.5,100.0,-0.5,9597,5871,100.0
2025-11-19,7070245,708043915,102.0,99.3,100.0,0.0,5859,5871,100.0
2025-11-20,5664793,572316887,101.5,99.7,101.5,1.5,4595,5871,100.5
2025-11-21,7831361,797540438,103.0,100.0,103.0,1.5,4477,5871,100.5
2025-11-24,14506650,1517534993,106.0,103.0,105.0,2.0,5677,5871,103.5
2025-11-25,5950978,619351701,105.0,103.5,104.5,-0.5,4181,5871,104.0
2025-11-26,8428543,869583680,104.5,102.5,103.5,-1.0,5620,5871,104.5
2025-11-27,7686987,791049304,104.0,102.0,104.0,0.5,4633,5871,103.0
2025-11-28,5089296,522613056,103.5,102.0,103.0,-1.0,3791,5871,103.0
2025-12-01,6025240,614895096,103.5,101.0,101.5,-1.5,4341,5871,103.0
2025-12-02,3756503,383040023,103.0,101.5,101.5,0.0,2955,5871,102.5
2025-12-03,5836127,588464555,102.0,100.5,100.5,-1.0,5015,5871,101.5
2025-12-04,5029763,505716093,101.0,100.0,101.0,0.5,3280,5871,100.0
2025-12-05,2349620,236527863,101.5,100.5,100.5,-0.5,2499,5871,101.5
2025-12-08,7347029,743028976,102.0,100.0,101.0,0.5,5478,5871,100.5
2025-12-09,5207666,523489557,101.0,100.0,100.5,-0.5,3928,5871,100.5
2025-12-10,7378927,740436155,101.5,99.5,101.5,1.0,5023,5871,100.5
2025-12-11,7266654,737012361,103.0,100.5,101.5,0.0,5111,5871,101.5
2025-12-12,7853331,806746938,103.5,101.5,102.0,0.5,4907,5871,102.0
2025-12-15,5541374,563649558,102.5,101.0,101.5,-0.5,3674,5871,102.0
2025-12-16,9852929,1012763160,104.5,101.0,104.5,3.0,7040,5871,101.0
2025-12-17,17468600,1835104790,107.5,103.5,103.5,-1.0,10349,5871,104.0
2025-12-18,10837410,1143995456,107.0,103.5,106.5,3.0,7064,5871,103.5
2025-12-19,49513653,5411425828,110.0,106.0,110.0,3.5,10746,5871,106.0
2025-12-22,17149662,1859739525,109.5,107.0,108.5,-1.5,7571,5871,109.5
2025-12-23,15806988,1738853741,111.0,108.5,110.5,2.0,6852,5871,108.5
2025-12-24,14166261,1581765800,112.5,110.5,112.0,1.5,5326,5871,111.0
2025-12-26,12375530,1375867999,112.0,109.5,111.5,-0.5,3983,5871,112.0
2025-12-29,6848250,746165318,111.5,108.0,108.5,-3.0,6564,5871,111.5
2025-12-30,10579093,1129322910,108.5,105.5,107.5,-1.0,6742,5871,108.0
2025-12-31,15896456,1682478373,108.0,105.5,105.5,-2.0,6769,5871,107.5
2026-01-02,17836069,1874867339,107.5,104.0,104.0,-1.5,7238,5871,106.5
2026-01-05,13064500,1353188086,105.5,102.5,103.0,-1.0,7434,5871,104.0
2026-01-06,9203229,971003061,106.5,103.0,105.5,2.5,4911,5871,103.0
2026-01-07,7280702,766783212,106.5,104.5,105.0,-0.5,3817,5871,105.5
2026-01-08,7193834,763860221,107.0,105.0,106.0,1.0,3537,5871,105.0
2026-01-09,8426010,885269849,107.0,104.0,105.0,-1.0,3867,5871,106.0
2026-01-12,5890653,613591591,105.5,103.5,104.0,-1.0,4033,5871,105.0
2026-01-13,8713098,923735254,108.5,105.0,105.5,1.5,4615,5871,106.0
2026-01-14,4069159,428179467,106.0,104.5,105.0,-0.5,3091,5871,106.0
2026-01-15,6202954,649560732,106.5,104.0,104.5,-0.5,4554,5871,105.5
2026-01-16,6332674,660072067,105.5,103.5,104.0,-0.5,4644,5871,105.0
2026-01-19,8517457,887652748,106.0,103.5,103.5,-0.5,4918,5871,104.0
2026-01-20,5882359,617436840,106.0,104.0,104.5,1.0,3582,5871,104.5
2026-01-21,5603365,584227417,105.5,103.5,103.5,-1.0,4370,5871,104.0
2026-01-22,4201301,441591716,105.5,104.5,105.0,1.5,2480,5871,104.5
2026-01-23,3444198,363686578,106.0,105.0,106.0,1.0,2707,5871,105.0
2026-01-26,4802732,510984198,107.0,105.0,107.0,1.0,3220,5871,106.0
2026-01-27,4907658,523487277,108.0,106.0,106.0,-1.0,3681,5871,107.0
2026-01-28,8170721,857275718,106.5,104.0,105.0,-1.0,4481,5871,106.5
2026-01-29,5539137,579106275,105.5,104.0,104.0,-1.0,3452,5871,105.0
2026-01-30,9192430,959251231,105.5,104.0,104.0,0.0,3783,5871,104.5
2026-02-02,6122844,629868353,104.5,102.0,103.0,-1.0,4422,5871,104.5
2026-02-03,4714389,491057408,105.0,103.0,104.5,1.5,2406,5871,103.0
2026-02-04,5479740,575721420,106.0,104.0,105.0,0.5,2407,5871,104.0
2026-02-05,3308350,348995298,106.0,104.5,106.0,1.0,2260,5871,105.0
2026-02-06,4629726,484650791,105.5,103.5,105.0,-1.0,2623,5871,105.5
2026-02-09,2313449,243739664,106.0,105.0,105.5,0.5,1907,5871,105.5
2026-02-10,4756161,501848582,106.0,105.0,105.5,0.0,2928,5871,106.0
2026-02-11,7239578,772829306,107.5,106.0,107.0,1.5,4509,5871,106.0
2026-02-23,9979043,1087805798,110.0,107.5,109.0,2.0,6307,5871,108.0
2026-02-24,5895271,631097813,109.5,106.0,106.5,-2.5,5781,5871,109.5
2026-02-25,10564842,1108356709,106.5,103.5,105.5,-1.0,7061,5871,106.0
2026-02-26,8595010,898597527,106.0,104.0,104.0,-1.5,4389,5871,105.5
2026-03-02,8201616,845543094,105.0,102.5,102.5,-1.5,6272,5871,104.0
2026-03-03,6027450,616698141,103.5,101.5,102.5,0.0,4732,5871,103.0
2026-03-04,10414028,1044703745,101.5,99.6,100.0,-2.5,8584,5871,101.0
2026-03-05,6206043,624661410,101.5,100.0,100.0,0.0,4213,5871,101.0
2026-03-06,5786896,587293655,102.5,99.8,101.0,1.0,3640,5871,100.0
2026-03-09,10374932,1024216885,99.5,97.1,99.5,-1.5,9359,5871,98.1
2026-03-10,8292184,856170134,104.5,101.0,104.0,4.5,5051,5871,101.5
2026-03-11,4280742,444151578,105.0,103.0,103.5,-0.5,3137,5871,104.5
2026-03-12,5450714,554546828,102.5,101.5,101.5,-2.0,4015,5871,102.5
2026-03-13,7181621,733617656,103.0,100.5,102.0,0.5,3282,5871,100.5
2026-03-16,12355370,1304395980,107.0,103.0,105.5,3.5,6740,5871,103.0
2026-03-17,2952926,312086865,106.5,105.0,105.5,0.0,2699,5871,105.5
2026-03-18,6587794,705879365,108.0,106.5,107.5,2.0,4404,5871,106.5
2026-03-19,4174917,442991302,107.0,105.5,106.0,-1.5,2677,5871,106.5
2026-03-20,5377058,570801192,106.5,105.0,106.5,0.5,2460,5871,105.5
2026-03-23,4371541,456475781,105.0,103.5,104.5,-2.0,2991,5871,105.0
2026-03-24,4934846,516704260,106.0,103.5,104.5,0.0,2446,5871,105.5
2026-03-25,4908457,521858359,107.0,105.0,107.0,2.5,3060,5871,106.0
2026-03-26,8909233,970379963,109.5,107.5,109.0,2.0,5598,5871,108.5
2026-03-27,16038210,1784113421,113.5,108.5,113.0,4.0,10277,5871,108.5
2026-03-30,9990328,1107692275,112.0,110.0,111.0,-2.0,5137,5871,110.5
2026-03-31,10271361,1139810768,113.0,109.0,109.5,-1.5,5949,5871,112.0
2026-04-01,5545842,606297145,111.0,108.5,109.0,-0.5,3442,5871,111.0
2026-04-02,4783000,514028365,109.5,106.5,107.5,-1.5,3323,5871,109.5
2026-04-07,7613061,819748374,108.5,106.5,108.5,1.0,3155,5871,107.5
2026-04-08,3775842,412218550,110.0,108.5,109.5,1.0,2826,5871,109.0
2026-04-09,4924301,535525158,109.5,108.0,108.5,-1.0,2665,5871,109.0
2026-04-10,4644004,500910874,109.5,107.0,107.0,-1.5,3333,5871,108.5
2026-04-13,8185697,895459445,110.5,108.0,110.0,3.0,4240,5871,108.0
2026-04-14,13312796,1503412365,114.0,110.5,113.0,3.0,7432,5871,111.0
2026-04-15,12198440,1418577516,117.5,113.5,116.5,3.5,7707,5871,113.5
2026-04-16,9334588,1085613893,118.5,115.0,116.5,0.0,6751,5871,118.0
2026-04-17,6782660,796600949,118.0,116.0,118.0,1.5,4233,5871,117.0
2026-04-20,13299452,1584179461,121.0,116.5,120.0,2.0,7285,5871,118.5
2026-04-21,9628477,1140372963,121.0,117.5,117.5,-2.5,4951,5871,121.0
2026-04-22,12927806,1550887263,121.0,117.5,121.0,3.5,5847,5871,118.0
2026-04-23,10738130,1286872351,121.0,118.0,121.0,0.0,6149,5871,120.0
2026-04-24,12124686,1475951585,123.0,120.5,121.5,0.5,6057,5871,122.0
2026-04-27,7682688,904047052,121.0,116.0,116.0,-5.5,6084,5871,120.5
2026-04-28,4107360,480515287,118.0,115.0,118.0,2.0,2915,5871,116.0
2026-04-29,6859683,806017162,119.0,116.0,118.5,0.5,3487,5871,116.5
2026-04-30,4947482,574110621,118.5,115.0,115.5,-3.0,3756,5871,117.5
2026-05-04,6192597,709887777,116.5,113.5,115.0,-0.5,4493,5871,116.5
2026-05-05,4124985,473843878,115.5,114.0,115.0,0.0,2617,5871,115.5
2026-05-06,4646681,538970558,117.0,115.0,116.0,1.0,3008,5871,115.5
2026-05-07,5843837,672408304,117.0,114.5,114.5,-1.5,3713,5871,116.0
2026-05-08,11385514,1271407044,115.5,110.5,112.5,-2.0,7431,5871,115.5
2026-05-11,6063393,678136421,113.0,111.0,112.0,-0.5,3814,5871,112.0
2026-05-12,10668810,1171790323,112.0,109.0,109.5,-2.5,7751,5871,111.5
2026-05-13,8684794,939030150,111.0,107.0,107.5,-2.0,6821,5871,111.0
2026-05-14,5812983,628758076,109.5,107.5,108.0,0.5,3859,5871,107.5
2026-05-15,8390402,902063403,109.5,106.0,106.0,-2.0,6038,5871,108.5
2026-05-18,15438955,1697387479,112.0,106.0,110.0,4.0,6556,5871,106.5
2026-05-19,6140789,678624845,111.5,109.5,110.0,0.0,3660,5871,110.0
2026-05-20,9406383,1047815583,112.5,111.0,111.0,1.0,6109,5871,111.5
2026-05-21,8456153,948283345,113.0,110.0,112.0,1.0,5262,5871,111.5
2026-05-22,10269084,1149599091,113.5,111.0,111.0,-1.0,5219,5871,112.0
2026-05-25,9984863,1095453411,111.5,109.0,109.0,-2.0,6494,5871,111.5
2026-05-26,10385536,1124483930,110.0,107.0,107.0,-2.0,7268,5871,108.5
2026-05-27,10109750,1089081184,109.5,107.0,107.0,0.0,5669,5871,108.0
2026-05-28,13675932,1481129716,110.5,107.0,107.0,0.0,6601,5871,108.5
2026-05-29,15423401,1666123523,109.5,107.0,107.5,0.5,5568,5871,108.0
2026-06-01,10456575,1136776103,110.0,107.5,108.5,1.0,5510,5871,108.5
2026-06-02,24972554,2825944430,115.0,108.0,114.5,6.0,12265,5871,108.5
2026-06-03,26063548,3057917145,119.0,114.0,117.5,3.0,11433,5871,116.0
2026-06-04,24881286,2959751139,120.5,117.0,119.0,1.5,9250,5871,118.0
2026-06-05,21923664,2581280934,119.5,116.0,118.0,-1.0,7494,5871,119.0
2026-06-08,19019042,2193133799,118.0,112.0,115.5,-2.5,9664,5871,113.5
2026-06-09,17570218,2089257624,121.0,114.5,119.5,4.0,9345,5871,115.5
2026-06-10,18917828,2256786372,121.0,116.5,119.5,0.0,8157,5871,118.5
2026-06-11,20793511,2496767846,123.0,117.5,123.0,3.5,8251,5871,118.0
2026-06-12,10460646,1263239381,122.0,119.5,121.5,-1.5,5833,5871,122.0
2026-06-15,10845697,1288284296,122.5,117.0,118.5,-3.0,8971,5871,122.5
2026-06-16,14094585,1627121183,118.5,114.0,116.5,-2.0,9548,5871,118.5
2026-06-17,6191665,711996658,117.0,114.0,115.0,-1.5,5317,5871,117.0
2026-06-18,16134724,1844826550,116.5,114.0,114.0,-1.0,4982,5871,115.0
