date,capacity,turnover,high,low,close,change,transaction_volume,stock_code_id,open
2015-01-05,4670568,317692828,68.9,66.8,68.9,1.9,2418,6285,68.3
2015-01-06,5065307,344491976,68.5,67.5,67.6,-1.3,2647,6285,68.4
2015-01-07,3523419,239085604,68.3,67.1,67.6,0.0,1932,6285,67.7
2015-01-08,2911910,196970623,68.4,67.1,67.1,-0.5,1616,6285,68.2
2015-01-09,8475099,581289404,69.3,67.3,68.8,1.7,4357,6285,68.0
2015-01-12,6984996,484875124,70.2,68.5,68.9,0.1,3629,6285,68.8
2015-01-13,3340045,229898981,69.5,68.3,68.3,-0.6,2112,6285,68.9
2015-01-14,4428325,305543312,69.5,67.8,69.3,1.0,2049,6285,68.3
2015-01-15,7030380,491537281,70.6,69.0,69.5,0.2,3650,6285,69.4
2015-01-16,4412241,299452214,69.4,66.9,67.1,-2.4,2816,6285,69.0
2015-01-19,2727921,180934786,67.9,65.3,65.7,-1.4,1684,6285,67.5
2015-01-20,1880597,125844899,67.5,66.0,67.0,1.3,1089,6285,67.0
2015-01-21,1390722,93139424,67.5,66.5,66.7,-0.3,941,6285,67.2
2015-01-22,3309396,224656004,68.4,67.1,67.7,1.0,2273,6285,67.3
2015-01-23,4033771,276376946,69.0,67.9,68.0,0.3,2287,6285,68.5
2015-01-26,1981796,135047063,68.7,67.8,67.8,-0.2,1216,6285,68.5
2015-01-27,4126230,283546938,69.3,68.0,68.9,1.1,2262,6285,68.0
2015-01-28,1769366,121083470,69.0,68.0,68.5,-0.4,1095,6285,68.8
2015-01-29,2616539,179950463,69.3,68.2,68.4,-0.1,1548,6285,68.5
2015-01-30,1212611,83003048,69.0,68.0,68.0,-0.4,678,6285,68.9
2015-02-02,3783140,258741760,69.1,66.7,69.1,1.1,1934,6285,68.0
2015-02-03,3865442,267756298,69.8,68.7,69.0,-0.1,2078,6285,69.5
2015-02-04,4446694,309570926,70.5,68.7,69.5,0.5,2696,6285,69.0
2015-02-05,2216648,154598296,70.3,69.4,69.6,0.1,1332,6285,70.2
2015-02-06,2352483,162158478,69.9,68.3,68.7,-0.9,1500,6285,69.6
2015-02-09,7769222,553639162,72.0,70.0,71.0,2.3,4566,6285,70.0
2015-02-10,3079311,217925355,71.3,70.4,70.4,-0.6,1865,6285,71.3
2015-02-11,4427730,316979450,72.4,70.6,70.9,0.5,2777,6285,71.0
2015-02-12,4368030,313760960,72.5,70.7,72.0,1.1,2862,6285,71.0
2015-02-13,4730068,344767539,73.4,72.1,73.0,1.0,3378,6285,72.5
2015-02-24,3584993,265005572,75.0,73.2,73.7,0.7,2115,6285,75.0
2015-02-25,2847637,208777248,74.2,72.6,73.1,-0.6,1671,6285,74.2
2015-02-26,1992858,145860881,73.8,72.7,73.6,0.5,1385,6285,73.3
2015-03-02,1791399,132226376,74.5,73.2,73.9,0.3,1151,6285,74.5
2015-03-03,2214654,161380676,74.2,72.5,72.6,-1.3,1390,6285,74.0
2015-03-04,3374317,248215375,74.5,72.1,74.1,1.5,1984,6285,72.5
2015-03-05,2203436,163021971,74.5,73.5,73.7,-0.4,1405,6285,74.1
2015-03-06,4702161,354006841,75.8,73.7,75.7,2.0,2725,6285,74.4
2015-03-09,2969902,223676613,76.1,74.6,75.3,-0.4,1635,6285,76.1
2015-03-10,3106001,233435171,75.8,74.7,74.8,-0.5,1819,6285,75.3
2015-03-11,1589196,118128815,75.0,73.3,74.1,-0.7,1002,6285,73.5
2015-03-12,2586521,192726804,75.0,74.0,74.3,0.2,1365,6285,74.3
2015-03-13,2482606,185907319,75.6,74.2,74.4,0.1,1325,6285,74.5
2015-03-16,2372763,175525924,74.9,73.6,73.7,-0.7,1291,6285,74.2
2015-03-17,2617594,191532768,74.7,72.0,72.0,-1.7,1590,6285,74.5
2015-03-18,2045288,148488587,73.5,72.0,72.9,0.9,1236,6285,72.0
2015-03-19,1964091,142732943,73.4,72.2,73.0,0.1,1291,6285,73.1
2015-03-20,2339963,169196420,72.8,72.1,72.2,-0.8,1372,6285,72.5
2015-03-23,2428632,176612489,73.4,72.0,73.1,0.9,1711,6285,72.2
2015-03-24,1222210,88717395,73.2,72.3,72.4,-0.7,889,6285,73.0
2015-03-25,2134532,152271772,72.9,70.7,70.8,-1.6,1367,6285,72.3
2015-03-26,1670564,118324277,71.4,70.2,70.9,0.1,1106,6285,70.2
2015-03-27,1610504,114380126,71.6,70.4,71.1,0.2,1126,6285,71.0
2015-03-30,1060653,75153362,71.7,70.2,71.0,-0.1,789,6285,71.3
2015-03-31,1563323,112544087,72.5,71.5,71.9,0.9,1087,6285,71.5
2015-04-01,1125412,81277943,72.6,71.8,72.2,0.3,775,6285,72.2
2015-04-02,1254096,90269012,72.9,71.6,72.0,-0.2,751,6285,72.4
2015-04-07,2086190,150232185,72.7,71.3,72.6,0.6,986,6285,72.7
2015-04-08,1938848,139377716,72.7,71.4,72.3,-0.3,1078,6285,72.6
2015-04-09,4805255,350261102,73.3,72.5,72.6,0.3,2152,6285,72.9
2015-04-10,2252338,163503465,73.3,72.0,72.1,-0.5,1318,6285,73.0
2015-04-13,2470840,179251965,73.3,71.6,73.3,1.2,1356,6285,72.5
2015-04-14,8632406,646639391,76.1,73.1,74.4,1.1,4363,6285,73.3
2015-04-15,5898008,443475788,76.2,73.8,75.0,0.6,3125,6285,74.4
2015-04-16,10901954,853693531,80.2,75.7,79.2,4.2,5849,6285,76.2
2015-04-17,11301475,910381600,82.1,78.1,80.1,0.9,6442,6285,79.2
2015-04-20,6218463,490896397,81.0,78.2,78.2,-1.9,3237,6285,80.0
2015-04-21,7212398,567983658,80.7,76.4,77.8,-0.4,3741,6285,79.0
2015-04-22,7394095,589968200,80.9,78.5,80.0,2.2,4216,6285,79.0
2015-04-23,9032988,730344633,82.6,79.2,79.5,-0.5,4402,6285,81.8
2015-04-24,18456259,1464318202,82.2,76.2,77.3,-2.2,7933,6285,80.8
2015-04-27,9243558,736423963,81.3,77.3,81.0,3.7,5132,6285,77.4
2015-04-28,11120361,910592754,83.2,80.3,82.9,1.9,6388,6285,81.4
2015-04-29,5052262,408653158,82.5,79.5,80.8,-2.1,2949,6285,82.5
2015-04-30,5238495,427826435,82.5,80.1,81.5,0.7,2917,6285,80.8
2015-05-04,6287835,521282800,84.2,81.6,81.7,0.2,3353,6285,82.5
2015-05-05,3151828,258337135,83.0,81.1,81.8,0.1,1688,6285,82.1
2015-05-06,11468162,969241722,86.3,80.7,85.8,4.0,6319,6285,81.4
2015-05-07,5397778,457553997,85.8,83.7,84.6,-1.2,3458,6285,85.3
2015-05-08,4400205,367700515,85.1,82.4,83.1,-1.5,2374,6285,84.7
2015-05-11,5245945,430214214,84.9,80.5,81.5,-1.6,2888,6285,84.8
2015-05-12,6314195,521389809,83.9,81.8,82.8,1.3,3744,6285,82.5
2015-05-13,11711413,1007038920,87.5,83.1,86.7,3.9,6479,6285,84.0
2015-05-14,9126643,790780040,88.0,84.9,86.5,-0.2,5096,6285,86.8
2015-05-15,9713382,858631628,89.3,86.9,88.3,1.8,5600,6285,87.1
2015-05-18,11168209,1025463327,94.2,88.8,93.6,5.3,6531,6285,88.9
2015-05-19,6164085,576769416,94.6,92.3,94.0,0.4,4010,6285,93.7
2015-05-20,10282065,954280670,95.2,90.7,90.8,-3.2,5755,6285,94.0
2015-05-21,5891002,539515584,93.0,89.3,92.0,1.2,4074,6285,90.8
2015-05-22,8847896,829309140,95.2,91.7,92.6,0.6,5168,6285,92.8
2015-05-25,4776007,436969828,93.4,90.5,91.9,-0.7,2793,6285,93.0
2015-05-26,5837550,525771715,92.1,89.0,89.7,-2.2,3613,6285,91.9
2015-05-27,8636678,800446832,94.2,89.8,94.0,4.3,5386,6285,89.8
2015-05-28,5270520,502330619,96.6,94.5,94.5,0.5,3423,6285,95.3
2015-05-29,2890990,272455426,95.0,93.0,94.7,0.2,2108,6285,94.9
2015-06-01,3457291,324095361,95.5,92.5,94.4,-0.3,2331,6285,94.7
2015-06-02,7065964,680017164,98.5,93.2,98.0,3.6,4483,6285,94.0
2015-06-03,6734227,652026414,100.0,94.1,94.4,-3.6,4370,6285,99.5
2015-06-04,11420280,1006711753,94.0,85.0,85.3,-9.1,6461,6285,93.6
2015-06-05,9244460,807426909,89.9,84.1,89.6,4.3,5463,6285,85.3
2015-06-08,4804707,430928174,90.7,88.7,88.8,-0.8,3109,6285,89.8
2015-06-09,7433464,662182231,91.2,86.5,87.8,-1.0,4027,6285,88.8
2015-06-10,4663512,418299068,90.8,88.2,89.6,1.8,2775,6285,90.8
2015-06-11,4221647,374229540,90.6,86.7,89.1,-0.5,2750,6285,90.5
2015-06-12,3651294,324274678,90.5,86.8,86.8,-2.3,2502,6285,89.0
2015-06-15,6094768,515161611,87.6,82.4,84.4,-2.4,3775,6285,85.9
2015-06-16,4817528,411558408,86.2,84.2,86.2,1.8,3113,6285,84.4
2015-06-17,6462903,577686211,90.7,86.9,89.5,3.3,4287,6285,87.5
2015-06-18,3663943,329330738,90.6,88.6,90.4,0.9,2592,6285,90.6
2015-06-22,3429653,314067562,92.5,90.2,90.2,-0.2,2332,6285,91.6
2015-06-23,4460737,411444681,94.1,90.6,90.9,0.7,3019,6285,91.2
2015-06-24,3092743,278219670,91.2,88.7,90.0,-0.9,2047,6285,91.0
2015-06-25,2682978,245028597,92.3,89.7,90.8,0.8,1883,6285,90.0
2015-06-26,4144689,385313488,93.9,91.6,92.2,1.4,2772,6285,92.0
2015-06-29,2481062,221406083,90.8,88.4,88.4,-3.8,1829,6285,90.3
2015-06-30,2149860,189104221,89.5,87.5,87.6,-0.8,1564,6285,88.2
2015-07-01,4945688,447847466,91.8,88.1,91.5,3.9,3284,6285,88.3
2015-07-02,3425413,314001012,92.9,90.6,90.6,-0.9,2353,6285,91.8
2015-07-03,2361170,211941529,91.1,88.9,90.2,-0.4,1585,6285,90.7
2015-07-06,3838900,336204625,89.4,86.5,86.5,-3.7,2731,6285,88.0
2015-07-07,7409118,624258512,87.8,82.2,83.7,-2.8,4577,6285,87.3
2015-07-08,5355151,431844547,84.7,78.0,80.4,-3.3,3575,6285,83.7
2015-07-09,5120261,423635124,84.6,78.5,84.4,4.0,3476,6285,80.8
2015-07-13,2937169,249448244,86.5,83.0,85.5,1.1,1907,6285,86.4
2015-07-14,3056438,257782254,86.0,83.4,83.4,-2.1,2113,6285,86.0
2015-07-15,1888552,158771097,84.7,83.6,83.7,0.3,1265,6285,84.4
2015-07-16,1338030,111746390,84.3,82.6,83.3,-0.4,1097,6285,84.0
2015-07-17,1156637,96755324,84.0,83.0,83.8,0.5,893,6285,84.0
2015-07-20,2434385,198584463,84.3,79.2,80.6,-3.2,1869,6285,84.3
2015-07-21,1932650,155531705,81.5,79.1,81.5,0.9,1269,6285,80.6
2015-07-22,2799020,221168180,81.0,77.9,78.5,-3.0,2024,6285,80.2
2015-07-23,2643241,209428501,80.2,78.0,79.7,1.2,1733,6285,78.0
2015-07-24,1307269,103734910,80.0,78.3,79.6,-0.1,1017,6285,79.5
2015-07-27,2894169,221163089,80.2,73.0,73.2,-6.4,2067,6285,78.8
2015-07-28,3748896,287775264,79.9,72.7,79.1,5.9,2430,6285,72.7
2015-07-29,2447596,193839261,80.4,77.7,78.8,-0.3,1891,6285,79.5
2015-07-30,1914650,153535435,81.0,79.0,79.3,0.5,1381,6285,79.0
2015-07-31,2011126,156965186,79.5,77.3,78.5,-0.8,1294,6285,79.3
2015-08-03,2008072,150607433,77.0,74.3,75.0,-3.5,1375,6285,76.1
2015-08-04,2697891,199352290,76.3,72.0,72.5,-2.5,1769,6285,75.0
2015-08-05,2702821,199887054,75.0,73.0,74.0,1.5,1722,6285,73.0
2015-08-06,2903560,209613720,73.1,71.4,72.0,0.0,2016,6285,71.9
2015-08-07,3095872,229372032,75.7,71.0,75.7,3.7,2201,6285,71.0
2015-08-10,4677828,367479741,80.4,76.2,78.7,3.0,3017,6285,76.2
2015-08-11,11460018,838885174,78.6,70.9,70.9,-7.8,6906,6285,77.1
2015-08-12,12889738,852378584,69.4,64.4,66.9,-4.0,7654,6285,69.2
2015-08-13,7610608,513020935,68.3,66.0,67.0,0.1,4108,6285,66.9
2015-08-14,3670371,249946663,68.7,67.2,67.9,0.9,2459,6285,67.7
2015-08-17,6987606,450319957,68.0,63.0,63.2,-4.7,4633,6285,68.0
2015-08-18,6380835,402952540,64.1,61.8,63.6,0.4,4102,6285,63.2
2015-08-19,5808347,362034161,63.8,61.4,62.5,-1.1,3487,6285,62.8
2015-08-20,7637856,480005111,64.1,61.4,62.9,0.4,4456,6285,62.5
2015-08-21,5431998,328294370,61.5,59.7,60.0,-2.9,3452,6285,61.1
2015-08-24,7745345,430370391,58.5,54.0,55.2,-4.8,4122,6285,58.1
2015-08-25,5859117,332892858,58.4,54.7,57.8,2.6,3540,6285,54.7
2015-08-26,4866334,287236739,61.0,56.2,60.0,2.2,2933,6285,57.2
2015-08-27,5045326,315121191,64.0,61.1,62.6,2.6,3329,6285,61.5
2015-08-28,4096430,258965920,64.7,62.0,62.2,-0.4,2884,6285,64.2
2015-08-31,3859980,235023445,61.8,60.1,61.1,-1.1,2858,6285,61.4
2015-09-01,3528504,216303082,62.2,60.5,60.9,-0.2,2433,6285,60.9
2015-09-02,2325718,140620450,60.9,59.6,60.7,-0.2,1560,6285,60.2
2015-09-03,5949924,372438314,63.6,61.3,62.8,2.1,3780,6285,61.3
2015-09-04,9092402,587616877,65.5,62.5,63.9,1.1,5191,6285,62.5
2015-09-07,2900734,187389710,65.2,63.6,65.0,1.1,1874,6285,63.9
2015-09-08,2714891,175513264,65.9,64.0,64.2,-0.8,1914,6285,64.8
2015-09-09,7120961,473544961,67.5,65.1,67.5,3.3,4386,6285,65.4
2015-09-10,4283706,287094602,67.9,66.3,66.9,-0.6,2742,6285,67.0
2015-09-11,8426488,583347260,70.5,67.4,69.0,2.1,4182,6285,67.4
2015-09-14,5665832,396285701,71.6,68.3,69.6,0.6,3714,6285,70.0
2015-09-15,3290524,228360656,70.5,68.5,68.5,-1.1,2301,6285,70.0
2015-09-16,5269183,367998201,71.1,68.9,68.9,0.4,3404,6285,69.4
2015-09-17,7416569,519471081,70.8,69.3,70.3,1.4,3526,6285,69.6
2015-09-18,7971241,571689952,72.3,70.5,72.0,1.7,4970,6285,70.5
2015-09-21,7089455,502253506,71.7,70.2,70.8,-1.2,4475,6285,70.8
2015-09-22,7384674,521856508,71.7,69.7,70.8,0.0,4231,6285,71.1
2015-09-23,6166661,423155868,70.0,67.2,67.2,-3.6,3960,6285,69.5
2015-09-24,7496378,497235044,68.3,64.3,66.6,-0.6,4290,6285,67.5
2015-09-25,5031346,343151862,69.0,66.8,68.6,2.0,3194,6285,67.1
2015-09-30,4002692,275203248,69.7,67.8,68.5,-0.1,2422,6285,67.9
2015-10-01,5324997,372801590,70.5,69.2,70.0,1.5,3346,6285,69.6
2015-10-02,16921645,1250888675,76.6,70.4,75.0,5.0,10189,6285,70.8
2015-10-05,14742716,1150286367,80.0,76.5,78.2,3.2,9266,6285,78.0
2015-10-06,6634475,512987029,79.2,76.2,76.4,-1.8,4524,6285,79.1
2015-10-07,6160764,480158675,78.8,76.7,77.6,1.2,4018,6285,76.7
2015-10-08,6406581,491158886,78.2,75.8,75.9,-1.7,3787,6285,78.0
2015-10-12,5212383,406295588,78.7,77.0,77.8,1.9,3210,6285,77.0
2015-10-13,4580297,359063069,79.3,77.5,77.7,-0.1,3170,6285,78.5
2015-10-14,3833650,297826600,78.5,76.5,77.9,0.2,2509,6285,77.5
2015-10-15,5221862,411319089,79.4,78.0,78.3,0.4,3349,6285,79.0
2015-10-16,13047494,1067650635,83.3,78.9,81.3,3.0,7328,6285,79.5
2015-10-19,5313785,426771436,81.9,79.5,79.6,-1.7,3535,6285,81.8
2015-10-20,4804123,379747820,80.2,78.2,79.1,-0.5,3114,6285,79.9
2015-10-21,4384025,349767375,81.0,78.8,79.0,-0.1,2857,6285,79.5
2015-10-22,3472438,275431460,80.1,78.4,79.6,0.6,2314,6285,78.6
2015-10-23,6723740,540716529,81.8,78.5,78.6,-1.0,4016,6285,80.9
2015-10-26,6591981,527269761,81.1,77.8,81.0,2.4,4327,6285,79.0
2015-10-27,3938408,317909648,81.5,79.7,81.0,0.0,2454,6285,80.4
2015-10-28,8021340,664065162,84.3,81.0,81.4,0.4,4990,6285,81.1
2015-10-29,17064044,1455740898,87.2,83.2,84.7,3.3,9587,6285,84.5
2015-10-30,6407121,541333862,85.8,82.7,85.8,1.1,4205,6285,85.2
2015-11-02,5131042,439817470,86.7,84.7,85.0,-0.8,3405,6285,86.0
2015-11-03,6074372,518297910,86.6,84.2,84.2,-0.8,3906,6285,85.5
2015-11-04,5024796,422433161,85.0,83.5,83.7,-0.5,3309,6285,84.7
2015-11-05,4862966,413393210,85.6,84.1,84.9,1.2,3208,6285,84.3
2015-11-06,3648818,308995212,85.6,83.6,84.0,-0.9,2521,6285,85.4
2015-11-09,6719517,547744405,83.6,80.3,80.3,-3.7,3956,6285,83.4
2015-11-10,3420976,277047455,81.9,79.8,80.7,0.4,2361,6285,80.1
2015-11-11,4196012,333484941,81.5,78.1,78.1,-2.6,2842,6285,81.0
2015-11-12,5650567,452139868,81.8,78.5,81.8,3.7,3300,6285,79.6
2015-11-13,5076289,418653948,83.3,80.8,82.2,0.4,3390,6285,81.5
2015-11-16,11732030,1001881210,87.8,81.2,87.1,4.9,7571,6285,81.2
2015-11-17,9603526,846083253,89.1,87.3,87.3,0.2,5596,6285,88.6
2015-11-18,4347200,379728953,88.5,86.5,86.8,-0.5,2670,6285,87.8
2015-11-19,6722636,593920618,89.4,87.3,88.1,1.3,4263,6285,87.3
2015-11-20,4077883,361423683,89.5,87.6,88.2,0.1,2617,6285,88.4
2015-11-23,3662334,325224849,89.7,87.7,88.2,0.0,2171,6285,89.3
2015-11-24,7408150,670629115,92.3,88.4,89.6,1.4,4954,6285,88.7
2015-11-25,4047670,360861254,90.8,88.2,89.8,0.2,2831,6285,90.0
2015-11-26,2513306,224804130,90.6,88.7,88.7,-1.1,1751,6285,90.5
2015-11-27,1996237,177740214,89.8,88.4,88.7,0.0,1483,6285,89.5
2015-11-30,4211711,380425345,91.4,88.4,90.1,1.4,2947,6285,89.2
2015-12-01,3619419,330411432,92.4,90.2,90.9,0.8,2519,6285,90.8
2015-12-02,3367782,308558735,92.8,90.5,90.6,-0.3,2202,6285,92.0
2015-12-03,2787233,252323093,91.9,89.0,90.0,-0.6,1952,6285,90.6
2015-12-04,5361419,494957345,93.6,90.1,91.8,1.8,3446,6285,90.2
2015-12-07,2619977,240417207,92.9,91.0,91.0,-0.8,1790,6285,92.9
2015-12-08,2844390,254364210,91.4,88.4,89.0,-2.0,1950,6285,91.0
2015-12-09,3294481,289099978,89.7,86.5,87.7,-1.3,2368,6285,89.0
2015-12-10,2593962,228153216,88.8,87.0,88.8,1.1,1891,6285,88.0
2015-12-11,4900827,419282868,89.3,83.5,83.8,-5.0,3602,6285,88.9
2015-12-14,2657815,221258045,84.9,81.5,83.0,-0.8,1964,6285,82.0
2015-12-15,2943896,246274868,84.6,83.0,83.0,0.0,1954,6285,84.6
2015-12-16,1921381,160755204,84.3,83.1,84.0,1.0,1254,6285,84.0
2015-12-17,3844777,333066580,87.8,84.5,86.6,2.6,2640,6285,84.6
2015-12-18,1675956,145432085,87.7,86.0,86.6,0.0,1190,6285,86.1
2015-12-21,1487662,127799026,86.6,85.3,85.6,-1.0,1107,6285,86.6
2015-12-22,2098194,178972788,86.4,84.5,84.5,-1.1,1181,6285,86.0
2015-12-23,2498102,210962332,85.0,83.9,84.5,0.0,1437,6285,84.9
2015-12-24,2184664,185200706,85.4,84.4,84.5,0.0,1195,6285,85.1
2015-12-25,1286034,109339497,85.5,83.8,85.4,0.9,812,6285,84.5
2015-12-28,3906067,341235491,88.4,86.3,86.5,1.1,2624,6285,86.3
2015-12-29,3773161,326855898,88.2,84.5,85.1,-1.4,2400,6285,87.5
2015-12-30,2779780,240340330,87.3,85.5,87.2,2.1,1701,6285,86.2
2015-12-31,3603288,316315648,88.4,86.6,87.7,0.5,2059,6285,87.5
2016-01-04,3465500,304044197,88.8,86.6,86.6,-1.1,2117,6285,88.4
2016-01-05,3062242,262048989,86.3,84.9,84.9,-1.7,2206,6285,85.8
2016-01-06,2829026,238397257,85.6,83.1,83.2,-1.7,2003,6285,85.0
2016-01-07,4039894,323784056,83.6,77.8,78.9,-4.3,2720,6285,83.0
2016-01-08,2957372,241244876,83.3,78.2,83.3,4.4,2025,6285,78.3
2016-01-11,2638893,215246049,82.9,80.5,80.7,-2.6,1525,6285,82.9
2016-01-12,2521009,203845519,81.9,79.5,79.9,-0.8,1376,6285,81.2
2016-01-13,2662297,211411827,81.5,77.8,78.6,-1.3,1829,6285,81.5
2016-01-14,4296315,325456361,76.8,74.5,76.1,-2.5,2866,6285,76.6
2016-01-15,4226618,336439689,81.0,77.3,80.1,4.0,3119,6285,77.3
2016-01-18,3795283,313914733,84.5,79.2,83.9,3.8,2844,6285,79.2
2016-01-19,2276459,191833101,85.4,82.9,85.2,1.3,1682,6285,83.8
2016-01-20,2232517,187048511,84.5,83.0,83.0,-2.2,1356,6285,84.5
2016-01-21,2054355,169186820,84.3,80.9,82.1,-0.9,1384,6285,83.7
2016-01-22,1640638,137313892,84.3,82.8,84.0,1.9,1100,6285,83.0
2016-01-25,2346980,196747362,85.2,82.4,83.1,-0.9,1723,6285,84.6
2016-01-26,2098734,175977456,84.6,82.4,84.0,0.9,1554,6285,82.5
2016-01-27,2055418,171520168,85.0,82.8,82.9,-1.1,1401,6285,85.0
2016-01-28,2096776,174553845,83.9,82.0,83.9,1.0,1208,6285,82.0
2016-01-29,2408520,201887169,84.0,83.1,84.0,0.1,1324,6285,83.3
2016-01-30,5190218,456923586,89.9,85.5,88.1,4.1,3329,6285,86.0
2016-02-01,4835223,424427302,89.5,86.0,86.6,-1.5,2842,6285,89.4
2016-02-02,3217395,281010304,88.3,86.6,86.6,0.0,2198,6285,87.5
2016-02-03,2892177,246242345,86.3,84.6,85.0,-1.6,1886,6285,86.0
2016-02-15,3088764,266072184,87.2,84.1,86.9,1.9,2007,6285,84.1
2016-02-16,3488394,305063574,88.7,86.3,87.5,0.6,2377,6285,87.5
2016-02-17,3225710,283076680,88.5,87.1,88.0,0.5,2092,6285,87.5
2016-02-18,8157728,735704126,91.1,89.2,89.9,1.9,4912,6285,89.8
2016-02-19,3480717,311201361,90.8,88.3,88.8,-1.1,2402,6285,89.9
2016-02-22,2030082,179718118,89.8,87.6,88.1,-0.7,1404,6285,88.8
2016-02-23,3438411,301679053,89.2,86.7,89.2,1.1,2352,6285,88.9
2016-02-24,3100155,272769938,89.1,87.3,87.4,-1.8,2129,6285,88.8
2016-02-25,3143821,273169774,88.0,85.8,86.3,-1.1,2064,6285,87.6
2016-02-26,2332973,200770766,87.2,85.5,85.8,-0.5,1564,6285,86.9
2016-03-01,2764923,240126887,87.5,86.1,87.1,1.3,1983,6285,86.4
2016-03-02,3802946,328841548,88.0,85.8,85.9,-1.2,2438,6285,87.6
2016-03-03,4078277,346225936,86.5,83.6,84.9,-1.0,2543,6285,86.1
2016-03-04,2938285,248018840,85.4,83.8,84.0,-0.9,2084,6285,85.2
2016-03-07,2774418,231586073,85.0,82.5,83.1,-0.9,1852,6285,84.2
2016-03-08,3662453,305272552,84.2,82.6,84.2,1.1,2441,6285,83.1
2016-03-09,4980527,412409383,84.0,82.2,82.4,-1.8,3000,6285,83.9
2016-03-10,5241784,443743886,85.9,82.6,85.3,2.9,3456,6285,82.6
2016-03-11,2725266,230333089,85.2,84.0,84.2,-1.1,2126,6285,85.1
2016-03-14,2111241,178007787,85.1,83.8,84.0,-0.2,1583,6285,85.1
2016-03-15,4581674,377060194,84.6,81.0,81.0,-3.0,3055,6285,84.6
2016-03-16,4333435,350108335,81.9,80.0,80.7,-0.3,2781,6285,81.1
2016-03-17,4843171,399374505,83.7,81.5,81.6,0.9,2941,6285,82.0
2016-03-18,5600166,465903069,83.8,82.1,83.6,2.0,2903,6285,82.7
2016-03-21,2353534,197217589,84.4,83.1,83.7,0.1,1576,6285,84.2
2016-03-22,2114444,174476841,83.6,81.7,82.0,-1.7,1524,6285,83.5
2016-03-23,2600200,215183574,83.4,82.1,82.5,0.5,1697,6285,82.1
2016-03-24,1619849,133745738,83.6,81.4,82.5,0.0,1226,6285,82.3
2016-03-25,1661252,137114886,83.5,81.6,82.3,-0.2,1104,6285,82.7
2016-03-28,3368590,281519261,84.4,82.5,83.5,1.2,1989,6285,83.4
2016-03-29,4346697,362729280,84.2,82.5,84.2,0.7,2784,6285,83.5
2016-03-30,8305038,713548743,86.8,84.6,85.5,1.3,5282,6285,84.8
2016-03-31,5059528,435138601,87.3,84.6,86.2,0.7,3437,6285,85.3
2016-04-01,3946625,342026428,87.6,85.7,87.0,0.8,2571,6285,85.9
2016-04-06,5226855,459008769,88.5,86.6,87.7,0.7,3336,6285,87.0
2016-04-07,3855691,334328900,88.5,85.5,86.7,-1.0,2483,6285,88.5
2016-04-08,1840107,159163155,87.1,86.0,86.7,0.0,1133,6285,86.6
2016-04-11,2002070,171985950,87.2,85.2,85.2,-1.5,1219,6285,87.1
2016-04-12,4472530,374627420,85.8,82.5,82.5,-2.7,2658,6285,85.4
2016-04-13,2209067,183995768,83.8,82.7,83.6,1.1,1247,6285,82.7
2016-04-14,1398662,118263766,84.9,84.0,84.5,0.9,962,6285,84.0
2016-04-15,1443715,121843812,85.0,83.5,84.5,0.0,1036,6285,84.5
2016-04-18,1386585,116289017,84.2,83.0,84.0,-0.5,911,6285,83.7
2016-04-19,1438077,122253874,85.5,84.5,84.5,0.5,989,6285,84.5
2016-04-20,3136839,260357142,85.0,82.2,82.3,-2.2,1889,6285,84.5
2016-04-21,3271943,269902569,83.2,81.8,82.9,0.6,2136,6285,82.5
2016-04-22,5177284,438493619,85.6,83.7,85.0,2.1,3192,6285,83.7
2016-04-25,3343003,283751253,85.8,84.1,85.0,0.0,1764,6285,85.3
2016-04-26,3288224,282457092,86.5,84.9,86.1,1.1,2240,6285,85.5
2016-04-27,1753792,150538931,86.7,85.2,85.4,-0.7,1226,6285,86.0
2016-04-28,1795143,151898921,86.0,84.0,84.6,-0.8,1323,6285,86.0
2016-04-29,1378155,115605341,84.2,83.3,84.0,-0.6,924,6285,84.1
2016-05-03,1560859,129864036,84.4,82.6,83.1,-0.9,1152,6285,84.0
2016-05-04,2417539,198232276,83.3,80.8,81.4,-1.7,1930,6285,82.6
2016-05-05,1673865,137760295,83.2,81.6,83.1,1.7,1168,6285,81.8
2016-05-06,1249622,102298704,82.8,81.3,81.6,-1.5,927,6285,82.6
2016-05-09,13750433,1034434942,79.8,73.5,73.6,-8.0,7841,6285,79.8
2016-05-10,6308813,475404911,76.8,73.8,76.6,3.0,3478,6285,74.0
2016-05-11,4472548,337571648,76.8,75.0,75.1,-1.5,2854,6285,76.3
2016-05-12,2988747,226227970,76.6,74.8,75.1,0.0,1992,6285,76.0
2016-05-13,5025195,370563599,75.4,72.2,74.6,-0.5,3327,6285,75.1
2016-05-16,2307099,173638242,75.7,74.5,75.2,0.6,1419,6285,75.2
2016-05-17,3557965,271401382,77.5,74.6,77.4,2.2,2412,6285,75.2
2016-05-18,6649930,500327796,76.2,74.8,75.2,-2.2,3822,6285,76.2
2016-05-19,5400192,400240876,75.2,72.8,74.4,-0.8,3714,6285,75.2
2016-05-20,4427325,323486750,74.1,72.1,73.1,-1.3,3186,6285,74.0
2016-05-23,3378217,250403681,75.2,72.4,74.6,1.5,2371,6285,73.1
2016-05-24,2610656,192795709,74.5,73.4,73.5,-1.1,1903,6285,74.5
2016-05-25,2950932,220628818,75.8,73.8,74.6,1.1,1962,6285,74.0
2016-05-26,2810754,212564522,76.5,74.2,75.9,1.3,2140,6285,75.0
2016-05-27,2812230,216077710,77.3,75.7,77.0,1.1,1762,6285,76.3
2016-05-30,1382562,106773938,77.7,76.5,77.7,0.7,1109,6285,76.6
2016-05-31,2134241,167210742,79.3,77.7,78.2,0.5,1480,6285,77.7
2016-06-01,1735802,135150354,79.0,77.1,77.2,-1.0,1269,6285,78.7
2016-06-02,1967731,150903292,77.5,76.0,76.6,-0.6,1141,6285,77.5
2016-06-03,1166402,89700886,77.3,76.4,77.1,0.5,692,6285,76.5
2016-06-04,342745,26390334,77.4,76.6,77.1,0.0,220,6285,76.6
2016-06-06,617004,47245304,77.5,76.1,76.4,-0.7,425,6285,77.4
2016-06-07,1258768,97595204,78.0,76.5,78.0,1.6,978,6285,76.5
2016-06-08,8433986,703609418,84.5,82.0,83.7,5.7,5268,6285,82.0
2016-06-13,4449357,373353644,85.2,82.8,84.0,0.3,3247,6285,83.3
2016-06-14,1382173,115356205,84.0,83.1,83.4,-0.6,1018,6285,84.0
2016-06-15,1703569,141671492,83.9,82.3,83.7,0.3,1211,6285,83.7
2016-06-16,4741969,400953788,85.6,83.4,84.5,0.8,3475,6285,83.7
2016-06-17,2075869,174797903,85.0,83.7,83.7,-0.8,1092,6285,84.5
2016-06-20,1042543,87219871,84.3,83.1,83.6,-0.1,775,6285,84.2
2016-06-21,1618768,136750451,85.4,83.9,84.0,0.4,1226,6285,84.0
2016-06-22,1507527,125935601,84.5,82.8,83.3,-0.7,1129,6285,84.3
2016-06-23,1158115,96116404,83.7,82.6,82.7,-0.6,717,6285,83.6
2016-06-24,2514262,204923338,83.3,79.4,80.7,-2.0,1798,6285,83.2
2016-06-27,1890711,153421944,82.0,79.7,81.9,1.2,1495,6285,79.7
2016-06-28,2708304,224528596,84.6,80.9,84.5,2.6,1875,6285,81.0
2016-06-29,3148135,264392005,85.5,82.9,83.0,-1.5,2076,6285,84.0
2016-06-30,2333864,193328988,84.0,82.1,82.1,-0.9,1612,6285,84.0
2016-07-01,1411466,116514955,83.4,82.1,82.2,0.1,960,6285,82.3
2016-07-04,1353114,111891945,83.2,82.1,82.9,0.7,805,6285,82.1
2016-07-05,948167,78623207,83.4,82.4,83.0,0.1,827,6285,82.9
2016-07-06,1185363,97092915,82.9,81.4,81.6,-1.4,955,6285,82.9
2016-07-07,1198793,97442083,82.5,80.7,81.2,-0.4,1082,6285,82.1
2016-07-11,1261535,102324035,82.0,80.8,80.9,-0.3,1057,6285,81.7
2016-07-12,1898636,155661756,82.4,81.5,81.9,1.0,1225,6285,81.5
2016-07-13,1568518,130166532,83.4,81.9,83.2,1.3,1276,6285,82.2
2016-07-14,1080142,90053795,83.7,82.8,83.2,0.0,868,6285,83.4
2016-07-15,3135134,265476676,85.2,83.5,84.7,1.5,2041,6285,83.5
2016-07-18,3434042,295494497,87.0,84.8,86.3,1.6,2242,6285,85.2
2016-07-19,2806607,243710319,87.5,85.6,87.1,0.8,1783,6285,86.6
2016-07-20,3230954,277354040,86.7,85.2,85.9,-1.2,1578,6285,86.5
2016-07-21,3206105,279996944,88.2,86.2,87.2,1.3,2244,6285,86.8
2016-07-22,3744160,327373520,88.4,86.9,87.3,0.1,1813,6285,87.5
2016-07-25,2062771,177056788,87.6,85.0,85.6,-1.7,1401,6285,87.5
2016-07-26,820667,70773826,86.6,85.6,86.4,0.8,590,6285,85.6
2016-07-27,1088063,94728445,87.6,86.6,86.9,0.5,764,6285,86.9
2016-07-28,1137947,98077511,87.3,85.7,85.9,-1.0,746,6285,87.0
2016-07-29,1279056,109302765,86.2,85.1,85.2,-0.7,891,6285,85.6
2016-08-01,3009367,262240496,88.0,85.3,88.0,2.8,1921,6285,85.5
2016-08-02,1606003,140967459,88.4,87.3,87.7,-0.3,1044,6285,88.3
2016-08-03,1169445,101502402,87.2,86.3,87.2,-0.5,795,6285,87.2
2016-08-04,1451972,126264171,87.8,86.6,86.6,-0.6,916,6285,87.7
2016-08-05,4285076,378590822,89.0,86.7,89.0,2.4,2811,6285,87.2
2016-08-08,3062693,272465686,89.5,88.0,89.4,0.4,1372,6285,89.5
2016-08-09,2371763,210241089,89.8,87.8,88.6,-0.8,1709,6285,89.6
2016-08-10,5735089,510486169,90.2,88.4,89.0,0.4,3263,6285,89.0
2016-08-11,7987072,673869114,85.8,83.1,85.1,0.0,4288,6285,83.2
2016-08-12,3483461,298122514,86.8,84.5,86.8,1.7,2280,6285,85.6
2016-08-15,1351420,116038114,86.8,85.3,85.3,-1.5,987,6285,86.8
2016-08-16,1121920,95049550,85.7,84.3,84.3,-1.0,807,6285,85.5
2016-08-17,1634416,139142279,86.2,84.0,85.3,1.0,1196,6285,84.2
2016-08-18,856255,73069520,85.9,84.7,85.4,0.1,617,6285,85.1
2016-08-19,1487832,127598148,86.4,85.2,85.4,0.0,1082,6285,85.8
2016-08-22,990256,84549248,86.0,85.0,85.5,0.1,394,6285,86.0
2016-08-23,3806557,334479416,89.5,85.5,88.1,2.6,2727,6285,85.8
2016-08-24,5387556,484041096,91.1,87.8,90.0,1.9,3208,6285,88.3
2016-08-25,8953325,834413174,94.5,90.2,93.5,3.5,5612,6285,90.4
2016-08-26,5625419,531286710,95.2,92.9,95.2,1.7,3611,6285,94.0
2016-08-29,3346510,316850040,95.2,94.0,94.6,-0.6,2085,6285,95.0
2016-08-30,2860744,271743736,96.2,94.2,94.5,-0.1,1984,6285,95.3
2016-08-31,2375267,225989911,95.9,94.3,95.5,1.0,1924,6285,94.9
2016-09-01,3059995,291192184,96.0,94.6,95.0,-0.5,2212,6285,95.4
2016-09-02,3923141,368061195,95.8,92.5,94.0,-1.0,2668,6285,95.2
2016-09-05,2676206,253659041,96.0,93.5,95.0,1.0,1861,6285,94.4
2016-09-06,4784435,469208188,99.7,94.4,98.3,3.3,3418,6285,95.2
2016-09-07,2849951,274900785,97.9,95.7,95.7,-2.6,2138,6285,97.5
2016-09-08,1725006,165237770,96.9,95.0,95.3,-0.4,1393,6285,95.5
2016-09-09,2190950,209250419,96.1,94.9,95.4,0.1,1811,6285,95.3
2016-09-10,1387894,129783088,94.4,93.0,93.3,-2.1,948,6285,93.5
2016-09-12,2236220,207453342,93.9,92.1,92.1,-1.2,1731,6285,93.9
2016-09-13,4035784,378878975,94.8,93.3,93.8,1.7,1861,6285,93.3
2016-09-14,2833109,263192737,94.5,91.5,93.5,-0.3,2087,6285,93.8
2016-09-19,3255417,308449315,95.7,93.8,95.3,1.8,1886,6285,94.1
2016-09-20,3412283,333829549,99.2,95.0,97.3,2.0,2611,6285,95.0
2016-09-21,4092254,404781846,99.8,97.0,99.7,2.4,2568,6285,97.0
2016-09-22,4424312,444804717,102.0,98.3,101.5,1.8,2994,6285,101.0
2016-09-23,2204930,220446697,101.0,99.4,100.0,-1.5,1309,6285,100.5
2016-09-26,1300599,128366402,99.7,98.1,98.5,-1.5,944,6285,99.7
2016-09-29,1330243,130762726,99.4,97.8,98.0,-0.5,915,6285,98.3
2016-09-30,1441519,141160359,99.0,96.7,98.9,0.9,1144,6285,97.5
2016-10-03,2523607,252523400,101.5,98.9,100.5,1.6,1691,6285,99.2
2016-10-04,4073058,404513633,102.0,97.6,97.6,-2.9,2562,6285,101.0
2016-10-05,1955681,193994728,100.0,98.2,98.7,1.1,1487,6285,98.3
2016-10-06,3533535,341150013,99.0,95.3,96.5,-2.2,2348,6285,98.9
2016-10-07,2734748,260359060,96.5,94.6,95.0,-1.5,1680,6285,96.5
2016-10-11,1755355,164949096,95.5,92.5,94.1,-0.9,1245,6285,95.4
2016-10-12,1319643,125081515,95.5,93.5,94.6,0.5,971,6285,93.5
2016-10-13,1616457,151025867,95.2,92.3,92.3,-2.3,1258,6285,94.8
2016-10-14,2365886,219890334,94.2,91.3,93.7,1.4,1684,6285,93.0
2016-10-17,2315272,219426276,95.5,93.2,95.0,1.3,1397,6285,94.5
2016-10-18,1982830,188400090,95.5,94.5,95.5,0.5,1083,6285,95.0
2016-10-19,7264214,671725929,95.9,90.1,90.1,-5.4,4827,6285,95.9
2016-10-20,5485132,484085477,89.5,87.3,88.0,-2.1,3410,6285,89.5
2016-10-21,2146334,191482990,89.9,88.5,89.3,1.3,1576,6285,88.7
2016-10-24,2203658,195322620,89.8,87.6,89.4,0.1,1692,6285,89.2
2016-10-25,1764071,158150046,90.3,88.9,89.7,0.3,1248,6285,89.7
2016-10-26,2210157,194644744,89.4,87.6,87.6,-2.1,1616,6285,89.3
2016-10-27,1622180,141892846,88.2,86.6,87.4,-0.2,1270,6285,87.0
2016-10-28,1179029,103232954,87.9,87.0,87.5,0.1,807,6285,87.5
2016-10-31,898891,79020770,88.4,87.2,87.9,0.4,719,6285,87.5
2016-11-01,1578871,137643677,88.7,86.6,87.0,-0.9,1211,6285,87.4
2016-11-02,2313184,196033999,86.2,84.2,84.2,-2.8,1717,6285,86.1
2016-11-03,2023784,167400731,84.5,81.7,82.0,-2.2,1499,6285,84.1
2016-11-04,1145070,94626728,83.2,82.1,82.5,0.5,884,6285,82.1
2016-11-07,2193249,183437590,84.5,83.1,83.4,0.9,1631,6285,83.4
2016-11-08,2057918,172206439,84.8,82.3,84.8,1.4,1597,6285,83.5
2016-11-09,3140475,259478608,84.5,80.9,81.1,-3.7,2089,6285,83.7
2016-11-10,5621814,492844846,89.2,84.8,89.2,8.1,3678,6285,85.0
2016-11-11,1921685,169539203,89.4,87.3,87.6,-1.6,1396,6285,88.0
2016-11-14,2488768,222488192,90.8,86.3,89.3,1.7,1580,6285,87.6
2016-11-15,1152726,102438049,89.4,87.7,89.0,-0.3,846,6285,89.0
2016-11-16,1750223,153597640,89.5,86.6,86.9,-2.1,1255,6285,89.0
2016-11-17,1144702,99208060,87.6,85.8,86.6,-0.3,931,6285,86.9
2016-11-18,1484513,130976797,89.1,86.1,89.1,2.5,1064,6285,86.3
2016-11-21,874490,77382860,89.4,87.8,88.3,-0.8,719,6285,89.1
2016-11-22,766946,68101695,89.0,88.3,89.0,0.7,624,6285,88.3
2016-11-23,1378048,123954872,90.5,88.8,89.6,0.6,1086,6285,89.2
2016-11-24,2795579,258081603,94.1,90.7,90.7,1.1,1934,6285,91.5
2016-11-25,1674532,152969927,92.3,90.1,91.9,1.2,1193,6285,90.7
2016-11-28,771602,71380984,92.9,92.0,92.5,0.6,630,6285,92.4
2016-11-29,2067374,193889847,94.2,92.9,93.7,1.2,1460,6285,93.0
2016-11-30,1589731,149298114,94.8,93.1,94.3,0.6,1096,6285,94.0
2016-12-01,972097,91568504,94.6,93.6,94.3,0.0,751,6285,94.1
2016-12-02,1949422,179786510,93.8,91.3,91.7,-2.6,1443,6285,93.8
2016-12-05,1595815,147324419,93.4,91.6,92.5,0.8,1051,6285,91.7
2016-12-06,831180,77076180,93.3,92.4,92.8,0.3,645,6285,92.6
2016-12-07,1391008,129030534,93.8,92.0,92.8,0.0,1165,6285,93.4
2016-12-08,1610334,148701577,93.7,91.6,91.9,-0.9,1329,6285,93.3
2016-12-09,3702807,329102227,89.5,88.0,88.9,-3.0,2133,6285,89.5
2016-12-12,3845744,331299808,88.1,85.2,85.2,-3.7,2919,6285,88.0
2016-12-13,3231460,274386926,85.6,84.1,85.0,-0.2,2165,6285,85.0
2016-12-14,1830566,156493389,86.2,85.0,85.5,0.5,1512,6285,85.0
2016-12-15,1559382,134382741,86.7,85.2,86.4,0.9,1349,6285,85.2
2016-12-16,1498851,128717986,87.0,85.5,85.5,-0.9,1003,6285,86.9
2016-12-19,1243279,106405394,86.2,84.8,85.3,-0.2,913,6285,84.8
2016-12-20,1096400,93023133,85.7,84.5,84.5,-0.8,852,6285,85.3
2016-12-21,1908343,160893543,85.3,83.3,84.6,0.1,1344,6285,84.5
2016-12-22,900581,76314372,85.6,84.1,84.3,-0.3,717,6285,85.5
2016-12-23,914394,77221808,85.3,84.0,84.0,-0.3,769,6285,84.2
2016-12-26,411977,34769259,84.9,84.0,84.2,0.2,306,6285,84.1
2016-12-27,811933,68035172,84.9,83.5,83.6,-0.6,661,6285,84.2
2016-12-28,622261,52695651,85.0,83.6,84.9,1.3,543,6285,83.6
2016-12-29,986952,84468872,86.2,84.7,85.8,0.9,704,6285,84.9
2016-12-30,960115,82821020,86.5,85.8,86.3,0.5,764,6285,86.4
2017-01-03,793353,68869248,87.2,86.2,87.1,0.8,604,6285,86.7
2017-01-04,1560312,137101228,88.4,87.3,87.6,0.5,1126,6285,87.9
2017-01-05,2227698,197879651,89.4,87.9,89.2,1.6,1438,6285,88.1
2017-01-06,1639813,146393657,89.7,88.8,89.5,0.3,1048,6285,89.7
2017-01-09,1643322,148190448,90.8,89.4,90.1,0.6,1080,6285,90.0
2017-01-10,764750,68758900,90.7,89.4,90.1,0.0,605,6285,90.5
2017-01-11,688288,62058790,90.7,89.7,90.3,0.2,522,6285,90.5
2017-01-12,638463,57378807,90.8,89.1,89.3,-1.0,508,6285,90.4
2017-01-13,1589029,143981919,91.4,89.1,91.1,1.8,1186,6285,89.4
2017-01-16,1259919,115222555,92.0,90.8,90.9,-0.2,843,6285,91.3
2017-01-17,613404,55610615,91.3,90.3,90.8,-0.1,421,6285,91.0
2017-01-18,1320935,120538124,92.1,90.2,90.7,-0.1,1041,6285,90.8
2017-01-19,761970,69317484,91.5,90.5,90.7,0.0,637,6285,90.7
2017-01-20,550276,49677776,90.9,89.7,89.7,-1.0,473,6285,90.7
2017-01-23,1474689,131561419,90.1,88.7,89.5,-0.2,748,6285,89.7
2017-01-24,947633,84811784,90.1,89.2,89.4,-0.1,702,6285,90.0
2017-02-02,1674660,149127008,90.5,88.3,88.5,-0.9,1261,6285,90.3
2017-02-03,1175305,104518345,89.5,88.3,89.0,0.5,889,6285,88.6
2017-02-06,2817675,256591715,91.8,89.2,91.3,2.3,2201,6285,89.2
2017-02-07,1773953,162355129,92.4,90.7,91.1,-0.2,1363,6285,91.9
2017-02-08,1330556,122066070,92.2,90.8,92.2,1.1,1083,6285,91.5
2017-02-09,1377551,125609439,91.7,90.7,91.3,-0.9,1034,6285,90.7
2017-02-10,2472963,224559333,91.9,89.9,91.1,-0.2,1244,6285,91.9
2017-02-13,1548458,139554866,91.1,89.8,89.9,-1.2,1137,6285,91.1
2017-02-14,2282529,208354164,92.1,90.1,91.3,1.4,1244,6285,90.2
2017-02-15,4907534,460302996,95.2,92.0,94.3,3.0,3173,6285,92.0
2017-02-16,2906539,269929468,95.2,91.8,91.8,-2.5,2155,6285,95.0
2017-02-17,1062117,97838518,92.8,91.8,91.8,0.0,858,6285,92.0
2017-02-18,809373,73995006,92.3,91.0,91.2,-0.6,622,6285,91.8
2017-02-20,1130311,103493524,92.4,91.1,91.2,0.0,861,6285,92.0
2017-02-21,1756768,158051983,91.6,89.6,89.7,-1.5,1312,6285,91.3
2017-02-22,4149565,373029989,90.9,88.8,89.2,-0.5,2352,6285,89.7
2017-02-23,1539439,138463810,90.7,88.9,90.2,1.0,1284,6285,89.0
2017-02-24,1397983,125885664,90.8,89.6,89.7,-0.5,890,6285,90.0
2017-03-01,404638,36309755,90.4,89.3,89.6,-0.1,364,6285,90.0
2017-03-02,623534,55739326,90.4,89.0,89.0,-0.6,472,6285,90.4
2017-03-03,602290,53560210,89.7,88.8,88.8,-0.2,474,6285,89.0
2017-03-06,887103,78385712,89.3,88.1,88.2,-0.6,556,6285,89.3
2017-03-07,909355,80270939,88.9,88.0,88.3,0.1,736,6285,88.2
2017-03-08,610889,53936754,88.7,88.0,88.6,0.3,470,6285,88.3
2017-03-09,1640151,144218061,88.8,87.7,88.0,-0.6,993,6285,88.6
2017-03-10,618844,54316592,88.3,87.6,87.8,-0.2,491,6285,88.0
2017-03-13,1869438,163683875,88.5,87.3,87.3,-0.5,897,6285,88.1
2017-03-14,1178254,103416398,88.4,87.3,87.5,0.2,862,6285,88.0
2017-03-15,1938892,168375957,87.9,86.4,86.6,-0.9,1562,6285,87.8
2017-03-16,3807787,328467425,87.1,85.6,86.1,-0.5,2695,6285,87.1
2017-03-17,2679098,230288836,86.5,85.6,86.0,-0.1,1769,6285,86.1
2017-03-20,1963796,168702456,86.5,85.6,85.8,-0.2,1359,6285,86.5
2017-03-21,3540002,308885764,87.7,86.1,87.7,1.9,2286,6285,86.2
2017-03-22,1482666,128714342,87.3,86.5,87.0,-0.7,1113,6285,87.0
2017-03-23,1145957,99069682,87.2,86.2,86.3,-0.7,868,6285,87.1
2017-03-24,1812223,155305025,86.6,85.0,85.7,-0.6,1350,6285,86.6
2017-03-27,585008,50099879,86.4,85.3,85.4,-0.3,474,6285,85.5
2017-03-28,1444864,124397446,86.6,85.3,86.4,1.0,1049,6285,85.7
2017-03-29,1064432,91169023,86.5,85.3,85.4,-1.0,812,6285,86.0
2017-03-30,2341234,197544172,85.4,83.5,84.2,-1.2,1576,6285,85.2
2017-03-31,864745,73417440,85.3,84.3,85.3,1.1,650,6285,84.5
2017-04-05,1430206,121507809,85.9,84.6,85.4,0.1,1042,6285,85.8
2017-04-06,4384004,365153432,85.4,82.4,82.8,-2.6,3216,6285,85.4
2017-04-07,1527868,127229819,83.9,82.8,83.6,0.8,1144,6285,83.2
2017-04-10,1585274,131971369,84.2,82.5,82.7,-0.9,1092,6285,84.0
2017-04-11,3456563,280163966,82.7,80.1,80.4,-2.3,2476,6285,82.7
2017-04-12,1585222,128452682,81.4,80.5,81.0,0.6,981,6285,80.5
2017-04-13,1187737,97284371,82.3,81.1,82.1,1.1,879,6285,81.2
2017-04-14,691723,56023663,81.9,80.5,80.7,-1.4,552,6285,81.8
2017-04-17,1491874,118615620,80.7,78.8,79.3,-1.4,1098,6285,80.7
2017-04-18,1242051,99499975,80.8,79.6,80.1,0.8,998,6285,79.9
2017-04-19,2607999,206003120,80.1,78.5,79.1,-1.0,1741,6285,80.1
2017-04-20,2371761,191815866,81.9,79.6,81.6,2.5,1769,6285,79.6
2017-04-21,4727188,398898082,85.2,82.3,84.5,2.9,3435,6285,82.9
2017-04-24,1434434,120795471,85.3,83.2,84.4,-0.1,1082,6285,85.0
2017-04-25,1297635,110048775,85.3,83.8,84.9,0.5,1001,6285,85.2
2017-04-26,2494554,214251650,86.4,84.6,86.2,1.3,1689,6285,85.2
2017-04-27,1861603,160154358,86.4,85.3,86.1,-0.1,1283,6285,85.8
2017-04-28,1695810,146306634,86.6,85.6,86.6,0.5,1183,6285,86.1
2017-05-02,1463532,126545867,87.2,85.8,86.6,0.0,976,6285,87.0
2017-05-03,953841,82453054,87.2,85.8,85.8,-0.8,651,6285,87.2
2017-05-04,1743834,150929703,87.0,85.7,86.8,1.0,1094,6285,86.4
2017-05-05,1266719,109208415,87.0,85.6,86.1,-0.7,769,6285,87.0
2017-05-08,1228981,105414274,86.7,85.3,85.3,-0.8,879,6285,86.1
2017-05-09,1211722,102104448,86.0,83.5,84.3,-1.0,796,6285,86.0
2017-05-10,1435419,123222561,86.2,84.4,86.2,1.9,915,6285,84.9
2017-05-11,6385550,568998969,90.5,88.5,88.5,2.3,3626,6285,88.7
2017-05-12,5489486,490972554,90.0,88.7,89.0,0.5,3273,6285,89.7
2017-05-15,2811453,253202044,91.0,89.1,89.6,0.6,1999,6285,89.5
2017-05-16,1945484,174442019,90.8,89.2,89.6,0.0,1573,6285,90.8
2017-05-17,2023763,180235524,90.4,88.3,88.9,-0.7,1687,6285,90.0
2017-05-18,2054461,183429480,89.8,88.1,89.3,0.4,1520,6285,88.1
2017-05-19,3113867,281473930,90.9,89.8,90.2,0.9,1947,6285,90.0
2017-05-22,2973166,268805113,91.1,89.6,90.0,-0.2,1809,6285,90.4
2017-05-23,2208546,199878540,91.0,89.4,90.5,0.5,1670,6285,90.0
2017-05-24,3769498,346831916,92.9,90.9,92.4,1.9,2623,6285,91.2
2017-05-25,1929935,176582085,92.5,91.0,91.0,-1.4,1342,6285,92.5
2017-05-26,1725060,155117276,91.0,89.4,90.0,-1.0,1259,6285,91.0
2017-05-31,1163279,104186978,90.1,89.1,90.0,0.0,765,6285,90.1
2017-06-01,2121356,192955896,91.8,90.0,91.2,1.2,1510,6285,90.4
2017-06-02,1613361,145586390,92.0,89.4,90.0,-1.2,1238,6285,92.0
2017-06-03,536392,48293280,90.5,89.6,90.1,0.1,395,6285,89.9
2017-06-05,778642,70130157,90.8,89.6,90.0,-0.1,640,6285,90.1
2017-06-06,851718,76432973,90.5,89.4,89.9,-0.1,627,6285,90.0
2017-06-07,2064463,182297344,89.8,87.7,87.9,-2.0,1413,6285,89.8
2017-06-08,3211425,279828152,87.9,86.8,87.0,-0.9,2369,6285,87.9
2017-06-09,2557769,226145476,89.0,87.9,88.4,1.4,1869,6285,88.1
2017-06-12,1480203,131733916,89.8,87.4,89.3,0.9,1098,6285,87.6
2017-06-13,1378959,122686351,89.6,88.5,89.0,-0.3,1008,6285,89.3
2017-06-14,1116472,98227582,89.5,87.4,87.6,-1.4,929,6285,89.5
2017-06-15,635651,55713348,88.2,87.2,88.1,0.5,482,6285,87.6
2017-06-16,1321490,116206965,88.5,87.3,88.5,0.4,1005,6285,87.6
2017-06-19,3016540,270311741,90.4,88.1,89.9,1.4,2065,6285,88.4
2017-06-20,3234668,292879243,91.0,90.0,90.0,0.1,2133,6285,90.8
2017-06-21,960363,85948420,90.0,89.0,89.9,-0.1,794,6285,89.7
2017-06-22,1117561,100609411,90.5,89.7,89.7,-0.2,746,6285,90.2
2017-06-23,714951,64166312,90.3,89.4,89.7,0.0,413,6285,89.8
2017-06-26,795048,71349998,90.0,88.7,90.0,0.3,593,6285,89.7
2017-06-27,982398,87768034,90.4,89.1,89.3,-0.7,649,6285,90.4
2017-06-28,1244621,110466215,89.1,88.5,88.8,-0.5,801,6285,89.0
2017-06-29,1938817,174790385,90.7,89.3,90.3,1.5,1256,6285,89.4
2017-06-30,1804587,163213720,90.9,89.8,90.6,0.3,1315,6285,90.0
2017-07-03,1289420,116603120,91.0,89.9,90.8,0.2,857,6285,90.6
2017-07-04,1194683,107793828,90.9,89.5,89.6,-1.2,935,6285,90.9
2017-07-05,1196135,107661614,90.7,89.0,90.6,1.0,784,6285,89.6
2017-07-06,1351828,122941526,91.4,90.1,91.3,0.7,902,6285,90.8
2017-07-07,1024008,93318623,91.5,90.9,91.5,0.2,704,6285,90.9
2017-07-10,3531777,324599089,93.1,90.6,90.7,-0.8,1855,6285,92.5
2017-07-11,3727267,343337164,92.8,91.0,92.5,1.8,2101,6285,91.3
2017-07-12,2816572,262495428,93.6,92.8,93.0,0.5,1595,6285,93.5
2017-07-13,4149639,394255676,96.5,92.8,95.0,2.0,2764,6285,93.6
2017-07-14,2069533,197107638,95.9,94.4,95.8,0.8,1466,6285,95.4
2017-07-17,4463792,435211920,98.3,96.3,97.6,1.8,3039,6285,96.8
2017-07-18,2265224,220867607,98.2,96.9,97.5,-0.1,1695,6285,98.2
2017-07-19,1322681,129057786,98.3,97.0,97.7,0.2,963,6285,98.0
2017-07-20,2513331,243415257,98.3,96.3,96.6,-1.1,1501,6285,97.7
2017-07-21,2830312,262664158,97.7,96.2,96.8,0.2,982,6285,97.3
2017-07-24,813830,78830210,97.3,96.1,97.1,0.3,571,6285,96.9
2017-07-25,3422240,338625620,100.0,97.5,98.3,1.2,2249,6285,97.5
2017-07-26,1190819,116872706,99.0,97.7,97.8,-0.5,854,6285,98.4
2017-07-27,1919139,189370371,99.3,97.6,98.8,1.0,1377,6285,98.5
2017-07-28,4573580,456312998,101.0,98.2,99.0,0.2,2713,6285,99.2
2017-07-31,2070767,201209761,99.0,96.5,96.7,-2.3,1398,6285,98.8
2017-08-01,2497207,244222958,99.0,96.9,98.3,1.6,1893,6285,97.0
2017-08-02,2353220,233841503,100.5,98.7,99.0,0.7,1446,6285,98.8
2017-08-03,1650547,162838662,99.8,97.9,98.4,-0.6,1107,6285,99.3
2017-08-04,3588845,355398836,100.5,97.9,98.4,0.0,2269,6285,98.9
2017-08-07,5899367,594485898,103.0,98.6,103.0,4.6,3166,6285,99.0
2017-08-08,5614003,568512985,105.5,99.4,99.5,-3.5,3445,6285,105.0
2017-08-09,8023132,763717747,97.7,93.6,95.2,-4.3,4827,6285,97.5
2017-08-10,4404633,392574932,90.1,88.3,88.6,0.0,2737,6285,89.1
2017-08-11,2640772,235782380,90.2,87.1,89.8,1.2,1952,6285,88.0
2017-08-14,2832649,255648516,91.5,88.4,89.0,-0.8,2152,6285,89.9
2017-08-15,1298721,116990890,90.7,89.6,90.0,1.0,1075,6285,90.5
2017-08-16,1926405,174762887,92.4,89.8,90.0,0.0,1451,6285,90.0
2017-08-17,4035397,373450511,94.5,89.9,93.5,3.5,2727,6285,91.0
2017-08-18,1850570,170113522,93.1,91.5,91.6,-1.9,1358,6285,92.4
2017-08-21,1343535,121942453,92.0,90.1,91.8,0.2,1011,6285,91.0
2017-08-22,2109780,195052637,93.4,91.5,91.5,-0.3,1516,6285,92.7
2017-08-23,970384,88935144,92.4,91.0,91.0,-0.5,707,6285,92.0
2017-08-24,932157,85723071,92.5,91.1,91.7,0.7,778,6285,91.1
2017-08-25,1039695,94740545,92.4,90.8,90.9,-0.8,696,6285,92.4
2017-08-28,650938,59177258,91.3,90.7,90.9,0.0,470,6285,90.9
2017-08-29,998106,89975947,90.7,89.9,90.0,-0.9,712,6285,90.5
2017-08-30,3050497,276303056,92.2,89.5,91.7,1.7,2133,6285,90.5
2017-08-31,2509512,227716425,91.4,89.9,90.8,-0.9,2033,6285,91.2
2017-09-01,1834016,165463740,91.6,89.8,90.0,-0.8,1363,6285,90.8
2017-09-04,1467527,132369430,91.0,89.8,90.3,0.3,1111,6285,90.0
2017-09-05,3572190,330065833,93.4,90.3,93.1,2.8,2591,6285,90.7
2017-09-06,4233128,394823208,94.1,92.4,92.7,-0.4,2704,6285,93.8
2017-09-07,4553122,429552146,96.2,93.0,93.4,0.7,2895,6285,93.0
2017-09-08,2090087,196729578,94.8,93.0,94.4,1.0,1705,6285,93.7
2017-09-11,1625365,153066315,95.2,93.3,93.5,-0.9,1206,6285,95.1
2017-09-12,2936280,279508774,95.7,93.8,95.0,1.5,1907,6285,94.0
2017-09-13,1603140,151350815,95.8,93.6,93.9,-1.1,1117,6285,95.2
2017-09-14,1331257,124029552,94.4,92.8,92.9,-1.0,980,6285,93.9
2017-09-15,1043272,96605222,93.3,92.0,92.8,-0.1,739,6285,93.0
2017-09-18,760087,70389633,93.3,92.2,92.6,-0.2,623,6285,93.0
2017-09-19,1129172,104712707,93.2,92.4,92.6,0.0,690,6285,92.5
2017-09-20,2582150,234108000,92.6,89.7,89.9,-2.7,1977,6285,92.6
2017-09-21,966849,87327116,90.8,89.8,90.5,0.6,746,6285,89.9
2017-09-22,1281629,115278210,90.7,89.7,89.8,-0.7,959,6285,90.5
2017-09-25,2674320,234928512,89.6,87.2,87.2,-2.6,1873,6285,89.6
2017-09-26,1467955,128157585,88.4,86.6,87.0,-0.2,1160,6285,86.8
2017-09-27,1516003,132854000,87.9,87.1,87.7,0.7,818,6285,87.3
2017-09-28,999557,88450952,89.8,87.8,87.9,0.2,790,6285,88.0
2017-09-29,997451,87035659,88.5,87.0,87.0,-0.9,730,6285,87.9
2017-09-30,517582,45407580,88.4,87.2,88.2,1.2,375,6285,87.2
2017-10-02,1199595,106420162,89.4,87.6,89.2,1.0,936,6285,88.9
2017-10-03,871543,77765828,89.8,88.5,89.2,0.0,563,6285,89.2
2017-10-05,1480864,131185936,89.4,87.6,89.3,0.1,1217,6285,88.2
2017-10-06,1022734,91135226,89.5,88.7,88.9,-0.4,695,6285,89.3
2017-10-11,960503,85136810,89.4,88.1,88.5,-0.4,680,6285,88.8
2017-10-12,1906944,169464307,89.3,88.1,89.0,0.5,1289,6285,88.5
2017-10-13,1055099,93628035,89.2,88.3,88.4,-0.6,830,6285,89.0
2017-10-16,2153682,191138703,89.5,88.2,88.2,-0.2,1488,6285,88.7
2017-10-17,3053586,266506368,88.2,86.8,86.8,-1.4,2058,6285,88.0
2017-10-18,2601848,225542703,87.5,85.8,85.9,-0.9,1605,6285,87.0
2017-10-19,3334903,284032230,86.4,84.8,85.0,-0.9,2298,6285,85.9
2017-10-20,2258728,194279650,86.7,85.0,85.7,0.7,1459,6285,85.0
2017-10-23,880491,75738912,86.4,85.7,86.0,0.3,710,6285,86.2
2017-10-24,905073,78361513,87.0,86.2,86.7,0.7,710,6285,86.9
2017-10-25,1201143,103789864,87.2,86.0,86.2,-0.5,853,6285,86.9
2017-10-26,806806,69595163,86.5,86.0,86.1,-0.1,577,6285,86.2
2017-10-27,1484849,128179473,86.7,86.0,86.1,0.0,910,6285,86.2
2017-10-30,816841,69959202,86.5,85.2,85.3,-0.8,684,6285,86.4
2017-10-31,1779805,153902755,86.9,85.7,86.5,1.2,1364,6285,85.7
2017-11-01,2048118,179255695,88.2,86.3,87.4,0.9,1300,6285,86.5
2017-11-02,1423432,124413093,87.8,86.8,87.4,0.0,849,6285,87.8
2017-11-03,1000795,87448074,87.8,86.8,87.4,0.0,572,6285,87.7
2017-11-06,1317160,115249792,87.8,87.2,87.5,0.1,830,6285,87.5
2017-11-07,940566,82253142,87.8,87.1,87.2,-0.3,686,6285,87.4
2017-11-08,822240,71929080,87.8,87.1,87.4,0.2,563,6285,87.1
2017-11-09,4091878,351319130,87.6,84.8,84.8,-2.6,2597,6285,87.6
2017-11-10,1807393,152108713,84.8,83.3,84.0,-0.8,1350,6285,84.5
2017-11-13,1673347,136852205,84.7,83.3,83.3,-0.7,946,6285,84.0
2017-11-14,1472159,122358432,83.4,82.8,83.0,-0.3,1172,6285,83.2
2017-11-15,1789155,148279967,83.4,82.5,83.1,0.1,1465,6285,83.0
2017-11-16,1263444,105641397,84.0,82.9,83.8,0.7,967,6285,83.0
2017-11-17,1326989,112658357,85.6,84.0,84.8,1.0,1074,6285,84.0
2017-11-20,1189688,100087754,85.2,83.6,83.7,-1.1,955,6285,84.8
2017-11-21,1088181,91107837,84.6,83.5,83.6,-0.1,824,6285,84.6
2017-11-22,1091311,92162910,85.8,83.7,84.4,0.8,840,6285,84.1
2017-11-23,1883546,160509666,85.8,83.9,85.7,1.3,1433,6285,84.4
2017-11-24,1126933,96694444,86.4,85.3,85.7,0.0,863,6285,85.8
2017-11-27,2760420,240606920,87.8,86.2,86.2,0.5,1931,6285,86.3
2017-11-28,1835130,158475328,87.5,85.7,85.7,-0.5,1294,6285,87.3
2017-11-29,766963,65871231,86.8,85.4,85.4,-0.3,639,6285,86.7
2017-11-30,1113181,94837028,85.9,84.7,85.3,-0.1,609,6285,85.4
2017-12-01,1165101,98676728,85.5,83.8,84.5,-0.8,881,6285,85.2
2017-12-04,1162028,98158474,85.2,84.0,85.2,0.7,837,6285,84.8
2017-12-05,896785,76083325,85.2,84.1,85.1,-0.1,607,6285,85.1
2017-12-06,2041025,170071669,85.0,82.7,83.2,-1.9,1484,6285,85.0
2017-12-07,1021978,85124068,84.2,83.0,83.1,-0.1,836,6285,83.3
2017-12-08,391909,32706482,83.8,82.9,83.6,0.5,330,6285,83.2
2017-12-11,688901,58429651,85.4,83.8,84.8,1.2,519,6285,84.0
2017-12-12,686627,58118321,85.2,84.2,84.2,-0.6,537,6285,85.0
2017-12-13,407629,34449949,84.8,84.0,84.5,0.3,322,6285,84.0
2017-12-14,472777,40163231,85.3,84.6,84.6,0.1,391,6285,85.0
2017-12-15,800827,68001440,85.7,83.8,85.7,1.1,440,6285,84.4
2017-12-18,687380,58617900,85.7,85.0,85.0,-0.7,525,6285,85.5
2017-12-19,1105203,93605152,85.7,83.9,83.9,-1.1,874,6285,85.4
2017-12-20,697873,58648562,84.5,83.8,84.5,0.6,543,6285,83.9
2017-12-21,688659,58065339,84.9,83.9,84.3,-0.2,559,6285,84.1
2017-12-22,290986,24707706,85.2,84.5,84.8,0.5,250,6285,84.6
2017-12-25,573308,48640581,85.5,84.6,84.6,-0.2,422,6285,85.5
2017-12-26,371858,31524377,85.5,84.4,84.6,0.0,254,6285,85.5
2017-12-27,419377,35686306,85.3,84.5,85.1,0.5,332,6285,84.6
2017-12-28,734175,62798620,86.0,84.9,85.3,0.2,528,6285,85.2
2017-12-29,374997,32029037,85.8,85.0,85.5,0.2,289,6285,85.3
2018-01-02,549995,47020668,86.2,85.2,85.6,0.1,362,6285,85.6
2018-01-03,1899861,164935975,87.4,86.0,87.2,1.6,1202,6285,86.2
2018-01-04,3075773,271482825,89.1,87.1,89.1,1.9,2002,6285,87.2
2018-01-05,1966495,173560397,88.9,87.8,88.1,-1.0,1403,6285,88.8
2018-01-08,1209401,106660794,88.8,87.7,87.9,-0.2,935,6285,88.0
2018-01-09,2116022,182401928,87.5,85.6,85.7,-2.2,1198,6285,87.4
2018-01-10,738352,63122289,85.9,85.2,85.2,-0.5,600,6285,85.6
2018-01-11,1151691,97817541,85.4,84.5,84.8,-0.4,609,6285,85.1
2018-01-12,724545,61994681,86.0,84.9,85.3,0.5,554,6285,84.9
2018-01-15,666688,57462413,86.9,85.6,86.8,1.5,469,6285,85.7
2018-01-16,1050678,91361301,87.4,86.3,86.3,-0.5,737,6285,86.9
2018-01-17,643466,55552060,86.9,86.0,86.3,0.0,458,6285,86.3
2018-01-18,1082416,94186217,88.3,86.5,86.7,0.4,834,6285,88.3
2018-01-19,784383,67537748,87.1,85.7,85.8,-0.9,548,6285,87.0
2018-01-22,628618,54161494,87.0,85.4,86.9,1.1,493,6285,85.8
2018-01-23,1519147,132733353,88.0,86.8,86.9,0.0,1036,6285,87.1
2018-01-24,2150180,188932140,88.3,86.9,88.2,1.3,1585,6285,87.0
2018-01-25,2072572,180957872,88.8,86.3,86.4,-1.8,1273,6285,88.5
2018-01-26,777092,67233852,87.1,86.1,86.5,0.1,593,6285,86.2
2018-01-29,783830,68289267,87.6,86.6,86.6,0.1,617,6285,87.3
2018-01-30,1623595,140620664,87.5,85.7,85.8,-0.8,1144,6285,87.4
2018-01-31,984700,85270653,87.3,85.7,86.8,1.0,700,6285,85.8
2018-02-01,1152072,99274507,87.5,85.6,86.0,-0.8,836,6285,87.5
2018-02-02,965125,82450584,86.0,85.1,85.2,-0.8,662,6285,86.0
2018-02-05,1390236,117266437,85.0,84.0,84.2,-1.0,990,6285,84.7
2018-02-06,2180647,178198510,83.5,79.7,81.3,-2.9,1315,6285,82.8
2018-02-07,839865,69424241,83.3,82.2,82.6,1.3,573,6285,83.3
2018-02-08,853875,69662167,82.5,81.2,81.5,-1.1,616,6285,81.9
2018-02-09,1097154,87444174,81.1,78.5,80.8,-0.7,858,6285,79.0
2018-02-12,861856,69321136,81.6,79.9,80.3,-0.5,597,6285,81.4
2018-02-21,1006229,81471408,81.5,80.4,81.2,0.9,786,6285,81.3
2018-02-22,1417941,113945221,81.8,79.8,80.2,-1.0,1039,6285,81.1
2018-02-23,1292290,104505543,81.1,80.6,81.0,0.8,865,6285,80.8
2018-02-26,1314087,107361264,82.4,81.2,81.3,0.3,1050,6285,82.2
2018-02-27,1091409,89024869,82.1,81.2,81.6,0.3,801,6285,81.8
2018-03-01,2002536,161287962,81.3,80.1,80.1,-1.5,1446,6285,81.3
2018-03-02,1474488,117458068,79.9,79.4,79.7,-0.4,1094,6285,79.6
2018-03-05,3200670,252899361,80.2,78.5,78.5,-1.2,2025,6285,80.0
2018-03-06,2305915,181545320,79.4,78.1,78.1,-0.4,1697,6285,79.4
2018-03-07,2196116,172322864,79.1,78.0,78.0,-0.1,1405,6285,78.3
2018-03-08,1640423,128960278,79.0,78.1,78.9,0.9,1218,6285,78.4
2018-03-09,2343470,184629230,79.7,78.4,78.9,0.0,1710,6285,79.4
2018-03-12,2283565,180564579,79.6,78.7,78.8,-0.1,1449,6285,79.3
2018-03-13,1811580,143062408,79.2,78.8,79.1,0.3,1112,6285,79.2
2018-03-14,1247406,98693227,79.5,78.8,79.0,-0.1,898,6285,79.2
2018-03-15,1722020,136834385,79.9,79.2,79.3,0.3,1203,6285,79.6
2018-03-16,2740061,219189280,80.5,79.6,79.8,0.5,1668,6285,80.0
2018-03-19,1226770,97660958,80.1,79.4,79.4,-0.4,774,6285,79.8
2018-03-20,1303472,102630488,79.0,78.6,78.7,-0.7,916,6285,79.0
2018-03-21,1113700,87703967,79.1,78.5,78.7,0.0,719,6285,78.7
2018-03-22,2007534,157706715,79.0,78.3,78.3,-0.4,1470,6285,78.7
2018-03-23,1824240,140825967,78.0,76.3,77.5,-0.8,1422,6285,77.0
2018-03-26,1314283,101477929,77.5,77.0,77.3,-0.2,856,6285,77.1
2018-03-27,1696027,130671091,77.8,76.4,76.9,-0.4,1034,6285,77.5
2018-03-28,2171163,165235363,76.9,75.6,76.0,-0.9,1584,6285,76.9
2018-03-29,762469,58126675,76.8,75.9,76.4,0.4,567,6285,76.1
2018-03-30,944410,72276680,76.9,76.4,76.4,0.0,682,6285,76.9
2018-03-31,723970,55896064,77.7,76.3,77.7,1.3,502,6285,76.3
2018-04-02,2668653,211408243,80.1,77.7,79.0,1.3,1818,6285,77.7
2018-04-03,1401653,108995487,78.5,77.3,78.0,-1.0,1050,6285,78.2
2018-04-09,1516482,118173796,78.6,77.5,78.0,0.0,1051,6285,78.3
2018-04-10,1717795,131956785,77.4,76.6,76.6,-1.4,1175,6285,77.2
2018-04-11,999517,76242335,76.9,75.9,76.0,-0.6,660,6285,76.8
2018-04-12,1052623,80069658,76.5,75.9,76.3,0.3,580,6285,76.1
2018-04-13,1273430,96649180,76.8,75.7,75.9,-0.4,822,6285,76.3
2018-04-16,2336089,175402014,75.9,74.8,74.8,-1.1,1379,6285,75.7
2018-04-17,2535755,186496670,75.2,72.7,73.5,-1.3,1718,6285,74.9
2018-04-18,1847510,134924422,74.3,72.6,72.7,-0.8,1300,6285,74.1
2018-04-19,3764707,269348979,73.2,70.9,71.4,-1.3,2748,6285,72.9
2018-04-20,5250289,366301200,71.0,69.0,69.0,-2.4,3302,6285,70.9
2018-04-23,1477123,102602273,69.8,68.7,69.5,0.5,1182,6285,69.0
2018-04-24,2539364,177290480,70.4,69.1,69.7,0.2,1625,6285,69.5
2018-04-25,1245682,87032479,70.2,69.5,70.0,0.3,864,6285,69.6
2018-04-26,2009466,138218908,70.4,67.7,67.7,-2.3,1355,6285,70.1
2018-04-27,891559,60714689,68.5,67.7,68.2,0.5,620,6285,68.5
2018-04-30,767071,53044977,70.1,68.0,69.8,1.6,546,6285,68.2
2018-05-02,1407771,99024928,70.8,69.8,70.4,0.6,976,6285,70.2
2018-05-03,833408,57996239,70.2,69.3,69.6,-0.8,585,6285,70.2
2018-05-04,370772,25772512,69.9,69.2,69.5,-0.1,299,6285,69.5
2018-05-07,674690,47006381,70.4,69.3,69.7,0.2,494,6285,69.7
2018-05-08,2561687,175078751,70.1,67.9,68.1,-1.6,1603,6285,69.9
2018-05-09,2345282,157019294,67.7,66.6,66.7,-1.4,1561,6285,67.3
2018-05-10,2754999,182791627,67.5,65.9,66.0,-0.7,1837,6285,67.1
2018-05-11,1221671,80692145,66.5,65.7,66.1,0.1,952,6285,66.0
2018-05-14,2324664,154185112,67.0,65.8,66.1,0.0,1475,6285,66.3
2018-05-15,2073553,138458848,67.9,66.1,67.9,1.8,1359,6285,66.3
2018-05-16,1829324,122786608,68.0,66.6,66.9,-1.0,1170,6285,67.9
2018-05-17,970395,65687153,68.4,67.1,68.1,1.2,753,6285,67.2
2018-05-18,795279,54098893,68.6,67.5,68.0,-0.1,662,6285,68.0
2018-05-21,3165426,223192987,72.0,68.5,71.5,3.5,2229,6285,68.7
2018-05-22,3397398,238949257,71.7,69.6,69.7,-1.8,2361,6285,71.5
2018-05-23,1529926,107812693,71.1,69.7,70.1,0.4,1050,6285,69.7
2018-05-24,1485432,105541072,71.6,70.8,70.8,0.7,894,6285,70.9
2018-05-25,1085266,77582495,71.7,70.8,71.5,0.7,755,6285,70.9
2018-05-28,927506,66518476,72.0,71.1,71.9,0.4,619,6285,71.9
2018-05-29,592086,42401976,72.0,71.4,71.5,-0.4,444,6285,72.0
2018-05-30,879128,62118357,71.0,70.3,70.5,-1.0,707,6285,70.8
2018-05-31,920080,65677923,71.7,70.6,71.6,1.1,637,6285,70.6
2018-06-01,3306837,241990825,74.5,71.4,72.8,1.2,2155,6285,71.6
2018-06-04,1369394,100559704,74.0,72.9,73.9,1.1,1087,6285,73.0
2018-06-05,1541359,113830323,74.8,73.2,73.6,-0.3,1086,6285,74.5
2018-06-06,1224938,90309999,74.0,73.3,74.0,0.4,938,6285,73.9
2018-06-07,1568896,115704504,74.4,73.3,74.0,0.0,1058,6285,74.0
2018-06-08,2792576,209141722,75.6,74.2,74.5,0.5,1882,6285,75.1
2018-06-11,1041141,77288838,75.2,73.8,74.0,-0.5,757,6285,75.0
2018-06-12,1012362,74424071,74.0,73.2,73.7,-0.3,736,6285,74.0
2018-06-13,796010,58963029,74.5,73.7,73.9,0.2,682,6285,74.3
2018-06-14,735357,54098735,74.4,73.1,73.5,-0.4,598,6285,74.4
2018-06-15,781456,57064388,74.1,72.7,73.1,-0.4,561,6285,73.6
2018-06-19,1587466,117581715,74.7,73.0,73.8,0.7,1195,6285,73.1
2018-06-20,1430640,105080315,74.3,72.6,73.4,-0.4,750,6285,73.7
2018-06-21,1501874,108834370,73.7,72.1,72.3,-1.1,1223,6285,73.2
2018-06-22,871660,62379352,72.2,71.2,71.3,-1.0,626,6285,72.1
2018-06-25,511704,36748671,72.3,71.0,71.7,0.4,410,6285,71.3
2018-06-26,643054,46019659,72.0,71.0,71.5,-0.2,479,6285,71.1
2018-06-27,372854,26677072,72.3,71.2,71.2,-0.3,315,6285,71.9
2018-06-28,750971,53162550,71.1,70.4,70.5,-0.7,535,6285,71.0
2018-06-29,1282203,92640953,73.2,70.3,72.7,2.2,987,6285,70.4
2018-07-02,585052,42140724,72.6,71.5,71.6,-1.1,450,6285,72.5
2018-07-03,861579,62237727,72.9,71.6,71.8,0.2,712,6285,72.0
2018-07-04,617864,44231112,72.4,71.0,71.2,-0.6,418,6285,71.8
2018-07-05,915214,66008955,72.9,71.5,71.7,0.5,606,6285,72.0
2018-07-06,2320456,169543148,74.2,72.0,73.9,2.2,1602,6285,72.9
2018-07-09,1678973,123839402,74.6,72.7,74.4,0.5,1151,6285,73.7
2018-07-10,1176564,87947969,75.4,74.0,74.8,0.4,969,6285,74.9
2018-07-11,1217985,90639289,75.2,73.5,73.7,-1.1,838,6285,74.0
2018-07-12,1840040,137308305,75.4,73.1,75.4,1.7,1077,6285,73.5
2018-07-13,1172268,88755374,76.5,75.2,75.2,-0.2,847,6285,76.2
2018-07-16,1034712,77035125,75.3,74.1,74.2,-1.0,795,6285,75.2
2018-07-17,3907308,296289212,77.0,74.2,77.0,2.8,2489,6285,74.5
2018-07-18,3851314,298648025,78.4,76.5,77.6,0.6,2544,6285,77.6
2018-07-19,1056719,81267171,77.5,76.4,76.6,-1.0,759,6285,77.5
2018-07-20,1808781,139966286,78.2,76.1,77.2,0.6,1152,6285,76.6
2018-07-23,1982676,154146354,78.6,76.8,78.2,1.0,1119,6285,77.2
2018-07-24,2004826,154986010,78.5,76.8,77.5,-0.7,1366,6285,78.5
2018-07-25,1812357,137805632,77.5,75.4,75.5,-2.0,1300,6285,77.5
2018-07-26,718080,54439317,76.3,75.0,75.6,0.1,561,6285,75.5
2018-07-27,1011296,77530051,77.2,75.6,76.9,1.3,733,6285,75.6
2018-07-30,560767,42799901,77.1,76.0,76.7,-0.2,424,6285,76.9
2018-07-31,595469,45488075,76.7,76.2,76.2,-0.5,457,6285,76.5
2018-08-01,318800,24329200,76.5,76.0,76.4,0.2,267,6285,76.3
2018-08-02,1143290,87991713,77.5,76.6,76.7,0.3,911,6285,76.6
2018-08-03,3701361,291147719,79.5,77.5,79.0,2.3,2436,6285,77.5
2018-08-06,3527562,281712598,81.0,79.1,79.1,0.1,2306,6285,79.9
2018-08-07,1536438,121054002,79.5,78.2,78.9,-0.2,1058,6285,79.1
2018-08-08,2533517,200117943,79.6,78.6,79.0,0.1,1443,6285,79.5
2018-08-09,2320949,171633876,74.3,73.6,73.8,0.0,1410,6285,74.3
2018-08-10,1072228,79415372,74.6,73.6,73.9,0.1,762,6285,73.8
2018-08-13,1756072,125844556,73.6,70.5,72.0,-1.9,1205,6285,73.6
2018-08-14,688558,49719041,72.6,71.9,72.1,0.1,492,6285,72.0
2018-08-15,656435,46915033,72.7,71.0,71.0,-1.1,505,6285,72.2
2018-08-16,1212561,85265715,71.0,69.8,70.0,-1.0,921,6285,71.0
2018-08-17,993719,69511630,71.2,69.5,69.5,-0.5,758,6285,70.7
2018-08-20,2559461,175974509,69.7,67.9,68.1,-1.4,1534,6285,69.5
2018-08-21,1448020,98853266,69.0,68.0,68.5,0.4,1189,6285,68.6
2018-08-22,467738,32019873,69.0,68.3,68.3,-0.2,400,6285,68.5
2018-08-23,529983,36316727,68.9,68.2,68.5,0.2,421,6285,68.3
2018-08-24,1305329,88786672,69.2,67.2,67.3,-1.2,1104,6285,68.7
2018-08-27,771569,52744199,69.3,67.4,68.5,1.2,583,6285,67.4
2018-08-28,827040,57098459,69.4,68.6,68.7,0.2,596,6285,69.0
2018-08-29,1125520,78752162,70.7,68.5,70.2,1.5,918,6285,68.8
2018-08-30,1051061,72850870,70.3,68.5,68.9,-1.3,805,6285,70.3
2018-08-31,589108,40361152,68.9,68.1,68.6,-0.3,562,6285,68.9
2018-09-03,622512,42496055,69.1,68.0,68.0,-0.6,613,6285,68.6
2018-09-04,1080027,74799165,70.0,68.0,69.2,1.2,874,6285,68.1
2018-09-05,5260241,380318010,73.5,68.8,71.9,2.7,3771,6285,69.0
2018-09-06,2216669,159687291,72.7,71.1,71.8,-0.1,1696,6285,72.0
2018-09-07,2116348,152366008,73.2,70.5,70.8,-1.0,1686,6285,71.7
2018-09-10,2409239,170100477,72.5,69.2,69.2,-1.6,1709,6285,72.1
2018-09-11,2713729,190198930,70.9,69.7,70.0,0.8,1541,6285,70.5
2018-09-12,2051316,141977256,70.7,68.4,69.0,-1.0,1532,6285,70.7
2018-09-13,2097238,143592240,69.5,68.1,68.1,-0.9,1487,6285,69.4
2018-09-14,1948498,134066606,69.3,68.5,68.8,0.7,1425,6285,68.7
2018-09-17,5439906,390664571,73.5,69.0,72.5,3.7,3558,6285,69.5
2018-09-18,10046337,745749246,75.2,71.9,74.1,1.6,6916,6285,72.0
2018-09-19,5025001,369242473,74.7,72.2,72.6,-1.5,3431,6285,73.9
2018-09-20,5215361,387980414,75.1,73.4,74.1,1.5,3754,6285,73.4
2018-09-21,3337344,250092500,75.7,74.5,75.1,1.0,2356,6285,74.5
2018-09-25,2117527,159042525,75.7,74.6,75.2,0.1,1579,6285,74.9
2018-09-26,1855117,137235399,75.4,73.4,73.4,-1.8,1281,6285,75.0
2018-09-27,1793623,133675431,74.9,73.4,74.9,1.5,1269,6285,73.4
2018-09-28,2858399,214707355,76.2,74.1,74.1,-0.8,1992,6285,75.3
2018-10-01,698271,51848825,74.8,73.8,74.2,0.1,538,6285,74.7
2018-10-02,808569,60023358,74.8,73.9,74.1,-0.1,588,6285,74.2
2018-10-03,1203614,87943791,74.2,72.5,72.7,-1.4,930,6285,73.8
2018-10-04,867290,62563903,72.5,71.9,72.0,-0.7,649,6285,72.5
2018-10-05,2201302,153954324,71.9,69.1,70.0,-2.0,1485,6285,71.9
2018-10-08,893209,62962539,71.4,69.5,70.5,0.5,743,6285,69.6
2018-10-09,976037,68115090,71.1,69.1,69.9,-0.6,804,6285,70.6
2018-10-11,3318107,215996976,67.0,63.3,64.3,-5.6,2135,6285,66.9
2018-10-12,1666228,110408728,67.9,63.6,67.5,3.2,1279,6285,63.6
2018-10-15,797765,53475034,67.5,66.1,67.0,-0.5,596,6285,67.1
2018-10-16,1742048,120186233,69.8,67.7,69.7,2.7,1192,6285,67.7
2018-10-17,1843572,131345184,71.8,70.2,71.1,1.4,1323,6285,70.2
2018-10-18,1181398,83471793,71.3,70.3,71.1,0.0,849,6285,70.5
2018-10-19,2101563,145870773,71.0,68.2,71.0,-0.1,1406,6285,70.4
2018-10-22,966400,68486200,71.3,70.0,70.9,-0.1,714,6285,70.2
2018-10-23,2290368,164282528,72.7,70.6,71.2,0.3,1572,6285,70.9
2018-10-24,5570809,409439410,74.2,72.0,74.0,2.8,3566,6285,72.0
2018-10-25,2217235,161511825,73.6,72.0,72.6,-1.4,1589,6285,72.7
2018-10-26,2740475,200045176,74.3,71.0,72.6,0.0,1909,6285,73.4
2018-10-29,3493962,245288763,73.7,68.6,68.9,-3.7,2575,6285,73.2
2018-10-30,2737842,186134698,68.9,67.2,68.8,-0.1,2177,6285,68.5
2018-10-31,2688242,190982091,72.0,69.3,72.0,3.2,1828,6285,69.5
2018-11-01,2157348,155532356,72.8,71.2,72.3,0.3,1612,6285,71.3
2018-11-02,2460890,177494386,72.9,71.4,72.8,0.5,1506,6285,72.5
2018-11-05,1290039,93848347,73.5,72.1,73.0,0.2,1033,6285,72.6
2018-11-06,2595313,190578674,74.7,71.5,71.5,-1.5,1866,6285,73.9
2018-11-07,1765381,128788443,73.5,72.0,73.2,1.7,1211,6285,72.1
2018-11-08,2445687,181187367,74.7,73.6,73.9,0.7,1585,6285,74.3
2018-11-09,3032354,223799013,74.9,72.9,73.5,-0.4,1920,6285,74.9
2018-11-12,1025395,75307209,74.3,73.0,73.3,-0.2,711,6285,73.1
2018-11-13,1935219,139887423,73.3,71.3,73.2,-0.1,1259,6285,72.1
2018-11-14,1492428,109157344,73.8,72.7,72.8,-0.4,861,6285,73.5
2018-11-15,1304640,95553760,74.0,72.4,73.9,1.1,998,6285,72.8
2018-11-16,1067493,78783231,74.3,73.3,73.4,-0.5,776,6285,74.0
2018-11-19,2480576,185112917,75.0,73.5,74.7,1.3,1609,6285,73.5
2018-11-20,2397162,178647351,75.4,73.6,74.0,-0.7,1574,6285,74.7
2018-11-21,1064980,78787115,74.4,73.4,73.8,-0.2,758,6285,73.5
2018-11-22,1206019,88652987,74.1,73.0,73.0,-0.8,969,6285,74.1
2018-11-23,2175266,155995601,73.2,70.8,71.1,-1.9,1539,6285,73.2
2018-11-26,1295555,93333665,72.4,71.3,72.2,1.1,900,6285,71.8
2018-11-27,2302766,168482868,73.7,72.2,73.6,1.4,1651,6285,72.5
2018-11-28,10296917,795905257,78.9,74.3,77.5,3.9,6801,6285,74.4
2018-11-29,4490618,348716686,78.8,76.8,77.0,-0.5,3227,6285,78.2
2018-11-30,3715942,284982334,77.8,76.0,77.0,0.0,2704,6285,77.0
2018-12-03,6012978,476572937,80.5,77.5,79.5,2.5,3943,6285,78.4
2018-12-04,2666306,210174943,79.5,78.2,78.3,-1.2,2000,6285,79.5
2018-12-05,2516925,193539126,77.4,76.1,76.8,-1.5,1657,6285,77.1
2018-12-06,3708434,278815828,77.6,73.6,74.2,-2.6,2520,6285,76.9
2018-12-07,2396654,182806354,77.3,75.3,76.4,2.2,1683,6285,75.5
2018-12-10,3470058,268060472,78.0,75.7,77.3,0.9,2410,6285,76.4
2018-12-11,8429849,671873820,80.5,78.1,80.5,3.2,5517,6285,78.1
2018-12-12,6831221,550564883,81.4,79.6,80.5,0.0,4892,6285,80.3
2018-12-13,4888165,391711400,81.7,79.1,80.0,-0.5,3487,6285,80.9
2018-12-14,6056895,488602695,82.1,79.2,80.9,0.9,3835,6285,81.0
2018-12-17,6997215,567818089,83.3,79.1,79.1,-1.8,4447,6285,82.9
2018-12-18,3093185,244661215,79.7,78.1,78.6,-0.5,2097,6285,78.8
2018-12-19,5673336,451977844,80.3,78.7,78.8,0.2,3678,6285,79.5
2018-12-20,3878351,304838955,79.4,77.7,78.4,-0.4,2868,6285,78.5
2018-12-21,3578724,279169387,79.0,76.8,77.9,-0.5,2023,6285,78.2
2018-12-22,1143741,89260464,78.6,77.5,78.1,0.2,839,6285,77.5
2018-12-24,3755262,299305050,80.5,78.2,80.5,2.4,2497,6285,78.5
2018-12-25,3447398,270158695,79.2,77.5,78.1,-2.4,2072,6285,79.0
2018-12-26,2097139,163125505,78.8,77.1,77.1,-1.0,1496,6285,78.5
2018-12-27,4566604,362579616,80.4,78.2,79.0,1.9,2958,6285,78.3
2018-12-28,2851786,226925631,80.0,78.7,79.9,0.9,2015,6285,79.0
2019-01-02,5952794,487553565,83.4,80.4,80.9,1.0,3847,6285,81.4
2019-01-03,7384496,607540272,83.2,80.1,82.2,1.3,4849,6285,80.1
2019-01-04,6958101,572309883,83.5,80.3,83.1,0.9,4366,6285,81.4
2019-01-07,5683982,469809424,84.7,81.4,82.0,-1.1,3747,6285,84.2
2019-01-08,2911650,238636324,82.7,81.3,82.5,0.5,2092,6285,82.0
2019-01-09,4705199,382599483,82.7,80.5,80.6,-1.9,3327,6285,82.4
2019-01-10,2616336,210765472,81.4,80.1,80.6,0.0,1870,6285,80.7
2019-01-11,2548624,203776720,81.2,79.6,79.6,-1.0,1749,6285,80.6
2019-01-14,1788412,142784360,80.3,79.5,79.8,0.2,1296,6285,79.7
2019-01-15,3255128,264354368,82.2,80.4,81.0,1.2,2358,6285,81.1
2019-01-16,2509055,202033326,81.2,80.0,80.6,-0.4,1792,6285,81.2
2019-01-17,2234581,178812709,81.2,79.4,79.4,-1.2,1639,6285,81.0
2019-01-18,4022818,316081398,79.9,78.0,78.7,-0.7,2999,6285,79.5
2019-01-21,6658100,517242200,79.5,77.0,77.5,-1.2,3673,6285,79.1
2019-01-22,8065871,616051087,78.0,75.4,75.5,-2.0,5584,6285,78.0
2019-01-23,5038205,386234000,77.3,75.6,77.3,1.8,3638,6285,76.2
2019-01-24,2831256,217075860,77.3,76.2,76.5,-0.8,2047,6285,77.1
2019-01-25,4515567,342162441,77.1,75.4,75.6,-0.9,3334,6285,76.9
2019-01-28,2871586,218696226,76.7,75.2,76.2,0.6,2112,6285,76.0
2019-01-29,3964524,298069275,76.0,74.5,74.7,-1.5,2408,6285,76.0
2019-01-30,3521833,265675588,76.1,74.5,75.4,0.7,1968,6285,75.0
2019-02-11,3029185,231379367,77.1,75.9,76.3,0.9,2213,6285,76.8
2019-02-12,4616338,349440551,76.5,75.2,75.7,-0.6,3078,6285,76.5
2019-02-13,6201973,475568026,77.7,76.1,76.3,0.6,4001,6285,76.3
2019-02-14,2784280,212127014,76.7,75.9,76.1,-0.2,1856,6285,76.5
2019-02-15,3184957,241668936,76.9,75.4,75.4,-0.7,1865,6285,76.7
2019-02-18,3040972,231793250,76.9,75.8,76.5,1.1,1948,6285,75.8
2019-02-19,5253515,407058870,78.0,76.9,77.2,0.7,3488,6285,76.9
2019-02-20,3177577,245385726,77.6,76.9,77.3,0.1,2076,6285,77.6
2019-02-21,3482749,270903922,78.3,77.4,77.6,0.3,2228,6285,77.6
2019-02-22,1997905,154540355,77.9,77.1,77.1,-0.5,1398,6285,77.8
2019-02-25,5846263,458994636,79.0,77.3,78.9,1.8,3711,6285,77.7
2019-02-26,4644982,366960974,79.8,78.4,78.8,-0.1,3070,6285,79.4
2019-02-27,2638749,207750341,79.2,78.4,78.6,-0.2,1643,6285,78.8
2019-03-04,3878074,307083615,80.0,78.4,78.7,0.1,2399,6285,78.9
2019-03-05,3180956,248213880,79.3,77.3,77.4,-1.3,2369,6285,79.0
2019-03-06,2274107,177528762,78.5,77.6,78.1,0.7,1625,6285,77.6
2019-03-07,2287918,179046689,78.7,77.7,77.7,-0.4,1745,6285,78.4
2019-03-08,2033992,157559665,78.4,76.6,78.2,0.5,1487,6285,77.5
2019-03-11,2312949,182578574,79.6,78.2,78.8,0.6,1453,6285,78.7
2019-03-12,2389764,188589856,79.5,78.6,78.7,-0.1,1298,6285,79.4
2019-03-13,1504301,118370953,79.4,78.2,78.2,-0.5,1024,6285,78.7
2019-03-14,4529307,350273989,78.8,76.6,76.7,-1.5,2884,6285,78.5
2019-03-15,3527488,270741570,77.4,76.4,76.5,-0.2,1788,6285,77.2
2019-03-18,14076326,1134534213,82.4,77.7,81.6,5.1,8806,6285,77.7
2019-03-19,6426299,525273952,82.4,81.0,81.7,0.1,3833,6285,81.7
2019-03-20,8162929,674607537,83.4,81.4,82.8,1.1,5615,6285,82.1
2019-03-21,3770477,312871576,83.7,82.5,82.8,0.0,2671,6285,83.2
2019-03-22,7093838,587328350,84.5,81.0,81.7,-1.1,4195,6285,83.4
2019-03-25,3720895,301617562,82.4,80.0,82.1,0.4,2508,6285,80.6
2019-03-26,3767313,310315666,83.5,81.6,81.6,-0.5,2547,6285,82.8
2019-03-27,3524503,285247884,81.9,80.4,80.9,-0.7,2176,6285,81.9
2019-03-28,1926746,155337294,81.4,80.4,80.5,-0.4,1324,6285,80.8
2019-03-29,1828722,147709782,81.2,80.3,81.0,0.5,1127,6285,80.9
2019-04-01,5622735,464109570,83.9,81.6,82.0,1.0,3539,6285,83.9
2019-04-02,3607590,293355359,82.2,80.9,81.1,-0.9,2312,6285,82.0
2019-04-03,2977042,240290675,81.3,80.2,80.6,-0.5,2052,6285,81.1
2019-04-08,2173812,176995305,82.2,80.8,81.5,0.9,1451,6285,80.8
2019-04-09,2126559,173754298,82.2,81.3,81.6,0.1,1422,6285,82.2
2019-04-10,2236423,181122863,81.7,80.6,80.9,-0.7,1536,6285,81.7
2019-04-11,2542475,204273191,81.3,79.8,79.9,-1.0,1823,6285,81.3
2019-04-12,2113278,168981040,80.7,79.5,79.9,0.0,1691,6285,80.2
2019-04-15,6511888,534844108,82.9,80.5,82.8,2.9,4011,6285,80.7
2019-04-16,9986009,830166728,83.8,82.1,83.4,0.6,5935,6285,83.0
2019-04-17,5723358,474012756,83.9,82.0,82.0,-1.4,3405,6285,83.6
2019-04-18,5180238,419338503,82.5,80.1,80.1,-1.9,3320,6285,82.2
2019-04-19,2311341,185893546,80.9,80.0,80.4,0.3,1358,6285,80.5
2019-04-22,4813374,394832885,82.7,81.5,81.8,1.4,3156,6285,81.5
2019-04-23,3006576,244686821,82.9,80.8,81.1,-0.7,1967,6285,82.4
2019-04-24,1660496,134654976,82.0,80.6,80.8,-0.3,1099,6285,81.8
2019-04-25,1448244,117294164,81.4,80.7,80.8,0.0,923,6285,80.8
2019-04-26,2119284,169865460,80.8,79.8,80.0,-0.8,1278,6285,80.8
2019-04-29,2876076,226927306,80.4,78.1,78.6,-1.4,1975,6285,80.3
2019-04-30,3555748,282496540,80.2,78.0,80.0,1.4,2014,6285,78.2
2019-05-02,1957704,157139469,80.6,79.5,80.5,0.5,1119,6285,79.6
2019-05-03,2955719,240573503,81.7,80.8,81.1,0.6,1675,6285,80.9
2019-05-06,2756950,219587700,80.5,79.1,79.5,-1.6,1731,6285,80.0
2019-05-07,3977845,313087632,79.2,78.1,78.7,-0.8,2350,6285,78.5
2019-05-08,4324449,335382531,78.0,77.1,77.5,-1.2,2645,6285,78.0
2019-05-09,3818684,291031824,77.8,75.6,75.8,-1.7,2283,6285,77.2
2019-05-10,6663244,495289869,76.7,72.5,73.5,-2.3,4035,6285,75.8
2019-05-13,6830009,486092239,73.2,70.2,70.2,-3.3,3982,6285,73.0
2019-05-14,5129802,352044242,69.7,67.0,69.3,-0.9,3299,6285,67.8
2019-05-15,4266569,295597875,69.9,68.4,69.2,-0.1,2977,6285,69.3
2019-05-16,3262239,229285269,70.9,69.2,69.7,0.5,2174,6285,69.3
2019-05-17,4163812,286085128,70.2,68.1,68.5,-1.2,2821,6285,69.8
2019-05-20,2550195,172512160,68.8,67.1,67.5,-1.0,1702,6285,68.5
2019-05-21,2286503,157495510,69.8,67.2,69.5,2.0,1676,6285,67.5
2019-05-22,2561039,179573362,70.7,69.6,70.4,0.9,1808,6285,70.0
2019-05-23,2670892,186445283,70.4,69.2,70.1,-0.3,1530,6285,69.8
2019-05-24,1828537,127607390,70.5,69.2,69.8,-0.3,1170,6285,70.1
2019-05-27,845505,58964850,70.0,69.4,69.7,-0.1,556,6285,69.6
2019-05-28,1379194,95575319,70.7,68.6,68.6,-1.1,667,6285,70.0
2019-05-29,1708057,119306699,70.2,68.7,70.1,1.5,1175,6285,68.7
2019-05-30,906599,63768086,70.6,69.8,70.3,0.2,710,6285,69.9
2019-05-31,1284453,90791063,70.9,70.3,70.8,0.5,887,6285,70.4
2019-06-03,1554028,108150360,70.5,69.0,69.6,-1.2,1084,6285,70.5
2019-06-04,842733,58865158,70.2,69.6,69.6,0.0,682,6285,70.0
2019-06-05,877519,61306474,70.4,69.5,69.6,0.0,615,6285,70.4
2019-06-06,879095,60808386,69.6,68.9,69.1,-0.5,623,6285,69.5
2019-06-10,1058614,74279783,70.5,69.8,70.5,1.4,759,6285,70.0
2019-06-11,1289996,91380115,71.2,70.5,70.6,0.1,978,6285,71.0
2019-06-12,866204,61264658,71.4,70.3,70.5,-0.1,632,6285,70.8
2019-06-13,723870,51233642,71.1,70.3,70.7,0.2,582,6285,70.5
2019-06-14,591314,41788194,71.0,70.5,70.5,-0.2,519,6285,70.9
2019-06-17,575460,40516675,70.9,70.0,70.5,0.0,453,6285,70.5
2019-06-18,876839,61622048,70.9,70.0,70.0,-0.5,680,6285,70.7
2019-06-19,1337309,95032494,71.4,70.6,71.1,1.1,979,6285,70.8
2019-06-20,2129910,153967771,72.8,71.2,72.4,1.3,1491,6285,71.4
2019-06-21,3229020,235089444,73.2,72.0,72.0,-0.4,1731,6285,73.0
2019-06-24,1453721,105079920,72.8,71.6,72.3,0.3,849,6285,72.3
2019-06-25,4128516,305185014,74.9,72.8,72.9,0.6,2880,6285,73.2
2019-06-26,2022485,146742046,73.5,71.7,73.0,0.1,1328,6285,73.5
2019-06-27,2072775,151822370,73.8,72.6,73.6,0.6,1428,6285,72.6
2019-06-28,1721285,125722547,74.0,72.4,73.2,-0.4,1164,6285,74.0
2019-07-01,2675418,199270336,74.9,74.2,74.5,1.3,1647,6285,74.5
2019-07-02,1481233,110459097,74.9,73.7,74.7,0.2,1026,6285,74.5
2019-07-03,1007789,74845516,74.9,73.9,74.0,-0.7,800,6285,74.9
2019-07-04,1123425,83699717,74.8,74.0,74.4,0.4,671,6285,74.3
2019-07-05,604150,45022715,74.7,74.1,74.5,0.1,410,6285,74.4
2019-07-08,670247,49887323,74.7,74.2,74.5,0.0,529,6285,74.4
2019-07-09,1426271,107143074,75.5,74.7,75.2,0.7,961,6285,74.9
2019-07-10,1107680,83204532,75.4,74.8,75.2,0.0,733,6285,75.2
2019-07-11,1347942,101556920,75.9,74.8,75.4,0.2,915,6285,75.2
2019-07-12,1619288,123518970,76.9,75.2,76.3,0.9,1094,6285,75.3
2019-07-15,1025153,78181564,76.9,75.7,76.3,0.0,733,6285,76.8
2019-07-16,1095256,83894825,76.9,76.1,76.3,0.0,784,6285,76.3
2019-07-17,1356730,102690211,76.1,75.3,75.4,-0.9,968,6285,76.1
2019-07-18,937653,70839834,76.0,75.0,75.4,0.0,675,6285,75.3
2019-07-19,660747,50215416,76.2,75.6,75.8,0.4,563,6285,75.6
2019-07-22,2813668,217243062,77.9,75.4,77.5,1.7,2001,6285,75.8
2019-07-23,1926477,150164953,78.5,77.6,77.7,0.2,1385,6285,77.8
2019-07-24,2329127,183553708,79.2,78.0,78.8,1.1,1699,6285,78.0
2019-07-25,1840411,145533069,79.5,78.8,79.2,0.4,1153,6285,79.5
2019-07-26,1671642,132331418,79.5,78.5,79.0,-0.2,1326,6285,79.1
2019-07-29,1650748,130456387,79.6,78.5,78.5,-0.5,994,6285,79.2
2019-07-30,2438559,190782486,79.6,77.3,77.6,-0.9,1726,6285,79.1
2019-07-31,1436708,112098612,78.5,77.5,78.3,0.7,1078,6285,78.1
2019-08-01,1192211,93085012,78.5,77.1,78.2,-0.1,825,6285,77.9
2019-08-02,3142590,239845940,77.5,75.8,75.8,-2.4,2333,6285,77.0
2019-08-05,2048013,155141276,76.7,75.1,75.1,-0.7,1257,6285,75.8
2019-08-06,3833125,283570375,75.0,72.3,74.8,-0.3,2497,6285,73.4
2019-08-07,3596161,262436680,73.7,72.4,73.1,0.0,2421,6285,72.4
2019-08-08,1425886,104867781,74.1,73.2,73.7,0.6,1016,6285,73.2
2019-08-12,4098991,314285593,77.5,75.7,76.9,3.2,2711,6285,75.7
2019-08-13,2617298,201378028,77.4,76.4,77.2,0.3,1957,6285,77.1
2019-08-14,2857244,222908398,78.9,77.5,77.9,0.7,1813,6285,78.8
2019-08-15,3487238,270551631,78.5,76.5,77.9,0.0,2446,6285,76.5
2019-08-16,1996430,156094940,78.8,77.8,78.0,0.1,1526,6285,78.7
2019-08-19,2950476,230492725,78.9,77.5,77.8,-0.2,1877,6285,78.5
2019-08-20,2094120,163235903,78.4,77.3,77.8,0.0,1357,6285,78.0
2019-08-21,1607474,125357872,78.5,77.5,78.1,0.3,1051,6285,78.1
2019-08-22,1520948,118847448,78.6,77.7,77.8,-0.3,1060,6285,78.5
2019-08-23,1727393,133765972,77.9,77.0,77.8,0.0,1190,6285,77.5
2019-08-26,1422270,109342690,77.2,76.4,77.0,-0.8,812,6285,76.7
2019-08-27,7880832,626978381,80.4,77.6,79.2,2.2,4742,6285,77.6
2019-08-28,4683080,374800438,81.0,78.9,79.3,0.1,3068,6285,79.8
2019-08-29,1917967,151009192,79.7,78.3,78.8,-0.5,1310,6285,79.5
2019-08-30,2411229,190067736,79.8,78.4,78.8,0.0,1589,6285,79.4
2019-09-02,3179747,249771778,79.4,78.2,79.0,0.2,1556,6285,79.4
2019-09-03,16845323,1367590346,82.6,79.5,80.7,1.7,9516,6285,80.8
2019-09-04,7686304,627040150,82.0,80.7,82.0,1.3,4437,6285,81.5
2019-09-05,5995584,490009501,82.3,81.2,81.9,-0.1,3449,6285,82.2
2019-09-06,6270137,515089034,82.4,81.6,82.1,0.2,3052,6285,81.9
2019-09-09,4736935,385675600,83.0,80.4,81.5,-0.6,2791,6285,83.0
2019-09-10,2855801,233069581,82.3,81.1,81.3,-0.2,1424,6285,81.9
2019-09-11,2052102,167476486,82.0,81.1,81.5,0.2,1459,6285,81.7
2019-09-12,1619536,132386130,82.1,81.2,81.8,0.3,1038,6285,82.1
2019-09-16,1612641,131481038,82.0,81.1,81.8,0.0,945,6285,81.5
2019-09-17,6966053,576784592,84.3,81.2,81.2,-0.6,4488,6285,83.0
2019-09-18,4380764,359881260,82.7,81.1,81.9,0.7,2546,6285,81.5
2019-09-19,2964405,244922677,83.0,82.0,82.8,0.9,1744,6285,82.5
2019-09-20,2883972,239503667,83.4,82.4,83.0,0.2,1948,6285,83.2
2019-09-23,1711704,142377282,83.8,82.7,82.8,-0.2,1248,6285,83.2
2019-09-24,3840795,321479962,84.3,83.0,83.0,0.2,2419,6285,83.3
2019-09-25,2376193,197720479,83.8,82.3,83.8,0.8,1538,6285,83.1
2019-09-26,3696998,310655920,85.0,83.3,83.3,-0.5,2395,6285,84.5
2019-09-27,3251920,265862756,83.8,81.0,81.6,-1.7,2173,6285,83.3
2019-10-01,1901439,156679134,83.1,82.0,82.3,0.7,1451,6285,82.0
2019-10-02,1153235,94982185,82.8,81.6,82.6,0.3,814,6285,81.9
2019-10-03,837657,68744974,82.5,81.6,82.0,-0.6,590,6285,81.6
2019-10-04,1313896,107753572,82.6,81.6,81.9,-0.1,797,6285,82.2
2019-10-07,2628433,216326454,83.6,81.4,81.9,0.0,1637,6285,82.5
2019-10-08,2348425,190776843,82.8,80.6,80.6,-1.3,1531,6285,82.8
2019-10-09,2225280,179395880,81.3,79.8,81.0,0.4,1466,6285,80.4
2019-10-14,1804305,147119583,82.5,81.0,81.0,0.0,1160,6285,82.5
2019-10-15,1008068,81362672,81.2,80.2,80.6,-0.4,750,6285,80.2
2019-10-16,1189361,96176756,81.5,80.6,80.6,0.0,865,6285,81.5
2019-10-17,1429046,115865125,81.5,80.3,81.2,0.6,983,6285,80.8
2019-10-18,4394863,360802482,83.2,81.0,81.0,-0.2,2852,6285,82.3
2019-10-21,1379748,111731507,81.6,80.7,80.8,-0.2,1098,6285,81.1
2019-10-22,1583050,127851324,81.2,80.4,80.6,-0.2,1214,6285,81.1
2019-10-23,1152914,92965739,81.3,80.3,80.3,-0.3,902,6285,80.8
2019-10-24,1035785,83487552,81.1,80.3,81.1,0.8,830,6285,80.4
2019-10-25,2480420,199256908,81.3,80.0,80.1,-1.0,1687,6285,81.3
2019-10-28,3988294,314104358,80.2,78.1,78.6,-1.5,2822,6285,80.1
2019-10-29,4532758,352615338,78.6,77.2,77.6,-1.0,3007,6285,78.6
2019-10-30,3137027,244215013,78.6,77.0,78.1,0.5,2115,6285,77.5
2019-10-31,7795977,597965826,77.9,76.0,76.0,-2.1,5101,6285,77.5
2019-11-01,7596546,570493496,76.4,74.5,74.9,-1.1,5299,6285,76.3
2019-11-04,4639251,346188387,75.2,74.3,74.4,-0.5,3010,6285,75.0
2019-11-05,4613264,343803900,74.9,74.1,74.5,0.1,3427,6285,74.7
2019-11-06,5392401,407178676,76.0,74.7,75.8,1.3,3478,6285,74.7
2019-11-07,4594071,344104025,76.2,74.2,74.5,-1.3,2924,6285,76.1
2019-11-08,3319841,249297376,75.4,74.8,75.0,0.5,1880,6285,75.0
2019-11-11,3072873,228028798,75.0,73.6,73.6,-1.4,2072,6285,75.0
2019-11-12,1274624,94383614,74.3,73.6,74.2,0.6,1020,6285,73.6
2019-11-13,1732860,130081252,75.4,74.2,75.1,0.9,1310,6285,74.2
2019-11-14,1488393,111063250,75.4,74.3,74.4,-0.7,1154,6285,75.1
2019-11-15,2308517,171229656,75.1,73.7,74.1,-0.3,1502,6285,74.7
2019-11-18,1223732,91186232,74.9,74.3,74.3,0.2,895,6285,74.5
2019-11-19,2752700,207465698,75.8,74.8,75.2,0.9,1865,6285,74.9
2019-11-20,2088820,157111753,75.7,75.0,75.1,-0.1,1137,6285,75.6
2019-11-21,843748,63149894,75.1,74.5,75.1,0.0,656,6285,74.8
2019-11-22,675093,50737483,75.5,75.0,75.1,0.0,485,6285,75.5
2019-11-25,1804283,135306525,75.6,74.7,74.9,-0.2,1136,6285,75.6
2019-11-26,2054071,154076838,75.4,74.7,75.2,0.3,1187,6285,75.2
2019-11-27,1588910,119120150,75.4,74.8,74.9,-0.3,1068,6285,75.4
2019-11-28,2124322,159832841,75.6,74.9,75.1,0.2,1242,6285,75.1
2019-11-29,1386037,103909075,75.6,74.7,75.0,-0.1,904,6285,75.6
2019-12-02,2125206,157601980,74.9,73.4,74.5,-0.5,1412,6285,74.9
2019-12-03,1172127,87007571,75.1,74.0,74.2,-0.3,846,6285,74.3
2019-12-04,1054306,78084364,74.5,73.9,74.0,-0.2,662,6285,73.9
2019-12-05,4383731,332190501,76.4,74.6,75.8,1.8,2673,6285,74.6
2019-12-06,1651203,124716742,76.1,75.2,75.5,-0.3,1068,6285,76.0
2019-12-09,1840599,138094398,75.5,74.7,74.7,-0.8,1204,6285,75.5
2019-12-10,1404466,105305737,75.4,74.5,75.1,0.4,885,6285,74.7
2019-12-11,1193535,89534625,75.5,74.7,74.8,-0.3,834,6285,75.3
2019-12-12,1497847,112224630,75.4,74.6,74.8,0.0,931,6285,75.2
2019-12-13,983819,73505953,75.3,74.4,74.6,-0.2,675,6285,75.2
2019-12-16,1672558,124473013,74.8,73.8,74.6,0.0,1050,6285,74.6
2019-12-17,1149469,86262858,75.3,74.8,75.2,0.6,813,6285,74.8
2019-12-18,2745346,207758082,75.9,75.4,75.6,0.4,1962,6285,75.4
2019-12-19,1565261,118414347,76.0,75.4,75.7,0.1,1046,6285,76.0
2019-12-20,3738096,284865829,76.5,75.8,76.1,0.4,2006,6285,76.0
2019-12-23,1379676,104396934,76.5,75.2,75.3,-0.8,904,6285,76.4
2019-12-24,883057,66580607,75.6,75.3,75.3,0.0,508,6285,75.3
2019-12-25,1037981,78304955,75.6,75.3,75.6,0.3,736,6285,75.6
2019-12-26,869827,65992482,76.1,75.7,75.8,0.2,631,6285,75.9
2019-12-27,1157709,87914904,76.3,75.6,75.9,0.1,724,6285,76.1
2019-12-30,956172,72186282,75.9,75.3,75.5,-0.4,634,6285,75.9
2019-12-31,1322777,99848759,75.9,75.3,75.5,0.0,858,6285,75.9
2020-01-02,2272975,172698089,76.3,75.5,76.3,0.8,1261,6285,75.5
2020-01-03,2967378,226249528,77.1,75.4,75.7,-0.6,1838,6285,76.8
2020-01-06,2495366,186301423,75.4,74.0,74.3,-1.4,1662,6285,75.3
2020-01-07,1454355,108015478,74.8,74.0,74.5,0.2,1034,6285,74.6
2020-01-08,1488257,109971585,74.4,73.6,73.6,-0.9,966,6285,74.0
2020-01-09,904132,67308313,74.7,74.2,74.2,0.6,572,6285,74.5
2020-01-10,938967,69897641,74.8,74.2,74.3,0.1,571,6285,74.5
2020-01-13,907095,68019637,75.5,74.4,75.0,0.7,574,6285,74.7
2020-01-14,1468372,110642514,75.7,75.0,75.6,0.6,896,6285,75.4
2020-01-15,728545,54995853,75.8,75.2,75.3,-0.3,546,6285,75.7
2020-01-16,671531,50669438,75.6,75.3,75.6,0.3,468,6285,75.4
2020-01-17,1500601,113616326,76.1,75.5,75.6,0.0,859,6285,75.8
2020-01-20,779777,58845838,75.6,75.3,75.5,-0.1,495,6285,75.6
2020-01-30,3955379,280455915,72.3,70.0,70.1,-5.4,2451,6285,70.3
2020-01-31,1830733,129374143,71.4,70.0,70.7,0.6,1236,6285,70.6
2020-02-03,2337723,160005441,69.3,67.2,68.9,-1.8,1617,6285,68.8
2020-02-04,1230402,86412936,70.7,69.4,70.3,1.4,880,6285,69.5
2020-02-05,1214573,86119769,71.3,70.1,71.0,0.7,881,6285,71.0
2020-02-06,1075507,77352343,72.2,71.3,72.0,1.0,652,6285,71.3
2020-02-07,1468804,104712996,72.0,71.0,71.1,-0.9,806,6285,72.0
2020-02-10,1218556,86240450,71.5,69.7,70.9,-0.2,792,6285,70.1
2020-02-11,627786,44916892,71.9,71.0,71.8,0.9,475,6285,71.0
2020-02-12,1079928,77949086,72.4,71.3,72.2,0.4,702,6285,71.3
2020-02-13,1252666,91096347,73.1,72.3,72.4,0.2,771,6285,72.5
2020-02-14,997499,72255421,72.8,72.2,72.5,0.1,658,6285,72.2
2020-02-17,1217454,87657116,72.4,71.8,72.1,-0.4,955,6285,71.9
2020-02-18,1143180,82103435,72.3,71.5,71.7,-0.4,851,6285,72.1
2020-02-19,815839,58625019,72.1,71.7,71.9,0.2,557,6285,71.8
2020-02-20,822695,59287973,72.4,71.9,72.2,0.3,461,6285,72.4
2020-02-21,1176908,84280376,72.0,71.4,71.5,-0.7,766,6285,72.0
2020-02-24,3318492,232026133,71.0,69.2,69.5,-2.0,1750,6285,70.5
2020-02-25,3657782,252162894,70.0,68.1,69.1,-0.4,2027,6285,68.7
2020-02-26,2577257,177737562,69.3,68.6,69.0,-0.1,1349,6285,69.0
2020-02-27,1891201,130181923,69.4,68.4,69.0,0.0,1001,6285,69.2
2020-03-02,1379887,95029787,70.0,67.5,68.8,-0.2,998,6285,67.9
2020-03-03,1008645,70091287,70.1,69.1,69.1,0.3,656,6285,69.9
2020-03-04,699388,48141287,69.1,68.4,69.1,0.0,446,6285,69.1
2020-03-05,1575113,110908823,70.9,69.6,70.6,1.5,985,6285,69.7
2020-03-06,803742,56304056,70.5,69.8,70.4,-0.2,542,6285,70.1
2020-03-09,1451754,99840617,69.9,68.2,68.2,-2.2,1098,6285,69.9
2020-03-10,1426641,96702405,68.5,67.2,68.0,-0.2,972,6285,67.3
2020-03-11,1657330,112466140,69.0,67.2,67.3,-0.7,1094,6285,68.8
2020-03-12,6597150,409787667,66.2,60.6,60.8,-6.5,4250,6285,66.2
2020-03-13,6871824,379840097,58.4,54.8,57.6,-3.2,4003,6285,54.8
2020-03-16,2376704,133482963,58.0,55.1,55.5,-2.1,1756,6285,57.6
2020-03-17,3030404,159404209,55.0,51.5,52.1,-3.4,2000,6285,51.5
2020-03-18,3088068,158439334,53.2,50.0,50.1,-2.0,1973,6285,52.5
2020-03-19,4608186,214680762,49.15,45.1,45.1,-5.0,3046,6285,48.1
2020-03-20,3833858,187178057,49.6,46.45,49.05,3.95,2440,6285,46.45
2020-03-23,1989261,92956157,47.6,46.0,46.1,-2.95,1437,6285,47.0
2020-03-24,2484764,119963936,48.95,47.1,48.3,2.2,1772,6285,47.1
2020-03-25,3002336,155474270,52.6,50.2,52.0,3.7,2109,6285,50.3
2020-03-26,1691540,87204412,52.9,50.3,51.5,-0.5,1165,6285,52.8
2020-03-27,2405475,125084503,53.0,50.8,51.3,-0.2,1508,6285,52.4
2020-03-30,1560009,78717758,51.3,49.35,51.0,-0.3,1134,6285,50.1
2020-03-31,2472988,128670367,52.6,51.5,52.3,1.3,1525,6285,52.2
2020-04-01,6724166,365857430,55.3,52.4,54.2,1.9,4131,6285,52.4
2020-04-06,2141437,115589799,54.9,53.3,54.2,0.0,1376,6285,54.5
2020-04-07,4048905,225266562,56.5,54.6,55.6,1.4,2540,6285,55.1
2020-04-08,6597396,386213533,60.1,55.7,58.8,3.2,4006,6285,56.2
2020-04-09,5132722,308076756,62.0,59.0,59.0,0.2,3804,6285,60.5
2020-04-10,2014115,119249452,60.0,58.2,60.0,1.0,1304,6285,59.1
2020-04-13,1678553,99782455,60.1,58.8,59.4,-0.6,1164,6285,59.9
2020-04-14,2575082,155087340,60.8,59.6,60.1,0.7,1863,6285,59.6
2020-04-15,2884438,176491012,61.8,60.5,61.5,1.4,2065,6285,60.8
2020-04-16,1885692,115714124,61.9,60.2,61.5,0.0,1364,6285,61.0
2020-04-17,3467478,212504260,62.8,60.1,60.2,-1.3,2353,6285,62.1
2020-04-20,1557885,93427526,60.5,59.3,60.5,0.3,913,6285,60.0
2020-04-21,2774614,162269732,60.3,57.6,57.8,-2.7,2084,6285,60.0
2020-04-22,1873795,107965605,58.8,56.3,58.8,1.0,1286,6285,56.6
2020-04-23,2240348,132821304,59.9,58.7,59.3,0.5,1602,6285,59.0
2020-04-24,1058501,62590360,59.8,58.9,59.0,-0.3,749,6285,59.0
2020-04-27,1669772,100259048,60.8,59.3,60.0,1.0,1177,6285,59.3
2020-04-28,1674686,101765123,61.5,59.8,61.5,1.5,1257,6285,60.3
2020-04-29,2358047,146026814,62.4,61.4,61.9,0.4,1560,6285,61.6
2020-04-30,1955420,121476000,62.5,61.7,62.4,0.5,1286,6285,62.4
2020-05-04,1043144,63889581,61.7,60.0,61.5,-0.9,753,6285,61.0
2020-05-05,1276514,79243375,62.4,61.4,62.4,0.9,929,6285,61.7
2020-05-06,863612,53591844,62.5,61.7,61.7,-0.7,660,6285,62.5
2020-05-07,1441125,89918418,62.9,61.6,62.4,0.7,1075,6285,61.8
2020-05-08,1744473,108654462,63.1,61.9,62.0,-0.4,1055,6285,63.0
2020-05-11,3484655,223995330,65.6,62.4,65.6,3.6,2492,6285,62.9
2020-05-12,3021854,195352162,65.6,63.8,64.4,-1.2,2102,6285,65.6
2020-05-13,2124852,134710062,64.0,63.0,63.8,-0.6,1616,6285,63.6
2020-05-14,1906594,119581937,63.5,62.2,62.3,-1.5,1407,6285,63.4
2020-05-15,2460337,153082822,63.7,61.5,61.8,-0.5,1733,6285,63.1
2020-05-18,1636878,101700395,62.8,61.4,62.1,0.3,1154,6285,61.5
2020-05-19,1433673,90455027,63.5,62.4,63.2,1.1,839,6285,63.0
2020-05-20,991175,62396125,63.5,62.6,62.6,-0.6,604,6285,63.0
2020-05-21,1277605,81106470,63.9,62.8,63.9,1.3,842,6285,62.8
2020-05-22,1369227,86151951,63.9,62.5,62.5,-1.4,965,6285,63.9
2020-05-25,759764,47222223,63.0,61.5,62.4,-0.1,560,6285,62.7
2020-05-26,871231,54654855,63.3,62.4,62.4,0.0,604,6285,62.6
2020-05-27,2169782,138098748,64.3,62.9,64.0,1.6,1473,6285,62.9
2020-05-28,2074402,133654828,65.0,63.7,63.9,-0.1,1478,6285,64.4
2020-05-29,1121299,71270645,64.3,63.2,63.2,-0.7,670,6285,63.9
2020-06-01,1047911,67062069,64.4,63.5,64.3,1.1,666,6285,63.5
2020-06-02,2324959,151319635,65.8,64.3,64.5,0.2,1542,6285,64.5
2020-06-03,1403522,91432335,65.4,64.8,65.4,0.9,974,6285,64.8
2020-06-04,2246708,147744326,66.4,65.0,66.3,0.9,1475,6285,65.6
2020-06-05,2007052,134416067,67.5,66.5,66.6,0.3,1330,6285,66.8
2020-06-08,1626852,107874008,67.5,65.9,66.1,-0.5,1146,6285,66.9
2020-06-09,1987404,132258104,67.1,65.5,66.8,0.7,1580,6285,66.1
2020-06-10,1326354,88248599,66.8,66.3,66.3,-0.5,966,6285,66.6
2020-06-11,2290985,149002117,66.5,63.8,63.9,-2.4,1583,6285,66.5
2020-06-12,1787083,112133500,63.4,61.8,63.2,-0.7,1105,6285,62.3
2020-06-15,1509931,95239084,63.5,62.2,62.2,-1.0,991,6285,63.5
2020-06-16,1268160,80270719,63.8,63.0,63.2,1.0,926,6285,63.0
2020-06-17,1496868,95066926,63.9,63.2,63.2,0.0,1060,6285,63.6
2020-06-18,1355319,85637616,63.8,62.7,63.5,0.3,908,6285,63.2
2020-06-19,4666434,297225339,64.2,63.3,63.6,0.1,1219,6285,63.9
2020-06-22,2110108,136157985,65.2,63.9,64.5,0.9,1324,6285,63.9
2020-06-23,1346251,86277907,65.0,63.7,64.0,-0.5,918,6285,64.6
2020-06-24,1503002,95294324,64.2,63.1,63.3,-0.7,1025,6285,64.2
2020-06-29,2412944,150170888,62.7,61.9,62.4,-0.9,1639,6285,62.5
2020-06-30,1645235,104743553,64.4,62.8,64.4,2.0,1189,6285,63.0
2020-07-01,4375770,289400420,66.7,65.0,66.4,2.0,2687,6285,65.0
2020-07-02,2882769,191689423,67.0,65.9,66.9,0.5,1783,6285,67.0
2020-07-03,2294994,153430998,67.3,66.2,67.0,0.1,1593,6285,66.9
2020-07-06,5970237,415656257,70.2,68.8,69.5,2.5,3162,6285,70.2
2020-07-07,5119003,359252999,71.0,69.5,70.4,0.9,3093,6285,70.2
2020-07-08,2967697,208209363,70.7,69.5,70.7,0.3,1819,6285,70.2
2020-07-09,2187935,154068815,71.2,69.8,70.3,-0.4,1207,6285,70.9
2020-07-10,2768377,190838538,70.1,68.0,69.1,-1.2,1721,6285,70.1
2020-07-13,1796296,123743145,69.8,68.6,68.7,-0.4,959,6285,69.4
2020-07-14,3509636,238562148,68.8,67.5,68.0,-0.7,1638,6285,68.7
2020-07-15,2921528,192652583,66.7,65.5,65.9,0.0,2043,6285,66.3
2020-07-16,1928462,127285823,66.6,65.5,66.5,0.6,1412,6285,66.5
2020-07-17,1901739,124640899,66.8,65.0,65.0,-1.5,1395,6285,66.5
2020-07-20,837041,54172665,65.1,64.0,64.9,-0.1,536,6285,65.1
2020-07-21,1675930,109205237,65.5,64.8,65.0,0.1,864,6285,65.2
2020-07-22,1439025,94228728,65.7,65.1,65.7,0.7,898,6285,65.1
2020-07-23,1285975,83912666,66.1,64.6,65.1,-0.6,852,6285,66.0
2020-07-24,2066119,132221186,65.0,63.3,63.3,-1.8,1326,6285,65.0
2020-07-27,1920797,120393867,64.2,62.0,62.0,-1.3,1282,6285,63.4
2020-07-28,2190091,137723083,63.6,62.2,62.5,0.5,1471,6285,62.5
2020-07-29,1034220,64901226,63.4,62.2,62.6,0.1,788,6285,62.2
2020-07-30,2149132,137568282,64.7,63.0,64.2,1.6,1342,6285,63.1
2020-07-31,2223961,142799286,64.6,63.7,64.3,0.1,725,6285,64.4
2020-08-03,725763,46445375,64.5,63.5,63.8,-0.5,504,6285,64.3
2020-08-04,773684,49580104,64.5,63.9,64.0,0.2,515,6285,64.3
2020-08-05,1277650,82989503,65.3,64.4,65.2,1.2,849,6285,64.9
2020-08-06,1390661,90992019,66.0,64.9,65.4,0.2,879,6285,65.6
2020-08-07,1020740,66906940,65.9,65.2,65.6,0.2,632,6285,65.6
2020-08-10,1078739,70262335,65.8,64.8,64.8,-0.8,671,6285,65.3
2020-08-11,3294706,216028058,66.5,64.3,66.1,1.3,2038,6285,65.1
2020-08-12,3224769,215286292,67.4,65.7,67.1,1.0,1871,6285,66.0
2020-08-13,2767949,186625058,68.2,66.6,67.1,0.0,1830,6285,67.8
2020-08-14,1001832,67262956,67.5,66.7,67.4,0.3,726,6285,67.1
2020-08-17,5362137,371241088,69.8,67.9,69.4,2.0,2919,6285,67.9
2020-08-18,8727411,610807361,71.5,68.5,69.4,0.0,4748,6285,70.2
2020-08-19,5947752,405141336,69.5,67.7,67.7,-1.7,3396,6285,68.8
2020-08-20,5655703,369503405,67.5,62.5,65.8,-1.9,3286,6285,67.2
2020-08-21,7826325,542671733,70.6,65.8,69.7,3.9,4394,6285,66.1
2020-08-24,18065399,1324765826,75.3,70.1,74.0,4.3,10483,6285,71.5
2020-08-25,20647629,1557453375,77.7,73.6,75.0,1.0,12743,6285,74.8
2020-08-26,11419741,864739973,76.5,74.6,75.8,0.8,7507,6285,75.9
2020-08-27,24180399,1892265921,79.3,76.2,79.0,3.2,14353,6285,76.4
2020-08-28,18936889,1506331138,80.5,77.0,79.6,0.6,11057,6285,78.0
2020-08-31,18618079,1530369461,83.5,80.8,82.5,2.9,10861,6285,80.8
2020-09-01,30473544,2563842290,86.0,81.0,82.5,0.0,17356,6285,83.8
2020-09-02,15787938,1343017730,86.0,83.7,85.1,2.6,10182,6285,84.5
2020-09-03,13329647,1124165341,86.6,83.1,83.9,-1.2,8452,6285,86.4
2020-09-04,8364813,687232615,83.3,80.6,82.7,-1.2,5134,6285,80.7
2020-09-07,11820022,953301926,83.3,78.5,79.4,-3.3,6488,6285,82.9
2020-09-08,6706235,537191435,81.4,79.2,80.2,0.8,3897,6285,80.7
2020-09-09,5490218,435703984,80.7,77.1,80.7,0.5,3120,6285,79.0
2020-09-10,6875880,548322300,81.2,79.0,79.0,-1.7,4233,6285,81.0
2020-09-11,5096181,402714333,79.9,77.8,79.9,0.9,2752,6285,79.0
2020-09-14,5665826,450663475,80.5,78.5,79.4,-0.5,3626,6285,80.0
2020-09-15,5079167,408121582,81.2,78.7,80.5,1.1,3758,6285,79.3
2020-09-16,4139985,332994400,81.2,79.8,80.1,-0.4,2467,6285,80.5
2020-09-17,18199729,1511539458,84.2,80.3,83.9,3.8,12352,6285,80.3
2020-09-18,8533365,708821760,84.1,82.5,82.7,-1.2,5675,6285,83.9
2020-09-21,5179027,430120024,84.2,82.3,82.8,0.1,3490,6285,83.3
2020-09-22,4570035,373679438,83.2,80.9,81.3,-1.5,3068,6285,82.8
2020-09-23,9342214,740495289,82.1,78.1,78.3,-3.0,6206,6285,81.6
2020-09-24,6789359,524109669,79.3,76.1,76.6,-1.7,4402,6285,77.8
2020-09-25,8202154,614295474,77.7,73.1,74.6,-2.0,5456,6285,77.4
2020-09-28,4325642,328294234,77.5,73.6,77.0,2.4,2789,6285,75.2
2020-09-29,1980330,150868280,77.2,75.7,76.0,-1.0,1335,6285,76.6
2020-09-30,2311821,175621422,76.8,74.8,76.4,0.4,1293,6285,76.0
2020-10-05,2261077,172761778,77.5,75.5,76.6,0.2,1333,6285,77.0
2020-10-06,2587829,199991856,77.9,76.7,77.4,0.8,1836,6285,77.3
2020-10-07,1960842,152517184,78.5,76.8,77.7,0.3,1256,6285,77.1
2020-10-08,2325429,179086233,78.0,76.6,76.6,-1.1,1639,6285,77.7
2020-10-12,2439394,186171740,77.8,75.1,76.3,-0.3,1743,6285,76.8
2020-10-13,1675990,127029840,76.8,75.0,75.6,-0.7,1085,6285,76.5
2020-10-14,2284800,171831031,76.3,74.7,74.9,-0.7,1571,6285,75.6
2020-10-15,11347566,892011002,80.5,74.5,80.1,5.2,7185,6285,75.0
2020-10-16,13194706,1066675131,82.7,78.3,79.7,-0.4,8427,6285,80.4
2020-10-19,5875053,477157170,82.1,79.6,80.9,1.2,4074,6285,80.0
2020-10-20,3309660,264611122,80.9,79.3,79.9,-1.0,2610,6285,80.5
2020-10-21,5398607,423456645,80.2,77.4,78.1,-1.8,3238,6285,80.1
2020-10-22,4409534,339334931,78.4,75.9,77.4,-0.7,2350,6285,78.4
2020-10-23,1080554,83825063,78.0,77.0,77.6,0.2,752,6285,77.4
2020-10-26,2545774,194627176,77.8,75.9,76.1,-1.5,1744,6285,77.7
2020-10-27,4877700,379049991,78.5,75.2,78.5,2.4,3235,6285,75.5
2020-10-28,3853270,295231786,78.3,75.9,76.2,-2.3,2880,6285,78.2
2020-10-29,2251686,170476002,76.8,74.5,76.8,0.6,1600,6285,75.2
2020-10-30,2090678,158559605,76.8,75.3,75.5,-1.3,1411,6285,76.8
2020-11-02,1944701,144906017,76.0,73.8,74.6,-0.9,1388,6285,75.4
2020-11-03,2785100,213999398,77.8,75.7,76.6,2.0,1945,6285,75.7
2020-11-04,3626725,284244339,79.2,76.8,78.8,2.2,2570,6285,77.5
2020-11-05,2142810,168704027,79.5,78.0,78.7,-0.1,1537,6285,78.0
2020-11-06,3732056,296828353,80.2,78.8,79.3,0.6,2651,6285,79.7
2020-11-09,3786564,301947867,80.5,79.0,79.4,0.1,2339,6285,80.0
2020-11-10,10130088,825005325,82.4,79.4,81.0,1.6,6581,6285,80.1
2020-11-11,15100384,1250832008,84.5,81.4,82.0,1.0,9434,6285,82.1
2020-11-12,4744716,387087509,82.7,80.5,80.8,-1.2,3126,6285,82.2
2020-11-13,3271633,264676710,82.0,79.3,81.8,1.0,2196,6285,81.1
2020-11-16,5499945,445367507,82.5,79.9,80.8,-1.0,3237,6285,82.2
2020-11-17,4348750,351869240,81.7,80.2,80.2,-0.6,2896,6285,81.4
2020-11-18,2274262,183432358,81.3,80.2,80.3,0.1,1436,6285,80.5
2020-11-19,3107977,252737869,82.0,80.0,81.8,1.5,1978,6285,80.5
2020-11-20,4517466,369916886,83.0,80.8,82.1,0.3,2532,6285,81.7
2020-11-23,6268645,520466764,83.8,81.8,83.1,1.0,4006,6285,82.5
2020-11-24,11589203,977965137,85.5,82.6,84.6,1.5,7217,6285,83.8
2020-11-25,6863606,578328055,85.5,83.1,83.1,-1.5,4336,6285,85.4
2020-11-26,3105566,259664552,84.6,82.9,83.3,0.2,1938,6285,83.7
2020-11-27,2486731,206465124,83.8,82.5,83.2,-0.1,1644,6285,82.8
2020-11-30,3776551,314585592,84.6,82.4,82.7,-0.5,2395,6285,84.3
2020-12-01,2464436,202315067,83.0,81.5,82.3,-0.4,1535,6285,82.8
2020-12-02,4251231,354995151,84.4,82.0,83.4,1.1,2732,6285,82.0
2020-12-03,3731173,306316251,83.4,81.0,81.5,-1.9,2647,6285,83.1
2020-12-04,4356916,352504769,82.5,80.1,80.9,-0.6,3061,6285,81.4
2020-12-07,5694753,454391000,81.4,79.0,80.0,-0.9,3851,6285,81.0
2020-12-08,2995894,238321907,80.7,79.3,79.5,-0.5,2088,6285,80.0
2020-12-09,3837702,305628429,80.3,79.3,79.5,0.0,2535,6285,80.0
2020-12-10,6031356,470184925,79.2,77.2,77.5,-2.0,4231,6285,79.0
2020-12-11,4665565,358807372,78.3,75.9,78.1,0.6,3266,6285,77.7
2020-12-14,3002562,234728079,78.7,77.4,78.2,0.1,2379,6285,78.0
2020-12-15,5103340,389239748,78.4,75.7,75.9,-2.3,3646,6285,78.2
2020-12-16,2738411,209734419,77.4,76.0,77.3,1.4,1974,6285,76.7
2020-12-17,2870176,224454140,78.8,77.0,78.7,1.4,2097,6285,77.1
2020-12-18,3274787,253018777,78.4,76.8,77.2,-1.5,2151,6285,78.4
2020-12-21,1979073,151998096,77.4,76.0,77.0,-0.2,1239,6285,77.1
2020-12-22,1830829,140721721,77.6,75.9,76.0,-1.0,1255,6285,77.0
2020-12-23,2142475,165643692,77.9,76.0,77.6,1.6,1375,6285,76.0
2020-12-24,1151549,89396729,78.2,77.1,77.3,-0.3,970,6285,77.6
2020-12-25,2672169,207758448,78.7,76.7,77.0,-0.3,1818,6285,77.8
2020-12-28,1879393,145865737,78.2,77.2,77.8,0.8,1326,6285,77.5
2020-12-29,2182023,168766434,78.1,76.6,78.1,0.3,1400,6285,77.8
2020-12-30,2782910,215285389,77.9,77.0,77.7,-0.4,1924,6285,77.2
2020-12-31,2852993,220890793,78.1,77.0,77.7,0.0,1707,6285,77.5
2021-01-04,14855435,1223231010,84.2,80.8,81.5,3.8,8581,6285,83.1
2021-01-05,4210860,338915479,81.4,79.7,80.4,-1.1,2838,6285,81.3
2021-01-06,4999470,397793537,81.2,78.6,78.8,-1.6,2971,6285,80.8
2021-01-07,2489912,196893088,79.8,78.5,79.0,0.2,1590,6285,79.3
2021-01-08,2231068,174980322,79.7,78.1,78.3,-0.7,1531,6285,79.7
2021-01-11,7530229,608266218,81.7,79.3,80.7,2.4,4412,6285,79.9
2021-01-12,4309215,344359909,81.7,78.6,78.9,-1.8,2963,6285,81.5
2021-01-13,4021193,316359501,79.6,78.2,78.4,-0.5,2469,6285,79.0
2021-01-14,2777233,218111107,79.3,78.1,78.6,0.2,1914,6285,78.5
2021-01-15,4405097,342500809,79.0,77.0,77.2,-1.4,3316,6285,78.9
2021-01-18,3096392,236231487,77.2,75.8,76.4,-0.8,2412,6285,77.2
2021-01-19,3102259,237216753,77.4,76.1,76.7,0.3,2273,6285,76.6
2021-01-20,4238297,320698435,76.9,75.0,75.3,-1.4,3279,6285,76.7
2021-01-21,4686812,350675736,75.9,74.1,74.4,-0.9,3409,6285,75.9
2021-01-22,1847907,138051971,75.4,74.3,75.1,0.7,1493,6285,74.4
2021-01-25,5549909,428058097,78.5,74.9,78.0,2.9,3585,6285,75.2
2021-01-26,2668263,205854232,78.5,76.2,76.2,-1.8,1919,6285,77.2
2021-01-27,2477273,188754252,77.0,75.6,76.4,0.2,1664,6285,77.0
2021-01-28,2339449,178809907,77.2,75.3,76.1,-0.3,1571,6285,75.5
2021-01-29,1902052,144383774,77.1,75.1,75.8,-0.3,1364,6285,76.4
2021-02-01,2370966,176918781,75.8,74.3,75.0,-0.8,1791,6285,75.8
2021-02-02,1977110,149009728,76.6,74.9,75.2,0.2,1474,6285,75.3
2021-02-03,1153256,86941856,76.0,75.0,75.3,0.1,849,6285,75.8
2021-02-04,1338572,101928168,76.7,75.4,76.3,1.0,954,6285,75.6
2021-02-05,1326519,100735577,77.1,75.6,75.7,-0.6,1101,6285,77.0
2021-02-17,2789414,214893620,77.5,76.4,77.4,1.7,1746,6285,77.2
2021-02-18,3369914,263092893,78.9,76.9,78.9,1.5,2030,6285,77.7
2021-02-19,2952631,233264706,79.6,78.4,79.0,0.1,2021,6285,79.0
2021-02-22,2359512,186321199,79.9,78.1,78.6,-0.4,1733,6285,79.5
2021-02-23,2107457,165497575,79.2,77.9,78.1,-0.5,1547,6285,78.2
2021-02-24,5487155,435127195,80.4,78.1,78.5,0.4,3632,6285,78.9
2021-02-25,2500177,196380362,79.8,78.0,78.2,-0.3,1801,6285,79.8
2021-02-26,4081847,311871846,77.2,75.8,76.3,-1.9,3079,6285,77.1
2021-03-02,2224686,169665483,77.2,75.5,75.5,-0.8,1840,6285,77.0
2021-03-03,1783580,134601796,75.9,75.1,75.6,0.1,1340,6285,75.7
2021-03-04,2129650,159944751,75.9,74.7,75.0,-0.6,1699,6285,75.6
2021-03-05,2007849,149865868,75.2,74.2,74.8,-0.2,1795,6285,74.8
2021-03-08,1750194,131272148,75.6,74.7,75.1,0.3,1342,6285,75.3
2021-03-09,1649185,123020685,75.3,74.2,75.0,-0.1,1277,6285,75.2
2021-03-10,1796293,134713005,75.7,74.7,74.8,-0.2,1238,6285,75.5
2021-03-11,2130062,160278162,75.9,74.8,75.5,0.7,1379,6285,75.1
2021-03-12,1132455,85437180,75.7,75.2,75.5,0.0,853,6285,75.7
2021-03-15,1507126,113443623,75.6,75.1,75.2,-0.3,952,6285,75.5
2021-03-16,1828467,137490964,75.7,75.0,75.2,0.0,1336,6285,75.7
2021-03-17,2574035,193248163,75.6,74.8,74.9,-0.3,1877,6285,75.3
2021-03-18,6611444,491867666,75.1,73.8,74.9,0.0,4449,6285,75.0
2021-03-19,3030347,224531064,74.4,73.8,74.0,-0.9,2174,6285,74.4
2021-03-22,2987498,218977187,74.0,73.0,73.3,-0.7,2323,6285,74.0
2021-03-23,2456406,180061623,73.8,73.0,73.0,-0.3,1831,6285,73.5
2021-03-24,1366247,100304002,73.6,73.0,73.4,0.4,1103,6285,73.0
2021-03-25,1660852,122808272,74.5,73.2,74.0,0.6,1327,6285,73.6
2021-03-26,1445318,106885522,74.4,73.8,73.9,-0.1,1077,6285,74.3
2021-03-29,1310618,97219773,74.4,74.0,74.0,0.1,975,6285,74.1
2021-03-30,1231952,91408351,74.4,74.0,74.4,0.4,1014,6285,74.2
2021-03-31,1478948,110206618,74.8,74.2,74.5,0.1,1110,6285,74.2
2021-04-01,1124517,83815554,74.9,74.2,74.5,0.0,935,6285,74.6
2021-04-06,2177127,161614576,74.9,73.8,73.9,-0.6,1652,6285,74.9
2021-04-07,3061588,229918907,75.7,74.0,75.7,1.8,2106,6285,74.0
2021-04-08,2779177,210811657,76.2,75.1,75.8,0.1,1926,6285,76.1
2021-04-09,4082087,312773537,77.3,76.0,76.2,0.4,2823,6285,76.5
2021-04-12,2804023,213503079,76.7,75.6,75.8,-0.4,1785,6285,76.4
2021-04-13,2147049,162907056,76.4,74.8,74.8,-1.0,1519,6285,75.9
2021-04-14,2930016,218041185,75.7,73.3,74.7,-0.1,1785,6285,75.0
2021-04-15,4304416,317681424,74.3,73.3,73.7,-1.0,2834,6285,74.1
2021-04-16,3051794,229488591,76.2,74.3,75.0,1.3,2276,6285,74.5
2021-04-19,1630891,122420550,75.5,74.7,74.9,-0.1,1132,6285,75.5
2021-04-20,2371804,177243383,75.4,74.4,74.6,-0.3,1817,6285,74.9
2021-04-21,1422662,105780388,75.1,74.1,74.2,-0.4,1112,6285,74.6
2021-04-22,4886520,357722855,74.6,72.0,72.7,-1.5,4087,6285,74.6
2021-04-23,5151605,369379583,72.5,71.3,72.0,-0.7,3896,6285,72.2
2021-04-26,1931998,139685479,72.7,72.1,72.3,0.3,1004,6285,72.1
2021-04-27,5498042,409245013,75.5,72.4,75.1,2.8,3470,6285,72.8
2021-04-28,7503853,572697920,76.9,75.7,75.9,0.8,4722,6285,76.4
2021-04-29,2657214,198930213,76.3,74.2,74.4,-1.5,1845,6285,76.3
2021-05-03,2575443,187988225,74.6,72.1,72.2,-2.2,1886,6285,74.4
2021-05-04,3461830,244088462,72.3,68.6,70.7,-1.5,2559,6285,72.1
2021-05-05,1527187,107940089,71.4,70.0,70.1,-0.6,1218,6285,70.7
2021-05-06,4249368,293930126,70.2,68.3,68.8,-1.3,2678,6285,70.1
2021-05-07,1080975,75771550,70.5,69.5,70.4,1.6,856,6285,69.5
2021-05-10,1810396,124607295,70.3,68.8,69.0,-1.4,1397,6285,70.3
2021-05-11,3580551,239969897,68.9,65.8,66.7,-2.3,2748,6285,68.9
2021-05-12,5998254,377200408,65.7,60.2,62.2,-4.5,4270,6285,65.5
2021-05-13,3223584,198244643,63.8,58.8,63.8,1.6,2169,6285,60.4
2021-05-14,1898674,120467031,64.6,63.4,64.3,0.5,1317,6285,63.5
2021-05-17,2661692,162000545,62.5,59.3,61.0,-3.3,1848,6285,60.1
2021-05-18,1604869,100093076,63.3,60.6,63.1,2.1,1168,6285,62.0
2021-05-19,1411840,88500332,63.9,62.0,62.5,-0.6,1120,6285,63.1
2021-05-20,1381085,85456076,63.7,62.3,62.9,0.4,851,6285,62.6
2021-05-21,1148023,73641108,65.2,63.1,63.9,1.0,852,6285,63.7
2021-05-24,1005540,62241955,64.2,63.0,63.7,-0.2,631,6285,63.3
2021-05-25,1106452,71771950,65.2,64.1,65.0,1.3,959,6285,64.2
2021-05-26,707177,46268765,65.7,65.1,65.6,0.6,566,6285,65.5
2021-05-27,883051,57489264,65.7,64.7,65.6,0.0,707,6285,65.7
2021-05-28,851228,56349886,66.5,65.6,66.2,0.6,663,6285,65.6
2021-05-31,856646,56799053,66.6,66.0,66.2,0.0,626,6285,66.5
2021-06-01,1006560,67835379,68.0,66.3,67.5,1.3,807,6285,66.3
2021-06-02,1130754,75531146,67.9,66.2,66.9,-0.6,879,6285,67.7
2021-06-03,459981,30711760,67.2,66.5,66.6,-0.3,381,6285,67.0
2021-06-04,639706,42234727,66.9,65.7,65.9,-0.7,497,6285,66.9
2021-06-07,750239,49239056,66.5,64.5,66.0,0.1,566,6285,66.1
2021-06-08,189702,12568733,66.5,66.1,66.2,0.2,174,6285,66.5
2021-06-09,816817,54675482,67.5,66.3,66.5,0.3,623,6285,66.3
2021-06-10,2115166,145194628,69.4,66.6,69.4,2.9,1579,6285,67.3
2021-06-11,1724327,117968926,70.0,67.6,67.8,-1.6,1238,6285,70.0
2021-06-15,1140816,76449652,67.8,66.5,67.4,-0.4,988,6285,67.7
2021-06-16,809233,54532037,68.0,66.8,67.5,0.1,728,6285,67.4
2021-06-17,504605,34133203,68.2,67.0,67.9,0.4,487,6285,67.2
2021-06-18,1290005,87937385,68.6,67.5,68.6,0.7,873,6285,68.0
2021-06-21,1101443,74097748,68.5,66.8,67.0,-1.6,1022,6285,68.1
2021-06-22,759865,50845959,67.4,66.6,66.9,-0.1,688,6285,67.2
2021-06-23,1240914,84399973,68.4,67.0,68.3,1.4,1000,6285,67.0
2021-06-24,791721,54472102,69.1,68.4,68.9,0.6,646,6285,68.7
2021-06-25,2617746,183521454,70.8,69.4,70.3,1.4,1761,6285,69.6
2021-06-28,3149216,225294190,72.2,70.2,72.0,1.7,2469,6285,71.0
2021-06-29,13654451,1026516698,76.3,73.0,76.0,4.0,9577,6285,73.8
2021-06-30,7557035,574326098,77.1,75.0,76.0,0.0,5457,6285,76.9
2021-07-01,3799259,287846126,76.7,75.1,75.4,-0.6,2727,6285,75.5
2021-07-02,6205715,474651287,77.7,75.5,76.2,0.8,4410,6285,76.2
2021-07-05,5883431,452552308,77.5,76.4,76.8,0.6,3922,6285,76.9
2021-07-06,3266828,247664559,77.3,75.1,75.1,-1.7,2624,6285,77.0
2021-07-07,2845902,216247640,76.3,75.5,76.3,1.2,1848,6285,75.5
2021-07-08,3057665,233594187,77.2,75.7,75.7,-0.6,2239,6285,77.0
2021-07-09,3474286,258301076,75.0,73.9,74.8,-0.9,2330,6285,74.5
2021-07-12,3856676,287561264,75.5,73.8,74.7,-0.1,2049,6285,75.5
2021-07-13,13312635,1026984858,78.7,75.0,77.0,2.3,8639,6285,75.3
2021-07-14,20144259,1589503644,80.0,77.2,79.0,2.0,12726,6285,78.1
2021-07-15,12324460,978733104,80.4,78.3,78.8,-0.2,8582,6285,79.7
2021-07-16,10774827,862871879,81.0,78.5,79.8,1.0,6659,6285,78.6
2021-07-19,7790103,624468521,81.0,79.2,80.5,0.7,5274,6285,80.2
2021-07-20,7393697,585479625,80.2,78.1,79.1,-1.4,5392,6285,79.9
2021-07-21,8285323,644170009,79.8,76.1,76.9,-2.2,6490,6285,79.6
2021-07-22,5398523,424543648,79.5,77.4,79.1,2.2,3576,6285,77.5
2021-07-23,4012173,317641185,80.0,78.5,78.6,-0.5,2712,6285,79.1
2021-07-26,5105619,407078962,80.5,79.1,79.1,0.5,3239,6285,79.7
2021-07-27,3699262,288665342,79.2,77.5,77.6,-1.5,2719,6285,79.2
2021-07-28,4573207,345615583,77.6,74.1,76.1,-1.5,3028,6285,77.6
2021-07-29,3847888,293173587,77.4,75.6,76.0,-0.1,2786,6285,77.2
2021-07-30,2946264,219817343,75.5,73.6,74.2,0.0,1968,6285,74.0
2021-08-02,1467326,108665976,74.8,73.6,74.0,-0.2,1152,6285,74.6
2021-08-03,3286888,241081709,74.0,73.0,73.3,-0.7,2108,6285,73.8
2021-08-04,1544840,114945461,75.1,73.6,74.2,0.9,1192,6285,73.6
2021-08-05,1398847,103287464,74.8,73.3,73.3,-0.9,1014,6285,74.8
2021-08-06,2278745,165664759,73.4,72.4,72.5,-0.8,1920,6285,73.4
2021-08-09,2441702,176579365,73.1,71.7,72.0,-0.5,1563,6285,72.3
2021-08-10,1994396,142998363,72.9,70.7,72.9,0.9,1485,6285,71.7
2021-08-11,2155385,155195613,72.7,71.1,72.2,-0.7,1461,6285,72.6
2021-08-12,1603800,114489515,72.3,71.1,71.2,-1.0,1057,6285,72.2
2021-08-13,1519392,107498254,71.4,70.3,70.5,-0.7,1048,6285,71.0
2021-08-16,2611516,179823908,70.0,68.0,69.5,-1.0,1859,6285,70.0
2021-08-17,1283602,89339940,70.1,68.7,69.5,0.0,944,6285,69.6
2021-08-18,1270489,87730079,69.9,67.8,69.8,0.3,914,6285,67.8
2021-08-19,1270886,87295958,69.6,68.0,68.1,-1.7,978,6285,69.6
2021-08-20,1931199,131639787,69.4,67.6,67.8,-0.3,1375,6285,68.6
2021-08-23,1399233,97390564,70.5,68.2,70.5,2.7,1047,6285,68.5
2021-08-24,754975,53238344,71.5,70.0,70.0,-0.5,633,6285,70.5
2021-08-25,730964,51856816,71.3,70.4,71.0,1.0,555,6285,70.7
2021-08-26,592372,41896648,71.4,70.4,70.7,-0.3,439,6285,71.3
2021-08-27,775833,55181133,71.5,70.6,71.1,0.4,541,6285,71.1
2021-08-30,1595043,115202453,73.1,71.3,71.9,0.8,1194,6285,71.3
2021-08-31,1147844,83128816,73.1,71.8,72.4,0.5,916,6285,72.0
2021-09-01,1170090,83477767,72.5,70.8,71.4,-1.0,1068,6285,72.5
2021-09-02,833862,58976385,71.4,70.3,70.3,-1.1,699,6285,71.4
2021-09-03,622456,44125635,71.6,70.5,70.7,0.4,512,6285,70.6
2021-09-06,1025752,72617388,71.3,70.5,70.7,0.0,690,6285,71.1
2021-09-07,1367315,95802909,70.7,69.7,70.5,-0.2,887,6285,70.5
2021-09-08,1030355,71776034,70.5,69.3,69.3,-1.2,785,6285,70.1
2021-09-09,1001657,69118481,69.4,68.2,69.1,-0.2,686,6285,68.5
2021-09-10,637335,44587630,70.4,69.3,69.7,0.6,484,6285,69.3
2021-09-13,348003,24283648,70.1,69.5,69.9,0.2,266,6285,70.0
2021-09-14,794057,55920723,70.9,69.7,70.6,0.7,605,6285,70.1
2021-09-15,565050,39691184,70.8,70.0,70.1,-0.5,648,6285,70.8
2021-09-16,1139942,80781717,71.6,70.5,70.5,0.4,918,6285,70.8
2021-09-17,2278841,163800378,72.5,70.4,72.5,2.0,1817,6285,70.5
2021-09-22,7860232,582298894,75.0,71.1,74.9,2.4,5795,6285,71.6
2021-09-23,6030501,447485768,75.2,73.7,74.2,-0.7,4096,6285,75.0
2021-09-24,3918021,292049499,75.7,74.0,74.4,0.2,2838,6285,75.5
2021-09-27,7021574,530905885,77.3,74.2,74.3,-0.1,4822,6285,75.6
2021-09-28,4355805,318790874,74.7,72.3,72.9,-1.4,2911,6285,74.0
2021-09-29,2476401,178165434,72.5,71.5,72.1,-0.8,1717,6285,71.6
2021-09-30,1888143,137103409,73.2,71.5,73.1,1.0,1295,6285,72.3
2021-10-01,3021775,214528177,72.7,70.0,70.6,-2.5,2207,6285,72.5
2021-10-04,1643563,116444759,71.7,70.0,70.2,-0.4,1165,6285,71.3
2021-10-05,2018389,143711891,72.4,69.2,72.0,1.8,1345,6285,70.2
2021-10-06,1273490,90884665,72.5,70.5,70.8,-1.2,1120,6285,72.5
2021-10-07,2568683,187110768,73.7,71.4,73.5,2.7,1925,6285,71.4
2021-10-08,2230997,164427735,74.3,73.0,74.3,0.8,1547,6285,73.9
2021-10-12,2087318,149748140,72.8,70.6,71.1,-3.2,2108,6285,72.1
2021-10-13,1319187,93332483,71.9,70.0,70.4,-0.7,949,6285,71.6
2021-10-14,754765,53335637,71.3,70.1,70.7,0.3,545,6285,70.9
2021-10-15,752880,53447577,71.6,70.7,70.9,0.2,591,6285,71.4
2021-10-18,1565479,109822923,71.2,69.8,70.0,-0.9,1451,6285,71.2
2021-10-19,1396220,98082233,70.7,69.6,70.2,0.2,1042,6285,70.1
2021-10-20,1204956,84639476,70.8,70.0,70.2,0.0,837,6285,70.7
2021-10-21,2411350,172058208,72.5,70.4,70.5,0.3,1715,6285,70.6
2021-10-22,2065723,148545962,72.5,70.3,72.4,1.9,1568,6285,71.0
2021-10-25,6122820,455649441,75.1,72.9,74.9,2.5,4738,6285,72.9
2021-10-26,5148730,386844949,76.0,74.2,75.0,0.1,3315,6285,74.9
2021-10-27,11020468,844472904,77.5,75.4,77.3,2.3,7389,6285,75.4
2021-10-28,6687563,518025776,78.4,76.7,77.5,0.2,4360,6285,77.6
2021-10-29,6194401,481180151,78.3,76.8,77.5,0.0,5662,6285,78.0
2021-11-01,6512408,512198737,79.4,77.9,78.6,1.1,5650,6285,78.3
2021-11-02,6125744,474227216,79.3,75.2,76.0,-2.6,5190,6285,79.3
2021-11-03,15384618,1219677106,80.6,77.7,78.2,2.2,11735,6285,77.8
2021-11-04,11550179,918003286,80.4,77.5,79.9,1.7,9508,6285,78.2
2021-11-05,6580695,521608559,80.5,78.3,79.5,-0.4,5179,6285,80.1
2021-11-08,6665904,518146997,79.8,76.6,77.5,-2.0,4866,6285,79.8
2021-11-09,4427369,348063450,79.4,77.5,79.0,1.5,3234,6285,78.1
2021-11-10,3046165,238763709,79.3,77.6,78.8,-0.2,3392,6285,78.8
2021-11-11,11368204,863655188,77.9,74.6,74.9,-3.9,8500,6285,77.7
2021-11-12,4414298,328737502,75.4,73.5,74.5,-0.4,3268,6285,74.9
2021-11-15,4649398,350925287,76.5,74.2,75.7,1.2,3458,6285,75.0
2021-11-16,6139015,472829030,77.9,76.0,76.8,1.1,4627,6285,76.0
2021-11-17,2594078,197719323,77.5,75.7,75.8,-1.0,2002,6285,77.2
2021-11-18,2357271,179881326,76.9,75.5,76.1,0.3,1481,6285,76.0
2021-11-19,2016853,152468804,76.4,75.2,75.8,-0.3,1450,6285,76.1
2021-11-22,3548125,273328274,77.6,76.0,77.0,1.2,2450,6285,76.0
2021-11-23,2219277,167885800,76.5,74.9,75.1,-1.9,1831,6285,76.5
2021-11-24,1546027,115553832,75.6,74.3,75.2,0.1,1227,6285,75.1
2021-11-25,1531353,116183103,76.4,75.1,76.0,0.8,1024,6285,75.1
2021-11-26,2077232,155629118,76.0,74.5,75.0,-1.0,1485,6285,75.4
2021-11-29,2193624,162326034,74.8,72.8,74.6,-0.4,1605,6285,74.0
2021-11-30,1432968,107460793,75.6,74.3,74.3,-0.3,962,6285,74.8
2021-12-01,1557553,114954268,74.4,73.1,74.2,-0.1,1154,6285,74.1
2021-12-02,2584133,189660800,74.0,73.0,73.2,-1.0,1808,6285,73.9
2021-12-03,1721696,125982472,73.7,73.0,73.2,0.0,1244,6285,73.5
2021-12-06,1640097,119408290,73.3,72.3,72.9,-0.3,1353,6285,73.0
2021-12-07,1683878,123447945,74.0,72.8,72.9,0.0,1548,6285,72.9
2021-12-08,1053720,77323438,73.7,73.1,73.7,0.8,885,6285,73.7
2021-12-09,4424682,332673747,76.2,74.2,74.8,1.1,3019,6285,74.8
2021-12-10,1291139,96316652,75.0,74.2,75.0,0.2,1074,6285,74.8
2021-12-13,1571717,118376916,75.7,74.5,75.4,0.4,1178,6285,75.5
2021-12-14,6532188,499705480,77.3,75.8,76.2,0.8,5126,6285,75.8
2021-12-15,10446325,813653426,78.6,76.5,78.0,1.8,7853,6285,76.9
2021-12-16,5209231,405967410,79.0,77.1,77.3,-0.7,4738,6285,78.6
2021-12-17,3256405,247182339,77.2,75.1,75.5,-1.8,2543,6285,77.1
2021-12-20,2287453,171096574,75.4,74.3,74.8,-0.7,1496,6285,75.0
2021-12-21,1588460,118981100,75.6,74.4,75.1,0.3,1208,6285,75.3
2021-12-22,753507,56701983,75.5,75.0,75.1,0.0,670,6285,75.1
2021-12-23,1384558,103925591,75.5,74.6,75.3,0.2,1082,6285,75.3
2021-12-24,1451819,109781062,75.8,75.3,75.7,0.4,915,6285,75.6
2021-12-27,6209223,480869470,78.3,75.9,77.7,2.0,4426,6285,76.0
2021-12-28,5532721,428054941,78.3,76.7,76.8,-0.9,4513,6285,78.1
2021-12-29,1877158,144292653,77.4,76.5,77.3,0.5,1403,6285,76.9
2021-12-30,3449921,268649188,78.2,77.2,78.0,0.7,2373,6285,77.2
2022-01-03,1924991,149281346,78.6,77.0,77.0,-1.0,1698,6285,78.6
2022-01-04,2180443,166479849,77.3,75.9,76.0,-1.0,5522,6285,77.2
2022-01-05,2700342,204688122,76.7,75.3,75.6,-0.4,2154,6285,76.0
2022-01-06,1553180,117069557,76.0,75.0,75.2,-0.4,1234,6285,75.4
2022-01-07,2887924,215628367,75.8,74.1,74.1,-1.1,1730,6285,75.7
2022-01-10,1882573,140450483,75.3,74.2,74.4,0.3,1341,6285,75.1
2022-01-11,2148540,159235576,75.1,73.5,73.7,-0.7,1907,6285,75.0
2022-01-12,1300093,96234006,74.7,73.6,74.5,0.8,1122,6285,74.2
2022-01-13,1246777,92175375,74.5,73.5,74.4,-0.1,952,6285,74.5
2022-01-14,1836038,134941002,74.1,73.0,73.9,-0.5,1337,6285,73.9
2022-01-17,1303339,97223720,75.1,73.6,74.9,1.0,1191,6285,73.9
2022-01-18,840973,63302563,75.5,74.8,75.1,0.2,850,6285,75.2
2022-01-19,4930917,359388199,74.2,72.5,72.6,-2.5,3821,6285,74.1
2022-01-20,3350306,240601048,72.4,71.6,71.6,-1.0,2365,6285,72.3
2022-01-21,4077753,285962314,71.0,69.8,69.9,-1.7,3180,6285,70.8
2022-01-24,2190257,151192232,69.9,68.3,69.9,0.0,1657,6285,69.5
2022-01-25,1815910,127345968,70.7,69.7,70.0,0.1,1412,6285,69.9
2022-01-26,1115375,78131873,70.5,69.5,70.1,0.1,919,6285,70.0
2022-02-07,1308276,93324381,71.8,70.5,71.7,1.6,1216,6285,70.5
2022-02-08,1098824,79546342,72.7,71.3,72.6,0.9,1000,6285,71.5
2022-02-09,1383618,101403283,73.6,72.7,73.6,1.0,1188,6285,73.0
2022-02-10,1414864,104493463,74.4,73.4,73.9,0.3,1507,6285,73.8
2022-02-11,1263701,93088103,74.2,73.0,73.9,0.0,1066,6285,73.5
2022-02-14,1054562,76977688,73.4,72.6,73.1,-0.8,813,6285,73.1
2022-02-15,1006882,73291410,73.5,72.4,72.4,-0.7,1218,6285,73.1
2022-02-16,842466,61682783,73.5,72.8,73.3,0.9,699,6285,73.1
2022-02-17,944342,69456599,73.8,73.2,73.7,0.4,920,6285,73.5
2022-02-18,678792,50029395,74.0,73.1,73.8,0.1,741,6285,73.6
2022-02-21,729085,53244532,73.8,72.8,73.1,-0.7,634,6285,73.8
2022-02-22,1068300,77486692,73.3,72.1,72.7,-0.4,800,6285,73.3
2022-02-23,420116,30511010,73.1,72.3,72.5,-0.2,658,6285,72.9
2022-02-24,1822267,129259547,72.1,70.2,70.2,-2.3,1559,6285,72.1
2022-02-25,711621,50318815,71.1,70.3,70.6,0.4,874,6285,71.1
2022-03-01,604175,43344658,72.2,70.8,71.8,1.2,715,6285,71.4
2022-03-02,371288,26513914,71.8,71.2,71.4,-0.4,658,6285,71.8
2022-03-03,448026,31991112,71.9,71.2,71.4,0.0,563,6285,71.9
2022-03-04,819375,57947676,71.3,70.4,71.0,-0.4,709,6285,70.7
2022-03-07,1531281,105953809,70.4,68.5,69.3,-1.7,1102,6285,70.4
2022-03-08,2000054,136594073,69.4,67.6,67.8,-1.5,1643,6285,69.2
2022-03-09,824307,56629186,69.2,68.2,69.0,1.2,721,6285,68.5
2022-03-10,990721,69141239,70.2,69.5,69.9,0.9,756,6285,69.5
2022-03-11,482981,33844218,70.4,69.9,69.9,0.0,351,6285,70.1
2022-03-14,564845,39508898,70.3,69.6,69.9,0.0,467,6285,69.9
2022-03-15,1085971,74393029,69.9,68.1,68.1,-1.8,982,6285,69.9
2022-03-16,668658,45510123,68.9,67.5,68.2,0.1,593,6285,68.9
2022-03-17,602521,41933092,69.9,69.2,69.8,1.6,721,6285,69.2
2022-03-18,1225009,84442014,70.2,68.5,68.5,-1.3,670,6285,69.8
2022-03-21,849430,59363562,70.2,69.1,70.2,1.7,642,6285,69.1
2022-03-22,558151,39251034,70.6,70.1,70.5,0.3,435,6285,70.6
2022-03-23,777776,55088715,71.2,70.5,71.0,0.5,586,6285,70.9
2022-03-24,913376,64977227,71.8,70.6,71.5,0.5,647,6285,70.8
2022-03-25,1180772,84504764,72.2,70.8,71.5,0.0,909,6285,71.9
2022-03-28,500068,35380800,71.1,70.3,71.0,-0.5,409,6285,71.1
2022-03-29,373542,26518937,71.7,70.5,70.9,-0.1,313,6285,71.1
2022-03-30,1487456,107080460,72.5,71.2,71.8,0.9,1282,6285,71.3
2022-03-31,368991,26438603,72.1,71.3,71.6,-0.2,324,6285,71.8
2022-04-01,494087,35341186,72.0,70.8,71.9,0.3,446,6285,71.5
2022-04-06,392147,28110093,72.1,70.9,71.8,-0.1,349,6285,70.9
2022-04-07,684406,48874671,72.2,70.7,70.8,-1.0,706,6285,71.5
2022-04-08,1817427,131920749,73.3,71.2,72.1,1.3,1452,6285,71.2
2022-04-11,1630495,118579135,74.0,71.8,71.8,-0.3,1631,6285,74.0
2022-04-12,778929,55667402,72.4,71.0,71.3,-0.5,1175,6285,71.2
2022-04-13,592092,42526672,72.3,71.5,71.7,0.4,568,6285,72.3
2022-04-14,1153121,83477314,73.0,71.4,72.7,1.0,837,6285,71.4
2022-04-15,1012693,72211319,72.5,70.6,71.1,-1.6,1134,6285,72.5
2022-04-18,842636,60225606,72.2,70.6,71.7,0.6,627,6285,71.1
2022-04-19,692268,49873764,72.5,71.6,71.9,0.2,570,6285,71.6
2022-04-20,3632105,267084181,74.1,72.6,74.1,2.2,2500,6285,72.6
2022-04-21,5008370,376366333,75.9,73.8,75.9,1.8,3681,6285,74.1
2022-04-22,8345374,638777982,77.2,74.9,77.1,1.2,5631,6285,75.7
2022-04-25,6185134,472191240,77.3,74.9,76.9,-0.2,5253,6285,76.5
2022-04-26,14602872,1130421971,78.5,76.1,76.3,-0.6,10514,6285,77.4
2022-04-27,9075967,685704225,77.0,74.3,75.0,-1.3,7992,6285,74.9
2022-04-28,8036618,609722905,76.7,75.0,75.6,0.6,4516,6285,75.7
2022-04-29,7535436,580162631,77.5,76.2,76.7,1.1,5369,6285,76.9
2022-05-03,5445515,417397714,77.8,75.7,76.0,-0.7,3336,6285,77.0
2022-05-04,2752815,208892031,76.8,75.2,75.2,-0.8,2133,6285,76.5
2022-05-05,13976803,1011163405,75.4,70.1,70.1,-5.1,10338,6285,75.2
2022-05-06,11371741,754773580,67.7,65.3,65.6,-4.5,7988,6285,67.6
2022-05-09,5772278,368730288,65.2,62.5,63.0,-2.6,4062,6285,64.2
2022-05-10,6287592,389205781,63.0,60.7,62.7,-0.3,4090,6285,62.3
2022-05-11,4120150,260088513,64.4,62.0,62.8,0.1,2849,6285,62.7
2022-05-12,3950876,252975478,64.9,62.0,63.8,1.0,3177,6285,62.0
2022-05-13,2500418,161304946,65.2,63.5,64.9,1.1,1919,6285,64.3
2022-05-16,2051073,131795303,65.5,63.7,63.9,-1.0,1471,6285,65.4
2022-05-17,2184663,139225138,64.8,63.3,63.5,-0.4,1364,6285,64.0
2022-05-18,3706323,234799303,64.3,62.9,63.8,0.3,2352,6285,64.0
2022-05-19,1629421,102532306,63.5,62.3,63.2,-0.6,1271,6285,62.5
2022-05-20,2134852,133703660,63.6,62.3,62.5,-0.7,1630,6285,63.5
2022-05-23,2105505,133518177,64.0,62.5,63.7,1.2,1415,6285,63.0
2022-05-24,1376419,86706733,64.1,62.5,62.5,-1.2,1075,6285,63.7
2022-05-25,800941,50285234,63.1,62.4,62.9,0.4,639,6285,62.6
2022-05-26,1108797,69480224,63.4,62.2,62.3,-0.6,856,6285,63.4
2022-05-27,679389,42860634,63.4,62.7,63.1,0.8,555,6285,62.8
2022-05-30,1426476,91403996,64.4,63.5,64.2,1.1,1028,6285,63.5
2022-05-31,1278140,82499415,64.9,64.0,64.8,0.6,1012,6285,64.3
2022-06-01,1243366,80015323,65.0,64.0,64.3,-0.5,1011,6285,64.4
2022-06-02,1129314,72721439,64.8,64.0,64.6,0.3,908,6285,64.2
2022-06-06,1461943,95073289,65.4,64.2,65.3,0.7,1077,6285,65.0
2022-06-07,1409146,91087986,65.2,64.2,64.6,-0.7,1058,6285,65.2
2022-06-08,1419857,92357222,65.5,64.6,65.1,0.5,973,6285,65.0
2022-06-09,2874697,191036576,67.0,65.8,66.9,1.8,2104,6285,66.3
2022-06-10,1771259,118690789,67.5,66.1,66.9,0.0,1412,6285,66.2
2022-06-13,1300033,85591638,66.2,65.6,65.6,-1.3,1077,6285,65.8
2022-06-14,2146754,143165234,67.4,65.6,67.3,1.7,1665,6285,65.6
2022-06-15,4140645,283206986,68.9,67.7,68.5,1.2,3265,6285,67.8
2022-06-16,4669107,323940588,70.5,67.8,67.8,-0.7,3702,6285,69.6
2022-06-17,2158699,145821735,68.3,66.5,67.6,-0.2,1572,6285,67.8
2022-06-20,1371603,91909138,68.3,66.1,66.1,-1.5,1144,6285,68.0
2022-06-21,1557266,105390548,68.5,66.5,68.5,2.4,1228,6285,66.7
2022-06-22,2659005,182508627,69.4,67.5,68.4,-0.1,2015,6285,67.5
2022-06-23,2267216,156324627,69.4,68.3,69.2,0.8,1705,6285,68.8
2022-06-24,5571891,393989810,71.8,69.4,69.9,0.7,4842,6285,71.0
2022-06-27,2485188,174312795,71.1,69.3,70.3,0.4,1876,6285,70.5
2022-06-28,2276973,160870856,71.2,69.9,70.6,0.3,1437,6285,70.0
2022-06-29,1254199,88256414,71.3,69.7,70.4,-0.2,1021,6285,70.7
2022-06-30,1967280,136194430,70.6,68.6,69.2,-1.2,1954,6285,70.4
2022-07-01,3146851,207115054,69.2,63.8,63.8,-5.4,3863,6285,69.2
2022-07-04,2069147,130805293,65.4,62.2,62.5,-1.3,1581,6285,63.8
2022-07-05,1048777,66201187,63.7,62.4,63.7,1.2,697,6285,63.6
2022-07-06,1961298,126879725,65.7,63.5,64.6,0.9,1328,6285,63.7
2022-07-07,2737403,185502763,69.0,64.8,68.9,4.3,2024,6285,65.4
2022-07-08,3270146,228616911,71.0,69.1,69.2,0.3,2135,6285,69.3
2022-07-11,2044873,142624662,70.8,68.5,68.6,-0.6,1299,6285,70.5
2022-07-12,2364528,159305046,68.6,66.8,67.2,-1.4,1615,6285,68.5
2022-07-13,2953969,194107600,66.5,65.0,65.7,0.0,2187,6285,66.0
2022-07-14,5163448,358359990,70.8,65.1,70.2,4.5,3625,6285,65.7
2022-07-15,7454174,530397378,73.5,69.2,69.9,-0.3,6064,6285,70.6
2022-07-18,4423172,315707212,72.1,70.1,71.9,2.0,2865,6285,70.5
2022-07-19,1946590,139466658,72.3,71.1,72.0,0.1,1690,6285,71.9
2022-07-20,3427796,248805994,73.5,71.8,72.6,0.6,2928,6285,72.8
2022-07-21,2957413,213348344,72.9,70.8,72.9,0.3,2609,6285,72.8
2022-07-22,1944010,140929904,72.9,72.1,72.5,-0.4,1726,6285,72.6
2022-07-25,1416740,102779917,72.9,72.1,72.7,0.2,1380,6285,72.5
2022-07-26,1880522,135972193,72.7,71.5,72.7,0.0,1474,6285,72.7
2022-07-27,3487842,255034620,73.9,72.6,73.5,0.8,2247,6285,72.7
2022-07-28,2134886,156905420,74.0,73.0,73.4,-0.1,1929,6285,74.0
2022-07-29,3420606,254581280,75.0,73.4,75.0,1.6,2152,6285,74.0
2022-08-01,1280083,95363321,75.3,74.0,74.4,-0.6,1732,6285,74.9
2022-08-02,2566258,189608370,74.9,72.6,73.9,-0.5,1999,6285,73.5
2022-08-03,1445136,105974817,74.2,72.8,72.9,-1.0,1659,6285,74.0
2022-08-04,22631533,1712428979,76.5,74.5,76.2,3.3,11623,6285,75.5
2022-08-05,20965392,1633919970,79.6,75.7,79.0,2.8,12160,6285,76.6
2022-08-08,15873329,1274359614,81.0,78.6,80.9,1.9,9736,6285,79.0
2022-08-09,9757973,789454696,81.3,80.5,81.0,0.1,5480,6285,81.2
2022-08-10,18191707,1499806193,84.9,81.1,82.2,1.2,14120,6285,81.4
2022-08-11,14247220,1165427860,84.1,80.5,81.5,-0.7,12792,6285,83.4
2022-08-12,5313335,432706943,82.4,80.8,81.3,-0.2,5114,6285,82.0
2022-08-15,4690921,378608884,81.4,80.1,80.9,-0.4,3479,6285,81.4
2022-08-16,3484051,282302904,81.7,80.4,81.2,0.3,2553,6285,81.3
2022-08-17,4488166,367674777,82.4,81.1,82.4,1.2,2970,6285,81.2
2022-08-18,8883240,740712376,84.2,81.6,84.2,1.8,5632,6285,82.4
2022-08-19,6001460,500177808,84.7,82.2,82.2,-2.0,5403,6285,84.5
2022-08-22,4119248,333931750,82.2,80.6,81.3,-0.9,3059,6285,81.6
2022-08-23,2737042,220594049,81.0,80.2,80.6,-0.7,2071,6285,80.9
2022-08-24,3965173,323875956,82.2,80.7,82.2,1.6,2786,6285,81.1
2022-08-25,9286311,783509463,85.0,82.6,84.7,2.5,6407,6285,82.9
2022-08-26,6191099,522872620,85.5,83.7,83.8,-0.9,5351,6285,85.3
2022-08-29,3533782,288760754,83.0,80.2,82.6,-1.2,3083,6285,80.4
2022-08-30,3460946,291084454,84.8,82.7,84.4,1.8,2411,6285,82.7
2022-08-31,3154483,267047936,85.0,83.8,85.0,0.6,2196,6285,84.1
2022-09-01,3574535,299778838,85.0,83.2,83.8,-1.2,4367,6285,85.0
2022-09-02,2303118,193836133,85.1,83.5,83.5,-0.3,2497,6285,84.2
2022-09-05,3576450,301154479,85.5,82.7,82.8,-0.7,5420,6285,84.5
2022-09-06,2625748,214890002,84.1,80.7,81.3,-1.5,4992,6285,83.7
2022-09-07,4064692,334734926,83.2,80.7,83.0,1.7,3138,6285,81.0
2022-09-08,3516613,294916053,85.0,82.8,83.2,0.2,4068,6285,83.8
2022-09-12,16641960,1454713777,89.6,84.5,89.1,5.9,12849,6285,85.0
2022-09-13,16225470,1407365758,89.8,85.6,85.9,-3.2,19306,6285,89.7
2022-09-14,5980104,504801090,85.4,83.3,85.0,-0.9,5118,6285,83.8
2022-09-15,6034386,514252926,86.4,83.8,84.2,-0.8,4573,6285,85.2
2022-09-16,3361603,282660682,84.8,83.6,83.7,-0.5,2738,6285,84.2
2022-09-19,4048885,332765600,83.7,81.1,82.6,-1.1,3158,6285,83.5
2022-09-20,6508709,551779643,85.8,83.0,85.6,3.0,4486,6285,83.0
2022-09-21,3301060,279327848,85.8,84.0,84.3,-1.3,3422,6285,85.1
2022-09-22,6765957,578839668,86.8,82.6,86.8,2.5,4717,6285,83.5
2022-09-23,6003409,505557733,86.8,82.6,83.2,-3.6,10927,6285,86.8
2022-09-26,5167580,419880033,82.8,80.2,80.4,-2.8,4828,6285,82.3
2022-09-27,10813464,913385398,86.2,81.4,86.1,5.7,7617,6285,81.4
2022-09-28,9391173,775160616,86.3,80.5,81.0,-5.1,11237,6285,86.3
2022-09-29,6721805,558271517,84.9,81.2,82.1,1.1,4656,6285,83.0
2022-09-30,5083842,410177935,82.4,78.4,81.8,-0.3,4164,6285,80.7
2022-10-03,2526008,206725542,82.6,80.6,82.0,0.2,1881,6285,80.9
2022-10-04,5528646,467050146,85.2,83.2,84.8,2.8,4062,6285,83.2
2022-10-05,12468362,1088624014,89.2,84.6,87.0,2.2,9847,6285,86.0
2022-10-06,5769429,503902968,88.6,86.1,87.5,0.5,7198,6285,88.4
2022-10-07,4366791,382294457,88.2,86.8,87.6,0.1,4667,6285,87.2
2022-10-11,6060060,516693572,86.9,84.0,85.0,-2.6,6761,6285,86.5
2022-10-12,5186264,442883747,86.4,83.3,86.4,1.4,4841,6285,85.5
2022-10-13,5982549,506976998,87.5,82.5,83.4,-3.0,6946,6285,86.5
2022-10-14,17225071,1518136521,91.5,86.0,87.6,4.2,11570,6285,86.0
2022-10-17,9425867,788033799,86.5,81.2,85.0,-2.6,10123,6285,86.5
2022-10-18,7342748,625896144,87.3,83.3,84.7,-0.3,5759,6285,86.9
2022-10-19,3430574,290256065,85.7,83.8,84.0,-0.7,2720,6285,84.9
2022-10-20,7396780,625872329,85.6,82.5,85.0,1.0,5360,6285,83.4
2022-10-21,7706427,635205179,84.3,81.2,81.8,-3.2,7166,6285,84.2
2022-10-24,4051462,339646940,84.9,83.0,83.3,1.5,2761,6285,83.0
2022-10-25,8969334,726695021,83.7,79.0,81.4,-1.9,7207,6285,83.6
2022-10-26,6360295,515341638,82.3,79.3,81.8,0.4,4889,6285,82.0
2022-10-27,3848886,320410269,84.1,81.8,84.1,2.3,2806,6285,81.9
2022-10-28,3125099,256782756,83.7,81.2,81.5,-2.6,3278,6285,83.0
2022-10-31,3077204,256300177,83.7,82.5,83.7,2.2,2017,6285,82.7
2022-11-01,2620970,220489738,84.5,82.8,84.3,0.6,2060,6285,82.8
2022-11-02,1672364,140495828,84.5,83.5,84.0,-0.3,1792,6285,84.0
2022-11-03,18965375,1625294281,88.5,83.4,83.7,-0.3,13883,6285,85.2
2022-11-04,4547498,379500677,84.6,82.6,83.7,0.0,3189,6285,83.5
2022-11-07,8489682,724620440,86.8,83.7,85.4,1.7,5480,6285,84.0
2022-11-08,7006381,589456391,86.3,82.6,82.8,-2.6,5702,6285,86.3
2022-11-09,9978929,849094374,86.5,84.1,84.6,1.8,6647,6285,84.9
2022-11-10,43110348,3797176614,93.0,84.6,84.6,0.0,23770,6285,85.1
2022-11-11,25211254,2126713905,87.1,82.5,82.6,-2.0,15757,6285,86.6
2022-11-14,8509499,704438521,83.7,81.6,82.4,-0.2,5663,6285,82.1
2022-11-15,7320778,600291928,82.6,81.6,81.8,-0.6,4682,6285,82.5
2022-11-16,8832867,717377653,82.2,80.1,81.0,-0.8,5859,6285,81.5
2022-11-17,6673780,549049355,83.2,81.7,82.3,1.3,4516,6285,81.7
2022-11-18,5380161,445216186,83.6,82.0,82.1,-0.2,3583,6285,82.5
2022-11-21,3501158,290425815,83.5,82.4,82.7,0.6,2415,6285,82.4
2022-11-22,5284819,436202491,83.5,81.4,82.9,0.2,3442,6285,83.3
2022-11-23,12351604,1049195125,86.0,83.4,86.0,3.1,8133,6285,83.7
2022-11-24,8266345,706158234,86.5,84.8,85.5,-0.5,7061,6285,86.3
2022-11-25,6554554,557270474,86.2,83.9,84.0,-1.5,4464,6285,85.1
2022-11-28,3301182,279676045,85.3,83.2,84.7,0.7,2170,6285,83.9
2022-11-29,8062019,692575032,86.5,84.9,85.7,1.0,5184,6285,85.0
2022-11-30,7842913,676263875,87.0,85.2,86.3,0.6,4919,6285,85.2
2022-12-01,28622945,2586954598,93.3,86.8,92.1,5.8,18118,6285,87.4
2022-12-02,10749245,990075311,93.7,90.9,92.2,0.1,8645,6285,92.0
2022-12-05,14996130,1396088224,95.5,90.9,91.6,-0.6,14628,6285,92.6
2022-12-06,9193375,829738959,92.1,89.1,89.6,-2.0,7277,6285,91.2
2022-12-07,8837047,779019341,90.0,86.7,88.1,-1.5,6303,6285,89.6
2022-12-08,4974567,440717832,89.8,87.1,89.8,1.7,3444,6285,88.1
2022-12-09,10901435,949302062,88.7,86.0,86.7,-3.1,7745,6285,88.6
2022-12-12,2580180,224034765,87.3,86.1,87.1,0.4,1854,6285,86.7
2022-12-13,4823051,414314951,87.7,85.0,85.0,-2.1,3814,6285,87.2
2022-12-14,3051217,262704646,86.6,85.3,86.4,1.4,1881,6285,85.5
2022-12-15,2586100,224385546,87.2,85.8,86.9,0.5,1760,6285,86.4
2022-12-16,3732345,317660124,85.8,84.5,84.8,-2.1,2826,6285,85.2
2022-12-19,2446779,205407359,84.6,83.5,83.9,-0.9,1792,6285,84.6
2022-12-20,4542192,376412913,84.8,81.6,81.6,-2.3,3209,6285,84.1
2022-12-21,3888991,320914274,83.1,82.1,82.5,0.9,2180,6285,82.1
2022-12-22,1950522,161781760,83.5,82.5,82.7,0.2,1506,6285,83.5
2022-12-23,4231603,343068665,81.9,80.7,80.8,-1.9,2964,6285,81.7
2022-12-26,2840715,230040415,81.7,80.2,81.0,0.2,1736,6285,81.0
2022-12-27,2053444,166420777,81.7,80.5,80.7,-0.3,1592,6285,81.7
2022-12-28,6908118,542666488,80.5,77.5,78.3,-2.4,5199,6285,80.4
2022-12-29,4265601,331041441,78.5,77.2,77.7,-0.6,2963,6285,77.8
2022-12-30,2486219,195935483,79.5,78.3,78.4,0.7,1794,6285,78.9
2023-01-03,1489417,117595049,79.5,78.0,78.9,0.5,1272,6285,78.6
2023-01-04,3042817,245090805,81.4,79.3,80.4,1.5,2444,6285,79.5
2023-01-05,2601978,208499159,81.4,79.3,79.6,-0.8,1929,6285,81.2
2023-01-06,2813528,226976343,81.0,80.0,81.0,1.4,1464,6285,80.1
2023-01-09,4534146,370896835,82.7,81.0,81.2,0.2,2674,6285,82.6
2023-01-10,2338919,190280469,82.4,80.5,80.9,-0.3,1761,6285,81.9
2023-01-11,2068081,169086164,82.2,81.0,81.8,0.9,1555,6285,81.3
2023-01-12,1788732,146867345,82.4,81.8,82.0,0.2,1656,6285,82.2
2023-01-13,1525129,124642580,82.7,81.2,81.2,-0.8,1115,6285,82.6
2023-01-16,1095593,89351687,81.9,81.1,81.9,0.7,744,6285,81.1
2023-01-17,953044,77924602,82.1,81.4,81.6,-0.3,770,6285,81.6
2023-01-30,3533446,291004248,83.5,82.0,82.2,0.6,2080,6285,83.2
2023-01-31,4732101,386839857,82.6,81.2,81.6,-0.6,2853,6285,82.2
2023-02-01,6805194,564088682,84.1,81.7,83.5,1.9,5200,6285,82.3
2023-02-02,6747186,569816557,85.5,83.0,85.5,2.0,4828,6285,83.8
2023-02-03,4803286,410006034,85.9,84.5,85.3,-0.2,3237,6285,85.3
2023-02-06,2283070,195016676,85.8,84.8,85.5,0.2,1900,6285,85.0
2023-02-07,4142255,355633458,86.4,85.3,86.0,0.5,2790,6285,85.5
2023-02-08,2945185,254020685,86.7,85.6,85.7,-0.3,1993,6285,86.7
2023-02-09,2541080,216655991,86.0,84.8,85.2,-0.5,1956,6285,86.0
2023-02-10,4860404,406445915,85.2,82.8,83.3,-1.9,3367,6285,85.1
2023-02-13,4563317,390229536,86.4,83.3,86.2,2.9,3602,6285,83.5
2023-02-14,6096661,529285370,87.6,85.7,86.7,0.5,4122,6285,86.6
2023-02-15,4838269,418561286,87.6,85.6,86.3,-0.4,3441,6285,87.0
2023-02-16,4773836,417816177,88.1,86.9,87.6,1.3,3436,6285,87.5
2023-02-17,2477078,216757453,87.9,86.8,87.6,0.0,2079,6285,86.9
2023-02-20,5034348,436960794,88.1,86.3,86.3,-1.3,3711,6285,87.7
2023-02-21,6120299,521793434,86.6,84.8,85.2,-1.1,4427,6285,86.3
2023-02-22,4499008,378433724,84.8,83.6,84.2,-1.0,3514,6285,84.5
2023-02-23,4393221,369525677,84.6,83.7,84.3,0.1,3325,6285,84.4
2023-02-24,4347262,368674135,85.8,84.1,84.4,0.1,3419,6285,84.9
2023-03-01,5461996,454360014,84.6,82.0,84.3,-0.1,4119,6285,83.3
2023-03-02,2075271,175801835,85.2,84.4,84.5,0.2,1623,6285,84.6
2023-03-03,2156394,183608285,85.5,84.7,85.0,0.5,1641,6285,84.7
2023-03-06,5608461,488092269,87.7,85.6,87.3,2.3,4066,6285,85.6
2023-03-07,10824795,963880109,90.3,87.3,89.4,2.1,7534,6285,87.4
2023-03-08,8028223,717416390,90.5,88.7,88.7,-0.7,5631,6285,89.3
2023-03-09,7204273,645230370,90.9,88.4,88.4,-0.3,5206,6285,90.3
2023-03-10,5145907,449167765,88.6,86.4,86.5,-1.9,4291,6285,88.0
2023-03-13,5056106,439827284,88.3,85.1,88.2,1.7,3574,6285,86.7
2023-03-14,3049201,267524804,88.6,87.0,87.8,-0.4,2043,6285,87.3
2023-03-15,4134296,366927514,89.1,88.3,88.5,0.7,3009,6285,88.5
2023-03-16,4872774,423581725,88.6,85.4,86.0,-2.5,4839,6285,88.0
2023-03-17,2335660,202607910,87.1,86.3,86.6,0.6,1619,6285,86.6
2023-03-20,1374527,119469354,87.4,86.2,87.1,0.5,1124,6285,87.0
2023-03-21,1858196,163326419,88.2,87.5,88.0,0.9,1716,6285,87.5
2023-03-22,2431226,215127816,88.7,88.2,88.5,0.5,1547,6285,88.5
2023-03-23,3228285,287508363,89.6,87.8,89.6,1.1,2208,6285,88.0
2023-03-24,3701945,332893852,90.5,89.5,89.6,0.0,2691,6285,90.1
2023-03-27,10977485,1006030192,92.8,89.7,92.8,3.2,8884,6285,90.0
2023-03-28,13668080,1264107815,94.9,90.8,91.7,-1.1,12860,6285,93.0
2023-03-29,9118999,852840173,94.6,91.8,94.4,2.7,7348,6285,92.0
2023-03-30,37412490,3767949080,103.5,95.6,103.5,9.1,22277,6285,95.6
2023-03-31,23426435,2418298080,104.5,100.0,103.5,0.0,19792,6285,103.5
2023-04-06,14342912,1455899698,104.5,99.9,101.0,-2.5,10246,6285,104.5
2023-04-07,5051734,507652207,101.5,99.9,99.9,-1.1,3253,6285,101.5
2023-04-10,14877725,1480953664,102.0,97.4,99.3,-0.6,9207,6285,102.0
2023-04-11,8621674,852914223,100.5,98.1,98.4,-0.9,6460,6285,99.7
2023-04-12,5998159,588535707,98.7,97.6,98.5,0.1,4641,6285,98.5
2023-04-13,8153521,787094635,98.1,95.9,95.9,-2.6,6511,6285,98.1
2023-04-14,17163099,1700132371,100.5,96.3,99.2,3.3,11391,6285,96.5
2023-04-17,13817981,1373048241,101.5,98.3,98.6,-0.6,9282,6285,98.9
2023-04-18,8205141,811928434,100.5,97.5,97.7,-0.9,5911,6285,99.1
2023-04-19,12608724,1260900550,101.0,97.9,100.5,2.8,8450,6285,98.0
2023-04-20,12180311,1192548724,99.9,96.6,97.1,-3.4,8831,6285,99.6
2023-04-21,12716358,1197363254,97.7,92.2,92.5,-4.6,9559,6285,97.2
2023-04-24,4736260,437062122,93.2,91.3,92.3,-0.2,3621,6285,92.5
2023-04-25,7172409,649327747,92.9,89.7,90.0,-2.3,5435,6285,92.7
2023-04-26,4654433,423091787,92.0,89.8,91.3,1.3,3258,6285,89.9
2023-04-27,4749385,429076664,91.5,88.4,90.9,-0.4,3300,6285,91.0
2023-04-28,4523708,418037693,93.0,91.5,92.4,1.5,2864,6285,92.0
2023-05-02,6236419,592283033,96.3,92.6,94.9,2.5,4428,6285,92.9
2023-05-03,4715267,448995127,96.2,94.0,94.7,-0.2,3843,6285,94.3
2023-05-04,5213921,492587607,95.7,92.9,95.6,0.9,3886,6285,94.9
2023-05-05,3459615,330040193,96.0,94.7,95.3,-0.3,2266,6285,95.2
2023-05-08,3940020,380036949,97.1,95.5,97.0,1.7,2808,6285,95.6
2023-05-09,5156443,493667771,96.6,94.9,95.8,-1.2,3648,6285,96.2
2023-05-10,6541876,628256982,97.5,95.1,95.3,-0.5,4706,6285,96.5
2023-05-11,31062821,2717795532,94.2,85.8,85.8,-9.5,19553,6285,94.1
2023-05-12,21214158,1765478121,85.0,81.9,84.1,-1.7,13012,6285,84.0
2023-05-15,4553246,382640111,84.6,83.0,84.4,0.3,3249,6285,83.0
2023-05-16,6062520,521807816,86.7,84.9,86.6,2.2,4305,6285,84.9
2023-05-17,16342026,1375626784,85.7,83.6,84.1,-2.5,11196,6285,85.6
2023-05-18,11168343,943213991,85.1,83.9,84.3,0.2,6430,6285,84.6
2023-05-19,6029831,508857300,84.9,84.1,84.1,-0.2,4342,6285,84.7
2023-05-22,4510272,382501528,85.3,83.9,85.2,1.1,3318,6285,84.1
2023-05-23,7246840,617205793,85.7,84.6,84.8,-0.4,5403,6285,85.5
2023-05-24,4301394,365784543,85.7,84.5,85.4,0.6,3172,6285,84.8
2023-05-25,6153641,524630889,86.0,84.6,85.5,0.1,4263,6285,85.6
2023-05-26,6502942,558857666,86.6,85.3,86.0,0.5,4376,6285,85.6
2023-05-29,6659548,581554497,87.8,86.6,87.5,1.5,4520,6285,86.7
2023-05-30,5616365,491118142,88.3,86.7,87.3,-0.2,4329,6285,87.7
2023-05-31,6283445,552749770,88.8,87.5,87.5,0.2,3701,6285,87.7
2023-06-01,3675551,324236586,88.6,87.4,88.3,0.8,3097,6285,88.1
2023-06-02,9303484,820773013,88.8,87.0,88.5,0.2,7339,6285,88.4
2023-06-05,5089987,451077185,89.2,88.2,88.5,0.0,4221,6285,88.8
2023-06-06,6159242,539517822,88.9,87.2,87.4,-1.1,4507,6285,88.7
2023-06-07,8619170,769775984,90.6,87.7,90.1,2.7,5688,6285,88.0
2023-06-08,20949328,1920125275,93.7,90.0,90.0,-0.1,13706,6285,92.8
2023-06-09,9568792,868645327,92.0,90.1,90.3,0.3,6814,6285,91.5
2023-06-12,8940196,818157016,92.9,90.3,91.0,0.7,5746,6285,91.0
2023-06-13,8313050,759984548,92.2,90.5,91.8,0.8,5439,6285,91.8
2023-06-14,6328486,583554562,92.7,91.6,92.5,0.7,3854,6285,92.0
2023-06-15,6131348,567437898,93.2,92.0,92.6,0.1,4254,6285,93.1
2023-06-16,9028347,845523136,94.4,92.3,94.0,1.4,5682,6285,93.1
2023-06-19,13180304,1258301878,96.7,94.5,95.6,1.6,9033,6285,95.0
2023-06-20,7206692,682683950,96.1,93.6,95.1,-0.5,6221,6285,95.7
2023-06-21,7398420,698374938,95.2,93.8,94.2,-0.9,6051,6285,95.2
2023-06-26,3918654,367070863,94.4,93.1,93.3,-0.9,3448,6285,94.1
2023-06-27,6896799,641407445,93.9,92.3,92.6,-0.7,4675,6285,93.4
2023-06-28,19977823,1912065279,97.4,94.0,94.3,1.7,12989,6285,94.0
2023-06-29,21093375,2045481839,98.4,95.2,96.5,2.2,13404,6285,95.3
2023-06-30,11405656,1092013230,97.5,94.8,95.3,-1.2,7409,6285,97.0
2023-07-03,28247246,2833911717,104.0,95.9,102.5,7.2,19089,6285,96.4
2023-07-04,18786860,1902878395,103.5,99.0,103.5,1.0,11975,6285,102.0
2023-07-05,38955425,4196516177,111.0,105.0,106.0,2.5,23149,6285,106.0
2023-07-06,22239847,2392012664,109.0,105.0,107.5,1.5,14445,6285,106.0
2023-07-07,21436833,2318092501,109.5,107.0,107.0,-0.5,13472,6285,109.0
2023-07-10,37750424,4238480282,116.5,108.0,113.0,6.0,23835,6285,109.0
2023-07-11,39552875,4706388060,122.5,116.0,121.0,8.0,24893,6285,116.0
2023-07-12,33154375,3854308629,120.0,113.5,116.0,0.0,21222,6285,118.0
2023-07-13,40209467,4770764208,123.0,115.5,115.5,-0.5,24033,6285,118.5
2023-07-14,21429482,2505788494,119.5,114.0,117.0,1.5,13669,6285,118.5
2023-07-17,21391944,2518834336,120.0,115.0,118.0,1.0,13448,6285,117.0
2023-07-18,39356053,4729550272,124.5,117.0,117.0,-1.0,25268,6285,120.5
2023-07-19,29255748,3303062516,119.0,109.5,110.0,-7.0,18835,6285,118.0
2023-07-20,12665288,1400875560,113.0,109.0,109.0,-1.0,8951,6285,112.5
2023-07-21,13798987,1489690021,110.0,106.0,109.0,0.0,9067,6285,106.5
2023-07-24,13261495,1483884493,114.0,108.5,112.0,3.0,9131,6285,111.0
2023-07-25,12801580,1409365029,113.5,108.5,109.0,-3.0,8444,6285,113.0
2023-07-26,7580117,818681800,110.0,106.5,107.5,-1.5,4987,6285,109.0
2023-07-27,5626527,609478145,109.5,107.0,108.0,0.5,4135,6285,108.5
2023-07-28,4896735,531516100,109.5,107.0,109.5,1.5,3413,6285,108.5
2023-07-31,31283999,3539680859,116.5,109.0,111.5,2.0,19572,6285,112.0
2023-08-01,51192941,6064666684,121.5,115.0,120.0,8.5,31605,6285,116.5
2023-08-02,41384146,4814381210,122.5,111.0,113.5,-6.5,30435,6285,120.0
2023-08-04,20041983,2336722861,118.5,112.0,118.0,4.5,13166,6285,113.0
2023-08-07,19711448,2344962466,121.0,116.0,120.5,2.5,13980,6285,120.0
2023-08-08,22487540,2694885369,123.5,118.0,118.0,-2.5,14302,6285,121.0
2023-08-09,11755090,1383462060,120.0,115.5,118.0,0.0,7845,6285,117.0
2023-08-10,16929527,1979099199,119.5,114.5,115.5,-2.5,10586,6285,118.0
2023-08-11,20334647,2421611970,121.0,116.5,119.0,3.5,13294,6285,118.0
2023-08-14,13273277,1565422206,120.0,116.0,118.0,-1.0,8491,6285,118.5
2023-08-15,12314176,1446249096,119.5,116.0,117.5,-0.5,8003,6285,119.0
2023-08-16,8619115,1014896240,119.0,115.5,118.5,1.0,5869,6285,116.0
2023-08-17,27527325,3341644828,123.0,117.5,123.0,4.5,17872,6285,118.0
2023-08-18,19860872,2380637475,124.0,116.5,117.5,-5.5,15446,6285,123.0
2023-08-21,34581977,4279939827,127.0,118.0,124.0,6.5,22786,6285,119.0
2023-08-22,19961814,2473100731,126.5,122.0,123.0,-1.0,13776,6285,125.0
2023-08-23,24806136,3145487444,128.5,123.5,127.0,4.0,17474,6285,123.5
2023-08-24,32061915,4178359466,134.5,126.5,127.5,0.5,22449,6285,129.0
2023-08-25,16506619,2085052597,129.5,123.0,128.0,0.5,11989,6285,125.0
2023-08-28,14473491,1859753960,131.0,126.0,128.0,0.0,9818,6285,129.0
2023-08-29,17005849,2214952495,133.0,128.0,130.5,2.5,12312,6285,129.0
2023-08-30,16132365,2105343726,132.0,127.5,131.0,0.5,10686,6285,131.5
2023-08-31,17641309,2362504261,135.5,131.0,134.0,3.0,13607,6285,132.5
2023-09-01,14670279,1923759893,135.0,129.5,129.5,-4.5,10409,6285,134.5
2023-09-04,6737477,872280810,131.0,128.0,130.0,0.5,5176,6285,129.0
2023-09-05,7905847,1045693546,133.5,130.0,132.0,2.0,5999,6285,130.5
2023-09-06,28977357,4026729222,142.5,132.5,140.5,8.5,19229,6285,133.0
2023-09-07,23473947,3332436823,144.0,139.0,142.0,1.5,16450,6285,139.0
2023-09-08,14216650,2002084909,143.0,137.0,143.0,1.0,9862,6285,142.5
2023-09-11,16950468,2427495747,146.0,141.5,142.0,-1.0,10950,6285,144.5
2023-09-12,10677768,1509676065,143.5,138.5,142.0,0.0,8231,6285,142.5
2023-09-13,18281473,2537629404,141.0,136.5,140.0,-2.0,13131,6285,140.5
2023-09-14,16914296,2441603058,146.5,139.5,146.5,6.5,12184,6285,141.0
2023-09-15,10532469,1548581024,148.5,145.0,147.0,0.5,7440,6285,148.5
2023-09-18,8410874,1239958132,149.0,143.5,147.0,0.0,6651,6285,145.0
2023-09-19,22591476,3438383119,154.5,148.0,154.0,7.0,15588,6285,149.5
2023-09-20,17372254,2593082240,153.0,146.5,148.0,-6.0,13260,6285,152.5
2023-09-21,26386438,3696692165,147.0,136.5,138.0,-10.0,18148,6285,146.5
2023-09-22,18343236,2545103392,141.5,135.5,139.0,1.0,15556,6285,137.5
2023-09-25,7637535,1078696229,143.0,137.0,141.0,2.0,6646,6285,138.0
2023-09-26,7680436,1076309935,143.0,138.5,139.0,-2.0,5635,6285,141.5
2023-09-27,9813218,1339083023,139.0,135.0,137.0,-2.0,7502,6285,139.0
2023-09-28,6384202,879216778,140.0,136.0,138.0,1.0,6209,6285,138.0
2023-10-02,7247048,997523760,139.5,136.5,137.0,-1.0,5746,6285,139.0
2023-10-03,13170516,1760536239,138.5,131.5,133.0,-4.0,9342,6285,138.0
2023-10-04,9286831,1212782736,132.5,129.5,130.5,-2.5,6798,6285,131.5
2023-10-05,7516796,987120514,133.0,130.0,130.0,-0.5,5781,6285,132.5
2023-10-06,6094756,793521671,132.0,129.0,130.0,0.0,5049,6285,130.5
2023-10-11,6919233,893968470,131.0,128.0,128.0,-2.0,5536,6285,130.5
2023-10-12,10832485,1436200687,134.5,129.5,133.0,5.0,7165,6285,130.0
2023-10-13,10820168,1470472740,138.0,132.0,135.5,2.5,9072,6285,132.5
2023-10-16,6894149,906048783,135.5,130.0,130.0,-5.5,6182,6285,135.5
2023-10-17,4505558,592738865,133.5,130.0,130.0,0.0,3431,6285,132.0
2023-10-18,7516168,952329444,129.5,125.0,126.0,-4.0,6050,6285,129.5
2023-10-19,3709120,470567047,128.0,125.0,128.0,2.0,2805,6285,125.5
2023-10-20,3796031,478534910,128.0,124.0,126.0,-2.0,3350,6285,127.5
2023-10-23,2471937,311054508,127.0,125.0,125.5,-0.5,1817,6285,125.0
2023-10-24,2574210,327641430,129.0,125.5,128.0,2.5,1999,6285,126.0
2023-10-25,6072666,801535217,133.5,128.5,132.5,4.5,4575,6285,128.5
2023-10-26,4573690,594151843,131.0,128.0,129.5,-3.0,3482,6285,129.0
2023-10-27,3484526,451444884,131.0,128.5,129.0,-0.5,2345,6285,131.0
2023-10-30,5742525,758499816,134.0,129.5,132.0,3.0,3822,6285,129.5
2023-10-31,5704201,743151149,134.0,126.5,127.5,-4.5,5528,6285,133.0
2023-11-01,10885267,1337660627,129.0,120.0,123.5,-4.0,7857,6285,128.0
2023-11-02,8179012,1100328001,135.5,130.0,135.5,12.0,4665,6285,131.5
2023-11-03,22797076,3138672039,141.0,134.0,139.0,3.5,14168,6285,138.5
2023-11-06,10110530,1416487444,142.5,138.5,138.5,-0.5,8993,6285,142.0
2023-11-07,6821551,940715914,139.5,136.0,138.0,-0.5,4863,6285,139.0
2023-11-08,5455316,755387338,140.0,136.5,139.0,0.0,3846,6285,136.5
2023-11-09,13715547,1908589158,144.0,136.0,137.0,-2.0,9452,6285,141.5
2023-11-10,5104709,705785472,140.0,137.0,137.0,0.0,3735,6285,137.5
2023-11-13,4516184,622824193,139.5,136.0,138.0,1.0,3437,6285,139.5
2023-11-14,4091172,565884447,139.5,137.5,138.0,0.0,3045,6285,138.0
2023-11-15,6351991,875273828,140.0,136.0,136.0,-2.0,4349,6285,139.5
2023-11-16,6980810,962555909,140.0,134.5,139.0,3.0,4570,6285,136.5
2023-11-17,4329757,593784203,139.0,136.0,136.5,-2.5,3362,6285,139.0
2023-11-20,3469427,478269438,138.5,136.5,138.0,1.5,2489,6285,136.5
2023-11-21,13276203,1888199180,144.0,138.5,143.0,5.0,10425,6285,138.5
2023-11-22,7598497,1080046617,144.5,140.0,143.0,0.0,6182,6285,142.0
2023-11-23,7447762,1040026236,144.0,138.0,138.0,-5.0,6185,6285,143.5
2023-11-24,3769802,518385980,139.0,136.5,136.5,-1.5,3215,6285,138.5
2023-11-27,7052580,942291578,137.0,131.5,133.0,-3.5,5666,6285,136.5
2023-11-28,3321487,452089331,137.0,133.5,136.5,3.5,2578,6285,133.5
2023-11-29,3245892,446581881,138.5,136.0,138.0,1.5,2570,6285,136.5
2023-11-30,3824488,521783918,138.5,135.0,136.5,-1.5,2884,6285,138.0
2023-12-01,3031712,415680497,138.5,135.0,136.5,0.0,2460,6285,136.0
2023-12-04,18154155,2566681554,145.5,138.0,139.5,3.0,12411,6285,141.0
2023-12-05,12020765,1659588135,140.5,136.0,139.5,0.0,10020,6285,138.0
2023-12-06,4551730,631146605,140.5,138.0,138.0,-1.5,4447,6285,139.5
2023-12-07,3480653,478961917,139.0,136.5,136.5,-1.5,3787,6285,138.0
2023-12-08,10047396,1410541079,142.0,137.5,140.5,4.0,12802,6285,138.0
2023-12-11,27237498,3994834616,151.5,140.5,149.5,9.0,23128,6285,142.0
2023-12-12,46551567,7305863499,161.5,151.0,155.5,6.0,33937,6285,151.5
2023-12-13,46962298,7752964637,170.5,156.0,167.0,11.5,36140,6285,156.0
2023-12-14,29235014,4903652094,173.5,163.5,167.5,0.5,35218,6285,170.0
2023-12-15,16661955,2765782132,169.5,163.0,165.5,-2.0,16138,6285,168.5
2023-12-18,14057441,2316379774,168.0,162.0,164.0,-1.5,22198,6285,168.0
2023-12-19,18922216,2989608280,163.5,155.5,157.0,-7.0,25923,6285,163.0
2023-12-20,14359467,2248537335,159.0,155.0,156.5,-0.5,24510,6285,158.5
2023-12-21,13927244,2122818054,156.0,150.5,152.0,-4.5,10969,6285,154.5
2023-12-22,9458115,1466411096,158.0,152.5,153.0,1.0,7184,6285,153.5
2023-12-25,4305235,659719260,155.5,152.0,152.5,-0.5,3296,6285,154.5
2023-12-26,9517628,1494504080,159.0,152.5,157.5,5.0,6990,6285,152.5
2023-12-27,4565824,719920043,159.0,155.5,158.5,1.0,3587,6285,156.0
2023-12-28,6703537,1071274455,162.0,157.5,159.0,0.5,5552,6285,158.5
2023-12-29,4808764,756003736,160.0,156.0,156.0,-3.0,6151,6285,160.0
2024-01-02,5503893,859022090,158.0,154.0,157.5,1.5,3633,6285,155.5
2024-01-03,4689276,728565819,157.5,154.0,155.0,-2.5,3699,6285,156.0
2024-01-04,4758075,727826108,156.0,151.5,152.5,-2.5,4013,6285,154.5
2024-01-05,2459802,378335352,155.5,152.5,152.5,0.0,2185,6285,153.5
2024-01-08,3352569,510361118,154.0,151.0,151.5,-1.0,2799,6285,153.0
2024-01-09,5083445,771792209,156.0,150.0,151.0,-0.5,4085,6285,153.5
2024-01-10,3851899,575316000,152.0,147.5,149.5,-1.5,3489,6285,150.5
2024-01-11,3034379,456239397,151.5,149.5,150.0,0.5,2304,6285,149.5
2024-01-12,2946783,439999135,151.0,148.0,148.5,-1.5,2403,6285,150.0
2024-01-15,3250193,494263351,153.5,149.0,152.5,4.0,2546,6285,149.5
2024-01-16,7602171,1181532994,157.5,151.5,156.5,4.0,6059,6285,152.0
2024-01-17,6029088,927545755,157.0,151.5,151.5,-5.0,4215,6285,155.5
2024-01-18,4505843,673869655,152.0,147.5,150.0,-1.5,3538,6285,151.0
2024-01-19,22887506,3305446070,149.0,142.0,143.0,-7.0,16609,6285,148.5
2024-01-22,11040535,1593853609,148.0,142.5,143.5,0.5,7519,6285,143.5
2024-01-23,9010306,1331402604,149.5,145.0,148.5,5.0,6588,6285,145.5
2024-01-24,3405940,502511812,149.5,146.5,146.5,-2.0,4066,6285,149.0
2024-01-25,3386753,493963628,147.5,145.0,145.5,-1.0,2653,6285,147.5
2024-01-26,2760269,398726143,146.0,143.0,144.5,-1.0,2218,6285,145.5
2024-01-29,1925593,281075026,147.0,144.5,146.0,1.5,1698,6285,145.0
2024-01-30,3344807,484055459,146.5,144.0,144.0,-2.0,2739,6285,146.0
2024-01-31,3286021,470868943,145.0,142.5,143.0,-1.0,2776,6285,143.5
2024-02-01,3054194,438276473,145.0,142.0,144.0,1.0,2274,6285,142.5
2024-02-02,4079973,584047953,144.5,142.0,144.0,0.0,3075,6285,143.5
2024-02-05,3730107,528480400,144.5,141.0,141.5,-2.5,3543,6285,144.0
2024-02-15,3990445,566407746,143.5,140.5,141.5,0.0,3175,6285,142.0
2024-02-16,3146758,446969494,143.0,141.0,143.0,1.5,2545,6285,141.5
2024-02-19,8405654,1231309923,148.0,144.0,147.0,4.0,6250,6285,144.5
2024-02-20,5285629,775387013,149.0,145.0,145.5,-1.5,5006,6285,148.5
2024-02-21,3374476,494650991,147.5,145.5,146.0,0.5,2729,6285,146.5
2024-02-22,19469216,2984336908,157.0,147.5,156.5,10.5,15373,6285,148.0
2024-02-23,19267291,3021846839,160.0,153.0,156.0,-0.5,14821,6285,157.0
2024-02-26,11066436,1739917580,159.5,155.0,156.0,0.0,11116,6285,157.0
2024-02-27,12352835,1920052743,161.5,150.0,153.0,-3.0,10380,6285,158.0
2024-02-29,4263408,653489669,154.5,151.0,153.5,0.5,4153,6285,153.0
2024-03-01,4193645,643866619,156.0,152.0,152.5,-1.0,3755,6285,154.0
2024-03-04,9637565,1508761197,159.0,153.5,156.5,4.0,7403,6285,154.5
2024-03-05,6226341,974543343,158.0,154.0,157.0,0.5,4600,6285,157.5
2024-03-06,7334780,1148801075,159.5,154.5,154.5,-2.5,6420,6285,157.0
2024-03-07,9076182,1377614538,157.0,149.5,150.0,-4.5,7210,6285,155.0
2024-03-08,8113248,1184589808,151.0,143.5,143.5,-6.5,8601,6285,150.0
2024-03-11,6435060,922099599,145.5,142.0,143.0,-0.5,5774,6285,142.0
2024-03-12,7637051,1129550891,150.5,142.0,150.0,7.0,5871,6285,143.0
2024-03-13,17065186,2649833525,157.0,152.5,156.0,6.0,12158,6285,153.5
2024-03-14,23544919,3746609013,163.5,153.5,155.5,-0.5,18436,6285,160.0
2024-03-15,13379042,2082699500,159.5,152.5,154.5,-1.0,11958,6285,159.0
2024-03-18,7897936,1234281868,158.0,154.0,157.5,3.0,13222,6285,156.5
2024-03-19,18024376,2887224047,162.0,155.0,161.0,3.5,11859,6285,156.0
2024-03-20,15895676,2558932764,165.0,156.5,157.5,-3.5,15688,6285,163.5
2024-03-21,14922064,2300957130,159.5,152.5,153.5,-4.0,11041,6285,159.5
2024-03-22,7522385,1160814620,156.0,153.0,154.0,0.5,4307,6285,154.0
2024-03-25,6742532,1028731062,155.0,151.5,151.5,-2.5,5492,6285,155.0
2024-03-26,7800811,1172265795,154.5,146.5,149.5,-2.0,5585,6285,151.5
2024-03-27,7715033,1188464464,156.5,149.0,156.0,6.5,5733,6285,150.0
2024-03-28,8495623,1319708575,157.5,153.5,154.5,-1.5,6954,6285,156.0
2024-03-29,12203723,1882326010,156.5,151.0,155.0,0.5,9471,6285,155.0
2024-04-01,2748857,427301057,156.5,154.0,155.5,0.5,2643,6285,156.0
2024-04-02,4352339,680959116,158.0,155.0,157.5,2.0,3517,6285,157.5
2024-04-03,2550189,399246019,157.5,154.5,157.5,0.0,1962,6285,155.5
2024-04-08,3127404,492039720,158.5,156.0,157.5,0.0,2899,6285,158.5
2024-04-09,3659600,573648077,159.5,155.0,156.5,-1.0,3038,6285,158.5
2024-04-10,3344285,524385229,158.0,155.5,156.5,0.0,2271,6285,156.0
2024-04-11,3551862,553837584,157.5,155.0,156.0,-0.5,2960,6285,156.0
2024-04-12,4314930,670264689,158.0,153.5,154.5,-1.5,3907,6285,157.0
2024-04-15,3991606,611028860,154.5,151.0,152.5,-2.0,2878,6285,153.0
2024-04-16,6608632,987686123,152.5,147.5,149.5,-3.0,5020,6285,152.0
2024-04-17,6182668,915071093,152.5,146.0,146.5,-3.0,5418,6285,151.0
2024-04-18,3805853,559306341,148.0,144.5,148.0,1.5,3727,6285,146.0
2024-04-19,6641610,979456484,150.0,143.0,147.0,-1.0,4682,6285,147.0
2024-04-22,4568673,664303451,148.0,144.0,144.0,-3.0,3660,6285,147.5
2024-04-23,3355153,487537174,148.0,144.0,144.0,0.0,2296,6285,145.5
2024-04-24,4105356,612674478,150.5,146.5,150.5,6.5,2704,6285,147.0
2024-04-25,2497038,368811922,149.5,147.0,147.0,-3.5,2196,6285,149.5
2024-04-26,2567724,380996213,149.5,147.5,147.5,0.5,2061,6285,148.5
2024-04-29,2307704,345080287,150.5,147.5,150.5,3.0,1878,6285,147.5
2024-04-30,2090349,316506674,153.0,150.5,150.5,0.0,1848,6285,150.5
2024-05-02,1681027,254474302,152.5,149.0,152.5,2.0,1308,6285,149.5
2024-05-03,3266550,501512667,154.5,152.0,152.0,-0.5,2782,6285,153.5
2024-05-06,2326961,358653407,155.0,152.5,154.5,2.5,2006,6285,153.5
2024-05-07,2814447,429267270,155.5,150.5,153.0,-1.5,2654,6285,155.5
2024-05-08,6042382,895600294,153.0,147.0,147.0,-6.0,4992,6285,153.0
2024-05-09,4522978,680527896,153.0,148.0,148.5,1.5,3598,6285,148.5
2024-05-10,6078850,887808750,149.0,144.5,146.0,-2.5,5136,6285,148.5
2024-05-13,1830924,269385380,148.5,145.0,147.5,1.5,1707,6285,146.0
2024-05-14,1804427,265993229,149.0,146.5,147.0,-0.5,1666,6285,147.5
2024-05-15,1955220,290520917,149.5,146.5,148.0,1.0,1772,6285,147.0
2024-05-16,9319008,1437688231,156.5,150.0,156.0,8.0,7251,6285,150.0
2024-05-17,3314222,514415560,156.5,154.0,155.0,-1.0,3947,6285,154.5
2024-05-20,4818022,755916474,159.0,154.5,156.0,1.0,5808,6285,156.5
2024-05-21,3707763,582457614,158.5,155.5,157.0,1.0,3475,6285,156.5
2024-05-22,2844876,447152080,158.0,155.5,157.5,0.5,2442,6285,157.5
2024-05-23,8433983,1346314628,162.0,156.5,157.5,0.0,6026,6285,157.5
2024-05-24,3615290,575390466,161.0,156.0,160.0,2.5,4196,6285,158.5
2024-05-27,4178530,666310684,161.5,158.5,159.0,-1.0,5404,6285,160.5
2024-05-28,2918156,461509388,160.0,157.0,158.0,-1.0,2499,6285,159.5
2024-05-29,11328277,1846895632,166.5,158.0,163.5,5.5,10138,6285,158.0
2024-05-30,5122110,823991723,163.5,159.0,159.5,-4.0,11208,6285,163.5
2024-05-31,8717612,1389727717,164.5,155.5,156.0,-3.5,12797,6285,160.0
2024-06-03,4413040,700643755,160.5,156.5,160.5,4.5,4219,6285,158.0
2024-06-04,4237441,688179831,164.0,159.5,163.0,2.5,3950,6285,159.5
2024-06-05,5602722,917497764,166.5,161.5,161.5,-1.5,7888,6285,163.5
2024-06-06,3187544,515691609,165.0,160.0,162.0,0.5,6462,6285,163.0
2024-06-07,4891731,772281857,163.0,156.0,157.5,-4.5,4570,6285,163.0
2024-06-11,2007396,318613277,160.5,157.5,158.5,1.0,1608,6285,159.0
2024-06-12,2171974,345091554,161.5,157.5,159.5,1.0,1931,6285,160.0
2024-06-13,2682611,424717193,161.0,156.5,158.0,-1.5,2328,6285,160.5
2024-06-14,4718864,731102271,158.5,153.0,154.5,-3.5,4598,6285,158.0
2024-06-17,4009261,637436101,160.5,156.0,160.0,5.5,3292,6285,156.0
2024-06-18,2338370,374527556,162.0,159.0,160.0,0.0,2896,6285,160.5
2024-06-19,3254299,521489998,161.5,159.0,159.0,-1.0,3365,6285,161.0
2024-06-20,3174191,511732601,162.0,159.5,161.0,2.0,2407,6285,160.5
2024-06-21,10513240,1764310154,171.5,159.5,170.0,9.0,8210,6285,161.0
2024-06-24,8313855,1393674377,174.5,164.5,165.5,-4.5,8397,6285,172.5
2024-06-25,7396882,1243795168,170.0,164.5,170.0,4.5,5420,6285,166.0
2024-06-26,4769976,805404177,172.0,166.5,168.5,-1.5,3454,6285,171.0
2024-06-27,4765806,780649429,167.5,162.0,162.0,-6.5,5274,6285,167.5
2024-06-28,5385801,875778690,165.5,161.0,161.0,-1.0,4064,6285,163.0
2024-07-01,6929254,1094120427,162.5,156.5,157.0,-4.0,5740,6285,162.5
2024-07-02,20993836,3065426156,153.0,142.0,144.5,0.0,17577,6285,151.0
2024-07-03,7820080,1147645335,149.5,144.5,144.5,0.0,6061,6285,147.0
2024-07-04,4588544,678939848,149.0,145.5,148.0,3.5,3512,6285,146.5
2024-07-05,2935010,434758400,149.5,147.5,147.5,-0.5,2414,6285,149.0
2024-07-08,3734768,551571685,149.5,146.0,147.0,-0.5,3145,6285,148.0
2024-07-09,5004500,742282379,151.0,146.0,148.0,1.0,3869,6285,149.5
2024-07-10,3247779,480830365,150.0,147.0,147.5,-0.5,2788,6285,149.5
2024-07-11,2110226,313634298,150.0,147.0,148.0,0.5,2004,6285,148.0
2024-07-12,2366260,348547962,148.5,146.0,147.0,-1.0,2190,6285,146.5
2024-07-15,3276364,480616894,148.0,146.0,146.0,-1.0,2681,6285,147.5
2024-07-16,3014554,443280508,148.5,146.0,148.0,2.0,2504,6285,147.0
2024-07-17,3878531,570719192,149.0,146.5,146.5,-1.5,2900,6285,148.5
2024-07-18,6099222,898145618,149.5,143.0,149.5,3.0,4106,6285,146.0
2024-07-19,3812752,559857659,149.5,145.5,145.5,-4.0,3083,6285,149.5
2024-07-22,5715917,805263099,146.0,138.0,141.0,-4.5,5256,6285,146.0
2024-07-23,1205535,172126765,144.0,142.0,142.5,1.5,1161,6285,142.5
2024-07-26,2517466,351145064,141.0,136.5,140.0,-2.5,2115,6285,137.5
2024-07-29,2889501,412366057,146.0,140.0,140.0,0.0,2182,6285,146.0
2024-07-30,2147506,301966339,142.5,138.5,142.0,2.0,1837,6285,139.5
2024-07-31,2606358,367060176,143.5,139.0,140.5,-1.5,2216,6285,140.5
2024-08-01,3416753,482013139,144.0,140.0,141.5,1.0,2851,6285,143.5
2024-08-02,5614622,769027694,139.0,135.0,138.0,-3.5,4649,6285,139.0
2024-08-05,6417888,804499176,133.0,124.5,124.5,-13.5,5478,6285,133.0
2024-08-06,6258919,759208094,126.0,114.0,124.5,0.0,4960,6285,125.5
2024-08-07,2452895,316158994,131.0,124.5,130.5,6.0,2032,6285,124.5
2024-08-08,3392486,437377602,131.0,127.0,129.0,-1.5,2269,6285,129.0
2024-08-09,10168393,1235894878,123.0,119.0,121.5,-7.5,8868,6285,121.0
2024-08-12,7307121,875104883,122.0,117.0,122.0,0.5,5310,6285,121.0
2024-08-13,6096432,730737824,123.0,118.0,120.0,-2.0,4874,6285,122.5
2024-08-14,2228496,268615384,122.0,119.5,120.0,0.0,1914,6285,121.0
2024-08-15,3689789,441191708,121.5,118.0,118.5,-1.5,3226,6285,120.0
2024-08-16,3603288,435749593,122.0,119.5,122.0,3.5,2585,6285,120.0
2024-08-19,2829462,345137992,123.5,120.5,122.0,0.0,2314,6285,123.0
2024-08-20,3691945,457048853,125.0,122.5,124.0,2.0,2664,6285,123.0
2024-08-21,2528540,312809549,124.5,122.0,123.0,-1.0,1872,6285,123.0
2024-08-22,3677211,457060545,126.0,123.5,123.5,0.5,2585,6285,125.0
2024-08-23,2694544,331813894,125.0,121.5,124.0,0.5,1711,6285,123.0
2024-08-26,3407314,425384451,126.0,124.0,124.5,0.5,1875,6285,124.5
2024-08-27,2651925,331296923,126.0,124.0,125.5,1.0,1759,6285,124.5
2024-08-28,1955907,242292245,126.0,123.0,123.0,-2.5,1797,6285,126.0
2024-08-29,1466208,178250055,122.5,120.5,121.5,-1.5,1213,6285,122.0
2024-08-30,1582725,193125719,122.5,121.5,122.0,0.5,1004,6285,122.5
2024-09-02,1465663,179198524,123.5,121.5,122.0,0.0,1153,6285,122.5
2024-09-03,3322075,396300117,121.5,118.0,118.5,-3.5,3430,6285,121.5
2024-09-04,3777507,430673963,116.0,111.0,113.5,-5.0,3279,6285,114.5
2024-09-05,2330546,262277997,115.0,111.0,112.0,-1.5,2467,6285,115.0
2024-09-06,1077374,120665650,113.0,110.5,112.5,0.5,1020,6285,112.0
2024-09-09,2109290,235075092,113.0,108.5,112.5,0.0,1525,6285,109.0
2024-09-10,2006605,224112381,113.5,110.5,110.5,-2.0,1570,6285,113.5
2024-09-11,1338389,148413344,112.0,109.0,111.0,0.5,1139,6285,111.0
2024-09-12,1174849,132745640,114.0,112.0,113.0,2.0,1072,6285,113.0
2024-09-13,1530002,174127450,115.0,112.0,114.0,1.0,1231,6285,113.5
2024-09-16,2251127,262754817,118.0,114.0,116.5,2.5,1818,6285,114.0
2024-09-18,2254857,261261142,117.5,114.5,114.5,-2.0,1889,6285,117.0
2024-09-19,3855330,449107583,119.5,114.0,114.0,-0.5,2768,6285,117.0
2024-09-20,4638178,548330110,120.0,117.0,118.0,4.0,3501,6285,117.0
2024-09-23,3070153,367205052,121.0,117.5,119.5,1.5,2230,6285,118.0
2024-09-24,1903096,226532288,120.0,118.0,119.0,-0.5,1211,6285,119.5
2024-09-25,2434441,293433560,122.0,119.5,120.5,1.5,1566,6285,119.5
2024-09-26,1985134,237644149,122.0,119.0,119.0,-1.5,1389,6285,122.0
2024-09-27,3236520,381820515,120.5,117.0,117.0,-2.0,1816,6285,120.5
2024-09-30,1285309,150127231,118.0,116.0,116.0,-1.0,1111,6285,117.0
2024-10-01,2964531,338774356,117.0,113.0,114.0,-2.0,2306,6285,116.5
2024-10-04,1879259,214794400,115.5,113.0,114.0,0.0,1435,6285,115.0
2024-10-07,1956262,226583540,117.0,114.5,117.0,3.0,1505,6285,115.5
2024-10-08,1198736,138407069,117.0,115.0,115.0,-2.0,1055,6285,116.5
2024-10-09,1429326,163648601,116.5,113.0,113.0,-2.0,1456,6285,115.5
2024-10-11,1104398,126018477,115.5,113.0,114.0,1.0,881,6285,113.5
2024-10-14,1405596,160283275,116.0,111.0,115.0,1.0,1124,6285,114.0
2024-10-15,1983152,227009886,116.5,113.5,113.5,-1.5,1907,6285,116.5
2024-10-16,2449366,282604216,116.0,114.0,115.5,2.0,1142,6285,114.0
2024-10-17,1494166,174512867,118.0,116.0,116.0,0.5,1295,6285,116.0
2024-10-18,1144196,132110460,117.0,114.5,115.0,-1.0,1111,6285,116.0
2024-10-21,1227823,143900098,118.0,115.0,118.0,3.0,1132,6285,116.5
2024-10-22,1241405,145124416,118.5,116.0,116.5,-1.5,1198,6285,118.5
2024-10-23,1886321,220759755,118.5,116.0,116.0,-0.5,1552,6285,117.0
2024-10-24,1721340,201979127,118.5,115.5,116.5,0.5,1358,6285,116.0
2024-10-25,11524430,1406746963,124.5,117.5,124.5,8.0,8414,6285,117.5
2024-10-28,8206817,1008083294,125.0,120.5,124.0,-0.5,5833,6285,124.5
2024-10-29,6367523,785458438,126.0,120.5,126.0,2.0,4920,6285,123.0
2024-10-30,4820998,600690185,127.0,122.0,122.0,-4.0,3955,6285,126.5
2024-11-01,3965440,484209927,124.5,119.0,121.5,-0.5,2814,6285,119.5
2024-11-04,2145642,256978367,122.5,119.0,119.0,-2.5,2100,6285,122.5
2024-11-05,1285516,154202902,121.0,119.0,119.5,0.5,1258,6285,119.0
2024-11-06,3636998,448566473,125.0,120.0,124.5,5.0,3264,6285,120.5
2024-11-07,6016203,740858968,125.0,121.5,123.5,-1.0,3939,6285,123.0
2024-11-08,5508961,667067811,126.0,119.0,119.0,-4.5,5421,6285,125.0
2024-11-11,4739616,572949330,123.0,119.5,120.5,1.5,4074,6285,120.0
2024-11-12,4091247,497599464,124.0,119.5,120.5,0.0,3261,6285,120.0
2024-11-13,2775674,338610233,123.0,120.0,122.0,1.5,2152,6285,120.5
2024-11-14,3573852,438152155,124.5,121.0,121.0,-1.0,2908,6285,122.0
2024-11-15,2260121,274304502,122.5,120.5,120.5,-0.5,2037,6285,122.0
2024-11-18,6912650,786919996,120.5,111.0,111.0,-9.5,6800,6285,120.0
2024-11-19,3201203,355051486,113.5,110.5,113.5,2.5,2257,6285,111.5
2024-11-20,2228983,253698493,115.0,112.5,113.0,-0.5,1909,6285,114.0
2024-11-21,1353321,154697042,116.0,112.5,114.0,1.0,1264,6285,113.5
2024-11-22,1539976,175928228,116.0,113.5,113.5,-0.5,1452,6285,115.0
2024-11-25,3823383,452923660,120.0,115.0,120.0,6.5,3151,6285,115.0
2024-11-26,1046682,125041853,120.0,118.5,119.0,-1.0,2702,6285,119.5
2024-11-27,2376287,279552457,121.5,116.0,116.0,-3.0,2471,6285,121.0
2024-11-28,1815864,209956681,117.5,114.5,115.5,-0.5,1507,6285,117.0
2024-11-29,1758663,205801753,119.0,114.0,116.0,0.5,1678,6285,115.0
2024-12-02,4547818,549511937,123.0,117.0,119.5,3.5,3727,6285,117.0
2024-12-03,5111398,623217580,124.5,119.5,120.5,1.0,4640,6285,121.5
2024-12-04,2470903,295796716,120.5,118.5,120.5,0.0,2527,6285,120.0
2024-12-05,3079633,373450350,122.5,120.0,120.0,-0.5,2260,6285,120.5
2024-12-06,1779009,214400918,121.5,119.5,120.0,0.0,1544,6285,120.5
2024-12-09,1268554,151609334,121.0,118.5,119.5,-0.5,1182,6285,121.0
2024-12-10,1176610,139902738,121.0,118.0,118.5,-1.0,1177,6285,119.5
2024-12-11,1400005,166375888,120.0,118.0,119.0,0.5,1132,6285,119.0
2024-12-12,3322347,402432906,122.5,119.5,120.5,1.5,2535,6285,120.5
2024-12-13,1823749,217884980,121.5,118.5,118.5,-2.0,1582,6285,121.0
2024-12-16,3091641,374360887,122.0,119.0,120.5,2.0,2405,6285,119.0
2024-12-17,2500156,301027195,122.5,119.5,119.5,-1.0,1906,6285,121.0
2024-12-18,2857712,347891648,123.0,119.5,122.5,3.0,2268,6285,120.5
2024-12-19,22769946,2898166073,131.0,120.5,127.0,4.5,16684,6285,121.0
2024-12-20,33847837,4609935152,139.5,128.5,137.5,10.5,22999,6285,130.0
2024-12-23,24838531,3449730751,143.0,135.0,136.0,-1.5,27865,6285,140.5
2024-12-24,7478722,1005197854,137.5,132.5,134.5,-1.5,8045,6285,136.5
2024-12-25,6253049,845977510,137.0,133.5,137.0,2.5,5986,6285,136.0
2024-12-26,21204022,3003464130,146.0,135.5,141.0,4.0,16349,6285,138.0
2024-12-27,6222340,869237175,142.5,137.5,137.5,-3.5,6673,6285,141.0
2024-12-30,6084015,839478605,141.5,135.0,135.0,-2.5,4866,6285,137.5
2024-12-31,4085951,558046360,137.5,135.0,137.5,2.5,2857,6285,135.5
2025-01-02,5093838,698104093,139.5,135.0,135.0,-2.5,4431,6285,137.5
2025-01-03,2970455,402568349,138.0,134.0,134.5,-0.5,2285,6285,136.5
2025-01-06,3113392,414928930,136.5,132.5,132.5,-2.0,3188,6285,136.0
2025-01-07,2694454,360644877,136.0,132.0,132.0,-0.5,3037,6285,134.5
2025-01-08,3021768,398365403,135.0,130.5,131.0,-1.0,3381,6285,133.0
2025-01-09,5503877,706995050,135.0,126.0,126.5,-4.5,5045,6285,131.0
2025-01-10,3525285,457387765,131.5,126.5,129.5,3.0,3483,6285,126.5
2025-01-13,3544130,440114098,128.5,122.5,123.0,-6.5,5402,6285,128.0
2025-01-14,4266395,551587402,132.5,123.0,131.5,8.5,3727,6285,124.0
2025-01-15,3891593,511419945,134.0,129.0,131.0,-0.5,6254,6285,131.0
2025-01-16,3961846,522025995,135.5,130.0,130.0,-1.0,4849,6285,134.0
2025-01-17,4263990,565775417,134.5,130.5,131.5,1.5,3424,6285,132.0
2025-01-20,16957131,2412675017,144.5,135.0,143.5,12.0,14177,6285,135.0
2025-01-21,10049527,1426744594,145.0,139.0,141.0,-2.5,8832,6285,142.5
2025-01-22,4470413,632923113,142.5,140.0,142.0,1.0,5027,6285,142.0
2025-02-03,12039775,1720008313,146.0,139.5,143.0,1.0,12563,6285,142.0
2025-02-04,14132503,2074732073,151.0,142.0,148.5,5.5,10823,6285,143.5
2025-02-05,9278064,1376540208,150.5,146.0,147.5,-1.0,7089,6285,148.0
2025-02-06,9799963,1438058602,151.0,144.0,146.0,-1.5,10424,6285,148.5
2025-02-07,4174720,608122025,147.0,143.0,146.0,0.0,6065,6285,146.0
2025-02-10,3796317,544829641,146.5,142.0,143.5,-2.5,4529,6285,146.0
2025-02-11,3766282,547473905,146.5,143.5,146.0,2.5,4294,6285,144.5
2025-02-12,3661193,536568314,148.0,144.5,146.5,0.5,5434,6285,146.0
2025-02-13,6278070,930200337,150.0,146.5,148.5,2.0,5590,6285,148.0
2025-02-14,6964735,994889733,149.5,140.0,141.5,-7.0,7062,6285,149.5
2025-02-17,3021887,428084881,143.0,140.5,141.5,0.0,2290,6285,140.5
2025-02-18,5409062,786295807,148.5,143.5,143.5,2.0,4108,6285,145.5
2025-02-19,7368711,1062368414,147.0,143.0,145.5,2.0,3395,6285,143.5
2025-02-20,4696450,693111282,149.0,146.0,147.0,1.5,4133,6285,146.5
2025-02-21,4561765,676934889,149.5,146.5,148.5,1.5,3901,6285,148.0
2025-02-24,2381967,353004147,149.5,147.0,147.5,-1.0,7130,6285,148.0
2025-02-25,2437285,354427052,148.0,144.0,144.0,-3.5,3610,6285,146.5
2025-02-26,1688325,245948577,147.5,142.0,146.0,2.0,2442,6285,144.5
2025-02-27,4100214,604600682,149.0,145.5,147.0,1.0,3541,6285,146.0
2025-03-03,4278064,628361624,150.0,144.0,144.0,-3.0,5051,6285,147.0
2025-03-04,3615760,530997748,149.0,142.0,146.5,2.5,3198,6285,143.0
2025-03-05,2710414,398174619,148.5,146.0,146.5,0.0,2453,6285,148.5
2025-03-06,3427275,505409006,149.0,145.5,148.5,2.0,2520,6285,148.0
2025-03-07,9320363,1403031976,153.5,146.5,149.0,0.5,9083,6285,148.0
2025-03-10,4039353,593070189,151.5,143.5,143.5,-5.5,4271,6285,150.0
2025-03-11,4393500,611958332,141.5,137.0,139.5,-4.0,3668,6285,138.5
2025-03-12,2157751,306816210,144.0,140.0,142.0,2.5,2010,6285,141.0
2025-03-13,2895607,420360519,147.5,143.0,143.5,1.5,2644,6285,145.0
2025-03-14,2098686,303281073,146.5,143.0,143.5,0.0,1700,6285,144.0
2025-03-17,1952115,284988943,147.5,143.5,145.5,2.0,1780,6285,145.0
2025-03-18,3275736,484846270,149.0,146.0,148.0,2.5,2866,6285,148.5
2025-03-19,3029790,449141773,151.0,146.0,146.0,-2.0,2513,6285,148.0
2025-03-20,6114066,921535895,152.0,147.5,151.5,5.5,5436,6285,148.0
2025-03-21,18605750,2916593464,163.5,151.0,155.0,3.5,14582,6285,152.0
2025-03-24,14237949,2222062128,160.5,152.0,153.5,-1.5,11466,6285,157.0
2025-03-25,5190645,795077174,155.5,151.5,153.5,0.0,5566,6285,154.5
2025-03-26,4446189,679074612,155.0,151.0,153.0,-0.5,4645,6285,153.0
2025-03-27,5199216,795901833,155.5,150.0,153.0,0.0,4181,6285,151.0
2025-03-28,5633485,831608160,152.5,144.5,146.5,-6.5,5328,6285,152.0
2025-03-31,5180287,730611342,144.5,138.5,139.5,-7.0,4460,6285,141.0
2025-04-01,4098964,574186289,142.5,138.5,140.0,0.5,3723,6285,141.5
2025-04-02,3043539,423224487,141.5,137.5,138.5,-1.5,2946,6285,141.0
2025-04-07,373393,46674125,125.0,125.0,125.0,-13.5,521,6285,125.0
2025-04-08,1944910,218802547,112.5,112.5,112.5,-12.5,1843,6285,112.5
2025-04-09,4006893,409801903,107.0,101.5,101.5,-11.0,3433,6285,101.5
2025-04-10,879736,98090531,111.5,111.5,111.5,10.0,505,6285,111.5
2025-04-11,10196919,1165295803,119.0,104.5,119.0,7.5,6666,6285,109.0
2025-04-14,9221105,1116409573,127.5,118.0,118.5,-0.5,5700,6285,124.0
2025-04-15,5448003,684336933,130.0,121.0,130.0,11.5,3453,6285,121.5
2025-04-16,7177253,888448337,127.0,121.0,121.5,-8.5,7941,6285,126.0
2025-04-17,5701204,680877135,121.5,117.5,119.0,-2.5,3705,6285,121.0
2025-04-18,3351347,400913121,122.0,118.0,118.5,-0.5,2490,6285,120.5
2025-04-21,3527171,416163764,120.5,116.0,116.0,-2.5,2345,6285,118.5
2025-04-22,3905175,456214032,119.5,113.5,116.5,0.5,2534,6285,115.5
2025-04-23,4074705,488907388,122.5,118.5,118.5,2.0,2859,6285,119.5
2025-04-24,4469867,540998505,122.5,119.5,120.5,2.0,3037,6285,120.0
2025-04-25,2619050,319381933,124.5,120.5,121.5,1.0,1933,6285,123.5
2025-04-28,2545273,314897486,125.0,122.5,124.0,2.5,2009,6285,123.0
2025-04-29,2948265,372262702,128.0,123.0,127.0,3.0,2242,6285,123.5
2025-04-30,2770544,349878977,128.0,125.0,126.0,-1.0,2496,6285,127.0
2025-05-02,2751390,352629100,130.0,127.0,127.5,1.5,2140,6285,128.5
2025-05-05,3263642,401571019,128.5,120.5,122.0,-5.5,3515,6285,128.5
2025-05-06,3322212,410474413,126.5,119.0,125.5,3.5,2480,6285,121.5
2025-05-07,1961379,246273192,127.5,124.0,125.0,-0.5,1591,6285,127.0
2025-05-08,2711301,347462085,130.0,126.0,128.5,3.5,2239,6285,126.0
2025-05-09,2195858,282033823,129.5,127.0,128.5,0.0,1901,6285,127.5
2025-05-12,1832667,234792805,130.0,127.0,127.5,-1.0,2385,6285,129.0
2025-05-13,3341821,426857765,130.5,125.5,127.0,-0.5,3114,6285,129.5
2025-05-14,2879029,372129162,131.0,127.5,130.5,3.5,2318,6285,128.0
2025-05-15,1500934,194846651,131.0,129.0,130.0,-0.5,1249,6285,131.0
2025-05-16,2566200,329112987,131.0,127.5,128.0,-2.0,2032,6285,130.5
2025-05-19,4823345,599181762,129.5,122.5,123.0,-5.0,4064,6285,128.0
2025-05-20,2673121,332581055,126.5,123.0,123.5,0.5,2169,6285,125.0
2025-05-21,1683011,210911320,126.0,124.5,125.5,2.0,1448,6285,124.5
2025-05-22,1233164,152317330,124.5,123.0,123.0,-2.5,1112,6285,124.0
2025-05-23,1332486,163871882,124.0,122.0,122.5,-0.5,1170,6285,123.5
2025-05-26,2219709,271610794,123.5,121.0,122.0,-0.5,1776,6285,123.0
2025-05-27,2072216,250491661,124.5,119.0,119.5,-2.5,2131,6285,123.0
2025-05-28,1939360,233512183,122.5,119.0,120.5,1.0,1554,6285,121.5
2025-05-29,1803894,220659664,123.5,121.0,123.0,2.5,1594,6285,122.0
2025-06-02,2579135,304292504,121.0,116.5,117.5,-5.5,2369,6285,120.0
2025-06-03,3206157,373797067,119.0,115.5,115.5,-2.0,2422,6285,118.5
2025-06-04,2734612,321269178,119.5,116.0,117.5,2.0,2136,6285,117.5
2025-06-05,2507593,299398108,120.5,117.0,119.5,2.0,1873,6285,118.0
2025-06-06,3630993,440812300,123.0,117.5,122.5,3.0,2473,6285,120.0
2025-06-09,2230800,270705445,123.0,120.0,122.0,-0.5,2000,6285,120.5
2025-06-10,2141960,265671508,124.5,122.0,124.5,2.5,1855,6285,122.0
2025-06-11,1788964,223807908,126.0,124.0,125.5,1.0,1726,6285,124.5
2025-06-12,1449908,181815475,126.5,124.0,125.0,-0.5,1154,6285,124.5
2025-06-13,1851202,226527311,125.0,121.0,121.5,-3.5,1665,6285,124.0
2025-06-16,949386,115685724,123.0,120.5,121.5,0.0,799,6285,121.0
2025-06-17,1295546,157399190,124.0,120.0,122.0,0.5,1256,6285,122.0
2025-06-18,4053074,484357153,121.0,118.0,119.5,-2.5,3507,6285,120.0
2025-06-19,3582003,420888669,119.5,116.5,117.0,-2.5,2958,6285,119.0
2025-06-20,3042794,358267949,118.5,117.0,118.0,1.0,1718,6285,117.0
2025-06-23,1880558,219084809,117.5,114.0,117.5,-0.5,1419,6285,117.0
2025-06-24,2368310,282309512,120.0,118.0,120.0,2.5,1736,6285,119.0
2025-06-25,2048827,246769411,121.5,119.0,121.0,1.0,1485,6285,121.0
2025-06-26,2795822,341479100,123.0,120.5,123.0,2.0,1997,6285,121.0
2025-06-27,2643943,325742965,124.5,122.0,122.5,-0.5,2006,6285,123.0
2025-06-30,3264327,395334493,122.5,119.5,121.5,-1.0,2037,6285,122.5
2025-07-01,5819880,695589875,123.0,119.0,119.0,-2.5,3581,6285,123.0
2025-07-02,16292957,1853132553,116.0,111.0,113.0,0.0,7361,6285,113.0
2025-07-03,7034711,835898410,121.5,116.0,118.5,5.5,4501,6285,116.0
2025-07-04,6154447,719714022,120.5,115.5,116.0,-2.5,4217,6285,120.0
2025-07-07,2460276,289269361,118.5,115.0,118.0,2.0,1677,6285,117.0
2025-07-08,2038566,239868099,118.5,116.0,118.5,0.5,1371,6285,117.0
2025-07-09,2036383,240739204,119.0,117.0,118.5,0.0,1308,6285,117.0
2025-07-10,2240297,261213621,119.0,115.5,116.0,-2.5,1772,6285,118.5
2025-07-11,1296324,150416882,116.5,115.0,116.5,0.5,1055,6285,116.5
2025-07-14,1454325,167639170,117.0,114.0,114.0,-2.5,1273,6285,117.0
2025-07-15,1242287,142563648,115.5,114.0,115.0,1.0,949,6285,114.5
2025-07-16,2017882,233104066,117.0,114.5,115.0,0.0,1388,6285,115.0
2025-07-17,1263267,146603050,117.0,114.5,117.0,2.0,1103,6285,116.0
2025-07-18,1358089,158909585,118.0,116.0,116.5,-0.5,1139,6285,118.0
2025-07-21,2688329,317782607,119.5,116.5,118.0,1.5,1910,6285,117.0
2025-07-22,3158125,365815175,118.5,114.0,114.0,-4.0,2333,6285,117.0
2025-07-23,1284273,150132436,117.5,115.0,117.5,3.5,1088,6285,115.5
2025-07-24,1422666,166777383,118.0,116.5,117.0,-0.5,1043,6285,117.5
2025-07-25,1547824,183853138,119.5,117.0,118.0,1.0,1207,6285,117.0
2025-07-28,1170977,139477763,120.0,117.5,119.0,1.0,1087,6285,119.0
2025-07-29,1268396,149788318,120.0,117.0,117.0,-2.0,1158,6285,119.0
2025-07-30,2526642,303142396,122.0,118.5,119.0,2.0,1749,6285,118.5
2025-07-31,1215873,144155544,120.0,118.0,118.0,-1.0,1019,6285,119.0
2025-08-01,7477622,933723223,127.5,116.0,126.0,8.0,6590,6285,116.5
2025-08-04,3605597,446659129,126.0,122.0,124.0,-2.0,3177,6285,124.5
2025-08-05,5033841,632471668,126.5,124.5,125.0,1.0,4169,6285,125.0
2025-08-06,2706794,333053994,124.0,122.0,122.5,-2.5,2524,6285,123.5
2025-08-07,9877025,1173063910,122.0,116.5,118.5,-4.0,8932,6285,120.5
2025-08-08,2615486,312069800,120.5,118.5,118.5,0.0,2330,6285,119.5
2025-08-11,1993281,236527478,119.5,117.0,119.0,0.5,1865,6285,118.5
2025-08-12,3416716,412660382,122.0,119.0,120.5,1.5,2594,6285,120.0
2025-08-13,3628126,443265681,124.5,120.0,121.5,1.0,2888,6285,122.0
2025-08-14,4767502,592273130,126.0,122.0,125.0,3.5,3829,6285,122.5
2025-08-15,2953416,369473619,126.0,123.5,125.5,0.5,2871,6285,125.0
2025-08-18,2118139,261876759,125.5,122.5,123.0,-2.5,2370,6285,125.5
2025-08-19,2689937,324574929,123.0,119.5,119.5,-3.5,2672,6285,122.5
2025-08-20,4365039,522949893,121.5,117.5,119.5,0.0,3159,6285,118.0
2025-08-21,1475135,177821085,122.0,119.5,121.0,1.5,1461,6285,120.0
2025-08-22,2563980,305047440,121.5,118.0,118.0,-3.0,2381,6285,120.5
2025-08-25,2626392,321020267,123.5,119.0,123.0,5.0,2473,6285,119.5
2025-08-26,9590836,1231590881,131.5,122.5,130.0,7.0,9155,6285,123.5
2025-08-27,7201956,938931910,134.0,128.5,129.0,-1.0,8268,6285,133.5
2025-08-28,3420519,437470160,129.5,127.0,127.0,-2.0,3335,6285,129.0
2025-08-29,2296791,294432555,130.0,127.0,127.0,0.0,2245,6285,129.5
2025-09-01,3005631,371051350,127.0,121.5,122.0,-5.0,3176,6285,126.5
2025-09-02,1702380,207447241,123.5,120.5,122.0,0.0,1624,6285,123.0
2025-09-03,1075152,132502198,124.5,122.0,123.0,1.0,1259,6285,122.0
2025-09-04,1692875,208414068,125.0,122.0,123.0,0.0,1724,6285,124.5
2025-09-05,1489730,182038283,124.0,121.5,122.0,-1.0,1722,6285,124.0
2025-09-08,1958507,239068822,123.5,121.5,122.5,0.5,1547,6285,123.0
2025-09-09,4805984,573849274,123.0,118.5,119.0,-3.5,4884,6285,122.5
2025-09-10,2605435,309439114,120.0,118.0,119.0,0.0,2392,6285,118.5
2025-09-11,3207777,376395045,119.5,116.0,116.0,-3.0,3528,6285,119.0
2025-09-12,1876553,220170464,118.0,116.5,117.5,1.5,1718,6285,116.5
2025-09-15,1644322,191719820,117.5,116.0,116.5,-1.0,1649,6285,117.5
2025-09-16,1813137,212937999,118.5,116.5,118.5,2.0,1794,6285,117.0
2025-09-17,3283829,392012440,121.0,118.0,118.5,0.0,3062,6285,118.0
2025-09-18,2092923,249657888,120.5,118.5,119.0,0.5,1908,6285,120.0
2025-09-19,2780283,332694092,120.5,118.5,120.5,1.5,1955,6285,120.0
2025-09-22,2802786,338155074,121.5,119.0,121.0,0.5,2610,6285,121.0
2025-09-23,3318293,401158831,123.0,119.5,121.0,0.0,2789,6285,122.5
2025-09-24,1997408,239341258,121.0,119.0,120.5,-0.5,1612,6285,121.0
2025-09-25,2610052,311840519,121.5,118.0,118.5,-2.0,2278,6285,121.0
2025-09-26,2783140,322626060,118.5,115.0,115.0,-3.5,2841,6285,118.5
2025-09-30,2318300,268698151,117.0,115.0,116.5,1.5,1715,6285,116.0
2025-10-01,1074604,124816206,117.0,115.5,116.0,-0.5,1104,6285,117.0
2025-10-02,1280930,148175450,117.0,115.0,115.5,-0.5,1200,6285,116.0
2025-10-03,734798,84962410,116.0,115.0,115.5,0.0,828,6285,116.0
2025-10-07,1788023,209831665,118.5,116.0,118.0,2.5,1497,6285,116.5
2025-10-08,1061732,124833273,118.5,116.0,118.5,0.5,913,6285,118.0
2025-10-09,4286158,519130953,122.5,119.5,121.0,2.5,3595,6285,120.0
2025-10-13,1868106,222665835,120.5,117.0,120.0,-1.0,2131,6285,118.0
2025-10-14,2952973,350452228,121.5,116.5,116.5,-3.5,2407,6285,121.0
2025-10-15,1338644,157017796,118.0,116.5,117.5,1.0,1202,6285,117.5
2025-10-16,2866406,344265970,121.0,118.0,120.5,3.0,1943,6285,118.0
2025-10-17,1329853,158083386,120.5,118.0,118.5,-2.0,2042,6285,120.0
2025-10-20,2880149,334679147,117.0,115.5,116.5,-2.0,2708,6285,116.0
2025-10-21,5901852,716229484,123.0,117.5,122.5,6.0,4682,6285,117.5
2025-10-22,1544248,188383695,123.0,121.0,122.5,0.0,1538,6285,123.0
2025-10-23,1767093,216851997,123.5,121.5,123.0,0.5,1804,6285,122.0
2025-10-27,2039044,249538729,124.0,121.5,122.0,-1.0,3159,6285,123.0
2025-10-28,2334376,287394478,124.0,122.0,123.5,1.5,1973,6285,123.0
2025-10-29,3953123,492074929,127.0,123.0,124.5,1.0,5381,6285,124.5
2025-10-30,5832027,737352363,128.5,124.5,126.0,1.5,5476,6285,125.0
2025-10-31,3318712,417700251,127.5,124.0,125.5,-0.5,3321,6285,127.5
2025-11-03,6588788,853752270,132.0,127.5,128.0,2.5,5257,6285,128.5
2025-11-04,3137973,399119533,129.0,125.5,126.5,-1.5,3205,6285,128.0
2025-11-05,3536564,442504791,129.0,122.5,128.5,2.0,4308,6285,124.5
2025-11-06,17050267,2002706200,125.0,116.0,117.5,-11.0,15765,6285,125.0
2025-11-07,10063291,1132901119,116.5,111.0,111.5,-6.0,8251,6285,116.0
2025-11-10,8825300,939687808,111.5,105.0,105.0,-6.5,8339,6285,111.5
2025-11-11,5422627,563558520,106.0,103.0,103.0,-2.0,5037,6285,104.5
2025-11-12,4977538,518329639,105.5,103.0,103.5,0.5,3976,6285,104.0
2025-11-13,4464888,464292581,106.0,103.0,103.0,-0.5,3799,6285,105.0
2025-11-14,4047158,415827238,104.5,101.5,101.5,-1.5,3343,6285,101.5
2025-11-17,2611048,264542442,102.5,100.0,100.5,-1.0,2577,6285,102.5
2025-11-18,5261929,520570337,102.0,97.6,98.2,-2.3,5220,6285,101.0
2025-11-19,5264384,510467568,100.5,96.0,96.0,-2.2,5360,6285,98.9
2025-11-20,2713000,265687805,98.8,96.6,98.2,2.2,2367,6285,97.9
2025-11-21,2395160,234306761,99.0,97.0,97.5,-0.7,2862,6285,97.2
2025-11-24,3446151,336078160,99.1,97.0,97.0,-0.5,3413,6285,98.4
2025-11-25,1907891,188954117,99.8,98.2,99.5,2.5,2004,6285,98.3
2025-11-26,2232948,225633569,102.0,100.0,101.5,2.0,1986,6285,100.0
2025-11-27,2024486,206464215,102.5,101.0,102.5,1.0,1782,6285,101.5
2025-11-28,1735384,178150363,104.0,102.0,102.0,-0.5,1528,6285,102.5
2025-12-01,956085,97529182,103.0,101.5,101.5,-0.5,966,6285,102.0
2025-12-02,1731149,177046475,103.0,101.5,102.0,0.5,1227,6285,102.5
2025-12-03,4322528,455014224,106.5,103.0,105.0,3.0,3539,6285,103.0
2025-12-04,2781275,287485976,105.5,102.0,103.5,-1.5,2921,6285,105.5
2025-12-05,2175771,221416300,103.5,101.0,102.0,-1.5,2010,6285,103.0
2025-12-08,1636407,168909469,104.5,102.0,104.0,2.0,1314,6285,102.0
2025-12-09,5795710,577790573,101.5,98.8,99.8,-4.2,5423,6285,101.5
2025-12-10,2468083,244258746,100.5,98.2,99.0,-0.8,2860,6285,99.8
2025-12-11,1914671,190950918,100.5,98.9,100.0,1.0,1798,6285,99.6
2025-12-12,1703013,171769251,102.0,100.0,100.5,0.5,1560,6285,101.0
2025-12-15,3650293,376043754,104.5,99.3,103.0,2.5,3174,6285,99.6
2025-12-16,3380763,343776598,104.0,100.5,101.0,-2.0,2962,6285,103.5
2025-12-17,6100425,630475434,106.5,101.0,101.0,0.0,6005,6285,102.5
2025-12-18,3422002,342096570,101.0,99.3,99.5,-1.5,2927,6285,100.5
2025-12-19,3417636,344419080,102.5,99.7,101.0,1.5,2100,6285,100.0
2025-12-22,3090898,317640186,103.5,101.0,103.5,2.5,2591,6285,102.0
2025-12-23,2776114,286517369,105.0,101.5,102.0,-1.5,2519,6285,104.5
2025-12-24,1971760,202925856,104.0,102.0,102.0,0.0,1625,6285,103.0
2025-12-26,2149119,219518410,104.0,101.0,101.0,-1.0,2031,6285,103.0
2025-12-29,2992753,301067886,103.0,100.0,100.0,-1.0,2625,6285,102.5
2025-12-30,3242041,323777800,101.5,99.4,99.4,-0.6,3005,6285,101.5
2025-12-31,3081842,306071606,101.0,98.6,99.0,-0.4,3218,6285,100.0
2026-01-02,2612007,261398960,101.0,99.1,100.0,1.0,2371,6285,99.6
2026-01-05,11920710,1292099903,110.0,102.5,110.0,10.0,8112,6285,102.5
2026-01-06,21904010,2365289557,113.0,105.0,107.5,-2.5,16062,6285,112.5
2026-01-07,9998750,1047853251,107.5,103.0,105.5,-2.0,8181,6285,107.5
2026-01-08,6796752,701682452,105.0,102.0,102.5,-3.0,5809,6285,105.0
2026-01-09,4635548,478650710,104.5,101.5,103.5,1.0,3741,6285,103.0
2026-01-12,18527417,2029570882,112.5,104.0,111.0,7.5,14531,6285,105.0
2026-01-13,13282356,1447392038,113.0,106.5,107.0,-4.0,9994,6285,112.5
2026-01-14,6463529,697484183,109.0,107.0,107.0,0.0,4840,6285,108.0
2026-01-15,4596505,496556129,109.0,107.0,108.5,1.5,3631,6285,108.0
2026-01-16,4897697,530660190,111.0,107.0,108.0,-0.5,4023,6285,111.0
2026-01-19,12079831,1430287281,118.5,117.0,118.5,10.5,6535,6285,118.0
2026-01-20,40623032,5243547052,130.0,124.0,130.0,11.5,19982,6285,124.5
2026-01-21,35449984,4674463824,137.0,128.0,128.5,-1.5,25328,6285,134.0
2026-01-22,22104577,3109904171,141.0,138.0,141.0,12.5,12221,6285,141.0
2026-01-23,66634455,10194073526,155.0,147.5,155.0,14.0,37321,6285,151.5
2026-01-26,63600165,10064770227,166.0,152.5,157.5,2.5,42157,6285,157.0
2026-01-27,37338917,5948641912,165.0,152.0,160.0,2.5,25052,6285,157.5
2026-01-28,39156265,6575394769,173.5,159.5,167.0,7.0,40157,6285,162.0
2026-01-29,54548634,9834903461,183.5,171.0,176.5,9.5,35952,6285,171.5
2026-01-30,57983113,10574358153,192.0,175.0,185.0,8.5,38405,6285,176.5
2026-02-02,57456084,10879198622,197.5,179.0,183.0,-2.0,41010,6285,190.5
2026-02-03,50911673,10027963522,201.0,190.5,196.0,13.0,36604,6285,190.5
2026-02-04,43658285,8652985864,207.5,186.5,207.5,11.5,33291,6285,196.0
2026-02-05,34095202,6515375701,202.5,187.0,187.0,-20.5,30966,6285,201.0
2026-02-06,43814227,7492165175,178.0,168.5,175.0,-12.0,35076,6285,172.0
2026-02-09,37952715,6808114394,190.0,172.5,173.0,-2.0,27529,6285,190.0
2026-02-10,37893723,6505293168,180.0,167.5,172.5,-0.5,31056,6285,179.0
2026-02-11,21985696,3802396036,177.5,169.0,172.0,-0.5,18093,6285,173.5
2026-02-23,38508808,6925527947,188.0,169.5,180.5,8.5,27437,6285,171.5
2026-02-24,52290065,9889590428,197.5,178.5,188.5,8.0,45220,6285,182.5
2026-02-25,32398898,6061312191,192.0,182.0,190.0,1.5,29827,6285,190.0
2026-02-26,22191710,4173588656,191.5,184.0,187.0,-3.0,19430,6285,188.0
2026-03-02,37222683,6986666454,194.5,177.5,184.5,-2.5,32312,6285,177.5
2026-03-03,45201299,8261335754,195.0,174.5,176.5,-8.0,48681,6285,186.5
2026-03-04,28420320,4660507834,174.5,159.0,159.5,-17.0,27415,6285,169.5
2026-03-05,19845336,3313456990,172.5,162.5,164.5,5.0,15791,6285,170.5
2026-03-06,12349533,2036745173,167.5,161.0,166.0,1.5,9585,6285,164.0
2026-03-09,14590474,2194191598,153.0,149.5,152.0,-14.0,13421,6285,150.0
2026-03-10,14236896,2213446930,159.5,151.0,156.5,4.5,11187,6285,159.0
2026-03-11,15434026,2532992788,168.5,158.0,163.5,7.0,13596,6285,158.5
2026-03-12,14135928,2356804903,170.0,162.5,167.5,4.0,12133,6285,164.0
2026-03-13,15266458,2541289977,172.0,160.0,167.5,0.0,11998,6285,162.5
2026-03-16,17271539,2975264697,175.0,168.0,175.0,7.5,13448,6285,171.5
2026-03-17,19394321,3425400571,181.5,172.5,176.5,1.5,16623,6285,181.0
2026-03-18,13757886,2415888409,181.0,172.5,173.5,-3.0,12739,6285,179.5
2026-03-19,11164511,1957319494,178.0,171.5,173.0,-0.5,10484,6285,173.0
2026-03-20,28519210,5047353101,183.0,170.5,173.5,0.5,21485,6285,177.5
2026-03-23,11529566,1924189696,171.0,164.0,166.0,-7.5,15799,6285,166.0
2026-03-24,16696799,2848048681,175.0,165.0,167.0,1.0,13383,6285,171.0
2026-03-25,19546487,3514662611,183.0,173.5,180.0,13.0,18874,6285,173.5
2026-03-26,37200389,6760786478,190.0,172.0,172.0,-8.0,41594,6285,183.0
2026-03-27,46939719,8628075570,189.0,168.5,188.5,16.5,40883,6285,169.0
2026-03-30,33593563,6006537224,188.0,172.0,179.0,-9.5,37740,6285,186.0
2026-03-31,20739183,3584229218,179.5,168.0,170.0,-9.0,19063,6285,174.0
2026-04-01,24963032,4498111515,184.5,176.0,178.0,8.0,19815,6285,180.0
2026-04-02,26648359,4796286960,185.0,176.0,179.5,1.5,28459,6285,181.5
2026-04-07,37637727,7262125096,197.0,181.5,197.0,17.5,28791,6285,185.0
2026-04-08,67261729,14110708105,216.5,201.5,216.5,19.5,52964,6285,212.0
2026-04-09,57691400,12864492126,229.0,213.5,226.0,9.5,52887,6285,223.0
2026-04-10,31774755,7183886894,233.0,220.5,225.5,-0.5,32413,6285,229.5
2026-04-13,30392585,7326248710,248.0,226.0,248.0,22.5,25403,6285,227.0
2026-04-14,60205482,13903740189,251.0,224.0,224.0,-24.0,58327,6285,251.0
2026-04-15,51673590,12318063536,245.0,230.0,243.0,19.0,43647,6285,231.0
2026-04-16,53385894,13707431432,267.0,244.0,267.0,24.0,47949,6285,251.0
2026-04-17,52865825,14107242521,274.5,259.0,264.5,-2.5,52782,6285,268.0
2026-04-20,33051610,8439802420,266.5,251.0,251.5,-13.0,36382,6285,265.5
2026-04-21,37520219,9340031970,261.5,241.0,249.5,-2.0,36087,6285,254.5
2026-04-22,22137041,5394172015,251.5,240.0,241.5,-8.0,29553,6285,251.5
2026-04-23,41075733,9197572109,241.0,217.5,217.5,-24.0,41400,6285,241.0
2026-04-24,28404777,5941097052,217.0,203.5,208.5,-9.0,31222,6285,217.0
2026-04-27,29501340,6174260909,214.0,200.0,211.5,3.0,40595,6285,212.5
2026-04-28,25868369,5584194277,222.0,209.5,217.5,6.0,38686,6285,212.5
2026-04-29,11447345,2434525191,216.0,208.5,213.0,-4.5,13618,6285,215.0
2026-04-30,16699590,3649206694,222.5,212.5,216.0,3.0,16935,6285,214.5
2026-05-04,24467377,5534462192,233.0,217.5,226.5,10.5,24568,6285,221.0
2026-05-05,24099250,5483398356,233.0,221.5,233.0,6.5,24566,6285,228.0
2026-05-06,31647686,7259910280,238.5,222.0,233.0,0.0,28845,6285,235.0
2026-05-07,46404119,11621612846,256.0,237.0,256.0,23.0,42798,6285,240.5
2026-05-08,49912937,12745796761,270.0,241.5,247.5,-8.5,65896,6285,250.0
2026-05-11,26743862,6949732179,266.5,250.5,259.0,11.5,25046,6285,253.0
2026-05-12,47530777,12988605673,282.5,262.0,282.0,23.0,44271,6285,266.0
2026-05-13,22772262,6223606165,281.5,268.0,270.5,-11.5,24624,6285,276.0
2026-05-14,35882959,9737122315,286.0,260.0,262.0,-8.5,34704,6285,280.0
2026-05-15,20712953,5456053239,271.0,258.0,260.0,-2.0,18590,6285,265.5
2026-05-18,38831000,10777180606,286.0,254.0,286.0,26.0,41350,6285,254.0
2026-05-19,55259593,16423369005,310.0,287.5,292.0,6.0,55466,6285,290.5
2026-05-20,43247428,12475184640,302.5,278.0,279.0,-13.0,54436,6285,296.0
2026-05-21,24906402,7050212435,293.0,276.0,280.5,1.5,29033,6285,287.0
2026-05-22,30884029,8981114973,298.0,279.0,296.0,15.5,29469,6285,281.0
2026-05-25,35285750,10765268457,317.0,297.5,298.0,2.0,37698,6285,303.0
2026-05-26,21738108,6548763071,308.5,290.0,304.5,6.5,22578,6285,302.0
2026-05-27,29309069,9143550657,320.0,305.0,311.5,7.0,28901,6285,309.0
2026-05-28,30735473,9831363664,336.5,302.0,304.0,-7.5,34217,6285,324.0
2026-05-29,26333214,8415096062,331.0,307.5,319.0,15.0,27999,6285,316.0
2026-06-01,17008580,5357477238,321.0,308.5,314.0,-5.0,22078,6285,321.0
2026-06-02,13205587,4076438424,320.5,303.5,306.0,-8.0,16542,6285,315.0
2026-06-03,10693104,3297448895,314.0,303.0,306.0,0.0,12692,6285,309.0
2026-06-04,11401407,3374966607,305.0,289.0,296.0,-10.0,16371,6285,303.0
2026-06-05,12424943,3622577479,301.5,284.0,292.0,-4.0,15268,6285,293.0
2026-06-08,9780056,2629813594,276.5,263.0,273.5,-18.5,14431,6285,263.0
2026-06-09,15941443,4533990456,290.0,280.5,286.5,13.0,17481,6285,288.5
2026-06-10,16489267,4667083937,295.0,269.0,270.0,-16.5,20886,6285,280.0
2026-06-11,17629497,4839368341,286.0,264.5,272.5,2.5,20705,6285,271.0
2026-06-12,24730157,6912056814,296.0,269.0,270.0,-2.5,26857,6285,291.0
