date,capacity,turnover,high,low,close,change,transaction_volume,stock_code_id,open
2015-02-02,7551402,325527092,43.95,42.35,42.6,-0.65,3910,9904,43.5
2015-02-03,7372346,318736532,43.6,42.8,43.6,1.0,4224,9904,42.9
2015-02-04,17823146,809440383,46.5,43.95,45.5,1.9,8851,9904,43.95
2015-02-05,8818609,394494380,45.5,44.5,44.8,-0.7,4406,9904,45.5
2015-02-06,8815036,385958066,45.0,43.25,43.8,-1.0,4260,9904,44.8
2015-02-09,6723319,291510438,43.9,42.85,43.05,-0.75,3250,9904,43.9
2015-02-10,7995861,348414788,43.9,42.85,43.7,0.65,3748,9904,43.05
2015-02-11,7731978,341355282,44.4,43.4,44.2,0.5,4110,9904,43.5
2015-02-12,14981692,677073959,45.65,44.4,45.5,1.3,6894,9904,44.4
2015-02-13,8840826,400640595,45.55,44.8,45.3,-0.2,3944,9904,45.5
2015-02-24,8246870,376897940,46.1,44.9,45.9,0.6,4073,9904,45.95
2015-02-25,10033908,462532197,46.5,45.65,46.5,0.6,4562,9904,45.9
2015-02-26,7145304,325698430,46.2,45.3,45.3,-1.2,3487,9904,46.2
2015-03-02,5145937,232735775,46.0,44.9,45.3,0.0,2690,9904,46.0
2015-03-03,8910863,395931038,45.3,43.9,44.4,-0.9,4801,9904,45.2
2015-03-04,18502853,846763362,47.0,43.7,46.45,2.05,8829,9904,43.7
2015-03-05,7109683,325759737,46.6,45.5,45.65,-0.8,3990,9904,46.5
2015-03-06,9127360,424282623,47.0,45.3,46.65,1.0,4406,9904,46.0
2015-03-09,3380033,156021684,46.6,46.0,46.05,-0.6,2407,9904,46.35
2015-03-10,12408093,582234042,47.7,45.75,47.4,1.35,5808,9904,46.3
2015-03-11,8430369,399383758,48.2,46.55,47.45,0.05,3863,9904,46.9
2015-03-12,10478960,501909994,48.3,46.7,47.9,0.45,3838,9904,47.45
2015-03-13,23562661,1123246727,48.25,47.55,47.6,-0.3,2820,9904,47.9
2015-03-16,5512209,264038627,48.2,47.25,47.95,0.35,2864,9904,47.6
2015-03-17,8130288,382324214,48.2,46.45,46.45,-1.5,4490,9904,48.0
2015-03-18,8423975,397399246,47.8,46.2,47.2,0.75,4962,9904,46.45
2015-03-19,6883033,326553028,47.9,47.2,47.6,0.4,4289,9904,47.6
2015-03-20,14167511,697280097,50.9,46.8,50.9,3.3,4506,9904,47.5
2015-03-23,14443192,688373099,48.7,47.35,47.45,-3.45,6542,9904,48.0
2015-03-24,19650691,924188846,47.8,46.95,46.95,-0.5,3368,9904,47.6
2015-03-25,10456629,481856182,47.45,45.0,45.25,-1.7,6090,9904,46.9
2015-03-26,20428983,932992698,46.0,44.8,45.75,0.5,4697,9904,45.0
2015-03-27,10255706,474175539,46.95,45.7,45.85,0.1,5485,9904,45.85
2015-03-30,25139450,1180763900,47.4,46.4,47.05,1.2,5133,9904,46.4
2015-03-31,22894267,1023310752,46.5,43.8,43.8,-3.25,10299,9904,46.1
2015-04-01,17524616,793326900,46.0,43.9,45.1,1.3,9149,9904,43.9
2015-04-02,9841361,454874899,46.8,45.05,46.65,1.55,5100,9904,45.25
2015-04-07,5371177,251001542,47.2,46.15,46.15,-0.5,3027,9904,46.8
2015-04-08,13324935,610432689,47.15,44.9,45.2,-0.95,7069,9904,46.3
2015-04-09,11121872,503098394,46.5,44.1,44.5,-0.7,4859,9904,45.55
2015-04-10,9928173,443489637,45.2,44.3,44.5,0.0,6383,9904,45.2
2015-04-13,11429230,517689030,46.1,44.8,46.1,1.6,5131,9904,44.95
2015-04-14,13478319,613855454,46.0,45.05,45.2,-0.9,5236,9904,46.0
2015-04-15,12661084,567612653,45.6,44.15,44.2,-1.0,6052,9904,45.2
2015-04-16,8918340,399179553,45.8,44.25,44.75,0.55,4999,9904,45.8
2015-04-17,7572171,333910174,44.75,43.85,43.9,-0.85,3714,9904,44.75
2015-04-20,6224149,269543807,43.9,42.85,43.0,-0.9,3791,9904,43.5
2015-04-21,9193294,387578736,43.65,41.5,41.7,-1.3,4357,9904,43.5
2015-04-22,10801698,459737183,43.0,41.7,42.7,1.0,4366,9904,41.75
2015-04-23,10180581,444303351,43.95,43.2,43.85,1.15,4676,9904,43.35
2015-04-24,8026510,357492246,44.85,44.0,44.3,0.45,4585,9904,44.0
2015-04-27,8700746,391181878,45.6,44.3,44.3,0.0,4059,9904,44.4
2015-04-28,5895171,259227590,44.75,43.5,43.9,-0.4,3203,9904,44.3
2015-04-29,7662289,333639470,44.45,43.05,43.05,-0.85,4744,9904,43.7
2015-04-30,8172068,354326024,44.1,43.05,43.05,0.0,4014,9904,43.55
2015-05-04,3432600,148544497,43.55,42.8,43.3,0.25,1748,9904,43.15
2015-05-05,4508556,193917914,43.45,42.7,42.8,-0.5,3125,9904,43.3
2015-05-06,5800025,249697307,43.4,42.3,43.0,0.2,3280,9904,42.8
2015-05-07,9038665,397577160,44.8,42.55,44.2,1.2,5243,9904,43.0
2015-05-08,10042248,443794477,44.8,43.55,44.15,-0.05,5439,9904,44.2
2015-05-11,6135344,273698067,45.0,43.9,44.95,0.8,3555,9904,44.3
2015-05-12,24027023,1123130520,48.0,45.0,47.1,2.15,10268,9904,45.0
2015-05-13,14586030,697429791,48.5,47.0,47.2,0.1,6956,9904,47.5
2015-05-14,10907516,519147850,48.4,46.85,46.85,-0.35,5233,9904,47.5
2015-05-15,6218899,289124813,47.05,46.15,46.45,-0.4,3003,9904,46.6
2015-05-18,10976331,524114977,48.5,46.8,48.5,2.05,4748,9904,47.4
2015-05-19,18331544,881646663,48.55,47.85,48.1,-0.4,5178,9904,48.5
2015-05-20,8034300,381184650,48.4,46.8,47.2,-0.9,4878,9904,48.3
2015-05-21,5667960,261522795,46.8,45.85,46.1,-1.1,3227,9904,46.8
2015-05-22,4329682,201668253,46.9,46.25,46.65,0.55,2463,9904,46.75
2015-05-25,3272426,153853657,47.65,46.15,46.95,0.3,1606,9904,46.65
2015-05-26,4521859,212997202,47.65,46.45,46.9,-0.05,1978,9904,47.15
2015-05-27,3464738,162007409,46.9,46.4,46.85,-0.05,1992,9904,46.8
2015-05-28,10154534,464630270,46.85,45.1,45.25,-1.6,5085,9904,46.8
2015-05-29,17476897,768831268,45.25,43.5,44.0,-1.25,5397,9904,45.25
2015-06-01,5600391,244613673,44.3,43.35,43.7,-0.3,3609,9904,44.0
2015-06-02,5496082,240682779,44.35,43.3,44.0,0.3,2883,9904,43.65
2015-06-03,9897699,435215022,44.2,43.4,44.0,0.0,2650,9904,44.0
2015-06-04,9636282,417522391,44.85,42.1,42.4,-1.6,5169,9904,43.8
2015-06-05,8953241,382707178,43.6,42.0,43.3,0.9,3768,9904,42.3
2015-06-08,17435887,719523872,42.6,39.8,41.75,-1.55,7642,9904,42.25
2015-06-09,6883151,283212312,41.8,40.1,41.25,-0.5,3741,9904,40.25
2015-06-10,8185374,342004049,42.8,40.25,42.5,1.25,4313,9904,41.8
2015-06-11,7178115,304822630,43.3,42.0,42.0,-0.5,4205,9904,43.2
2015-06-12,6256767,264361068,42.8,41.8,42.1,0.1,3112,9904,42.0
2015-06-15,7383045,311167113,42.9,41.2,42.9,0.8,3315,9904,42.1
2015-06-16,5754159,242637778,43.0,42.0,42.05,-0.85,3269,9904,43.0
2015-06-17,7120159,304387787,43.2,41.7,42.65,0.6,4029,9904,42.1
2015-06-18,6746530,290234202,43.4,42.2,42.95,0.3,3210,9904,42.75
2015-06-22,21564484,972699362,45.75,43.1,45.4,2.45,6146,9904,43.1
2015-06-23,11330959,505739291,45.4,43.75,44.0,-1.4,4455,9904,45.4
2015-06-24,9175100,400426468,44.1,43.1,44.0,0.0,3228,9904,43.7
2015-06-25,18952575,827056311,44.5,43.1,43.7,-0.3,4163,9904,44.3
2015-06-26,11909841,523380376,44.15,43.3,44.0,0.3,2609,9904,43.75
2015-06-29,2661432,115993739,44.0,43.3,43.35,-0.65,1664,9904,44.0
2015-06-30,5252475,228677601,44.0,42.8,44.0,0.65,2608,9904,43.1
2015-07-01,4742652,207972941,44.4,43.55,43.6,-0.4,2667,9904,44.4
2015-07-02,5981042,261336406,44.2,43.35,43.35,-0.25,3000,9904,43.65
2015-07-03,15209192,660559408,43.6,42.75,43.5,0.15,2871,9904,43.5
2015-07-06,4908379,208802198,43.2,42.2,42.25,-1.25,2821,9904,43.0
2015-07-07,5002508,206318492,41.55,40.95,41.05,0.0,2178,9904,41.0
2015-07-08,9016215,356701353,40.75,38.65,38.65,-2.4,4183,9904,40.7
2015-07-09,9574122,371770658,40.0,37.0,39.0,0.35,4831,9904,38.55
2015-07-13,6243673,247929998,40.3,38.8,40.1,1.1,3566,9904,39.4
2015-07-14,6214741,247267413,40.35,39.25,39.5,-0.6,3657,9904,40.1
2015-07-15,5050377,201666188,40.3,39.15,40.25,0.75,3149,9904,39.9
2015-07-16,3997311,160231053,40.5,39.85,40.1,-0.15,2457,9904,40.4
2015-07-17,4163544,166291067,40.25,39.65,39.9,-0.2,2005,9904,40.1
2015-07-20,3965254,155708295,40.3,38.8,38.85,-1.05,2144,9904,40.25
2015-07-21,7689967,305091167,40.4,38.5,40.3,1.45,2951,9904,39.0
2015-07-22,8976417,367894804,41.7,39.8,41.0,0.7,3904,9904,40.0
2015-07-23,8118059,335194666,41.8,40.7,41.2,0.2,2999,9904,40.85
2015-07-24,14190653,592619731,41.85,40.85,41.85,0.65,1991,9904,41.2
2015-07-27,24369521,1064399889,44.6,42.3,43.6,1.75,6487,9904,42.3
2015-07-28,24171224,1003251642,42.75,40.6,41.5,-2.1,7775,9904,42.0
2015-07-29,15306432,646140594,43.2,41.2,42.1,0.6,7038,9904,42.0
2015-07-30,15655152,680754652,44.45,42.3,43.7,1.6,6019,9904,42.3
2015-07-31,12127449,537250655,45.05,43.05,44.8,1.1,5463,9904,43.75
2015-08-03,6993891,310014053,45.0,43.4,44.9,0.1,3249,9904,44.1
2015-08-04,8792093,386276889,45.3,42.8,43.55,-1.35,5065,9904,45.3
2015-08-05,6837620,299961790,44.45,43.2,44.45,0.9,4398,9904,43.9
2015-08-06,4423235,195153637,45.2,43.4,43.4,-1.05,2531,9904,45.0
2015-08-07,5596752,247121029,44.65,43.05,44.4,1.0,2834,9904,43.1
2015-08-10,5282904,235356220,44.9,43.9,44.5,0.1,2263,9904,44.5
2015-08-11,8262238,369029322,45.2,44.15,44.15,-0.35,3469,9904,44.85
2015-08-12,9680956,436269923,45.65,44.1,45.6,1.45,4519,9904,44.15
2015-08-13,13860307,642250162,47.1,45.4,46.25,0.65,5825,9904,45.6
2015-08-14,12375395,591594760,48.35,46.45,48.25,2.0,5815,9904,46.5
2015-08-17,9857198,473985666,49.5,47.5,47.5,-0.75,5318,9904,49.35
2015-08-18,13756358,673423782,49.65,47.85,48.5,1.0,6914,9904,47.95
2015-08-19,12376808,611846632,50.4,48.5,48.7,0.2,6657,9904,49.0
2015-08-20,22061645,1111378200,51.7,48.85,50.5,1.8,10247,9904,49.2
2015-08-21,18826808,921909828,50.5,47.15,49.05,-1.45,9290,9904,49.55
2015-08-24,14913331,675468596,48.1,44.15,44.15,-4.9,7168,9904,47.0
2015-08-25,16986562,787706327,48.5,43.3,47.9,3.75,8494,9904,44.1
2015-08-26,17828301,846205239,48.3,46.0,47.6,-0.3,8542,9904,46.95
2015-08-27,13992827,675923346,49.8,46.75,46.75,-0.85,6661,9904,48.2
2015-08-28,11882756,568691189,48.7,46.9,47.9,1.15,5614,9904,47.55
2015-08-31,23513355,1190462804,52.6,48.1,52.6,4.7,10024,9904,48.5
2015-09-01,13995352,713760260,52.2,50.3,50.3,-2.3,7097,9904,51.9
2015-09-02,14931623,749270959,51.5,49.35,49.8,-0.5,6958,9904,49.7
2015-09-03,11737702,601185666,52.0,49.9,51.5,1.7,6459,9904,50.3
2015-09-04,10330554,521628412,51.6,49.5,49.5,-2.0,5149,9904,51.0
2015-09-07,6133119,302811780,49.9,48.85,49.5,0.0,3840,9904,49.0
2015-09-08,6179838,304797919,50.1,48.7,48.9,-0.6,3725,9904,50.1
2015-09-09,12646394,642408626,51.5,49.7,51.0,2.1,6596,9904,49.8
2015-09-10,11996232,600572108,50.7,49.7,50.1,-0.9,5408,9904,50.1
2015-09-11,8564970,433252121,51.2,49.95,50.5,0.4,4680,9904,50.1
2015-09-14,8883892,440954370,50.8,48.9,49.75,-0.75,4438,9904,50.8
2015-09-15,10904366,528735396,49.7,47.85,48.3,-1.45,5433,9904,49.7
2015-09-16,13171155,645159761,49.45,48.45,49.2,0.9,6686,9904,48.8
2015-09-17,8727009,434082882,50.3,49.4,49.5,0.3,4689,9904,50.0
2015-09-18,6105121,301365846,49.95,48.9,49.25,-0.25,2847,9904,49.3
2015-09-21,7747888,370829422,48.95,47.35,47.75,-1.5,4491,9904,48.9
2015-09-22,5608602,268794518,48.25,47.6,48.0,0.25,3293,9904,48.0
2015-09-23,7078605,340371734,48.75,47.4,48.4,0.4,3458,9904,47.8
2015-09-24,5479966,262731868,48.85,47.15,47.55,-0.85,3274,9904,48.6
2015-09-25,16691616,826869691,50.2,48.35,49.45,1.9,7694,9904,48.55
2015-09-30,12953111,641339218,50.3,48.8,49.35,-0.1,6083,9904,48.9
2015-10-01,15211746,780432767,52.1,50.2,51.0,1.65,7317,9904,50.5
2015-10-02,8983844,463632090,52.0,51.1,51.4,0.4,4924,9904,51.5
2015-10-05,12949967,678490936,53.1,51.7,52.4,1.0,5751,9904,52.0
2015-10-06,12742600,668304332,53.6,51.4,52.8,0.4,6185,9904,53.3
2015-10-07,20859533,1077093082,52.5,51.1,51.7,-1.1,5380,9904,52.1
2015-10-08,13547088,670582452,51.7,48.6,48.65,-3.05,6726,9904,51.7
2015-10-12,16014784,770017295,49.1,47.55,48.35,-0.3,8351,9904,48.6
2015-10-13,10188854,493059721,48.9,48.0,48.2,-0.15,5293,9904,48.4
2015-10-14,10956764,520237834,48.05,47.2,47.3,-0.9,5462,9904,47.6
2015-10-15,8625774,415387332,48.45,47.7,48.25,0.95,4808,9904,47.75
2015-10-16,8059423,387731454,48.7,47.75,47.85,-0.4,4533,9904,48.65
2015-10-19,6533249,316642920,48.65,48.1,48.25,0.4,3839,9904,48.1
2015-10-20,7093441,346065979,48.95,48.55,48.95,0.7,4138,9904,48.7
2015-10-21,6760313,329971986,49.2,48.45,48.55,-0.4,3658,9904,49.2
2015-10-22,4158797,200758169,48.7,48.05,48.15,-0.4,2521,9904,48.55
2015-10-23,6909888,335057851,48.9,48.05,48.55,0.4,4104,9904,48.65
2015-10-26,7136274,346358983,49.0,48.15,48.55,0.0,3947,9904,48.7
2015-10-27,5464154,263128798,48.9,47.75,48.0,-0.55,3299,9904,48.3
2015-10-28,7887032,375423954,48.5,47.1,47.6,-0.4,4435,9904,48.0
2015-10-29,9367448,438366958,47.9,46.1,46.7,-0.9,5125,9904,47.85
2015-10-30,11191388,515129015,46.85,45.65,46.0,-0.7,6530,9904,46.7
2015-11-02,11678167,546764940,47.5,45.95,47.35,1.35,6233,9904,46.0
2015-11-03,5942106,283067101,47.9,47.4,47.45,0.1,2978,9904,47.6
2015-11-04,7563765,363738719,48.4,47.2,48.35,0.9,4097,9904,47.65
2015-11-05,4633408,224653884,48.75,47.8,48.25,-0.1,2987,9904,48.35
2015-11-06,7374583,351577888,48.5,47.1,47.55,-0.7,3102,9904,48.1
2015-11-09,3758840,177376930,47.65,46.8,46.8,-0.75,2360,9904,47.4
2015-11-10,4503813,210966342,47.2,46.55,46.8,0.0,2362,9904,46.6
2015-11-11,6551492,301739182,47.05,45.65,45.8,-1.0,3328,9904,47.0
2015-11-12,4661391,214542036,46.3,45.65,46.0,0.2,2212,9904,45.8
2015-11-13,4933989,223907395,46.0,45.0,45.0,-1.0,2646,9904,45.65
2015-11-16,4355929,196810773,45.65,44.5,45.3,0.3,2617,9904,44.8
2015-11-17,11550263,518363025,45.85,44.2,44.2,-1.1,5591,9904,45.8
2015-11-18,9543213,423193972,44.75,44.0,44.0,-0.2,4908,9904,44.45
2015-11-19,7514997,340644898,46.0,44.2,46.0,2.0,4549,9904,44.6
2015-11-20,5094235,230617135,45.95,45.0,45.3,-0.7,3349,9904,45.95
2015-11-23,5600525,257557122,46.45,45.3,46.45,1.15,3071,9904,45.9
2015-11-24,7827127,353004515,46.15,44.4,44.9,-1.55,4437,9904,45.8
2015-11-25,4788984,215229561,45.3,44.5,45.3,0.4,3194,9904,44.5
2015-11-26,3753932,169985774,45.7,45.0,45.1,-0.2,2472,9904,45.5
2015-11-27,4106664,187010287,45.9,45.2,45.55,0.45,2587,9904,45.2
2015-11-30,16288498,713505504,45.3,43.05,43.45,-2.1,6003,9904,44.65
2015-12-01,7665160,337789550,44.5,43.6,44.1,0.65,4516,9904,43.6
2015-12-02,6160655,275584179,45.25,43.85,44.45,0.35,3606,9904,43.85
2015-12-03,5958168,261896290,44.45,43.2,43.75,-0.7,3840,9904,43.7
2015-12-04,9239853,396416098,43.65,42.5,42.55,-1.2,5247,9904,43.6
2015-12-07,5067532,220579735,43.8,42.9,43.7,1.15,3265,9904,43.0
2015-12-08,4871787,209871891,43.7,42.65,42.9,-0.8,3308,9904,43.7
2015-12-09,5988816,252590776,43.3,41.85,41.9,-1.0,3423,9904,42.75
2015-12-10,6922489,291280203,42.8,41.35,42.2,0.3,3870,9904,41.35
2015-12-11,8140700,339187145,42.55,41.3,41.3,-0.9,3915,9904,42.5
2015-12-14,4198132,170578027,41.25,40.2,40.75,-0.55,2326,9904,40.4
2015-12-15,4844507,200298201,41.75,41.05,41.05,0.3,2491,9904,41.45
2015-12-16,6400558,262284121,41.5,40.55,40.65,-0.4,3302,9904,41.3
2015-12-17,9950563,420597884,43.0,40.8,42.95,2.3,5237,9904,40.85
2015-12-18,6313661,263576553,42.6,41.5,41.5,-1.45,3098,9904,42.6
2015-12-21,3004383,125365486,42.1,41.05,42.0,0.5,1721,9904,41.05
2015-12-22,3919194,165265430,42.5,41.95,42.2,0.2,1826,9904,42.45
2015-12-23,6288406,269748529,43.15,42.4,42.7,0.5,3450,9904,42.55
2015-12-24,3926870,170092723,43.75,43.0,43.05,0.35,2300,9904,43.15
2015-12-25,3823914,166927906,44.0,43.3,43.35,0.3,2304,9904,43.65
2015-12-28,3102411,135424249,44.0,43.4,43.4,0.05,1874,9904,43.9
2015-12-29,4053247,173722388,43.7,42.3,42.65,-0.75,2070,9904,43.5
2015-12-30,3122432,131871680,43.05,41.9,42.1,-0.55,1905,9904,42.65
2015-12-31,3862499,165733951,43.25,42.15,43.1,1.0,1877,9904,42.15
2016-01-04,4706911,197309610,43.55,41.5,41.7,-1.4,2801,9904,43.1
2016-01-05,8979334,379033722,42.6,41.65,42.25,0.55,4603,9904,41.7
2016-01-06,5521834,236338594,43.15,42.4,42.65,0.4,3171,9904,42.4
2016-01-07,9080409,379321421,43.35,41.0,42.0,-0.65,4256,9904,42.65
2016-01-08,5820914,247455381,42.8,41.8,42.75,0.75,2928,9904,41.85
2016-01-11,4779639,201845338,42.8,41.5,42.0,-0.75,2860,9904,42.0
2016-01-12,3815616,162181376,42.8,42.0,42.55,0.55,2080,9904,42.65
2016-01-13,5271071,222017583,42.95,41.7,42.1,-0.45,2673,9904,42.8
2016-01-14,9073780,365290974,41.45,39.65,40.1,-2.0,4295,9904,41.45
2016-01-15,9616701,384576190,40.6,39.55,40.1,0.0,3765,9904,40.5
2016-01-18,4626583,183816130,40.3,39.1,40.0,-0.1,2973,9904,39.25
2016-01-19,7967624,311075496,39.85,38.65,38.85,-1.15,4089,9904,39.8
2016-01-20,11729102,446043219,39.2,37.3,37.7,-1.15,5608,9904,38.8
2016-01-21,9097668,341514978,38.45,37.15,37.15,-0.55,4219,9904,38.0
2016-01-22,11521810,423548539,37.9,36.1,36.15,-1.0,5540,9904,37.8
2016-01-25,7310258,272057750,37.7,36.55,37.25,1.1,3935,9904,36.6
2016-01-26,6999046,257693394,37.4,36.5,36.75,-0.5,3386,9904,37.4
2016-01-27,7343822,267803418,37.35,36.1,36.2,-0.55,3741,9904,37.35
2016-01-28,13377605,502783200,38.3,36.3,37.75,1.55,6250,9904,36.4
2016-01-29,22423948,898134787,41.3,38.15,41.3,3.55,10766,9904,38.3
2016-01-30,6647174,273853684,42.4,40.65,41.0,-0.3,3005,9904,41.8
2016-02-01,7811062,313357825,41.25,39.55,40.1,-0.9,4273,9904,41.0
2016-02-02,7924603,313894120,40.2,39.3,39.5,-0.6,4491,9904,39.6
2016-02-03,7116440,276835663,39.45,38.6,38.6,-0.9,3578,9904,39.0
2016-02-15,8327254,327449754,39.8,38.7,39.65,1.05,5232,9904,38.9
2016-02-16,8416593,336857255,40.4,39.75,39.75,0.1,3787,9904,40.35
2016-02-17,8631324,346883602,40.35,39.9,40.3,0.55,3688,9904,39.95
2016-02-18,12278129,506346286,41.55,40.5,41.5,1.2,5186,9904,40.6
2016-02-19,5179738,213013956,41.45,40.85,41.15,-0.35,2455,9904,41.1
2016-02-22,6001349,249944639,42.2,40.95,41.45,0.3,2791,9904,41.15
2016-02-23,6024585,248710655,41.6,40.9,41.35,-0.1,2923,9904,41.1
2016-02-24,11546828,463813570,41.55,39.5,39.7,-1.65,5571,9904,41.05
2016-02-25,12187165,499165450,41.55,39.95,41.55,1.85,4121,9904,40.0
2016-02-26,6830636,283186076,42.35,40.9,41.25,-0.3,2825,9904,42.3
2016-03-01,6015511,249338693,41.9,40.75,41.8,0.55,2917,9904,40.75
2016-03-02,4584160,192273545,42.5,41.8,41.8,0.0,2100,9904,42.5
2016-03-03,5509856,231467702,42.25,41.7,42.2,0.4,3005,9904,41.8
2016-03-04,7570902,316680101,42.0,41.65,41.7,-0.5,3075,9904,41.85
2016-03-07,5369130,225529561,42.3,41.7,41.9,0.2,2737,9904,41.95
2016-03-08,4472031,186379932,42.2,41.15,41.9,0.0,2334,9904,41.9
2016-03-09,8236798,339371687,41.9,41.0,41.1,-0.8,2885,9904,41.65
2016-03-10,4795803,198980836,41.7,41.1,41.5,0.4,2493,9904,41.1
2016-03-11,6604241,273139689,41.9,41.05,41.1,-0.4,3925,9904,41.65
2016-03-14,5515168,226829704,41.4,40.9,40.9,-0.2,2514,9904,41.25
2016-03-15,6053637,246835976,41.4,40.15,40.4,-0.5,3769,9904,41.0
2016-03-16,5575535,226871559,41.0,40.4,40.8,0.4,3308,9904,40.7
2016-03-17,8678580,358160031,41.75,40.85,41.0,0.2,3718,9904,41.15
2016-03-18,10421328,431679451,41.95,41.05,41.2,0.2,3893,9904,41.5
2016-03-21,10658555,449189313,42.95,41.3,42.5,1.3,5084,9904,41.5
2016-03-22,8939156,379481048,42.85,42.05,42.45,-0.05,3816,9904,42.8
2016-03-23,6157662,259608980,42.9,41.8,41.9,-0.55,3089,9904,42.5
2016-03-24,3753245,157636956,42.45,41.55,42.05,0.15,2207,9904,41.95
2016-03-25,4207783,177999087,42.65,41.8,42.4,0.35,2586,9904,41.8
2016-03-28,6031112,258425330,43.0,42.5,42.95,0.55,2821,9904,42.7
2016-03-29,15652803,635615697,42.6,39.45,39.75,-3.2,8162,9904,42.4
2016-03-30,10084701,408943387,41.15,39.95,40.25,0.5,4880,9904,40.0
2016-03-31,10806371,441971524,41.5,40.45,41.0,0.75,4893,9904,40.9
2016-04-01,8446024,340513814,41.15,39.7,40.05,-0.95,4037,9904,40.55
2016-04-06,12683357,496210623,39.75,38.9,38.95,-1.1,5611,9904,39.75
2016-04-07,5280189,209313060,40.0,39.2,40.0,1.05,3135,9904,39.4
2016-04-08,5305830,212303450,40.35,39.6,40.1,0.1,2939,9904,40.0
2016-04-11,3823353,153684148,40.55,39.4,40.3,0.2,2065,9904,40.1
2016-04-12,11246937,452043480,41.2,39.9,39.9,-0.4,3151,9904,40.7
2016-04-13,4485088,182666757,40.9,40.25,40.75,0.85,2500,9904,40.5
2016-04-14,5850424,241164209,41.5,40.75,41.4,0.65,3068,9904,41.05
2016-04-15,5247054,214199940,41.2,40.55,41.0,-0.4,2773,9904,41.2
2016-04-18,2400690,97883940,41.1,40.6,40.8,-0.2,1399,9904,40.85
2016-04-19,3310141,135625833,41.2,40.65,40.9,0.1,1989,9904,41.0
2016-04-20,6119720,246466825,41.2,39.85,40.05,-0.85,3132,9904,41.0
2016-04-21,4958036,197157390,40.25,39.5,39.8,-0.25,3602,9904,40.1
2016-04-22,5202313,209183406,40.8,39.8,40.55,0.75,3430,9904,40.1
2016-04-25,4965048,203546417,41.35,40.55,41.3,0.75,2920,9904,40.6
2016-04-26,6584988,268993308,41.3,40.55,41.0,-0.3,4001,9904,40.7
2016-04-27,4640799,190011972,41.45,40.6,40.95,-0.05,2451,9904,41.2
2016-04-28,11726020,487761875,42.3,41.0,41.6,0.65,5781,9904,41.0
2016-04-29,7141027,292098791,41.5,40.65,40.7,-0.9,4014,9904,41.5
2016-05-03,6514349,259757522,40.75,39.5,40.0,-0.7,3648,9904,40.75
2016-05-04,9674405,377542267,39.85,38.7,38.75,-1.25,4983,9904,39.6
2016-05-05,5632438,220768062,39.7,38.6,39.2,0.45,3480,9904,38.7
2016-05-06,7188690,278214109,39.25,38.5,38.6,-0.6,3610,9904,39.2
2016-05-09,5795938,224377546,39.3,38.25,38.7,0.1,3295,9904,39.0
2016-05-10,3554769,137682904,39.0,38.45,38.7,0.0,2179,9904,38.9
2016-05-11,8009994,316441935,40.0,39.1,39.85,1.15,4424,9904,39.1
2016-05-12,4842707,193791230,40.4,39.65,40.0,0.15,2879,9904,39.85
2016-05-13,6061547,242721452,40.45,39.4,40.15,0.15,3696,9904,39.65
2016-05-16,8202744,338242875,41.7,40.3,41.6,1.45,4548,9904,40.3
2016-05-17,4485166,184908397,41.7,40.8,41.35,-0.25,2695,9904,41.6
2016-05-18,6941702,289881057,42.1,41.05,41.9,0.55,3904,9904,41.2
2016-05-19,6710954,280694729,42.35,41.3,41.8,-0.1,3582,9904,41.9
2016-05-20,6519257,274470324,42.5,41.65,41.95,0.15,3326,9904,41.95
2016-05-23,5291812,223092272,42.5,41.4,42.3,0.35,2630,9904,41.75
2016-05-24,4137034,176514729,42.9,42.25,42.4,0.1,2450,9904,42.3
2016-05-25,5430699,230903208,43.0,42.2,42.2,-0.2,2997,9904,42.8
2016-05-26,2727699,114964508,42.4,41.8,42.2,0.0,1779,9904,42.15
2016-05-27,5443660,231591636,43.0,42.15,42.85,0.65,2623,9904,42.5
2016-05-30,9344125,407241957,44.2,42.7,43.8,0.95,4761,9904,43.1
2016-05-31,7187514,313707219,44.15,43.25,43.75,-0.05,3064,9904,43.8
2016-06-01,6060102,262880058,43.75,43.05,43.55,-0.2,3409,9904,43.7
2016-06-02,4062573,174920350,43.55,42.6,42.65,-0.9,2750,9904,43.15
2016-06-03,5351316,230298517,43.45,42.9,43.0,0.35,3128,9904,42.95
2016-06-04,1319796,56726402,43.05,42.85,42.85,-0.15,915,9904,43.0
2016-06-06,3109923,132707725,43.4,42.35,42.45,-0.4,1766,9904,43.0
2016-06-07,3944103,169060684,43.2,42.5,42.85,0.4,2456,9904,42.7
2016-06-08,6666546,288321834,43.65,42.85,43.0,0.15,3314,9904,43.0
2016-06-13,6530042,282755706,43.6,43.0,43.3,0.3,2621,9904,43.0
2016-06-14,6018023,260880337,43.6,43.15,43.6,0.3,2957,9904,43.3
2016-06-15,7214650,312410401,43.6,42.8,43.25,-0.35,3625,9904,43.6
2016-06-16,8170578,345704835,43.15,41.9,42.2,-1.05,3394,9904,43.05
2016-06-17,6622012,282634753,42.95,42.2,42.65,0.45,2384,9904,42.2
2016-06-20,3981879,170311377,43.0,42.6,42.8,0.15,2128,9904,42.95
2016-06-21,6057254,260947736,43.45,42.8,43.05,0.25,2758,9904,42.8
2016-06-22,4104765,174881367,43.2,42.2,42.7,-0.35,2171,9904,43.2
2016-06-23,3376449,144506078,43.0,42.4,42.7,0.0,1801,9904,42.45
2016-06-24,8116775,335687144,43.2,39.5,41.3,-1.4,3976,9904,43.0
2016-06-27,3040622,125851645,41.65,41.0,41.6,0.3,1731,9904,41.0
2016-06-28,5082717,209385022,41.4,40.8,41.25,-0.35,2457,9904,41.0
2016-06-29,6767248,285227809,42.45,41.3,42.4,1.15,3072,9904,41.6
2016-06-30,6142435,262923471,43.05,42.35,43.05,0.65,2689,9904,42.75
2016-07-01,7478159,324490190,43.65,43.0,43.6,0.55,4114,9904,43.2
2016-07-04,5859043,257397069,44.15,43.35,44.0,0.4,3478,9904,43.65
2016-07-05,6779694,298713036,44.4,43.65,44.0,0.0,3023,9904,43.95
2016-07-06,9370472,400393722,43.5,42.5,42.55,-1.45,4111,9904,43.1
2016-07-07,5946659,247983094,42.0,41.3,41.7,0.0,3047,9904,41.9
2016-07-11,7350700,314183946,42.95,42.1,42.9,1.2,4222,9904,42.2
2016-07-12,9767826,423574642,43.85,42.65,43.6,0.7,5180,9904,43.2
2016-07-13,7571367,329961217,44.05,43.1,43.75,0.15,4087,9904,43.65
2016-07-14,4652016,202504131,43.8,43.0,43.5,-0.25,2655,9904,43.35
2016-07-15,6414012,280755262,43.9,43.5,43.85,0.35,3191,9904,43.85
2016-07-18,8100651,359726241,44.95,43.85,44.6,0.75,4168,9904,43.95
2016-07-19,8564573,383231491,44.9,44.4,44.8,0.2,4147,9904,44.85
2016-07-20,7961582,352518316,44.7,44.05,44.4,-0.4,4362,9904,44.7
2016-07-21,6027487,265153419,44.6,43.6,43.7,-0.7,4013,9904,44.55
2016-07-22,5063386,222730936,44.15,43.6,44.15,0.45,2642,9904,43.7
2016-07-25,3735791,164216656,44.45,43.5,44.0,-0.15,1736,9904,44.35
2016-07-26,3212679,141345812,44.3,43.55,44.05,0.05,2243,9904,44.0
2016-07-27,4583299,202159956,44.4,43.9,44.25,0.2,2826,9904,44.1
2016-07-28,5575443,246243577,44.4,43.3,44.35,0.1,4036,9904,43.95
2016-07-29,4770762,208666061,44.35,43.5,43.5,-0.85,2096,9904,44.35
2016-08-01,4057909,178423812,44.25,43.6,43.95,0.45,2452,9904,43.7
2016-08-02,3288411,144388523,44.05,43.75,43.75,-0.2,1697,9904,44.0
2016-08-03,2706268,117610973,43.8,43.05,43.55,-0.2,1570,9904,43.05
2016-08-04,2112583,91445197,43.7,43.1,43.3,-0.25,1057,9904,43.55
2016-08-05,4335412,191053978,44.25,43.5,44.15,0.85,2116,9904,43.5
2016-08-08,2608392,115161505,44.45,43.8,44.35,0.2,1272,9904,44.45
2016-08-09,7192591,322704010,45.65,44.05,45.35,1.0,3916,9904,44.4
2016-08-10,5709893,256739735,45.25,44.5,45.25,-0.1,2931,9904,45.2
2016-08-11,6638128,299457859,45.5,44.65,45.3,0.05,3072,9904,45.0
2016-08-12,4920100,223840443,45.95,45.05,45.8,0.5,2680,9904,45.3
2016-08-15,4722940,216982899,46.25,45.7,46.0,0.2,1973,9904,45.8
2016-08-16,7317896,333795977,46.0,45.35,45.5,-0.5,3119,9904,46.0
2016-08-17,9893003,450288224,45.9,45.15,45.6,0.1,3999,9904,45.5
2016-08-18,21424113,1036286179,49.8,45.6,49.5,3.9,8510,9904,45.6
2016-08-19,15050082,710195665,49.5,46.2,46.3,-3.2,7987,9904,49.5
2016-08-22,7804400,366175151,47.25,46.45,47.2,0.9,4149,9904,46.5
2016-08-23,4873870,227529495,47.2,46.45,46.65,-0.55,2515,9904,47.1
2016-08-24,4078763,189730645,46.95,46.2,46.65,0.0,2163,9904,46.65
2016-08-25,4489629,207719484,46.65,46.1,46.2,-0.45,2620,9904,46.5
2016-08-26,3757398,175522965,47.2,45.95,47.05,0.85,2177,9904,46.2
2016-08-29,2964603,138054731,47.05,46.1,47.0,-0.05,1659,9904,47.05
2016-08-30,2851931,133910260,47.15,46.75,46.75,-0.25,1451,9904,46.9
2016-08-31,5151487,237730447,46.75,46.0,46.0,-0.75,2379,9904,46.5
2016-09-01,4096650,184216822,45.85,44.7,44.75,-1.25,2771,9904,45.7
2016-09-02,4029716,180190773,45.25,44.15,44.8,0.05,2511,9904,45.0
2016-09-05,3188506,145527564,46.1,45.2,45.7,0.9,1565,9904,45.2
2016-09-06,3285367,151987708,46.5,45.55,46.35,0.65,1791,9904,45.55
2016-09-07,4310965,202614053,47.3,46.3,47.0,0.65,2562,9904,46.4
2016-09-08,4535569,208915224,46.45,45.8,46.0,-1.0,2592,9904,46.35
2016-09-09,2839809,128823326,45.7,45.2,45.45,-0.55,1833,9904,45.5
2016-09-10,1237106,55180500,44.8,44.45,44.55,-0.9,827,9904,44.5
2016-09-12,7397630,320206035,44.3,42.9,43.4,-1.15,4567,9904,43.85
2016-09-13,5010058,217248112,43.7,42.7,43.45,0.05,3024,9904,43.5
2016-09-14,5797349,246660695,43.25,42.3,42.3,-1.15,2516,9904,42.9
2016-09-19,3505845,151805112,43.8,42.9,43.6,1.3,2149,9904,42.9
2016-09-20,4526355,199231554,44.5,43.5,44.05,0.45,2664,9904,43.8
2016-09-21,3252206,143055682,44.4,43.65,44.4,0.35,1723,9904,44.05
2016-09-22,3241349,143406775,45.0,43.8,44.0,-0.4,2233,9904,44.9
2016-09-23,3096630,136784170,44.45,43.55,44.35,0.35,2020,9904,43.9
2016-09-26,2223085,98286390,44.45,43.75,44.2,-0.15,1350,9904,44.0
2016-09-29,5372089,240440504,45.35,44.0,44.9,0.7,3560,9904,44.95
2016-09-30,4728677,209337688,44.65,44.1,44.1,-0.8,2810,9904,44.5
2016-10-03,1937918,86216375,44.85,44.1,44.3,0.2,1203,9904,44.6
2016-10-04,3596384,162039155,45.25,44.5,45.25,0.95,2213,9904,44.6
2016-10-05,3487018,157267103,45.25,44.75,45.25,0.0,1864,9904,44.75
2016-10-06,3009186,135811470,45.45,45.0,45.1,-0.15,1875,9904,45.4
2016-10-07,4410930,195794535,45.05,44.2,44.2,-0.9,1914,9904,45.05
2016-10-11,4603907,201988618,44.55,43.3,44.1,-0.1,2794,9904,43.8
2016-10-12,2564281,112711660,44.25,43.75,43.85,-0.25,1330,9904,44.25
2016-10-13,4298192,187448872,44.45,43.35,43.35,-0.5,2502,9904,43.85
2016-10-14,2231553,97175762,43.8,43.4,43.5,0.15,811,9904,43.5
2016-10-17,2925011,125833723,43.65,42.8,43.2,-0.3,1841,9904,43.6
2016-10-18,2236060,98228372,44.2,43.25,44.15,0.95,1566,9904,43.5
2016-10-19,2500010,110544940,44.45,44.0,44.2,0.05,1551,9904,44.1
2016-10-20,1360609,59828086,44.2,43.8,43.85,-0.35,1050,9904,43.9
2016-10-21,2409832,105041303,44.0,43.35,43.55,-0.3,1426,9904,43.85
2016-10-24,2594301,112879267,43.8,43.3,43.65,0.1,1420,9904,43.45
2016-10-25,4214209,181694933,43.65,42.9,43.1,-0.55,2504,9904,43.65
2016-10-26,2236259,96643637,43.4,42.95,43.2,0.1,1252,9904,43.0
2016-10-27,3616425,154107345,43.25,42.4,42.45,-0.75,1951,9904,43.05
2016-10-28,2693811,115063770,42.95,42.45,42.95,0.5,1564,9904,42.5
2016-10-31,5402678,231009790,43.3,42.05,42.7,-0.25,2315,9904,42.45
2016-11-01,2094896,89048879,42.75,42.3,42.5,-0.2,1343,9904,42.45
2016-11-02,2664955,111764645,42.4,41.8,41.95,-0.55,1669,9904,42.15
2016-11-03,3854312,158902242,42.2,40.8,40.8,-1.15,2231,9904,42.0
2016-11-04,2620941,107278317,41.15,40.8,40.8,0.0,1651,9904,40.8
2016-11-07,2749757,112272827,41.1,40.65,40.8,0.0,1316,9904,41.05
2016-11-08,2710106,111657387,41.6,40.85,41.45,0.65,1381,9904,41.3
2016-11-09,4536705,184839250,42.1,40.2,40.5,-0.95,2382,9904,41.95
2016-11-10,3324155,136695267,42.3,40.7,40.8,0.3,1899,9904,42.3
2016-11-11,6501090,256918072,40.8,39.2,39.35,-1.45,3388,9904,40.8
2016-11-14,3827447,151350774,39.85,39.3,39.5,0.15,2150,9904,39.35
2016-11-15,5620009,224872550,40.4,39.45,39.95,0.45,2967,9904,39.9
2016-11-16,5323266,211729114,40.15,39.55,39.55,-0.4,2499,9904,40.0
2016-11-17,3823712,150151258,39.55,38.95,39.35,-0.2,2168,9904,39.55
2016-11-18,4213679,165142109,39.5,39.0,39.15,-0.2,2476,9904,39.15
2016-11-21,2786322,109502010,39.45,39.15,39.35,0.2,1491,9904,39.15
2016-11-22,6117015,248077398,41.0,39.45,40.7,1.35,3336,9904,39.5
2016-11-23,3806974,154265344,40.95,40.35,40.4,-0.3,2110,9904,40.9
2016-11-24,1812689,73013807,40.6,40.0,40.5,0.1,1152,9904,40.3
2016-11-25,1982018,80310365,40.8,40.2,40.2,-0.3,1068,9904,40.3
2016-11-28,3846937,154280175,40.35,39.95,40.05,-0.15,2163,9904,40.2
2016-11-29,5788332,229017184,40.35,39.4,39.4,-0.65,3397,9904,40.1
2016-11-30,8966365,355973980,39.9,39.5,39.85,0.45,3507,9904,39.5
2016-12-01,4396215,175580616,40.2,39.7,40.1,0.25,2502,9904,39.9
2016-12-02,3643149,144923862,40.1,39.55,39.65,-0.45,1726,9904,40.0
2016-12-05,4059620,159480909,39.65,39.15,39.15,-0.5,2269,9904,39.65
2016-12-06,2554735,101387478,39.8,39.5,39.7,0.55,1478,9904,39.6
2016-12-07,1964181,77936799,39.95,39.55,39.55,-0.15,1166,9904,39.85
2016-12-08,6233410,250866312,40.6,39.7,40.45,0.9,3338,9904,39.8
2016-12-09,3488335,142165924,40.9,40.45,40.85,0.4,2215,9904,40.6
2016-12-12,2146916,87224173,41.0,40.35,40.75,-0.1,1253,9904,41.0
2016-12-13,3622512,148901082,41.35,40.65,41.3,0.55,2149,9904,40.75
2016-12-14,2978494,122585354,41.45,40.9,41.2,-0.1,1723,9904,41.4
2016-12-15,2117917,86437062,41.1,40.6,40.8,-0.4,1111,9904,40.8
2016-12-16,3031744,122539123,40.85,40.2,40.3,-0.5,1113,9904,40.75
2016-12-19,2691141,107418190,40.3,39.75,40.05,-0.25,1518,9904,40.3
2016-12-20,3115919,123619568,40.0,39.5,39.8,-0.25,1817,9904,40.0
2016-12-21,1877579,74587925,39.95,39.65,39.7,-0.1,1063,9904,39.8
2016-12-22,2442890,96599248,39.85,39.45,39.45,-0.25,1454,9904,39.85
2016-12-23,2709387,106228235,39.35,39.1,39.15,-0.3,1733,9904,39.35
2016-12-26,1702937,67396202,39.8,39.2,39.6,0.45,1123,9904,39.3
2016-12-27,1479523,58606254,39.8,39.5,39.55,-0.05,657,9904,39.8
2016-12-28,3301098,131285154,40.0,39.45,39.9,0.35,1765,9904,39.5
2016-12-29,4297954,171352812,40.0,39.6,39.9,0.0,2212,9904,39.9
2016-12-30,3481647,139996404,40.4,40.0,40.2,0.3,1704,9904,40.1
2017-01-03,1536089,61992769,40.5,40.0,40.35,0.15,881,9904,40.1
2017-01-04,3439274,140292515,40.9,40.35,40.85,0.5,1966,9904,40.45
2017-01-05,4403331,180290249,41.1,40.7,41.0,0.15,2463,9904,40.8
2017-01-06,4004528,164436165,41.15,40.95,41.15,0.15,1960,9904,41.0
2017-01-09,10179006,405855131,41.0,39.5,39.5,-1.65,5256,9904,41.0
2017-01-10,7863337,310045534,40.0,38.65,39.8,0.3,3624,9904,38.7
2017-01-11,4805552,192215512,40.15,39.8,40.05,0.25,3144,9904,40.0
2017-01-12,4901325,195919256,40.25,39.75,39.75,-0.3,2464,9904,40.05
2017-01-13,3120669,125116260,40.2,39.8,40.2,0.45,1863,9904,40.0
2017-01-16,3288707,130348184,40.05,39.45,39.95,-0.25,1839,9904,40.0
2017-01-17,1849753,73952638,40.1,39.8,40.1,0.15,1308,9904,39.95
2017-01-18,2668611,106329647,40.1,39.75,39.9,-0.2,1203,9904,40.1
2017-01-19,5172475,203862333,39.8,39.3,39.35,-0.55,3299,9904,39.8
2017-01-20,4829972,190216589,39.65,39.15,39.35,0.0,2599,9904,39.15
2017-01-23,5253647,208905095,39.85,39.5,39.85,0.5,2992,9904,39.6
2017-01-24,4535069,179582823,39.85,39.3,39.55,-0.3,2278,9904,39.8
2017-02-02,9644630,376917520,39.5,38.85,38.85,-0.7,4514,9904,39.2
2017-02-03,3871133,150961737,39.1,38.9,39.1,0.25,2252,9904,39.05
2017-02-06,3056975,119838954,39.3,39.05,39.25,0.15,1976,9904,39.3
2017-02-07,4696765,185916358,39.75,39.2,39.75,0.5,3330,9904,39.25
2017-02-08,6501570,259006156,40.0,39.5,40.0,0.25,3269,9904,39.5
2017-02-09,5373883,214859731,40.15,39.9,39.9,-0.1,2602,9904,40.0
2017-02-10,10595871,427359554,40.45,40.0,40.45,0.55,2422,9904,40.1
2017-02-13,7837573,324236617,41.75,40.5,41.7,1.25,3845,9904,40.8
2017-02-14,9621253,399121638,42.0,40.55,41.7,0.0,3561,9904,41.25
2017-02-15,7363612,310537194,42.65,41.45,42.3,0.6,3188,9904,41.75
2017-02-16,7019818,296496222,42.55,41.8,42.3,0.0,3498,9904,42.3
2017-02-17,6231202,262988634,42.5,41.85,42.3,0.0,2623,9904,42.5
2017-02-18,4006158,170649014,43.0,41.9,42.8,0.5,2078,9904,42.0
2017-02-20,2460806,103707718,42.6,41.95,42.1,-0.7,1152,9904,42.6
2017-02-21,3372177,141761087,42.2,41.9,42.0,-0.1,1527,9904,41.95
2017-02-22,4353083,182931635,42.35,41.95,41.95,-0.05,1834,9904,42.3
2017-02-23,3622426,151851845,42.1,41.45,42.05,0.1,2050,9904,41.5
2017-02-24,4347618,181275251,42.0,41.55,41.7,-0.35,1978,9904,41.9
2017-03-01,5342325,219448752,41.4,40.75,41.1,-0.6,2993,9904,41.3
2017-03-02,3531642,145849742,41.5,41.05,41.4,0.3,1907,9904,41.2
2017-03-03,5568361,226347095,41.2,40.45,40.6,-0.8,3318,9904,40.85
2017-03-06,2730328,111629756,41.0,40.45,41.0,0.4,1569,9904,40.45
2017-03-07,2424908,99490822,41.3,40.9,41.0,0.0,1203,9904,41.0
2017-03-08,4123645,167881057,41.0,40.6,40.7,-0.3,2511,9904,40.8
2017-03-09,5065711,207905901,41.5,40.8,41.1,0.4,2911,9904,41.1
2017-03-10,5882068,242681175,41.7,40.9,40.9,-0.2,2863,9904,41.35
2017-03-13,1859833,76790057,41.45,40.9,41.4,0.5,1126,9904,40.95
2017-03-14,3088769,127939981,41.6,41.15,41.5,0.1,1663,9904,41.4
2017-03-15,3037616,124901830,41.45,40.95,41.2,-0.3,1865,9904,41.3
2017-03-16,5505400,230755096,42.1,41.3,42.1,0.9,2260,9904,41.55
2017-03-17,5502081,231281378,42.3,41.8,42.1,0.0,2044,9904,42.1
2017-03-20,1816043,75665124,42.0,41.5,41.65,-0.45,1100,9904,42.0
2017-03-21,3294902,138022733,42.1,41.7,41.7,0.05,1929,9904,41.8
2017-03-22,2949678,122008843,41.9,41.0,41.55,-0.15,1570,9904,41.9
2017-03-23,2655101,109246241,41.35,41.0,41.2,-0.35,1679,9904,41.3
2017-03-24,2844202,116693646,41.4,40.9,41.0,-0.2,1375,9904,41.2
2017-03-27,4531230,183145379,41.0,39.9,40.5,-0.5,2530,9904,41.0
2017-03-28,11767249,489705758,42.0,41.1,41.9,1.4,5217,9904,41.1
2017-03-29,5515470,231751528,42.45,41.75,42.0,0.1,2396,9904,42.1
2017-03-30,3636307,152013261,42.1,41.55,41.8,-0.2,1809,9904,42.0
2017-03-31,4994986,209730096,42.2,41.8,42.0,0.2,2646,9904,42.0
2017-04-05,8231181,353214569,43.3,42.35,43.25,1.25,3907,9904,42.4
2017-04-06,3629199,156512129,43.75,42.8,42.95,-0.3,1965,9904,43.25
2017-04-07,3937451,168087559,43.0,42.4,42.95,0.0,1732,9904,42.8
2017-04-10,2988915,128232558,43.2,42.7,43.0,0.05,1299,9904,42.95
2017-04-11,5462589,236244627,43.95,42.9,43.15,0.15,2718,9904,43.1
2017-04-12,4646537,196320007,43.1,41.8,41.8,-1.35,2439,9904,43.05
2017-04-13,3168306,134128084,42.6,41.75,42.5,0.7,1322,9904,41.75
2017-04-14,2521725,105394335,42.0,41.55,41.65,-0.85,993,9904,42.0
2017-04-17,2120673,88553445,42.2,41.2,42.2,0.55,1060,9904,41.85
2017-04-18,2660908,111228268,42.3,41.5,41.75,-0.45,1657,9904,42.2
2017-04-19,2424639,100442654,41.65,41.0,41.6,-0.15,1450,9904,41.1
2017-04-20,3027164,126649427,42.1,41.35,41.8,0.2,1557,9904,41.75
2017-04-21,1509784,63259334,42.1,41.65,42.1,0.3,940,9904,42.0
2017-04-24,1740580,72891139,42.45,41.65,42.0,-0.1,1174,9904,42.35
2017-04-25,5043813,214885019,43.1,41.95,43.1,1.1,2623,9904,42.35
2017-04-26,7779145,333197754,43.1,42.35,43.05,-0.05,3617,9904,43.1
2017-04-27,4324475,184732205,43.05,42.55,42.65,-0.4,2485,9904,43.05
2017-04-28,3354209,141718624,42.75,41.9,42.25,-0.4,1869,9904,42.65
2017-05-02,3193841,133860377,42.3,41.7,41.75,-0.5,1824,9904,42.25
2017-05-03,2112330,88945283,42.45,41.85,42.45,0.7,1205,9904,41.85
2017-05-04,2348685,99603520,42.7,42.15,42.2,-0.25,1368,9904,42.7
2017-05-05,1837667,77359375,42.35,41.95,42.0,-0.2,1114,9904,42.3
2017-05-08,1725743,72255052,42.4,41.7,41.85,-0.15,739,9904,42.4
2017-05-09,2009161,83764094,42.25,41.3,41.8,-0.05,1262,9904,41.9
2017-05-10,2390299,100027634,42.15,41.5,42.15,0.35,1464,9904,42.0
2017-05-11,3374076,142489898,42.4,41.95,42.4,0.25,1567,9904,42.2
2017-05-12,1320897,55771498,42.5,42.0,42.3,-0.1,838,9904,42.3
2017-05-15,3893598,165907638,42.9,42.25,42.45,0.15,1640,9904,42.3
2017-05-16,4588354,193957202,42.7,41.95,42.7,0.25,2211,9904,42.2
2017-05-17,1821992,77058306,42.45,42.15,42.25,-0.45,1042,9904,42.4
2017-05-18,1136786,47729066,42.1,41.85,41.9,-0.35,600,9904,41.85
2017-05-19,2835703,118148892,42.0,41.4,41.4,-0.5,1221,9904,41.95
2017-05-22,1780790,73480335,41.4,41.2,41.2,-0.2,909,9904,41.4
2017-05-23,3028812,123991969,41.2,40.85,40.85,-0.35,1516,9904,40.9
2017-05-24,2577170,105654852,41.3,40.8,41.15,0.3,1603,9904,41.0
2017-05-25,2234148,91806424,41.4,40.9,41.3,0.15,1221,9904,41.15
2017-05-26,2326721,95972414,41.5,41.1,41.1,-0.2,985,9904,41.45
2017-05-31,4954021,205797150,41.8,41.2,41.5,0.4,1826,9904,41.3
2017-06-01,2305338,95984430,41.85,41.3,41.75,0.25,1269,9904,41.5
2017-06-02,2610803,108320381,41.9,41.25,41.4,-0.35,1613,9904,41.9
2017-06-03,387692,16000418,41.4,41.15,41.3,-0.1,234,9904,41.15
2017-06-05,2324665,96614270,41.75,41.2,41.75,0.45,1742,9904,41.2
2017-06-06,6084622,256008421,42.3,41.45,42.3,0.55,2338,9904,41.5
2017-06-07,4897341,206810180,42.4,41.9,42.4,0.1,2724,9904,42.05
2017-06-08,3647592,152951386,42.3,41.75,41.75,-0.65,1849,9904,42.3
2017-06-09,2915488,121822966,41.9,41.55,41.85,0.1,1409,9904,41.75
2017-06-12,2730840,113437855,41.85,41.25,41.25,-0.6,1460,9904,41.5
2017-06-13,1861634,77557676,41.9,41.3,41.9,0.65,1196,9904,41.75
2017-06-14,4007419,166514843,41.9,41.35,41.35,-0.55,1221,9904,41.85
2017-06-15,1703000,70648240,41.75,41.35,41.5,0.15,978,9904,41.4
2017-06-16,3201195,133797842,42.05,41.4,42.05,0.55,1362,9904,41.6
2017-06-19,3565594,148502274,42.0,41.45,41.5,-0.55,1844,9904,42.0
2017-06-20,3213351,132244787,41.55,41.0,41.05,-0.45,1806,9904,41.5
2017-06-21,4609268,189875518,41.5,40.8,41.5,0.45,2576,9904,40.9
2017-06-22,3362321,139633863,41.7,41.35,41.55,0.05,1931,9904,41.5
2017-06-23,1756467,72702104,41.7,41.3,41.35,-0.2,1055,9904,41.6
2017-06-26,55524866,2339526596,42.25,41.35,42.15,0.8,2393,9904,41.35
2017-06-27,5735063,243867600,42.65,42.05,42.55,0.4,3254,9904,42.3
2017-06-28,6556278,278644950,42.65,42.1,42.5,-0.05,2705,9904,42.5
2017-06-29,3410694,145076987,42.65,42.4,42.5,0.0,2062,9904,42.6
2017-06-30,4802013,202682064,42.8,41.9,42.1,-0.4,1964,9904,42.4
2017-07-03,7334583,315239974,43.4,42.2,43.25,1.15,4217,9904,42.3
2017-07-04,6836208,296487683,43.65,43.05,43.25,0.0,3583,9904,43.4
2017-07-05,5948299,254881141,43.2,42.6,42.9,-0.35,2230,9904,43.15
2017-07-06,4201587,175285565,41.95,41.6,41.95,0.0,2426,9904,41.7
2017-07-07,2956173,122492882,41.8,41.3,41.3,-0.65,1882,9904,41.8
2017-07-10,3916101,159900210,41.2,40.7,40.85,-0.45,2638,9904,41.1
2017-07-11,5057912,209129951,41.6,40.85,41.5,0.65,3500,9904,41.05
2017-07-12,4019657,167610865,41.95,41.3,41.75,0.25,2600,9904,41.5
2017-07-13,3638060,151646628,42.0,41.55,41.55,-0.2,2059,9904,42.0
2017-07-14,3882346,162858939,42.1,41.45,42.05,0.5,1627,9904,41.5
2017-07-17,3718254,157500630,42.5,42.05,42.5,0.45,1886,9904,42.1
2017-07-18,2954157,125358633,42.65,42.05,42.5,0.0,1582,9904,42.5
2017-07-19,3578624,150119727,42.45,41.75,41.75,-0.75,1808,9904,42.45
2017-07-20,5065037,208731867,41.75,41.0,41.2,-0.55,1955,9904,41.75
2017-07-21,2840247,116740878,41.35,40.95,41.35,0.15,1342,9904,41.2
2017-07-24,3395446,141424397,42.05,41.1,42.05,0.7,2118,9904,41.2
2017-07-25,3685294,153106617,41.8,41.35,41.35,-0.7,1919,9904,41.7
2017-07-26,4275752,175204720,41.55,40.7,40.7,-0.65,1754,9904,41.35
2017-07-27,3832944,157961077,41.45,40.9,41.45,0.75,1795,9904,41.05
2017-07-28,2934365,119875992,41.2,40.7,40.7,-0.75,1695,9904,41.15
2017-07-31,4242750,172906587,41.0,40.55,40.8,0.1,1657,9904,40.8
2017-08-01,1783342,73229222,41.2,40.75,41.1,0.3,1122,9904,40.95
2017-08-02,1263933,51787203,41.1,40.85,41.0,-0.1,798,9904,41.1
2017-08-03,2395267,97696093,40.95,40.6,40.75,-0.25,1116,9904,40.6
2017-08-04,2530657,103003477,40.9,40.55,40.9,0.15,1739,9904,40.65
2017-08-07,1687872,69058764,41.15,40.8,40.85,-0.05,1126,9904,40.9
2017-08-08,2731804,111242603,41.0,40.6,40.7,-0.15,1761,9904,40.8
2017-08-09,2900914,116766135,40.6,40.1,40.15,-0.55,1718,9904,40.6
2017-08-10,3140134,126665220,40.55,40.15,40.35,0.2,1719,9904,40.15
2017-08-11,3278103,130751162,40.2,39.65,40.05,-0.3,1476,9904,40.1
2017-08-14,1640793,65804120,40.3,40.0,40.05,0.0,865,9904,40.15
2017-08-15,1366995,54876483,40.45,40.0,40.1,0.05,735,9904,40.3
2017-08-16,2466354,99139008,40.4,40.0,40.35,0.25,1543,9904,40.05
2017-08-17,1818945,73029523,40.3,39.8,40.25,-0.1,1071,9904,40.15
2017-08-18,3635764,144633924,40.05,39.65,39.65,-0.6,1998,9904,40.0
2017-08-21,2925470,115738955,40.0,39.3,39.7,0.05,1622,9904,39.6
2017-08-22,2355580,93145219,39.75,39.4,39.5,-0.2,1363,9904,39.65
2017-08-23,3368347,132360641,39.6,39.15,39.2,-0.3,2215,9904,39.5
2017-08-24,2326212,92010819,39.8,39.2,39.7,0.5,1414,9904,39.25
2017-08-25,2534064,99574002,39.55,39.2,39.2,-0.5,1790,9904,39.55
2017-08-28,2114269,83273544,39.65,39.2,39.6,0.4,1285,9904,39.3
2017-08-29,3096578,121199540,39.5,39.05,39.1,-0.5,1830,9904,39.3
2017-08-30,2931545,115139503,39.45,39.15,39.4,0.3,1689,9904,39.35
2017-08-31,2798105,109863649,39.45,39.15,39.15,-0.25,1701,9904,39.4
2017-09-01,3194414,126802467,39.9,39.25,39.8,0.65,1801,9904,39.4
2017-09-04,1995145,79277212,39.85,39.5,39.85,0.05,1209,9904,39.8
2017-09-05,4491515,179885466,40.3,39.9,40.1,0.25,2155,9904,39.9
2017-09-06,4598907,181535278,40.0,39.15,39.35,-0.75,2112,9904,40.0
2017-09-07,3504499,137856849,39.6,39.2,39.35,0.0,1959,9904,39.35
2017-09-08,2807890,110177560,39.5,39.15,39.3,-0.05,1830,9904,39.5
2017-09-11,2444906,96502891,39.75,39.25,39.55,0.25,1544,9904,39.5
2017-09-12,2349285,92469446,39.7,39.25,39.35,-0.2,1438,9904,39.7
2017-09-13,2437632,95794481,39.45,39.2,39.4,0.05,1419,9904,39.4
2017-09-14,2586182,101488908,39.45,39.15,39.15,-0.25,1295,9904,39.2
2017-09-15,5192283,204469699,39.45,39.1,39.45,0.3,1388,9904,39.15
2017-09-18,3334874,131786363,39.7,39.2,39.65,0.2,2154,9904,39.6
2017-09-19,2656252,105293003,39.75,39.45,39.75,0.1,1808,9904,39.5
2017-09-20,3692895,145142608,39.6,39.2,39.3,-0.45,1571,9904,39.5
2017-09-21,4916976,192380197,39.3,39.0,39.05,-0.25,2393,9904,39.2
2017-09-22,5365935,207520868,39.3,38.3,38.4,-0.65,2806,9904,39.1
2017-09-25,3519612,134008185,38.5,37.95,38.15,-0.25,1883,9904,38.45
2017-09-26,1672625,63703868,38.2,38.0,38.05,-0.1,1041,9904,38.15
2017-09-27,2936291,110912990,38.05,37.6,37.7,-0.35,1575,9904,38.0
2017-09-28,4740783,176370379,37.6,36.7,37.25,-0.45,2527,9904,37.6
2017-09-29,3270156,123878519,38.15,37.25,38.05,0.8,1791,9904,37.25
2017-09-30,337632,12827216,38.05,37.9,38.0,-0.05,239,9904,38.05
2017-10-02,1442978,54894914,38.2,37.7,38.1,0.1,902,9904,37.9
2017-10-03,1837098,69816024,38.3,37.9,38.0,-0.1,1330,9904,38.2
2017-10-05,1490381,57221464,38.5,37.85,38.5,0.5,911,9904,37.85
2017-10-06,2928496,112375588,38.65,38.2,38.3,-0.2,1648,9904,38.5
2017-10-11,6732147,256413239,38.95,37.9,37.95,-0.35,4380,9904,38.9
2017-10-12,3930120,150406011,38.5,37.85,38.3,0.35,2028,9904,38.0
2017-10-13,2703087,103157651,38.3,38.0,38.3,0.0,1483,9904,38.2
2017-10-16,3935826,149466990,38.25,37.85,38.0,-0.3,2259,9904,38.25
2017-10-17,3715540,141147079,38.3,37.8,37.95,-0.05,2058,9904,37.95
2017-10-18,3230910,123019982,38.25,37.95,38.1,0.15,1577,9904,38.1
2017-10-19,2686061,101705190,38.1,37.75,37.75,-0.35,1428,9904,38.05
2017-10-20,5941535,223503883,37.8,37.5,37.6,-0.15,1771,9904,37.7
2017-10-23,2909516,109269144,37.7,37.5,37.5,-0.1,1469,9904,37.7
2017-10-24,5077208,189856796,37.55,37.25,37.45,-0.05,2532,9904,37.5
2017-10-25,3611343,134935315,37.45,37.25,37.4,-0.05,1385,9904,37.4
2017-10-26,4190390,156419670,37.4,37.2,37.35,-0.05,1916,9904,37.4
2017-10-27,3228572,121950192,37.95,37.35,37.7,0.35,2223,9904,37.4
2017-10-30,1803693,67830745,37.8,37.5,37.6,-0.1,1014,9904,37.7
2017-10-31,3382771,127887048,38.0,37.4,38.0,0.4,1690,9904,37.5
2017-11-01,2340915,88191930,38.0,37.55,37.75,-0.25,1329,9904,38.0
2017-11-02,2162274,81679737,37.95,37.55,37.85,0.1,1326,9904,37.8
2017-11-03,1002039,37800063,38.0,37.55,37.85,0.0,658,9904,38.0
2017-11-06,5491800,205027322,37.95,36.9,37.45,-0.4,2037,9904,37.8
2017-11-07,2156570,80459244,37.5,37.2,37.25,-0.2,1338,9904,37.45
2017-11-08,2576618,95583950,37.4,37.0,37.05,-0.2,1431,9904,37.3
2017-11-09,3689882,136749461,37.3,36.95,37.1,0.05,2102,9904,37.1
2017-11-10,2067435,76326311,37.1,36.8,36.95,-0.15,1024,9904,37.1
2017-11-13,2454778,90394194,36.95,36.7,36.8,-0.15,1359,9904,36.95
2017-11-14,3713630,135207400,36.75,36.2,36.3,-0.5,1834,9904,36.7
2017-11-15,9923914,372189239,38.0,36.85,37.7,1.4,4417,9904,37.1
2017-11-16,4308047,161842955,37.9,37.4,37.45,-0.25,2069,9904,37.5
2017-11-17,4362045,163621264,37.8,37.2,37.55,0.1,2056,9904,37.7
2017-11-20,3790454,141819810,37.8,37.25,37.3,-0.25,1946,9904,37.5
2017-11-21,7915081,296262519,37.75,37.2,37.5,0.2,2622,9904,37.3
2017-11-22,5477199,205836117,37.75,37.45,37.6,0.1,2819,9904,37.65
2017-11-23,3642069,136621134,37.7,37.3,37.4,-0.2,1890,9904,37.65
2017-11-24,3004719,111959639,37.5,37.15,37.15,-0.25,1223,9904,37.4
2017-11-27,2334849,86648291,37.25,37.0,37.0,-0.15,1149,9904,37.25
2017-11-28,2072169,76879366,37.25,37.0,37.15,0.15,1212,9904,37.05
2017-11-29,3986882,147190884,37.15,36.8,36.8,-0.35,1750,9904,37.1
2017-11-30,11465830,415625886,36.75,36.0,36.0,-0.8,3331,9904,36.65
2017-12-01,3874326,140163178,36.35,36.05,36.05,0.05,1895,9904,36.15
2017-12-04,3483250,127045646,36.95,36.05,36.8,0.75,2150,9904,36.1
2017-12-05,5256136,196421641,37.55,36.9,37.55,0.75,2300,9904,36.95
2017-12-06,3385663,126326606,37.5,37.15,37.35,-0.2,1545,9904,37.5
2017-12-07,4036417,149123404,37.35,36.8,36.85,-0.5,2280,9904,37.3
2017-12-08,2766114,102889097,37.45,36.9,37.15,0.3,1611,9904,36.9
2017-12-11,3879670,142973199,37.15,36.75,36.75,-0.4,2123,9904,37.0
2017-12-12,3465414,127934933,37.15,36.8,36.9,0.15,1648,9904,36.9
2017-12-13,2391200,88737731,37.25,36.9,37.25,0.35,1472,9904,36.9
2017-12-14,4469304,167925895,37.75,37.3,37.55,0.3,2174,9904,37.3
2017-12-15,6776653,252872476,37.9,37.1,37.1,-0.45,2060,9904,37.55
2017-12-18,3260760,121745868,37.5,37.2,37.25,0.15,1589,9904,37.3
2017-12-19,7056102,266092385,38.0,37.35,37.9,0.65,3135,9904,37.35
2017-12-20,6527469,251122245,38.8,38.0,38.25,0.35,3092,9904,38.0
2017-12-21,3279506,124853478,38.45,37.9,37.9,-0.35,1705,9904,38.4
2017-12-22,3250539,123902904,38.45,37.9,38.25,0.35,1348,9904,38.0
2017-12-25,1548971,59071086,38.45,37.95,38.0,-0.25,770,9904,38.45
2017-12-26,1446672,54690596,38.2,37.6,37.8,-0.2,696,9904,38.2
2017-12-27,1213940,45905971,37.95,37.65,37.75,-0.05,679,9904,37.8
2017-12-28,2861913,108535855,38.2,37.75,37.85,0.1,1196,9904,37.8
2017-12-29,3909951,149431905,38.55,37.9,38.55,0.7,1735,9904,38.0
2018-01-02,3074184,117574705,38.6,38.1,38.2,-0.35,1584,9904,38.6
2018-01-03,3306687,126064931,38.35,38.0,38.2,0.0,2172,9904,38.3
2018-01-04,3346941,126999592,38.2,37.8,37.95,-0.25,1615,9904,38.1
2018-01-05,3668020,139396560,38.3,37.85,38.1,0.15,2196,9904,37.95
2018-01-08,4765765,181356960,38.3,37.85,38.3,0.2,2581,9904,38.0
2018-01-09,3944402,150397056,38.3,38.0,38.3,0.0,1849,9904,38.25
2018-01-10,2912693,111369015,38.4,38.0,38.4,0.1,1544,9904,38.2
2018-01-11,2736402,104334158,38.4,37.95,38.25,-0.15,1493,9904,38.35
2018-01-12,2564074,97720218,38.2,38.0,38.2,-0.05,1296,9904,38.2
2018-01-15,2144044,81754108,38.4,38.0,38.15,-0.05,1307,9904,38.4
2018-01-16,4371026,167687193,38.65,38.0,38.65,0.5,2144,9904,38.1
2018-01-17,6263504,243303890,39.0,38.5,39.0,0.35,3049,9904,38.6
2018-01-18,5264376,205316898,39.4,38.6,38.9,-0.1,2454,9904,39.15
2018-01-19,3841623,148695548,39.0,38.5,38.65,-0.25,1998,9904,38.9
2018-01-22,8201280,320019090,39.45,38.7,38.95,0.3,3500,9904,38.9
2018-01-23,6869019,267564977,39.25,38.7,39.0,0.05,3278,9904,39.1
2018-01-24,6868777,268742268,39.45,38.8,39.45,0.45,3768,9904,38.95
2018-01-25,7403652,293048803,39.75,39.35,39.65,0.2,3976,9904,39.65
2018-01-26,4881299,192988497,39.7,39.4,39.6,-0.05,2874,9904,39.55
2018-01-29,3920659,154255587,39.75,39.1,39.4,-0.2,2146,9904,39.55
2018-01-30,5539562,216149746,39.3,38.85,38.85,-0.55,3154,9904,39.3
2018-01-31,5191362,202342968,39.25,38.6,39.2,0.35,2563,9904,38.75
2018-02-01,4740124,186116294,39.5,39.05,39.2,0.0,2438,9904,39.1
2018-02-02,4744731,184515739,39.5,38.65,38.65,-0.55,1902,9904,39.5
2018-02-05,4981746,190460812,38.65,38.05,38.05,-0.6,2472,9904,38.6
2018-02-06,8339966,305811942,37.25,36.3,36.6,-1.45,3859,9904,36.3
2018-02-07,9842738,363738156,37.35,36.6,37.1,0.5,5473,9904,37.1
2018-02-08,3284365,121913507,37.25,36.75,37.2,0.1,2160,9904,37.05
2018-02-09,5255869,193128286,37.1,36.5,36.8,-0.4,2580,9904,36.6
2018-02-12,4113127,151809799,37.3,36.55,36.8,0.0,2080,9904,36.85
2018-02-21,7531977,280237106,37.5,36.85,37.2,0.4,3999,9904,37.1
2018-02-22,6894041,254116873,37.1,36.7,37.0,-0.2,3299,9904,36.9
2018-02-23,4677305,172761434,37.2,36.8,37.0,0.0,2941,9904,37.0
2018-02-26,4314546,160158145,37.25,37.0,37.0,0.0,1682,9904,37.1
2018-02-27,6071544,224338178,37.25,36.75,36.75,-0.25,2327,9904,37.15
2018-03-01,7849333,291941556,37.35,36.85,37.15,0.4,3267,9904,36.9
2018-03-02,5644465,207515452,36.95,36.65,36.8,-0.35,2567,9904,36.8
2018-03-05,3567899,130917426,36.9,36.55,36.75,-0.05,1824,9904,36.8
2018-03-06,3975744,146333907,37.05,36.7,36.75,0.0,2644,9904,37.05
2018-03-07,4536851,166345718,36.9,36.6,36.65,-0.1,3508,9904,36.6
2018-03-08,5941082,216950538,36.8,36.35,36.35,-0.3,2894,9904,36.7
2018-03-09,4983817,183406979,37.0,36.6,36.8,0.45,3259,9904,36.7
2018-03-12,6309235,234008908,37.25,36.9,37.0,0.2,2290,9904,37.2
2018-03-13,6759953,252659742,37.45,37.3,37.45,0.45,2104,9904,37.45
2018-03-14,3995455,148670164,37.45,37.0,37.3,-0.15,2764,9904,37.45
2018-03-15,4297804,159022448,37.2,36.85,36.85,-0.45,2324,9904,37.2
2018-03-16,12496921,476159171,38.4,36.9,38.4,1.55,2390,9904,37.0
2018-03-19,5668330,215864994,38.25,37.9,38.05,-0.35,2451,9904,38.15
2018-03-20,3639389,137943342,38.05,37.8,38.05,0.0,1892,9904,37.85
2018-03-21,5123518,196128734,38.45,38.0,38.15,0.1,2005,9904,38.05
2018-03-22,2582904,98290900,38.35,37.9,38.1,-0.05,1739,9904,38.2
2018-03-23,4692363,177189771,38.1,37.1,37.95,-0.15,2246,9904,37.1
2018-03-26,3099882,117478184,38.2,37.7,38.2,0.25,1214,9904,37.9
2018-03-27,2995471,114933327,38.55,38.25,38.4,0.2,1391,9904,38.55
2018-03-28,2910687,111826718,38.5,38.2,38.5,0.1,1613,9904,38.4
2018-03-29,4156564,160727910,38.9,38.4,38.7,0.2,2192,9904,38.5
2018-03-30,2698691,104908552,39.0,38.75,39.0,0.3,1146,9904,39.0
2018-03-31,3286777,129084451,39.45,38.9,39.4,0.4,1410,9904,39.1
2018-04-02,2006932,78327244,39.3,38.85,38.85,-0.55,1331,9904,39.3
2018-04-03,2437141,93585839,38.7,38.15,38.65,-0.2,1246,9904,38.5
2018-04-09,5167564,198294218,38.9,38.15,38.35,-0.3,2084,9904,38.9
2018-04-10,13224115,502778369,38.4,37.55,38.1,-0.25,4902,9904,38.35
2018-04-11,4434504,169490292,38.5,37.95,38.45,0.35,2462,9904,38.1
2018-04-12,5539059,214294014,38.95,38.4,38.7,0.25,2301,9904,38.5
2018-04-13,21531687,839968165,39.2,38.7,39.0,0.3,2791,9904,38.7
2018-04-16,6142014,238330883,39.15,38.5,39.0,0.0,3033,9904,39.0
2018-04-17,11848510,454755043,39.2,37.8,38.15,-0.85,6015,9904,39.2
2018-04-18,11861362,443422754,38.15,36.95,37.1,-1.05,6157,9904,38.15
2018-04-19,6177775,231224456,37.7,37.15,37.4,0.3,2955,9904,37.2
2018-04-20,10220507,378749030,37.6,36.95,37.0,-0.4,4370,9904,37.4
2018-04-23,5245748,192663227,36.95,36.6,36.6,-0.4,2926,9904,36.95
2018-04-24,5734344,209225298,36.85,36.2,36.5,-0.1,2964,9904,36.85
2018-04-25,3542925,128838747,36.55,36.05,36.5,0.0,2108,9904,36.2
2018-04-26,7206396,267565752,37.35,36.55,37.2,0.7,4780,9904,36.75
2018-04-27,3918914,143292868,36.75,36.4,36.7,-0.5,1936,9904,36.7
2018-04-30,2530931,93570078,37.15,36.5,37.15,0.45,1222,9904,36.5
2018-05-02,3431679,128672874,37.7,37.15,37.65,0.5,1712,9904,37.5
2018-05-03,2880044,107535832,37.55,37.2,37.3,-0.35,1469,9904,37.25
2018-05-04,1992691,73923167,37.2,37.0,37.0,-0.3,1388,9904,37.05
2018-05-07,1949004,72053034,37.35,36.9,36.9,-0.1,1016,9904,37.1
2018-05-08,2457229,91402702,37.4,37.0,37.05,0.15,1223,9904,37.3
2018-05-09,2775683,104096133,37.6,37.05,37.5,0.45,1715,9904,37.05
2018-05-10,2824887,105368428,37.5,37.2,37.25,-0.25,1983,9904,37.4
2018-05-11,2689520,100937766,37.6,37.4,37.6,0.35,1836,9904,37.4
2018-05-14,2768520,104108944,37.85,37.5,37.6,0.0,1797,9904,37.65
2018-05-15,3547203,133040660,37.6,37.3,37.6,0.0,2254,9904,37.6
2018-05-16,3037494,113969867,37.8,37.35,37.5,-0.1,1687,9904,37.7
2018-05-17,5032222,187106864,37.5,37.0,37.0,-0.5,2931,9904,37.5
2018-05-18,22960265,835500427,36.95,36.3,36.3,-0.7,3534,9904,36.9
2018-05-21,4832252,177944697,36.9,36.65,36.7,0.4,2503,9904,36.9
2018-05-22,4349523,159275032,36.85,36.35,36.35,-0.35,2296,9904,36.7
2018-05-23,7842330,285692622,36.6,36.3,36.4,0.05,2987,9904,36.35
2018-05-24,3716543,135800462,36.65,36.4,36.5,0.1,2593,9904,36.45
2018-05-25,5581251,202825958,36.55,36.2,36.3,-0.2,2722,9904,36.5
2018-05-28,2446029,89411148,36.65,36.3,36.55,0.25,1643,9904,36.3
2018-05-29,2541473,92864709,36.65,36.45,36.45,-0.1,1452,9904,36.6
2018-05-30,8762659,316939036,36.45,36.1,36.1,-0.35,2989,9904,36.3
2018-05-31,8475667,309908467,36.7,36.15,36.7,0.6,2522,9904,36.35
2018-06-01,2341253,85318777,36.65,36.3,36.5,-0.2,1613,9904,36.6
2018-06-04,3439566,125622399,36.65,36.4,36.5,0.0,1605,9904,36.4
2018-06-05,15732978,573667984,36.65,36.4,36.45,-0.05,2642,9904,36.5
2018-06-06,9083859,338235811,37.6,36.65,37.4,0.95,5039,9904,36.7
2018-06-07,4835982,181135963,37.7,37.2,37.65,0.25,2454,9904,37.65
2018-06-08,3787588,142106446,37.75,37.3,37.65,0.0,2375,9904,37.75
2018-06-11,4180747,156107564,37.65,37.05,37.65,0.0,2500,9904,37.5
2018-06-12,5165272,192909563,37.55,37.1,37.2,-0.45,2617,9904,37.15
2018-06-13,4624981,172727684,37.55,37.2,37.2,0.0,3173,9904,37.2
2018-06-14,5351371,197994347,37.3,36.65,36.95,-0.25,3001,9904,36.95
2018-06-15,13236212,483485049,36.85,36.4,36.4,-0.55,3814,9904,36.55
2018-06-19,10332247,374303609,36.5,36.15,36.15,-0.25,4924,9904,36.3
2018-06-20,28290229,1002288332,36.1,35.1,35.45,-0.7,6624,9904,36.05
2018-06-21,6368052,228047904,36.05,35.6,35.8,0.35,3797,9904,35.75
2018-06-22,6524902,230057953,35.7,35.1,35.35,-0.45,3796,9904,35.7
2018-06-25,5507787,194437883,35.6,35.15,35.15,-0.2,2826,9904,35.45
2018-06-26,5757191,201289905,35.25,34.8,34.9,-0.25,2759,9904,35.15
2018-06-27,12361575,427975747,35.05,34.55,34.55,-0.35,3033,9904,35.0
2018-06-28,5541070,191458028,34.8,34.3,34.5,-0.05,2525,9904,34.55
2018-06-29,7709152,269569669,35.4,34.35,35.4,0.9,2869,9904,34.6
2018-07-02,5239022,185491765,35.8,35.15,35.15,-0.25,2250,9904,35.4
2018-07-03,4063566,142694460,35.5,34.8,34.9,-0.25,2045,9904,35.15
2018-07-04,3782675,133771763,35.55,35.0,35.45,0.55,1954,9904,35.0
2018-07-05,8055283,286666139,35.85,35.45,35.5,0.05,3222,9904,35.65
2018-07-06,8015446,267401694,33.75,32.95,33.05,0.0,3769,9904,33.7
2018-07-09,4551853,152732039,33.9,33.15,33.65,0.6,2211,9904,33.2
2018-07-10,2825924,95482711,33.95,33.5,33.9,0.25,1909,9904,33.8
2018-07-11,2674054,89192925,33.5,33.2,33.45,-0.45,1397,9904,33.5
2018-07-12,3487163,118482760,34.35,33.4,34.15,0.7,1658,9904,33.45
2018-07-13,5325496,180102531,34.2,33.7,33.8,-0.35,2218,9904,34.15
2018-07-16,2843939,95879234,34.0,33.6,33.6,-0.2,1583,9904,34.0
2018-07-17,7916958,264582933,33.8,33.35,33.35,-0.25,2876,9904,33.7
2018-07-18,10108626,340440026,34.25,33.35,34.25,0.9,3949,9904,33.6
2018-07-19,6640055,228081727,34.7,33.85,34.3,0.05,3441,9904,34.25
2018-07-20,3904563,132908942,34.5,33.9,33.9,-0.4,1935,9904,34.4
2018-07-23,2805976,95520926,34.3,33.8,33.95,0.05,1610,9904,34.0
2018-07-24,5087870,173246646,34.3,33.95,34.3,0.35,2310,9904,34.05
2018-07-25,6171076,213525885,34.9,34.25,34.75,0.45,2957,9904,34.3
2018-07-26,4948892,171902297,35.0,34.5,34.75,0.0,2731,9904,34.75
2018-07-27,4494354,156637441,35.0,34.6,34.95,0.2,2347,9904,34.7
2018-07-30,9691820,328637029,34.4,33.7,33.95,-1.0,4141,9904,34.2
2018-07-31,13311500,449080785,34.2,33.55,33.65,-0.3,2768,9904,33.95
2018-08-01,4488429,152028652,34.05,33.7,33.95,0.3,2091,9904,33.75
2018-08-02,2473057,83367020,33.95,33.6,33.65,-0.3,1210,9904,33.95
2018-08-03,3109824,104377424,33.75,33.5,33.5,-0.15,1498,9904,33.65
2018-08-06,3281671,109806669,33.6,33.4,33.45,-0.05,1754,9904,33.5
2018-08-07,4300745,143957351,33.8,33.3,33.3,-0.15,2274,9904,33.45
2018-08-08,4297074,144099329,33.65,33.35,33.65,0.35,2044,9904,33.4
2018-08-09,3053635,102313378,33.7,33.35,33.35,-0.3,1654,9904,33.55
2018-08-10,2965479,99728984,33.75,33.35,33.6,0.25,1550,9904,33.35
2018-08-13,2601397,86612992,33.6,33.1,33.2,-0.4,1695,9904,33.6
2018-08-14,1681458,56236747,33.65,33.25,33.6,0.4,977,9904,33.25
2018-08-15,5214438,173884845,33.8,33.1,33.15,-0.45,3107,9904,33.8
2018-08-16,7817632,254657556,33.0,32.4,32.5,-0.65,4260,9904,33.0
2018-08-17,4193065,136080361,32.7,32.3,32.3,-0.2,2185,9904,32.65
2018-08-20,4104457,134865886,33.2,32.5,33.05,0.75,2135,9904,32.6
2018-08-21,4475078,149154040,33.65,32.9,33.6,0.55,2460,9904,33.05
2018-08-22,5878074,199065298,34.1,33.45,33.95,0.35,3061,9904,33.6
2018-08-23,4192492,141762145,34.15,33.55,33.85,-0.1,1976,9904,34.1
2018-08-24,3240998,108106626,33.7,33.15,33.3,-0.55,1494,9904,33.7
2018-08-27,2912872,97788866,33.75,33.3,33.75,0.45,1289,9904,33.5
2018-08-28,3144742,106164063,33.85,33.6,33.8,0.05,1390,9904,33.85
2018-08-29,2564433,86467855,33.8,33.6,33.75,-0.05,1396,9904,33.8
2018-08-30,3796162,127977458,33.85,33.55,33.8,0.05,1816,9904,33.8
2018-08-31,4321002,145858512,33.85,33.5,33.85,0.05,1359,9904,33.8
2018-09-03,2265152,75793318,33.75,33.3,33.45,-0.4,1089,9904,33.7
2018-09-04,1824013,61121932,33.65,33.45,33.6,0.15,1243,9904,33.45
2018-09-05,5512970,182228999,33.4,32.75,32.75,-0.85,2848,9904,33.35
2018-09-06,4327545,142280064,33.05,32.65,32.8,0.05,1773,9904,32.65
2018-09-07,4043066,131319286,32.8,32.3,32.3,-0.5,1789,9904,32.7
2018-09-10,8040259,252900026,32.45,31.05,31.35,-0.95,3811,9904,32.4
2018-09-11,4987529,155723009,31.45,31.1,31.25,-0.1,2120,9904,31.35
2018-09-12,6994778,218662680,31.65,31.05,31.5,0.25,2990,9904,31.25
2018-09-13,4545556,142669469,31.5,31.25,31.4,-0.1,1802,9904,31.5
2018-09-14,4513327,143057376,32.0,31.4,31.65,0.25,1821,9904,31.4
2018-09-17,3474633,110343094,31.95,31.65,31.8,0.15,1479,9904,31.95
2018-09-18,5030314,160615899,32.45,31.75,31.8,0.0,1990,9904,31.8
2018-09-19,7007460,224044220,32.15,31.8,31.95,0.15,2299,9904,31.8
2018-09-20,2995393,96333073,32.35,32.05,32.1,0.15,1413,9904,32.1
2018-09-21,6667737,214521060,32.5,32.1,32.1,0.0,2122,9904,32.2
2018-09-25,2776043,89497284,32.45,32.0,32.1,0.0,1519,9904,32.1
2018-09-26,3758882,120856793,32.35,32.05,32.1,0.0,1180,9904,32.1
2018-09-27,4524762,146458605,32.6,32.1,32.5,0.4,1372,9904,32.1
2018-09-28,5598262,180740484,32.45,32.0,32.25,-0.25,2135,9904,32.4
2018-10-01,1801349,58458308,32.7,32.25,32.45,0.2,852,9904,32.25
2018-10-02,4740393,151942748,32.4,31.9,32.0,-0.45,2192,9904,32.4
2018-10-03,3597491,116229751,32.4,32.15,32.35,0.35,1344,9904,32.35
2018-10-04,4793187,152962295,32.1,31.7,31.9,-0.45,2429,9904,32.1
2018-10-05,4581760,144422643,31.9,31.2,31.5,-0.4,2299,9904,31.7
2018-10-08,4064859,126861302,31.4,31.0,31.35,-0.15,1943,9904,31.2
2018-10-09,3174733,100272876,31.7,31.25,31.7,0.35,1299,9904,31.35
2018-10-11,13292593,394382390,30.75,29.05,29.2,-2.5,6045,9904,30.5
2018-10-12,4673708,136866519,29.8,28.95,29.8,0.6,2788,9904,29.1
2018-10-15,6092063,177793031,29.45,29.05,29.05,-0.75,2976,9904,29.45
2018-10-16,3235491,94967973,29.55,29.15,29.35,0.3,1817,9904,29.3
2018-10-17,2809991,82367270,29.5,29.1,29.1,-0.25,1682,9904,29.45
2018-10-18,3715069,109549236,29.8,29.15,29.6,0.5,1808,9904,29.2
2018-10-19,5430562,161597236,30.2,29.1,29.7,0.1,1797,9904,29.6
2018-10-22,2135358,63851620,30.15,29.45,30.1,0.4,1081,9904,29.7
2018-10-23,2777594,82722475,30.0,29.65,29.7,-0.4,1613,9904,29.9
2018-10-24,2739605,82023026,30.2,29.65,30.1,0.4,1580,9904,29.7
2018-10-25,2389670,70864300,29.75,29.45,29.55,-0.55,1241,9904,29.7
2018-10-26,2443209,71927449,29.7,29.15,29.55,0.0,1362,9904,29.55
2018-10-29,4592713,139185746,30.5,29.95,30.4,0.85,1574,9904,30.45
2018-10-30,5350787,162154699,30.6,30.05,30.4,0.0,2299,9904,30.4
2018-10-31,5224953,161049919,31.35,30.35,31.35,0.95,1898,9904,30.4
2018-11-01,2414250,74600121,31.1,30.75,30.9,-0.45,1174,9904,30.85
2018-11-02,3180320,99293534,31.7,30.65,31.7,0.8,1613,9904,30.9
2018-11-05,2556161,79738469,31.6,30.9,31.35,-0.35,1211,9904,31.5
2018-11-06,1322557,41643111,31.7,31.25,31.5,0.15,721,9904,31.7
2018-11-07,4484554,143554351,32.2,31.5,32.2,0.7,2178,9904,31.5
2018-11-08,3514255,113438776,32.5,31.95,32.3,0.1,1757,9904,32.5
2018-11-09,3715613,117336433,32.2,31.4,31.5,-0.8,1907,9904,32.2
2018-11-12,3751418,120785805,32.5,31.45,32.25,0.75,1827,9904,31.5
2018-11-13,3308817,106687484,32.6,31.55,32.5,0.25,1799,9904,31.55
2018-11-14,2029841,65798101,32.7,32.1,32.7,0.2,1152,9904,32.5
2018-11-15,2348266,76548070,32.7,32.3,32.7,0.0,1350,9904,32.7
2018-11-16,3266372,107036070,32.95,32.45,32.6,-0.1,1699,9904,32.8
2018-11-19,4171271,138593812,33.4,32.75,33.35,0.75,2176,9904,32.85
2018-11-20,5659691,189582890,33.7,33.1,33.65,0.3,2693,9904,33.4
2018-11-21,5198536,174624054,33.8,33.2,33.7,0.05,2616,9904,33.6
2018-11-22,1828919,61025100,33.8,33.2,33.25,-0.45,1185,9904,33.7
2018-11-23,2992309,98364614,33.35,32.65,32.9,-0.35,1465,9904,33.25
2018-11-26,3910239,130194802,33.8,32.8,33.3,0.4,1967,9904,33.1
2018-11-27,4625573,153275524,33.45,33.0,33.1,-0.2,1864,9904,33.3
2018-11-28,5156560,170911308,33.3,32.9,33.3,0.2,2652,9904,33.2
2018-11-29,8996049,295797623,33.45,32.5,32.65,-0.65,3338,9904,33.4
2018-11-30,10613465,354130919,33.6,32.7,33.5,0.85,3158,9904,32.9
2018-12-03,6387255,217386970,34.15,33.7,34.15,0.65,3271,9904,33.8
2018-12-04,8356440,285132861,34.4,33.85,34.1,-0.05,4067,9904,34.1
2018-12-05,5347236,178729915,33.7,33.15,33.25,-0.85,2514,9904,33.55
2018-12-06,6016801,200780549,33.8,33.0,33.55,0.3,3226,9904,33.8
2018-12-07,3859620,130209536,33.95,33.35,33.8,0.25,2107,9904,33.55
2018-12-10,11399313,366897472,33.25,31.8,31.9,-1.9,5647,9904,33.25
2018-12-11,17172586,531775416,31.5,30.65,30.8,-1.1,6804,9904,31.5
2018-12-12,9598550,299249709,31.45,31.0,31.2,0.4,3169,9904,31.15
2018-12-13,5415512,171434134,31.85,31.3,31.85,0.65,2516,9904,31.4
2018-12-14,5222268,165131826,31.9,31.2,31.9,0.05,2622,9904,31.55
2018-12-17,4080602,131819335,32.6,31.8,32.3,0.4,2251,9904,32.0
2018-12-18,6853976,222325247,32.75,31.9,32.6,0.3,2804,9904,32.2
2018-12-19,2906950,94890411,32.85,32.35,32.7,0.1,1797,9904,32.75
2018-12-20,2132205,69227910,32.7,32.25,32.7,0.0,1092,9904,32.35
2018-12-21,3417278,110094279,32.65,32.15,32.15,-0.55,1203,9904,32.65
2018-12-22,411733,13208387,32.3,32.0,32.05,-0.1,254,9904,32.1
2018-12-24,1546700,50082088,32.5,32.2,32.4,0.35,790,9904,32.25
2018-12-25,1136633,36210256,32.05,31.6,31.9,-0.5,714,9904,31.6
2018-12-26,639075,20341717,32.05,31.7,31.7,-0.2,474,9904,31.85
2018-12-27,2372591,76600284,32.5,31.95,32.15,0.45,1251,9904,32.1
2018-12-28,3734114,121363357,32.6,32.15,32.6,0.45,1511,9904,32.15
2019-01-02,2575675,83080714,32.8,32.0,32.2,-0.4,1473,9904,32.75
2019-01-03,3986814,130793221,33.0,32.25,33.0,0.8,2161,9904,32.5
2019-01-04,4323072,143339186,33.4,32.5,33.4,0.4,2657,9904,32.85
2019-01-07,4991405,168793869,34.05,33.6,33.9,0.5,2864,9904,33.75
2019-01-08,4872730,166099170,34.2,33.9,34.2,0.3,2982,9904,34.0
2019-01-09,7667955,265256793,34.7,34.35,34.7,0.5,3829,9904,34.4
2019-01-10,4752333,162865764,34.6,33.85,34.45,-0.25,2785,9904,34.6
2019-01-11,5144421,177929085,34.85,34.3,34.55,0.1,2504,9904,34.7
2019-01-14,4092818,140546458,34.7,34.1,34.25,-0.3,1938,9904,34.45
2019-01-15,8205563,286584155,35.2,34.4,35.1,0.85,3489,9904,34.5
2019-01-16,8967834,319263713,35.8,35.3,35.55,0.45,3731,9904,35.35
2019-01-17,5588170,198637644,35.85,35.2,35.65,0.1,2921,9904,35.7
2019-01-18,5076137,180585871,35.85,35.3,35.6,-0.05,2480,9904,35.8
2019-01-21,2325650,82906895,35.85,35.45,35.55,-0.05,1081,9904,35.6
2019-01-22,4604430,163510135,35.8,35.15,35.45,-0.1,1796,9904,35.45
2019-01-23,6604422,237259419,36.4,35.35,36.3,0.85,3151,9904,35.4
2019-01-24,7356400,267434391,36.7,35.85,36.25,-0.05,3895,9904,36.4
2019-01-25,5585776,202634413,36.55,35.9,36.05,-0.2,2896,9904,36.3
2019-01-28,3616081,130046662,36.15,35.8,36.15,0.1,2099,9904,36.1
2019-01-29,8367774,305070581,36.6,36.0,36.55,0.4,3111,9904,36.15
2019-01-30,9719692,355327781,36.8,36.0,36.8,0.25,3859,9904,36.65
2019-02-11,6473505,238523486,37.2,36.65,36.65,-0.15,3139,9904,37.2
2019-02-12,6841091,252682351,37.15,36.5,37.15,0.5,3724,9904,36.6
2019-02-13,8204230,302621107,37.25,36.5,37.1,-0.05,3661,9904,37.2
2019-02-14,6969604,257636519,37.2,36.65,37.05,-0.05,3554,9904,36.65
2019-02-15,3757819,139152503,37.2,36.9,37.05,0.0,2080,9904,37.2
2019-02-18,4122465,154075313,37.65,37.2,37.25,0.2,2317,9904,37.25
2019-02-19,3089197,114778935,37.25,37.05,37.05,-0.2,2181,9904,37.25
2019-02-20,5808029,216824023,37.5,37.0,37.5,0.45,3113,9904,37.0
2019-02-21,5996517,225783394,38.0,37.45,37.85,0.35,2966,9904,37.55
2019-02-22,5208308,197906799,38.15,37.8,38.15,0.3,2585,9904,37.9
2019-02-25,5170348,196238449,38.3,37.55,37.7,-0.45,1948,9904,38.2
2019-02-26,5900125,223793850,38.2,37.2,38.0,0.3,2702,9904,37.4
2019-02-27,9532103,367411057,38.8,37.9,38.8,0.8,3561,9904,38.0
2019-03-04,8903123,343337729,38.95,38.1,38.65,-0.15,4720,9904,38.8
2019-03-05,5563832,214868641,38.9,38.25,38.75,0.1,2899,9904,38.3
2019-03-06,6442675,252246869,39.45,38.85,39.3,0.55,2742,9904,38.9
2019-03-07,6380315,249565693,39.5,38.75,38.75,-0.55,2674,9904,39.3
2019-03-08,4106095,159254773,39.1,38.45,38.95,0.2,2187,9904,38.75
2019-03-11,7249090,278312759,38.8,38.2,38.55,-0.4,2827,9904,38.7
2019-03-12,5106519,199023091,39.3,38.5,39.1,0.55,2539,9904,38.8
2019-03-13,3251887,126467860,39.3,38.65,38.9,-0.2,1707,9904,39.1
2019-03-14,4781653,186301393,39.2,38.6,39.1,0.2,2457,9904,38.95
2019-03-15,5981606,234426782,39.4,38.95,39.25,0.15,1782,9904,39.4
2019-03-18,2606201,101936707,39.3,39.0,39.2,-0.05,1521,9904,39.25
2019-03-19,4091238,158662926,39.2,38.65,38.7,-0.5,2098,9904,39.0
2019-03-20,6680792,256425344,38.7,38.2,38.3,-0.4,2889,9904,38.6
2019-03-21,11187403,426129342,38.3,37.95,38.1,-0.2,2208,9904,38.25
2019-03-22,4837450,184664978,38.4,38.0,38.25,0.15,2014,9904,38.1
2019-03-25,4004088,152258996,38.2,37.7,38.2,-0.05,1926,9904,38.2
2019-03-26,4853041,183784734,38.0,37.7,37.9,-0.3,2328,9904,37.9
2019-03-27,11772532,435288964,37.85,36.55,36.85,-1.05,4982,9904,37.85
2019-03-28,12280096,445027917,36.95,35.9,36.85,0.0,4615,9904,36.35
2019-03-29,9322132,346455339,37.55,36.3,37.55,0.7,4022,9904,36.8
2019-04-01,10009617,365788440,37.2,36.2,36.65,-0.9,5707,9904,37.15
2019-04-02,8691123,314311539,36.65,36.0,36.1,-0.55,4047,9904,36.65
2019-04-03,3370135,121960987,36.4,35.95,36.35,0.25,2130,9904,36.1
2019-04-08,5794740,211052713,36.7,36.3,36.4,0.05,2904,9904,36.55
2019-04-09,2712776,98967167,36.6,36.35,36.6,0.2,1689,9904,36.4
2019-04-10,4574288,166128654,36.6,36.1,36.5,-0.1,2752,9904,36.5
2019-04-11,6518936,238395414,36.8,36.3,36.3,-0.2,3207,9904,36.7
2019-04-12,3932986,143162630,36.6,36.25,36.5,0.2,1713,9904,36.4
2019-04-15,4701594,172890060,36.9,36.65,36.65,0.15,1978,9904,36.7
2019-04-16,4085543,149752261,36.85,36.5,36.85,0.2,2015,9904,36.55
2019-04-17,9559106,358865826,37.8,36.95,37.8,0.95,4103,9904,36.95
2019-04-18,8011690,300594889,37.95,37.1,37.5,-0.3,3057,9904,37.8
2019-04-19,2822671,105357998,37.65,37.05,37.35,-0.15,1360,9904,37.65
2019-04-22,3367141,126122579,37.65,37.2,37.6,0.25,1607,9904,37.55
2019-04-23,5785855,217441279,37.9,37.5,37.5,-0.1,2781,9904,37.9
2019-04-24,4573566,171869723,37.7,37.5,37.65,0.15,2471,9904,37.55
2019-04-25,4057495,152086000,37.75,37.35,37.4,-0.25,2049,9904,37.65
2019-04-26,2926272,109444745,37.5,37.25,37.5,0.1,1761,9904,37.4
2019-04-29,3816372,143129998,37.7,37.4,37.5,0.0,1987,9904,37.5
2019-04-30,4213940,157755276,37.55,37.3,37.55,0.05,2184,9904,37.5
2019-05-02,4675388,173684386,37.45,37.05,37.05,-0.5,2241,9904,37.4
2019-05-03,5302978,194408080,37.0,36.35,36.7,-0.35,2588,9904,36.9
2019-05-06,4837494,176317725,36.6,36.3,36.45,-0.25,2346,9904,36.6
2019-05-07,5220950,191668090,37.05,36.45,37.05,0.6,2305,9904,36.45
2019-05-08,3644564,133844086,36.9,36.6,36.7,-0.35,1836,9904,36.85
2019-05-09,5006859,181486286,36.5,36.05,36.2,-0.5,2704,9904,36.35
2019-05-10,3018699,109178788,36.45,35.9,36.05,-0.15,1818,9904,36.35
2019-05-13,3287223,118036378,36.3,35.6,35.9,-0.15,2134,9904,36.05
2019-05-14,6049846,213232575,35.45,35.0,35.3,-0.6,3724,9904,35.35
2019-05-15,4628398,163730929,35.55,35.05,35.3,0.0,2651,9904,35.05
2019-05-16,9114004,329240973,36.6,35.6,36.15,0.85,4015,9904,35.95
2019-05-17,9928927,356998329,36.45,35.35,35.75,-0.4,4266,9904,36.3
2019-05-20,7274604,262051645,36.3,35.7,36.05,0.3,3907,9904,36.05
2019-05-21,7948678,286668893,36.3,35.75,36.1,0.05,3456,9904,36.0
2019-05-22,7417287,267140036,36.25,35.65,36.05,-0.05,2563,9904,36.1
2019-05-23,7152271,255042616,36.2,35.3,35.75,-0.3,3350,9904,36.2
2019-05-24,3659798,131382053,36.1,35.6,35.9,0.15,1930,9904,36.0
2019-05-27,3291209,117458588,36.2,35.45,35.55,-0.35,1980,9904,36.2
2019-05-28,9991030,357045959,35.8,35.55,35.75,0.2,1265,9904,35.8
2019-05-29,3439569,122753086,35.85,35.5,35.7,-0.05,1881,9904,35.75
2019-05-30,8764058,317668694,36.65,35.7,36.3,0.6,3146,9904,36.0
2019-05-31,6611777,237550786,36.25,35.8,35.85,-0.45,2993,9904,36.1
2019-06-03,8121774,292818351,36.4,35.65,36.1,0.25,2669,9904,35.85
2019-06-04,4159664,151909044,36.75,36.3,36.5,0.4,1889,9904,36.5
2019-06-05,5436835,199833829,36.85,36.65,36.7,0.2,2606,9904,36.75
2019-06-06,4925671,181980033,37.2,36.75,37.2,0.5,1887,9904,36.75
2019-06-10,5766221,215779710,37.6,37.25,37.5,0.3,2589,9904,37.35
2019-06-11,7695944,290493366,38.0,37.5,37.7,0.2,3244,9904,37.7
2019-06-12,5179104,195388823,37.9,37.45,37.8,0.1,2003,9904,37.7
2019-06-13,6379754,238344126,37.65,37.1,37.4,-0.4,2799,9904,37.65
2019-06-14,2906045,108069012,37.5,37.05,37.1,-0.3,1992,9904,37.35
2019-06-17,4281071,160728646,37.8,37.0,37.5,0.4,2403,9904,37.1
2019-06-18,3269647,122474121,37.6,37.3,37.5,0.0,1996,9904,37.5
2019-06-19,6798822,257513048,38.0,37.55,38.0,0.5,3492,9904,37.6
2019-06-20,7862980,299896781,38.5,37.7,37.85,-0.15,3852,9904,38.2
2019-06-21,6819800,260367925,38.35,37.9,38.2,0.35,2601,9904,38.0
2019-06-24,4631437,177571113,38.45,38.1,38.45,0.25,2129,9904,38.3
2019-06-25,3856760,147121496,38.4,37.9,38.05,-0.4,1831,9904,38.35
2019-06-26,9813187,381344331,39.15,38.4,38.6,0.55,4477,9904,38.45
2019-06-27,9103633,355340606,39.15,38.85,39.0,0.4,4219,9904,38.95
2019-06-28,6904147,266988044,39.1,38.5,38.5,-0.5,2623,9904,39.1
2019-07-01,6337267,246723557,39.1,38.7,38.7,0.2,2247,9904,39.0
2019-07-02,7147988,279850009,39.3,38.9,39.3,0.6,2994,9904,38.95
2019-07-03,6133758,240498112,39.4,38.95,39.05,-0.25,1807,9904,39.3
2019-07-04,6003215,233658885,39.2,38.6,39.15,0.1,2543,9904,39.0
2019-07-05,5439277,212605803,39.3,38.9,39.1,-0.05,1901,9904,39.1
2019-07-08,6849077,258549104,37.9,37.6,37.85,0.0,3420,9904,37.65
2019-07-09,3912971,147549000,37.85,37.65,37.65,-0.2,2256,9904,37.85
2019-07-10,6175591,235963319,38.5,37.65,38.2,0.55,2639,9904,37.7
2019-07-11,4425344,170093608,38.6,38.25,38.45,0.25,1916,9904,38.4
2019-07-12,6280304,240956060,38.5,38.1,38.4,-0.05,2602,9904,38.45
2019-07-15,4103678,157191626,38.45,38.05,38.45,0.05,2663,9904,38.45
2019-07-16,7108588,274582437,38.8,38.1,38.8,0.35,4048,9904,38.4
2019-07-17,4736489,183846659,38.95,38.65,38.8,0.0,2537,9904,38.8
2019-07-18,4061997,157741477,39.0,38.6,38.7,-0.1,2207,9904,38.95
2019-07-19,9415730,369351634,39.5,38.9,39.2,0.5,3385,9904,38.9
2019-07-22,5133301,200600089,39.3,38.95,39.15,-0.05,2530,9904,39.25
2019-07-23,6211799,242620311,39.4,38.8,39.2,0.05,2906,9904,39.05
2019-07-24,7173532,282417995,39.6,39.05,39.45,0.25,4056,9904,39.2
2019-07-25,7683824,301770255,39.5,39.1,39.25,-0.2,2966,9904,39.45
2019-07-26,8295256,322270533,39.2,38.7,38.8,-0.45,3285,9904,39.2
2019-07-29,4057270,156383519,39.0,38.4,38.45,-0.35,2046,9904,38.75
2019-07-30,4627333,176808812,38.5,38.05,38.05,-0.4,2435,9904,38.25
2019-07-31,10832927,415812492,38.5,38.05,38.45,0.4,2837,9904,38.05
2019-08-01,6188914,233582355,38.25,37.55,37.55,-0.9,3410,9904,38.0
2019-08-02,6400584,236703409,37.35,36.8,36.9,-0.65,3117,9904,36.95
2019-08-05,5241155,195179726,37.5,36.8,37.5,0.6,2443,9904,36.85
2019-08-06,4665483,172129631,37.25,36.45,37.1,-0.4,2113,9904,36.6
2019-08-07,3746004,138170186,37.15,36.7,36.75,-0.35,1877,9904,37.05
2019-08-08,2277874,84431849,37.25,36.75,37.25,0.5,1171,9904,36.75
2019-08-12,4025819,149561651,37.5,36.7,37.15,-0.1,1871,9904,36.85
2019-08-13,2962378,110008886,37.4,36.95,36.95,-0.2,1689,9904,37.4
2019-08-14,3774338,139861363,37.3,36.9,37.0,0.05,1991,9904,37.15
2019-08-15,8779953,332286514,38.3,37.3,38.0,1.0,3941,9904,37.35
2019-08-16,6076443,229984328,38.0,37.65,38.0,0.0,3016,9904,38.0
2019-08-19,6039009,228445528,38.3,37.65,37.7,-0.3,2760,9904,38.3
2019-08-20,4701935,178825910,38.15,37.8,38.15,0.45,2657,9904,37.95
2019-08-21,8066967,309576272,38.75,38.0,38.3,0.15,4032,9904,38.2
2019-08-22,8159456,310789488,38.35,37.95,38.25,-0.05,4601,9904,38.3
2019-08-23,5045783,193881382,38.6,38.2,38.6,0.35,2840,9904,38.3
2019-08-26,4277654,162099502,38.1,37.65,37.9,-0.7,2511,9904,38.0
2019-08-27,7843740,297772281,38.35,37.8,37.9,0.0,2510,9904,38.25
2019-08-28,3668502,140133793,38.35,37.95,38.15,0.25,2173,9904,37.95
2019-08-29,5899041,226105674,38.55,37.95,38.55,0.4,3667,9904,38.25
2019-08-30,11047663,431062807,39.2,38.75,39.2,0.65,5030,9904,38.9
2019-09-02,4837434,189281176,39.45,38.95,39.0,-0.2,2634,9904,39.3
2019-09-03,4061607,159198723,39.35,39.05,39.1,0.1,1840,9904,39.2
2019-09-04,6723662,264193785,39.45,39.1,39.45,0.35,3327,9904,39.35
2019-09-05,8944072,356072149,39.95,39.5,39.85,0.4,4042,9904,39.5
2019-09-06,6413629,255521446,40.1,39.65,39.7,-0.15,3441,9904,40.0
2019-09-09,4123821,163403222,39.85,39.45,39.45,-0.25,2241,9904,39.85
2019-09-10,4813061,189110287,39.55,39.0,39.45,0.0,2580,9904,39.45
2019-09-11,5402693,213722149,39.8,39.35,39.5,0.05,2325,9904,39.7
2019-09-12,6650980,260772420,39.7,39.0,39.15,-0.35,3241,9904,39.65
2019-09-16,3100683,121409154,39.3,39.1,39.15,0.0,1893,9904,39.3
2019-09-17,3119327,121492753,39.1,38.85,39.0,-0.15,2101,9904,39.1
2019-09-18,5072396,198618784,39.45,38.9,39.4,0.4,2994,9904,39.0
2019-09-19,4256715,166154555,39.35,38.9,39.05,-0.35,2269,9904,39.35
2019-09-20,7313087,284936343,39.1,38.6,39.1,0.05,1993,9904,38.9
2019-09-23,3588172,140815859,39.4,39.0,39.15,0.05,1858,9904,39.1
2019-09-24,6943292,273542087,39.5,39.15,39.25,0.1,2989,9904,39.3
2019-09-25,7401594,292126132,39.8,39.2,39.3,0.05,3607,9904,39.2
2019-09-26,10576135,421048549,39.95,39.6,39.8,0.5,5498,9904,39.8
2019-09-27,6011397,238669611,40.0,39.45,39.75,-0.05,3122,9904,40.0
2019-10-01,7392818,293814610,39.95,39.5,39.75,0.0,3204,9904,39.9
2019-10-02,4787752,189564890,39.75,39.35,39.75,0.0,2091,9904,39.5
2019-10-03,4496813,175675528,39.2,38.9,39.1,-0.65,2089,9904,39.05
2019-10-04,3311914,129813773,39.35,38.95,39.3,0.2,1683,9904,39.1
2019-10-07,3598621,141722471,39.45,39.25,39.45,0.15,1556,9904,39.45
2019-10-08,7829230,307158390,39.5,38.95,39.0,-0.45,3097,9904,39.4
2019-10-09,10272704,405919348,39.7,38.95,39.7,0.7,3827,9904,39.0
2019-10-14,7441679,294284792,40.0,39.25,39.35,-0.35,3907,9904,39.75
2019-10-15,6963419,272951256,39.4,39.05,39.3,-0.05,2974,9904,39.35
2019-10-16,7705271,304837025,39.85,39.35,39.85,0.55,3774,9904,39.45
2019-10-17,15946372,642963274,40.95,39.5,40.75,0.9,6413,9904,39.85
2019-10-18,18211970,746264404,41.35,40.55,41.05,0.3,4605,9904,40.95
2019-10-21,14267700,596304498,42.5,41.1,41.55,0.5,7085,9904,41.1
2019-10-22,11202535,460336324,41.6,40.75,41.2,-0.35,4696,9904,41.55
2019-10-23,7866030,319888641,41.15,40.45,40.55,-0.65,3641,9904,41.15
2019-10-24,7961580,321167929,40.65,40.2,40.5,-0.05,3745,9904,40.65
2019-10-25,6938769,279835575,40.75,40.1,40.3,-0.2,3490,9904,40.7
2019-10-28,3820571,154124716,40.65,40.15,40.25,-0.05,1869,9904,40.65
2019-10-29,7039765,282556902,40.55,39.8,40.15,-0.1,3419,9904,40.5
2019-10-30,8805146,356730784,40.75,40.25,40.75,0.6,4102,9904,40.45
2019-10-31,7256596,295681727,41.05,40.55,40.75,0.0,3531,9904,40.8
2019-11-01,9883677,408383765,41.65,40.75,41.55,0.8,4575,9904,40.8
2019-11-04,7612315,317854584,42.0,41.5,41.65,0.1,4136,9904,41.75
2019-11-05,6105314,252081034,41.65,41.05,41.45,-0.2,2607,9904,41.55
2019-11-06,3782184,156462529,41.7,41.15,41.3,-0.15,1689,9904,41.55
2019-11-07,5517318,227234246,41.4,40.95,41.3,0.0,2086,9904,41.15
2019-11-08,4268923,176681217,41.9,41.15,41.2,-0.1,2385,9904,41.4
2019-11-11,4592527,187600031,41.35,40.5,40.7,-0.5,2362,9904,41.2
2019-11-12,4267936,175695858,41.3,41.05,41.3,0.6,2012,9904,41.2
2019-11-13,4596779,190832935,41.8,41.1,41.4,0.1,2335,9904,41.1
2019-11-14,6533609,271254818,41.85,41.05,41.85,0.45,2619,9904,41.7
2019-11-15,15103879,624086761,42.3,40.9,41.05,-0.8,6104,9904,42.2
2019-11-18,10484253,423291639,41.05,40.05,40.35,-0.7,4309,9904,41.0
2019-11-19,6156182,248280937,40.6,40.1,40.45,0.1,2704,9904,40.3
2019-11-20,3668600,148915869,40.75,40.4,40.65,0.2,1900,9904,40.4
2019-11-21,3890464,157575403,40.65,40.3,40.5,-0.15,1598,9904,40.5
2019-11-22,4845481,197298421,41.0,40.45,41.0,0.5,2172,9904,40.65
2019-11-25,5122925,209198435,41.25,40.6,40.65,-0.35,2367,9904,41.0
2019-11-26,14415170,589908970,40.95,40.65,40.95,0.3,1729,9904,40.7
2019-11-27,2164455,88347451,41.0,40.7,40.7,-0.25,1293,9904,40.95
2019-11-28,3599562,145545808,40.7,40.3,40.3,-0.4,1772,9904,40.7
2019-11-29,6637199,264282721,40.3,39.65,39.75,-0.55,2695,9904,40.3
2019-12-02,6407897,251624952,39.75,39.05,39.05,-0.7,2805,9904,39.75
2019-12-03,4120974,161089709,39.25,38.9,39.15,0.1,1984,9904,39.0
2019-12-04,7603090,294702426,39.3,38.6,38.6,-0.55,3872,9904,39.3
2019-12-05,4642832,181014923,39.15,38.75,39.0,0.4,2281,9904,38.8
2019-12-06,3431151,133988663,39.35,38.85,39.05,0.05,1483,9904,39.15
2019-12-09,3493954,136708838,39.35,38.95,39.05,0.0,1390,9904,39.05
2019-12-10,2768533,107875899,39.1,38.8,39.05,0.0,1615,9904,39.0
2019-12-11,3348208,130728038,39.2,38.85,39.2,0.15,1616,9904,38.95
2019-12-12,3847553,150754981,39.4,39.0,39.05,-0.15,2041,9904,39.2
2019-12-13,4480215,175348437,39.25,39.05,39.1,0.05,2913,9904,39.05
2019-12-16,4885339,190214919,39.1,38.85,38.85,-0.25,2515,9904,39.1
2019-12-17,5592331,218632584,39.35,38.7,39.3,0.45,2722,9904,38.9
2019-12-18,5613568,220476710,39.4,39.0,39.2,-0.1,2557,9904,39.1
2019-12-19,3973449,156545796,39.5,39.2,39.45,0.25,1737,9904,39.25
2019-12-20,9559411,382182740,40.2,39.35,40.2,0.75,2832,9904,39.5
2019-12-23,5799582,231779680,40.4,39.7,39.95,-0.25,2124,9904,40.3
2019-12-24,2587294,103064572,40.0,39.7,39.7,-0.25,954,9904,40.0
2019-12-25,1831753,72674572,39.8,39.55,39.75,0.05,716,9904,39.7
2019-12-26,1846280,73042180,39.65,39.5,39.6,-0.15,632,9904,39.6
2019-12-27,1955072,77426639,39.7,39.5,39.6,0.0,849,9904,39.7
2019-12-30,3013208,118969835,39.8,39.35,39.35,-0.25,1206,9904,39.65
2019-12-31,2088341,82072356,39.45,39.2,39.2,-0.15,1086,9904,39.35
2020-01-02,4056783,161005272,39.8,39.35,39.7,0.5,1415,9904,39.4
2020-01-03,3918413,155393147,39.8,39.45,39.7,0.0,1781,9904,39.7
2020-01-06,3320322,130855427,39.55,39.25,39.3,-0.4,1804,9904,39.5
2020-01-07,3732016,146510471,39.45,39.1,39.2,-0.1,1757,9904,39.3
2020-01-08,5035703,195468537,39.0,38.65,38.7,-0.5,2396,9904,39.0
2020-01-09,3042134,118288976,39.05,38.7,38.9,0.2,1226,9904,38.9
2020-01-10,3344897,130051006,39.15,38.75,39.0,0.1,1943,9904,39.1
2020-01-13,3316730,129397475,39.2,38.9,39.05,0.05,1881,9904,39.05
2020-01-14,3647948,142561157,39.2,38.95,39.05,0.0,1950,9904,39.1
2020-01-15,3654121,142324069,39.1,38.85,38.9,-0.15,1735,9904,39.05
2020-01-16,3249878,126088900,38.9,38.75,38.75,-0.15,1617,9904,38.9
2020-01-17,2629553,102323523,39.1,38.8,38.8,0.05,1262,9904,38.85
2020-01-20,3829669,148763295,39.0,38.8,38.8,0.0,1879,9904,38.85
2020-01-30,18362587,660888125,37.75,34.95,35.2,-3.6,8498,9904,37.75
2020-01-31,10383143,366869490,35.65,34.95,35.1,-0.1,4413,9904,35.0
2020-02-03,9766939,334333515,34.6,33.3,34.55,-0.55,5162,9904,34.5
2020-02-04,7434753,259288065,35.05,34.55,34.9,0.35,3391,9904,34.55
2020-02-05,9109411,315086635,35.0,34.2,34.55,-0.35,4640,9904,34.95
2020-02-06,6852074,239499370,35.25,34.35,35.25,0.7,2592,9904,34.45
2020-02-07,6534328,227219980,35.05,34.6,34.8,-0.45,3190,9904,35.0
2020-02-10,5380775,185231929,34.7,34.0,34.4,-0.4,2128,9904,34.5
2020-02-11,4106674,143370915,35.15,34.6,34.85,0.45,2160,9904,34.6
2020-02-12,5782527,202242845,35.15,34.8,34.9,0.05,3093,9904,34.85
2020-02-13,4228902,148289749,35.2,35.0,35.0,0.1,2207,9904,35.0
2020-02-14,6066199,212162915,35.2,34.8,34.8,-0.2,3069,9904,35.0
2020-02-17,2667105,93202063,35.1,34.7,35.05,0.25,1279,9904,34.8
2020-02-18,2540145,88994198,35.15,34.9,35.15,0.1,1042,9904,35.0
2020-02-19,4025228,142763855,35.6,35.05,35.55,0.4,2001,9904,35.05
2020-02-20,6830405,239575806,35.7,34.8,35.0,-0.55,3152,9904,35.65
2020-02-21,3128060,109555939,35.2,34.9,35.0,0.0,1591,9904,35.0
2020-02-24,5613414,194230026,34.85,34.45,34.5,-0.5,3041,9904,34.8
2020-02-25,4245647,146483058,34.9,34.05,34.45,-0.05,2193,9904,34.2
2020-02-26,5718974,195473898,34.4,34.0,34.05,-0.4,3241,9904,34.0
2020-02-27,10965998,372239864,34.15,33.7,34.1,0.05,4056,9904,34.0
2020-03-02,9359382,309861846,33.6,32.6,33.05,-1.05,5049,9904,33.0
2020-03-03,4696400,156828943,33.6,33.3,33.3,0.25,2351,9904,33.3
2020-03-04,7887314,269209097,34.45,33.6,34.1,0.8,3303,9904,33.65
2020-03-05,3804692,129927238,34.3,34.0,34.15,0.05,2071,9904,34.1
2020-03-06,8369634,278958335,34.0,33.1,33.1,-1.05,4434,9904,34.0
2020-03-09,10476966,337873835,32.6,32.0,32.05,-1.05,4761,9904,32.5
2020-03-10,9358757,297528489,32.2,31.4,31.75,-0.3,3834,9904,31.75
2020-03-11,7962750,254626913,32.2,31.75,31.95,0.2,3767,9904,31.75
2020-03-12,12302584,373939028,31.6,29.9,30.05,-1.9,6072,9904,31.4
2020-03-13,22782120,631332842,28.6,27.1,28.3,-1.75,8157,9904,28.0
2020-03-16,11008857,306188061,28.2,27.4,27.4,-0.9,5059,9904,28.1
2020-03-17,14912834,399673346,27.45,26.3,26.5,-0.9,6476,9904,26.8
2020-03-18,13533108,350201158,26.3,25.4,25.4,-1.1,6258,9904,26.2
2020-03-19,17902801,418975191,24.65,22.9,22.9,-2.5,7479,9904,24.5
2020-03-20,19167209,460996159,25.15,23.25,23.35,0.45,6220,9904,23.25
2020-03-23,12244048,283708455,23.95,22.25,23.0,-0.35,5240,9904,23.0
2020-03-24,8653308,209740443,24.8,23.65,24.05,1.05,3467,9904,23.85
2020-03-25,11857590,300858442,25.9,24.85,25.2,1.15,4543,9904,25.1
2020-03-26,11535263,297288538,26.45,25.0,25.75,0.55,4604,9904,25.5
2020-03-27,11445043,304380636,26.9,26.35,26.5,0.75,4249,9904,26.55
2020-03-30,9752028,254952337,26.8,25.2,26.4,-0.1,2984,9904,26.0
2020-03-31,13577493,357591251,27.0,25.65,25.65,-0.75,4021,9904,26.6
2020-04-01,10826224,282434681,26.55,25.6,26.2,0.55,4943,9904,25.85
2020-04-06,14898047,392243202,27.0,26.0,26.3,0.1,7523,9904,27.0
2020-04-07,13488857,363926512,27.2,26.6,26.9,0.6,5399,9904,26.8
2020-04-08,10889440,296392193,27.45,26.8,27.3,0.4,4256,9904,26.9
2020-04-09,8946396,248861517,28.1,27.4,28.0,0.7,3419,9904,27.4
2020-04-10,6540284,183017258,28.2,27.75,28.1,0.1,2741,9904,27.9
2020-04-13,4899513,137082006,28.2,27.8,27.9,-0.2,2171,9904,28.0
2020-04-14,7090198,202164229,28.9,27.9,28.8,0.9,3027,9904,28.0
2020-04-15,11300075,331486551,29.5,28.9,29.5,0.7,4191,9904,29.15
2020-04-16,9057126,261514154,29.05,28.65,28.8,-0.7,3568,9904,28.9
2020-04-17,9075556,262261461,29.4,28.45,28.55,-0.25,3843,9904,29.0
2020-04-20,4663325,134359875,28.95,28.6,28.9,0.35,1947,9904,28.6
2020-04-21,14447205,400879446,28.2,27.3,27.3,-1.6,7176,9904,28.0
2020-04-22,9936315,263859355,26.95,26.1,26.95,-0.35,4947,9904,26.5
2020-04-23,9174117,246548456,27.3,26.6,26.8,-0.15,3429,9904,26.6
2020-04-24,6282793,167770738,26.9,26.6,26.6,-0.2,2519,9904,26.85
2020-04-27,11033388,305130264,27.95,26.9,27.8,1.2,3848,9904,27.0
2020-04-28,12157976,333941962,27.85,27.2,27.2,-0.6,5395,9904,27.8
2020-04-29,15227469,419394367,27.85,26.8,27.85,0.65,6289,9904,26.9
2020-04-30,17991600,503302889,28.2,27.7,28.2,0.35,8696,9904,27.8
2020-05-04,11497121,320388662,28.2,27.65,28.1,-0.1,5124,9904,27.75
2020-05-05,8760151,245307378,28.3,27.75,27.9,-0.2,3667,9904,28.2
2020-05-06,12734107,348668756,27.75,27.05,27.3,-0.6,6073,9904,27.7
2020-05-07,7820984,212737136,27.4,27.05,27.35,0.05,4148,9904,27.15
2020-05-08,18026034,505738632,29.25,27.45,27.75,0.4,8300,9904,27.5
2020-05-11,14090655,398226154,28.55,27.9,28.1,0.35,5936,9904,28.15
2020-05-12,11202943,312036304,28.15,27.7,27.75,-0.35,5063,9904,28.1
2020-05-13,7816926,215611690,27.7,27.5,27.55,-0.2,3262,9904,27.6
2020-05-14,15702956,422894362,27.3,26.7,26.95,-0.6,6854,9904,27.1
2020-05-15,7437714,199421376,27.2,26.5,26.65,-0.3,3321,9904,27.1
2020-05-18,6335235,169668785,27.0,26.65,26.7,0.05,2905,9904,26.65
2020-05-19,13846086,377465385,27.5,26.9,27.45,0.75,6347,9904,27.3
2020-05-20,6475075,176519642,27.45,27.1,27.4,-0.05,3432,9904,27.4
2020-05-21,19671537,552097735,28.6,27.55,28.45,1.05,8105,9904,27.6
2020-05-22,19143602,531361361,28.45,27.5,27.5,-0.95,7893,9904,28.45
2020-05-25,8034524,220031962,27.85,27.1,27.5,0.0,3018,9904,27.85
2020-05-26,39567283,1137794048,29.95,27.55,29.6,2.1,16282,9904,27.6
2020-05-27,47329781,1418626209,30.9,29.15,29.65,0.05,21430,9904,30.5
2020-05-28,34383019,1002047137,29.85,28.85,29.0,-0.65,9632,9904,29.75
2020-05-29,21530507,629983962,29.55,28.55,29.55,0.55,6583,9904,28.9
2020-06-01,11181028,330084549,29.75,29.3,29.4,-0.15,5365,9904,29.65
2020-06-02,24774343,729173256,29.7,29.35,29.4,0.0,3736,9904,29.4
2020-06-03,14526539,436824651,30.35,29.7,30.1,0.7,6947,9904,29.75
2020-06-04,9264508,278831598,30.5,29.9,30.15,0.05,4145,9904,30.5
2020-06-05,12107510,364903362,30.3,29.95,30.2,0.05,6054,9904,30.05
2020-06-08,16607383,500225267,30.45,29.5,30.4,0.2,7572,9904,30.35
2020-06-09,10750876,324665078,30.45,29.95,30.25,-0.15,4670,9904,30.45
2020-06-10,7735512,232924522,30.25,30.0,30.25,0.0,3389,9904,30.15
2020-06-11,15037069,446638951,30.25,29.2,29.35,-0.9,6933,9904,30.25
2020-06-12,12955006,370067468,28.9,28.0,28.9,-0.45,5944,9904,28.35
2020-06-15,10325722,294615485,28.8,28.3,28.3,-0.6,4624,9904,28.6
2020-06-16,9037910,260724668,29.25,28.55,29.05,0.75,3308,9904,28.55
2020-06-17,7424985,215083543,29.15,28.9,28.95,-0.1,3528,9904,29.1
2020-06-18,8100238,233276709,29.05,28.65,28.75,-0.2,3729,9904,29.0
2020-06-19,32579487,931555261,29.05,28.5,28.5,-0.25,4390,9904,28.85
2020-06-22,10925674,316290861,29.15,28.55,29.0,0.5,4412,9904,28.55
2020-06-23,8937734,259645695,29.2,28.7,29.1,0.1,3516,9904,29.2
2020-06-24,5212401,151124286,29.2,28.9,28.95,-0.15,1775,9904,29.2
2020-06-29,9556259,271966703,28.6,28.25,28.5,-0.45,4079,9904,28.6
2020-06-30,8259399,237912145,28.9,28.65,28.8,0.3,2067,9904,28.75
2020-07-01,12187114,350705126,29.0,28.65,28.75,-0.05,3311,9904,28.8
2020-07-02,8568524,247336880,29.1,28.75,29.1,0.35,3444,9904,28.8
2020-07-03,5993859,173934684,29.2,28.95,29.0,-0.1,2012,9904,29.15
2020-07-06,6541937,190010545,29.15,28.95,29.05,0.05,2653,9904,29.1
2020-07-07,9675879,281482803,29.2,29.0,29.15,0.1,3528,9904,29.15
2020-07-08,8980580,259653381,29.05,28.8,28.95,-0.2,3599,9904,29.05
2020-07-09,8221069,238884141,29.15,28.95,28.95,0.0,3311,9904,29.0
2020-07-10,12580464,360378459,29.0,28.3,28.3,-0.65,5263,9904,29.0
2020-07-13,6153376,176750293,29.0,28.35,28.75,0.45,2784,9904,28.35
2020-07-14,8254702,234735853,28.75,28.3,28.35,-0.4,3375,9904,28.7
2020-07-15,10171755,292066387,28.9,28.55,28.7,0.35,3744,9904,28.7
2020-07-16,31642818,938054210,30.0,28.8,29.95,1.25,11017,9904,28.95
2020-07-17,36014111,1091514643,30.8,29.65,29.7,-0.25,15047,9904,30.15
2020-07-20,10701637,313925295,29.95,29.0,29.5,-0.2,4770,9904,29.95
2020-07-21,12960121,380981655,29.7,29.2,29.45,-0.05,4792,9904,29.7
2020-07-22,8615011,256122650,29.85,29.4,29.85,0.4,3579,9904,29.5
2020-07-23,13294629,399161320,30.4,29.75,30.0,0.15,5486,9904,29.9
2020-07-24,14101356,416266240,30.1,29.15,29.3,-0.7,5928,9904,30.0
2020-07-27,42886844,1192929960,29.0,27.0,27.0,-2.3,18024,9904,29.0
2020-07-28,28941087,768193156,27.05,26.1,26.5,-0.5,10786,9904,27.0
2020-07-29,23632394,609981862,26.35,25.05,26.1,0.0,7802,9904,25.1
2020-07-30,9194680,241156694,26.45,26.1,26.45,0.35,4998,9904,26.4
2020-07-31,10396730,276818510,26.85,26.45,26.55,0.1,4406,9904,26.5
2020-08-03,8025928,213577205,26.9,26.45,26.45,-0.1,3648,9904,26.55
2020-08-04,7996589,214438943,27.2,26.4,27.1,0.65,3039,9904,26.55
2020-08-05,12200625,335838464,27.8,27.15,27.65,0.55,4988,9904,27.2
2020-08-06,9235734,257136412,28.15,27.55,27.75,0.1,4286,9904,27.9
2020-08-07,8992498,251371294,28.1,27.75,27.95,0.2,3897,9904,27.8
2020-08-10,12555659,358217925,28.95,27.95,28.45,0.5,5897,9904,28.0
2020-08-11,7536567,213156475,28.65,28.05,28.25,-0.2,3486,9904,28.15
2020-08-12,7093152,198076229,28.25,27.7,27.9,-0.35,3472,9904,28.2
2020-08-13,5366156,149360969,28.2,27.65,27.85,-0.05,2873,9904,28.0
2020-08-14,4775258,132679592,28.05,27.65,27.7,-0.15,2257,9904,27.65
2020-08-17,15241004,436382946,29.0,27.75,28.75,1.05,6785,9904,27.8
2020-08-18,11179464,316431676,29.1,28.05,28.05,-0.7,5116,9904,29.0
2020-08-19,15481511,426835556,28.1,27.25,27.3,-0.75,7678,9904,28.05
2020-08-20,16701626,446009952,27.2,26.25,26.7,-0.6,8238,9904,27.1
2020-08-21,9317568,250492786,27.15,26.7,26.85,0.15,4695,9904,27.1
2020-08-24,6852725,187345328,27.7,26.85,27.55,0.7,3006,9904,27.0
2020-08-25,10322783,289575775,28.4,27.55,27.85,0.3,4590,9904,27.65
2020-08-26,5254767,146608026,28.2,27.6,28.0,0.15,2513,9904,28.0
2020-08-27,4858557,134801201,28.05,27.6,27.75,-0.25,2179,9904,28.0
2020-08-28,7567993,211366645,28.2,27.55,27.9,0.15,3136,9904,27.75
2020-08-31,13869234,385982063,28.15,27.7,27.7,-0.2,3259,9904,28.15
2020-09-01,9687477,267031350,27.85,27.25,27.65,-0.05,3049,9904,27.8
2020-09-02,8260550,226671146,27.85,27.25,27.55,-0.1,3701,9904,27.7
2020-09-03,7690002,210896494,27.7,27.25,27.35,-0.2,3154,9904,27.55
2020-09-04,9080792,246033150,27.3,26.9,27.25,-0.1,2560,9904,27.0
2020-09-07,4772386,130103521,27.45,27.1,27.3,0.05,1905,9904,27.15
2020-09-08,4867643,132402643,27.45,27.1,27.2,-0.1,2032,9904,27.35
2020-09-09,7048908,190460616,27.3,26.9,27.3,0.1,2830,9904,27.0
2020-09-10,7428975,201029860,27.3,26.95,27.1,-0.2,3335,9904,27.3
2020-09-11,8239439,221828535,27.0,26.85,27.0,-0.1,2843,9904,27.0
2020-09-14,4788048,129169096,27.15,26.9,26.95,-0.05,2012,9904,27.1
2020-09-15,4144008,112387153,27.25,26.95,27.25,0.3,1460,9904,27.0
2020-09-16,6102324,165258571,27.3,26.95,27.0,-0.25,2348,9904,27.25
2020-09-17,3767498,101896286,27.15,27.0,27.1,0.1,2001,9904,27.0
2020-09-18,5335031,144377580,27.2,27.0,27.0,-0.1,1692,9904,27.1
2020-09-21,4730068,128633340,27.4,27.0,27.2,0.2,1773,9904,27.05
2020-09-22,8381790,225056240,27.1,26.75,26.8,-0.4,2880,9904,27.1
2020-09-23,5798118,154737203,26.95,26.55,26.65,-0.15,2415,9904,26.9
2020-09-24,12720941,332785340,26.65,25.8,26.05,-0.6,5170,9904,26.5
2020-09-25,10553034,271788167,26.25,25.45,25.6,-0.45,4580,9904,26.15
2020-09-28,5162170,134415423,26.2,25.8,26.1,0.5,2177,9904,25.8
2020-09-29,4065573,106665361,26.35,26.1,26.2,0.1,1193,9904,26.2
2020-09-30,6090512,160812916,26.6,26.15,26.15,-0.05,1797,9904,26.35
2020-10-05,6127250,163797668,26.85,26.45,26.75,0.6,2093,9904,26.5
2020-10-06,6383507,172927602,27.2,26.85,27.15,0.4,2216,9904,26.9
2020-10-07,4159981,111898137,27.1,26.8,26.85,-0.3,1722,9904,27.1
2020-10-08,4316749,116047850,27.1,26.8,26.95,0.1,1315,9904,27.1
2020-10-12,12300886,325870633,26.7,26.15,26.65,-0.3,3380,9904,26.65
2020-10-13,2781801,73672387,26.6,26.35,26.6,-0.05,1447,9904,26.55
2020-10-14,5258698,140008053,27.0,26.45,26.55,-0.05,1609,9904,26.45
2020-10-15,4234007,111486579,26.6,26.25,26.25,-0.3,1631,9904,26.5
2020-10-16,9057637,235987533,26.3,25.95,25.95,-0.3,3563,9904,26.25
2020-10-19,4577175,119156014,26.25,25.95,25.95,0.0,2152,9904,26.0
2020-10-20,5650693,146635292,26.15,25.85,26.0,0.05,2331,9904,25.95
2020-10-21,7410611,192524436,26.15,25.85,25.9,-0.1,2846,9904,26.05
2020-10-22,9349922,244842542,26.3,25.9,26.2,0.3,2103,9904,25.9
2020-10-23,5071251,134371093,26.65,26.2,26.6,0.4,2254,9904,26.2
2020-10-26,4902852,129996705,26.65,26.3,26.5,-0.1,1783,9904,26.55
2020-10-27,4681210,122994413,26.35,26.2,26.25,-0.25,1617,9904,26.3
2020-10-28,7106365,184791619,26.25,25.85,26.05,-0.2,2584,9904,26.2
2020-10-29,7528931,193470889,25.85,25.5,25.7,-0.35,2800,9904,25.8
2020-10-30,14516089,367895765,25.65,25.2,25.2,-0.5,4871,9904,25.6
2020-11-02,5227257,132522043,25.45,25.1,25.45,0.25,1847,9904,25.2
2020-11-03,5367608,136603683,25.65,25.3,25.55,0.1,2345,9904,25.5
2020-11-04,3209385,81825717,25.65,25.35,25.5,-0.05,1159,9904,25.55
2020-11-05,4617257,118614309,25.85,25.55,25.6,0.1,1709,9904,25.55
2020-11-06,3304822,85192226,25.85,25.65,25.85,0.25,1012,9904,25.65
2020-11-09,6610239,172904934,26.4,25.9,26.15,0.3,2379,9904,25.95
2020-11-10,56468743,1539834110,27.9,26.1,27.7,1.55,19410,9904,26.5
2020-11-11,51208395,1460828505,28.9,27.9,28.9,1.2,19369,9904,28.0
2020-11-12,23016582,657538203,29.0,28.15,28.55,-0.35,8717,9904,28.8
2020-11-13,18924442,547964713,29.4,28.55,28.95,0.4,7850,9904,28.6
2020-11-16,25280012,740543913,29.6,28.75,29.5,0.55,9585,9904,29.15
2020-11-17,32482032,977775870,30.45,29.75,29.9,0.4,12770,9904,29.75
2020-11-18,29576286,907285978,31.0,29.95,31.0,1.1,13105,9904,29.95
2020-11-19,34107006,1062720688,31.9,30.55,31.0,0.0,14460,9904,31.2
2020-11-20,29616738,934499853,31.95,30.7,31.9,0.9,12383,9904,31.2
2020-11-23,27778065,879796160,32.5,31.15,31.55,-0.35,11952,9904,32.3
2020-11-24,24811596,765997805,31.45,30.6,30.8,-0.75,10153,9904,31.4
2020-11-25,13656543,426841826,31.45,31.05,31.4,0.6,5848,9904,31.2
2020-11-26,11562469,359620116,31.5,30.95,31.1,-0.3,5009,9904,31.5
2020-11-27,15296366,469753078,31.0,30.5,30.8,-0.3,6391,9904,30.8
2020-11-30,47871919,1495291778,31.7,30.55,31.25,0.45,13773,9904,30.8
2020-12-01,13557593,419495033,31.25,30.8,31.0,-0.25,5183,9904,31.25
2020-12-02,15977921,492796688,31.25,30.6,31.0,0.0,6220,9904,30.8
2020-12-03,20054033,627369628,31.6,30.8,31.45,0.45,7660,9904,31.0
2020-12-04,12531581,391900106,31.45,31.15,31.25,-0.2,5076,9904,31.35
2020-12-07,11184757,346564749,31.4,30.8,31.1,-0.15,5027,9904,31.25
2020-12-08,14700241,461357986,31.7,30.8,31.35,0.25,7267,9904,31.0
2020-12-09,12598288,393297849,31.45,31.0,31.35,0.0,5206,9904,31.3
2020-12-10,34914392,1118507795,32.5,31.2,31.95,0.6,14476,9904,31.35
2020-12-11,18602274,582011540,31.75,30.7,31.3,-0.65,7936,9904,31.75
2020-12-14,6654160,206230071,31.3,30.8,30.95,-0.35,3064,9904,31.3
2020-12-15,10426955,324348080,31.45,30.85,31.15,0.2,4273,9904,30.95
2020-12-16,18784437,593073921,31.85,31.25,31.55,0.4,7706,9904,31.4
2020-12-17,9514692,298504068,31.75,31.15,31.25,-0.3,3512,9904,31.65
2020-12-18,9625834,298739385,31.35,30.95,30.95,-0.3,3359,9904,31.2
2020-12-21,6046491,188285915,31.3,30.9,31.3,0.35,2509,9904,31.1
2020-12-22,10512172,326009740,31.4,30.5,30.65,-0.65,4051,9904,31.35
2020-12-23,9955496,302873196,30.8,30.0,30.55,-0.1,4013,9904,30.6
2020-12-24,3880848,119119225,30.95,30.55,30.55,0.0,1950,9904,30.6
2020-12-25,3838542,117714585,30.8,30.55,30.75,0.2,1968,9904,30.6
2020-12-28,5173321,159349598,31.0,30.6,30.9,0.15,2200,9904,30.7
2020-12-29,6246253,194253643,31.3,30.9,31.05,0.15,2592,9904,31.0
2020-12-30,8491397,264921395,31.4,31.0,31.4,0.35,4535,9904,31.15
2020-12-31,10443599,328119838,31.6,31.1,31.4,0.0,4265,9904,31.45
2021-01-04,8288707,259596280,31.5,31.0,31.45,0.05,3292,9904,31.35
2021-01-05,5944257,186249231,31.6,31.15,31.3,-0.15,2923,9904,31.45
2021-01-06,12120676,373083313,31.4,30.2,30.75,-0.55,5761,9904,31.2
2021-01-07,7884755,242000993,31.0,30.35,30.85,0.1,3715,9904,30.8
2021-01-08,14454302,442023747,31.0,30.35,31.0,0.15,7296,9904,30.7
2021-01-11,19500579,590665157,30.85,30.05,30.2,-0.8,8074,9904,30.8
2021-01-12,25423095,743490908,30.1,28.9,29.05,-1.15,12203,9904,30.05
2021-01-13,10966356,321878577,29.6,28.9,29.5,0.45,4571,9904,29.05
2021-01-14,12275121,357517814,29.5,29.0,29.05,-0.45,5507,9904,29.35
2021-01-15,8747558,255962881,29.5,29.05,29.3,0.25,3449,9904,29.1
2021-01-18,8329537,240978193,29.2,28.35,29.2,-0.1,3394,9904,29.2
2021-01-19,7044126,205859341,29.5,29.05,29.1,-0.1,2587,9904,29.2
2021-01-20,17550140,498926231,29.2,28.0,28.25,-0.85,7618,9904,29.05
2021-01-21,6304846,179635464,28.7,28.35,28.45,0.2,2856,9904,28.4
2021-01-22,7547700,214531341,28.7,28.1,28.5,0.05,3084,9904,28.1
2021-01-25,3970217,113379782,28.75,28.2,28.7,0.2,1935,9904,28.35
2021-01-26,7139864,205454768,28.9,28.4,28.9,0.2,2816,9904,28.7
2021-01-27,7450561,215444239,29.2,28.75,28.75,-0.15,2991,9904,28.95
2021-01-28,7859190,226839448,29.3,28.2,28.85,0.1,3161,9904,28.55
2021-01-29,10448538,295509554,28.75,28.0,28.0,-0.85,4142,9904,28.55
2021-02-01,5421769,154609699,28.75,27.85,28.7,0.7,2502,9904,28.0
2021-02-02,7621313,221832852,29.3,28.45,29.3,0.6,3536,9904,28.45
2021-02-03,5014726,145485148,29.4,28.8,29.0,-0.3,1742,9904,29.4
2021-02-04,3898579,111922379,28.9,28.55,28.75,-0.25,1818,9904,28.8
2021-02-05,3935942,112951497,28.95,28.55,28.8,0.05,1599,9904,28.65
2021-02-17,8224411,239669942,29.3,28.95,29.05,0.25,3529,9904,29.0
2021-02-18,7586925,223732263,29.8,29.05,29.55,0.5,2856,9904,29.05
2021-02-19,9567632,280374731,29.6,29.05,29.5,-0.05,3463,9904,29.6
2021-02-22,6577973,195111119,29.85,29.5,29.65,0.15,2789,9904,29.5
2021-02-23,10790192,325533059,30.3,29.75,30.3,0.65,4465,9904,29.8
2021-02-24,11270539,343028995,30.8,30.15,30.35,0.05,4457,9904,30.4
2021-02-25,10359583,317532684,30.9,30.45,30.7,0.35,4105,9904,30.5
2021-02-26,15349426,463696106,30.6,30.0,30.2,-0.5,4766,9904,30.55
2021-03-02,10031881,302806259,30.6,29.8,29.8,-0.4,3464,9904,30.3
2021-03-03,10498243,317981310,30.45,29.9,30.3,0.5,3569,9904,30.0
2021-03-04,9992660,303365669,30.7,30.0,30.4,0.1,4088,9904,30.25
2021-03-05,7880328,240295621,30.75,30.0,30.5,0.1,3171,9904,30.15
2021-03-08,14225385,437028875,31.3,30.4,30.5,0.0,5527,9904,30.55
2021-03-09,12569731,387669783,31.1,30.45,31.1,0.6,5359,9904,30.5
2021-03-10,9250178,286961957,31.3,30.9,31.0,-0.1,3533,9904,31.2
2021-03-11,26044370,835149426,32.4,31.5,32.25,1.25,10689,9904,31.5
2021-03-12,12493796,399969486,32.4,31.75,32.15,-0.1,5250,9904,32.4
2021-03-15,8428074,272010626,32.5,32.0,32.3,0.15,3529,9904,32.1
2021-03-16,12373682,403294710,32.9,32.15,32.75,0.45,5211,9904,32.3
2021-03-17,16164521,532563409,33.2,32.7,32.95,0.2,6125,9904,32.75
2021-03-18,12126116,401129174,33.45,32.85,33.1,0.15,4670,9904,32.95
2021-03-19,18289965,595331473,33.25,32.1,32.5,-0.6,7091,9904,32.8
2021-03-22,9280949,299450790,32.6,32.05,32.3,-0.2,3408,9904,32.5
2021-03-23,5773876,187323918,32.7,32.3,32.35,0.05,2796,9904,32.3
2021-03-24,14807245,476471754,33.1,31.75,31.85,-0.5,7034,9904,32.25
2021-03-25,8019903,258660667,32.45,31.9,32.3,0.45,3233,9904,31.9
2021-03-26,15973550,523885620,33.1,32.0,32.95,0.65,5991,9904,32.25
2021-03-29,10204808,336812719,33.3,32.7,33.1,0.15,5016,9904,33.1
2021-03-30,7755005,256018575,33.25,32.7,33.1,0.0,3600,9904,33.05
2021-03-31,9851457,325747046,33.25,32.8,33.0,-0.1,3961,9904,33.1
2021-04-01,6490834,214844361,33.4,32.9,33.15,0.15,2515,9904,33.1
2021-04-06,9754591,326981501,33.85,33.25,33.4,0.25,3968,9904,33.3
2021-04-07,6910794,230967997,33.6,33.25,33.55,0.15,2782,9904,33.45
2021-04-08,5124164,171293571,33.55,33.25,33.5,-0.05,2582,9904,33.3
2021-04-09,13620796,462382967,34.4,33.3,34.15,0.65,5415,9904,33.45
2021-04-12,7418477,254153570,34.4,34.0,34.35,0.2,3321,9904,34.15
2021-04-13,15201824,529413725,35.5,34.2,34.25,-0.1,6080,9904,34.65
2021-04-14,11278224,386855339,34.95,33.8,34.1,-0.15,4954,9904,34.35
2021-04-15,11542468,400119816,35.1,34.15,34.5,0.4,4210,9904,34.15
2021-04-16,14425952,506558943,35.4,34.45,35.4,0.9,5470,9904,34.5
2021-04-19,15146089,546361071,36.35,35.65,36.15,0.75,6875,9904,35.65
2021-04-20,11118965,401838897,36.5,35.5,36.5,0.35,4336,9904,36.15
2021-04-21,8270660,299237618,36.4,35.8,36.25,-0.25,3810,9904,36.1
2021-04-22,17015586,602020522,36.5,34.6,35.0,-1.25,7392,9904,36.45
2021-04-23,8532497,298287798,35.25,34.5,35.0,0.0,3614,9904,35.0
2021-04-26,7821687,274298414,35.3,34.65,35.2,0.2,3485,9904,35.0
2021-04-27,9142704,326517416,36.15,35.0,35.85,0.65,3899,9904,35.2
2021-04-28,28122329,1041750923,37.8,35.85,37.5,1.65,11192,9904,36.0
2021-04-29,19564803,705556495,36.9,35.6,35.6,-1.9,8470,9904,36.9
2021-05-03,21176434,731973118,35.15,33.85,34.9,-0.7,7624,9904,35.15
2021-05-04,17512674,588809465,34.85,32.85,33.05,-1.85,6149,9904,34.8
2021-05-05,8120886,272673502,33.95,32.9,33.45,0.4,3156,9904,33.0
2021-05-06,7863301,259688285,34.0,33.1,33.55,0.1,2871,9904,33.45
2021-05-07,5662762,192691625,34.25,33.65,34.2,0.65,2259,9904,33.9
2021-05-10,7679142,267996389,35.2,34.3,35.0,0.8,2706,9904,34.4
2021-05-11,11609242,396872205,35.2,33.2,33.65,-1.35,4911,9904,34.4
2021-05-12,21537021,678874805,33.6,30.3,30.85,-2.8,8450,9904,33.5
2021-05-13,14339423,439644650,31.4,29.5,30.7,-0.15,5159,9904,30.3
2021-05-14,10244321,320794850,31.8,30.75,31.5,0.8,4053,9904,30.9
2021-05-17,18392245,581422196,32.55,30.75,31.65,0.15,6220,9904,30.8
2021-05-18,18512555,620214337,34.3,32.05,34.25,2.6,7412,9904,32.4
2021-05-19,19605657,687876158,35.85,34.2,35.35,1.1,8952,9904,34.4
2021-05-20,18472692,655917758,36.0,34.95,35.7,0.35,7920,9904,35.5
2021-05-21,14352307,517390614,36.7,35.4,36.1,0.4,6481,9904,36.15
2021-05-24,22448916,827379396,37.5,35.8,36.8,0.7,9759,9904,35.8
2021-05-25,19225089,715093684,37.95,36.55,37.0,0.2,8433,9904,37.5
2021-05-26,21017529,789516157,37.8,36.95,37.8,0.8,8925,9904,37.1
2021-05-27,28262931,1078679893,38.5,37.55,38.35,0.55,10102,9904,38.05
2021-05-28,17482344,669374457,38.65,37.8,38.25,-0.1,7650,9904,38.5
2021-05-31,26404424,987476965,38.6,36.75,37.65,-0.6,11995,9904,38.35
2021-06-01,12835219,482758598,37.9,37.2,37.8,0.15,6301,9904,37.8
2021-06-02,11338156,427327984,38.0,37.35,37.85,0.05,5141,9904,37.9
2021-06-03,16980915,649096338,38.5,37.7,38.5,0.65,7255,9904,37.95
2021-06-04,20437606,788820539,39.45,37.9,38.05,-0.45,9208,9904,38.8
2021-06-07,18865346,723597900,39.0,37.15,39.0,0.95,7670,9904,38.1
2021-06-08,11586622,448104138,39.15,38.35,38.35,-0.65,4385,9904,39.0
2021-06-09,10364940,391660356,38.35,37.3,37.35,-1.0,4451,9904,38.35
2021-06-10,7200327,269553493,37.9,37.1,37.35,0.0,3716,9904,37.5
2021-06-11,11952416,441938316,37.6,36.6,36.9,-0.45,5034,9904,37.2
2021-06-15,7517709,274915310,37.2,36.3,36.4,-0.5,4295,9904,37.0
2021-06-16,7929350,288285729,36.8,36.0,36.5,0.1,4043,9904,36.2
2021-06-17,4369642,158693534,36.55,36.05,36.35,-0.15,2442,9904,36.05
2021-06-18,14337068,523735827,37.15,36.25,36.25,-0.1,5922,9904,36.3
2021-06-21,9841901,353090747,36.5,35.6,35.9,-0.35,3941,9904,35.9
2021-06-22,5837091,212533233,36.8,36.1,36.4,0.5,2622,9904,36.35
2021-06-23,7629428,279378222,36.9,36.05,36.7,0.3,3343,9904,36.55
2021-06-24,5935192,219552159,37.3,36.6,36.85,0.15,2291,9904,36.7
2021-06-25,11754708,443152892,38.0,37.35,37.55,0.7,4935,9904,37.35
2021-06-28,16187433,622564814,39.1,38.05,38.15,0.6,7225,9904,38.2
2021-06-29,11319089,425154033,38.05,37.0,37.65,-0.5,5233,9904,38.05
2021-06-30,32365294,1262131546,39.5,37.75,39.3,1.65,14492,9904,37.9
2021-07-01,23527774,924487599,40.5,38.35,38.55,-0.75,11744,9904,39.8
2021-07-02,9204852,352384551,38.95,38.1,38.1,-0.45,3759,9904,38.5
2021-07-05,9375757,356277819,38.35,37.85,38.05,-0.05,4203,9904,38.25
2021-07-06,9351266,354101622,38.2,37.6,38.05,0.0,3921,9904,38.1
2021-07-07,11025700,417256337,38.2,37.6,37.9,-0.15,4303,9904,38.0
2021-07-08,12325406,470584271,38.85,37.8,38.15,0.25,5423,9904,38.2
2021-07-09,13287939,509413433,38.75,37.85,38.75,0.6,4881,9904,38.0
2021-07-12,11051389,426082823,39.1,38.2,38.6,-0.15,4193,9904,39.0
2021-07-13,11993124,457965328,38.55,37.9,38.15,-0.45,5068,9904,38.45
2021-07-14,8121425,304962199,38.1,37.15,37.15,0.0,3884,9904,37.85
2021-07-15,10148659,380474376,38.1,37.05,37.5,0.35,3673,9904,37.15
2021-07-16,7867630,295542724,37.9,37.3,37.7,0.2,2981,9904,37.5
2021-07-19,11084106,409646349,37.65,36.7,37.05,-0.65,4154,9904,37.6
2021-07-20,7054347,257198189,36.85,36.3,36.35,-0.7,3090,9904,36.65
2021-07-21,8062955,289985174,36.7,35.65,35.9,-0.45,3851,9904,36.7
2021-07-22,8211482,293968417,36.45,35.45,35.8,-0.1,3278,9904,36.2
2021-07-23,5935911,213283570,36.3,35.55,35.8,0.0,1851,9904,35.7
2021-07-26,5233441,186641824,35.95,35.45,35.65,-0.15,2108,9904,35.8
2021-07-27,4310378,153937156,36.05,35.5,35.8,0.15,1886,9904,35.75
2021-07-28,8201738,288827156,35.9,34.85,35.25,-0.55,3173,9904,35.7
2021-07-29,3855147,137292530,35.85,35.3,35.85,0.6,1529,9904,35.3
2021-07-30,5404899,191353132,35.65,35.3,35.3,-0.55,2142,9904,35.6
2021-08-02,4793023,168754507,35.5,34.9,35.5,0.2,2163,9904,35.3
2021-08-03,4894150,171576139,35.3,34.95,35.2,-0.3,1970,9904,35.2
2021-08-04,5015014,177362577,35.75,35.0,35.45,0.25,2254,9904,35.0
2021-08-05,2937490,104118844,35.7,35.0,35.5,0.05,1460,9904,35.55
2021-08-06,2918802,102932900,35.4,35.15,35.2,-0.3,1411,9904,35.4
2021-08-09,5468632,190755647,35.25,34.45,35.15,-0.05,2453,9904,35.0
2021-08-10,5580792,193303186,35.0,34.45,34.6,-0.55,2618,9904,35.0
2021-08-11,6649498,229478826,34.85,34.2,34.65,0.05,2824,9904,34.3
2021-08-12,2985597,102477564,34.6,34.15,34.6,-0.05,1765,9904,34.55
2021-08-13,6486088,219789986,34.6,33.65,33.8,-0.8,2820,9904,34.25
2021-08-16,7662506,259063975,34.45,33.35,33.6,-0.2,3083,9904,34.2
2021-08-17,7534309,249121576,33.7,32.7,32.7,-0.9,3304,9904,33.6
2021-08-18,6229610,205387530,33.35,32.25,33.3,0.6,2585,9904,32.4
2021-08-19,10768173,354113287,33.4,32.5,32.5,-0.8,4197,9904,33.15
2021-08-20,5231430,170839096,32.95,32.15,32.5,0.0,2250,9904,32.7
2021-08-23,5051465,164532051,33.1,32.3,32.5,0.0,1843,9904,32.55
2021-08-24,5131365,166496001,32.75,32.25,32.7,0.2,2423,9904,32.5
2021-08-25,6117050,199610645,32.85,32.4,32.75,0.05,2151,9904,32.7
2021-08-26,12698818,408168666,32.65,31.95,31.95,-0.8,4807,9904,32.65
2021-08-27,7540653,243250368,32.55,31.55,32.35,0.4,2855,9904,31.8
2021-08-30,6045099,195954172,32.6,32.2,32.6,0.25,2635,9904,32.45
2021-08-31,7930643,259057555,32.95,32.2,32.95,0.35,2298,9904,32.55
2021-09-01,7749048,255057887,33.15,32.55,32.95,0.0,2441,9904,32.75
2021-09-02,5427649,176709235,32.95,32.35,32.55,-0.4,2239,9904,32.85
2021-09-03,6964111,227530285,32.85,32.5,32.75,0.2,2411,9904,32.7
2021-09-06,4928949,160023557,32.75,32.25,32.35,-0.4,2571,9904,32.5
2021-09-07,3524312,114106559,32.55,32.25,32.35,0.0,1514,9904,32.35
2021-09-08,6610913,211695198,32.35,31.85,31.95,-0.4,2713,9904,32.35
2021-09-09,4597931,147841225,32.5,31.8,32.5,0.55,1812,9904,31.85
2021-09-10,3381877,110752686,32.9,32.35,32.8,0.3,1379,9904,32.45
2021-09-13,12100090,409162536,34.25,32.7,34.05,1.25,5301,9904,32.8
2021-09-14,5876845,199370143,34.2,33.7,33.95,-0.1,2407,9904,34.05
2021-09-15,5921017,199538938,34.0,33.4,33.7,-0.25,2263,9904,33.8
2021-09-16,3217480,108060897,33.85,33.35,33.75,0.05,1372,9904,33.7
2021-09-17,10345090,351981402,34.2,33.6,34.1,0.35,2664,9904,33.75
2021-09-22,7850108,260143216,33.5,32.75,33.0,-1.1,3405,9904,33.4
2021-09-23,6266747,212433706,34.15,33.45,34.05,1.05,2447,9904,33.5
2021-09-24,8182803,277691499,34.45,33.65,33.7,-0.35,3562,9904,34.05
2021-09-27,4947492,167571663,34.2,33.7,33.8,0.1,2305,9904,33.95
2021-09-28,4394021,147718412,33.85,33.2,33.6,-0.2,1890,9904,33.7
2021-09-29,7369892,245834352,33.6,33.05,33.45,-0.15,2894,9904,33.4
2021-09-30,6780480,228954395,34.05,33.25,33.75,0.3,2350,9904,33.35
2021-10-01,9229788,306034149,33.8,32.85,33.05,-0.7,3354,9904,33.8
2021-10-04,5015489,167780778,33.8,33.1,33.15,0.1,1826,9904,33.4
2021-10-05,4349684,143175698,33.4,32.55,32.9,-0.25,1947,9904,33.4
2021-10-06,5161303,168910854,33.25,32.6,32.6,-0.3,2251,9904,33.15
2021-10-07,5362479,177946715,33.4,32.75,33.25,0.65,2277,9904,32.75
2021-10-08,4474140,147729214,33.25,32.9,32.9,-0.35,2052,9904,33.2
2021-10-12,8995227,289946670,32.6,31.8,32.4,-0.5,3282,9904,32.55
2021-10-13,5702438,184735384,33.05,32.15,32.35,-0.05,2188,9904,32.65
2021-10-14,2722828,88805694,32.8,32.35,32.6,0.25,1339,9904,32.35
2021-10-15,4781877,158262330,33.3,32.65,33.2,0.6,1879,9904,32.7
2021-10-18,4525609,150780832,33.45,33.15,33.2,0.0,1778,9904,33.2
2021-10-19,2865365,95709204,33.55,33.15,33.3,0.1,1547,9904,33.4
2021-10-20,3591180,120490145,33.7,33.4,33.55,0.25,1664,9904,33.6
2021-10-21,13929783,473143704,34.15,33.65,34.0,0.45,3356,9904,33.7
2021-10-22,6699655,226489066,34.2,33.5,33.7,-0.3,3266,9904,34.05
2021-10-25,2455877,82692659,33.85,33.5,33.65,-0.05,1298,9904,33.55
2021-10-26,13266141,458988298,35.0,33.65,35.0,1.35,5850,9904,33.7
2021-10-27,11515327,404335219,35.8,34.7,35.1,0.1,4472,9904,35.1
2021-10-28,5031618,175051671,35.3,34.45,34.6,-0.5,2817,9904,34.9
2021-10-29,6508037,222648437,34.55,34.05,34.1,-0.5,2469,9904,34.5
2021-11-01,3326212,114170966,34.5,34.0,34.4,0.3,1490,9904,34.2
2021-11-02,8349815,282996207,34.55,33.5,33.85,-0.55,3457,9904,34.55
2021-11-03,3377477,114697755,34.2,33.7,33.95,0.1,1362,9904,33.85
2021-11-04,3872800,132023174,34.45,33.85,33.85,-0.1,1658,9904,34.35
2021-11-05,5961741,200563219,34.0,33.45,33.75,-0.1,2145,9904,33.8
2021-11-08,3319928,113112712,34.25,33.75,34.2,0.45,1594,9904,33.75
2021-11-09,6657473,231078111,34.95,34.2,34.9,0.7,2876,9904,34.25
2021-11-10,3927745,136792257,35.0,34.65,34.75,-0.15,2223,9904,34.85
2021-11-11,3382365,117215005,34.85,34.5,34.5,-0.25,1526,9904,34.85
2021-11-12,2939063,101088668,34.55,34.3,34.4,-0.1,1256,9904,34.5
2021-11-15,4966184,173077183,35.1,34.65,34.75,0.35,1918,9904,34.95
2021-11-16,4789318,166368623,34.9,34.6,34.85,0.1,2167,9904,34.9
2021-11-17,3919288,135801248,34.85,34.5,34.65,-0.2,1796,9904,34.8
2021-11-18,6003748,210247816,35.3,34.65,34.95,0.3,2616,9904,34.85
2021-11-19,5031383,175024597,35.2,34.6,34.7,-0.25,2545,9904,35.2
2021-11-22,4493867,154685963,34.75,34.25,34.35,-0.35,2054,9904,34.7
2021-11-23,6900015,234260760,34.3,33.8,33.8,-0.55,2711,9904,34.3
2021-11-24,2613871,88632529,34.0,33.8,34.0,0.2,1632,9904,33.85
2021-11-25,2568702,87006850,34.15,33.75,33.95,-0.05,1565,9904,34.15
2021-11-26,5801977,194365428,33.9,33.2,33.25,-0.7,3276,9904,33.85
2021-11-29,6096692,200534111,33.15,32.7,32.75,-0.5,3157,9904,32.75
2021-11-30,15164394,491635203,33.05,32.05,32.05,-0.7,5059,9904,32.8
2021-12-01,5723723,185921247,32.7,32.3,32.5,0.45,3114,9904,32.3
2021-12-02,3496132,113465402,32.6,32.25,32.5,0.0,2107,9904,32.45
2021-12-03,4962844,162448351,33.0,32.4,32.7,0.2,2454,9904,32.5
2021-12-06,3121300,102450445,33.0,32.4,33.0,0.3,1895,9904,32.5
2021-12-07,5663740,188170029,33.5,32.8,33.3,0.3,2907,9904,32.95
2021-12-08,7901821,267649291,34.0,33.5,33.95,0.65,3078,9904,33.65
2021-12-09,5193473,176352278,34.25,33.7,34.0,0.05,2483,9904,33.8
2021-12-10,4864932,164364006,34.0,33.65,33.65,-0.35,2344,9904,33.8
2021-12-13,10374980,344762169,33.85,33.0,33.0,-0.65,5284,9904,33.5
2021-12-14,3700168,121979527,33.15,32.75,32.9,-0.1,2138,9904,32.8
2021-12-15,4434109,145316626,33.1,32.65,32.7,-0.2,2345,9904,32.9
2021-12-16,4202633,137407177,32.95,32.6,32.6,-0.1,2189,9904,32.85
2021-12-17,6480606,210966183,32.75,32.5,32.5,-0.1,2031,9904,32.55
2021-12-20,5131471,166192643,32.6,32.3,32.35,-0.15,1981,9904,32.5
2021-12-21,3044149,99068299,32.75,32.35,32.6,0.25,1398,9904,32.35
2021-12-22,2566798,83801840,32.8,32.55,32.6,0.0,1233,9904,32.75
2021-12-23,1972060,64463838,32.8,32.6,32.7,0.1,1160,9904,32.7
2021-12-24,2550446,83910729,33.05,32.7,32.95,0.25,1147,9904,32.8
2021-12-27,2387831,79152066,33.25,33.0,33.15,0.2,1251,9904,33.0
2021-12-28,2993768,99712619,33.45,33.1,33.45,0.3,1457,9904,33.2
2021-12-29,2903614,96699698,33.5,33.2,33.25,-0.2,1476,9904,33.45
2021-12-30,3100626,103030898,33.45,33.15,33.15,-0.1,1352,9904,33.4
2022-01-03,3746022,123681894,33.45,32.8,32.8,-0.35,1570,9904,33.3
2022-01-04,2748275,90346762,33.1,32.8,32.8,0.0,3226,9904,32.85
2022-01-05,5300953,174555568,33.05,32.75,32.85,0.05,1809,9904,32.75
2022-01-06,3740183,122936606,33.0,32.75,32.85,0.0,1744,9904,33.0
2022-01-07,4737401,155977800,33.2,32.8,32.8,-0.05,2559,9904,33.0
2022-01-10,6786742,219383252,32.55,32.15,32.35,-0.45,3222,9904,32.5
2022-01-11,6648542,214460340,32.4,32.2,32.2,-0.15,2788,9904,32.3
2022-01-12,3646231,118013432,32.45,32.25,32.45,0.25,1757,9904,32.3
2022-01-13,4627712,151411171,32.9,32.5,32.75,0.3,2045,9904,32.55
2022-01-14,5039863,164648917,32.8,32.5,32.65,-0.1,1999,9904,32.75
2022-01-17,3499466,113928697,32.75,32.35,32.65,0.0,1648,9904,32.5
2022-01-18,3601513,118100409,32.9,32.65,32.75,0.1,1572,9904,32.7
2022-01-19,4940106,161477634,32.9,32.55,32.55,-0.2,1832,9904,32.65
2022-01-20,7284095,240120940,33.2,32.55,33.2,0.65,2609,9904,32.55
2022-01-21,8317307,272534636,33.05,32.55,32.8,-0.4,3541,9904,32.9
2022-01-24,4098843,133277593,32.7,32.4,32.45,-0.35,1875,9904,32.5
2022-01-25,7608242,243595200,32.3,31.9,31.95,-0.5,3622,9904,32.2
2022-01-26,2705498,86590849,32.15,31.85,31.95,0.0,1385,9904,31.85
2022-02-07,5378112,173179677,32.5,31.85,32.45,0.5,2358,9904,32.0
2022-02-08,4379724,142944011,32.75,32.45,32.65,0.2,1844,9904,32.45
2022-02-09,3604212,117786335,32.9,32.5,32.9,0.25,1648,9904,32.7
2022-02-10,3640834,119701121,33.0,32.7,33.0,0.1,1753,9904,32.9
2022-02-11,4015506,131868206,33.05,32.75,32.75,-0.25,1793,9904,32.9
2022-02-14,4309042,138940542,32.5,32.15,32.15,-0.6,1924,9904,32.5
2022-02-15,6234672,202146783,32.65,32.25,32.35,0.2,2729,9904,32.5
2022-02-16,5122189,166590503,32.65,32.4,32.6,0.25,2806,9904,32.55
2022-02-17,13005750,431842293,33.5,32.65,33.35,0.75,4283,9904,32.75
2022-02-18,6180998,204631706,33.2,32.9,33.1,-0.25,2879,9904,33.1
2022-02-21,4815032,160051136,33.4,32.8,33.3,0.2,1941,9904,32.9
2022-02-22,6392653,210407715,33.15,32.8,32.9,-0.4,2543,9904,33.15
2022-02-23,3345053,110232302,33.15,32.85,32.9,0.0,1668,9904,32.95
2022-02-24,10206455,329325086,32.7,31.95,32.1,-0.8,4604,9904,32.7
2022-02-25,12634906,404624005,32.3,31.85,32.1,0.0,4218,9904,32.1
2022-03-01,5536077,179909467,32.7,32.05,32.6,0.5,2424,9904,32.1
2022-03-02,4993635,161192579,32.6,32.2,32.2,-0.4,2218,9904,32.6
2022-03-03,2307230,74677724,32.45,32.25,32.35,0.15,1153,9904,32.4
2022-03-04,4888499,156661098,32.2,31.95,32.0,-0.35,2563,9904,32.1
2022-03-07,13705808,424245650,31.9,30.6,30.7,-1.3,7015,9904,31.9
2022-03-08,12997921,391114314,30.7,29.7,29.85,-0.85,6404,9904,30.4
2022-03-09,5884334,176652173,30.25,29.8,30.05,0.2,2632,9904,30.1
2022-03-10,6446813,197091190,30.75,30.3,30.7,0.65,2387,9904,30.3
2022-03-11,4819020,145888445,30.5,30.15,30.2,-0.5,2928,9904,30.45
2022-03-14,3952460,119395814,30.55,30.0,30.2,0.0,1623,9904,30.3
2022-03-15,6941280,208175351,30.4,29.9,29.95,-0.25,2645,9904,30.3
2022-03-16,7793395,233841725,30.3,29.8,30.25,0.3,2893,9904,30.05
2022-03-17,9542907,295836581,31.35,30.65,31.2,0.95,4578,9904,31.0
2022-03-18,7883216,244587779,31.3,30.95,30.95,-0.25,2293,9904,31.3
2022-03-21,6970381,219295586,31.6,31.05,31.35,0.4,3723,9904,31.05
2022-03-22,4326046,136219728,31.6,31.35,31.5,0.15,1872,9904,31.45
2022-03-23,5085552,160549821,31.7,31.45,31.55,0.05,2361,9904,31.6
2022-03-24,4604322,144489222,31.5,31.15,31.45,-0.1,2883,9904,31.35
2022-03-25,4028938,126137420,31.45,31.15,31.35,-0.1,1912,9904,31.35
2022-03-28,6226415,192151802,31.25,30.45,31.0,-0.35,2889,9904,30.95
2022-03-29,2510638,78416451,31.3,31.05,31.3,0.3,1310,9904,31.15
2022-03-30,6508017,205481884,31.7,31.4,31.5,0.2,2853,9904,31.45
2022-03-31,4794954,151903015,31.9,31.4,31.55,0.05,1795,9904,31.6
2022-04-01,3146139,98872605,31.65,31.1,31.65,0.1,1641,9904,31.4
2022-04-06,5971184,189483777,31.9,31.4,31.9,0.25,2000,9904,31.65
2022-04-07,6614430,207390844,31.7,31.05,31.05,-0.85,2998,9904,31.6
2022-04-08,2077117,65210971,31.5,31.15,31.4,0.35,1101,9904,31.2
2022-04-11,3161876,98728259,31.7,31.05,31.1,-0.3,2519,9904,31.4
2022-04-12,3726399,114929580,31.05,30.7,30.75,-0.35,2740,9904,30.95
2022-04-13,3727902,116349978,31.35,31.0,31.15,0.4,2499,9904,31.15
2022-04-14,2280734,71352004,31.4,31.15,31.3,0.15,1664,9904,31.2
2022-04-15,1833721,56960368,31.35,30.95,30.95,-0.35,874,9904,31.2
2022-04-18,3544328,109157577,31.0,30.65,30.65,-0.3,2386,9904,30.85
2022-04-19,4579837,140672616,31.05,30.5,30.5,-0.15,2423,9904,30.75
2022-04-20,10538254,331019941,31.65,30.65,31.65,1.15,5101,9904,30.7
2022-04-21,21697253,702432186,32.75,31.85,32.4,0.75,9059,9904,31.9
2022-04-22,13857663,448652499,32.6,31.9,32.6,0.2,6555,9904,32.4
2022-04-25,17270874,543107083,32.05,31.0,31.3,-1.3,7570,9904,31.95
2022-04-26,15849813,506715848,32.25,31.5,31.9,0.6,7795,9904,31.55
2022-04-27,8570196,267653996,31.7,31.0,31.05,-0.85,4821,9904,31.5
2022-04-28,7169818,221811993,31.25,30.7,31.05,0.0,3535,9904,31.1
2022-04-29,6140614,190641940,31.25,30.85,30.95,-0.1,2916,9904,31.15
2022-05-03,2794277,86784902,31.25,30.9,31.15,0.2,2532,9904,30.95
2022-05-04,2926203,91419144,31.4,31.15,31.15,0.0,2248,9904,31.25
2022-05-05,6922947,217910954,31.7,31.3,31.55,0.4,3250,9904,31.4
2022-05-06,7513220,232084611,31.1,30.65,30.85,-0.7,4333,9904,31.0
2022-05-09,6345706,191109803,30.7,29.95,30.0,-0.85,3889,9904,30.5
2022-05-10,4743397,141832380,30.3,29.6,30.05,0.05,2495,9904,29.8
2022-05-11,7854736,231808034,29.9,29.2,29.5,-0.55,4491,9904,29.8
2022-05-12,6219828,181853232,29.7,29.0,29.0,-0.5,3353,9904,29.35
2022-05-13,10138325,294189151,29.3,28.8,29.0,0.0,4933,9904,29.1
2022-05-16,9444633,279295012,30.0,29.2,29.6,0.6,4957,9904,29.55
2022-05-17,6126046,182020150,29.95,29.6,29.65,0.05,3343,9904,29.9
2022-05-18,4567540,136261954,30.05,29.65,29.9,0.25,2953,9904,29.65
2022-05-19,6704926,195693235,29.6,29.0,29.1,-0.8,3918,9904,29.45
2022-05-20,4033743,118646106,29.65,29.25,29.3,0.2,2491,9904,29.25
2022-05-23,4552490,133498243,29.65,29.2,29.3,0.0,1768,9904,29.65
2022-05-24,4229455,123102689,29.4,29.0,29.0,-0.3,2238,9904,29.3
2022-05-25,3610830,105393612,29.35,28.95,29.3,0.3,1737,9904,29.3
2022-05-26,3444298,100889906,29.45,29.2,29.25,-0.05,1738,9904,29.45
2022-05-27,4953000,147126402,29.85,29.35,29.75,0.5,2642,9904,29.45
2022-05-30,6148844,185769586,30.4,29.8,30.35,0.6,3097,9904,29.85
2022-05-31,24098107,750823374,31.3,30.1,31.3,0.95,2910,9904,30.25
2022-06-01,8827606,276093800,31.5,30.9,31.25,-0.05,3515,9904,31.05
2022-06-02,4602863,143335109,31.35,30.9,31.1,-0.15,2099,9904,31.05
2022-06-06,5735011,179533329,31.5,30.85,31.4,0.3,2540,9904,31.35
2022-06-07,7404765,232122258,31.65,31.05,31.45,0.05,2865,9904,31.3
2022-06-08,13114561,418010918,32.25,31.6,31.9,0.45,5508,9904,31.9
2022-06-09,4372510,138592558,31.9,31.5,31.75,-0.15,2177,9904,31.8
2022-06-10,3411261,106826932,31.45,31.2,31.25,-0.5,1937,9904,31.35
2022-06-13,5361525,164072802,30.85,30.4,30.55,-0.7,2671,9904,30.75
2022-06-14,3785475,116023716,30.95,30.3,30.7,0.15,1932,9904,30.55
2022-06-15,3337083,102944538,31.1,30.65,30.75,0.05,1765,9904,30.65
2022-06-16,4558225,140790258,31.35,30.5,30.5,-0.25,1746,9904,31.2
2022-06-17,11523664,353677990,30.8,30.05,30.75,0.25,2421,9904,30.05
2022-06-20,3689746,111990041,30.9,30.1,30.15,-0.6,1641,9904,30.35
2022-06-21,4396275,134766300,30.9,30.3,30.65,0.5,1401,9904,30.35
2022-06-22,4481791,137356549,30.8,30.45,30.7,0.05,1919,9904,30.75
2022-06-23,4391175,134696297,31.05,30.3,30.5,-0.2,2082,9904,30.9
2022-06-24,6324425,195192732,31.1,30.6,30.8,0.3,2467,9904,30.95
2022-06-27,5427371,169196465,31.35,30.9,31.2,0.4,2224,9904,30.9
2022-06-28,3518086,108227423,31.15,30.55,30.65,-0.55,1514,9904,31.05
2022-06-29,7316758,220588956,30.6,30.0,30.0,-0.65,3467,9904,30.4
2022-06-30,6984234,207165231,30.15,29.5,29.5,-0.5,3326,9904,30.1
2022-07-01,11064403,320733649,29.55,28.7,28.7,-0.8,5238,9904,29.3
2022-07-04,7324789,210105392,29.1,28.5,28.65,-0.05,3007,9904,28.55
2022-07-05,7423751,215333767,29.3,28.75,28.95,0.3,3459,9904,29.25
2022-07-06,7433092,213659457,29.1,28.55,28.55,-0.4,3462,9904,29.0
2022-07-07,13268038,379991873,28.95,28.2,28.65,0.1,5510,9904,28.65
2022-07-08,12039450,345911522,28.95,28.6,28.7,0.05,4386,9904,28.75
2022-07-11,13786967,384316188,28.2,27.55,27.55,0.0,3140,9904,28.15
2022-07-12,6589199,178999039,27.5,27.0,27.15,-0.4,3390,9904,27.5
2022-07-13,5505052,151479564,27.7,27.4,27.5,0.35,2075,9904,27.45
2022-07-14,3946065,108481184,27.7,27.2,27.55,0.05,1560,9904,27.4
2022-07-15,5366780,146428989,27.65,27.2,27.2,-0.35,2569,9904,27.55
2022-07-18,9432404,259167936,27.75,27.2,27.55,0.35,2945,9904,27.25
2022-07-19,10456484,289769441,27.95,27.4,27.95,0.4,3429,9904,27.5
2022-07-20,19418383,542434554,28.35,27.6,27.7,-0.25,6399,9904,28.15
2022-07-21,54625451,1430538521,27.0,25.4,26.55,-1.15,21761,9904,26.85
2022-07-22,32902240,893464518,27.5,26.3,27.5,0.95,12140,9904,26.8
2022-07-25,10147999,280275789,27.9,27.4,27.6,0.1,3814,9904,27.45
2022-07-26,9650546,268621510,28.05,27.6,27.85,0.25,3568,9904,27.6
2022-07-27,6612113,181913921,27.8,27.35,27.55,-0.3,2456,9904,27.8
2022-07-28,5521911,151428941,27.8,27.25,27.35,-0.2,2164,9904,27.8
2022-07-29,11649672,312825341,27.2,26.55,26.8,-0.55,4750,9904,27.1
2022-08-01,4967174,134376232,27.15,26.85,27.05,0.25,1833,9904,27.0
2022-08-02,5865656,157663187,27.25,26.75,26.85,-0.2,2758,9904,27.1
2022-08-03,6371760,169238604,26.85,26.35,26.5,-0.35,3014,9904,26.8
2022-08-04,5286206,138981518,26.6,26.05,26.3,-0.2,2666,9904,26.6
2022-08-05,3764417,101056660,27.0,26.55,26.95,0.65,1675,9904,26.7
2022-08-08,3138897,85257229,27.3,26.95,27.3,0.35,1295,9904,26.95
2022-08-09,3192514,87613022,27.55,27.25,27.5,0.2,1414,9904,27.25
2022-08-10,3680321,101586986,27.75,27.3,27.6,0.1,1560,9904,27.5
2022-08-11,8262858,233499637,28.45,28.0,28.3,0.7,3261,9904,28.0
2022-08-12,7418691,210310045,28.55,28.15,28.4,0.1,2858,9904,28.5
2022-08-15,14320338,416195752,29.3,28.85,29.1,0.7,6060,9904,28.85
2022-08-16,9508478,274328779,29.25,28.6,28.75,-0.35,3500,9904,29.2
2022-08-17,6237987,180552771,29.1,28.7,29.1,0.35,2564,9904,28.95
2022-08-18,5749816,167318051,29.25,28.9,29.2,0.1,2474,9904,29.1
2022-08-19,4889696,141736322,29.2,28.75,29.0,-0.2,1655,9904,29.15
2022-08-22,4738865,137077675,29.1,28.8,28.9,-0.1,1915,9904,28.85
2022-08-23,3962855,114552388,29.05,28.7,28.95,0.05,1746,9904,28.75
2022-08-24,3008667,87059921,29.05,28.85,28.95,0.0,1184,9904,29.0
2022-08-25,4047788,117691789,29.2,28.95,29.2,0.25,1470,9904,29.05
2022-08-26,3543505,103549276,29.3,29.1,29.25,0.05,1544,9904,29.3
2022-08-29,4654426,133098028,28.7,28.5,28.55,-0.7,2476,9904,28.55
2022-08-30,8312049,238708602,28.85,28.55,28.8,0.25,2495,9904,28.7
2022-08-31,7458335,215762753,29.0,28.7,29.0,0.2,1725,9904,28.8
2022-09-01,7255457,209266387,29.2,28.4,29.05,0.05,2854,9904,28.65
2022-09-02,4475040,128588378,29.05,28.55,28.55,-0.5,2307,9904,29.05
2022-09-05,3236558,92128952,28.7,28.25,28.4,-0.15,1497,9904,28.55
2022-09-06,5333993,150017458,28.65,27.95,28.2,-0.2,2648,9904,28.45
2022-09-07,4265947,118516876,28.1,27.7,27.75,-0.45,2510,9904,28.0
2022-09-08,9962939,286682036,29.2,27.85,29.1,1.35,5060,9904,28.0
2022-09-12,8568456,253697082,29.95,28.9,29.85,0.75,4534,9904,29.2
2022-09-13,12693722,384949568,30.75,30.05,30.35,0.5,6133,9904,30.25
2022-09-14,6651381,200504279,30.35,29.55,30.2,-0.15,3192,9904,29.8
2022-09-15,6444139,194888706,30.45,30.05,30.2,0.0,3100,9904,30.2
2022-09-16,8392990,252278721,30.25,29.85,30.1,-0.1,2588,9904,30.0
2022-09-19,3850356,114186638,30.0,29.5,29.65,-0.45,2009,9904,30.0
2022-09-20,8223057,249274701,30.55,29.7,30.5,0.85,3470,9904,29.9
2022-09-21,6794111,204617291,30.5,29.85,30.05,-0.45,3019,9904,30.5
2022-09-22,8893486,259960073,29.75,29.0,29.1,-0.95,4318,9904,29.75
2022-09-23,4893159,141876697,29.25,28.75,29.05,-0.05,2569,9904,29.25
2022-09-26,6598604,186882415,28.9,28.0,28.3,-0.75,3419,9904,28.85
2022-09-27,5052520,144755649,28.85,28.45,28.75,0.45,2222,9904,28.5
2022-09-28,6695902,188890012,28.95,28.0,28.05,-0.7,2827,9904,28.95
2022-09-29,14773212,433187132,29.9,28.55,29.6,1.55,7635,9904,28.6
2022-09-30,11681855,334332477,29.1,28.35,28.5,-1.1,5027,9904,29.0
2022-10-03,6291264,174647439,28.0,27.5,27.75,-0.75,3276,9904,27.8
2022-10-04,5307265,148926993,28.3,27.75,28.15,0.4,2485,9904,28.2
2022-10-05,6574702,185502024,28.45,28.1,28.1,-0.05,2460,9904,28.25
2022-10-06,4864423,135914346,28.1,27.85,27.9,-0.2,1824,9904,28.0
2022-10-07,4134160,114778331,27.95,27.65,27.75,-0.15,2190,9904,27.7
2022-10-11,7418840,202301015,27.5,27.1,27.2,-0.55,3562,9904,27.25
2022-10-12,4411895,122474128,28.0,27.3,27.85,0.65,2227,9904,27.3
2022-10-13,5329926,146044976,28.05,27.15,27.2,-0.65,3046,9904,27.9
2022-10-14,4826795,133522322,27.9,27.5,27.65,0.45,1698,9904,27.65
2022-10-17,3475105,95737148,27.8,27.15,27.7,0.05,1514,9904,27.3
2022-10-18,5323163,148473647,28.05,27.6,28.05,0.35,1888,9904,27.8
2022-10-19,5319143,148856432,28.3,27.8,27.95,-0.1,1823,9904,28.05
2022-10-20,21832508,609446526,28.55,27.05,28.1,0.15,4998,9904,27.35
2022-10-21,6294924,173933848,28.05,27.3,27.6,-0.5,2898,9904,28.0
2022-10-24,4777068,133615268,28.2,27.8,27.9,0.3,1826,9904,28.0
2022-10-25,4823408,133367671,28.15,27.45,27.5,-0.4,2112,9904,28.1
2022-10-26,3783554,104145066,27.85,27.35,27.45,-0.05,1685,9904,27.85
2022-10-27,3270992,90810855,27.9,27.6,27.75,0.3,1410,9904,27.6
2022-10-28,2581795,71587351,28.0,27.6,27.65,-0.1,1135,9904,27.85
2022-10-31,6231452,170759433,27.85,27.25,27.25,-0.4,2186,9904,27.85
2022-11-01,5591517,156085972,28.15,27.35,28.05,0.8,2023,9904,27.35
2022-11-02,2230604,62781906,28.3,27.95,28.2,0.15,1300,9904,28.0
2022-11-03,4469340,124414605,28.1,27.75,27.75,-0.45,2516,9904,28.1
2022-11-04,3534703,98568592,28.1,27.6,28.0,0.25,1456,9904,27.65
2022-11-07,3926764,111204380,28.45,28.05,28.45,0.45,1742,9904,28.25
2022-11-08,2908903,82592517,28.6,28.25,28.35,-0.1,1733,9904,28.6
2022-11-09,5711273,163544405,28.8,28.3,28.7,0.35,2490,9904,28.5
2022-11-10,3570349,101831891,28.75,28.35,28.35,-0.35,1709,9904,28.6
2022-11-11,8052225,232482954,29.1,28.65,28.9,0.55,3390,9904,28.9
2022-11-14,35762253,1113002089,31.75,29.55,31.75,2.85,13914,9904,29.55
2022-11-15,60923864,1958086990,32.85,31.4,32.85,1.1,20994,9904,31.75
2022-11-16,21007492,675822144,32.7,31.9,32.2,-0.65,9394,9904,32.65
2022-11-17,11272094,365099122,32.7,32.0,32.35,0.15,5125,9904,32.2
2022-11-18,13822873,448659196,32.95,32.15,32.35,0.0,6270,9904,32.45
2022-11-21,7663055,246151497,32.5,31.85,32.2,-0.15,3962,9904,32.35
2022-11-22,6746101,217545542,32.4,31.9,32.35,0.15,3024,9904,32.0
2022-11-23,5665438,183509026,32.55,32.15,32.45,0.1,2821,9904,32.4
2022-11-24,16465159,523601139,32.55,31.55,31.6,-0.85,8560,9904,32.5
2022-11-25,219217029,6928281880,31.95,31.6,31.7,0.1,2819,9904,31.7
2022-11-28,8107317,255966564,31.8,31.15,31.8,0.1,3502,9904,31.65
2022-11-29,7663820,245018009,32.3,31.45,32.3,0.5,3423,9904,31.85
2022-11-30,10645035,343692053,32.5,32.05,32.25,-0.05,2900,9904,32.2
2022-12-01,13688275,446855716,32.9,32.5,32.6,0.35,5803,9904,32.65
2022-12-02,5774844,188296783,32.75,32.45,32.55,-0.05,2877,9904,32.5
2022-12-05,6129363,200189452,32.85,32.45,32.55,0.0,3211,9904,32.55
2022-12-06,7170127,233077415,32.75,32.3,32.3,-0.25,2979,9904,32.5
2022-12-07,8651456,281154962,32.7,32.2,32.4,0.1,3132,9904,32.3
2022-12-08,17560074,580020330,33.45,32.3,33.4,1.0,8185,9904,32.65
2022-12-09,10251766,339277039,33.65,32.9,33.05,-0.35,4249,9904,33.6
2022-12-12,10326819,339192213,33.05,32.55,32.9,-0.15,2406,9904,33.0
2022-12-13,10842642,352532310,32.95,32.25,32.4,-0.5,3602,9904,32.85
2022-12-14,9602979,316218477,33.1,32.5,33.0,0.6,3733,9904,32.8
2022-12-15,7755475,257141310,33.3,32.8,33.3,0.3,3061,9904,32.8
2022-12-16,11548550,378332322,32.95,32.6,32.75,-0.55,2960,9904,32.75
2022-12-19,10942027,363059560,33.4,32.5,33.3,0.55,5054,9904,32.6
2022-12-20,11007641,364114080,33.6,32.65,32.9,-0.4,4332,9904,33.25
2022-12-21,9967805,332609487,33.6,33.05,33.4,0.5,4236,9904,33.05
2022-12-22,14856316,504224258,34.25,33.7,33.9,0.5,6379,9904,33.7
2022-12-23,6897734,233086119,34.1,33.4,34.05,0.15,3156,9904,33.5
2022-12-26,4163892,140784941,34.25,33.6,33.7,-0.35,2055,9904,34.2
2022-12-27,5268369,178968759,34.2,33.6,33.9,0.2,2385,9904,33.6
2022-12-28,4713244,159438047,34.0,33.65,33.8,-0.1,2693,9904,33.75
2022-12-29,9052933,303643374,34.0,33.0,33.9,0.1,4661,9904,33.5
2022-12-30,12296795,420554177,34.5,33.7,34.2,0.3,6037,9904,34.0
2023-01-03,7222816,242564337,34.15,33.35,33.5,-0.7,4072,9904,34.15
2023-01-04,8345065,283034330,34.1,33.45,33.95,0.45,2891,9904,33.5
2023-01-05,4499851,151449092,34.0,33.45,33.5,-0.45,3029,9904,33.95
2023-01-06,3888930,131230611,33.9,33.5,33.65,0.15,1707,9904,33.5
2023-01-09,6909568,235079849,34.1,33.85,34.1,0.45,3014,9904,34.0
2023-01-10,5686881,194365240,34.25,33.95,34.25,0.15,2798,9904,34.2
2023-01-11,5529789,187925364,34.15,33.85,33.85,-0.4,2873,9904,34.1
2023-01-12,7723590,261807934,34.15,33.7,33.95,0.1,2725,9904,34.15
2023-01-13,8624091,295153114,34.4,34.1,34.15,0.2,3252,9904,34.25
2023-01-16,4771129,162183388,34.25,33.75,33.9,-0.25,2284,9904,34.2
2023-01-17,7915868,270806882,34.35,33.9,34.3,0.4,2919,9904,33.9
2023-01-30,16913567,579363184,34.95,33.85,34.25,-0.05,6044,9904,34.8
2023-01-31,15864797,547283041,34.9,34.1,34.3,0.05,4742,9904,34.25
2023-02-01,11080721,376471963,34.55,33.75,33.85,-0.45,5014,9904,34.55
2023-02-02,9953645,334645048,33.9,33.5,33.6,-0.25,3828,9904,33.9
2023-02-03,8043171,271681290,33.95,33.5,33.95,0.35,3325,9904,33.65
2023-02-06,3662318,123320350,33.85,33.55,33.6,-0.35,1957,9904,33.7
2023-02-07,6635791,221377489,33.6,33.2,33.3,-0.3,2718,9904,33.55
2023-02-08,4632012,155536617,33.75,33.3,33.65,0.35,2388,9904,33.3
2023-02-09,5572945,186893656,33.7,33.45,33.45,-0.2,2166,9904,33.45
2023-02-10,3217178,107059812,33.4,33.2,33.2,-0.25,1647,9904,33.3
2023-02-13,5195655,174390554,33.7,33.35,33.6,0.4,2101,9904,33.45
2023-02-14,11115283,379709565,34.45,33.7,34.45,0.85,4586,9904,33.75
2023-02-15,9094656,311922188,34.7,34.05,34.15,-0.3,4528,9904,34.5
2023-02-16,12801875,442481514,34.8,34.3,34.65,0.5,4506,9904,34.6
2023-02-17,4757044,163035278,34.55,34.1,34.3,-0.35,2457,9904,34.45
2023-02-20,4399901,149773432,34.3,33.9,34.0,-0.3,2338,9904,34.25
2023-02-21,9179159,307631974,33.7,33.25,33.6,-0.4,3968,9904,33.65
2023-02-22,6581930,220468897,33.65,33.3,33.55,-0.05,2846,9904,33.4
2023-02-23,4776710,160110506,33.7,33.45,33.45,-0.1,1988,9904,33.6
2023-02-24,6986979,234416627,33.65,33.4,33.6,0.15,1973,9904,33.55
2023-03-01,6457109,216366170,33.9,33.3,33.45,-0.15,3023,9904,33.35
2023-03-02,4752376,160145650,33.8,33.4,33.8,0.35,1971,9904,33.4
2023-03-03,4628966,157051013,34.1,33.75,33.95,0.15,2187,9904,33.8
2023-03-06,3834172,130527786,34.2,33.95,34.0,0.05,2073,9904,34.15
2023-03-07,3492161,119171325,34.2,33.95,34.2,0.2,1941,9904,33.95
2023-03-08,3705207,125966073,34.2,33.8,34.05,-0.15,2220,9904,34.0
2023-03-09,5845044,196737383,34.0,33.5,33.5,-0.55,2796,9904,34.0
2023-03-10,5688717,189043272,33.45,33.1,33.2,-0.3,2770,9904,33.25
2023-03-13,4454625,146226140,33.0,32.5,32.95,-0.25,1914,9904,33.0
2023-03-14,6192284,201386710,32.7,32.4,32.4,-0.55,3014,9904,32.6
2023-03-15,11983725,383922714,32.55,31.65,32.1,-0.3,4788,9904,32.4
2023-03-16,6380884,204238574,32.3,31.75,32.0,-0.1,2840,9904,31.95
2023-03-17,24828621,769277399,32.15,30.65,30.9,-1.1,8974,9904,32.15
2023-03-20,5454490,169633659,31.25,30.85,31.15,0.25,2232,9904,30.9
2023-03-21,5116249,159233017,31.4,30.95,30.95,-0.2,2459,9904,31.15
2023-03-22,6623171,204821603,31.2,30.8,30.9,-0.05,3315,9904,31.2
2023-03-23,7786391,239396763,31.0,30.55,30.85,-0.05,3758,9904,30.8
2023-03-24,8084642,248863229,31.0,30.7,30.7,-0.15,3927,9904,31.0
2023-03-27,5318393,165291954,31.2,30.8,31.05,0.35,2817,9904,30.8
2023-03-28,5186366,160305929,31.2,30.8,30.8,-0.25,2698,9904,31.05
2023-03-29,5569794,174026952,31.35,30.85,31.25,0.45,2528,9904,30.85
2023-03-30,3599179,112680256,31.4,31.2,31.4,0.15,1927,9904,31.3
2023-03-31,5365927,168263204,31.6,31.2,31.2,-0.2,2074,9904,31.4
2023-04-06,6680590,206152468,31.3,30.65,30.8,-0.4,4100,9904,31.2
2023-04-07,2540717,78775936,31.1,30.85,31.05,0.25,1249,9904,30.95
2023-04-10,2484210,77455550,31.25,31.05,31.25,0.2,1505,9904,31.2
2023-04-11,10073105,316890736,31.65,31.15,31.55,0.3,3871,9904,31.25
2023-04-12,8015417,256574578,32.2,31.6,32.15,0.6,3733,9904,31.7
2023-04-13,7731881,246551417,32.1,31.7,31.9,-0.25,3542,9904,32.0
2023-04-14,4901146,156803851,32.15,31.75,32.05,0.15,2381,9904,31.95
2023-04-17,4650726,148343283,32.1,31.8,31.8,-0.25,1965,9904,32.05
2023-04-18,4037475,128910123,32.15,31.8,31.85,0.05,2111,9904,32.15
2023-04-19,6790902,215981713,32.1,31.5,31.65,-0.2,3374,9904,32.1
2023-04-20,6559120,204937774,31.65,31.1,31.1,-0.55,2796,9904,31.55
2023-04-21,9260823,291234770,31.7,31.1,31.4,0.3,4783,9904,31.3
2023-04-24,9733202,309621409,32.0,31.5,31.75,0.35,3895,9904,31.5
2023-04-25,11124301,352503497,32.1,31.5,31.5,-0.25,5132,9904,31.8
2023-04-26,11553719,367482226,32.2,31.5,31.9,0.4,5313,9904,31.6
2023-04-27,12370554,396208741,32.3,31.65,31.9,0.0,4685,9904,31.7
2023-04-28,6534946,207884544,32.3,31.6,31.75,-0.15,2383,9904,32.15
2023-05-02,4209992,132400633,31.55,31.3,31.55,-0.2,2085,9904,31.5
2023-05-03,3583886,112959199,31.65,31.35,31.5,-0.05,1722,9904,31.55
2023-05-04,4411385,140489075,32.0,31.5,31.85,0.35,2041,9904,31.5
2023-05-05,2660850,84721767,32.0,31.7,31.85,0.0,1523,9904,31.95
2023-05-08,2426851,77520448,32.0,31.85,32.0,0.15,1328,9904,31.95
2023-05-09,5031849,159484056,32.05,31.5,31.6,-0.4,2100,9904,32.0
2023-05-10,3666009,114772267,31.65,31.2,31.35,-0.25,1861,9904,31.65
2023-05-11,3620577,113081492,31.5,31.05,31.15,-0.2,1574,9904,31.5
2023-05-12,3510480,110937823,31.8,31.15,31.7,0.55,1748,9904,31.15
2023-05-15,2726753,85331899,31.45,31.15,31.4,-0.3,1326,9904,31.3
2023-05-16,3551002,111316216,31.6,31.2,31.25,-0.15,2222,9904,31.6
2023-05-17,6064186,191611425,31.8,31.25,31.7,0.45,3252,9904,31.25
2023-05-18,4717287,149919128,31.85,31.6,31.85,0.15,2440,9904,31.85
2023-05-19,4469634,142693856,32.0,31.75,32.0,0.15,2298,9904,31.95
2023-05-22,9761924,317961094,32.7,32.1,32.65,0.65,4630,9904,32.2
2023-05-23,6038326,195937551,32.75,32.25,32.3,-0.35,3039,9904,32.75
2023-05-24,4398985,142178168,32.5,32.15,32.4,0.1,2510,9904,32.3
2023-05-25,4755183,152540253,32.35,32.0,32.0,-0.4,2392,9904,32.25
2023-05-26,2125831,68156300,32.2,31.85,32.1,0.1,1536,9904,32.0
2023-05-29,2359692,75731630,32.3,32.0,32.05,-0.05,1536,9904,32.1
2023-05-30,3399775,109419038,32.3,32.1,32.15,0.1,2036,9904,32.15
2023-05-31,17767654,565211841,32.45,31.65,31.65,-0.5,3395,9904,32.3
2023-06-01,4014620,128923536,32.35,31.8,32.2,0.55,2439,9904,31.8
2023-06-02,3962123,127562126,32.35,32.0,32.15,-0.05,2175,9904,32.2
2023-06-05,3201121,103707306,32.45,32.2,32.45,0.3,1656,9904,32.2
2023-06-06,3393343,109778673,32.6,32.2,32.25,-0.2,1648,9904,32.45
2023-06-07,2609637,84041980,32.35,32.1,32.15,-0.1,1665,9904,32.3
2023-06-08,2902854,93622181,32.35,32.15,32.25,0.1,1882,9904,32.2
2023-06-09,2577407,82749671,32.3,31.95,32.15,-0.1,1479,9904,32.3
2023-06-12,2406419,77418202,32.35,32.05,32.15,0.0,1236,9904,32.15
2023-06-13,4076614,131032810,32.25,31.95,32.15,0.0,2066,9904,32.15
2023-06-14,4243436,136140449,32.2,32.0,32.1,-0.05,1959,9904,32.15
2023-06-15,4743574,152041890,32.2,32.0,32.0,-0.1,2098,9904,32.1
2023-06-16,9185800,295023147,32.15,32.0,32.15,0.15,2559,9904,32.05
2023-06-19,4706742,150123360,32.1,31.8,31.8,-0.35,2432,9904,32.1
2023-06-20,5592779,177588387,31.95,31.7,31.75,-0.05,2489,9904,31.9
2023-06-21,3436097,109263085,31.95,31.7,31.8,0.05,2037,9904,31.8
2023-06-26,4395005,140177916,32.05,31.7,31.95,0.15,1924,9904,31.8
2023-06-27,2654161,84413735,32.0,31.7,31.7,-0.25,1583,9904,31.8
2023-06-28,2396393,76473635,32.0,31.7,32.0,0.3,1217,9904,31.7
2023-06-29,4783582,152118848,32.2,31.7,31.7,-0.3,2479,9904,32.2
2023-06-30,6035543,191121747,31.85,31.5,31.5,-0.2,3056,9904,31.7
2023-07-03,3436256,108873513,31.85,31.55,31.65,0.15,1796,9904,31.75
2023-07-04,3258081,102635856,31.6,31.35,31.45,-0.2,2013,9904,31.55
2023-07-05,4796620,151199574,31.7,31.4,31.4,-0.05,2610,9904,31.5
2023-07-06,12201752,377885943,31.3,30.8,30.8,-0.6,6854,9904,31.25
2023-07-07,5964329,184463767,31.15,30.55,30.95,0.15,2940,9904,30.65
2023-07-10,5937084,183741330,31.1,30.85,30.85,-0.1,2808,9904,30.95
2023-07-11,6160968,191223098,31.15,30.85,31.1,0.25,2376,9904,30.9
2023-07-12,7431986,222450627,30.15,29.8,29.85,0.0,4474,9904,29.95
2023-07-13,4353836,130191656,30.05,29.8,29.8,-0.05,2594,9904,29.9
2023-07-14,4150029,125362839,30.4,29.9,30.15,0.35,2197,9904,29.95
2023-07-17,2076266,62829891,30.4,30.1,30.25,0.1,1229,9904,30.15
2023-07-18,10022390,304064285,30.55,30.0,30.55,0.3,3787,9904,30.2
2023-07-19,11946941,367669651,31.1,30.6,30.6,0.05,4383,9904,30.65
2023-07-20,7899745,243928821,31.05,30.55,30.85,0.25,3169,9904,30.9
2023-07-21,8757633,269490382,31.0,30.65,30.8,-0.05,3084,9904,30.85
2023-07-24,9802091,303328550,31.1,30.55,31.0,0.2,3751,9904,30.8
2023-07-25,5125870,159510569,31.35,30.7,31.1,0.1,2552,9904,31.0
2023-07-26,3507014,109626012,31.5,31.05,31.25,0.15,1965,9904,31.5
2023-07-27,2972040,92922384,31.4,30.9,31.25,0.0,1905,9904,30.9
2023-07-28,2231055,69512549,31.25,31.05,31.1,-0.15,1423,9904,31.2
2023-07-31,3906998,121915453,31.3,31.0,31.25,0.15,1715,9904,31.1
2023-08-01,2624090,82234884,31.45,31.15,31.4,0.15,1733,9904,31.2
2023-08-02,5078267,156567863,31.15,30.7,30.7,-0.7,3451,9904,31.05
2023-08-04,3200680,98817940,31.1,30.55,30.95,0.25,1742,9904,30.6
2023-08-07,2166894,67216025,31.15,30.8,31.1,0.15,1133,9904,30.95
2023-08-08,2757544,85007573,31.15,30.7,30.7,-0.4,1494,9904,31.0
2023-08-09,2992742,92567564,31.0,30.75,31.0,0.3,1214,9904,30.8
2023-08-10,2434495,74948954,30.95,30.7,30.85,-0.15,1224,9904,30.95
2023-08-11,2598802,80233642,31.0,30.65,30.95,0.1,1181,9904,30.85
2023-08-14,3752777,114825774,30.9,30.45,30.5,-0.45,1865,9904,30.9
2023-08-15,3004756,92054558,30.95,30.45,30.45,-0.05,1425,9904,30.5
2023-08-16,4294455,129471849,30.45,30.0,30.0,-0.45,2952,9904,30.45
2023-08-17,4905857,146463264,30.05,29.6,29.85,-0.15,2954,9904,29.9
2023-08-18,7992482,236431285,29.85,29.35,29.35,-0.5,4793,9904,29.8
2023-08-21,5480225,159499469,29.5,29.05,29.05,-0.3,3446,9904,29.4
2023-08-22,2702971,78789815,29.3,29.0,29.15,0.1,1612,9904,29.05
2023-08-23,4337920,125910564,29.2,28.95,28.95,-0.2,2856,9904,29.15
2023-08-24,3170984,91667244,29.05,28.8,28.8,-0.15,2228,9904,28.95
2023-08-25,4242844,122252555,28.95,28.7,28.7,-0.1,2539,9904,28.8
2023-08-28,2312842,66726668,28.95,28.7,28.7,0.0,1738,9904,28.75
2023-08-29,3205564,92906227,29.15,28.85,28.9,0.2,1628,9904,28.85
2023-08-30,3433577,100068872,29.25,29.0,29.2,0.3,1857,9904,29.0
2023-08-31,9521911,273709426,29.25,28.6,28.6,-0.6,3374,9904,29.2
2023-09-01,5213635,152831884,29.5,28.75,29.4,0.8,3257,9904,28.8
2023-09-04,1733282,50837593,29.5,29.25,29.25,-0.15,1407,9904,29.4
2023-09-05,3418216,99455877,29.3,29.0,29.0,-0.25,2455,9904,29.25
2023-09-06,3856949,111714691,29.15,28.9,28.9,-0.1,2133,9904,29.0
2023-09-07,5369133,154947755,29.05,28.75,28.8,-0.1,3037,9904,28.85
2023-09-08,3150547,91006581,29.05,28.65,28.9,0.1,1663,9904,28.8
2023-09-11,3271103,95067641,29.2,28.95,29.0,0.1,1660,9904,28.95
2023-09-12,3445225,100697788,29.4,29.05,29.2,0.2,1797,9904,29.05
2023-09-13,3956230,115397366,29.35,29.05,29.1,-0.1,2134,9904,29.2
2023-09-14,4091571,120027294,29.45,29.25,29.4,0.3,1820,9904,29.25
2023-09-15,11807630,348613778,29.65,29.25,29.6,0.2,2435,9904,29.45
2023-09-18,3514415,102921711,29.55,29.2,29.2,-0.4,1986,9904,29.5
2023-09-19,4043111,118004725,29.3,29.1,29.2,0.0,2375,9904,29.2
2023-09-20,4906226,142771201,29.25,29.0,29.05,-0.15,2104,9904,29.15
2023-09-21,7682926,222297952,29.15,28.8,28.8,-0.25,3256,9904,29.05
2023-09-22,3534104,101693675,29.05,28.8,28.9,0.1,1908,9904,28.8
2023-09-25,10151910,300237896,29.85,29.1,29.75,0.85,4638,9904,29.4
2023-09-26,7532851,222022764,29.85,29.3,29.4,-0.35,3716,9904,29.6
2023-09-27,8065433,233541037,29.2,28.8,28.9,-0.5,4259,9904,29.2
2023-09-28,12286542,353612781,29.2,28.65,28.65,-0.25,6129,9904,29.2
2023-10-02,2861140,82896443,29.1,28.85,28.95,0.3,1758,9904,29.0
2023-10-03,7095751,204368311,28.95,28.7,28.75,-0.2,4759,9904,28.9
2023-10-04,5273434,150638015,28.7,28.5,28.55,-0.2,3669,9904,28.6
2023-10-05,5130173,146944128,28.8,28.5,28.55,0.0,3166,9904,28.6
2023-10-06,3777780,109682806,29.3,28.65,29.05,0.5,2178,9904,28.75
2023-10-11,9533990,278708093,29.35,29.1,29.25,0.2,4015,9904,29.3
2023-10-12,7225330,209539055,29.2,28.6,29.05,-0.2,3730,9904,29.05
2023-10-13,7053064,203548209,29.05,28.75,28.75,-0.3,4353,9904,28.9
2023-10-16,5557602,159819747,28.95,28.65,28.65,-0.1,2628,9904,28.75
2023-10-17,4119111,118408226,28.9,28.65,28.65,0.0,2177,9904,28.7
2023-10-18,11024340,321511679,29.25,28.8,29.25,0.6,2918,9904,28.8
2023-10-19,5861560,171253267,29.35,28.85,29.35,0.1,2715,9904,29.15
2023-10-20,6387193,185540852,29.25,28.75,29.15,-0.2,3015,9904,29.0
2023-10-23,3407600,99313938,29.25,29.0,29.05,-0.1,1648,9904,29.1
2023-10-24,2158531,62939393,29.25,29.0,29.25,0.2,1341,9904,29.0
2023-10-25,3320224,97350685,29.45,29.2,29.25,0.0,1596,9904,29.3
2023-10-26,6339450,185850137,29.55,28.95,29.35,0.1,2646,9904,29.2
2023-10-27,3128941,91337905,29.4,29.1,29.1,-0.25,1368,9904,29.35
2023-10-30,4019439,116654050,29.15,28.95,28.95,-0.15,1784,9904,29.1
2023-10-31,4336345,125461325,29.15,28.85,28.85,-0.1,1905,9904,29.0
2023-11-01,2987860,86548495,29.15,28.9,28.9,0.05,1029,9904,28.9
2023-11-02,5054767,147918784,29.45,28.85,29.35,0.45,2322,9904,28.85
2023-11-03,5307071,156453261,29.6,29.35,29.6,0.25,1625,9904,29.35
2023-11-06,4112474,121826006,29.75,29.5,29.55,-0.05,1860,9904,29.7
2023-11-07,2874164,85043883,29.7,29.45,29.65,0.1,1463,9904,29.55
2023-11-08,2894015,85764350,29.75,29.45,29.7,0.05,1442,9904,29.6
2023-11-09,2998549,88935189,29.75,29.6,29.6,-0.1,1411,9904,29.7
2023-11-10,1429414,42207309,29.7,29.45,29.45,-0.15,921,9904,29.45
2023-11-13,5475184,159877845,29.6,29.0,29.1,-0.35,2885,9904,29.5
2023-11-14,4951117,144025491,29.3,29.0,29.05,-0.05,2331,9904,29.3
2023-11-15,19392235,585628675,30.6,29.75,30.2,1.15,8148,9904,29.75
2023-11-16,11318211,347082615,30.85,30.2,30.7,0.5,4307,9904,30.2
2023-11-17,7267152,223311050,30.9,30.55,30.8,0.1,2887,9904,30.9
2023-11-20,7847909,237828816,30.8,30.15,30.15,-0.65,3833,9904,30.8
2023-11-21,9768274,298868211,30.8,30.35,30.65,0.5,3718,9904,30.35
2023-11-22,4293724,131106155,30.6,30.3,30.4,-0.25,2371,9904,30.6
2023-11-23,4922136,151134365,30.8,30.4,30.8,0.4,2251,9904,30.4
2023-11-24,3302360,101048393,30.8,30.5,30.6,-0.2,1367,9904,30.8
2023-11-27,4144966,127107493,30.75,30.55,30.75,0.15,1955,9904,30.6
2023-11-28,6801580,210747770,31.1,30.75,31.0,0.25,3206,9904,30.8
2023-11-29,3629018,112294174,31.1,30.85,30.9,-0.1,2263,9904,31.0
2023-11-30,9577171,295570543,31.0,30.7,30.9,0.0,2906,9904,30.9
2023-12-01,2599452,80153272,30.95,30.7,30.8,-0.1,1619,9904,30.85
2023-12-04,4690691,145553229,31.2,30.85,31.05,0.25,2283,9904,30.85
2023-12-05,6061652,187338893,31.1,30.7,31.1,0.05,2706,9904,30.95
2023-12-06,3550621,110266217,31.15,30.95,31.05,-0.05,1770,9904,31.0
2023-12-07,3535876,109741806,31.2,30.95,30.95,-0.1,1707,9904,31.0
2023-12-08,3544114,110014991,31.15,30.95,31.1,0.15,1692,9904,31.1
2023-12-11,3528979,109875799,31.25,31.0,31.2,0.1,1687,9904,31.15
2023-12-12,4613891,143194688,31.25,30.9,31.0,-0.2,2310,9904,31.2
2023-12-13,4614373,142339837,31.0,30.7,30.8,-0.2,2279,9904,30.95
2023-12-14,6711653,208726579,31.2,30.8,31.15,0.35,2840,9904,30.8
2023-12-15,8797339,272212121,31.15,30.85,30.9,-0.25,3082,9904,31.15
2023-12-18,14835832,468134945,31.8,30.85,31.65,0.75,5873,9904,30.85
2023-12-19,13748793,437795319,32.05,31.3,31.9,0.25,6290,9904,31.75
2023-12-20,13589303,432271944,32.2,31.5,31.85,-0.05,5635,9904,31.9
2023-12-21,10307432,327303790,31.95,31.45,31.75,-0.1,3761,9904,31.6
2023-12-22,11832446,373807503,31.9,31.45,31.45,-0.3,3820,9904,31.75
2023-12-25,7023547,217886138,31.4,30.85,30.95,-0.5,4877,9904,31.4
2023-12-26,5182727,160233972,31.15,30.8,30.85,-0.1,2369,9904,31.0
2023-12-27,4891529,151577291,31.1,30.85,31.0,0.15,2294,9904,30.9
2023-12-28,5468204,169563503,31.15,30.85,31.1,0.1,2457,9904,31.0
2023-12-29,3245630,100508818,31.15,30.9,30.9,-0.2,1809,9904,31.1
2024-01-02,4310056,133928212,31.3,30.8,31.1,0.2,1699,9904,31.0
2024-01-03,7208668,223822979,31.2,30.75,31.05,-0.05,3392,9904,30.9
2024-01-04,3608966,111854766,31.15,30.85,31.0,-0.05,1705,9904,31.0
2024-01-05,3512327,108792508,31.1,30.9,30.9,-0.1,1174,9904,30.95
2024-01-08,5809679,180580518,31.2,30.85,31.2,0.3,1959,9904,30.95
2024-01-09,4064458,126531791,31.3,30.9,31.2,0.0,1696,9904,31.25
2024-01-10,4087501,126550020,31.15,30.85,30.95,-0.25,1494,9904,31.15
2024-01-11,4418587,137122394,31.15,30.9,31.1,0.15,2516,9904,31.15
2024-01-12,3118716,96709942,31.1,30.9,31.0,-0.1,1520,9904,30.95
2024-01-15,3332302,103020898,31.05,30.85,30.85,-0.15,1386,9904,31.0
2024-01-16,9193842,281107836,30.8,30.4,30.6,-0.25,3044,9904,30.75
2024-01-17,10678031,324003519,30.6,30.2,30.2,-0.4,4308,9904,30.45
2024-01-18,5947035,178909938,30.35,29.95,30.0,-0.2,2678,9904,30.2
2024-01-19,3582783,107835876,30.3,29.85,30.3,0.3,1455,9904,29.85
2024-01-22,4368711,131566140,30.3,30.0,30.05,-0.25,1705,9904,30.25
2024-01-23,3933233,119779049,30.6,30.2,30.55,0.5,1515,9904,30.3
2024-01-24,7488933,231399399,31.1,30.5,31.0,0.45,2333,9904,30.55
2024-01-25,5890958,182931137,31.15,30.9,31.15,0.15,1886,9904,31.1
2024-01-26,2685210,83635581,31.2,30.95,31.2,0.05,1451,9904,31.15
2024-01-29,3349596,104808331,31.35,31.1,31.35,0.15,1454,9904,31.15
2024-01-30,9033684,286209418,31.9,31.4,31.65,0.3,3595,9904,31.55
2024-01-31,4535724,143242277,31.75,31.45,31.6,-0.05,2054,9904,31.7
2024-02-01,3156340,99997503,31.85,31.6,31.65,0.05,1470,9904,31.75
2024-02-02,4279767,134780060,31.7,31.3,31.7,0.05,2037,9904,31.6
2024-02-05,4153304,129814573,31.4,31.1,31.15,-0.55,2123,9904,31.25
2024-02-15,10099081,308443483,30.95,30.3,30.5,-0.65,5960,9904,30.9
2024-02-16,7489953,228524958,30.65,30.4,30.45,-0.05,3141,9904,30.5
2024-02-19,11069323,335833740,30.55,30.25,30.35,-0.1,4529,9904,30.5
2024-02-20,9587614,290402654,30.5,30.2,30.2,-0.15,4127,9904,30.35
2024-02-21,6280222,190422939,30.55,30.2,30.2,0.0,2734,9904,30.3
2024-02-22,9356185,282865045,30.5,30.15,30.15,-0.05,4801,9904,30.25
2024-02-23,7269714,219167145,30.35,30.05,30.05,-0.1,3980,9904,30.15
2024-02-26,6035267,181591772,30.25,29.95,30.1,0.05,3129,9904,30.05
2024-02-27,7882028,237619296,30.35,30.0,30.0,-0.1,3878,9904,30.1
2024-02-29,11762705,356847094,30.5,30.0,30.5,0.5,4015,9904,30.0
2024-03-01,7811201,237738388,30.6,30.15,30.6,0.1,4210,9904,30.45
2024-03-04,6108898,186486667,30.65,30.3,30.65,0.05,3047,9904,30.55
2024-03-05,9917500,304518063,31.1,30.5,30.6,-0.05,4367,9904,30.65
2024-03-06,5971932,181428516,30.6,30.3,30.3,-0.3,3533,9904,30.5
2024-03-07,6016715,182715764,30.5,30.25,30.45,0.15,3029,9904,30.3
2024-03-08,7987674,242792612,30.55,30.25,30.45,0.0,3175,9904,30.25
2024-03-11,13208093,408224035,31.15,30.45,31.15,0.7,6149,9904,30.45
2024-03-12,19780509,625666904,31.95,31.2,31.95,0.8,7942,9904,31.2
2024-03-13,17286039,554827094,32.35,31.75,32.2,0.25,7800,9904,32.0
2024-03-14,22566258,736360603,33.2,32.0,33.2,1.0,9384,9904,32.25
2024-03-15,40820881,1343738925,33.1,32.35,33.05,-0.15,8919,9904,32.9
2024-03-18,20033103,672664485,33.8,33.1,33.8,0.75,8698,9904,33.15
2024-03-19,13501632,451602993,33.75,33.2,33.45,-0.35,7028,9904,33.5
2024-03-20,18723673,636021048,34.3,33.6,33.9,0.45,8610,9904,33.9
2024-03-21,28785096,1004649814,35.3,33.95,35.3,1.4,10424,9904,34.15
2024-03-22,15280750,532659368,35.3,34.4,35.1,-0.2,7767,9904,35.3
2024-03-25,11805803,409461206,34.95,34.4,34.85,-0.25,6925,9904,34.9
2024-03-26,14657808,509603955,35.1,34.3,34.85,0.0,6828,9904,34.8
2024-03-27,19483114,691186358,36.0,34.6,36.0,1.15,8191,9904,34.6
2024-03-28,24450983,884518122,36.6,35.8,36.25,0.25,10858,9904,36.1
2024-03-29,37546102,1356549111,36.6,35.6,36.15,-0.1,15464,9904,36.2
2024-04-01,11453723,408563297,36.05,35.35,35.8,-0.35,6005,9904,36.0
2024-04-02,10758567,388204846,36.35,35.75,36.15,0.35,5552,9904,35.85
2024-04-03,14220080,500768066,36.0,34.8,35.05,-1.1,8745,9904,35.9
2024-04-08,12732705,449694301,35.65,34.8,35.6,0.55,5302,9904,34.9
2024-04-09,11853384,427505595,36.3,35.6,36.1,0.5,6759,9904,35.7
2024-04-10,10415366,373139446,36.3,35.6,35.8,-0.3,6317,9904,36.25
2024-04-11,6458960,229309327,35.7,35.25,35.55,-0.25,3432,9904,35.4
2024-04-12,8684722,306993944,35.5,35.1,35.35,-0.2,4152,9904,35.4
2024-04-15,11308126,407278125,36.3,35.2,36.2,0.85,5398,9904,35.25
2024-04-16,20957584,721050634,35.5,33.85,34.0,-2.2,12298,9904,35.45
2024-04-17,11351424,390153839,34.55,34.0,34.5,0.5,5151,9904,34.2
2024-04-18,23317252,821525542,35.65,34.45,35.6,1.1,7747,9904,34.6
2024-04-19,18400947,649126502,35.9,34.85,35.3,-0.3,7206,9904,35.5
2024-04-22,11345046,398953542,35.55,34.85,35.3,0.0,4677,9904,35.2
2024-04-23,15760099,561282192,36.0,35.0,36.0,0.7,5970,9904,35.15
2024-04-24,15056570,541757610,36.25,35.65,36.1,0.1,6052,9904,36.25
2024-04-25,7235519,257250412,35.85,35.4,35.6,-0.5,4286,9904,35.8
2024-04-26,17346932,626277689,36.45,35.7,36.05,0.45,6242,9904,35.7
2024-04-29,14282887,517722849,36.6,35.95,36.3,0.25,7819,9904,36.2
2024-04-30,11300189,408692104,36.35,35.95,36.15,-0.15,6187,9904,36.3
2024-05-02,9975542,360704555,36.35,35.9,36.1,-0.05,4543,9904,36.1
2024-05-03,7842436,282759626,36.35,35.9,35.9,-0.2,4882,9904,36.3
2024-05-06,15598396,547704728,35.8,34.95,35.2,-0.7,10205,9904,35.8
2024-05-07,13720505,492341669,36.2,35.3,36.2,1.0,6153,9904,35.3
2024-05-08,11846752,430937832,36.8,35.95,36.6,0.4,5950,9904,36.3
2024-05-09,9741582,359635441,37.35,36.45,36.5,-0.1,5980,9904,36.8
2024-05-10,12064103,446587000,37.2,36.5,37.2,0.7,5392,9904,36.5
2024-05-13,14791372,546931180,37.35,36.55,37.25,0.05,8005,9904,37.25
2024-05-14,34661325,1333382375,39.1,37.5,38.3,1.05,14903,9904,37.55
2024-05-15,19280272,743295741,39.4,37.8,38.4,0.1,11947,9904,38.25
2024-05-16,33857795,1327469610,40.0,38.7,38.95,0.55,17487,9904,39.5
2024-05-17,24048049,914834681,39.2,37.6,37.6,-1.35,17361,9904,39.15
2024-05-20,34239415,1250355973,37.3,36.1,36.35,-1.25,12750,9904,36.95
2024-05-21,31749311,1193861745,38.15,36.65,38.05,1.7,11428,9904,36.65
2024-05-22,23324287,893595825,39.1,37.9,38.2,0.15,10658,9904,38.1
2024-05-23,19327784,728120198,38.1,37.4,37.6,-0.6,7512,9904,38.05
2024-05-24,15792411,586737487,37.55,37.0,37.05,-0.55,6892,9904,37.5
2024-05-27,8710604,325620293,37.7,36.85,37.65,0.6,5008,9904,37.05
2024-05-28,17480947,668706883,38.5,37.8,38.2,0.55,8410,9904,37.95
2024-05-29,13001185,487623694,38.1,37.0,37.6,-0.6,7240,9904,38.1
2024-05-30,9983279,371459235,37.6,36.85,37.0,-0.6,4888,9904,37.3
2024-05-31,14725998,550274690,37.5,37.0,37.45,0.45,3629,9904,37.15
2024-06-03,6676445,248275559,37.55,37.0,37.2,-0.25,3402,9904,37.35
2024-06-04,10434428,388151741,37.5,36.55,37.5,0.3,5226,9904,37.0
2024-06-05,6070985,226183279,37.45,37.1,37.2,-0.3,3352,9904,37.25
2024-06-06,7221181,267658246,37.7,36.85,37.0,-0.2,3655,9904,37.15
2024-06-07,12628162,473734371,37.7,36.95,37.55,0.55,3192,9904,37.0
2024-06-11,6712486,250960141,37.8,37.15,37.25,-0.3,3879,9904,37.55
2024-06-12,9977012,366885588,37.25,36.55,36.55,-0.7,5143,9904,37.15
2024-06-13,9697127,357507528,37.5,36.65,36.75,0.2,4422,9904,37.0
2024-06-14,8076597,297534178,37.1,36.6,36.9,0.15,4350,9904,36.8
2024-06-17,12433400,452677534,36.95,36.2,36.25,-0.65,5475,9904,36.9
2024-06-18,13008607,474930469,36.85,36.1,36.45,0.2,5994,9904,36.3
2024-06-19,16249525,596486984,37.15,36.35,36.4,-0.05,8252,9904,36.65
2024-06-20,14370764,519025117,36.6,35.85,36.3,-0.1,6589,9904,36.5
2024-06-21,18340478,674298923,37.0,36.25,36.7,0.4,5430,9904,36.4
2024-06-24,9088493,333789935,36.9,36.5,36.75,0.05,4449,9904,36.8
2024-06-25,18427648,687022014,37.6,36.75,37.6,0.85,7046,9904,36.9
2024-06-26,16169257,596760784,37.55,36.55,36.75,-0.85,7264,9904,37.5
2024-06-27,30508238,1065261142,35.8,34.6,35.05,0.0,11942,9904,35.6
2024-06-28,10445963,364034723,35.2,34.8,35.0,-0.05,4814,9904,35.1
2024-07-01,18526083,630496915,34.45,33.75,34.15,-0.85,7658,9904,34.45
2024-07-02,11968725,412198463,34.7,33.95,34.65,0.5,4742,9904,34.0
2024-07-03,29731691,1059889831,36.2,34.5,36.1,1.45,9159,9904,34.75
2024-07-04,14573818,520481077,36.4,35.3,35.6,-0.5,6720,9904,36.1
2024-07-05,4555989,160737322,35.75,35.15,35.2,-0.4,2379,9904,35.6
2024-07-08,11639953,403625017,35.2,34.5,34.5,-0.7,5050,9904,35.2
2024-07-09,15102818,516762276,34.8,33.8,34.4,-0.1,5826,9904,34.6
2024-07-10,10884131,370664546,34.5,33.85,34.15,-0.25,4745,9904,34.4
2024-07-11,9864533,340285821,34.85,34.3,34.45,0.3,3923,9904,34.6
2024-07-12,16085864,563906480,35.7,34.2,34.95,0.5,6607,9904,34.35
2024-07-15,7412259,256238801,35.05,34.35,34.45,-0.5,3575,9904,35.0
2024-07-16,10982960,378211227,34.7,34.2,34.4,-0.05,3744,9904,34.6
2024-07-17,42580962,1540889069,36.9,34.8,36.5,2.1,14950,9904,34.8
2024-07-18,26706801,986379711,37.5,36.1,37.0,0.5,10948,9904,36.5
2024-07-19,19686941,705128334,36.65,35.15,35.85,-1.15,9706,9904,36.6
2024-07-22,14902813,519066943,35.85,34.5,34.5,-1.35,5737,9904,35.65
2024-07-23,7706682,271937031,35.6,34.9,35.25,0.75,3948,9904,35.0
2024-07-26,19469824,692921085,36.3,34.5,35.25,0.0,7876,9904,35.15
2024-07-29,13042544,467523074,36.15,35.4,35.8,0.55,5503,9904,35.5
2024-07-30,6446868,228822224,35.8,35.15,35.8,0.0,3599,9904,35.6
2024-07-31,8028912,289645301,36.25,35.65,36.1,0.3,3869,9904,35.75
2024-08-01,24527574,913926359,37.95,36.45,37.05,0.95,9647,9904,36.45
2024-08-02,16752181,611331025,36.8,36.1,36.7,-0.35,4930,9904,36.45
2024-08-05,15508815,529819460,35.9,33.25,33.5,-3.2,9141,9904,35.8
2024-08-06,9943035,331775966,35.0,32.05,33.35,-0.15,5222,9904,35.0
2024-08-07,6893755,235738823,34.65,33.2,34.4,1.05,2849,9904,33.2
2024-08-08,5411300,182012224,34.1,33.1,33.65,-0.75,3429,9904,33.95
2024-08-09,5498609,188498300,34.65,33.8,33.9,0.25,3206,9904,33.85
2024-08-12,4253866,146046392,34.5,34.1,34.5,0.6,2544,9904,34.25
2024-08-13,9451544,330104922,35.3,34.5,34.95,0.45,4110,9904,34.95
2024-08-14,14111933,511118530,36.75,35.45,36.45,1.5,5277,9904,35.55
2024-08-15,13206653,471015355,36.4,35.3,35.4,-1.05,7330,9904,36.4
2024-08-16,8989496,323697237,36.5,35.65,35.8,0.4,4644,9904,36.0
2024-08-19,19201166,665513201,35.9,34.2,34.25,-1.55,8710,9904,35.9
2024-08-20,8972554,306872269,34.4,34.05,34.2,-0.05,4480,9904,34.3
2024-08-21,9563790,326985596,34.4,34.0,34.35,0.15,5360,9904,34.2
2024-08-22,4578770,156848588,34.4,34.05,34.4,0.05,2541,9904,34.3
2024-08-23,3416729,116782468,34.4,34.0,34.15,-0.25,1915,9904,34.2
2024-08-26,6467443,224695113,34.95,34.45,34.65,0.5,3113,9904,34.5
2024-08-27,4394897,151143833,34.6,34.15,34.5,-0.15,2440,9904,34.5
2024-08-28,4240030,147040859,34.8,34.5,34.8,0.3,2187,9904,34.7
2024-08-29,4388710,151202709,34.6,34.35,34.5,-0.3,2055,9904,34.6
2024-08-30,10811125,375197096,34.75,34.5,34.75,0.25,2172,9904,34.6
2024-09-02,8706040,299461236,34.8,34.2,34.5,-0.25,3376,9904,34.75
2024-09-03,5325304,182689505,34.5,34.2,34.3,-0.2,2115,9904,34.35
2024-09-04,16572463,553740026,33.8,32.85,33.25,-1.05,6352,9904,33.65
2024-09-05,9406951,319110803,34.4,33.55,34.15,0.9,3568,9904,33.6
2024-09-06,8906499,304277011,34.45,33.8,34.3,0.15,4040,9904,34.4
2024-09-09,6268609,212102200,34.0,33.45,33.95,-0.35,2533,9904,33.45
2024-09-10,4468172,150765051,34.1,33.5,33.55,-0.4,2195,9904,34.05
2024-09-11,6944679,234796654,34.25,33.55,33.55,0.0,3141,9904,33.85
2024-09-12,5203584,176072906,34.05,33.55,33.95,0.4,2990,9904,33.95
2024-09-13,10174164,349580693,34.5,33.8,34.5,0.55,3422,9904,33.8
2024-09-16,5502904,189888703,34.75,34.25,34.6,0.1,2999,9904,34.75
2024-09-18,7945119,273923413,34.75,34.25,34.45,-0.15,3545,9904,34.45
2024-09-19,7756593,269365173,34.9,34.55,34.7,0.25,3497,9904,34.55
2024-09-20,17359491,611683564,35.45,34.9,35.25,0.55,4747,9904,35.0
2024-09-23,5651766,200311730,35.7,35.15,35.45,0.2,2866,9904,35.5
2024-09-24,5900520,209513505,35.7,35.3,35.6,0.15,2845,9904,35.55
2024-09-25,6582947,234024301,35.8,35.4,35.45,-0.15,3589,9904,35.8
2024-09-26,5626217,199569227,35.8,35.35,35.4,-0.05,2304,9904,35.8
2024-09-27,7073779,252262497,35.85,35.35,35.7,0.3,3052,9904,35.65
2024-09-30,14900195,541522368,36.7,35.7,36.15,0.45,6093,9904,35.7
2024-10-01,11858550,432480726,36.9,35.7,36.8,0.65,6045,9904,36.15
2024-10-04,11215389,408380265,36.85,36.05,36.3,-0.5,4886,9904,36.4
2024-10-07,8240802,297085785,36.5,35.7,36.25,-0.05,4784,9904,36.45
2024-10-08,7983459,285473137,36.3,35.3,35.75,-0.5,3570,9904,35.85
2024-10-09,6064417,216213690,35.95,35.4,35.6,-0.15,2610,9904,35.95
2024-10-11,6664803,236184080,35.9,35.2,35.2,-0.4,4945,9904,35.85
2024-10-14,3713428,131317891,35.5,35.1,35.5,0.3,2202,9904,35.2
2024-10-15,7000689,246354736,35.6,34.9,35.15,-0.35,4512,9904,35.5
2024-10-16,11161856,397770011,35.85,34.95,35.7,0.55,3607,9904,34.95
2024-10-17,13733331,506951058,37.65,35.8,37.05,1.35,6184,9904,35.8
2024-10-18,7566737,279478921,37.3,36.65,36.85,-0.2,3550,9904,37.25
2024-10-21,5663547,209526245,37.2,36.8,37.05,0.2,3536,9904,37.05
2024-10-22,8908062,330652304,37.45,36.45,37.2,0.15,4385,9904,36.95
2024-10-23,9029863,338958169,37.8,37.2,37.55,0.35,4514,9904,37.2
2024-10-24,7561974,280963512,37.6,36.75,36.95,-0.6,4080,9904,37.4
2024-10-25,2899679,108051508,37.4,37.0,37.4,0.45,1879,9904,37.2
2024-10-28,16552450,631621104,38.5,37.45,38.3,0.9,7572,9904,37.65
2024-10-29,9231294,348836778,38.1,37.25,38.1,-0.2,5673,9904,38.05
2024-10-30,8215616,310165332,38.25,37.5,37.8,-0.3,4025,9904,38.15
2024-11-01,12009540,450996727,37.95,36.4,37.95,0.15,5577,9904,37.05
2024-11-04,9161324,352779633,38.8,37.8,38.4,0.45,5223,9904,37.95
2024-11-05,14682543,572261657,39.25,38.5,39.0,0.6,6502,9904,38.6
2024-11-06,10945793,427985237,39.55,38.45,38.75,-0.25,5507,9904,39.1
2024-11-07,10365678,405555137,39.5,38.55,39.4,0.65,4142,9904,38.8
2024-11-08,8226652,322987144,39.6,39.1,39.2,-0.2,4451,9904,39.6
2024-11-11,11980292,472868747,39.85,38.8,39.85,0.65,4972,9904,39.2
2024-11-12,12913773,511634287,40.0,39.15,39.15,-0.7,7360,9904,39.65
2024-11-13,31844754,1296326562,41.5,39.6,41.15,2.0,14441,9904,39.8
2024-11-14,46927316,2012597603,44.0,40.8,43.1,1.95,23145,9904,41.0
2024-11-15,32187672,1388772613,44.0,42.35,42.85,-0.25,16800,9904,43.4
2024-11-18,38959404,1682025235,44.15,42.5,43.0,0.15,16861,9904,43.35
2024-11-19,45704853,1985673270,43.9,42.45,43.45,0.45,17642,9904,43.0
2024-11-20,35959005,1558697655,43.95,42.75,42.95,-0.5,14953,9904,43.3
2024-11-21,41988096,1841017757,44.75,42.7,43.7,0.75,15695,9904,42.85
2024-11-22,34174156,1489805917,43.9,43.05,43.6,-0.1,12703,9904,43.7
2024-11-25,14827429,640545117,43.95,43.05,43.05,-0.55,5423,9904,43.6
2024-11-26,20414422,849695392,42.85,41.05,41.7,-1.35,14515,9904,42.8
2024-11-27,13595453,561584085,41.75,40.7,41.35,-0.35,8140,9904,41.75
2024-11-28,9831151,403268213,41.35,40.75,41.15,-0.2,5684,9904,41.15
2024-11-29,9584246,391508983,41.1,40.6,40.8,-0.35,5514,9904,40.7
2024-12-02,16122554,690873013,43.4,41.1,43.0,2.2,7942,9904,41.1
2024-12-03,15209785,656255042,43.6,42.7,43.25,0.25,6564,9904,43.2
2024-12-04,14831317,643882917,43.65,42.85,43.65,0.4,5880,9904,43.4
2024-12-05,10256169,445908523,43.9,43.15,43.6,-0.05,5403,9904,43.8
2024-12-06,9861219,430587284,43.95,43.35,43.7,0.1,4322,9904,43.6
2024-12-09,11982213,525422311,44.4,43.3,43.9,0.2,6627,9904,43.8
2024-12-10,12988556,561054437,43.85,42.95,43.05,-0.85,7204,9904,43.7
2024-12-11,12138501,506985342,42.85,41.3,41.75,-1.3,8342,9904,42.85
2024-12-12,10531969,453396846,43.75,41.8,43.25,1.5,5604,9904,41.85
2024-12-13,7766903,332033671,43.45,42.2,42.95,-0.3,4456,9904,42.95
2024-12-16,7263243,310244855,43.1,42.45,42.65,-0.3,4473,9904,43.0
2024-12-17,13559856,570977227,42.9,41.8,42.1,-0.55,5151,9904,42.5
2024-12-18,12276035,512067381,42.25,41.35,41.8,-0.3,5997,9904,41.9
2024-12-19,15947369,646848918,41.6,40.05,40.05,-1.75,13759,9904,40.9
2024-12-20,20745889,810784483,40.0,38.7,38.7,-1.35,10075,9904,39.95
2024-12-23,12542027,494591123,39.95,38.7,39.45,0.75,5183,9904,38.95
2024-12-24,10773557,420805782,39.55,38.8,38.8,-0.65,6424,9904,39.5
2024-12-25,9460656,364926552,39.4,38.35,38.35,-0.45,5447,9904,39.1
2024-12-26,11442181,436205055,38.65,37.9,38.15,-0.2,8065,9904,38.55
2024-12-27,6069949,233153057,38.7,38.15,38.35,0.2,3470,9904,38.25
2024-12-30,15668170,595302803,38.5,37.8,38.05,-0.3,8600,9904,38.5
2024-12-31,40053841,1482403218,37.85,36.7,36.9,-1.15,13659,9904,37.8
2025-01-02,24330450,915300097,38.05,37.05,37.8,0.9,6833,9904,37.1
2025-01-03,13727398,511550816,37.9,36.95,37.1,-0.7,5424,9904,37.9
2025-01-06,11982117,447936500,37.7,37.1,37.5,0.4,6023,9904,37.15
2025-01-07,10922590,408293907,37.9,37.15,37.15,-0.35,5540,9904,37.7
2025-01-08,9503411,354764136,37.55,37.1,37.5,0.35,3447,9904,37.35
2025-01-09,15012094,544498082,37.3,35.65,35.8,-1.7,6960,9904,37.3
2025-01-10,19928584,709006747,36.05,35.3,35.55,-0.25,6513,9904,35.5
2025-01-13,11078209,391809327,36.2,35.1,35.2,-0.35,4856,9904,35.85
2025-01-14,13466792,472616214,35.55,34.9,35.0,-0.2,5452,9904,35.35
2025-01-15,15403558,549171334,36.2,35.2,35.4,0.4,6233,9904,35.2
2025-01-16,12177055,437548034,36.15,35.65,36.05,0.65,4934,9904,35.75
2025-01-17,7885984,286576587,36.55,36.0,36.2,0.15,3534,9904,36.05
2025-01-20,3969661,144133655,36.5,36.15,36.35,0.15,2077,9904,36.5
2025-01-21,4568217,164868092,36.45,35.95,36.15,-0.2,2048,9904,36.35
2025-01-22,10414184,380577696,36.7,36.2,36.65,0.5,3341,9904,36.35
2025-02-03,9683106,350416810,36.65,35.85,36.1,-0.55,3746,9904,36.5
2025-02-04,11755133,430639044,37.15,36.2,36.35,0.25,4817,9904,36.3
2025-02-05,4838167,178073569,37.0,36.45,36.75,0.4,2277,9904,36.75
2025-02-06,10915307,408933235,37.6,36.95,37.55,0.8,4556,9904,36.95
2025-02-07,11178867,419508792,37.95,37.2,37.3,-0.25,4818,9904,37.65
2025-02-10,6155733,229074692,37.45,37.0,37.15,-0.15,3037,9904,37.2
2025-02-11,11231833,422834742,38.15,37.35,37.75,0.6,4622,9904,37.9
2025-02-12,14537593,540917543,37.85,37.0,37.0,-0.75,5954,9904,37.75
2025-02-13,9712290,358907039,37.2,36.6,36.95,-0.05,4337,9904,37.15
2025-02-14,5623156,208513842,37.25,36.85,37.15,0.2,2665,9904,37.1
2025-02-17,6732639,253229761,37.8,37.3,37.55,0.4,3640,9904,37.3
2025-02-18,6356610,238570309,37.7,37.3,37.55,0.0,2682,9904,37.65
2025-02-19,9359545,352343637,37.9,37.45,37.5,-0.05,3669,9904,37.6
2025-02-20,11861708,447411536,38.05,37.5,37.6,0.1,4821,9904,37.65
2025-02-21,12847249,489182752,38.35,37.65,38.1,0.5,5179,9904,37.85
2025-02-24,18918765,733157256,39.3,38.3,38.65,0.55,8105,9904,38.4
2025-02-25,12043989,465001400,38.8,38.35,38.65,0.0,4309,9904,38.65
2025-02-26,11996390,465609283,39.05,38.55,38.7,0.05,6243,9904,38.85
2025-02-27,15623898,601274499,38.9,38.15,38.4,-0.3,7022,9904,38.65
2025-04-01,10734817,375781370,35.25,34.75,34.95,-0.35,5054,9904,35.05
2025-04-02,5649888,197978680,35.25,34.75,35.25,0.3,3008,9904,34.85
2025-04-07,3244334,103007581,31.75,31.75,31.75,-3.5,1311,9904,31.75
2025-04-08,29840346,858502348,29.8,28.6,28.6,-3.15,7888,9904,28.6
2025-04-09,30779125,839337880,28.5,26.2,26.9,-1.7,11666,9904,27.2
2025-04-10,4613299,133142936,29.55,29.55,29.55,2.65,1260,9904,29.55
2025-04-11,19464891,577314702,30.3,27.6,30.3,0.75,7699,9904,27.6
2025-04-14,13341279,408682022,31.1,30.15,30.6,0.3,5783,9904,30.3
2025-04-15,15712024,491962751,31.65,30.5,31.55,0.95,7639,9904,30.6
2025-04-16,9491774,291482484,31.35,30.5,30.65,-0.9,4231,9904,31.25
2025-04-17,5602896,171748096,30.95,30.3,30.7,0.05,2563,9904,30.75
2025-04-18,7119371,218657270,31.0,30.6,30.6,-0.1,2553,9904,30.95
2025-04-21,7482133,226763486,30.8,30.05,30.05,-0.55,4800,9904,30.75
2025-04-22,7724357,234195909,30.6,29.55,30.55,0.5,3178,9904,29.85
2025-04-23,7531871,235557045,31.45,30.8,31.35,0.8,3770,9904,30.8
2025-04-24,6830343,213204054,31.45,31.0,31.3,-0.05,4020,9904,31.4
2025-04-25,11091611,350469958,32.0,31.4,31.4,0.1,4743,9904,31.5
2025-04-28,6368332,201849425,31.95,31.5,31.55,0.15,3177,9904,31.6
2025-04-29,12141509,395493215,32.85,31.65,32.7,1.15,5035,9904,31.8
2025-04-30,8827791,287113569,32.75,32.2,32.75,0.05,3083,9904,32.4
2025-05-02,6999293,228546516,32.9,32.35,32.6,-0.15,2988,9904,32.75
2025-05-05,10621517,335419434,32.6,31.2,31.3,-1.3,4939,9904,32.6
2025-05-06,8144200,258697442,31.95,31.2,31.85,0.55,3466,9904,31.7
2025-05-07,9158026,296518552,32.6,32.0,32.5,0.65,3559,9904,32.1
2025-05-08,5570245,183064090,33.2,32.6,32.7,0.2,2870,9904,32.65
2025-05-09,5656716,187014538,33.3,32.45,33.1,0.4,3288,9904,32.5
2025-05-12,4264565,142892357,33.65,33.05,33.45,0.35,2437,9904,33.3
2025-05-13,6745070,225169223,33.9,33.05,33.15,-0.3,3859,9904,33.6
2025-05-14,6126097,205358909,33.85,33.2,33.5,0.35,3536,9904,33.75
2025-05-15,9194326,303202082,33.55,32.7,32.95,-0.55,4332,9904,33.5
2025-05-16,7162537,237287203,33.4,32.85,33.0,0.05,4126,9904,33.1
2025-05-19,16303483,518934768,33.05,31.6,31.6,-1.4,7857,9904,33.0
2025-05-20,22262269,687495217,32.1,30.55,31.0,-0.6,8852,9904,32.05
2025-05-21,14263950,446364176,31.55,30.95,31.45,0.45,5545,9904,31.0
2025-05-22,24993666,766049813,31.2,30.4,30.75,-0.7,10368,9904,31.0
2025-05-23,15358576,475371432,31.15,30.65,30.75,0.0,6481,9904,31.0
2025-05-26,16934488,533406863,31.8,30.9,31.5,0.75,7565,9904,30.95
2025-05-27,10451352,329335164,31.85,31.25,31.4,-0.1,4315,9904,31.55
2025-05-28,11918388,377389433,31.95,31.3,31.75,0.35,4270,9904,31.75
2025-05-29,24609910,770212107,32.0,31.15,31.2,-0.55,6488,9904,32.0
2025-06-02,13661085,422146690,31.1,30.35,30.65,-0.55,5432,9904,30.95
2025-06-03,8229649,251092198,31.0,30.3,30.4,-0.25,4121,9904,30.95
2025-06-04,14744982,450423794,31.1,30.35,30.35,-0.05,5126,9904,30.75
2025-06-05,11894492,366577450,31.1,30.4,30.65,0.3,4182,9904,30.4
2025-06-06,10543361,325060669,31.15,30.65,30.65,0.0,4245,9904,30.7
2025-06-09,18651926,579505246,31.6,30.8,30.9,0.25,7119,9904,31.1
2025-06-10,14901819,462323568,31.25,30.8,30.85,-0.05,5426,9904,31.0
2025-06-11,11977165,370020778,31.2,30.7,30.85,0.0,5020,9904,30.95
2025-06-12,9775951,303251387,31.2,30.8,31.1,0.25,4684,9904,31.0
2025-06-13,13924041,433549463,31.5,30.9,30.9,-0.2,6236,9904,30.95
2025-06-16,12207282,380062943,31.3,30.8,31.15,0.25,5350,9904,30.9
2025-06-17,16974873,530854343,31.45,31.05,31.45,0.3,5779,9904,31.2
2025-06-18,16904994,528022813,31.45,31.1,31.1,-0.35,8841,9904,31.35
2025-06-19,20195825,616659829,31.35,30.25,30.35,-0.75,8133,9904,31.1
2025-06-20,37491067,1132743996,30.5,30.05,30.1,-0.25,8341,9904,30.5
2025-06-23,37997937,1123764458,30.05,28.9,29.75,-0.35,10017,9904,29.9
2025-06-24,38161671,1144067206,30.15,29.6,30.15,0.4,10013,9904,29.85
2025-06-25,41241269,1237560417,30.3,29.6,30.1,-0.05,10791,9904,30.15
2025-06-26,32907546,998560833,30.65,29.85,30.65,0.55,11623,9904,30.0
2025-06-27,24566586,757220930,31.2,30.4,30.9,0.25,9565,9904,30.65
2025-06-30,42392380,1325634616,31.7,30.95,30.95,0.05,9483,9904,31.05
2025-07-01,54038653,1714560773,31.95,30.95,31.9,0.95,13977,9904,31.0
2025-07-02,94587214,3202879391,35.05,31.55,35.05,3.15,24719,9904,31.8
2025-07-03,77175748,2483987753,33.95,31.05,31.05,0.0,29873,9904,32.9
2025-07-04,24563927,757687046,31.55,30.6,30.6,-0.45,14578,9904,31.5
2025-07-07,17282177,517955374,30.6,29.75,29.9,-0.7,8560,9904,30.45
2025-07-08,20619273,603821732,29.75,29.05,29.05,-0.85,11472,9904,29.7
2025-07-09,18486910,531622013,29.05,28.65,28.7,-0.35,8679,9904,29.0
2025-07-10,13101628,372484987,29.0,28.3,28.3,-0.4,7308,9904,28.7
2025-07-11,22970790,650562582,28.7,28.2,28.3,0.0,13061,9904,28.35
2025-07-14,33135294,933353808,28.75,28.0,28.05,-0.25,14218,9904,28.45
2025-07-15,11878626,335764805,28.45,28.1,28.2,0.15,5159,9904,28.1
2025-07-16,18712902,530399865,28.55,28.2,28.4,0.2,9162,9904,28.3
2025-07-17,20127534,580890922,29.05,28.5,29.0,0.6,9223,9904,28.5
2025-07-18,12277412,354806536,29.3,28.75,28.8,-0.2,5816,9904,29.25
2025-07-21,8489001,245878567,29.15,28.8,28.85,0.05,3875,9904,28.8
2025-07-22,11556502,331663668,29.1,28.5,28.5,-0.35,6761,9904,28.95
2025-07-23,18347184,531988917,29.25,28.7,29.05,0.55,6522,9904,28.7
2025-07-24,13473984,389534332,29.3,28.75,28.95,-0.1,5492,9904,29.15
2025-07-25,7989420,230723202,29.15,28.75,28.85,-0.1,4056,9904,28.9
2025-07-28,8828483,255056699,29.05,28.8,28.8,-0.05,3363,9904,28.95
2025-07-29,7983861,229205425,29.0,28.55,28.55,-0.25,3636,9904,28.95
2025-07-30,8955369,256313208,28.8,28.45,28.65,0.1,3866,9904,28.7
2025-07-31,11527862,327546085,28.7,28.3,28.3,-0.35,4609,9904,28.6
2025-08-01,11205573,318077744,28.75,27.9,28.35,0.05,5659,9904,28.1
2025-08-04,7724317,218841223,28.5,28.05,28.5,0.15,3568,9904,28.2
2025-08-05,11246810,318596624,28.55,28.25,28.3,-0.2,4835,9904,28.5
2025-08-06,12382864,351009055,28.5,28.2,28.3,0.0,5434,9904,28.3
2025-08-07,7469000,212188537,28.6,28.3,28.3,0.0,4151,9904,28.45
2025-08-08,9293373,263700875,28.5,28.3,28.45,0.15,3718,9904,28.4
2025-08-11,9037173,254918951,28.35,28.05,28.25,-0.2,4939,9904,28.35
2025-08-12,10140884,288848414,28.6,28.25,28.5,0.25,3285,9904,28.25
2025-08-13,11646864,331810835,28.65,28.35,28.45,-0.05,6013,9904,28.65
2025-08-14,16354303,466944346,28.75,28.25,28.6,0.15,4417,9904,28.45
2025-08-15,19113092,545213751,28.75,28.25,28.75,0.15,5123,9904,28.6
2025-08-18,12292779,351963462,28.8,28.5,28.55,-0.2,4214,9904,28.75
2025-08-19,12971560,368272130,28.6,28.2,28.45,-0.1,5148,9904,28.5
2025-08-20,23688689,667492670,28.6,28.05,28.05,-0.4,7738,9904,28.45
2025-08-21,12930910,365935643,28.4,28.15,28.2,0.15,3702,9904,28.2
2025-08-22,7758766,219587564,28.4,28.15,28.35,0.15,3059,9904,28.25
2025-08-25,20578929,587371469,28.65,28.3,28.6,0.25,5820,9904,28.5
2025-08-26,213558928,6035458734,28.85,28.1,28.25,-0.35,11554,9904,28.6
2025-08-27,23146138,666754062,29.35,28.5,28.55,0.3,8829,9904,28.5
2025-08-28,19238890,556106435,29.15,28.6,28.7,0.15,6365,9904,28.7
2025-08-29,8588941,247398839,29.0,28.65,28.85,0.15,2626,9904,28.95
2025-09-01,11326705,321964142,28.8,28.25,28.3,-0.55,4225,9904,28.8
2025-09-02,17993733,505667893,28.45,27.95,28.1,-0.2,6209,9904,28.35
2025-09-03,4794019,135189620,28.3,28.1,28.25,0.15,2148,9904,28.15
2025-09-04,9373281,266717844,28.55,28.2,28.5,0.25,3010,9904,28.3
2025-09-05,7292851,208407006,28.8,28.45,28.55,0.05,2271,9904,28.6
2025-09-08,6097494,174296157,28.75,28.5,28.55,0.0,2297,9904,28.7
2025-09-09,149238523,4282251710,28.75,28.5,28.7,0.15,4106,9904,28.65
2025-09-10,40989185,1196276284,29.5,29.0,29.05,0.35,13576,9904,29.25
2025-09-11,34692148,983092905,28.95,28.1,28.1,-0.95,13986,9904,28.9
2025-09-12,14547344,409670764,28.35,28.1,28.1,0.0,6040,9904,28.1
2025-09-15,5878079,166092492,28.45,28.15,28.2,0.1,3142,9904,28.25
2025-09-16,9952878,282135083,28.55,28.2,28.25,0.05,3274,9904,28.3
2025-09-17,12926598,368257948,28.7,28.3,28.4,0.15,4141,9904,28.3
2025-09-18,11762901,337174788,28.8,28.5,28.65,0.25,4445,9904,28.55
2025-09-19,15449256,444986894,29.0,28.65,28.8,0.15,4118,9904,28.75
2025-09-22,8354314,241599032,29.1,28.8,28.95,0.15,3240,9904,28.85
2025-09-23,9442328,272296638,29.1,28.7,28.9,-0.05,3544,9904,28.95
2025-09-24,6525261,188174333,29.1,28.75,28.8,-0.1,2625,9904,28.95
2025-09-25,11055963,319736912,29.05,28.8,29.0,0.2,3962,9904,28.95
2025-09-26,11021171,314763091,29.0,28.4,28.5,-0.5,5034,9904,29.0
2025-09-30,9358247,269525746,28.9,28.6,28.85,0.35,3095,9904,28.8
2025-10-01,9772271,282275630,29.05,28.7,28.75,-0.1,3852,9904,28.95
2025-10-02,8926004,258270674,29.05,28.8,28.85,0.1,2836,9904,29.0
2025-10-03,9109906,262052705,28.95,28.65,28.65,-0.2,3304,9904,28.95
2025-10-07,6982538,200975720,28.9,28.55,28.8,0.15,2799,9904,28.7
2025-10-08,6691816,193244770,28.95,28.7,28.85,0.05,2866,9904,28.9
2025-10-09,31239693,921739069,29.9,28.85,29.7,0.85,10269,9904,28.85
2025-10-13,15782042,457114751,29.15,28.8,29.0,-0.7,7005,9904,29.05
2025-10-14,15426774,445457079,29.25,28.55,28.55,-0.45,6423,9904,29.05
2025-10-15,14386428,415690597,28.95,28.6,28.95,0.4,4045,9904,28.75
2025-10-16,12717949,372054942,29.65,28.95,29.2,0.25,4894,9904,29.0
2025-10-17,8008598,234101195,29.45,29.05,29.15,-0.05,3516,9904,29.25
2025-10-20,8872790,259814308,29.6,29.15,29.2,0.05,3482,9904,29.3
2025-10-21,5298322,155351637,29.45,29.2,29.25,0.05,2481,9904,29.4
2025-10-22,21810306,651932206,30.2,29.4,30.0,0.75,9452,9904,29.45
2025-10-23,10030714,301309501,30.25,29.85,30.1,0.1,5101,9904,30.0
2025-10-27,10289592,307113188,30.4,29.65,29.7,-0.4,4940,9904,30.3
2025-10-28,12560088,367925201,29.9,29.15,29.2,-0.5,5440,9904,29.8
2025-10-29,7054974,206634136,29.5,29.2,29.25,0.05,3248,9904,29.35
2025-10-30,9688035,280949706,29.35,28.9,29.05,-0.2,4409,9904,29.25
2025-10-31,11905512,349032001,29.5,29.05,29.3,0.25,3886,9904,29.2
2025-11-03,13971226,402919695,29.5,28.65,28.7,-0.6,6784,9904,29.5
2025-11-04,8175285,234477518,28.95,28.55,28.65,-0.05,3422,9904,28.7
2025-11-05,8613285,247280515,29.05,28.4,29.05,0.4,4188,9904,28.6
2025-11-06,7579337,221187825,29.4,28.8,29.4,0.35,3456,9904,29.2
2025-11-07,6379820,186825323,29.4,29.15,29.3,-0.1,2205,9904,29.35
2025-11-10,6118505,176929934,29.25,28.8,28.85,-0.45,2704,9904,29.25
2025-11-11,4086523,118310243,29.15,28.85,28.95,0.1,1820,9904,29.1
2025-11-12,10842147,318170190,29.55,28.95,29.4,0.45,3764,9904,29.05
2025-11-13,15294916,456461049,30.2,29.5,29.8,0.4,5713,9904,29.5
2025-11-14,25655080,778141089,30.8,29.5,29.9,0.1,9503,9904,29.85
2025-11-17,12682233,380718800,30.5,29.7,29.75,-0.15,6305,9904,30.3
2025-11-18,15814675,460828827,29.5,28.9,29.1,-0.65,6745,9904,29.5
2025-11-19,8234530,241288633,29.45,29.05,29.4,0.3,3895,9904,29.2
2025-11-20,9773973,289679566,29.8,29.45,29.6,0.2,3530,9904,29.6
2025-11-21,8606794,252815425,29.7,29.2,29.3,-0.3,4058,9904,29.4
2025-11-24,11688307,348022588,30.0,29.5,29.85,0.55,4427,9904,29.5
2025-11-25,6997092,208515448,30.0,29.55,29.85,0.0,3754,9904,29.85
2025-11-26,15448958,469280216,30.55,30.1,30.5,0.65,6250,9904,30.1
2025-11-27,9849924,300016045,30.75,30.15,30.6,0.1,4921,9904,30.6
2025-11-28,5605521,171387116,30.8,30.4,30.6,0.0,2955,9904,30.5
2025-12-01,14405811,446356862,31.2,30.55,31.1,0.5,6650,9904,30.55
2025-12-02,8804609,274026235,31.3,30.75,31.0,-0.1,5055,9904,31.1
2025-12-03,8740855,273850304,31.5,31.0,31.4,0.4,4040,9904,31.1
2025-12-04,7039467,221695000,31.7,31.35,31.4,0.0,3563,9904,31.6
2025-12-05,7987342,247835510,31.4,30.9,30.95,-0.45,3637,9904,31.4
2025-12-08,8231389,256884267,31.55,31.0,31.1,0.15,4266,9904,31.3
2025-12-09,9366359,287615692,30.95,30.3,30.8,-0.3,4464,9904,30.9
2025-12-10,6095947,188015409,31.0,30.65,30.8,0.0,3151,9904,30.8
2025-12-11,7845019,243898168,31.35,30.9,31.0,0.2,3409,9904,31.0
2025-12-12,8651304,271682522,31.65,31.15,31.25,0.25,3794,9904,31.2
2025-12-15,8330273,257854801,31.15,30.65,30.95,-0.3,4588,9904,31.15
2025-12-16,9509524,296230983,31.35,30.7,31.25,0.3,4545,9904,30.7
2025-12-17,10196558,319205598,31.6,31.0,31.2,-0.05,5191,9904,31.3
2025-12-18,7707602,238638738,31.15,30.75,30.9,-0.3,4192,9904,31.05
2025-12-19,11566006,356642390,31.1,30.75,30.75,-0.15,4908,9904,30.95
2025-12-22,11217642,343505353,30.95,30.45,30.55,-0.2,5224,9904,30.9
2025-12-23,7305663,222525822,30.7,30.3,30.5,-0.05,3177,9904,30.55
2025-12-24,9323134,282735569,30.65,30.2,30.25,-0.25,3399,9904,30.6
2025-12-26,4957152,150271303,30.5,30.2,30.3,0.05,2435,9904,30.45
2025-12-29,6649331,203378822,30.65,30.3,30.4,0.1,2887,9904,30.4
2025-12-30,7000138,210707179,30.35,29.9,30.2,-0.2,3666,9904,30.25
2025-12-31,11337562,342784333,30.45,30.1,30.15,-0.05,3458,9904,30.2
2026-01-02,18458755,563282045,31.0,30.25,30.25,0.1,7080,9904,30.3
2026-01-05,17785072,539120979,30.7,30.15,30.15,-0.1,6150,9904,30.5
2026-01-06,6160814,187423555,30.6,30.2,30.4,0.25,3573,9904,30.35
2026-01-07,15514793,480474856,31.2,30.35,31.15,0.75,5608,9904,30.5
2026-01-08,7045054,217186754,31.1,30.7,30.8,-0.35,4008,9904,31.1
2026-01-09,8204532,256437431,31.5,30.95,31.25,0.45,4181,9904,31.0
2026-01-12,19193950,615537381,32.4,31.35,32.2,0.95,8490,9904,31.5
2026-01-13,17104928,536734548,32.2,30.9,31.0,-1.2,9944,9904,32.2
2026-01-14,9208855,289567030,31.7,31.1,31.65,0.65,4383,9904,31.1
2026-01-15,6512304,206309416,32.0,31.45,31.7,0.05,3807,9904,31.65
2026-01-16,5481512,172973106,31.95,31.4,31.65,-0.05,2331,9904,31.95
2026-01-19,7970505,249758053,31.45,31.1,31.45,-0.2,3777,9904,31.45
2026-01-20,6830462,215032684,31.65,31.35,31.4,-0.05,3338,9904,31.4
2026-01-21,13641536,420982284,31.4,30.55,30.7,-0.7,6687,9904,31.4
2026-01-22,6225914,192088032,31.15,30.7,30.8,0.1,3246,9904,30.8
2026-01-23,7750574,240146368,31.3,30.75,30.9,0.1,2689,9904,31.0
2026-01-26,8668576,270666838,31.45,30.7,31.4,0.5,3470,9904,31.2
2026-01-27,12007778,379651997,32.3,31.15,31.15,-0.25,5701,9904,31.55
2026-01-28,10417734,321989054,31.35,30.7,30.85,-0.3,4847,9904,31.25
2026-01-29,7068633,218811094,31.2,30.7,31.0,0.15,3379,9904,30.85
2026-01-30,8928945,273441414,31.15,30.45,30.45,-0.55,3816,9904,31.0
2026-02-02,6061111,184165746,30.6,30.1,30.6,0.15,2788,9904,30.6
2026-02-03,5063517,154674208,30.9,30.3,30.4,-0.2,2719,9904,30.6
2026-02-04,4238460,130133259,30.9,30.25,30.8,0.4,2130,9904,30.35
2026-02-05,5659400,175600320,31.2,30.75,30.95,0.15,2751,9904,30.75
2026-02-06,5314774,163144750,30.95,30.35,30.8,-0.15,2367,9904,30.75
2026-02-09,6852756,212512300,31.4,30.8,31.0,0.2,3172,9904,31.2
2026-02-10,5033964,155187165,31.1,30.7,30.9,-0.1,2772,9904,31.1
2026-02-11,7135871,220363904,31.05,30.75,30.85,-0.05,3688,9904,31.0
2026-02-23,10937227,339318168,31.2,30.45,31.15,0.3,5445,9904,31.2
2026-02-24,7886078,244587979,31.3,30.9,31.05,-0.1,3486,9904,31.15
2026-02-25,6923979,213697717,31.15,30.75,30.8,-0.25,3376,9904,31.15
2026-02-26,8237932,254694423,31.1,30.75,31.05,0.25,4334,9904,30.85
2026-03-02,8662570,266716921,31.05,30.6,30.8,-0.25,4263,9904,30.7
2026-03-03,11259298,342395569,31.0,30.15,30.25,-0.55,4822,9904,31.0
2026-03-04,14522313,426097982,30.05,29.0,29.05,-1.2,6812,9904,30.0
2026-03-05,7441060,219963528,29.8,29.3,29.8,0.75,3607,9904,29.5
2026-03-06,4870290,145565198,30.15,29.35,30.1,0.3,2549,9904,29.4
2026-03-09,9147268,269474994,29.8,29.2,29.55,-0.55,3764,9904,29.25
2026-03-10,7323197,215679927,30.0,29.15,29.35,-0.2,3728,9904,30.0
2026-03-11,5665410,169683238,30.25,29.5,30.05,0.7,2551,9904,29.5
2026-03-12,6165938,185743228,30.35,29.75,30.2,0.15,2892,9904,29.75
2026-03-13,12473892,368400153,30.15,29.4,29.5,-0.7,5304,9904,30.15
2026-03-16,10493454,306099260,29.4,29.05,29.15,-0.35,5625,9904,29.4
2026-03-17,8816059,256972501,29.25,29.05,29.15,0.0,3697,9904,29.25
2026-03-18,9104662,265024618,29.35,29.0,29.05,-0.1,4657,9904,29.25
2026-03-19,10532216,302056063,29.0,28.55,28.6,-0.45,5689,9904,28.95
2026-03-20,13310981,380733766,28.75,28.3,28.6,0.0,4851,9904,28.6
2026-03-23,6817289,193276051,28.5,28.05,28.35,-0.25,3869,9904,28.1
2026-03-24,5537306,158026981,28.75,28.4,28.55,0.2,2534,9904,28.5
2026-03-25,4924903,141361356,29.1,28.5,28.6,0.05,2530,9904,29.1
2026-03-26,4427198,126935100,28.9,28.55,28.6,0.0,2002,9904,28.9
2026-03-27,4215519,120932518,28.9,28.4,28.9,0.3,2242,9904,28.4
2026-03-30,7192332,205256178,28.75,28.1,28.55,-0.35,3504,9904,28.1
2026-03-31,5516044,157186877,28.8,28.3,28.3,-0.25,2952,9904,28.55
2026-04-01,7632014,218617690,28.85,28.45,28.85,0.55,2764,9904,28.8
2026-04-02,5987253,170773922,28.85,28.4,28.45,-0.4,3278,9904,28.85
2026-04-07,3705745,105367812,28.6,28.35,28.45,0.0,2015,9904,28.55
2026-04-08,5524213,159166575,28.95,28.55,28.9,0.45,2682,9904,28.8
2026-04-09,6683433,190955581,28.8,28.5,28.55,-0.35,2777,9904,28.75
2026-04-10,12762811,362961615,28.65,28.3,28.4,-0.15,5094,9904,28.55
2026-04-13,21933163,615813990,28.35,27.9,28.0,-0.4,7832,9904,28.35
2026-04-14,9612098,269589674,28.2,27.95,28.05,0.05,4449,9904,28.15
2026-04-15,7592804,213086693,28.25,28.0,28.05,0.0,3575,9904,28.2
2026-04-16,11464808,322524488,28.3,28.05,28.1,0.05,4845,9904,28.15
2026-04-17,16297175,455604724,28.25,27.8,27.9,-0.2,6985,9904,28.2
2026-04-20,23377919,645784487,27.9,27.5,27.5,-0.4,9566,9904,27.9
2026-04-21,27945776,759369005,27.5,27.05,27.05,-0.45,11711,9904,27.5
2026-04-22,29662846,793212086,27.1,26.6,26.7,-0.35,10339,9904,27.0
2026-04-23,20878483,556238188,26.85,26.5,26.75,0.05,8225,9904,26.6
2026-04-24,14466394,384728206,26.8,26.5,26.6,-0.15,6938,9904,26.8
2026-04-27,13619263,357932091,26.5,26.15,26.2,-0.4,6159,9904,26.5
2026-04-28,20819946,539855461,26.2,25.8,25.8,-0.4,9965,9904,26.05
2026-04-29,11634499,300945669,25.95,25.8,25.85,0.05,6172,9904,25.8
2026-04-30,12978022,336361335,26.3,25.75,25.75,-0.1,6157,9904,25.9
2026-05-04,12176446,313091976,26.05,25.55,25.6,-0.15,6280,9904,26.05
2026-05-05,10157036,259967706,25.8,25.4,25.6,0.0,5069,9904,25.6
2026-05-06,10258887,263088096,25.8,25.5,25.6,0.0,5046,9904,25.7
2026-05-07,14713908,379739141,26.1,25.55,25.95,0.35,5008,9904,25.7
2026-05-08,11645528,301389986,26.2,25.75,25.9,-0.05,5611,9904,26.2
2026-05-11,17539248,454311096,26.2,25.75,25.8,-0.1,6954,9904,25.95
2026-05-12,14870302,385087587,26.15,25.8,25.85,0.05,6022,9904,26.0
2026-05-13,12929948,334263118,26.15,25.6,26.05,0.2,5621,9904,25.85
2026-05-14,11112269,288256539,26.15,25.85,25.85,-0.2,4519,9904,26.05
2026-05-15,21747884,571680081,26.7,25.9,26.0,0.15,7416,9904,26.15
2026-05-18,16398819,433431695,26.65,26.05,26.35,0.35,6606,9904,26.5
2026-05-19,14663811,385659544,26.65,26.1,26.1,-0.25,6538,9904,26.35
2026-05-20,18311172,471811348,26.2,25.65,25.65,-0.45,7222,9904,26.2
2026-05-21,16077250,413732218,25.9,25.6,25.8,0.15,5180,9904,25.75
2026-05-22,12592104,325057748,25.9,25.7,25.8,0.0,4532,9904,25.8
2026-05-25,13594173,348608165,25.85,25.55,25.65,-0.15,5884,9904,25.85
2026-05-26,11925417,305736927,25.85,25.5,25.55,-0.1,5236,9904,25.7
2026-05-27,16984480,432129764,25.6,25.35,25.35,-0.2,7129,9904,25.6
2026-05-28,16106218,406353448,25.5,25.1,25.2,-0.15,6908,9904,25.35
2026-05-29,12333549,313250078,25.55,25.2,25.45,0.25,4829,9904,25.25
2026-06-01,22820802,586165110,25.8,25.4,25.8,0.35,7992,9904,25.5
2026-06-02,23730546,620138968,26.35,25.65,26.1,0.3,7000,9904,25.75
2026-06-03,23295142,614073920,26.5,26.05,26.5,0.4,7982,9904,26.3
2026-06-04,21945612,582310935,26.7,26.35,26.4,-0.1,6813,9904,26.5
2026-06-05,21050890,558009023,26.65,26.35,26.45,0.05,5861,9904,26.55
2026-06-08,21151181,547285763,26.05,25.55,25.9,-0.55,6538,9904,25.8
2026-06-09,24459293,646212844,26.65,26.0,26.5,0.6,6910,9904,26.0
2026-06-10,28067010,748086799,26.9,26.35,26.5,0.0,7725,9904,26.6
2026-06-11,17328850,455199974,26.45,26.1,26.3,-0.2,5696,9904,26.35
2026-06-12,17856600,476069669,26.8,26.45,26.65,0.35,4533,9904,26.5
