{
  "tag": "deploy_seed2",
  "seed": 2,
  "train": [
    "20150105",
    "20250930"
  ],
  "val": [
    "20251001",
    "20260422"
  ],
  "return": -0.04748010213750009,
  "ew": 0.22355070639395877,
  "alpha": -0.2710308085314589,
  "max_drawdown": 0.12105280443880996,
  "trades": 2027
}