{
  "method": "majority_vote_3seeds",
  "val": [
    "20251001",
    "20260422"
  ],
  "return": 0.0006071501375002342,
  "ew": 0.22355070639395877,
  "alpha": -0.22294355625645854,
  "max_drawdown": 0.10654595214834871,
  "trades": 2189
}