{
  "tag": "deploy_seed1",
  "seed": 1,
  "train": [
    "20150105",
    "20250930"
  ],
  "val": [
    "20251001",
    "20260422"
  ],
  "return": 0.14240988593750004,
  "ew": 0.22355070639395877,
  "alpha": -0.08114082045645873,
  "max_drawdown": 0.10691064704828972,
  "trades": 1809
}