{
  "train": [
    "20150105",
    "20250930"
  ],
  "val": [
    "20251001",
    "20260422"
  ],
  "return": 0.2397453409125001,
  "ew": 0.22355070639395877,
  "alpha": 0.016194634518541334,
  "max_drawdown": 0.10627816162602359,
  "trades": 1915
}