{
  "period": [
    "20180101",
    "20260422"
  ],
  "ew_theo": 2.298113626507313,
  "threshold": 215.13228763289922,
  "results": [
    {
      "mode": "bh",
      "return": 2.2588240218999998,
      "alpha": -0.03928960460731323,
      "mdd": 0.4543171966807594,
      "trades": 45,
      "triggers": 0
    },
    {
      "mode": "rebal",
      "return": 0.09362523320000071,
      "alpha": -2.2044883933073125,
      "mdd": 0.44332353279454695,
      "trades": 3202,
      "triggers": 0
    },
    {
      "mode": "rebal_T",
      "return": -0.07628933409749927,
      "alpha": -2.3744029606048125,
      "mdd": 0.4139253267425113,
      "trades": 4799,
      "triggers": 46
    },
    {
      "mode": "rebal_dd",
      "return": -0.16561143492999997,
      "alpha": -2.463725061437313,
      "mdd": 0.19387655880280075,
      "trades": 355,
      "triggers": 1
    }
  ]
}